date,open,high,low,close,volume
2016-01-04,38.74,38.95,35.47,35.65,202543.0
2016-01-05,35.08,36.94,33.79,36.4,281019.0
2016-01-06,36.4,37.09,36.25,37.0,171550.0
2016-01-07,36.64,36.64,33.97,34.24,45777.0
2016-01-08,34.99,35.89,32.65,34.75,220115.0
2016-01-11,34.15,34.42,32.44,32.56,234239.0
2016-01-12,32.74,33.16,31.87,32.59,153562.0
2016-01-13,32.74,33.16,31.87,31.9,144149.0
2016-01-14,31.3,32.65,31.09,32.59,153725.0
2016-01-15,32.59,32.59,31.24,31.39,124668.0
2016-01-18,31.09,31.81,30.88,31.48,123023.0
2016-01-19,31.57,32.29,31.27,32.23,148787.0
2016-01-20,32.26,32.29,31.54,31.63,148316.0
2016-01-21,31.24,31.93,30.46,30.52,131580.0
2016-01-22,30.82,31.12,30.22,30.76,92146.0
2016-01-25,31.03,31.12,30.64,30.85,92406.0
2016-01-26,30.64,30.64,28.03,28.09,223868.0
2016-01-27,28.18,28.54,26.38,27.79,207671.0
2016-01-28,27.52,27.79,26.74,26.77,115788.0
2016-01-29,26.56,28.15,25.54,27.76,329367.0
2016-02-01,27.49,27.52,26.32,26.71,216245.0
2016-02-02,26.74,27.34,26.44,27.16,168685.0
2016-02-03,26.86,27.01,26.44,26.86,122631.0
2016-02-04,27.01,27.4,26.92,27.13,173458.0
2016-02-05,27.16,27.19,26.77,26.92,122464.0
2016-02-15,26.11,26.8,25.81,26.56,116152.0
2016-02-16,26.74,27.49,26.74,27.49,174188.0
2016-02-17,27.46,28.84,27.22,28.54,278921.0
2016-02-18,28.63,28.72,28.12,28.15,231624.0
2016-02-19,28.18,28.81,28.03,28.36,152656.0
2016-02-22,28.72,30.91,28.72,30.31,401467.0
2016-02-23,30.37,30.61,29.44,29.8,229485.0
2016-02-24,29.74,30.19,29.47,30.04,178795.0
2016-02-25,30.19,30.61,27.46,27.79,336440.0
2016-02-26,27.97,28.42,27.4,28.24,175851.0
2016-02-29,27.58,28.09,26.29,27.37,213346.0
2016-03-01,27.49,27.7,26.77,27.28,180020.0
2016-03-02,27.37,28.42,27.28,28.39,226649.0
2016-03-03,28.42,28.99,28.27,28.81,230389.0
2016-03-04,28.93,29.62,28.0,29.2,368247.0
2016-03-07,29.98,30.01,28.93,29.29,220304.0
2016-03-08,29.44,29.47,28.09,29.29,185891.0
2016-03-09,28.69,28.96,28.24,28.87,138424.0
2016-03-10,28.81,29.02,28.18,28.24,110453.0
2016-03-11,28.12,28.45,27.7,28.27,92070.0
2016-03-14,28.54,29.35,28.51,29.05,182752.0
2016-03-15,29.05,30.25,28.75,30.16,276174.0
2016-03-16,29.83,30.46,29.53,29.98,243176.0
2016-03-17,29.98,30.4,29.74,30.13,188203.0
2016-03-18,30.19,30.76,30.04,30.25,372658.0
2016-03-21,30.37,30.76,30.19,30.55,341649.0
2016-03-22,30.46,30.46,29.92,30.04,222494.0
2016-03-23,29.89,30.85,29.83,30.43,246034.0
2016-03-24,30.34,30.88,29.77,30.31,315395.0
2016-03-25,30.28,30.34,29.8,30.04,192626.0
2016-03-28,29.89,30.22,29.59,29.71,180479.0
2016-03-29,29.62,29.77,29.17,29.41,145116.0
2016-03-30,29.68,30.13,29.59,30.13,169117.0
2016-03-31,30.22,30.34,30.01,30.1,143004.0
2016-04-01,29.86,30.04,29.5,30.01,134878.0
2016-04-05,29.98,30.31,29.83,30.28,268352.0
2016-04-06,30.19,30.34,30.01,30.13,172002.0
2016-04-07,30.28,30.31,29.74,29.8,165659.0
2016-04-08,29.59,29.65,28.93,29.29,156663.0
2016-04-11,29.35,29.8,29.35,29.68,123461.0
2016-04-12,29.68,29.74,29.26,29.47,106806.0
2016-04-13,29.59,30.01,29.5,29.89,206358.0
2016-04-14,30.07,30.34,29.95,30.07,161005.0
2016-04-15,30.22,30.31,29.77,30.01,130948.0
2016-04-18,30.01,30.01,29.41,29.56,107501.0
2016-04-19,29.56,29.77,29.44,29.59,71862.0
2016-04-20,29.62,29.68,27.49,28.75,222357.0
2016-04-21,28.66,28.69,28.18,28.27,89034.0
2016-04-22,28.15,28.51,27.97,28.51,67036.0
2016-04-25,28.42,28.75,28.0,28.57,100684.0
2016-04-26,28.57,28.66,28.3,28.57,67009.0
2016-04-27,28.6,28.9,28.39,28.54,98943.0
2016-04-28,28.57,28.69,28.06,28.3,76835.0
2016-04-29,28.27,28.33,28.09,28.15,71924.0
2016-05-03,28.15,28.66,28.0,28.63,105956.0
2016-05-04,28.66,30.16,28.66,29.71,301410.0
2016-05-05,29.44,29.65,29.23,29.56,132864.0
2016-05-06,29.71,29.74,28.45,28.54,163623.0
2016-05-09,28.54,28.54,27.64,27.79,143328.0
2016-05-10,27.64,27.97,27.58,27.76,74027.0
2016-05-11,27.85,28.75,27.55,28.21,173105.0
2016-05-12,27.94,28.45,27.58,28.36,117839.0
2016-05-13,28.03,28.45,27.94,28.06,70530.0
2016-05-16,27.88,28.15,27.7,28.12,60073.0
2016-05-17,28.12,28.18,27.82,27.97,53364.0
2016-05-18,27.88,27.91,27.37,27.76,95079.0
2016-05-19,27.76,27.88,27.52,27.61,65405.0
2016-05-20,27.58,27.67,27.34,27.61,57565.0
2016-05-23,27.7,27.91,27.64,27.79,62498.0
2016-05-24,27.91,28.21,27.55,27.85,94321.0
2016-05-25,28.0,28.03,27.58,27.64,75272.0
2016-05-26,27.79,27.91,27.43,27.76,71753.0
2016-05-27,27.73,27.82,27.52,27.76,57134.0
2016-05-30,27.82,28.42,27.46,28.21,119783.0
2016-05-31,28.24,29.05,28.15,28.99,224402.0
2016-06-01,29.02,29.26,28.78,28.78,126201.0
2016-06-02,28.75,29.17,28.69,28.99,94920.0
2016-06-03,28.96,29.59,28.9,29.26,148270.0
2016-06-06,29.35,29.41,29.14,29.29,76894.0
2016-06-07,29.41,29.59,29.23,29.47,102211.0
2016-06-08,29.47,29.47,28.96,29.23,64934.0
2016-06-13,29.05,29.08,28.3,28.33,85761.0
2016-06-14,28.27,28.75,28.24,28.51,63566.0
2016-06-15,28.45,29.65,28.24,29.38,146663.0
2016-06-16,29.29,29.53,28.87,28.93,94794.0
2016-06-17,29.02,29.86,28.93,29.38,211338.0
2016-06-20,29.41,29.56,29.05,29.17,83698.0
2016-06-21,29.26,29.59,29.17,29.23,106542.0
2016-06-22,29.17,29.53,29.11,29.41,67803.0
2016-06-23,29.32,29.53,28.72,28.99,118108.0
2016-06-24,28.99,29.2,28.15,28.51,117927.0
2016-06-27,28.39,28.72,28.3,28.69,69883.0
2016-06-28,28.69,28.75,28.45,28.63,104509.0
2016-06-29,28.66,28.78,28.6,28.69,88669.0
2016-06-30,28.81,28.81,28.54,28.63,65227.0
2016-07-01,28.66,28.87,28.54,28.84,103168.0
2016-07-04,28.81,31.39,28.63,31.39,730733.0
2016-07-05,31.45,31.57,31.03,31.21,292865.0
2016-07-06,31.36,31.39,30.58,31.03,208229.0
2016-07-07,31.21,32.71,30.91,31.39,366740.0
2016-07-08,31.39,31.66,30.91,31.09,148314.0
2016-07-11,30.79,31.42,30.73,30.88,210006.0
2016-07-12,30.85,32.65,30.52,32.35,388099.0
2016-07-13,32.47,33.19,32.11,32.2,322787.0
2016-07-14,31.81,32.35,31.72,32.2,160922.0
2016-07-15,32.11,32.41,31.96,32.11,118205.0
2016-07-18,32.11,34.06,31.9,33.43,436263.0
2016-07-19,33.61,33.76,32.77,32.98,189230.0
2016-07-20,33.01,33.58,32.86,33.46,155854.0
2016-07-21,33.4,33.85,33.01,33.43,155194.0
2016-07-22,33.43,33.61,32.41,32.47,221103.0
2016-07-25,32.41,32.95,31.84,31.96,132549.0
2016-07-26,31.99,33.61,31.99,33.34,230673.0
2016-07-27,33.46,33.73,31.87,33.25,337435.0
2016-07-28,33.01,36.01,32.62,34.69,435592.0
2016-07-29,35.38,37.51,35.38,36.22,557494.0
2016-08-01,35.65,36.1,34.48,35.29,295237.0
2016-08-02,34.81,35.98,34.42,35.86,185226.0
2016-08-03,35.26,36.61,35.17,35.47,265751.0
2016-08-04,35.2,35.5,34.42,35.35,195037.0
2016-08-05,35.41,35.41,34.54,34.69,200139.0
2016-08-08,34.72,34.99,33.91,34.84,171979.0
2016-08-09,35.11,35.71,34.72,35.14,227511.0
2016-08-10,34.84,35.44,34.75,35.17,196400.0
2016-08-11,35.2,36.34,35.02,35.05,184434.0
2016-08-12,34.87,35.74,34.36,35.41,204433.0
2016-08-15,35.47,36.25,35.47,36.01,249540.0
2016-08-16,36.04,36.58,35.44,35.77,228090.0
2016-08-17,35.71,35.8,35.41,35.5,114077.0
2016-08-18,35.41,35.68,34.99,35.08,134446.0
2016-08-19,34.9,35.2,34.51,34.75,117713.0
2016-08-22,34.75,34.99,34.66,34.69,77380.0
2016-08-23,34.84,34.9,34.51,34.6,63828.0
2016-08-24,34.63,34.78,34.48,34.66,61569.0
2016-08-25,34.51,34.66,33.55,34.06,153800.0
2016-08-26,34.09,34.3,33.94,34.0,79954.0
2016-08-29,33.97,34.24,33.7,34.21,161135.0
2016-08-30,34.21,34.96,34.12,34.54,122126.0
2016-08-31,34.6,34.84,34.36,34.81,82305.0
2016-09-01,34.87,34.96,34.57,34.63,109580.0
2016-09-02,34.45,34.66,33.88,34.42,173316.0
2016-09-05,34.45,34.69,34.24,34.48,66042.0
2016-09-06,34.78,35.41,34.66,35.08,189023.0
2016-09-07,35.08,35.23,34.75,34.78,83880.0
2016-09-08,34.78,34.96,34.48,34.81,73195.0
2016-09-09,34.75,34.87,34.21,34.24,85643.0
2016-09-12,33.88,33.94,32.8,33.91,186933.0
2016-09-13,33.82,33.94,33.37,33.88,58713.0
2016-09-14,33.58,34.36,33.4,33.85,64895.0
2016-09-19,33.85,34.03,33.7,33.88,65704.0
2016-09-20,33.91,33.91,33.52,33.7,68896.0
2016-09-21,33.64,33.79,33.49,33.58,54830.0
2016-09-22,33.58,34.39,33.58,34.24,133384.0
2016-09-23,34.21,34.42,33.88,33.97,48313.0
2016-09-26,34.0,34.42,33.88,33.88,86625.0
2016-09-27,33.88,34.45,33.76,34.33,88321.0
2016-09-28,34.78,35.53,34.75,35.44,211923.0
2016-09-29,35.32,35.65,35.02,35.05,117886.0
2016-09-30,35.11,35.56,34.9,35.38,89247.0
2016-10-10,35.74,37.36,35.74,36.82,230943.0
2016-10-11,37.06,37.24,36.31,36.34,225249.0
2016-10-12,36.49,36.55,36.01,36.49,81128.0
2016-10-13,36.46,36.61,36.01,36.07,65907.0
2016-10-14,35.8,36.4,35.56,36.28,71501.0
2016-10-17,36.31,36.43,35.74,35.92,72321.0
2016-10-18,35.92,37.36,35.92,37.15,226959.0
2016-10-19,37.15,37.45,36.58,37.15,105872.0
2016-10-20,37.15,37.51,36.88,37.12,108365.0
2016-10-21,37.12,37.42,36.82,37.0,84297.0
2016-10-24,37.12,37.27,36.55,36.82,139388.0
2016-10-25,36.94,37.0,36.16,36.64,148981.0
2016-10-26,36.31,36.31,34.6,35.11,560725.0
2016-10-27,35.11,35.11,34.57,34.9,147781.0
2016-10-28,34.9,35.05,34.75,34.93,91343.0
2016-10-31,34.75,35.11,34.54,35.02,120817.0
2016-11-01,35.02,35.23,34.87,35.2,86571.0
2016-11-02,35.2,35.2,34.63,34.66,84963.0
2016-11-03,34.57,35.11,34.45,34.87,89969.0
2016-11-04,35.05,35.32,34.66,34.75,89350.0
2016-11-07,34.75,34.84,34.51,34.63,76387.0
2016-11-08,34.63,35.05,34.6,34.78,132659.0
2016-11-09,34.78,34.9,34.06,34.48,106308.0
2016-11-10,34.63,34.9,34.51,34.75,92240.0
2016-11-11,34.81,34.96,34.48,34.81,87302.0
2016-11-14,34.81,35.05,34.72,34.93,115316.0
2016-11-15,34.99,35.26,34.99,35.14,105641.0
2016-11-16,35.11,35.17,34.81,35.08,99044.0
2016-11-17,35.08,35.11,34.84,35.02,78059.0
2016-11-18,35.05,35.05,34.84,34.93,53725.0
2016-11-21,34.87,35.32,34.72,34.87,122694.0
2016-11-22,34.72,34.99,34.72,34.87,105966.0
2016-11-23,34.9,35.05,34.24,34.72,133792.0
2016-11-24,34.66,36.01,34.54,35.74,271653.0
2016-11-25,35.74,36.58,35.44,36.46,275979.0
2016-11-28,36.61,36.73,35.95,36.1,158604.0
2016-11-29,36.1,37.42,35.95,36.79,263589.0
2016-11-30,36.49,36.52,35.68,35.83,144020.0
2016-12-01,35.95,36.67,35.74,36.34,129735.0
2016-12-02,36.43,36.46,35.41,35.62,130100.0
2016-12-05,35.14,36.07,35.14,35.86,110558.0
2016-12-06,35.74,35.92,35.41,35.62,107998.0
2016-12-07,35.95,36.76,35.95,36.46,216056.0
2016-12-08,36.58,36.88,36.25,36.61,128173.0
2016-12-09,36.79,36.85,36.04,36.58,143029.0
2016-12-12,36.16,36.64,35.56,36.49,164288.0
2016-12-13,36.37,37.96,35.95,37.78,334901.0
2016-12-14,37.72,37.72,36.97,37.15,175698.0
2016-12-15,37.0,37.24,36.13,36.61,179994.0
2016-12-16,36.67,37.06,36.25,36.34,144848.0
2016-12-19,36.16,36.28,35.41,35.68,133167.0
2016-12-20,35.65,35.89,35.14,35.65,97290.0
2016-12-21,35.53,35.86,35.44,35.65,101749.0
2016-12-22,35.41,35.65,35.02,35.59,109219.0
2016-12-23,35.47,35.56,35.11,35.47,83059.0
2016-12-26,35.38,36.04,34.96,35.95,93163.0
2016-12-27,35.83,36.28,35.8,35.89,83938.0
2016-12-28,35.89,35.92,35.5,35.71,49668.0
2016-12-29,35.71,36.22,35.47,36.16,82739.0
2016-12-30,36.19,36.55,36.04,36.49,80538.0
2017-01-03,36.61,36.67,36.1,36.28,86224.0
2017-01-04,36.28,36.52,36.04,36.31,105481.0
2017-01-05,36.43,36.52,35.92,36.01,81777.0
2017-01-06,35.8,36.16,35.74,36.13,84287.0
2017-01-09,36.49,37.21,36.31,36.85,208670.0
2017-01-10,36.91,37.06,36.64,36.79,93015.0
2017-01-11,36.94,37.06,36.31,36.31,87012.0
2017-01-12,36.25,36.31,35.74,35.89,83444.0
2017-01-13,36.13,36.28,35.89,36.1,133564.0
2017-01-16,36.34,36.79,35.89,36.76,225704.0
2017-01-17,36.61,36.85,36.25,36.67,98544.0
2017-01-18,36.7,37.69,36.52,37.39,230954.0
2017-01-19,37.24,37.84,37.0,37.6,147276.0
2017-01-20,37.63,37.72,37.3,37.63,128249.0
2017-01-23,37.63,37.81,37.06,37.6,126081.0
2017-01-24,37.54,38.74,37.27,38.08,226234.0
2017-01-25,38.08,38.14,37.66,38.02,91414.0
2017-01-26,38.17,38.38,37.84,37.99,108845.0
2017-02-03,37.81,38.05,37.48,37.54,80487.0
2017-02-06,37.51,39.61,37.3,39.34,311510.0
2017-02-07,39.28,40.99,39.16,40.09,343797.0
2017-02-08,40.0,40.54,39.67,40.36,176906.0
2017-02-09,40.21,41.65,39.79,40.27,306753.0
2017-02-10,40.18,40.66,39.76,40.12,188837.0
2017-02-13,40.33,40.42,39.67,40.18,178484.0
2017-02-14,40.09,41.5,39.94,41.44,271324.0
2017-02-15,41.17,41.41,40.0,40.06,275943.0
2017-02-16,40.06,40.39,39.58,40.06,170692.0
2017-02-17,40.06,40.15,39.19,39.4,158062.0
2017-02-20,39.4,40.75,39.34,40.66,272744.0
2017-02-21,40.72,41.5,40.42,40.54,319154.0
2017-02-22,40.57,42.46,40.39,42.28,407425.0
2017-02-23,42.01,42.88,41.68,42.34,241410.0
2017-02-24,42.34,42.49,41.59,41.92,162236.0
2017-02-27,42.01,43.27,41.95,42.31,218489.0
2017-02-28,42.22,43.09,41.95,42.58,172657.0
2017-03-01,42.61,42.82,42.07,42.25,184026.0
2017-03-02,42.31,42.4,41.26,41.74,178589.0
2017-03-03,41.56,42.19,41.44,42.07,119295.0
2017-03-06,42.19,42.22,41.2,41.62,215619.0
2017-03-07,41.65,41.71,41.2,41.62,181905.0
2017-03-08,41.68,41.68,40.96,41.17,134538.0
2017-03-09,41.17,41.47,40.69,41.41,131359.0
2017-03-10,41.38,41.62,40.93,41.44,126454.0
2017-03-13,41.41,42.79,41.29,42.25,258598.0
2017-03-14,42.25,42.91,41.95,42.67,169595.0
2017-03-15,42.4,42.79,42.07,42.4,154796.0
2017-03-16,42.64,42.76,41.65,41.95,203246.0
2017-03-17,41.98,42.13,39.73,40.45,519979.0
2017-03-20,40.21,40.87,39.73,40.72,215061.0
2017-03-21,40.54,40.72,40.21,40.36,116479.0
2017-03-22,40.27,40.6,39.97,40.45,101475.0
2017-03-23,40.15,40.75,40.15,40.63,157716.0
2017-03-24,40.63,41.23,40.3,40.87,202736.0
2017-03-27,41.02,41.83,40.81,40.93,183886.0
2017-03-28,41.08,41.08,40.45,40.87,105647.0
2017-03-29,40.87,41.11,40.66,40.72,93850.0
2017-03-30,40.57,41.05,39.91,40.87,158142.0
2017-03-31,40.81,41.2,40.48,41.05,134950.0
2017-04-05,44.83,44.83,44.08,44.83,1976366.0
2017-04-06,45.31,45.31,42.64,42.97,1363520.0
2017-04-07,42.55,43.69,41.71,43.09,880037.0
2017-04-10,43.39,46.66,43.27,44.95,1405972.0
2017-04-11,44.86,48.82,44.38,48.07,1505455.0
2017-04-12,46.48,46.93,44.11,44.44,1079890.0
2017-04-13,43.84,46.15,43.66,45.04,606710.0
2017-04-14,45.49,46.06,44.05,44.44,519608.0
2017-04-17,44.11,44.11,42.85,43.33,402226.0
2017-04-18,43.33,43.99,43.0,43.03,291476.0
2017-04-19,42.91,43.48,41.77,43.45,407034.0
2017-04-20,43.3,43.93,42.94,43.63,380338.0
2017-04-21,43.33,43.93,42.91,43.33,252851.0
2017-04-24,43.39,43.6,41.71,43.33,338619.0
2017-04-25,43.36,44.08,42.67,43.27,329716.0
2017-04-26,42.91,44.02,42.67,43.69,397553.0
2017-04-27,43.54,43.66,42.37,42.58,341333.0
2017-04-28,41.38,41.92,40.45,41.17,644294.0
2017-05-02,40.78,40.78,39.67,40.06,434107.0
2017-05-03,39.94,40.15,39.61,39.94,247869.0
2017-05-04,39.73,40.6,39.58,40.15,316464.0
2017-05-05,39.94,40.15,39.64,40.09,226216.0
2017-05-08,40.0,40.0,38.44,39.61,369574.0
2017-05-09,39.07,39.31,38.56,39.04,159603.0
2017-05-10,39.04,39.49,38.41,38.68,169381.0
2017-05-11,38.56,39.16,37.99,39.01,200914.0
2017-05-12,38.74,39.1,38.56,38.8,112973.0
2017-05-15,38.86,39.43,38.86,39.16,114869.0
2017-05-16,39.31,40.3,38.89,40.12,185478.0
2017-05-17,40.15,40.66,39.91,40.33,199525.0
2017-05-18,39.94,40.3,39.52,39.7,122516.0
2017-05-19,39.7,40.0,39.34,39.79,72906.0
2017-05-22,39.76,39.91,38.98,39.7,115877.0
2017-05-23,39.52,40.24,39.04,40.18,160922.0
2017-05-24,39.94,40.33,39.64,40.24,140347.0
2017-05-25,40.6,40.6,39.37,39.94,154721.0
2017-05-26,40.0,40.3,39.85,40.06,90274.0
2017-05-31,40.12,40.6,40.06,40.57,154559.0
2017-06-01,40.51,41.35,40.27,41.11,192492.0
2017-06-02,41.11,41.11,40.51,40.87,127477.0
2017-06-05,40.96,41.23,40.69,40.96,109776.0
2017-06-06,40.93,41.02,40.57,40.9,87339.0
2017-06-07,40.66,41.11,40.57,41.02,137960.0
2017-06-08,40.93,41.35,40.81,40.99,144797.0
2017-06-09,40.96,42.97,40.87,42.61,390551.0
2017-06-12,43.21,46.33,43.21,45.94,729567.0
2017-06-13,45.76,46.12,44.32,45.37,448728.0
2017-06-14,44.98,46.03,44.05,44.32,339142.0
2017-06-15,44.11,44.59,43.3,44.2,296527.0
2017-06-16,43.93,44.02,43.33,43.6,196797.0
2017-06-19,43.66,44.56,43.45,43.78,270887.0
2017-06-20,43.96,44.35,43.48,43.84,212487.0
2017-06-21,43.9,44.08,43.36,43.96,195921.0
2017-06-22,43.78,44.44,43.75,44.14,280357.0
2017-06-23,43.81,43.9,42.79,43.51,281696.0
2017-06-26,43.42,44.32,43.12,44.26,233781.0
2017-06-27,44.26,45.25,44.08,45.19,341751.0
2017-06-28,44.77,44.92,44.05,44.29,275493.0
2017-06-29,44.32,44.47,43.9,44.02,122382.0
2017-06-30,43.99,44.41,43.75,44.23,112393.0
2017-07-03,43.96,44.41,43.84,44.2,101732.0
2017-07-04,44.17,44.95,43.96,44.29,245137.0
2017-07-05,44.14,44.44,43.15,44.29,239619.0
2017-07-06,44.26,45.04,44.26,44.83,335264.0
2017-07-07,44.83,46.0,44.41,45.61,353140.0
2017-07-10,44.95,45.34,44.62,44.71,233072.0
2017-07-11,44.56,45.55,44.47,45.01,206265.0
2017-07-12,44.71,44.95,43.39,43.78,277321.0
2017-07-13,43.84,44.02,43.51,43.72,166088.0
2017-07-14,43.72,44.05,43.66,43.78,133748.0
2017-07-17,43.9,44.05,41.68,42.61,241510.0
2017-07-18,42.43,42.61,41.29,42.01,198355.0
2017-07-19,41.86,42.04,41.23,41.77,277800.0
2017-07-20,41.59,42.34,41.59,42.13,180692.0
2017-07-21,42.16,44.11,41.89,43.78,356207.0
2017-07-24,41.59,45.16,41.41,44.11,488126.0
2017-07-25,43.81,44.8,43.42,44.05,187804.0
2017-07-26,43.87,44.5,43.27,44.29,181276.0
2017-07-27,44.17,44.53,43.45,44.32,142903.0
2017-07-28,44.29,44.32,43.81,43.81,80296.0
2017-07-31,43.81,43.81,43.09,43.36,158157.0
2017-08-01,43.36,43.63,43.03,43.3,145745.0
2017-08-02,43.24,43.6,43.15,43.51,102581.0
2017-08-03,43.45,43.75,43.09,43.39,85120.0
2017-08-04,43.33,43.48,42.88,42.97,90765.0
2017-08-07,42.91,42.97,42.01,42.52,131113.0
2017-08-08,42.52,43.66,42.52,43.54,152636.0
2017-08-09,43.24,44.05,43.0,43.63,133907.0
2017-08-10,43.69,43.87,42.64,43.39,178328.0
2017-08-11,43.15,43.36,42.46,43.33,136408.0
2017-08-14,43.15,43.57,42.79,43.36,103608.0
2017-08-15,43.39,43.87,43.21,43.51,88853.0
2017-08-16,43.54,43.78,43.33,43.48,63656.0
2017-08-17,43.48,43.66,43.21,43.27,66802.0
2017-08-18,43.24,43.51,42.91,43.0,85956.0
2017-08-21,43.03,44.35,42.55,44.11,247475.0
2017-08-23,43.36,44.08,43.06,43.48,195823.0
2017-08-24,43.33,43.33,42.79,42.82,134908.0
2017-08-25,42.7,43.48,42.61,43.39,104309.0
2017-08-28,43.06,43.33,42.73,42.88,203720.0
2017-08-29,42.79,42.79,42.16,42.22,147073.0
2017-08-30,42.46,42.58,41.89,41.95,122742.0
2017-08-31,41.98,42.19,41.26,42.13,159246.0
2017-09-01,42.04,42.04,41.59,41.8,84017.0
2017-09-04,41.92,43.42,41.86,42.7,249418.0
2017-09-05,43.03,43.18,42.37,42.43,88820.0
2017-09-06,42.52,42.52,42.01,42.22,61380.0
2017-09-07,42.19,42.37,41.86,41.98,69712.0
2017-09-08,41.86,42.01,41.56,41.86,78791.0
2017-09-11,41.86,42.1,41.41,41.74,123979.0
2017-09-12,41.71,42.55,41.56,42.07,161747.0
2017-09-13,41.89,41.95,41.59,41.92,84701.0
2017-09-14,41.71,41.92,41.59,41.68,73016.0
2017-09-15,41.71,42.1,41.68,41.98,78851.0
2017-09-18,41.92,42.43,41.92,42.31,135400.0
2017-09-19,42.46,43.51,42.19,42.46,309446.0
2017-09-20,42.25,42.31,41.56,41.86,194204.0
2017-09-21,41.89,42.01,41.32,41.47,156773.0
2017-09-22,41.5,41.71,41.26,41.53,101427.0
2017-09-25,41.53,41.56,40.42,41.47,226235.0
2017-09-26,41.14,41.56,40.84,41.26,62450.0
2017-09-27,40.99,41.59,40.9,41.44,82478.0
2017-09-28,41.2,41.47,40.99,41.14,62252.0
2017-10-16,44.83,44.83,43.03,43.09,562417.0
2017-10-17,43.06,43.3,42.04,42.85,221779.0
2017-10-18,42.52,43.51,42.46,43.24,206375.0
2017-10-19,43.0,43.6,42.85,43.54,167819.0
2017-10-20,43.51,43.51,42.64,43.21,97036.0
2017-10-23,43.21,43.39,42.58,42.79,86209.0
2017-10-24,42.79,43.57,42.61,43.21,178099.0
2017-10-25,43.06,43.33,42.79,43.12,120190.0
2017-10-26,43.09,43.09,42.34,42.55,183337.0
2017-10-27,41.02,42.13,40.96,41.47,208459.0
2017-10-30,41.29,41.41,40.09,40.81,193251.0
2017-10-31,40.75,40.75,39.16,39.28,287995.0
2017-11-01,39.37,39.55,38.38,38.5,246703.0
2017-11-02,38.59,38.71,38.05,38.68,143617.0
2017-11-03,38.62,38.98,38.26,38.83,110360.0
2017-11-06,38.74,38.74,37.69,38.2,133834.0
2017-11-07,38.26,38.56,38.02,38.38,114061.0
2017-11-08,38.38,38.59,38.14,38.41,108101.0
2017-11-09,38.41,38.95,38.35,38.74,90892.0
2017-11-10,38.86,38.92,38.5,38.74,87460.0
2017-11-13,38.74,38.95,38.26,38.35,101742.0
2017-11-14,38.35,38.53,37.84,37.96,81978.0
2017-11-15,37.96,38.14,37.75,37.96,66868.0
2017-11-16,38.11,38.23,37.72,37.99,65562.0
2017-11-17,37.9,38.98,37.75,38.83,190650.0
2017-11-20,38.56,39.52,37.96,39.28,148701.0
2017-11-21,39.19,39.52,38.77,39.1,111032.0
2017-11-22,39.13,39.43,38.56,38.68,96576.0
2017-11-23,38.71,39.07,38.02,38.41,90278.0
2017-11-24,38.41,38.68,38.11,38.53,45908.0
2017-11-27,38.53,38.74,38.26,38.68,96263.0
2017-11-28,38.68,39.01,38.53,38.86,51931.0
2017-11-29,38.92,39.04,38.26,38.53,64070.0
2017-11-30,38.41,38.56,38.14,38.53,52531.0
2017-12-01,38.38,38.74,38.14,38.59,46465.0
2017-12-04,38.5,38.77,38.32,38.65,56904.0
2017-12-05,38.65,39.7,38.56,39.58,201907.0
2017-12-06,39.4,39.76,39.04,39.7,95754.0
2017-12-07,39.91,39.97,39.46,39.76,97934.0
2017-12-08,39.85,40.12,39.46,40.06,78057.0
2017-12-11,40.0,40.51,39.7,40.27,82483.0
2017-12-12,40.27,40.33,39.79,40.03,64708.0
2017-12-13,40.0,40.39,39.19,40.33,96036.0
2017-12-14,40.3,40.39,39.91,40.3,57669.0
2017-12-15,40.09,40.21,39.67,39.82,49650.0
2017-12-18,39.76,39.97,39.37,39.88,45497.0
2017-12-19,40.0,40.0,39.4,39.43,42290.0
2017-12-20,39.31,39.61,39.07,39.55,53506.0
2017-12-21,39.58,39.58,38.89,38.95,63566.0
2017-12-22,38.86,39.04,38.29,38.44,61328.0
2017-12-25,38.38,38.62,38.08,38.5,55758.0
2017-12-26,38.56,38.68,38.11,38.44,39301.0
2017-12-27,38.56,39.52,38.29,38.95,91502.0
2017-12-28,38.56,39.22,38.56,38.89,61147.0
2017-12-29,38.8,38.95,38.56,38.83,37780.0
2018-01-02,39.16,41.32,38.92,41.11,265880.0
2018-01-03,40.87,41.56,40.72,41.38,199548.0
2018-01-04,41.26,41.5,40.78,41.35,141561.0
2018-01-05,41.35,41.71,40.78,41.59,125964.0
2018-01-08,41.59,43.18,41.59,42.76,237572.0
2018-01-09,42.73,43.06,42.19,42.76,163955.0
2018-01-10,41.32,41.65,40.48,41.2,286426.0
2018-01-11,40.93,41.23,40.36,41.02,96259.0
2018-01-12,40.99,41.5,40.9,41.08,99163.0
2018-01-15,41.11,41.26,40.6,40.72,79995.0
2018-01-16,40.72,40.96,40.45,40.75,85489.0
2018-01-17,40.72,41.38,40.24,41.32,90987.0
2018-01-18,41.23,41.23,40.42,40.57,125420.0
2018-01-19,40.48,40.99,40.36,40.54,84248.0
2018-01-22,40.51,41.17,40.45,40.9,72482.0
2018-01-23,40.9,41.59,40.81,41.53,72498.0
2018-01-24,41.56,41.65,40.99,41.26,52181.0
2018-01-25,41.35,42.01,41.08,41.65,91393.0
2018-01-26,41.71,42.4,41.56,41.92,63108.0
2018-01-29,41.86,42.7,41.44,41.89,147946.0
2018-01-30,41.59,42.04,40.66,40.87,98460.0
2018-01-31,40.96,41.17,40.06,40.99,87813.0
2018-02-01,40.93,41.5,39.88,41.38,199947.0
2018-02-02,41.2,41.59,40.39,41.47,77411.0
2018-02-05,41.17,41.74,40.81,41.32,75719.0
2018-02-06,40.9,41.41,40.63,41.32,135231.0
2018-02-07,41.32,42.07,40.66,41.35,93334.0
2018-02-08,41.2,41.74,40.66,41.32,75553.0
2018-02-09,40.69,41.38,39.22,41.32,122650.0
2018-02-12,41.11,41.14,40.06,40.6,46390.0
2018-02-13,40.6,40.96,40.09,40.09,62275.0
2018-02-14,39.76,40.24,39.73,40.03,22039.0
2018-02-22,40.33,40.39,40.03,40.27,28022.0
2018-02-23,40.33,40.96,40.15,40.96,43967.0
2018-02-26,43.36,44.56,41.86,42.58,275248.0
2018-02-27,42.34,43.36,42.01,42.73,147703.0
2018-02-28,42.76,43.0,42.04,42.88,120486.0
2018-03-01,42.46,42.91,42.19,42.73,84422.0
2018-03-02,42.73,42.73,42.01,42.19,69306.0
2018-03-05,42.25,42.43,41.86,42.4,57643.0
2018-03-06,42.31,42.52,42.04,42.16,59962.0
2018-03-07,42.16,42.34,41.35,41.68,77396.0
2018-03-08,41.41,41.68,41.05,41.5,59748.0
2018-03-09,41.11,41.5,40.96,41.44,79362.0
2018-03-12,41.23,42.04,41.2,41.92,105375.0
2018-03-13,41.83,42.1,41.65,41.83,68290.0
2018-03-14,41.47,41.62,41.08,41.47,57301.0
2018-03-15,41.2,41.71,41.14,41.41,45907.0
2018-03-16,41.38,41.71,40.96,41.2,45289.0
2018-03-19,41.2,41.32,40.96,41.14,33724.0
2018-03-20,41.2,41.2,40.36,40.6,77631.0
2018-03-21,40.6,40.78,40.3,40.3,59345.0
2018-03-22,40.21,40.51,39.91,40.12,44721.0
2018-03-23,39.64,39.64,37.75,38.23,86178.0
2018-03-26,37.69,38.92,37.21,38.8,84552.0
2018-03-27,38.8,39.01,38.62,38.68,56364.0
2018-03-28,38.56,38.89,37.75,38.86,61757.0
2018-03-29,38.77,38.8,38.2,38.53,58859.0
2018-03-30,38.65,38.77,38.38,38.5,28347.0
2018-04-02,38.5,38.98,38.32,38.56,48213.0
2018-04-03,38.26,38.83,37.96,38.44,40010.0
2018-04-04,38.56,38.68,38.26,38.35,23578.0
2018-04-09,38.35,38.83,38.35,38.44,33149.0
2018-04-10,38.38,39.16,38.38,38.65,53133.0
2018-04-11,38.62,38.83,38.23,38.41,61970.0
2018-04-12,38.44,38.53,38.11,38.2,37616.0
2018-04-13,37.96,38.41,37.96,38.02,27245.0
2018-04-16,38.08,38.08,37.21,37.36,61063.0
2018-04-17,37.36,37.63,36.88,37.39,43152.0
2018-04-18,37.39,37.51,36.34,37.36,49351.0
2018-04-19,37.45,37.48,36.82,36.97,58825.0
2018-04-20,36.94,36.94,35.83,35.92,52553.0
2018-04-23,35.92,36.22,35.41,36.04,38101.0
2018-04-24,36.04,36.7,35.86,36.64,38017.0
2018-04-25,37.33,37.9,37.12,37.21,66017.0
2018-04-26,37.39,37.54,37.06,37.06,37097.0
2018-04-27,37.06,37.36,36.67,37.12,30487.0
2018-05-02,37.12,37.33,36.82,36.85,28727.0
2018-05-03,37.03,37.42,36.79,37.42,33445.0
2018-05-04,37.42,37.63,37.15,37.39,21537.0
2018-05-07,37.39,37.66,37.24,37.63,26347.0
2018-05-08,37.63,37.78,37.36,37.6,27984.0
2018-05-09,37.6,37.6,36.4,37.03,47519.0
2018-05-10,37.12,37.24,36.79,37.24,40077.0
2018-05-11,37.24,38.41,37.18,38.17,81030.0
2018-05-14,38.14,38.32,37.69,38.08,59590.0
2018-05-15,38.26,38.29,37.81,37.99,26524.0
2018-05-16,38.05,38.08,37.72,37.81,26686.0
2018-05-17,37.84,37.93,37.06,37.39,42337.0
2018-05-18,37.57,37.6,37.0,37.45,22180.0
2018-05-21,37.66,38.2,37.42,38.05,41751.0
2018-05-22,38.05,38.05,37.63,37.9,27201.0
2018-05-23,37.66,37.66,37.36,37.39,31632.0
2018-05-24,37.33,37.33,36.82,36.85,35516.0
2018-05-25,36.79,37.3,36.67,37.12,28514.0
2018-05-28,37.48,37.48,36.7,37.15,25579.0
2018-05-29,37.24,37.54,37.0,37.27,26381.0
2018-05-30,37.0,37.84,36.52,37.18,38001.0
2018-05-31,37.24,37.72,37.09,37.66,27854.0
2018-06-01,37.45,38.02,37.3,37.81,28092.0
2018-06-04,37.81,37.9,37.57,37.87,22881.0
2018-06-05,37.9,38.05,37.6,37.87,21371.0
2018-06-06,37.87,37.99,37.6,37.87,24980.0
2018-06-07,37.87,37.93,37.6,37.63,23938.0
2018-06-08,37.42,37.42,36.7,37.0,44467.0
2018-06-11,37.15,37.15,36.37,36.79,35424.0
2018-06-12,36.76,36.97,36.49,36.85,22427.0
2018-06-13,36.94,37.03,36.46,36.52,27607.0
2018-06-14,36.49,36.67,36.25,36.34,23833.0
2018-06-15,36.34,36.46,35.71,35.74,28293.0
2018-06-19,35.47,36.31,34.45,35.77,67831.0
2018-06-20,35.62,35.77,35.17,35.23,30396.0
2018-06-21,35.23,35.5,34.6,34.96,38244.0
2018-06-22,34.87,34.9,34.0,34.75,32680.0
2018-06-25,34.75,35.17,34.57,34.57,22401.0
2018-06-26,34.42,34.84,34.15,34.69,20922.0
2018-06-27,34.69,34.81,33.97,34.3,30225.0
2018-06-28,34.21,34.42,34.0,34.09,25574.0
2018-06-29,34.09,34.42,33.79,34.33,20599.0
2018-07-02,34.3,35.26,34.27,34.54,37101.0
2018-07-03,34.42,34.69,33.94,34.33,32762.0
2018-07-04,34.45,34.72,34.0,34.15,28539.0
2018-07-05,34.15,34.33,31.57,33.28,70247.0
2018-07-06,33.22,33.22,31.57,32.71,57883.0
2018-07-09,32.74,33.55,32.68,32.8,45404.0
2018-07-10,32.17,32.65,31.96,32.23,52725.0
2018-07-11,34.81,34.81,33.04,33.58,207825.0
2018-07-12,33.61,33.85,32.83,33.76,160780.0
2018-07-13,33.25,33.58,32.95,32.98,105709.0
2018-07-16,32.95,32.95,32.14,32.26,72671.0
2018-07-17,32.2,32.2,31.75,31.96,64326.0
2018-07-18,32.47,33.19,32.47,32.68,132873.0
2018-07-19,32.47,32.89,32.23,32.41,83592.0
2018-07-20,32.65,32.65,32.05,32.41,65566.0
2018-07-23,32.41,32.41,32.11,32.41,68940.0
2018-07-24,32.53,32.74,32.2,32.71,144525.0
2018-07-25,32.8,32.92,32.35,32.5,125062.0
2018-07-26,32.5,32.56,32.11,32.14,109829.0
2018-07-27,32.17,32.23,32.02,32.08,76606.0
2018-07-30,32.05,32.17,31.54,31.57,95700.0
2018-07-31,31.51,31.51,30.94,31.12,98574.0
2018-08-01,31.24,31.36,30.43,30.46,95813.0
2018-08-02,30.28,30.55,28.93,29.8,154687.0
2018-08-03,29.62,29.74,29.14,29.2,62689.0
2018-08-06,29.2,29.2,28.12,28.18,94629.0
2018-08-07,28.21,28.72,28.18,28.66,59233.0
2018-08-08,28.33,28.33,27.28,27.34,148634.0
2018-08-09,27.04,27.58,26.92,27.43,167570.0
2018-08-10,27.4,27.67,27.28,27.58,94471.0
2018-08-13,27.46,27.49,27.01,27.46,93411.0
2018-08-14,27.64,27.67,27.22,27.28,81108.0
2018-08-15,27.4,27.49,26.08,26.14,231632.0
2018-08-16,25.75,26.32,25.48,26.11,118092.0
2018-08-17,26.14,26.29,25.57,25.72,75483.0
2018-08-20,25.72,25.87,25.36,25.66,71605.0
2018-08-21,25.78,26.38,25.66,26.26,99858.0
2018-08-22,26.29,26.32,25.78,25.84,82976.0
2018-08-23,25.9,26.05,25.78,25.87,75864.0
2018-08-24,25.78,26.08,25.63,25.96,64218.0
2018-08-27,26.05,26.38,25.99,26.32,89658.0
2018-08-28,26.35,26.62,26.23,26.56,88780.0
2018-08-29,26.56,26.59,26.14,26.23,85628.0
2018-08-30,26.17,26.35,26.05,26.08,79279.0
2018-08-31,26.47,26.47,25.93,26.2,82973.0
2018-09-03,26.17,26.32,25.9,26.11,103130.0
2018-09-04,26.08,26.53,26.02,26.41,104375.0
2018-09-05,26.35,26.62,26.11,26.2,97680.0
2018-09-06,25.99,26.05,25.42,25.45,148212.0
2018-09-07,25.54,25.84,25.54,25.72,113768.0
2018-09-10,25.63,26.05,25.63,25.75,100989.0
2018-09-11,25.78,25.96,25.12,25.63,115408.0
2018-09-12,25.57,25.99,25.45,25.84,103913.0
2018-09-13,26.08,26.17,25.66,25.93,69421.0
2018-09-14,26.02,26.83,25.99,26.65,197264.0
2018-09-17,26.65,26.65,26.11,26.38,107185.0
2018-09-18,26.35,26.59,26.11,26.53,85309.0
2018-09-19,26.53,27.52,26.44,27.19,172772.0
2018-09-20,27.19,27.46,26.89,27.1,96775.0
2018-09-21,27.19,29.23,27.13,28.96,324678.0
2018-09-25,28.27,28.99,28.21,28.54,197671.0
2018-09-26,28.78,28.81,28.39,28.51,126550.0
2018-09-27,28.57,28.63,27.94,27.94,128118.0
2018-09-28,27.97,29.02,27.97,28.48,214015.0
2018-10-08,27.67,28.33,27.52,27.88,140893.0
2018-10-09,27.88,28.45,27.49,27.67,128265.0
2018-10-10,27.94,27.94,26.74,27.07,134153.0
2018-10-11,26.17,26.71,25.18,25.75,165346.0
2018-10-12,25.63,25.72,24.97,25.3,220506.0
2018-10-15,25.36,25.42,23.26,23.38,387645.0
2018-10-16,23.38,23.65,22.69,22.87,197020.0
2018-10-17,22.99,23.23,22.33,22.9,135567.0
2018-10-18,22.93,23.23,22.63,22.99,168184.0
2018-10-19,22.81,23.26,21.82,23.11,159796.0
2018-10-22,23.29,23.92,23.11,23.59,282490.0
2018-10-23,23.59,23.68,23.05,23.17,169997.0
2018-10-24,23.11,23.32,22.45,22.81,198464.0
2018-10-25,22.3,23.32,22.0,23.29,222054.0
2018-10-26,23.35,23.65,23.08,23.29,144068.0
2018-10-29,23.08,23.08,22.15,22.27,242811.0
2018-10-30,22.6,23.32,22.48,23.23,290274.0
2018-10-31,22.87,23.83,22.87,23.26,247621.0
2018-11-01,23.35,23.62,23.17,23.26,202144.0
2018-11-02,23.59,23.71,23.35,23.68,232034.0
2018-11-05,23.62,24.04,23.41,23.89,190918.0
2018-11-06,23.89,24.16,23.41,23.74,243225.0
2018-11-07,23.68,23.83,23.41,23.5,191683.0
2018-11-08,23.71,23.89,23.5,23.53,185535.0
2018-11-09,23.5,23.68,23.35,23.5,131843.0
2018-11-12,23.5,24.19,23.41,24.04,209571.0
2018-11-13,23.74,24.31,23.56,24.19,196212.0
2018-11-14,24.16,24.34,23.89,24.01,179954.0
2018-11-15,24.01,24.16,23.86,24.07,178358.0
2018-11-16,24.1,24.16,23.86,24.01,301206.0
2018-11-19,23.98,24.16,23.62,24.1,280580.0
2018-11-20,23.89,24.16,23.62,23.71,232674.0
2018-11-21,23.53,23.98,23.44,23.95,175712.0
2018-11-22,23.95,24.46,23.86,24.16,210849.0
2018-11-23,24.13,24.13,23.29,23.35,185543.0
2018-11-26,23.32,23.47,23.11,23.23,117549.0
2018-11-27,23.32,23.5,23.23,23.35,96485.0
2018-11-28,23.35,23.56,23.11,23.5,99027.0
2018-11-29,23.56,24.01,23.5,23.53,160668.0
2018-11-30,23.56,23.56,23.02,23.32,134891.0
2018-12-03,23.71,23.89,23.59,23.77,216733.0
2018-12-04,23.71,23.98,23.65,23.83,174969.0
2018-12-05,23.53,23.62,23.11,23.35,326103.0
2018-12-06,23.26,23.26,22.99,22.99,165484.0
2018-12-07,23.05,23.11,22.81,22.87,134966.0
2018-12-10,22.84,22.84,22.45,22.6,165689.0
2018-12-11,22.63,22.63,22.42,22.57,112858.0
2018-12-12,22.63,22.69,22.48,22.57,128853.0
2018-12-13,22.72,22.9,22.48,22.84,213974.0
2018-12-14,22.81,22.81,22.45,22.51,154839.0
2018-12-17,22.51,22.51,22.06,22.3,114664.0
2018-12-18,22.18,22.36,22.06,22.18,112424.0
2018-12-19,22.21,22.24,21.94,21.97,92399.0
2018-12-20,21.88,22.03,21.85,21.94,88959.0
2018-12-21,21.88,21.91,21.58,21.7,105566.0
2018-12-24,21.67,21.91,21.55,21.82,90790.0
2018-12-25,21.67,21.67,21.37,21.61,125874.0
2018-12-26,21.64,21.7,21.52,21.58,75450.0
2018-12-27,21.79,21.88,21.52,21.55,99373.0
2018-12-28,21.58,21.73,21.49,21.67,76237.0
2019-01-02,21.73,21.76,21.49,21.7,79836.0
2019-01-03,21.7,21.82,21.46,21.61,102359.0
2019-01-04,21.46,21.85,21.37,21.82,146677.0
2019-01-07,21.91,22.09,21.79,22.09,141766.0
2019-01-08,22.06,22.09,21.88,21.91,96643.0
2019-01-09,23.2,23.62,23.2,23.62,575802.0
2019-01-10,23.5,23.65,22.9,23.17,503867.0
2019-01-11,22.99,23.59,22.93,23.41,337470.0
2019-01-14,23.32,23.38,22.9,22.93,202834.0
2019-01-15,23.11,23.14,22.81,23.02,210918.0
2019-01-16,23.02,23.44,22.96,23.23,304120.0
2019-01-17,23.17,23.38,23.08,23.11,201824.0
2019-01-18,23.11,23.59,22.96,23.47,271571.0
2019-01-21,23.5,24.07,23.5,23.77,292126.0
2019-01-22,23.77,23.77,23.17,23.32,149047.0
2019-01-23,23.2,24.49,23.11,24.1,334435.0
2019-01-24,24.1,24.49,23.92,24.16,210529.0
2019-01-25,24.37,24.88,24.04,24.73,267862.0
2019-01-28,24.73,25.09,24.31,24.76,289870.0
2019-01-29,24.85,24.94,23.86,24.31,299551.0
2019-01-30,24.46,24.73,24.13,24.52,159083.0
2019-01-31,24.55,25.3,24.46,24.67,235264.0
2019-02-01,24.91,25.63,24.52,25.54,223653.0
2019-02-11,25.54,25.93,25.3,25.69,152991.0
2019-02-12,25.72,26.74,25.57,26.74,239908.0
2019-02-13,26.62,28.18,26.29,27.25,313907.0
2019-02-14,26.89,27.13,26.5,26.77,203881.0
2019-02-15,26.56,26.56,26.05,26.17,197950.0
2019-02-18,26.26,27.07,25.96,26.95,379224.0
2019-02-19,26.8,27.16,26.47,26.71,190378.0
2019-02-20,26.71,28.0,26.5,27.49,304206.0
2019-02-21,27.49,29.2,27.43,28.54,318380.0
2019-02-22,28.15,29.68,27.97,29.5,265457.0
2019-02-25,29.62,30.19,29.11,29.83,370948.0
2019-02-26,29.86,29.86,29.11,29.2,347621.0
2019-02-27,29.08,29.26,28.3,28.57,246553.0
2019-02-28,28.57,29.05,28.21,28.48,176097.0
2019-03-01,28.51,29.47,28.24,29.35,213828.0
2019-03-04,29.59,29.77,29.02,29.2,299611.0
2019-03-05,29.26,29.41,28.96,29.23,162287.0
2019-03-06,29.23,29.62,28.81,29.53,272176.0
2019-03-07,29.65,29.65,28.84,28.99,254345.0
2019-03-08,28.84,28.84,26.89,27.01,423127.0
2019-03-11,27.01,27.79,26.83,27.73,225517.0
2019-03-12,27.76,28.33,27.67,27.97,247299.0
2019-03-13,28.09,28.21,27.25,27.4,190212.0
2019-03-14,27.34,27.52,26.56,26.83,176696.0
2019-03-15,26.98,27.76,26.86,27.46,205651.0
2019-03-18,27.73,28.06,27.34,27.97,266717.0
2019-03-19,27.97,28.03,27.67,27.73,153085.0
2019-03-20,27.79,27.91,27.46,27.7,132114.0
2019-03-21,27.67,28.42,27.61,28.15,213887.0
2019-03-22,28.09,29.41,27.91,28.81,364504.0
2019-03-25,28.42,28.81,27.97,28.18,258303.0
2019-03-26,28.3,28.33,27.22,27.88,187756.0
2019-03-27,27.94,28.03,27.37,27.52,109590.0
2019-03-28,27.4,27.76,27.04,27.64,110404.0
2019-03-29,27.55,28.51,27.4,28.36,180117.0
2019-04-01,28.45,29.29,28.45,29.02,371619.0
2019-04-02,29.08,31.18,28.81,30.55,591312.0
2019-04-03,30.67,32.86,30.28,32.44,661460.0
2019-04-04,32.32,34.78,32.08,33.43,491087.0
2019-04-08,34.15,34.36,31.99,32.62,393139.0
2019-04-09,33.04,34.06,32.77,33.07,303832.0
2019-04-10,33.13,35.65,32.68,34.87,430142.0
2019-04-11,34.93,37.36,34.9,35.95,453775.0
2019-04-12,35.77,36.22,34.27,34.6,347676.0
2019-04-15,34.72,36.01,33.46,33.7,331135.0
2019-04-16,33.73,33.97,32.29,33.52,352765.0
2019-04-17,33.73,36.4,33.61,36.4,501893.0
2019-04-18,37.87,38.23,35.47,36.19,463099.0
2019-04-19,36.25,37.72,35.05,36.52,369105.0
2019-04-22,36.52,36.67,34.96,35.38,265865.0
2019-04-23,35.08,35.62,34.0,34.87,218608.0
2019-04-24,34.93,35.77,34.42,34.81,219240.0
2019-04-25,34.6,35.2,34.09,34.24,221049.0
2019-04-26,33.97,34.45,32.83,33.1,193371.0
2019-04-29,33.22,33.76,32.5,32.77,186913.0
2019-04-30,32.11,32.2,30.91,31.93,251723.0
2019-05-06,31.18,31.18,29.29,29.65,278536.0
2019-05-07,29.65,30.79,29.56,30.19,247380.0
2019-05-08,29.35,31.39,29.26,30.34,192585.0
2019-05-09,30.22,30.67,29.74,30.04,172710.0
2019-05-10,30.1,31.78,30.1,31.33,251762.0
2019-05-13,31.3,31.3,29.8,30.25,166304.0
2019-05-14,29.59,30.52,29.56,30.22,108892.0
2019-05-15,30.46,31.18,30.31,31.15,133017.0
2019-05-16,30.88,31.99,30.88,31.57,210385.0
2019-05-17,31.54,31.54,29.95,30.1,151472.0
2019-05-20,30.13,30.22,28.9,29.47,156284.0
2019-05-21,29.62,30.22,29.47,29.92,123119.0
2019-05-22,29.92,30.28,29.38,29.92,137691.0
2019-05-23,29.77,29.83,28.45,28.78,187387.0
2019-05-24,28.9,30.04,28.57,29.29,184211.0
2019-05-27,29.14,29.71,28.15,29.41,212420.0
2019-05-28,29.17,31.51,28.57,30.79,364740.0
2019-05-29,30.64,31.39,30.52,31.03,189249.0
2019-05-30,30.82,30.85,30.1,30.52,153266.0
2019-05-31,30.52,30.7,29.89,30.52,129092.0
2019-06-03,31.36,31.93,30.52,31.66,254208.0
2019-06-04,31.42,32.23,31.09,32.14,145767.0
2019-06-05,32.74,32.92,31.72,32.08,194542.0
2019-06-06,32.59,32.71,31.27,31.36,302050.0
2019-06-10,32.05,33.37,31.84,32.89,293958.0
2019-06-11,32.59,33.34,32.02,33.16,295072.0
2019-06-12,33.16,33.19,32.02,32.17,227298.0
2019-06-13,31.9,31.96,30.94,31.63,225224.0
2019-06-14,31.63,31.63,30.94,31.0,106701.0
2019-06-17,31.0,31.39,30.73,30.94,72470.0
2019-06-18,30.85,31.21,30.67,30.7,76506.0
2019-06-19,31.24,31.45,30.64,30.79,142309.0
2019-06-20,30.67,31.39,30.37,31.18,190687.0
2019-06-21,31.15,31.75,31.06,31.72,229280.0
2019-06-24,31.69,31.84,31.09,31.57,172554.0
2019-06-25,31.57,31.6,30.7,30.73,157954.0
2019-06-26,30.58,30.91,30.37,30.58,114287.0
2019-06-27,30.73,30.76,30.28,30.58,123799.0
2019-06-28,30.58,30.7,30.34,30.55,70217.0
2019-07-01,30.91,31.51,30.85,31.42,170697.0
2019-07-02,31.39,33.91,31.24,33.55,443234.0
2019-07-03,33.07,34.6,32.5,33.61,250937.0
2019-07-04,33.19,34.21,32.74,33.16,208558.0
2019-07-05,33.13,33.46,32.89,33.28,114962.0
2019-07-08,33.01,33.28,31.87,32.23,182175.0
2019-07-09,32.23,34.18,31.99,33.67,319226.0
2019-07-10,33.67,33.82,32.8,33.31,210697.0
2019-07-11,33.31,33.46,32.02,32.41,197720.0
2019-07-12,32.38,32.44,31.57,32.17,171022.0
2019-07-15,31.99,32.32,31.27,31.81,218858.0
2019-07-16,31.81,31.9,31.09,31.51,210835.0
2019-07-17,31.24,31.75,31.12,31.33,169906.0
2019-07-18,31.24,31.24,30.52,30.55,162933.0
2019-07-19,30.58,31.03,30.58,30.61,127214.0
2019-07-22,30.22,30.28,29.5,29.89,135143.0
2019-07-23,29.77,31.03,29.47,30.97,223752.0
2019-07-24,30.85,31.36,30.7,30.79,130412.0
2019-07-25,30.94,30.94,30.67,30.76,63116.0
2019-07-26,30.64,31.24,30.58,31.09,125426.0
2019-07-29,31.09,31.18,30.79,31.18,57084.0
2019-07-30,31.18,31.54,30.94,31.27,81453.0
2019-07-31,31.33,31.45,30.76,30.88,63746.0
2019-08-01,30.76,31.03,30.25,30.46,86806.0
2019-08-02,29.8,30.19,29.59,30.01,95934.0
2019-08-05,29.98,30.1,29.59,29.59,74705.0
2019-08-06,29.17,29.26,28.03,28.24,233305.0
2019-08-07,28.36,28.75,28.15,28.42,95365.0
2019-08-08,28.69,29.38,28.66,29.17,96008.0
2019-08-09,29.68,30.49,29.44,29.59,208168.0
2019-08-12,29.65,30.01,29.32,29.68,91892.0
2019-08-13,29.41,29.68,28.48,29.47,184109.0
2019-08-14,29.74,30.13,29.44,29.8,118847.0
2019-08-15,29.08,30.73,28.93,30.46,217309.0
2019-08-16,30.61,30.76,30.19,30.25,113923.0
2019-08-19,30.64,31.3,30.28,30.97,175492.0
2019-08-20,31.15,31.3,30.82,30.94,103578.0
2019-08-21,30.97,31.03,30.67,30.7,85986.0
2019-08-22,30.88,30.94,30.49,30.64,106299.0
2019-08-23,30.7,31.09,30.49,30.67,83997.0
2019-08-26,30.01,31.24,29.92,30.46,144208.0
2019-08-27,30.64,31.15,30.52,30.82,150139.0
2019-08-28,31.54,32.5,31.03,31.39,227830.0
2019-08-29,31.33,31.33,30.58,30.61,123772.0
2019-08-30,30.76,30.91,30.13,30.25,92327.0
2019-09-02,30.13,30.55,30.07,30.37,95801.0
2019-09-03,30.46,30.49,29.92,29.98,140533.0
2019-09-04,29.92,30.07,29.8,30.01,101466.0
2019-09-05,30.1,30.49,30.01,30.16,202918.0
2019-09-06,30.28,31.15,30.28,30.91,249377.0
2019-09-09,31.6,31.9,30.97,31.24,248682.0
2019-09-10,31.42,31.42,30.94,31.09,168474.0
2019-09-11,31.24,31.3,30.94,31.03,130695.0
2019-09-12,31.09,31.24,30.85,31.15,124969.0
2019-09-16,31.6,31.84,31.15,31.18,168261.0
2019-09-17,31.21,31.21,30.13,30.22,240625.0
2019-09-18,30.22,30.4,30.07,30.28,109458.0
2019-09-19,30.22,30.37,30.04,30.25,96336.0
2019-09-20,30.37,30.4,30.07,30.13,126058.0
2019-09-23,30.04,30.04,29.38,29.77,178755.0
2019-09-24,29.68,30.07,29.5,29.65,117777.0
2019-09-25,29.68,29.98,29.32,29.86,130905.0
2019-09-26,29.74,29.89,28.9,29.05,177020.0
2019-09-27,29.17,29.29,28.84,29.02,68694.0
2019-09-30,29.02,29.29,28.84,28.84,69404.0
2019-10-08,28.84,29.23,28.84,28.93,73453.0
2019-10-09,28.81,28.84,28.54,28.69,112734.0
2019-10-10,28.66,29.11,28.57,29.05,81275.0
2019-10-11,29.11,29.17,28.9,29.05,72870.0
2019-10-14,29.5,29.83,29.32,29.44,149200.0
2019-10-15,29.38,29.62,29.08,29.47,81572.0
2019-10-16,29.47,29.62,29.26,29.35,56080.0
2019-10-17,29.35,29.35,28.96,29.02,70067.0
2019-10-18,29.11,29.14,28.33,28.57,120819.0
2019-10-21,28.48,28.63,28.09,28.57,56693.0
2019-10-22,28.57,29.11,28.51,29.11,79471.0
2019-10-23,29.11,29.29,28.81,28.87,73413.0
2019-10-24,29.02,29.14,28.78,28.93,50108.0
2019-10-25,28.99,29.47,28.78,29.44,129581.0
2019-10-28,31.54,31.81,30.64,31.81,702765.0
2019-10-29,31.84,33.07,31.81,32.77,568688.0
2019-10-30,32.77,33.25,32.32,33.13,341111.0
2019-10-31,33.13,33.7,32.2,32.68,385713.0
2019-11-01,32.86,33.79,32.53,33.28,274751.0
2019-11-04,33.28,33.88,33.1,33.55,224768.0
2019-11-05,33.55,34.3,33.43,33.76,208438.0
2019-11-06,34.0,34.0,33.28,33.52,168680.0
2019-11-07,33.49,34.24,33.4,33.79,160169.0
2019-11-08,34.18,35.98,33.97,35.38,354948.0
2019-11-11,35.26,35.98,34.42,34.51,209981.0
2019-11-12,34.42,35.35,33.94,34.78,195504.0
2019-11-13,35.05,35.05,34.24,34.57,106316.0
2019-11-14,34.42,34.6,34.12,34.3,121344.0
2019-11-15,34.27,35.14,33.73,34.15,197710.0
2019-11-18,34.3,34.69,33.88,34.39,93629.0
2019-11-19,34.84,34.84,34.36,34.48,123707.0
2019-11-20,34.54,35.35,33.88,34.12,168705.0
2019-11-21,33.76,34.27,33.4,33.94,122869.0
2019-11-22,34.0,34.18,33.22,33.58,146463.0
2019-11-25,33.97,34.09,33.46,33.73,133310.0
2019-11-26,33.88,34.12,33.52,33.64,91489.0
2019-11-27,33.85,34.27,33.28,33.55,105066.0
2019-11-28,33.46,33.61,32.5,33.07,192681.0
2019-11-29,33.34,34.36,33.25,33.7,215971.0
2019-12-02,33.76,34.09,32.98,33.16,163858.0
2019-12-03,33.04,33.73,32.95,33.73,163644.0
2019-12-04,33.43,33.91,33.07,33.16,123595.0
2019-12-05,33.31,33.55,33.04,33.52,95466.0
2019-12-06,33.37,33.43,31.93,32.65,275706.0
2019-12-09,32.56,32.89,32.29,32.56,161703.0
2019-12-10,32.17,32.38,31.72,32.2,150699.0
2019-12-11,32.47,33.28,32.02,32.83,260637.0
2019-12-12,33.04,33.13,32.26,32.35,125906.0
2019-12-13,32.65,32.89,32.32,32.44,132264.0
2019-12-16,32.86,32.95,32.53,32.83,145966.0
2019-12-17,32.89,33.82,32.47,33.16,244201.0
2019-12-18,33.22,33.34,32.8,32.89,150358.0
2019-12-19,32.74,32.83,32.17,32.35,205906.0
2019-12-20,32.44,32.68,32.02,32.2,136682.0
2019-12-23,32.14,32.41,31.69,31.78,135468.0
2019-12-24,31.78,31.96,31.69,31.96,85897.0
2019-12-25,32.14,32.68,32.14,32.23,131584.0
2019-12-26,32.08,32.29,31.84,32.08,102480.0
2019-12-27,32.08,32.35,31.93,32.02,133285.0
2019-12-30,32.17,32.29,31.51,32.26,163427.0
2019-12-31,32.2,32.35,31.96,32.29,125830.0
2020-01-02,32.44,33.85,32.35,33.34,266725.0
2020-01-03,33.49,33.67,32.98,33.25,167303.0
2020-01-06,33.04,33.31,32.53,32.62,221849.0
2020-01-07,32.68,33.19,32.59,33.19,188681.0
2020-01-08,33.13,33.13,32.5,32.68,156596.0
2020-01-09,32.77,33.13,32.77,33.04,129982.0
2020-01-10,32.89,33.25,32.47,33.13,181017.0
2020-01-13,33.31,33.88,32.77,32.98,251478.0
2020-01-14,32.95,33.22,32.53,32.56,231518.0
2020-01-15,32.53,32.53,31.99,32.14,208629.0
2020-01-16,32.32,32.32,31.78,31.78,183661.0
2020-01-17,31.96,32.11,31.75,31.96,132603.0
2020-01-20,32.17,32.56,32.14,32.32,160968.0
2020-01-21,32.41,32.41,31.54,31.54,180335.0
2020-01-22,31.54,32.05,30.94,31.84,137872.0
2020-01-23,31.69,31.84,30.34,30.79,177227.0
2020-02-03,28.3,28.6,28.3,28.3,209897.0
2020-02-04,28.18,28.78,27.94,28.42,307221.0
2020-02-05,28.42,29.44,28.42,28.66,310056.0
2020-02-06,28.72,29.17,28.42,28.99,170290.0
2020-02-07,28.9,29.08,28.39,28.9,228177.0
2020-02-10,28.57,29.2,28.45,29.14,206303.0
2020-02-11,29.14,29.47,29.02,29.2,166091.0
2020-02-12,29.26,29.32,28.99,29.29,105251.0
2020-02-13,29.2,29.86,29.2,29.68,215051.0
2020-02-14,29.59,29.8,29.35,29.65,145352.0
2020-02-17,30.04,31.75,30.04,31.72,405019.0
2020-02-18,31.72,32.05,31.27,31.87,293269.0
2020-02-19,31.78,32.23,31.39,31.42,183933.0
2020-02-20,31.57,31.6,31.12,31.54,203263.0
2020-02-21,32.2,32.56,31.72,32.32,320334.0
2020-02-24,32.35,33.94,32.08,33.31,403121.0
2020-02-25,32.62,34.96,32.44,34.42,487847.0
2020-02-26,33.82,34.78,33.4,33.43,384628.0
2020-02-27,33.52,33.67,32.59,33.13,280786.0
2020-02-28,32.44,33.13,31.0,32.29,438212.0
2020-03-02,32.14,33.73,32.02,33.49,344061.0
2020-03-03,33.91,34.09,32.62,32.86,272205.0
2020-03-04,33.19,33.19,32.29,32.89,198338.0
2020-03-05,33.13,33.58,32.74,33.28,320290.0
2020-03-06,32.95,33.52,32.89,33.07,180211.0
2020-03-09,32.74,32.86,31.48,31.81,277478.0
2020-03-10,31.21,32.8,31.18,32.59,234505.0
2020-03-11,32.62,33.79,32.5,33.22,314324.0
2020-03-12,32.92,33.58,32.35,33.31,254322.0
2020-03-13,32.14,33.58,31.84,33.55,285430.0
2020-03-16,33.52,33.55,31.18,31.51,324768.0
2020-03-17,31.39,31.96,30.07,30.37,207391.0
2020-03-18,30.46,31.3,29.89,30.01,337934.0
2020-03-19,30.37,30.46,28.81,30.37,411778.0
2020-03-20,30.52,31.18,30.16,30.91,232571.0
2020-03-23,30.28,30.34,29.14,29.14,190346.0
2020-03-24,29.56,31.48,29.41,31.48,290152.0
2020-03-25,32.23,33.37,31.72,32.92,434505.0
2020-03-26,32.74,32.83,31.99,32.44,228379.0
2020-03-27,32.8,33.1,32.17,32.59,164748.0
2020-03-30,32.5,33.01,31.27,32.83,176158.0
2020-03-31,32.86,33.04,32.35,32.41,212503.0
2020-04-01,32.41,33.34,31.03,31.18,373365.0
2020-04-02,30.64,30.82,29.95,30.64,262590.0
2020-04-03,30.79,30.94,30.16,30.22,152952.0
2020-04-07,30.64,30.85,30.25,30.7,199077.0
2020-04-08,30.52,30.58,30.13,30.37,128157.0
2020-04-09,30.52,30.76,30.37,30.55,162615.0
2020-04-10,30.61,30.61,29.83,29.98,164066.0
2020-04-13,29.98,30.07,29.5,29.98,102692.0
2020-04-14,29.8,30.25,29.8,30.13,136273.0
2020-04-15,30.13,30.34,29.98,30.01,108510.0
2020-04-16,29.92,30.16,29.65,29.8,148917.0
2020-04-17,29.92,30.22,29.86,30.01,116380.0
2020-04-20,30.16,30.16,29.86,30.07,78552.0
2020-04-21,30.01,30.01,29.47,29.65,98439.0
2020-04-22,29.5,29.92,29.26,29.86,72965.0
2020-04-23,29.98,30.04,29.59,29.71,85437.0
2020-04-24,30.01,30.22,29.35,29.47,109674.0
2020-04-27,29.44,29.47,28.75,29.35,106778.0
2020-04-28,29.29,29.47,28.69,28.99,106602.0
2020-04-29,28.99,29.44,28.84,29.2,92999.0
2020-04-30,29.32,30.19,29.29,29.92,148589.0
2020-05-06,29.71,30.7,29.62,30.52,197061.0
2020-05-07,30.49,30.49,30.04,30.31,106753.0
2020-05-08,30.25,31.09,30.25,30.91,188310.0
2020-05-11,31.15,32.44,31.15,31.66,253295.0
2020-05-12,31.66,31.9,31.27,31.57,101231.0
2020-05-13,31.45,31.99,31.12,31.6,83936.0
2020-05-14,31.45,31.57,30.79,30.94,132244.0
2020-05-15,30.94,31.21,30.28,30.49,98092.0
2020-05-18,30.58,30.61,30.07,30.31,63773.0
2020-05-19,30.91,31.0,30.34,30.4,78341.0
2020-05-20,30.34,30.64,30.1,30.19,75488.0
2020-05-21,30.19,30.4,29.92,30.04,58082.0
2020-05-22,30.04,30.34,29.65,29.8,84186.0
2020-05-25,29.83,29.89,29.23,29.38,115568.0
2020-05-26,29.47,29.83,29.47,29.59,94727.0
2020-05-27,29.65,30.49,29.38,29.8,140064.0
2020-05-28,29.86,30.04,29.47,29.74,90607.0
2020-05-29,29.71,29.86,29.56,29.71,62330.0
2020-06-01,29.89,30.46,29.8,30.22,115406.0
2020-06-02,30.34,30.37,29.89,30.04,80835.0
2020-06-03,30.25,31.18,30.13,30.94,243326.0
2020-06-04,30.94,31.09,30.37,30.49,157736.0
2020-06-05,30.49,30.76,30.1,30.28,87624.0
2020-06-08,30.4,31.39,30.22,31.39,268754.0
2020-06-09,31.24,31.45,30.91,31.06,131214.0
2020-06-10,31.03,31.54,30.79,31.21,145782.0
2020-06-11,31.33,31.6,30.73,30.82,136113.0
2020-06-12,30.4,30.91,30.16,30.7,106023.0
2020-06-15,30.55,30.64,30.25,30.31,88863.0
2020-06-16,30.55,30.82,30.28,30.46,129270.0
2020-06-17,30.43,30.43,29.98,30.13,125118.0
2020-06-18,30.22,30.34,30.04,30.16,102780.0
2020-06-19,30.19,30.52,30.07,30.49,137293.0
2020-06-22,30.82,30.88,30.19,30.28,128003.0
2020-06-23,30.16,30.22,29.83,29.95,111245.0
2020-06-24,30.1,30.25,29.71,30.19,136198.0
2020-06-29,30.19,30.19,29.38,29.5,263306.0
2020-06-30,29.86,29.86,29.5,29.65,112800.0
2020-07-01,29.8,30.31,29.68,30.31,159543.0
2020-07-02,30.4,30.73,30.19,30.61,243524.0
2020-07-03,30.67,31.93,30.64,31.75,407710.0
2020-07-06,32.17,33.67,32.14,33.34,421962.0
2020-07-07,33.64,34.24,33.1,33.28,280811.0
2020-07-08,33.07,34.63,32.83,33.94,331267.0
2020-07-09,33.97,35.44,33.94,35.05,312453.0
2020-07-10,35.29,36.67,34.63,35.74,369317.0
2020-07-13,35.41,38.41,35.41,37.66,312769.0
2020-07-14,37.69,38.86,36.49,38.05,295097.0
2020-07-15,37.78,38.89,36.67,37.87,338967.0
2020-07-16,37.69,39.1,36.79,36.79,241250.0
2020-07-17,36.49,38.8,36.49,38.53,248883.0
2020-07-20,38.53,39.79,37.93,39.46,236255.0
2020-07-21,39.94,42.76,39.55,42.4,319223.0
2020-07-22,42.43,45.43,40.87,42.13,366307.0
2020-07-23,42.07,43.63,41.59,43.57,334355.0
2020-07-24,45.25,46.99,44.92,45.67,558754.0
2020-07-27,45.85,49.06,45.13,48.79,428781.0
2020-07-28,49.72,50.83,44.59,45.79,673584.0
2020-07-29,44.74,47.68,43.54,47.44,436868.0
2020-07-30,46.99,48.16,45.52,46.09,334510.0
2020-07-31,45.52,47.59,45.1,46.54,322816.0
2020-08-03,46.69,49.39,45.94,48.76,348248.0
2020-08-04,48.49,49.66,47.14,48.37,261347.0
2020-08-05,47.71,49.21,47.41,48.73,175905.0
2020-08-06,48.73,49.33,48.13,48.88,177602.0
2020-08-07,48.43,52.21,47.62,50.29,269333.0
2020-08-10,50.23,52.63,49.69,52.63,327918.0
2020-08-11,52.51,53.71,50.53,50.62,230745.0
2020-08-12,50.38,50.83,46.99,48.64,298752.0
2020-08-13,48.46,50.44,48.13,49.51,205513.0
2020-08-14,49.48,50.11,47.89,49.03,150569.0
2020-08-17,48.61,50.74,48.28,50.59,209827.0
2020-08-18,50.29,51.64,49.69,50.26,164641.0
2020-08-19,50.17,50.26,49.03,49.03,111868.0
2020-08-20,48.88,48.88,46.69,47.62,229423.0
2020-08-21,47.98,49.39,47.59,47.95,118854.0
2020-08-24,48.19,48.49,47.47,48.07,111041.0
2020-08-25,48.43,48.43,47.32,47.77,105062.0
2020-08-26,48.01,48.16,46.45,46.99,100216.0
2020-08-27,47.71,47.71,46.18,46.99,96074.0
2020-08-28,47.11,47.77,46.54,47.53,119009.0
2020-08-31,48.55,50.05,47.38,48.34,289943.0
2020-09-01,47.89,52.54,47.74,52.54,330910.0
2020-09-02,54.49,55.24,51.94,54.34,600896.0
2020-09-03,53.29,54.34,51.52,53.14,286292.0
2020-09-04,52.09,55.78,51.79,54.16,339474.0
2020-09-07,53.89,56.83,53.86,55.54,379110.0
2020-09-08,55.69,60.46,55.42,56.83,483152.0
2020-09-09,56.59,59.14,53.92,57.34,371489.0
2020-09-10,58.09,58.99,56.59,57.61,245635.0
2020-09-11,56.59,58.39,55.78,58.3,197485.0
2020-09-14,58.42,59.86,56.5,57.61,214512.0
2020-09-15,57.61,58.54,56.23,58.18,270595.0
2020-09-16,58.06,61.81,57.22,61.15,305721.0
2020-09-17,61.03,65.08,60.16,63.94,396765.0
2020-09-18,63.34,64.09,60.49,64.09,410144.0
2020-09-21,62.53,63.31,60.49,61.09,339314.0
2020-09-22,60.61,60.91,58.69,59.59,206682.0
2020-09-23,59.08,61.09,59.08,59.68,229035.0
2020-09-24,58.96,59.62,57.19,57.79,287876.0
2020-09-25,58.99,60.49,57.85,58.42,196194.0
2020-09-28,59.35,61.48,59.17,61.42,316016.0
2020-09-29,61.99,62.29,58.69,60.52,318179.0
2020-09-30,60.49,65.29,59.65,63.85,348134.0
2020-10-09,66.73,69.04,65.29,66.16,364961.0
2020-10-12,68.47,72.13,66.79,72.13,379660.0
2020-10-13,73.96,78.7,70.66,78.7,504164.0
2020-10-14,78.61,78.61,74.62,76.03,426526.0
2020-10-15,78.34,79.87,74.59,74.65,431802.0
2020-10-16,75.49,76.09,72.7,74.05,320037.0
2020-10-19,73.63,77.59,72.13,75.25,406057.0
2020-10-20,75.25,82.12,73.54,82.09,579879.0
2020-10-21,80.29,83.59,79.39,80.2,442468.0
2020-10-22,79.69,83.56,75.94,80.8,437283.0
2020-10-23,80.8,83.56,78.13,81.34,400582.0
2020-10-26,76.99,81.91,76.09,78.4,450456.0
2020-10-27,76.96,77.83,75.19,76.27,345179.0
2020-10-28,77.38,82.03,76.27,80.38,468167.0
2020-10-29,78.49,83.08,77.83,79.63,523120.0
2020-10-30,80.14,81.94,76.99,77.65,472998.0
2020-11-02,77.68,81.1,77.23,79.84,442050.0
2020-11-03,80.14,85.99,77.68,83.59,613562.0
2020-11-04,83.59,91.03,82.06,89.65,746271.0
2020-11-05,90.49,93.13,88.69,92.59,643158.0
2020-11-06,91.99,96.19,88.72,91.57,605427.0
2020-11-09,90.52,91.48,87.55,89.59,493171.0
2020-11-10,88.57,88.57,81.64,85.99,577617.0
2020-11-11,84.13,85.66,79.87,80.59,485317.0
2020-11-12,81.04,84.52,80.74,83.53,367269.0
2020-11-13,84.49,85.9,82.99,84.19,350464.0
2020-11-16,83.74,83.74,78.79,81.34,426899.0
2020-11-17,82.6,84.97,81.64,82.39,415963.0
2020-11-18,81.49,83.74,79.99,82.57,315276.0
2020-11-19,83.77,84.46,79.69,81.28,306083.0
2020-11-20,81.94,87.46,81.34,86.29,561443.0
2020-11-23,86.89,89.8,84.49,88.3,507277.0
2020-11-24,90.46,91.0,85.54,85.84,434636.0
2020-11-25,85.63,91.99,84.37,89.74,550579.0
2020-11-26,87.37,88.12,84.76,86.8,353327.0
2020-11-27,87.19,90.4,85.6,88.42,362334.0
2020-11-30,88.39,90.58,85.99,90.16,433575.0
2020-12-01,90.16,90.94,87.52,90.34,372757.0
2020-12-02,89.05,89.5,84.34,85.51,442727.0
2020-12-03,84.79,85.09,81.49,81.85,397800.0
2020-12-04,81.73,83.53,80.14,82.66,210212.0
2020-12-07,81.52,82.3,80.68,81.61,191315.0
2020-12-08,82.99,85.24,82.84,84.16,375194.0
2020-12-09,84.73,84.73,81.67,81.94,210618.0
2020-12-10,80.89,81.49,78.7,79.69,266777.0
2020-12-11,80.32,81.94,79.72,81.28,239356.0
2020-12-14,81.28,87.19,79.39,86.53,440672.0
2020-12-15,86.59,90.67,85.9,88.87,426765.0
2020-12-16,88.9,89.59,86.05,87.94,276231.0
2020-12-17,87.37,88.9,85.39,85.51,268584.0
2020-12-18,85.66,93.4,84.85,93.4,660854.0
2020-12-21,95.29,101.74,93.91,100.09,903165.0
2020-12-22,99.07,106.24,97.12,97.39,611190.0
2020-12-23,99.49,106.48,98.29,106.48,584205.0
2020-12-24,105.49,105.55,100.99,103.9,423498.0
2020-12-25,99.49,109.09,97.15,106.75,361777.0
2020-12-28,106.54,114.97,104.05,112.42,495113.0
2020-12-29,110.29,117.49,106.99,108.46,529787.0
2020-12-30,109.69,118.54,108.46,118.03,511793.0
2020-12-31,118.09,121.06,115.78,119.92,444024.0
2021-01-04,114.85,124.39,114.52,120.82,416722.0
2021-01-05,120.82,122.77,117.52,121.36,383431.0
2021-01-06,121.06,123.73,116.14,119.35,323661.0
2021-01-07,118.69,130.63,117.46,130.63,456451.0
2021-01-08,133.12,135.61,126.49,133.99,391515.0
2021-01-11,134.89,146.47,134.89,144.85,443969.0
2021-01-12,141.49,156.01,137.29,152.8,495241.0
2021-01-13,152.8,161.65,148.99,155.92,557544.0
2021-01-14,152.02,154.99,140.98,140.98,504433.0
2021-01-15,132.7,150.49,127.54,137.02,868762.0
2021-01-18,132.49,133.06,127.12,130.09,551149.0
2021-01-19,130.72,131.98,124.69,126.37,487719.0
2021-01-20,127.21,131.38,125.35,127.99,447201.0
2021-01-21,127.33,132.67,121.18,129.04,670139.0
2021-01-22,127.0,129.85,121.63,124.6,597434.0
2021-01-25,124.99,136.42,124.87,136.42,804003.0
2021-01-26,138.49,145.09,132.55,139.21,660376.0
2021-01-27,136.99,138.49,127.81,133.12,476471.0
2021-01-28,128.29,136.12,125.89,129.43,363518.0
2021-01-29,130.99,134.83,128.2,132.25,311651.0
2021-02-01,129.49,132.79,125.62,126.13,376291.0
2021-02-02,127.72,138.1,126.55,138.1,552379.0
2021-02-03,139.03,139.99,128.89,130.54,606785.0
2021-02-04,129.07,129.34,124.99,126.61,337266.0
2021-02-05,126.19,128.29,120.61,120.88,376658.0
2021-02-08,124.09,129.1,123.19,127.24,369913.0
2021-02-09,129.1,131.44,124.66,129.19,359766.0
2021-02-10,132.25,136.18,127.3,133.87,431498.0
2021-02-18,135.76,136.93,129.61,131.29,359079.0
2021-02-19,127.99,129.52,123.85,128.74,299699.0
2021-02-22,129.49,129.49,121.42,121.78,477520.0
2021-02-23,118.39,118.39,111.82,112.93,613973.0
2021-02-24,112.45,114.73,105.25,106.66,609594.0
2021-02-25,109.27,109.69,102.31,103.54,508939.0
2021-02-26,98.74,101.83,96.22,100.6,446721.0
2021-03-01,101.29,102.4,97.27,101.98,389422.0
2021-03-02,102.52,103.51,98.56,100.57,345200.0
2021-03-03,99.49,102.19,98.44,102.1,258538.0
2021-03-04,100.39,100.42,97.03,97.72,269938.0
2021-03-05,95.23,102.1,94.09,100.99,378212.0
2021-03-08,100.99,101.89,92.59,92.8,464776.0
2021-03-09,93.64,97.3,88.66,95.68,522148.0
2021-03-10,98.95,101.14,97.72,99.52,421901.0
2021-03-11,98.89,102.37,97.63,99.97,363638.0
2021-03-12,100.93,101.59,97.33,99.13,260159.0
2021-03-15,97.33,98.29,94.87,95.98,232708.0
2021-03-16,95.98,98.95,95.98,96.76,210305.0
2021-03-17,96.34,97.81,94.33,97.03,190471.0
2021-03-18,98.23,100.18,97.36,97.87,188585.0
2021-03-19,95.53,97.03,93.73,93.73,224145.0
2021-03-22,94.39,96.22,93.43,95.5,180582.0
2021-03-23,95.44,95.83,91.75,92.41,199515.0
2021-03-24,92.47,93.25,88.87,90.61,218690.0
2021-03-25,89.5,93.73,89.11,91.75,177580.0
2021-03-26,92.08,100.18,92.08,100.18,439391.0
2021-03-29,96.43,97.63,94.21,94.75,481809.0
2021-03-30,93.31,96.91,93.16,96.4,298009.0
2021-03-31,101.11,104.38,97.15,97.72,480227.0
2021-04-01,98.74,105.82,98.71,104.62,559943.0
2021-04-02,104.98,113.23,101.53,110.47,596948.0
2021-04-06,111.1,114.19,108.28,110.59,417893.0
2021-04-07,110.62,110.62,105.34,106.33,373358.0
2021-04-08,103.84,106.33,102.73,104.71,269165.0
2021-04-09,105.85,106.24,100.66,102.19,284262.0
2021-04-12,102.19,102.82,98.05,98.5,245699.0
2021-04-13,99.43,100.93,97.81,99.07,215573.0
2021-04-14,99.37,102.97,99.37,102.61,291881.0
2021-04-15,100.39,101.83,98.08,100.39,257348.0
2021-04-16,100.39,107.17,99.37,105.67,479454.0
2021-04-19,108.43,115.48,106.03,115.39,742587.0
2021-04-20,115.42,121.27,111.13,112.9,742557.0
2021-04-21,110.83,115.27,109.99,113.95,458622.0
2021-04-22,111.16,112.27,106.69,109.33,541020.0
2021-04-23,108.1,111.73,107.83,108.49,298820.0
2021-04-26,106.33,109.87,106.33,107.05,328096.0
2021-04-27,106.03,107.83,104.08,107.14,244311.0
2021-04-28,106.93,110.53,105.13,109.81,331625.0
2021-04-29,109.06,111.55,107.47,109.84,309630.0
2021-04-30,109.0,110.08,106.33,107.62,245929.0
2021-05-06,107.62,108.64,104.32,106.42,230075.0
2021-05-07,106.42,106.42,98.68,101.05,359944.0
2021-05-10,99.43,104.17,97.48,102.43,285159.0
2021-05-11,99.73,101.41,98.08,99.85,284151.0
2021-05-12,99.22,104.77,98.53,102.82,307364.0
2021-05-13,101.23,101.38,99.13,99.49,213595.0
2021-05-14,98.83,101.02,98.56,99.55,217979.0
2021-05-17,99.88,107.32,99.64,106.66,480683.0
2021-05-18,106.51,106.51,103.63,104.8,254283.0
2021-05-19,104.17,113.05,103.69,110.71,543665.0
2021-05-20,111.13,114.82,108.97,110.44,479915.0
2021-05-21,110.47,112.33,106.93,109.75,412625.0
2021-05-24,108.01,110.14,105.91,109.18,261462.0
2021-05-25,109.03,114.58,107.74,113.23,407151.0
2021-05-26,115.72,123.82,115.72,118.42,644085.0
2021-05-27,119.95,120.13,115.57,116.38,336167.0
2021-05-28,115.33,121.33,114.01,117.58,354121.0
2021-05-31,117.49,118.63,112.9,118.3,279558.0
2021-06-01,118.03,122.08,115.87,120.31,312948.0
2021-06-02,120.76,125.98,120.76,121.93,399416.0
2021-06-03,124.33,126.13,120.04,120.16,296456.0
2021-06-04,119.8,124.06,117.76,123.13,302548.0
2021-06-07,123.13,124.93,121.03,121.9,212546.0
2021-06-08,122.47,127.42,122.47,126.52,348690.0
2021-06-09,123.43,128.65,121.96,127.63,293328.0
2021-06-10,126.64,136.81,125.86,134.71,399978.0
2021-06-11,133.36,143.83,132.13,140.23,455953.0
2021-06-15,141.13,146.23,137.32,139.48,394497.0
2021-06-16,137.68,137.83,126.28,126.28,389563.0
2021-06-17,122.77,131.08,121.87,127.93,353903.0
2021-06-18,129.49,139.93,128.08,136.27,431727.0
2021-06-21,134.83,143.23,131.5,140.02,345910.0
2021-06-22,140.11,144.64,136.66,139.42,278260.0
2021-06-23,139.69,148.33,139.69,143.2,432354.0
2021-06-24,143.26,146.83,140.32,141.88,323213.0
2021-06-25,144.19,144.91,137.83,138.97,386252.0
2021-06-28,139.27,143.17,137.02,140.29,309407.0
2021-06-29,142.33,144.22,136.33,138.79,298201.0
2021-06-30,138.73,138.73,133.81,138.1,240999.0
2021-07-01,138.07,139.15,134.05,134.44,175632.0
2021-07-02,134.02,135.52,130.66,132.97,216264.0
2021-07-05,132.13,142.84,131.02,141.73,418509.0
2021-07-06,142.78,148.33,141.73,145.51,435086.0
2021-07-07,142.66,148.87,139.72,146.38,314512.0
2021-07-08,148.27,148.75,143.35,143.5,256106.0
2021-07-09,144.61,156.73,143.29,154.72,542154.0
2021-07-12,154.33,161.83,150.37,154.03,463571.0
2021-07-13,152.83,156.28,149.62,151.33,282708.0
2021-07-14,150.37,150.37,142.33,142.48,371285.0
2021-07-15,141.64,143.59,134.83,138.61,389315.0
2021-07-16,137.83,145.03,136.33,141.37,309730.0
2021-07-19,136.33,144.61,131.23,143.23,282375.0
2021-07-20,140.83,146.23,139.93,143.89,163331.0
2021-07-21,151.33,157.54,151.33,157.54,335373.0
2021-07-22,162.67,162.67,154.93,160.42,496046.0
2021-07-23,157.33,172.33,156.73,172.18,473944.0
2021-07-26,170.11,175.33,165.73,170.62,420558.0
2021-07-27,170.23,176.23,161.08,163.81,361146.0
2021-07-28,157.93,166.33,156.82,160.36,307097.0
2021-07-29,166.66,175.66,160.51,175.66,434974.0
2021-07-30,175.33,191.8,172.87,189.46,501647.0
2021-08-02,192.4,202.6,186.61,198.46,523604.0
2021-08-03,193.33,198.43,182.56,184.69,409367.0
2021-08-04,184.27,196.63,181.33,191.23,372854.0
2021-08-05,188.83,199.93,181.69,197.5,384989.0
2021-08-06,199.48,202.99,193.27,194.89,247718.0
2021-08-09,189.37,189.82,182.83,187.39,272952.0
2021-08-10,187.57,191.5,174.31,181.93,470116.0
2021-08-11,181.93,182.47,174.79,179.53,289963.0
2021-08-12,178.21,193.81,175.93,189.25,452489.0
2021-08-13,185.38,188.83,181.78,182.68,243143.0
2021-08-16,180.37,185.98,177.73,180.46,247556.0
2021-08-17,178.66,182.68,170.83,174.1,311468.0
2021-08-18,172.93,174.88,168.52,170.47,258906.0
2021-08-19,172.93,182.83,170.83,178.96,363558.0
2021-08-20,177.73,183.88,173.56,182.14,336316.0
2021-08-23,182.23,190.33,178.3,189.52,368204.0
2021-08-24,188.71,193.33,184.03,185.86,321102.0
2021-08-25,186.16,196.78,184.42,191.02,302122.0
2021-08-26,190.3,193.24,179.47,182.17,336163.0
2021-08-27,181.27,199.33,180.4,196.24,467967.0
2021-08-30,199.27,210.64,195.31,202.63,405583.0
2021-08-31,202.6,208.93,198.43,205.69,265642.0
2021-09-01,205.6,207.43,189.13,202.09,303230.0
2021-09-02,201.73,207.37,196.63,198.37,228659.0
2021-09-03,198.01,198.01,186.13,192.13,284851.0
2021-09-06,191.95,196.24,188.83,193.72,234710.0
2021-09-07,193.75,195.67,190.93,195.04,198034.0
2021-09-08,194.83,195.28,189.73,191.32,180282.0
2021-09-09,189.37,192.34,185.2,190.96,209211.0
2021-09-10,190.24,190.3,186.31,187.39,219815.0
2021-09-13,187.33,193.33,185.56,188.26,212537.0
2021-09-14,188.47,197.83,183.73,195.73,316623.0
2021-09-15,193.33,195.52,189.43,190.33,194002.0
2021-09-16,190.72,191.23,173.38,173.38,430124.0
2021-09-17,174.91,181.0,174.91,177.76,185828.0
2021-09-22,175.03,181.33,169.27,174.58,168069.0
2021-09-23,174.58,178.63,170.11,170.95,217059.0
2021-09-24,171.43,173.59,169.33,170.53,162545.0
2021-09-27,170.53,172.93,164.95,167.92,231037.0
2021-09-28,167.98,169.27,160.87,161.89,285472.0
2021-09-29,158.98,167.32,157.87,161.62,253517.0
2021-09-30,161.59,169.51,159.61,165.13,225282.0
2021-10-08,169.33,170.83,163.36,167.53,185943.0
2021-10-11,167.53,177.4,165.91,172.87,268844.0
2021-10-12,172.06,183.37,170.23,178.57,319782.0
2021-10-13,178.03,188.62,175.93,186.73,303466.0
2021-10-14,186.76,197.83,186.76,195.22,308374.0
2021-10-15,196.33,199.27,190.6,196.18,250271.0
2021-10-18,196.03,202.21,194.98,197.53,234404.0
2021-10-19,197.53,201.37,192.64,193.21,240649.0
2021-10-20,195.64,200.08,192.43,197.53,270788.0
2021-10-21,196.03,196.09,188.83,190.87,193357.0
2021-10-22,192.7,197.23,191.41,195.58,180142.0
2021-10-25,195.43,210.16,193.36,208.87,304540.0
2021-10-26,213.13,217.63,205.72,207.7,287193.0
2021-10-27,206.2,215.08,205.54,209.77,227449.0
2021-10-28,208.54,211.51,204.91,206.08,133502.0
2021-10-29,205.42,214.36,201.73,212.23,200068.0
2021-11-01,209.11,211.63,197.23,205.03,238744.0
2021-11-02,205.0,210.94,197.23,203.23,228574.0
2021-11-03,201.46,202.6,188.23,192.73,288940.0
2021-11-04,195.43,201.28,192.04,197.29,188670.0
2021-11-05,197.08,200.68,193.78,196.78,113851.0
2021-11-08,196.75,201.58,193.87,197.8,140050.0
2021-11-09,197.23,200.44,193.87,197.29,97435.0
2021-11-10,194.65,196.75,188.23,192.79,172349.0
2021-11-11,192.73,196.12,189.73,193.48,160379.0
2021-11-12,194.23,196.0,191.83,193.48,124773.0
2021-11-15,193.48,193.48,181.75,185.77,237697.0
2021-11-16,185.83,187.12,179.83,183.52,163435.0
2021-11-17,186.37,186.73,182.23,184.33,185162.0
2021-11-18,183.97,187.57,180.73,185.44,141812.0
2021-11-19,186.88,187.54,180.73,185.86,193584.0
2021-11-22,186.97,202.93,186.97,200.5,405664.0
2021-11-23,200.23,200.23,191.62,194.17,271494.0
2021-11-24,191.89,193.27,188.53,192.25,155029.0
2021-11-25,190.93,191.95,183.73,184.93,198972.0
2021-11-26,183.28,188.83,182.47,185.08,131429.0
2021-11-29,182.02,186.58,177.55,184.45,133808.0
2021-11-30,185.62,188.2,181.63,187.81,204046.0
2021-12-01,187.48,187.57,180.67,181.84,205685.0
2021-12-02,181.33,184.99,179.71,183.7,162382.0
2021-12-03,182.23,183.55,177.01,179.83,235066.0
2021-12-06,179.23,183.43,177.43,178.24,187277.0
2021-12-07,180.13,180.73,172.63,175.93,202471.0
2021-12-08,175.63,177.7,172.24,177.1,194771.0
2021-12-09,179.05,180.34,175.09,178.06,250390.0
2021-12-10,175.96,179.83,175.21,178.48,252470.0
2021-12-13,177.73,179.08,173.23,173.74,280443.0
2021-12-14,172.36,173.08,166.03,167.65,361334.0
2021-12-15,165.73,169.21,164.23,165.25,279829.0
2021-12-16,165.31,170.05,163.87,168.1,310767.0
2021-12-17,167.83,168.46,164.23,164.23,189092.0
2021-12-20,163.03,164.83,159.49,160.03,218589.0
2021-12-21,159.49,163.03,159.22,162.13,166638.0
2021-12-22,163.78,165.88,163.78,165.01,203394.0
2021-12-23,166.39,168.58,164.38,166.87,243435.0
2021-12-24,166.87,167.23,155.83,158.59,289245.0
2021-12-27,157.54,157.9,151.42,154.21,230336.0
2021-12-28,154.63,156.7,153.19,155.23,211826.0
2021-12-29,155.23,155.56,152.11,153.94,166939.0
2021-12-30,153.97,156.34,152.83,154.03,154432.0
2021-12-31,155.92,157.51,152.26,153.85,199442.0
2022-01-04,155.23,156.73,150.76,151.57,239783.0
2022-01-05,149.83,151.03,145.42,146.17,295364.0
2022-01-06,146.17,146.44,139.93,142.06,378642.0
2022-01-07,145.63,149.26,140.68,143.74,405709.0
2022-01-10,142.57,149.2,140.83,148.93,366025.0
2022-01-11,147.88,147.88,138.76,140.56,405741.0
2022-01-12,141.97,149.56,141.4,149.38,475561.0
2022-01-13,149.62,150.07,142.87,143.2,352858.0
2022-01-14,141.37,144.73,139.48,143.29,221089.0
2022-01-17,142.87,147.37,142.15,144.76,227272.0
2022-01-18,143.56,147.13,142.84,145.75,198306.0
2022-01-19,144.73,146.65,139.48,141.34,239757.0
2022-01-20,141.25,144.13,138.25,141.55,174992.0
2022-01-21,140.59,142.63,139.33,140.23,127572.0
2022-01-24,137.23,139.0,131.86,138.01,373659.0
2022-01-25,138.76,141.4,136.78,137.02,233239.0
2022-01-26,136.81,139.72,134.5,136.18,217266.0
2022-01-27,135.97,136.15,129.37,129.58,273521.0
2022-01-28,130.24,131.23,126.61,128.11,264156.0
2022-02-07,131.29,135.13,129.82,131.53,200082.0
2022-02-08,131.92,132.4,127.66,129.13,181384.0
2022-02-09,130.09,133.45,127.9,132.28,218436.0
2022-02-10,132.49,132.79,128.38,129.13,162145.0
2022-02-11,128.23,128.77,123.97,124.36,201906.0
2022-02-14,123.4,124.87,121.06,122.53,179599.0
2022-02-15,121.6,124.93,121.21,124.18,241789.0
2022-02-16,125.47,126.7,124.66,126.01,146903.0
2022-02-17,126.13,126.61,123.73,124.87,193012.0
2022-02-18,124.24,124.24,121.99,122.98,151909.0
2022-02-21,122.56,123.4,121.36,122.59,130436.0
2022-02-22,121.87,121.9,117.73,118.99,219497.0
2022-02-23,119.05,124.18,119.05,123.64,293591.0
2022-02-24,122.23,123.07,116.53,118.0,327368.0
2022-02-25,119.23,122.41,118.48,119.23,254174.0
2022-02-28,118.87,119.17,116.68,117.76,257441.0
2022-03-01,119.5,120.19,118.03,118.63,232384.0
2022-03-02,117.43,117.97,115.33,116.26,218593.0
2022-03-03,116.98,117.07,109.36,109.75,506002.0
2022-03-04,108.07,109.78,106.39,107.95,258347.0
2022-03-07,106.33,106.33,103.21,103.99,267182.0
2022-03-08,104.17,104.74,98.23,99.4,346013.0
2022-03-09,99.34,100.33,93.67,97.36,342435.0
2022-03-10,99.73,100.03,96.58,97.33,348770.0
2022-03-11,95.23,97.87,93.97,97.6,318591.0
2022-03-14,96.31,96.37,93.34,93.34,316906.0
2022-03-15,92.68,94.33,89.89,90.01,356465.0
2022-03-16,91.69,93.49,87.94,93.28,412104.0
2022-03-17,94.6,95.92,93.34,93.34,444385.0
2022-03-18,92.53,94.3,91.63,93.64,322531.0
2022-03-21,94.48,95.8,92.35,93.76,333759.0
2022-03-22,93.4,97.21,92.56,94.87,481639.0
2022-03-23,95.8,96.73,93.88,94.63,401690.0
2022-03-24,93.85,94.78,92.47,94.03,266138.0
2022-03-25,94.78,94.87,91.06,91.18,322410.0
2022-03-28,90.55,91.78,88.63,90.13,244183.0
2022-03-29,91.33,93.13,89.29,89.38,270264.0
2022-03-30,90.73,93.88,89.89,93.85,420875.0
2022-03-31,92.98,93.58,90.13,90.43,370302.0
2022-04-01,89.59,92.68,89.32,91.51,286020.0
2022-04-06,91.93,91.93,87.55,88.36,397894.0
2022-04-07,87.76,89.98,86.77,86.95,294853.0
2022-04-08,86.98,87.88,84.79,87.25,258228.0
2022-04-11,86.44,86.47,81.58,81.58,355928.0
2022-04-12,81.85,83.71,80.65,83.5,251500.0
2022-04-13,82.87,84.85,82.21,83.68,203034.0
2022-04-14,85.18,87.13,85.03,85.66,260358.0
2022-04-15,84.88,85.93,83.08,85.27,244951.0
2022-04-18,86.29,87.52,84.58,87.28,287659.0
2022-04-19,87.64,88.87,83.98,84.46,366785.0
2022-04-20,84.46,86.98,83.86,84.61,314175.0
2022-04-21,83.23,84.58,80.71,80.92,267115.0
2022-04-22,80.23,82.63,79.63,81.31,260671.0
2022-04-25,80.74,82.48,75.73,75.97,354903.0
2022-04-26,76.3,77.68,74.83,75.16,297662.0
2022-04-27,74.17,77.17,72.28,76.69,341470.0
2022-04-28,76.03,78.1,75.73,77.17,235284.0
2022-04-29,79.21,83.17,77.62,82.69,417308.0
2022-05-05,81.13,83.74,80.32,82.51,376912.0
2022-05-06,80.08,80.41,79.21,79.66,227978.0
2022-05-09,78.73,79.84,77.44,78.22,167211.0
2022-05-10,75.73,77.89,74.83,77.38,252818.0
2022-05-11,77.38,84.31,77.38,84.31,312912.0
2022-05-12,85.63,90.97,84.58,88.87,1049395.0
2022-05-13,87.88,96.94,87.13,96.94,1133287.0
2022-05-16,99.37,99.37,93.97,95.23,929327.0
2022-05-17,94.51,103.93,94.09,103.93,857405.0
2022-05-18,104.23,113.5,101.98,109.24,1370972.0
2022-05-19,106.87,119.23,105.82,115.51,1127529.0
2022-05-20,113.17,115.99,111.7,112.03,866565.0
2022-05-23,111.61,115.3,107.92,110.47,1033487.0
2022-05-24,114.04,116.35,109.48,111.55,1154649.0
2022-05-25,109.03,121.54,106.84,119.74,1149982.0
2022-05-26,116.8,118.24,113.5,114.13,843588.0
2022-05-27,113.53,118.42,110.56,112.99,778321.0
2022-05-30,113.2,114.34,108.94,110.5,685726.0
2022-05-31,110.53,110.56,104.86,108.04,763014.0
2022-06-01,110.44,112.84,109.51,109.81,766762.0
2022-06-02,108.16,117.91,108.1,114.85,907017.0
2022-06-06,112.9,120.16,112.84,117.52,891169.0
2022-06-07,116.44,116.92,112.18,113.71,579871.0
2022-06-08,113.59,120.94,112.99,120.61,873766.0
2022-06-09,120.19,120.19,115.09,115.18,638816.0
2022-06-10,113.98,120.04,113.29,118.0,720067.0
2022-06-13,116.14,125.35,114.94,123.76,864491.0
2022-06-14,121.24,134.41,119.41,132.13,923585.0
2022-06-15,131.44,142.0,126.64,126.76,1122115.0
2022-06-16,125.86,129.22,123.52,124.27,591751.0
2022-06-17,122.77,127.81,122.44,125.74,506980.0
2022-06-20,125.74,127.57,123.64,125.26,410094.0
2022-06-21,124.72,125.2,119.68,123.4,514514.0
2022-06-22,123.37,126.28,122.11,122.41,382944.0
2022-06-23,123.94,129.91,123.94,129.67,737531.0
2022-06-24,130.84,132.01,126.91,128.17,594488.0
2022-06-27,128.29,135.43,125.62,131.29,722113.0
2022-06-28,129.04,139.24,127.84,134.98,823974.0
2022-06-29,132.7,134.86,122.44,122.47,835607.0
2022-06-30,119.74,124.3,118.09,119.56,636842.0
2022-07-01,119.59,121.87,113.5,120.13,598173.0
2022-07-04,120.04,120.04,116.44,116.86,428228.0
2022-07-05,116.41,119.32,112.24,113.83,555794.0
2022-07-06,113.83,117.46,113.44,115.33,400678.0
2022-07-07,114.76,121.18,114.76,120.46,623120.0
2022-07-08,121.12,121.54,116.08,116.29,394839.0
2022-07-11,114.94,114.94,109.24,110.86,523606.0
2022-07-12,110.86,114.04,108.25,109.54,318266.0
2022-07-13,109.54,111.34,107.68,109.96,290792.0
2022-07-14,109.54,110.98,108.97,109.75,235215.0
2022-07-15,110.98,115.99,110.74,111.94,558038.0
2022-07-18,112.87,118.24,111.88,116.32,550622.0
2022-07-19,115.9,117.61,113.62,115.3,334602.0
2022-07-20,115.63,115.9,113.44,113.71,236009.0
2022-07-21,113.44,114.19,110.47,111.28,244649.0
2022-07-22,112.09,115.78,111.67,114.01,353401.0
2022-07-25,113.14,113.44,109.18,110.14,253967.0
2022-07-26,110.11,112.48,109.84,110.65,205331.0
2022-07-27,109.78,111.46,108.97,109.6,199533.0
2022-07-28,109.84,112.12,109.0,109.93,254772.0
2022-07-29,109.93,113.89,108.34,111.85,401413.0
2022-08-01,111.94,117.82,110.53,116.89,554650.0
2022-08-02,114.64,114.94,110.68,111.61,407815.0
2022-08-03,111.61,115.06,108.97,109.87,352803.0
2022-08-04,109.99,111.04,104.44,105.85,480714.0
2022-08-05,105.88,106.21,101.74,103.63,425499.0
2022-08-08,103.81,105.76,102.88,105.43,236983.0
2022-08-09,105.43,107.41,104.41,105.25,206224.0
2022-08-10,105.25,106.18,102.97,103.33,243761.0
2022-08-11,103.33,104.44,101.8,104.02,253449.0
2022-08-12,104.05,104.53,102.97,103.09,194657.0
2022-08-15,101.74,103.9,100.99,102.37,188799.0
2022-08-16,102.58,105.04,102.22,102.76,280141.0
2022-08-17,103.06,104.74,100.84,104.14,321559.0
2022-08-18,103.99,105.13,101.98,102.28,263546.0
2022-08-19,102.34,102.55,100.03,100.21,207522.0
2022-08-22,100.51,109.39,100.36,109.39,804537.0
2022-08-23,110.14,112.39,108.61,111.49,733647.0
2022-08-24,111.37,111.4,108.61,108.73,366547.0
2022-08-25,109.45,113.86,107.74,113.41,607187.0
2022-08-26,113.11,115.6,111.22,114.49,563505.0
2022-08-29,111.85,113.86,109.3,110.32,371456.0
2022-08-30,110.32,113.89,109.57,111.04,304274.0
2022-08-31,109.27,110.02,105.01,108.82,380031.0
2022-09-01,106.81,107.44,105.04,105.19,240395.0
2022-09-02,105.37,105.85,102.19,103.39,238697.0
2022-09-05,103.42,103.51,98.95,102.01,286647.0
2022-09-06,102.43,104.53,102.34,103.96,221161.0
2022-09-07,103.03,106.54,102.58,104.71,233982.0
2022-09-08,104.71,106.0,100.99,101.38,258716.0
2022-09-09,101.71,102.88,100.54,102.37,210716.0
2022-09-13,103.12,105.7,102.7,104.44,221231.0
2022-09-14,102.79,105.19,102.04,103.66,236061.0
2022-09-15,103.96,104.44,99.04,100.15,262571.0
2022-09-16,99.34,100.15,95.08,95.08,317025.0
2022-09-19,95.41,99.94,95.41,98.38,318761.0
2022-09-20,99.49,100.9,97.54,97.93,209996.0
2022-09-21,97.15,97.84,95.5,96.76,172182.0
2022-09-22,95.44,95.44,93.43,94.33,192528.0
2022-09-23,94.69,96.1,92.59,93.91,171190.0
2022-09-26,93.7,95.83,92.77,94.54,178827.0
2022-09-27,94.69,96.64,94.69,96.61,180499.0
2022-09-28,96.55,96.58,92.74,92.77,183665.0
2022-09-29,94.39,94.84,92.5,92.74,171045.0
2022-09-30,92.59,93.49,91.48,91.84,151082.0
2022-10-10,89.47,90.52,86.44,86.8,234567.0
2022-10-11,86.65,87.52,84.91,86.71,168905.0
2022-10-12,86.53,89.32,84.97,89.26,189805.0
2022-10-13,88.99,90.07,87.64,87.73,161273.0
2022-10-14,88.75,90.25,87.97,89.35,187601.0
2022-10-17,90.94,91.84,89.35,90.91,241145.0
2022-10-18,92.44,93.85,90.73,91.0,246536.0
2022-10-19,90.28,91.54,88.84,88.93,169531.0
2022-10-20,87.7,89.44,87.07,87.82,174087.0
2022-10-21,88.75,89.02,87.07,87.28,128103.0
2022-10-24,89.44,92.59,88.24,89.59,368324.0
2022-10-25,89.59,91.18,86.08,90.07,256182.0
2022-10-26,90.22,93.04,89.35,92.11,308837.0
2022-10-27,92.89,98.71,92.14,96.34,459974.0
2022-10-28,96.34,97.69,93.97,95.29,333646.0
2022-10-31,93.94,97.24,93.82,95.92,245094.0
2022-11-01,96.1,97.39,94.54,96.85,236657.0
2022-11-02,95.5,99.91,95.35,98.47,335058.0
2022-11-03,97.51,99.19,95.74,96.16,239943.0
2022-11-04,95.83,104.44,95.8,102.04,444802.0
2022-11-07,100.63,102.67,99.97,101.2,236709.0
2022-11-08,101.08,102.07,99.79,100.57,174420.0
2022-11-09,100.84,101.23,99.04,99.13,139106.0
2022-11-10,98.35,100.24,97.0,99.16,210186.0
2022-11-11,102.37,102.88,99.34,100.3,236675.0
2022-11-14,100.75,101.74,98.71,98.98,161405.0
2022-11-15,98.44,101.29,97.48,100.84,163589.0
2022-11-16,100.39,101.59,98.74,98.77,139534.0
2022-11-17,97.69,97.69,94.48,96.16,264498.0
2022-11-18,97.12,97.45,95.47,95.53,150013.0
2022-11-21,95.23,96.73,93.49,95.98,128925.0
2022-11-22,96.19,96.88,94.72,95.2,106866.0
2022-11-23,94.84,96.01,94.6,95.02,93601.0
2022-11-24,95.77,96.19,94.57,95.11,110687.0
2022-11-25,94.69,94.9,93.37,93.88,134962.0
2022-11-28,92.89,94.99,91.21,94.6,149214.0
2022-11-29,94.6,96.79,93.97,96.31,163842.0
2022-11-30,96.34,105.1,96.16,104.38,716789.0
2022-12-01,105.88,110.14,104.23,104.68,544308.0
2022-12-02,104.62,104.65,102.01,102.07,236454.0
2022-12-05,103.0,103.78,101.26,101.89,219850.0
2022-12-06,100.99,106.24,100.33,103.39,288990.0
2022-12-07,103.45,105.73,103.45,103.96,240584.0
2022-12-08,102.94,104.74,102.49,103.09,158897.0
2022-12-09,101.8,103.81,101.47,103.09,181463.0
2022-12-12,101.92,102.94,100.69,101.32,144083.0
2022-12-13,100.84,104.29,100.75,101.44,136602.0
2022-12-14,101.08,101.47,99.64,100.69,119116.0
2022-12-15,100.69,102.49,99.79,101.77,174191.0
2022-12-16,100.48,101.68,99.49,100.03,143094.0
2022-12-19,100.72,103.51,98.74,99.07,205776.0
2022-12-20,98.56,99.04,95.74,97.87,177596.0
2022-12-21,98.2,98.74,95.86,96.25,142817.0
2022-12-22,97.42,102.04,96.52,99.97,313280.0
2022-12-23,99.37,99.55,96.49,97.09,169185.0
2022-12-26,96.4,99.04,95.41,98.59,139877.0
2022-12-27,98.5,99.34,97.48,99.1,130502.0
2022-12-28,97.87,98.02,94.78,96.1,189500.0
2022-12-29,95.68,97.81,95.05,96.34,118163.0
2022-12-30,97.87,99.73,97.15,97.3,206476.0
2023-01-03,95.08,96.49,94.09,95.74,244961.0
2023-01-04,94.87,95.44,93.64,94.36,158198.0
2023-01-05,95.44,97.24,95.08,95.71,203881.0
2023-01-06,95.44,97.69,95.14,96.4,158477.0
2023-01-09,96.4,97.48,95.74,96.01,171943.0
2023-01-10,96.55,99.94,94.87,99.16,341063.0
2023-01-11,97.54,99.16,96.97,97.33,244480.0
2023-01-12,97.51,100.42,97.39,98.2,225571.0
2023-01-13,98.02,99.85,95.8,96.67,274595.0
2023-01-16,97.12,98.08,96.04,97.36,187684.0
2023-01-17,97.84,98.71,97.0,97.78,135267.0
2023-01-18,97.99,100.0,97.84,98.26,192845.0
2023-01-19,97.72,98.98,97.51,98.02,123597.0
2023-01-20,98.02,99.88,98.02,99.64,178957.0
2023-01-30,103.03,105.76,101.05,101.59,378913.0
2023-01-31,101.47,102.58,100.93,101.26,179944.0
2023-02-01,101.26,105.61,101.26,105.49,334995.0
2023-02-02,105.64,107.92,104.89,105.82,312108.0
2023-02-03,105.52,106.24,103.51,104.74,163487.0
2023-02-06,104.74,105.49,102.79,102.94,136900.0
2023-02-07,102.82,103.69,102.04,102.82,102249.0
2023-02-08,101.74,103.72,100.6,102.37,145439.0
2023-02-09,101.59,103.84,101.26,103.33,134244.0
2023-02-10,103.18,104.44,102.04,102.31,124295.0
2023-02-13,101.44,103.9,100.12,103.3,192474.0
2023-02-14,103.75,107.08,102.91,106.78,282578.0
2023-02-15,108.04,108.64,106.39,107.02,247890.0
2023-02-16,107.74,109.84,105.97,106.54,282857.0
2023-02-17,106.6,108.82,106.0,106.21,178868.0
2023-02-20,106.45,106.9,103.48,106.27,209210.0
2023-02-21,106.54,111.94,106.27,110.86,370525.0
2023-02-22,110.26,112.12,109.24,111.37,224571.0
2023-02-23,111.73,116.35,111.49,115.36,336792.0
2023-02-24,114.94,116.08,110.98,111.43,299516.0
2023-02-27,110.14,113.41,109.93,112.09,200891.0
2023-02-28,111.73,113.17,109.78,111.91,242976.0
2023-03-01,111.25,115.63,109.99,114.67,246502.0
2023-03-02,114.01,115.42,112.87,112.99,155596.0
2023-03-03,113.11,114.04,111.85,112.87,111625.0
2023-03-06,112.24,112.78,109.96,112.6,155850.0
2023-03-07,112.0,113.14,110.14,110.29,159013.0
2023-03-08,109.48,110.44,109.03,110.35,127154.0
2023-03-09,110.65,110.95,108.07,109.24,234848.0
2023-03-10,108.07,108.07,99.16,99.16,654937.0
2023-03-13,95.62,96.82,93.34,93.91,443194.0
2023-03-14,93.64,94.24,89.77,90.25,532310.0
2023-03-15,90.61,91.03,88.87,89.14,346279.0
2023-03-16,88.39,90.1,87.76,88.81,231204.0
2023-03-17,89.32,89.89,87.58,87.91,261295.0
2023-03-20,87.91,88.39,86.35,86.77,206648.0
2023-03-21,87.52,89.44,86.56,89.23,244337.0
2023-03-22,90.04,90.55,88.54,89.62,264705.0
2023-03-23,89.38,89.95,88.3,89.86,144857.0
2023-03-24,90.04,90.49,89.14,89.53,125303.0
2023-03-27,89.44,89.89,88.72,89.68,112520.0
2023-03-28,89.68,94.03,89.38,93.52,318794.0
2023-03-29,93.28,94.03,91.87,91.93,194149.0
2023-03-30,91.93,93.64,90.64,93.16,190915.0
2023-03-31,94.15,94.24,91.96,92.23,188421.0
2023-04-03,92.23,92.44,90.01,90.4,266927.0
2023-04-04,90.01,90.16,88.15,89.32,263250.0
2023-04-06,89.17,89.65,88.33,88.87,124498.0
2023-04-07,88.6,90.46,88.48,90.25,155081.0
2023-04-10,90.07,90.85,88.84,89.47,153767.0
2023-04-11,89.02,89.74,87.76,88.9,202963.0
2023-04-12,88.96,89.08,87.55,87.7,121076.0
2023-04-13,87.43,87.7,85.87,86.02,220765.0
2023-04-14,88.57,93.19,87.43,91.48,604114.0
2023-04-17,90.28,96.04,90.25,95.74,471486.0
2023-04-18,95.74,98.68,95.74,97.39,406242.0
2023-04-19,97.24,97.24,94.3,95.62,342038.0
2023-04-20,94.81,94.81,92.44,92.95,216102.0
2023-04-21,92.38,93.4,90.52,90.55,199933.0
2023-04-24,88.45,94.39,85.54,92.26,348368.0
2023-04-25,92.29,92.29,87.49,88.24,218263.0
2023-04-26,88.12,91.12,87.64,89.2,151368.0
2023-04-27,88.81,91.42,88.3,90.16,160504.0
2023-04-28,90.1,91.54,88.57,89.02,165638.0
2023-05-04,89.02,89.65,87.7,88.06,133449.0
2023-05-05,88.06,88.66,86.29,86.62,140349.0
2023-05-08,87.04,88.96,86.71,87.13,131208.0
2023-05-09,87.43,89.29,86.47,88.0,184062.0
2023-05-10,87.94,93.49,87.34,93.37,389688.0
2023-05-11,92.32,95.8,91.0,93.4,304894.0
2023-05-12,93.13,94.3,91.63,91.75,141041.0
2023-05-15,91.75,93.34,91.69,92.86,121722.0
2023-05-16,93.88,93.88,89.65,90.07,172770.0
2023-05-17,90.04,90.76,88.24,89.29,127084.0
2023-05-18,89.38,90.19,88.0,88.81,111864.0
2023-05-19,88.81,89.29,87.94,89.08,84317.0
2023-05-22,89.08,90.73,88.24,90.04,131562.0
2023-05-23,89.89,90.88,88.45,88.54,112141.0
2023-05-24,87.97,89.08,87.37,87.73,95305.0
2023-05-25,87.46,87.64,81.94,82.84,350316.0
2023-05-26,82.15,82.15,77.92,79.66,424902.0
2023-05-29,79.6,79.6,76.39,76.54,458439.0
2023-05-30,76.15,78.79,75.7,77.44,320616.0
2023-05-31,77.17,77.44,75.82,76.21,185337.0
2023-06-01,76.54,77.98,76.09,76.9,182442.0
2023-06-02,76.9,79.24,76.63,79.18,263969.0
2023-06-05,79.51,79.81,77.44,78.64,170860.0
2023-06-06,79.24,80.32,78.13,78.49,175042.0
2023-06-07,78.58,78.82,76.78,77.71,168477.0
2023-06-08,77.68,78.31,76.99,77.5,110661.0
2023-06-09,78.37,79.15,77.56,78.13,194663.0
2023-06-12,77.89,80.02,77.53,79.57,236224.0
2023-06-13,79.54,81.01,79.39,80.62,198897.0
2023-06-14,81.04,81.76,80.44,80.83,178288.0
2023-06-15,80.77,84.19,80.59,82.9,276911.0
2023-06-16,83.17,84.52,82.45,82.99,213228.0
2023-06-19,82.99,85.33,82.81,84.52,279533.0
2023-06-20,84.49,84.49,83.05,83.62,165953.0
2023-06-21,83.26,85.12,82.99,83.68,206606.0
2023-06-26,83.29,86.44,82.84,83.98,254958.0
2023-06-27,83.5,84.16,81.7,83.74,199932.0
2023-06-28,83.8,85.09,82.57,83.23,138822.0
2023-06-29,83.29,84.64,82.99,83.8,152747.0
2023-06-30,83.74,84.82,83.02,83.95,105813.0
2023-07-03,84.64,87.1,84.49,86.92,317672.0
2023-07-04,87.04,87.94,85.75,87.1,248350.0
2023-07-05,86.98,87.01,85.63,85.66,158315.0
2023-07-06,85.45,86.95,84.82,86.38,148488.0
2023-07-07,86.11,86.98,85.6,86.17,111377.0
2023-07-10,86.17,87.34,84.97,85.3,98491.0
2023-07-11,85.84,87.52,85.24,87.1,163248.0
2023-07-12,87.16,88.72,86.23,86.47,170670.0
2023-07-13,86.44,87.19,85.51,86.35,104982.0
2023-07-14,86.23,86.32,84.94,85.54,88287.0
2023-07-17,85.24,85.24,83.44,84.46,105892.0
2023-07-18,84.52,86.35,83.74,85.81,124292.0
2023-07-19,85.27,86.11,85.03,85.33,87767.0
2023-07-20,85.81,86.38,84.01,84.13,100029.0
2023-07-21,84.16,85.36,83.41,84.55,77790.0
2023-07-24,83.8,85.33,83.08,84.01,79939.0
2023-07-25,84.97,90.16,84.97,89.29,400565.0
2023-07-26,89.29,89.29,87.37,87.64,142717.0
2023-07-27,88.84,90.55,87.01,87.25,205591.0
2023-07-28,86.95,94.48,85.69,93.85,534047.0
2023-07-31,94.72,99.82,94.72,98.02,488511.0
2023-08-01,96.97,101.98,96.49,97.99,406155.0
2023-08-02,97.99,103.99,97.99,100.0,371987.0
2023-08-03,99.37,99.94,97.78,98.89,198827.0
2023-08-04,99.43,101.14,98.59,98.83,185321.0
2023-08-07,98.65,100.18,97.54,98.53,158702.0
2023-08-08,97.99,98.74,96.67,97.72,132591.0
2023-08-09,97.72,97.81,95.74,96.64,142611.0
2023-08-10,96.34,97.27,94.69,95.5,182105.0
2023-08-11,95.47,96.01,93.04,93.31,201330.0
2023-08-14,92.11,92.17,87.55,89.5,277434.0
2023-08-15,90.28,90.82,88.42,89.2,154739.0
2023-08-16,88.84,89.14,87.34,87.64,142114.0
2023-08-17,87.22,88.99,86.44,88.54,161140.0
2023-08-18,88.33,88.54,86.98,87.01,126513.0
2023-08-21,86.98,87.34,85.39,85.42,97197.0
2023-08-22,86.08,86.98,84.43,86.5,133094.0
2023-08-23,85.84,86.2,84.25,84.34,98488.0
2023-08-24,84.82,87.46,84.22,86.23,136403.0
2023-08-25,86.26,87.25,85.48,86.14,116709.0
2023-08-28,91.48,91.54,86.71,87.04,213684.0
2023-08-29,87.34,89.89,86.62,89.23,184549.0
2023-08-30,89.23,89.47,87.94,88.93,135579.0
2023-08-31,88.81,88.81,87.28,87.67,136364.0
2023-09-01,87.85,90.34,87.85,89.23,151403.0
2023-09-04,90.25,91.48,89.17,91.12,197838.0
2023-09-05,91.12,91.66,89.98,90.13,125038.0
2023-09-06,89.92,91.63,89.56,89.86,104592.0
2023-09-07,89.38,89.56,88.39,88.99,103431.0
2023-09-08,88.39,89.05,87.88,88.24,65882.0
2023-09-11,87.94,91.63,87.7,90.94,159159.0
2023-09-12,90.97,94.45,90.88,92.59,186725.0
2023-09-13,92.74,93.01,90.55,91.15,106096.0
2023-09-14,90.34,91.15,89.44,89.98,105510.0
2023-09-15,90.34,90.73,89.26,89.5,118065.0
2023-09-18,89.47,94.09,88.99,93.31,256293.0
2023-09-19,92.86,92.92,90.13,91.03,150963.0
2023-09-20,91.03,91.39,89.62,89.71,87067.0
2023-09-21,89.14,89.71,87.16,87.43,162906.0
2023-09-22,87.94,88.72,86.89,88.63,135775.0
2023-09-25,89.02,89.02,86.59,86.95,155576.0
2023-09-26,86.74,87.82,86.14,86.35,95684.0
2023-09-27,86.59,87.46,85.84,85.84,96760.0
2023-09-28,86.29,87.64,85.87,86.35,126789.0
2023-10-09,86.44,88.15,86.44,86.92,156609.0
2023-10-10,86.89,87.43,85.87,86.83,136794.0
2023-10-11,87.43,87.85,85.84,86.08,125964.0
2023-10-12,86.68,93.76,86.68,93.76,551269.0
2023-10-13,93.04,94.39,92.2,93.97,392952.0
2023-10-16,93.34,97.39,93.19,95.98,498927.0
2023-10-17,97.84,100.84,96.94,98.95,451522.0
2023-10-18,97.66,103.24,97.66,102.28,544477.0
2023-10-19,101.23,101.23,97.93,98.35,347444.0
2023-10-20,98.14,100.06,97.03,97.27,191202.0
2023-10-23,99.01,100.42,98.2,99.28,231219.0
2023-10-24,98.98,100.12,97.57,98.68,194824.0
2023-10-25,98.74,101.08,98.74,99.64,235463.0
2023-10-26,99.64,100.6,98.38,100.09,177736.0
2023-10-27,100.24,102.79,98.14,98.71,309061.0
2023-10-30,101.38,102.19,95.98,99.37,446098.0
2023-10-31,99.85,100.21,96.28,97.48,269419.0
2023-11-01,97.18,100.06,96.01,99.28,243667.0
2023-11-02,99.82,100.39,98.44,99.1,161075.0
2023-11-03,98.92,100.09,98.53,99.25,127167.0
2023-11-06,99.64,99.79,97.0,98.41,257094.0
2023-11-07,98.38,100.24,97.57,98.71,200681.0
2023-11-08,98.14,98.38,96.37,96.91,215794.0
2023-11-09,96.67,97.66,95.14,96.34,219990.0
2023-11-10,95.74,95.74,92.8,93.61,256627.0
2023-11-13,93.94,94.03,92.02,92.41,166612.0
2023-11-14,92.56,93.67,92.08,93.34,161050.0
2023-11-15,94.21,94.45,92.29,93.7,179880.0
2023-11-16,93.7,94.0,92.65,92.68,112936.0
2023-11-17,92.68,93.49,92.26,93.16,114278.0
2023-11-20,93.58,93.76,92.68,93.16,123247.0
2023-11-21,93.16,94.42,92.92,93.16,156703.0
2023-11-22,92.8,92.86,91.21,91.21,118425.0
2023-11-23,91.21,94.18,91.21,93.31,220303.0
2023-11-24,92.56,93.07,91.09,91.27,176350.0
2023-11-27,92.23,93.64,91.24,92.89,220745.0
2023-11-28,92.56,92.74,91.27,92.62,187878.0
2023-11-29,92.44,92.44,90.37,91.36,121670.0
2023-11-30,90.79,91.12,89.38,90.04,140348.0
2023-12-01,90.04,90.31,88.42,88.87,145969.0
2023-12-04,88.87,89.8,88.03,88.45,126948.0
2023-12-05,88.06,88.93,86.77,86.92,146043.0
2023-12-06,86.71,88.24,86.59,87.28,112304.0
2023-12-07,87.34,88.03,86.02,87.82,149522.0
2023-12-08,87.85,87.88,86.95,87.28,113255.0
2023-12-11,87.34,88.63,86.05,88.24,177932.0
2023-12-12,88.24,90.1,87.82,89.98,188210.0
2023-12-13,89.53,89.53,87.52,87.64,153206.0
2023-12-14,87.91,88.81,87.1,87.19,99819.0
2023-12-15,87.37,87.76,86.17,86.26,118470.0
2023-12-18,86.29,86.89,85.39,86.14,100381.0
2023-12-19,85.84,86.11,84.58,85.6,105012.0
2023-12-20,85.69,86.02,84.37,84.37,81354.0
2023-12-21,84.19,85.18,83.86,84.46,116956.0
2023-12-22,84.37,84.94,83.23,84.04,120043.0
2023-12-25,84.19,85.24,83.44,84.04,117205.0
2023-12-26,83.98,84.04,82.33,82.84,123351.0
2023-12-27,83.14,83.98,82.69,83.02,105596.0
2023-12-28,82.57,85.06,82.39,85.03,136179.0
2023-12-29,85.09,85.6,84.64,85.0,122324.0
2024-01-02,85.27,85.39,83.29,83.29,132854.0
2024-01-03,82.93,83.11,81.19,81.79,161607.0
2024-01-04,81.64,81.64,80.02,80.86,164363.0
2024-01-05,80.86,82.03,79.69,80.26,151425.0
2024-01-08,80.26,80.32,78.1,78.34,199311.0
2024-01-09,78.34,79.9,78.34,79.06,123230.0
2024-01-10,79.03,79.48,78.25,78.73,89945.0
2024-01-11,78.73,80.44,78.04,79.84,130015.0
2024-01-12,79.81,80.38,79.3,79.57,92997.0
2024-01-15,79.3,80.11,78.73,79.45,91085.0
2024-01-16,78.94,80.2,78.94,79.93,116561.0
2024-01-17,79.69,80.11,77.74,77.74,141163.0
2024-01-18,77.74,78.79,76.33,78.61,158522.0
2024-01-19,78.34,79.33,77.92,78.52,114033.0
2024-01-22,78.52,78.67,75.94,76.54,143642.0
2024-01-23,76.36,77.29,75.37,76.87,134561.0
2024-01-24,77.29,77.44,74.14,75.79,199996.0
2024-01-25,75.94,76.54,74.74,76.24,213503.0
2024-01-26,75.94,76.0,74.95,75.22,165048.0
2024-01-29,75.16,75.58,72.73,72.79,192877.0
2024-01-30,72.37,73.75,72.07,72.46,138488.0
2024-01-31,72.37,73.09,70.3,70.63,147843.0
2024-02-01,70.6,72.28,70.15,71.47,167286.0
2024-02-02,71.71,72.07,67.84,69.34,195452.0
2024-02-05,69.37,69.94,66.67,68.95,229940.0
2024-02-06,68.83,73.93,68.05,73.63,267905.0
2024-02-07,74.14,76.18,73.15,74.77,250484.0
2024-02-08,75.31,76.3,74.92,75.88,204121.0
2024-02-19,75.94,77.23,74.74,75.58,211948.0
2024-02-20,75.34,75.34,73.45,74.2,159165.0
2024-02-21,73.81,76.39,73.18,75.28,246716.0
2024-02-22,75.25,75.64,74.8,75.52,123713.0
2024-02-23,75.46,76.99,75.25,76.66,206498.0
2024-02-26,77.14,80.59,77.14,78.94,330230.0
2024-02-27,78.64,80.29,78.28,79.81,249430.0
2024-02-28,79.84,79.99,77.2,77.2,268415.0
2024-02-29,76.48,79.66,76.24,79.54,235507.0
2024-03-01,79.69,81.31,78.97,81.1,245106.0
2024-03-04,81.1,81.1,78.64,79.09,214520.0
2024-03-05,78.64,81.4,77.74,80.11,235641.0
2024-03-06,80.08,82.57,79.93,81.01,253945.0
2024-03-07,81.04,81.82,79.42,79.48,161347.0
2024-03-08,79.27,79.93,78.64,79.09,94099.0
2024-03-11,79.18,80.95,79.09,80.53,158688.0
2024-03-12,81.1,82.15,80.11,81.22,223754.0
2024-03-13,81.13,83.74,80.53,82.33,263223.0
2024-03-14,82.03,82.66,81.19,81.64,153583.0
2024-03-15,81.64,82.45,80.53,82.45,157154.0
2024-03-18,82.51,83.89,82.51,83.02,235512.0
2024-03-19,82.3,82.39,81.37,81.43,181866.0
2024-03-20,81.34,82.15,80.38,80.89,168023.0
2024-03-21,81.4,81.4,79.84,80.17,186118.0
2024-03-22,80.53,80.65,78.64,79.39,141403.0
2024-03-25,79.36,80.11,78.4,78.67,140103.0
2024-03-26,78.34,79.69,78.22,79.48,121650.0
2024-03-27,79.48,79.6,78.01,78.04,111163.0
2024-03-28,77.89,79.09,76.93,77.8,167442.0
2024-03-29,78.16,78.55,77.29,77.86,85459.0
2024-04-01,77.98,81.19,77.98,80.74,196371.0
2024-04-02,80.98,81.55,80.41,81.07,169814.0
2024-04-03,81.07,81.13,80.08,80.92,123321.0
2024-04-08,81.22,83.74,80.98,82.27,249221.0
2024-04-09,82.39,83.98,81.97,83.44,256064.0
2024-04-10,84.04,85.51,84.04,84.94,312537.0
2024-04-11,84.1,88.3,83.32,87.25,372457.0
2024-04-12,86.14,87.79,85.24,85.63,210395.0
2024-04-15,85.63,87.34,85.63,86.38,248414.0
2024-04-16,86.38,86.41,84.61,85.03,191791.0
2024-04-17,85.78,86.23,84.64,86.11,160379.0
2024-04-18,85.39,87.7,84.07,85.81,197744.0
2024-04-19,85.81,86.86,84.67,86.47,190505.0
2024-04-22,85.54,85.96,82.54,82.69,308192.0
2024-04-23,82.78,83.35,81.94,82.9,138653.0
2024-04-24,83.56,84.07,82.78,83.59,137750.0
2024-04-25,91.03,91.03,87.76,89.11,707268.0
2024-04-26,87.79,88.93,87.34,88.3,466331.0
2024-04-29,88.54,89.08,87.19,88.24,374187.0
2024-04-30,88.24,88.78,87.04,87.94,277657.0
2024-05-06,88.84,89.32,87.94,88.09,328631.0
2024-05-07,87.61,89.62,86.17,88.9,301744.0
2024-05-08,88.39,88.39,86.8,87.1,179059.0
2024-05-09,86.71,88.36,86.14,88.09,233131.0
2024-05-10,88.09,88.18,86.74,87.34,135970.0
2024-05-13,86.38,88.6,85.51,87.85,191544.0
2024-05-14,88.18,94.69,88.0,94.39,609945.0
2024-05-15,93.34,94.06,92.17,92.47,278103.0
2024-05-16,92.14,92.65,91.33,91.84,201153.0
2024-05-17,91.75,93.64,91.57,92.17,201594.0
2024-05-20,92.17,92.92,90.97,91.54,194802.0
2024-05-21,91.15,91.54,89.95,90.61,186847.0
2024-05-22,90.34,90.82,89.56,90.46,131831.0
2024-05-23,90.01,90.34,89.32,90.04,132420.0
2024-05-24,89.92,89.92,87.4,87.43,184834.0
2024-05-27,87.52,88.84,86.59,88.66,170014.0
2024-05-28,88.12,88.69,87.25,87.34,119302.0
2024-05-29,87.34,88.63,86.83,88.15,139662.0
2024-05-30,88.06,89.47,87.76,88.54,167483.0
2024-05-31,88.48,90.19,87.25,87.25,188668.0
2024-06-03,87.25,88.72,86.71,87.28,145639.0
2024-06-04,85.96,86.68,84.1,84.58,369905.0
2024-06-05,85.18,86.44,84.97,85.69,212271.0
2024-06-06,85.69,86.71,85.39,85.78,188738.0
2024-06-07,85.99,86.44,84.01,84.37,161556.0
2024-06-11,84.19,85.03,83.2,84.79,162400.0
2024-06-12,84.19,85.09,84.04,84.22,106698.0
2024-06-13,84.04,84.88,83.74,84.49,117793.0
2024-06-14,84.49,84.64,82.84,84.46,145262.0
2024-06-17,84.28,86.74,84.13,86.38,177410.0
2024-06-18,86.14,87.76,85.99,87.64,168077.0
2024-06-19,87.64,88.93,87.1,87.7,155972.0
2024-06-20,87.7,87.91,86.11,86.32,115313.0
2024-06-21,86.29,89.08,85.99,88.18,186992.0
2024-06-24,88.24,88.57,86.32,86.44,124891.0
2024-06-25,86.83,88.9,86.77,87.04,199920.0
2024-06-26,87.22,87.37,85.27,86.68,126696.0
2024-06-27,86.83,86.86,85.09,85.63,142781.0
2024-06-28,85.39,87.4,84.97,86.14,115370.0
2024-07-01,86.14,86.65,84.64,86.08,108129.0
2024-07-02,86.17,87.01,84.07,84.4,155519.0
2024-07-03,84.4,85.27,83.26,83.38,136343.0
2024-07-04,83.56,84.31,82.24,82.27,135817.0
2024-07-05,82.39,82.54,79.84,81.4,188404.0
2024-07-08,81.43,82.66,80.86,81.85,148098.0
2024-07-09,82.33,83.5,80.68,83.44,175159.0
2024-07-10,83.23,86.29,82.99,85.87,230816.0
2024-07-11,88.3,88.99,87.13,88.9,338091.0
2024-07-12,88.66,89.62,87.31,89.29,252980.0
2024-07-15,89.26,90.7,88.69,88.96,223244.0
2024-07-16,88.54,90.34,88.27,90.07,176497.0
2024-07-17,89.77,90.16,88.93,89.41,122582.0
2024-07-18,89.23,90.01,88.3,89.02,135799.0
2024-07-19,88.6,89.71,88.54,89.23,138136.0
2024-07-22,88.9,89.8,87.97,88.51,162229.0
2024-07-23,88.69,88.78,86.14,86.14,148381.0
2024-07-24,86.29,86.29,81.43,81.64,304826.0
2024-07-25,81.7,81.94,80.14,80.92,189601.0
2024-07-26,82.09,83.89,81.88,82.75,212331.0
2024-07-29,82.54,82.78,81.52,81.64,137234.0
2024-07-30,81.16,81.19,78.58,79.21,231200.0
2024-07-31,79.24,81.4,78.79,81.1,190502.0
2024-08-01,81.1,81.19,79.63,80.44,170399.0
2024-08-02,79.69,79.99,78.79,78.91,167593.0
2024-08-05,78.64,79.24,77.65,77.71,161542.0
2024-08-06,78.04,78.55,76.9,77.44,147744.0
2024-08-07,77.14,78.01,76.78,77.56,119904.0
2024-08-08,77.47,77.74,76.33,77.11,121960.0
2024-08-09,77.38,78.01,76.75,77.08,119219.0
2024-08-12,77.14,77.44,76.75,76.87,91859.0
2024-08-13,76.9,77.2,75.88,77.14,116926.0
2024-08-14,77.11,77.11,76.12,76.3,83082.0
2024-08-15,76.45,77.29,75.97,77.08,132687.0
2024-08-16,77.2,78.16,77.02,77.23,137769.0
2024-08-19,77.62,79.21,77.62,77.95,204031.0
2024-08-20,77.95,78.22,76.45,76.99,122673.0
2024-08-21,75.85,77.86,74.89,77.56,159071.0
2024-08-22,77.59,77.92,76.63,76.69,97873.0
2024-08-23,76.75,77.86,76.33,77.65,85616.0
2024-08-26,77.62,78.22,76.99,77.32,83272.0
2024-08-27,76.72,77.59,76.12,76.9,85611.0
2024-08-28,76.69,77.08,75.34,75.73,102472.0
2024-08-29,75.22,77.32,75.04,77.17,109582.0
2024-08-30,78.52,80.29,77.95,79.72,287763.0
2024-09-02,79.0,79.0,76.48,76.48,243030.0
2024-09-03,76.42,78.07,76.18,77.5,169962.0
2024-09-04,77.53,79.09,77.23,78.91,161956.0
2024-09-05,79.24,80.5,79.12,80.05,159505.0
2024-09-06,80.23,81.19,79.69,80.05,131870.0
2024-09-09,79.84,80.38,78.94,79.12,119670.0
2024-09-10,79.36,79.81,78.58,79.24,85648.0
2024-09-11,79.24,81.13,78.7,80.8,155665.0
2024-09-12,80.53,81.4,79.9,80.23,113761.0
2024-09-13,80.2,80.44,79.3,79.63,73719.0
2024-09-18,79.57,82.12,79.33,81.88,134686.0
2024-09-19,81.88,82.66,81.25,81.97,141395.0
2024-09-20,81.97,82.87,81.58,82.51,122797.0
2024-09-23,82.51,83.56,81.94,82.54,99322.0
2024-09-24,83.44,83.53,81.58,83.14,189471.0
2024-09-25,84.19,86.68,83.44,84.52,236548.0
2024-09-26,84.58,88.9,84.31,88.84,286195.0
2024-09-27,90.4,93.04,90.4,92.89,196998.0
2024-09-30,96.28,101.17,95.41,101.17,524886.0
2024-10-08,110.26,110.26,101.17,106.33,558599.0
2024-10-09,106.27,106.27,97.24,98.38,465723.0
2024-10-10,98.35,102.46,98.35,100.84,334744.0
2024-10-11,100.81,100.81,95.92,96.94,203151.0
2024-10-14,97.09,98.08,95.8,97.45,224106.0
2024-10-15,97.09,97.36,94.24,94.72,222031.0
2024-10-16,93.49,94.24,91.24,91.9,252511.0
2024-10-17,91.93,92.83,89.5,89.53,211482.0
2024-10-18,89.32,92.83,88.42,91.18,314075.0
2024-10-21,91.18,91.45,89.59,90.19,337295.0
2024-10-22,90.19,93.4,89.92,92.17,366112.0
2024-10-23,92.71,95.08,91.36,94.99,427413.0
2024-10-24,95.74,95.74,91.84,92.14,344908.0
2024-10-25,92.17,94.3,92.14,93.7,279633.0
2024-10-28,93.67,93.7,90.1,92.05,443006.0
2024-10-29,92.23,92.74,90.43,90.46,325928.0
2024-10-30,90.82,90.91,89.08,89.56,263445.0
2024-10-31,89.53,89.71,87.91,88.81,288931.0
2024-11-01,88.33,89.62,88.03,88.72,255902.0
2024-11-04,88.72,91.15,88.72,91.15,379732.0
2024-11-05,90.64,92.11,89.23,91.78,439130.0
2024-11-06,91.78,92.71,90.58,90.91,386524.0
2024-11-07,90.19,92.29,89.14,92.23,381234.0
2024-11-08,92.65,94.06,91.57,91.93,379401.0
2024-11-11,91.24,96.34,90.88,95.98,610266.0
2024-11-12,96.22,97.9,94.3,95.17,590152.0
2024-11-13,94.42,95.08,92.83,95.02,325475.0
2024-11-14,95.05,95.59,92.47,92.68,264420.0
2024-11-15,92.71,98.59,91.96,96.34,737594.0
2024-11-18,96.55,97.18,92.83,93.55,477350.0
2024-11-19,93.52,94.3,90.67,92.89,379570.0
2024-11-20,92.8,92.8,90.88,92.11,279374.0
2024-11-21,91.45,92.98,90.97,92.02,302316.0
2024-11-22,91.6,91.66,88.21,88.24,336263.0
2024-11-25,89.23,91.09,88.63,89.89,315957.0
2024-11-26,89.17,89.56,88.45,88.54,169576.0
2024-11-27,88.54,89.86,87.58,89.86,179300.0
2024-11-28,90.61,90.64,88.42,88.54,166602.0
2024-11-29,88.87,89.5,88.24,88.78,218167.0
2024-12-02,89.08,91.39,88.99,91.15,338720.0
2024-12-03,91.15,94.63,89.83,93.55,485374.0
2024-12-04,92.59,93.4,91.09,91.6,303399.0
2024-12-05,91.27,93.01,90.49,91.09,199398.0
2024-12-06,90.58,92.14,90.04,91.42,227899.0
2024-12-09,91.45,92.2,90.76,91.12,179183.0
2024-12-10,92.86,94.0,91.84,91.9,345167.0
2024-12-11,92.14,92.41,91.27,91.9,156398.0
2024-12-12,91.9,92.92,91.33,92.71,226390.0
2024-12-13,92.14,92.17,90.49,90.49,223899.0
2024-12-16,90.79,90.82,89.29,89.53,144287.0
2024-12-17,89.68,92.74,89.44,91.75,302527.0
2024-12-18,92.08,92.74,91.78,92.17,178290.0
2024-12-19,91.48,92.05,90.76,91.66,133016.0
2024-12-20,91.66,91.99,90.34,90.49,153701.0
2024-12-23,90.55,91.87,90.19,90.19,139939.0
2024-12-24,90.22,91.33,90.04,91.12,144619.0
2024-12-25,91.09,91.42,90.22,90.43,111918.0
2024-12-26,90.43,90.79,89.59,90.16,112677.0
2024-12-27,90.16,90.28,88.87,89.44,149802.0
2024-12-30,89.47,89.98,88.9,89.47,134408.0
2024-12-31,89.35,90.25,88.6,89.23,178270.0
2025-01-02,89.11,89.26,85.45,86.02,232980.0
2025-01-03,86.02,87.79,85.72,85.99,172460.0
2025-01-06,85.99,86.59,85.27,85.99,127018.0
2025-01-07,85.93,86.86,85.09,85.54,140132.0
2025-01-08,85.51,85.72,83.56,84.91,172165.0
2025-01-09,84.7,85.81,84.7,85.33,99509.0
2025-01-10,85.42,85.81,84.04,84.04,132867.0
2025-01-13,83.5,85.51,83.32,84.52,120182.0
2025-01-14,84.58,88.09,84.28,88.03,187702.0
2025-01-15,89.14,89.32,86.53,86.77,171039.0
2025-01-16,86.86,87.61,85.66,86.05,173099.0
2025-01-17,85.78,86.95,85.3,86.59,115909.0
2025-01-20,87.43,87.79,85.78,86.08,170468.0
2025-01-21,86.29,86.53,85.36,85.93,124513.0
2025-01-22,85.78,85.93,84.16,84.46,142549.0
2025-01-23,84.94,85.66,84.01,84.49,168982.0
2025-01-24,84.19,85.54,84.01,84.49,243638.0
2025-01-27,84.79,85.6,84.28,84.88,143147.0
2025-02-05,84.88,84.94,83.77,83.95,195812.0
2025-02-06,83.77,85.51,82.42,85.48,317156.0
2025-02-07,85.51,88.24,85.24,87.79,369384.0
2025-02-10,89.14,89.26,87.34,87.67,235987.0
2025-02-11,87.67,88.0,85.03,85.57,237953.0
2025-02-12,85.15,86.29,84.52,86.2,164841.0
2025-02-13,86.23,86.29,84.97,85.0,166259.0
2025-02-14,84.76,89.2,84.76,87.7,353477.0
2025-02-17,88.24,88.39,86.23,86.56,196195.0
2025-02-18,86.26,87.34,85.57,86.11,165889.0
2025-02-19,86.11,86.59,85.63,86.29,145074.0
2025-02-20,85.84,86.05,84.31,85.21,226520.0
2025-02-21,85.21,85.9,84.67,85.81,205375.0
2025-02-24,85.78,86.71,85.0,85.78,172037.0
2025-02-25,85.09,86.53,84.79,85.72,170391.0
2025-02-26,86.14,86.2,85.24,85.6,152070.0
2025-02-27,85.6,87.61,85.45,87.46,317740.0
2025-02-28,87.1,87.88,84.94,84.94,249387.0
2025-03-03,85.54,87.94,85.18,86.59,296223.0
2025-03-04,85.99,86.05,85.09,85.48,173458.0
2025-03-05,85.69,85.87,84.49,85.18,156020.0
2025-03-06,85.39,85.96,84.97,85.54,178164.0
2025-03-07,85.24,86.38,84.52,85.48,196862.0
2025-03-10,85.51,85.72,84.58,84.82,194231.0
2025-03-11,84.34,85.33,83.62,85.33,187474.0
2025-03-12,86.95,91.24,86.92,90.49,706054.0
2025-03-13,89.77,91.24,88.48,88.78,305640.0
2025-03-14,88.84,90.64,88.75,89.95,244150.0
2025-03-17,90.19,91.12,89.14,89.41,197867.0
2025-03-18,89.44,90.1,88.84,89.83,154932.0
2025-03-19,89.74,91.18,89.44,90.67,211660.0
2025-03-20,90.67,93.61,89.65,92.8,354241.0
2025-03-21,92.29,92.92,89.2,89.29,259780.0
2025-03-24,89.29,90.25,88.6,89.71,177200.0
2025-03-25,90.04,90.04,88.09,88.39,158621.0
2025-03-26,88.24,89.65,88.09,89.11,140428.0
2025-03-27,88.96,90.67,88.57,90.28,197404.0
2025-03-28,89.92,90.34,89.2,89.5,111589.0
2025-03-31,90.1,90.64,88.09,88.54,185506.0
2025-04-01,88.24,88.54,86.74,87.34,233889.0
2025-04-02,87.22,87.37,86.14,86.98,126659.0
2025-04-03,86.14,86.59,84.97,85.3,176466.0
2025-04-07,82.21,82.21,77.8,77.8,304823.0
2025-04-08,78.49,79.78,76.69,79.09,350738.0
2025-04-09,77.74,79.24,76.75,79.24,352166.0
2025-04-10,80.62,81.04,79.63,80.14,282897.0
2025-04-11,80.14,80.59,79.45,80.23,196533.0
2025-04-14,81.34,81.64,80.5,81.01,191666.0
2025-04-15,81.04,81.07,79.48,79.99,187554.0
2025-04-16,80.2,80.26,78.85,80.26,171452.0
2025-04-17,79.54,80.11,79.24,80.11,133471.0
2025-04-18,79.66,80.08,79.27,79.84,90464.0
2025-04-21,79.81,80.05,79.45,79.99,113474.0
2025-04-22,79.96,80.44,79.48,80.05,123295.0
2025-04-23,80.44,80.74,79.6,80.08,159934.0
2025-04-24,80.26,80.38,79.3,79.42,141047.0
2025-04-25,79.39,80.11,79.27,79.72,126233.0
2025-04-28,77.62,79.33,76.96,78.97,208635.0
2025-04-29,78.91,78.91,77.56,77.71,166014.0
2025-04-30,77.71,78.19,77.56,77.98,112581.0
2025-05-06,78.64,79.36,78.22,79.33,154680.0
2025-05-07,80.71,80.74,79.36,80.08,175668.0
2025-05-08,79.57,80.56,79.24,80.41,134451.0
2025-05-09,80.44,80.86,79.84,80.08,143780.0
2025-05-12,80.44,80.95,80.14,80.77,151035.0
2025-05-13,81.13,81.43,80.59,80.74,126694.0
2025-05-14,81.1,81.4,80.44,81.22,141681.0
2025-05-15,81.1,81.37,80.68,80.92,117723.0
2025-05-16,80.74,81.43,80.44,81.1,119568.0
2025-05-19,81.16,81.19,79.87,80.08,126876.0
2025-05-20,80.11,80.71,79.54,80.59,143154.0
2025-05-21,80.56,80.89,80.26,80.44,119734.0
2025-05-22,80.44,81.01,80.02,80.29,156675.0
2025-05-23,80.14,81.85,80.02,80.5,249350.0
2025-05-26,80.38,80.47,78.28,78.61,254986.0
2025-05-27,78.64,78.85,77.95,78.37,130676.0
2025-05-28,78.37,79.51,78.28,79.0,129507.0
2025-05-29,78.94,79.39,78.67,78.91,158052.0
2025-05-30,78.7,78.79,77.74,77.83,137442.0
2025-06-03,77.44,77.71,76.72,77.62,130379.0
2025-06-04,77.8,78.1,77.56,77.83,105347.0
2025-06-05,77.83,77.98,77.35,77.89,116993.0
2025-06-06,77.95,77.95,77.35,77.65,129377.0
2025-06-09,77.74,78.25,77.32,78.01,163354.0
2025-06-10,77.83,77.98,76.45,76.87,232259.0
2025-06-11,76.9,77.56,76.9,77.05,166956.0
2025-06-12,76.69,76.9,76.3,76.6,146873.0
2025-06-13,76.48,76.48,74.89,76.24,317551.0
2025-06-16,75.58,75.58,74.2,74.62,292554.0
2025-06-17,74.38,74.83,74.14,74.59,141111.0
2025-06-18,74.44,74.56,73.93,74.02,142374.0
2025-06-19,74.02,74.29,73.48,73.57,151364.0
2025-06-20,73.57,73.78,73.09,73.09,182018.0
2025-06-23,72.67,73.39,72.04,73.33,134016.0
2025-06-24,73.48,74.38,73.48,74.32,157187.0
2025-06-25,74.32,75.1,74.2,75.1,193499.0
2025-06-26,75.1,75.1,74.23,74.23,154408.0
2025-06-27,74.23,74.77,74.08,74.23,143885.0
2025-06-30,74.26,74.74,74.14,74.68,111197.0
2025-07-01,74.71,74.83,74.35,74.53,85107.0
2025-07-02,74.65,75.7,74.35,75.7,210380.0
2025-07-03,75.4,75.97,75.37,75.67,119010.0
2025-07-04,75.67,76.63,75.43,75.73,199901.0
2025-07-07,75.88,76.72,75.37,76.21,146573.0
2025-07-08,76.18,76.24,75.7,76.12,124630.0
2025-07-09,76.06,76.51,75.82,75.88,139887.0
2025-07-10,75.91,76.03,75.61,75.67,128455.0
2025-07-11,75.67,76.18,75.25,75.25,182963.0
2025-07-14,75.28,75.43,75.04,75.22,124221.0
2025-07-15,75.28,77.68,75.25,76.84,355572.0
2025-07-16,77.23,77.32,76.27,76.45,152784.0
2025-07-17,76.66,77.35,76.48,77.2,175272.0
2025-07-18,77.38,77.53,76.87,77.38,129318.0
2025-07-21,77.89,78.94,77.77,78.91,309247.0
2025-07-22,78.94,79.03,78.04,78.55,247739.0
2025-07-23,78.58,79.45,78.55,78.7,259288.0
2025-07-24,78.85,79.57,78.76,79.36,201667.0
2025-07-25,79.66,80.14,79.21,79.72,207123.0
2025-07-28,79.69,79.75,78.61,79.0,199394.0
2025-07-29,78.94,78.94,77.98,78.43,156508.0
2025-07-30,78.34,78.82,77.59,77.95,146342.0
2025-07-31,77.95,78.01,76.33,76.48,205715.0
2025-08-01,76.69,77.29,76.24,76.69,132161.0
2025-08-04,76.48,78.25,76.09,78.25,176952.0
2025-08-05,78.19,78.76,77.95,78.37,124633.0
2025-08-06,78.28,80.38,78.04,79.42,243201.0
2025-08-07,79.48,79.81,79.0,79.39,120993.0
2025-08-08,79.3,79.36,78.61,78.64,97706.0
2025-08-11,78.85,79.57,78.67,79.15,147575.0
2025-08-12,79.15,81.49,78.94,80.38,387235.0
2025-08-13,80.53,82.36,80.05,81.31,329512.0
2025-08-14,80.59,81.49,80.23,80.44,219043.0
2025-08-15,80.35,82.75,80.23,81.94,294182.0
2025-08-18,83.29,87.91,83.23,86.59,754430.0
2025-08-19,86.59,86.62,84.7,84.91,323816.0
2025-08-20,84.94,87.01,84.55,87.01,325540.0
2025-08-21,86.62,90.04,86.62,89.11,502822.0
2025-08-22,89.2,89.71,88.42,89.14,255334.0
2025-08-25,89.92,90.04,87.97,88.57,320963.0
2025-08-26,88.57,90.67,87.43,90.19,465854.0
2025-08-27,89.89,89.98,87.07,87.07,333102.0
2025-08-28,87.07,88.6,86.38,88.12,271724.0
2025-08-29,86.89,89.47,86.89,89.14,232180.0
2025-09-01,89.44,90.76,88.84,89.83,276822.0
2025-09-02,89.8,92.2,89.74,90.43,330323.0
2025-09-03,90.7,91.21,88.69,89.53,258695.0
2025-09-04,89.2,89.86,87.28,88.72,256145.0
2025-09-05,88.63,89.95,88.63,89.8,193800.0
2025-09-08,89.8,90.52,88.15,89.44,206916.0
2025-09-09,89.2,90.61,88.84,90.16,225240.0
2025-09-10,90.31,90.46,88.51,88.81,203330.0
2025-09-11,88.39,88.78,87.25,88.42,253550.0
2025-09-12,88.42,88.81,86.68,86.98,250420.0
2025-09-15,87.04,88.03,86.71,86.86,171798.0
2025-09-16,86.89,87.19,85.69,86.74,183854.0
2025-09-17,86.74,88.06,86.59,87.64,178719.0
2025-09-18,87.52,88.42,85.87,86.56,201540.0
2025-09-19,86.56,87.04,85.69,86.41,127381.0
2025-09-22,86.29,86.65,85.09,85.57,171636.0
2025-09-23,85.57,86.23,84.04,85.09,163674.0
2025-09-24,84.73,85.57,84.46,85.09,118861.0
2025-09-25,85.12,85.51,84.31,84.79,144495.0
2025-09-26,84.49,86.38,84.22,84.25,184692.0
2025-09-29,84.31,85.03,83.32,84.79,179053.0
2025-09-30,85.09,85.99,84.16,85.39,164199.0
2025-10-09,85.69,85.9,84.82,85.84,209033.0
2025-10-10,85.45,86.5,84.79,85.33,172272.0
2025-10-13,83.77,84.01,82.57,83.11,223265.0
2025-10-14,82.6,83.86,81.79,81.91,223864.0
2025-10-15,81.91,82.51,81.4,82.48,188720.0
2025-10-16,82.48,84.01,82.09,82.45,224416.0
2025-10-17,82.15,82.39,79.99,80.14,221771.0
2025-10-20,80.56,80.89,80.08,80.53,127413.0
2025-10-21,80.53,81.1,80.44,81.1,131713.0
2025-10-22,81.1,81.13,79.93,80.11,127359.0
2025-10-23,80.11,81.25,79.69,81.22,127384.0
2025-10-24,81.25,81.4,80.68,81.16,111682.0
2025-10-27,80.89,80.89,79.87,80.32,225847.0
2025-10-28,80.53,80.74,79.72,80.29,170587.0
2025-10-29,80.02,80.17,79.45,79.9,145567.0
2025-10-30,79.9,80.56,79.69,79.72,163138.0
2025-10-31,79.75,80.32,79.42,79.96,128100.0
2025-11-03,80.11,80.35,79.24,79.66,156546.0
2025-11-04,79.51,79.75,78.67,79.0,134065.0
2025-11-05,78.58,79.09,78.04,78.94,99922.0
2025-11-06,79.06,80.29,78.97,80.02,163826.0
2025-11-07,80.05,80.59,79.66,79.93,121694.0
2025-11-10,80.14,83.02,79.93,82.78,378174.0
2025-11-11,82.9,82.9,81.49,81.76,197925.0
2025-11-12,81.67,81.7,80.14,80.5,224176.0
2025-11-13,80.5,81.04,79.99,80.86,172329.0
2025-11-14,80.5,80.95,79.63,79.69,189034.0
2025-11-17,79.69,79.84,78.55,78.85,187612.0
2025-11-18,78.85,79.12,77.89,77.98,174653.0
2025-11-19,78.13,78.55,77.17,77.5,189955.0
2025-11-20,77.59,77.95,77.17,77.29,126314.0
2025-11-21,76.9,77.14,76.15,76.45,169972.0
2025-11-24,76.69,76.81,76.24,76.51,123486.0
2025-11-25,76.75,77.29,76.42,76.69,146803.0
2025-11-26,76.72,77.08,76.63,76.93,92904.0
2025-11-27,76.93,77.23,76.39,76.87,106778.0
2025-11-28,76.84,77.35,76.33,77.29,109687.0
2025-12-01,77.32,78.13,77.17,77.95,148332.0
2025-12-02,78.13,78.34,77.44,77.62,104422.0
2025-12-03,77.65,77.74,76.9,77.08,84587.0
2025-12-04,76.99,77.44,76.75,76.99,102794.0
2025-12-05,77.11,77.53,76.75,77.35,90875.0
2025-12-08,77.35,77.47,76.81,76.9,127445.0
2025-12-09,76.69,76.96,76.45,76.81,120268.0
2025-12-10,76.48,77.59,75.79,77.59,161884.0
2025-12-11,77.62,78.04,77.14,77.71,161849.0
2025-12-12,77.26,80.14,76.69,79.66,441932.0
2025-12-15,79.09,80.2,78.97,79.27,162387.0
2025-12-16,79.69,79.93,78.82,79.24,136954.0
2025-12-17,78.97,79.24,78.04,78.64,136434.0
2025-12-18,78.94,78.94,77.68,77.77,108997.0
2025-12-19,77.86,78.67,77.74,78.22,100823.0
2025-12-22,78.61,79.09,78.37,78.58,85884.0
2025-12-23,78.58,78.58,77.8,77.86,88156.0
2025-12-24,77.68,78.01,77.41,77.65,98895.0
2025-12-25,77.65,78.16,77.32,78.1,91362.0
2025-12-26,78.43,81.46,78.43,79.93,363110.0
2025-12-29,79.9,80.74,79.42,79.42,153582.0
2025-12-30,79.39,79.6,78.91,79.09,124643.0
2025-12-31,79.39,80.02,78.79,79.48,152428.0
2026-01-05,79.39,79.42,78.04,78.49,231172.0
2026-01-06,78.4,79.18,78.07,79.12,201585.0
2026-01-07,79.09,79.09,78.07,78.49,159263.0
2026-01-08,78.31,78.31,77.62,77.89,173642.0
2026-01-09,77.86,78.13,77.59,77.98,155931.0
2026-01-12,77.98,78.16,77.62,78.1,193772.0
2026-01-13,78.13,78.52,77.29,77.38,249683.0
2026-01-14,77.29,77.59,76.48,76.84,239813.0
2026-01-15,76.84,77.05,76.57,76.69,125275.0
2026-01-16,76.84,77.05,76.63,76.87,131613.0
2026-01-19,77.23,77.65,77.11,77.56,163002.0
2026-01-20,77.56,77.56,76.81,76.96,147886.0
2026-01-21,76.75,76.78,76.27,76.39,139287.0
2026-01-22,76.54,76.6,75.97,76.09,158650.0
2026-01-23,76.12,76.69,75.73,76.36,185979.0
2026-01-26,76.3,76.3,75.31,75.4,180848.0
2026-01-27,75.34,75.46,74.62,74.86,131040.0
2026-01-28,74.89,75.04,74.14,74.2,203587.0
2026-01-29,74.14,74.89,73.33,74.89,266325.0
2026-01-30,75.01,75.04,73.63,73.66,177433.0
2026-02-02,73.15,74.14,72.82,72.91,174452.0
2026-02-03,73.03,73.39,72.7,73.12,139084.0
2026-02-04,73.06,74.11,72.82,74.02,155003.0
2026-02-05,73.78,75.43,73.69,75.07,209958.0
2026-02-06,74.8,75.04,74.35,74.38,111738.0
2026-02-09,74.47,74.98,74.2,74.56,119836.0
2026-02-10,74.59,74.68,74.14,74.35,66169.0
2026-02-11,74.44,74.95,74.23,74.53,91644.0
2026-02-12,74.71,74.71,73.84,73.87,101675.0
2026-02-13,73.9,74.14,73.57,73.6,90403.0
2026-02-24,73.78,75.04,73.78,74.71,165129.0
2026-02-25,74.38,75.25,74.35,74.5,151648.0
2026-02-26,74.5,74.56,73.84,73.99,95821.0
2026-02-27,73.75,74.05,73.09,73.09,223386.0
2026-03-02,72.79,73.33,72.37,72.85,225434.0
2026-03-03,72.88,73.39,72.1,72.1,208514.0
2026-03-04,71.62,71.86,70.78,71.11,192050.0
2026-03-05,71.56,71.95,71.26,71.47,119338.0
2026-03-06,71.5,72.19,71.23,72.16,92486.0
2026-03-09,71.89,71.89,71.29,71.65,116451.0
2026-03-10,71.71,72.01,71.65,71.8,89893.0
2026-03-11,71.8,73.63,71.8,73.15,198223.0
2026-03-12,72.94,73.57,72.64,73.42,129563.0
2026-03-13,73.39,75.13,73.03,74.8,292058.0
2026-03-16,74.59,76.06,74.44,75.04,188552.0
2026-03-17,75.07,75.94,75.01,75.01,198819.0
2026-03-18,75.04,75.13,74.44,74.8,144191.0
2026-03-19,74.32,75.13,74.02,74.41,199120.0
2026-03-20,74.62,75.94,73.78,75.46,303218.0
2026-03-23,75.01,76.09,73.75,74.08,258365.0
2026-03-24,74.44,74.68,72.85,73.75,191097.0
2026-03-25,73.69,74.44,73.24,74.29,128996.0
2026-03-26,74.2,74.86,73.69,73.78,105469.0
2026-03-27,73.48,74.29,73.33,74.23,106336.0
2026-03-30,73.84,74.08,72.43,72.52,156101.0
2026-03-31,72.49,74.35,72.34,73.48,149649.0
2026-04-01,73.93,74.08,72.79,73.51,116595.0
2026-04-02,73.69,74.71,73.57,74.2,167087.0
2026-04-03,74.59,75.28,73.63,73.87,127460.0
2026-04-07,74.32,74.35,73.24,73.72,96077.0
2026-04-08,74.02,74.65,73.99,74.62,147794.0
2026-04-09,74.23,74.41,73.57,73.69,105731.0
2026-04-10,73.87,75.64,73.72,75.4,229832.0
2026-04-13,75.19,76.24,74.83,75.67,167614.0
2026-04-14,75.94,76.06,74.89,75.22,118269.0
2026-04-15,75.22,75.49,74.32,74.38,115865.0
2026-04-16,74.71,75.19,74.11,74.41,141498.0
2026-04-17,74.38,74.38,73.42,73.78,114360.0
2026-04-20,73.72,74.5,73.54,73.69,139764.0
2026-04-21,73.57,73.78,73.15,73.57,83234.0
2026-04-22,73.69,73.84,72.88,72.94,150925.0
2026-04-23,72.94,73.12,72.52,72.94,112033.0
2026-04-24,72.79,72.79,72.22,72.28,115811.0
2026-04-27,71.74,72.64,70.87,72.25,167253.0
2026-04-28,72.04,72.19,71.44,71.62,117995.0
2026-04-29,71.59,71.89,71.29,71.44,161680.0
2026-04-30,71.44,71.59,71.2,71.26,104314.0
2026-05-06,71.29,71.59,70.63,71.32,228892.0
2026-05-07,71.35,71.47,70.93,71.14,132979.0
2026-05-08,71.2,71.35,70.93,70.99,135154.0
2026-05-11,71.02,71.2,70.54,70.99,163586.0
2026-05-12,70.99,70.99,70.69,70.72,102979.0
2026-05-13,70.66,70.69,69.91,70.21,152050.0
2026-05-14,70.18,70.24,68.92,69.04,169093.0
2026-05-15,69.19,69.55,68.59,68.86,134933.0
2026-05-18,68.74,68.77,66.67,66.91,250704.0
2026-05-19,67.03,68.14,66.85,66.94,182110.0
2026-05-20,66.97,66.97,65.8,65.98,144443.0
2026-05-21,65.98,66.31,64.87,65.08,233113.0
2026-05-22,64.99,65.35,64.3,64.72,169841.0
2026-05-25,64.81,65.14,64.03,64.33,163657.0
2026-05-26,64.33,65.29,63.67,63.94,221145.0
2026-05-27,63.94,64.21,62.86,63.34,213378.0
2026-05-28,63.19,63.28,61.72,62.2,227342.0
2026-05-29,62.17,62.59,61.84,62.26,317281.0
2026-06-01,62.23,63.49,61.69,62.56,396062.0
2026-06-02,62.29,63.43,61.75,62.71,372246.0
2026-06-03,62.62,62.68,60.88,62.56,293983.0
2026-06-04,62.38,62.38,61.3,61.57,221570.0
2026-06-05,61.57,62.2,61.03,61.81,215952.0
2026-06-08,61.39,61.75,60.31,60.82,242600.0
2026-06-09,60.79,61.33,60.49,61.3,165023.0
2026-06-10,61.15,63.19,60.94,62.98,396885.0
2026-06-11,62.59,64.63,62.5,64.15,406428.0
2026-06-12,63.82,66.34,63.82,64.39,782687.0
2026-06-15,64.39,65.44,64.33,64.81,300229.0
2026-06-16,64.63,65.29,63.43,63.52,215112.0
2026-06-17,63.37,63.4,62.05,62.05,192836.0
2026-06-18,62.02,66.04,60.43,64.54,463128.0
2026-06-22,64.15,64.3,62.17,62.65,271072.0
2026-06-23,62.35,63.07,61.18,61.21,198738.0
2026-06-24,61.39,61.72,59.62,59.65,195114.0
2026-06-25,59.44,59.86,58.39,58.6,208733.0
2026-06-26,58.39,58.57,56.89,56.89,202164.0
2026-06-29,56.89,58.51,55.6,57.94,263800.0
2026-06-30,57.73,58.36,56.68,56.86,181500.0
2026-07-01,56.86,57.19,56.08,56.77,170537.0
2026-07-02,57.19,58.03,56.14,56.59,246023.0
2026-07-03,56.59,57.79,56.44,57.7,240849.0
2026-07-06,57.94,59.17,57.37,58.9,233338.0
2026-07-07,58.78,59.44,57.73,58.12,146301.0
2026-07-08,57.97,58.36,57.19,57.49,114972.0
2026-07-09,57.28,57.4,56.65,56.77,130693.0
2026-07-10,56.8,57.94,56.02,57.37,172848.0
2026-07-13,57.37,57.76,56.92,57.64,147329.0
2026-07-14,57.58,57.88,57.28,57.73,127888.0
2026-07-15,57.64,59.44,57.37,59.38,220898.0
2026-07-16,59.26,60.49,58.84,60.31,212367.0
2026-07-17,60.19,61.06,59.32,59.62,201473.0
2026-07-20,59.74,61.96,59.74,61.72,269943.0
2026-07-21,61.75,63.16,60.82,60.91,292389.0
2026-07-22,60.82,61.06,59.89,60.88,194428.0
2026-07-23,60.91,61.42,60.22,61.27,137771.0
2026-07-24,61.0,61.72,60.88,61.0,110075.0
2026-07-27,61.0,61.63,60.43,61.09,139233.0
2026-07-28,60.91,62.14,60.76,61.93,162549.0
2026-07-29,61.84,62.77,61.66,62.5,169761.0
2026-07-30,62.44,63.94,62.14,63.7,225014.0
2026-07-31,63.07,63.25,62.29,63.07,198552.0
2026-08-03,63.04,63.16,62.5,62.71,134973.0
2026-08-04,62.71,62.74,60.76,60.85,237066.0
2026-08-05,60.91,61.06,60.04,60.55,180889.0
2026-08-06,60.55,60.58,59.17,59.8,195298.0
2026-08-07,59.65,59.8,59.05,59.38,179734.0
2026-08-10,59.59,60.04,59.17,59.71,152060.0
2026-08-11,59.74,59.95,59.23,59.41,118839.0
2026-08-12,59.41,60.04,59.2,59.89,129024.0
2026-08-13,59.92,59.92,59.08,59.17,127182.0
2026-08-14,59.14,59.29,58.57,58.9,101262.0
2026-08-17,58.9,59.08,58.51,58.99,92318.0
2026-08-18,58.84,58.96,58.39,58.63,98008.0
2026-08-19,58.57,58.72,58.18,58.33,106574.0
2026-08-20,58.33,59.32,58.33,59.29,143417.0
2026-08-21,59.23,59.23,58.15,58.27,125225.0
2026-08-24,58.27,58.84,58.09,58.27,107496.0
2026-08-25,58.27,58.84,58.21,58.84,84081.0
2026-08-26,58.42,59.29,58.39,58.9,94988.0
2026-08-27,58.9,58.96,58.27,58.51,101789.0
2026-08-28,58.48,58.72,58.24,58.6,80343.0
2026-08-31,58.6,58.6,57.82,58.18,97416.0
2026-09-01,58.18,58.66,58.09,58.24,121549.0
2026-09-02,58.12,58.27,57.4,57.55,123553.0
2026-09-03,57.58,57.88,57.34,57.37,87637.0
2026-09-04,57.55,58.3,57.28,57.46,143198.0
2026-09-07,57.46,57.64,56.98,57.49,114257.0
2026-09-08,57.49,57.82,57.28,57.73,93224.0
2026-09-09,57.73,57.73,56.62,56.86,165103.0
2026-09-10,56.89,56.89,56.14,56.35,140334.0
2026-09-11,56.35,56.68,55.69,56.08,299911.0
2026-09-14,55.84,56.86,55.72,56.77,221649.0
2026-09-15,56.74,57.34,56.41,56.44,162854.0
2026-09-16,56.29,56.29,55.06,55.33,190129.0
2026-09-17,55.12,55.45,54.76,55.24,117598.0
2026-09-18,55.18,55.39,54.73,54.79,196397.0
2026-09-21,54.79,54.79,54.55,54.76,135474.0
2026-09-22,54.76,55.24,54.64,55.03,162494.0
2026-09-23,54.88,55.48,54.76,54.97,136967.0
2026-09-24,54.88,54.91,54.34,54.37,117832.0
