date,open,high,low,close,volume
2016-01-04,14.35,14.35,13.15,13.16,224171.0
2016-01-05,12.83,13.25,12.58,12.96,371566.0
2016-01-06,12.98,13.38,12.98,13.35,264402.0
2016-01-07,13.16,13.17,12.15,12.17,67028.0
2016-01-08,12.38,12.65,11.65,12.3,356049.0
2016-01-11,12.11,13.07,11.9,12.3,508890.0
2016-01-12,12.4,12.63,12.17,12.39,305172.0
2016-01-13,12.45,12.51,11.75,11.81,257781.0
2016-01-14,11.4,12.05,11.37,11.97,285963.0
2016-01-15,11.98,11.98,11.23,11.33,299752.0
2016-01-18,11.25,11.65,11.15,11.42,234459.0
2016-01-19,11.44,12.48,11.34,12.48,755547.0
2016-01-20,12.62,12.93,12.31,12.33,813636.0
2016-01-21,12.13,12.26,11.66,11.68,404682.0
2016-01-22,11.89,12.32,11.58,12.06,383598.0
2016-01-25,12.08,12.16,11.89,11.99,239492.0
2016-01-26,11.86,11.88,10.94,11.03,350532.0
2016-01-27,11.03,11.15,10.55,10.89,341075.0
2016-01-28,10.9,10.92,10.14,10.3,269833.0
2016-01-29,10.26,11.2,10.18,10.94,437974.0
2016-02-01,10.85,10.85,10.37,10.58,285121.0
2016-02-02,10.6,11.01,10.56,10.78,238955.0
2016-02-03,10.67,10.77,10.5,10.7,189971.0
2016-02-04,10.83,10.95,10.73,10.8,194836.0
2016-02-05,10.79,10.9,10.69,10.74,171381.0
2016-02-15,10.45,10.59,10.3,10.54,153715.0
2016-02-16,10.61,11.05,10.57,10.93,286875.0
2016-02-17,10.93,11.43,10.92,11.32,557749.0
2016-02-18,11.35,11.44,11.16,11.21,328827.0
2016-02-19,11.18,11.33,11.11,11.21,206258.0
2016-02-22,11.35,11.67,11.26,11.56,390955.0
2016-02-23,11.54,11.58,11.25,11.39,221023.0
2016-02-24,11.38,11.65,11.15,11.6,379024.0
2016-02-25,11.5,11.54,10.53,10.63,481192.0
2016-02-26,10.68,10.85,10.55,10.7,196179.0
2016-02-29,10.71,10.78,10.03,10.58,321203.0
2016-03-01,10.59,11.15,10.45,10.96,345178.0
2016-03-02,11.02,11.5,10.9,11.49,487238.0
2016-03-03,11.45,11.61,11.35,11.46,333236.0
2016-03-04,11.41,11.73,11.28,11.72,691234.0
2016-03-07,12.36,12.45,11.65,11.83,433692.0
2016-03-08,11.68,12.04,11.25,11.98,442622.0
2016-03-09,11.66,11.96,11.46,11.95,340143.0
2016-03-10,11.83,11.93,11.49,11.51,175807.0
2016-03-11,11.39,11.7,11.35,11.63,174161.0
2016-03-14,11.76,12.02,11.7,11.77,256985.0
2016-03-15,11.85,11.88,11.58,11.79,203081.0
2016-03-16,11.72,12.04,11.68,12.02,522864.0
2016-03-17,12.05,12.1,11.89,12.05,308630.0
2016-03-18,12.12,12.43,12.0,12.12,541081.0
2016-03-21,12.22,12.93,12.16,12.54,695291.0
2016-03-22,12.46,12.61,12.35,12.41,345172.0
2016-03-23,12.41,12.54,12.3,12.41,199599.0
2016-03-24,12.32,12.49,12.09,12.12,243319.0
2016-03-25,12.12,12.27,12.07,12.18,161598.0
2016-03-28,12.18,12.33,11.95,12.0,184301.0
2016-03-29,12.05,12.07,11.66,11.76,223945.0
2016-03-30,11.88,12.05,11.82,12.03,232240.0
2016-03-31,12.14,12.22,12.05,12.06,200368.0
2016-04-01,12.08,12.37,11.91,12.33,331569.0
2016-04-05,12.21,12.62,12.19,12.4,443337.0
2016-04-06,12.33,12.35,12.17,12.26,218620.0
2016-04-07,12.31,12.34,12.03,12.03,213918.0
2016-04-08,11.95,12.03,11.84,11.9,160289.0
2016-04-11,11.99,12.15,11.95,12.09,179453.0
2016-04-12,12.06,12.11,11.96,12.1,120617.0
2016-04-13,12.21,12.36,12.15,12.24,309358.0
2016-04-14,12.35,12.4,12.21,12.32,226304.0
2016-04-15,12.36,12.38,12.25,12.29,154590.0
2016-04-18,12.23,12.24,11.97,12.0,169412.0
2016-04-19,12.12,12.13,11.97,12.02,126842.0
2016-04-20,12.08,12.1,11.37,11.87,320444.0
2016-04-21,11.76,11.84,11.45,11.6,147204.0
2016-04-22,11.5,11.62,11.41,11.53,141739.0
2016-04-25,11.49,11.59,11.31,11.49,110371.0
2016-04-26,11.5,11.72,11.43,11.57,109920.0
2016-04-27,11.5,11.6,11.41,11.44,83209.0
2016-04-28,11.51,11.52,11.26,11.32,104628.0
2016-04-29,11.32,11.4,11.27,11.3,71904.0
2016-05-03,11.31,11.5,11.29,11.48,166367.0
2016-05-04,11.45,11.51,11.37,11.44,133970.0
2016-05-05,11.38,11.41,11.3,11.37,141843.0
2016-05-06,11.43,11.49,11.03,11.04,238846.0
2016-05-09,11.03,11.03,10.67,10.73,184532.0
2016-05-10,10.73,10.94,10.68,10.81,176295.0
2016-05-11,10.81,11.1,10.68,10.92,251319.0
2016-05-12,10.77,10.84,10.58,10.74,135369.0
2016-05-13,10.73,10.89,10.66,10.7,93544.0
2016-05-16,10.72,10.77,10.62,10.74,90962.0
2016-05-17,10.77,10.83,10.73,10.79,124353.0
2016-05-18,10.75,10.75,10.46,10.66,149652.0
2016-05-19,10.62,10.7,10.6,10.61,57958.0
2016-05-20,10.6,10.65,10.52,10.64,69215.0
2016-05-23,10.65,10.76,10.64,10.69,112128.0
2016-05-24,10.7,10.71,10.51,10.54,90086.0
2016-05-25,10.64,10.65,10.49,10.54,62882.0
2016-05-26,10.53,10.62,10.39,10.51,78918.0
2016-05-27,10.52,10.55,10.46,10.49,60128.0
2016-05-30,10.53,10.91,10.49,10.72,245398.0
2016-05-31,10.72,10.99,10.63,10.96,271852.0
2016-06-01,10.96,11.03,10.88,10.91,175537.0
2016-06-02,10.88,10.93,10.81,10.87,114900.0
2016-06-03,10.9,10.95,10.83,10.88,107711.0
2016-06-06,10.92,10.93,10.75,10.8,124480.0
2016-06-07,10.83,10.84,10.74,10.76,99058.0
2016-06-08,10.77,10.79,10.66,10.71,142841.0
2016-06-13,10.47,10.6,10.35,10.36,189564.0
2016-06-14,10.35,10.4,10.31,10.33,87683.0
2016-06-15,10.17,10.45,10.17,10.41,123307.0
2016-06-16,10.36,10.44,10.31,10.33,116092.0
2016-06-17,10.35,10.44,10.33,10.37,106761.0
2016-06-20,10.42,10.43,10.32,10.33,75730.0
2016-06-21,10.36,10.46,10.34,10.37,146741.0
2016-06-22,10.38,10.4,10.34,10.39,88852.0
2016-06-23,10.4,10.41,10.31,10.34,79490.0
2016-06-24,10.34,10.38,10.03,10.21,154029.0
2016-06-27,10.17,10.28,10.13,10.27,106058.0
2016-06-28,10.24,10.31,10.18,10.29,109552.0
2016-06-29,10.31,11.2,10.3,10.91,609443.0
2016-06-30,11.03,11.11,10.74,10.81,332573.0
2016-07-01,10.8,10.82,10.67,10.71,179978.0
2016-07-04,10.66,10.87,10.64,10.84,222913.0
2016-07-05,10.85,11.35,10.84,11.11,497693.0
2016-07-06,11.05,11.05,10.85,10.94,239519.0
2016-07-07,10.94,10.96,10.82,10.89,174862.0
2016-07-08,10.87,10.97,10.87,10.89,144653.0
2016-07-11,10.92,10.95,10.85,10.86,147286.0
2016-07-12,10.87,11.09,10.81,11.07,306557.0
2016-07-13,11.05,11.33,11.02,11.16,405246.0
2016-07-14,11.17,11.2,11.07,11.15,164165.0
2016-07-15,11.19,11.3,11.12,11.14,158007.0
2016-07-18,10.99,11.0,10.11,10.11,3667517.0
2016-07-19,10.13,10.15,9.9,10.14,1487101.0
2016-07-20,10.09,10.15,10.03,10.09,561841.0
2016-07-21,10.12,10.16,10.07,10.11,595238.0
2016-07-22,10.07,10.1,9.98,9.99,661388.0
2016-07-25,9.98,9.98,9.88,9.95,547446.0
2016-07-26,9.92,10.0,9.9,10.0,553264.0
2016-07-27,10.0,10.05,9.74,9.88,1054713.0
2016-07-28,9.83,9.98,9.81,9.88,613733.0
2016-07-29,9.87,10.0,9.85,9.92,667723.0
2016-08-01,9.9,9.92,9.73,9.78,550945.0
2016-08-02,9.77,9.84,9.77,9.84,287253.0
2016-08-03,9.81,9.82,9.75,9.8,428286.0
2016-08-04,9.79,9.8,9.72,9.77,522615.0
2016-08-05,9.75,9.84,9.73,9.76,578543.0
2016-08-08,9.77,9.9,9.73,9.9,713478.0
2016-08-09,9.87,10.12,9.86,10.11,1322879.0
2016-08-10,10.12,10.12,9.98,9.99,598969.0
2016-08-11,9.96,10.06,9.92,9.93,395165.0
2016-08-12,9.96,10.1,9.91,10.08,721688.0
2016-08-15,10.12,10.53,10.12,10.39,1855758.0
2016-08-16,10.41,10.71,10.38,10.39,1503465.0
2016-08-17,10.4,10.56,10.33,10.44,1044342.0
2016-08-18,10.51,10.69,10.35,10.39,1289193.0
2016-08-19,10.35,11.1,10.28,10.86,2508977.0
2016-08-22,10.76,10.8,10.52,10.54,1283525.0
2016-08-23,10.5,10.63,10.41,10.47,658025.0
2016-08-24,10.5,10.53,10.39,10.41,439467.0
2016-08-25,10.38,10.38,10.16,10.28,626078.0
2016-08-26,10.28,10.5,10.27,10.33,565032.0
2016-08-29,10.29,10.49,10.29,10.37,572705.0
2016-08-30,10.39,10.44,10.3,10.35,484974.0
2016-08-31,10.41,10.42,10.32,10.36,353263.0
2016-09-01,10.4,10.49,10.3,10.31,655882.0
2016-09-02,10.3,10.41,10.25,10.37,571009.0
2016-09-05,10.4,10.44,10.29,10.31,442650.0
2016-09-06,10.3,10.35,10.19,10.33,578423.0
2016-09-07,10.32,10.53,10.3,10.39,873139.0
2016-09-08,10.4,10.42,10.32,10.37,382862.0
2016-09-09,10.37,10.52,10.35,10.36,563714.0
2016-09-12,10.2,10.28,10.09,10.23,786368.0
2016-09-13,10.21,10.25,10.13,10.17,352757.0
2016-09-14,10.12,10.16,10.08,10.13,376864.0
2016-09-19,10.15,10.2,10.11,10.15,230105.0
2016-09-20,10.15,10.16,10.08,10.14,315338.0
2016-09-21,10.13,10.18,10.12,10.14,196385.0
2016-09-22,10.18,10.23,10.15,10.2,371497.0
2016-09-23,10.21,10.22,10.15,10.17,292723.0
2016-09-26,10.14,10.16,9.94,9.95,427996.0
2016-09-27,9.92,9.99,9.91,9.98,236083.0
2016-09-28,9.98,9.98,9.93,9.94,123124.0
2016-09-29,9.95,10.02,9.94,9.97,153007.0
2016-09-30,9.98,10.04,9.95,10.01,172738.0
2016-10-10,10.07,10.22,10.07,10.2,418439.0
2016-10-11,10.19,10.26,10.19,10.21,326517.0
2016-10-12,10.2,10.21,10.15,10.17,206799.0
2016-10-13,10.17,10.45,10.16,10.44,897071.0
2016-10-14,10.39,10.72,10.33,10.67,1769207.0
2016-10-17,10.63,10.9,10.56,10.74,1930260.0
2016-10-18,10.71,11.56,10.71,11.31,2292709.0
2016-10-19,11.25,11.45,11.19,11.38,2326337.0
2016-10-20,11.32,11.54,11.27,11.5,1239244.0
2016-10-21,11.5,12.22,11.48,12.02,2242274.0
2016-10-24,11.91,12.16,11.75,11.99,1319001.0
2016-10-25,12.0,12.0,11.46,11.63,1460143.0
2016-10-26,11.59,11.66,11.38,11.5,1163842.0
2016-10-27,11.46,11.5,11.3,11.45,776194.0
2016-10-28,11.43,11.55,11.13,11.24,789350.0
2016-10-31,11.23,11.35,11.17,11.3,556171.0
2016-11-01,11.33,11.47,11.29,11.35,563299.0
2016-11-02,11.35,11.36,11.09,11.13,668789.0
2016-11-03,11.15,11.88,11.14,11.62,1632442.0
2016-11-04,11.55,11.85,11.48,11.48,1090618.0
2016-11-07,11.51,11.65,11.45,11.52,525372.0
2016-11-08,11.65,12.36,11.54,11.91,1573559.0
2016-11-09,11.84,12.18,11.5,11.93,1711442.0
2016-11-10,12.11,12.58,12.09,12.11,1505551.0
2016-11-11,12.11,12.68,12.02,12.48,2024956.0
2016-11-14,12.52,13.3,12.48,12.91,2192885.0
2016-11-15,13.06,13.13,12.6,12.66,1229448.0
2016-11-16,12.75,12.88,12.43,12.63,1038404.0
2016-11-17,12.56,12.85,12.46,12.78,963508.0
2016-11-18,12.9,13.0,12.51,12.53,1006689.0
2016-11-21,12.5,13.03,12.46,12.76,1204370.0
2016-11-22,12.8,13.0,12.72,12.84,1069114.0
2016-11-23,12.89,13.14,12.64,12.77,939942.0
2016-11-24,12.7,12.87,12.54,12.72,834105.0
2016-11-25,12.74,13.53,12.51,13.48,1826958.0
2016-11-28,13.55,14.44,13.38,14.17,2659351.0
2016-11-29,14.0,14.91,13.8,14.23,3047955.0
2016-11-30,14.1,14.29,13.53,13.58,1839130.0
2016-12-01,13.65,14.08,13.6,13.88,1601937.0
2016-12-02,13.8,15.0,13.78,14.98,3527766.0
2016-12-05,14.4,14.4,13.58,13.58,2662753.0
2016-12-06,13.31,13.54,13.1,13.26,1512309.0
2016-12-07,13.28,13.35,12.9,13.27,1349353.0
2016-12-08,13.26,13.26,12.94,13.0,978180.0
2016-12-09,12.82,13.66,12.8,13.42,1975926.0
2016-12-12,13.23,13.27,12.67,13.13,1692513.0
2016-12-13,13.0,13.2,12.73,13.04,841503.0
2016-12-14,12.96,12.97,12.35,12.44,1365664.0
2016-12-15,12.45,12.63,12.27,12.4,834260.0
2016-12-16,12.38,12.62,12.22,12.44,721216.0
2016-12-19,12.38,12.49,12.24,12.25,523045.0
2016-12-20,12.31,12.43,12.2,12.39,522111.0
2016-12-21,12.42,12.8,12.33,12.68,1099990.0
2016-12-22,12.58,12.8,12.54,12.65,694589.0
2016-12-23,12.74,12.85,12.57,12.65,731070.0
2016-12-26,12.5,13.15,12.21,12.96,949448.0
2016-12-27,12.98,13.5,12.89,13.06,1211831.0
2016-12-28,13.01,13.13,12.79,12.87,608100.0
2016-12-29,12.87,13.29,12.8,13.14,843864.0
2016-12-30,13.15,13.22,12.8,12.96,729786.0
2017-01-03,12.94,13.09,12.88,13.0,503640.0
2017-01-04,13.05,13.4,13.01,13.21,871369.0
2017-01-05,13.13,13.24,13.03,13.14,640098.0
2017-01-06,13.14,13.23,13.03,13.07,486050.0
2017-01-09,13.08,13.13,12.93,13.1,541540.0
2017-01-10,13.08,13.09,12.84,12.86,574618.0
2017-01-11,12.86,13.0,12.65,12.78,546150.0
2017-01-12,12.74,12.96,12.67,12.71,381206.0
2017-01-13,12.66,12.8,12.6,12.75,485229.0
2017-01-16,12.61,12.96,12.23,12.88,994129.0
2017-01-17,12.78,12.85,12.64,12.78,250503.0
2017-01-18,12.83,13.17,12.77,13.02,814942.0
2017-01-19,12.94,13.19,12.93,13.0,469553.0
2017-01-20,12.97,13.13,12.94,13.12,327623.0
2017-01-23,13.2,13.24,13.03,13.15,347561.0
2017-01-24,13.14,13.24,13.08,13.17,396356.0
2017-01-25,13.18,13.45,13.12,13.34,533181.0
2017-01-26,13.34,13.49,13.22,13.29,395266.0
2017-02-03,13.28,13.41,13.23,13.28,332357.0
2017-02-06,13.25,13.5,13.25,13.37,504871.0
2017-02-07,13.34,13.4,13.1,13.2,417365.0
2017-02-08,13.21,13.25,13.0,13.2,370550.0
2017-02-09,13.18,13.68,13.14,13.61,1255077.0
2017-02-10,13.7,14.38,13.67,13.96,1662201.0
2017-02-13,14.11,14.35,13.93,14.04,1028296.0
2017-02-14,14.05,14.48,14.01,14.46,1010774.0
2017-02-15,14.38,14.43,14.03,14.11,963474.0
2017-02-16,14.08,14.21,14.02,14.12,512411.0
2017-02-17,14.12,14.15,13.8,13.88,651921.0
2017-02-20,13.88,14.15,13.85,14.1,766414.0
2017-02-21,14.11,14.17,13.99,14.04,507449.0
2017-02-22,14.05,14.1,13.8,14.1,637329.0
2017-02-23,14.12,14.28,13.94,14.01,678033.0
2017-02-24,13.94,14.06,13.83,14.04,411354.0
2017-02-27,14.04,14.31,13.93,13.94,644188.0
2017-02-28,13.96,14.28,13.88,14.25,694330.0
2017-03-01,14.25,14.41,14.16,14.19,1038939.0
2017-03-02,14.27,14.33,13.88,13.93,702426.0
2017-03-03,13.9,13.96,13.69,13.87,608425.0
2017-03-06,13.86,13.88,13.68,13.79,454624.0
2017-03-07,13.76,13.76,13.62,13.67,391653.0
2017-03-08,13.71,13.83,13.7,13.75,410757.0
2017-03-09,13.76,13.78,13.6,13.73,349156.0
2017-03-10,13.71,13.72,13.46,13.47,422427.0
2017-03-13,13.41,13.63,13.35,13.56,447425.0
2017-03-14,13.51,13.66,13.51,13.59,293101.0
2017-03-15,13.55,13.74,13.41,13.63,455137.0
2017-03-16,13.68,13.83,13.63,13.73,500565.0
2017-03-17,13.76,13.84,13.56,13.6,474943.0
2017-03-20,13.61,13.79,13.54,13.68,393570.0
2017-03-21,13.69,14.15,13.63,14.13,1199369.0
2017-03-22,14.05,14.45,14.02,14.2,1183868.0
2017-03-23,14.15,14.34,13.96,14.29,824706.0
2017-03-24,14.33,14.96,14.22,14.64,1535310.0
2017-03-27,14.53,14.76,14.36,14.37,928816.0
2017-03-28,14.4,14.51,14.2,14.26,577269.0
2017-03-29,14.28,14.61,14.21,14.39,786216.0
2017-03-30,14.3,14.46,13.99,14.19,783178.0
2017-03-31,14.19,14.25,13.92,13.99,562778.0
2017-04-05,14.34,14.7,14.2,14.67,1592571.0
2017-04-06,15.08,15.58,14.8,15.14,2372789.0
2017-04-07,15.15,15.26,14.83,15.03,1253598.0
2017-04-10,14.92,15.25,14.92,14.99,1043249.0
2017-04-11,15.01,15.35,14.75,15.18,1427933.0
2017-04-12,15.1,15.14,14.77,14.91,743821.0
2017-04-13,14.88,15.03,14.75,14.9,457468.0
2017-04-14,14.93,15.14,14.8,14.9,613526.0
2017-04-17,14.9,15.15,14.86,15.02,712968.0
2017-04-18,15.09,15.2,14.85,14.89,797386.0
2017-04-19,14.83,14.97,14.4,14.8,958480.0
2017-04-20,14.75,15.12,14.7,15.09,872252.0
2017-04-21,15.11,15.26,14.86,15.19,913827.0
2017-04-24,15.09,15.1,14.04,14.39,1441263.0
2017-04-25,14.18,14.31,13.81,14.07,625386.0
2017-04-26,14.1,14.23,13.81,13.86,638542.0
2017-04-27,13.78,14.11,13.43,14.02,891123.0
2017-04-28,13.9,14.12,13.85,14.04,353534.0
2017-05-02,14.05,14.29,14.01,14.1,512795.0
2017-05-03,14.06,14.12,13.79,13.9,501135.0
2017-05-04,13.8,14.34,13.6,14.05,846373.0
2017-05-05,13.92,14.2,13.71,14.05,694001.0
2017-05-08,13.96,14.06,13.32,13.93,1334152.0
2017-05-09,13.8,13.86,13.62,13.75,364103.0
2017-05-10,13.8,13.93,13.36,13.5,568609.0
2017-05-11,13.4,13.71,13.31,13.66,541564.0
2017-05-12,13.64,13.78,13.59,13.67,398183.0
2017-05-15,13.79,13.86,13.38,13.42,578347.0
2017-05-16,13.38,13.39,12.71,13.09,1052903.0
2017-05-17,13.03,13.19,12.95,12.99,505601.0
2017-05-18,12.9,13.01,12.78,12.85,409344.0
2017-05-19,12.8,12.88,12.49,12.59,540853.0
2017-05-22,12.59,12.59,12.2,12.54,594515.0
2017-05-23,12.45,12.7,12.28,12.68,642742.0
2017-05-24,12.6,12.73,12.43,12.71,375224.0
2017-05-25,12.68,12.94,12.6,12.87,411216.0
2017-05-26,12.9,13.04,12.87,12.91,428168.0
2017-05-31,12.96,13.1,12.84,13.06,468778.0
2017-06-01,13.01,13.25,12.94,13.22,648818.0
2017-06-02,13.2,13.28,13.11,13.17,319571.0
2017-06-05,13.2,13.24,13.06,13.08,245141.0
2017-06-06,13.06,13.11,12.96,13.08,230349.0
2017-06-07,13.09,13.17,13.02,13.16,378531.0
2017-06-08,13.15,13.15,13.02,13.06,274182.0
2017-06-09,13.07,13.33,13.04,13.26,556492.0
2017-06-12,13.17,13.3,13.08,13.14,356453.0
2017-06-13,13.09,13.14,13.02,13.07,270444.0
2017-06-14,13.0,13.02,12.69,12.71,489202.0
2017-06-15,12.66,12.84,12.65,12.8,255581.0
2017-06-16,12.77,12.85,12.68,12.69,205241.0
2017-06-19,12.73,12.81,12.69,12.79,222655.0
2017-06-20,12.81,12.83,12.72,12.74,207652.0
2017-06-21,12.79,12.88,12.75,12.82,266057.0
2017-06-22,12.82,13.09,12.77,12.93,617342.0
2017-06-23,12.9,12.93,12.64,12.87,468980.0
2017-06-26,12.88,13.05,12.84,12.97,403481.0
2017-06-27,13.02,13.17,12.9,13.16,566545.0
2017-06-28,13.1,13.25,13.03,13.11,423940.0
2017-06-29,13.11,13.21,13.05,13.09,281095.0
2017-06-30,13.06,13.08,12.99,13.03,205329.0
2017-07-03,13.06,13.08,13.0,13.05,239943.0
2017-07-04,13.05,13.08,12.81,12.82,340277.0
2017-07-05,12.8,12.91,12.77,12.9,218362.0
2017-07-06,12.91,12.96,12.85,12.95,232648.0
2017-07-07,12.9,12.94,12.8,12.89,202663.0
2017-07-10,12.82,13.22,12.8,13.11,616686.0
2017-07-11,13.08,13.21,13.01,13.11,484317.0
2017-07-12,13.13,13.26,13.08,13.17,508264.0
2017-07-13,13.25,13.65,13.21,13.56,923639.0
2017-07-14,13.69,13.98,13.69,13.82,782131.0
2017-07-17,13.85,14.15,13.45,13.89,1041812.0
2017-07-18,13.73,14.38,13.72,14.37,1118617.0
2017-07-19,14.43,14.83,14.31,14.5,1260576.0
2017-07-20,14.53,14.9,14.46,14.54,723588.0
2017-07-21,14.47,14.69,14.34,14.49,653980.0
2017-07-24,14.42,14.69,14.27,14.54,656432.0
2017-07-25,14.48,14.53,14.14,14.29,576076.0
2017-07-26,14.3,14.4,14.14,14.25,466531.0
2017-07-27,14.25,14.29,13.85,14.1,536141.0
2017-07-28,14.01,14.2,13.96,14.11,300549.0
2017-07-31,14.08,14.29,13.97,14.23,472510.0
2017-08-01,14.25,14.29,14.06,14.21,471284.0
2017-08-02,14.19,14.2,13.71,13.75,961915.0
2017-08-03,13.76,13.81,13.46,13.52,785730.0
2017-08-04,13.47,13.63,13.46,13.5,370506.0
2017-08-07,13.49,13.64,13.48,13.6,318212.0
2017-08-08,13.61,13.68,13.53,13.57,339470.0
2017-08-09,13.58,13.61,13.45,13.47,272854.0
2017-08-10,13.44,13.56,13.38,13.49,331081.0
2017-08-11,13.42,13.44,13.07,13.1,453130.0
2017-08-14,13.1,13.44,13.08,13.33,432353.0
2017-08-15,13.34,13.4,13.24,13.3,209589.0
2017-08-16,13.32,13.32,13.13,13.21,237474.0
2017-08-17,13.21,13.59,13.21,13.58,601435.0
2017-08-18,13.53,13.58,13.45,13.53,381845.0
2017-08-21,13.62,13.7,13.48,13.56,358751.0
2017-08-22,13.56,13.59,13.43,13.46,258586.0
2017-08-23,13.44,13.5,13.31,13.32,264408.0
2017-08-24,13.3,13.38,13.21,13.26,252079.0
2017-08-25,13.26,13.69,13.24,13.63,583441.0
2017-08-28,13.66,13.97,13.63,13.75,909068.0
2017-08-29,13.82,13.82,13.68,13.71,362445.0
2017-08-30,13.74,13.84,13.62,13.8,463746.0
2017-08-31,13.84,13.9,13.6,13.62,543566.0
2017-09-01,13.61,13.69,13.48,13.52,509758.0
2017-09-04,13.52,13.57,13.4,13.56,331198.0
2017-09-05,13.55,13.63,13.44,13.47,257493.0
2017-09-06,13.48,13.91,13.32,13.74,1129112.0
2017-09-07,13.66,13.88,13.59,13.61,586797.0
2017-09-08,13.64,13.66,13.38,13.43,439052.0
2017-09-11,13.44,13.5,13.39,13.44,288567.0
2017-09-12,13.43,13.46,13.33,13.39,359892.0
2017-09-13,13.36,13.45,13.32,13.4,278891.0
2017-09-14,13.41,13.48,13.31,13.35,252571.0
2017-09-15,13.34,13.56,13.31,13.42,463033.0
2017-09-18,13.43,13.63,13.43,13.62,418310.0
2017-09-19,13.66,13.67,13.45,13.48,272330.0
2017-09-20,13.45,13.48,13.35,13.42,247963.0
2017-09-21,13.41,13.51,13.37,13.44,225061.0
2017-09-22,13.38,13.41,13.19,13.24,334446.0
2017-09-25,13.22,13.32,13.15,13.16,227956.0
2017-09-26,13.14,13.22,13.13,13.2,166132.0
2017-09-27,13.19,13.23,13.13,13.18,247741.0
2017-09-28,13.21,13.22,13.01,13.02,340018.0
2017-09-29,13.03,13.11,13.0,13.02,229468.0
2017-10-09,13.16,13.23,13.13,13.16,238823.0
2017-10-10,13.18,13.22,13.12,13.2,162029.0
2017-10-11,13.19,13.22,13.13,13.17,175517.0
2017-10-12,13.16,13.2,13.05,13.09,226490.0
2017-10-13,13.06,13.11,13.02,13.1,212469.0
2017-10-16,13.11,13.26,13.11,13.18,325863.0
2017-10-17,13.15,13.19,13.08,13.11,216386.0
2017-10-18,13.09,13.19,13.03,13.04,204591.0
2017-10-19,13.06,13.06,12.71,12.72,419837.0
2017-10-20,12.74,12.82,12.68,12.79,176211.0
2017-10-23,12.79,12.79,12.56,12.74,258133.0
2017-10-24,12.71,12.94,12.68,12.93,408846.0
2017-10-25,12.92,13.04,12.89,12.95,237955.0
2017-10-26,12.95,13.44,12.89,13.34,917140.0
2017-10-27,13.31,13.36,13.13,13.15,403994.0
2017-10-30,13.21,13.31,13.05,13.2,527860.0
2017-10-31,13.29,13.29,13.04,13.13,353142.0
2017-11-01,13.16,13.6,13.1,13.5,886794.0
2017-11-02,13.5,13.6,13.35,13.53,647085.0
2017-11-03,13.5,13.61,13.21,13.58,726868.0
2017-11-06,13.52,13.55,13.39,13.49,372707.0
2017-11-07,13.42,13.64,13.39,13.52,487291.0
2017-11-08,13.46,13.49,13.29,13.38,509826.0
2017-11-09,13.39,13.42,13.28,13.36,351070.0
2017-11-10,13.36,13.36,13.01,13.02,621756.0
2017-11-13,12.98,13.07,12.83,12.96,408698.0
2017-11-14,12.92,12.95,12.77,12.82,467162.0
2017-11-15,12.75,12.88,12.71,12.82,306035.0
2017-11-16,12.78,12.85,12.68,12.69,309059.0
2017-11-17,12.66,13.06,12.63,13.02,721899.0
2017-11-20,12.97,13.04,12.81,12.91,346658.0
2017-11-21,12.95,13.12,12.84,13.03,517156.0
2017-11-22,13.05,13.36,12.97,13.24,901028.0
2017-11-23,13.25,13.3,12.76,12.89,678566.0
2017-11-24,12.8,12.97,12.71,12.92,348313.0
2017-11-27,12.98,13.12,12.83,12.94,371247.0
2017-11-28,12.86,12.92,12.77,12.89,222895.0
2017-11-29,12.89,12.98,12.76,12.9,222110.0
2017-11-30,12.86,13.01,12.82,12.9,210159.0
2017-12-01,12.93,12.94,12.79,12.92,196740.0
2017-12-04,12.86,13.16,12.84,12.94,226063.0
2017-12-05,12.94,13.25,12.94,13.16,890039.0
2017-12-06,13.09,13.15,12.98,13.06,299424.0
2017-12-07,13.06,13.15,12.95,13.05,229560.0
2017-12-08,13.03,13.06,12.94,13.01,188159.0
2017-12-11,12.99,13.04,12.91,13.0,197907.0
2017-12-12,13.0,13.01,12.76,12.77,233401.0
2017-12-13,12.74,12.86,12.74,12.79,140590.0
2017-12-14,12.82,12.82,12.67,12.69,203897.0
2017-12-15,12.69,12.73,12.56,12.65,234266.0
2017-12-18,12.68,12.72,12.48,12.65,231128.0
2017-12-19,12.62,12.63,12.54,12.6,177089.0
2017-12-20,12.63,12.7,12.56,12.64,231057.0
2017-12-21,12.58,12.59,12.32,12.45,288020.0
2017-12-22,12.46,12.53,12.42,12.43,157614.0
2017-12-25,12.46,12.55,12.37,12.42,176395.0
2017-12-26,12.42,12.5,12.36,12.48,166946.0
2017-12-27,12.47,12.49,12.32,12.37,203041.0
2017-12-28,12.35,12.38,12.28,12.29,198813.0
2017-12-29,12.31,12.33,12.28,12.3,158679.0
2018-01-02,12.32,12.63,12.32,12.57,319609.0
2018-01-03,12.59,12.7,12.54,12.61,294213.0
2018-01-04,12.63,12.66,12.58,12.62,179081.0
2018-01-05,12.62,12.84,12.6,12.79,372369.0
2018-01-08,12.79,12.83,12.71,12.78,261807.0
2018-01-09,12.77,12.79,12.67,12.71,240239.0
2018-01-10,12.75,12.85,12.69,12.72,346809.0
2018-01-11,12.71,12.81,12.7,12.73,210578.0
2018-01-12,12.7,12.78,12.59,12.61,181810.0
2018-01-15,12.64,12.67,12.38,12.41,322474.0
2018-01-16,12.37,12.61,12.37,12.61,242522.0
2018-01-17,12.63,12.98,12.61,12.79,472465.0
2018-01-18,12.74,13.26,12.72,13.16,834582.0
2018-01-19,13.15,13.15,12.99,13.06,512207.0
2018-01-22,13.08,13.17,12.99,13.08,302042.0
2018-01-23,13.02,13.19,12.94,13.18,528418.0
2018-01-24,13.2,13.4,13.1,13.3,621009.0
2018-01-25,13.25,13.39,13.19,13.23,381377.0
2018-01-26,13.23,13.4,13.23,13.32,475651.0
2018-01-29,13.32,13.42,13.13,13.16,425457.0
2018-01-30,13.12,13.21,12.93,12.94,333953.0
2018-01-31,12.87,13.0,12.84,12.91,274140.0
2018-02-01,12.94,13.1,12.7,13.08,577483.0
2018-02-02,12.99,13.01,12.81,12.95,288548.0
2018-02-05,12.76,13.18,12.74,13.13,507732.0
2018-02-06,12.92,13.26,12.87,12.95,838293.0
2018-02-07,13.08,13.2,12.86,12.88,653387.0
2018-02-08,12.81,12.94,12.15,12.33,708954.0
2018-02-09,12.06,12.06,11.21,11.34,700399.0
2018-02-12,11.36,11.55,11.24,11.43,334566.0
2018-02-13,11.54,11.71,11.43,11.48,246577.0
2018-02-14,11.48,11.54,11.42,11.49,132656.0
2018-02-22,11.63,11.67,11.51,11.65,180618.0
2018-02-23,11.74,11.83,11.65,11.81,231339.0
2018-02-26,11.87,11.92,11.74,11.91,247052.0
2018-02-27,11.93,11.95,11.78,11.79,185361.0
2018-02-28,11.71,11.78,11.62,11.68,178583.0
2018-03-01,11.61,11.72,11.58,11.67,204279.0
2018-03-02,11.59,11.66,11.51,11.55,175579.0
2018-03-05,11.58,11.66,11.55,11.56,126708.0
2018-03-06,11.61,11.69,11.55,11.68,229528.0
2018-03-07,11.7,11.75,11.57,11.6,171488.0
2018-03-08,11.64,11.64,11.55,11.63,146487.0
2018-03-09,11.66,11.71,11.62,11.69,152572.0
2018-03-12,11.75,11.76,11.68,11.73,228856.0
2018-03-13,11.71,11.71,11.58,11.59,206856.0
2018-03-14,11.56,11.56,11.46,11.48,177993.0
2018-03-15,11.43,11.53,11.43,11.5,125438.0
2018-03-16,11.48,11.53,11.41,11.42,134762.0
2018-03-19,11.42,11.52,11.38,11.46,123307.0
2018-03-20,11.42,11.46,11.36,11.44,129221.0
2018-03-21,11.46,11.48,11.29,11.32,258859.0
2018-03-22,11.32,11.35,11.23,11.23,192530.0
2018-03-23,11.06,11.06,10.6,10.76,383034.0
2018-03-26,10.68,10.77,10.55,10.75,207206.0
2018-03-27,10.86,10.93,10.77,10.86,214177.0
2018-03-28,10.76,10.86,10.74,10.77,139384.0
2018-03-29,10.84,10.92,10.74,10.9,181944.0
2018-03-30,10.96,11.04,10.93,10.94,210985.0
2018-04-02,10.97,11.14,10.93,11.04,253956.0
2018-04-03,11.02,11.03,10.91,10.98,172560.0
2018-04-04,11.01,11.04,10.92,10.93,134865.0
2018-04-09,10.92,11.04,10.9,11.02,167643.0
2018-04-10,11.02,11.24,11.02,11.23,249985.0
2018-04-11,11.25,11.28,11.19,11.2,132836.0
2018-04-12,11.17,11.22,11.1,11.11,117534.0
2018-04-13,11.15,11.22,11.11,11.12,105391.0
2018-04-16,11.14,11.16,10.97,10.98,132611.0
2018-04-17,10.99,11.12,10.95,10.97,148519.0
2018-04-18,11.08,11.11,10.99,11.07,146130.0
2018-04-19,11.12,11.12,11.01,11.05,160420.0
2018-04-20,10.99,11.04,10.74,10.76,203773.0
2018-04-23,10.71,10.89,10.67,10.82,107599.0
2018-04-24,10.77,11.14,10.77,11.05,220138.0
2018-04-25,11.01,11.1,10.97,11.05,121450.0
2018-04-26,11.12,11.13,10.94,10.96,131287.0
2018-04-27,11.03,11.12,10.93,11.07,155915.0
2018-05-02,11.16,11.29,10.99,11.02,229382.0
2018-05-03,10.99,11.12,10.97,11.09,150034.0
2018-05-04,11.07,11.12,11.0,11.02,106968.0
2018-05-07,11.05,11.12,11.0,11.07,167782.0
2018-05-08,11.08,11.15,11.05,11.13,248182.0
2018-05-09,11.12,11.15,11.04,11.06,139556.0
2018-05-10,11.06,11.11,11.02,11.05,148301.0
2018-05-11,11.09,11.1,11.02,11.03,129121.0
2018-05-14,11.06,11.07,10.9,10.94,170205.0
2018-05-15,10.95,10.97,10.86,10.91,141548.0
2018-05-16,10.91,10.91,10.81,10.83,149629.0
2018-05-17,10.87,10.88,10.8,10.82,141547.0
2018-05-18,10.81,10.92,10.77,10.92,147233.0
2018-05-21,10.96,11.0,10.93,10.99,158581.0
2018-05-22,10.99,10.99,10.86,10.91,123472.0
2018-05-23,10.9,10.9,10.76,10.77,139499.0
2018-05-24,10.78,10.83,10.74,10.78,119051.0
2018-05-25,10.77,10.8,10.66,10.68,138477.0
2018-05-28,10.69,10.73,10.58,10.63,122385.0
2018-05-29,10.59,10.64,10.53,10.55,135388.0
2018-05-30,10.46,10.47,10.22,10.22,210803.0
2018-05-31,10.26,10.39,10.23,10.33,197363.0
2018-06-01,10.31,10.4,10.27,10.33,113888.0
2018-06-04,10.37,10.41,10.34,10.38,100540.0
2018-06-05,10.4,10.42,10.34,10.39,101940.0
2018-06-06,10.38,10.39,10.31,10.33,79207.0
2018-06-07,10.35,10.4,10.33,10.34,98316.0
2018-06-08,10.3,10.33,10.08,10.1,204559.0
2018-06-11,10.06,10.2,10.06,10.17,127352.0
2018-06-12,10.19,10.37,10.14,10.36,193327.0
2018-06-13,10.31,10.37,10.24,10.27,122576.0
2018-06-14,10.25,10.37,10.23,10.27,105586.0
2018-06-15,10.27,10.32,9.98,10.1,495491.0
2018-06-19,9.98,10.01,9.41,9.72,347031.0
2018-06-20,9.68,9.76,9.57,9.68,193883.0
2018-06-21,9.68,9.89,9.67,9.7,219931.0
2018-06-22,9.69,9.78,9.58,9.75,119209.0
2018-06-25,9.81,9.81,9.66,9.66,130381.0
2018-06-26,9.6,9.79,9.48,9.69,181393.0
2018-06-27,9.69,9.82,9.66,9.69,174392.0
2018-06-28,9.66,9.74,9.57,9.64,123508.0
2018-06-29,9.62,9.8,9.59,9.78,131854.0
2018-07-02,9.77,9.77,9.39,9.44,247197.0
2018-07-03,9.43,9.52,9.39,9.48,160779.0
2018-07-04,9.47,9.53,9.44,9.48,129896.0
2018-07-05,9.46,9.5,9.31,9.33,113115.0
2018-07-06,9.38,9.44,9.18,9.39,163979.0
2018-07-09,9.36,9.51,9.36,9.49,115012.0
2018-07-10,9.51,9.54,9.46,9.51,88667.0
2018-07-11,9.4,9.4,9.26,9.32,109146.0
2018-07-12,9.31,9.67,9.31,9.56,207849.0
2018-07-13,9.58,9.61,9.51,9.59,108379.0
2018-07-16,9.58,9.64,9.5,9.61,134304.0
2018-07-17,9.6,9.68,9.54,9.64,139111.0
2018-07-18,9.64,9.71,9.57,9.57,102111.0
2018-07-19,9.6,9.86,9.58,9.82,276210.0
2018-07-20,9.85,9.96,9.75,9.95,206164.0
2018-07-23,9.98,10.74,9.93,10.59,686750.0
2018-07-24,10.88,11.52,10.88,11.52,1502847.0
2018-07-25,11.57,11.57,11.1,11.2,732082.0
2018-07-26,11.2,11.28,11.04,11.07,440579.0
2018-07-27,11.11,11.57,11.11,11.24,848410.0
2018-07-30,11.41,11.89,11.39,11.76,868927.0
2018-07-31,11.61,11.7,11.44,11.58,420335.0
2018-08-01,11.96,12.1,11.28,11.32,852944.0
2018-08-02,11.24,11.79,11.15,11.76,909071.0
2018-08-03,11.57,11.74,11.29,11.31,628843.0
2018-08-06,11.34,11.67,11.33,11.35,619343.0
2018-08-07,11.46,12.35,11.26,12.35,1326420.0
2018-08-08,12.53,12.53,12.15,12.37,1177060.0
2018-08-09,12.22,12.63,12.07,12.53,865049.0
2018-08-10,12.45,12.81,12.42,12.56,694096.0
2018-08-13,12.42,12.54,12.15,12.53,729865.0
2018-08-14,12.44,12.44,12.17,12.27,581212.0
2018-08-15,12.38,12.65,12.18,12.28,775111.0
2018-08-16,12.04,12.14,11.8,11.9,660345.0
2018-08-17,12.06,12.11,11.56,11.65,595347.0
2018-08-20,11.64,11.79,11.35,11.61,540607.0
2018-08-21,11.59,12.37,11.56,12.21,932097.0
2018-08-22,12.09,12.09,11.88,11.95,526574.0
2018-08-23,11.92,12.18,11.7,12.04,571067.0
2018-08-24,12.01,12.08,11.76,11.87,387810.0
2018-08-27,11.89,12.31,11.8,12.13,599635.0
2018-08-28,12.14,12.24,12.01,12.24,530942.0
2018-08-29,12.19,12.22,12.06,12.17,309743.0
2018-08-30,12.12,12.21,11.74,11.77,505115.0
2018-08-31,11.79,12.03,11.61,11.94,538523.0
2018-09-03,11.84,11.85,11.58,11.76,316043.0
2018-09-04,11.83,11.89,11.55,11.76,384473.0
2018-09-05,11.73,11.77,11.44,11.44,416311.0
2018-09-06,11.37,11.55,11.09,11.19,551676.0
2018-09-07,11.19,11.54,11.11,11.31,518379.0
2018-09-10,11.22,11.46,11.22,11.25,306265.0
2018-09-11,11.28,11.48,11.17,11.38,292096.0
2018-09-12,11.33,11.52,11.24,11.38,267414.0
2018-09-13,11.55,11.59,11.33,11.46,265762.0
2018-09-14,11.47,11.53,11.29,11.42,238172.0
2018-09-17,11.34,11.35,11.06,11.13,261863.0
2018-09-18,11.07,12.11,11.05,12.11,1096601.0
2018-09-19,12.14,12.4,12.03,12.31,1258523.0
2018-09-20,12.24,12.47,12.14,12.24,872260.0
2018-09-21,12.24,12.49,12.12,12.45,856225.0
2018-09-25,12.32,12.49,12.2,12.27,612157.0
2018-09-26,12.23,12.49,12.19,12.33,736026.0
2018-09-27,12.26,12.59,12.23,12.41,853596.0
2018-09-28,12.41,12.57,12.37,12.49,808978.0
2018-10-08,12.29,12.59,12.08,12.11,749811.0
2018-10-09,12.22,12.4,12.0,12.26,614835.0
2018-10-10,12.31,12.9,12.29,12.7,1135374.0
2018-10-11,12.36,12.74,12.03,12.35,1221691.0
2018-10-12,12.23,12.89,12.15,12.84,1239431.0
2018-10-15,12.81,12.97,12.35,12.43,930564.0
2018-10-16,12.3,12.49,11.85,12.03,810289.0
2018-10-17,12.19,12.34,12.01,12.22,581576.0
2018-10-18,12.04,12.2,11.35,11.54,811768.0
2018-10-19,11.34,11.79,11.27,11.69,628877.0
2018-10-22,11.69,12.31,11.68,12.09,864969.0
2018-10-23,12.1,12.33,11.88,12.0,669585.0
2018-10-24,11.98,12.07,11.37,11.69,908683.0
2018-10-25,11.34,11.73,11.29,11.69,680361.0
2018-10-26,11.69,11.81,11.46,11.54,461817.0
2018-10-29,11.56,11.69,11.37,11.42,417232.0
2018-10-30,11.45,11.6,11.3,11.52,423769.0
2018-10-31,11.61,12.54,11.61,12.34,1707722.0
2018-11-01,12.54,12.64,12.3,12.46,1228479.0
2018-11-02,12.55,12.66,12.39,12.61,1069392.0
2018-11-05,12.56,12.57,12.34,12.5,574519.0
2018-11-06,12.53,12.53,12.27,12.45,442238.0
2018-11-07,12.38,12.52,12.31,12.37,517323.0
2018-11-08,12.47,12.49,12.22,12.25,471916.0
2018-11-09,12.2,12.23,11.97,11.98,547660.0
2018-11-12,11.96,12.25,11.92,12.2,472877.0
2018-11-13,12.03,12.2,11.8,12.19,757261.0
2018-11-14,12.14,12.22,11.99,12.06,478211.0
2018-11-15,12.06,12.48,12.05,12.42,843769.0
2018-11-16,12.43,12.47,12.26,12.47,624940.0
2018-11-19,12.41,12.55,12.24,12.55,592584.0
2018-11-20,12.42,12.91,12.4,12.51,951800.0
2018-11-21,12.42,12.83,12.34,12.47,880713.0
2018-11-22,12.54,12.57,12.28,12.3,533595.0
2018-11-23,12.25,12.65,12.11,12.12,764204.0
2018-11-26,12.12,12.29,12.05,12.12,371563.0
2018-11-27,12.15,12.21,11.9,11.95,398562.0
2018-11-28,11.94,12.16,11.92,12.09,351722.0
2018-11-29,12.19,12.45,12.1,12.14,547878.0
2018-11-30,12.06,12.39,12.04,12.33,530672.0
2018-12-03,12.57,12.66,12.36,12.51,887483.0
2018-12-04,12.44,12.63,12.4,12.55,610977.0
2018-12-05,12.38,12.49,12.3,12.35,504921.0
2018-12-06,12.31,12.46,12.26,12.35,371932.0
2018-12-07,12.36,12.74,12.3,12.63,816281.0
2018-12-10,12.56,12.91,12.54,12.7,1013420.0
2018-12-11,12.72,12.87,12.59,12.74,578350.0
2018-12-12,12.83,12.89,12.61,12.66,417788.0
2018-12-13,12.74,13.65,12.7,13.44,1945816.0
2018-12-14,13.25,13.4,13.14,13.17,1029042.0
2018-12-17,13.25,13.44,13.11,13.36,1160003.0
2018-12-18,13.25,13.35,12.92,13.05,909787.0
2018-12-19,13.08,13.12,12.87,12.97,639613.0
2018-12-20,12.99,13.01,12.48,12.61,1178673.0
2018-12-21,12.52,12.65,12.46,12.64,1197707.0
2018-12-24,12.55,12.72,12.44,12.54,591743.0
2018-12-25,12.34,12.35,11.84,12.1,905142.0
2018-12-26,12.1,12.19,11.96,12.03,450374.0
2018-12-27,12.26,12.28,11.9,11.98,610056.0
2018-12-28,11.94,12.25,11.93,12.21,659272.0
2019-01-02,12.23,12.33,11.94,12.05,598024.0
2019-01-03,12.04,12.22,11.99,12.1,580265.0
2019-01-04,11.99,12.44,11.97,12.42,878832.0
2019-01-07,12.53,12.78,12.42,12.51,1040229.0
2019-01-08,12.49,12.62,12.41,12.51,566673.0
2019-01-09,12.57,12.67,12.25,12.33,1008199.0
2019-01-10,12.22,12.27,12.06,12.08,741155.0
2019-01-11,12.06,12.13,11.97,12.12,563138.0
2019-01-14,12.07,12.15,11.96,12.0,454957.0
2019-01-15,12.02,12.22,12.01,12.2,729568.0
2019-01-16,12.2,12.21,12.06,12.13,500854.0
2019-01-17,12.2,12.23,12.07,12.1,491400.0
2019-01-18,12.1,12.25,12.0,12.17,690385.0
2019-01-21,12.17,12.37,12.15,12.23,666323.0
2019-01-22,12.19,12.19,11.92,11.95,771247.0
2019-01-23,11.95,12.01,11.6,11.68,850015.0
2019-01-24,11.69,11.69,11.18,11.34,1460155.0
2019-01-25,11.35,11.53,11.33,11.48,711380.0
2019-01-28,11.54,11.68,11.45,11.5,634639.0
2019-01-29,11.48,11.6,11.38,11.54,466043.0
2019-01-30,11.5,11.54,11.41,11.41,344981.0
2019-01-31,11.47,11.51,11.39,11.43,480290.0
2019-02-01,11.48,11.49,11.32,11.48,569532.0
2019-02-11,11.45,11.68,11.45,11.68,751692.0
2019-02-12,11.64,11.87,11.62,11.83,846577.0
2019-02-13,11.79,11.99,11.71,11.91,1100839.0
2019-02-14,11.88,11.99,11.81,11.86,654561.0
2019-02-15,11.84,11.92,11.68,11.71,655785.0
2019-02-18,11.82,12.04,11.81,12.04,1001003.0
2019-02-19,12.08,12.2,11.91,12.0,928700.0
2019-02-20,12.05,12.09,11.94,12.08,593247.0
2019-02-21,12.06,12.19,11.88,11.93,980259.0
2019-02-22,11.88,12.01,11.76,12.01,1002757.0
2019-02-25,12.07,12.72,11.97,12.71,2267888.0
2019-02-26,12.71,13.6,12.45,12.9,2631341.0
2019-02-27,12.99,13.24,12.67,12.86,1583545.0
2019-02-28,12.79,12.98,12.63,12.74,871823.0
2019-03-01,12.85,12.95,12.71,12.89,1098127.0
2019-03-04,13.15,13.42,12.94,13.0,2166302.0
2019-03-05,12.95,13.27,12.8,13.13,1585159.0
2019-03-06,13.15,13.39,13.02,13.26,1922873.0
2019-03-07,13.19,13.4,13.0,13.1,1608608.0
2019-03-08,12.91,12.91,12.35,12.4,1582784.0
2019-03-11,12.45,12.6,12.37,12.55,1179961.0
2019-03-12,12.62,12.74,12.45,12.57,1252133.0
2019-03-13,12.51,12.64,12.32,12.48,1089421.0
2019-03-14,12.41,12.56,12.32,12.4,747374.0
2019-03-15,12.48,12.61,12.38,12.56,1003288.0
2019-03-18,12.64,13.33,12.6,13.3,2706557.0
2019-03-19,13.32,13.4,13.01,13.16,1678492.0
2019-03-20,13.05,13.24,12.95,13.16,1154144.0
2019-03-21,13.16,13.22,13.0,13.05,1085953.0
2019-03-22,13.09,13.12,12.86,13.04,869133.0
2019-03-25,12.89,12.99,12.78,12.78,1123937.0
2019-03-26,12.85,12.85,12.47,12.5,825772.0
2019-03-27,12.56,12.6,12.43,12.55,594768.0
2019-03-28,12.53,12.69,12.42,12.49,559697.0
2019-03-29,12.46,12.88,12.46,12.85,1245455.0
2019-04-01,12.91,13.08,12.79,13.0,2023536.0
2019-04-02,13.01,13.05,12.86,12.88,1332445.0
2019-04-03,12.86,13.54,12.81,13.34,3057792.0
2019-04-04,13.38,13.64,13.21,13.52,2686642.0
2019-04-08,13.63,13.86,13.3,13.44,2403370.0
2019-04-09,13.39,13.62,13.17,13.38,1896381.0
2019-04-10,13.29,13.46,13.21,13.31,1391587.0
2019-04-11,13.37,13.4,12.99,13.0,1341319.0
2019-04-12,12.97,13.19,12.85,13.1,1161587.0
2019-04-15,13.25,13.37,12.95,12.99,1523826.0
2019-04-16,12.94,13.27,12.88,13.27,1217373.0
2019-04-17,13.21,13.28,13.08,13.13,1052261.0
2019-04-18,13.12,13.25,13.05,13.18,892682.0
2019-04-19,13.25,13.35,13.14,13.33,1366400.0
2019-04-22,13.54,13.64,13.05,13.1,1909638.0
2019-04-23,13.07,13.12,12.74,12.78,1330127.0
2019-04-24,12.82,12.89,12.69,12.88,721452.0
2019-04-25,12.84,12.84,12.46,12.46,1125154.0
2019-04-26,12.46,12.52,12.1,12.14,1147235.0
2019-04-29,12.17,12.36,12.09,12.12,816143.0
2019-04-30,12.17,12.27,12.11,12.18,532402.0
2019-05-06,11.92,11.92,11.19,11.38,1308398.0
2019-05-07,11.44,11.55,11.27,11.44,846957.0
2019-05-08,11.24,11.44,11.18,11.34,668683.0
2019-05-09,11.29,11.41,11.22,11.27,586061.0
2019-05-10,11.34,11.46,11.19,11.46,885169.0
2019-05-13,11.34,11.44,11.26,11.31,525779.0
2019-05-14,11.22,11.36,11.21,11.23,587033.0
2019-05-15,11.29,11.38,11.25,11.33,546880.0
2019-05-16,11.34,11.49,11.3,11.43,697521.0
2019-05-17,11.44,11.44,11.2,11.23,657454.0
2019-05-20,11.19,11.29,11.09,11.16,483320.0
2019-05-21,11.18,11.27,11.13,11.21,504189.0
2019-05-22,11.21,11.22,10.86,10.92,827505.0
2019-05-23,10.87,10.9,10.67,10.73,680467.0
2019-05-24,10.72,10.79,10.67,10.72,308624.0
2019-05-27,10.72,10.83,10.63,10.81,567696.0
2019-05-28,10.79,10.96,10.76,10.92,700356.0
2019-05-29,10.84,10.9,10.81,10.81,340683.0
2019-05-30,10.82,10.82,10.67,10.76,339159.0
2019-05-31,10.78,10.83,10.73,10.74,330328.0
2019-06-03,10.76,10.89,10.73,10.8,381299.0
2019-06-04,10.8,10.81,10.68,10.68,330568.0
2019-06-05,10.74,10.89,10.73,10.78,477484.0
2019-06-06,10.82,10.84,10.71,10.72,322441.0
2019-06-10,10.8,10.88,10.76,10.86,436990.0
2019-06-11,11.34,11.74,11.32,11.5,1578233.0
2019-06-12,11.48,11.59,11.39,11.45,789653.0
2019-06-13,11.41,11.41,11.21,11.31,817275.0
2019-06-14,11.3,11.34,11.09,11.11,596324.0
2019-06-17,11.12,11.28,11.1,11.25,472686.0
2019-06-18,11.22,11.27,11.16,11.23,262659.0
2019-06-19,11.42,11.48,11.2,11.23,635759.0
2019-06-20,11.24,11.49,11.19,11.41,769779.0
2019-06-21,11.37,11.44,11.35,11.4,610329.0
2019-06-24,11.36,11.42,11.25,11.33,452026.0
2019-06-25,11.31,11.34,11.16,11.23,451601.0
2019-06-26,11.25,11.28,11.21,11.26,244348.0
2019-06-27,11.25,11.34,11.23,11.27,363563.0
2019-06-28,11.27,11.31,11.17,11.29,294115.0
2019-07-01,11.4,11.49,11.32,11.48,820539.0
2019-07-02,11.46,11.46,11.37,11.4,420563.0
2019-07-03,11.41,11.43,11.31,11.38,472677.0
2019-07-04,11.39,11.62,11.37,11.49,868761.0
2019-07-05,11.49,11.52,11.33,11.41,543400.0
2019-07-08,11.34,11.36,11.05,11.09,573873.0
2019-07-09,11.09,11.1,11.0,11.03,253370.0
2019-07-10,11.07,11.07,10.94,10.97,244494.0
2019-07-11,11.03,11.09,10.91,10.95,262655.0
2019-07-12,10.96,11.08,10.94,11.03,276197.0
2019-07-15,11.0,11.18,10.88,11.13,367963.0
2019-07-16,11.11,11.19,11.11,11.16,225492.0
2019-07-17,11.15,11.25,11.08,11.21,274372.0
2019-07-18,11.21,11.27,11.14,11.2,322697.0
2019-07-19,11.28,11.39,11.26,11.34,482853.0
2019-07-22,11.33,11.39,11.21,11.25,389126.0
2019-07-23,11.28,11.57,11.28,11.51,780498.0
2019-07-24,11.56,11.62,11.46,11.55,597794.0
2019-07-25,11.53,11.54,11.45,11.54,385699.0
2019-07-26,11.49,11.63,11.48,11.57,447181.0
2019-07-29,11.57,11.68,11.53,11.6,372338.0
2019-07-30,11.61,11.67,11.58,11.65,432264.0
2019-07-31,11.55,11.55,11.24,11.26,1042816.0
2019-08-01,11.26,11.26,11.16,11.19,398981.0
2019-08-02,10.95,11.1,10.95,11.07,374585.0
2019-08-05,11.02,11.1,10.95,10.96,414068.0
2019-08-06,10.84,10.84,10.63,10.74,804357.0
2019-08-07,10.75,10.8,10.68,10.69,336332.0
2019-08-08,10.71,10.77,10.7,10.72,255829.0
2019-08-09,10.76,10.77,10.64,10.65,258775.0
2019-08-12,10.67,10.74,10.65,10.74,230494.0
2019-08-13,10.69,10.69,10.57,10.6,296086.0
2019-08-14,10.69,10.71,10.61,10.61,244913.0
2019-08-15,10.42,10.55,10.38,10.54,365497.0
2019-08-16,10.52,10.59,10.47,10.53,260180.0
2019-08-19,10.57,10.75,10.57,10.74,383312.0
2019-08-20,10.74,10.84,10.72,10.75,349578.0
2019-08-21,10.72,10.79,10.7,10.72,192903.0
2019-08-22,10.73,10.78,10.65,10.69,199049.0
2019-08-23,10.67,10.71,10.64,10.66,205937.0
2019-08-26,10.45,10.59,10.45,10.53,319070.0
2019-08-27,10.59,10.83,10.57,10.83,593106.0
2019-08-28,10.78,10.79,10.71,10.72,248263.0
2019-08-29,10.72,10.74,10.63,10.65,241040.0
2019-08-30,10.72,10.73,10.61,10.65,241627.0
2019-09-02,10.71,11.05,10.7,10.98,772568.0
2019-09-03,10.98,11.04,10.88,11.03,482594.0
2019-09-04,11.08,11.68,11.08,11.5,1728673.0
2019-09-05,11.75,11.95,11.51,11.52,1647786.0
2019-09-06,11.53,11.62,11.43,11.52,680161.0
2019-09-09,11.65,11.76,11.52,11.6,746713.0
2019-09-10,11.52,11.55,11.42,11.5,475792.0
2019-09-11,11.53,11.56,11.44,11.47,490836.0
2019-09-12,11.53,11.73,11.48,11.72,833585.0
2019-09-16,11.7,11.7,11.51,11.57,505995.0
2019-09-17,11.56,11.57,11.36,11.37,493583.0
2019-09-18,11.4,11.5,11.32,11.35,373466.0
2019-09-19,11.39,11.44,11.3,11.44,259872.0
2019-09-20,11.62,11.67,11.33,11.48,884919.0
2019-09-23,11.38,11.43,11.18,11.26,486108.0
2019-09-24,11.26,11.32,11.19,11.2,355135.0
2019-09-25,11.17,11.22,11.08,11.17,312895.0
2019-09-26,11.2,11.28,11.08,11.11,319684.0
2019-09-27,11.1,11.16,11.08,11.11,220203.0
2019-09-30,11.09,11.13,11.0,11.01,243287.0
2019-10-08,10.99,11.22,10.99,11.18,370671.0
2019-10-09,11.13,11.27,11.12,11.19,258754.0
2019-10-10,11.18,11.22,11.14,11.2,261559.0
2019-10-11,11.17,11.27,11.12,11.26,305512.0
2019-10-14,11.33,11.38,11.26,11.29,411458.0
2019-10-15,11.29,11.38,11.26,11.27,291357.0
2019-10-16,11.32,11.42,11.28,11.31,321351.0
2019-10-17,11.3,11.41,11.26,11.39,344678.0
2019-10-18,11.39,11.41,11.13,11.15,343771.0
2019-10-21,11.12,11.2,11.08,11.16,220383.0
2019-10-22,11.19,11.23,11.01,11.12,274655.0
2019-10-23,11.14,11.4,11.11,11.3,542822.0
2019-10-24,11.33,11.39,11.29,11.38,306134.0
2019-10-25,11.43,11.44,11.24,11.32,339078.0
2019-10-28,11.29,11.31,11.13,11.24,453883.0
2019-10-29,11.23,11.27,11.13,11.18,314537.0
2019-10-30,11.17,11.17,11.06,11.06,256570.0
2019-10-31,11.13,11.15,10.9,10.93,401749.0
2019-11-01,10.94,11.2,10.94,11.18,403796.0
2019-11-04,11.21,11.34,11.19,11.28,406467.0
2019-11-05,11.29,11.57,11.22,11.51,841883.0
2019-11-06,11.57,11.57,11.37,11.43,494469.0
2019-11-07,11.43,11.49,11.33,11.39,297283.0
2019-11-08,11.45,11.46,11.25,11.26,308870.0
2019-11-11,11.21,11.21,10.9,10.9,529395.0
2019-11-12,10.93,11.07,10.86,11.01,384343.0
2019-11-13,11.01,11.01,10.9,10.97,303426.0
2019-11-14,11.04,11.27,11.04,11.19,565768.0
2019-11-15,11.15,11.18,10.97,10.98,306996.0
2019-11-18,10.99,11.03,10.9,10.97,350162.0
2019-11-19,10.95,11.0,10.93,10.99,348240.0
2019-11-20,10.95,10.98,10.86,10.87,264197.0
2019-11-21,10.86,10.86,10.72,10.78,378124.0
2019-11-22,10.77,11.04,10.72,10.91,572878.0
2019-11-25,10.92,11.3,10.9,11.27,900262.0
2019-11-26,11.27,11.36,11.18,11.23,701329.0
2019-11-27,11.27,11.4,11.22,11.26,542385.0
2019-11-28,11.32,11.56,11.27,11.32,539224.0
2019-11-29,11.29,11.38,11.18,11.22,319766.0
2019-12-02,11.28,11.34,11.17,11.2,317893.0
2019-12-03,11.16,11.35,11.12,11.23,348475.0
2019-12-04,11.23,11.24,11.13,11.16,248359.0
2019-12-05,11.22,11.27,11.13,11.18,287086.0
2019-12-06,11.19,11.2,11.11,11.18,187684.0
2019-12-09,11.22,11.37,11.17,11.33,425897.0
2019-12-10,11.31,11.42,11.28,11.28,355540.0
2019-12-11,11.33,11.36,11.25,11.31,263911.0
2019-12-12,11.3,11.33,11.19,11.24,292193.0
2019-12-13,11.29,11.45,11.27,11.4,516095.0
2019-12-16,11.43,11.51,11.37,11.5,501414.0
2019-12-17,11.5,11.72,11.45,11.62,749745.0
2019-12-18,11.62,11.63,11.47,11.48,573742.0
2019-12-19,11.83,11.92,11.67,11.74,1203692.0
2019-12-20,11.78,11.78,11.6,11.6,493721.0
2019-12-23,11.6,11.68,11.45,11.46,439574.0
2019-12-24,11.46,11.5,11.42,11.47,260155.0
2019-12-25,11.45,11.49,11.42,11.45,245773.0
2019-12-26,11.45,11.63,11.44,11.57,399215.0
2019-12-27,11.57,11.64,11.5,11.52,416083.0
2019-12-30,11.52,11.64,11.52,11.64,413665.0
2019-12-31,11.65,11.69,11.56,11.69,542707.0
2020-01-02,11.77,12.02,11.76,11.96,1173359.0
2020-01-03,12.0,12.04,11.83,11.89,675406.0
2020-01-06,11.82,11.92,11.76,11.79,689241.0
2020-01-07,11.81,11.88,11.76,11.88,449288.0
2020-01-08,11.82,11.83,11.61,11.65,614686.0
2020-01-09,11.73,11.81,11.68,11.74,430366.0
2020-01-10,11.76,11.79,11.61,11.66,384501.0
2020-01-13,11.64,11.72,11.61,11.71,340381.0
2020-01-14,11.72,11.78,11.69,11.73,294274.0
2020-01-15,11.72,11.75,11.54,11.57,399487.0
2020-01-16,11.57,11.59,11.45,11.47,341626.0
2020-01-17,11.49,11.53,11.42,11.44,281573.0
2020-01-20,11.45,11.54,11.37,11.5,334815.0
2020-01-21,11.52,11.52,11.23,11.28,512559.0
2020-01-22,11.25,11.28,11.14,11.23,447685.0
2020-01-23,11.18,11.2,10.9,10.97,533435.0
2020-02-03,10.03,10.13,10.03,10.03,608169.0
2020-02-04,9.8,10.13,9.8,10.03,872721.0
2020-02-05,10.02,10.27,10.0,10.15,779053.0
2020-02-06,10.2,10.4,10.1,10.31,629715.0
2020-02-07,10.27,10.33,10.17,10.32,468396.0
2020-02-10,10.3,10.53,10.24,10.44,496563.0
2020-02-11,10.48,10.62,10.44,10.51,484175.0
2020-02-12,10.51,10.61,10.49,10.59,349633.0
2020-02-13,10.64,10.82,10.6,10.65,504724.0
2020-02-14,10.64,10.7,10.59,10.69,323705.0
2020-02-17,10.7,10.85,10.67,10.84,495939.0
2020-02-18,10.93,10.97,10.73,10.8,493949.0
2020-02-19,10.79,10.9,10.74,10.83,447405.0
2020-02-20,10.85,10.94,10.76,10.93,489430.0
2020-02-21,10.93,10.99,10.83,10.88,527113.0
2020-02-24,10.87,10.91,10.73,10.74,642280.0
2020-02-25,10.57,10.61,10.4,10.52,771204.0
2020-02-26,10.42,11.22,10.38,11.02,2220141.0
2020-02-27,11.08,11.14,10.92,10.96,997952.0
2020-02-28,10.79,11.31,10.75,11.05,1865881.0
2020-03-02,11.23,12.0,11.18,12.0,2218487.0
2020-03-03,12.54,12.54,12.0,12.08,2714498.0
2020-03-04,12.0,12.72,11.93,12.5,2197736.0
2020-03-05,12.54,12.79,12.31,12.45,1780138.0
2020-03-06,12.3,12.42,11.98,12.02,1629913.0
2020-03-09,11.84,11.94,11.66,11.69,1296006.0
2020-03-10,11.7,12.23,11.69,12.22,1714958.0
2020-03-11,12.21,12.37,12.02,12.09,1058919.0
2020-03-12,11.94,12.32,11.8,12.18,1263409.0
2020-03-13,11.71,12.35,11.7,12.21,1481423.0
2020-03-16,12.25,12.51,11.88,11.95,1524570.0
2020-03-17,12.08,12.23,11.5,11.79,1196661.0
2020-03-18,11.85,12.03,11.48,11.48,937368.0
2020-03-19,11.5,11.59,10.95,11.3,1192642.0
2020-03-20,11.37,11.54,11.19,11.34,890522.0
2020-03-23,11.1,11.37,11.0,11.06,758493.0
2020-03-24,11.2,11.26,10.91,11.1,806245.0
2020-03-25,11.28,11.4,11.03,11.21,1362255.0
2020-03-26,11.09,11.1,10.91,10.92,853148.0
2020-03-27,11.03,11.46,10.88,11.28,1784770.0
2020-03-30,11.21,11.71,11.16,11.7,1552640.0
2020-03-31,11.65,11.65,11.34,11.38,1209243.0
2020-04-01,11.43,11.56,11.25,11.27,916825.0
2020-04-02,11.17,11.39,11.12,11.39,585230.0
2020-04-03,11.34,11.37,11.2,11.22,511661.0
2020-04-07,11.34,11.46,11.25,11.43,954181.0
2020-04-08,11.37,11.43,11.29,11.37,617798.0
2020-04-09,11.42,11.54,11.35,11.37,582417.0
2020-04-10,11.37,11.38,11.1,11.1,615528.0
2020-04-13,11.05,11.19,11.03,11.14,410607.0
2020-04-14,11.15,11.2,11.1,11.2,451110.0
2020-04-15,11.19,11.19,11.0,11.04,496447.0
2020-04-16,11.03,11.06,10.94,11.0,589599.0
2020-04-17,11.12,11.6,11.08,11.43,1474247.0
2020-04-20,11.56,11.8,11.52,11.56,1333603.0
2020-04-21,11.52,11.69,11.42,11.6,1017221.0
2020-04-22,11.51,11.55,11.43,11.52,581147.0
2020-04-23,11.6,11.6,11.35,11.37,561191.0
2020-04-24,11.35,11.37,11.24,11.28,416114.0
2020-04-27,11.28,11.47,11.28,11.35,458251.0
2020-04-28,11.35,11.38,11.01,11.22,563459.0
2020-04-29,11.18,11.28,11.12,11.23,324212.0
2020-04-30,11.23,11.37,11.21,11.33,643617.0
2020-05-06,11.33,11.58,11.32,11.41,939157.0
2020-05-07,11.38,11.4,11.26,11.26,475093.0
2020-05-08,11.29,11.32,11.25,11.31,448223.0
2020-05-11,11.35,11.58,11.3,11.41,803885.0
2020-05-12,11.43,11.45,11.21,11.24,620605.0
2020-05-13,11.18,11.21,11.12,11.19,563681.0
2020-05-14,11.13,11.15,11.01,11.03,549896.0
2020-05-15,11.06,11.09,11.0,11.02,365069.0
2020-05-18,11.15,11.18,11.05,11.06,416143.0
2020-05-19,11.1,11.13,11.06,11.08,357278.0
2020-05-20,11.08,11.08,10.95,10.98,417108.0
2020-05-21,11.02,11.02,10.77,10.77,603373.0
2020-05-22,10.79,10.79,10.56,10.57,611623.0
2020-05-25,10.56,10.58,10.4,10.42,514288.0
2020-05-26,10.44,10.49,10.43,10.47,409109.0
2020-05-27,10.46,10.46,10.29,10.35,450926.0
2020-05-28,10.37,10.49,10.31,10.33,475510.0
2020-05-29,10.31,10.31,10.16,10.2,641224.0
2020-06-01,10.22,10.36,10.21,10.33,648771.0
2020-06-02,10.34,10.47,10.32,10.42,516805.0
2020-06-03,10.44,10.48,10.36,10.36,598683.0
2020-06-04,10.37,10.4,10.25,10.26,391272.0
2020-06-05,10.26,10.3,10.2,10.3,324500.0
2020-06-08,10.32,10.34,10.26,10.29,400745.0
2020-06-09,10.28,10.38,10.25,10.36,474775.0
2020-06-10,10.34,10.34,10.24,10.24,406000.0
2020-06-11,10.25,10.26,10.11,10.11,620917.0
2020-06-12,9.98,10.07,9.95,10.05,628635.0
2020-06-15,10.03,10.03,9.92,9.92,708812.0
2020-06-16,9.99,10.1,9.95,10.08,664374.0
2020-06-17,10.09,10.17,10.04,10.07,346680.0
2020-06-18,10.07,10.23,10.04,10.17,479822.0
2020-06-19,10.16,10.2,10.12,10.18,443092.0
2020-06-22,10.18,10.19,10.07,10.11,420918.0
2020-06-23,10.08,10.09,9.97,9.98,524192.0
2020-06-24,10.01,10.03,9.97,10.02,357127.0
2020-06-29,9.97,9.99,9.88,9.91,453723.0
2020-06-30,9.95,9.99,9.93,9.93,327244.0
2020-07-01,9.95,10.24,9.91,10.23,1037024.0
2020-07-02,10.2,10.44,10.16,10.42,1250474.0
2020-07-03,10.46,10.64,10.4,10.53,1441473.0
2020-07-06,10.64,11.27,10.64,11.19,2355660.0
2020-07-07,11.35,11.54,11.0,11.05,1937686.0
2020-07-08,11.04,11.22,10.98,11.2,1529402.0
2020-07-09,11.21,11.27,11.05,11.23,1472931.0
2020-07-10,11.15,11.29,10.93,10.93,1392232.0
2020-07-13,10.91,11.16,10.85,11.06,1322109.0
2020-07-14,11.08,11.16,10.87,10.97,1046327.0
2020-07-15,11.01,11.08,10.68,10.69,1020425.0
2020-07-16,10.7,10.87,10.53,10.54,903734.0
2020-07-17,10.6,10.64,10.47,10.54,653326.0
2020-07-20,10.6,10.93,10.58,10.93,1048421.0
2020-07-21,10.97,11.01,10.8,10.86,605749.0
2020-07-22,10.86,10.94,10.78,10.8,648129.0
2020-07-23,10.73,10.81,10.53,10.75,785630.0
2020-07-24,10.75,10.84,10.53,10.57,688733.0
2020-07-27,10.63,10.64,10.42,10.45,436263.0
2020-07-28,10.52,10.58,10.45,10.48,372832.0
2020-07-29,10.46,10.6,10.39,10.6,437805.0
2020-07-30,10.6,10.75,10.57,10.58,427179.0
2020-07-31,10.56,10.66,10.48,10.55,446409.0
2020-08-03,10.58,10.69,10.58,10.67,597215.0
2020-08-04,10.7,11.04,10.62,10.96,1336562.0
2020-08-05,10.91,10.94,10.73,10.77,832954.0
2020-08-06,10.79,10.89,10.66,10.78,477123.0
2020-08-07,10.76,10.79,10.59,10.66,503373.0
2020-08-10,10.7,11.04,10.67,10.95,1538486.0
2020-08-11,10.95,10.98,10.74,10.75,836144.0
2020-08-12,10.75,10.92,10.66,10.82,753348.0
2020-08-13,10.9,10.94,10.8,10.83,500964.0
2020-08-14,10.88,10.89,10.76,10.87,472828.0
2020-08-17,10.9,11.08,10.84,11.03,1182518.0
2020-08-18,10.91,10.95,10.81,10.86,1453862.0
2020-08-19,10.82,10.92,10.79,10.84,648185.0
2020-08-20,10.81,10.81,10.71,10.73,522919.0
2020-08-21,10.74,10.8,10.71,10.73,376251.0
2020-08-24,10.75,10.78,10.68,10.68,384736.0
2020-08-25,10.69,10.72,10.62,10.64,347261.0
2020-08-26,10.62,10.67,10.51,10.52,413223.0
2020-08-27,10.54,10.54,10.46,10.49,307201.0
2020-08-28,10.53,10.65,10.51,10.64,379432.0
2020-08-31,10.76,10.88,10.66,10.69,730972.0
2020-09-01,10.66,10.74,10.65,10.7,300771.0
2020-09-02,10.67,10.69,10.57,10.6,358340.0
2020-09-03,10.61,10.67,10.55,10.56,342670.0
2020-09-04,10.48,10.53,10.46,10.51,284489.0
2020-09-07,10.5,10.6,10.45,10.46,315390.0
2020-09-08,10.48,10.55,10.45,10.54,285108.0
2020-09-09,10.49,10.61,10.47,10.5,343075.0
2020-09-10,10.54,10.57,10.37,10.41,418331.0
2020-09-11,10.38,10.43,10.31,10.35,305183.0
2020-09-14,10.38,10.39,10.28,10.35,324992.0
2020-09-15,10.34,10.39,10.29,10.38,275266.0
2020-09-16,10.35,10.5,10.31,10.42,394779.0
2020-09-17,10.42,10.45,10.37,10.38,220193.0
2020-09-18,10.39,10.58,10.39,10.58,617095.0
2020-09-21,10.58,10.61,10.51,10.54,339044.0
2020-09-22,10.49,10.52,10.36,10.37,329801.0
2020-09-23,10.4,10.41,10.29,10.3,335256.0
2020-09-24,10.27,10.29,10.17,10.19,355882.0
2020-09-25,10.21,10.23,10.11,10.14,271640.0
2020-09-28,10.15,10.21,10.09,10.12,221467.0
2020-09-29,10.15,10.18,10.11,10.11,190213.0
2020-09-30,10.13,10.15,10.02,10.05,264589.0
2020-10-09,10.13,10.18,10.12,10.16,213050.0
2020-10-12,10.16,10.32,10.12,10.29,374596.0
2020-10-13,10.27,10.27,10.2,10.24,227299.0
2020-10-14,10.24,10.25,10.11,10.15,316629.0
2020-10-15,10.15,10.17,10.09,10.15,254592.0
2020-10-16,10.14,10.2,10.11,10.15,225275.0
2020-10-19,10.15,10.29,10.14,10.16,365625.0
2020-10-20,10.16,10.18,10.09,10.16,223790.0
2020-10-21,10.16,10.25,10.1,10.25,312105.0
2020-10-22,10.24,10.24,10.14,10.19,214857.0
2020-10-23,10.16,10.31,10.16,10.26,510880.0
2020-10-26,10.38,10.4,10.2,10.24,370442.0
2020-10-27,10.17,10.23,10.13,10.14,293141.0
2020-10-28,10.16,10.17,10.1,10.14,207442.0
2020-10-29,10.1,10.16,10.09,10.13,202116.0
2020-10-30,10.15,10.21,10.05,10.09,284678.0
2020-11-02,10.03,10.07,9.95,9.99,389082.0
2020-11-03,9.99,10.1,9.99,10.06,263507.0
2020-11-04,10.07,10.09,9.99,10.04,247029.0
2020-11-05,10.07,10.14,10.05,10.13,355316.0
2020-11-06,10.13,10.21,10.06,10.16,454944.0
2020-11-09,10.22,10.28,10.19,10.24,511180.0
2020-11-10,10.27,10.32,10.13,10.17,449401.0
2020-11-11,10.16,10.54,10.12,10.43,1370844.0
2020-11-12,10.39,10.39,10.21,10.23,720372.0
2020-11-13,10.2,10.21,10.08,10.12,490698.0
2020-11-16,10.14,10.24,10.13,10.23,466765.0
2020-11-17,10.23,10.27,10.18,10.23,436169.0
2020-11-18,10.24,10.35,10.18,10.26,568821.0
2020-11-19,10.25,10.33,10.22,10.25,304991.0
2020-11-20,10.24,10.26,10.14,10.24,376239.0
2020-11-23,10.24,10.4,10.21,10.35,772273.0
2020-11-24,10.34,10.39,10.3,10.34,417352.0
2020-11-25,10.38,10.42,10.2,10.21,619062.0
2020-11-26,10.21,10.24,10.17,10.23,309520.0
2020-11-27,10.25,10.36,10.21,10.35,483251.0
2020-11-30,10.39,10.58,10.34,10.35,1286433.0
2020-12-01,10.34,10.44,10.27,10.43,683320.0
2020-12-02,10.42,10.57,10.36,10.48,906893.0
2020-12-03,10.47,10.48,10.36,10.38,525716.0
2020-12-04,10.37,10.39,10.27,10.32,437566.0
2020-12-07,10.32,10.33,10.19,10.2,421394.0
2020-12-08,10.19,10.22,10.1,10.11,541955.0
2020-12-09,10.12,10.14,10.05,10.05,356157.0
2020-12-10,10.04,10.09,10.04,10.06,225836.0
2020-12-11,10.05,10.09,9.96,10.01,428236.0
2020-12-14,10.02,10.04,9.96,9.99,283794.0
2020-12-15,9.99,9.99,9.93,9.98,301336.0
2020-12-16,9.96,9.99,9.92,9.92,302138.0
2020-12-17,9.91,9.98,9.86,9.97,356706.0
2020-12-18,9.98,10.08,9.92,9.92,669910.0
2020-12-21,9.91,9.93,9.85,9.87,416538.0
2020-12-22,9.86,9.88,9.7,9.72,594391.0
2020-12-23,9.71,9.75,9.68,9.72,261834.0
2020-12-24,9.72,9.78,9.71,9.75,286095.0
2020-12-25,9.73,9.8,9.73,9.77,228667.0
2020-12-28,9.67,9.74,9.62,9.63,372345.0
2020-12-29,9.63,9.68,9.59,9.66,276630.0
2020-12-30,9.64,9.66,9.59,9.59,351781.0
2020-12-31,9.59,9.69,9.59,9.66,379370.0
2021-01-04,9.62,9.65,9.57,9.63,502046.0
2021-01-05,9.59,9.86,9.53,9.6,1252886.0
2021-01-06,9.62,10.01,9.62,9.96,1533512.0
2021-01-07,9.91,9.96,9.71,9.77,1033833.0
2021-01-08,9.76,9.87,9.72,9.81,627515.0
2021-01-11,9.8,9.86,9.63,9.63,603417.0
2021-01-12,9.61,9.79,9.6,9.73,605856.0
2021-01-13,9.73,10.2,9.63,10.0,1849075.0
2021-01-14,9.97,10.52,9.93,10.27,2275400.0
2021-01-15,10.16,10.21,9.95,9.98,1351050.0
2021-01-18,9.94,10.03,9.89,9.97,677168.0
2021-01-19,9.93,10.01,9.9,9.92,575294.0
2021-01-20,9.92,9.97,9.86,9.87,514041.0
2021-01-21,9.88,9.89,9.79,9.83,592573.0
2021-01-22,9.81,9.82,9.66,9.67,624347.0
2021-01-25,9.68,9.73,9.63,9.64,433596.0
2021-01-26,9.64,9.73,9.62,9.66,350588.0
2021-01-27,9.66,9.77,9.65,9.68,368081.0
2021-01-28,9.65,9.66,9.53,9.55,559775.0
2021-01-29,9.57,9.59,9.44,9.49,398528.0
2021-02-01,9.48,9.52,9.38,9.44,330778.0
2021-02-02,9.44,9.52,9.42,9.45,338809.0
2021-02-03,9.45,9.45,9.28,9.28,444862.0
2021-02-04,9.26,9.26,9.04,9.08,497018.0
2021-02-05,9.08,9.19,9.07,9.13,310162.0
2021-02-08,9.12,9.23,9.1,9.17,216190.0
2021-02-09,9.18,9.23,9.17,9.22,259948.0
2021-02-10,9.21,9.24,9.18,9.23,267541.0
2021-02-18,9.36,9.41,9.32,9.37,455899.0
2021-02-19,9.37,9.75,9.36,9.72,914033.0
2021-02-22,9.78,9.91,9.72,9.73,1063655.0
2021-02-23,9.69,9.8,9.58,9.59,637928.0
2021-02-24,9.62,9.67,9.49,9.59,499880.0
2021-02-25,9.67,9.88,9.62,9.8,959431.0
2021-02-26,9.69,9.72,9.58,9.59,630053.0
2021-03-01,9.64,9.66,9.57,9.66,386376.0
2021-03-02,9.66,9.66,9.51,9.53,376764.0
2021-03-03,9.54,9.62,9.52,9.61,316808.0
2021-03-04,9.59,9.71,9.57,9.6,364986.0
2021-03-05,9.56,9.7,9.54,9.65,377041.0
2021-03-08,9.65,9.69,9.56,9.56,409333.0
2021-03-09,9.59,9.68,9.43,9.59,487880.0
2021-03-10,9.59,9.61,9.4,9.41,389562.0
2021-03-11,9.41,9.51,9.4,9.5,354437.0
2021-03-12,9.57,9.7,9.47,9.64,732467.0
2021-03-15,9.57,9.8,9.57,9.73,767452.0
2021-03-16,9.74,9.79,9.67,9.77,521692.0
2021-03-17,9.77,9.77,9.64,9.67,414201.0
2021-03-18,9.67,9.7,9.64,9.68,266153.0
2021-03-19,9.63,9.67,9.53,9.54,423314.0
2021-03-22,9.58,9.74,9.58,9.68,442985.0
2021-03-23,9.67,9.69,9.58,9.62,307859.0
2021-03-24,9.6,9.63,9.54,9.57,297186.0
2021-03-25,9.57,9.6,9.51,9.51,333607.0
2021-03-26,9.53,9.55,9.49,9.49,424313.0
2021-03-29,9.51,9.55,9.49,9.54,309041.0
2021-03-30,9.55,9.56,9.48,9.56,273221.0
2021-03-31,9.62,9.84,9.6,9.77,1086825.0
2021-04-01,9.84,9.96,9.78,9.9,1162764.0
2021-04-02,9.87,9.91,9.81,9.83,672533.0
2021-04-06,9.81,9.85,9.78,9.83,439097.0
2021-04-07,9.83,9.91,9.8,9.9,466404.0
2021-04-08,9.9,9.91,9.81,9.86,397754.0
2021-04-09,9.86,9.91,9.82,9.83,300061.0
2021-04-12,9.82,9.96,9.78,9.93,582085.0
2021-04-13,9.89,9.91,9.73,9.75,573639.0
2021-04-14,9.73,9.77,9.7,9.75,333628.0
2021-04-15,9.76,9.77,9.68,9.71,254870.0
2021-04-16,9.71,9.81,9.71,9.79,275896.0
2021-04-19,9.8,9.87,9.77,9.83,341895.0
2021-04-20,9.81,9.84,9.74,9.75,308516.0
2021-04-21,9.73,9.73,9.66,9.68,297374.0
2021-04-22,9.68,9.7,9.63,9.64,282337.0
2021-04-23,9.66,9.67,9.58,9.6,215923.0
2021-04-26,9.61,9.63,9.53,9.54,316058.0
2021-04-27,9.53,9.54,9.46,9.49,241869.0
2021-04-28,9.48,9.54,9.46,9.48,260769.0
2021-04-29,9.49,9.57,9.46,9.57,264860.0
2021-04-30,9.61,9.63,9.44,9.48,388729.0
2021-05-06,9.54,9.56,9.49,9.5,293896.0
2021-05-07,9.51,9.61,9.48,9.54,364174.0
2021-05-10,9.54,9.56,9.47,9.51,346907.0
2021-05-11,9.49,9.53,9.45,9.53,274358.0
2021-05-12,9.52,9.53,9.46,9.52,258171.0
2021-05-13,9.48,9.56,9.47,9.5,276262.0
2021-05-14,9.52,9.54,9.46,9.54,414238.0
2021-05-17,9.53,9.57,9.5,9.53,325038.0
2021-05-18,9.54,9.55,9.49,9.51,251628.0
2021-05-19,9.52,9.54,9.46,9.46,333771.0
2021-05-20,9.48,9.48,9.41,9.44,259475.0
2021-05-21,9.45,9.46,9.42,9.43,183642.0
2021-05-24,9.43,9.44,9.41,9.43,195025.0
2021-05-25,9.43,9.51,9.39,9.5,381367.0
2021-05-26,9.5,9.55,9.48,9.53,404692.0
2021-05-27,9.53,9.53,9.47,9.5,324382.0
2021-05-28,9.49,9.51,9.45,9.47,257920.0
2021-05-31,9.45,9.45,9.39,9.4,379664.0
2021-06-01,9.41,9.42,9.38,9.41,244902.0
2021-06-02,9.42,9.43,9.36,9.39,263646.0
2021-06-03,9.39,9.42,9.37,9.39,216080.0
2021-06-04,9.38,9.42,9.37,9.39,216013.0
2021-06-07,9.39,9.4,9.36,9.37,238137.0
2021-06-08,9.38,9.39,9.35,9.37,217114.0
2021-06-09,9.37,9.38,9.31,9.31,308885.0
2021-06-10,9.31,9.36,9.3,9.3,261694.0
2021-06-11,9.31,9.34,9.27,9.32,400650.0
2021-06-15,9.3,9.31,9.13,9.16,589189.0
2021-06-16,9.16,9.33,9.14,9.28,451540.0
2021-06-17,9.26,9.28,9.17,9.18,267102.0
2021-06-18,9.19,9.2,9.15,9.17,251035.0
2021-06-21,9.17,9.2,9.14,9.18,244062.0
2021-06-22,9.18,9.33,9.14,9.28,610515.0
2021-06-23,9.25,9.29,9.18,9.28,434208.0
2021-06-24,9.26,9.32,9.25,9.28,233737.0
2021-06-25,9.28,9.31,9.25,9.29,233113.0
2021-06-28,9.3,9.31,9.21,9.23,248621.0
2021-06-29,9.22,9.24,9.18,9.19,222457.0
2021-06-30,9.18,9.2,9.14,9.19,220706.0
2021-07-01,9.19,9.26,9.15,9.19,310338.0
2021-07-02,9.2,9.23,9.11,9.12,326500.0
2021-07-05,9.12,9.13,9.06,9.07,291892.0
2021-07-06,9.07,9.12,9.05,9.11,222486.0
2021-07-07,9.08,9.13,9.07,9.12,201159.0
2021-07-08,9.12,9.12,9.05,9.05,255404.0
2021-07-09,9.05,9.09,9.04,9.08,162315.0
2021-07-12,9.1,9.13,9.07,9.08,237883.0
2021-07-13,9.09,9.18,9.06,9.12,401462.0
2021-07-14,9.13,9.13,9.05,9.05,293027.0
2021-07-15,9.05,9.08,9.0,9.07,260556.0
2021-07-16,9.05,9.09,9.03,9.05,213594.0
2021-07-19,9.04,9.05,8.98,8.99,225710.0
2021-07-20,8.98,9.11,8.93,9.05,425063.0
2021-07-21,9.03,9.05,8.98,9.0,244831.0
2021-07-22,9.0,9.1,8.97,9.05,297819.0
2021-07-23,9.05,9.23,9.04,9.16,625184.0
2021-07-26,9.18,9.2,9.06,9.12,463912.0
2021-07-27,9.12,9.14,8.97,9.03,374408.0
2021-07-28,8.98,9.1,8.93,9.04,373279.0
2021-07-29,9.05,9.08,8.98,9.02,270034.0
2021-07-30,9.0,9.21,8.95,9.11,576393.0
2021-08-02,9.09,9.29,9.04,9.24,804111.0
2021-08-03,9.23,9.43,9.2,9.38,1012165.0
2021-08-04,9.4,9.4,9.22,9.3,609957.0
2021-08-05,9.28,9.34,9.23,9.3,428467.0
2021-08-06,9.29,9.31,9.24,9.27,283273.0
2021-08-09,9.26,9.4,9.25,9.33,487833.0
2021-08-10,9.32,9.34,9.26,9.31,377729.0
2021-08-11,9.3,9.41,9.28,9.3,476190.0
2021-08-12,9.3,9.3,9.24,9.25,343732.0
2021-08-13,9.25,9.26,9.19,9.2,302429.0
2021-08-16,9.19,9.26,9.19,9.24,281863.0
2021-08-17,9.24,9.36,9.22,9.23,553615.0
2021-08-18,9.21,9.37,9.19,9.36,688127.0
2021-08-19,9.34,9.35,9.25,9.28,459278.0
2021-08-20,9.27,9.28,9.21,9.24,324837.0
2021-08-23,9.23,9.27,9.23,9.25,239786.0
2021-08-24,9.24,9.27,9.23,9.25,280240.0
2021-08-25,9.26,9.42,9.22,9.37,721566.0
2021-08-26,9.34,9.46,9.33,9.4,837331.0
2021-08-27,9.4,9.51,9.36,9.47,740320.0
2021-08-30,9.47,9.49,9.37,9.39,627549.0
2021-08-31,9.43,9.62,9.41,9.62,1394045.0
2021-09-01,9.67,10.36,9.67,10.26,3517971.0
2021-09-02,10.29,10.73,10.16,10.65,3186963.0
2021-09-03,10.66,10.72,10.35,10.37,2308561.0
2021-09-06,10.45,11.07,10.38,10.7,2972888.0
2021-09-07,10.69,10.91,10.56,10.84,2016897.0
2021-09-08,10.82,10.92,10.71,10.84,1731824.0
2021-09-09,10.84,11.27,10.79,11.15,2471399.0
2021-09-10,11.25,11.51,10.99,11.08,2673305.0
2021-09-13,10.95,11.23,10.94,11.06,1568057.0
2021-09-14,11.07,11.13,10.57,10.66,2244472.0
2021-09-15,10.58,10.72,10.49,10.59,1166421.0
2021-09-16,10.58,10.69,10.5,10.53,976145.0
2021-09-17,10.51,10.59,10.25,10.39,1294105.0
2021-09-22,10.26,10.73,10.25,10.65,1242511.0
2021-09-23,10.7,10.79,10.53,10.65,1044184.0
2021-09-24,10.65,10.7,10.37,10.39,863723.0
2021-09-27,10.38,10.48,9.99,10.01,1179434.0
2021-09-28,10.01,10.16,10.01,10.1,519432.0
2021-09-29,10.05,10.13,9.8,9.87,982968.0
2021-09-30,9.89,9.96,9.82,9.89,574516.0
2021-10-08,10.11,10.13,9.96,10.06,585455.0
2021-10-11,10.06,10.06,9.91,9.96,541824.0
2021-10-12,9.92,9.92,9.68,9.74,678105.0
2021-10-13,9.74,9.81,9.64,9.79,482068.0
2021-10-14,9.78,9.8,9.7,9.73,376619.0
2021-10-15,9.73,9.74,9.61,9.62,507936.0
2021-10-18,9.62,9.74,9.62,9.7,391088.0
2021-10-19,9.67,9.77,9.65,9.72,405731.0
2021-10-20,9.72,9.73,9.65,9.67,335280.0
2021-10-21,9.66,9.73,9.62,9.63,430003.0
2021-10-22,9.62,9.69,9.54,9.56,517668.0
2021-10-25,9.51,9.66,9.49,9.62,446091.0
2021-10-26,9.6,9.75,9.58,9.59,481987.0
2021-10-27,9.57,9.61,9.43,9.44,462776.0
2021-10-28,9.44,9.47,9.34,9.37,368417.0
2021-10-29,9.37,9.44,9.33,9.43,319088.0
2021-11-01,9.39,9.49,9.38,9.46,497766.0
2021-11-02,9.46,9.47,9.21,9.26,775757.0
2021-11-03,9.24,9.29,9.21,9.25,370799.0
2021-11-04,9.26,9.27,9.22,9.25,312584.0
2021-11-05,9.24,9.25,9.2,9.2,313708.0
2021-11-08,9.24,9.25,9.2,9.21,270728.0
2021-11-09,9.22,9.23,9.18,9.21,281991.0
2021-11-10,9.21,9.27,9.14,9.27,438649.0
2021-11-11,9.23,9.43,9.22,9.39,630370.0
2021-11-12,9.37,9.37,9.3,9.33,265005.0
2021-11-15,9.32,9.38,9.3,9.36,208058.0
2021-11-16,9.37,9.42,9.3,9.31,283902.0
2021-11-17,9.33,9.36,9.31,9.33,154536.0
2021-11-18,9.33,9.34,9.27,9.28,285827.0
2021-11-19,9.27,9.34,9.22,9.33,358490.0
2021-11-22,9.32,9.33,9.26,9.28,318210.0
2021-11-23,9.26,9.41,9.24,9.4,586765.0
2021-11-24,9.38,9.41,9.35,9.38,319869.0
2021-11-25,9.38,9.41,9.35,9.39,257753.0
2021-11-26,9.37,9.4,9.33,9.36,306945.0
2021-11-29,9.27,9.33,9.24,9.29,252021.0
2021-11-30,9.34,9.38,9.27,9.29,236660.0
2021-12-01,9.27,9.35,9.27,9.34,223189.0
2021-12-02,9.34,9.74,9.33,9.72,1399837.0
2021-12-03,9.67,9.82,9.58,9.74,903052.0
2021-12-06,9.76,9.89,9.63,9.65,757119.0
2021-12-07,9.72,9.89,9.67,9.85,982572.0
2021-12-08,9.81,9.86,9.72,9.76,638379.0
2021-12-09,9.76,9.79,9.68,9.75,542703.0
2021-12-10,9.72,9.82,9.64,9.64,555498.0
2021-12-13,9.74,9.94,9.65,9.68,923400.0
2021-12-14,9.67,9.67,9.51,9.54,563948.0
2021-12-15,9.53,9.66,9.52,9.57,447079.0
2021-12-16,9.57,9.78,9.57,9.72,586254.0
2021-12-17,9.73,9.89,9.71,9.77,699546.0
2021-12-20,9.78,9.95,9.74,9.92,957871.0
2021-12-21,9.85,10.04,9.84,9.98,830818.0
2021-12-22,10.02,10.04,9.85,9.92,623261.0
2021-12-23,9.87,9.91,9.81,9.83,472617.0
2021-12-24,9.87,9.88,9.8,9.81,417427.0
2021-12-27,9.81,9.91,9.8,9.83,467699.0
2021-12-28,9.83,9.86,9.69,9.74,549211.0
2021-12-29,9.72,9.81,9.71,9.74,310533.0
2021-12-30,9.72,9.76,9.69,9.71,419249.0
2021-12-31,9.71,9.84,9.69,9.79,422568.0
2022-01-04,9.82,9.83,9.75,9.81,430051.0
2022-01-05,9.81,9.86,9.72,9.81,607632.0
2022-01-06,9.79,10.24,9.78,10.15,1650591.0
2022-01-07,10.12,10.41,10.1,10.32,1399671.0
2022-01-10,10.34,10.48,10.24,10.41,1135679.0
2022-01-11,10.41,10.45,10.27,10.3,644726.0
2022-01-12,10.32,10.32,10.09,10.13,805670.0
2022-01-13,10.13,10.25,10.07,10.08,660218.0
2022-01-14,10.06,10.08,9.9,9.91,703796.0
2022-01-17,9.9,9.97,9.84,9.92,421214.0
2022-01-18,9.92,10.43,9.89,10.34,1388744.0
2022-01-19,10.27,10.46,10.26,10.37,1212239.0
2022-01-20,10.4,10.59,10.27,10.46,1399707.0
2022-01-21,10.4,10.44,10.21,10.22,744531.0
2022-01-24,10.23,10.56,10.16,10.39,1054600.0
2022-01-25,10.3,10.47,10.16,10.17,756228.0
2022-01-26,10.19,10.36,10.16,10.34,702948.0
2022-01-27,10.31,10.47,10.25,10.3,784561.0
2022-01-28,10.31,10.35,10.04,10.05,740794.0
2022-02-07,10.19,10.77,10.18,10.74,1758392.0
2022-02-08,10.74,10.76,10.54,10.75,1257832.0
2022-02-09,10.69,10.72,10.59,10.6,818393.0
2022-02-10,10.57,10.82,10.55,10.7,927116.0
2022-02-11,10.64,10.87,10.55,10.58,1090012.0
2022-02-14,10.52,10.63,10.4,10.46,733993.0
2022-02-15,10.46,10.55,10.35,10.46,709183.0
2022-02-16,10.5,10.74,10.49,10.57,1033525.0
2022-02-17,10.58,10.61,10.44,10.48,697941.0
2022-02-18,10.41,10.64,10.4,10.64,891077.0
2022-02-21,10.6,10.61,10.41,10.53,1029690.0
2022-02-22,10.44,10.48,10.3,10.38,802123.0
2022-02-23,10.4,10.41,10.2,10.31,908039.0
2022-02-24,10.26,10.29,9.99,10.05,953089.0
2022-02-25,10.09,10.16,9.85,9.97,1054470.0
2022-02-28,9.94,9.98,9.84,9.97,425013.0
2022-03-01,9.98,10.09,9.97,10.07,555962.0
2022-03-02,9.99,10.13,9.98,10.06,484174.0
2022-03-03,10.09,10.22,10.06,10.18,677056.0
2022-03-04,10.14,10.15,10.02,10.07,457168.0
2022-03-07,10.0,10.27,9.99,10.08,1044359.0
2022-03-08,10.09,10.15,9.9,9.91,736846.0
2022-03-09,9.9,10.0,9.54,9.84,703553.0
2022-03-10,9.94,9.99,9.77,9.8,591373.0
2022-03-11,9.7,9.78,9.55,9.75,557426.0
2022-03-14,9.67,9.82,9.56,9.57,486276.0
2022-03-15,9.53,9.53,9.2,9.2,752080.0
2022-03-16,9.28,9.41,9.14,9.34,730934.0
2022-03-17,9.44,9.47,9.33,9.37,589645.0
2022-03-18,9.35,9.55,9.29,9.53,616610.0
2022-03-21,9.54,9.55,9.4,9.45,451272.0
2022-03-22,9.48,9.58,9.46,9.57,493346.0
2022-03-23,9.55,9.64,9.46,9.55,452675.0
2022-03-24,9.5,9.56,9.47,9.49,327873.0
2022-03-25,9.48,9.52,9.4,9.42,389451.0
2022-03-28,9.37,9.6,9.34,9.57,509487.0
2022-03-29,9.56,9.58,9.49,9.53,285341.0
2022-03-30,9.55,9.69,9.54,9.68,549502.0
2022-03-31,9.64,9.75,9.62,9.65,506293.0
2022-04-01,9.64,9.74,9.6,9.71,538163.0
2022-04-06,9.71,10.21,9.69,10.17,1548777.0
2022-04-07,10.11,10.28,10.09,10.09,1164226.0
2022-04-08,10.27,10.46,10.25,10.45,1819381.0
2022-04-11,10.49,10.58,10.38,10.46,1459480.0
2022-04-12,10.39,10.55,10.22,10.42,1224403.0
2022-04-13,10.34,10.45,10.23,10.25,844598.0
2022-04-14,10.29,10.34,10.16,10.27,825874.0
2022-04-15,10.23,10.44,10.19,10.21,861523.0
2022-04-18,10.18,10.2,9.97,9.99,842505.0
2022-04-19,10.0,10.13,9.97,10.1,551989.0
2022-04-20,10.07,10.07,9.8,9.81,768805.0
2022-04-21,9.8,9.83,9.61,9.62,535599.0
2022-04-22,9.58,9.82,9.56,9.76,565627.0
2022-04-25,9.69,10.03,9.52,9.52,869090.0
2022-04-26,9.61,9.95,9.55,9.71,1003820.0
2022-04-27,9.95,10.11,9.8,10.0,1689428.0
2022-04-28,9.91,10.32,9.86,10.3,1442806.0
2022-04-29,10.29,10.45,10.18,10.41,1364600.0
2022-05-05,10.48,10.57,10.42,10.45,1303132.0
2022-05-06,10.22,10.38,10.13,10.22,984460.0
2022-05-09,10.22,10.47,10.21,10.37,616585.0
2022-05-10,10.23,10.59,10.22,10.55,1100243.0
2022-05-11,10.53,10.6,10.36,10.39,1004172.0
2022-05-12,10.36,10.47,10.24,10.34,543878.0
2022-05-13,10.34,10.48,10.29,10.36,468581.0
2022-05-16,10.37,10.42,10.22,10.28,464544.0
2022-05-17,10.28,10.31,10.14,10.23,390148.0
2022-05-18,10.21,10.25,10.06,10.07,555166.0
2022-05-19,10.0,10.36,9.97,10.34,707565.0
2022-05-20,10.35,10.39,10.29,10.36,655429.0
2022-05-23,10.35,10.35,10.14,10.18,604084.0
2022-05-24,10.17,10.19,9.94,9.96,631181.0
2022-05-25,9.94,10.04,9.92,10.03,517065.0
2022-05-26,10.08,10.19,10.07,10.1,619887.0
2022-05-27,10.14,10.16,10.05,10.14,543383.0
2022-05-30,10.14,10.17,9.99,10.02,540672.0
2022-05-31,10.0,10.02,9.86,9.93,810537.0
2022-06-01,9.91,9.96,9.84,9.88,519304.0
2022-06-02,9.91,9.93,9.84,9.87,423150.0
2022-06-06,9.87,9.87,9.74,9.81,740818.0
2022-06-07,9.79,9.87,9.77,9.85,508696.0
2022-06-08,9.88,9.9,9.71,9.78,643483.0
2022-06-09,9.75,9.9,9.75,9.84,761343.0
2022-06-10,9.79,9.86,9.77,9.86,575418.0
2022-06-13,9.83,9.83,9.7,9.75,607715.0
2022-06-14,9.7,9.8,9.67,9.79,465410.0
2022-06-15,9.79,10.07,9.76,9.98,1225704.0
2022-06-16,9.98,10.02,9.85,9.86,705085.0
2022-06-17,9.83,9.89,9.77,9.89,486542.0
2022-06-20,9.89,9.93,9.81,9.88,466044.0
2022-06-21,9.88,9.95,9.83,9.88,393255.0
2022-06-22,9.89,9.9,9.77,9.78,360020.0
2022-06-23,9.77,9.82,9.74,9.81,336555.0
2022-06-24,9.8,9.82,9.74,9.76,553461.0
2022-06-27,9.76,9.83,9.74,9.77,381858.0
2022-06-28,9.78,9.82,9.74,9.82,435820.0
2022-06-29,9.83,9.95,9.82,9.88,788550.0
2022-06-30,9.89,9.92,9.83,9.89,536798.0
2022-07-01,9.91,10.01,9.9,9.93,681577.0
2022-07-04,9.9,9.97,9.87,9.94,500265.0
2022-07-05,9.94,10.02,9.89,9.98,551213.0
2022-07-06,9.96,9.99,9.82,9.84,442980.0
2022-07-07,9.85,9.86,9.79,9.8,327578.0
2022-07-08,9.81,9.9,9.8,9.87,434645.0
2022-07-11,9.85,10.0,9.81,9.96,673918.0
2022-07-12,9.95,10.18,9.94,10.09,833683.0
2022-07-13,10.14,10.2,10.03,10.12,677566.0
2022-07-14,10.13,10.13,9.92,9.93,614870.0
2022-07-15,9.93,9.95,9.7,9.7,617549.0
2022-07-18,9.7,9.82,9.69,9.77,365889.0
2022-07-19,9.78,9.81,9.73,9.79,358383.0
2022-07-20,9.81,9.83,9.76,9.77,272958.0
2022-07-21,9.76,9.77,9.67,9.69,474600.0
2022-07-22,9.72,9.74,9.69,9.72,270535.0
2022-07-25,9.73,9.76,9.7,9.71,235225.0
2022-07-26,9.736,9.786,9.716,9.766,301231.0
2022-07-27,9.776,9.796,9.756,9.786,211269.0
2022-07-28,9.796,9.806,9.686,9.706,429908.0
2022-07-29,9.716,9.736,9.576,9.596,478747.0
2022-08-01,9.576,9.596,9.526,9.586,275288.0
2022-08-02,9.546,9.546,9.326,9.416,573905.0
2022-08-03,9.406,9.466,9.366,9.366,303924.0
2022-08-04,9.396,9.426,9.366,9.416,191907.0
2022-08-05,9.406,9.496,9.386,9.496,223732.0
2022-08-08,9.466,9.526,9.466,9.486,196109.0
2022-08-09,9.476,9.486,9.446,9.456,182764.0
2022-08-10,9.446,9.466,9.366,9.406,216050.0
2022-08-11,9.426,9.516,9.426,9.506,220820.0
2022-08-12,9.516,9.556,9.496,9.546,221167.0
2022-08-15,9.536,9.576,9.496,9.546,242021.0
2022-08-16,9.536,9.596,9.496,9.516,206614.0
2022-08-17,9.536,9.576,9.496,9.576,188082.0
2022-08-18,9.546,9.556,9.466,9.466,229567.0
2022-08-19,9.466,9.546,9.456,9.506,207733.0
2022-08-22,9.506,9.576,9.466,9.576,229233.0
2022-08-23,9.556,9.556,9.496,9.536,183803.0
2022-08-24,9.526,9.576,9.466,9.466,238677.0
2022-08-25,9.496,9.556,9.466,9.546,236632.0
2022-08-26,9.546,9.556,9.506,9.526,180673.0
2022-08-29,9.486,9.556,9.466,9.546,206243.0
2022-08-30,9.536,9.616,9.526,9.606,272011.0
2022-08-31,9.626,9.706,9.606,9.666,473319.0
2022-09-01,9.686,9.786,9.676,9.726,572366.0
2022-09-02,9.736,9.756,9.646,9.706,356932.0
2022-09-05,9.716,9.766,9.666,9.746,285488.0
2022-09-06,9.766,9.786,9.726,9.766,311405.0
2022-09-07,9.766,9.816,9.706,9.756,322767.0
2022-09-08,9.786,9.816,9.716,9.776,261193.0
2022-09-09,9.776,9.836,9.756,9.816,385428.0
2022-09-13,9.846,9.906,9.786,9.796,342392.0
2022-09-14,9.736,9.786,9.676,9.716,267762.0
2022-09-15,9.736,9.806,9.676,9.756,336395.0
2022-09-16,9.746,9.756,9.456,9.476,571368.0
2022-09-19,9.486,9.546,9.406,9.466,302414.0
2022-09-20,9.486,9.516,9.416,9.436,280369.0
2022-09-21,9.426,9.506,9.356,9.476,233548.0
2022-09-22,9.446,9.466,9.396,9.416,201577.0
2022-09-23,9.416,9.506,9.396,9.446,249291.0
2022-09-26,9.416,9.436,9.236,9.266,364697.0
2022-09-27,9.276,9.336,9.236,9.316,180667.0
2022-09-28,9.286,9.326,9.246,9.256,188833.0
2022-09-29,9.296,9.326,9.136,9.166,286498.0
2022-09-30,9.156,9.246,9.146,9.206,226012.0
2022-10-10,9.226,9.306,9.206,9.246,284334.0
2022-10-11,9.226,9.256,9.166,9.206,196338.0
2022-10-12,9.216,9.306,9.166,9.296,196055.0
2022-10-13,9.256,9.276,9.196,9.236,246294.0
2022-10-14,9.276,9.346,9.256,9.326,285940.0
2022-10-17,9.286,9.356,9.266,9.326,255590.0
2022-10-18,9.356,9.366,9.296,9.306,176646.0
2022-10-19,9.306,9.326,9.256,9.266,167320.0
2022-10-20,9.246,9.286,9.216,9.256,206235.0
2022-10-21,9.336,9.686,9.326,9.476,985721.0
2022-10-24,9.466,9.536,9.256,9.256,547255.0
2022-10-25,9.286,9.376,9.256,9.326,288776.0
2022-10-26,9.326,9.386,9.296,9.316,335550.0
2022-10-27,9.336,9.396,9.316,9.386,319238.0
2022-10-28,9.356,9.426,9.276,9.286,323939.0
2022-10-31,9.236,9.236,9.066,9.106,552215.0
2022-11-01,9.106,9.256,9.106,9.256,323642.0
2022-11-02,9.246,9.296,9.216,9.266,243137.0
2022-11-03,9.236,9.256,9.196,9.216,227041.0
2022-11-04,9.196,9.326,9.196,9.306,353137.0
2022-11-07,9.286,9.356,9.286,9.326,313060.0
2022-11-08,9.326,9.356,9.296,9.336,238139.0
2022-11-09,9.346,9.416,9.316,9.316,248586.0
2022-11-10,9.286,9.326,9.226,9.306,222498.0
2022-11-11,9.406,9.486,9.346,9.416,524215.0
2022-11-14,9.486,9.586,9.436,9.446,477106.0
2022-11-15,9.436,9.476,9.396,9.456,417547.0
2022-11-16,9.456,9.476,9.396,9.406,282928.0
2022-11-17,9.416,9.416,9.356,9.396,228401.0
2022-11-18,9.406,9.416,9.336,9.356,313672.0
2022-11-21,9.356,9.356,9.296,9.326,214712.0
2022-11-22,9.326,10.036,9.316,9.746,2325331.0
2022-11-23,9.756,10.356,9.646,10.166,3151425.0
2022-11-24,10.036,10.046,9.856,9.906,1301055.0
2022-11-25,9.886,10.186,9.866,10.086,1301096.0
2022-11-28,9.936,10.186,9.896,9.986,990913.0
2022-11-29,10.116,10.556,10.056,10.386,2308083.0
2022-11-30,10.316,10.416,10.266,10.346,874066.0
2022-12-01,10.366,10.386,10.116,10.156,1141784.0
2022-12-02,10.116,10.176,10.016,10.146,744041.0
2022-12-05,10.346,10.936,10.336,10.936,2851370.0
2022-12-06,11.026,11.316,10.896,10.946,3822892.0
2022-12-07,10.936,11.196,10.776,11.016,2389442.0
2022-12-08,10.986,11.156,10.856,11.096,1837744.0
2022-12-09,11.116,11.146,10.766,11.006,1733676.0
2022-12-12,10.856,10.966,10.666,10.696,1435113.0
2022-12-13,10.646,10.766,10.556,10.696,1101764.0
2022-12-14,10.646,10.706,10.496,10.586,840818.0
2022-12-15,10.596,10.646,10.486,10.576,589088.0
2022-12-16,10.526,10.736,10.516,10.626,828549.0
2022-12-19,10.546,10.606,10.146,10.186,1456213.0
2022-12-20,10.166,10.276,10.156,10.176,667683.0
2022-12-21,10.206,10.206,10.096,10.136,420259.0
2022-12-22,10.186,10.286,10.006,10.056,721493.0
2022-12-23,10.006,10.096,9.976,10.036,375078.0
2022-12-26,10.046,10.066,9.886,10.026,581314.0
2022-12-27,10.046,10.126,10.006,10.056,645553.0
2022-12-28,10.016,10.046,9.926,9.986,446971.0
2022-12-29,9.956,9.966,9.846,9.876,448246.0
2022-12-30,9.896,9.996,9.876,9.966,435314.0
2023-01-03,9.946,10.176,9.896,10.126,797393.0
2023-01-04,10.106,10.206,10.066,10.166,620251.0
2023-01-05,10.156,10.256,10.116,10.146,608838.0
2023-01-06,10.136,10.166,10.026,10.056,579713.0
2023-01-09,10.066,10.096,9.996,10.016,487279.0
2023-01-10,10.036,10.046,9.916,9.966,433955.0
2023-01-11,9.976,10.016,9.926,9.936,405752.0
2023-01-12,9.926,9.956,9.806,9.846,629805.0
2023-01-13,9.836,9.926,9.806,9.926,430494.0
2023-01-16,9.916,10.106,9.856,10.006,852278.0
2023-01-17,9.996,10.006,9.926,9.966,349005.0
2023-01-18,9.966,10.016,9.956,9.966,306540.0
2023-01-19,9.946,10.026,9.886,10.026,440227.0
2023-01-20,10.036,10.266,10.016,10.236,952669.0
2023-01-30,10.316,10.316,10.126,10.136,830799.0
2023-01-31,10.136,10.176,10.096,10.146,425375.0
2023-02-01,10.166,10.276,10.066,10.256,984157.0
2023-02-02,10.226,10.266,10.166,10.216,705341.0
2023-02-03,10.196,10.206,10.056,10.096,668987.0
2023-02-06,10.046,10.196,10.016,10.126,582260.0
2023-02-07,10.106,10.286,10.096,10.276,864204.0
2023-02-08,10.256,10.276,10.106,10.116,696148.0
2023-02-09,10.096,10.176,10.086,10.156,446346.0
2023-02-10,10.146,10.266,10.126,10.216,596200.0
2023-02-13,10.206,10.336,10.146,10.296,856756.0
2023-02-14,10.286,10.296,10.206,10.256,469573.0
2023-02-15,10.246,10.256,10.166,10.186,441447.0
2023-02-16,10.196,10.386,10.136,10.186,1191327.0
2023-02-17,10.176,10.206,10.056,10.066,705950.0
2023-02-20,10.096,10.386,10.066,10.366,1335357.0
2023-02-21,10.396,10.476,10.306,10.406,844353.0
2023-02-22,10.366,10.486,10.346,10.416,667250.0
2023-02-23,10.416,10.426,10.326,10.356,512829.0
2023-02-24,10.346,10.356,10.246,10.306,450176.0
2023-02-27,10.286,10.356,10.246,10.256,384975.0
2023-02-28,10.266,10.346,10.196,10.346,515193.0
2023-03-01,10.326,10.546,10.326,10.526,1159009.0
2023-03-02,10.506,10.956,10.496,10.816,2184404.0
2023-03-03,10.866,11.196,10.756,11.116,2237298.0
2023-03-06,11.186,11.206,10.916,10.976,1639907.0
2023-03-07,10.976,11.296,10.966,10.996,2358828.0
2023-03-08,10.906,11.036,10.836,11.016,1010069.0
2023-03-09,10.996,10.996,10.816,10.926,900237.0
2023-03-10,10.816,10.906,10.696,10.716,1002498.0
2023-03-13,10.856,11.176,10.856,11.166,1702134.0
2023-03-14,11.106,11.396,11.066,11.156,1858532.0
2023-03-15,11.156,11.826,10.976,11.746,3205685.0
2023-03-16,11.646,12.006,11.616,11.876,2847694.0
2023-03-17,11.876,12.376,11.786,12.056,2822166.0
2023-03-20,12.206,12.626,11.906,11.946,3253430.0
2023-03-21,11.936,12.086,11.626,11.786,1885604.0
2023-03-22,11.776,11.976,11.566,11.736,1636965.0
2023-03-23,11.706,12.086,11.646,12.046,2159945.0
2023-03-24,11.986,12.036,11.646,11.716,1835588.0
2023-03-27,11.666,11.706,11.336,11.436,1615604.0
2023-03-28,11.526,11.596,11.416,11.456,975637.0
2023-03-29,11.376,11.416,11.076,11.146,1433131.0
2023-03-30,11.156,11.286,10.996,11.256,1063846.0
2023-03-31,11.306,11.356,11.136,11.246,840791.0
2023-04-03,11.246,11.526,11.236,11.426,1127532.0
2023-04-04,11.436,12.346,11.416,12.326,3421949.0
2023-04-06,12.316,12.576,12.116,12.276,2385477.0
2023-04-07,12.236,12.316,11.946,12.036,1109838.0
2023-04-10,12.046,12.496,12.016,12.256,1563961.0
2023-04-11,12.236,12.286,12.046,12.196,949271.0
2023-04-12,12.226,12.426,12.016,12.316,1207548.0
2023-04-13,12.216,12.506,12.176,12.336,1204862.0
2023-04-14,12.326,12.676,12.186,12.626,2029373.0
2023-04-17,12.556,13.196,12.486,12.956,2610196.0
2023-04-18,12.936,13.326,12.836,13.256,2068704.0
2023-04-19,13.186,13.486,12.996,13.026,1645205.0
2023-04-20,12.986,13.816,12.936,13.746,2242156.0
2023-04-21,13.646,14.016,13.486,13.626,2132587.0
2023-04-24,13.596,14.116,13.526,13.776,2038784.0
2023-04-25,13.786,13.986,13.396,13.616,1669082.0
2023-04-26,13.596,13.616,13.056,13.236,2117367.0
2023-04-27,13.136,13.786,13.086,13.406,1885896.0
2023-04-28,13.506,14.226,13.186,14.136,2083139.0
2023-05-04,13.936,14.766,13.756,14.626,2489388.0
2023-05-05,14.586,15.236,14.386,14.516,2133336.0
2023-05-08,14.526,15.316,14.386,14.766,2483735.0
2023-05-09,14.796,15.216,14.096,14.206,2384867.0
2023-05-10,14.236,14.306,13.606,13.876,2223999.0
2023-05-11,13.836,14.066,13.686,13.996,1311025.0
2023-05-12,13.876,14.016,13.176,13.226,2468718.0
2023-05-15,13.306,13.316,12.806,13.236,1892493.0
2023-05-16,13.196,13.266,12.786,12.836,1494533.0
2023-05-17,12.776,12.926,12.586,12.816,1176307.0
2023-05-18,12.826,13.296,12.736,13.036,1742643.0
2023-05-19,12.946,12.946,12.566,12.756,1466108.0
2023-05-22,12.626,12.766,12.506,12.586,1147865.0
2023-05-23,12.596,12.786,12.436,12.466,1110901.0
2023-05-24,12.326,12.436,12.016,12.056,1890719.0
2023-05-25,11.996,12.096,11.916,12.086,1231054.0
2023-05-26,12.056,12.096,11.886,11.986,983629.0
2023-05-29,12.036,12.336,12.016,12.266,1519481.0
2023-05-30,12.166,12.866,12.166,12.696,2063302.0
2023-05-31,12.596,12.826,12.556,12.626,1114561.0
2023-06-01,12.586,12.926,12.536,12.736,1116130.0
2023-06-02,12.796,12.816,12.406,12.446,1192891.0
2023-06-05,12.456,12.546,12.216,12.296,996183.0
2023-06-06,12.296,12.666,12.256,12.386,1007638.0
2023-06-07,12.336,12.476,12.196,12.276,722285.0
2023-06-08,12.236,12.766,12.216,12.716,1348560.0
2023-06-09,12.716,12.966,12.646,12.736,1063349.0
2023-06-12,12.656,12.676,12.396,12.556,878891.0
2023-06-13,12.516,12.606,12.246,12.366,986491.0
2023-06-14,12.336,12.456,12.196,12.206,978230.0
2023-06-15,12.196,12.316,12.106,12.286,821881.0
2023-06-16,12.386,12.766,12.386,12.656,1575365.0
2023-06-19,12.636,12.656,12.256,12.296,1136312.0
2023-06-20,12.276,12.296,11.986,11.996,1227416.0
2023-06-21,11.946,12.156,11.836,12.026,944601.0
2023-06-26,11.876,11.886,11.556,11.586,1054043.0
2023-06-27,11.626,12.106,11.576,12.056,1150273.0
2023-06-28,12.026,12.056,11.876,11.966,621979.0
2023-06-29,11.896,12.056,11.876,11.986,522016.0
2023-06-30,11.996,12.166,11.946,12.086,609095.0
2023-07-03,12.106,12.526,12.086,12.456,1266454.0
2023-07-04,12.416,12.576,12.356,12.436,725610.0
2023-07-05,12.426,12.636,12.386,12.446,833929.0
2023-07-06,12.466,12.496,12.326,12.396,531880.0
2023-07-07,12.356,12.576,12.316,12.496,574506.0
2023-07-10,12.536,12.626,12.466,12.596,532576.0
2023-07-11,12.586,12.626,12.476,12.566,474834.0
2023-07-12,12.516,12.606,12.206,12.226,773699.0
2023-07-13,12.286,12.486,12.286,12.466,659422.0
2023-07-14,12.456,12.546,12.356,12.506,505777.0
2023-07-17,12.436,12.516,12.326,12.516,406285.0
2023-07-18,12.516,12.586,12.416,12.456,395475.0
2023-07-19,12.396,12.486,12.356,12.466,351691.0
2023-07-20,12.476,12.526,12.286,12.296,465529.0
2023-07-21,12.246,12.296,12.056,12.176,753998.0
2023-07-24,12.186,12.386,12.126,12.276,523753.0
2023-07-25,12.466,12.596,12.416,12.586,929568.0
2023-07-26,12.566,12.626,12.396,12.426,583820.0
2023-07-27,12.406,12.456,12.256,12.286,643986.0
2023-07-28,12.246,12.586,12.156,12.576,991105.0
2023-07-31,12.586,13.226,12.586,12.986,1431091.0
2023-08-01,12.976,13.216,12.906,13.016,1076233.0
2023-08-02,13.066,13.176,12.966,13.006,702009.0
2023-08-03,13.006,13.166,12.796,13.086,806580.0
2023-08-04,13.136,13.286,13.036,13.056,758912.0
2023-08-07,13.026,13.026,12.826,12.886,520239.0
2023-08-08,12.876,12.996,12.826,12.876,419505.0
2023-08-09,12.816,13.126,12.816,12.956,595531.0
2023-08-10,12.936,13.026,12.836,12.916,486021.0
2023-08-11,12.906,13.026,12.606,12.606,672008.0
2023-08-14,12.466,12.906,12.416,12.796,737089.0
2023-08-15,12.746,12.836,12.616,12.736,455802.0
2023-08-16,12.726,12.746,12.596,12.636,334833.0
2023-08-17,12.576,12.776,12.536,12.766,419231.0
2023-08-18,12.746,12.916,12.516,12.526,691176.0
2023-08-21,12.506,12.746,12.476,12.506,484087.0
2023-08-22,12.506,12.796,12.486,12.766,703902.0
2023-08-23,12.726,12.746,12.416,12.426,623032.0
2023-08-24,12.456,12.546,11.436,11.446,2482308.0
2023-08-25,11.326,11.476,11.266,11.356,932345.0
2023-08-28,11.916,11.916,11.316,11.366,1233306.0
2023-08-29,11.326,11.566,11.326,11.486,813724.0
2023-08-30,11.506,11.516,11.246,11.276,784237.0
2023-08-31,11.316,11.466,11.246,11.316,665377.0
2023-09-01,11.366,11.546,11.366,11.436,865543.0
2023-09-04,11.466,11.636,11.446,11.596,693494.0
2023-09-05,11.556,11.586,11.426,11.466,528599.0
2023-09-06,11.436,11.446,11.346,11.426,360157.0
2023-09-07,11.416,11.496,11.346,11.356,397205.0
2023-09-08,11.336,11.376,11.266,11.326,371581.0
2023-09-11,11.306,11.426,11.296,11.396,417715.0
2023-09-12,11.396,11.516,11.356,11.406,471289.0
2023-09-13,11.406,11.466,11.316,11.336,448432.0
2023-09-14,11.336,11.396,11.316,11.356,451150.0
2023-09-15,11.376,11.416,11.166,11.216,734277.0
2023-09-18,11.146,11.226,11.126,11.196,359320.0
2023-09-19,11.206,11.266,11.176,11.216,338224.0
2023-09-20,11.216,11.236,11.176,11.196,220786.0
2023-09-21,11.186,11.226,11.096,11.096,358392.0
2023-09-22,11.076,11.336,11.076,11.336,541862.0
2023-09-25,11.316,11.326,11.136,11.156,424143.0
2023-09-26,11.166,11.186,11.076,11.076,380943.0
2023-09-27,11.106,11.286,11.106,11.216,520525.0
2023-09-28,11.226,11.256,11.166,11.246,348744.0
2023-10-09,11.216,11.236,11.066,11.176,501653.0
2023-10-10,11.206,11.246,10.516,10.586,1682749.0
2023-10-11,10.606,10.766,10.606,10.696,710878.0
2023-10-12,10.736,10.946,10.736,10.846,615073.0
2023-10-13,10.786,10.796,10.676,10.696,418528.0
2023-10-16,10.696,10.726,10.636,10.666,300505.0
2023-10-17,10.766,10.856,10.686,10.746,534371.0
2023-10-18,10.736,10.736,10.636,10.666,373105.0
2023-10-19,10.646,10.646,10.486,10.506,552037.0
2023-10-20,10.466,10.556,10.416,10.446,432752.0
2023-10-23,10.416,10.466,10.236,10.316,477763.0
2023-10-24,10.356,10.396,10.266,10.386,418397.0
2023-10-25,10.566,10.626,10.506,10.506,612691.0
2023-10-26,10.436,10.516,10.406,10.516,396166.0
2023-10-27,10.476,10.606,10.466,10.586,404235.0
2023-10-30,10.516,10.596,10.446,10.496,519851.0
2023-10-31,10.516,10.546,10.446,10.536,445713.0
2023-11-01,10.526,10.556,10.426,10.466,371006.0
2023-11-02,10.446,10.546,10.416,10.416,338666.0
2023-11-03,10.416,10.446,10.386,10.406,423456.0
2023-11-06,10.436,10.546,10.386,10.546,680216.0
2023-11-07,10.526,10.536,10.416,10.446,565066.0
2023-11-08,10.426,10.446,10.376,10.436,455565.0
2023-11-09,10.426,10.556,10.396,10.466,496787.0
2023-11-10,10.446,10.446,10.296,10.346,560023.0
2023-11-13,10.366,10.446,10.326,10.446,449608.0
2023-11-14,10.446,10.526,10.426,10.476,374827.0
2023-11-15,10.556,10.556,10.476,10.496,385466.0
2023-11-16,10.496,10.496,10.406,10.426,311838.0
2023-11-17,10.406,10.416,10.346,10.386,321934.0
2023-11-20,10.386,10.416,10.326,10.386,328993.0
2023-11-21,10.386,10.486,10.386,10.396,558939.0
2023-11-22,10.376,10.396,10.316,10.316,386483.0
2023-11-23,10.316,10.346,10.246,10.336,393471.0
2023-11-24,10.326,10.366,10.266,10.286,342823.0
2023-11-27,10.266,10.276,10.076,10.166,658500.0
2023-11-28,10.156,10.186,10.116,10.156,289122.0
2023-11-29,10.156,10.166,9.996,10.016,518802.0
2023-11-30,10.016,10.146,10.006,10.106,442726.0
2023-12-01,10.116,10.286,10.076,10.276,638633.0
2023-12-04,10.296,10.306,10.236,10.246,381238.0
2023-12-05,10.236,10.246,10.106,10.106,319696.0
2023-12-06,10.076,10.146,10.026,10.106,336368.0
2023-12-07,10.086,10.176,10.086,10.126,327356.0
2023-12-08,10.116,10.176,10.066,10.076,358618.0
2023-12-11,10.046,10.096,9.886,10.076,546745.0
2023-12-12,10.046,10.156,10.016,10.156,430813.0
2023-12-13,10.136,10.166,10.036,10.046,312472.0
2023-12-14,10.076,10.116,10.036,10.046,207719.0
2023-12-15,10.066,10.116,10.026,10.036,262612.0
2023-12-18,10.016,10.076,9.936,9.956,279820.0
2023-12-19,9.936,9.976,9.846,9.906,303908.0
2023-12-20,9.916,9.976,9.866,9.886,243598.0
2023-12-21,9.846,9.956,9.836,9.946,292949.0
2023-12-22,9.936,10.056,9.896,9.996,371279.0
2023-12-25,9.986,9.996,9.916,9.966,278932.0
2023-12-26,9.976,9.996,9.936,9.956,214009.0
2023-12-27,9.966,10.066,9.936,10.036,253545.0
2023-12-28,10.016,10.166,10.006,10.146,557809.0
2023-12-29,10.136,10.166,10.086,10.126,408728.0
2024-01-02,10.126,10.136,10.076,10.096,374663.0
2024-01-03,10.086,10.156,10.076,10.146,348116.0
2024-01-04,10.146,10.166,10.046,10.106,362542.0
2024-01-05,10.106,10.276,10.026,10.166,702955.0
2024-01-08,10.146,10.166,9.976,9.996,504892.0
2024-01-09,9.976,10.066,9.946,10.026,352950.0
2024-01-10,10.006,10.066,9.976,9.996,256422.0
2024-01-11,9.996,10.006,9.866,9.986,417676.0
2024-01-12,9.946,10.076,9.946,10.016,368497.0
2024-01-15,9.986,10.066,9.956,10.036,246960.0
2024-01-16,10.016,10.076,9.986,10.066,299841.0
2024-01-17,10.066,10.086,9.966,9.966,343783.0
2024-01-18,9.926,9.936,9.666,9.906,803017.0
2024-01-19,9.846,9.946,9.826,9.896,346232.0
2024-01-22,9.896,9.926,9.716,9.766,508904.0
2024-01-23,9.746,9.786,9.666,9.756,438910.0
2024-01-24,9.786,10.296,9.766,10.296,1390618.0
2024-01-25,10.406,11.016,10.336,10.956,2893286.0
2024-01-26,10.916,11.106,10.756,10.976,2225470.0
2024-01-29,10.946,11.806,10.866,11.176,3372774.0
2024-01-30,11.116,11.546,11.066,11.326,2408555.0
2024-01-31,11.196,11.386,11.026,11.116,1760566.0
2024-02-01,10.916,11.006,10.716,10.776,2077609.0
2024-02-02,10.716,11.086,10.596,10.786,1911104.0
2024-02-05,10.706,10.896,10.416,10.516,1526370.0
2024-02-06,10.476,10.896,10.356,10.806,1538558.0
2024-02-07,10.746,11.036,10.656,10.906,1506748.0
2024-02-08,10.926,11.016,10.776,10.896,1253653.0
2024-02-19,10.886,11.026,10.776,11.026,1570525.0
2024-02-20,10.966,11.016,10.916,10.986,986291.0
2024-02-21,10.976,11.466,10.926,11.246,1736867.0
2024-02-22,11.156,11.286,11.136,11.276,1013867.0
2024-02-23,11.246,11.306,11.156,11.266,1035567.0
2024-02-26,11.236,11.236,10.976,10.996,1255885.0
2024-02-27,10.976,11.056,10.936,11.046,853939.0
2024-02-28,11.016,11.346,11.006,11.146,1702789.0
2024-02-29,11.116,11.196,11.026,11.196,1002518.0
2024-03-01,11.166,11.216,11.046,11.106,932349.0
2024-03-04,11.066,11.086,10.906,10.936,1109934.0
2024-03-05,10.926,11.076,10.886,11.046,872833.0
2024-03-06,11.046,11.056,10.926,10.936,629727.0
2024-03-07,10.936,11.066,10.906,10.906,752918.0
2024-03-08,10.896,11.016,10.876,10.986,530326.0
2024-03-11,11.016,11.096,10.976,11.046,617813.0
2024-03-12,11.036,11.046,10.896,10.916,883448.0
2024-03-13,10.906,10.926,10.706,10.746,869373.0
2024-03-14,10.736,10.996,10.726,10.866,947870.0
2024-03-15,10.826,10.836,10.706,10.826,638406.0
2024-03-18,10.826,11.126,10.816,11.026,1038519.0
2024-03-19,11.006,11.096,10.916,10.926,649032.0
2024-03-20,10.926,11.026,10.916,10.996,499905.0
2024-03-21,10.996,11.036,10.956,11.026,514892.0
2024-03-22,11.006,11.036,10.876,10.966,601486.0
2024-03-25,10.946,11.126,10.916,10.986,685682.0
2024-03-26,10.946,11.126,10.936,11.116,706194.0
2024-03-27,11.096,11.196,11.036,11.046,787259.0
2024-03-28,10.996,11.086,10.976,11.016,749375.0
2024-03-29,10.986,11.106,10.956,11.086,1098424.0
2024-04-01,11.126,11.226,11.106,11.216,1096977.0
2024-04-02,11.216,11.246,11.116,11.136,669973.0
2024-04-03,11.116,11.156,11.026,11.106,556992.0
2024-04-08,11.056,11.126,10.996,11.036,610656.0
2024-04-09,11.036,11.066,10.846,10.876,846244.0
2024-04-10,10.836,10.966,10.746,10.776,559243.0
2024-04-11,10.746,10.886,10.696,10.786,564164.0
2024-04-12,10.766,10.816,10.636,10.636,530327.0
2024-04-15,10.666,11.286,10.626,11.226,2130436.0
2024-04-16,11.206,11.396,11.076,11.146,1814996.0
2024-04-17,11.106,11.286,10.956,11.286,1413270.0
2024-04-18,11.226,11.386,11.206,11.216,1040327.0
2024-04-19,11.166,11.336,11.166,11.236,974510.0
2024-04-22,11.246,11.296,11.116,11.186,844150.0
2024-04-23,11.186,11.186,10.986,11.026,751037.0
2024-04-24,11.026,11.116,10.996,11.116,482291.0
2024-04-25,11.086,11.126,11.036,11.076,409812.0
2024-04-26,11.066,11.146,11.026,11.146,757152.0
2024-04-29,11.136,11.146,11.016,11.126,832369.0
2024-04-30,11.126,11.206,10.966,10.996,1074471.0
2024-05-06,11.066,11.226,11.056,11.176,1123284.0
2024-05-07,11.156,11.206,11.116,11.166,651896.0
2024-05-08,11.146,11.186,11.076,11.086,577038.0
2024-05-09,11.086,11.186,11.086,11.176,591379.0
2024-05-10,11.186,11.286,11.156,11.266,922512.0
2024-05-13,11.196,11.456,11.186,11.396,1118945.0
2024-05-14,11.386,11.396,11.276,11.336,732776.0
2024-05-15,11.326,11.366,11.206,11.216,726451.0
2024-05-16,11.226,11.406,11.226,11.386,960252.0
2024-05-17,11.396,11.516,11.296,11.516,949849.0
2024-05-20,11.536,11.546,11.386,11.436,872301.0
2024-05-21,11.396,11.466,11.346,11.396,587514.0
2024-05-22,11.376,11.556,11.376,11.526,908483.0
2024-05-23,11.486,11.496,11.286,11.346,912179.0
2024-05-24,11.336,11.386,11.286,11.296,604137.0
2024-05-27,11.306,11.366,11.296,11.356,477451.0
2024-05-28,11.326,11.356,11.226,11.236,496138.0
2024-05-29,11.236,11.286,11.156,11.186,436427.0
2024-05-30,11.176,11.226,11.106,11.156,366814.0
2024-05-31,11.166,11.196,11.126,11.146,281208.0
2024-06-03,11.146,11.196,11.066,11.186,448627.0
2024-06-04,11.176,11.286,11.176,11.256,508411.0
2024-06-05,11.246,11.256,11.136,11.136,407729.0
2024-06-06,11.156,11.216,11.126,11.166,448266.0
2024-06-07,11.176,11.236,11.116,11.196,423809.0
2024-06-11,11.216,11.226,10.956,11.016,673279.0
2024-06-12,10.976,11.016,10.886,10.996,527191.0
2024-06-13,10.986,10.996,10.886,10.906,414264.0
2024-06-14,10.886,10.966,10.876,10.936,333815.0
2024-06-17,10.896,10.966,10.866,10.926,361634.0
2024-06-18,10.946,11.136,10.926,11.106,636300.0
2024-06-19,11.096,11.206,11.076,11.146,489140.0
2024-06-20,11.136,11.166,11.016,11.026,334537.0
2024-06-21,11.016,11.086,10.996,11.086,295637.0
2024-06-24,11.026,11.066,10.906,10.946,466368.0
2024-06-25,10.926,11.076,10.926,10.976,411148.0
2024-06-26,10.966,11.016,10.916,10.986,367246.0
2024-06-27,10.986,11.046,10.946,10.976,349136.0
2024-06-28,10.986,11.156,10.966,11.086,471307.0
2024-07-01,11.076,11.196,11.076,11.186,523056.0
2024-07-02,11.176,11.216,11.116,11.166,424466.0
2024-07-03,11.176,11.256,11.146,11.166,365598.0
2024-07-04,11.176,11.216,11.066,11.086,335306.0
2024-07-05,11.076,11.086,10.946,10.986,407576.0
2024-07-08,10.966,11.006,10.716,10.746,644252.0
2024-07-09,10.716,10.796,10.626,10.786,595771.0
2024-07-10,10.756,10.776,10.696,10.696,315884.0
2024-07-11,10.776,10.836,10.726,10.816,443899.0
2024-07-12,10.796,10.886,10.796,10.826,336803.0
2024-07-15,10.806,10.856,10.776,10.836,236989.0
2024-07-16,10.836,10.916,10.806,10.906,300496.0
2024-07-17,10.916,10.976,10.896,10.966,328444.0
2024-07-18,10.956,10.986,10.876,10.976,300663.0
2024-07-19,10.956,11.056,10.936,11.046,326317.0
2024-07-22,11.036,11.086,10.916,11.026,426359.0
2024-07-23,11.036,11.056,10.966,10.966,476625.0
2024-07-24,10.956,11.166,10.936,11.086,482087.0
2024-07-25,11.076,11.216,11.036,11.046,456335.0
2024-07-26,11.046,11.126,11.016,11.086,275303.0
2024-07-29,11.066,11.216,11.046,11.196,376305.0
2024-07-30,11.146,11.166,11.116,11.146,340838.0
2024-07-31,11.156,11.226,11.146,11.216,465452.0
2024-08-01,11.216,11.356,11.196,11.286,562361.0
2024-08-02,11.236,11.286,11.196,11.206,368397.0
2024-08-05,11.186,11.276,11.086,11.086,435337.0
2024-08-06,11.126,11.166,11.016,11.106,420798.0
2024-08-07,11.106,11.156,11.066,11.066,238899.0
2024-08-08,11.056,11.106,11.036,11.056,228501.0
2024-08-09,11.096,11.186,11.076,11.126,326230.0
2024-08-12,11.136,11.136,11.026,11.036,277311.0
2024-08-13,11.026,11.086,11.016,11.076,249847.0
2024-08-14,11.096,11.156,11.066,11.116,307640.0
2024-08-15,11.116,11.216,11.086,11.196,312520.0
2024-08-16,11.196,11.216,11.146,11.196,250103.0
2024-08-19,11.166,11.266,11.166,11.246,300571.0
2024-08-20,11.246,11.266,11.136,11.176,286837.0
2024-08-21,11.176,11.176,11.076,11.116,219038.0
2024-08-22,11.126,11.186,11.106,11.156,237340.0
2024-08-23,11.146,11.176,11.086,11.136,232196.0
2024-08-26,11.136,11.176,11.106,11.166,224365.0
2024-08-27,11.156,11.166,10.946,10.976,444364.0
2024-08-28,10.966,10.996,10.806,10.836,376674.0
2024-08-29,10.826,10.846,10.636,10.656,547619.0
2024-08-30,10.656,10.786,10.586,10.726,437467.0
2024-09-02,10.596,10.606,10.196,10.236,1135916.0
2024-09-03,10.206,10.266,10.076,10.146,707056.0
2024-09-04,10.106,10.136,9.936,9.956,669320.0
2024-09-05,9.976,10.026,9.926,10.016,456726.0
2024-09-06,10.006,10.066,9.966,9.966,361185.0
2024-09-09,9.946,9.946,9.726,9.796,733725.0
2024-09-10,9.796,9.836,9.706,9.826,373950.0
2024-09-11,9.786,9.796,9.726,9.766,266464.0
2024-09-12,9.766,9.806,9.736,9.736,225395.0
2024-09-13,9.746,9.766,9.696,9.696,263711.0
2024-09-18,9.686,9.716,9.586,9.696,355416.0
2024-09-19,9.726,9.826,9.666,9.816,427712.0
2024-09-20,9.806,9.836,9.726,9.826,331831.0
2024-09-23,9.816,9.906,9.786,9.846,284451.0
2024-09-24,9.886,10.126,9.876,10.126,668700.0
2024-09-25,10.336,10.756,10.336,10.556,1497576.0
2024-09-26,10.486,10.916,10.456,10.916,1299401.0
2024-09-27,11.056,11.136,10.886,11.066,955394.0
2024-09-30,11.416,11.816,11.176,11.776,2297509.0
2024-10-08,12.666,12.666,11.926,12.376,2791572.0
2024-10-09,12.216,12.216,11.576,11.576,1850457.0
2024-10-10,11.606,12.446,11.606,12.446,2863341.0
2024-10-11,12.436,12.716,12.146,12.196,3432313.0
2024-10-14,12.236,12.956,12.236,12.476,2519242.0
2024-10-15,12.276,12.636,12.086,12.096,1707681.0
2024-10-16,11.976,12.286,11.926,12.166,1057037.0
2024-10-17,12.166,12.226,11.816,11.856,1267673.0
2024-10-18,11.816,12.206,11.626,12.076,1301796.0
2024-10-21,12.126,12.406,11.996,12.346,1312745.0
2024-10-22,12.276,12.326,12.186,12.256,677657.0
2024-10-23,12.236,12.596,12.226,12.456,1310324.0
2024-10-24,12.366,12.406,12.186,12.236,688378.0
2024-10-25,12.206,12.266,12.156,12.236,563781.0
2024-10-28,12.166,12.196,11.886,12.106,869627.0
2024-10-29,12.066,12.146,11.936,11.946,732431.0
2024-10-30,11.936,12.006,11.826,11.836,527787.0
2024-10-31,11.736,11.906,11.726,11.796,725701.0
2024-11-01,11.796,12.416,11.766,12.076,1691651.0
2024-11-04,12.016,12.116,11.926,12.106,714598.0
2024-11-05,12.096,12.276,12.056,12.276,1012154.0
2024-11-06,12.276,12.446,12.196,12.376,1199283.0
2024-11-07,12.366,12.756,12.286,12.756,1589743.0
2024-11-08,12.806,12.846,12.516,12.556,1224623.0
2024-11-11,12.476,12.616,12.296,12.476,846849.0
2024-11-12,12.416,12.626,12.366,12.396,832236.0
2024-11-13,12.326,12.656,12.316,12.456,719430.0
2024-11-14,12.456,12.516,12.266,12.276,562431.0
2024-11-15,12.266,12.416,12.236,12.236,632675.0
2024-11-18,12.726,13.176,12.576,13.126,4515870.0
2024-11-19,12.806,12.826,12.346,12.506,3460840.0
2024-11-20,12.416,12.596,12.406,12.516,1323841.0
2024-11-21,12.466,12.606,12.376,12.426,1036789.0
2024-11-22,12.436,12.476,12.046,12.056,1335018.0
2024-11-25,12.036,12.176,11.936,12.026,825593.0
2024-11-26,12.026,12.096,11.966,11.996,424322.0
2024-11-27,11.986,12.066,11.916,12.066,542450.0
2024-11-28,12.046,12.166,12.026,12.076,578756.0
2024-11-29,12.056,12.186,12.056,12.116,570960.0
2024-12-02,12.116,12.346,12.066,12.286,929747.0
2024-12-03,12.236,12.506,12.236,12.486,1023747.0
2024-12-04,12.436,12.476,12.316,12.346,639863.0
2024-12-05,12.316,12.506,12.306,12.366,529717.0
2024-12-06,12.366,12.456,12.346,12.426,659979.0
2024-12-09,12.386,12.396,12.206,12.276,748610.0
2024-12-10,12.546,12.546,12.266,12.276,911872.0
2024-12-11,12.256,12.326,12.226,12.266,537878.0
2024-12-12,12.276,12.286,12.176,12.276,575737.0
2024-12-13,12.226,12.236,12.036,12.036,670051.0
2024-12-16,12.036,12.096,11.966,12.076,490612.0
2024-12-17,12.086,12.116,11.996,12.026,387889.0
2024-12-18,12.276,12.436,12.166,12.196,1146030.0
2024-12-19,12.096,12.206,12.076,12.176,581631.0
2024-12-20,12.176,12.206,12.096,12.106,464869.0
2024-12-23,12.106,12.286,12.086,12.186,796997.0
2024-12-24,12.216,12.266,12.176,12.256,470057.0
2024-12-25,12.286,12.396,12.236,12.316,739505.0
2024-12-26,12.286,12.286,12.136,12.166,572312.0
2024-12-27,12.146,12.206,12.116,12.186,423349.0
2024-12-30,12.176,12.236,12.146,12.216,420674.0
2024-12-31,12.216,12.236,12.036,12.036,592565.0
2025-01-02,12.036,12.046,11.606,11.656,915408.0
2025-01-03,11.616,11.746,11.516,11.546,532656.0
2025-01-06,11.556,11.566,11.376,11.526,494229.0
2025-01-07,11.536,11.556,11.436,11.546,344503.0
2025-01-08,11.556,11.556,11.266,11.436,561115.0
2025-01-09,11.406,11.426,11.316,11.346,321665.0
2025-01-10,11.346,11.376,11.236,11.236,281144.0
2025-01-13,11.186,11.296,11.126,11.236,291346.0
2025-01-14,11.246,11.426,11.246,11.406,367886.0
2025-01-15,11.436,11.436,11.316,11.346,316027.0
2025-01-16,11.386,11.446,11.326,11.386,329217.0
2025-01-17,11.346,11.416,11.266,11.386,264764.0
2025-01-20,11.446,11.456,11.376,11.386,327012.0
2025-01-21,11.406,11.426,11.316,11.326,302669.0
2025-01-22,11.336,11.336,11.156,11.206,304597.0
2025-01-23,11.276,11.416,11.276,11.336,382865.0
2025-01-24,11.316,11.376,11.286,11.366,274734.0
2025-01-27,11.386,11.496,11.376,11.406,333864.0
2025-02-05,11.406,11.436,11.256,11.286,339654.0
2025-02-06,11.286,11.326,11.206,11.316,375687.0
2025-02-07,11.316,11.466,11.276,11.416,609117.0
2025-02-10,11.396,11.496,11.396,11.436,469140.0
2025-02-11,11.436,11.446,11.326,11.376,350529.0
2025-02-12,11.366,11.386,11.306,11.386,372783.0
2025-02-13,11.376,11.456,11.366,11.396,569809.0
2025-02-14,11.376,11.406,11.296,11.376,408671.0
2025-02-17,11.376,11.396,11.296,11.366,522806.0
2025-02-18,11.366,11.386,11.256,11.266,461152.0
2025-02-19,11.256,11.326,11.236,11.286,375815.0
2025-02-20,11.276,11.286,11.136,11.146,697504.0
2025-02-21,11.146,11.166,11.026,11.116,594813.0
2025-02-24,11.096,11.446,11.066,11.376,1031769.0
2025-02-25,11.376,11.376,11.236,11.256,479567.0
2025-02-26,11.226,11.386,11.226,11.336,420425.0
2025-02-27,11.346,11.366,11.246,11.316,420577.0
2025-02-28,11.286,11.406,11.266,11.276,604768.0
2025-03-03,11.276,11.336,11.226,11.246,443110.0
2025-03-04,11.236,11.246,11.186,11.216,293288.0
2025-03-05,11.206,11.246,11.156,11.206,348939.0
2025-03-06,11.216,11.266,11.166,11.246,384812.0
2025-03-07,11.216,11.226,11.146,11.156,357816.0
2025-03-10,11.156,11.166,11.066,11.076,382171.0
2025-03-11,11.036,11.076,11.016,11.066,330435.0
2025-03-12,11.076,11.166,11.046,11.106,344104.0
2025-03-13,11.096,11.146,11.066,11.096,305259.0
2025-03-14,11.086,11.236,11.076,11.226,595653.0
2025-03-17,11.236,11.296,11.236,11.256,398250.0
2025-03-18,11.266,11.286,11.206,11.216,291092.0
2025-03-19,11.206,11.226,11.126,11.146,366444.0
2025-03-20,11.146,11.216,11.136,11.186,314907.0
2025-03-21,11.176,11.276,11.126,11.126,491397.0
2025-03-24,11.146,11.176,11.056,11.096,341842.0
2025-03-25,11.106,11.156,11.076,11.146,293367.0
2025-03-26,11.146,11.166,11.106,11.136,271588.0
2025-03-27,11.126,11.136,11.076,11.086,307275.0
2025-03-28,11.076,11.096,11.006,11.046,352941.0
2025-03-31,11.026,11.046,10.786,10.786,639536.0
2025-04-01,10.826,10.926,10.816,10.906,396660.0
2025-04-02,10.916,10.946,10.886,10.916,214575.0
2025-04-03,10.876,11.016,10.846,10.966,302409.0
2025-04-07,10.716,10.746,10.156,10.466,980785.0
2025-04-08,10.456,10.916,10.456,10.906,1047740.0
2025-04-09,10.896,10.996,10.736,10.926,711017.0
2025-04-10,10.976,10.976,10.846,10.946,563951.0
2025-04-11,10.936,10.966,10.826,10.866,410900.0
2025-04-14,10.876,10.886,10.836,10.846,298987.0
2025-04-15,10.856,10.856,10.746,10.806,284910.0
2025-04-16,10.796,10.926,10.746,10.926,461175.0
2025-04-17,10.886,10.946,10.866,10.926,256221.0
2025-04-18,10.896,10.956,10.876,10.936,194455.0
2025-04-21,10.936,10.946,10.866,10.886,240841.0
2025-04-22,10.866,10.966,10.866,10.956,291335.0
2025-04-23,10.966,10.976,10.906,10.916,234246.0
2025-04-24,10.916,10.946,10.896,10.916,171176.0
2025-04-25,10.926,10.936,10.866,10.896,281053.0
2025-04-28,10.876,10.876,10.786,10.806,269498.0
2025-04-29,10.796,10.826,10.786,10.786,191062.0
2025-04-30,10.786,10.796,10.666,10.676,456881.0
2025-05-06,10.696,10.736,10.666,10.726,371029.0
2025-05-07,10.816,10.846,10.726,10.796,428343.0
2025-05-08,10.766,10.816,10.726,10.776,260203.0
2025-05-09,10.776,10.786,10.716,10.716,266101.0
2025-05-12,10.736,10.796,10.716,10.796,298251.0
2025-05-13,10.826,10.936,10.816,10.906,568264.0
2025-05-14,10.886,10.986,10.836,10.976,473764.0
2025-05-15,10.976,11.006,10.906,10.936,355707.0
2025-05-16,10.926,10.946,10.826,10.866,361056.0
2025-05-19,10.856,10.856,10.816,10.846,203518.0
2025-05-20,10.856,10.876,10.826,10.856,238895.0
2025-05-21,10.866,10.886,10.846,10.856,174210.0
2025-05-22,10.846,10.856,10.796,10.816,210829.0
2025-05-23,10.806,10.836,10.716,10.716,284289.0
2025-05-26,10.716,10.736,10.676,10.696,256309.0
2025-05-27,10.706,10.726,10.686,10.696,184203.0
2025-05-28,10.706,10.726,10.686,10.706,183511.0
2025-05-29,10.716,10.756,10.686,10.736,193165.0
2025-05-30,10.726,10.806,10.716,10.776,253353.0
2025-06-03,10.756,10.806,10.726,10.806,217683.0
2025-06-04,10.806,10.836,10.796,10.836,198237.0
2025-06-05,10.836,10.866,10.796,10.826,235076.0
2025-06-06,10.826,10.896,10.816,10.846,276347.0
2025-06-09,10.846,10.876,10.826,10.846,235801.0
2025-06-10,10.856,10.876,10.796,10.806,295140.0
2025-06-11,10.816,10.906,10.806,10.886,292279.0
2025-06-12,10.866,10.896,10.816,10.846,195493.0
2025-06-13,10.836,10.856,10.776,10.796,308499.0
2025-06-16,10.796,10.806,10.736,10.746,336844.0
2025-06-17,10.746,10.806,10.736,10.796,218789.0
2025-06-18,10.786,10.796,10.736,10.766,163745.0
2025-06-19,10.756,10.766,10.646,10.646,328106.0
2025-06-20,10.646,10.716,10.636,10.686,177399.0
2025-06-23,10.666,10.726,10.626,10.696,246388.0
2025-06-24,10.706,10.866,10.696,10.856,482582.0
2025-06-25,10.856,10.906,10.816,10.896,376690.0
2025-06-26,10.886,10.926,10.866,10.896,336129.0
2025-06-27,10.906,10.966,10.866,10.876,372759.0
2025-06-30,10.876,10.896,10.846,10.876,253380.0
2025-07-01,10.886,10.896,10.836,10.846,224362.0
2025-07-02,10.846,10.966,10.836,10.956,435532.0
2025-07-03,10.946,10.986,10.926,10.946,253540.0
2025-07-04,10.956,11.006,10.946,10.986,307690.0
2025-07-07,10.986,11.006,10.946,10.996,225716.0
2025-07-08,10.996,11.046,10.956,11.036,351984.0
2025-07-09,11.036,11.206,11.016,11.086,608567.0
2025-07-10,11.086,11.206,11.076,11.146,494452.0
2025-07-11,11.176,11.286,11.146,11.146,748789.0
2025-07-14,11.156,11.296,11.156,11.206,541809.0
2025-07-15,11.216,11.236,11.126,11.166,382114.0
2025-07-16,11.176,11.196,11.046,11.116,481779.0
2025-07-17,11.116,11.146,11.086,11.136,302084.0
2025-07-18,11.146,11.196,11.136,11.196,343157.0
2025-07-21,11.416,11.536,11.326,11.526,1927435.0
2025-07-22,11.646,11.976,11.426,11.976,2923978.0
2025-07-23,12.096,12.096,11.586,11.596,2288093.0
2025-07-24,11.596,11.676,11.496,11.626,1342062.0
2025-07-25,11.596,11.606,11.406,11.426,1230185.0
2025-07-28,11.426,11.436,11.376,11.386,543455.0
2025-07-29,11.376,11.396,11.306,11.346,631310.0
2025-07-30,11.336,11.406,11.316,11.346,545650.0
2025-07-31,11.326,11.346,11.206,11.226,657806.0
2025-08-01,11.216,11.246,11.206,11.226,279311.0
2025-08-04,11.216,11.256,11.206,11.246,263025.0
2025-08-05,11.256,11.286,11.236,11.286,278786.0
2025-08-06,11.286,11.286,11.236,11.266,284467.0
2025-08-07,11.286,11.316,11.256,11.266,298463.0
2025-08-08,11.266,11.376,11.236,11.376,598483.0
2025-08-11,11.506,11.536,11.386,11.396,757900.0
2025-08-12,11.396,11.426,11.336,11.366,503598.0
2025-08-13,11.366,11.396,11.326,11.336,540015.0
2025-08-14,11.336,11.376,11.246,11.256,571565.0
2025-08-15,11.236,11.286,11.236,11.256,529891.0
2025-08-18,11.266,11.326,11.256,11.276,660862.0
2025-08-19,11.286,11.306,11.236,11.256,619316.0
2025-08-20,11.236,11.276,11.206,11.276,487600.0
2025-08-21,11.296,11.386,11.286,11.346,875299.0
2025-08-22,11.336,11.396,11.286,11.396,695497.0
2025-08-25,11.396,11.496,11.386,11.486,964529.0
2025-08-26,11.466,11.466,11.416,11.426,529473.0
2025-08-27,11.436,11.446,11.276,11.276,771119.0
2025-08-28,11.266,11.316,11.196,11.296,612793.0
2025-08-29,11.316,11.426,11.286,11.296,626864.0
2025-09-01,11.286,11.306,11.236,11.256,499485.0
2025-09-02,11.236,11.266,11.196,11.236,547009.0
2025-09-03,11.236,11.256,11.116,11.156,493298.0
2025-09-04,11.156,11.156,11.056,11.106,486535.0
2025-09-05,11.106,11.156,11.066,11.136,372337.0
2025-09-08,11.126,11.206,11.106,11.196,391978.0
2025-09-09,11.196,11.206,11.126,11.166,289383.0
2025-09-10,11.166,11.176,11.106,11.136,234960.0
2025-09-11,11.116,11.186,11.106,11.186,393629.0
2025-09-12,11.176,11.236,11.166,11.186,505462.0
2025-09-15,11.186,11.216,11.146,11.186,329799.0
2025-09-16,11.186,11.196,11.136,11.186,285791.0
2025-09-17,11.176,11.236,11.136,11.226,430510.0
2025-09-18,11.206,11.216,11.056,11.086,543659.0
2025-09-19,11.086,11.116,11.066,11.096,309951.0
2025-09-22,11.086,11.096,11.006,11.036,387568.0
2025-09-23,11.026,11.106,10.946,11.086,460698.0
2025-09-24,11.046,11.076,10.996,11.036,443576.0
2025-09-25,11.026,11.036,10.946,10.946,472935.0
2025-09-26,10.946,11.006,10.916,10.966,367413.0
2025-09-29,10.966,11.006,10.886,10.986,377771.0
2025-09-30,10.996,11.046,10.956,11.016,346238.0
2025-10-09,11.016,11.216,11.006,11.216,799243.0
2025-10-10,11.176,11.386,11.146,11.306,1071287.0
2025-10-13,11.186,11.246,11.136,11.246,677331.0
2025-10-14,11.246,11.296,11.226,11.246,544779.0
2025-10-15,11.266,11.296,11.176,11.236,490192.0
2025-10-16,11.226,11.226,11.176,11.206,382125.0
2025-10-17,11.206,11.246,11.146,11.156,442532.0
2025-10-20,11.166,11.186,11.106,11.126,356628.0
2025-10-21,11.126,11.246,11.126,11.236,528252.0
2025-10-22,11.256,11.286,11.216,11.236,411203.0
2025-10-23,11.216,11.256,11.166,11.256,376402.0
2025-10-24,11.256,11.276,11.216,11.256,416119.0
2025-10-27,11.256,11.336,11.196,11.326,664733.0
2025-10-28,11.316,11.316,11.186,11.196,542231.0
2025-10-29,11.176,11.236,11.156,11.226,453237.0
2025-10-30,11.226,11.296,11.206,11.216,472161.0
2025-10-31,11.226,11.226,11.106,11.116,675185.0
2025-11-03,11.126,11.166,11.106,11.156,307575.0
2025-11-04,11.146,11.166,11.106,11.136,366759.0
2025-11-05,11.116,11.146,11.076,11.126,328913.0
2025-11-06,11.126,11.236,11.106,11.176,473213.0
2025-11-07,11.166,11.206,11.156,11.186,293755.0
2025-11-10,11.176,11.226,11.156,11.226,322546.0
2025-11-11,11.226,11.236,11.176,11.216,300729.0
2025-11-12,11.216,11.236,11.176,11.196,341605.0
2025-11-13,11.186,11.206,11.156,11.196,350622.0
2025-11-14,11.166,11.196,11.126,11.136,377640.0
2025-11-17,11.116,11.126,11.056,11.076,444330.0
2025-11-18,11.066,11.076,10.996,11.026,329503.0
2025-11-19,11.026,11.046,10.996,11.006,260950.0
2025-11-20,11.026,11.056,10.996,11.006,375887.0
2025-11-21,10.966,10.976,10.836,10.866,622506.0
2025-11-24,10.846,10.936,10.846,10.896,342981.0
2025-11-25,10.896,10.936,10.886,10.916,176557.0
2025-11-26,10.926,10.966,10.906,10.906,172142.0
2025-11-27,10.896,10.926,10.876,10.896,162720.0
2025-11-28,10.896,10.906,10.856,10.896,186091.0
2025-12-01,10.896,10.946,10.876,10.936,276842.0
2025-12-02,10.926,10.956,10.906,10.956,207529.0
2025-12-03,10.956,10.956,10.916,10.936,239493.0
2025-12-04,10.936,10.966,10.926,10.956,188549.0
2025-12-05,10.936,10.986,10.916,10.966,245627.0
2025-12-08,10.976,10.986,10.926,10.926,224014.0
2025-12-09,10.926,10.936,10.846,10.846,331002.0
2025-12-10,10.836,10.946,10.826,10.936,306610.0
2025-12-11,10.936,10.976,10.916,10.946,314436.0
2025-12-12,10.936,10.996,10.916,10.976,457089.0
2025-12-15,10.966,10.996,10.946,10.946,254557.0
2025-12-16,10.946,10.956,10.886,10.896,222168.0
2025-12-17,10.896,10.956,10.856,10.926,216946.0
2025-12-18,10.916,10.956,10.906,10.946,173622.0
2025-12-19,10.946,10.976,10.926,10.966,194389.0
2025-12-22,10.976,10.976,10.936,10.946,216761.0
2025-12-23,10.946,10.986,10.936,10.956,196422.0
2025-12-24,10.966,10.996,10.946,10.986,222789.0
2025-12-25,10.986,10.996,10.946,10.976,232342.0
2025-12-26,10.966,10.986,10.936,10.976,222746.0
2025-12-29,10.976,11.006,10.926,10.936,344630.0
2025-12-30,10.916,10.926,10.856,10.866,366391.0
2025-12-31,10.856,10.886,10.836,10.836,276926.0
2026-01-05,10.846,10.876,10.836,10.876,336011.0
2026-01-06,10.866,10.956,10.856,10.936,479142.0
2026-01-07,10.936,11.006,10.926,10.956,454649.0
2026-01-08,10.956,10.976,10.916,10.966,329524.0
2026-01-09,10.966,10.976,10.936,10.966,412946.0
2026-01-12,10.956,10.986,10.946,10.976,494775.0
2026-01-13,10.976,11.036,10.946,10.986,706903.0
2026-01-14,10.986,11.016,10.826,10.836,1280636.0
2026-01-15,10.836,10.866,10.826,10.836,562237.0
2026-01-16,10.846,11.036,10.676,10.696,2380155.0
2026-01-19,10.686,10.716,10.616,10.676,607626.0
2026-01-20,10.676,10.816,10.666,10.806,855030.0
2026-01-21,10.796,10.816,10.746,10.766,637674.0
2026-01-22,10.766,10.836,10.686,10.696,1128847.0
2026-01-23,10.706,10.716,10.536,10.556,1830676.0
2026-01-26,10.566,10.666,10.476,10.656,3118419.0
2026-01-27,10.616,10.616,10.486,10.496,1520163.0
2026-01-28,10.496,10.756,10.466,10.486,4114791.0
2026-01-29,10.526,10.546,10.376,10.496,2596811.0
2026-01-30,10.476,10.556,10.416,10.436,1394045.0
2026-02-02,10.416,10.426,10.286,10.296,1437602.0
2026-02-03,10.356,10.376,10.286,10.336,639875.0
2026-02-04,10.316,10.456,10.306,10.446,1078779.0
2026-02-05,10.426,10.446,10.396,10.436,678660.0
2026-02-06,10.396,10.426,10.376,10.396,547222.0
2026-02-09,10.436,10.456,10.406,10.426,503533.0
2026-02-10,10.416,10.426,10.386,10.396,399091.0
2026-02-11,10.406,10.416,10.386,10.406,316510.0
2026-02-12,10.416,10.436,10.386,10.406,477498.0
2026-02-13,10.396,10.406,10.336,10.336,573238.0
2026-02-24,10.386,10.506,10.376,10.506,1279459.0
2026-02-25,10.476,10.676,10.436,10.456,2982634.0
2026-02-26,10.466,10.546,10.446,10.526,1379762.0
2026-02-27,10.506,10.556,10.496,10.526,873975.0
2026-03-02,10.466,10.536,10.436,10.516,1185939.0
2026-03-03,10.506,10.526,10.406,10.416,1176486.0
2026-03-04,10.406,10.416,10.286,10.306,1225053.0
2026-03-05,10.356,10.426,10.346,10.366,942861.0
2026-03-06,10.346,10.446,10.336,10.436,767622.0
2026-03-09,10.386,10.436,10.366,10.386,826541.0
2026-03-10,10.416,10.466,10.376,10.446,787294.0
2026-03-11,10.436,10.556,10.396,10.536,1074077.0
2026-03-12,10.526,10.576,10.506,10.576,1057936.0
2026-03-13,10.556,10.756,10.536,10.676,2088804.0
2026-03-16,10.696,10.696,10.516,10.536,1448613.0
2026-03-17,10.556,10.596,10.496,10.496,799834.0
2026-03-18,10.516,10.526,10.396,10.456,784378.0
2026-03-19,10.406,10.436,10.346,10.356,905902.0
2026-03-20,10.346,10.386,10.306,10.326,680970.0
2026-03-23,10.266,10.276,10.056,10.066,1321877.0
2026-03-24,10.126,10.156,10.066,10.156,553940.0
2026-03-25,10.146,10.236,10.136,10.216,553010.0
2026-03-26,10.216,10.226,10.096,10.126,684189.0
2026-03-27,10.096,10.166,10.076,10.156,378956.0
2026-03-30,10.096,10.256,10.076,10.206,594595.0
2026-03-31,10.166,10.276,10.136,10.216,781142.0
2026-04-01,10.266,10.306,10.196,10.216,674740.0
2026-04-02,10.216,10.216,10.106,10.136,546439.0
2026-04-03,10.136,10.146,10.066,10.076,457383.0
2026-04-07,10.096,10.106,10.056,10.076,354397.0
2026-04-08,10.136,10.206,10.126,10.206,623552.0
2026-04-09,10.176,10.176,10.126,10.136,369947.0
2026-04-10,10.146,10.186,10.146,10.156,372381.0
2026-04-13,10.126,10.136,10.086,10.096,514916.0
2026-04-14,10.116,10.136,10.096,10.126,358501.0
2026-04-15,10.146,10.156,10.126,10.126,309144.0
2026-04-16,10.136,10.146,10.106,10.126,412678.0
2026-04-17,10.116,10.126,10.076,10.096,578424.0
2026-04-20,10.086,10.096,10.066,10.066,589768.0
2026-04-21,10.066,10.086,10.056,10.056,552301.0
2026-04-22,10.056,10.056,10.026,10.046,399699.0
2026-04-23,10.036,10.056,10.016,10.026,467421.0
2026-04-24,10.016,10.026,9.966,9.976,597311.0
2026-04-27,9.976,9.976,9.906,9.906,560032.0
2026-04-28,9.906,9.946,9.896,9.926,451369.0
2026-04-29,9.936,9.966,9.916,9.956,436249.0
2026-04-30,9.926,9.936,9.896,9.916,545901.0
2026-05-06,9.916,9.926,9.876,9.886,802065.0
2026-05-07,9.896,9.946,9.876,9.926,671926.0
2026-05-08,9.916,9.926,9.886,9.916,425689.0
2026-05-11,9.916,9.956,9.916,9.946,498168.0
2026-05-12,9.946,9.966,9.916,9.926,552355.0
2026-05-13,9.926,9.926,9.896,9.916,516001.0
2026-05-14,9.916,9.926,9.826,9.826,614580.0
2026-05-15,9.826,9.836,9.746,9.756,648623.0
2026-05-18,9.746,9.746,9.636,9.666,640864.0
2026-05-19,9.716,9.786,9.676,9.756,654203.0
2026-05-20,9.746,9.746,9.646,9.656,462988.0
2026-05-21,9.666,9.686,9.586,9.586,450636.0
2026-05-22,9.596,9.606,9.496,9.536,541841.0
2026-05-25,9.536,9.576,9.496,9.516,552383.0
2026-05-26,9.506,9.516,9.456,9.506,558759.0
2026-05-27,9.486,9.506,9.386,9.426,638817.0
2026-05-28,9.406,9.456,9.366,9.396,471748.0
2026-05-29,9.406,9.616,9.406,9.566,900311.0
2026-06-01,9.566,9.666,9.516,9.656,597096.0
2026-06-02,9.656,9.666,9.586,9.606,501090.0
2026-06-03,9.606,9.606,9.506,9.556,501914.0
2026-06-04,9.546,9.576,9.426,9.476,395298.0
2026-06-05,9.476,9.576,9.476,9.526,403604.0
2026-06-08,9.506,9.516,9.386,9.416,487022.0
2026-06-09,9.416,9.456,9.386,9.436,313708.0
2026-06-10,9.416,9.486,9.386,9.486,393896.0
2026-06-11,9.446,9.506,9.406,9.476,395889.0
2026-06-12,9.496,9.606,9.476,9.576,626824.0
2026-06-15,9.606,9.656,9.546,9.586,438733.0
2026-06-16,9.576,9.576,9.486,9.496,391775.0
2026-06-17,9.496,9.736,9.426,9.646,901732.0
2026-06-18,9.606,9.606,9.456,9.466,569824.0
2026-06-22,9.436,9.546,9.386,9.526,638539.0
2026-06-23,9.536,9.576,9.456,9.466,498983.0
2026-06-24,9.446,9.476,9.396,9.396,444921.0
2026-06-25,9.396,9.396,9.296,9.306,599024.0
2026-06-26,9.286,9.326,9.186,9.186,495197.0
2026-06-29,9.166,9.256,9.076,9.206,463783.0
2026-06-30,9.186,9.186,9.116,9.116,358816.0
2026-07-01,9.096,9.246,9.086,9.216,415181.0
2026-07-02,9.196,9.296,9.186,9.246,424485.0
2026-07-03,9.246,9.326,9.236,9.286,362346.0
2026-07-06,9.276,9.346,9.256,9.346,373936.0
2026-07-07,9.336,9.336,9.236,9.246,331214.0
2026-07-08,9.246,9.316,9.226,9.306,304003.0
2026-07-09,9.286,9.296,9.236,9.266,308168.0
2026-07-10,9.256,9.366,9.216,9.336,497720.0
2026-07-13,9.326,9.366,9.316,9.336,395862.0
2026-07-14,9.326,9.416,9.316,9.406,410640.0
2026-07-15,9.396,9.526,9.386,9.526,521596.0
2026-07-16,9.506,9.556,9.486,9.536,438239.0
2026-07-17,9.536,9.646,9.526,9.566,744194.0
2026-07-20,9.576,9.646,9.546,9.646,1032972.0
2026-07-21,9.636,9.736,9.596,9.616,924927.0
2026-07-22,9.606,9.706,9.516,9.696,805942.0
2026-07-23,9.686,9.746,9.666,9.746,525225.0
2026-07-24,9.716,9.776,9.666,9.666,559043.0
2026-07-27,9.686,9.706,9.646,9.656,705772.0
2026-07-28,9.686,9.716,9.636,9.706,613395.0
2026-07-29,9.706,9.826,9.696,9.796,644502.0
2026-07-30,9.786,9.856,9.776,9.846,521946.0
2026-07-31,9.816,9.886,9.776,9.876,635943.0
2026-08-03,9.856,9.916,9.856,9.876,514787.0
2026-08-04,9.856,9.876,9.716,9.716,767465.0
2026-08-05,9.716,9.736,9.636,9.676,508492.0
2026-08-06,9.676,9.696,9.626,9.666,399910.0
2026-08-07,9.666,9.666,9.596,9.626,361834.0
2026-08-10,9.616,9.656,9.606,9.636,321236.0
2026-08-11,9.636,9.646,9.576,9.586,343781.0
2026-08-12,9.586,9.606,9.556,9.586,296399.0
2026-08-13,9.596,9.596,9.526,9.536,305341.0
2026-08-14,9.546,9.546,9.506,9.516,241320.0
2026-08-17,9.496,9.516,9.466,9.506,298663.0
2026-08-18,9.496,9.506,9.466,9.476,248382.0
2026-08-19,9.476,9.496,9.426,9.436,342598.0
2026-08-20,9.436,9.536,9.436,9.536,343377.0
2026-08-21,9.516,9.516,9.456,9.466,238469.0
2026-08-24,9.456,9.506,9.446,9.496,256377.0
2026-08-25,9.506,9.536,9.496,9.526,245400.0
2026-08-26,9.526,9.606,9.516,9.586,352527.0
2026-08-27,9.596,9.596,9.506,9.536,276800.0
2026-08-28,9.536,9.586,9.516,9.566,251788.0
2026-08-31,9.576,9.576,9.526,9.536,299190.0
2026-09-01,9.536,9.596,9.516,9.576,339490.0
2026-09-02,9.556,9.576,9.516,9.526,248284.0
2026-09-03,9.526,9.586,9.516,9.546,245390.0
2026-09-04,9.566,9.596,9.546,9.576,303695.0
2026-09-07,9.576,9.586,9.526,9.536,304257.0
2026-09-08,9.536,9.576,9.526,9.566,280466.0
2026-09-09,9.566,9.616,9.536,9.606,470916.0
2026-09-10,9.596,9.636,9.576,9.626,384027.0
2026-09-11,9.616,9.616,9.536,9.566,411694.0
2026-09-14,9.546,9.606,9.526,9.546,300285.0
2026-09-15,9.546,9.556,9.476,9.486,273551.0
2026-09-16,9.466,9.486,9.406,9.466,325556.0
2026-09-17,9.456,9.506,9.446,9.496,215747.0
2026-09-18,9.466,9.506,9.456,9.496,201946.0
2026-09-21,9.486,9.536,9.466,9.526,236888.0
2026-09-22,9.526,9.526,9.496,9.506,187938.0
2026-09-23,9.496,9.546,9.476,9.496,270314.0
2026-09-24,9.486,9.496,9.436,9.446,258372.0
2026-09-28,9.436,9.456,9.386,9.396,232235.0
2026-09-29,9.386,9.436,9.386,9.416,197847.0
