date,open,high,low,close,volume
2016-01-04,151.991,152.307,139.04,139.04,348130.0
2016-01-05,132.511,138.618,129.878,137.565,483660.0
2016-01-06,137.565,143.041,135.459,142.514,436911.0
2016-01-07,137.881,139.566,129.141,130.194,138293.0
2016-01-08,133.037,142.409,129.352,141.251,573632.0
2016-01-11,137.671,141.146,134.933,140.619,741539.0
2016-01-12,142.409,153.887,139.355,153.887,790373.0
2016-01-14,143.252,166.733,139.777,162.732,791039.0
2016-01-15,160.942,174.21,154.835,165.996,839265.0
2016-01-18,159.889,176.632,157.046,170.419,799820.0
2016-01-19,169.998,176.0,166.628,173.578,697718.0
2016-01-20,172.525,174.21,162.521,165.259,656870.0
2016-01-21,161.468,171.261,155.677,168.839,655451.0
2016-01-22,167.365,173.367,163.469,168.734,539297.0
2016-01-25,166.207,172.736,165.154,170.419,908045.0
2016-01-26,169.155,174.21,166.733,170.735,859878.0
2016-01-27,166.207,173.578,161.153,173.473,614066.0
2016-01-28,173.894,175.263,169.05,171.893,760307.0
2016-01-29,168.629,179.896,165.68,178.738,641713.0
2016-02-01,177.369,182.107,175.473,176.632,688823.0
2016-02-02,175.473,178.738,172.736,178.001,694955.0
2016-02-03,179.791,181.265,173.578,177.263,514984.0
2016-02-04,175.789,178.106,169.366,174.736,383792.0
2016-02-05,173.367,173.578,158.836,159.678,188747.0
2016-02-15,155.572,165.786,153.782,163.89,212804.0
2016-02-16,162.1,167.786,162.1,164.838,181507.0
2016-02-17,166.523,166.523,158.836,164.627,199507.0
2016-02-18,165.891,167.26,161.047,161.89,241334.0
2016-02-19,161.89,165.154,160.415,164.943,320158.0
2016-02-22,166.418,167.576,164.522,165.049,251422.0
2016-02-23,164.522,166.207,161.784,164.417,183685.0
2016-02-24,163.048,164.627,161.995,163.469,152927.0
2016-02-25,163.259,164.101,151.465,158.836,208568.0
2016-02-26,155.782,160.415,155.782,158.836,141530.0
2016-02-29,159.468,162.206,154.835,158.625,218022.0
2016-03-01,160.31,160.626,156.098,156.941,306870.0
2016-03-02,153.571,158.836,145.147,156.835,750536.0
2016-03-03,157.256,157.256,150.938,151.886,440119.0
2016-03-04,148.411,151.044,145.989,148.727,443339.0
2016-03-07,148.727,150.412,145.568,146.411,231259.0
2016-03-08,146.411,146.411,136.512,140.093,282786.0
2016-03-09,138.618,138.724,135.459,137.144,224513.0
2016-03-10,137.776,140.935,135.565,136.512,295733.0
2016-03-11,134.722,135.354,131.563,134.196,190144.0
2016-03-14,135.881,137.144,134.617,135.038,460808.0
2016-03-15,134.196,134.512,130.405,130.931,344949.0
2016-03-16,132.195,132.722,130.3,132.511,485526.0
2016-03-17,132.511,133.88,131.037,133.248,387484.0
2016-03-18,133.564,138.618,132.932,137.46,574144.0
2016-03-21,138.197,140.83,136.934,139.25,509474.0
2016-03-22,137.776,138.513,136.934,137.671,278562.0
2016-03-23,137.249,138.513,135.67,136.512,227525.0
2016-03-24,136.407,136.512,133.88,134.09,247918.0
2016-03-25,133.564,136.302,133.143,135.459,237413.0
2016-03-28,135.459,135.986,131.353,131.669,275284.0
2016-03-29,131.774,131.984,128.299,128.931,228702.0
2016-03-30,129.878,132.722,129.668,131.247,282992.0
2016-03-31,132.195,132.3,130.194,130.616,266684.0
2016-04-01,130.616,133.037,128.299,132.932,319376.0
2016-04-05,133.88,136.618,133.353,135.038,395507.0
2016-04-06,135.143,136.091,133.353,134.933,301649.0
2016-04-07,135.459,135.881,133.459,133.88,257721.0
2016-04-08,132.616,135.038,131.774,134.722,225354.0
2016-04-11,135.67,136.302,134.09,134.722,283204.0
2016-04-12,134.617,134.617,132.511,133.564,168125.0
2016-04-13,134.406,135.249,133.669,133.88,289538.0
2016-04-14,134.512,134.617,133.775,134.512,162205.0
2016-04-15,134.617,134.933,133.564,134.196,154949.0
2016-04-18,133.88,133.88,132.09,132.406,127257.0
2016-04-19,132.722,133.564,132.3,132.616,114840.0
2016-04-20,133.143,133.143,124.403,129.773,258260.0
2016-04-21,129.773,129.878,127.351,127.878,97984.0
2016-04-22,126.719,137.671,126.298,136.196,372698.0
2016-04-25,135.565,135.565,132.511,133.037,200747.0
2016-04-26,132.722,134.09,132.09,133.143,127177.0
2016-04-27,133.353,135.986,133.143,134.617,218564.0
2016-04-28,134.828,138.408,133.669,137.565,320598.0
2016-04-29,137.776,138.302,135.459,136.196,206749.0
2016-05-03,136.196,136.828,134.617,136.302,205932.0
2016-05-04,136.091,136.934,135.143,135.67,190157.0
2016-05-05,135.354,135.986,135.038,135.459,211250.0
2016-05-06,135.565,135.67,133.775,134.196,276555.0
2016-05-09,133.564,135.67,131.774,133.353,403409.0
2016-05-10,132.511,134.196,131.984,132.09,267324.0
2016-05-11,132.616,133.669,132.09,132.722,275205.0
2016-05-12,132.932,133.459,131.984,132.827,151833.0
2016-05-13,132.3,133.459,129.457,129.668,139069.0
2016-05-16,128.825,129.773,126.193,129.352,102303.0
2016-05-17,128.825,129.878,127.878,129.141,69986.0
2016-05-18,128.72,128.931,126.614,128.194,101105.0
2016-05-19,127.983,128.72,126.193,126.404,77060.0
2016-05-20,125.772,126.088,124.719,125.245,99174.0
2016-05-23,125.561,127.772,125.351,126.298,87113.0
2016-05-24,126.404,126.404,124.719,125.456,58033.0
2016-05-25,125.772,126.298,124.087,125.14,96519.0
2016-05-26,125.14,125.14,122.718,123.982,125185.0
2016-05-27,123.771,123.876,122.929,123.139,68263.0
2016-05-30,122.929,123.245,121.665,122.929,72902.0
2016-05-31,123.139,125.982,122.823,125.666,179587.0
2016-06-01,125.772,126.088,124.192,124.403,129180.0
2016-06-02,124.613,124.929,123.771,124.192,130478.0
2016-06-03,124.403,124.824,123.56,124.087,166596.0
2016-06-06,124.298,126.825,123.771,125.561,211264.0
2016-06-07,125.561,125.982,124.508,124.929,126327.0
2016-06-08,124.508,125.877,124.087,125.561,283281.0
2016-06-13,124.613,124.719,122.507,123.245,164866.0
2016-06-14,122.718,123.35,121.665,122.718,194471.0
2016-06-15,120.717,123.455,120.717,122.823,128093.0
2016-06-16,122.718,124.613,121.981,123.56,219989.0
2016-06-17,123.455,123.876,122.507,123.034,101026.0
2016-06-20,122.402,124.087,122.297,122.929,114153.0
2016-06-21,123.139,123.455,120.717,121.033,89749.0
2016-06-22,120.612,121.139,119.454,120.507,90915.0
2016-06-23,120.401,120.507,119.559,119.875,48401.0
2016-06-24,120.086,120.823,114.083,116.927,105948.0
2016-06-27,115.452,117.558,115.452,117.348,94551.0
2016-06-28,117.242,117.453,116.505,117.348,82845.0
2016-06-29,117.769,118.506,116.4,118.085,465730.0
2016-06-30,117.98,117.98,117.242,117.348,144773.0
2016-07-01,117.453,117.98,117.242,117.348,118300.0
2016-07-04,116.611,119.348,115.979,119.033,290079.0
2016-07-05,118.822,120.191,118.822,119.559,295667.0
2016-07-06,121.77,122.823,120.507,121.454,437506.0
2016-07-07,120.612,120.612,118.295,119.664,202272.0
2016-07-08,120.086,120.086,118.295,118.401,168416.0
2016-07-11,118.19,118.927,117.453,117.769,184372.0
2016-07-12,117.98,120.191,116.611,119.98,272447.0
2016-07-13,119.875,123.771,119.454,123.245,550601.0
2016-07-14,122.613,122.929,121.033,121.77,227276.0
2016-07-15,121.349,122.823,121.244,121.981,160890.0
2016-07-18,121.56,122.402,120.928,121.244,164673.0
2016-07-19,121.56,121.665,117.769,118.822,228276.0
2016-07-20,119.454,119.77,118.19,118.822,158840.0
2016-07-21,119.138,120.191,118.401,118.927,136599.0
2016-07-22,119.033,119.559,118.401,119.454,112243.0
2016-07-25,119.559,120.612,119.138,119.875,169309.0
2016-07-26,120.296,121.349,119.98,120.928,303654.0
2016-07-27,120.401,121.033,113.768,116.189,377207.0
2016-07-28,116.084,116.295,113.662,115.347,156441.0
2016-07-29,115.242,115.347,114.083,114.715,96072.0
2016-08-01,114.294,114.399,111.767,113.136,105586.0
2016-08-02,112.925,114.399,112.82,114.083,73292.0
2016-08-03,113.978,115.768,113.452,115.136,103914.0
2016-08-04,115.136,117.874,114.399,117.453,208083.0
2016-08-05,118.611,121.349,117.137,119.559,694422.0
2016-08-08,118.927,125.351,118.295,122.402,672837.0
2016-08-09,122.718,124.298,121.349,122.086,356943.0
2016-08-10,121.665,122.086,119.77,119.98,204095.0
2016-08-11,119.77,120.296,118.19,118.401,227165.0
2016-08-12,118.506,128.931,117.98,128.931,624049.0
2016-08-15,140.408,140.514,137.776,140.514,787909.0
2016-08-16,153.255,153.255,145.884,148.622,2901853.0
2016-08-17,145.358,145.358,137.776,139.25,1906526.0
2016-08-18,139.25,151.886,139.04,144.936,2449331.0
2016-08-19,141.672,149.043,139.566,145.252,1397282.0
2016-08-22,144.094,145.779,138.302,139.355,950662.0
2016-08-23,139.461,139.987,134.722,136.618,831529.0
2016-08-24,136.512,138.302,133.88,137.144,627551.0
2016-08-25,134.828,134.828,129.668,132.09,964990.0
2016-08-26,132.722,134.512,131.879,133.669,897848.0
2016-08-29,132.827,135.038,132.827,134.406,301653.0
2016-08-30,133.88,135.459,133.353,134.828,353406.0
2016-08-31,134.406,142.725,133.985,139.145,868559.0
2016-09-01,136.407,136.934,133.459,134.09,629039.0
2016-09-02,133.143,138.618,132.827,138.092,473544.0
2016-09-05,139.04,139.04,135.986,137.249,239722.0
2016-09-06,136.934,139.04,135.565,137.987,210079.0
2016-09-07,137.249,139.461,136.091,138.618,275894.0
2016-09-08,137.776,141.567,137.46,138.829,229921.0
2016-09-09,138.408,141.04,137.987,138.513,254738.0
2016-09-12,134.828,141.988,133.88,141.777,445580.0
2016-09-13,141.146,141.461,139.04,139.987,213667.0
2016-09-14,139.145,140.514,138.092,139.04,177175.0
2016-09-19,138.829,139.671,138.197,139.04,220116.0
2016-09-20,139.566,141.04,138.513,139.777,195127.0
2016-09-21,139.987,140.514,138.829,139.987,188619.0
2016-09-22,140.619,147.253,140.198,143.989,528969.0
2016-09-23,142.62,142.725,138.829,139.25,227697.0
2016-09-26,137.987,139.882,137.565,138.934,177303.0
2016-09-27,138.197,142.304,138.197,140.093,153103.0
2016-09-28,140.514,142.093,139.04,139.145,137924.0
2016-09-29,139.04,144.831,138.513,140.724,264536.0
2016-09-30,140.408,142.304,138.092,138.934,158014.0
2016-10-10,134.09,139.355,133.775,139.04,303319.0
2016-10-11,138.618,140.619,137.671,139.04,150307.0
2016-10-12,138.829,139.25,137.987,139.145,152732.0
2016-10-13,139.145,139.566,135.986,136.934,122032.0
2016-10-14,136.618,137.249,133.775,134.196,185778.0
2016-10-17,134.512,135.038,133.353,133.459,98179.0
2016-10-18,133.353,134.828,132.616,134.09,144985.0
2016-10-19,134.09,134.828,133.775,134.406,85526.0
2016-10-20,133.88,136.934,133.353,136.302,117290.0
2016-10-21,136.934,137.249,135.143,136.934,165873.0
2016-10-24,137.144,137.355,136.512,137.144,113909.0
2016-10-25,137.46,137.776,136.934,137.249,86507.0
2016-10-26,137.039,137.355,136.723,137.039,83630.0
2016-10-27,136.934,137.671,136.828,136.934,96054.0
2016-10-28,137.249,141.04,136.828,138.302,303507.0
2016-10-31,137.987,139.566,136.407,138.934,140304.0
2016-11-01,139.461,139.777,138.618,139.25,131388.0
2016-11-02,138.724,140.198,138.618,139.145,115051.0
2016-11-03,138.829,140.093,138.724,139.882,71105.0
2016-11-04,139.987,142.936,139.987,140.198,76730.0
2016-11-07,140.198,140.303,138.302,139.04,85764.0
2016-11-08,139.04,139.987,138.934,139.25,55027.0
2016-11-09,139.671,142.62,138.724,140.514,173469.0
2016-11-10,140.093,141.356,139.145,140.724,98389.0
2016-11-11,140.619,140.724,138.829,139.461,104309.0
2016-11-14,138.934,139.671,138.513,139.355,65045.0
2016-11-15,139.882,141.356,139.145,139.777,111550.0
2016-11-16,139.25,140.935,139.145,140.724,85487.0
2016-11-17,140.408,142.725,139.882,142.409,107416.0
2016-11-18,143.252,146.095,140.408,140.619,140168.0
2016-11-21,140.303,142.409,139.04,141.251,108098.0
2016-11-22,140.514,141.883,140.198,141.251,68384.0
2016-11-23,141.988,154.097,140.724,148.306,337852.0
2016-11-24,146.095,157.572,145.042,155.993,424194.0
2016-11-25,154.519,166.418,153.255,158.204,419936.0
2016-11-28,157.888,162.206,156.098,157.678,335856.0
2016-11-29,156.835,165.786,155.677,165.365,336015.0
2016-11-30,164.312,170.63,161.153,167.155,292686.0
2016-12-01,164.943,171.683,162.206,162.521,423217.0
2016-12-02,160.415,161.574,157.256,160.521,234243.0
2016-12-05,154.835,154.835,146.411,146.726,199134.0
2016-12-06,146.726,149.359,146.2,146.411,104438.0
2016-12-07,146.937,148.411,144.41,147.042,89594.0
2016-12-08,148.517,148.517,146.832,148.095,69704.0
2016-12-09,148.517,150.412,146.621,149.043,108272.0
2016-12-12,147.99,149.043,145.673,146.621,181608.0
2016-12-13,144.936,149.043,143.252,148.201,56139.0
2016-12-14,147.464,149.78,147.148,148.201,69063.0
2016-12-15,148.201,150.623,144.305,149.464,75570.0
2016-12-16,149.464,150.517,148.306,149.464,73213.0
2016-12-19,145.358,148.727,145.358,147.779,48016.0
2016-12-20,145.884,148.201,145.884,147.464,75540.0
2016-12-21,147.779,148.517,145.884,146.937,52444.0
2016-12-22,146.832,147.99,145.463,147.885,36993.0
2016-12-23,147.464,148.201,146.411,146.516,27853.0
2016-12-26,145.884,146.621,141.777,145.358,38666.0
2016-12-27,144.726,147.99,144.515,146.305,34381.0
2016-12-28,145.463,147.569,144.41,146.937,55166.0
2016-12-29,146.726,147.99,146.095,147.885,33402.0
2016-12-30,147.885,156.73,147.885,149.148,79503.0
2017-01-03,149.464,153.466,148.201,152.202,61255.0
2017-01-04,152.623,153.044,149.57,151.465,53907.0
2017-01-05,151.465,151.57,147.674,147.99,56815.0
2017-01-06,147.885,149.359,146.095,148.938,53671.0
2017-01-09,147.885,148.517,146.411,146.621,43758.0
2017-01-10,146.2,147.569,145.989,146.726,33809.0
2017-01-11,146.726,147.674,142.409,143.146,36721.0
2017-01-12,142.725,144.199,142.62,143.041,27032.0
2017-01-13,144.515,145.884,141.251,142.304,30697.0
2017-01-16,141.356,142.199,138.197,139.671,110807.0
2017-01-17,140.093,140.514,139.145,140.303,36139.0
2017-01-18,140.935,141.883,139.777,141.672,28793.0
2017-01-19,141.04,143.041,141.04,142.304,24254.0
2017-01-20,141.356,143.778,140.514,142.62,28977.0
2017-01-23,142.514,144.936,142.409,143.567,51482.0
2017-01-24,144.094,145.042,142.304,142.514,50888.0
2017-01-25,143.778,146.937,143.778,146.621,71649.0
2017-01-26,146.937,147.253,145.779,146.621,36622.0
2017-02-03,146.411,146.621,144.305,144.515,28280.0
2017-02-06,144.094,145.884,144.094,145.463,65296.0
2017-02-07,145.358,145.673,144.305,145.147,53800.0
2017-02-08,145.358,145.779,144.41,145.358,48581.0
2017-02-09,145.358,146.937,145.042,145.358,88731.0
2017-02-10,145.673,145.673,143.989,145.147,58015.0
2017-02-13,144.41,144.936,141.988,143.673,91598.0
2017-02-14,143.673,143.778,141.883,142.725,67495.0
2017-02-15,142.62,142.936,140.619,140.83,61506.0
2017-02-16,140.83,141.567,140.724,141.146,48413.0
2017-02-17,141.567,141.883,139.04,139.461,62690.0
2017-02-20,139.145,140.303,139.04,140.198,125671.0
2017-02-21,140.303,141.988,140.093,140.619,143829.0
2017-02-22,140.619,141.672,140.303,140.619,193822.0
2017-02-23,140.619,140.724,138.513,139.04,96897.0
2017-02-24,138.513,140.093,138.302,139.671,171092.0
2017-02-27,139.882,141.461,139.566,139.987,303112.0
2017-02-28,139.882,140.514,139.25,139.987,257782.0
2017-03-01,139.987,140.83,138.618,139.04,160061.0
2017-03-02,139.04,139.461,136.828,137.355,124815.0
2017-03-03,136.934,138.724,136.723,137.776,77630.0
2017-03-06,138.197,139.04,138.092,138.513,117617.0
2017-03-07,138.513,139.25,137.144,139.04,143606.0
2017-03-08,139.145,141.356,138.513,140.83,138420.0
2017-03-09,140.514,140.514,138.092,140.198,103533.0
2017-03-10,139.355,140.83,139.355,139.355,84155.0
2017-03-13,139.566,141.777,138.092,141.461,199653.0
2017-03-14,140.83,144.515,140.408,141.988,221046.0
2017-03-15,141.251,141.567,139.355,139.987,204434.0
2017-03-16,140.303,141.251,138.302,138.513,237243.0
2017-03-17,139.04,139.461,135.67,135.986,251270.0
2017-03-20,135.249,135.354,132.09,133.248,205777.0
2017-03-21,133.143,133.775,131.774,132.932,217852.0
2017-03-22,132.511,132.511,129.036,129.878,267611.0
2017-03-23,130.089,130.405,126.93,127.878,329570.0
2017-03-24,127.772,127.772,123.034,126.825,498580.0
2017-03-27,126.088,127.772,124.508,125.351,333969.0
2017-03-28,125.772,127.246,125.561,126.614,227716.0
2017-03-29,126.614,127.983,125.877,126.825,143998.0
2017-03-30,126.614,127.351,125.245,126.719,154833.0
2017-03-31,126.509,129.878,126.298,129.563,195567.0
2017-04-05,133.037,133.564,130.3,131.142,474355.0
2017-04-06,131.458,131.774,129.457,130.405,316346.0
2017-04-07,131.142,131.353,129.773,130.931,337092.0
2017-04-10,131.247,134.512,130.616,132.722,548865.0
2017-04-11,132.722,136.828,132.406,136.618,670713.0
2017-04-12,137.987,140.724,136.618,138.302,654007.0
2017-04-13,137.987,138.302,135.565,137.355,356772.0
2017-04-14,136.828,136.934,134.722,135.881,291358.0
2017-04-17,134.828,136.196,133.775,136.091,196922.0
2017-04-18,135.986,136.723,134.617,134.722,231375.0
2017-04-19,134.196,135.775,133.88,135.038,191628.0
2017-04-20,135.249,137.039,134.933,136.407,199061.0
2017-04-21,136.723,137.776,135.459,137.565,182626.0
2017-04-24,137.46,138.724,133.669,138.618,252101.0
2017-04-25,137.776,139.25,137.46,137.987,154146.0
2017-04-26,138.092,139.461,137.46,137.46,134273.0
2017-04-27,136.828,136.828,133.459,134.301,206090.0
2017-04-28,133.985,134.301,132.722,134.196,139215.0
2017-05-02,132.827,133.248,129.563,130.194,270782.0
2017-05-03,129.668,130.089,126.719,127.772,272592.0
2017-05-04,126.509,128.194,126.404,127.351,209413.0
2017-05-05,127.035,127.983,125.456,127.878,228303.0
2017-05-08,127.351,129.036,126.298,128.931,190876.0
2017-05-09,128.404,128.615,126.719,127.035,108662.0
2017-05-10,127.246,127.983,125.561,126.825,131658.0
2017-05-11,126.193,128.931,125.877,128.299,169460.0
2017-05-12,127.772,129.036,127.667,128.825,72076.0
2017-05-15,128.931,131.037,128.51,130.616,136220.0
2017-05-16,130.089,131.247,129.563,130.931,124321.0
2017-05-17,130.721,131.669,129.668,129.984,110396.0
2017-05-18,129.773,130.405,128.931,130.089,87693.0
2017-05-19,129.878,130.405,129.141,130.089,68627.0
2017-05-22,130.089,130.826,128.404,130.616,149066.0
2017-05-23,130.089,132.406,129.773,132.09,159785.0
2017-05-24,131.669,132.827,130.405,132.616,111214.0
2017-05-25,133.459,138.934,133.459,136.091,480196.0
2017-05-26,135.986,136.934,134.617,136.091,208055.0
2017-05-31,139.145,140.303,136.512,137.881,383586.0
2017-06-01,136.934,139.461,136.512,139.25,477678.0
2017-06-02,139.04,139.566,137.46,138.302,275174.0
2017-06-05,138.302,138.408,134.828,135.249,314020.0
2017-06-06,134.512,136.512,133.88,135.67,185682.0
2017-06-07,135.881,137.46,135.143,136.723,216820.0
2017-06-08,136.407,138.408,135.986,138.197,212321.0
2017-06-09,136.934,138.197,135.986,136.828,217499.0
2017-06-12,136.407,139.04,136.091,136.723,192960.0
2017-06-13,136.302,137.144,135.249,136.407,137691.0
2017-06-14,134.933,135.459,131.142,131.353,331986.0
2017-06-15,130.826,132.406,130.616,132.406,125376.0
2017-06-16,132.406,132.722,131.353,131.774,74722.0
2017-06-19,132.195,132.722,131.247,132.09,101041.0
2017-06-20,132.195,132.195,131.142,131.563,106696.0
2017-06-21,132.09,133.775,131.353,133.248,126723.0
2017-06-22,133.459,135.354,132.932,133.143,160388.0
2017-06-23,132.722,136.407,132.195,135.986,244960.0
2017-06-26,136.618,143.252,136.407,141.356,584169.0
2017-06-27,141.356,145.358,140.303,143.778,539780.0
2017-06-28,143.252,144.936,141.777,142.409,232784.0
2017-06-29,142.725,143.567,141.04,142.725,162022.0
2017-06-30,141.988,142.62,140.619,140.83,159375.0
2017-07-03,141.356,144.62,141.356,142.83,302907.0
2017-07-04,143.357,143.357,138.934,139.671,262793.0
2017-07-05,140.514,143.252,140.408,142.936,282522.0
2017-07-06,143.041,144.831,142.514,143.462,244899.0
2017-07-07,143.146,152.413,143.146,152.202,465621.0
2017-07-10,152.413,157.994,149.359,150.307,451926.0
2017-07-11,152.413,153.36,150.201,151.044,357474.0
2017-07-12,150.517,154.624,149.885,151.044,303329.0
2017-07-13,150.938,154.308,149.359,153.044,277310.0
2017-07-14,151.991,154.308,149.148,153.992,259322.0
2017-07-17,153.676,160.521,152.307,153.36,544921.0
2017-07-18,153.992,157.467,150.938,155.361,452084.0
2017-07-19,154.624,155.888,152.834,155.572,387784.0
2017-07-20,154.94,159.573,153.782,158.309,456267.0
2017-07-21,157.256,158.52,153.044,153.466,385433.0
2017-07-24,151.676,153.676,149.78,151.254,395747.0
2017-07-25,150.623,151.465,146.832,147.885,327763.0
2017-07-26,147.885,149.464,145.989,147.569,277841.0
2017-07-27,147.464,148.727,145.884,147.885,241389.0
2017-07-28,147.779,150.307,146.937,148.306,295046.0
2017-07-31,148.517,148.727,144.936,147.042,288219.0
2017-08-01,146.726,148.622,145.884,147.674,195005.0
2017-08-02,147.358,148.517,143.252,144.094,394155.0
2017-08-03,144.305,145.042,141.988,143.673,246119.0
2017-08-04,143.357,145.989,142.936,144.515,200838.0
2017-08-07,144.199,145.042,143.778,144.62,155022.0
2017-08-08,144.62,144.936,142.725,144.199,170597.0
2017-08-09,143.883,144.936,143.041,144.726,120079.0
2017-08-10,144.515,144.515,141.251,142.514,185539.0
2017-08-11,141.672,141.672,137.144,138.092,305134.0
2017-08-14,138.197,139.566,137.249,138.724,194676.0
2017-08-15,139.04,139.777,138.618,139.25,104377.0
2017-08-16,139.566,139.566,136.512,137.355,209977.0
2017-08-17,137.355,139.566,137.249,139.355,130882.0
2017-08-18,138.829,142.409,138.513,141.777,210059.0
2017-08-21,142.409,143.041,141.567,141.883,142281.0
2017-08-22,141.883,143.252,140.83,141.777,138443.0
2017-08-23,141.672,142.304,140.935,141.883,84456.0
2017-08-24,142.199,142.199,140.198,140.514,114238.0
2017-08-25,140.619,143.673,140.514,143.252,221311.0
2017-08-28,143.462,145.779,142.83,144.41,293858.0
2017-08-29,144.726,144.726,143.041,144.305,164861.0
2017-08-30,144.726,145.568,143.673,145.252,217239.0
2017-08-31,144.831,145.147,142.83,143.462,129990.0
2017-09-01,143.357,144.094,142.304,142.83,158089.0
2017-09-04,142.936,142.936,140.935,141.356,193841.0
2017-09-05,141.146,144.305,141.146,144.199,300082.0
2017-09-06,143.883,145.989,143.146,143.989,198600.0
2017-09-07,144.305,152.413,143.989,148.517,524991.0
2017-09-08,148.201,151.676,147.148,149.148,363027.0
2017-09-11,148.832,151.886,147.779,149.148,260634.0
2017-09-12,148.622,150.201,147.569,148.411,239779.0
2017-09-13,148.306,149.043,146.726,148.201,202460.0
2017-09-14,147.674,153.782,147.674,151.886,509754.0
2017-09-15,151.886,158.52,150.728,153.887,566227.0
2017-09-18,155.15,157.256,153.676,153.992,558238.0
2017-09-19,154.94,160.1,154.519,156.414,667108.0
2017-09-20,156.73,156.835,153.255,154.413,382015.0
2017-09-21,153.782,154.624,150.096,150.728,332258.0
2017-09-22,151.254,152.939,149.464,150.307,301623.0
2017-09-25,147.674,147.674,142.304,142.514,427029.0
2017-09-26,141.672,144.094,141.672,142.83,190817.0
2017-09-27,143.041,143.883,141.672,142.936,265861.0
2017-09-28,143.357,143.357,139.987,140.408,241392.0
2017-09-29,140.83,142.409,140.514,140.83,157537.0
2017-10-09,143.778,145.042,143.041,143.989,309626.0
2017-10-10,143.673,143.989,142.304,143.778,155800.0
2017-10-11,143.778,144.62,143.146,143.673,156014.0
2017-10-12,143.357,143.673,141.461,141.883,166928.0
2017-10-13,142.199,142.62,141.672,142.199,92624.0
2017-10-16,142.514,142.514,140.408,140.83,133740.0
2017-10-17,140.83,141.567,140.093,140.408,82734.0
2017-10-18,140.514,141.251,139.987,140.303,104774.0
2017-10-19,140.619,141.777,140.093,140.303,158598.0
2017-10-20,140.408,141.988,140.198,141.883,107705.0
2017-10-23,141.777,142.83,141.461,142.62,107935.0
2017-10-24,142.62,145.989,142.62,145.042,242688.0
2017-10-25,145.358,147.569,144.62,146.516,214482.0
2017-10-26,146.516,146.516,143.989,144.199,168751.0
2017-10-27,144.199,145.884,143.357,143.673,152106.0
2017-10-30,143.989,144.831,142.936,144.094,181188.0
2017-10-31,144.305,144.831,143.041,144.62,150277.0
2017-11-01,143.989,146.305,143.567,144.515,245761.0
2017-11-02,144.305,144.305,140.408,143.778,309830.0
2017-11-03,143.041,143.252,140.198,142.62,272190.0
2017-11-06,141.883,141.988,138.724,139.461,207458.0
2017-11-07,139.566,140.83,138.934,140.724,167970.0
2017-11-08,140.408,140.935,139.566,140.83,188574.0
2017-11-09,140.724,141.356,139.671,141.146,158177.0
2017-11-10,141.146,141.356,137.565,138.618,243503.0
2017-11-13,138.724,139.145,137.144,137.671,167094.0
2017-11-14,137.46,139.145,136.723,138.408,184539.0
2017-11-15,137.987,139.145,137.249,138.829,162292.0
2017-11-16,138.408,142.093,138.197,141.883,330744.0
2017-11-17,141.883,144.62,140.408,143.989,469040.0
2017-11-20,143.357,143.673,140.724,142.409,219968.0
2017-11-21,141.567,149.464,141.567,149.254,523826.0
2017-11-22,148.727,151.886,148.201,149.043,421412.0
2017-11-23,149.148,150.307,145.884,146.726,254778.0
2017-11-24,146.305,150.938,145.358,149.359,245799.0
2017-11-27,148.622,151.676,146.937,149.57,281851.0
2017-11-28,149.254,149.464,145.568,146.305,238222.0
2017-11-29,146.411,156.835,145.779,156.625,639104.0
2017-11-30,154.835,155.256,148.517,150.517,518814.0
2017-12-01,149.359,152.518,148.306,150.517,281584.0
2017-12-04,149.043,150.096,144.305,149.885,273759.0
2017-12-05,149.254,153.782,148.622,152.413,426782.0
2017-12-06,150.833,152.834,147.99,151.465,210494.0
2017-12-07,150.307,154.835,149.78,151.254,231212.0
2017-12-08,150.623,150.623,147.569,148.622,202261.0
2017-12-11,148.095,148.517,144.831,147.148,295232.0
2017-12-12,146.2,148.622,145.463,145.673,225912.0
2017-12-13,145.673,146.095,144.305,145.989,116692.0
2017-12-14,145.358,146.937,142.83,143.357,177989.0
2017-12-15,143.567,143.778,140.83,141.04,144492.0
2017-12-18,140.724,141.567,139.566,140.619,135018.0
2017-12-19,140.724,141.988,140.514,141.777,142572.0
2017-12-20,141.146,141.356,138.829,139.355,180075.0
2017-12-21,139.355,145.463,139.04,141.988,340148.0
2017-12-22,142.62,144.094,140.198,140.935,187786.0
2017-12-25,141.883,151.36,141.883,148.517,709839.0
2017-12-26,148.411,152.939,147.779,152.202,528325.0
2017-12-27,151.149,151.991,150.201,151.36,243683.0
2017-12-28,150.938,153.992,150.096,152.939,263617.0
2017-12-29,152.939,155.782,151.149,153.044,323807.0
2018-01-02,155.466,166.312,155.466,165.575,2236182.0
2018-01-03,163.68,167.155,163.364,164.627,1729318.0
2018-01-04,165.575,167.471,163.364,165.575,959251.0
2018-01-05,167.471,180.107,166.418,175.052,2041895.0
2018-01-08,178.001,190.531,177.79,182.844,1615845.0
2018-01-09,181.265,188.004,181.16,186.74,798328.0
2018-01-10,185.372,190.637,184.845,189.373,632600.0
2018-01-11,189.373,189.373,183.371,187.267,592126.0
2018-01-12,186.319,190.952,183.266,187.688,594395.0
2018-01-15,187.688,192.427,185.056,187.899,949242.0
2018-01-16,185.477,204.641,184.319,203.378,1362058.0
2018-01-17,201.167,202.114,189.373,196.007,1128904.0
2018-01-18,196.323,198.85,189.899,192.111,717025.0
2018-01-19,192.532,196.955,185.687,187.583,864886.0
2018-01-22,187.899,189.794,184.634,188.636,692429.0
2018-01-23,188.215,197.481,186.951,194.006,1073876.0
2018-01-24,192.427,196.428,188.32,189.689,677877.0
2018-01-25,189.584,189.584,181.265,185.266,833724.0
2018-01-26,184.529,193.69,184.213,190.005,750286.0
2018-01-29,190.531,194.427,186.425,192.111,619796.0
2018-01-30,191.69,192.216,181.581,182.002,724451.0
2018-01-31,182.107,187.899,180.738,184.95,654992.0
2018-02-01,183.897,186.846,178.948,186.425,936880.0
2018-02-02,182.213,187.478,178.316,186.109,731684.0
2018-02-05,184.319,188.004,180.844,185.266,674570.0
2018-02-06,180.107,181.686,169.998,173.683,1005196.0
2018-02-07,176.316,176.421,158.309,160.205,1334186.0
2018-02-08,159.257,162.311,157.783,160.415,672333.0
2018-02-09,155.888,157.572,147.674,152.729,743320.0
2018-02-12,152.729,154.203,149.675,152.729,503962.0
2018-02-13,153.992,158.52,152.307,152.939,633986.0
2018-02-14,153.255,153.466,149.148,151.57,401933.0
2018-02-22,154.097,156.941,152.939,156.414,441190.0
2018-02-23,156.519,159.573,155.466,157.256,494576.0
2018-02-26,158.836,159.152,150.623,154.413,668217.0
2018-02-27,154.624,154.835,149.991,151.254,562937.0
2018-02-28,150.096,156.519,149.57,154.835,661921.0
2018-03-01,152.623,154.624,148.832,149.464,783725.0
2018-03-02,147.99,149.885,145.884,148.622,456264.0
2018-03-05,148.832,151.254,147.042,148.201,402393.0
2018-03-06,148.832,153.676,146.411,152.939,624921.0
2018-03-07,151.676,152.729,150.517,151.465,344297.0
2018-03-08,150.096,152.202,149.885,151.676,264465.0
2018-03-09,152.307,152.834,149.464,151.465,301823.0
2018-03-12,151.781,152.097,147.674,149.359,417104.0
2018-03-13,149.043,150.938,148.727,149.885,245660.0
2018-03-14,149.885,152.097,148.832,151.676,317542.0
2018-03-15,151.044,151.676,149.885,151.044,266309.0
2018-03-16,150.728,152.729,150.623,151.781,292068.0
2018-03-19,151.254,151.254,147.885,147.99,319370.0
2018-03-20,147.148,148.517,145.989,148.095,198091.0
2018-03-21,148.411,150.096,147.885,149.254,243837.0
2018-03-22,149.043,149.78,147.253,149.043,211256.0
2018-03-23,146.095,147.358,142.199,146.621,551707.0
2018-03-26,144.936,145.147,140.935,143.357,341827.0
2018-03-27,144.831,145.779,142.199,143.462,313061.0
2018-03-28,141.672,144.831,140.303,141.251,309448.0
2018-03-29,141.356,147.99,138.408,146.305,632359.0
2018-03-30,144.936,145.252,142.199,142.83,325491.0
2018-04-02,142.199,144.831,141.04,141.146,289696.0
2018-04-03,139.882,140.408,137.46,138.408,300011.0
2018-04-04,138.408,139.777,137.46,137.671,213754.0
2018-04-09,137.46,138.408,136.196,137.355,139903.0
2018-04-10,137.355,141.356,137.355,141.146,253231.0
2018-04-11,141.146,145.147,140.303,142.62,337253.0
2018-04-12,142.093,142.304,140.724,140.935,160061.0
2018-04-13,141.672,142.304,140.303,140.619,122823.0
2018-04-16,140.514,140.514,134.617,136.512,310250.0
2018-04-17,136.934,137.46,135.249,135.775,224534.0
2018-04-18,137.144,137.565,134.828,136.934,397520.0
2018-04-19,137.144,140.408,136.512,139.671,323949.0
2018-04-20,139.25,139.461,136.302,138.302,296182.0
2018-04-23,137.671,138.724,136.934,138.408,183699.0
2018-04-24,138.934,142.83,138.934,141.672,378828.0
2018-04-25,140.724,141.146,139.461,139.671,170598.0
2018-04-26,140.093,140.514,136.828,138.302,228002.0
2018-04-27,138.197,138.724,134.828,138.092,211586.0
2018-05-02,138.092,139.04,137.249,138.092,122858.0
2018-05-03,137.987,139.04,136.934,138.513,134309.0
2018-05-04,138.408,139.671,137.881,137.987,132844.0
2018-05-07,138.302,140.198,137.671,139.882,208267.0
2018-05-08,139.566,142.936,139.461,141.988,260733.0
2018-05-09,141.988,141.988,139.987,140.303,179691.0
2018-05-10,140.724,141.146,138.724,140.619,158400.0
2018-05-11,140.619,140.83,139.145,139.355,136048.0
2018-05-14,139.25,139.987,138.724,139.145,111105.0
2018-05-15,139.25,139.987,138.724,139.882,118631.0
2018-05-16,139.566,139.566,137.881,138.408,161373.0
2018-05-17,138.513,139.04,137.671,138.302,96674.0
2018-05-18,138.197,138.724,137.46,138.724,150978.0
2018-05-21,138.934,139.25,138.408,138.829,144704.0
2018-05-22,138.934,138.934,136.407,137.144,190188.0
2018-05-23,136.618,136.828,134.722,134.828,194803.0
2018-05-24,134.828,135.038,132.195,132.511,205820.0
2018-05-25,132.511,133.564,131.458,133.037,174616.0
2018-05-28,132.722,133.248,131.774,132.195,107321.0
2018-05-29,132.3,132.827,129.457,132.722,239785.0
2018-05-30,131.458,132.616,129.668,130.089,175414.0
2018-05-31,130.826,132.932,130.089,131.984,167094.0
2018-06-01,131.458,134.828,131.458,132.616,184745.0
2018-06-04,132.827,135.459,132.195,135.038,233375.0
2018-06-05,135.249,135.67,133.88,134.933,175417.0
2018-06-06,134.722,135.038,133.248,133.985,138101.0
2018-06-07,134.406,136.091,133.985,135.038,182666.0
2018-06-08,134.196,134.512,131.879,132.827,129062.0
2018-06-11,132.511,135.038,132.406,134.09,136402.0
2018-06-12,133.775,134.512,132.511,133.88,103962.0
2018-06-13,133.669,136.407,133.248,134.301,150647.0
2018-06-14,133.564,134.406,132.406,134.196,160793.0
2018-06-15,134.301,139.04,133.985,137.881,565839.0
2018-06-19,136.091,137.881,132.3,134.406,741408.0
2018-06-20,134.196,137.355,132.406,136.828,215699.0
2018-06-21,136.723,141.04,136.196,137.881,391059.0
2018-06-22,137.355,139.566,135.249,139.461,310430.0
2018-06-25,140.514,140.724,132.722,133.037,281361.0
2018-06-26,130.616,131.037,125.982,128.72,271475.0
2018-06-27,128.72,128.931,124.929,126.193,197268.0
2018-06-28,125.456,126.719,121.139,123.034,262240.0
2018-06-29,123.034,127.772,122.507,127.351,217716.0
2018-07-02,126.719,126.93,119.243,120.612,245754.0
2018-07-03,120.717,121.77,119.033,121.665,166595.0
2018-07-04,121.981,122.613,120.086,120.507,172155.0
2018-07-05,120.296,121.454,118.085,119.243,120081.0
2018-07-06,119.348,119.664,115.452,119.243,202921.0
2018-07-09,119.033,121.454,118.717,121.244,144691.0
2018-07-10,121.139,122.402,120.401,121.981,255465.0
2018-07-11,120.401,120.401,116.821,117.98,213352.0
2018-07-12,118.085,119.98,118.085,119.454,224505.0
2018-07-13,120.612,121.349,118.822,119.138,178776.0
2018-07-16,119.243,119.348,116.295,117.137,145620.0
2018-07-17,117.032,117.348,116.189,116.927,111593.0
2018-07-18,117.242,117.348,115.558,115.663,102382.0
2018-07-19,116.084,116.716,115.031,115.242,104961.0
2018-07-20,115.242,117.453,114.083,116.927,149214.0
2018-07-23,115.979,120.401,115.874,119.77,244195.0
2018-07-24,120.507,124.613,120.507,122.402,304974.0
2018-07-25,122.086,123.245,121.349,122.507,133151.0
2018-07-26,122.507,123.56,121.033,121.56,163842.0
2018-07-27,120.928,122.823,120.928,121.981,90210.0
2018-07-30,122.192,123.139,121.033,121.56,88975.0
2018-07-31,121.665,122.823,120.928,122.086,110602.0
2018-08-01,120.717,121.876,117.242,117.348,265534.0
2018-08-02,116.821,117.769,114.399,116.295,139134.0
2018-08-03,115.663,116.611,114.61,115.558,110969.0
2018-08-06,115.558,115.558,112.925,113.978,129658.0
2018-08-07,114.715,116.611,113.662,116.505,168086.0
2018-08-08,116.505,117.348,115.452,115.558,91110.0
2018-08-09,115.136,118.717,114.715,117.664,136472.0
2018-08-10,118.295,121.454,118.295,118.822,202424.0
2018-08-13,116.716,119.348,116.295,118.822,101962.0
2018-08-14,118.401,119.348,116.821,117.769,83773.0
2018-08-15,117.769,118.19,116.295,116.505,55452.0
2018-08-16,115.347,117.98,114.715,117.137,107248.0
2018-08-17,117.242,118.085,115.979,116.295,90500.0
2018-08-20,116.4,118.295,114.189,116.4,199733.0
2018-08-21,116.084,117.769,115.452,117.242,112998.0
2018-08-22,117.242,117.558,116.505,116.821,52572.0
2018-08-23,116.821,117.453,115.558,116.189,64689.0
2018-08-24,116.189,117.032,115.347,116.505,64014.0
2018-08-27,116.716,119.875,116.611,119.559,174533.0
2018-08-28,119.664,120.191,118.611,119.138,92113.0
2018-08-29,118.927,120.612,118.611,120.401,134513.0
2018-08-30,121.139,122.297,120.191,120.928,194965.0
2018-08-31,120.928,123.139,119.875,121.981,163412.0
2018-09-03,121.56,122.297,120.296,121.033,114588.0
2018-09-04,121.349,122.507,120.612,122.402,112110.0
2018-09-05,122.402,122.402,120.296,120.612,98348.0
2018-09-06,120.086,121.033,118.401,118.611,115939.0
2018-09-07,118.611,119.875,117.348,118.506,89585.0
2018-09-10,118.401,119.77,117.664,118.085,110326.0
2018-09-11,117.98,118.717,115.347,116.4,92706.0
2018-09-12,116.4,116.611,114.926,115.663,63931.0
2018-09-13,116.611,117.664,115.663,117.348,79513.0
2018-09-14,117.348,117.874,116.611,117.453,59513.0
2018-09-17,117.032,117.769,115.874,116.611,80855.0
2018-09-18,116.611,118.401,116.084,118.295,76248.0
2018-09-19,118.295,123.35,117.874,123.245,293735.0
2018-09-20,122.613,123.35,121.981,122.297,146279.0
2018-09-21,122.929,126.298,121.876,125.772,232037.0
2018-09-25,123.034,123.034,119.875,121.665,339458.0
2018-09-26,121.349,122.507,120.507,120.823,162936.0
2018-09-27,120.823,121.876,120.296,120.928,122333.0
2018-09-28,121.56,122.402,120.717,121.139,146729.0
2018-10-08,118.927,119.559,117.137,117.769,145196.0
2018-10-09,117.242,118.506,116.084,117.769,109862.0
2018-10-10,117.769,118.822,117.032,118.19,67273.0
2018-10-11,116.189,117.032,110.609,111.977,239680.0
2018-10-12,111.662,112.399,109.029,111.767,168467.0
2018-10-15,111.135,111.872,109.661,110.398,123127.0
2018-10-16,110.398,110.924,105.765,107.028,167262.0
2018-10-17,107.976,108.397,106.607,107.765,118848.0
2018-10-18,107.45,108.081,106.186,106.923,79689.0
2018-10-19,106.397,110.714,105.87,110.714,184869.0
2018-10-22,110.819,114.821,110.819,113.768,256389.0
2018-10-23,113.346,113.452,110.819,111.451,125138.0
2018-10-24,111.24,113.452,110.714,112.083,111036.0
2018-10-25,109.871,114.083,109.556,113.978,205264.0
2018-10-26,114.189,120.507,113.662,116.295,284786.0
2018-10-29,116.611,117.558,113.768,114.926,131157.0
2018-10-30,116.189,122.086,115.452,120.717,333666.0
2018-10-31,120.928,122.929,118.927,122.086,258647.0
2018-11-01,123.56,124.613,121.77,121.876,365196.0
2018-11-02,124.087,124.298,120.823,123.56,264703.0
2018-11-05,122.402,123.35,121.244,122.929,146412.0
2018-11-06,123.034,125.245,122.086,125.035,160845.0
2018-11-07,125.14,126.404,123.139,123.666,143037.0
2018-11-08,124.613,125.456,123.245,123.771,134579.0
2018-11-09,123.56,124.192,122.086,122.297,142159.0
2018-11-12,122.402,126.088,122.402,124.613,201153.0
2018-11-13,123.982,126.719,123.982,125.772,279748.0
2018-11-14,126.193,127.246,124.087,124.192,141308.0
2018-11-15,124.192,126.298,124.192,126.193,127564.0
2018-11-16,126.298,128.088,124.824,125.877,263999.0
2018-11-19,126.404,130.721,125.561,130.616,323405.0
2018-11-20,129.352,131.458,127.667,128.194,213993.0
2018-11-21,127.246,130.51,127.035,129.457,290806.0
2018-11-22,129.352,129.878,127.667,127.983,104611.0
2018-11-23,127.772,128.299,125.351,125.561,136715.0
2018-11-26,125.561,127.667,124.929,125.561,88474.0
2018-11-27,125.877,127.457,125.035,125.772,108309.0
2018-11-28,125.982,127.667,125.456,126.298,146502.0
2018-11-29,127.035,128.615,125.035,125.351,135594.0
2018-11-30,125.14,125.877,124.087,125.772,90117.0
2018-12-03,127.562,128.194,125.982,127.141,153472.0
2018-12-04,126.93,127.246,123.455,124.613,159496.0
2018-12-05,123.245,128.404,123.245,126.088,216937.0
2018-12-06,125.561,125.982,124.087,124.719,163434.0
2018-12-07,124.929,127.983,123.771,127.667,184001.0
2018-12-10,127.562,128.299,125.772,125.982,144377.0
2018-12-11,127.457,130.721,126.404,130.089,221922.0
2018-12-12,130.3,132.932,130.194,131.774,277106.0
2018-12-13,132.3,134.196,131.458,132.511,296051.0
2018-12-14,133.037,133.037,130.089,130.3,208861.0
2018-12-17,129.878,131.774,129.563,131.563,191413.0
2018-12-18,130.405,131.142,126.614,127.667,186890.0
2018-12-19,128.72,130.089,127.035,127.351,131458.0
2018-12-20,127.878,128.72,126.614,126.93,132306.0
2018-12-21,126.509,127.246,123.139,124.613,242302.0
2018-12-24,124.613,125.245,123.666,124.613,121508.0
2018-12-25,123.771,124.403,122.507,124.192,111579.0
2018-12-26,123.982,125.14,123.245,124.298,128108.0
2018-12-27,125.666,126.93,125.245,126.193,133348.0
2018-12-28,125.982,127.141,125.035,126.93,142260.0
2019-01-02,126.719,126.93,123.56,124.613,111350.0
2019-01-03,123.666,126.93,123.666,125.666,114146.0
2019-01-04,124.613,129.457,124.613,129.247,157628.0
2019-01-07,129.878,132.3,128.931,129.668,195562.0
2019-01-08,129.563,130.405,127.983,129.036,120826.0
2019-01-09,128.299,133.143,127.878,131.774,223847.0
2019-01-10,131.353,132.406,130.089,130.3,115190.0
2019-01-11,130.51,132.511,129.878,131.984,101213.0
2019-01-14,131.458,132.827,130.194,130.931,99754.0
2019-01-15,131.037,132.406,129.036,131.774,153899.0
2019-01-16,131.774,132.616,131.037,131.037,137564.0
2019-01-17,131.563,133.143,131.037,132.511,151634.0
2019-01-18,132.195,133.143,131.879,133.143,145329.0
2019-01-21,133.037,134.09,129.668,130.51,229246.0
2019-01-22,130.826,133.353,130.194,131.458,234882.0
2019-01-23,130.616,131.247,129.773,130.089,120835.0
2019-01-24,130.405,131.037,129.352,130.826,119764.0
2019-01-25,131.563,133.248,130.405,131.984,211199.0
2019-01-28,132.827,134.09,131.563,131.879,109050.0
2019-01-29,131.879,137.671,131.353,136.828,299619.0
2019-01-30,136.091,142.936,135.565,140.83,542117.0
2019-01-31,140.198,143.041,139.882,141.04,299965.0
2019-02-01,141.988,143.041,140.093,141.461,204425.0
2019-02-11,141.251,141.988,137.249,141.146,293254.0
2019-02-12,140.198,143.041,139.25,143.041,241644.0
2019-02-13,142.725,144.936,141.04,143.252,421124.0
2019-02-14,143.146,144.936,142.62,144.831,180409.0
2019-02-15,144.094,144.094,139.882,139.987,250000.0
2019-02-18,140.619,142.83,140.408,141.988,202534.0
2019-02-19,143.041,143.041,138.829,139.987,271351.0
2019-02-20,140.093,143.462,139.671,141.251,289255.0
2019-02-21,141.567,141.883,138.724,139.145,226558.0
2019-02-22,139.25,140.514,138.408,140.303,172188.0
2019-02-25,141.04,146.305,140.408,145.463,445484.0
2019-02-26,145.147,148.622,143.567,144.094,389212.0
2019-02-27,144.094,147.253,142.725,145.147,472115.0
2019-02-28,145.147,147.569,144.094,144.726,313453.0
2019-03-01,145.884,146.2,142.83,146.2,333310.0
2019-03-04,147.779,158.099,147.253,155.888,978696.0
2019-03-05,155.466,161.258,154.413,158.836,717000.0
2019-03-06,158.625,158.625,154.413,157.888,406415.0
2019-03-07,157.678,157.783,152.097,153.044,573474.0
2019-03-08,151.676,151.991,147.464,148.517,458534.0
2019-03-11,144.62,149.57,143.883,149.148,442105.0
2019-03-12,150.201,151.781,146.832,147.99,355699.0
2019-03-13,148.306,156.519,146.726,154.624,628623.0
2019-03-14,154.624,157.678,149.148,151.254,465592.0
2019-03-15,150.938,158.099,150.623,154.097,494383.0
2019-03-18,156.203,166.944,156.098,166.944,983298.0
2019-03-19,166.944,171.788,162.521,165.786,657636.0
2019-03-20,164.206,169.366,162.627,169.366,633557.0
2019-03-21,169.892,172.314,166.523,167.26,527981.0
2019-03-22,165.575,167.786,162.943,166.312,304169.0
2019-03-25,162.732,165.891,159.889,160.521,410165.0
2019-03-26,161.468,163.574,156.414,158.941,433825.0
2019-03-27,159.047,163.364,158.52,161.89,348371.0
2019-03-28,161.153,162.837,159.047,160.205,305477.0
2019-03-29,160.942,170.945,160.521,170.419,576358.0
2019-04-01,171.577,178.106,171.577,174.315,655648.0
2019-04-02,173.051,173.789,169.892,170.63,359500.0
2019-04-03,169.471,177.579,167.681,176.0,409755.0
2019-04-04,176.105,179.791,173.157,175.579,439339.0
2019-04-08,175.157,178.001,168.945,174.104,425022.0
2019-04-09,176.316,181.16,175.368,181.16,607102.0
2019-04-10,178.843,180.317,174.947,176.21,396918.0
2019-04-11,175.579,177.369,170.419,171.998,280808.0
2019-04-12,171.998,172.946,169.366,170.735,197237.0
2019-04-15,175.157,175.684,167.892,168.102,370979.0
2019-04-16,167.26,169.155,161.468,169.05,496974.0
2019-04-17,167.26,168.313,162.1,164.627,608189.0
2019-04-18,163.996,163.996,162.1,162.521,326448.0
2019-04-19,162.627,164.312,161.363,163.469,280786.0
2019-04-22,161.468,161.574,154.097,155.045,607896.0
2019-04-23,155.572,157.783,153.676,155.045,375960.0
2019-04-24,155.677,156.835,153.782,156.625,252061.0
2019-04-25,156.519,157.572,153.15,153.36,234089.0
2019-04-26,153.36,155.782,152.623,153.466,253611.0
2019-04-29,153.676,155.782,149.885,152.518,382453.0
2019-04-30,153.15,154.413,151.465,153.36,324553.0
2019-05-06,148.938,150.517,143.462,145.989,459608.0
2019-05-07,146.726,149.043,145.568,147.885,255634.0
2019-05-08,145.989,149.885,145.568,147.464,297759.0
2019-05-09,147.674,148.517,144.094,144.515,225957.0
2019-05-10,146.2,149.991,145.147,149.675,317633.0
2019-05-13,147.674,148.727,147.148,147.674,175828.0
2019-05-14,146.516,150.096,146.095,148.411,213009.0
2019-05-15,149.57,152.307,149.254,151.149,235944.0
2019-05-16,151.044,153.044,150.728,152.939,251026.0
2019-05-17,153.15,153.15,147.464,147.99,193626.0
2019-05-20,147.99,149.148,145.042,146.621,165044.0
2019-05-21,146.621,151.044,145.673,150.096,196102.0
2019-05-22,149.885,150.728,149.043,149.675,138935.0
2019-05-23,149.043,150.201,147.253,147.99,190577.0
2019-05-24,148.306,149.464,146.937,147.253,139226.0
2019-05-27,147.464,149.043,145.463,148.201,164077.0
2019-05-28,148.201,150.201,147.674,150.201,210662.0
2019-05-29,148.832,149.464,147.042,147.569,190541.0
2019-05-30,147.569,147.674,145.779,146.305,145577.0
2019-05-31,146.516,148.517,145.673,147.674,133365.0
2019-06-03,147.569,148.622,146.095,146.832,126199.0
2019-06-04,146.832,147.042,144.62,145.779,110393.0
2019-06-05,147.253,150.623,146.095,148.832,308020.0
2019-06-06,148.095,149.885,147.674,148.411,178295.0
2019-06-10,149.043,153.044,148.517,151.149,262600.0
2019-06-11,151.149,153.887,150.623,153.887,273113.0
2019-06-12,153.044,153.676,151.57,152.413,170204.0
2019-06-13,152.097,152.202,150.623,151.149,106044.0
2019-06-14,151.991,153.044,149.78,150.307,137967.0
2019-06-17,150.623,151.676,149.043,150.517,122710.0
2019-06-18,150.833,151.254,149.359,149.991,99582.0
2019-06-19,152.623,152.939,150.096,150.938,186043.0
2019-06-20,151.044,154.624,150.201,154.413,325758.0
2019-06-21,153.887,155.466,152.939,154.308,223548.0
2019-06-24,154.203,154.519,152.939,153.782,154363.0
2019-06-25,153.782,153.887,150.517,151.676,142979.0
2019-06-26,151.781,152.413,150.623,151.149,95979.0
2019-06-27,151.465,152.939,150.938,151.991,185480.0
2019-06-28,151.886,151.991,150.412,151.254,111226.0
2019-07-01,152.939,154.624,151.781,154.308,317624.0
2019-07-02,153.571,156.941,153.36,155.993,240025.0
2019-07-03,153.782,160.1,153.782,158.836,482319.0
2019-07-04,158.415,163.259,158.415,160.626,422015.0
2019-07-05,160.205,160.31,157.994,159.468,210351.0
2019-07-08,159.468,159.889,154.729,157.046,279247.0
2019-07-09,156.309,159.573,156.203,157.467,270528.0
2019-07-10,157.256,158.204,155.993,156.941,183697.0
2019-07-11,157.888,159.678,157.467,158.099,180823.0
2019-07-12,159.152,161.153,158.309,160.521,202023.0
2019-07-15,158.941,160.837,156.625,159.468,241892.0
2019-07-16,159.468,162.521,158.52,161.258,206434.0
2019-07-17,160.837,163.153,160.31,162.206,277429.0
2019-07-18,162.521,162.732,160.415,160.837,232061.0
2019-07-19,162.521,165.68,162.311,164.522,340179.0
2019-07-22,164.733,169.366,163.153,166.102,363849.0
2019-07-23,165.575,166.628,163.048,165.259,262250.0
2019-07-24,165.47,167.155,162.837,163.996,268599.0
2019-07-25,163.89,163.89,160.731,162.521,265095.0
2019-07-26,161.468,163.785,161.047,163.259,120119.0
2019-07-29,163.259,164.206,161.89,163.048,127986.0
2019-07-30,163.153,167.576,163.048,166.628,231742.0
2019-07-31,165.47,165.47,159.784,160.415,429081.0
2019-08-01,159.152,160.1,156.309,157.572,310001.0
2019-08-02,154.097,158.415,152.939,157.783,352162.0
2019-08-05,155.677,156.835,152.623,152.834,287746.0
2019-08-06,152.834,155.993,152.518,154.729,292277.0
2019-08-07,155.782,159.994,155.782,157.783,295036.0
2019-08-08,158.731,160.1,157.888,159.362,147332.0
2019-08-09,159.678,160.31,155.466,155.888,193325.0
2019-08-12,155.466,159.152,155.466,159.047,138451.0
2019-08-13,158.731,159.257,156.625,157.467,98009.0
2019-08-14,158.099,159.152,155.993,156.203,120221.0
2019-08-15,154.413,159.362,153.676,158.836,221636.0
2019-08-16,158.836,160.31,157.888,158.836,155312.0
2019-08-19,161.468,162.1,157.678,160.837,314659.0
2019-08-20,161.047,163.89,159.994,162.837,314435.0
2019-08-21,162.1,165.049,161.574,162.1,187683.0
2019-08-22,162.206,163.469,160.31,161.258,88412.0
2019-08-23,161.258,162.311,159.889,160.415,108795.0
2019-08-26,158.625,158.625,156.309,157.362,178690.0
2019-08-27,158.204,159.362,157.572,157.572,183110.0
2019-08-28,158.415,159.047,155.993,157.572,179201.0
2019-08-29,158.099,158.309,151.886,152.623,388950.0
2019-08-30,153.466,153.571,149.254,150.201,353034.0
2019-09-02,149.885,152.307,149.464,151.886,250684.0
2019-09-03,151.149,151.781,150.412,151.36,201958.0
2019-09-04,151.465,156.309,150.728,155.782,394920.0
2019-09-05,155.993,158.731,154.203,154.624,476115.0
2019-09-06,155.572,155.993,153.571,155.888,274653.0
2019-09-09,156.941,158.836,156.414,157.151,358923.0
2019-09-10,156.941,157.362,154.729,155.572,241367.0
2019-09-11,155.782,156.625,154.624,155.466,160446.0
2019-09-12,157.046,161.363,157.046,160.942,605125.0
2019-09-16,160.942,162.311,158.731,159.678,312042.0
2019-09-17,160.31,160.31,158.415,158.941,199078.0
2019-09-18,159.468,162.943,158.836,161.574,315795.0
2019-09-19,161.995,162.311,158.309,159.678,228071.0
2019-09-20,159.362,160.1,157.362,158.836,241615.0
2019-09-23,158.204,158.309,154.835,155.677,179978.0
2019-09-24,155.782,157.046,154.413,155.572,176722.0
2019-09-25,155.15,156.309,154.413,155.782,152387.0
2019-09-26,156.519,157.467,155.256,155.782,244283.0
2019-09-27,155.888,155.993,153.044,153.887,171088.0
2019-09-30,153.992,154.729,153.255,153.571,133666.0
2019-10-08,153.992,160.731,153.887,159.152,461085.0
2019-10-09,158.52,168.418,158.52,166.102,802326.0
2019-10-10,166.628,167.576,164.522,167.365,500954.0
2019-10-11,167.997,170.419,166.312,167.576,346304.0
2019-10-14,167.997,171.472,167.576,169.892,444939.0
2019-10-15,169.366,171.788,167.26,168.524,240849.0
2019-10-16,169.05,174.104,168.839,169.998,357213.0
2019-10-17,170.524,171.156,167.365,169.05,222776.0
2019-10-18,169.577,170.735,164.101,164.943,247602.0
2019-10-21,165.47,172.104,165.154,171.472,391937.0
2019-10-22,169.892,171.367,168.313,171.367,304754.0
2019-10-23,171.156,171.788,166.418,167.26,273124.0
2019-10-24,167.155,169.366,166.312,167.786,147622.0
2019-10-25,168.839,169.471,167.049,167.786,152374.0
2019-10-28,166.207,166.733,163.574,165.259,230068.0
2019-10-29,165.68,166.102,162.521,163.574,157592.0
2019-10-30,157.783,161.574,154.097,157.046,625850.0
2019-10-31,157.783,158.309,156.625,157.256,221907.0
2019-11-01,157.783,161.89,155.572,160.521,280936.0
2019-11-04,160.942,162.311,158.625,159.678,218109.0
2019-11-05,160.1,164.101,159.362,161.995,245038.0
2019-11-06,162.206,162.943,159.678,159.994,148961.0
2019-11-07,160.31,160.942,158.731,159.362,133454.0
2019-11-08,160.731,161.363,157.362,158.204,183491.0
2019-11-11,157.572,157.572,154.729,156.309,233926.0
2019-11-12,156.625,157.994,155.888,157.151,97889.0
2019-11-13,157.783,157.783,155.045,156.414,141217.0
2019-11-14,156.73,157.362,154.729,155.572,179660.0
2019-11-15,155.572,156.519,154.097,155.045,91128.0
2019-11-18,154.94,158.099,153.676,156.519,180527.0
2019-11-19,156.73,159.889,155.888,158.836,223022.0
2019-11-20,159.362,159.784,157.467,157.783,115941.0
2019-11-21,157.467,158.52,155.782,158.309,121957.0
2019-11-22,158.52,159.152,156.941,158.204,128224.0
2019-11-25,157.994,162.627,157.994,161.258,317564.0
2019-11-26,161.89,161.89,159.889,161.047,205130.0
2019-11-27,160.626,161.468,158.625,159.573,135872.0
2019-11-28,159.362,159.889,157.046,157.572,112798.0
2019-11-29,157.362,159.257,156.941,157.256,146050.0
2019-12-02,157.888,162.521,157.888,162.206,313002.0
2019-12-03,161.89,164.943,161.258,162.732,243679.0
2019-12-04,163.048,163.68,160.521,161.153,119242.0
2019-12-05,161.363,161.89,159.362,160.31,215036.0
2019-12-06,159.889,160.415,158.836,159.994,182920.0
2019-12-09,161.258,165.996,160.521,165.891,451773.0
2019-12-10,165.365,165.996,163.89,164.417,224027.0
2019-12-11,165.68,169.366,165.68,168.734,388126.0
2019-12-12,167.786,169.261,166.628,166.839,169314.0
2019-12-13,169.577,170.945,166.839,168.208,330785.0
2019-12-16,167.26,168.945,165.47,168.524,252449.0
2019-12-17,168.629,174.947,167.892,171.683,421133.0
2019-12-18,171.577,173.473,170.314,170.524,213253.0
2019-12-19,171.156,173.789,170.945,172.209,164307.0
2019-12-20,173.051,177.685,172.42,176.526,328347.0
2019-12-23,176.316,177.79,171.051,171.998,279078.0
2019-12-24,172.946,172.946,168.208,169.998,298723.0
2019-12-25,168.734,170.419,167.892,169.471,190712.0
2019-12-26,170.735,179.369,170.735,177.263,460563.0
2019-12-27,176.21,180.949,176.21,178.948,337188.0
2019-12-30,179.475,183.055,178.316,182.213,298866.0
2019-12-31,181.475,186.635,180.212,184.634,327692.0
2020-01-02,186.214,191.479,184.529,185.056,470729.0
2020-01-03,185.161,186.214,182.318,185.266,263322.0
2020-01-06,182.528,183.055,178.738,182.528,439607.0
2020-01-07,182.528,185.056,181.265,184.003,214050.0
2020-01-08,183.055,185.793,180.949,185.266,286947.0
2020-01-09,186.635,190.847,185.687,186.74,377452.0
2020-01-10,185.687,186.74,181.265,182.107,329230.0
2020-01-13,181.475,183.16,180.212,183.055,239989.0
2020-01-14,183.055,184.845,181.475,183.16,176511.0
2020-01-15,183.055,183.055,179.264,180.422,226794.0
2020-01-16,180.738,182.528,179.58,180.317,185606.0
2020-01-17,181.265,182.107,179.159,179.791,200021.0
2020-01-20,179.475,180.212,173.999,177.79,344073.0
2020-01-21,177.263,178.211,173.157,173.473,282407.0
2020-01-22,173.999,176.842,170.735,176.0,206206.0
2020-01-23,173.683,173.683,168.839,170.63,276616.0
2020-02-03,157.572,160.415,156.73,157.467,425197.0
2020-02-04,157.572,162.311,156.519,160.942,381384.0
2020-02-05,160.731,163.574,159.573,160.942,299568.0
2020-02-06,161.784,162.416,159.573,162.1,339622.0
2020-02-07,160.942,162.521,158.52,161.995,337653.0
2020-02-10,160.31,167.155,159.573,165.68,397137.0
2020-02-11,165.049,168.102,164.417,165.891,260235.0
2020-02-12,165.786,166.418,163.89,165.47,247746.0
2020-02-13,166.944,171.472,166.523,167.892,545614.0
2020-02-14,169.892,180.001,169.682,179.159,584883.0
2020-02-17,179.896,182.002,176.0,180.001,505490.0
2020-02-18,179.896,179.896,174.631,177.158,296703.0
2020-02-19,176.421,180.317,175.368,178.106,241931.0
2020-02-20,177.474,181.475,173.367,179.264,391175.0
2020-02-21,177.895,178.527,175.157,176.21,267956.0
2020-02-24,174.736,174.947,170.735,172.946,340635.0
2020-02-25,172.209,178.527,172.209,175.263,334716.0
2020-02-26,173.262,188.636,173.051,184.213,809009.0
2020-02-27,185.161,185.687,178.948,180.212,574124.0
2020-02-28,177.685,187.056,177.369,182.528,530460.0
2020-03-02,181.37,195.059,181.37,193.374,730222.0
2020-03-03,194.217,195.48,184.634,188.846,599344.0
2020-03-04,190.005,197.797,186.635,196.955,704453.0
2020-03-05,192.848,198.745,192.532,196.744,557288.0
2020-03-06,193.585,193.69,187.162,189.162,396010.0
2020-03-09,185.266,188.846,184.424,186.635,408889.0
2020-03-10,187.793,190.952,183.581,188.846,292708.0
2020-03-11,188.846,192.005,186.951,188.109,260759.0
2020-03-12,184.634,189.794,183.687,186.214,205193.0
2020-03-13,177.263,187.583,174.947,185.687,338491.0
2020-03-16,184.529,184.74,174.315,177.053,335037.0
2020-03-17,178.001,180.738,170.314,173.051,388395.0
2020-03-18,173.051,174.631,166.312,166.628,346313.0
2020-03-19,164.838,167.892,157.572,162.416,412654.0
2020-03-20,164.838,169.471,162.837,167.049,257187.0
2020-03-23,162.521,164.101,159.468,159.889,212302.0
2020-03-24,163.048,168.418,162.206,166.523,273033.0
2020-03-25,168.839,176.21,167.892,175.052,331675.0
2020-03-26,173.157,177.263,172.314,174.42,313242.0
2020-03-27,176.421,183.371,173.683,178.738,385401.0
2020-03-30,177.263,182.95,176.421,180.738,368382.0
2020-03-31,180.422,181.265,174.526,180.317,298910.0
2020-04-01,178.001,184.003,178.001,179.264,219477.0
2020-04-02,177.79,179.58,176.526,178.422,152109.0
2020-04-03,178.001,182.002,177.474,179.791,145887.0
2020-04-07,182.318,182.844,178.106,181.791,201466.0
2020-04-08,181.16,181.16,176.21,177.474,230025.0
2020-04-09,178.106,178.632,170.419,174.947,347354.0
2020-04-10,174.526,177.263,172.104,172.209,217661.0
2020-04-13,171.998,176.526,171.998,174.947,179632.0
2020-04-14,175.579,180.422,174.21,179.369,260959.0
2020-04-15,180.422,180.422,174.631,174.842,213026.0
2020-04-16,174.42,177.685,173.578,174.736,182221.0
2020-04-17,176.21,177.474,174.104,176.842,222645.0
2020-04-20,176.737,177.053,171.788,174.42,317988.0
2020-04-21,173.051,175.368,170.419,171.683,213221.0
2020-04-22,171.156,171.788,167.049,171.367,243646.0
2020-04-23,172.946,174.526,169.366,170.524,339488.0
2020-04-24,171.156,171.893,169.261,169.787,184297.0
2020-04-27,170.419,172.841,170.103,172.314,189934.0
2020-04-28,172.42,174.842,169.471,172.314,246856.0
2020-04-29,170.945,176.21,169.682,174.947,333162.0
2020-04-30,173.999,175.579,172.841,173.367,241315.0
2020-05-06,171.472,172.314,168.418,169.892,336102.0
2020-05-07,169.366,170.524,168.945,169.682,180530.0
2020-05-08,170.314,171.788,169.05,171.577,216862.0
2020-05-11,171.261,173.051,169.577,170.208,290000.0
2020-05-12,170.419,170.63,168.524,168.734,186443.0
2020-05-13,168.208,169.155,166.839,168.839,207164.0
2020-05-14,168.629,168.629,165.891,166.102,165892.0
2020-05-15,167.049,167.049,164.206,164.627,260492.0
2020-05-18,165.47,170.735,164.838,169.892,467863.0
2020-05-19,170.84,170.945,165.996,167.471,302187.0
2020-05-20,167.049,167.365,165.365,165.68,178832.0
2020-05-21,166.418,166.418,164.312,164.627,115650.0
2020-05-22,164.627,165.154,161.679,161.89,191738.0
2020-05-25,162.206,165.891,161.468,164.943,211285.0
2020-05-26,164.943,166.207,163.259,165.575,114884.0
2020-05-27,165.68,167.471,164.627,165.68,163520.0
2020-05-28,165.891,169.787,165.68,167.576,226121.0
2020-05-29,167.471,168.734,165.575,166.207,139941.0
2020-06-01,167.576,173.262,167.576,173.157,317434.0
2020-06-02,172.525,178.106,172.525,176.948,337081.0
2020-06-03,177.053,180.738,176.842,176.948,347505.0
2020-06-04,177.263,179.369,174.842,175.473,206218.0
2020-06-05,176.948,177.474,173.051,175.895,214598.0
2020-06-08,177.158,178.106,174.736,176.0,229113.0
2020-06-09,176.737,180.107,175.473,177.263,188571.0
2020-06-10,177.263,177.685,173.051,174.526,233245.0
2020-06-11,174.315,174.842,170.419,170.84,192764.0
2020-06-12,169.471,171.472,167.892,170.314,214755.0
2020-06-15,168.945,173.683,168.839,169.787,206277.0
2020-06-16,170.945,172.63,170.524,171.472,145176.0
2020-06-17,170.84,171.472,168.418,169.155,205181.0
2020-06-18,169.471,173.894,169.471,171.577,225820.0
2020-06-19,171.998,173.051,170.735,172.314,216362.0
2020-06-22,172.314,173.894,169.471,169.682,355032.0
2020-06-23,169.892,170.63,168.418,169.471,171707.0
2020-06-24,169.471,174.631,169.05,173.367,407654.0
2020-06-29,173.367,173.367,168.734,170.735,337453.0
2020-06-30,171.156,176.737,169.998,176.21,494925.0
2020-07-01,176.21,190.637,174.736,190.637,734743.0
2020-07-02,192.953,206.537,192.953,203.273,961639.0
2020-07-03,202.22,206.958,198.008,202.746,708817.0
2020-07-06,205.694,219.068,204.01,215.487,1093327.0
2020-07-07,214.961,214.961,208.011,210.012,791017.0
2020-07-08,208.748,211.802,203.904,206.747,608105.0
2020-07-09,207.379,208.011,202.641,206.853,815195.0
2020-07-10,205.589,205.694,199.482,199.692,625081.0
2020-07-13,199.482,200.64,193.69,199.166,974901.0
2020-07-14,199.061,201.693,194.427,197.06,743105.0
2020-07-15,197.586,198.534,193.374,194.322,630417.0
2020-07-16,194.533,197.692,191.479,192.111,642758.0
2020-07-17,192.216,193.374,188.109,190.531,592760.0
2020-07-20,191.795,198.639,190.321,196.849,721852.0
2020-07-21,196.007,199.061,194.111,196.639,475244.0
2020-07-22,196.217,198.008,192.848,194.849,408461.0
2020-07-23,193.058,193.901,188.531,190.426,489502.0
2020-07-24,189.584,192.111,183.792,184.319,560827.0
2020-07-27,185.582,186.003,180.528,182.423,334872.0
2020-07-28,183.266,185.266,181.475,184.108,338232.0
2020-07-29,182.844,186.319,182.844,185.477,421027.0
2020-07-30,185.687,186.319,183.792,185.687,352305.0
2020-07-31,184.95,188.32,183.897,186.319,386742.0
2020-08-03,188.425,191.69,187.478,189.794,494122.0
2020-08-04,189.794,193.164,187.267,191.058,452745.0
2020-08-05,189.584,190.11,186.74,188.004,364288.0
2020-08-06,189.057,191.584,187.162,189.373,349698.0
2020-08-07,187.688,188.215,184.95,186.425,286287.0
2020-08-10,186.319,194.217,185.372,192.111,738744.0
2020-08-11,192.637,198.745,191.374,194.111,689104.0
2020-08-12,194.217,200.535,193.48,198.113,618452.0
2020-08-13,198.218,200.324,195.691,196.533,296970.0
2020-08-14,197.481,205.063,196.007,203.799,512335.0
2020-08-17,203.799,211.17,202.535,204.747,785687.0
2020-08-18,204.22,204.326,199.061,200.745,501705.0
2020-08-19,200.64,200.64,196.323,198.639,526274.0
2020-08-20,197.481,198.113,195.902,196.639,284882.0
2020-08-21,198.008,199.587,195.902,197.481,213308.0
2020-08-24,198.008,199.587,193.901,195.796,344122.0
2020-08-25,195.902,199.482,194.111,196.744,370803.0
2020-08-26,196.323,198.534,194.638,195.796,342330.0
2020-08-27,196.428,196.428,191.058,192.637,261546.0
2020-08-28,191.795,196.428,191.163,196.428,232657.0
2020-08-31,194.533,197.27,189.794,189.794,583043.0
2020-09-01,190.426,191.058,188.32,190.321,306922.0
2020-09-02,191.163,193.269,189.373,191.69,277661.0
2020-09-03,191.69,194.533,191.268,192.216,233387.0
2020-09-04,189.162,192.848,188.215,192.637,262950.0
2020-09-07,191.268,198.534,191.163,194.638,536749.0
2020-09-08,195.48,197.902,193.796,194.006,285823.0
2020-09-09,192.743,194.849,189.162,191.479,279827.0
2020-09-10,195.375,204.747,194.849,196.955,633845.0
2020-09-11,196.007,199.376,193.48,195.27,427583.0
2020-09-14,197.27,198.534,192.637,193.901,342086.0
2020-09-15,193.585,199.271,192.743,197.376,312391.0
2020-09-16,196.533,202.114,195.164,200.324,342057.0
2020-09-17,199.692,201.588,195.902,198.429,349287.0
2020-09-18,197.902,206.221,197.586,206.221,481889.0
2020-09-21,206.326,206.326,202.43,202.851,292201.0
2020-09-22,201.272,203.799,200.219,201.272,210623.0
2020-09-23,201.693,202.22,197.481,198.113,289009.0
2020-09-24,198.534,198.534,194.849,195.48,191719.0
2020-09-25,195.586,196.112,189.794,189.899,343137.0
2020-09-28,191.163,195.691,191.058,194.743,237697.0
2020-09-29,196.849,196.955,192.743,193.796,166539.0
2020-09-30,194.849,195.586,191.058,192.216,169568.0
2020-10-09,193.585,194.427,190.847,192.532,195414.0
2020-10-12,193.585,196.323,191.795,196.217,304417.0
2020-10-13,195.059,195.902,190.847,192.532,404643.0
2020-10-14,191.69,191.9,186.319,188.109,463648.0
2020-10-15,187.583,190.321,187.372,188.109,216254.0
2020-10-16,187.899,189.794,187.899,189.162,160321.0
2020-10-19,190.005,195.796,189.584,190.531,437431.0
2020-10-20,189.689,190.321,186.74,188.952,252248.0
2020-10-21,188.846,189.268,186.74,188.846,191020.0
2020-10-22,188.425,190.742,187.162,188.109,269276.0
2020-10-23,187.899,190.952,187.162,189.584,273572.0
2020-10-26,189.794,190.952,186.635,187.583,267549.0
2020-10-27,186.846,187.056,182.107,183.055,336307.0
2020-10-28,183.055,183.266,179.896,181.265,217260.0
2020-10-29,179.685,183.897,179.054,183.266,210921.0
2020-10-30,182.634,185.372,179.475,179.58,265984.0
2020-11-02,181.054,183.266,179.791,180.949,219995.0
2020-11-03,181.475,182.739,179.054,182.634,229709.0
2020-11-04,182.107,183.476,181.581,182.528,172534.0
2020-11-05,183.792,187.899,183.16,187.688,385818.0
2020-11-06,187.478,190.952,187.162,188.531,302007.0
2020-11-09,189.478,190.952,188.109,190.321,276835.0
2020-11-10,191.058,192.321,187.899,189.057,241320.0
2020-11-11,189.162,192.216,188.109,190.215,262323.0
2020-11-12,189.373,191.374,188.004,189.373,190674.0
2020-11-13,188.741,189.162,184.74,185.266,170297.0
2020-11-16,185.266,189.899,185.161,189.794,235586.0
2020-11-17,190.005,196.533,188.952,196.112,753248.0
2020-11-18,196.533,200.114,192.532,198.639,857475.0
2020-11-19,197.376,199.482,196.217,198.008,442220.0
2020-11-20,197.27,197.902,193.796,196.428,262519.0
2020-11-23,196.007,198.955,195.164,197.27,305645.0
2020-11-24,196.533,198.955,195.691,196.112,206614.0
2020-11-25,197.481,202.22,195.902,199.587,423780.0
2020-11-26,199.061,201.904,196.112,201.798,282798.0
2020-11-27,200.745,207.485,200.008,204.115,342558.0
2020-11-30,204.115,208.011,198.323,198.323,434166.0
2020-12-01,200.114,200.114,194.427,197.586,395546.0
2020-12-02,198.218,202.851,196.955,198.218,338403.0
2020-12-03,198.218,200.008,195.059,196.744,240566.0
2020-12-04,196.744,197.27,191.9,192.637,312079.0
2020-12-07,192.743,193.269,188.109,189.057,303432.0
2020-12-08,189.689,190.637,187.583,188.215,195241.0
2020-12-09,188.636,189.268,187.899,188.215,162433.0
2020-12-10,187.793,189.584,185.793,187.267,262300.0
2020-12-11,187.162,187.583,183.16,184.529,272376.0
2020-12-14,185.898,187.688,184.424,187.478,233288.0
2020-12-15,186.53,186.635,183.687,184.424,262596.0
2020-12-16,184.95,187.372,182.634,184.74,308705.0
2020-12-17,184.634,186.214,183.266,186.214,254148.0
2020-12-18,185.793,186.951,182.739,182.95,303782.0
2020-12-21,183.055,184.003,180.422,180.738,318367.0
2020-12-22,180.949,183.476,179.369,180.633,263537.0
2020-12-23,180.107,181.475,178.843,179.791,212111.0
2020-12-24,179.685,180.528,178.316,179.896,199469.0
2020-12-25,179.58,180.317,178.316,179.58,133033.0
2020-12-28,179.369,181.054,176.737,178.632,259145.0
2020-12-29,178.738,182.107,178.738,181.265,255414.0
2020-12-30,180.422,180.738,177.158,178.738,320656.0
2020-12-31,178.001,183.055,177.474,181.16,372557.0
2021-01-04,179.264,179.264,173.683,174.631,632657.0
2021-01-05,174.104,174.631,169.261,173.367,449085.0
2021-01-06,171.683,175.157,171.261,174.842,382767.0
2021-01-07,174.842,176.842,169.787,171.156,375505.0
2021-01-08,170.735,173.999,170.419,172.314,327018.0
2021-01-11,172.314,173.789,169.366,169.577,457756.0
2021-01-12,169.787,170.208,166.523,169.155,587303.0
2021-01-13,169.892,171.893,167.997,168.945,540947.0
2021-01-14,169.05,171.998,168.208,169.682,473167.0
2021-01-15,169.577,172.946,168.734,169.471,479836.0
2021-01-18,169.787,171.472,167.049,170.84,562416.0
2021-01-19,169.998,179.264,168.524,176.526,947180.0
2021-01-20,175.895,175.895,171.998,173.157,514392.0
2021-01-21,172.736,173.051,169.682,170.314,480448.0
2021-01-22,169.155,169.261,164.522,164.838,514687.0
2021-01-25,163.785,163.996,161.679,162.416,449033.0
2021-01-26,162.521,164.206,161.574,161.995,262080.0
2021-01-27,161.89,163.259,157.256,158.415,528294.0
2021-01-28,157.256,158.099,156.309,156.625,271072.0
2021-01-29,157.467,157.783,151.676,153.044,635577.0
2021-02-01,153.887,155.256,152.202,154.097,381036.0
2021-02-02,154.519,159.678,153.782,158.099,548957.0
2021-02-03,159.047,159.152,155.782,157.256,263829.0
2021-02-04,156.203,158.204,155.572,156.414,297899.0
2021-02-05,157.467,162.311,156.098,160.521,484081.0
2021-02-08,160.521,166.312,160.521,161.995,461669.0
2021-02-09,163.048,163.469,159.468,162.311,255909.0
2021-02-10,161.153,162.943,159.784,160.731,247963.0
2021-02-18,161.679,165.049,161.468,164.522,379011.0
2021-02-19,163.89,168.629,163.469,166.733,382082.0
2021-02-22,166.418,169.787,165.68,169.577,411352.0
2021-02-23,168.102,169.155,166.523,167.155,285255.0
2021-02-24,166.733,169.682,166.418,168.208,346395.0
2021-02-25,168.629,181.16,168.629,179.054,1429968.0
2021-02-26,174.842,176.948,172.209,172.525,751912.0
2021-03-01,174.631,177.369,171.998,175.157,386187.0
2021-03-02,175.263,179.896,173.157,173.262,388614.0
2021-03-03,172.63,175.789,170.63,175.368,308198.0
2021-03-04,174.631,176.737,171.683,172.209,277711.0
2021-03-05,171.683,173.157,166.628,168.945,436928.0
2021-03-08,169.577,171.577,167.576,167.576,251656.0
2021-03-09,167.576,170.208,166.418,168.208,241881.0
2021-03-10,168.313,169.261,165.68,166.312,217375.0
2021-03-11,166.418,168.524,165.891,167.681,177354.0
2021-03-12,167.997,173.051,166.312,170.208,232954.0
2021-03-15,169.682,171.577,168.418,169.05,193983.0
2021-03-16,169.471,178.738,168.524,177.79,507109.0
2021-03-17,176.948,178.422,173.999,174.315,306571.0
2021-03-18,174.526,176.842,173.999,175.157,173719.0
2021-03-19,173.894,175.473,170.84,171.683,196016.0
2021-03-22,171.051,174.104,170.84,173.578,123478.0
2021-03-23,172.946,174.21,171.156,171.998,128705.0
2021-03-24,171.472,172.104,166.839,167.155,234279.0
2021-03-25,166.944,167.997,165.68,166.312,117817.0
2021-03-26,166.523,168.102,166.207,166.944,128633.0
2021-03-29,166.207,168.313,163.89,167.471,168385.0
2021-03-30,166.628,168.313,165.68,166.839,137937.0
2021-03-31,166.839,167.049,163.68,165.47,202670.0
2021-04-01,165.996,166.523,165.154,165.575,91974.0
2021-04-02,165.575,167.26,165.259,165.68,127031.0
2021-04-06,165.786,166.628,164.943,165.891,86617.0
2021-04-07,165.891,168.102,165.47,167.892,145969.0
2021-04-08,167.155,167.26,164.627,165.154,177302.0
2021-04-09,164.943,165.154,161.784,162.943,194632.0
2021-04-12,162.732,166.733,162.311,164.101,320482.0
2021-04-13,163.574,165.259,160.415,161.784,199380.0
2021-04-14,161.784,162.732,160.1,162.1,206760.0
2021-04-15,161.679,162.521,159.994,160.1,137772.0
2021-04-16,160.837,165.891,160.1,165.365,265152.0
2021-04-19,164.417,167.471,164.101,167.365,278291.0
2021-04-20,167.26,167.786,165.996,167.26,169814.0
2021-04-21,166.312,166.839,165.47,166.312,123235.0
2021-04-22,166.523,168.208,166.312,167.049,101638.0
2021-04-23,166.312,166.733,163.68,164.206,207455.0
2021-04-26,163.469,164.733,162.732,163.469,168543.0
2021-04-27,163.048,165.891,162.943,165.365,178610.0
2021-04-28,165.891,168.524,164.838,167.681,201053.0
2021-04-29,168.734,169.471,167.471,169.05,165046.0
2021-04-30,166.418,166.418,160.1,162.837,573032.0
2021-05-06,162.206,164.417,160.731,160.837,218757.0
2021-05-07,161.153,161.679,158.415,159.047,226670.0
2021-05-10,159.257,159.257,155.15,155.888,233331.0
2021-05-11,155.256,156.309,155.045,155.888,156372.0
2021-05-12,155.466,156.203,153.992,154.519,180591.0
2021-05-13,154.203,154.94,153.887,154.519,116195.0
2021-05-14,154.624,156.203,153.887,155.993,174511.0
2021-05-17,155.993,157.151,155.466,155.782,177381.0
2021-05-18,155.677,158.204,155.572,157.467,165829.0
2021-05-19,157.467,157.678,154.519,154.624,186334.0
2021-05-20,154.729,155.466,153.887,155.15,132249.0
2021-05-21,155.15,155.572,153.255,153.36,155745.0
2021-05-24,153.36,153.571,151.36,152.097,219597.0
2021-05-25,151.676,156.098,151.676,155.993,245177.0
2021-05-26,155.572,158.836,155.466,157.783,317914.0
2021-05-27,157.678,157.678,156.203,156.835,222639.0
2021-05-28,156.625,157.046,152.834,153.571,350381.0
2021-05-31,153.676,153.676,151.465,152.097,271763.0
2021-06-01,152.623,152.939,151.57,151.886,218794.0
2021-06-02,151.781,153.571,151.044,152.518,216216.0
2021-06-03,152.623,153.466,152.202,152.202,148346.0
2021-06-04,152.307,152.729,151.676,152.202,118839.0
2021-06-07,151.991,152.413,150.623,152.202,177202.0
2021-06-08,152.202,152.623,151.57,151.781,136290.0
2021-06-09,151.991,152.413,151.57,151.676,104677.0
2021-06-10,151.57,152.097,151.044,151.044,107612.0
2021-06-11,151.149,151.254,149.675,150.517,142909.0
2021-06-15,150.623,150.623,148.727,149.043,138397.0
2021-06-16,149.043,150.938,148.832,149.57,132949.0
2021-06-17,149.148,150.096,148.832,149.148,115875.0
2021-06-18,149.464,149.57,147.042,147.779,156357.0
2021-06-21,147.253,147.569,145.463,145.989,184681.0
2021-06-22,145.989,147.148,145.884,146.2,127109.0
2021-06-23,146.305,147.779,145.884,147.569,146912.0
2021-06-24,147.674,150.623,147.358,148.517,182928.0
2021-06-25,149.991,149.991,148.622,149.043,103178.0
2021-06-28,149.57,149.78,147.148,147.464,175489.0
2021-06-29,147.779,148.095,145.989,146.832,169557.0
2021-06-30,147.569,147.674,146.305,146.832,179338.0
2021-07-01,147.148,151.676,146.516,150.938,365997.0
2021-07-02,149.78,151.676,148.727,149.254,239184.0
2021-07-05,149.464,149.675,147.042,149.148,136822.0
2021-07-06,149.148,154.097,148.938,153.571,377374.0
2021-07-07,152.729,153.676,151.36,152.097,216143.0
2021-07-08,152.307,152.518,149.78,151.044,264429.0
2021-07-09,151.36,154.097,150.938,152.413,261965.0
2021-07-12,153.36,154.203,151.676,152.939,284930.0
2021-07-13,152.834,154.203,151.991,152.307,141545.0
2021-07-14,152.307,152.413,149.675,149.675,146478.0
2021-07-15,149.78,151.254,148.517,150.201,123785.0
2021-07-16,150.201,151.254,146.411,150.412,115367.0
2021-07-19,150.307,150.412,148.411,149.043,97393.0
2021-07-20,148.517,149.148,147.779,148.727,103241.0
2021-07-21,148.622,148.938,144.41,146.305,282140.0
2021-07-22,146.2,148.306,145.042,147.99,166378.0
2021-07-23,147.885,147.99,144.305,144.936,246395.0
2021-07-26,143.778,143.778,138.724,138.934,261187.0
2021-07-27,139.04,139.145,135.67,135.67,322141.0
2021-07-28,135.881,136.618,133.669,134.828,237547.0
2021-07-29,135.354,135.881,133.669,134.09,246995.0
2021-07-30,133.564,134.933,132.406,134.512,143117.0
2021-08-02,134.301,138.829,132.406,137.039,244105.0
2021-08-03,136.723,137.671,136.091,136.512,95867.0
2021-08-04,136.618,137.355,135.249,136.828,124826.0
2021-08-05,137.249,143.252,137.249,141.567,347245.0
2021-08-06,140.619,143.567,139.355,142.83,220860.0
2021-08-09,143.252,152.518,142.199,151.36,800221.0
2021-08-10,149.359,154.729,147.042,152.097,568271.0
2021-08-11,155.888,162.627,155.888,159.257,1272119.0
2021-08-12,156.941,158.52,154.203,154.203,673457.0
2021-08-13,155.361,156.625,152.518,155.888,407746.0
2021-08-16,155.361,163.364,154.624,160.1,514750.0
2021-08-17,159.257,169.577,158.941,164.627,804999.0
2021-08-18,163.048,166.207,161.679,164.838,369841.0
2021-08-19,164.838,165.68,161.258,162.206,401919.0
2021-08-20,163.048,168.313,161.153,166.207,639722.0
2021-08-23,165.47,165.996,162.943,163.364,203146.0
2021-08-24,162.627,165.68,161.363,162.627,181662.0
2021-08-25,163.469,163.89,157.151,158.309,392699.0
2021-08-26,159.678,159.678,154.624,154.835,375227.0
2021-08-27,155.993,155.993,152.518,153.676,275148.0
2021-08-30,152.413,152.623,147.148,147.99,575691.0
2021-08-31,145.463,158.099,145.147,156.309,682327.0
2021-09-01,156.941,167.26,155.361,167.26,866083.0
2021-09-02,169.471,176.21,167.26,171.156,910452.0
2021-09-03,173.051,173.051,166.418,167.892,492034.0
2021-09-06,167.892,168.734,165.049,166.102,477808.0
2021-09-07,165.365,166.418,163.153,165.154,426525.0
2021-09-08,165.996,166.944,164.101,164.943,280754.0
2021-09-09,165.47,165.47,161.89,164.417,400753.0
2021-09-10,164.312,170.314,163.89,169.05,429587.0
2021-09-13,169.05,179.264,167.576,176.948,724576.0
2021-09-14,176.948,179.791,172.104,172.42,511282.0
2021-09-15,170.945,170.945,159.784,161.047,944533.0
2021-09-16,158.52,161.468,150.833,151.991,1165809.0
2021-09-17,151.676,157.362,150.623,156.519,794860.0
2021-09-22,153.571,167.365,152.729,167.155,742062.0
2021-09-23,167.049,173.367,165.68,166.839,771841.0
2021-09-24,167.049,168.629,162.311,163.259,339900.0
2021-09-27,163.364,163.996,157.888,158.625,335986.0
2021-09-28,163.364,168.524,163.364,167.26,749690.0
2021-09-29,167.997,169.892,164.312,165.891,469920.0
2021-09-30,167.365,169.05,163.259,164.312,417263.0
2021-10-08,165.891,165.891,159.468,160.837,326367.0
2021-10-11,160.942,166.628,160.731,162.206,345177.0
2021-10-12,162.206,169.682,161.258,166.944,626757.0
2021-10-13,167.471,167.997,165.365,167.155,272090.0
2021-10-14,166.418,166.418,160.626,163.048,316823.0
2021-10-15,163.048,164.838,161.784,163.89,237669.0
2021-10-18,162.943,164.312,159.152,160.731,321918.0
2021-10-19,161.468,161.468,157.256,159.152,412353.0
2021-10-20,159.152,159.994,154.413,156.098,356965.0
2021-10-21,157.888,162.627,156.309,160.837,383162.0
2021-10-22,162.206,172.314,161.363,166.733,902210.0
2021-10-25,161.89,173.578,161.784,163.048,862881.0
2021-10-26,163.259,167.471,158.836,159.678,525236.0
2021-10-27,160.837,163.259,158.52,160.626,406221.0
2021-10-28,160.1,161.153,156.73,159.047,360291.0
2021-10-29,158.204,159.047,151.781,153.255,626809.0
2021-11-01,153.255,155.045,147.464,149.254,755095.0
2021-11-02,149.043,150.096,145.463,147.253,438598.0
2021-11-03,147.253,152.729,146.516,151.57,457061.0
2021-11-04,151.044,151.36,147.674,149.991,330126.0
2021-11-05,149.57,150.096,147.148,148.411,268070.0
2021-11-08,149.148,150.307,147.569,148.095,305427.0
2021-11-09,148.201,150.412,147.148,149.254,327198.0
2021-11-10,149.78,156.414,148.832,155.782,671108.0
2021-11-11,157.151,166.733,156.203,166.733,870496.0
2021-11-12,164.522,166.944,157.467,165.049,1557495.0
2021-11-15,163.68,163.89,158.941,162.732,755585.0
2021-11-16,160.837,164.733,160.731,162.206,297534.0
2021-11-17,162.627,163.259,160.521,161.784,261558.0
2021-11-18,161.89,162.311,155.677,156.941,564016.0
2021-11-19,156.519,164.733,155.466,162.416,931745.0
2021-11-22,160.521,160.521,154.835,154.94,699363.0
2021-11-23,155.361,158.099,154.519,156.941,429693.0
2021-11-24,156.941,159.573,156.309,156.835,459895.0
2021-11-25,157.046,158.099,155.677,156.309,237651.0
2021-11-26,155.888,156.203,153.571,154.097,245755.0
2021-11-29,152.729,153.571,151.886,152.729,261441.0
2021-11-30,152.729,155.15,150.938,151.676,331249.0
2021-12-01,151.254,156.414,151.149,155.466,388213.0
2021-12-02,155.361,157.362,154.097,156.835,408614.0
2021-12-03,156.835,162.521,155.677,161.258,700160.0
2021-12-06,163.785,165.575,161.89,164.101,702278.0
2021-12-07,169.261,172.736,167.26,168.102,1097859.0
2021-12-08,166.944,168.418,162.837,166.839,917607.0
2021-12-09,166.944,168.524,164.838,167.155,697869.0
2021-12-10,166.207,168.313,164.522,164.522,611381.0
2021-12-13,165.47,166.944,160.837,161.153,753808.0
2021-12-14,161.047,161.258,156.73,156.941,546186.0
2021-12-15,156.519,157.888,156.098,156.941,693494.0
2021-12-16,157.046,158.625,155.677,157.572,666182.0
2021-12-17,157.572,161.153,156.941,157.678,441066.0
2021-12-20,157.678,162.627,157.678,159.047,653831.0
2021-12-21,158.836,166.733,158.836,166.102,892188.0
2021-12-22,165.996,166.733,162.627,163.153,634136.0
2021-12-23,157.994,161.679,157.362,160.31,1319753.0
2021-12-24,159.889,165.786,158.52,163.364,815118.0
2021-12-27,169.05,175.052,169.05,174.947,1447416.0
2021-12-28,172.946,178.632,171.156,177.474,1170604.0
2021-12-29,178.738,179.054,174.842,176.526,515252.0
2021-12-30,176.0,177.895,173.683,175.684,489797.0
2021-12-31,174.947,185.266,174.42,182.95,870649.0
2022-01-04,180.949,191.163,179.58,188.952,787620.0
2022-01-05,188.425,196.112,187.478,188.425,960240.0
2022-01-06,188.32,190.531,182.739,183.266,886153.0
2022-01-07,184.74,192.216,182.213,187.688,1195884.0
2022-01-10,185.898,192.427,183.16,187.267,763568.0
2022-01-11,187.478,194.217,184.95,186.53,715582.0
2022-01-12,185.372,186.214,181.265,184.319,459420.0
2022-01-13,183.16,186.214,180.738,181.16,459087.0
2022-01-14,180.949,181.16,175.263,177.685,722309.0
2022-01-17,178.843,185.687,176.948,182.318,619426.0
2022-01-18,182.107,194.217,181.16,188.846,691819.0
2022-01-19,190.11,193.69,187.688,190.215,418411.0
2022-01-20,193.585,194.533,184.108,185.056,1005037.0
2022-01-21,184.319,186.319,183.16,184.213,436619.0
2022-01-24,184.108,190.426,182.213,186.214,318481.0
2022-01-25,184.634,186.214,181.686,182.318,454315.0
2022-01-26,182.318,184.845,179.264,180.844,274811.0
2022-01-27,180.001,185.161,179.264,181.686,322736.0
2022-01-28,182.213,186.425,180.212,183.266,435538.0
2022-02-07,182.844,186.74,179.264,185.056,459818.0
2022-02-08,183.476,185.582,181.475,184.529,340858.0
2022-02-09,184.529,190.215,176.948,180.949,914291.0
2022-02-10,179.159,186.109,176.842,183.792,727419.0
2022-02-11,185.266,189.162,182.528,182.739,546852.0
2022-02-14,180.528,182.002,174.315,175.684,666464.0
2022-02-15,175.368,178.843,173.789,178.001,439736.0
2022-02-16,178.001,184.634,175.473,181.16,516475.0
2022-02-17,181.16,181.686,176.842,178.106,486032.0
2022-02-18,178.948,186.74,178.106,186.635,560893.0
2022-02-21,187.267,190.11,184.634,188.425,479376.0
2022-02-22,188.32,192.953,185.687,187.688,420418.0
2022-02-23,187.688,188.952,182.002,183.055,480349.0
2022-02-24,183.266,186.214,180.317,182.002,405027.0
2022-02-25,182.002,183.476,178.527,179.896,404361.0
2022-02-28,179.054,181.265,175.579,180.212,487779.0
2022-03-01,180.212,185.161,179.159,184.845,588406.0
2022-03-02,185.161,189.794,182.318,184.845,548147.0
2022-03-03,184.845,194.322,184.845,191.795,847709.0
2022-03-04,190.426,195.691,188.636,192.743,514328.0
2022-03-07,191.479,197.692,191.268,194.427,720749.0
2022-03-08,194.849,195.375,190.005,191.584,401369.0
2022-03-09,192.216,192.743,178.948,185.477,761807.0
2022-03-10,187.478,190.321,181.16,186.53,527319.0
2022-03-11,184.74,191.479,182.318,188.32,403750.0
2022-03-14,185.687,194.322,185.477,185.687,487056.0
2022-03-15,184.74,185.687,171.788,171.788,705866.0
2022-03-16,171.683,178.106,161.679,176.0,854725.0
2022-03-17,183.266,184.319,176.842,178.422,582609.0
2022-03-18,177.474,191.584,176.421,191.584,570204.0
2022-03-21,187.267,193.269,186.635,192.005,569241.0
2022-03-22,191.479,200.219,190.426,198.008,845423.0
2022-03-23,198.113,203.273,192.953,197.27,737117.0
2022-03-24,195.902,199.061,194.111,197.376,293021.0
2022-03-25,195.586,198.639,191.69,193.585,387049.0
2022-03-28,192.216,198.534,190.637,193.796,535964.0
2022-03-29,192.743,193.269,188.32,189.584,515705.0
2022-03-30,191.058,203.904,188.531,198.429,1011418.0
2022-03-31,198.008,203.588,194.954,196.744,797190.0
2022-04-01,194.849,203.062,193.269,201.167,706895.0
2022-04-06,202.746,210.117,198.955,206.432,768387.0
2022-04-07,203.273,206.116,196.955,198.218,606298.0
2022-04-08,199.587,202.535,194.954,200.745,569049.0
2022-04-11,197.902,202.851,193.374,199.692,636589.0
2022-04-12,197.902,202.43,191.69,193.374,618347.0
2022-04-13,192.216,201.167,189.899,198.113,527467.0
2022-04-14,198.218,207.485,194.427,203.799,568396.0
2022-04-15,202.325,213.171,201.377,206.326,712543.0
2022-04-18,202.43,209.485,197.376,198.429,730343.0
2022-04-19,199.903,200.64,193.058,199.587,536689.0
2022-04-20,199.061,199.376,186.951,187.583,799384.0
2022-04-21,186.425,191.69,186.109,187.583,478088.0
2022-04-22,185.477,195.27,183.371,191.374,517055.0
2022-04-25,189.899,195.48,186.425,186.74,446991.0
2022-04-26,187.267,195.059,184.319,190.742,557927.0
2022-04-27,188.425,193.69,182.528,185.266,698109.0
2022-04-28,184.845,193.269,184.213,191.9,516006.0
2022-04-29,191.268,198.008,189.794,196.744,582398.0
2022-05-05,195.375,198.323,186.214,190.531,604726.0
2022-05-06,186.951,189.373,181.16,183.266,499536.0
2022-05-09,181.897,185.793,180.107,184.003,345617.0
2022-05-10,182.213,183.371,177.474,182.844,727281.0
2022-05-11,182.739,183.266,177.053,177.474,920622.0
2022-05-12,176.21,177.895,172.841,174.842,803108.0
2022-05-13,174.842,180.317,172.209,179.791,796878.0
2022-05-16,182.528,187.056,177.895,184.634,874588.0
2022-05-17,183.371,188.531,181.16,184.95,676399.0
2022-05-18,183.687,185.161,178.843,181.897,480209.0
2022-05-19,180.001,185.266,179.58,184.95,386063.0
2022-05-20,185.793,187.056,179.58,181.897,719066.0
2022-05-23,181.686,182.634,176.632,177.474,671131.0
2022-05-24,178.211,182.318,176.526,179.264,457776.0
2022-05-25,178.843,179.369,176.421,178.001,239865.0
2022-05-26,178.001,182.002,177.158,180.633,400545.0
2022-05-27,180.001,180.212,174.842,176.526,538015.0
2022-05-30,175.789,176.737,171.472,172.42,740747.0
2022-05-31,172.314,172.946,169.577,171.577,708146.0
2022-06-01,171.683,173.157,170.84,171.893,439784.0
2022-06-02,171.367,172.104,168.629,169.892,515859.0
2022-06-06,168.839,169.366,163.259,166.523,962056.0
2022-06-07,166.418,169.261,166.207,168.734,532364.0
2022-06-08,168.524,168.839,166.102,167.997,458903.0
2022-06-09,168.102,173.683,167.471,171.261,628036.0
2022-06-10,170.314,171.998,169.261,170.103,505418.0
2022-06-13,168.945,169.577,164.206,164.943,738590.0
2022-06-14,164.312,169.577,164.206,169.155,601831.0
2022-06-15,169.05,176.105,167.049,172.42,768476.0
2022-06-16,172.104,174.736,170.314,170.735,380521.0
2022-06-17,170.208,172.946,168.524,169.998,397563.0
2022-06-20,171.472,178.211,170.84,177.263,903551.0
2022-06-21,178.001,182.739,176.737,177.474,571406.0
2022-06-22,177.158,178.738,174.631,175.052,263755.0
2022-06-23,175.052,181.581,173.578,180.317,494888.0
2022-06-24,179.264,180.528,174.842,176.737,444585.0
2022-06-27,176.21,176.21,171.472,172.42,807102.0
2022-06-28,171.893,172.63,167.997,170.208,774376.0
2022-06-29,170.314,182.634,169.787,182.634,1329286.0
2022-06-30,184.74,188.531,180.528,187.899,1121741.0
2022-07-01,186.635,190.637,183.897,184.319,754099.0
2022-07-04,184.213,185.898,181.581,184.95,645363.0
2022-07-05,184.213,186.003,180.422,181.791,559904.0
2022-07-06,181.897,183.055,177.263,178.422,412898.0
2022-07-07,178.843,181.791,177.158,178.632,387299.0
2022-07-08,178.843,183.266,177.158,180.317,404156.0
2022-07-11,179.054,182.213,176.948,178.422,332128.0
2022-07-12,178.106,182.213,176.737,180.528,481040.0
2022-07-13,180.422,184.319,180.212,180.949,643705.0
2022-07-14,179.054,179.896,172.736,172.946,1000851.0
2022-07-15,172.946,174.315,167.26,168.313,1054251.0
2022-07-18,168.313,175.368,166.839,174.104,641511.0
2022-07-19,173.683,174.631,170.63,173.157,404301.0
2022-07-20,172.946,174.947,172.104,172.63,303660.0
2022-07-21,172.525,172.525,168.839,169.261,431118.0
2022-07-22,169.155,170.208,164.943,168.839,333367.0
2022-07-25,168.418,173.473,167.892,172.946,528541.0
2022-07-26,172.525,184.319,172.314,182.739,853155.0
2022-07-27,182.739,183.476,178.948,182.528,574991.0
2022-07-28,181.791,182.844,177.474,178.843,607561.0
2022-07-29,178.316,179.159,174.842,176.526,485417.0
2022-08-01,175.684,176.316,171.577,172.841,528633.0
2022-08-02,171.472,171.998,167.997,169.05,414938.0
2022-08-03,169.471,170.208,163.469,164.312,694995.0
2022-08-04,163.785,165.365,156.519,160.626,1163286.0
2022-08-05,159.994,163.048,159.678,162.627,642207.0
2022-08-08,162.627,167.681,160.415,161.047,573747.0
2022-08-09,162.732,162.732,158.941,160.1,498948.0
2022-08-10,159.362,160.415,157.046,157.678,595024.0
2022-08-11,158.941,160.1,157.572,159.784,478014.0
2022-08-12,159.784,161.995,158.309,160.942,381393.0
2022-08-15,160.1,162.732,160.1,160.205,378123.0
2022-08-16,163.574,168.313,162.521,166.523,1132359.0
2022-08-17,166.102,173.999,164.943,172.209,908679.0
2022-08-18,171.998,172.736,168.945,169.787,346697.0
2022-08-19,169.892,175.684,168.734,174.42,710444.0
2022-08-22,175.684,178.527,171.893,176.737,883408.0
2022-08-23,176.632,178.527,175.473,177.369,413924.0
2022-08-24,177.053,177.474,173.999,174.315,339544.0
2022-08-25,175.368,178.211,172.946,174.947,424218.0
2022-08-26,174.947,175.684,170.208,173.683,366646.0
2022-08-29,173.894,173.894,169.577,173.367,385750.0
2022-08-30,173.473,176.737,172.209,175.263,385759.0
2022-08-31,175.157,178.527,174.315,175.789,528542.0
2022-09-01,174.842,178.738,174.104,176.21,557082.0
2022-09-02,175.473,176.21,171.683,173.789,289185.0
2022-09-05,173.157,176.0,172.946,174.104,323970.0
2022-09-06,174.842,181.37,174.21,178.843,530773.0
2022-09-07,178.738,180.001,176.421,178.211,416260.0
2022-09-08,178.106,179.685,175.473,177.263,397835.0
2022-09-09,176.737,185.161,176.632,184.634,885796.0
2022-09-13,186.53,187.267,179.369,180.107,806942.0
2022-09-14,179.685,184.634,178.948,179.369,556456.0
2022-09-15,180.633,185.477,179.685,183.792,1068458.0
2022-09-16,183.055,185.266,175.789,176.842,1022245.0
2022-09-19,176.737,179.896,175.684,177.158,580812.0
2022-09-20,177.263,178.001,170.735,171.577,683546.0
2022-09-21,171.156,176.316,169.366,174.736,466490.0
2022-09-22,173.999,175.157,169.366,170.735,398302.0
2022-09-23,170.735,174.104,168.945,169.261,446312.0
2022-09-26,169.577,173.789,169.577,171.261,396142.0
2022-09-27,170.63,174.42,168.418,174.104,488918.0
2022-09-28,172.841,175.368,171.051,171.683,404279.0
2022-09-29,172.736,172.841,167.26,167.997,464055.0
2022-09-30,169.892,175.579,167.365,173.999,732474.0
2022-10-10,174.631,179.369,173.051,175.157,1028557.0
2022-10-11,175.157,175.157,167.26,168.734,630381.0
2022-10-12,167.786,170.945,165.47,168.839,468426.0
2022-10-13,167.997,168.208,158.941,161.258,984244.0
2022-10-14,160.731,164.943,160.205,161.679,699838.0
2022-10-17,160.415,161.363,153.044,160.626,954526.0
2022-10-18,160.205,161.153,155.466,157.151,856868.0
2022-10-19,157.362,159.362,156.941,157.572,721996.0
2022-10-20,156.203,158.309,155.466,157.362,461966.0
2022-10-21,157.994,158.941,152.729,154.203,1073686.0
2022-10-24,152.729,152.729,146.305,147.358,932582.0
2022-10-25,146.516,147.464,142.304,143.567,960737.0
2022-10-26,143.778,144.199,139.566,140.935,951076.0
2022-10-27,140.724,141.883,140.198,141.461,710350.0
2022-10-28,140.83,141.356,137.249,137.671,817236.0
2022-10-31,136.723,137.039,134.09,135.354,870494.0
2022-11-01,135.775,137.039,133.88,136.934,882265.0
2022-11-02,136.091,138.934,135.143,138.302,842281.0
2022-11-03,137.039,137.249,132.722,133.88,1506190.0
2022-11-04,133.248,137.881,133.037,137.039,1291716.0
2022-11-07,136.723,139.04,135.881,138.829,1210446.0
2022-11-08,138.408,140.408,137.46,137.881,1171865.0
2022-11-09,140.619,146.411,140.619,143.778,2383966.0
2022-11-10,141.988,147.569,141.146,145.779,1594361.0
2022-11-11,150.307,155.045,150.307,155.045,1566215.0
2022-11-14,165.259,165.259,160.31,165.259,2794304.0
2022-11-15,164.522,167.26,161.047,164.101,2179733.0
2022-11-16,161.679,163.364,156.519,160.521,2166726.0
2022-11-17,159.889,162.311,157.888,161.468,1193584.0
2022-11-18,162.311,163.153,159.152,159.468,815149.0
2022-11-21,159.152,161.258,155.782,160.521,747335.0
2022-11-22,162.521,164.101,157.783,158.836,847504.0
2022-11-23,157.678,161.89,156.835,160.415,759687.0
2022-11-24,164.733,165.575,159.047,163.259,1216558.0
2022-11-25,164.101,174.315,164.101,171.998,2072079.0
2022-11-28,166.733,174.736,165.891,172.42,1416342.0
2022-11-29,179.264,184.319,176.737,184.319,1496449.0
2022-11-30,184.319,188.636,175.263,176.21,2008197.0
2022-12-01,176.21,179.369,174.104,176.842,1363362.0
2022-12-02,174.104,174.104,167.892,172.209,1413091.0
2022-12-05,172.525,175.789,172.104,173.051,977116.0
2022-12-06,172.525,173.473,170.103,172.736,717764.0
2022-12-07,172.209,172.525,166.733,168.945,964931.0
2022-12-08,168.945,173.367,168.839,172.314,899149.0
2022-12-09,171.998,180.107,171.788,177.685,1151664.0
2022-12-12,175.684,177.158,171.367,171.788,706281.0
2022-12-13,171.788,172.841,169.998,170.419,529309.0
2022-12-14,170.103,170.84,168.313,168.839,436351.0
2022-12-15,168.208,168.629,163.574,167.892,919221.0
2022-12-16,168.734,171.156,166.312,168.839,685404.0
2022-12-19,169.892,171.156,165.68,166.733,610789.0
2022-12-20,164.627,165.575,162.311,163.048,497333.0
2022-12-21,162.732,165.259,162.521,163.574,296496.0
2022-12-22,165.049,166.207,161.995,162.521,420668.0
2022-12-23,161.89,165.154,161.468,164.312,318265.0
2022-12-26,164.101,164.627,159.784,160.731,433048.0
2022-12-27,160.837,163.89,160.626,161.047,473049.0
2022-12-28,160.415,163.574,159.468,162.1,435761.0
2022-12-29,161.995,161.995,158.309,159.468,450153.0
2022-12-30,160.521,161.363,157.362,160.731,510267.0
2023-01-03,160.521,162.837,158.099,158.309,902314.0
2023-01-04,158.309,167.681,158.309,164.733,1563190.0
2023-01-05,163.89,167.26,162.311,165.786,718236.0
2023-01-06,167.471,168.524,163.259,164.733,537254.0
2023-01-09,164.312,165.259,160.205,161.047,736134.0
2023-01-10,160.942,161.679,159.678,159.994,550358.0
2023-01-11,160.521,164.417,160.205,160.942,913178.0
2023-01-12,160.1,160.1,155.993,156.835,890931.0
2023-01-13,156.519,157.678,154.94,156.73,825689.0
2023-01-16,156.519,158.52,154.835,157.888,731444.0
2023-01-17,157.783,158.309,155.993,157.572,431044.0
2023-01-18,157.994,159.362,156.309,156.625,385925.0
2023-01-19,155.993,157.256,155.572,156.835,384334.0
2023-01-20,156.73,158.099,156.098,157.783,463892.0
2023-01-30,159.889,159.889,154.624,154.835,984945.0
2023-01-31,154.413,157.256,154.203,157.046,717096.0
2023-02-01,156.73,157.046,154.203,156.414,892892.0
2023-02-02,155.888,156.835,154.203,155.466,970125.0
2023-02-03,155.045,155.045,152.202,153.044,766186.0
2023-02-06,152.202,152.307,149.675,150.517,947930.0
2023-02-07,150.728,154.203,150.728,153.782,937640.0
2023-02-08,153.676,155.256,152.413,152.518,588719.0
2023-02-09,152.623,155.677,151.886,153.676,874336.0
2023-02-10,153.782,155.993,152.834,155.572,838529.0
2023-02-13,155.15,157.783,153.36,156.625,1030905.0
2023-02-14,157.151,158.309,156.414,158.099,667606.0
2023-02-15,157.888,157.888,154.624,155.572,654053.0
2023-02-16,155.045,158.731,154.729,155.466,830421.0
2023-02-17,155.466,156.098,153.571,153.676,507364.0
2023-02-20,153.992,156.941,153.676,156.941,782325.0
2023-02-21,158.941,159.362,155.782,157.046,747286.0
2023-02-22,155.572,156.519,155.466,155.993,378673.0
2023-02-23,155.993,157.467,155.782,156.835,549606.0
2023-02-24,156.73,156.835,154.097,154.835,439638.0
2023-02-27,155.15,157.467,154.729,155.782,701938.0
2023-02-28,155.361,155.677,153.676,154.835,689086.0
2023-03-01,154.203,156.835,154.203,156.519,650955.0
2023-03-02,155.888,156.098,153.15,153.571,905320.0
2023-03-03,153.887,154.413,152.518,154.308,472110.0
2023-03-06,153.887,153.992,150.307,150.833,1038611.0
2023-03-07,151.254,151.36,148.622,148.622,783332.0
2023-03-08,148.622,149.464,147.779,148.938,475028.0
2023-03-09,148.727,149.359,147.358,147.358,506366.0
2023-03-10,146.726,146.832,145.463,145.673,442597.0
2023-03-13,145.358,146.095,143.989,144.41,601062.0
2023-03-14,144.515,145.989,143.778,144.41,614890.0
2023-03-15,144.936,145.989,144.62,145.147,487977.0
2023-03-16,144.62,145.568,143.778,143.883,384337.0
2023-03-17,144.726,146.305,144.41,144.936,608670.0
2023-03-20,145.358,146.305,143.673,144.094,566340.0
2023-03-21,144.094,144.831,143.252,143.989,476671.0
2023-03-22,144.199,145.673,143.989,145.252,505039.0
2023-03-23,144.62,145.358,144.199,144.936,506717.0
2023-03-24,144.62,145.042,143.041,144.305,714804.0
2023-03-27,143.673,143.883,142.093,142.514,569871.0
2023-03-28,143.041,143.357,141.04,141.461,560455.0
2023-03-29,142.199,143.041,141.04,141.251,541008.0
2023-03-30,141.672,142.304,140.303,142.304,546281.0
2023-03-31,142.093,143.041,141.146,141.461,565222.0
2023-04-03,141.461,144.41,141.356,143.778,767208.0
2023-04-04,143.462,144.094,142.304,142.83,452821.0
2023-04-06,142.725,142.936,141.251,142.62,453306.0
2023-04-07,142.62,148.095,142.304,147.885,1463529.0
2023-04-10,146.726,147.358,145.358,145.779,893990.0
2023-04-11,145.463,147.569,144.41,147.358,995198.0
2023-04-12,147.779,148.517,145.673,147.464,740149.0
2023-04-13,146.726,146.937,145.673,146.411,479324.0
2023-04-14,146.726,147.148,145.884,146.2,404614.0
2023-04-17,146.095,146.726,145.147,146.621,546134.0
2023-04-18,146.621,148.095,146.305,146.621,528144.0
2023-04-19,146.621,146.621,141.988,142.62,1154547.0
2023-04-20,142.409,142.936,141.461,142.62,614627.0
2023-04-21,143.041,144.936,141.251,141.356,809550.0
2023-04-24,141.461,141.567,138.618,139.04,749645.0
2023-04-25,139.04,139.566,137.144,138.934,523346.0
2023-04-26,137.776,140.198,136.828,139.461,417296.0
2023-04-27,139.25,139.461,138.092,138.513,418768.0
2023-04-28,138.092,139.25,138.092,138.934,450419.0
2023-05-04,136.934,137.249,134.933,136.407,904450.0
2023-05-05,136.196,142.62,136.091,141.461,1435547.0
2023-05-08,140.093,141.883,138.408,141.461,970530.0
2023-05-09,141.251,145.042,140.724,141.672,1299794.0
2023-05-10,140.724,141.988,138.934,139.777,699244.0
2023-05-11,139.566,140.83,139.25,139.566,419532.0
2023-05-12,139.355,140.198,137.671,137.776,548499.0
2023-05-15,137.671,138.618,136.091,138.513,594253.0
2023-05-16,138.302,139.04,137.039,137.249,399354.0
2023-05-17,136.723,137.46,135.67,136.302,509972.0
2023-05-18,136.723,137.249,134.301,134.722,654211.0
2023-05-19,134.617,134.617,133.248,133.459,471736.0
2023-05-22,133.037,133.775,132.3,133.669,426927.0
2023-05-23,133.775,134.196,132.406,132.616,534726.0
2023-05-24,132.195,132.3,129.773,129.878,798634.0
2023-05-25,129.352,130.3,128.825,130.089,484100.0
2023-05-26,129.878,131.458,129.036,130.826,471369.0
2023-05-29,130.405,130.826,128.615,128.931,548272.0
2023-05-30,128.72,130.616,127.246,130.405,662648.0
2023-05-31,129.984,131.247,128.931,129.352,402158.0
2023-06-01,129.352,129.563,128.299,129.141,289884.0
2023-06-02,129.352,133.669,129.352,133.037,1026614.0
2023-06-05,131.984,132.406,131.247,131.879,446039.0
2023-06-06,131.879,135.143,131.563,131.879,978492.0
2023-06-07,132.616,136.302,132.616,133.353,993193.0
2023-06-08,133.143,135.354,131.984,134.722,765754.0
2023-06-09,134.196,134.512,132.932,133.353,569679.0
2023-06-12,132.722,135.249,132.195,134.196,655652.0
2023-06-13,133.775,135.986,133.669,134.406,587993.0
2023-06-14,134.406,135.249,132.511,132.722,514650.0
2023-06-15,132.932,134.617,132.09,134.301,542317.0
2023-06-16,134.828,135.038,133.143,134.09,522521.0
2023-06-19,134.09,134.09,131.247,131.458,610445.0
2023-06-20,131.353,131.563,129.984,130.089,379023.0
2023-06-21,129.773,130.721,129.457,129.773,419665.0
2023-06-26,128.825,129.247,127.878,127.983,377766.0
2023-06-27,127.983,131.984,127.772,131.774,763459.0
2023-06-28,131.669,132.09,130.405,131.353,426564.0
2023-06-29,131.037,131.142,128.825,128.825,538315.0
2023-06-30,129.141,131.247,128.72,128.931,695177.0
2023-07-03,129.141,129.773,129.036,129.352,526654.0
2023-07-04,129.141,129.247,127.035,127.667,845162.0
2023-07-05,127.457,128.194,127.035,127.351,470803.0
2023-07-06,127.141,128.088,126.298,127.562,482626.0
2023-07-07,127.457,127.983,126.825,126.93,413901.0
2023-07-10,127.035,127.246,126.509,126.719,326086.0
2023-07-11,128.194,128.615,126.614,126.719,530549.0
2023-07-12,126.614,126.719,124.719,124.824,718518.0
2023-07-13,125.035,125.666,124.824,125.14,529176.0
2023-07-14,125.245,125.561,124.508,125.035,414551.0
2023-07-17,124.613,124.824,123.666,124.087,355647.0
2023-07-18,123.876,125.14,123.139,124.403,494545.0
2023-07-19,124.087,125.982,124.087,125.456,633610.0
2023-07-20,125.561,127.141,125.245,125.666,724639.0
2023-07-21,125.877,126.93,125.561,126.404,706789.0
2023-07-24,126.719,126.93,124.613,125.035,675093.0
2023-07-25,126.825,132.195,126.719,132.195,1968209.0
2023-07-26,134.406,135.67,132.195,134.617,2928701.0
2023-07-27,133.353,136.196,131.879,134.512,1905860.0
2023-07-28,134.512,142.304,134.512,142.093,2900466.0
2023-07-31,142.83,147.674,141.883,143.883,3441605.0
2023-08-01,142.304,144.62,140.724,141.461,1936775.0
2023-08-02,141.883,144.62,141.146,141.461,1648376.0
2023-08-03,140.724,146.411,139.355,145.358,2499354.0
2023-08-04,147.253,148.938,143.462,143.778,2232403.0
2023-08-07,141.883,142.199,138.618,139.987,1664544.0
2023-08-08,139.25,139.987,136.512,137.144,1239317.0
2023-08-09,137.039,139.145,136.407,138.302,1198726.0
2023-08-10,137.987,140.83,137.46,139.987,1075667.0
2023-08-11,141.04,142.304,137.776,139.461,1296775.0
2023-08-14,136.196,138.302,135.249,137.565,851746.0
2023-08-15,136.934,137.987,135.986,137.249,676201.0
2023-08-16,137.144,142.725,136.196,140.408,1512342.0
2023-08-17,139.461,140.83,137.249,138.934,1159358.0
2023-08-18,138.724,139.566,135.143,135.249,1029048.0
2023-08-21,134.617,136.618,134.09,134.09,714088.0
2023-08-22,134.09,134.722,131.984,133.775,740186.0
2023-08-23,133.459,133.669,129.878,129.984,886007.0
2023-08-24,130.616,130.721,127.351,127.667,1183327.0
2023-08-25,127.457,132.406,127.457,130.089,1346637.0
2023-08-28,136.723,137.776,133.985,135.143,2342433.0
2023-08-29,134.47,138.471,132.995,138.471,1790424.0
2023-08-30,136.786,138.576,135.944,136.997,1264337.0
2023-08-31,136.576,137.418,130.258,130.258,1740030.0
2023-09-01,132.364,133.206,130.573,132.153,1259740.0
2023-09-04,133.943,135.944,133.206,133.417,1291481.0
2023-09-05,132.995,133.206,130.258,130.468,949605.0
2023-09-06,130.363,133.838,129.52,133.311,1160311.0
2023-09-07,133.101,134.259,131.205,131.311,1039610.0
2023-09-08,130.784,132.785,129.52,132.048,745323.0
2023-09-11,131.626,131.942,130.363,131.1,796588.0
2023-09-12,130.889,131.521,130.573,130.784,494019.0
2023-09-13,130.889,132.258,129.942,130.995,575026.0
2023-09-14,130.784,131.1,129.836,130.468,467109.0
2023-09-15,130.995,131.626,130.258,130.363,552816.0
2023-09-18,130.468,130.468,128.678,129.52,653670.0
2023-09-19,129.31,129.942,128.889,129.31,402205.0
2023-09-20,129.205,129.942,128.783,129.205,363427.0
2023-09-21,129.205,130.258,128.467,128.573,531672.0
2023-09-22,128.257,129.942,127.941,129.836,441394.0
2023-09-25,129.415,129.626,126.361,127.099,767447.0
2023-09-26,126.888,127.309,126.151,126.361,433832.0
2023-09-27,126.151,126.993,125.94,126.256,479975.0
2023-09-28,126.361,126.783,126.046,126.256,325757.0
2023-10-09,125.94,125.94,122.781,123.94,1036390.0
2023-10-10,123.729,124.15,122.571,122.676,585775.0
2023-10-11,122.992,123.097,121.202,121.623,786364.0
2023-10-12,121.939,122.465,121.518,122.149,479529.0
2023-10-13,121.412,121.939,120.254,120.465,687738.0
2023-10-16,120.465,120.886,118.464,118.99,647532.0
2023-10-17,117.727,118.148,112.567,112.567,2695178.0
2023-10-18,112.251,112.988,111.304,111.304,1139684.0
2023-10-19,111.304,111.83,110.251,111.093,1018048.0
2023-10-20,110.777,112.778,110.356,111.619,1295295.0
2023-10-23,111.093,112.041,110.356,110.777,906764.0
2023-10-24,111.619,113.41,111.514,112.357,1224210.0
2023-10-25,112.672,113.304,112.041,112.357,899985.0
2023-10-26,111.83,112.041,110.988,111.514,663839.0
2023-10-27,111.619,112.778,110.988,112.567,842952.0
2023-10-30,112.041,112.567,111.514,111.935,780825.0
2023-10-31,108.145,110.251,107.197,108.882,1750922.0
2023-11-01,108.776,109.198,107.618,107.934,952926.0
2023-11-02,107.829,108.145,107.302,107.302,721154.0
2023-11-03,107.407,107.723,106.986,107.302,807562.0
2023-11-06,107.618,110.461,107.618,109.935,1637501.0
2023-11-07,109.935,110.461,108.882,109.303,862744.0
2023-11-08,109.198,111.725,108.882,111.409,1517128.0
2023-11-09,111.619,113.62,110.988,111.83,1420853.0
2023-11-10,111.725,112.672,110.777,111.935,1039301.0
2023-11-13,111.935,112.146,110.882,111.619,786584.0
2023-11-14,111.514,112.988,111.409,112.883,978821.0
2023-11-15,113.515,113.831,112.357,112.778,812714.0
2023-11-16,112.357,113.199,111.514,112.567,710577.0
2023-11-17,112.251,112.778,111.514,111.935,501205.0
2023-11-20,112.462,112.883,111.093,111.514,631833.0
2023-11-21,113.304,116.253,113.199,113.515,1974631.0
2023-11-22,113.41,114.568,112.357,112.357,1159932.0
2023-11-23,112.567,116.463,112.251,115.094,1993007.0
2023-11-24,116.884,117.411,114.252,114.568,1534060.0
2023-11-27,114.041,114.041,111.409,111.935,1229265.0
2023-11-28,111.83,112.251,110.461,110.988,856398.0
2023-11-29,110.882,110.882,108.566,108.566,1173552.0
2023-11-30,108.46,108.987,107.934,108.355,657812.0
2023-12-01,108.355,110.145,108.145,109.829,916470.0
2023-12-04,109.408,109.724,108.039,108.355,803813.0
2023-12-05,108.039,108.145,106.776,106.776,762967.0
2023-12-06,106.776,108.25,106.46,107.723,767580.0
2023-12-07,107.407,108.039,106.565,107.302,875687.0
2023-12-08,107.092,107.197,105.301,106.144,1659266.0
2023-12-11,105.512,105.617,103.301,104.986,1521974.0
2023-12-12,104.986,106.46,104.459,105.723,1273869.0
2023-12-13,104.986,104.986,103.933,103.933,873739.0
2023-12-14,104.248,104.986,103.406,103.406,720778.0
2023-12-15,104.248,104.88,103.301,103.406,1121174.0
2023-12-18,103.09,104.143,102.248,102.458,977652.0
2023-12-19,102.142,102.564,101.089,101.616,859890.0
2023-12-20,101.616,101.721,100.563,100.563,759455.0
2023-12-21,100.352,101.089,99.931,100.774,946941.0
2023-12-22,100.668,100.984,100.036,100.247,797906.0
2023-12-25,100.142,100.247,99.299,99.615,677263.0
2023-12-26,99.299,99.51,98.352,98.562,783294.0
2023-12-27,98.562,99.089,98.246,98.668,625469.0
2023-12-28,98.562,101.616,98.246,101.089,1643273.0
2023-12-29,100.774,101.721,100.036,100.352,1310302.0
2024-01-02,100.458,100.668,98.983,99.089,1146466.0
2024-01-03,99.194,100.247,99.089,99.931,1223627.0
2024-01-04,99.615,99.931,98.773,98.983,685732.0
2024-01-05,98.878,99.931,98.773,98.983,826739.0
2024-01-08,99.194,99.405,97.72,97.72,813228.0
2024-01-09,97.825,98.878,97.193,98.246,736316.0
2024-01-10,97.93,98.668,97.615,98.352,586540.0
2024-01-11,98.246,99.089,97.825,98.668,738431.0
2024-01-12,98.457,99.089,98.246,98.246,794762.0
2024-01-15,97.93,98.878,97.193,98.562,865226.0
2024-01-16,98.352,98.668,97.193,98.036,747668.0
2024-01-17,98.036,98.036,96.877,96.877,653601.0
2024-01-18,96.772,97.615,96.035,97.509,846078.0
2024-01-19,97.299,98.036,97.088,97.299,561117.0
2024-01-22,97.088,97.193,94.982,95.193,759051.0
2024-01-23,95.509,96.562,94.877,96.351,779395.0
2024-01-24,96.456,97.825,95.719,97.72,1019334.0
2024-01-25,97.93,99.721,97.825,99.51,1492866.0
2024-01-26,99.51,102.88,99.299,101.721,2039063.0
2024-01-29,102.774,102.774,100.458,100.563,1469144.0
2024-01-30,100.247,100.668,98.562,98.983,1098089.0
2024-01-31,98.457,98.983,96.667,96.877,924578.0
2024-02-01,96.667,97.615,96.351,96.667,892218.0
2024-02-02,96.667,99.405,95.824,97.193,1485739.0
2024-02-05,96.877,97.088,92.876,93.824,1527937.0
2024-02-06,93.403,95.509,91.612,94.877,1524938.0
2024-02-07,94.666,95.298,93.403,94.034,1255888.0
2024-02-08,94.561,97.088,94.14,96.983,1437086.0
2024-02-19,96.877,96.983,95.614,96.877,1166905.0
2024-02-20,96.667,98.036,96.667,97.825,998367.0
2024-02-21,97.404,101.089,96.983,99.615,1419606.0
2024-02-22,99.194,99.721,98.773,99.405,758438.0
2024-02-23,99.51,100.458,99.194,100.247,936715.0
2024-02-26,99.931,100.247,98.983,99.405,873689.0
2024-02-27,98.983,100.352,98.983,100.352,772948.0
2024-02-28,100.352,101.3,98.983,99.089,953816.0
2024-02-29,98.773,100.142,98.668,99.826,918960.0
2024-03-01,99.826,100.142,98.878,99.405,633278.0
2024-03-04,98.983,99.089,96.772,97.404,928570.0
2024-03-05,97.088,97.509,96.035,96.877,699287.0
2024-03-06,96.772,97.193,96.035,96.351,545419.0
2024-03-07,96.562,96.983,95.719,95.719,679578.0
2024-03-08,95.719,95.93,95.087,95.509,518483.0
2024-03-11,95.614,96.772,95.509,96.772,621488.0
2024-03-12,96.772,100.036,96.351,99.089,1381679.0
2024-03-13,98.457,98.668,97.404,97.615,808724.0
2024-03-14,97.404,98.352,97.193,97.509,645931.0
2024-03-15,97.72,98.457,96.877,97.404,676375.0
2024-03-18,97.72,97.72,96.562,97.193,583007.0
2024-03-19,96.983,97.299,96.562,96.562,433167.0
2024-03-20,96.456,96.772,96.246,96.772,353266.0
2024-03-21,96.772,97.93,96.667,97.299,756277.0
2024-03-22,97.088,97.088,95.614,96.035,766826.0
2024-03-25,95.824,97.615,95.509,96.246,836813.0
2024-03-26,96.035,96.983,95.93,96.877,665105.0
2024-03-27,96.562,96.667,94.982,94.982,723483.0
2024-03-28,94.982,95.403,94.771,94.982,559319.0
2024-03-29,94.561,94.771,93.718,94.14,672675.0
2024-04-01,94.034,95.087,94.034,94.877,521371.0
2024-04-02,94.771,94.771,93.718,93.929,818272.0
2024-04-03,93.718,94.034,92.981,92.981,701514.0
2024-04-08,92.771,92.981,91.928,91.928,635804.0
2024-04-09,92.034,92.56,91.928,92.455,369395.0
2024-04-10,92.244,92.35,90.559,90.875,737584.0
2024-04-11,90.349,90.875,89.928,90.454,611335.0
2024-04-12,90.349,90.559,88.98,89.085,853284.0
2024-04-15,88.875,89.612,88.032,89.085,800616.0
2024-04-16,88.875,89.296,87.822,88.138,820092.0
2024-04-17,88.243,89.191,88.243,89.085,594465.0
2024-04-18,88.875,89.296,88.348,88.664,508759.0
2024-04-19,88.453,88.875,88.032,88.243,434414.0
2024-04-22,88.138,88.664,87.822,88.138,430000.0
2024-04-23,88.243,88.664,87.927,88.138,425220.0
2024-04-24,88.243,88.348,87.716,88.032,427388.0
2024-04-25,87.927,88.769,87.716,88.138,455807.0
2024-04-26,88.032,90.349,87.716,90.138,1333456.0
2024-04-29,89.717,93.718,89.717,93.718,1080109.0
2024-04-30,94.666,97.615,93.824,96.351,3666732.0
2024-05-06,97.825,98.562,95.719,95.824,3042732.0
2024-05-07,95.509,96.562,94.245,95.614,2191712.0
2024-05-08,94.982,95.298,93.087,93.297,1512799.0
2024-05-09,93.613,96.246,92.981,94.245,1855486.0
2024-05-10,94.456,97.404,94.034,96.246,2372767.0
2024-05-13,95.614,95.93,94.771,95.193,1235165.0
2024-05-14,95.298,96.456,94.982,95.824,1189991.0
2024-05-15,95.403,98.141,95.298,96.456,2027815.0
2024-05-16,96.351,99.405,96.035,98.141,2645791.0
2024-05-17,98.668,102.564,97.615,102.564,3900908.0
2024-05-20,102.458,107.197,101.3,105.091,4986517.0
2024-05-21,103.827,108.355,103.301,107.618,4626684.0
2024-05-22,108.145,112.988,107.092,110.988,6137513.0
2024-05-23,108.987,111.093,108.039,110.461,4189580.0
2024-05-24,108.987,109.198,105.512,106.249,3559122.0
2024-05-27,106.46,106.986,104.88,106.46,2400954.0
2024-05-28,106.881,106.881,102.037,102.669,3453524.0
2024-05-29,102.669,103.933,102.037,102.458,2507997.0
2024-05-30,101.721,102.458,99.721,100.247,2585353.0
2024-05-31,100.142,100.668,98.668,98.983,2696315.0
2024-06-03,98.668,98.773,97.088,97.509,2176046.0
2024-06-04,97.509,101.721,96.877,100.352,3711723.0
2024-06-05,100.247,100.458,97.825,97.825,2071207.0
2024-06-06,97.93,98.668,96.351,97.72,2107885.0
2024-06-07,97.615,98.773,97.404,98.141,1717747.0
2024-06-11,97.404,98.668,96.667,97.404,1574076.0
2024-06-12,97.193,97.509,96.562,97.299,1205489.0
2024-06-13,97.615,98.036,95.509,96.351,1794091.0
2024-06-14,95.93,98.246,95.719,96.877,2071881.0
2024-06-17,96.14,96.877,94.771,94.982,1906202.0
2024-06-18,94.982,95.298,93.824,94.14,1399248.0
2024-06-19,94.14,94.666,93.718,93.824,939486.0
2024-06-20,93.718,93.824,91.928,92.139,1450812.0
2024-06-21,92.452,92.768,91.609,91.715,835569.0
2024-06-24,91.188,91.504,90.346,90.556,1027162.0
2024-06-25,90.451,92.346,90.135,91.293,1390815.0
2024-06-26,91.083,91.399,90.03,91.188,1338086.0
2024-06-27,91.293,92.873,90.556,91.188,2204481.0
2024-06-28,90.662,92.031,89.819,90.451,1663517.0
2024-07-01,90.135,93.294,90.135,92.978,2384393.0
2024-07-02,92.557,93.399,91.82,91.925,1593429.0
2024-07-03,91.82,93.189,91.399,92.241,1352196.0
2024-07-04,92.031,92.136,90.346,90.451,1257211.0
2024-07-05,90.346,91.083,89.819,90.872,1139824.0
2024-07-08,90.451,90.556,88.872,88.977,1137978.0
2024-07-09,89.082,89.503,88.24,89.293,916083.0
2024-07-10,87.397,88.45,86.871,88.029,1589007.0
2024-07-11,88.45,89.187,87.924,88.556,1225747.0
2024-07-12,88.661,90.767,88.556,89.398,1658303.0
2024-07-15,88.977,89.187,88.24,88.345,730868.0
2024-07-16,88.345,89.082,87.924,88.24,795552.0
2024-07-17,88.24,89.819,88.134,89.082,1414230.0
2024-07-18,89.293,89.293,88.134,89.082,904813.0
2024-07-19,88.766,88.766,87.819,88.345,946524.0
2024-07-22,88.45,88.872,87.503,87.819,1073568.0
2024-07-23,87.819,88.24,86.976,87.081,926130.0
2024-07-24,86.871,87.187,85.397,85.397,1549031.0
2024-07-25,85.291,85.923,85.081,85.502,906831.0
2024-07-26,85.502,86.45,85.502,85.923,900535.0
2024-07-29,85.923,86.028,85.081,85.397,789555.0
2024-07-30,85.397,86.344,85.186,86.028,1039820.0
2024-07-31,86.028,88.029,85.713,87.924,1570923.0
2024-08-01,87.924,88.45,86.766,86.871,1273599.0
2024-08-02,86.555,87.292,86.45,86.66,895555.0
2024-08-05,86.45,88.24,86.344,86.45,1551284.0
2024-08-06,86.976,87.503,86.66,87.503,1199960.0
2024-08-07,87.187,87.187,86.555,86.766,996034.0
2024-08-08,87.081,90.03,86.766,88.556,2873086.0
2024-08-09,88.24,91.925,88.24,91.504,4182940.0
2024-08-12,91.083,91.188,88.977,89.925,3180778.0
2024-08-13,89.714,90.03,88.766,89.503,1448643.0
2024-08-14,89.293,89.714,88.766,89.398,1059516.0
2024-08-15,89.082,92.873,88.766,92.873,3733899.0
2024-08-16,92.346,93.294,91.293,91.399,2879654.0
2024-08-19,91.399,93.505,90.556,92.557,2216982.0
2024-08-20,92.557,93.61,91.293,91.504,1793347.0
2024-08-21,91.399,91.82,89.819,91.083,1911350.0
2024-08-22,90.872,92.136,90.662,90.872,1408582.0
2024-08-23,91.083,91.293,89.609,90.346,1089288.0
2024-08-26,90.03,92.241,89.398,91.188,1520409.0
2024-08-27,90.767,90.978,88.872,88.872,1237377.0
2024-08-28,88.766,89.082,87.397,87.819,1084343.0
2024-08-29,87.608,88.872,87.503,88.345,818883.0
2024-08-30,88.134,91.715,87.819,91.715,2190898.0
2024-09-02,91.188,92.452,90.451,91.293,2167688.0
2024-09-03,91.083,94.979,90.872,94.347,3298374.0
2024-09-04,93.715,97.296,93.399,94.768,3259940.0
2024-09-05,96.664,96.769,93.715,95.295,3043303.0
2024-09-06,94.137,94.558,92.557,92.768,2403726.0
2024-09-09,92.136,93.821,91.504,93.084,1595879.0
2024-09-10,92.978,93.294,91.82,92.662,1010750.0
2024-09-11,92.241,93.715,92.031,93.084,1179864.0
2024-09-12,92.873,93.505,91.504,91.609,1585500.0
2024-09-13,91.715,92.978,91.609,91.715,1248380.0
2024-09-18,91.82,95.19,91.715,94.031,2213638.0
2024-09-19,93.926,97.927,93.505,97.085,4299001.0
2024-09-20,95.084,98.349,94.452,97.611,3759869.0
2024-09-23,96.769,98.033,96.558,96.874,2098714.0
2024-09-24,98.875,99.296,95.084,97.401,3462842.0
2024-09-25,96.874,100.981,96.874,97.927,3551776.0
2024-09-26,96.98,102.245,96.98,102.245,3952693.0
2024-09-27,105.193,106.983,104.982,106.983,1869097.0
2024-09-30,112.248,112.248,110.247,112.248,2611675.0
2024-10-08,118.04,118.04,109.405,114.459,7836247.0
2024-10-09,110.458,110.458,108.457,108.457,1893513.0
2024-10-10,105.193,109.51,103.298,106.351,3653878.0
2024-10-11,105.404,109.3,104.667,108.036,2866613.0
2024-10-14,110.142,112.038,107.931,110.774,2843315.0
2024-10-15,110.774,114.144,110.037,111.195,2946832.0
2024-10-16,113.406,116.881,112.143,116.881,4145929.0
2024-10-17,116.776,116.776,110.669,110.669,3551300.0
2024-10-18,109.3,113.512,107.51,111.09,2947555.0
2024-10-21,110.353,113.722,109.089,112.459,2241203.0
2024-10-22,111.827,114.249,111.3,113.617,1977831.0
2024-10-23,113.091,116.565,112.88,114.459,1978146.0
2024-10-24,113.722,114.67,111.932,112.353,1253431.0
2024-10-25,112.353,114.249,111.511,111.722,1658564.0
2024-10-28,111.511,114.986,111.511,114.144,2041567.0
2024-10-29,113.617,115.828,112.564,112.985,1454576.0
2024-10-30,113.406,118.777,113.406,116.039,2982592.0
2024-10-31,114.67,122.146,114.354,119.093,3923950.0
2024-11-01,118.671,122.989,117.513,119.198,3052643.0
2024-11-04,118.987,119.514,114.565,116.776,2441597.0
2024-11-05,116.144,120.988,116.144,119.409,2243167.0
2024-11-06,119.093,123.094,116.355,120.988,2733991.0
2024-11-07,119.409,125.832,119.093,124.042,2809004.0
2024-11-08,124.779,125.621,119.724,120.04,2471182.0
2024-11-11,118.461,119.093,116.565,118.461,1746271.0
2024-11-12,118.145,120.146,116.987,117.934,1270039.0
2024-11-13,117.618,118.566,114.881,115.723,1301438.0
2024-11-14,116.776,117.197,112.248,112.88,1858072.0
2024-11-15,112.564,112.985,110.037,110.142,1644140.0
2024-11-18,111.511,113.196,110.669,111.195,1453128.0
2024-11-19,110.985,111.406,108.984,111.3,1228326.0
2024-11-20,110.669,111.827,110.353,111.406,780026.0
2024-11-21,110.985,111.616,110.142,110.563,635754.0
2024-11-22,110.563,113.828,110.247,110.563,1317775.0
2024-11-25,110.458,110.669,108.457,109.826,1055715.0
2024-11-26,109.405,111.722,109.089,110.985,928300.0
2024-11-27,110.563,113.722,109.51,113.196,1281092.0
2024-11-28,112.88,114.354,112.353,113.301,1111918.0
2024-11-29,112.775,117.724,112.775,115.828,1726501.0
2024-12-02,115.618,117.303,114.986,115.934,1180351.0
2024-12-03,115.723,116.776,114.775,115.618,1023308.0
2024-12-04,116.039,116.039,113.301,113.617,787155.0
2024-12-05,113.301,113.722,112.038,113.617,739282.0
2024-12-06,113.406,115.091,112.143,113.722,920807.0
2024-12-09,112.985,113.722,110.353,110.985,1585133.0
2024-12-10,114.986,115.197,111.09,111.195,2492640.0
2024-12-11,110.774,112.88,110.458,112.038,1302577.0
2024-12-12,111.827,113.512,110.985,112.775,1026307.0
2024-12-13,111.511,111.722,108.984,109.089,1865857.0
2024-12-16,109.194,109.3,106.246,106.667,1508979.0
2024-12-17,106.667,107.404,105.72,105.825,1024970.0
2024-12-18,106.246,106.457,104.982,105.298,901288.0
2024-12-19,104.245,104.877,103.508,103.929,1237224.0
2024-12-20,103.719,104.14,103.087,103.508,703427.0
2024-12-23,103.614,103.719,102.561,102.876,799628.0
2024-12-24,102.771,103.824,102.666,103.298,861292.0
2024-12-25,103.403,103.508,101.613,102.982,823804.0
2024-12-26,102.666,103.192,102.139,102.561,591840.0
2024-12-27,102.561,103.719,102.245,103.298,950025.0
2024-12-30,102.982,103.087,101.718,102.455,946147.0
2024-12-31,102.561,103.087,100.77,100.77,994316.0
2025-01-02,100.876,103.298,100.244,100.665,1357451.0
2025-01-03,100.77,101.929,99.823,100.033,981926.0
2025-01-06,100.139,100.455,98.875,99.717,889753.0
2025-01-07,99.717,101.297,99.296,101.192,936833.0
2025-01-08,100.876,101.297,99.296,100.876,782398.0
2025-01-09,100.455,101.613,100.244,101.086,537992.0
2025-01-10,101.192,101.508,99.296,99.296,648198.0
2025-01-13,98.98,100.981,98.559,100.349,814037.0
2025-01-14,100.244,102.034,100.139,101.613,802900.0
2025-01-15,101.508,103.087,100.349,102.139,867458.0
2025-01-16,102.034,103.087,101.297,101.929,662280.0
2025-01-17,102.245,105.298,102.034,104.14,2137851.0
2025-01-20,103.298,104.667,101.613,103.298,1618060.0
2025-01-21,103.087,106.773,102.876,105.72,2037297.0
2025-01-22,104.877,105.298,103.192,103.614,1051586.0
2025-01-23,103.824,106.457,103.824,104.14,1395177.0
2025-01-24,103.929,104.14,102.561,102.876,753484.0
2025-01-27,103.403,105.298,102.876,102.876,806289.0
2025-02-05,102.771,103.087,101.297,102.876,761431.0
2025-02-06,102.771,104.14,102.139,102.666,997722.0
2025-02-07,102.455,105.298,102.35,104.245,1306346.0
2025-02-10,104.14,105.193,103.929,104.456,815482.0
2025-02-11,104.772,104.982,102.876,102.982,731481.0
2025-02-12,103.087,105.193,102.034,105.193,1512555.0
2025-02-13,104.035,108.036,103.824,106.878,2383883.0
2025-02-14,106.457,107.088,104.982,105.614,1046134.0
2025-02-17,105.72,106.562,104.877,105.088,902234.0
2025-02-18,105.088,105.193,103.298,103.824,770575.0
2025-02-19,103.824,104.877,103.508,104.561,610248.0
2025-02-20,104.245,104.351,103.192,103.298,685482.0
2025-02-21,103.403,104.035,102.034,102.666,1322534.0
2025-02-24,102.35,104.667,102.35,103.719,1297339.0
2025-02-25,103.298,104.351,102.561,102.666,903645.0
2025-02-26,102.982,104.982,102.876,104.982,1321118.0
2025-02-27,104.667,107.194,104.667,105.72,1342885.0
2025-02-28,105.93,106.878,104.772,104.877,1262818.0
2025-03-03,105.404,108.141,105.404,106.351,1615083.0
2025-03-04,106.035,106.773,105.614,106.667,751010.0
2025-03-05,106.667,106.773,103.614,104.351,1495647.0
2025-03-06,104.351,105.93,104.035,105.509,1180936.0
2025-03-07,104.877,105.825,103.719,105.509,1197552.0
2025-03-10,105.404,105.614,104.14,104.456,687648.0
2025-03-11,103.614,104.456,103.192,104.245,562199.0
2025-03-12,104.245,104.561,103.508,103.929,584705.0
2025-03-13,103.929,104.035,102.982,103.298,491115.0
2025-03-14,103.508,105.825,103.403,105.298,1154801.0
2025-03-17,105.509,106.351,105.404,105.825,605549.0
2025-03-18,105.825,106.141,105.193,105.404,424596.0
2025-03-19,105.404,106.035,104.982,105.193,385429.0
2025-03-20,105.193,105.93,104.772,104.877,329698.0
2025-03-21,104.772,104.877,103.719,103.929,464963.0
2025-03-24,103.824,104.456,101.929,102.455,865302.0
2025-03-25,102.455,102.982,102.245,102.666,469435.0
2025-03-26,102.666,104.772,102.455,103.614,963197.0
2025-03-27,103.614,103.929,103.087,103.298,356883.0
2025-03-28,103.508,104.035,102.982,103.614,412075.0
2025-03-31,103.298,103.403,101.929,102.245,508049.0
2025-04-01,102.35,102.771,101.086,101.823,702055.0
2025-04-02,101.613,102.666,100.77,102.35,905857.0
2025-04-03,101.823,105.825,101.508,103.824,1431719.0
2025-04-07,102.245,103.192,98.875,99.507,1506976.0
2025-04-08,99.507,102.771,99.402,102.139,1153420.0
2025-04-09,101.192,105.93,100.77,105.193,1714292.0
2025-04-10,104.245,106.878,103.087,106.351,1586026.0
2025-04-11,105.72,105.93,104.245,104.877,966095.0
2025-04-14,104.561,105.298,104.035,104.456,749276.0
2025-04-15,104.561,104.877,103.824,104.456,533855.0
2025-04-16,104.456,106.141,104.351,105.72,1091685.0
2025-04-17,105.509,110.037,105.193,107.404,2257593.0
2025-04-18,107.51,108.247,105.825,107.404,1631635.0
2025-04-21,106.457,107.404,105.825,106.983,1022610.0
2025-04-22,106.773,108.457,106.667,107.931,896067.0
2025-04-23,107.51,107.826,105.93,106.457,1205121.0
2025-04-24,106.351,107.931,106.141,107.088,944369.0
2025-04-25,107.194,109.51,104.456,104.772,2748184.0
2025-04-28,103.614,103.719,99.717,100.244,2729194.0
2025-04-29,99.928,100.349,99.086,99.928,1612389.0
2025-04-30,99.507,100.665,99.507,99.717,984699.0
2025-05-06,99.928,100.139,99.296,99.717,1333165.0
2025-05-07,100.77,102.35,100.244,100.455,1678787.0
2025-05-08,100.244,100.349,99.717,100.033,1094774.0
2025-05-09,99.823,99.823,98.243,98.454,1341597.0
2025-05-12,98.664,98.875,98.454,98.77,585577.0
2025-05-13,98.98,98.98,98.243,98.454,801620.0
2025-05-14,98.349,98.875,97.611,98.664,879899.0
2025-05-15,98.454,98.664,97.822,97.822,564530.0
2025-05-16,97.927,98.349,97.717,97.927,501832.0
2025-05-19,97.822,98.77,97.822,98.349,683071.0
2025-05-20,98.243,98.454,97.927,98.033,509698.0
2025-05-21,98.033,98.138,97.296,97.401,798053.0
2025-05-22,97.401,97.401,96.243,96.348,726299.0
2025-05-23,96.348,96.558,95.4,95.4,847564.0
2025-05-26,95.19,95.821,95.084,95.716,543600.0
2025-05-27,95.611,96.032,95.611,95.927,395458.0
2025-05-28,95.927,96.032,95.295,95.505,416723.0
2025-05-29,95.4,96.137,95.295,95.927,483481.0
2025-05-30,95.821,95.927,95.19,95.19,584307.0
2025-06-03,94.768,95.084,93.61,93.715,1321723.0
2025-06-04,93.821,94.347,93.61,94.242,880797.0
2025-06-05,94.031,94.979,94.031,94.347,693136.0
2025-06-06,94.242,94.558,93.61,93.821,709838.0
2025-06-09,93.821,94.242,93.61,93.926,874711.0
2025-06-10,93.821,94.874,93.715,94.137,997064.0
2025-06-11,94.031,95.084,93.926,94.663,1046142.0
2025-06-12,94.452,94.558,93.821,94.031,716761.0
2025-06-13,93.926,94.031,92.873,92.873,860204.0
2025-06-16,93.084,94.558,93.084,94.242,1221430.0
2025-06-17,94.242,94.347,93.715,94.031,614301.0
2025-06-18,93.821,94.031,92.873,93.715,781455.0
2025-06-19,93.399,93.61,92.346,92.557,828087.0
2025-06-20,92.557,92.978,92.346,92.557,448023.0
2025-06-23,92.346,92.978,91.715,92.978,681526.0
2025-06-24,92.873,93.715,92.768,93.505,730661.0
2025-06-25,93.399,94.242,93.084,94.031,1045503.0
2025-06-26,94.031,94.768,93.821,93.926,724567.0
2025-06-27,93.926,94.558,93.821,94.031,714659.0
2025-06-30,94.031,94.768,93.926,94.558,759608.0
2025-07-01,94.558,94.663,93.61,93.926,699670.0
2025-07-02,93.926,94.663,93.715,94.558,891528.0
2025-07-03,94.347,94.979,94.137,94.242,704209.0
2025-07-04,94.242,94.347,93.505,93.61,856672.0
2025-07-07,93.61,96.243,93.505,95.505,2512974.0
2025-07-08,95.4,95.927,95.084,95.716,1225317.0
2025-07-09,95.716,96.664,95.611,96.137,1396647.0
2025-07-10,96.032,98.454,95.927,98.033,2425103.0
2025-07-11,97.717,98.243,97.19,97.717,1450558.0
2025-07-14,97.296,97.506,96.032,96.243,1586924.0
2025-07-15,95.716,95.927,94.663,95.4,1588013.0
2025-07-16,95.19,95.611,94.663,94.979,1078663.0
2025-07-17,94.874,95.084,94.242,94.874,1047971.0
2025-07-18,94.979,95.19,94.663,94.874,897882.0
2025-07-21,94.874,95.19,94.663,94.979,1078021.0
2025-07-22,95.084,95.927,94.347,95.927,1717658.0
2025-07-23,95.821,97.506,95.716,96.453,2246043.0
2025-07-24,96.243,97.611,95.716,97.401,1726293.0
2025-07-25,97.19,97.927,96.769,97.506,1499309.0
2025-07-28,97.401,97.717,96.453,97.296,1248018.0
2025-07-29,97.19,97.506,96.664,97.506,1137778.0
2025-07-30,97.296,97.822,96.243,96.348,1424755.0
2025-07-31,96.032,96.137,94.137,94.242,1812976.0
2025-08-01,94.242,94.452,93.926,94.031,645180.0
2025-08-04,93.926,94.031,93.505,94.031,619460.0
2025-08-05,93.926,94.347,93.926,94.137,786013.0
2025-08-06,94.031,94.242,93.61,93.821,970075.0
2025-08-07,93.821,94.874,93.399,94.768,1358311.0
2025-08-08,94.663,95.4,94.137,95.19,1383898.0
2025-08-11,95.4,96.453,95.19,96.137,1456165.0
2025-08-12,96.032,96.874,95.821,96.137,845454.0
2025-08-13,96.243,96.558,95.821,96.032,639118.0
2025-08-14,96.137,96.769,95.295,95.295,930020.0
2025-08-15,95.295,97.717,95.295,96.874,1870347.0
2025-08-18,96.769,96.98,95.927,96.137,1305728.0
2025-08-19,96.348,97.19,96.348,96.453,1206823.0
2025-08-20,96.348,96.664,96.032,96.558,741343.0
2025-08-21,96.348,96.769,96.137,96.453,704891.0
2025-08-22,96.348,96.664,95.927,96.558,852724.0
2025-08-25,96.874,100.77,96.769,99.296,4526644.0
2025-08-26,98.77,99.086,98.243,98.875,1980331.0
2025-08-27,98.559,98.98,96.98,96.98,1569372.0
2025-08-28,97.085,98.033,96.558,97.611,1605328.0
2025-08-29,98.138,98.454,97.296,97.611,2165400.0
2025-09-01,97.401,98.349,96.558,97.506,1208753.0
2025-09-02,97.401,97.927,96.558,96.98,997240.0
2025-09-03,97.19,97.296,95.611,95.716,1299661.0
2025-09-04,95.716,96.032,94.874,95.4,807587.0
2025-09-05,95.505,95.821,95.084,95.716,821638.0
2025-09-08,96.348,97.506,96.032,97.506,1570997.0
2025-09-09,97.085,99.191,96.769,98.559,1936797.0
2025-09-10,98.138,98.559,97.717,98.243,891832.0
2025-09-11,98.033,98.243,97.401,98.033,799753.0
2025-09-12,98.349,99.612,98.033,99.086,1785568.0
2025-09-15,98.77,99.823,98.138,99.612,1244662.0
2025-09-16,99.402,100.665,99.296,100.56,1714106.0
2025-09-17,100.244,100.455,99.402,100.244,862452.0
2025-09-18,100.033,100.139,97.717,98.033,1409629.0
2025-09-19,98.033,99.191,97.085,98.875,1354547.0
2025-09-22,98.454,98.98,97.506,98.454,975261.0
2025-09-23,97.927,98.454,95.927,96.453,1343230.0
2025-09-24,96.348,98.559,96.137,97.822,1360139.0
2025-09-25,97.822,98.033,97.085,97.506,800137.0
2025-09-26,97.296,98.664,96.98,97.19,1445644.0
2025-09-29,97.085,97.927,96.453,97.822,906257.0
2025-09-30,97.717,100.665,97.401,100.349,2354105.0
2025-10-09,100.665,100.665,98.454,99.928,1556423.0
2025-10-10,99.507,102.666,99.402,100.77,1308623.0
2025-10-13,99.612,100.56,99.296,99.928,1212191.0
2025-10-14,99.823,101.192,99.717,99.823,981622.0
2025-10-15,99.823,100.349,98.77,99.402,925719.0
2025-10-16,99.191,99.823,98.243,98.664,850296.0
2025-10-17,98.664,99.612,97.717,97.822,750408.0
2025-10-20,98.033,98.243,97.401,97.822,630570.0
2025-10-21,97.822,98.664,97.611,98.454,675656.0
2025-10-22,98.349,99.928,98.138,98.77,988390.0
2025-10-23,98.77,98.98,96.98,97.611,1127974.0
2025-10-24,97.506,97.927,96.98,97.085,700973.0
2025-10-27,97.19,97.296,96.348,96.558,1052649.0
2025-10-28,96.558,96.769,96.137,96.348,573602.0
2025-10-29,96.243,96.98,95.927,96.664,755684.0
2025-10-30,96.769,96.769,95.716,95.716,735347.0
2025-10-31,96.032,96.243,95.716,95.821,594896.0
2025-11-03,95.927,96.137,95.716,95.927,372241.0
2025-11-04,95.927,96.137,95.611,95.821,461670.0
2025-11-05,95.611,95.927,95.505,95.821,359483.0
2025-11-06,95.716,95.927,95.295,95.4,625153.0
2025-11-07,95.4,95.611,95.19,95.295,489827.0
2025-11-10,95.4,96.348,95.19,96.243,918064.0
2025-11-11,96.243,96.664,95.927,96.453,584695.0
2025-11-12,96.453,96.453,95.927,96.243,429097.0
2025-11-13,96.032,96.664,95.821,96.558,653276.0
2025-11-14,96.348,96.98,96.243,96.453,718824.0
2025-11-17,96.348,96.664,96.243,96.558,571644.0
2025-11-18,96.348,96.558,94.452,94.663,1255560.0
2025-11-19,94.558,94.663,93.294,93.715,820069.0
2025-11-20,93.821,95.611,93.294,94.663,1144196.0
2025-11-21,93.926,95.084,93.399,93.505,854440.0
2025-11-24,93.61,94.452,93.294,93.399,826704.0
2025-11-25,93.399,94.137,93.189,93.505,888796.0
2025-11-26,93.399,93.715,91.925,92.136,1325360.0
2025-11-27,91.609,92.136,90.451,91.504,1941447.0
2025-11-28,91.188,91.504,90.346,91.083,1223286.0
2025-12-01,90.872,91.083,89.609,89.925,1780140.0
2025-12-02,89.714,90.135,89.609,89.714,1076477.0
2025-12-03,89.819,89.819,88.556,88.661,1175157.0
2025-12-04,88.45,89.398,88.45,88.977,966281.0
2025-12-05,88.872,89.398,88.029,89.293,1411191.0
2025-12-08,88.977,89.503,88.556,88.766,1038786.0
2025-12-09,88.556,88.661,87.713,87.713,1090696.0
2025-12-10,87.608,90.346,87.503,89.609,2371011.0
2025-12-11,88.977,89.082,88.029,88.029,1456823.0
2025-12-12,88.556,88.872,87.819,87.924,925077.0
2025-12-15,87.187,87.819,86.976,87.292,805431.0
2025-12-16,87.397,88.134,87.292,87.819,952803.0
2025-12-17,87.608,87.819,87.081,87.713,708521.0
2025-12-18,87.503,87.819,87.397,87.503,577095.0
2025-12-19,87.397,88.24,87.292,88.029,979246.0
2025-12-22,87.819,88.345,87.608,87.924,717380.0
2025-12-23,87.819,87.924,87.081,87.187,881336.0
2025-12-24,87.081,87.397,87.081,87.292,476500.0
2025-12-25,87.503,87.713,87.187,87.503,461066.0
2025-12-26,87.397,87.819,87.397,87.503,569437.0
2025-12-29,87.503,87.713,87.081,87.187,669065.0
2025-12-30,87.081,87.187,86.555,86.555,778389.0
2025-12-31,86.871,87.292,86.555,86.871,729749.0
2026-01-05,86.976,88.24,86.871,87.608,1395614.0
2026-01-06,87.503,88.45,87.397,88.24,1507532.0
2026-01-07,88.134,88.766,87.819,87.819,899916.0
2026-01-08,87.713,89.187,87.503,88.661,1368264.0
2026-01-09,88.556,88.872,88.134,88.556,1200794.0
2026-01-12,88.45,88.45,87.924,88.24,927986.0
2026-01-13,88.134,88.661,87.713,87.819,1018520.0
2026-01-14,87.713,88.134,87.187,87.397,1183329.0
2026-01-15,87.397,88.345,87.187,87.819,1394894.0
2026-01-16,88.134,88.134,86.871,86.976,998562.0
2026-01-19,86.871,87.292,86.66,86.976,514581.0
2026-01-20,86.976,88.134,86.871,87.924,1317779.0
2026-01-21,87.608,88.45,87.608,88.24,1235443.0
2026-01-22,88.24,88.45,87.819,88.345,929154.0
2026-01-23,88.24,88.766,87.924,88.766,1002030.0
2026-01-26,88.24,88.661,87.819,87.924,1141134.0
2026-01-27,87.924,88.029,86.766,87.081,1207405.0
2026-01-28,87.292,87.924,87.187,87.713,1201313.0
2026-01-29,87.503,90.346,87.397,89.925,3239571.0
2026-01-30,89.714,89.925,88.45,88.872,1856275.0
2026-02-02,88.45,88.977,87.397,87.397,1419522.0
2026-02-03,87.713,88.24,87.292,87.713,945507.0
2026-02-04,87.608,90.24,87.397,89.714,2576886.0
2026-02-05,89.714,90.978,89.398,90.24,1957243.0
2026-02-06,89.925,90.24,89.293,89.609,1039995.0
2026-02-09,89.819,93.084,89.819,91.609,2849811.0
2026-02-10,91.504,91.609,90.662,90.872,1464303.0
2026-02-11,90.662,91.188,90.135,90.451,1300502.0
2026-02-12,90.662,91.188,89.819,90.03,1199332.0
2026-02-13,90.03,90.451,89.398,89.503,967882.0
2026-02-24,89.819,90.03,89.187,89.819,863205.0
2026-02-25,89.819,91.504,89.819,90.767,1566200.0
2026-02-26,90.662,90.767,88.977,88.977,1854706.0
2026-02-27,88.872,89.293,88.766,89.293,599873.0
2026-03-02,88.872,89.187,88.134,88.45,878769.0
2026-03-03,88.45,88.661,87.503,87.503,848386.0
2026-03-04,87.292,87.608,86.766,87.187,794931.0
2026-03-05,87.608,87.713,87.187,87.397,527485.0
2026-03-06,87.292,87.713,87.187,87.713,619752.0
2026-03-09,87.187,87.292,86.555,87.081,805719.0
2026-03-10,87.187,87.503,87.081,87.292,486841.0
2026-03-11,87.187,87.503,86.976,87.397,544864.0
2026-03-12,87.292,87.608,87.081,87.187,571413.0
2026-03-13,87.187,88.134,87.081,87.292,1104440.0
2026-03-16,87.503,87.924,87.292,87.292,776922.0
2026-03-17,87.503,88.45,87.397,87.608,1225501.0
2026-03-18,87.713,87.819,86.66,86.976,932667.0
2026-03-19,86.766,86.871,86.239,86.344,750527.0
2026-03-20,86.45,86.555,85.713,85.713,708463.0
2026-03-23,85.397,85.397,83.396,83.607,996935.0
2026-03-24,83.922,84.133,83.396,84.133,702137.0
2026-03-25,84.028,84.554,83.922,84.344,485220.0
2026-03-26,84.344,84.66,83.501,83.712,510000.0
2026-03-27,83.396,84.028,83.185,83.817,469480.0
2026-03-30,83.396,83.712,83.08,83.607,480818.0
2026-03-31,83.607,84.133,83.291,83.396,528615.0
2026-04-01,83.817,83.922,83.291,83.607,540073.0
2026-04-02,83.501,83.501,82.554,82.659,645825.0
2026-04-03,82.764,82.764,81.816,81.922,474887.0
2026-04-07,81.922,82.448,81.816,82.343,438946.0
2026-04-08,82.764,83.396,82.659,83.291,748060.0
2026-04-09,83.185,83.817,82.764,83.291,773782.0
2026-04-10,83.607,84.238,83.607,83.712,539967.0
2026-04-13,83.501,84.344,83.396,84.028,598047.0
2026-04-14,84.238,85.081,83.817,84.87,989332.0
2026-04-15,84.87,85.397,84.238,84.449,880315.0
2026-04-16,84.344,84.66,84.133,84.238,530104.0
2026-04-17,84.344,85.186,84.133,84.554,835624.0
2026-04-20,84.449,84.554,83.817,84.028,618189.0
2026-04-21,84.028,84.344,83.712,83.817,388599.0
2026-04-22,83.712,83.817,83.396,83.607,367007.0
2026-04-23,83.607,83.607,83.08,83.08,457697.0
2026-04-24,83.08,83.08,82.554,82.659,427135.0
2026-04-27,82.764,83.08,82.448,82.975,411799.0
2026-04-28,82.869,83.501,82.764,83.08,554852.0
2026-04-29,83.396,84.87,83.396,84.87,1271484.0
2026-04-30,84.765,85.397,84.344,85.186,1141857.0
2026-05-06,85.397,86.134,84.765,85.923,1075302.0
2026-05-07,85.818,86.766,85.397,85.923,1190599.0
2026-05-08,85.818,86.66,85.713,85.923,803001.0
2026-05-11,86.028,88.977,85.923,87.924,2383153.0
2026-05-12,87.608,88.134,86.976,87.503,1094293.0
2026-05-13,87.397,87.608,86.239,86.66,1037494.0
2026-05-14,86.66,86.871,85.397,85.502,661595.0
2026-05-15,85.397,85.607,84.554,84.87,682172.0
2026-05-18,84.66,84.765,83.712,83.922,775489.0
2026-05-19,83.922,84.87,83.922,84.66,686512.0
2026-05-20,84.554,84.554,83.712,84.133,516334.0
2026-05-21,84.133,84.344,82.764,82.869,862829.0
2026-05-22,83.08,83.291,82.764,82.975,523585.0
2026-05-25,82.869,83.607,82.869,83.291,522709.0
2026-05-26,83.291,83.291,82.659,83.08,482406.0
2026-05-27,82.975,83.08,82.027,82.343,633581.0
2026-05-28,82.238,82.869,82.132,82.448,559962.0
2026-05-29,82.554,85.081,82.554,83.607,1706249.0
2026-06-01,83.291,84.133,82.869,83.922,826964.0
2026-06-02,83.817,84.133,82.764,83.08,838416.0
2026-06-03,82.869,82.975,82.132,82.448,647740.0
2026-06-04,82.238,82.764,81.922,82.132,554047.0
2026-06-05,82.132,82.975,82.132,82.343,500800.0
2026-06-08,81.816,82.238,81.185,81.395,558151.0
2026-06-09,81.501,81.606,80.658,80.869,502605.0
2026-06-10,80.763,81.079,80.553,80.974,404808.0
2026-06-11,80.763,81.185,80.658,80.763,347828.0
2026-06-12,80.869,81.395,80.658,81.079,389626.0
2026-06-15,81.185,81.606,80.869,81.185,357714.0
2026-06-16,81.079,81.185,80.342,80.553,487902.0
2026-06-17,80.553,80.763,79.71,80.132,611365.0
2026-06-18,79.921,80.132,79.079,79.184,725290.0
2026-06-22,78.973,79.5,78.552,79.395,756513.0
2026-06-23,79.289,80.132,79.079,79.289,624261.0
2026-06-24,79.289,79.289,77.92,78.026,865988.0
2026-06-25,77.815,78.236,77.394,77.92,827212.0
2026-06-26,77.92,78.447,77.078,77.078,1120973.0
2026-06-29,76.973,77.499,76.025,77.289,988153.0
2026-06-30,77.183,77.289,76.657,76.867,572720.0
2026-07-01,76.867,78.657,76.762,77.815,1110896.0
2026-07-02,77.815,78.447,77.289,77.499,732117.0
2026-07-03,77.604,78.026,77.289,77.71,588409.0
2026-07-06,77.71,78.026,77.499,77.815,533252.0
2026-07-07,77.71,77.71,76.551,76.657,735439.0
2026-07-08,76.657,77.183,76.446,77.078,536416.0
2026-07-09,76.973,77.289,76.551,76.973,526957.0
2026-07-10,76.973,78.552,76.657,78.236,1170970.0
2026-07-13,77.92,78.236,76.973,77.183,840019.0
2026-07-14,77.183,77.499,76.867,77.499,471370.0
2026-07-15,77.394,78.552,77.289,78.236,822066.0
2026-07-16,78.131,78.763,77.815,78.763,891907.0
2026-07-17,78.552,79.079,77.499,77.71,919683.0
2026-07-20,77.815,78.447,77.394,78.026,826619.0
2026-07-21,77.92,78.131,77.394,77.71,599665.0
2026-07-22,77.604,78.447,77.499,78.236,860967.0
2026-07-23,78.131,78.447,77.71,78.342,528028.0
2026-07-24,78.131,78.447,77.183,77.289,603327.0
2026-07-27,77.289,77.92,77.183,77.92,404985.0
2026-07-28,77.71,78.236,77.71,77.92,455394.0
2026-07-29,77.92,78.763,77.815,78.552,803954.0
2026-07-30,78.447,79.184,78.342,78.763,944327.0
2026-07-31,78.552,78.973,78.447,78.973,699257.0
2026-08-03,78.763,79.289,78.657,79.289,580091.0
2026-08-04,79.184,79.289,78.552,78.657,706768.0
2026-08-05,78.552,78.868,78.342,78.763,565294.0
2026-08-06,78.657,78.973,78.236,78.657,720311.0
2026-08-07,78.552,78.657,77.815,78.342,772875.0
2026-08-10,78.447,78.868,78.447,78.657,661680.0
2026-08-11,78.552,78.868,78.236,78.342,790897.0
2026-08-12,78.342,79.395,78.236,79.184,1465253.0
2026-08-13,79.079,79.395,78.447,78.552,1052162.0
2026-08-14,78.447,78.552,77.604,77.815,1111328.0
2026-08-17,77.815,77.92,77.394,77.815,497956.0
2026-08-18,77.815,78.131,77.604,77.815,627608.0
2026-08-19,77.71,78.026,77.499,77.71,621125.0
2026-08-20,77.604,79.395,77.499,78.552,1446197.0
2026-08-21,78.342,78.447,77.604,77.92,993441.0
2026-08-24,77.92,78.026,77.499,77.604,705024.0
2026-08-25,77.604,78.236,77.499,78.131,703882.0
2026-08-26,78.026,78.763,78.026,78.657,707617.0
2026-08-27,78.552,78.868,78.342,78.552,509432.0
2026-08-28,78.447,79.289,78.342,78.973,945838.0
2026-08-31,80.132,80.237,78.447,78.447,1868590.0
2026-09-01,78.236,79.395,78.236,78.973,1349353.0
2026-09-02,78.868,79.184,78.131,78.657,1055945.0
2026-09-03,78.552,79.5,78.342,78.973,1339252.0
2026-09-04,78.973,80.448,78.868,79.816,1718281.0
2026-09-07,79.71,80.026,79.395,79.605,928789.0
2026-09-08,79.5,80.132,79.5,79.921,1054699.0
2026-09-09,79.71,79.816,78.973,79.079,847968.0
2026-09-10,79.079,79.184,78.552,78.868,641490.0
2026-09-11,78.657,78.763,77.71,77.92,1009710.0
2026-09-14,77.71,78.026,77.604,77.815,527088.0
2026-09-15,77.71,77.815,77.289,77.289,578160.0
2026-09-16,77.183,77.394,76.867,77.289,529691.0
2026-09-17,77.078,77.394,76.973,77.289,537384.0
2026-09-18,77.289,78.657,77.183,78.342,1401338.0
2026-09-21,77.92,80.763,77.815,80.658,3730433.0
2026-09-22,80.237,81.395,80.026,80.974,3060372.0
2026-09-23,80.763,82.554,80.658,81.079,3159499.0
2026-09-24,80.974,81.079,79.816,80.026,1670444.0
2026-09-28,79.921,80.237,79.605,79.921,1110486.0
2026-09-29,80.132,81.816,80.132,81.501,2451153.0
