date,open,high,low,close,volume
2016-01-04,282.582,284.113,264.594,265.359,617134.0
2016-01-05,263.445,270.717,257.705,266.507,686224.0
2016-01-06,267.655,275.693,265.742,275.31,546352.0
2016-01-07,271.483,272.248,256.174,257.322,158925.0
2016-01-08,261.149,269.569,255.791,265.359,694599.0
2016-01-11,262.68,269.569,258.47,258.853,535135.0
2016-01-12,259.236,263.445,254.643,261.149,484486.0
2016-01-13,261.149,263.063,255.791,256.174,362516.0
2016-01-14,252.729,258.47,246.223,258.087,468929.0
2016-01-15,257.322,257.322,245.84,246.988,479450.0
2016-01-18,240.482,248.519,240.482,245.457,459246.0
2016-01-19,245.84,253.877,244.309,251.581,401919.0
2016-01-20,250.05,251.198,245.457,246.988,342835.0
2016-01-21,243.927,249.285,241.63,242.013,292987.0
2016-01-22,245.075,245.457,240.482,243.161,250891.0
2016-01-25,244.692,246.223,242.778,243.927,203601.0
2016-01-26,245.075,245.457,225.556,227.469,489132.0
2016-01-27,229.383,230.148,217.518,224.408,441187.0
2016-01-28,222.877,227.852,214.839,215.222,400719.0
2016-01-29,214.839,220.963,213.691,219.815,423616.0
2016-02-01,219.049,219.049,209.864,212.926,367827.0
2016-02-02,212.926,218.667,212.926,216.753,264325.0
2016-02-03,215.222,217.518,212.543,217.136,267718.0
2016-02-04,217.136,220.198,216.37,219.049,324021.0
2016-02-05,218.667,219.432,217.518,217.901,215225.0
2016-02-15,212.16,215.988,211.778,215.222,265158.0
2016-02-16,216.37,222.494,215.222,221.728,373231.0
2016-02-17,222.111,225.173,221.346,223.642,357261.0
2016-02-18,242.396,242.396,242.396,242.396,328831.0
2016-02-19,244.309,248.136,240.482,243.544,1140517.0
2016-02-22,246.223,247.754,241.247,244.692,767970.0
2016-02-23,245.075,245.84,238.951,241.247,461388.0
2016-02-24,240.482,242.396,237.803,241.247,346867.0
2016-02-25,241.63,241.63,221.346,224.025,532120.0
2016-02-26,225.556,228.235,223.259,226.321,381486.0
2016-02-29,226.321,226.704,215.222,222.877,408439.0
2016-03-01,222.877,228.235,221.728,227.087,306211.0
2016-03-02,226.321,242.013,225.556,238.568,764906.0
2016-03-03,237.803,246.606,236.655,241.63,806239.0
2016-03-04,240.482,258.853,238.568,247.371,1345909.0
2016-03-07,249.667,255.791,245.84,247.754,667141.0
2016-03-08,248.902,248.902,238.568,245.457,662946.0
2016-03-09,240.482,243.161,236.655,242.396,374514.0
2016-03-10,243.161,245.457,238.951,239.334,265849.0
2016-03-11,237.803,238.951,235.124,237.803,223842.0
2016-03-14,239.717,249.667,239.334,244.309,544325.0
2016-03-15,244.309,245.84,241.247,242.778,317277.0
2016-03-16,242.778,245.457,242.013,244.692,444407.0
2016-03-17,244.692,246.988,242.778,246.606,396641.0
2016-03-18,246.606,250.05,245.457,248.519,840045.0
2016-03-21,251.198,260.384,250.05,256.174,1315362.0
2016-03-22,253.877,256.556,251.964,252.729,571513.0
2016-03-23,253.112,261.149,251.964,257.705,780773.0
2016-03-24,256.939,256.939,250.816,251.581,448176.0
2016-03-25,250.433,253.495,250.05,252.729,266614.0
2016-03-28,253.877,255.791,250.05,251.964,288419.0
2016-03-29,251.198,252.346,246.988,247.754,217571.0
2016-03-30,249.285,253.877,248.902,252.729,324123.0
2016-03-31,254.643,255.791,251.581,253.495,313306.0
2016-04-01,250.816,253.112,247.371,251.964,326977.0
2016-04-05,252.346,255.408,251.198,253.877,538699.0
2016-04-06,253.112,254.26,250.816,252.346,350648.0
2016-04-07,253.112,253.877,249.285,249.667,259658.0
2016-04-08,248.519,248.519,242.396,245.075,304039.0
2016-04-11,251.964,263.445,250.433,256.939,1199166.0
2016-04-12,256.556,259.236,252.346,254.643,436251.0
2016-04-13,257.705,265.359,257.322,260.384,952466.0
2016-04-14,261.532,266.507,261.149,263.445,711602.0
2016-04-15,261.915,269.952,261.915,268.421,869061.0
2016-04-18,266.125,266.507,257.705,259.236,572706.0
2016-04-19,260.766,262.297,255.791,258.853,273243.0
2016-04-20,258.853,260.001,245.075,252.729,736380.0
2016-04-21,251.964,252.729,248.519,248.902,281286.0
2016-04-22,248.902,251.198,245.84,247.371,344123.0
2016-04-25,247.371,247.371,243.161,245.457,235683.0
2016-04-26,245.457,247.754,244.309,247.371,173661.0
2016-04-27,247.754,247.754,243.544,244.692,188381.0
2016-04-28,244.692,245.457,240.482,242.778,223406.0
2016-04-29,242.778,243.927,240.865,242.396,196158.0
2016-05-03,243.161,247.371,242.013,247.371,314958.0
2016-05-04,246.223,247.754,245.457,246.988,216307.0
2016-05-05,246.606,246.988,244.309,246.988,209985.0
2016-05-06,246.223,248.136,240.482,240.482,287463.0
2016-05-09,238.568,238.951,226.321,228.235,604882.0
2016-05-10,228.235,229.766,225.938,227.469,413035.0
2016-05-11,227.852,229.0,225.173,227.087,205884.0
2016-05-12,226.321,227.469,221.728,227.469,203753.0
2016-05-13,227.087,230.531,225.938,227.469,165233.0
2016-05-16,227.087,228.235,223.642,228.235,273317.0
2016-05-17,228.618,228.618,225.938,227.469,178590.0
2016-05-18,226.321,226.321,222.111,224.408,262981.0
2016-05-19,224.025,225.938,223.642,223.642,147393.0
2016-05-20,222.494,225.173,220.963,225.173,129733.0
2016-05-23,225.938,226.704,225.173,226.321,139796.0
2016-05-24,225.938,226.321,222.877,223.642,157352.0
2016-05-25,224.408,225.556,223.259,223.642,123247.0
2016-05-26,223.642,225.173,221.346,224.79,138680.0
2016-05-27,224.79,225.173,222.877,224.025,99401.0
2016-05-30,224.408,224.79,222.494,224.025,101679.0
2016-05-31,223.642,230.914,223.259,230.531,360342.0
2016-06-01,230.531,232.062,229.383,229.766,243607.0
2016-06-02,229.383,230.148,227.852,229.0,233562.0
2016-06-03,229.0,230.148,227.852,229.766,281837.0
2016-06-06,229.766,230.914,228.235,229.766,191567.0
2016-06-07,229.383,229.766,227.469,228.618,127552.0
2016-06-08,228.618,228.618,226.321,227.852,167734.0
2016-06-13,226.321,226.321,222.111,222.494,236368.0
2016-06-14,222.494,225.173,222.494,224.79,188871.0
2016-06-15,223.259,227.469,222.494,227.087,205046.0
2016-06-16,227.087,228.618,225.556,226.321,169557.0
2016-06-17,225.938,227.852,225.938,227.852,193049.0
2016-06-20,227.469,227.852,225.556,226.704,136091.0
2016-06-21,227.087,228.235,225.556,225.938,237857.0
2016-06-22,225.556,226.704,225.173,226.704,118198.0
2016-06-23,226.321,226.704,223.259,225.173,316448.0
2016-06-24,225.173,226.321,222.111,223.259,249787.0
2016-06-27,222.494,225.556,222.111,225.173,187621.0
2016-06-28,224.79,225.938,223.259,225.556,179230.0
2016-06-29,225.556,230.914,225.173,228.618,348847.0
2016-06-30,228.618,229.0,227.087,227.852,173099.0
2016-07-01,227.852,229.0,227.469,228.618,152493.0
2016-07-04,228.235,232.445,227.852,232.062,397315.0
2016-07-05,232.062,245.075,231.297,237.803,672011.0
2016-07-06,236.655,236.655,232.827,235.889,372508.0
2016-07-07,235.507,235.889,233.593,235.507,257089.0
2016-07-08,235.124,235.507,232.827,234.741,198979.0
2016-07-11,234.741,237.037,234.358,235.507,441545.0
2016-07-12,235.507,241.247,233.593,240.099,521484.0
2016-07-13,240.482,242.778,238.568,239.334,422578.0
2016-07-14,238.951,238.951,237.42,238.568,206726.0
2016-07-15,239.334,240.099,237.42,238.568,214645.0
2016-07-18,237.803,238.186,235.507,236.655,202493.0
2016-07-19,236.272,236.655,234.358,236.272,209964.0
2016-07-20,235.889,237.037,235.124,236.272,195445.0
2016-07-21,236.272,238.186,235.507,237.42,182699.0
2016-07-22,237.42,239.717,236.272,237.42,261170.0
2016-07-25,236.655,240.482,235.889,240.099,315365.0
2016-07-26,239.717,241.63,239.334,240.482,254613.0
2016-07-27,241.63,244.309,232.062,235.507,478569.0
2016-07-28,234.741,238.186,233.21,236.655,267513.0
2016-07-29,236.272,237.037,234.741,235.124,78813.0
2016-08-01,237.42,242.778,236.272,237.037,401700.0
2016-08-02,238.186,240.099,236.655,238.951,227880.0
2016-08-03,238.186,238.951,237.037,237.803,165421.0
2016-08-04,237.803,238.568,237.037,237.803,153046.0
2016-08-05,237.803,239.334,237.037,238.568,183717.0
2016-08-08,237.803,240.865,236.272,240.865,252596.0
2016-08-09,240.099,242.778,238.951,241.63,303606.0
2016-08-10,241.63,242.396,240.865,241.247,173816.0
2016-08-11,240.865,242.013,238.568,238.568,180870.0
2016-08-12,238.568,241.247,237.803,241.247,177524.0
2016-08-15,241.247,246.606,240.482,245.075,502251.0
2016-08-16,246.223,250.433,245.075,247.754,575656.0
2016-08-17,246.988,248.136,245.457,246.223,263858.0
2016-08-18,246.223,247.754,244.692,246.988,236293.0
2016-08-19,246.606,249.667,245.075,249.285,328697.0
2016-08-22,249.667,251.198,245.075,245.84,273379.0
2016-08-23,245.457,248.136,244.309,245.457,187134.0
2016-08-24,244.692,245.457,242.013,242.778,209243.0
2016-08-25,242.013,242.396,237.42,239.717,211788.0
2016-08-26,239.334,241.63,239.334,240.482,127727.0
2016-08-29,240.482,242.396,238.951,240.865,130456.0
2016-08-30,240.865,241.247,238.568,239.717,128296.0
2016-08-31,239.717,239.717,237.42,238.568,168085.0
2016-09-01,238.951,238.951,235.889,236.272,244043.0
2016-09-02,236.272,238.186,235.889,237.803,160721.0
2016-09-05,237.803,240.482,237.803,239.334,218904.0
2016-09-06,238.951,245.457,238.951,244.692,478496.0
2016-09-07,244.692,255.026,243.161,250.05,949042.0
2016-09-08,250.05,250.05,246.988,248.902,317548.0
2016-09-09,249.667,253.877,248.136,248.519,366096.0
2016-09-12,246.223,248.136,243.544,247.754,402702.0
2016-09-13,248.136,249.285,245.075,246.606,224687.0
2016-09-14,245.84,247.754,244.692,246.988,154220.0
2016-09-19,246.988,252.729,246.606,251.581,370285.0
2016-09-20,251.964,252.346,249.285,251.964,212164.0
2016-09-21,251.581,253.495,250.433,250.433,199197.0
2016-09-22,250.816,252.346,249.667,250.433,182824.0
2016-09-23,250.433,252.346,250.05,250.433,163134.0
2016-09-26,249.667,252.346,244.309,244.692,289662.0
2016-09-27,244.692,245.84,241.63,244.692,208490.0
2016-09-28,245.457,245.84,242.778,243.161,97500.0
2016-09-29,243.161,245.457,242.778,243.927,118098.0
2016-09-30,243.161,245.84,243.161,245.457,112600.0
2016-10-10,245.84,249.285,244.692,247.371,221072.0
2016-10-11,247.371,252.346,247.371,250.05,220407.0
2016-10-12,250.433,250.433,247.754,248.519,117962.0
2016-10-13,248.136,256.174,247.754,254.26,709570.0
2016-10-14,253.877,254.26,251.198,253.112,236620.0
2016-10-17,252.346,253.495,248.519,248.902,231024.0
2016-10-18,248.902,254.26,248.519,253.495,224448.0
2016-10-19,253.877,255.408,251.964,253.112,224907.0
2016-10-20,252.729,254.643,250.816,252.729,171315.0
2016-10-21,252.729,269.569,251.964,260.766,1057119.0
2016-10-24,260.766,266.125,258.853,262.68,783002.0
2016-10-25,262.68,265.359,257.322,260.001,442602.0
2016-10-26,259.618,262.297,257.705,260.001,272452.0
2016-10-27,260.001,262.68,258.47,261.915,319862.0
2016-10-28,261.149,267.655,260.766,265.359,551426.0
2016-10-31,264.976,264.976,260.001,261.149,303629.0
2016-11-01,261.532,263.828,260.001,261.915,196516.0
2016-11-02,261.532,265.359,260.766,261.149,318228.0
2016-11-03,259.618,263.828,258.47,261.149,279919.0
2016-11-04,260.384,267.655,260.384,263.828,492878.0
2016-11-07,263.828,264.211,261.149,261.915,229204.0
2016-11-08,263.828,269.569,261.149,269.186,615000.0
2016-11-09,268.038,273.779,266.507,269.569,799388.0
2016-11-10,281.051,284.495,275.693,276.841,970264.0
2016-11-11,279.52,290.619,277.224,285.644,1219833.0
2016-11-14,284.495,303.249,282.582,299.804,1459883.0
2016-11-15,298.273,304.014,291.767,294.446,899555.0
2016-11-16,294.063,295.977,289.471,293.298,542119.0
2016-11-17,292.533,301.718,288.705,298.273,597479.0
2016-11-18,297.125,298.656,291.767,293.298,492205.0
2016-11-21,293.298,298.273,290.619,292.15,390675.0
2016-11-22,292.15,295.212,289.471,294.063,404688.0
2016-11-23,292.533,294.829,287.174,289.471,405023.0
2016-11-24,288.705,291.002,285.644,286.792,367900.0
2016-11-25,287.557,291.002,286.409,289.088,418411.0
2016-11-28,289.471,296.743,289.471,294.829,588319.0
2016-11-29,295.594,298.273,289.088,295.594,620447.0
2016-11-30,293.681,293.681,284.495,284.878,627198.0
2016-12-01,284.878,288.323,280.285,283.347,492273.0
2016-12-02,282.964,284.495,279.903,281.051,377986.0
2016-12-05,279.137,279.903,273.396,274.545,417908.0
2016-12-06,273.779,278.372,273.396,275.693,368967.0
2016-12-07,275.693,282.199,271.865,281.816,396658.0
2016-12-08,284.878,293.681,284.113,291.002,876843.0
2016-12-09,291.002,294.446,287.557,289.471,357983.0
2016-12-12,290.619,291.767,273.779,280.285,470208.0
2016-12-13,277.224,284.113,276.458,282.582,244771.0
2016-12-14,282.582,287.174,281.051,283.73,257027.0
2016-12-15,282.964,288.705,282.199,284.495,372489.0
2016-12-16,283.347,283.73,277.989,280.285,311220.0
2016-12-19,279.903,279.903,273.779,274.545,262863.0
2016-12-20,274.162,276.075,271.483,274.162,159266.0
2016-12-21,273.396,277.606,273.014,277.224,208785.0
2016-12-22,275.31,277.989,274.545,275.31,140956.0
2016-12-23,275.31,276.841,269.952,270.335,192056.0
2016-12-26,269.569,274.162,264.976,273.779,230491.0
2016-12-27,274.162,274.927,269.952,272.631,173418.0
2016-12-28,272.248,272.631,267.655,268.804,227230.0
2016-12-29,266.507,273.396,266.507,268.804,163358.0
2016-12-30,268.804,271.865,268.038,269.569,191344.0
2017-01-03,269.569,275.31,269.186,274.927,183695.0
2017-01-04,274.545,277.224,273.779,277.224,195717.0
2017-01-05,277.224,293.681,276.841,288.323,756464.0
2017-01-06,287.557,291.002,284.495,285.644,244382.0
2017-01-09,285.261,297.125,284.495,294.063,548970.0
2017-01-10,292.533,294.446,289.088,290.619,217155.0
2017-01-11,289.088,290.619,284.113,284.113,232984.0
2017-01-12,283.73,287.174,281.434,282.199,138403.0
2017-01-13,282.199,286.792,279.137,284.878,216855.0
2017-01-16,284.113,290.236,277.224,284.878,690544.0
2017-01-17,286.026,292.15,284.495,291.384,380249.0
2017-01-18,291.002,293.681,288.705,291.002,221775.0
2017-01-19,289.854,292.533,287.174,288.323,158338.0
2017-01-20,287.94,290.236,284.113,290.236,163070.0
2017-01-23,290.619,300.187,290.619,294.446,444300.0
2017-01-24,294.446,297.891,292.915,296.36,345985.0
2017-01-25,295.594,301.718,294.063,295.212,307500.0
2017-01-26,295.594,299.804,293.681,299.422,260977.0
2017-02-03,299.422,302.101,295.977,299.422,269952.0
2017-02-06,299.039,304.014,297.508,302.483,306817.0
2017-02-07,302.101,310.903,301.718,310.521,753220.0
2017-02-08,311.286,311.669,304.014,309.372,584639.0
2017-02-09,308.224,314.348,307.076,313.2,706873.0
2017-02-10,313.582,326.978,311.286,317.792,1092008.0
2017-02-13,317.027,320.089,313.965,318.941,699263.0
2017-02-14,320.089,323.916,317.41,322.002,566330.0
2017-02-15,321.237,321.237,310.903,313.2,808705.0
2017-02-16,313.582,321.237,313.582,315.496,516589.0
2017-02-17,315.113,319.706,313.965,315.113,497704.0
2017-02-20,313.965,320.854,313.582,315.496,755463.0
2017-02-21,316.644,320.089,312.052,316.262,706132.0
2017-02-22,317.41,323.916,313.582,320.854,907689.0
2017-02-23,322.002,324.681,319.323,322.768,667183.0
2017-02-24,322.002,323.151,316.644,319.706,454035.0
2017-02-27,319.706,320.854,313.965,314.348,495375.0
2017-02-28,315.879,316.644,313.582,315.496,273585.0
2017-03-01,315.496,316.644,312.434,316.262,487912.0
2017-03-02,315.496,318.558,309.755,314.348,575807.0
2017-03-03,312.052,312.434,307.076,308.224,447592.0
2017-03-06,309.372,315.113,309.372,315.113,614014.0
2017-03-07,315.496,319.323,313.582,318.558,489058.0
2017-03-08,320.089,325.064,318.558,319.323,683041.0
2017-03-09,319.323,322.385,315.496,318.175,316824.0
2017-03-10,319.323,327.361,319.323,323.151,645642.0
2017-03-13,326.212,332.719,324.299,329.274,877449.0
2017-03-14,328.126,336.163,327.361,329.657,677870.0
2017-03-15,330.805,330.805,325.447,326.978,349381.0
2017-03-16,326.978,329.657,319.323,322.385,858992.0
2017-03-17,322.385,324.299,319.323,322.385,478994.0
2017-03-20,322.002,322.385,317.41,320.089,436722.0
2017-03-21,318.941,322.768,318.558,321.237,377069.0
2017-03-22,319.706,328.126,318.558,323.533,749377.0
2017-03-23,323.533,325.064,318.175,322.385,681311.0
2017-03-24,323.151,327.743,319.323,327.361,635036.0
2017-03-27,328.126,332.336,323.533,324.299,540572.0
2017-03-28,323.533,323.916,319.706,321.237,309884.0
2017-03-29,321.237,327.361,320.472,322.768,431289.0
2017-03-30,322.385,324.299,314.731,315.879,618965.0
2017-03-31,315.879,318.175,310.138,311.669,422593.0
2017-04-05,330.04,330.04,315.496,317.41,2637113.0
2017-04-06,317.027,320.089,312.052,316.644,896498.0
2017-04-07,316.262,317.792,312.052,313.582,614646.0
2017-04-10,313.965,316.644,312.434,313.965,444542.0
2017-04-11,315.113,319.323,312.052,317.027,904364.0
2017-04-12,314.731,314.731,306.311,307.459,864259.0
2017-04-13,306.311,308.607,305.545,306.693,308343.0
2017-04-14,306.311,308.99,299.804,300.57,474338.0
2017-04-17,300.187,300.57,293.298,296.743,554342.0
2017-04-18,299.422,301.718,295.212,296.743,415562.0
2017-04-19,296.36,298.273,290.236,295.212,403787.0
2017-04-20,295.594,297.891,292.533,297.508,326534.0
2017-04-21,298.656,301.335,298.656,300.57,334044.0
2017-04-24,302.101,302.101,292.533,292.915,323426.0
2017-04-25,292.533,298.273,292.533,296.743,287817.0
2017-04-26,296.36,304.014,296.36,303.249,465606.0
2017-04-27,302.866,305.928,298.656,305.545,373510.0
2017-04-28,306.311,307.842,300.57,305.163,519531.0
2017-05-02,304.014,307.842,302.101,304.78,369303.0
2017-05-03,304.78,310.903,304.78,310.903,560202.0
2017-05-04,307.842,313.965,307.842,310.521,591692.0
2017-05-05,308.99,310.521,300.953,303.632,638391.0
2017-05-08,301.718,301.718,292.915,299.422,534925.0
2017-05-09,297.891,299.422,295.594,297.125,265479.0
2017-05-10,297.508,299.039,288.705,289.471,301570.0
2017-05-11,288.705,294.063,282.199,288.705,500071.0
2017-05-12,288.705,292.915,288.705,291.384,321066.0
2017-05-15,295.594,297.125,291.384,292.533,269353.0
2017-05-16,291.767,294.829,285.261,294.446,390460.0
2017-05-17,294.829,296.743,293.681,294.063,360846.0
2017-05-18,291.767,296.743,289.854,293.681,243800.0
2017-05-19,292.915,295.977,290.619,292.533,222076.0
2017-05-22,292.533,297.508,291.002,292.533,232743.0
2017-05-23,291.384,292.915,286.792,292.533,409594.0
2017-05-24,291.002,292.533,287.94,292.15,188695.0
2017-05-25,292.15,299.422,291.002,297.891,400832.0
2017-05-26,296.743,303.632,296.743,300.57,338586.0
2017-05-31,302.101,307.842,299.804,300.187,323872.0
2017-06-01,298.273,304.397,298.273,302.866,275873.0
2017-06-02,302.483,302.483,296.743,301.335,271013.0
2017-06-05,302.101,304.014,298.656,299.422,252453.0
2017-06-06,299.039,300.187,296.743,298.273,182146.0
2017-06-07,297.891,302.866,297.125,302.866,272174.0
2017-06-08,303.632,303.632,300.953,302.483,207552.0
2017-06-09,300.953,316.644,300.953,315.496,1035056.0
2017-06-12,313.965,319.323,312.817,315.113,728973.0
2017-06-13,315.496,319.706,313.965,316.262,414513.0
2017-06-14,315.496,321.237,314.348,316.644,527288.0
2017-06-15,315.496,319.323,313.582,317.027,444028.0
2017-06-16,316.644,317.792,311.669,313.965,347277.0
2017-06-19,316.262,322.768,315.496,322.002,603391.0
2017-06-20,322.385,324.299,319.323,320.854,335394.0
2017-06-21,326.595,326.595,318.941,321.237,411833.0
2017-06-22,321.237,334.632,320.472,326.978,1039818.0
2017-06-23,326.212,332.719,325.447,332.336,719147.0
2017-06-26,333.867,360.275,333.101,353.386,1563380.0
2017-06-27,352.238,355.682,348.41,354.534,1004679.0
2017-06-28,354.917,355.299,345.731,347.645,873064.0
2017-06-29,349.559,351.855,346.114,348.793,656950.0
2017-06-30,348.028,348.41,342.287,347.262,645661.0
2017-07-03,347.645,348.41,340.373,344.966,584406.0
2017-07-04,343.818,350.707,343.052,346.114,683967.0
2017-07-05,346.497,349.941,343.435,349.941,596751.0
2017-07-06,349.559,349.559,338.46,341.139,847508.0
2017-07-07,339.225,343.435,338.46,341.904,577668.0
2017-07-10,341.521,354.917,338.842,353.769,1348082.0
2017-07-11,352.62,352.62,344.2,344.583,895681.0
2017-07-12,343.435,345.731,335.398,340.373,742084.0
2017-07-13,340.373,347.262,334.632,335.398,951861.0
2017-07-14,335.781,344.2,335.398,343.435,682516.0
2017-07-17,343.435,346.88,331.953,339.608,929598.0
2017-07-18,338.077,346.88,335.015,346.497,666985.0
2017-07-19,349.176,360.275,347.262,359.509,1758762.0
2017-07-20,359.892,366.016,354.534,356.448,1088532.0
2017-07-21,356.448,360.658,353.003,356.83,739810.0
2017-07-24,359.127,369.078,357.596,361.423,1220342.0
2017-07-25,361.04,364.485,358.361,361.04,732877.0
2017-07-26,363.337,369.078,359.127,361.423,914782.0
2017-07-27,360.658,362.189,350.707,353.769,1035162.0
2017-07-28,355.299,356.448,350.324,353.003,609770.0
2017-07-31,353.386,362.189,350.707,361.806,931249.0
2017-08-01,361.806,371.374,361.423,369.078,1324188.0
2017-08-02,369.078,369.46,361.806,362.571,746080.0
2017-08-03,365.25,370.991,361.806,366.781,692878.0
2017-08-04,367.164,382.473,365.633,375.201,1545961.0
2017-08-07,373.67,377.115,366.399,376.349,994612.0
2017-08-08,375.201,379.794,369.078,372.522,826770.0
2017-08-09,374.818,377.88,367.164,374.818,922369.0
2017-08-10,372.905,374.818,361.423,363.719,1121417.0
2017-08-11,359.892,359.892,342.67,344.583,1489150.0
2017-08-14,344.2,350.324,343.818,349.941,557946.0
2017-08-15,349.941,351.855,345.349,348.028,530906.0
2017-08-16,348.028,349.559,344.583,346.497,396751.0
2017-08-17,346.88,351.855,346.497,350.324,392960.0
2017-08-18,349.176,350.707,346.497,349.176,260078.0
2017-08-21,349.559,354.917,349.559,353.769,371235.0
2017-08-22,352.238,355.299,349.941,353.386,272461.0
2017-08-23,353.003,353.386,345.349,346.114,377925.0
2017-08-24,346.88,349.559,344.966,346.497,223069.0
2017-08-25,346.497,353.386,346.497,352.62,451232.0
2017-08-28,353.003,365.25,352.238,361.04,741737.0
2017-08-29,361.04,362.571,357.596,361.806,500587.0
2017-08-30,338.842,349.176,329.274,344.583,2517607.0
2017-08-31,344.966,344.966,330.04,336.163,1611195.0
2017-09-01,335.781,336.163,331.953,334.25,1015838.0
2017-09-04,333.867,334.632,330.422,333.484,850300.0
2017-09-05,333.484,335.781,331.188,334.632,656903.0
2017-09-06,333.101,335.781,331.188,334.25,606557.0
2017-09-07,334.25,339.225,333.101,336.163,642123.0
2017-09-08,336.546,338.842,333.867,335.015,470935.0
2017-09-11,334.25,334.25,329.274,331.188,702574.0
2017-09-12,331.188,331.571,327.361,329.274,646407.0
2017-09-13,328.509,336.929,328.126,335.015,769036.0
2017-09-14,335.398,337.311,331.571,333.101,397598.0
2017-09-15,333.484,333.867,329.657,330.805,314262.0
2017-09-18,330.805,335.398,330.805,335.015,370534.0
2017-09-19,335.781,336.163,331.953,333.101,342841.0
2017-09-20,334.25,334.25,330.04,331.953,378543.0
2017-09-21,331.953,331.953,328.509,328.509,423257.0
2017-09-22,329.274,329.274,320.472,322.002,611032.0
2017-09-25,321.237,321.62,315.879,316.644,505560.0
2017-09-26,316.644,318.941,315.113,317.792,335931.0
2017-09-27,317.027,326.212,314.731,325.447,651942.0
2017-09-28,325.447,326.595,322.768,322.768,352465.0
2017-09-29,323.916,330.422,323.916,329.274,416485.0
2017-10-09,331.953,334.632,331.188,333.867,589453.0
2017-10-10,333.484,335.015,331.188,334.632,399933.0
2017-10-11,334.632,335.015,332.719,333.484,299823.0
2017-10-12,333.867,336.929,332.336,335.398,373612.0
2017-10-13,335.015,341.139,334.25,338.842,629342.0
2017-10-16,339.608,339.99,334.25,337.694,413938.0
2017-10-17,342.67,350.324,338.46,339.225,878605.0
2017-10-18,339.225,342.287,336.929,341.521,422587.0
2017-10-19,341.521,341.904,335.015,335.398,294114.0
2017-10-20,334.25,338.46,333.484,337.694,286979.0
2017-10-23,336.546,339.608,333.867,335.781,331601.0
2017-10-24,337.311,342.287,337.311,338.842,281303.0
2017-10-25,341.521,350.324,339.608,349.176,832275.0
2017-10-26,348.41,357.596,347.262,355.682,1095404.0
2017-10-27,354.917,359.892,351.09,352.238,674299.0
2017-10-30,352.62,356.83,344.583,353.769,711092.0
2017-10-31,353.769,354.151,347.262,351.09,466518.0
2017-11-01,351.09,357.213,349.176,350.324,595420.0
2017-11-02,347.262,349.176,336.546,337.311,930461.0
2017-11-03,337.311,338.842,330.04,338.077,760063.0
2017-11-06,337.694,337.694,332.336,335.781,404216.0
2017-11-07,335.781,343.052,335.015,339.225,679348.0
2017-11-08,339.608,349.559,338.46,344.966,1442867.0
2017-11-09,345.349,351.855,340.373,346.88,1069238.0
2017-11-10,347.262,364.485,344.966,362.954,2168803.0
2017-11-13,362.954,375.967,356.83,370.226,1924347.0
2017-11-14,368.312,370.226,359.127,365.633,1156875.0
2017-11-15,362.571,363.719,355.299,356.83,876169.0
2017-11-16,356.83,364.102,356.065,359.509,814908.0
2017-11-17,362.189,377.115,357.213,370.226,1963749.0
2017-11-20,365.25,379.028,363.719,376.349,1561725.0
2017-11-21,374.436,381.708,370.991,381.325,1817254.0
2017-11-22,374.818,375.201,366.781,370.226,2539270.0
2017-11-23,370.226,382.473,361.04,363.719,2138417.0
2017-11-24,358.744,361.806,349.559,360.275,1296154.0
2017-11-27,357.979,358.744,349.559,354.151,905259.0
2017-11-28,354.534,362.189,351.855,360.658,720782.0
2017-11-29,361.423,388.214,358.361,386.3,2095623.0
2017-11-30,384.769,386.683,375.967,382.09,1663270.0
2017-12-01,383.238,386.683,377.115,384.387,1114258.0
2017-12-04,382.473,385.535,372.139,382.09,1177208.0
2017-12-05,378.646,389.362,376.732,381.708,1999398.0
2017-12-06,379.028,385.917,371.374,384.769,1244279.0
2017-12-07,382.856,387.448,374.053,377.115,953815.0
2017-12-08,374.436,374.436,363.337,367.547,1373290.0
2017-12-11,366.781,373.67,364.102,373.288,863007.0
2017-12-12,373.67,376.732,363.719,364.485,874646.0
2017-12-13,362.189,362.571,354.917,361.423,1073959.0
2017-12-14,359.892,368.695,358.361,363.337,810944.0
2017-12-15,361.423,365.633,355.299,360.658,778095.0
2017-12-18,359.127,364.102,356.83,363.337,669230.0
2017-12-19,363.337,364.868,359.127,363.337,618360.0
2017-12-20,363.337,363.719,351.09,351.855,1041837.0
2017-12-21,349.941,361.04,348.793,356.83,671349.0
2017-12-22,358.361,361.423,354.917,355.682,448141.0
2017-12-25,365.25,374.053,355.682,361.04,1513316.0
2017-12-26,364.102,389.362,361.04,384.769,2683804.0
2017-12-27,381.325,385.152,375.201,378.646,1831233.0
2017-12-28,380.942,392.424,374.436,384.769,2190091.0
2017-12-29,382.09,386.3,380.177,384.387,1030978.0
2018-01-02,387.831,407.733,387.831,400.078,2284533.0
2018-01-03,398.93,403.906,396.251,399.696,1452443.0
2018-01-04,399.313,402.375,394.72,398.547,1218637.0
2018-01-05,397.782,411.56,396.251,404.288,1958388.0
2018-01-08,405.819,420.745,405.819,415.387,2042043.0
2018-01-09,413.474,418.066,405.436,410.412,1359931.0
2018-01-10,408.498,412.326,401.226,410.412,1247763.0
2018-01-11,407.733,408.116,391.658,396.251,1602882.0
2018-01-12,390.51,399.696,387.831,394.72,1218039.0
2018-01-15,393.189,398.165,385.535,389.745,1275591.0
2018-01-16,392.041,405.054,391.276,404.671,1443428.0
2018-01-17,407.733,410.029,390.51,395.486,1358925.0
2018-01-18,392.424,405.436,388.597,404.288,1364746.0
2018-01-19,408.116,415.005,397.399,400.078,1369502.0
2018-01-22,397.017,400.461,390.51,398.93,1043113.0
2018-01-23,397.399,408.881,394.337,408.498,1389757.0
2018-01-24,406.585,409.646,399.696,405.819,1352584.0
2018-01-25,403.14,417.301,401.609,412.326,1610030.0
2018-01-26,412.326,419.215,408.498,414.622,1117315.0
2018-01-29,414.622,419.215,392.807,396.634,1726528.0
2018-01-30,393.189,397.399,385.917,387.448,1245307.0
2018-01-31,385.535,395.486,383.238,388.979,1227984.0
2018-02-01,386.3,392.807,378.646,392.041,1378080.0
2018-02-02,385.535,393.955,384.004,392.424,892274.0
2018-02-05,385.535,404.288,385.535,400.461,1185227.0
2018-02-06,393.572,404.288,382.856,390.893,1940607.0
2018-02-07,397.399,398.547,362.954,375.967,1630679.0
2018-02-08,371.374,375.967,364.102,372.139,877871.0
2018-02-09,358.744,358.744,338.842,354.151,1540805.0
2018-02-12,353.003,356.83,346.497,353.003,769398.0
2018-02-13,357.213,361.423,355.682,356.448,662644.0
2018-02-14,356.065,358.744,351.09,356.065,307127.0
2018-02-22,360.658,368.312,357.213,367.547,660335.0
2018-02-23,369.078,369.46,362.571,365.633,402072.0
2018-02-26,366.781,375.584,366.399,372.905,844459.0
2018-02-27,373.288,373.288,362.954,363.337,1024665.0
2018-02-28,359.509,359.509,348.41,354.151,1298691.0
2018-03-01,349.941,354.917,348.793,351.855,998204.0
2018-03-02,349.176,351.472,346.497,347.645,774364.0
2018-03-05,349.176,351.855,344.966,348.028,926897.0
2018-03-06,349.941,360.658,345.731,359.127,1434246.0
2018-03-07,359.892,366.399,355.682,357.596,1232306.0
2018-03-08,359.509,361.04,356.065,360.275,589512.0
2018-03-09,361.04,362.954,358.361,362.571,983063.0
2018-03-12,363.719,369.078,363.719,364.102,1200898.0
2018-03-13,364.868,365.633,352.62,355.682,1143134.0
2018-03-14,353.769,354.917,349.559,353.003,723282.0
2018-03-15,353.769,357.596,351.855,356.065,553522.0
2018-03-16,356.065,358.361,353.386,353.769,496671.0
2018-03-19,352.62,354.534,350.324,353.769,519252.0
2018-03-20,350.324,354.151,348.793,353.769,537825.0
2018-03-21,353.769,355.682,347.645,351.472,672974.0
2018-03-22,351.09,351.472,344.583,349.941,650357.0
2018-03-23,337.311,349.559,331.953,349.176,1429501.0
2018-03-26,341.521,344.2,338.46,341.521,558932.0
2018-03-27,345.349,346.88,341.521,343.435,567089.0
2018-03-28,340.373,341.521,331.953,335.015,766827.0
2018-03-29,335.781,343.052,325.83,339.225,947474.0
2018-03-30,339.225,340.756,336.163,338.077,450398.0
2018-04-02,341.139,351.472,338.46,349.559,1094286.0
2018-04-03,346.497,353.769,345.731,348.793,668217.0
2018-04-04,348.793,353.003,344.2,345.349,536349.0
2018-04-09,345.349,352.62,343.435,349.941,631028.0
2018-04-10,353.003,356.83,351.472,356.448,645343.0
2018-04-11,357.213,367.164,357.213,366.016,1125310.0
2018-04-12,363.719,369.843,363.719,368.312,981910.0
2018-04-13,368.312,370.991,362.571,362.954,529614.0
2018-04-16,362.571,362.571,350.324,356.065,981269.0
2018-04-17,356.83,359.127,351.09,352.62,508590.0
2018-04-18,358.744,361.806,349.941,357.213,608324.0
2018-04-19,356.83,361.806,350.324,354.534,715612.0
2018-04-20,353.386,355.682,349.559,354.917,484609.0
2018-04-23,353.386,361.04,351.855,360.658,607934.0
2018-04-24,362.571,373.67,361.423,364.485,1428034.0
2018-04-25,364.868,368.695,361.04,367.929,541769.0
2018-04-26,377.115,379.411,365.633,367.929,1098886.0
2018-04-27,372.139,374.053,364.868,370.991,676412.0
2018-05-02,371.374,374.053,361.806,362.954,727113.0
2018-05-03,362.571,370.991,360.658,370.608,802150.0
2018-05-04,369.843,369.843,362.954,363.719,654945.0
2018-05-07,365.25,368.312,361.806,367.929,858409.0
2018-05-08,367.547,374.053,366.781,372.139,955184.0
2018-05-09,371.374,375.201,369.46,373.288,696170.0
2018-05-10,374.436,375.967,367.929,370.991,509327.0
2018-05-11,371.757,371.757,362.954,363.719,748749.0
2018-05-14,362.571,365.633,361.423,364.102,477434.0
2018-05-15,364.485,375.201,364.102,374.818,1203931.0
2018-05-16,373.288,374.436,369.46,371.374,658523.0
2018-05-17,371.374,372.522,366.399,368.695,512018.0
2018-05-18,369.078,370.991,363.337,370.991,653118.0
2018-05-21,373.288,374.818,367.929,369.46,869729.0
2018-05-22,369.078,369.078,362.571,366.016,659584.0
2018-05-23,366.399,366.399,358.744,359.127,670184.0
2018-05-24,359.127,360.658,351.855,352.238,718710.0
2018-05-25,351.855,354.534,348.41,353.769,500596.0
2018-05-28,353.769,356.065,351.09,354.917,329090.0
2018-05-29,354.534,360.275,353.386,357.213,515528.0
2018-05-30,354.917,354.917,341.521,344.2,709740.0
2018-05-31,345.731,347.645,341.521,346.88,644046.0
2018-06-01,345.349,353.769,340.373,348.028,644328.0
2018-06-04,348.028,350.707,346.114,349.559,535722.0
2018-06-05,349.559,353.386,344.966,350.324,620818.0
2018-06-06,349.176,354.534,347.645,352.238,597721.0
2018-06-07,352.62,355.299,350.324,351.09,439171.0
2018-06-08,350.324,352.238,345.349,349.559,527010.0
2018-06-11,348.028,354.151,346.497,352.62,511887.0
2018-06-12,353.769,377.115,353.769,370.608,2140986.0
2018-06-13,371.374,372.139,365.633,369.46,977612.0
2018-06-14,367.164,370.991,362.189,367.164,812171.0
2018-06-15,368.695,369.46,359.892,367.547,851170.0
2018-06-19,362.189,370.226,357.979,367.164,2068071.0
2018-06-20,361.423,365.25,351.472,359.127,1010835.0
2018-06-21,357.979,376.349,357.596,367.164,1451850.0
2018-06-22,367.164,381.325,361.04,380.559,1360559.0
2018-06-25,383.621,385.152,374.818,375.584,1176977.0
2018-06-26,369.843,379.794,360.658,375.201,1318029.0
2018-06-27,372.139,382.856,368.312,374.818,1194618.0
2018-06-28,373.288,375.201,364.102,364.868,760304.0
2018-06-29,364.485,380.942,363.719,380.559,1080231.0
2018-07-02,379.028,382.09,362.954,368.312,1178978.0
2018-07-03,364.485,371.374,361.04,369.843,1031194.0
2018-07-04,366.399,369.843,348.41,349.559,1463029.0
2018-07-05,348.793,353.003,345.349,349.559,791149.0
2018-07-06,347.645,351.855,333.101,344.2,1079847.0
2018-07-09,344.583,351.472,344.583,351.472,569499.0
2018-07-10,353.003,358.361,352.62,354.534,551498.0
2018-07-11,349.559,357.213,345.349,351.472,492818.0
2018-07-12,351.09,361.04,350.324,359.127,742438.0
2018-07-13,359.127,361.423,356.065,359.892,420712.0
2018-07-16,359.892,362.189,355.299,356.83,483468.0
2018-07-17,355.682,357.213,349.176,353.386,464622.0
2018-07-18,354.151,360.275,353.769,356.065,451959.0
2018-07-19,356.83,364.102,356.83,361.423,800490.0
2018-07-20,359.892,366.399,357.213,364.485,482513.0
2018-07-23,364.485,377.115,362.189,372.522,1048302.0
2018-07-24,381.708,397.017,377.115,378.646,2290083.0
2018-07-25,384.387,393.189,377.88,387.831,1352918.0
2018-07-26,387.448,387.831,379.411,380.942,790618.0
2018-07-27,382.856,386.3,375.584,380.559,654486.0
2018-07-30,380.942,391.658,380.177,384.387,779560.0
2018-07-31,397.017,398.93,387.831,391.276,1390459.0
2018-08-01,396.251,402.757,383.238,384.004,1348191.0
2018-08-02,384.004,392.041,374.053,390.127,1450939.0
2018-08-03,386.683,388.979,377.88,379.411,962021.0
2018-08-06,375.201,392.807,374.053,384.769,1199601.0
2018-08-07,387.448,406.202,382.473,404.671,2013950.0
2018-08-08,400.844,405.054,397.017,399.696,1328170.0
2018-08-09,399.696,407.35,395.486,402.757,1144075.0
2018-08-10,401.992,408.881,397.782,401.992,885638.0
2018-08-13,398.165,405.819,395.486,405.054,836176.0
2018-08-14,402.757,404.288,395.486,397.399,735453.0
2018-08-15,397.399,401.992,389.745,391.658,733713.0
2018-08-16,387.831,395.103,386.3,389.362,687760.0
2018-08-17,393.189,393.955,382.856,383.238,596971.0
2018-08-20,384.387,387.448,376.349,385.152,632796.0
2018-08-21,386.683,392.807,382.473,390.51,631627.0
2018-08-22,390.127,390.127,380.559,381.325,582564.0
2018-08-23,382.09,389.362,379.411,384.769,519400.0
2018-08-24,385.152,390.893,383.621,388.979,449330.0
2018-08-27,393.955,397.017,391.658,397.017,830351.0
2018-08-28,399.313,400.461,393.189,396.251,565507.0
2018-08-29,396.251,398.165,394.72,397.017,400840.0
2018-08-30,397.399,398.165,384.387,385.152,682903.0
2018-08-31,382.856,390.127,382.473,387.831,405094.0
2018-09-03,385.535,387.066,379.794,386.3,514552.0
2018-09-04,386.3,391.276,382.856,389.745,476248.0
2018-09-05,389.745,392.041,380.177,380.942,593245.0
2018-09-06,380.559,384.769,376.349,377.498,486316.0
2018-09-07,378.263,383.238,372.139,374.436,572210.0
2018-09-10,375.584,379.411,371.757,372.522,489088.0
2018-09-11,373.288,374.818,367.164,373.288,598458.0
2018-09-12,373.288,377.88,369.843,372.522,569009.0
2018-09-13,377.498,378.646,359.892,365.25,952930.0
2018-09-14,359.127,359.892,350.324,357.213,955375.0
2018-09-17,356.83,361.423,353.769,359.509,428981.0
2018-09-18,357.979,369.843,355.682,368.312,703045.0
2018-09-19,367.929,374.818,365.633,371.757,627255.0
2018-09-20,373.288,376.732,371.757,375.584,442876.0
2018-09-21,375.584,381.708,375.201,380.942,513215.0
2018-09-25,376.732,379.411,374.053,375.584,400850.0
2018-09-26,376.732,388.214,376.349,384.387,620667.0
2018-09-27,384.769,385.917,380.559,384.387,422051.0
2018-09-28,385.535,387.066,381.325,383.238,428984.0
2018-10-08,378.263,382.09,374.818,378.263,517456.0
2018-10-09,379.028,380.177,366.399,368.312,534469.0
2018-10-10,369.46,374.436,368.312,370.991,434049.0
2018-10-11,361.423,366.399,349.559,357.979,765420.0
2018-10-12,354.917,361.806,348.41,360.275,616422.0
2018-10-15,361.04,367.929,360.658,361.806,451221.0
2018-10-16,361.806,362.954,352.62,355.682,439695.0
2018-10-17,359.127,361.04,350.707,357.596,398324.0
2018-10-18,356.448,356.448,336.546,338.077,871210.0
2018-10-19,331.188,346.88,328.891,343.052,722913.0
2018-10-22,344.966,359.509,344.2,356.448,757591.0
2018-10-23,356.83,359.509,340.756,346.88,684195.0
2018-10-24,349.559,357.596,348.793,349.941,754404.0
2018-10-25,341.904,348.41,339.608,347.645,599206.0
2018-10-26,350.324,352.238,343.052,345.349,525359.0
2018-10-29,345.731,345.731,333.484,335.398,488810.0
2018-10-30,335.781,341.521,329.657,338.46,531547.0
2018-10-31,339.608,348.41,338.842,344.583,525119.0
2018-11-01,350.707,354.151,346.114,346.497,698966.0
2018-11-02,353.386,355.682,349.941,354.917,615383.0
2018-11-05,353.769,356.83,350.707,352.238,524822.0
2018-11-06,353.769,356.448,352.238,354.917,430214.0
2018-11-07,355.682,357.979,351.855,353.386,410661.0
2018-11-08,356.065,357.213,351.472,351.855,297778.0
2018-11-09,351.855,353.386,348.41,350.324,313973.0
2018-11-12,350.324,357.213,349.176,357.213,432195.0
2018-11-13,354.534,360.275,353.769,356.83,580152.0
2018-11-14,357.596,359.892,353.769,358.744,393270.0
2018-11-15,358.361,359.509,349.559,358.744,384715.0
2018-11-16,358.361,359.892,354.534,356.065,560603.0
2018-11-19,355.299,357.213,352.62,355.682,471611.0
2018-11-20,354.151,354.917,349.176,349.176,486215.0
2018-11-21,346.88,349.176,344.583,347.645,451817.0
2018-11-22,348.028,349.176,345.349,347.645,256513.0
2018-11-23,348.028,348.793,340.373,341.521,373965.0
2018-11-26,341.904,343.818,338.842,341.904,228030.0
2018-11-27,344.2,346.497,343.052,343.818,250939.0
2018-11-28,343.818,348.793,343.052,348.41,249698.0
2018-11-29,350.324,352.62,346.88,347.262,338211.0
2018-11-30,346.114,351.472,346.114,350.707,257568.0
2018-12-03,356.065,359.892,354.534,359.509,671654.0
2018-12-04,357.596,360.658,357.596,358.744,337881.0
2018-12-05,355.299,359.892,354.151,356.83,458572.0
2018-12-06,354.917,356.065,351.472,353.003,329201.0
2018-12-07,353.769,356.83,353.003,356.83,331515.0
2018-12-10,356.83,357.596,351.855,355.682,257797.0
2018-12-11,357.596,358.361,354.151,357.596,237096.0
2018-12-12,358.361,364.485,356.83,362.954,451127.0
2018-12-13,362.954,373.288,361.806,369.078,811170.0
2018-12-14,369.078,372.522,366.781,367.164,575393.0
2018-12-17,366.781,377.498,365.633,375.201,707320.0
2018-12-18,372.905,376.349,371.374,372.522,574934.0
2018-12-19,372.522,377.115,369.46,371.374,554617.0
2018-12-20,369.46,374.436,366.399,368.312,676414.0
2018-12-21,369.46,371.374,365.633,366.781,607393.0
2018-12-24,366.781,377.88,366.781,370.991,597582.0
2018-12-25,368.312,368.312,361.04,362.189,420368.0
2018-12-26,363.719,369.46,363.337,364.868,390920.0
2018-12-27,368.695,371.757,362.954,364.868,339507.0
2018-12-28,362.954,364.102,354.151,362.571,602669.0
2019-01-02,361.423,361.423,347.645,351.472,526282.0
2019-01-03,349.176,353.769,344.966,346.88,378704.0
2019-01-04,344.583,352.238,340.756,352.238,381295.0
2019-01-07,354.151,356.065,350.707,354.917,466807.0
2019-01-08,354.534,355.682,351.855,353.386,248089.0
2019-01-09,353.386,359.127,352.238,353.769,429590.0
2019-01-10,353.386,353.769,350.324,351.09,294989.0
2019-01-11,355.299,357.213,351.855,356.83,420420.0
2019-01-14,357.979,364.102,355.299,364.102,482642.0
2019-01-15,362.954,370.608,360.275,366.016,643648.0
2019-01-16,367.929,369.46,364.102,367.547,436623.0
2019-01-17,367.929,372.522,366.781,369.843,392015.0
2019-01-18,370.991,375.967,369.078,374.053,507654.0
2019-01-21,375.201,377.498,371.757,372.905,356611.0
2019-01-22,371.374,375.201,369.46,370.226,409628.0
2019-01-23,373.288,377.115,372.522,376.732,411788.0
2019-01-24,377.88,384.387,376.732,382.473,586850.0
2019-01-25,384.769,390.893,382.473,390.51,649375.0
2019-01-28,392.807,394.337,388.597,390.893,652926.0
2019-01-29,388.597,393.572,383.238,393.189,562628.0
2019-01-30,393.955,398.93,391.658,392.424,559388.0
2019-01-31,398.547,400.844,388.597,392.424,591507.0
2019-02-01,395.868,406.202,395.486,406.202,805557.0
2019-02-11,408.881,411.177,403.523,406.202,553230.0
2019-02-12,406.202,417.684,405.054,414.622,886461.0
2019-02-13,413.474,419.215,411.177,416.918,792460.0
2019-02-14,416.535,419.215,413.856,416.535,577800.0
2019-02-15,416.535,416.535,404.671,405.436,553057.0
2019-02-18,407.733,423.807,407.733,422.659,1031240.0
2019-02-19,423.042,423.042,409.646,411.177,862510.0
2019-02-20,412.326,421.511,410.795,414.239,639840.0
2019-02-21,411.943,422.276,407.35,416.535,744239.0
2019-02-22,411.56,443.326,411.56,439.882,1303444.0
2019-02-25,443.709,470.5,443.326,461.314,1709542.0
2019-02-26,459.401,468.203,454.808,456.722,1004765.0
2019-02-27,454.808,459.783,439.882,441.413,1142063.0
2019-02-28,442.944,447.536,438.734,441.03,634736.0
2019-03-01,447.919,454.808,439.882,453.66,1058140.0
2019-03-04,464.376,494.611,461.697,485.043,2681238.0
2019-03-05,485.043,491.932,475.092,482.747,1652955.0
2019-03-06,482.747,488.488,475.858,486.191,1284546.0
2019-03-07,483.512,483.895,466.672,472.796,1272256.0
2019-03-08,464.759,485.426,455.956,467.438,1635258.0
2019-03-11,467.438,474.327,458.253,471.265,1214879.0
2019-03-12,474.71,496.142,474.71,493.463,1937352.0
2019-03-13,493.08,499.204,481.216,483.895,1325661.0
2019-03-14,480.068,500.735,477.771,489.636,1328666.0
2019-03-15,491.167,523.698,491.167,517.192,1888559.0
2019-03-18,517.958,544.748,517.958,540.538,1936115.0
2019-03-19,535.563,544.366,529.822,533.267,1168809.0
2019-03-20,531.736,558.909,527.908,544.748,1478106.0
2019-03-21,549.341,559.675,537.477,545.514,1144473.0
2019-03-22,553.551,555.847,528.674,535.946,1199345.0
2019-03-25,522.168,530.588,512.599,514.513,1686029.0
2019-03-26,517.192,520.254,498.056,506.093,1561568.0
2019-03-27,508.389,517.958,501.5,514.13,1266664.0
2019-03-28,506.476,512.599,503.031,504.945,1015229.0
2019-03-29,510.686,534.415,502.649,532.501,1786310.0
2019-04-01,541.687,551.637,533.267,539.007,2072637.0
2019-04-02,542.452,546.279,522.55,526.76,1700821.0
2019-04-03,527.526,539.773,524.081,537.859,1354616.0
2019-04-04,539.773,565.416,539.773,554.699,1875518.0
2019-04-08,567.712,574.601,555.082,571.539,1898043.0
2019-04-09,567.712,569.625,555.465,562.354,1256957.0
2019-04-10,556.23,581.49,548.576,579.194,1558236.0
2019-04-11,575.366,577.28,547.045,547.81,1888655.0
2019-04-12,546.662,552.786,533.267,540.156,1182322.0
2019-04-15,565.798,571.539,532.884,535.946,1758210.0
2019-04-16,536.328,550.107,530.205,549.341,1496223.0
2019-04-17,551.255,551.255,540.156,545.131,1168938.0
2019-04-18,545.897,556.23,540.156,547.045,935327.0
2019-04-19,547.427,549.341,533.649,545.897,814771.0
2019-04-22,546.662,546.662,507.241,509.92,2532828.0
2019-04-23,511.451,519.871,509.538,513.748,1003225.0
2019-04-24,514.13,519.106,503.414,515.279,1050953.0
2019-04-25,515.661,515.661,496.908,498.056,1158559.0
2019-04-26,498.056,504.945,496.525,499.587,1026499.0
2019-04-29,504.18,521.019,503.797,514.13,1510435.0
2019-04-30,516.044,522.933,505.328,512.217,972678.0
2019-05-06,494.994,497.673,470.882,479.685,1456315.0
2019-05-07,491.167,507.624,489.636,507.241,1493366.0
2019-05-08,495.76,510.686,494.229,496.908,1054659.0
2019-05-09,494.611,503.414,487.722,497.29,745991.0
2019-05-10,503.414,519.871,491.932,519.871,1648127.0
2019-05-13,513.365,516.427,506.093,510.686,838981.0
2019-05-14,504.562,510.303,497.673,501.118,916532.0
2019-05-15,506.476,511.834,498.439,508.007,1151726.0
2019-05-16,507.624,509.92,504.18,508.389,848443.0
2019-05-17,506.859,508.389,489.253,491.167,1169603.0
2019-05-20,490.401,491.167,480.833,486.957,657571.0
2019-05-21,486.574,503.031,486.574,498.439,816409.0
2019-05-22,499.587,504.945,497.673,500.735,642850.0
2019-05-23,499.204,505.71,495.76,498.821,618225.0
2019-05-24,497.673,506.093,497.673,503.797,678712.0
2019-05-27,505.71,516.809,501.5,514.513,858326.0
2019-05-28,516.427,534.798,514.513,527.526,1398097.0
2019-05-29,527.526,529.439,520.254,524.847,564954.0
2019-05-30,521.785,524.081,508.772,516.044,818713.0
2019-05-31,511.834,512.982,498.821,505.328,841492.0
2019-06-03,506.859,509.538,498.821,501.118,658703.0
2019-06-04,503.414,503.797,489.253,501.5,921178.0
2019-06-05,506.093,511.451,504.18,506.093,748010.0
2019-06-06,506.476,509.92,500.735,500.735,629756.0
2019-06-10,502.649,515.279,501.883,510.686,655195.0
2019-06-11,516.809,538.242,516.809,537.859,1501633.0
2019-06-12,535.946,547.81,533.649,537.094,1121926.0
2019-06-13,536.328,543.983,531.736,539.007,727298.0
2019-06-14,539.007,542.835,530.97,532.884,915998.0
2019-06-17,531.353,539.007,525.995,531.353,580586.0
2019-06-18,532.884,539.007,530.205,536.328,555716.0
2019-06-19,551.637,552.02,535.18,537.094,1003639.0
2019-06-20,534.798,550.872,534.032,547.81,1104807.0
2019-06-21,549.724,550.107,540.921,545.897,922975.0
2019-06-24,546.279,550.107,541.304,547.81,559951.0
2019-06-25,547.427,548.576,530.588,542.835,753865.0
2019-06-26,537.859,542.835,533.649,539.007,377657.0
2019-06-27,544.748,548.193,536.711,539.007,788699.0
2019-06-28,540.156,545.131,536.711,543.983,590788.0
2019-07-01,552.403,556.996,547.81,556.23,1170127.0
2019-07-02,553.551,554.316,545.514,548.193,747889.0
2019-07-03,547.427,547.427,535.18,537.859,755684.0
2019-07-04,538.242,542.452,533.267,535.563,510292.0
2019-07-05,536.711,538.625,532.118,535.946,472956.0
2019-07-08,535.563,535.563,516.809,529.439,693939.0
2019-07-09,527.526,530.97,524.081,528.291,313572.0
2019-07-10,528.674,530.97,518.34,521.019,446155.0
2019-07-11,525.612,536.711,525.229,534.032,705879.0
2019-07-12,532.501,546.662,532.501,545.897,740015.0
2019-07-15,546.662,561.971,540.921,557.378,1042684.0
2019-07-16,558.526,565.798,553.934,556.996,833984.0
2019-07-17,560.0,571.099,559.234,567.654,1112413.0
2019-07-18,578.753,581.05,570.334,577.988,1214705.0
2019-07-19,577.605,580.284,571.482,574.161,807450.0
2019-07-22,576.457,589.087,574.161,577.988,1143906.0
2019-07-23,581.433,586.408,569.951,573.778,868763.0
2019-07-24,579.136,591.001,577.223,586.025,875179.0
2019-07-25,587.939,592.914,585.26,588.704,639094.0
2019-07-26,588.322,613.964,587.173,613.964,1281840.0
2019-07-29,613.964,615.495,597.507,602.1,1006461.0
2019-07-30,604.396,606.31,599.038,600.952,602291.0
2019-07-31,600.186,601.334,591.001,593.68,625004.0
2019-08-01,594.062,600.186,587.556,596.359,680977.0
2019-08-02,583.346,592.532,577.605,586.408,816931.0
2019-08-05,584.112,588.322,573.013,573.395,654426.0
2019-08-06,563.827,581.815,552.345,572.247,1018121.0
2019-08-07,576.074,583.346,571.864,573.013,514635.0
2019-08-08,579.902,581.815,564.593,572.247,523880.0
2019-08-09,576.074,581.05,569.185,569.185,518012.0
2019-08-12,568.42,578.371,557.704,577.988,495546.0
2019-08-13,572.63,573.395,558.086,560.765,779506.0
2019-08-14,569.951,571.482,552.345,555.025,966596.0
2019-08-15,543.925,563.444,540.864,562.296,715681.0
2019-08-16,561.914,567.272,559.617,560.765,487445.0
2019-08-19,568.803,575.692,560.765,572.247,717897.0
2019-08-20,572.247,589.852,570.334,587.173,910690.0
2019-08-21,585.26,586.025,574.543,576.074,679769.0
2019-08-22,577.605,579.136,561.531,566.124,722771.0
2019-08-23,573.778,598.272,571.864,593.297,1463461.0
2019-08-26,581.433,588.704,574.926,580.667,803158.0
2019-08-27,583.729,588.322,577.988,582.581,967180.0
2019-08-28,582.581,582.581,568.803,572.247,827266.0
2019-08-29,573.013,577.605,565.358,568.42,707252.0
2019-08-30,574.161,579.902,563.062,568.803,765083.0
2019-09-02,570.334,581.433,567.654,578.753,808718.0
2019-09-03,578.753,578.753,566.124,573.395,825315.0
2019-09-04,572.247,584.877,569.951,583.346,838012.0
2019-09-05,593.297,624.68,593.297,612.051,2157787.0
2019-09-06,612.051,619.705,607.075,617.791,1035156.0
2019-09-09,626.594,632.335,617.026,622.384,1049220.0
2019-09-10,622.384,622.384,612.816,614.73,575159.0
2019-09-11,617.026,621.236,606.692,612.051,653959.0
2019-09-12,612.051,618.557,610.902,617.791,516991.0
2019-09-16,619.322,621.619,607.075,611.285,536293.0
2019-09-17,608.223,609.371,595.593,601.334,629224.0
2019-09-18,604.396,605.927,598.655,604.396,421320.0
2019-09-19,605.544,606.692,596.742,605.927,450035.0
2019-09-20,607.458,625.446,606.692,620.47,1045236.0
2019-09-23,615.878,616.643,600.952,605.927,620263.0
2019-09-24,599.038,606.31,592.149,602.1,526433.0
2019-09-25,599.421,607.458,595.211,604.396,447068.0
2019-09-26,604.396,617.791,602.865,604.013,760307.0
2019-09-27,605.927,610.137,595.976,604.779,389975.0
2019-09-30,603.631,608.989,597.89,599.803,329784.0
2019-10-08,598.272,615.112,598.272,610.137,549269.0
2019-10-09,607.841,608.223,598.655,604.013,432112.0
2019-10-10,604.396,607.458,596.742,605.161,365681.0
2019-10-11,605.161,622.001,602.1,617.791,809237.0
2019-10-14,621.619,624.68,612.816,618.557,717911.0
2019-10-15,618.174,631.187,612.433,627.742,730382.0
2019-10-16,631.187,633.1,618.557,622.384,639781.0
2019-10-17,620.853,625.829,613.964,619.322,424010.0
2019-10-18,618.557,621.236,601.717,604.779,551136.0
2019-10-21,604.013,609.754,599.038,606.692,360558.0
2019-10-22,607.458,608.989,602.865,608.223,252952.0
2019-10-23,609.754,609.754,597.124,599.421,366711.0
2019-10-24,599.421,600.186,586.025,589.47,680804.0
2019-10-25,591.383,592.149,581.05,591.766,560531.0
2019-10-28,591.383,595.976,584.112,586.791,656720.0
2019-10-29,586.791,591.001,582.581,583.729,393969.0
2019-10-30,577.605,587.556,558.852,585.643,961688.0
2019-10-31,587.556,589.087,565.358,568.803,806024.0
2019-11-01,568.803,589.47,566.124,585.26,874202.0
2019-11-04,587.556,594.445,583.346,592.532,794533.0
2019-11-05,592.149,600.569,591.001,594.062,777778.0
2019-11-06,596.742,597.507,581.815,584.112,585312.0
2019-11-07,590.235,594.445,586.408,592.914,515428.0
2019-11-08,596.742,602.865,591.766,592.532,618538.0
2019-11-11,591.383,594.828,581.05,585.26,554963.0
2019-11-12,581.433,597.507,581.433,586.408,704902.0
2019-11-13,586.025,589.47,579.519,587.556,418085.0
2019-11-14,590.618,592.914,586.791,591.766,474772.0
2019-11-15,594.062,594.828,582.963,584.877,407271.0
2019-11-18,587.556,597.124,585.26,596.359,588220.0
2019-11-19,592.914,618.94,592.914,613.964,1076687.0
2019-11-20,613.199,618.174,609.371,611.285,517426.0
2019-11-21,608.223,612.816,602.1,612.051,423691.0
2019-11-22,613.199,618.94,604.779,607.075,492162.0
2019-11-25,606.692,626.977,606.31,623.915,890677.0
2019-11-26,625.063,626.977,617.409,625.063,658346.0
2019-11-27,623.15,630.039,618.174,623.15,520106.0
2019-11-28,623.915,625.829,617.026,621.236,298845.0
2019-11-29,620.088,621.236,602.865,607.458,597432.0
2019-12-02,609.754,626.977,609.754,624.298,707699.0
2019-12-03,622.001,628.89,616.261,628.89,597177.0
2019-12-04,624.68,629.273,618.557,620.088,454410.0
2019-12-05,621.236,639.989,618.94,638.459,973782.0
2019-12-06,640.755,651.088,639.989,649.175,821077.0
2019-12-09,655.298,657.595,645.73,648.409,538205.0
2019-12-10,649.94,668.694,646.879,668.694,779400.0
2019-12-11,672.521,679.027,662.57,668.311,718694.0
2019-12-12,655.298,662.57,642.669,650.706,1090337.0
2019-12-13,654.15,669.459,646.496,655.298,1010931.0
2019-12-16,656.064,657.595,639.989,649.558,861210.0
2019-12-17,650.323,656.064,641.138,652.237,860475.0
2019-12-18,652.237,668.694,647.644,659.891,909979.0
2019-12-19,656.829,659.126,646.496,652.237,533387.0
2019-12-20,650.706,653.385,643.817,646.113,442418.0
2019-12-23,650.706,668.694,650.706,653.768,1021454.0
2019-12-24,654.15,667.163,654.15,662.953,540018.0
2019-12-25,667.928,687.065,663.336,686.682,904901.0
2019-12-26,687.447,697.398,678.262,687.83,859276.0
2019-12-27,686.299,695.485,682.089,690.509,680892.0
2019-12-30,694.336,698.929,680.941,695.485,716469.0
2019-12-31,697.398,717.3,696.25,705.818,864382.0
2020-01-02,715.004,740.263,715.004,740.263,1252622.0
2020-01-03,737.584,739.115,729.547,732.609,574810.0
2020-01-06,730.695,736.819,697.781,710.411,1190170.0
2020-01-07,711.559,719.596,703.139,711.176,912931.0
2020-01-08,707.732,711.176,698.546,699.695,705015.0
2020-01-09,710.794,713.09,694.336,706.966,728314.0
2020-01-10,708.115,718.448,700.077,714.621,655436.0
2020-01-13,714.621,714.621,696.25,705.818,855088.0
2020-01-14,703.905,713.09,701.225,702.756,618436.0
2020-01-15,702.374,706.201,694.719,701.225,482490.0
2020-01-16,699.312,707.732,698.164,703.139,444744.0
2020-01-17,703.139,706.201,695.485,699.312,549844.0
2020-01-20,707.732,716.152,700.077,713.473,751434.0
2020-01-21,714.621,718.065,661.422,685.534,1463486.0
2020-01-22,677.114,702.374,668.694,700.077,891454.0
2020-01-23,693.188,698.164,659.126,666.78,1009767.0
2020-02-03,605.544,622.384,605.544,605.544,1624903.0
2020-02-04,604.013,644.965,604.013,642.669,1492089.0
2020-02-05,656.829,668.694,646.496,649.94,1094286.0
2020-02-06,661.805,667.163,645.73,665.632,865673.0
2020-02-07,661.039,666.397,647.261,657.595,883301.0
2020-02-10,652.619,684.768,643.817,682.855,1360783.0
2020-02-11,678.262,698.164,675.966,686.682,902552.0
2020-02-12,686.682,692.423,681.324,688.213,756440.0
2020-02-13,689.744,697.398,685.534,695.867,772920.0
2020-02-14,692.423,700.077,687.447,696.25,564026.0
2020-02-17,694.336,711.176,692.423,710.794,719905.0
2020-02-18,711.559,711.942,695.102,703.139,669849.0
2020-02-19,700.843,701.991,693.571,693.954,511876.0
2020-02-20,693.571,703.905,685.534,703.905,830469.0
2020-02-21,701.991,716.534,697.398,712.324,856679.0
2020-02-24,715.386,724.954,708.115,714.621,802053.0
2020-02-25,700.077,706.584,682.472,697.398,952158.0
2020-02-26,688.596,716.534,678.262,700.077,1027939.0
2020-02-27,706.201,735.288,704.287,730.695,1419386.0
2020-02-28,718.065,745.622,707.349,720.362,1416578.0
2020-03-02,723.806,784.277,723.806,778.153,1987410.0
2020-03-03,791.931,796.524,744.091,760.548,1882703.0
2020-03-04,754.042,776.622,748.683,773.56,1103691.0
2020-03-05,775.474,791.166,764.375,774.709,1016021.0
2020-03-06,763.227,765.141,746.004,751.745,847608.0
2020-03-09,738.35,751.362,723.806,724.572,842668.0
2020-03-10,713.473,746.004,713.09,737.967,734368.0
2020-03-11,742.177,743.708,718.065,719.596,621752.0
2020-03-12,707.732,718.831,697.015,703.905,687928.0
2020-03-13,672.521,715.386,667.163,694.719,1118069.0
2020-03-16,703.905,705.053,642.286,648.792,1365812.0
2020-03-17,646.879,670.607,630.039,662.57,1294079.0
2020-03-18,667.546,687.065,640.755,642.286,1268343.0
2020-03-19,642.286,657.595,611.668,628.125,1857022.0
2020-03-20,637.693,669.459,631.57,661.805,1621515.0
2020-03-23,641.903,675.583,634.249,664.484,1433476.0
2020-03-24,679.793,695.102,677.497,693.188,1236428.0
2020-03-25,717.3,719.214,688.978,703.905,1090488.0
2020-03-26,696.25,715.386,690.126,696.25,553463.0
2020-03-27,705.818,724.954,701.225,713.473,869676.0
2020-03-30,707.732,731.843,704.287,727.251,946335.0
2020-03-31,735.671,741.794,713.855,715.386,726172.0
2020-04-01,717.3,730.695,707.349,723.041,677165.0
2020-04-02,715.386,724.954,705.053,724.189,648220.0
2020-04-03,726.868,742.177,724.189,737.584,684121.0
2020-04-07,771.647,783.894,758.251,780.45,1468799.0
2020-04-08,778.536,786.573,768.968,776.622,578733.0
2020-04-09,780.45,784.277,764.375,775.857,492734.0
2020-04-10,780.45,803.796,778.536,783.129,818170.0
2020-04-13,802.265,830.204,787.339,811.833,1249240.0
2020-04-14,818.722,820.253,799.586,811.833,873913.0
2020-04-15,812.598,814.129,780.832,788.487,925896.0
2020-04-16,781.598,797.289,773.56,786.573,693147.0
2020-04-17,794.228,815.66,787.339,803.413,787245.0
2020-04-20,811.068,829.438,796.907,804.561,783297.0
2020-04-21,798.055,805.709,789.252,799.586,458672.0
2020-04-22,791.931,802.648,786.19,799.586,491439.0
2020-04-23,803.413,803.413,784.277,784.66,575562.0
2020-04-24,790.783,803.413,784.66,788.104,529127.0
2020-04-27,799.586,801.499,777.388,794.61,607375.0
2020-04-28,798.82,811.45,788.104,810.302,671563.0
2020-04-29,776.622,802.648,770.881,798.438,720573.0
2020-04-30,797.672,813.364,797.672,805.327,489739.0
2020-05-06,803.413,833.266,799.586,827.142,711132.0
2020-05-07,824.463,832.117,820.636,829.821,435899.0
2020-05-08,831.735,850.488,826.377,833.648,668443.0
2020-05-11,836.327,854.698,833.266,838.624,592394.0
2020-05-12,840.155,858.143,831.735,840.155,579586.0
2020-05-13,822.549,831.352,814.129,830.587,701477.0
2020-05-14,823.697,826.377,815.278,819.87,379912.0
2020-05-15,821.018,824.463,785.425,792.314,1051721.0
2020-05-18,806.475,814.129,795.759,811.833,610027.0
2020-05-19,812.216,829.438,811.45,819.105,559684.0
2020-05-20,822.549,824.463,793.079,800.351,718738.0
2020-05-21,809.154,809.154,772.795,778.919,813759.0
2020-05-22,772.795,777.77,755.572,769.733,686736.0
2020-05-25,774.326,785.808,757.869,785.808,663496.0
2020-05-26,786.573,796.907,773.178,784.277,590264.0
2020-05-27,784.66,785.042,753.276,757.869,788032.0
2020-05-28,750.98,767.054,748.683,755.572,567018.0
2020-05-29,755.19,762.844,750.214,754.807,493770.0
2020-06-01,767.054,779.301,758.634,773.943,713878.0
2020-06-02,775.474,779.684,763.61,766.289,679616.0
2020-06-03,766.671,793.845,766.671,777.005,962965.0
2020-06-04,781.598,784.66,769.351,779.684,465080.0
2020-06-05,780.45,782.363,759.017,772.412,647325.0
2020-06-08,782.363,794.228,775.474,778.919,647520.0
2020-06-09,786.19,793.845,773.178,789.635,679350.0
2020-06-10,786.956,797.289,783.129,793.845,613612.0
2020-06-11,793.845,817.191,786.956,807.24,979883.0
2020-06-12,793.462,801.882,788.104,799.586,658810.0
2020-06-15,791.931,811.068,788.104,794.228,658140.0
2020-06-16,799.969,812.981,798.82,803.03,558843.0
2020-06-17,799.586,801.499,781.598,789.635,714692.0
2020-06-18,788.104,793.462,779.684,790.018,601030.0
2020-06-19,782.363,792.314,780.832,788.104,740994.0
2020-06-22,786.19,786.19,759.4,765.141,1335199.0
2020-06-23,765.523,765.523,749.066,758.634,1044211.0
2020-06-24,761.313,769.733,759.4,762.461,814086.0
2020-06-29,757.103,768.585,748.683,766.671,863324.0
2020-06-30,770.881,776.622,768.968,771.264,496290.0
2020-07-01,771.647,801.117,771.647,794.993,1061603.0
2020-07-02,794.993,830.204,793.462,827.142,1562526.0
2020-07-03,832.883,852.402,823.315,835.179,1175785.0
2020-07-06,840.155,887.995,840.155,860.822,1350595.0
2020-07-07,876.131,887.23,847.044,851.254,1280994.0
2020-07-08,850.488,851.254,832.117,843.216,1196256.0
2020-07-09,845.513,855.464,830.587,855.464,1301956.0
2020-07-10,853.933,863.118,831.735,835.562,1039102.0
2020-07-13,837.858,879.958,836.71,879.958,1506125.0
2020-07-14,879.958,879.958,843.982,857.76,1109439.0
2020-07-15,876.131,897.563,868.476,874.983,1446882.0
2020-07-16,876.131,894.502,834.031,835.945,1139628.0
2020-07-17,837.476,862.735,830.204,851.254,814126.0
2020-07-20,862.735,927.416,856.995,923.971,1759486.0
2020-07-21,925.502,933.157,904.07,928.181,1030077.0
2020-07-22,928.442,932.269,896.293,903.182,1350300.0
2020-07-23,895.145,910.071,872.947,903.565,946981.0
2020-07-24,915.812,918.108,860.317,876.774,1056436.0
2020-07-27,876.774,895.91,869.119,877.922,599077.0
2020-07-28,884.428,887.107,865.292,873.712,661063.0
2020-07-29,872.947,889.404,857.638,889.021,675959.0
2020-07-30,888.638,910.836,882.132,884.811,658904.0
2020-07-31,874.86,895.527,867.206,877.156,864492.0
2020-08-03,876.774,902.034,874.86,892.083,1082578.0
2020-08-04,892.083,905.478,886.725,903.947,865797.0
2020-08-05,903.947,905.095,873.329,884.811,1026937.0
2020-08-06,884.811,886.725,861.082,871.798,815159.0
2020-08-07,872.947,889.786,869.885,879.453,719796.0
2020-08-10,875.243,884.428,862.613,874.86,597944.0
2020-08-11,879.07,890.169,867.588,867.588,610290.0
2020-08-12,869.119,869.119,828.933,846.538,915424.0
2020-08-13,849.983,852.279,840.798,843.477,376900.0
2020-08-14,842.329,851.897,830.847,849.983,614042.0
2020-08-17,851.897,888.256,851.897,884.428,952736.0
2020-08-18,884.428,885.959,875.243,880.218,387062.0
2020-08-19,880.218,901.651,879.453,882.897,728041.0
2020-08-20,880.601,905.095,875.626,884.811,596337.0
2020-08-21,890.169,893.614,867.206,876.774,467556.0
2020-08-24,877.156,918.491,872.564,910.454,1295135.0
2020-08-25,918.874,933.8,906.626,927.293,859928.0
2020-08-26,927.293,943.751,911.219,920.787,740500.0
2020-08-27,932.652,945.664,922.701,937.244,871875.0
2020-08-28,882.132,931.503,882.132,924.614,1227941.0
2020-08-31,933.034,955.232,916.194,916.577,751450.0
2020-09-01,923.849,926.528,909.305,918.874,424245.0
2020-09-02,933.417,962.887,922.318,957.529,999767.0
2020-09-03,972.455,1002.69,960.973,979.344,1134896.0
2020-09-04,959.442,976.282,945.664,956.381,745188.0
2020-09-07,959.442,960.973,916.96,926.911,744516.0
2020-09-08,934.183,964.035,927.676,964.035,741715.0
2020-09-09,950.257,950.64,913.898,926.145,788891.0
2020-09-10,933.034,957.146,932.269,944.133,734639.0
2020-09-11,939.541,956.763,926.528,952.171,475510.0
2020-09-14,960.973,968.628,939.158,947.195,605914.0
2020-09-15,946.43,991.591,936.862,988.529,910781.0
2020-09-16,983.937,1014.555,980.11,989.678,816551.0
2020-09-17,983.937,1033.308,980.492,1028.333,1133604.0
2020-09-18,1021.061,1043.259,1007.283,1033.691,862339.0
2020-09-21,1032.543,1055.124,1026.037,1034.456,615524.0
2020-09-22,1018.382,1032.926,1006.9,1015.703,599195.0
2020-09-23,1022.209,1041.346,1016.851,1026.037,473584.0
2020-09-24,1014.555,1023.357,1003.456,1011.11,388594.0
2020-09-25,1016.468,1019.147,984.702,998.48,448398.0
2020-09-28,1011.493,1030.629,1008.048,1016.468,532916.0
2020-09-29,1018.382,1023.74,1004.987,1016.086,354185.0
2020-09-30,1016.086,1029.098,1011.493,1021.827,491498.0
2020-10-09,1045.938,1067.371,1040.963,1048.235,675648.0
2020-10-12,1048.235,1126.693,1048.235,1119.421,1046216.0
2020-10-13,1119.421,1153.867,1101.816,1127.459,606788.0
2020-10-14,1124.397,1145.064,1114.063,1122.1,730056.0
2020-10-15,1133.2,1145.447,1112.15,1120.57,585319.0
2020-10-16,1114.063,1137.027,1102.582,1113.681,543640.0
2020-10-19,1121.718,1127.459,1096.075,1102.199,511624.0
2020-10-20,1102.199,1109.088,1089.952,1108.705,501106.0
2020-10-21,1110.619,1115.977,1093.013,1107.174,414174.0
2020-10-22,1096.841,1097.606,1060.482,1084.593,757878.0
2020-10-23,1077.322,1081.532,1001.925,1017.617,1374695.0
2020-10-26,987.764,1037.136,976.282,1027.95,701945.0
2020-10-27,1031.395,1038.284,1018.382,1038.284,563291.0
2020-10-28,1038.284,1056.272,1027.567,1039.049,490379.0
2020-10-29,1026.037,1071.964,1019.53,1068.902,603649.0
2020-10-30,1059.716,1101.816,1053.593,1062.395,804182.0
2020-11-02,1091.865,1093.013,1058.568,1071.964,538941.0
2020-11-03,1071.964,1075.408,1025.271,1036.37,1113469.0
2020-11-04,1033.691,1054.741,1026.419,1052.062,611433.0
2020-11-05,1053.975,1097.606,1053.975,1092.631,779839.0
2020-11-06,1101.816,1124.397,1087.273,1121.335,763066.0
2020-11-09,1133.2,1146.212,1098.372,1123.249,856249.0
2020-11-10,1140.089,1140.089,1099.137,1114.829,558824.0
2020-11-11,1115.211,1173.768,1110.619,1152.718,1015374.0
2020-11-12,1152.718,1174.534,1137.409,1167.645,718595.0
2020-11-13,1151.57,1159.99,1125.545,1146.978,674807.0
2020-11-16,1156.163,1167.645,1141.619,1152.336,587131.0
2020-11-17,1152.336,1170.324,1135.113,1150.805,576259.0
2020-11-18,1148.509,1153.484,1115.977,1121.718,655156.0
2020-11-19,1122.483,1144.681,1103.347,1136.644,473829.0
2020-11-20,1140.854,1182.188,1137.027,1176.065,803185.0
2020-11-23,1182.188,1239.597,1182.188,1221.226,975521.0
2020-11-24,1207.831,1223.905,1202.09,1221.609,510406.0
2020-11-25,1212.424,1223.523,1186.781,1191.374,479353.0
2020-11-26,1189.843,1205.535,1170.707,1202.473,521332.0
2020-11-27,1204.004,1259.881,1203.621,1259.881,1167367.0
2020-11-30,1258.733,1282.08,1241.128,1244.572,987541.0
2020-12-01,1249.165,1302.747,1244.955,1302.747,920980.0
2020-12-02,1302.747,1326.093,1285.524,1308.87,867102.0
2020-12-03,1294.709,1302.364,1266.771,1280.931,670902.0
2020-12-04,1274.808,1296.623,1262.561,1295.858,583231.0
2020-12-07,1303.512,1318.438,1275.956,1291.265,529457.0
2020-12-08,1288.203,1305.426,1270.215,1274.042,530555.0
2020-12-09,1274.808,1278.252,1247.252,1248.4,622512.0
2020-12-10,1252.992,1266.388,1238.449,1249.931,447498.0
2020-12-11,1252.61,1288.203,1246.486,1274.808,716270.0
2020-12-14,1259.881,1272.129,1240.363,1267.536,628369.0
2020-12-15,1275.956,1298.154,1255.672,1275.956,760452.0
2020-12-16,1270.981,1312.698,1263.326,1306.574,747973.0
2020-12-17,1301.599,1311.167,1282.845,1308.105,622379.0
2020-12-18,1300.833,1308.105,1275.19,1277.104,678282.0
2020-12-21,1270.981,1270.981,1239.597,1255.672,807549.0
2020-12-22,1255.672,1298.154,1248.4,1267.153,739694.0
2020-12-23,1274.808,1321.117,1267.919,1313.846,882038.0
2020-12-24,1324.562,1346.377,1306.191,1319.969,707390.0
2020-12-25,1327.241,1360.538,1317.673,1359.39,631014.0
2020-12-28,1362.835,1385.798,1348.291,1368.575,667544.0
2020-12-29,1362.835,1367.427,1336.426,1350.205,524753.0
2020-12-30,1346.76,1389.625,1342.167,1387.712,638564.0
2020-12-31,1389.625,1414.885,1380.823,1407.996,619459.0
2021-01-04,1418.33,1447.417,1385.798,1401.107,1027586.0
2021-01-05,1390.008,1477.652,1381.971,1468.084,1072169.0
2021-01-06,1469.232,1502.912,1447.034,1483.776,1097482.0
2021-01-07,1504.443,1625.384,1496.023,1615.05,1401786.0
2021-01-08,1615.05,1652.94,1562.234,1614.285,1459535.0
2021-01-11,1611.606,1755.51,1600.124,1672.076,1423882.0
2021-01-12,1638.779,1818.277,1638.779,1818.277,1608950.0
2021-01-13,1818.277,1940.749,1714.942,1760.869,2631426.0
2021-01-14,1748.621,1787.659,1623.088,1649.878,2382252.0
2021-01-15,1649.878,1683.175,1578.691,1655.236,1754349.0
2021-01-18,1655.619,1682.41,1590.939,1663.274,1213881.0
2021-01-19,1638.779,1660.595,1562.617,1573.333,1684572.0
2021-01-20,1573.333,1617.347,1573.333,1594.383,1098107.0
2021-01-21,1616.198,1669.015,1616.198,1669.015,1379488.0
2021-01-22,1665.953,1665.953,1615.816,1649.878,1124267.0
2021-01-25,1638.397,1747.473,1591.704,1734.078,1759796.0
2021-01-26,1706.522,1712.645,1645.286,1656.385,1219118.0
2021-01-27,1638.397,1698.484,1631.125,1691.978,1122315.0
2021-01-28,1630.359,1669.397,1606.248,1613.902,986387.0
2021-01-29,1643.755,1653.323,1592.47,1617.729,883512.0
2021-02-01,1603.951,1675.521,1576.395,1665.953,958694.0
2021-02-02,1684.324,1714.176,1668.632,1683.558,1046126.0
2021-02-03,1677.817,1743.263,1671.311,1731.781,1287816.0
2021-02-04,1707.67,1722.596,1649.878,1688.916,1105930.0
2021-02-05,1693.509,1729.868,1653.706,1660.595,1069659.0
2021-02-08,1672.842,1810.623,1672.459,1790.338,1632426.0
2021-02-09,1802.586,1915.872,1776.56,1861.908,1591840.0
2021-02-10,1871.093,1936.922,1822.487,1903.625,1196678.0
2021-02-18,1974.046,1994.331,1864.204,1873.772,1302040.0
2021-02-19,1870.328,1888.316,1733.695,1790.338,1760578.0
2021-02-22,1783.832,1806.03,1719.151,1725.658,1394753.0
2021-02-23,1722.596,1812.919,1714.942,1768.523,1301483.0
2021-02-24,1791.487,1813.685,1691.213,1709.201,1529867.0
2021-02-25,1720.3,1752.066,1656.767,1720.682,1300729.0
2021-02-26,1638.397,1680.496,1623.47,1642.606,1213316.0
2021-03-01,1669.015,1762.782,1652.557,1762.782,1303574.0
2021-03-02,1783.067,1805.265,1721.831,1734.078,1074164.0
2021-03-03,1714.942,1730.251,1678.965,1724.51,882803.0
2021-03-04,1711.88,1714.559,1619.26,1638.014,1303711.0
2021-03-05,1576.395,1667.866,1562.617,1642.606,861337.0
2021-03-08,1638.397,1697.719,1576.778,1589.025,1164057.0
2021-03-09,1570.654,1577.161,1443.589,1481.097,2076560.0
2021-03-10,1524.344,1542.333,1494.492,1517.838,1169066.0
2021-03-11,1519.752,1564.913,1514.011,1529.32,1032286.0
2021-03-12,1536.974,1548.456,1472.294,1514.776,1006360.0
2021-03-15,1503.295,1504.443,1431.342,1442.441,1126098.0
2021-03-16,1442.059,1461.96,1392.687,1416.416,1370828.0
2021-03-17,1435.552,1473.059,1411.441,1459.664,1123186.0
2021-03-18,1469.232,1496.788,1462.726,1485.307,838626.0
2021-03-19,1447.417,1476.121,1436.318,1448.182,960953.0
2021-03-22,1476.121,1538.123,1460.429,1478.035,1104057.0
2021-03-23,1478.8,1483.776,1416.033,1438.614,764081.0
2021-03-24,1428.663,1437.466,1361.304,1370.106,1275561.0
2021-03-25,1351.353,1381.205,1339.106,1370.489,722168.0
2021-03-26,1388.86,1447.034,1382.736,1434.787,1139709.0
2021-03-29,1439.762,1460.429,1415.268,1441.676,733154.0
2021-03-30,1466.17,1499.85,1447.799,1486.455,959958.0
2021-03-31,1479.948,1479.948,1366.662,1376.23,2502768.0
2021-04-01,1359.773,1414.885,1357.094,1404.934,1145615.0
2021-04-02,1409.527,1439.38,1391.539,1419.095,851963.0
2021-04-06,1419.095,1442.441,1392.687,1404.934,767974.0
2021-04-07,1398.428,1410.675,1374.699,1406.465,823204.0
2021-04-08,1419.478,1419.478,1382.353,1385.033,726080.0
2021-04-09,1401.107,1403.021,1339.106,1347.526,1088923.0
2021-04-12,1347.908,1351.353,1251.079,1263.709,2234661.0
2021-04-13,1267.153,1289.351,1254.523,1267.919,969220.0
2021-04-14,1276.339,1285.907,1266.005,1275.956,757668.0
2021-04-15,1270.981,1282.462,1231.177,1280.166,977149.0
2021-04-16,1313.08,1319.587,1272.129,1287.82,992834.0
2021-04-19,1288.203,1332.217,1256.437,1328.389,1342117.0
2021-04-20,1315.759,1324.179,1294.327,1306.574,1037919.0
2021-04-21,1293.561,1297.771,1264.091,1290.117,897972.0
2021-04-22,1287.055,1300.45,1274.042,1281.314,734374.0
2021-04-23,1281.314,1339.488,1279.783,1329.537,1590716.0
2021-04-26,1329.92,1345.612,1282.462,1288.203,1362623.0
2021-04-27,1276.721,1280.549,1248.782,1269.45,995982.0
2021-04-28,1278.635,1284.376,1256.82,1275.573,842659.0
2021-04-29,1281.697,1285.907,1261.795,1282.845,832734.0
2021-04-30,1287.438,1288.969,1239.597,1251.079,1351859.0
2021-05-06,1266.388,1267.153,1214.72,1224.288,1264653.0
2021-05-07,1242.659,1262.178,1226.202,1229.263,1085275.0
2021-05-10,1218.164,1230.794,1179.127,1205.535,1358521.0
2021-05-11,1191.756,1196.349,1147.743,1179.127,1740507.0
2021-05-12,1161.138,1184.102,1155.398,1169.176,1210064.0
2021-05-13,1150.805,1161.138,1124.397,1127.459,1884648.0
2021-05-14,1127.459,1186.781,1118.273,1182.188,2129888.0
2021-05-17,1182.954,1228.881,1166.497,1212.424,2060582.0
2021-05-18,1211.658,1211.658,1187.164,1202.855,946794.0
2021-05-19,1198.263,1230.412,1185.25,1205.152,1239399.0
2021-05-20,1214.337,1235.77,1200.559,1206.3,1176337.0
2021-05-21,1198.263,1199.411,1169.176,1174.917,1298775.0
2021-05-24,1173.386,1207.831,1152.336,1205.917,1395485.0
2021-05-25,1200.176,1216.251,1175.682,1209.745,1814636.0
2021-05-26,1221.226,1266.388,1220.078,1228.881,2502348.0
2021-05-27,1216.634,1261.795,1206.3,1256.82,2200433.0
2021-05-28,1259.499,1266.388,1228.881,1236.535,1727863.0
2021-05-31,1238.449,1242.659,1207.831,1228.498,1526015.0
2021-06-01,1221.992,1279.4,1215.103,1279.4,2430240.0
2021-06-02,1286.29,1303.512,1255.672,1260.264,1800864.0
2021-06-03,1260.264,1267.919,1240.745,1249.931,1140391.0
2021-06-04,1238.832,1246.103,1219.695,1230.794,1543476.0
2021-06-07,1225.054,1242.276,1217.399,1223.523,1156198.0
2021-06-08,1225.054,1236.535,1218.164,1234.622,1019923.0
2021-06-09,1228.881,1234.239,1219.695,1221.992,756662.0
2021-06-10,1221.226,1236.535,1190.226,1191.374,1810843.0
2021-06-11,1179.127,1179.127,1140.854,1151.953,2410423.0
2021-06-15,1150.805,1150.805,1117.891,1144.681,1272157.0
2021-06-16,1149.886,1149.886,1120.417,1122.33,1099464.0
2021-06-17,1122.33,1139.935,1111.997,1128.454,942490.0
2021-06-18,1131.133,1139.553,1101.663,1139.553,1525635.0
2021-06-21,1136.874,1136.874,1119.651,1126.923,871096.0
2021-06-22,1125.009,1186.245,1123.478,1172.85,2062829.0
2021-06-23,1172.85,1178.208,1148.355,1167.492,1296483.0
2021-06-24,1167.874,1177.06,1152.565,1171.702,904460.0
2021-06-25,1173.615,1213.419,1166.726,1206.147,1786651.0
2021-06-28,1208.061,1210.74,1182.801,1193.9,1250108.0
2021-06-29,1187.011,1189.69,1157.924,1158.689,1264965.0
2021-06-30,1159.837,1208.443,1159.837,1204.616,1768529.0
2021-07-01,1210.74,1221.456,1175.146,1178.591,1269384.0
2021-07-02,1167.492,1167.492,1123.861,1126.923,1809101.0
2021-07-05,1124.244,1124.244,1076.403,1091.712,1985415.0
2021-07-06,1081.379,1102.811,1081.379,1096.305,1110952.0
2021-07-07,1087.502,1109.7,1087.502,1094.774,1177822.0
2021-07-08,1097.453,1104.725,1057.65,1061.094,1980843.0
2021-07-09,1054.971,1081.379,1043.489,1075.638,1248699.0
2021-07-12,1079.465,1099.367,1071.81,1074.49,1379851.0
2021-07-13,1073.724,1097.836,1064.921,1094.008,1337637.0
2021-07-14,1088.65,1089.033,1058.415,1061.86,1330578.0
2021-07-15,1061.86,1074.107,1042.723,1070.28,1372563.0
2021-07-16,1058.415,1060.329,1046.551,1050.378,1202296.0
2021-07-19,1041.192,1066.07,1010.957,1061.86,2254369.0
2021-07-20,1048.081,1099.367,1038.513,1088.268,2246203.0
2021-07-21,1092.095,1105.49,1076.403,1079.848,1661989.0
2021-07-22,1079.465,1159.837,1076.02,1150.269,3456840.0
2021-07-23,1152.948,1186.245,1138.022,1139.553,2504615.0
2021-07-26,1131.133,1136.108,1099.749,1106.256,1753586.0
2021-07-27,1116.972,1123.861,1050.761,1052.674,1807432.0
2021-07-28,1046.168,1063.39,1030.476,1046.551,1140379.0
2021-07-29,1062.242,1080.23,1049.23,1071.045,1222298.0
2021-07-30,1058.032,1058.415,1033.538,1041.958,1201516.0
2021-08-02,1042.723,1136.874,1027.797,1136.874,2327437.0
2021-08-03,1163.664,1229.876,1148.738,1192.752,5106277.0
2021-08-04,1208.826,1275.803,1208.061,1249.778,4315913.0
2021-08-05,1254.753,1270.827,1221.073,1243.271,2666830.0
2021-08-06,1240.209,1265.852,1226.049,1238.296,2165325.0
2021-08-09,1236.382,1316.754,1223.37,1295.322,3598695.0
2021-08-10,1289.964,1308.717,1257.432,1301.445,2601925.0
2021-08-11,1323.643,1357.706,1278.482,1282.309,2442119.0
2021-08-12,1286.136,1297.235,1244.419,1257.815,2110759.0
2021-08-13,1257.815,1284.223,1250.16,1271.976,1589002.0
2021-08-16,1273.889,1274.655,1211.505,1214.567,2424888.0
2021-08-17,1213.419,1234.469,1182.418,1196.196,2023962.0
2021-08-18,1196.579,1214.184,1176.677,1207.678,1656175.0
2021-08-19,1190.455,1192.752,1158.689,1173.615,1918406.0
2021-08-20,1158.306,1186.628,1152.183,1165.195,1430835.0
2021-08-23,1165.578,1198.11,1157.158,1197.344,1826688.0
2021-08-24,1196.962,1196.962,1161.751,1165.578,2143199.0
2021-08-25,1156.01,1156.01,1117.737,1118.503,2859889.0
2021-08-26,1112.379,1133.046,1109.317,1126.923,1733393.0
2021-08-27,1112.762,1148.355,1098.601,1136.874,1827000.0
2021-08-30,1106.256,1112.379,1068.366,1077.551,3243518.0
2021-08-31,1080.613,1104.725,1080.613,1095.922,1928700.0
2021-09-01,1096.688,1196.196,1073.724,1196.196,4445395.0
2021-09-02,1205.764,1209.974,1161.368,1183.566,3263300.0
2021-09-03,1165.578,1182.801,1150.269,1168.64,1965786.0
2021-09-06,1176.677,1237.53,1167.492,1211.505,2953188.0
2021-09-07,1207.678,1209.209,1190.838,1206.53,1832883.0
2021-09-08,1201.937,1201.937,1173.615,1175.912,1860417.0
2021-09-09,1167.109,1200.789,1163.664,1174.763,1429617.0
2021-09-10,1175.146,1192.369,1156.393,1175.529,1463076.0
2021-09-13,1173.998,1173.998,1138.405,1145.294,1648828.0
2021-09-14,1142.615,1160.22,1121.565,1125.775,1329839.0
2021-09-15,1119.651,1120.034,1098.601,1109.317,1502058.0
2021-09-16,1098.984,1120.034,1098.601,1116.972,1381320.0
2021-09-17,1113.145,1113.145,1092.095,1103.577,974255.0
2021-09-22,1086.737,1095.539,1069.131,1081.379,1280598.0
2021-09-23,1084.44,1118.12,1084.44,1100.132,1179724.0
2021-09-24,1095.539,1095.539,1079.465,1082.527,1013201.0
2021-09-27,1079.465,1079.465,1046.933,1055.736,1680431.0
2021-09-28,1050.761,1073.724,1049.23,1062.625,921453.0
2021-09-29,1050.378,1075.638,1048.847,1055.736,1029996.0
2021-09-30,1064.156,1077.551,1058.798,1065.687,904088.0
2021-10-08,1071.045,1098.218,1065.687,1093.243,1202751.0
2021-10-11,1094.008,1101.663,1082.527,1084.44,850601.0
2021-10-12,1079.848,1083.292,1054.588,1063.773,984220.0
2021-10-13,1058.798,1071.045,1058.415,1065.304,611173.0
2021-10-14,1065.687,1077.934,1063.39,1072.576,674322.0
2021-10-15,1073.724,1075.255,1056.501,1059.181,719281.0
2021-10-18,1059.563,1060.329,1032.007,1041.958,1108911.0
2021-10-19,1037.365,1062.625,1033.921,1049.23,1052836.0
2021-10-20,1048.847,1058.032,1037.365,1041.192,899871.0
2021-10-21,1039.279,1043.106,1028.18,1032.007,1042760.0
2021-10-22,1026.649,1067.983,1026.649,1054.971,1446452.0
2021-10-25,1048.081,1048.081,1032.007,1043.872,878759.0
2021-10-26,1041.192,1052.291,1030.859,1035.834,900806.0
2021-10-27,1036.217,1038.896,1012.871,1015.933,1135294.0
2021-10-28,1010.957,1011.723,966.561,966.944,1867442.0
2021-10-29,950.869,989.525,950.869,970.771,1328348.0
2021-11-01,967.709,983.784,952.783,974.598,977550.0
2021-11-02,974.981,978.426,942.449,949.721,1275013.0
2021-11-03,949.721,956.227,932.881,955.079,1185375.0
2021-11-04,950.487,963.499,943.598,957.376,928102.0
2021-11-05,956.61,979.956,948.573,972.302,1567988.0
2021-11-08,972.685,982.253,961.968,963.117,824564.0
2021-11-09,956.993,960.055,938.239,941.301,1305078.0
2021-11-10,935.56,937.857,915.276,925.609,1438255.0
2021-11-11,924.079,955.462,919.103,955.462,1687343.0
2021-11-12,948.573,948.956,933.264,940.536,995901.0
2021-11-15,944.363,951.252,938.239,941.301,771862.0
2021-11-16,945.511,950.869,934.029,934.412,758667.0
2021-11-17,932.499,940.153,922.548,936.709,840581.0
2021-11-18,934.029,934.029,922.548,923.313,808603.0
2021-11-19,921.017,934.029,911.449,930.202,1257622.0
2021-11-22,930.202,945.511,927.523,935.943,969523.0
2021-11-23,934.029,975.746,930.968,968.857,2233422.0
2021-11-24,972.302,972.302,951.252,955.462,1209785.0
2021-11-25,955.079,968.092,942.067,961.968,1141548.0
2021-11-26,956.61,970.006,950.869,952.783,905427.0
2021-11-29,934.412,940.536,930.202,936.709,834448.0
2021-11-30,936.709,942.449,929.437,930.202,742530.0
2021-12-01,929.819,937.091,926.758,935.943,583552.0
2021-12-02,929.437,956.61,924.461,947.808,1379479.0
2021-12-03,947.042,955.079,936.326,951.252,997159.0
2021-12-06,955.079,974.216,950.869,960.437,1504016.0
2021-12-07,976.129,1027.797,968.857,1020.143,3947906.0
2021-12-08,1010.957,1011.34,989.907,1001.006,2632694.0
2021-12-09,993.735,1016.315,991.821,1003.303,1836729.0
2021-12-10,995.265,1000.624,977.66,978.808,1636866.0
2021-12-13,997.562,1038.131,997.179,1015.167,3438033.0
2021-12-14,1004.834,1010.192,996.031,999.093,1490330.0
2021-12-15,998.327,1007.895,995.265,995.648,902657.0
2021-12-16,994.883,1006.747,986.845,1006.364,1051962.0
2021-12-17,1010.574,1021.291,992.969,992.969,1161498.0
2021-12-20,991.438,991.438,976.512,978.043,934363.0
2021-12-21,976.895,992.586,976.129,988.759,695688.0
2021-12-22,993.352,993.352,977.277,980.339,654164.0
2021-12-23,981.105,992.204,966.178,992.204,1014700.0
2021-12-24,987.611,1001.772,983.018,986.08,803015.0
2021-12-27,986.08,1000.624,979.574,991.821,651199.0
2021-12-28,994.5,1010.574,994.5,1001.006,887067.0
2021-12-29,1001.772,1005.216,984.932,985.697,678216.0
2021-12-30,980.722,983.784,976.129,977.66,743898.0
2021-12-31,979.191,982.636,961.586,964.647,977087.0
2022-01-04,964.265,968.092,953.931,964.647,770091.0
2022-01-05,965.03,983.401,959.289,975.364,1275574.0
2022-01-06,968.857,1014.402,966.944,1004.834,2285160.0
2022-01-07,1001.772,1053.057,1001.006,1041.575,3204666.0
2022-01-10,1056.501,1060.711,1026.266,1043.489,1600713.0
2022-01-11,1046.933,1054.588,1026.649,1030.476,1407033.0
2022-01-12,1030.476,1035.069,1011.34,1029.328,1082694.0
2022-01-13,1026.649,1033.921,1005.599,1007.513,1053381.0
2022-01-14,1005.982,1005.982,984.932,986.845,950403.0
2022-01-17,984.166,991.438,975.746,988.376,762110.0
2022-01-18,982.253,1002.92,975.364,992.969,1182798.0
2022-01-19,1001.772,1029.711,998.327,1023.97,1967515.0
2022-01-20,1023.97,1033.538,1000.241,1020.143,1275798.0
2022-01-21,1012.488,1013.254,976.129,979.191,1595809.0
2022-01-24,970.388,979.191,954.314,962.734,1016891.0
2022-01-25,956.993,966.561,924.079,926.758,1355528.0
2022-01-26,926.758,939.388,913.745,932.881,836207.0
2022-01-27,926.375,929.054,883.127,885.423,1551518.0
2022-01-28,887.72,892.695,858.25,862.843,1239028.0
2022-02-07,878.152,889.633,871.645,885.806,807591.0
2022-02-08,892.312,910.3,886.572,905.325,960920.0
2022-02-09,905.325,905.325,890.782,903.029,761526.0
2022-02-10,903.794,908.77,895.757,903.794,613222.0
2022-02-11,903.411,905.708,885.041,888.868,797665.0
2022-02-14,882.744,890.399,867.053,875.09,739344.0
2022-02-15,872.793,887.337,870.88,886.189,576762.0
2022-02-16,892.695,895.757,883.51,888.868,502590.0
2022-02-17,889.633,891.547,880.448,886.189,495151.0
2022-02-18,878.534,891.93,876.238,891.547,589974.0
2022-02-21,890.016,890.399,881.596,887.337,554917.0
2022-02-22,879.682,880.448,869.349,872.028,724747.0
2022-02-23,872.028,886.954,872.028,886.189,759202.0
2022-02-24,883.892,883.892,860.546,864.756,941206.0
2022-02-25,869.349,875.855,859.781,863.991,828823.0
2022-02-28,863.225,863.225,839.114,842.558,1484793.0
2022-03-01,842.175,848.299,840.262,847.534,836302.0
2022-03-02,842.175,842.558,834.521,838.348,753204.0
2022-03-03,839.879,842.175,834.138,835.669,716941.0
2022-03-04,830.694,830.694,814.619,816.533,1190481.0
2022-03-07,808.496,808.496,783.236,787.063,1375917.0
2022-03-08,784.767,792.038,754.914,767.927,1358397.0
2022-03-09,769.458,772.902,717.79,745.729,1557047.0
2022-03-10,761.038,761.42,749.173,751.47,1054388.0
2022-03-11,738.457,776.347,730.037,775.964,1422212.0
2022-03-14,764.1,781.705,758.741,758.741,830122.0
2022-03-15,754.531,758.741,723.531,723.531,1065802.0
2022-03-16,740.753,753.001,712.049,749.173,1253954.0
2022-03-17,760.272,785.149,754.914,770.223,1613011.0
2022-03-18,765.63,783.619,758.741,779.026,1259282.0
2022-03-21,780.939,783.619,765.63,772.137,778629.0
2022-03-22,766.779,775.964,762.569,770.223,523797.0
2022-03-23,767.927,774.816,765.63,766.779,538271.0
2022-03-24,761.42,763.717,752.618,760.272,584010.0
2022-03-25,760.272,764.1,746.111,746.494,590868.0
2022-03-28,742.667,754.149,732.333,751.852,594563.0
2022-03-29,751.47,752.235,730.802,731.951,663231.0
2022-03-30,738.074,767.544,735.395,766.779,1310995.0
2022-03-31,761.803,773.285,759.89,762.569,845969.0
2022-04-01,757.21,769.458,754.914,763.717,683773.0
2022-04-06,757.976,782.088,752.618,776.347,1330260.0
2022-04-07,769.458,785.915,766.396,767.927,1286202.0
2022-04-08,773.285,835.669,773.285,829.546,3231222.0
2022-04-11,826.866,826.866,800.458,804.668,1946832.0
2022-04-12,799.693,816.533,795.1,810.792,1272038.0
2022-04-13,800.076,800.076,784.767,787.063,1109104.0
2022-04-14,790.508,815.385,789.359,809.644,1189239.0
2022-04-15,800.076,806.965,794.718,797.397,727624.0
2022-04-18,790.89,792.038,779.026,781.322,706916.0
2022-04-19,780.557,790.125,762.186,768.692,878827.0
2022-04-20,771.371,775.581,754.914,757.21,656637.0
2022-04-21,754.531,756.828,729.654,731.951,999496.0
2022-04-22,728.123,742.284,716.642,736.543,672453.0
2022-04-25,704.394,712.814,677.604,678.369,1354571.0
2022-04-26,678.752,683.727,650.047,651.196,1147581.0
2022-04-27,654.64,692.913,654.64,689.851,1507079.0
2022-04-28,689.851,698.654,679.517,695.974,993750.0
2022-04-29,686.406,735.012,677.986,723.531,1483536.0
2022-05-05,723.531,740.371,719.703,727.358,909265.0
2022-05-06,713.963,727.741,706.308,712.432,676837.0
2022-05-09,712.814,718.173,699.036,702.098,628010.0
2022-05-10,691.382,717.79,684.11,712.049,740531.0
2022-05-11,708.987,724.679,708.987,712.049,873012.0
2022-05-12,705.16,714.345,694.061,700.95,810271.0
2022-05-13,707.839,723.531,701.715,704.394,1211160.0
2022-05-16,722.0,735.012,711.283,713.58,1485487.0
2022-05-17,712.049,719.321,703.246,717.024,856112.0
2022-05-18,718.173,719.321,708.222,708.222,724652.0
2022-05-19,696.74,701.333,688.703,700.95,892186.0
2022-05-20,702.864,731.185,702.098,726.975,1648919.0
2022-05-23,731.951,732.333,716.259,719.703,869327.0
2022-05-24,720.086,726.592,703.246,703.246,841399.0
2022-05-25,700.567,715.111,697.123,714.345,701537.0
2022-05-26,718.555,754.149,717.79,746.111,2024953.0
2022-05-27,751.087,752.235,737.309,741.901,1146041.0
2022-05-30,746.494,749.173,729.654,734.63,868690.0
2022-05-31,735.012,740.753,727.741,740.753,1049631.0
2022-06-01,737.309,744.581,729.654,735.012,873361.0
2022-06-02,737.692,744.963,735.012,740.753,709835.0
2022-06-06,740.753,759.124,735.012,757.21,1158658.0
2022-06-07,756.828,773.285,754.914,762.186,1222140.0
2022-06-08,761.803,767.544,748.791,756.062,789635.0
2022-06-09,756.828,772.137,750.321,758.359,898972.0
2022-06-10,755.963,755.963,738.74,752.518,1090578.0
2022-06-13,744.098,790.408,741.037,781.988,1931600.0
2022-06-14,777.013,809.927,772.037,807.248,1508095.0
2022-06-15,809.927,834.421,808.396,809.544,2252962.0
2022-06-16,809.544,822.557,790.408,795.001,1233670.0
2022-06-17,786.964,805.717,779.692,797.68,1091038.0
2022-06-20,798.445,825.236,789.26,820.261,1285642.0
2022-06-21,817.199,826.767,806.483,820.261,1068434.0
2022-06-22,822.557,824.088,798.063,798.445,784997.0
2022-06-23,798.445,808.779,796.149,808.013,630356.0
2022-06-24,807.631,808.396,791.939,802.273,1040727.0
2022-06-27,799.593,825.619,798.828,819.878,1291019.0
2022-06-28,820.261,825.619,814.52,822.174,657876.0
2022-06-29,819.495,838.631,812.989,813.372,1022353.0
2022-06-30,811.841,843.607,810.31,838.631,1410606.0
2022-07-01,847.817,889.151,847.817,868.484,2157111.0
2022-07-04,881.114,881.114,862.743,868.101,1094727.0
2022-07-05,868.484,868.484,840.162,851.644,1216378.0
2022-07-06,848.2,848.2,817.199,824.088,1282730.0
2022-07-07,825.236,840.545,817.199,833.273,751131.0
2022-07-08,832.891,854.706,832.891,836.718,732291.0
2022-07-11,836.718,847.817,822.94,830.594,628798.0
2022-07-12,825.619,845.138,825.236,830.977,573693.0
2022-07-13,838.249,861.212,828.681,848.582,1053031.0
2022-07-14,839.78,843.607,829.063,833.656,790311.0
2022-07-15,820.261,820.261,778.926,785.05,1861513.0
2022-07-18,788.112,828.298,785.433,826.767,1236003.0
2022-07-19,831.742,834.039,808.013,812.989,718040.0
2022-07-20,813.754,816.816,803.038,806.1,514077.0
2022-07-21,806.1,808.396,795.001,795.001,555148.0
2022-07-22,794.235,808.396,785.815,794.618,550021.0
2022-07-25,798.063,805.334,787.346,791.556,494974.0
2022-07-26,791.556,804.186,789.643,801.89,448008.0
2022-07-27,801.507,801.507,788.112,791.556,436712.0
2022-07-28,793.853,796.149,786.198,786.964,599127.0
2022-07-29,789.26,790.025,756.728,761.321,1319746.0
2022-08-01,759.79,763.235,747.543,761.704,596430.0
2022-08-02,755.963,755.963,725.728,737.209,941884.0
2022-08-03,739.888,750.987,724.197,726.11,681360.0
2022-08-04,731.086,739.888,726.493,733.382,474372.0
2022-08-05,734.147,740.654,729.938,740.654,482725.0
2022-08-08,738.74,747.543,737.209,744.481,400825.0
2022-08-09,745.247,746.395,736.827,739.123,304263.0
2022-08-10,737.209,739.123,724.197,727.258,623295.0
2022-08-11,728.024,751.753,728.024,750.222,860581.0
2022-08-12,748.308,755.58,745.629,752.136,519039.0
2022-08-15,750.987,754.815,740.654,746.395,428291.0
2022-08-16,746.395,750.987,742.185,744.481,335704.0
2022-08-17,745.247,750.222,734.913,746.395,474369.0
2022-08-18,745.247,745.247,735.296,736.061,416012.0
2022-08-19,734.913,742.567,731.086,731.468,401416.0
2022-08-22,728.407,735.678,727.258,732.617,378158.0
2022-08-23,732.617,732.617,721.518,724.197,620105.0
2022-08-24,724.197,726.493,698.554,700.85,1187476.0
2022-08-25,704.295,707.357,692.813,706.209,754719.0
2022-08-26,706.591,711.184,701.233,703.147,441728.0
2022-08-29,693.579,707.357,691.282,704.678,435088.0
2022-08-30,704.678,715.394,703.529,705.443,417095.0
2022-08-31,700.468,716.159,696.64,711.949,631434.0
2022-09-01,711.949,724.197,709.27,715.777,673591.0
2022-09-02,715.011,716.925,701.999,706.591,454176.0
2022-09-05,704.295,705.443,693.196,700.468,450280.0
2022-09-06,701.999,712.715,701.999,711.184,485887.0
2022-09-07,708.888,711.949,703.529,706.209,336876.0
2022-09-08,708.122,715.011,707.357,711.949,409789.0
2022-09-09,711.949,733.382,708.505,731.468,1056494.0
2022-09-13,728.407,739.123,727.258,732.999,597398.0
2022-09-14,724.197,731.086,721.9,727.258,442310.0
2022-09-15,728.407,738.357,721.518,729.172,582445.0
2022-09-16,728.024,728.789,706.209,706.209,644052.0
2022-09-19,704.678,704.678,677.504,682.097,872137.0
2022-09-20,684.011,686.307,679.418,681.714,475431.0
2022-09-21,681.331,691.282,671.763,685.541,620203.0
2022-09-22,680.949,683.628,669.467,671.381,574250.0
2022-09-23,671.763,674.825,654.541,661.047,632601.0
2022-09-26,659.899,661.047,644.207,646.886,757125.0
2022-09-27,646.886,659.516,645.355,659.133,518193.0
2022-09-28,659.133,662.961,648.417,648.417,399408.0
2022-09-29,653.01,654.923,633.874,639.232,616356.0
2022-09-30,639.614,647.652,639.232,640.38,452527.0
2022-10-10,640.38,648.8,631.96,633.108,407553.0
2022-10-11,633.108,634.639,622.775,630.046,341081.0
2022-10-12,633.874,666.022,627.75,664.109,836901.0
2022-10-13,661.43,665.257,654.158,662.195,483019.0
2022-10-14,664.109,679.035,662.578,670.232,605013.0
2022-10-17,667.171,684.393,663.726,683.245,627288.0
2022-10-18,684.011,686.307,672.529,674.825,479996.0
2022-10-19,674.825,679.035,666.405,669.084,398842.0
2022-10-20,664.874,675.591,662.195,666.405,349701.0
2022-10-21,669.85,679.418,662.961,663.726,458860.0
2022-10-24,664.492,681.331,647.269,650.713,779585.0
2022-10-25,652.627,672.146,652.627,660.664,780904.0
2022-10-26,664.109,677.121,664.109,672.146,555923.0
2022-10-27,675.591,681.331,669.85,676.356,557332.0
2022-10-28,671.763,676.356,656.454,658.751,564593.0
2022-10-31,644.59,644.59,618.182,625.836,1195599.0
2022-11-01,627.367,677.504,623.157,677.504,1542831.0
2022-11-02,678.652,701.616,674.06,689.369,1535249.0
2022-11-03,683.245,697.789,682.097,691.282,774584.0
2022-11-04,690.517,704.295,687.455,697.023,845752.0
2022-11-07,694.727,698.171,688.986,693.579,530235.0
2022-11-08,693.196,698.171,679.418,684.776,607529.0
2022-11-09,685.159,691.665,683.245,685.159,374293.0
2022-11-10,684.011,684.393,675.973,681.714,399156.0
2022-11-11,695.11,729.555,688.22,717.69,1724799.0
2022-11-14,732.999,738.74,713.098,716.159,1352011.0
2022-11-15,716.159,726.493,710.419,724.197,727732.0
2022-11-16,721.518,721.518,708.505,712.332,615170.0
2022-11-17,706.591,712.332,703.529,710.419,430612.0
2022-11-18,710.419,715.394,698.554,701.616,574943.0
2022-11-21,697.789,698.171,690.134,697.789,415199.0
2022-11-22,698.937,710.801,695.875,700.85,549685.0
2022-11-23,695.492,713.48,695.492,701.233,608285.0
2022-11-24,703.912,720.369,703.529,705.443,747439.0
2022-11-25,704.678,720.369,701.233,717.69,837104.0
2022-11-28,706.209,706.974,686.307,695.875,728037.0
2022-11-29,706.209,729.172,706.209,728.789,1553313.0
2022-11-30,729.555,729.555,713.098,718.073,742105.0
2022-12-01,732.999,735.296,716.925,718.456,738429.0
2022-12-02,714.246,716.159,708.505,710.036,607371.0
2022-12-05,714.246,734.147,713.863,733.765,1185226.0
2022-12-06,727.641,737.592,725.345,730.703,669075.0
2022-12-07,729.172,729.172,718.456,723.048,583623.0
2022-12-08,726.876,726.876,720.369,723.431,461200.0
2022-12-09,726.493,761.321,724.579,756.346,1942469.0
2022-12-12,753.666,760.556,742.185,745.247,948258.0
2022-12-13,741.802,750.222,738.357,743.333,583521.0
2022-12-14,740.271,762.469,739.123,751.37,1007021.0
2022-12-15,748.691,757.876,738.74,742.567,558028.0
2022-12-16,735.678,759.025,735.678,748.691,690852.0
2022-12-19,746.395,753.666,732.999,736.444,619131.0
2022-12-20,735.678,737.592,708.888,713.863,845660.0
2022-12-21,713.48,734.147,712.332,721.135,569438.0
2022-12-22,729.555,739.506,725.728,729.555,488863.0
2022-12-23,725.728,736.061,721.135,726.876,371593.0
2022-12-26,726.876,730.32,716.542,729.555,401719.0
2022-12-27,735.296,736.827,725.345,728.407,328299.0
2022-12-28,728.789,728.789,713.098,715.394,430871.0
2022-12-29,710.036,711.949,702.381,708.505,556120.0
2022-12-30,710.036,726.493,710.036,713.863,432576.0
2023-01-03,713.863,715.394,702.764,713.863,445067.0
2023-01-04,713.863,731.086,710.801,723.431,759048.0
2023-01-05,726.11,736.061,723.814,734.53,604805.0
2023-01-06,732.234,741.802,729.555,740.654,586023.0
2023-01-09,742.95,761.321,741.037,757.876,1249265.0
2023-01-10,757.111,759.79,752.136,755.197,499625.0
2023-01-11,750.605,757.494,747.543,749.074,522237.0
2023-01-12,750.605,752.518,741.419,750.222,456836.0
2023-01-13,750.987,760.556,747.16,760.556,629384.0
2023-01-16,762.086,772.037,752.518,760.556,962549.0
2023-01-17,761.704,771.272,758.642,766.679,545002.0
2023-01-18,767.445,776.247,760.556,763.617,527486.0
2023-01-19,760.173,766.296,755.197,764.383,548601.0
2023-01-20,764.383,774.716,763.617,770.124,468945.0
2023-01-30,778.926,782.371,767.445,769.741,631917.0
2023-01-31,768.593,782.371,764.765,779.692,812980.0
2023-02-01,780.457,781.605,756.346,768.593,1089034.0
2023-02-02,767.062,768.593,758.642,759.407,649914.0
2023-02-03,755.963,756.346,740.271,746.777,940483.0
2023-02-06,741.037,750.605,737.592,739.888,548198.0
2023-02-07,742.567,745.247,737.209,741.419,501503.0
2023-02-08,741.037,742.95,737.975,738.74,313096.0
2023-02-09,740.271,746.012,736.827,746.012,540917.0
2023-02-10,746.012,749.074,739.123,741.802,485651.0
2023-02-13,746.777,804.952,745.247,804.952,3588879.0
2023-02-14,801.89,816.051,794.618,811.075,2025144.0
2023-02-15,811.458,813.372,801.507,806.865,887425.0
2023-02-16,806.1,809.162,783.519,791.174,1013492.0
2023-02-17,790.791,810.692,790.791,799.211,1210902.0
2023-02-20,812.989,861.212,810.692,857.768,2433212.0
2023-02-21,857.002,859.681,839.014,846.286,1391611.0
2023-02-22,851.644,864.274,843.99,849.348,883144.0
2023-02-23,849.348,851.644,836.335,842.076,675700.0
2023-02-24,846.286,847.817,812.989,823.322,1302536.0
2023-02-27,817.199,835.187,816.816,827.15,857609.0
2023-02-28,829.063,834.804,813.372,826.001,740317.0
2023-03-01,827.15,847.817,819.878,846.669,1187692.0
2023-03-02,844.372,853.558,842.076,847.817,781248.0
2023-03-03,847.817,852.792,841.31,847.434,512808.0
2023-03-06,836.335,840.162,817.582,818.73,1356592.0
2023-03-07,818.347,825.619,804.952,806.1,766773.0
2023-03-08,801.89,815.285,798.063,808.779,499761.0
2023-03-09,808.779,812.223,790.791,796.149,637604.0
2023-03-10,791.939,802.273,786.581,789.643,452220.0
2023-03-13,791.556,812.223,791.556,795.383,743431.0
2023-03-14,795.001,795.001,770.124,776.247,769726.0
2023-03-15,780.457,785.433,775.865,780.84,594676.0
2023-03-16,778.161,785.815,772.037,773.951,513321.0
2023-03-17,781.605,789.26,774.716,777.778,702792.0
2023-03-20,777.778,796.532,764.0,768.21,837222.0
2023-03-21,768.21,773.185,762.852,771.272,509764.0
2023-03-22,777.013,780.84,770.889,776.63,465564.0
2023-03-23,775.099,777.395,764.765,774.334,536712.0
2023-03-24,774.334,774.334,746.395,757.494,1068993.0
2023-03-27,757.494,757.494,742.185,752.518,756367.0
2023-03-28,753.284,760.556,749.074,750.987,504371.0
2023-03-29,754.049,767.445,749.839,764.0,652224.0
2023-03-30,765.148,774.334,756.346,767.827,625322.0
2023-03-31,769.741,773.185,761.321,763.235,547220.0
2023-04-03,764.765,792.322,764.765,786.198,1035884.0
2023-04-04,783.902,790.408,779.309,786.581,550101.0
2023-04-06,786.581,791.939,779.309,783.136,487995.0
2023-04-07,783.136,786.581,774.334,775.099,501278.0
2023-04-10,775.865,777.778,759.025,760.938,850318.0
2023-04-11,762.086,780.84,756.346,779.692,904570.0
2023-04-12,780.074,783.519,773.185,774.716,459162.0
2023-04-13,773.951,780.074,760.173,762.469,748430.0
2023-04-14,763.617,766.296,758.259,759.407,429286.0
2023-04-17,759.79,776.63,758.642,772.037,639093.0
2023-04-18,773.568,775.482,764.765,770.889,474728.0
2023-04-19,771.272,772.803,756.728,760.173,593403.0
2023-04-20,759.407,766.296,752.136,755.963,555026.0
2023-04-21,752.518,765.531,742.95,744.481,595313.0
2023-04-24,744.864,746.777,718.073,721.518,973014.0
2023-04-25,725.345,729.172,714.629,728.024,684727.0
2023-04-26,728.789,731.086,718.838,722.666,473179.0
2023-04-27,723.048,731.468,719.221,729.938,518734.0
2023-04-28,731.086,741.037,727.641,740.271,492214.0
2023-05-04,738.357,740.654,732.234,734.147,484544.0
2023-05-05,734.147,737.209,723.814,730.703,428689.0
2023-05-08,730.703,739.123,728.407,734.53,405906.0
2023-05-09,734.913,743.716,728.407,729.172,578283.0
2023-05-10,729.555,732.234,725.728,730.32,319491.0
2023-05-11,729.938,731.086,724.579,724.962,368918.0
2023-05-12,724.962,725.728,708.888,710.419,655742.0
2023-05-15,710.801,726.876,703.147,726.11,489089.0
2023-05-16,727.641,731.851,719.604,722.283,352630.0
2023-05-17,721.135,736.061,719.987,729.172,448723.0
2023-05-18,729.172,732.234,720.752,723.814,302478.0
2023-05-19,721.9,723.431,712.332,715.394,423881.0
2023-05-22,715.394,732.234,713.098,724.962,403205.0
2023-05-23,724.962,726.493,716.925,716.925,273186.0
2023-05-24,713.48,713.863,703.147,703.912,417644.0
2023-05-25,703.147,705.826,687.455,694.344,622634.0
2023-05-26,694.344,695.492,686.307,690.517,323811.0
2023-05-29,690.517,693.579,687.455,688.22,303841.0
2023-05-30,686.69,690.9,672.146,685.159,626741.0
2023-05-31,685.132,690.49,674.798,677.095,598729.0
2023-06-01,677.095,692.786,677.095,686.663,493509.0
2023-06-02,688.194,702.737,686.663,699.675,495219.0
2023-06-05,699.675,702.737,693.169,694.7,300530.0
2023-06-06,696.996,708.478,692.404,692.404,456009.0
2023-06-07,689.725,697.762,684.366,688.576,402853.0
2023-06-08,689.342,716.515,688.576,715.75,933331.0
2023-06-09,715.367,719.577,708.095,708.095,431581.0
2023-06-12,707.33,721.108,704.651,716.515,418050.0
2023-06-13,716.515,721.873,711.54,715.367,309589.0
2023-06-14,718.046,740.244,718.046,736.8,1212219.0
2023-06-15,735.652,765.504,734.503,762.825,1405705.0
2023-06-16,768.949,778.517,763.591,767.8,1397689.0
2023-06-19,775.072,775.455,759.381,760.146,858364.0
2023-06-20,761.294,765.887,755.171,759.381,588028.0
2023-06-21,756.701,762.442,749.812,749.812,396230.0
2023-06-26,746.751,753.257,739.096,741.01,589040.0
2023-06-27,741.01,750.961,740.244,749.047,452398.0
2023-06-28,746.751,751.726,741.01,747.899,297026.0
2023-06-29,748.664,750.578,741.01,743.306,252817.0
2023-06-30,741.01,754.788,741.01,751.726,439391.0
2023-07-03,757.85,763.208,748.282,750.578,506861.0
2023-07-04,750.578,762.442,747.899,752.491,393741.0
2023-07-05,750.961,758.615,746.751,753.64,297613.0
2023-07-06,750.961,760.146,745.602,747.516,378056.0
2023-07-07,743.306,751.343,741.775,748.282,250456.0
2023-07-10,746.751,755.936,746.751,751.726,275620.0
2023-07-11,751.726,760.529,747.133,754.788,279592.0
2023-07-12,754.788,767.8,749.812,750.961,505714.0
2023-07-13,754.788,758.615,747.516,754.022,333825.0
2023-07-14,754.405,774.307,750.578,772.393,976068.0
2023-07-17,768.949,772.776,761.677,772.01,413906.0
2023-07-18,772.01,783.492,769.331,776.603,566780.0
2023-07-19,776.22,780.813,770.862,780.048,365341.0
2023-07-20,780.048,794.591,775.455,775.838,685002.0
2023-07-21,773.541,792.678,767.8,781.961,723920.0
2023-07-24,784.258,788.085,768.949,770.862,423873.0
2023-07-25,776.603,796.505,776.603,791.912,694790.0
2023-07-26,791.912,793.06,776.603,777.751,462490.0
2023-07-27,777.751,782.727,766.652,768.566,490392.0
2023-07-28,765.887,792.678,765.121,787.319,854251.0
2023-07-31,789.999,805.308,789.616,794.591,694177.0
2023-08-01,790.764,793.06,772.776,776.22,613938.0
2023-08-02,779.665,790.381,779.665,781.579,383509.0
2023-08-03,777.751,787.702,772.393,787.319,443011.0
2023-08-04,794.591,799.567,783.492,785.023,451869.0
2023-08-07,783.109,785.023,776.603,780.813,365441.0
2023-08-08,780.813,780.813,760.529,767.418,646311.0
2023-08-09,765.121,765.121,742.923,745.985,1072097.0
2023-08-10,746.751,749.812,744.072,746.751,445548.0
2023-08-11,746.751,748.664,723.404,723.787,817055.0
2023-08-14,718.429,724.935,714.219,722.256,456627.0
2023-08-15,723.022,727.614,712.688,719.194,379659.0
2023-08-16,716.133,728.763,715.367,719.96,430119.0
2023-08-17,717.664,732.973,717.281,730.676,455952.0
2023-08-18,730.293,731.442,717.664,718.046,354476.0
2023-08-21,716.515,722.639,711.923,711.923,274679.0
2023-08-22,714.219,721.873,705.416,715.367,362958.0
2023-08-23,715.367,715.75,698.145,698.91,342170.0
2023-08-24,699.293,703.12,693.169,693.935,520845.0
2023-08-25,693.169,702.737,690.49,695.848,341430.0
2023-08-28,726.083,729.528,706.947,711.157,650783.0
2023-08-29,708.861,714.984,701.589,709.626,495739.0
2023-08-30,709.626,716.133,705.034,707.33,369386.0
2023-08-31,718.046,730.293,706.564,708.095,833704.0
2023-09-01,710.392,729.528,710.392,725.701,865654.0
2023-09-04,732.207,771.628,731.824,768.566,1790365.0
2023-09-05,767.8,769.331,759.763,765.504,765230.0
2023-09-06,763.973,764.739,752.491,757.467,442136.0
2023-09-07,757.084,762.825,750.961,756.319,492613.0
2023-09-08,754.405,754.405,746.368,749.047,306265.0
2023-09-11,753.64,758.998,746.751,754.405,374072.0
2023-09-12,752.491,756.319,748.664,751.343,285234.0
2023-09-13,754.405,756.319,742.923,746.751,323277.0
2023-09-14,746.751,748.664,743.306,748.282,258450.0
2023-09-15,748.664,752.109,740.627,742.158,338384.0
2023-09-18,740.627,746.368,737.565,739.862,219607.0
2023-09-19,739.862,742.158,732.973,739.096,310789.0
2023-09-20,738.331,738.331,723.787,729.528,490735.0
2023-09-21,727.997,732.59,723.404,727.997,353132.0
2023-09-22,730.676,744.072,724.17,742.158,553686.0
2023-09-25,742.158,744.837,731.059,731.442,454436.0
2023-09-26,730.293,738.713,729.911,733.738,220316.0
2023-09-27,731.442,736.8,726.083,728.38,361714.0
2023-09-28,731.059,731.442,719.577,723.404,334635.0
2023-10-09,722.639,731.059,720.725,723.022,364058.0
2023-10-10,723.787,726.083,699.675,700.824,902846.0
2023-10-11,701.589,705.034,696.996,697.379,506029.0
2023-10-12,701.589,705.799,697.762,705.416,453037.0
2023-10-13,701.206,701.972,697.379,701.589,351504.0
2023-10-16,701.972,702.737,690.107,691.638,427759.0
2023-10-17,693.169,694.7,689.342,692.404,253684.0
2023-10-18,691.638,692.404,684.749,685.897,317829.0
2023-10-19,684.749,684.749,674.033,674.798,503966.0
2023-10-20,672.502,673.65,666.761,668.292,405191.0
2023-10-23,668.675,670.588,654.514,660.255,405489.0
2023-10-24,659.872,664.847,657.576,661.786,404796.0
2023-10-25,680.156,688.194,672.502,674.033,650655.0
2023-10-26,668.292,675.564,665.23,674.798,301491.0
2023-10-27,674.033,687.811,672.119,685.897,449362.0
2023-10-30,685.132,692.404,676.329,690.49,349678.0
2023-10-31,679.774,680.539,664.847,669.057,831085.0
2023-11-01,669.44,670.971,658.724,659.107,634966.0
2023-11-02,659.107,663.317,651.069,652.6,626526.0
2023-11-03,654.131,661.786,654.131,660.255,438647.0
2023-11-06,662.551,669.44,660.637,669.44,487347.0
2023-11-07,669.057,669.057,661.02,665.613,401070.0
2023-11-08,664.465,667.527,661.403,664.847,372396.0
2023-11-09,663.699,665.613,661.786,662.551,321549.0
2023-11-10,661.02,661.02,655.662,657.576,341405.0
2023-11-13,659.107,661.02,655.662,660.255,391524.0
2023-11-14,659.872,662.551,657.958,660.255,417318.0
2023-11-15,664.465,668.292,662.168,664.082,527973.0
2023-11-16,662.551,662.934,657.193,657.576,376690.0
2023-11-17,656.81,659.489,653.748,659.107,356305.0
2023-11-20,657.576,660.255,654.514,658.341,403495.0
2023-11-21,658.724,669.44,658.724,662.168,703077.0
2023-11-22,660.255,660.637,654.897,655.279,472139.0
2023-11-23,655.662,657.576,653.366,657.576,322062.0
2023-11-24,658.341,658.724,653.366,654.514,288140.0
2023-11-27,652.983,653.748,643.415,644.563,524328.0
2023-11-28,644.18,646.859,638.822,646.094,349614.0
2023-11-29,645.328,645.328,636.909,638.822,400932.0
2023-11-30,638.057,640.736,634.612,637.674,243467.0
2023-12-01,638.822,640.736,630.785,640.353,429593.0
2023-12-04,638.822,639.588,632.699,632.699,335570.0
2023-12-05,631.55,631.55,623.513,623.896,368049.0
2023-12-06,623.513,626.958,618.92,624.279,276176.0
2023-12-07,625.044,625.427,617.39,617.772,371763.0
2023-12-08,618.538,621.217,612.414,612.414,431857.0
2023-12-11,607.056,619.686,597.488,615.476,778066.0
2023-12-12,612.797,619.303,609.352,617.39,353407.0
2023-12-13,616.624,617.007,607.056,607.056,358414.0
2023-12-14,608.204,613.945,603.611,603.994,258662.0
2023-12-15,605.525,613.945,603.994,604.76,359303.0
2023-12-18,602.463,606.673,597.871,601.315,280436.0
2023-12-19,600.167,604.76,599.401,603.611,284282.0
2023-12-20,604.377,608.587,602.846,605.525,376712.0
2023-12-21,604.377,620.451,603.229,619.686,643414.0
2023-12-22,619.303,623.13,614.71,617.007,442749.0
2023-12-25,617.007,621.982,616.241,620.834,276473.0
2023-12-26,621.217,621.982,615.093,621.982,304588.0
2023-12-27,622.365,623.13,615.093,621.982,291991.0
2023-12-28,621.217,642.649,618.155,639.588,757665.0
2023-12-29,638.057,644.946,636.526,642.267,481487.0
2024-01-02,643.032,645.328,639.97,641.884,360391.0
2024-01-03,640.736,642.267,633.081,636.909,388458.0
2024-01-04,636.909,639.588,627.34,631.55,338798.0
2024-01-05,631.55,636.909,625.044,628.489,298889.0
2024-01-08,628.871,631.933,619.686,622.365,397614.0
2024-01-09,622.365,625.044,617.007,620.834,318440.0
2024-01-10,619.686,625.427,615.859,621.6,265291.0
2024-01-11,622.365,631.55,618.155,631.55,420692.0
2024-01-12,631.55,631.933,624.661,625.044,276625.0
2024-01-15,623.513,628.489,616.241,623.513,348193.0
2024-01-16,620.451,623.896,615.093,622.748,411352.0
2024-01-17,620.451,621.6,612.797,612.797,310112.0
2024-01-18,611.649,621.217,599.784,620.451,654582.0
2024-01-19,613.18,620.069,611.649,614.328,419872.0
2024-01-22,613.945,617.772,603.611,607.821,586332.0
2024-01-23,607.439,614.71,604.377,610.883,332049.0
2024-01-24,615.476,622.365,605.525,618.92,537480.0
2024-01-25,620.069,631.933,617.007,631.933,626488.0
2024-01-26,628.489,642.649,628.106,638.057,598852.0
2024-01-29,637.674,642.649,631.55,631.933,377985.0
2024-01-30,629.637,631.55,621.6,621.6,363028.0
2024-01-31,619.303,623.896,613.18,615.476,408691.0
2024-02-01,618.92,624.279,612.797,622.365,365225.0
2024-02-02,622.365,630.785,602.081,616.241,595990.0
2024-02-05,611.266,621.217,601.315,617.39,603932.0
2024-02-06,617.39,639.588,613.562,639.588,751323.0
2024-02-07,640.353,643.415,630.402,641.884,892503.0
2024-02-08,644.18,659.107,643.032,657.576,914131.0
2024-02-19,664.847,665.23,651.452,656.428,654663.0
2024-02-20,654.897,656.045,646.477,651.835,456754.0
2024-02-21,650.304,661.786,648.008,651.835,708061.0
2024-02-22,651.835,656.81,649.921,653.748,401986.0
2024-02-23,653.748,654.514,644.946,649.156,573962.0
2024-02-26,659.107,662.551,651.835,653.366,650704.0
2024-02-27,650.304,652.983,646.094,652.983,545889.0
2024-02-28,652.983,656.81,640.736,641.501,794453.0
2024-02-29,639.588,648.773,638.822,648.773,570261.0
2024-03-01,648.39,652.6,644.946,649.156,534058.0
2024-03-04,647.242,655.279,647.242,651.835,591345.0
2024-03-05,651.452,651.452,645.328,649.921,493747.0
2024-03-06,649.921,660.255,647.625,657.576,690243.0
2024-03-07,660.255,667.909,651.069,654.514,831863.0
2024-03-08,651.835,656.428,646.094,649.921,530693.0
2024-03-11,649.156,649.538,645.711,649.156,580827.0
2024-03-12,648.773,656.81,644.18,655.279,848287.0
2024-03-13,654.897,654.897,647.625,648.008,606094.0
2024-03-14,647.625,654.131,643.798,646.477,549460.0
2024-03-15,644.946,646.094,638.057,643.415,541860.0
2024-03-18,643.415,650.304,638.822,649.921,663613.0
2024-03-19,649.156,660.637,647.625,656.81,990591.0
2024-03-20,656.81,657.576,649.921,654.131,466769.0
2024-03-21,653.748,656.045,651.069,653.748,413762.0
2024-03-22,652.218,653.748,644.946,649.156,471582.0
2024-03-25,662.168,686.28,660.637,674.416,2066463.0
2024-03-26,674.798,682.836,668.292,679.774,1071495.0
2024-03-27,677.86,684.749,672.502,673.267,871724.0
2024-03-28,670.206,675.564,664.847,668.292,723349.0
2024-03-29,668.675,676.329,665.23,673.267,475888.0
2024-04-01,675.946,689.342,674.416,688.576,1061937.0
2024-04-02,687.811,700.058,684.366,686.663,776585.0
2024-04-03,685.515,686.28,680.156,682.836,422219.0
2024-04-08,680.156,696.614,675.946,692.404,843316.0
2024-04-09,690.107,702.737,689.342,691.638,721057.0
2024-04-10,693.169,710.392,693.169,703.503,1168690.0
2024-04-11,703.12,734.886,699.675,725.701,1687882.0
2024-04-12,727.614,729.528,710.392,713.071,942944.0
2024-04-15,710.774,729.911,709.244,721.108,1045317.0
2024-04-16,716.898,719.194,700.058,701.206,910466.0
2024-04-17,700.824,733.355,696.231,731.824,1391234.0
2024-04-18,724.935,732.59,715.75,717.281,951782.0
2024-04-19,714.984,726.083,712.688,718.046,545930.0
2024-04-22,718.046,718.429,698.527,701.972,675395.0
2024-04-23,698.145,703.885,683.218,687.428,690320.0
2024-04-24,695.083,707.33,695.083,706.182,718780.0
2024-04-25,704.651,713.071,702.355,703.12,386123.0
2024-04-26,703.12,731.442,701.206,729.145,1136853.0
2024-04-29,729.528,734.121,722.639,732.207,768692.0
2024-04-30,730.293,746.368,724.17,739.479,767606.0
2024-05-06,748.282,765.887,745.985,763.208,1306690.0
2024-05-07,760.146,767.418,758.615,760.911,531055.0
2024-05-08,760.146,762.442,750.961,752.874,449594.0
2024-05-09,755.553,783.875,753.257,783.492,1251879.0
2024-05-10,785.023,785.789,774.307,780.813,567536.0
2024-05-13,775.455,787.702,770.097,780.048,571332.0
2024-05-14,779.665,784.64,759.763,763.208,962238.0
2024-05-15,763.208,768.566,757.084,758.232,478908.0
2024-05-16,760.146,773.541,751.726,766.652,821383.0
2024-05-17,764.739,768.566,749.43,767.8,749973.0
2024-05-20,767.035,767.8,754.405,762.442,579553.0
2024-05-21,762.442,767.035,760.146,762.825,339040.0
2024-05-22,762.825,767.035,756.701,763.208,429681.0
2024-05-23,763.208,764.739,751.726,754.788,428707.0
2024-05-24,754.788,767.035,752.109,759.381,576708.0
2024-05-27,759.381,770.862,758.232,767.035,490352.0
2024-05-28,767.035,767.8,743.306,745.22,797064.0
2024-05-29,745.22,746.751,735.269,738.331,484732.0
2024-05-30,737.565,742.158,731.059,736.417,385781.0
2024-05-31,739.096,745.602,734.121,734.503,375487.0
2024-06-03,734.503,737.182,720.343,724.17,655212.0
2024-06-04,724.17,729.528,722.256,724.17,447745.0
2024-06-05,724.17,726.466,716.898,718.812,370076.0
2024-06-06,723.787,739.096,722.256,733.738,710628.0
2024-06-07,734.886,747.899,730.676,734.121,766496.0
2024-06-11,734.503,734.503,718.046,724.935,440590.0
2024-06-12,723.022,733.355,718.812,730.293,563963.0
2024-06-13,727.232,727.997,708.861,711.157,678733.0
2024-06-14,708.861,718.046,706.947,715.367,374378.0
2024-06-17,713.454,716.898,710.392,713.836,298514.0
2024-06-18,713.836,734.886,705.416,728.38,591174.0
2024-06-19,725.701,727.614,716.133,720.725,412765.0
2024-06-20,719.96,731.442,713.071,716.515,431245.0
2024-06-21,718.789,739.073,716.492,733.715,619218.0
2024-06-24,733.715,743.666,731.036,735.246,544571.0
2024-06-25,736.011,757.061,736.011,749.789,1045628.0
2024-06-26,750.555,753.999,742.518,751.703,669452.0
2024-06-27,750.938,754.382,745.962,745.962,510800.0
2024-06-28,743.666,759.74,740.604,755.148,502143.0
2024-07-01,753.617,758.975,746.345,752.469,380058.0
2024-07-02,750.555,750.555,716.875,722.616,1021853.0
2024-07-03,719.171,724.53,714.961,720.702,400547.0
2024-07-04,721.085,730.27,717.641,721.468,317439.0
2024-07-05,721.468,731.801,716.875,729.122,441273.0
2024-07-08,732.567,734.48,717.258,719.171,290464.0
2024-07-09,713.431,715.727,693.146,709.221,773771.0
2024-07-10,703.862,719.171,703.862,717.641,456569.0
2024-07-11,720.702,748.641,720.702,748.259,683970.0
2024-07-12,747.876,750.938,742.518,747.493,332412.0
2024-07-15,742.135,754.382,739.839,747.11,309859.0
2024-07-16,747.11,749.789,737.925,745.962,294069.0
2024-07-17,744.431,745.579,729.888,738.308,392902.0
2024-07-18,737.16,750.555,734.098,749.024,401077.0
2024-07-19,747.493,753.234,744.049,751.32,465650.0
2024-07-22,749.024,752.086,740.987,746.345,373148.0
2024-07-23,742.9,745.579,736.011,736.011,235324.0
2024-07-24,734.863,744.049,726.06,735.246,315576.0
2024-07-25,735.246,739.839,722.616,724.53,328502.0
2024-07-26,727.209,745.579,725.295,735.629,340715.0
2024-07-29,735.246,738.69,719.937,721.085,308398.0
2024-07-30,719.937,722.233,715.344,721.085,238062.0
2024-07-31,721.085,743.283,718.023,741.752,397383.0
2024-08-01,739.456,739.839,727.209,727.591,352759.0
2024-08-02,724.53,731.036,721.085,722.616,215986.0
2024-08-05,721.468,728.357,709.603,713.813,320190.0
2024-08-06,716.875,722.616,705.393,715.344,299268.0
2024-08-07,714.961,724.147,708.072,709.221,264439.0
2024-08-08,707.307,712.665,702.714,708.838,202818.0
2024-08-09,711.517,729.122,710.369,713.431,423858.0
2024-08-12,713.048,716.11,706.159,710.751,161736.0
2024-08-13,711.517,713.431,701.949,707.69,271817.0
2024-08-14,707.307,708.455,696.591,697.356,291458.0
2024-08-15,695.06,712.665,691.998,709.603,334084.0
2024-08-16,709.986,712.665,706.159,708.838,160750.0
2024-08-19,707.69,724.147,706.159,721.468,303939.0
2024-08-20,720.702,724.53,716.11,721.851,234375.0
2024-08-21,719.937,724.53,718.023,721.851,203146.0
2024-08-22,720.32,723.381,713.431,718.789,262694.0
2024-08-23,719.937,736.011,717.641,734.098,405346.0
2024-08-26,734.863,740.987,723.381,736.394,352186.0
2024-08-27,738.69,739.456,731.419,737.925,309613.0
2024-08-28,737.542,743.666,733.715,740.604,260944.0
2024-08-29,738.308,740.604,731.419,731.419,427788.0
2024-08-30,726.826,745.579,711.134,740.604,733719.0
2024-09-02,742.135,758.209,740.604,747.876,629370.0
2024-09-03,747.876,754.382,744.049,750.555,291358.0
2024-09-04,753.234,753.234,742.9,749.407,275799.0
2024-09-05,749.789,754.382,744.814,752.469,263498.0
2024-09-06,754.382,758.592,740.604,740.987,315383.0
2024-09-09,727.209,727.209,703.862,706.924,887768.0
2024-09-10,714.196,714.196,700.418,708.838,435705.0
2024-09-11,705.393,720.702,703.48,719.554,345979.0
2024-09-12,716.875,727.974,714.196,716.875,264821.0
2024-09-13,718.023,720.32,706.542,708.455,361966.0
2024-09-18,706.542,732.184,705.393,729.888,534426.0
2024-09-19,729.505,742.518,722.233,723.764,614496.0
2024-09-20,725.678,734.098,719.171,730.27,398992.0
2024-09-23,729.888,747.876,729.505,745.197,508098.0
2024-09-24,750.172,763.185,739.456,761.654,685346.0
2024-09-25,768.926,781.173,760.123,762.802,719915.0
2024-09-26,762.802,781.556,759.74,781.556,714270.0
2024-09-27,793.037,809.877,786.914,805.667,852418.0
2024-09-30,828.631,858.483,813.322,846.236,2488477.0
2024-10-08,918.188,918.188,850.829,866.903,2542514.0
2024-10-09,853.891,853.891,809.877,809.877,1974257.0
2024-10-10,809.877,854.656,809.877,834.754,1366300.0
2024-10-11,827.865,832.458,802.988,809.112,844159.0
2024-10-14,812.556,837.816,812.556,837.816,1229661.0
2024-10-15,838.199,841.261,822.507,823.273,711404.0
2024-10-16,815.618,829.014,813.322,819.063,628693.0
2024-10-17,818.297,824.804,800.309,802.223,747985.0
2024-10-18,799.544,822.124,795.334,812.556,1044733.0
2024-10-21,812.556,818.297,797.63,803.371,849677.0
2024-10-22,802.988,811.408,798.013,804.902,705700.0
2024-10-23,805.285,807.581,799.161,801.075,682611.0
2024-10-24,797.63,797.63,784.235,791.124,636870.0
2024-10-25,791.889,801.457,788.827,791.506,681192.0
2024-10-28,791.506,806.433,785.0,805.667,813140.0
2024-10-29,808.729,810.643,794.568,799.544,582911.0
2024-10-30,795.716,810.643,793.803,793.803,508975.0
2024-10-31,799.544,833.989,799.544,822.124,1523031.0
2024-11-01,820.594,848.532,816.384,840.878,1458691.0
2024-11-04,843.174,845.853,830.162,843.557,800374.0
2024-11-05,844.705,847.002,832.075,844.705,1011372.0
2024-11-06,845.853,855.422,830.162,833.223,1070595.0
2024-11-07,828.631,844.705,826.334,844.705,821436.0
2024-11-08,847.384,852.36,827.865,831.693,1009751.0
2024-11-11,831.693,835.137,816.384,834.754,811580.0
2024-11-12,835.52,844.323,819.063,822.124,772939.0
2024-11-13,819.828,834.754,819.828,832.841,718481.0
2024-11-14,834.372,845.471,826.334,831.693,937737.0
2024-11-15,829.396,839.347,820.594,821.359,626980.0
2024-11-18,821.742,827.1,802.223,806.05,904453.0
2024-11-19,803.371,811.025,798.013,808.346,501315.0
2024-11-20,808.346,809.495,802.605,806.815,359085.0
2024-11-21,804.902,809.112,799.161,802.605,340333.0
2024-11-22,802.605,806.815,784.617,785.0,533958.0
2024-11-25,785.0,801.075,775.049,778.877,507617.0
2024-11-26,780.407,783.087,773.901,776.197,324948.0
2024-11-27,776.963,788.445,773.136,788.062,405572.0
2024-11-28,789.593,791.506,779.259,785.383,429680.0
2024-11-29,786.914,799.161,783.852,792.655,590494.0
2024-12-02,796.099,796.482,783.469,787.296,805648.0
2024-12-03,787.679,789.21,768.543,777.728,949284.0
2024-12-04,775.432,779.259,768.543,770.839,503938.0
2024-12-05,769.691,771.222,762.037,767.395,526990.0
2024-12-06,767.395,774.284,765.098,770.074,534513.0
2024-12-09,770.457,775.049,765.098,768.926,482585.0
2024-12-10,783.852,788.827,770.074,770.839,791973.0
2024-12-11,771.222,774.284,768.543,772.753,416884.0
2024-12-12,770.839,775.815,767.778,775.049,513952.0
2024-12-13,773.901,773.901,756.296,757.444,796091.0
2024-12-16,757.827,761.654,748.641,750.555,498876.0
2024-12-17,751.32,760.888,749.407,755.148,437311.0
2024-12-18,755.913,763.568,751.32,754.382,492484.0
2024-12-19,749.789,755.913,743.666,754.765,353762.0
2024-12-20,754.765,755.913,739.839,740.604,754343.0
2024-12-23,739.456,755.148,739.073,748.259,726565.0
2024-12-24,747.876,754.382,746.345,751.703,357518.0
2024-12-25,752.086,754.382,747.876,751.32,283884.0
2024-12-26,749.789,763.568,749.407,762.802,594927.0
2024-12-27,763.185,765.481,758.209,760.123,423689.0
2024-12-30,758.975,764.333,757.061,762.037,418518.0
2024-12-31,761.271,764.716,754.382,754.382,515156.0
2025-01-02,754.382,754.382,724.147,727.209,853894.0
2025-01-03,730.27,736.011,718.789,720.702,534034.0
2025-01-06,720.702,724.912,713.813,719.937,454874.0
2025-01-07,720.32,722.233,714.196,717.641,393682.0
2025-01-08,719.554,724.912,707.69,719.554,573355.0
2025-01-09,717.258,719.171,709.986,711.9,357777.0
2025-01-10,713.813,724.912,712.282,714.579,467713.0
2025-01-13,712.665,724.53,706.542,709.603,384318.0
2025-01-14,709.603,730.27,709.221,728.357,590313.0
2025-01-15,728.357,728.357,712.282,713.048,543389.0
2025-01-16,716.492,728.357,714.579,718.406,542228.0
2025-01-17,716.492,718.406,709.603,713.813,426413.0
2025-01-20,716.875,738.308,716.875,732.95,963356.0
2025-01-21,737.925,744.814,731.419,744.049,629239.0
2025-01-22,744.049,748.641,736.011,739.839,479083.0
2025-01-23,744.049,745.962,736.777,738.69,421624.0
2025-01-24,738.308,747.11,736.394,743.666,361406.0
2025-01-27,747.11,749.024,739.839,739.839,302235.0
2025-02-05,739.839,742.518,727.591,728.74,450017.0
2025-02-06,727.974,731.036,719.937,726.826,553645.0
2025-02-07,727.591,766.629,722.233,764.716,1304535.0
2025-02-10,763.185,776.197,759.74,773.901,983276.0
2025-02-11,773.518,776.58,768.16,769.691,492631.0
2025-02-12,768.16,778.877,765.098,773.901,507705.0
2025-02-13,774.284,781.938,770.457,772.753,580843.0
2025-02-14,773.901,792.655,773.518,791.889,1061951.0
2025-02-17,791.506,794.186,779.259,788.062,705109.0
2025-02-18,786.531,791.889,771.605,775.815,703328.0
2025-02-19,776.963,796.099,775.815,791.506,857545.0
2025-02-20,792.655,801.075,785.383,799.161,793702.0
2025-02-21,797.247,803.371,783.469,800.309,979195.0
2025-02-24,801.075,810.643,799.161,806.433,695859.0
2025-02-25,801.84,819.445,797.63,808.729,805857.0
2025-02-26,807.964,819.445,802.223,804.519,661486.0
2025-02-27,803.371,817.532,801.457,813.322,814638.0
2025-02-28,809.877,831.693,809.112,820.211,1371674.0
2025-03-03,822.124,865.372,822.124,843.174,1514307.0
2025-03-04,839.347,848.915,832.458,844.705,695433.0
2025-03-05,868.051,889.101,865.372,876.854,2198570.0
2025-03-06,868.051,879.916,858.483,876.089,1336009.0
2025-03-07,875.323,887.57,866.521,883.743,939235.0
2025-03-10,896.756,910.151,889.101,907.089,2106417.0
2025-03-11,899.435,917.806,897.904,909.768,1278629.0
2025-03-12,908.238,917.04,894.842,895.225,1069073.0
2025-03-13,891.015,895.99,883.36,890.632,925549.0
2025-03-14,890.632,911.299,890.632,907.855,1210653.0
2025-03-17,907.472,911.682,896.373,905.559,1092036.0
2025-03-18,907.472,907.472,879.15,886.04,1121807.0
2025-03-19,879.533,892.546,878.768,889.101,656804.0
2025-03-20,900.583,910.151,881.447,883.36,796322.0
2025-03-21,883.36,887.188,871.496,873.41,541887.0
2025-03-24,877.62,894.459,874.941,887.57,617321.0
2025-03-25,889.101,891.398,871.113,872.261,545098.0
2025-03-26,873.792,875.706,852.742,861.928,751219.0
2025-03-27,858.483,863.459,854.656,860.397,317039.0
2025-03-28,861.545,869.2,855.039,860.397,432752.0
2025-03-31,859.632,861.545,848.15,853.508,404810.0
2025-04-01,856.57,858.483,844.323,848.15,372331.0
2025-04-02,846.619,867.669,846.236,864.607,535948.0
2025-04-03,858.483,863.076,846.619,854.656,411314.0
2025-04-07,818.297,829.779,793.037,812.556,1211638.0
2025-04-08,820.211,833.606,804.902,833.606,1231863.0
2025-04-09,827.483,855.422,818.297,855.422,1088675.0
2025-04-10,866.138,866.521,843.174,854.656,801015.0
2025-04-11,847.384,865.755,847.384,862.693,482424.0
2025-04-14,862.693,865.755,843.557,846.619,659576.0
2025-04-15,846.619,850.063,831.693,849.298,498660.0
2025-04-16,848.915,854.656,829.014,854.656,596409.0
2025-04-17,848.915,856.952,844.323,853.125,433571.0
2025-04-18,852.742,859.632,843.174,858.101,364504.0
2025-04-21,853.891,866.138,847.384,859.632,381040.0
2025-04-22,859.632,859.632,848.532,848.915,330581.0
2025-04-23,851.212,875.323,850.063,866.138,719920.0
2025-04-24,866.903,875.706,851.977,852.742,428222.0
2025-04-25,858.483,860.014,849.298,854.273,294041.0
2025-04-28,854.273,865.372,850.829,852.742,290181.0
2025-04-29,849.298,860.397,849.298,858.101,344705.0
2025-04-30,869.2,872.261,846.236,846.619,704212.0
2025-05-06,857.718,879.533,853.508,876.854,797109.0
2025-05-07,892.929,892.929,870.348,877.237,524204.0
2025-05-08,872.644,872.644,864.224,866.521,416313.0
2025-05-09,866.521,881.447,864.99,878.385,520687.0
2025-05-12,880.681,895.225,877.62,889.101,612425.0
2025-05-13,892.546,896.373,881.83,886.04,442906.0
2025-05-14,884.126,884.126,863.459,873.027,703919.0
2025-05-15,871.113,873.792,856.57,858.483,579660.0
2025-05-16,858.483,866.138,855.422,862.311,307283.0
2025-05-19,862.311,866.903,854.656,857.718,380043.0
2025-05-20,858.101,860.397,845.088,850.063,580140.0
2025-05-21,850.063,854.656,848.15,851.212,352177.0
2025-05-22,851.212,859.632,848.532,853.508,357666.0
2025-05-23,855.804,862.311,845.471,847.384,453619.0
2025-05-26,844.705,846.236,831.693,837.816,491583.0
2025-05-27,837.816,839.347,828.248,828.248,290436.0
2025-05-28,830.544,836.668,829.396,831.693,241774.0
2025-05-29,833.223,847.767,832.075,841.261,394994.0
2025-05-30,841.643,846.236,834.372,844.323,321982.0
2025-06-03,855.804,855.804,825.569,828.631,678244.0
2025-06-04,829.779,829.779,820.594,824.038,455616.0
2025-06-05,824.038,825.569,817.532,822.124,397261.0
2025-06-06,824.038,835.52,822.124,830.544,411019.0
2025-06-09,827.483,833.606,824.038,824.804,493318.0
2025-06-10,825.952,832.458,816.384,819.445,347947.0
2025-06-11,825.473,828.152,819.35,822.794,329088.0
2025-06-12,822.412,823.942,815.522,818.584,261777.0
2025-06-13,817.436,821.263,813.226,818.202,332721.0
2025-06-16,817.436,822.412,814.757,818.967,339137.0
2025-06-17,822.029,832.745,821.646,827.387,462329.0
2025-06-18,826.621,830.066,817.053,817.819,358980.0
2025-06-19,818.202,818.967,802.51,804.806,469444.0
2025-06-20,804.806,810.164,800.213,806.72,222383.0
2025-06-23,803.275,814.757,800.213,813.226,302223.0
2025-06-24,814.374,828.535,813.992,826.239,474206.0
2025-06-25,828.152,828.918,820.881,826.621,432866.0
2025-06-26,826.239,831.214,821.263,822.794,397516.0
2025-06-27,819.732,829.683,817.819,823.56,341347.0
2025-06-30,823.56,827.004,821.646,824.325,263716.0
2025-07-01,824.325,824.708,812.461,815.905,433346.0
2025-07-02,818.584,841.165,815.905,833.893,722439.0
2025-07-03,833.893,834.276,828.918,832.362,300096.0
2025-07-04,832.362,837.721,828.152,835.041,334471.0
2025-07-07,835.807,840.782,830.066,839.634,339773.0
2025-07-08,841.548,867.573,840.017,867.19,1054008.0
2025-07-09,864.129,872.548,860.301,868.721,661952.0
2025-07-10,869.104,874.845,861.449,861.449,636372.0
2025-07-11,864.129,868.339,858.005,858.005,484332.0
2025-07-14,858.005,862.598,853.03,854.56,360943.0
2025-07-15,854.56,862.598,854.178,860.684,432029.0
2025-07-16,858.005,860.301,850.35,853.412,327156.0
2025-07-17,852.647,862.215,851.499,858.388,321020.0
2025-07-18,859.919,867.19,853.412,864.894,416451.0
2025-07-21,891.302,895.129,873.697,884.413,1237333.0
2025-07-22,902.784,959.044,902.784,949.476,3974294.0
2025-07-23,956.365,956.365,903.549,906.228,2676347.0
2025-07-24,895.512,921.155,890.537,916.179,1678671.0
2025-07-25,913.5,913.5,895.129,900.105,1104482.0
2025-07-28,897.426,902.401,890.919,901.636,889361.0
2025-07-29,900.87,915.031,895.129,910.438,945331.0
2025-07-30,908.907,919.624,905.08,910.821,774550.0
2025-07-31,910.438,915.414,897.043,900.487,763117.0
2025-08-01,897.043,902.018,891.302,894.364,458852.0
2025-08-04,893.981,898.957,887.857,890.919,445473.0
2025-08-05,890.537,892.833,885.944,889.006,522180.0
2025-08-06,891.685,904.697,889.006,903.549,644223.0
2025-08-07,903.549,921.92,895.512,916.945,1048649.0
2025-08-08,918.093,951.007,918.093,942.587,1659938.0
2025-08-11,942.204,945.266,937.229,941.056,686486.0
2025-08-12,940.674,942.204,933.784,934.933,482116.0
2025-08-13,934.933,941.439,931.871,934.55,652742.0
2025-08-14,934.55,950.624,929.957,937.229,697077.0
2025-08-15,934.167,951.007,928.044,941.056,725017.0
2025-08-18,944.118,944.884,929.575,929.575,943391.0
2025-08-19,930.34,940.674,908.525,911.204,948609.0
2025-08-20,913.5,935.315,910.438,935.315,780095.0
2025-08-21,940.674,946.414,933.402,941.056,653995.0
2025-08-22,956.365,965.168,949.093,952.538,965285.0
2025-08-25,953.303,965.168,949.476,965.168,962677.0
2025-08-26,965.168,968.23,956.365,961.723,583416.0
2025-08-27,960.193,979.329,952.538,952.538,908664.0
2025-08-28,949.859,959.427,936.464,949.859,805163.0
2025-08-29,958.279,964.785,941.439,942.204,993787.0
2025-09-01,948.711,959.427,937.229,947.18,993754.0
2025-09-02,947.945,953.303,929.957,939.143,654639.0
2025-09-03,939.908,955.6,923.068,933.402,578501.0
2025-09-04,928.044,929.575,902.784,913.117,874029.0
2025-09-05,914.648,935.315,910.821,928.426,644125.0
2025-09-08,928.809,941.056,918.475,937.994,763068.0
2025-09-09,936.464,958.279,932.254,951.773,852322.0
2025-09-10,954.834,955.983,943.353,946.797,397835.0
2025-09-11,943.353,949.093,936.081,949.093,508088.0
2025-09-12,953.686,957.896,943.353,945.649,599221.0
2025-09-15,946.032,949.093,923.834,928.044,703656.0
2025-09-16,929.575,934.933,922.303,927.661,369600.0
2025-09-17,924.216,943.735,923.068,939.908,515530.0
2025-09-18,942.204,947.563,928.044,933.019,575689.0
2025-09-19,931.488,977.032,930.34,975.119,1450108.0
2025-09-22,975.502,976.267,954.834,963.254,646689.0
2025-09-23,967.847,970.909,948.711,965.168,515735.0
2025-09-24,962.106,992.724,956.365,988.897,967411.0
2025-09-25,988.897,996.169,977.032,985.07,575381.0
2025-09-26,979.329,1003.058,977.798,990.045,693028.0
2025-09-29,992.724,1018.749,979.329,1016.453,1109941.0
2025-09-30,1016.836,1035.972,1009.947,1026.787,827763.0
2025-10-09,1017.984,1028.7,998.465,1026.787,909112.0
2025-10-10,1024.49,1042.861,1013.009,1016.07,822671.0
2025-10-13,979.329,1016.836,974.736,1012.626,723516.0
2025-10-14,1017.601,1057.787,1011.86,1019.132,1040052.0
2025-10-15,1021.75,1058.492,1019.071,1047.01,885932.0
2025-10-16,1047.393,1066.529,1040.121,1051.22,787069.0
2025-10-17,1046.627,1046.627,1007.589,1010.268,759273.0
2025-10-20,1022.515,1032.084,1005.676,1009.886,589946.0
2025-10-21,1013.713,1027.491,1007.589,1022.898,584955.0
2025-10-22,1028.639,1043.565,1021.367,1030.17,715264.0
2025-10-23,1021.75,1022.898,1000.7,1017.157,663292.0
2025-10-24,1019.071,1040.121,1016.392,1025.96,483274.0
2025-10-27,1027.108,1047.393,1005.293,1011.416,1027526.0
2025-10-28,1010.268,1014.096,986.157,989.218,1315460.0
2025-10-29,989.218,998.021,987.305,995.725,519559.0
2025-10-30,1001.848,1021.75,1000.317,1010.651,932833.0
2025-10-31,1012.565,1015.626,996.49,996.49,712947.0
2025-11-03,998.021,1004.91,980.416,986.539,518531.0
2025-11-04,983.478,998.021,975.058,980.033,515388.0
2025-11-05,976.206,988.453,964.724,984.243,486045.0
2025-11-06,988.836,998.021,980.416,990.749,478563.0
2025-11-07,991.897,1003.762,983.86,996.107,539448.0
2025-11-10,991.132,991.132,947.119,957.835,1316993.0
2025-11-11,958.6,968.934,948.267,949.415,562580.0
2025-11-12,949.415,950.946,937.933,939.464,441022.0
2025-11-13,939.847,950.18,934.871,948.65,469009.0
2025-11-14,948.267,954.773,939.464,939.847,410212.0
2025-11-17,939.081,939.081,928.365,936.402,435497.0
2025-11-18,936.402,963.576,935.254,947.501,760735.0
2025-11-19,952.86,954.008,939.847,944.057,361003.0
2025-11-20,945.205,957.452,945.205,947.501,376581.0
2025-11-21,937.933,941.378,922.242,924.538,548195.0
2025-11-24,934.871,939.847,922.624,934.106,383776.0
2025-11-25,936.402,938.316,929.131,931.427,420173.0
2025-11-26,929.896,954.39,929.896,948.267,615896.0
2025-11-27,945.205,946.353,918.414,919.562,767004.0
2025-11-28,916.883,928.365,912.673,926.834,422426.0
2025-12-01,929.131,929.131,913.056,919.18,663262.0
2025-12-02,918.797,924.538,914.204,920.711,507928.0
2025-12-03,923.39,939.081,918.414,929.896,633431.0
2025-12-04,930.279,952.477,927.6,951.711,837912.0
2025-12-05,950.563,966.255,949.032,964.341,819260.0
2025-12-08,969.317,976.971,954.008,961.662,652898.0
2025-12-09,958.6,969.317,954.39,959.749,414681.0
2025-12-10,959.366,973.909,954.008,970.848,516531.0
2025-12-11,970.082,976.206,954.008,956.304,501440.0
2025-12-12,960.131,967.786,956.304,965.107,533302.0
2025-12-15,964.724,974.675,955.156,955.539,446771.0
2025-12-16,954.39,954.39,938.316,943.674,420097.0
2025-12-17,944.822,960.131,938.699,955.539,482588.0
2025-12-18,949.032,959.749,941.378,952.86,388530.0
2025-12-19,952.477,971.996,950.946,962.045,522373.0
2025-12-22,964.341,967.403,947.501,948.65,580600.0
2025-12-23,947.119,950.18,931.427,940.612,520129.0
2025-12-24,940.995,949.032,936.02,945.205,316322.0
2025-12-25,945.205,947.501,938.316,940.23,325381.0
2025-12-26,938.699,963.576,937.551,959.366,715799.0
2025-12-29,959.749,960.514,939.464,942.143,650953.0
2025-12-30,940.23,966.255,940.23,954.39,750355.0
2025-12-31,957.069,962.428,950.18,957.835,403597.0
2026-01-05,957.069,966.255,953.242,962.81,775391.0
2026-01-06,962.428,991.132,960.897,986.539,877272.0
2026-01-07,986.539,989.218,976.588,980.798,585280.0
2026-01-08,980.416,984.626,964.724,969.317,517762.0
2026-01-09,974.675,1005.676,974.675,1001.848,1104155.0
2026-01-12,1003.379,1017.923,993.428,1012.565,934560.0
2026-01-13,1017.923,1027.491,1001.848,1014.861,934790.0
2026-01-14,1014.861,1021.367,991.897,1000.317,932308.0
2026-01-15,996.873,1007.972,993.046,1000.7,570392.0
2026-01-16,998.404,1011.799,991.515,995.342,684874.0
2026-01-19,990.367,1001.466,986.922,994.959,716854.0
2026-01-20,998.787,1015.244,996.107,1012.182,1004541.0
2026-01-21,1011.416,1022.515,1006.824,1013.33,798546.0
2026-01-22,1014.478,1017.54,1004.527,1014.478,642589.0
2026-01-23,1018.305,1038.207,1014.861,1028.639,993901.0
2026-01-26,1030.553,1045.479,1021.75,1031.318,992022.0
2026-01-27,1030.935,1041.652,1017.157,1022.898,766377.0
2026-01-28,1020.985,1020.985,998.021,1000.7,1092572.0
2026-01-29,1008.355,1008.355,981.564,995.725,957326.0
2026-01-30,994.194,1001.083,980.033,988.07,622327.0
2026-02-02,992.28,992.663,964.341,967.403,615282.0
2026-02-03,970.082,1033.614,969.699,1032.466,1312057.0
2026-02-04,1025.96,1040.886,1021.75,1039.355,859733.0
2026-02-05,1038.973,1044.714,1030.17,1039.738,682883.0
2026-02-06,1031.318,1040.504,1025.195,1028.639,477210.0
2026-02-09,1043.948,1064.232,1039.355,1051.603,725567.0
2026-02-10,1055.43,1062.319,1042.417,1059.257,603072.0
2026-02-11,1061.553,1077.628,1056.195,1064.615,680065.0
2026-02-12,1067.294,1070.739,1055.813,1066.146,476175.0
2026-02-13,1058.492,1062.319,1032.084,1033.997,591021.0
2026-02-24,1041.652,1075.714,1030.17,1065.763,805323.0
2026-02-25,1065.763,1078.776,1063.084,1066.912,626306.0
2026-02-26,1066.146,1067.294,1038.973,1042.8,557226.0
2026-02-27,1046.244,1051.985,1030.553,1035.145,532365.0
2026-03-02,1029.405,1043.565,1020.602,1028.256,547966.0
2026-03-03,1034.38,1039.355,991.132,998.404,871915.0
2026-03-04,991.132,1003.379,982.329,991.515,510118.0
2026-03-05,1001.083,1019.071,989.601,994.194,649321.0
2026-03-06,995.725,998.787,983.86,992.28,659719.0
2026-03-09,978.502,978.885,946.353,963.193,888106.0
2026-03-10,977.737,1001.083,975.058,993.428,769124.0
2026-03-11,1002.614,1004.145,981.181,1000.7,637708.0
2026-03-12,994.959,996.49,957.069,972.378,1037123.0
2026-03-13,967.786,979.268,963.193,963.959,568707.0
2026-03-16,963.193,963.959,942.526,947.119,718457.0
2026-03-17,952.477,961.279,943.674,943.674,551206.0
2026-03-18,945.97,947.501,924.921,941.378,638750.0
2026-03-19,931.427,932.192,900.809,905.402,1036471.0
2026-03-20,909.229,911.142,892.772,892.772,622433.0
2026-03-23,877.08,884.352,855.265,862.919,1009949.0
2026-03-24,868.66,883.969,865.598,881.29,699909.0
2026-03-25,895.451,909.229,892.772,904.253,711149.0
2026-03-26,903.105,904.636,882.821,886.265,418748.0
2026-03-27,877.463,887.414,875.166,882.438,553015.0
2026-03-30,869.043,876.315,861.388,871.339,650713.0
2026-03-31,876.315,906.933,874.784,884.734,1229970.0
2026-04-01,907.315,927.217,902.723,926.069,1304141.0
2026-04-02,919.18,929.131,908.846,917.266,686695.0
2026-04-03,917.266,927.6,908.081,909.994,497320.0
2026-04-07,911.525,915.352,893.537,896.216,579245.0
2026-04-08,922.242,950.563,922.242,947.501,1190927.0
2026-04-09,941.378,947.119,936.402,939.847,540802.0
2026-04-10,949.415,952.477,939.081,939.847,539004.0
2026-04-13,935.637,942.526,926.834,928.365,616293.0
2026-04-14,936.785,950.946,936.785,947.501,716221.0
2026-04-15,951.329,958.218,939.081,939.847,618820.0
2026-04-16,942.143,951.329,922.624,929.513,821411.0
2026-04-17,932.575,932.575,911.525,920.711,684374.0
2026-04-20,917.649,919.18,903.488,911.525,712122.0
2026-04-21,914.204,919.18,907.315,911.908,586770.0
2026-04-22,912.291,915.735,899.661,906.167,707756.0
2026-04-23,903.871,909.229,896.216,899.278,549816.0
2026-04-24,895.451,901.574,888.179,896.216,458868.0
2026-04-27,898.895,900.809,891.624,895.451,471768.0
2026-04-28,897.364,929.513,895.068,919.945,1320249.0
2026-04-29,917.266,933.723,917.266,933.723,992099.0
2026-04-30,917.266,944.44,913.822,927.982,1222164.0
2026-05-06,937.551,954.773,926.451,949.415,1494789.0
2026-05-07,953.625,956.687,942.526,952.094,1015329.0
2026-05-08,949.032,949.032,926.451,934.871,1072760.0
2026-05-11,968.169,1009.503,968.169,985.008,2357329.0
2026-05-12,979.268,983.095,962.428,966.638,1081556.0
2026-05-13,960.514,970.465,954.008,967.786,861020.0
2026-05-14,967.403,973.909,937.551,937.933,839833.0
2026-05-15,937.551,952.094,927.982,932.192,861001.0
2026-05-18,929.896,929.896,884.352,891.241,1158029.0
2026-05-19,896.216,897.747,876.315,888.179,755237.0
2026-05-20,888.562,903.488,875.932,891.624,719779.0
2026-05-21,895.451,914.97,874.018,874.784,1251117.0
2026-05-22,887.796,887.796,868.66,874.784,672577.0
2026-05-25,880.524,893.154,864.45,869.808,727838.0
2026-05-26,867.895,881.29,860.24,871.722,1111605.0
2026-05-27,871.722,871.722,843.783,856.03,1150939.0
2026-05-28,854.116,854.499,824.647,834.215,1042509.0
2026-05-29,833.832,859.092,833.832,835.746,1341990.0
2026-06-01,834.597,846.845,814.313,840.721,1312840.0
2026-06-02,838.042,851.82,825.029,843.4,885398.0
2026-06-03,842.252,850.672,830.388,836.511,780235.0
2026-06-04,834.215,852.968,831.153,843.4,939873.0
2026-06-05,849.524,873.253,845.697,862.919,1364928.0
2026-06-08,876.315,914.204,876.315,895.833,2301728.0
2026-06-09,898.895,911.908,882.055,911.525,1428996.0
2026-06-10,911.525,914.204,864.067,870.574,1254176.0
2026-06-11,861.388,864.45,838.042,846.462,934074.0
2026-06-12,853.351,884.734,853.351,872.87,1130550.0
2026-06-15,888.562,910.377,876.315,883.586,920637.0
2026-06-16,884.734,888.179,860.623,862.919,902311.0
2026-06-17,859.092,873.635,855.265,872.87,705381.0
2026-06-18,869.043,872.105,849.141,852.203,772658.0
2026-06-22,849.524,875.932,834.597,874.401,1016096.0
2026-06-23,871.722,875.549,837.277,839.956,1007843.0
2026-06-24,843.783,844.931,820.054,823.498,938433.0
2026-06-25,822.733,853.351,822.733,828.474,1012836.0
2026-06-26,824.264,845.314,823.498,825.795,840776.0
2026-06-29,823.116,851.437,805.128,838.807,1130992.0
2026-06-30,833.449,843.017,807.807,810.486,1207975.0
2026-07-01,810.869,818.523,787.522,816.227,1129079.0
2026-07-02,807.807,840.338,807.807,829.239,1355495.0
2026-07-03,832.301,863.685,832.301,859.475,1432175.0
2026-07-06,857.944,879.376,853.351,872.105,1057040.0
2026-07-07,887.796,913.822,887.796,893.154,1682220.0
2026-07-08,884.352,891.624,869.808,870.574,927692.0
2026-07-09,865.598,868.66,843.4,859.857,883328.0
2026-07-10,857.178,889.71,851.437,870.956,804123.0
2026-07-13,868.66,875.549,848.376,865.215,704509.0
2026-07-14,860.623,864.45,841.869,862.154,815430.0
2026-07-15,862.154,894.303,858.709,882.438,813352.0
2026-07-16,883.969,891.241,870.191,874.401,706612.0
2026-07-17,873.253,882.438,856.796,869.808,807984.0
2026-07-20,869.808,906.167,865.215,904.636,1177987.0
2026-07-21,929.131,929.131,896.599,909.612,1181717.0
2026-07-22,905.019,924.155,900.809,915.735,774145.0
2026-07-23,921.476,924.921,891.241,920.328,804512.0
2026-07-24,919.945,919.945,900.809,905.402,527016.0
2026-07-27,920.711,920.711,894.685,898.513,618395.0
2026-07-28,896.599,919.562,891.241,909.994,827422.0
2026-07-29,927.6,940.612,906.933,936.785,1241397.0
2026-07-30,932.958,953.625,929.131,953.242,1025733.0
2026-07-31,936.02,947.119,929.513,942.526,755499.0
2026-08-03,938.699,941.378,920.328,929.131,779397.0
2026-08-04,925.686,927.6,895.833,903.488,925026.0
2026-08-05,905.784,908.463,895.833,906.933,849030.0
2026-08-06,908.081,916.501,898.513,912.291,646566.0
2026-08-07,909.612,917.266,898.513,905.402,862151.0
2026-08-10,902.723,923.772,899.278,911.525,682099.0
2026-08-11,909.994,916.883,883.586,884.734,857710.0
2026-08-12,881.29,885.117,874.401,879.759,722100.0
2026-08-13,879.376,883.204,868.66,872.487,636319.0
2026-08-14,871.722,877.08,867.895,873.635,474216.0
2026-08-17,874.018,877.08,861.771,871.722,515366.0
2026-08-18,872.487,884.352,868.277,882.055,629826.0
2026-08-19,882.438,885.117,865.981,880.524,616085.0
2026-08-20,875.549,896.982,874.784,885.117,536709.0
2026-08-21,885.117,886.648,874.784,875.549,339099.0
2026-08-24,875.549,890.475,867.895,868.277,538989.0
2026-08-25,872.105,881.29,867.895,881.29,387263.0
2026-08-26,883.204,889.71,875.166,877.845,454120.0
2026-08-27,878.611,885.5,870.191,885.5,500879.0
2026-08-28,881.673,889.71,874.784,887.031,466315.0
2026-08-31,908.463,926.069,902.723,921.859,1456633.0
2026-09-01,922.242,942.909,916.501,929.896,992810.0
2026-09-02,931.81,931.81,904.636,907.315,644081.0
2026-09-03,911.908,926.069,911.908,919.18,477349.0
2026-09-04,919.18,929.896,917.649,921.476,465485.0
2026-09-07,921.093,925.303,912.291,917.266,436136.0
2026-09-08,921.093,939.081,915.352,920.328,485334.0
2026-09-09,919.562,932.192,910.76,929.896,682209.0
2026-09-10,929.513,934.871,916.883,921.859,447401.0
2026-09-11,920.711,920.711,905.019,913.056,320592.0
2026-09-14,912.673,924.538,908.463,918.414,392639.0
2026-09-15,920.711,921.476,897.364,901.957,359792.0
2026-09-16,901.574,901.574,827.708,851.82,2479395.0
2026-09-17,851.82,863.302,842.252,847.61,1052526.0
2026-09-18,847.61,849.524,839.19,840.721,821730.0
2026-09-21,841.104,842.635,830.005,835.746,726514.0
2026-09-22,838.425,841.104,833.449,834.215,553657.0
2026-09-23,834.215,840.721,825.795,826.178,701506.0
2026-09-24,826.943,828.474,813.165,814.313,668310.0
