date,open,high,low,close,volume
2016-01-04,9.011,9.011,8.301,8.331,308343.0
2016-01-05,8.081,8.411,7.931,8.111,413582.0
2016-01-06,8.181,8.381,8.171,8.371,329312.0
2016-01-07,8.331,8.531,8.031,8.051,158376.0
2016-01-08,8.211,8.561,7.811,8.311,482954.0
2016-01-11,8.181,8.771,8.121,8.181,774082.0
2016-01-12,8.421,8.551,8.041,8.271,498958.0
2016-01-13,8.381,8.411,8.001,8.021,349825.0
2016-01-14,7.801,8.081,7.611,7.991,429054.0
2016-01-15,7.881,7.951,7.241,7.241,547328.0
2016-01-18,7.221,7.621,7.171,7.431,392003.0
2016-01-19,7.451,7.751,7.371,7.661,311909.0
2016-01-20,7.661,8.381,7.621,8.381,1396910.0
2016-01-21,8.431,8.501,7.871,7.921,1333952.0
2016-01-22,7.871,8.061,7.461,7.891,681337.0
2016-01-25,7.801,7.911,7.661,7.791,474391.0
2016-01-26,7.811,7.901,7.291,7.351,611658.0
2016-01-27,7.301,7.361,6.761,7.061,464821.0
2016-01-28,7.011,7.011,6.621,6.721,298404.0
2016-01-29,6.741,7.111,6.611,6.981,370997.0
2016-02-01,6.991,6.991,6.721,6.831,248514.0
2016-02-02,6.891,7.261,6.871,7.071,343881.0
2016-02-03,7.081,7.301,7.011,7.251,398454.0
2016-02-04,7.241,7.411,7.151,7.311,310571.0
2016-02-05,7.411,7.611,7.311,7.331,382815.0
2016-02-15,7.171,7.561,7.061,7.401,328721.0
2016-02-16,7.451,7.611,7.411,7.561,322954.0
2016-02-17,7.551,7.621,7.451,7.601,285350.0
2016-02-18,7.561,7.621,7.461,7.491,298250.0
2016-02-19,7.511,7.531,7.311,7.391,203647.0
2016-02-22,7.471,7.651,7.471,7.601,319205.0
2016-02-23,7.581,7.591,7.331,7.441,252776.0
2016-02-24,7.481,7.571,7.371,7.551,258513.0
2016-02-25,7.511,7.511,6.851,6.911,374009.0
2016-02-26,7.031,7.061,6.861,6.991,228286.0
2016-02-29,6.941,6.941,6.491,6.651,380074.0
2016-03-01,6.631,6.771,6.561,6.741,228612.0
2016-03-02,6.741,7.041,6.711,7.021,327815.0
2016-03-03,7.041,7.161,6.951,7.101,388130.0
2016-03-04,7.061,7.201,6.961,7.131,465597.0
2016-03-07,7.101,7.231,7.041,7.171,226569.0
2016-03-08,7.091,7.141,6.721,7.121,301951.0
2016-03-09,6.941,7.141,6.871,7.131,242278.0
2016-03-10,7.041,7.101,6.921,6.951,126011.0
2016-03-11,6.911,6.971,6.831,6.931,108374.0
2016-03-14,6.971,7.231,6.971,7.141,317945.0
2016-03-15,7.161,7.161,6.981,7.141,160428.0
2016-03-16,7.111,7.361,7.091,7.261,396124.0
2016-03-17,7.291,7.361,7.171,7.301,228850.0
2016-03-18,7.321,7.461,7.281,7.351,383906.0
2016-03-21,7.401,7.661,7.341,7.541,488676.0
2016-03-22,7.521,7.581,7.421,7.451,211000.0
2016-03-23,7.421,7.451,7.221,7.351,435439.0
2016-03-24,7.341,7.461,7.271,7.291,312573.0
2016-03-25,7.231,7.321,7.221,7.301,171621.0
2016-03-28,7.341,7.461,7.331,7.351,267335.0
2016-03-29,7.371,7.381,7.081,7.141,297479.0
2016-03-30,7.191,7.351,7.191,7.321,192823.0
2016-03-31,7.451,7.471,7.341,7.371,253378.0
2016-04-01,7.361,7.871,7.361,7.651,660483.0
2016-04-05,7.651,8.001,7.601,7.901,690551.0
2016-04-06,7.901,7.901,7.711,7.771,323696.0
2016-04-07,7.771,7.861,7.631,7.701,311765.0
2016-04-08,7.611,7.741,7.571,7.661,196945.0
2016-04-11,7.731,7.751,7.651,7.691,264036.0
2016-04-12,7.691,7.701,7.471,7.561,267640.0
2016-04-13,7.581,7.751,7.571,7.701,422073.0
2016-04-14,7.781,7.891,7.741,7.791,360472.0
2016-04-15,7.751,7.791,7.651,7.701,290280.0
2016-04-18,7.811,7.851,7.621,7.671,338459.0
2016-04-19,7.641,7.781,7.511,7.631,373544.0
2016-04-20,7.601,7.731,7.221,7.621,464365.0
2016-04-21,7.611,7.611,7.371,7.431,224017.0
2016-04-22,7.371,7.411,7.251,7.371,148126.0
2016-04-25,7.371,7.391,7.261,7.311,108662.0
2016-04-26,7.311,7.371,7.261,7.351,112904.0
2016-04-27,7.351,7.351,7.281,7.291,134446.0
2016-04-28,7.291,7.351,7.221,7.341,141909.0
2016-04-29,7.331,7.361,7.271,7.321,126652.0
2016-05-03,7.361,7.521,7.311,7.421,406607.0
2016-05-04,7.381,8.011,7.361,7.871,1009362.0
2016-05-05,7.911,8.211,7.811,7.981,892963.0
2016-05-06,7.961,8.311,7.861,7.871,545554.0
2016-05-09,7.721,8.011,7.491,7.671,625699.0
2016-05-10,7.711,8.061,7.641,7.811,458879.0
2016-05-11,7.861,8.511,7.721,8.231,722106.0
2016-05-12,8.101,8.451,7.981,8.241,475984.0
2016-05-13,8.231,8.241,7.951,8.051,390499.0
2016-05-16,7.971,8.231,7.811,8.181,310187.0
2016-05-17,8.111,8.151,7.921,7.991,189206.0
2016-05-18,8.011,8.131,7.741,7.961,272117.0
2016-05-19,7.901,8.031,7.791,7.861,205502.0
2016-05-20,7.821,7.941,7.711,7.891,156961.0
2016-05-23,7.901,8.041,7.851,7.981,175051.0
2016-05-24,7.981,7.991,7.811,7.881,104216.0
2016-05-25,7.941,7.941,7.501,7.521,405179.0
2016-05-26,7.481,7.501,7.271,7.451,232551.0
2016-05-27,7.411,7.531,7.381,7.461,102292.0
2016-05-30,7.411,7.411,7.251,7.281,223208.0
2016-05-31,7.271,7.501,7.261,7.491,313580.0
2016-06-01,7.481,7.611,7.411,7.521,307041.0
2016-06-02,7.541,7.721,7.511,7.681,283758.0
2016-06-03,7.621,7.691,7.581,7.671,207996.0
2016-06-06,7.891,7.981,7.681,7.701,316457.0
2016-06-07,7.671,7.701,7.591,7.661,130450.0
2016-06-08,7.661,7.661,7.511,7.611,170149.0
2016-06-13,7.521,7.661,7.471,7.491,192151.0
2016-06-14,7.441,7.531,7.391,7.501,96149.0
2016-06-15,7.441,7.631,7.411,7.611,176205.0
2016-06-16,7.611,7.731,7.421,7.491,267505.0
2016-06-17,7.521,7.731,7.521,7.601,211066.0
2016-06-20,7.581,7.611,7.471,7.601,164239.0
2016-06-21,7.621,7.641,7.511,7.541,143751.0
2016-06-22,7.521,7.561,7.491,7.551,90946.0
2016-06-23,7.541,7.551,7.441,7.451,171615.0
2016-06-24,7.471,7.491,7.231,7.301,263799.0
2016-06-27,7.281,7.411,7.261,7.411,150310.0
2016-06-28,7.361,7.431,7.301,7.411,195145.0
2016-06-29,7.431,7.431,7.361,7.411,288074.0
2016-06-30,7.458,7.458,7.328,7.378,195506.0
2016-07-01,7.388,7.438,7.378,7.398,125940.0
2016-07-04,7.398,7.598,7.338,7.548,386281.0
2016-07-05,7.558,7.938,7.538,7.768,598490.0
2016-07-06,7.768,7.768,7.648,7.728,256937.0
2016-07-07,7.718,7.888,7.648,7.788,375888.0
2016-07-08,7.868,7.938,7.768,7.788,328929.0
2016-07-11,7.818,7.958,7.678,7.888,456611.0
2016-07-12,7.858,8.618,7.828,8.618,1200928.0
2016-07-13,8.698,8.938,8.478,8.498,1008609.0
2016-07-14,8.558,8.558,8.338,8.518,410153.0
2016-07-15,8.568,8.718,8.488,8.578,416169.0
2016-07-18,8.508,8.818,8.418,8.718,445070.0
2016-07-19,8.638,8.668,8.318,8.468,375053.0
2016-07-20,8.458,8.498,8.338,8.408,171731.0
2016-07-21,8.408,8.618,8.388,8.468,288701.0
2016-07-22,8.588,8.638,8.288,8.318,276899.0
2016-07-25,8.318,8.408,8.278,8.338,131520.0
2016-07-26,8.338,8.668,8.338,8.658,415064.0
2016-07-27,8.678,8.878,8.358,8.798,506682.0
2016-07-28,8.748,9.308,8.618,8.958,650999.0
2016-07-29,8.948,9.218,8.848,8.878,386425.0
2016-08-01,8.868,8.998,8.608,8.848,280964.0
2016-08-02,8.898,8.978,8.688,8.848,202871.0
2016-08-03,8.858,9.078,8.808,9.068,304666.0
2016-08-04,8.968,9.008,8.798,8.818,292250.0
2016-08-05,8.778,8.798,8.558,8.618,471637.0
2016-08-08,8.518,8.608,8.418,8.598,318846.0
2016-08-09,8.518,8.628,8.458,8.598,253001.0
2016-08-10,8.568,8.618,8.458,8.518,268240.0
2016-08-11,8.508,8.578,8.328,8.378,413809.0
2016-08-12,8.318,8.458,8.308,8.458,302453.0
2016-08-15,8.458,8.818,8.428,8.738,605842.0
2016-08-16,8.738,8.818,8.608,8.658,478922.0
2016-08-17,8.658,8.658,8.518,8.558,311541.0
2016-08-18,8.598,8.638,8.498,8.558,237056.0
2016-08-19,8.468,8.548,8.338,8.458,335169.0
2016-08-22,8.468,8.468,8.318,8.358,275824.0
2016-08-23,8.378,8.398,8.238,8.348,269167.0
2016-08-24,8.318,8.368,8.278,8.318,208828.0
2016-08-25,8.318,8.328,8.198,8.278,196669.0
2016-08-26,8.288,8.348,8.238,8.278,269741.0
2016-08-29,8.278,8.308,8.228,8.268,140868.0
2016-08-30,8.238,8.278,8.078,8.108,385360.0
2016-08-31,8.088,8.108,7.948,8.078,352106.0
2016-09-01,8.118,8.138,8.048,8.088,160390.0
2016-09-02,8.058,8.218,8.048,8.208,220537.0
2016-09-05,8.228,8.238,8.118,8.128,190368.0
2016-09-06,8.128,8.128,8.018,8.108,213077.0
2016-09-07,8.118,8.128,8.078,8.108,162545.0
2016-09-08,8.108,8.198,8.078,8.158,167904.0
2016-09-09,8.118,8.168,8.078,8.078,120725.0
2016-09-12,8.018,8.058,7.818,8.028,351627.0
2016-09-13,8.048,8.068,7.938,7.998,135188.0
2016-09-14,7.978,7.978,7.858,7.948,135197.0
2016-09-19,7.948,7.988,7.948,7.988,133444.0
2016-09-20,8.028,8.028,7.928,7.978,106317.0
2016-09-21,7.968,7.998,7.928,7.988,80360.0
2016-09-22,8.018,8.168,7.988,8.148,240712.0
2016-09-23,8.148,8.178,8.068,8.128,117765.0
2016-09-26,8.138,8.178,7.938,7.958,168290.0
2016-09-27,7.918,7.958,7.838,7.928,152803.0
2016-09-28,7.978,8.078,7.868,8.028,217019.0
2016-09-29,7.948,7.998,7.898,7.938,158784.0
2016-09-30,7.908,7.928,7.858,7.858,235367.0
2016-10-10,7.868,7.938,7.828,7.938,151398.0
2016-10-11,7.928,8.008,7.908,7.958,145069.0
2016-10-12,7.938,7.948,7.858,7.898,180554.0
2016-10-13,7.888,7.898,7.838,7.868,159690.0
2016-10-14,7.858,8.278,7.838,8.238,434537.0
2016-10-17,8.208,8.228,8.098,8.138,403003.0
2016-10-18,8.128,8.238,8.048,8.208,315112.0
2016-10-19,8.218,8.398,8.168,8.288,432429.0
2016-10-20,8.228,8.288,8.128,8.208,196386.0
2016-10-21,8.208,8.278,8.048,8.088,334022.0
2016-10-24,8.068,8.218,8.038,8.138,333733.0
2016-10-25,8.148,8.168,8.038,8.148,245460.0
2016-10-26,8.138,8.138,8.018,8.058,225311.0
2016-10-27,8.038,8.058,7.968,8.018,120902.0
2016-10-28,8.048,8.098,7.968,7.978,144204.0
2016-10-31,7.978,8.038,7.968,8.018,112885.0
2016-11-01,8.048,8.058,8.008,8.048,136291.0
2016-11-02,8.098,8.188,8.078,8.088,288492.0
2016-11-03,8.098,8.278,8.088,8.168,427987.0
2016-11-04,8.158,8.178,8.088,8.108,204011.0
2016-11-07,8.108,8.138,8.038,8.108,154948.0
2016-11-08,8.158,8.158,8.028,8.048,277437.0
2016-11-09,8.038,8.038,7.908,7.988,293884.0
2016-11-10,8.018,8.128,7.978,8.088,324087.0
2016-11-11,8.068,8.178,8.048,8.168,593645.0
2016-11-14,8.178,8.358,8.148,8.288,812848.0
2016-11-15,8.318,8.448,8.208,8.268,719963.0
2016-11-16,8.238,8.358,8.168,8.268,436708.0
2016-11-17,8.258,8.468,8.178,8.398,820469.0
2016-11-18,8.408,8.408,8.198,8.218,489636.0
2016-11-21,8.188,8.308,8.158,8.228,323588.0
2016-11-22,8.238,8.278,8.148,8.258,382962.0
2016-11-23,8.268,8.318,8.178,8.188,367849.0
2016-11-24,8.178,8.318,8.148,8.248,442754.0
2016-11-25,8.248,8.368,8.168,8.358,745179.0
2016-11-28,8.368,8.538,8.308,8.478,920232.0
2016-11-29,8.428,8.718,8.368,8.558,1221946.0
2016-11-30,8.548,8.648,8.458,8.568,680194.0
2016-12-01,8.448,8.718,8.408,8.648,737745.0
2016-12-02,8.618,8.818,8.468,8.488,886796.0
2016-12-05,8.338,8.658,8.328,8.508,487468.0
2016-12-06,8.488,8.508,8.288,8.298,369578.0
2016-12-07,8.298,8.338,8.168,8.268,337407.0
2016-12-08,8.288,8.358,8.218,8.228,292840.0
2016-12-09,8.218,8.238,8.078,8.218,525035.0
2016-12-12,8.168,8.198,7.868,7.938,603582.0
2016-12-13,7.898,7.938,7.728,7.838,308233.0
2016-12-14,7.818,7.838,7.668,7.708,310032.0
2016-12-15,7.678,7.758,7.598,7.618,380556.0
2016-12-16,7.618,7.698,7.598,7.678,216933.0
2016-12-19,7.668,7.798,7.618,7.678,282873.0
2016-12-20,7.678,7.678,7.548,7.638,274339.0
2016-12-21,7.658,8.108,7.648,7.938,875855.0
2016-12-22,7.868,7.998,7.818,7.878,468367.0
2016-12-23,7.838,7.938,7.748,7.828,343713.0
2016-12-26,7.748,7.818,7.668,7.798,208018.0
2016-12-27,7.788,7.848,7.768,7.778,150821.0
2016-12-28,7.778,7.788,7.708,7.728,191932.0
2016-12-29,7.698,7.838,7.698,7.798,187639.0
2016-12-30,7.798,7.868,7.748,7.818,185864.0
2017-01-03,7.798,7.868,7.798,7.828,154299.0
2017-01-04,7.838,7.908,7.818,7.878,181388.0
2017-01-05,7.908,7.978,7.888,7.918,276357.0
2017-01-06,7.948,8.028,7.938,7.998,415479.0
2017-01-09,7.968,8.068,7.898,8.028,205779.0
2017-01-10,8.028,8.578,7.988,8.248,704731.0
2017-01-11,8.158,8.208,7.998,8.028,372564.0
2017-01-12,8.028,8.048,7.958,7.968,129249.0
2017-01-13,7.968,8.058,7.948,8.028,176227.0
2017-01-16,8.068,8.158,7.918,8.118,527861.0
2017-01-17,8.068,8.138,7.998,8.098,123529.0
2017-01-18,8.098,8.298,8.098,8.268,312964.0
2017-01-19,8.208,8.338,8.158,8.208,213289.0
2017-01-20,8.168,8.288,8.138,8.208,133099.0
2017-01-23,8.198,8.268,8.158,8.228,123248.0
2017-01-24,8.228,8.238,8.138,8.178,114761.0
2017-01-25,8.148,8.228,8.148,8.208,103506.0
2017-01-26,8.208,8.228,8.168,8.198,127254.0
2017-02-03,8.198,8.198,8.098,8.118,100649.0
2017-02-06,8.108,8.128,7.958,8.028,248106.0
2017-02-07,8.018,8.038,7.968,8.028,117722.0
2017-02-08,8.028,8.078,7.998,8.058,167820.0
2017-02-09,8.048,8.088,8.008,8.058,304291.0
2017-02-10,8.058,8.148,8.028,8.128,386804.0
2017-02-13,8.118,8.198,8.098,8.138,463709.0
2017-02-14,8.148,8.168,8.098,8.148,202759.0
2017-02-15,8.168,8.368,8.128,8.148,532329.0
2017-02-16,8.158,8.238,8.108,8.218,302326.0
2017-02-17,8.208,8.308,8.198,8.218,402054.0
2017-02-20,8.218,8.538,8.198,8.488,917504.0
2017-02-21,8.498,8.598,8.408,8.528,475181.0
2017-02-22,8.568,8.598,8.478,8.528,381536.0
2017-02-23,8.518,8.728,8.378,8.438,410579.0
2017-02-24,8.428,8.968,8.328,8.688,1088543.0
2017-02-27,8.478,8.618,8.418,8.488,575450.0
2017-02-28,8.468,8.568,8.458,8.518,227096.0
2017-03-01,8.538,8.888,8.508,8.698,660282.0
2017-03-02,8.708,8.758,8.568,8.588,300982.0
2017-03-03,8.538,8.588,8.458,8.538,294206.0
2017-03-06,8.498,8.638,8.468,8.598,290460.0
2017-03-07,8.598,8.658,8.518,8.528,222497.0
2017-03-08,8.528,8.598,8.428,8.578,343618.0
2017-03-09,8.598,8.668,8.458,8.568,453213.0
2017-03-10,8.628,8.718,8.558,8.578,373462.0
2017-03-13,8.538,8.778,8.468,8.638,446741.0
2017-03-14,8.698,8.798,8.648,8.708,534781.0
2017-03-15,8.718,8.948,8.688,8.858,851369.0
2017-03-16,8.928,8.968,8.798,8.898,504030.0
2017-03-17,8.898,8.928,8.738,8.768,305801.0
2017-03-20,8.728,8.788,8.558,8.698,336834.0
2017-03-21,8.688,8.708,8.608,8.688,234329.0
2017-03-22,8.668,8.968,8.628,8.918,705306.0
2017-03-23,9.018,9.318,9.008,9.108,865445.0
2017-03-24,9.138,9.408,9.038,9.338,535411.0
2017-03-27,9.338,9.358,9.208,9.218,384110.0
2017-03-28,9.218,9.278,8.818,8.938,597085.0
2017-03-29,8.938,9.128,8.878,8.988,403931.0
2017-03-30,8.978,8.978,8.758,8.938,445818.0
2017-03-31,8.848,8.948,8.768,8.908,284416.0
2017-04-05,9.068,9.198,8.898,9.058,423235.0
2017-04-06,9.048,9.208,8.968,9.208,439729.0
2017-04-07,9.188,9.958,9.168,9.618,1192818.0
2017-04-10,9.598,10.408,9.418,10.268,1088310.0
2017-04-11,10.118,10.318,9.968,10.238,619947.0
2017-04-12,10.118,10.178,9.718,10.038,454374.0
2017-04-13,9.888,10.158,9.858,9.988,342964.0
2017-04-14,10.088,10.118,9.728,10.028,397920.0
2017-04-17,9.898,9.978,9.738,9.918,316748.0
2017-04-18,9.898,9.958,9.718,9.738,225228.0
2017-04-19,9.698,9.818,9.508,9.738,364123.0
2017-04-20,9.668,9.828,9.558,9.768,273265.0
2017-04-21,9.758,10.078,9.678,10.008,419231.0
2017-04-24,10.148,10.218,9.688,9.988,458928.0
2017-04-25,9.888,9.958,9.568,9.648,395719.0
2017-04-26,9.608,9.618,9.338,9.348,544466.0
2017-04-27,9.308,9.658,9.188,9.658,420315.0
2017-04-28,9.518,9.608,9.418,9.508,271377.0
2017-05-02,9.548,9.818,9.468,9.768,328943.0
2017-05-03,9.768,10.028,9.768,9.828,373320.0
2017-05-04,9.758,9.928,9.598,9.848,219276.0
2017-05-05,10.028,10.168,9.718,9.848,507308.0
2017-05-08,9.778,9.958,9.528,9.908,456652.0
2017-05-09,9.838,10.078,9.668,9.908,269208.0
2017-05-10,9.888,9.998,9.708,9.868,219070.0
2017-05-11,9.718,10.048,9.618,10.018,389084.0
2017-05-12,10.038,10.288,9.988,10.168,331102.0
2017-05-15,10.128,10.308,10.038,10.168,221607.0
2017-05-16,10.068,10.238,10.008,10.198,207030.0
2017-05-17,10.188,10.218,9.878,10.078,366781.0
2017-05-18,9.958,10.018,9.778,9.868,250772.0
2017-05-19,9.828,9.858,9.618,9.718,297600.0
2017-05-22,9.638,9.818,9.518,9.798,220099.0
2017-05-23,9.718,9.938,9.648,9.928,265185.0
2017-05-24,9.918,9.968,9.748,9.958,220068.0
2017-05-25,9.938,10.168,9.878,10.098,302292.0
2017-05-26,10.228,10.918,10.228,10.608,745214.0
2017-05-31,10.608,10.968,10.568,10.778,463268.0
2017-06-01,10.878,11.318,10.808,11.088,655866.0
2017-06-02,11.018,11.128,10.848,10.918,401301.0
2017-06-05,10.898,11.118,10.818,10.878,322880.0
2017-06-06,10.928,11.008,10.668,10.998,297864.0
2017-06-07,10.998,11.058,10.758,10.858,510029.0
2017-06-08,11.028,11.088,10.828,10.838,568031.0
2017-06-09,10.818,10.978,10.638,10.918,450220.0
2017-06-12,10.878,10.968,10.738,10.888,319243.0
2017-06-13,10.788,10.858,10.628,10.648,372242.0
2017-06-14,10.668,10.668,10.308,10.438,470525.0
2017-06-15,10.478,10.568,10.318,10.448,405890.0
2017-06-16,10.368,10.468,10.368,10.438,176286.0
2017-06-19,10.428,10.658,10.388,10.558,451544.0
2017-06-20,10.578,10.588,10.158,10.278,505007.0
2017-06-21,10.328,10.368,10.198,10.358,399321.0
2017-06-22,10.398,10.608,10.388,10.478,729075.0
2017-06-23,10.448,10.578,10.188,10.518,503412.0
2017-06-26,10.528,10.828,10.528,10.638,885712.0
2017-06-27,10.598,10.658,10.308,10.448,522423.0
2017-06-28,10.438,10.508,10.248,10.258,397206.0
2017-06-29,10.238,10.348,10.198,10.338,275525.0
2017-06-30,10.318,10.368,10.218,10.368,267931.0
2017-07-03,10.318,10.318,10.068,10.238,472290.0
2017-07-04,10.198,10.288,10.018,10.268,428915.0
2017-07-05,10.208,10.388,10.138,10.378,408957.0
2017-07-06,10.358,10.508,10.268,10.428,349765.0
2017-07-07,10.425,10.425,10.185,10.255,370194.0
2017-07-10,10.235,10.235,9.855,9.875,482453.0
2017-07-11,9.815,10.025,9.775,9.915,308239.0
2017-07-12,9.925,9.935,9.695,9.795,345369.0
2017-07-13,9.795,9.875,9.755,9.835,239588.0
2017-07-14,9.855,10.065,9.745,10.025,425123.0
2017-07-17,10.005,10.085,9.725,10.065,397481.0
2017-07-18,9.975,10.135,9.945,10.125,261437.0
2017-07-19,10.135,10.185,9.855,10.115,635184.0
2017-07-20,10.075,10.095,9.855,9.915,601880.0
2017-07-21,9.885,10.045,9.795,9.955,330054.0
2017-07-24,9.965,10.005,9.815,9.825,367068.0
2017-07-25,9.825,9.845,9.625,9.645,388847.0
2017-07-26,9.595,9.635,9.285,9.385,724164.0
2017-07-27,9.335,9.475,9.325,9.455,300373.0
2017-07-28,9.425,9.455,9.385,9.405,141170.0
2017-07-31,9.395,9.585,9.365,9.565,368760.0
2017-08-01,9.545,9.645,9.475,9.585,257180.0
2017-08-02,9.605,9.795,9.505,9.535,431165.0
2017-08-03,9.545,9.565,9.375,9.425,234462.0
2017-08-04,9.445,9.445,9.335,9.405,219566.0
2017-08-07,9.335,9.435,9.285,9.425,161759.0
2017-08-08,9.415,9.465,9.315,9.425,239604.0
2017-08-09,9.435,9.445,9.285,9.435,344803.0
2017-08-10,9.575,9.985,9.575,9.795,1234973.0
2017-08-11,9.805,9.885,9.625,9.835,743596.0
2017-08-14,9.775,9.845,9.655,9.835,472569.0
2017-08-15,9.825,9.855,9.725,9.785,301051.0
2017-08-16,9.745,9.795,9.615,9.745,337896.0
2017-08-17,9.795,10.125,9.795,9.975,843713.0
2017-08-18,9.965,10.115,9.845,10.025,541283.0
2017-08-21,10.085,10.115,9.825,9.865,551953.0
2017-08-22,9.875,9.905,9.805,9.835,374447.0
2017-08-23,9.795,9.885,9.675,9.715,438502.0
2017-08-24,9.685,9.725,9.475,9.575,481950.0
2017-08-25,9.575,9.655,9.555,9.645,236788.0
2017-08-28,9.645,9.825,9.625,9.805,369584.0
2017-08-29,9.955,10.025,9.835,9.865,488353.0
2017-08-30,9.905,10.395,9.905,10.145,1101550.0
2017-08-31,10.065,10.125,9.905,9.995,477314.0
2017-09-01,9.995,10.015,9.795,9.895,589427.0
2017-09-04,9.885,10.085,9.815,10.015,510137.0
2017-09-05,10.145,10.205,9.945,9.965,443661.0
2017-09-06,9.895,9.925,9.815,9.905,293160.0
2017-09-07,9.905,9.905,9.795,9.815,215399.0
2017-09-08,9.895,10.075,9.885,10.035,654166.0
2017-09-11,10.005,10.125,9.925,9.985,505138.0
2017-09-12,9.955,9.965,9.805,9.845,443948.0
2017-09-13,9.835,9.845,9.765,9.815,233503.0
2017-09-14,9.775,9.785,9.665,9.725,269828.0
2017-09-15,9.685,9.755,9.595,9.745,166322.0
2017-09-18,9.755,9.765,9.595,9.735,324543.0
2017-09-19,9.775,9.775,9.625,9.665,237263.0
2017-09-20,9.665,9.765,9.615,9.735,223542.0
2017-09-21,9.725,9.725,9.585,9.595,211425.0
2017-09-22,9.585,9.655,9.515,9.635,235140.0
2017-09-25,9.595,9.665,9.405,9.645,399540.0
2017-09-26,9.575,9.605,9.485,9.555,171293.0
2017-09-27,9.525,9.575,9.425,9.455,183623.0
2017-09-28,9.435,9.485,9.375,9.415,170147.0
2017-09-29,9.405,9.475,9.405,9.445,110336.0
2017-10-09,9.505,9.555,9.425,9.505,200854.0
2017-10-10,9.505,9.515,9.425,9.465,161739.0
2017-10-11,9.455,9.515,9.425,9.465,182427.0
2017-10-12,9.455,9.465,9.405,9.425,125673.0
2017-10-13,9.425,9.455,9.405,9.445,91905.0
2017-10-16,9.455,9.525,9.425,9.475,186025.0
2017-10-17,9.475,9.505,9.385,9.415,111090.0
2017-10-18,9.415,9.505,9.395,9.495,232571.0
2017-10-19,9.445,9.525,9.385,9.515,246438.0
2017-10-20,9.475,9.675,9.465,9.605,245774.0
2017-10-23,9.545,9.625,9.545,9.565,133109.0
2017-10-24,9.555,9.725,9.515,9.695,340114.0
2017-10-25,9.685,9.785,9.655,9.695,183866.0
2017-10-26,9.695,9.815,9.665,9.765,239107.0
2017-10-27,9.775,9.965,9.695,9.935,673380.0
2017-10-30,9.925,10.085,9.795,10.065,599328.0
2017-10-31,10.055,10.285,9.965,10.215,735243.0
2017-11-01,10.325,10.885,10.255,10.685,1140538.0
2017-11-02,10.775,11.025,10.585,10.695,834926.0
2017-11-03,10.635,10.755,10.505,10.725,531374.0
2017-11-06,10.615,10.735,10.355,10.535,567215.0
2017-11-07,10.435,10.595,10.345,10.535,684994.0
2017-11-08,10.525,10.775,10.395,10.505,572614.0
2017-11-09,10.405,10.425,10.175,10.355,528735.0
2017-11-10,10.365,10.595,10.265,10.535,672029.0
2017-11-13,10.505,10.805,10.355,10.725,616135.0
2017-11-14,10.675,11.275,10.575,11.125,827086.0
2017-11-15,11.025,11.475,11.025,11.125,724687.0
2017-11-16,11.115,11.645,10.965,11.425,511608.0
2017-11-17,11.435,12.005,11.335,11.785,757713.0
2017-11-20,11.675,12.065,11.445,11.745,578120.0
2017-11-21,11.655,11.975,11.515,11.835,457126.0
2017-11-22,11.905,12.355,11.905,12.175,608322.0
2017-11-23,11.985,12.255,11.535,11.645,454521.0
2017-11-24,11.665,12.155,11.425,11.835,421986.0
2017-11-27,11.665,11.725,11.135,11.355,479058.0
2017-11-28,11.255,11.565,11.245,11.425,417448.0
2017-11-29,11.505,12.005,11.425,11.985,447701.0
2017-11-30,11.925,12.375,11.675,11.865,543968.0
2017-12-01,11.745,11.815,11.375,11.655,390561.0
2017-12-04,11.495,12.025,11.365,11.985,465694.0
2017-12-05,11.925,12.305,11.785,12.155,751151.0
2017-12-06,12.015,12.075,11.495,11.765,317735.0
2017-12-07,11.705,12.005,11.595,11.815,216632.0
2017-12-08,11.705,11.705,11.425,11.495,326265.0
2017-12-11,11.405,11.835,11.385,11.605,381523.0
2017-12-12,11.635,11.815,10.895,11.005,642338.0
2017-12-13,10.915,12.025,10.835,11.995,961674.0
2017-12-14,11.955,12.145,11.835,12.105,568581.0
2017-12-15,12.005,12.065,11.575,11.875,411245.0
2017-12-18,11.845,11.945,11.225,11.565,363191.0
2017-12-19,11.485,12.515,11.425,12.455,814455.0
2017-12-20,12.425,13.285,12.295,12.945,919455.0
2017-12-21,12.865,13.245,12.795,13.075,535073.0
2017-12-22,13.025,13.185,12.695,13.005,445759.0
2017-12-25,12.975,13.445,12.815,12.865,638576.0
2017-12-26,12.755,13.275,12.745,13.075,492710.0
2017-12-27,12.925,12.925,12.615,12.695,502488.0
2017-12-28,12.675,12.925,12.585,12.845,326579.0
2017-12-29,12.845,13.105,12.715,13.045,309082.0
2018-01-02,13.045,13.055,12.245,12.515,1084426.0
2018-01-03,12.425,13.645,12.305,13.555,1241841.0
2018-01-04,13.325,13.385,12.945,13.095,819331.0
2018-01-05,13.025,13.395,12.725,12.905,801047.0
2018-01-08,13.475,13.845,13.035,13.225,1506660.0
2018-01-09,13.155,13.455,12.905,13.175,670516.0
2018-01-10,12.865,13.075,12.615,12.805,755606.0
2018-01-11,12.805,12.805,12.325,12.645,790378.0
2018-01-12,12.615,12.975,12.445,12.695,765152.0
2018-01-15,12.575,12.935,12.565,12.775,798259.0
2018-01-16,12.785,12.785,12.025,12.305,1372591.0
2018-01-17,12.225,12.465,11.645,11.815,1325584.0
2018-01-18,11.865,11.995,11.655,11.765,1141086.0
2018-01-19,11.815,12.155,11.785,11.995,1073566.0
2018-01-22,11.995,12.445,11.995,12.305,993763.0
2018-01-23,12.375,12.595,12.175,12.235,878383.0
2018-01-24,12.295,12.575,12.025,12.445,742596.0
2018-01-25,12.295,13.355,12.225,13.115,1367893.0
2018-01-26,13.125,14.105,13.125,13.865,1619046.0
2018-01-29,13.825,14.275,13.685,13.945,1012681.0
2018-01-30,13.765,14.505,13.735,14.035,888709.0
2018-01-31,13.775,14.075,13.535,13.925,692312.0
2018-02-01,14.125,14.645,14.115,14.405,1034700.0
2018-02-02,14.025,14.475,13.725,14.335,697966.0
2018-02-05,14.245,15.225,14.135,14.815,1224517.0
2018-02-06,14.255,14.855,14.145,14.365,970385.0
2018-02-07,14.825,14.885,13.335,13.455,1004776.0
2018-02-08,13.265,13.765,12.885,13.475,852018.0
2018-02-09,12.745,13.005,12.225,12.805,910596.0
2018-02-12,12.825,13.705,12.825,13.275,793256.0
2018-02-13,13.435,13.725,13.095,13.365,632077.0
2018-02-14,13.365,13.455,12.975,13.285,384931.0
2018-02-22,13.545,14.545,13.545,14.545,1019923.0
2018-02-23,14.425,14.675,14.235,14.625,638840.0
2018-02-26,14.565,15.305,14.485,15.085,844087.0
2018-02-27,14.915,15.195,14.485,14.725,648351.0
2018-02-28,14.445,14.595,14.115,14.535,575804.0
2018-03-01,14.355,14.575,14.055,14.235,562841.0
2018-03-02,14.075,14.075,13.615,13.835,538008.0
2018-03-05,13.875,14.185,13.705,13.885,494309.0
2018-03-06,13.975,14.265,13.725,14.255,577314.0
2018-03-07,14.125,14.195,13.485,13.725,618346.0
2018-03-08,13.485,13.735,13.265,13.555,523081.0
2018-03-09,13.465,13.755,13.415,13.565,635032.0
2018-03-12,13.525,14.205,13.125,13.995,978544.0
2018-03-13,13.985,14.275,13.725,13.795,460674.0
2018-03-14,13.805,13.815,13.355,13.785,402152.0
2018-03-15,13.595,13.955,13.395,13.845,441338.0
2018-03-16,13.905,13.935,13.515,13.585,455241.0
2018-03-19,13.425,13.475,12.845,12.865,781602.0
2018-03-20,12.725,13.045,12.575,12.885,373356.0
2018-03-21,12.795,12.945,12.545,12.765,363001.0
2018-03-22,12.715,12.785,12.205,12.385,593981.0
2018-03-23,11.735,12.245,11.475,12.225,951631.0
2018-03-26,11.925,11.975,11.545,11.705,625418.0
2018-03-27,12.015,12.105,11.715,12.085,783060.0
2018-03-28,11.725,12.055,11.535,11.605,655917.0
2018-03-29,11.725,12.435,11.575,12.105,1054287.0
2018-03-30,12.105,12.725,12.055,12.575,1046610.0
2018-04-02,12.565,12.925,12.385,12.475,561395.0
2018-04-03,12.305,12.655,12.265,12.615,465774.0
2018-04-04,12.595,12.675,12.075,12.215,425610.0
2018-04-09,12.215,12.365,11.735,11.835,478630.0
2018-04-10,11.845,12.605,11.845,12.575,894139.0
2018-04-11,12.505,12.985,12.495,12.835,833381.0
2018-04-12,12.735,12.785,12.255,12.365,491843.0
2018-04-13,12.415,12.675,12.145,12.425,454001.0
2018-04-16,12.425,12.445,12.125,12.415,323168.0
2018-04-17,12.415,12.565,12.105,12.195,447836.0
2018-04-18,12.275,12.385,11.915,12.215,307483.0
2018-04-19,12.125,12.235,11.855,12.005,522835.0
2018-04-20,11.905,11.975,11.255,11.555,840651.0
2018-04-23,11.405,11.805,11.385,11.635,402952.0
2018-04-24,11.625,12.025,11.575,11.735,695702.0
2018-04-25,11.915,12.325,11.905,12.315,820717.0
2018-04-26,12.225,12.735,12.225,12.345,705288.0
2018-04-27,12.675,12.895,12.235,12.435,581326.0
2018-05-02,12.535,12.765,12.315,12.445,397043.0
2018-05-03,12.475,12.945,12.325,12.855,691243.0
2018-05-04,12.705,12.975,12.675,12.815,328847.0
2018-05-07,12.815,12.905,12.395,12.685,476645.0
2018-05-08,12.575,12.815,12.365,12.535,509578.0
2018-05-09,12.385,12.625,12.335,12.545,335715.0
2018-05-10,12.435,12.455,12.235,12.325,352055.0
2018-05-11,12.355,12.485,12.285,12.415,236114.0
2018-05-14,12.415,12.915,12.415,12.905,585438.0
2018-05-15,13.005,13.065,12.615,12.815,479175.0
2018-05-16,12.755,12.835,12.565,12.695,299482.0
2018-05-17,12.655,12.715,12.125,12.185,489365.0
2018-05-18,12.145,12.175,11.735,12.065,520988.0
2018-05-21,12.085,12.345,11.995,12.135,516172.0
2018-05-22,12.005,12.075,11.705,11.845,671322.0
2018-05-23,11.815,11.955,11.635,11.845,442267.0
2018-05-24,11.805,11.895,11.725,11.765,225735.0
2018-05-25,11.725,11.945,11.705,11.835,322181.0
2018-05-28,12.165,12.225,11.935,12.025,399694.0
2018-05-29,11.985,12.085,11.735,12.075,419861.0
2018-05-30,11.845,11.905,11.645,11.675,306970.0
2018-05-31,11.695,11.835,11.375,11.725,500924.0
2018-06-01,11.605,11.885,11.545,11.665,309917.0
2018-06-04,11.695,11.955,11.655,11.885,354036.0
2018-06-05,12.175,12.225,11.885,11.965,508082.0
2018-06-06,11.925,12.375,11.855,12.355,676532.0
2018-06-07,12.365,12.405,12.135,12.355,366170.0
2018-06-08,12.225,12.295,11.995,12.095,337945.0
2018-06-11,12.015,12.115,11.745,12.085,272587.0
2018-06-12,12.065,12.465,11.975,12.315,472544.0
2018-06-13,12.345,12.545,12.195,12.335,280872.0
2018-06-14,12.295,12.595,12.255,12.375,332219.0
2018-06-15,12.455,12.695,12.355,12.455,342303.0
2018-06-19,12.305,12.585,12.175,12.535,785211.0
2018-06-20,12.525,12.535,11.845,12.135,400327.0
2018-06-21,12.135,12.255,11.645,11.725,341707.0
2018-06-22,11.625,11.625,11.295,11.595,363324.0
2018-06-25,11.505,11.535,10.505,10.505,1029638.0
2018-06-26,10.225,10.225,9.655,10.035,805139.0
2018-06-27,9.875,9.875,9.465,9.655,802600.0
2018-06-28,9.475,9.665,9.325,9.425,553290.0
2018-06-29,9.475,9.625,9.405,9.615,508152.0
2018-07-02,9.615,9.755,9.275,9.385,505582.0
2018-07-03,9.225,9.225,8.515,8.815,1115700.0
2018-07-04,8.87,9.03,8.81,8.91,784189.0
2018-07-05,8.82,9.04,8.58,9.0,769099.0
2018-07-06,8.9,9.0,8.68,8.85,438159.0
2018-07-09,8.8,9.02,8.8,9.01,543853.0
2018-07-10,9.06,9.32,9.01,9.16,589919.0
2018-07-11,8.84,8.84,8.44,8.63,634391.0
2018-07-12,8.68,9.14,8.68,9.02,732347.0
2018-07-13,9.05,9.13,8.93,9.03,382394.0
2018-07-16,9.03,9.04,8.64,8.79,626537.0
2018-07-17,8.94,8.97,8.72,8.86,437794.0
2018-07-18,8.75,8.83,8.59,8.6,686687.0
2018-07-19,8.57,8.6,8.16,8.21,817283.0
2018-07-20,8.14,8.48,8.01,8.42,723499.0
2018-07-23,8.38,8.76,8.35,8.68,832097.0
2018-07-24,8.62,8.97,8.57,8.81,769410.0
2018-07-25,8.86,9.0,8.78,8.96,499009.0
2018-07-26,9.13,9.28,8.74,8.83,984076.0
2018-07-27,8.68,8.76,8.57,8.64,750282.0
2018-07-30,8.66,8.67,8.45,8.49,428850.0
2018-07-31,8.49,8.64,8.47,8.59,337871.0
2018-08-01,8.65,8.74,8.49,8.51,449621.0
2018-08-02,8.48,8.51,8.18,8.36,437619.0
2018-08-03,8.25,8.29,7.95,7.98,759319.0
2018-08-06,8.07,8.13,7.87,7.93,447654.0
2018-08-07,7.87,8.16,7.71,8.16,660484.0
2018-08-08,8.16,8.32,8.09,8.13,572124.0
2018-08-09,8.13,8.5,8.11,8.43,676503.0
2018-08-10,8.43,8.47,8.3,8.4,405963.0
2018-08-13,8.21,8.26,8.06,8.22,483130.0
2018-08-14,8.19,8.26,8.1,8.21,376919.0
2018-08-15,8.2,8.21,7.89,7.91,581137.0
2018-08-16,7.76,8.21,7.72,8.07,741176.0
2018-08-17,8.18,8.24,7.91,7.93,555304.0
2018-08-20,7.93,8.11,7.9,8.11,436068.0
2018-08-21,8.14,8.51,8.13,8.42,978321.0
2018-08-22,8.36,8.44,8.24,8.32,455432.0
2018-08-23,8.27,8.36,8.14,8.25,413946.0
2018-08-24,8.15,8.27,8.09,8.22,336656.0
2018-08-27,8.52,8.7,8.44,8.46,949784.0
2018-08-28,8.54,8.76,8.5,8.61,766532.0
2018-08-29,8.55,8.62,8.46,8.54,295310.0
2018-08-30,8.54,8.63,8.45,8.5,267162.0
2018-08-31,8.46,8.76,8.34,8.61,467365.0
2018-09-03,8.57,8.61,8.26,8.43,424244.0
2018-09-04,8.38,8.51,8.35,8.5,263258.0
2018-09-05,8.49,8.66,8.38,8.41,353764.0
2018-09-06,8.39,8.56,8.33,8.39,248788.0
2018-09-07,8.42,8.56,8.34,8.48,252922.0
2018-09-10,8.44,8.46,8.15,8.18,345914.0
2018-09-11,8.17,8.22,7.99,8.04,318466.0
2018-09-12,7.96,8.0,7.88,7.89,307549.0
2018-09-13,8.04,8.09,7.96,8.07,301387.0
2018-09-14,8.05,8.1,8.01,8.03,229012.0
2018-09-17,7.95,8.04,7.89,7.96,217007.0
2018-09-18,7.94,8.15,7.92,8.15,297025.0
2018-09-19,8.13,8.42,8.08,8.33,632160.0
2018-09-20,8.35,8.46,8.29,8.4,307267.0
2018-09-21,8.51,9.16,8.45,9.16,1105705.0
2018-09-25,8.99,9.17,8.95,9.09,928656.0
2018-09-26,9.03,9.18,8.95,9.09,842698.0
2018-09-27,8.99,9.04,8.91,8.95,481862.0
2018-09-28,8.95,9.01,8.9,8.99,474621.0
2018-10-08,8.58,8.59,8.26,8.3,700728.0
2018-10-09,8.31,8.38,8.13,8.2,430544.0
2018-10-10,8.21,8.31,8.17,8.24,282974.0
2018-10-11,7.94,8.11,7.74,7.86,635132.0
2018-10-12,8.0,8.19,7.87,8.09,516277.0
2018-10-15,7.95,8.08,7.91,7.96,288770.0
2018-10-16,7.96,8.07,7.88,7.97,333033.0
2018-10-17,8.09,8.13,7.86,8.04,393569.0
2018-10-18,7.99,7.99,7.8,7.82,333646.0
2018-10-19,7.74,7.99,7.59,7.98,556865.0
2018-10-22,8.01,8.45,7.97,8.3,870867.0
2018-10-23,8.27,8.27,7.91,7.98,577269.0
2018-10-24,8.14,8.3,8.07,8.13,544064.0
2018-10-25,7.87,8.12,7.85,8.12,379559.0
2018-10-26,8.16,8.19,7.94,8.04,574683.0
2018-10-29,8.0,8.12,7.94,7.99,401313.0
2018-10-30,7.92,8.06,7.83,7.97,359384.0
2018-10-31,7.99,8.34,7.99,8.34,839540.0
2018-11-01,8.41,8.57,8.26,8.55,871680.0
2018-11-02,9.24,9.32,8.92,9.1,1832186.0
2018-11-05,9.04,9.09,8.79,8.92,872299.0
2018-11-06,8.87,8.89,8.73,8.81,633779.0
2018-11-07,8.79,8.96,8.71,8.72,865277.0
2018-11-08,8.82,8.83,8.62,8.64,428818.0
2018-11-09,8.61,8.7,8.52,8.66,464261.0
2018-11-12,8.68,8.78,8.65,8.72,437280.0
2018-11-13,8.59,9.0,8.56,8.96,875889.0
2018-11-14,9.37,9.48,9.01,9.08,1394043.0
2018-11-15,9.02,9.19,8.95,9.19,530478.0
2018-11-16,9.14,9.19,9.04,9.06,486799.0
2018-11-19,9.09,9.15,8.98,9.13,451433.0
2018-11-20,9.02,9.02,8.8,8.85,538666.0
2018-11-21,8.97,9.07,8.93,8.98,472282.0
2018-11-22,8.96,9.26,8.9,9.15,628029.0
2018-11-23,9.12,9.17,8.92,8.95,386671.0
2018-11-26,9.14,9.23,8.94,8.99,563329.0
2018-11-27,8.95,8.95,8.7,8.79,501631.0
2018-11-28,8.72,8.84,8.56,8.83,391930.0
2018-11-29,8.95,9.0,8.81,8.83,357372.0
2018-11-30,8.69,9.1,8.65,9.02,343184.0
2018-12-03,9.35,9.39,9.17,9.33,1013287.0
2018-12-04,9.31,9.72,9.21,9.71,927456.0
2018-12-05,9.55,9.76,9.51,9.57,559856.0
2018-12-06,9.39,9.43,9.11,9.12,595636.0
2018-12-07,9.19,9.21,9.11,9.18,294541.0
2018-12-10,9.02,9.07,8.96,9.02,323260.0
2018-12-11,9.04,9.16,9.02,9.15,253991.0
2018-12-12,9.21,9.25,9.09,9.13,274769.0
2018-12-13,9.18,9.38,9.13,9.33,445873.0
2018-12-14,9.23,9.27,9.06,9.08,345622.0
2018-12-17,9.04,9.08,8.91,8.96,323238.0
2018-12-18,8.99,9.05,8.78,8.93,349624.0
2018-12-19,9.11,9.15,8.88,8.97,388964.0
2018-12-20,8.86,8.9,8.74,8.87,285591.0
2018-12-21,8.88,8.95,8.62,8.72,415329.0
2018-12-24,8.64,8.72,8.6,8.71,218127.0
2018-12-25,8.72,8.99,8.65,8.92,551061.0
2018-12-26,8.84,8.95,8.8,8.85,283315.0
2018-12-27,8.86,8.89,8.5,8.5,626123.0
2018-12-28,8.53,8.57,8.42,8.48,359730.0
2019-01-02,8.5,8.51,8.25,8.34,318932.0
2019-01-03,8.31,8.49,8.22,8.37,348114.0
2019-01-04,8.24,8.5,8.18,8.46,388134.0
2019-01-07,8.45,8.64,8.41,8.62,460726.0
2019-01-08,8.59,8.59,8.35,8.43,426113.0
2019-01-09,8.41,8.62,8.38,8.48,419774.0
2019-01-10,8.51,8.68,8.41,8.61,516351.0
2019-01-11,8.63,9.03,8.61,8.96,805477.0
2019-01-14,8.99,8.99,8.77,8.79,469958.0
2019-01-15,8.81,8.97,8.79,8.9,538959.0
2019-01-16,8.84,8.95,8.77,8.92,361121.0
2019-01-17,8.94,8.96,8.81,8.87,309854.0
2019-01-18,8.85,9.0,8.84,8.97,446876.0
2019-01-21,8.99,9.0,8.82,8.87,455885.0
2019-01-22,8.84,8.87,8.73,8.77,268818.0
2019-01-23,8.77,8.83,8.65,8.79,321679.0
2019-01-24,8.82,8.84,8.71,8.79,248701.0
2019-01-25,8.78,8.92,8.77,8.92,411327.0
2019-01-28,9.02,9.19,8.97,9.05,678900.0
2019-01-29,9.0,9.08,8.87,9.05,404296.0
2019-01-30,9.01,9.25,8.95,9.16,590460.0
2019-01-31,9.09,9.17,8.96,9.05,453395.0
2019-02-01,9.11,9.13,8.94,9.05,426602.0
2019-02-11,9.01,9.1,8.93,9.1,553341.0
2019-02-12,9.03,9.46,9.01,9.42,823725.0
2019-02-13,9.37,9.59,9.27,9.44,695498.0
2019-02-14,9.4,9.5,9.32,9.4,480726.0
2019-02-15,9.36,9.39,9.18,9.2,494794.0
2019-02-18,9.22,9.42,9.22,9.4,497701.0
2019-02-19,9.42,9.42,9.2,9.24,522649.0
2019-02-20,9.32,9.69,9.32,9.61,885366.0
2019-02-21,9.76,10.09,9.54,9.88,1202103.0
2019-02-22,9.76,10.47,9.68,10.28,959493.0
2019-02-25,10.68,11.22,10.68,11.05,1601694.0
2019-02-26,11.22,11.32,10.74,10.91,1018778.0
2019-02-27,10.9,11.32,10.72,11.12,822993.0
2019-02-28,11.03,11.14,10.6,10.72,779982.0
2019-03-01,10.76,10.78,10.49,10.71,553016.0
2019-03-04,10.75,11.04,10.64,10.71,925996.0
2019-03-05,10.71,10.75,10.49,10.73,940593.0
2019-03-06,10.78,10.91,10.53,10.87,1014784.0
2019-03-07,10.81,10.83,10.54,10.62,875457.0
2019-03-08,10.34,10.39,9.97,9.99,981292.0
2019-03-11,9.92,10.2,9.92,10.14,610740.0
2019-03-12,10.26,10.32,10.07,10.14,736832.0
2019-03-13,10.17,10.31,9.99,10.05,835953.0
2019-03-14,10.1,10.68,10.1,10.44,1608429.0
2019-03-15,10.48,10.66,10.29,10.55,702528.0
2019-03-18,10.6,10.84,10.44,10.81,733971.0
2019-03-19,10.96,11.21,10.65,10.78,798065.0
2019-03-20,10.67,10.84,10.38,10.66,577145.0
2019-03-21,10.89,11.02,10.65,10.68,621270.0
2019-03-22,10.65,10.79,10.51,10.7,426853.0
2019-03-25,10.46,10.65,10.36,10.39,419013.0
2019-03-26,10.49,10.51,10.09,10.2,416556.0
2019-03-27,10.24,10.74,10.24,10.72,606143.0
2019-03-28,10.82,11.04,10.75,10.88,645300.0
2019-03-29,11.02,11.79,11.02,11.68,1033426.0
2019-04-01,11.89,12.35,11.79,11.96,1035113.0
2019-04-02,11.95,12.06,11.74,11.77,532535.0
2019-04-03,11.65,12.17,11.65,12.07,645027.0
2019-04-04,13.19,13.19,12.57,12.73,1855178.0
2019-04-08,12.48,12.61,11.89,11.95,1240238.0
2019-04-09,11.94,12.09,11.77,12.01,528916.0
2019-04-10,11.87,12.16,11.71,11.98,474982.0
2019-04-11,12.05,12.06,11.58,11.59,536748.0
2019-04-12,11.6,11.64,11.38,11.54,476211.0
2019-04-15,11.79,11.97,11.49,11.52,626287.0
2019-04-16,11.55,11.9,11.36,11.87,494108.0
2019-04-17,11.84,12.13,11.76,12.04,553337.0
2019-04-18,12.12,12.2,11.8,11.98,525697.0
2019-04-19,11.85,11.9,11.63,11.84,466954.0
2019-04-22,11.92,11.92,11.12,11.24,974113.0
2019-04-23,11.24,11.24,10.99,11.04,563285.0
2019-04-24,11.04,11.18,10.94,11.14,403878.0
2019-04-25,11.08,11.1,10.76,10.81,548908.0
2019-04-26,10.72,10.88,10.58,10.68,600994.0
2019-04-29,10.74,11.06,10.7,10.82,603306.0
2019-04-30,10.82,11.09,10.59,10.99,628771.0
2019-05-06,10.29,10.43,9.98,10.02,840036.0
2019-05-07,10.06,10.15,9.8,10.09,559836.0
2019-05-08,9.87,10.09,9.79,9.93,393158.0
2019-05-09,9.82,9.94,9.61,9.63,438875.0
2019-05-10,9.78,9.99,9.52,9.96,647163.0
2019-05-13,9.77,9.8,9.55,9.64,566002.0
2019-05-14,9.46,9.65,9.43,9.52,576627.0
2019-05-15,9.56,9.74,9.56,9.7,446036.0
2019-05-16,9.73,9.79,9.64,9.75,473861.0
2019-05-17,9.7,9.73,9.24,9.34,665273.0
2019-05-20,9.4,9.41,8.99,9.18,522132.0
2019-05-21,9.18,9.36,9.14,9.28,328076.0
2019-05-22,9.28,9.4,9.12,9.34,427483.0
2019-05-23,9.28,9.28,9.07,9.1,386010.0
2019-05-24,9.24,9.32,9.1,9.2,460171.0
2019-05-27,9.21,9.44,9.1,9.38,589040.0
2019-05-28,9.32,9.42,9.3,9.36,487606.0
2019-05-29,9.29,9.43,9.26,9.34,258337.0
2019-05-30,9.29,9.31,9.18,9.26,264060.0
2019-05-31,9.31,9.4,9.27,9.3,285640.0
2019-06-03,9.39,9.67,9.39,9.65,833317.0
2019-06-04,9.65,9.72,9.51,9.64,552047.0
2019-06-05,9.68,9.79,9.56,9.7,420873.0
2019-06-06,9.77,9.78,9.46,9.54,350139.0
2019-06-10,9.5,9.51,9.16,9.44,487659.0
2019-06-11,9.43,9.88,9.4,9.83,526862.0
2019-06-12,9.83,9.89,9.71,9.86,343784.0
2019-06-13,9.89,9.89,9.67,9.7,355852.0
2019-06-14,9.67,9.79,9.51,9.57,538149.0
2019-06-17,9.6,9.71,9.55,9.59,267005.0
2019-06-18,9.63,9.69,9.5,9.66,207971.0
2019-06-19,10.03,10.26,9.96,10.06,983014.0
2019-06-20,10.07,10.42,10.01,10.35,583285.0
2019-06-21,10.37,10.66,10.25,10.34,543431.0
2019-06-24,10.37,10.41,10.24,10.3,302238.0
2019-06-25,10.32,10.37,10.05,10.24,434758.0
2019-06-26,10.16,10.26,10.12,10.19,183609.0
2019-06-27,10.21,10.45,10.21,10.36,390728.0
2019-06-28,10.35,10.45,10.22,10.41,281725.0
2019-07-01,10.73,10.84,10.55,10.7,604249.0
2019-07-02,10.68,10.78,10.58,10.68,318088.0
2019-07-03,10.68,10.7,10.44,10.52,380144.0
2019-07-04,10.52,10.65,10.42,10.59,278713.0
2019-07-05,10.55,10.58,10.41,10.51,211178.0
2019-07-08,10.41,10.41,10.06,10.13,394655.0
2019-07-09,10.09,10.17,9.99,10.06,307311.0
2019-07-10,10.13,10.15,9.96,10.01,203497.0
2019-07-11,10.064,10.214,10.014,10.044,205795.0
2019-07-12,10.074,10.184,10.034,10.104,200490.0
2019-07-15,10.064,10.234,9.894,10.104,260786.0
2019-07-16,10.074,10.184,10.054,10.104,204743.0
2019-07-17,10.104,10.164,10.084,10.094,166493.0
2019-07-18,10.024,10.044,9.844,9.854,268155.0
2019-07-19,9.914,10.024,9.884,9.994,251947.0
2019-07-22,10.024,10.104,9.854,9.984,272655.0
2019-07-23,10.004,10.024,9.854,9.904,227741.0
2019-07-24,9.924,10.024,9.904,9.994,201375.0
2019-07-25,10.024,10.034,9.894,9.944,234500.0
2019-07-26,9.884,10.014,9.854,9.994,294042.0
2019-07-29,10.014,10.014,9.874,9.924,188223.0
2019-07-30,9.914,9.994,9.904,9.964,165784.0
2019-07-31,9.924,9.964,9.824,9.894,193313.0
2019-08-01,9.834,9.884,9.654,9.674,292338.0
2019-08-02,9.454,9.494,9.344,9.444,317549.0
2019-08-05,9.354,9.384,9.014,9.034,697511.0
2019-08-06,8.844,8.884,8.684,8.794,590126.0
2019-08-07,8.834,8.854,8.714,8.724,318738.0
2019-08-08,8.794,8.834,8.744,8.784,237978.0
2019-08-09,8.814,8.874,8.634,8.684,300169.0
2019-08-12,8.584,8.774,8.524,8.774,286789.0
2019-08-13,8.674,8.934,8.634,8.784,491321.0
2019-08-14,8.994,9.064,8.814,8.844,522443.0
2019-08-15,8.654,8.834,8.614,8.824,278021.0
2019-08-16,8.824,8.904,8.754,8.834,304938.0
2019-08-19,8.874,9.174,8.824,9.134,541306.0
2019-08-20,9.084,9.154,9.024,9.044,304722.0
2019-08-21,9.024,9.114,9.004,9.024,201139.0
2019-08-22,9.034,9.084,8.974,9.034,185140.0
2019-08-23,9.054,9.064,8.974,9.054,198118.0
2019-08-26,8.844,8.924,8.804,8.884,265397.0
2019-08-27,8.904,9.064,8.894,9.004,310093.0
2019-08-28,8.944,9.034,8.874,8.884,270311.0
2019-08-29,8.904,8.964,8.744,8.914,377970.0
2019-08-30,8.964,9.004,8.794,8.834,347466.0
2019-09-02,8.764,8.894,8.754,8.874,424233.0
2019-09-03,8.834,8.924,8.794,8.844,311445.0
2019-09-04,8.844,9.084,8.814,9.074,578618.0
2019-09-05,9.074,9.314,9.054,9.244,945206.0
2019-09-06,9.234,9.454,9.184,9.334,633835.0
2019-09-09,9.464,9.544,9.354,9.374,616393.0
2019-09-10,9.384,9.454,9.254,9.324,340554.0
2019-09-11,9.364,9.414,9.324,9.344,295648.0
2019-09-12,9.454,9.654,9.454,9.634,627145.0
2019-09-16,9.494,9.544,9.404,9.464,524783.0
2019-09-17,9.384,9.384,9.244,9.284,409406.0
2019-09-18,9.364,9.484,9.364,9.394,350969.0
2019-09-19,9.484,9.514,9.344,9.414,238124.0
2019-09-20,9.424,9.454,9.344,9.414,253515.0
2019-09-23,9.374,9.374,9.234,9.304,226637.0
2019-09-24,9.294,9.344,9.284,9.304,161428.0
2019-09-25,9.304,9.324,9.194,9.214,196317.0
2019-09-26,9.264,9.324,9.164,9.194,244438.0
2019-09-27,9.214,9.224,9.084,9.144,174687.0
2019-09-30,9.134,9.174,8.944,8.944,217334.0
2019-10-08,9.024,9.034,8.844,8.854,200370.0
2019-10-09,8.764,8.824,8.654,8.774,474708.0
2019-10-10,8.754,9.144,8.744,9.114,579733.0
2019-10-11,9.114,9.354,9.064,9.324,572930.0
2019-10-14,9.474,9.504,9.304,9.424,548015.0
2019-10-15,9.354,9.444,9.324,9.344,367133.0
2019-10-16,9.374,9.474,9.284,9.314,276276.0
2019-10-17,9.324,9.424,9.324,9.334,170817.0
2019-10-18,9.434,9.454,9.074,9.114,288020.0
2019-10-21,9.124,9.134,8.924,9.034,256665.0
2019-10-22,9.044,9.084,8.944,9.064,229106.0
2019-10-23,9.004,9.054,8.904,8.964,274361.0
2019-10-24,8.964,9.014,8.884,8.944,177217.0
2019-10-25,8.944,8.994,8.854,8.984,230962.0
2019-10-28,8.984,9.294,8.984,9.264,444415.0
2019-10-29,9.274,9.284,9.164,9.174,304822.0
2019-10-30,9.174,9.224,9.094,9.184,180465.0
2019-10-31,9.264,9.324,9.164,9.244,277343.0
2019-11-01,9.214,9.404,9.034,9.314,362638.0
2019-11-04,9.344,9.994,9.344,9.914,1258276.0
2019-11-05,9.754,9.924,9.714,9.854,595155.0
2019-11-06,9.994,10.064,9.634,9.714,632127.0
2019-11-07,9.724,9.844,9.604,9.744,459079.0
2019-11-08,9.964,10.034,9.694,9.814,680712.0
2019-11-11,9.644,9.704,9.424,9.484,420478.0
2019-11-12,9.484,9.564,9.394,9.494,254850.0
2019-11-13,9.424,9.514,9.374,9.504,223948.0
2019-11-14,9.494,9.494,9.304,9.384,296010.0
2019-11-15,9.454,9.484,9.294,9.304,225415.0
2019-11-18,9.254,9.384,9.174,9.364,242995.0
2019-11-19,9.314,9.444,9.264,9.424,278224.0
2019-11-20,9.414,9.414,9.274,9.314,193423.0
2019-11-21,9.244,9.374,9.154,9.344,223436.0
2019-11-22,9.314,9.414,9.234,9.294,208633.0
2019-11-25,9.274,9.724,9.254,9.714,557021.0
2019-11-26,9.644,9.704,9.564,9.664,315364.0
2019-11-27,9.624,9.624,9.484,9.534,264141.0
2019-11-28,9.524,9.574,9.444,9.484,232320.0
2019-11-29,9.464,9.504,9.344,9.394,218096.0
2019-12-02,9.454,9.564,9.404,9.514,243556.0
2019-12-03,9.464,9.504,9.344,9.494,183930.0
2019-12-04,9.404,9.404,9.334,9.364,240680.0
2019-12-05,9.384,9.444,9.344,9.414,235318.0
2019-12-06,9.424,9.524,9.394,9.524,261266.0
2019-12-09,9.544,9.554,9.434,9.514,299802.0
2019-12-10,9.484,9.484,9.404,9.444,221858.0
2019-12-11,9.454,9.764,9.454,9.604,643153.0
2019-12-12,9.634,9.634,9.504,9.564,256139.0
2019-12-13,10.024,10.034,9.764,9.874,977855.0
2019-12-16,9.814,9.884,9.714,9.814,548240.0
2019-12-17,9.824,10.144,9.824,10.044,687717.0
2019-12-18,10.104,10.114,9.924,9.944,388042.0
2019-12-19,9.974,10.184,9.954,10.034,359200.0
2019-12-20,10.084,10.134,9.984,10.044,251679.0
2019-12-23,9.984,10.044,9.824,9.944,355447.0
2019-12-24,9.884,9.934,9.794,9.914,226224.0
2019-12-25,9.894,10.104,9.884,10.054,351170.0
2019-12-26,10.094,10.134,9.974,10.104,246358.0
2019-12-27,10.074,10.444,10.044,10.334,758662.0
2019-12-30,10.334,10.654,10.334,10.474,653836.0
2019-12-31,10.414,10.744,10.344,10.634,643873.0
2020-01-02,10.744,10.924,10.604,10.744,528292.0
2020-01-03,10.824,10.844,10.374,10.434,813464.0
2020-01-06,10.204,10.204,9.984,10.064,1419160.0
2020-01-07,10.104,10.244,10.074,10.244,701562.0
2020-01-08,9.994,10.084,9.954,9.994,898119.0
2020-01-09,10.214,10.524,10.134,10.484,1257964.0
2020-01-10,10.484,10.534,10.354,10.374,446727.0
2020-01-13,10.404,10.574,10.274,10.474,474597.0
2020-01-14,10.724,10.794,10.404,10.424,822109.0
2020-01-15,10.374,10.444,10.224,10.374,467741.0
2020-01-16,10.404,10.414,10.204,10.244,360602.0
2020-01-17,10.284,10.294,10.104,10.144,451542.0
2020-01-20,9.924,9.924,9.634,9.764,1699879.0
2020-01-21,9.644,9.644,9.424,9.484,1139693.0
2020-01-22,9.384,9.574,9.354,9.574,708016.0
2020-01-23,9.424,9.424,9.064,9.194,1024711.0
2020-02-03,8.374,8.374,8.374,8.374,238877.0
2020-02-04,7.944,8.284,7.944,8.204,1356684.0
2020-02-05,8.284,8.614,8.234,8.524,1052263.0
2020-02-06,8.604,8.834,8.534,8.834,862448.0
2020-02-07,8.764,8.964,8.664,8.894,657213.0
2020-02-10,8.754,8.854,8.674,8.814,538459.0
2020-02-11,8.884,9.044,8.824,8.974,663577.0
2020-02-12,8.924,9.004,8.834,9.004,392562.0
2020-02-13,8.944,9.024,8.784,8.824,418241.0
2020-02-14,8.794,8.974,8.744,8.954,512712.0
2020-02-17,8.924,9.114,8.884,9.094,602106.0
2020-02-18,9.104,9.104,8.954,9.014,415797.0
2020-02-19,9.014,9.224,8.974,9.064,740572.0
2020-02-20,9.264,9.434,9.184,9.334,1124797.0
2020-02-21,9.244,9.254,9.104,9.184,916867.0
2020-02-24,9.064,9.094,8.774,8.834,1377369.0
2020-02-25,8.654,8.814,8.574,8.804,819914.0
2020-02-26,8.644,8.904,8.624,8.774,839471.0
2020-02-27,8.774,8.814,8.714,8.714,365412.0
2020-02-28,8.494,8.574,8.384,8.404,691268.0
2020-03-02,8.424,8.634,8.424,8.584,576839.0
2020-03-03,8.634,8.784,8.564,8.614,612618.0
2020-03-04,8.644,8.694,8.554,8.674,474948.0
2020-03-05,8.744,8.894,8.684,8.834,950884.0
2020-03-06,8.704,8.724,8.614,8.654,610694.0
2020-03-09,8.804,9.064,8.654,8.904,1749646.0
2020-03-10,8.754,9.014,8.574,8.984,1151333.0
2020-03-11,8.894,9.334,8.864,9.104,1286206.0
2020-03-12,8.974,9.004,8.764,8.804,741769.0
2020-03-13,8.354,8.814,8.294,8.714,752293.0
2020-03-16,8.754,8.784,8.374,8.424,575530.0
2020-03-17,8.414,8.534,8.144,8.214,603400.0
2020-03-18,8.214,8.234,7.894,7.924,813774.0
2020-03-19,7.814,7.884,7.434,7.524,1092877.0
2020-03-20,7.544,7.674,7.434,7.634,840295.0
2020-03-23,7.344,7.424,7.254,7.294,584069.0
2020-03-24,7.394,7.484,7.324,7.454,478233.0
2020-03-25,7.704,7.954,7.644,7.864,940834.0
2020-03-26,7.804,7.904,7.754,7.824,416754.0
2020-03-27,7.934,7.934,7.664,7.694,487855.0
2020-03-30,7.504,7.624,7.414,7.564,338149.0
2020-03-31,7.634,7.654,7.424,7.454,393202.0
2020-04-01,7.444,7.694,7.414,7.564,491029.0
2020-04-02,7.504,7.674,7.484,7.674,325060.0
2020-04-03,7.654,7.654,7.544,7.584,258278.0
2020-04-07,7.644,7.694,7.594,7.664,461563.0
2020-04-08,7.644,7.874,7.594,7.794,658528.0
2020-04-09,7.804,7.874,7.754,7.804,353066.0
2020-04-10,7.774,7.804,7.674,7.684,311698.0
2020-04-13,7.604,7.644,7.494,7.514,299774.0
2020-04-14,7.524,7.584,7.494,7.584,331512.0
2020-04-15,7.614,7.774,7.574,7.714,472546.0
2020-04-16,7.644,7.694,7.604,7.644,217046.0
2020-04-17,7.754,7.924,7.704,7.764,683347.0
2020-04-20,7.764,7.864,7.704,7.774,387245.0
2020-04-21,7.774,7.774,7.604,7.664,361067.0
2020-04-22,7.604,7.864,7.594,7.844,442979.0
2020-04-23,7.814,7.934,7.784,7.874,394813.0
2020-04-24,7.824,7.844,7.704,7.714,229874.0
2020-04-27,7.714,7.754,7.624,7.644,262213.0
2020-04-28,7.664,7.714,7.584,7.674,355596.0
2020-04-29,7.664,7.834,7.664,7.794,356335.0
2020-04-30,8.144,8.314,8.064,8.194,1129699.0
2020-05-06,7.944,7.994,7.824,7.934,898575.0
2020-05-07,7.894,7.914,7.814,7.834,424389.0
2020-05-08,7.854,7.914,7.844,7.904,356640.0
2020-05-11,7.914,8.004,7.864,7.884,348777.0
2020-05-12,7.844,7.854,7.744,7.794,447315.0
2020-05-13,7.744,7.774,7.684,7.754,236442.0
2020-05-14,7.694,7.714,7.654,7.674,275176.0
2020-05-15,7.714,7.714,7.604,7.614,314137.0
2020-05-18,7.584,7.594,7.514,7.564,332966.0
2020-05-19,7.724,7.834,7.664,7.684,528603.0
2020-05-20,7.644,7.684,7.574,7.614,327014.0
2020-05-21,7.634,7.644,7.514,7.524,307322.0
2020-05-22,7.514,7.514,7.354,7.384,415846.0
2020-05-25,7.374,7.374,7.264,7.284,354678.0
2020-05-26,7.304,7.374,7.284,7.354,327743.0
2020-05-27,7.444,7.494,7.384,7.394,400426.0
2020-05-28,7.374,7.444,7.324,7.384,252589.0
2020-05-29,7.354,7.424,7.314,7.414,336627.0
2020-06-01,7.434,7.584,7.414,7.574,443460.0
2020-06-02,7.604,7.714,7.564,7.664,521260.0
2020-06-03,7.704,7.874,7.634,7.724,629237.0
2020-06-04,7.664,7.704,7.544,7.664,637001.0
2020-06-05,7.844,8.224,7.764,8.124,1850872.0
2020-06-08,8.164,8.394,8.044,8.234,1141577.0
2020-06-10,8.264,8.274,7.944,7.984,763388.0
2020-06-11,7.904,7.934,7.744,7.744,694825.0
2020-06-12,7.594,7.664,7.534,7.624,1072601.0
2020-06-15,7.544,7.604,7.454,7.484,648270.0
2020-06-16,7.574,7.624,7.544,7.584,392058.0
2020-06-17,7.544,7.564,7.494,7.564,342043.0
2020-06-18,7.554,7.604,7.514,7.594,309740.0
2020-06-19,7.604,7.694,7.574,7.664,409308.0
2020-06-22,7.654,7.684,7.544,7.584,633050.0
2020-06-23,7.574,7.574,7.514,7.564,291040.0
2020-06-24,7.564,7.594,7.544,7.594,245274.0
2020-06-29,7.544,7.544,7.494,7.504,372944.0
2020-06-30,7.564,7.584,7.534,7.554,216757.0
2020-07-01,7.544,7.594,7.494,7.594,460352.0
2020-07-02,7.584,7.924,7.554,7.854,1222392.0
2020-07-03,7.904,8.024,7.794,7.904,959584.0
2020-07-06,7.954,8.414,7.954,8.374,1556200.0
2020-07-07,8.624,8.664,8.234,8.254,1654415.0
2020-07-08,8.214,8.604,8.094,8.454,1471643.0
2020-07-09,8.454,8.504,8.344,8.494,1278331.0
2020-07-10,8.384,8.434,8.224,8.254,965441.0
2020-07-13,8.204,8.384,8.164,8.354,802929.0
2020-07-14,8.304,8.324,8.054,8.174,966720.0
2020-07-15,8.294,8.434,8.174,8.234,1069403.0
2020-07-16,8.288,8.338,8.018,8.048,822670.0
2020-07-17,8.028,8.078,7.898,7.948,549572.0
2020-07-20,7.978,8.168,7.898,8.168,586050.0
2020-07-21,8.148,8.228,8.108,8.138,558110.0
2020-07-22,8.128,8.428,8.098,8.258,1018343.0
2020-07-23,8.178,8.328,8.098,8.188,596092.0
2020-07-24,8.168,8.218,7.938,7.948,574155.0
2020-07-27,7.948,7.988,7.818,7.878,344515.0
2020-07-28,7.908,7.948,7.778,7.828,431016.0
2020-07-29,7.788,7.938,7.758,7.928,401183.0
2020-07-30,7.898,7.918,7.818,7.828,430250.0
2020-07-31,7.838,7.908,7.768,7.818,403316.0
2020-08-03,7.848,7.968,7.838,7.958,508471.0
2020-08-04,7.978,8.038,7.888,8.018,495461.0
2020-08-05,7.988,7.988,7.868,7.918,594670.0
2020-08-06,7.978,8.068,7.918,8.018,665714.0
2020-08-07,7.998,8.128,7.908,7.968,594330.0
2020-08-10,7.928,8.078,7.838,8.028,571049.0
2020-08-11,8.118,8.258,8.018,8.058,934830.0
2020-08-12,8.088,8.368,8.078,8.348,1821787.0
2020-08-13,8.298,8.328,8.188,8.278,776093.0
2020-08-14,8.218,8.268,8.158,8.258,524809.0
2020-08-17,8.278,8.348,8.218,8.288,762830.0
2020-08-18,8.298,8.318,8.188,8.228,523194.0
2020-08-19,8.268,8.428,8.238,8.338,1085145.0
2020-08-20,8.338,8.528,8.258,8.288,1021033.0
2020-08-21,8.288,8.438,8.128,8.288,1010590.0
2020-08-24,8.278,8.348,8.168,8.208,641663.0
2020-08-25,8.278,8.358,8.198,8.218,682290.0
2020-08-26,8.198,8.218,8.048,8.068,587121.0
2020-08-27,8.068,8.108,8.008,8.098,329013.0
2020-08-28,8.088,8.168,8.068,8.148,380248.0
2020-08-31,8.148,8.268,8.108,8.238,605709.0
2020-09-01,8.238,8.288,8.158,8.218,452215.0
2020-09-02,8.258,8.258,8.098,8.168,360150.0
2020-09-03,8.238,8.338,8.208,8.238,830078.0
2020-09-04,8.158,8.418,8.138,8.408,959168.0
2020-09-07,8.368,8.588,8.348,8.508,1296952.0
2020-09-08,8.558,8.668,8.438,8.548,872207.0
2020-09-09,8.608,8.768,8.528,8.668,1052348.0
2020-09-10,8.678,8.778,8.428,8.448,1049018.0
2020-09-11,8.458,8.498,8.328,8.398,439272.0
2020-09-14,8.458,8.518,8.398,8.458,383117.0
2020-09-15,8.458,8.978,8.458,8.948,1612872.0
2020-09-16,8.918,9.238,8.848,9.058,1360402.0
2020-09-17,9.038,9.138,8.948,9.098,654591.0
2020-09-18,9.048,9.158,8.938,9.088,578157.0
2020-09-21,9.048,9.078,8.828,8.968,655754.0
2020-09-22,8.828,8.838,8.548,8.568,1043892.0
2020-09-23,8.608,8.678,8.448,8.488,524642.0
2020-09-24,8.438,8.458,8.228,8.268,622657.0
2020-09-25,8.268,8.298,8.098,8.138,563767.0
2020-09-28,8.168,8.258,8.118,8.168,469077.0
2020-09-29,8.218,8.248,8.068,8.078,568058.0
2020-09-30,8.068,8.128,8.008,8.078,368950.0
2020-10-09,8.228,8.228,8.048,8.108,561213.0
2020-10-12,8.108,8.258,8.048,8.238,737242.0
2020-10-13,8.218,8.218,8.138,8.198,407018.0
2020-10-14,8.168,8.178,8.048,8.068,528097.0
2020-10-15,8.018,8.068,7.988,8.028,351521.0
2020-10-16,7.998,8.058,7.998,8.058,252829.0
2020-10-19,8.068,8.118,7.998,8.028,327635.0
2020-10-20,8.028,8.058,7.998,8.038,276357.0
2020-10-21,8.048,8.328,8.018,8.268,819302.0
2020-10-22,8.228,8.338,8.158,8.288,531512.0
2020-10-23,8.308,8.358,8.238,8.258,356724.0
2020-10-26,8.158,8.168,8.068,8.108,376274.0
2020-10-27,8.058,8.118,8.008,8.028,364337.0
2020-10-28,8.028,8.028,7.818,7.928,658272.0
2020-10-29,7.828,7.898,7.788,7.898,394079.0
2020-10-30,7.868,7.938,7.748,7.778,385044.0
2020-11-02,7.768,7.788,7.538,7.558,631308.0
2020-11-03,7.558,7.688,7.558,7.678,382596.0
2020-11-04,7.688,7.768,7.618,7.708,299307.0
2020-11-05,7.768,7.808,7.698,7.798,403464.0
2020-11-06,7.828,7.938,7.768,7.878,397598.0
2020-11-09,7.958,8.258,7.928,8.188,993272.0
2020-11-10,8.788,8.888,8.588,8.638,2651656.0
2020-11-11,8.628,8.738,8.448,8.648,1074946.0
2020-11-12,8.538,8.808,8.468,8.558,781880.0
2020-11-13,8.638,8.638,8.378,8.438,636282.0
2020-11-16,8.498,8.778,8.498,8.678,823196.0
2020-11-17,8.778,8.918,8.718,8.848,1096768.0
2020-11-18,8.778,8.978,8.738,8.918,746225.0
2020-11-19,8.938,8.988,8.838,8.888,442820.0
2020-11-20,8.848,9.108,8.848,9.018,683004.0
2020-11-23,8.878,8.978,8.758,8.868,900372.0
2020-11-24,8.948,9.008,8.858,8.888,472356.0
2020-11-25,9.008,9.138,8.798,8.798,715203.0
2020-11-26,8.838,8.858,8.688,8.758,492893.0
2020-11-27,8.858,8.938,8.758,8.848,535648.0
2020-11-30,8.888,9.098,8.848,8.868,579158.0
2020-12-01,8.828,9.388,8.798,9.288,1188715.0
2020-12-02,9.338,9.408,9.228,9.358,760676.0
2020-12-03,9.378,9.458,9.288,9.408,488145.0
2020-12-04,9.488,9.528,8.988,9.088,918343.0
2020-12-07,9.118,9.158,8.868,8.888,518130.0
2020-12-08,8.918,8.938,8.748,8.758,398211.0
2020-12-09,8.788,8.868,8.718,8.748,452844.0
2020-12-10,8.748,8.838,8.688,8.708,358900.0
2020-12-11,8.748,8.868,8.668,8.748,496341.0
2020-12-14,8.738,8.788,8.608,8.658,404499.0
2020-12-15,8.638,8.638,8.438,8.548,598544.0
2020-12-16,8.548,8.648,8.388,8.558,459438.0
2020-12-17,8.508,8.648,8.458,8.628,423860.0
2020-12-18,8.598,8.678,8.538,8.628,373152.0
2020-12-21,8.498,8.508,8.278,8.338,808946.0
2020-12-22,8.288,8.328,8.078,8.088,851224.0
2020-12-23,8.098,8.138,7.998,8.068,590753.0
2020-12-24,8.078,8.218,7.998,8.138,607286.0
2020-12-25,8.078,8.248,8.028,8.218,421624.0
2020-12-28,8.118,8.158,8.048,8.118,465961.0
2020-12-29,8.068,8.218,8.068,8.108,379029.0
2020-12-30,8.098,8.208,8.048,8.138,385484.0
2020-12-31,8.158,8.608,8.138,8.478,941330.0
2021-01-04,8.398,8.468,8.288,8.388,590179.0
2021-01-05,8.338,8.448,8.228,8.378,689044.0
2021-01-06,8.378,8.508,8.308,8.338,646403.0
2021-01-07,8.278,8.388,8.138,8.188,607557.0
2021-01-08,8.138,8.298,8.108,8.288,479453.0
2021-01-11,8.228,8.308,7.838,7.848,1394601.0
2021-01-12,7.868,8.078,7.808,8.078,712331.0
2021-01-13,8.038,8.248,7.988,8.138,566963.0
2021-01-14,8.088,8.258,8.068,8.108,408458.0
2021-01-15,8.108,8.158,8.008,8.068,461759.0
2021-01-18,8.038,8.108,7.978,8.068,366323.0
2021-01-19,8.068,8.308,8.018,8.188,708566.0
2021-01-20,8.188,8.228,8.098,8.138,352823.0
2021-01-21,8.078,8.108,7.998,8.058,572767.0
2021-01-22,8.028,8.028,7.938,7.958,485420.0
2021-01-25,7.938,7.978,7.858,7.958,463014.0
2021-01-26,7.978,8.068,7.928,8.038,488972.0
2021-01-27,7.998,8.148,7.968,8.098,555898.0
2021-01-28,8.048,8.088,7.918,7.938,425192.0
2021-01-29,8.008,8.348,7.978,8.188,1107651.0
2021-02-01,8.038,8.388,7.898,8.268,830985.0
2021-02-02,8.198,8.308,8.088,8.178,525597.0
2021-02-03,8.138,8.228,8.028,8.058,450892.0
2021-02-04,8.028,8.148,7.948,7.998,468638.0
2021-02-05,8.018,8.368,7.978,8.358,1108668.0
2021-02-08,8.348,8.798,8.308,8.758,1435629.0
2021-02-09,8.738,8.828,8.588,8.828,698332.0
2021-02-10,8.748,8.808,8.618,8.778,700688.0
2021-02-18,8.948,9.168,8.768,9.078,1172564.0
2021-02-19,9.058,9.318,8.998,9.188,973145.0
2021-02-22,9.178,9.378,9.058,9.138,829628.0
2021-02-23,9.188,9.638,9.168,9.518,1354774.0
2021-02-24,9.568,9.628,9.148,9.338,1315291.0
2021-02-25,9.428,9.688,9.168,9.208,1194369.0
2021-02-26,9.048,9.338,8.948,9.078,962627.0
2021-03-01,9.118,9.268,9.058,9.218,484360.0
2021-03-02,9.258,9.268,9.068,9.158,519867.0
2021-03-03,9.158,9.608,9.108,9.558,893794.0
2021-03-04,9.468,9.578,9.318,9.358,682317.0
2021-03-05,9.218,9.318,8.918,8.988,937346.0
2021-03-08,8.998,9.128,8.768,8.778,765831.0
2021-03-09,8.878,9.338,8.788,9.068,1023856.0
2021-03-10,9.068,9.248,8.978,9.108,538883.0
2021-03-11,9.088,9.488,9.068,9.368,743946.0
2021-03-12,9.318,9.428,9.198,9.298,536913.0
2021-03-15,9.398,10.028,9.388,9.708,1586110.0
2021-03-16,9.698,10.038,9.538,9.998,1324064.0
2021-03-17,9.858,9.928,9.698,9.808,706700.0
2021-03-18,9.968,10.378,9.808,10.168,1123872.0
2021-03-19,10.078,10.188,9.798,10.138,819719.0
2021-03-22,10.038,10.408,9.968,10.318,825867.0
2021-03-23,10.258,10.398,9.878,9.938,850984.0
2021-03-24,9.738,9.788,9.388,9.488,914816.0
2021-03-25,9.448,9.728,9.398,9.648,452670.0
2021-03-26,9.738,10.248,9.738,10.048,834011.0
2021-03-29,10.038,10.258,9.818,9.918,614237.0
2021-03-30,9.848,10.068,9.778,9.978,343881.0
2021-03-31,9.988,10.108,9.878,10.038,360465.0
2021-04-01,10.038,10.038,9.588,9.908,539104.0
2021-04-02,9.838,9.958,9.788,9.898,289619.0
2021-04-06,9.978,10.018,9.708,9.838,266042.0
2021-04-07,9.808,10.218,9.728,10.178,708633.0
2021-04-08,10.088,10.208,9.908,10.158,453751.0
2021-04-09,10.128,10.138,9.838,9.838,391946.0
2021-04-12,9.828,9.948,9.708,9.848,275719.0
2021-04-13,9.748,9.828,9.608,9.698,255789.0
2021-04-14,9.638,9.948,9.628,9.828,368576.0
2021-04-15,9.808,9.908,9.768,9.818,180844.0
2021-04-16,9.818,10.268,9.768,10.148,518558.0
2021-04-19,10.148,10.518,10.098,10.318,561999.0
2021-04-20,10.358,10.428,10.208,10.268,322759.0
2021-04-21,10.098,10.168,9.968,10.048,333172.0
2021-04-22,10.078,10.128,9.908,9.918,262372.0
2021-04-23,9.888,10.018,9.768,9.878,318228.0
2021-04-26,9.788,9.938,9.688,9.788,267092.0
2021-04-27,9.788,9.828,9.568,9.608,275002.0
2021-04-28,9.548,9.728,9.428,9.598,365011.0
2021-04-29,9.488,9.648,9.478,9.608,201492.0
2021-04-30,9.388,9.428,8.968,9.168,772870.0
2021-05-06,9.088,9.318,9.018,9.248,470196.0
2021-05-07,9.208,9.458,9.148,9.388,333033.0
2021-05-10,9.378,9.418,9.228,9.408,232701.0
2021-05-11,9.338,9.608,9.238,9.548,336648.0
2021-05-12,9.508,9.588,9.378,9.418,196037.0
2021-05-13,9.378,9.408,9.258,9.268,218163.0
2021-05-14,9.308,9.568,9.258,9.548,242263.0
2021-05-17,9.488,9.648,9.398,9.648,283243.0
2021-05-18,9.638,9.828,9.568,9.788,306729.0
2021-05-19,9.768,9.768,9.628,9.748,146418.0
2021-05-20,9.728,9.808,9.588,9.738,185249.0
2021-05-21,9.738,9.828,9.628,9.708,200460.0
2021-05-24,9.748,9.868,9.648,9.728,229472.0
2021-05-25,9.738,9.968,9.598,9.788,504902.0
2021-05-26,9.778,9.988,9.748,9.988,415928.0
2021-05-27,9.938,9.988,9.798,9.888,329296.0
2021-05-28,9.818,9.868,9.608,9.658,313147.0
2021-05-31,9.538,9.548,9.318,9.398,399476.0
2021-06-01,9.358,9.498,9.288,9.458,304842.0
2021-06-02,9.438,9.568,9.318,9.518,300824.0
2021-06-03,9.568,9.608,9.448,9.518,169645.0
2021-06-04,9.448,9.578,9.448,9.518,118781.0
2021-06-07,9.518,9.518,9.308,9.368,205149.0
2021-06-08,9.348,9.568,9.298,9.458,190378.0
2021-06-09,9.448,9.458,9.318,9.358,180625.0
2021-06-10,9.338,9.428,9.318,9.398,159277.0
2021-06-11,9.398,9.398,9.178,9.348,287227.0
2021-06-15,9.298,9.328,9.188,9.198,170645.0
2021-06-16,9.198,9.228,9.078,9.078,207235.0
2021-06-17,9.038,9.168,9.038,9.158,151297.0
2021-06-18,9.078,9.358,9.078,9.318,267002.0
2021-06-21,9.298,9.358,9.108,9.178,272605.0
2021-06-22,9.218,9.298,9.078,9.178,232470.0
2021-06-23,9.178,9.298,9.108,9.258,196441.0
2021-06-24,9.188,9.478,9.188,9.188,330916.0
2021-06-25,9.188,9.198,9.088,9.148,242578.0
2021-06-28,9.148,9.178,9.078,9.088,269013.0
2021-06-29,9.078,9.088,8.748,8.768,673462.0
2021-06-30,8.778,8.878,8.668,8.768,267959.0
2021-07-01,8.788,8.838,8.728,8.758,172639.0
2021-07-02,8.738,8.788,8.578,8.608,340533.0
2021-07-05,8.618,8.638,8.498,8.568,235036.0
2021-07-06,8.568,8.658,8.508,8.528,290409.0
2021-07-07,8.528,8.598,8.448,8.588,246121.0
2021-07-08,8.578,8.598,8.468,8.568,472771.0
2021-07-09,8.518,8.558,8.488,8.538,184740.0
2021-07-12,8.558,8.598,8.318,8.328,492253.0
2021-07-13,8.328,8.478,8.238,8.458,459327.0
2021-07-14,8.428,8.428,8.148,8.188,547440.0
2021-07-15,8.218,8.228,8.138,8.218,259766.0
2021-07-16,8.218,8.418,8.198,8.368,510517.0
2021-07-19,8.328,8.548,8.228,8.518,447714.0
2021-07-20,8.438,8.538,8.408,8.488,318334.0
2021-07-21,8.488,8.518,8.268,8.278,357510.0
2021-07-22,8.258,8.368,8.238,8.338,209308.0
2021-07-23,8.298,8.308,8.188,8.218,251198.0
2021-07-26,8.178,8.178,7.998,8.018,324595.0
2021-07-27,8.018,8.108,7.968,7.998,246282.0
2021-07-28,7.998,8.028,7.788,8.028,391341.0
2021-07-29,7.998,8.048,7.818,7.828,337982.0
2021-07-30,7.788,7.788,7.528,7.568,675311.0
2021-08-02,7.338,7.568,7.218,7.498,602265.0
2021-08-03,7.498,7.548,7.448,7.518,297929.0
2021-08-04,7.518,7.538,7.388,7.408,305570.0
2021-08-05,7.388,7.518,7.338,7.358,321996.0
2021-08-06,7.388,7.428,7.248,7.298,444036.0
2021-08-09,7.288,7.498,7.268,7.468,346464.0
2021-08-10,7.468,7.498,7.408,7.488,213385.0
2021-08-11,7.488,7.608,7.468,7.538,272129.0
2021-08-12,7.578,7.668,7.508,7.548,358538.0
2021-08-13,7.528,7.588,7.488,7.558,261595.0
2021-08-16,7.578,7.728,7.568,7.688,287261.0
2021-08-17,7.698,8.138,7.698,7.898,868712.0
2021-08-18,7.898,8.168,7.828,8.068,702752.0
2021-08-19,8.138,8.138,7.938,8.088,324322.0
2021-08-20,8.048,8.128,7.908,8.088,303306.0
2021-08-23,8.088,8.088,7.898,7.958,285507.0
2021-08-24,7.948,8.028,7.908,7.988,225900.0
2021-08-25,8.048,8.238,7.998,8.188,413951.0
2021-08-26,8.158,8.268,8.048,8.218,323396.0
2021-08-27,8.168,8.218,8.098,8.158,196690.0
2021-08-30,8.188,8.238,8.018,8.088,225072.0
2021-08-31,8.058,8.228,8.028,8.228,296262.0
2021-09-01,8.208,8.338,8.178,8.298,366708.0
2021-09-02,8.258,8.408,8.228,8.378,283969.0
2021-09-03,8.318,8.648,8.248,8.548,586546.0
2021-09-06,8.548,8.648,8.498,8.528,373329.0
2021-09-07,8.568,8.638,8.518,8.598,292808.0
2021-09-08,8.598,8.758,8.568,8.678,260080.0
2021-09-09,8.688,8.888,8.658,8.878,383472.0
2021-09-10,8.908,9.148,8.708,8.728,779978.0
2021-09-13,8.438,8.928,8.408,8.668,638641.0
2021-09-14,8.598,8.768,8.288,8.308,552069.0
2021-09-15,8.248,8.348,8.188,8.298,340920.0
2021-09-16,8.358,8.498,8.188,8.208,271236.0
2021-09-17,8.188,8.508,8.188,8.438,291358.0
2021-09-22,8.368,8.518,8.298,8.488,252190.0
2021-09-23,8.468,8.598,8.448,8.498,261211.0
2021-09-24,8.528,8.638,8.498,8.538,238950.0
2021-09-27,8.598,8.628,8.338,8.478,310149.0
2021-09-28,8.488,8.538,8.388,8.508,250890.0
2021-09-29,8.448,8.448,8.078,8.228,506609.0
2021-09-30,8.228,8.458,8.228,8.428,315248.0
2021-10-08,8.688,9.058,8.678,8.878,1090848.0
2021-10-11,8.878,9.168,8.748,9.108,839661.0
2021-10-12,9.078,9.288,9.008,9.168,626178.0
2021-10-13,9.088,9.338,9.038,9.248,469461.0
2021-10-14,9.218,9.788,9.208,9.578,792570.0
2021-10-15,9.468,9.538,9.298,9.338,513298.0
2021-10-18,9.288,9.408,9.158,9.328,451169.0
2021-10-19,9.238,9.308,9.088,9.188,402903.0
2021-10-20,9.138,9.318,8.988,9.218,454967.0
2021-10-21,9.138,9.238,9.068,9.168,251629.0
2021-10-22,9.158,9.248,8.978,9.058,376015.0
2021-10-25,8.898,9.018,8.788,8.968,374816.0
2021-10-26,8.908,9.218,8.908,9.018,359085.0
2021-10-27,9.028,9.078,8.878,8.938,202039.0
2021-10-28,8.938,9.228,8.908,8.968,504155.0
2021-10-29,8.938,9.518,8.928,9.498,860720.0
2021-11-01,9.288,9.558,8.838,9.418,864048.0
2021-11-02,9.288,9.508,9.128,9.458,596938.0
2021-11-03,9.398,9.448,9.138,9.298,304704.0
2021-11-04,9.278,9.358,9.238,9.308,152969.0
2021-11-05,9.318,9.368,9.218,9.298,166720.0
2021-11-08,9.788,10.128,9.728,9.998,1438267.0
2021-11-09,9.998,10.068,9.638,9.958,513645.0
2021-11-10,9.878,9.948,9.558,9.658,509102.0
2021-11-11,9.658,9.878,9.608,9.808,346133.0
2021-11-12,9.758,10.148,9.738,10.098,563276.0
2021-11-15,10.048,10.098,9.738,9.788,431524.0
2021-11-16,9.798,9.858,9.688,9.758,214038.0
2021-11-17,9.758,9.788,9.478,9.588,372362.0
2021-11-18,9.598,9.628,9.388,9.408,299669.0
2021-11-19,9.418,9.588,9.248,9.488,301208.0
2021-11-22,9.438,9.598,9.318,9.508,255182.0
2021-11-23,9.588,9.718,9.448,9.478,407022.0
2021-11-24,9.458,9.468,9.288,9.388,240248.0
2021-11-25,9.398,9.458,9.268,9.298,149492.0
2021-11-26,9.208,9.298,9.018,9.228,356765.0
2021-11-29,8.838,9.068,8.648,8.968,625929.0
2021-11-30,8.938,9.028,8.768,8.968,304424.0
2021-12-01,8.868,9.128,8.838,9.078,294705.0
2021-12-02,9.088,9.238,8.968,8.998,293883.0
2021-12-03,9.138,9.288,9.088,9.248,258107.0
2021-12-06,9.248,9.248,9.128,9.158,137013.0
2021-12-07,9.308,9.718,9.258,9.568,521711.0
2021-12-08,9.568,9.598,9.378,9.508,333656.0
2021-12-09,9.688,9.758,9.498,9.578,339315.0
2021-12-10,9.488,9.618,9.478,9.538,195719.0
2021-12-13,9.478,9.578,9.318,9.348,213455.0
2021-12-14,9.288,9.308,9.158,9.248,197082.0
2021-12-15,9.258,9.288,9.108,9.138,205334.0
2021-12-16,9.118,9.428,9.088,9.398,232607.0
2021-12-17,9.368,9.428,9.278,9.308,215897.0
2021-12-20,9.268,9.338,9.228,9.288,133714.0
2021-12-21,9.408,9.568,9.318,9.448,268951.0
2021-12-22,9.568,9.758,9.338,9.348,378057.0
2021-12-23,9.378,9.658,9.378,9.438,274303.0
2021-12-24,9.458,9.638,9.318,9.578,277253.0
2021-12-27,9.578,10.078,9.508,9.998,575500.0
2021-12-28,10.068,10.078,9.668,9.758,595787.0
2021-12-29,9.788,10.428,9.758,10.108,788855.0
2021-12-30,10.058,10.248,9.988,10.108,434751.0
2021-12-31,10.048,10.278,9.948,10.118,446824.0
2022-01-04,10.138,10.608,9.968,10.438,731865.0
2022-01-05,10.278,10.818,10.278,10.618,921196.0
2022-01-06,10.408,10.598,10.278,10.338,430373.0
2022-01-07,10.288,10.568,10.268,10.448,268269.0
2022-01-10,10.388,10.788,10.148,10.718,566265.0
2022-01-11,10.688,11.038,10.588,10.728,718801.0
2022-01-12,10.718,11.048,10.558,10.678,428635.0
2022-01-13,10.588,10.788,10.428,10.508,360422.0
2022-01-14,10.548,10.588,10.278,10.378,278378.0
2022-01-17,10.288,10.438,10.188,10.308,279577.0
2022-01-18,10.398,10.738,10.208,10.658,396544.0
2022-01-19,10.598,10.838,10.548,10.618,310673.0
2022-01-20,10.628,11.078,10.588,10.878,429857.0
2022-01-21,11.088,11.398,10.858,10.888,658827.0
2022-01-24,10.828,10.978,10.568,10.678,590496.0
2022-01-25,10.678,11.368,10.608,10.978,829406.0
2022-01-26,10.908,11.208,10.678,10.698,600813.0
2022-01-27,10.698,11.068,10.608,10.788,521189.0
2022-01-28,10.728,11.218,10.388,11.008,662795.0
2022-02-07,10.988,11.228,10.498,11.098,594674.0
2022-02-08,11.018,11.598,10.938,11.578,827487.0
2022-02-09,11.478,11.858,11.268,11.758,648425.0
2022-02-10,11.688,12.338,11.648,11.988,737837.0
2022-02-11,11.998,12.368,11.808,11.958,647724.0
2022-02-14,11.938,12.058,11.408,11.808,738089.0
2022-02-15,11.718,11.718,11.008,11.338,921904.0
2022-02-16,11.388,11.498,11.058,11.418,523435.0
2022-02-17,11.368,11.368,10.898,11.138,562863.0
2022-02-18,11.118,11.508,11.038,11.368,547808.0
2022-02-21,11.268,11.508,10.968,11.338,514386.0
2022-02-22,11.168,11.448,11.038,11.138,416224.0
2022-02-23,11.108,11.168,10.838,10.958,468867.0
2022-02-24,10.888,11.018,10.688,10.818,425117.0
2022-02-25,10.838,11.028,10.718,11.008,403037.0
2022-02-28,10.898,10.968,10.658,10.868,371025.0
2022-03-01,10.788,11.258,10.738,11.018,397150.0
2022-03-02,10.888,11.128,10.788,11.068,309810.0
2022-03-03,11.158,11.438,11.108,11.268,562784.0
2022-03-04,11.178,11.558,11.118,11.288,507927.0
2022-03-07,11.228,11.228,10.258,10.268,1108361.0
2022-03-08,10.008,10.498,9.998,10.048,636242.0
2022-03-09,10.098,10.138,9.548,9.948,353029.0
2022-03-10,10.358,10.408,10.048,10.048,287942.0
2022-03-11,9.958,10.528,9.668,10.398,533771.0
2022-03-14,10.078,10.078,9.558,9.588,595576.0
2022-03-15,9.498,9.788,9.318,9.408,650489.0
2022-03-16,9.778,10.248,9.778,10.248,675176.0
2022-03-17,10.418,10.848,10.188,10.498,778565.0
2022-03-18,10.318,10.788,10.248,10.638,419897.0
2022-03-21,10.428,11.038,10.428,10.788,499742.0
2022-03-22,10.398,10.968,10.348,10.758,907726.0
2022-03-23,10.528,10.698,10.308,10.518,534957.0
2022-03-24,10.418,10.868,10.368,10.708,392103.0
2022-03-25,10.668,10.718,10.228,10.368,385785.0
2022-03-28,10.138,10.228,9.888,10.068,402849.0
2022-03-29,10.138,10.238,9.918,9.958,224816.0
2022-03-30,10.108,10.608,9.958,10.488,609722.0
2022-03-31,10.388,10.718,10.028,10.098,465597.0
2022-04-01,10.038,10.848,9.968,10.818,778038.0
2022-04-06,10.688,10.898,10.488,10.748,450900.0
2022-04-07,10.688,10.838,10.568,10.568,274672.0
2022-04-08,10.538,10.828,10.448,10.798,343337.0
2022-04-11,10.728,10.948,10.388,10.478,461074.0
2022-04-12,10.538,11.388,10.398,11.238,724622.0
2022-04-13,11.108,11.328,11.058,11.078,455126.0
2022-04-14,11.198,11.508,11.168,11.268,471074.0
2022-04-15,11.078,11.458,11.028,11.318,319874.0
2022-04-18,11.268,11.538,11.108,11.388,251665.0
2022-04-19,11.368,11.368,10.988,11.108,388621.0
2022-04-20,11.198,11.438,10.938,11.138,476596.0
2022-04-21,11.018,11.158,10.668,10.758,390768.0
2022-04-22,10.658,10.848,10.458,10.768,276467.0
2022-04-25,10.518,10.768,10.308,10.358,341167.0
2022-04-26,10.418,10.558,10.068,10.168,312046.0
2022-04-27,10.058,10.398,9.938,10.278,309217.0
2022-04-28,10.288,10.638,10.138,10.328,284190.0
2022-04-29,10.148,10.478,9.888,10.458,369141.0
2022-05-05,10.388,10.478,9.988,10.438,298028.0
2022-05-06,10.198,10.208,9.498,9.688,711559.0
2022-05-09,9.488,9.718,9.288,9.448,418844.0
2022-05-10,9.298,9.638,9.068,9.538,475174.0
2022-05-11,9.578,10.068,9.528,9.888,653770.0
2022-05-12,9.788,9.918,9.388,9.698,529402.0
2022-05-13,9.648,9.698,9.358,9.578,414020.0
2022-05-16,9.718,9.928,9.488,9.628,634170.0
2022-05-17,9.458,9.828,9.338,9.728,575862.0
2022-05-18,9.738,9.738,9.418,9.508,431901.0
2022-05-19,9.388,9.418,9.228,9.418,426994.0
2022-05-20,9.388,9.878,9.368,9.858,707020.0
2022-05-23,9.738,9.998,9.658,9.818,455223.0
2022-05-24,9.918,10.188,9.818,9.818,553401.0
2022-05-25,9.788,10.488,9.788,10.398,627612.0
2022-05-26,10.348,10.598,10.328,10.478,402812.0
2022-05-27,10.488,10.688,10.418,10.588,326548.0
2022-05-30,10.698,10.848,10.608,10.738,321190.0
2022-05-31,10.788,11.088,10.578,10.678,605278.0
2022-06-01,10.658,10.718,10.448,10.508,438938.0
2022-06-02,10.448,10.558,10.258,10.448,391005.0
2022-06-06,10.448,10.448,10.098,10.348,457024.0
2022-06-07,10.348,10.448,10.128,10.298,443463.0
2022-06-08,10.278,10.618,10.198,10.608,484810.0
2022-06-09,10.498,10.828,10.468,10.678,480074.0
2022-06-10,10.608,10.708,10.468,10.628,321891.0
2022-06-13,10.538,10.558,10.208,10.358,443428.0
2022-06-14,10.268,10.328,10.078,10.308,343587.0
2022-06-15,10.308,10.478,10.218,10.328,475531.0
2022-06-16,10.368,10.618,10.268,10.448,405895.0
2022-06-17,10.348,10.818,10.248,10.768,444259.0
2022-06-20,10.778,11.248,10.778,11.178,560266.0
2022-06-21,11.108,11.268,10.958,11.098,337864.0
2022-06-22,11.108,11.208,10.988,11.088,246575.0
2022-06-23,11.058,11.238,10.968,11.148,425864.0
2022-06-24,11.148,11.358,10.838,11.228,442101.0
2022-06-27,11.338,11.928,11.338,11.618,673466.0
2022-06-28,11.578,12.648,11.468,12.288,895416.0
2022-06-29,12.528,12.768,12.188,12.408,1172710.0
2022-06-30,12.528,12.728,12.188,12.598,737129.0
2022-07-01,12.308,12.378,11.838,12.088,646976.0
2022-07-04,12.088,12.148,11.388,11.728,1128033.0
2022-07-05,11.688,11.848,11.568,11.698,538673.0
2022-07-06,11.658,11.708,11.048,11.228,807052.0
2022-07-07,11.178,11.288,11.058,11.158,680921.0
2022-07-08,11.308,11.418,10.978,11.098,488408.0
2022-07-11,11.038,11.218,10.728,11.028,616468.0
2022-07-12,11.088,11.208,10.938,10.988,434957.0
2022-07-13,11.128,11.588,11.128,11.448,787674.0
2022-07-14,11.308,11.918,11.238,11.768,659464.0
2022-07-15,11.688,11.768,11.278,11.298,373148.0
2022-07-18,11.078,11.368,11.038,11.238,348911.0
2022-07-19,11.308,11.348,10.898,11.038,454905.0
2022-07-20,11.088,11.428,10.998,11.198,361861.0
2022-07-21,11.158,11.528,11.108,11.268,317008.0
2022-07-22,11.258,11.508,11.168,11.388,293500.0
2022-07-25,11.298,11.508,11.248,11.278,263078.0
2022-07-26,11.338,11.728,11.228,11.338,404233.0
2022-07-27,11.388,11.458,11.138,11.388,278291.0
2022-07-28,11.538,11.628,10.978,11.028,492185.0
2022-07-29,10.978,10.978,10.518,10.638,856309.0
2022-08-01,10.578,10.778,10.508,10.658,335005.0
2022-08-02,10.548,10.798,10.358,10.658,381799.0
2022-08-03,10.598,10.768,10.578,10.618,301867.0
2022-08-04,10.678,10.708,10.478,10.588,175370.0
2022-08-05,10.668,10.768,10.288,10.568,305275.0
2022-08-08,10.508,10.628,10.248,10.298,468123.0
2022-08-09,10.288,10.728,10.248,10.608,463120.0
2022-08-10,10.608,10.628,10.238,10.308,322087.0
2022-08-11,10.368,10.508,10.308,10.468,220797.0
2022-08-12,10.468,11.128,10.388,11.008,660775.0
2022-08-15,10.928,10.938,10.498,10.848,532482.0
2022-08-16,10.698,11.118,10.688,10.978,405253.0
2022-08-17,10.988,11.188,10.898,11.128,312195.0
2022-08-18,11.078,11.148,10.888,10.918,165544.0
2022-08-19,10.918,11.158,10.858,11.028,205190.0
2022-08-22,10.998,11.288,10.928,11.248,272879.0
2022-08-23,11.188,11.298,10.938,11.148,277695.0
2022-08-24,11.088,11.178,10.898,10.918,312564.0
2022-08-25,10.938,11.178,10.918,11.168,308335.0
2022-08-26,11.168,11.478,11.098,11.248,409195.0
2022-08-29,11.108,11.448,11.068,11.378,326161.0
2022-08-30,11.438,11.578,11.278,11.438,351428.0
2022-08-31,11.428,11.528,11.248,11.298,313034.0
2022-09-01,11.248,11.278,10.808,10.828,467794.0
2022-09-02,10.888,10.928,10.658,10.778,368310.0
2022-09-05,10.778,10.968,10.668,10.888,294758.0
2022-09-06,10.948,11.318,10.848,11.238,481119.0
2022-09-07,11.308,11.398,11.138,11.278,237097.0
2022-09-08,11.318,11.768,11.278,11.568,413825.0
2022-09-09,11.488,11.758,11.408,11.498,302499.0
2022-09-13,11.538,11.788,11.438,11.638,349532.0
2022-09-14,11.528,11.638,11.308,11.388,341320.0
2022-09-15,11.468,11.688,11.378,11.498,402904.0
2022-09-16,11.518,11.858,11.158,11.238,491121.0
2022-09-19,11.178,11.618,11.048,11.508,478410.0
2022-09-20,11.538,11.578,11.298,11.428,375350.0
2022-09-21,11.398,11.688,11.358,11.438,384687.0
2022-09-22,11.388,11.428,11.158,11.258,412147.0
2022-09-23,11.228,11.458,11.088,11.198,228660.0
2022-09-26,11.258,11.838,11.238,11.488,580567.0
2022-09-27,11.408,12.188,11.408,12.058,937984.0
2022-09-28,12.078,12.258,11.778,11.898,598637.0
2022-09-29,11.888,12.098,11.588,11.688,413192.0
2022-09-30,11.748,11.758,11.288,11.458,324034.0
2022-10-10,11.638,11.818,11.358,11.418,545019.0
2022-10-11,11.488,11.498,10.888,11.088,557904.0
2022-10-12,11.108,11.318,10.828,11.278,342040.0
2022-10-13,11.178,11.418,10.968,11.268,300290.0
2022-10-14,11.268,11.448,11.168,11.268,294613.0
2022-10-17,11.198,11.528,10.998,11.508,378392.0
2022-10-18,11.708,11.908,11.338,11.438,333273.0
2022-10-19,11.358,11.598,11.048,11.098,361634.0
2022-10-20,11.048,11.718,10.958,11.318,598977.0
2022-10-21,11.238,11.838,11.088,11.738,528897.0
2022-10-24,11.588,11.628,11.098,11.128,605417.0
2022-10-25,11.078,11.638,11.078,11.508,469270.0
2022-10-26,11.428,11.728,11.388,11.538,460439.0
2022-10-27,11.448,11.628,11.198,11.268,372910.0
2022-10-28,11.288,11.408,11.138,11.208,255711.0
2022-10-31,11.108,11.108,10.438,10.658,588232.0
2022-11-01,10.528,11.338,10.218,11.268,899867.0
2022-11-02,11.088,11.938,11.008,11.178,1087770.0
2022-11-03,11.118,11.428,11.038,11.248,391878.0
2022-11-04,11.188,11.908,11.168,11.828,793608.0
2022-11-07,11.648,12.088,11.518,11.998,700195.0
2022-11-08,11.908,12.188,11.768,11.898,443712.0
2022-11-09,11.908,12.118,11.798,11.848,320842.0
2022-11-10,11.788,11.928,11.518,11.918,463839.0
2022-11-11,12.088,12.208,11.168,11.578,1783015.0
2022-11-14,11.388,11.428,10.888,10.898,1181549.0
2022-11-15,10.848,11.048,10.808,10.928,624554.0
2022-11-16,10.958,11.058,10.758,10.808,645791.0
2022-11-17,10.788,11.078,10.718,10.998,617794.0
2022-11-18,10.938,10.988,10.748,10.778,558056.0
2022-11-21,10.638,10.638,10.358,10.478,612345.0
2022-11-22,10.458,10.558,10.348,10.388,439565.0
2022-11-23,10.388,10.538,10.298,10.528,372773.0
2022-11-24,10.498,10.528,10.338,10.388,309640.0
2022-11-25,10.328,10.448,10.298,10.438,183693.0
2022-11-28,10.338,10.748,10.248,10.688,592106.0
2022-11-29,10.658,11.248,10.578,11.198,1063614.0
2022-11-30,11.128,11.458,11.028,11.448,821186.0
2022-12-01,11.598,11.708,10.968,11.098,1109154.0
2022-12-02,11.078,11.128,10.878,11.018,510755.0
2022-12-05,11.158,11.428,11.088,11.248,898004.0
2022-12-06,11.238,11.438,11.168,11.318,652952.0
2022-12-07,11.418,12.118,11.388,11.718,1478273.0
2022-12-08,11.718,11.988,11.668,11.948,1039575.0
2022-12-09,11.878,12.128,11.738,11.908,579776.0
2022-12-12,11.908,12.348,11.878,12.228,827775.0
2022-12-13,12.228,13.048,12.118,12.728,1026694.0
2022-12-14,12.708,13.068,12.618,12.788,658791.0
2022-12-15,12.798,12.908,12.488,12.568,561403.0
2022-12-16,12.508,12.688,12.418,12.648,449572.0
2022-12-19,12.648,12.718,12.338,12.398,523927.0
2022-12-20,12.348,12.548,12.008,12.148,624720.0
2022-12-21,12.188,12.408,12.118,12.338,411880.0
2022-12-22,12.368,12.608,12.268,12.378,514824.0
2022-12-23,12.238,12.588,12.058,12.228,402965.0
2022-12-26,12.288,12.638,12.088,12.348,694478.0
2022-12-27,12.688,12.788,11.808,12.078,1073175.0
2022-12-28,11.918,12.128,11.588,11.648,1125578.0
2022-12-29,11.608,11.728,11.418,11.508,708685.0
2022-12-30,11.588,11.718,11.498,11.588,528790.0
2023-01-03,11.588,11.588,11.248,11.438,599771.0
2023-01-04,11.508,11.758,11.318,11.648,618188.0
2023-01-05,11.668,12.188,11.628,12.058,843613.0
2023-01-06,11.988,11.988,11.568,11.608,742623.0
2023-01-09,11.668,11.818,11.518,11.768,511190.0
2023-01-10,11.688,11.788,11.538,11.618,432886.0
2023-01-11,11.568,11.588,11.388,11.468,638425.0
2023-01-12,11.408,11.628,11.368,11.558,447665.0
2023-01-13,11.538,11.768,11.538,11.758,499917.0
2023-01-16,11.758,11.968,11.588,11.618,726949.0
2023-01-17,11.648,11.648,11.448,11.568,378344.0
2023-01-18,11.538,11.748,11.538,11.628,369398.0
2023-01-19,11.628,11.738,11.518,11.678,375060.0
2023-01-20,11.668,11.888,11.668,11.748,571872.0
2023-01-30,11.798,11.858,11.208,11.378,972901.0
2023-01-31,11.338,11.518,11.288,11.318,442543.0
2023-02-01,11.298,11.318,11.088,11.248,654018.0
2023-02-02,11.218,11.318,11.148,11.268,611235.0
2023-02-03,11.248,11.248,10.988,11.018,728283.0
2023-02-06,10.988,11.208,10.938,11.118,436456.0
2023-02-07,11.148,11.168,11.058,11.138,232529.0
2023-02-08,11.268,11.298,11.108,11.218,495032.0
2023-02-09,11.168,11.248,11.088,11.248,412827.0
2023-02-10,11.238,11.298,11.188,11.278,458521.0
2023-02-13,11.288,11.908,11.238,11.858,1352641.0
2023-02-14,11.908,11.938,11.658,11.878,567763.0
2023-02-15,11.828,11.868,11.558,11.628,619030.0
2023-02-16,11.698,12.128,11.698,11.788,963413.0
2023-02-17,11.798,12.048,11.798,11.868,619878.0
2023-02-20,11.958,12.148,11.928,12.058,630494.0
2023-02-21,12.078,12.148,11.888,11.968,455511.0
2023-02-22,11.918,12.088,11.848,12.028,398575.0
2023-02-23,12.038,12.058,11.848,11.898,291211.0
2023-02-24,11.918,11.938,11.748,11.818,299912.0
2023-02-27,11.738,12.028,11.688,11.968,439925.0
2023-02-28,11.918,12.098,11.848,12.098,440624.0
2023-03-01,12.098,12.118,11.858,12.108,430635.0
2023-03-02,12.138,12.388,12.048,12.348,521079.0
2023-03-03,12.288,12.368,12.188,12.268,379491.0
2023-03-06,12.268,12.538,12.228,12.268,430241.0
2023-03-07,12.298,12.408,12.138,12.168,397500.0
2023-03-08,12.098,12.198,12.028,12.148,312066.0
2023-03-09,12.158,12.308,11.908,12.028,395869.0
2023-03-10,11.988,12.018,11.848,11.858,269002.0
2023-03-13,11.788,12.228,11.768,12.188,498504.0
2023-03-14,12.258,12.358,11.958,11.998,401997.0
2023-03-15,11.958,12.008,11.838,11.868,276683.0
2023-03-16,11.838,11.888,11.548,11.588,436572.0
2023-03-17,11.628,12.088,11.608,11.898,648481.0
2023-03-20,11.888,11.928,11.548,11.568,424514.0
2023-03-21,11.618,11.768,11.488,11.638,349141.0
2023-03-22,11.658,11.728,11.508,11.548,297947.0
2023-03-23,11.508,11.518,11.268,11.438,456978.0
2023-03-24,11.438,11.468,11.188,11.268,606292.0
2023-03-27,11.288,11.418,11.148,11.358,468414.0
2023-03-28,11.368,11.418,11.218,11.288,276056.0
2023-03-29,11.288,11.578,11.248,11.398,500698.0
2023-03-30,11.428,11.788,11.398,11.758,734063.0
2023-03-31,11.668,11.808,11.618,11.688,336373.0
2023-04-03,11.688,11.938,11.688,11.898,686864.0
2023-04-04,11.898,12.158,11.778,12.038,778437.0
2023-04-06,11.988,12.188,11.908,12.068,389419.0
2023-04-07,12.138,12.288,12.028,12.238,449125.0
2023-04-10,12.238,12.288,12.038,12.268,476531.0
2023-04-11,12.208,12.238,11.878,11.948,374139.0
2023-04-12,11.948,12.008,11.688,11.768,398499.0
2023-04-13,11.768,11.828,11.668,11.788,394782.0
2023-04-14,11.778,11.868,11.618,11.668,424178.0
2023-04-17,11.668,12.318,11.628,12.288,1073062.0
2023-04-18,12.258,12.278,12.008,12.188,529484.0
2023-04-19,12.198,12.298,11.918,11.998,460036.0
2023-04-20,11.988,12.008,11.748,11.848,399874.0
2023-04-21,11.828,11.948,11.588,11.638,506797.0
2023-04-24,11.648,11.738,11.238,11.358,830004.0
2023-04-25,11.428,11.558,11.028,11.148,694983.0
2023-04-26,11.138,11.388,11.088,11.348,593574.0
2023-04-27,11.278,11.588,11.178,11.528,551747.0
2023-04-28,11.528,11.668,11.388,11.638,464513.0
2023-05-04,11.538,11.588,11.058,11.098,884608.0
2023-05-05,11.138,11.218,10.988,11.058,439843.0
2023-05-08,11.058,11.098,10.648,10.848,935569.0
2023-05-09,10.878,11.128,10.858,10.878,523322.0
2023-05-10,10.818,10.838,10.558,10.618,562161.0
2023-05-11,10.638,10.728,10.628,10.658,288732.0
2023-05-12,10.668,10.698,10.488,10.538,327705.0
2023-05-15,10.508,10.678,10.368,10.678,354913.0
2023-05-16,10.688,10.768,10.628,10.678,247372.0
2023-05-17,10.688,10.698,10.348,10.418,557793.0
2023-05-18,10.438,10.588,10.408,10.468,360573.0
2023-05-19,10.478,10.678,10.378,10.568,382864.0
2023-05-22,10.578,10.738,10.498,10.618,411585.0
2023-05-23,10.588,10.628,10.228,10.258,702031.0
2023-05-24,10.218,10.228,9.888,9.898,790046.0
2023-05-25,9.878,9.908,9.798,9.868,386039.0
2023-05-26,9.868,9.868,9.688,9.808,459142.0
2023-05-29,9.808,9.878,9.748,9.798,361583.0
2023-05-30,9.808,9.808,9.528,9.698,559529.0
2023-05-31,9.688,9.798,9.598,9.708,513995.0
2023-06-01,9.708,9.708,9.108,9.118,1710478.0
2023-06-02,9.118,9.178,8.928,9.138,814120.0
2023-06-05,9.128,9.278,9.018,9.248,550552.0
2023-06-06,9.248,9.288,9.098,9.108,413232.0
2023-06-07,9.098,9.178,8.988,9.078,511776.0
2023-06-08,9.038,9.178,8.998,9.138,380229.0
2023-06-09,9.158,9.338,9.118,9.208,534429.0
2023-06-12,9.188,9.468,9.148,9.358,549923.0
2023-06-13,9.328,9.498,9.298,9.358,407265.0
2023-06-14,9.358,9.418,9.218,9.248,438787.0
2023-06-15,9.248,9.338,9.168,9.338,414455.0
2023-06-16,9.428,9.518,9.358,9.488,602882.0
2023-06-19,9.508,9.808,9.478,9.548,989435.0
2023-06-20,9.558,9.578,9.378,9.408,445430.0
2023-06-21,9.388,9.568,9.338,9.418,445585.0
2023-06-26,9.378,9.388,9.128,9.158,481030.0
2023-06-27,9.218,9.318,9.178,9.288,367360.0
2023-06-28,9.318,9.478,9.258,9.428,408041.0
2023-06-29,9.378,9.408,9.138,9.148,645452.0
2023-06-30,9.158,9.258,9.148,9.228,422866.0
2023-07-03,9.238,9.858,9.238,9.798,1788494.0
2023-07-04,9.798,9.838,9.678,9.808,588361.0
2023-07-05,9.808,9.808,9.598,9.678,503929.0
2023-07-06,9.638,9.868,9.578,9.658,565827.0
2023-07-07,9.638,9.808,9.588,9.758,574998.0
2023-07-10,9.838,9.868,9.668,9.708,382528.0
2023-07-11,9.718,9.768,9.618,9.738,321946.0
2023-07-12,9.748,9.758,9.438,9.468,800185.0
2023-07-13,9.488,9.698,9.478,9.538,562734.0
2023-07-14,9.548,9.578,9.398,9.438,557107.0
2023-07-17,9.338,9.528,9.258,9.448,1295297.0
2023-07-18,9.478,9.838,9.428,9.798,1758963.0
2023-07-19,9.808,9.828,9.588,9.688,817581.0
2023-07-20,9.698,9.838,9.648,9.648,599880.0
2023-07-21,9.678,9.858,9.648,9.718,726938.0
2023-07-24,9.698,9.928,9.668,9.818,705425.0
2023-07-25,9.938,10.208,9.938,10.158,1492168.0
2023-07-26,10.148,10.198,10.008,10.038,600017.0
2023-07-27,10.008,10.128,9.988,10.038,416921.0
2023-07-28,9.988,10.158,9.958,10.128,456741.0
2023-07-31,10.338,10.438,10.248,10.338,770424.0
2023-08-01,10.388,10.528,10.278,10.308,779529.0
2023-08-02,10.308,10.378,10.228,10.258,448752.0
2023-08-03,10.248,10.318,10.118,10.278,435071.0
2023-08-04,10.328,10.388,10.148,10.168,496295.0
2023-08-07,10.138,10.148,10.038,10.078,373136.0
2023-08-08,10.058,10.188,10.008,10.128,449325.0
2023-08-09,10.108,10.118,10.008,10.048,263036.0
2023-08-10,10.078,10.498,10.028,10.488,1163797.0
2023-08-11,10.438,10.588,10.338,10.348,627132.0
2023-08-14,10.378,10.468,10.118,10.328,907420.0
2023-08-15,10.268,10.308,10.018,10.148,517156.0
2023-08-16,10.168,10.188,9.988,9.988,438044.0
2023-08-17,9.938,9.988,9.768,9.958,623186.0
2023-08-18,9.948,9.998,9.808,9.818,507793.0
2023-08-21,9.818,9.848,9.568,9.628,547968.0
2023-08-22,9.688,9.708,9.428,9.638,580015.0
2023-08-23,9.638,9.638,9.398,9.418,365855.0
2023-08-24,9.388,9.658,9.378,9.558,369547.0
2023-08-25,9.538,9.578,9.388,9.438,335421.0
2023-08-28,9.748,9.838,9.408,9.438,740259.0
2023-08-29,9.428,9.758,9.388,9.738,620110.0
2023-08-30,9.768,9.788,9.608,9.658,311912.0
2023-08-31,9.708,9.708,9.528,9.638,488785.0
2023-09-01,9.648,9.788,9.568,9.648,439766.0
2023-09-04,9.668,9.668,9.468,9.618,562572.0
2023-09-05,9.578,9.588,9.498,9.568,240747.0
2023-09-06,9.528,9.548,9.138,9.218,1102249.0
2023-09-07,9.178,9.328,9.148,9.228,477894.0
2023-09-08,9.238,9.238,9.138,9.208,273253.0
2023-09-11,9.168,9.288,9.148,9.268,405976.0
2023-09-12,9.248,9.438,9.248,9.388,487202.0
2023-09-13,9.368,9.468,9.328,9.368,280383.0
2023-09-14,9.378,9.588,9.338,9.458,481805.0
2023-09-15,9.448,9.528,9.318,9.368,421397.0
2023-09-18,9.348,9.528,9.288,9.358,490738.0
2023-09-19,9.328,9.398,9.258,9.308,473141.0
2023-09-20,9.308,9.318,9.208,9.228,399503.0
2023-09-21,9.228,9.308,9.178,9.198,344760.0
2023-09-22,9.188,9.198,9.068,9.188,536603.0
2023-09-25,9.188,9.198,9.088,9.138,373404.0
2023-09-26,9.148,9.188,8.978,9.018,560248.0
2023-09-27,8.998,9.128,8.968,8.998,498143.0
2023-09-28,9.008,9.078,8.768,9.068,639712.0
2023-10-09,9.038,9.038,8.798,8.858,532652.0
2023-10-10,8.858,8.948,8.798,8.828,324172.0
2023-10-11,8.838,8.868,8.668,8.728,480242.0
2023-10-12,8.758,8.878,8.748,8.858,424734.0
2023-10-13,8.808,8.808,8.648,8.698,437308.0
2023-10-16,8.678,8.708,8.538,8.608,365429.0
2023-10-17,8.648,8.668,8.538,8.598,285086.0
2023-10-18,8.598,8.598,8.408,8.418,447470.0
2023-10-19,8.378,8.378,8.268,8.278,455322.0
2023-10-20,8.258,8.298,8.198,8.238,311849.0
2023-10-23,8.238,8.248,7.968,8.038,637501.0
2023-10-24,8.098,8.178,7.988,8.168,735911.0
2023-10-25,8.218,8.428,8.208,8.398,548740.0
2023-10-26,8.358,8.518,8.348,8.508,339220.0
2023-10-27,8.768,8.778,8.598,8.718,626607.0
2023-10-30,8.768,8.968,8.738,8.908,688949.0
2023-10-31,8.898,9.058,8.798,9.008,563665.0
2023-11-01,9.018,9.038,8.818,8.868,444606.0
2023-11-02,8.858,8.918,8.758,8.808,357467.0
2023-11-03,8.788,8.898,8.788,8.828,307035.0
2023-11-06,8.868,8.908,8.818,8.858,416287.0
2023-11-07,8.868,8.878,8.758,8.778,349284.0
2023-11-08,8.778,8.918,8.728,8.768,363424.0
2023-11-09,8.768,8.878,8.758,8.838,318877.0
2023-11-10,8.828,8.848,8.688,8.798,265616.0
2023-11-13,8.798,8.868,8.708,8.768,268274.0
2023-11-14,8.768,8.798,8.718,8.778,265634.0
2023-11-15,8.908,8.948,8.798,8.838,377154.0
2023-11-16,8.878,8.948,8.848,8.908,457198.0
2023-11-17,8.908,9.168,8.878,9.118,936607.0
2023-11-20,9.128,9.308,9.098,9.238,662309.0
2023-11-21,9.278,9.298,9.178,9.198,423383.0
2023-11-22,9.168,9.238,9.128,9.138,397203.0
2023-11-23,9.128,9.228,9.118,9.188,318604.0
2023-11-24,9.178,9.208,9.118,9.158,258302.0
2023-11-27,9.228,9.258,9.098,9.218,507446.0
2023-11-28,9.198,9.198,9.028,9.088,346802.0
2023-11-29,9.098,9.118,8.958,9.008,258242.0
2023-11-30,8.988,9.078,8.928,9.058,229419.0
2023-12-01,9.058,9.098,8.868,8.908,405160.0
2023-12-04,8.908,9.078,8.848,9.028,405995.0
2023-12-05,9.008,9.008,8.858,8.868,313325.0
2023-12-06,8.868,8.928,8.738,8.898,292921.0
2023-12-07,8.878,8.938,8.738,8.818,343738.0
2023-12-08,8.808,9.038,8.808,8.908,529836.0
2023-12-11,8.848,8.868,8.688,8.848,435075.0
2023-12-12,8.788,8.918,8.748,8.888,264514.0
2023-12-13,8.858,8.918,8.648,8.658,359206.0
2023-12-14,8.708,8.778,8.608,8.608,268681.0
2023-12-15,8.658,8.738,8.588,8.598,290231.0
2023-12-18,8.588,8.588,8.428,8.458,387138.0
2023-12-19,8.438,8.448,8.308,8.378,404028.0
2023-12-20,8.388,8.418,8.238,8.258,331976.0
2023-12-21,8.208,8.268,8.138,8.208,550017.0
2023-12-22,8.208,8.208,8.048,8.158,447207.0
2023-12-25,8.138,8.358,8.128,8.358,501834.0
2023-12-26,8.358,8.368,8.238,8.268,281380.0
2023-12-27,8.258,8.288,8.138,8.198,344528.0
2023-12-28,8.178,8.388,8.138,8.378,446964.0
2023-12-29,8.368,8.478,8.218,8.328,501730.0
2024-01-02,8.298,8.448,8.258,8.358,417807.0
2024-01-03,8.328,8.428,8.268,8.318,334453.0
2024-01-04,8.298,8.298,8.038,8.088,720593.0
2024-01-05,8.068,8.118,7.978,8.008,564917.0
2024-01-08,7.998,7.998,7.798,7.878,551310.0
2024-01-09,7.888,8.088,7.848,8.068,561674.0
2024-01-10,8.018,8.118,7.958,8.018,358338.0
2024-01-11,7.988,8.098,7.988,8.088,337402.0
2024-01-12,8.058,8.308,8.048,8.178,743027.0
2024-01-15,8.148,8.358,8.118,8.338,515885.0
2024-01-16,8.318,8.538,8.308,8.448,595134.0
2024-01-17,8.448,8.448,8.258,8.268,420499.0
2024-01-18,8.238,8.338,8.058,8.298,603163.0
2024-01-19,8.268,8.308,8.138,8.268,426270.0
2024-01-22,8.218,8.218,7.908,7.968,674470.0
2024-01-23,7.938,8.078,7.868,8.028,381224.0
2024-01-24,8.028,8.188,7.988,8.188,517625.0
2024-01-25,8.198,8.428,8.168,8.408,787659.0
2024-01-26,8.438,8.658,8.348,8.578,1128306.0
2024-01-29,8.548,8.758,8.478,8.528,1084347.0
2024-01-30,8.478,8.548,8.318,8.338,600449.0
2024-01-31,8.268,8.308,8.088,8.098,623329.0
2024-02-01,8.088,8.168,7.998,8.068,553577.0
2024-02-02,8.068,8.198,7.898,8.078,671585.0
2024-02-05,8.038,8.048,7.798,7.938,742360.0
2024-02-06,7.898,8.168,7.798,8.158,789210.0
2024-02-07,8.148,8.248,8.078,8.218,713466.0
2024-02-08,8.208,8.408,8.208,8.358,783196.0
2024-02-19,8.438,8.488,8.288,8.378,768911.0
2024-02-20,8.348,8.468,8.278,8.458,631398.0
2024-02-21,8.428,8.718,8.388,8.558,763588.0
2024-02-22,8.518,8.668,8.498,8.638,526425.0
2024-02-23,8.638,8.678,8.508,8.538,555435.0
2024-02-26,8.508,8.568,8.418,8.448,470914.0
2024-02-27,8.438,8.598,8.418,8.578,566142.0
2024-02-28,8.558,8.598,8.428,8.428,578229.0
2024-02-29,8.388,8.468,8.368,8.468,685869.0
2024-03-01,8.428,8.458,8.208,8.288,1009831.0
2024-03-04,8.258,8.298,8.188,8.228,586002.0
2024-03-05,8.198,8.268,8.168,8.218,624590.0
2024-03-06,8.218,8.258,8.158,8.178,432014.0
2024-03-07,8.178,8.208,8.098,8.148,436321.0
2024-03-08,8.128,8.168,8.058,8.128,373172.0
2024-03-11,8.108,8.278,8.098,8.278,598018.0
2024-03-12,8.298,8.528,8.258,8.498,852278.0
2024-03-13,8.478,8.508,8.358,8.428,473006.0
2024-03-14,8.408,8.628,8.388,8.458,812977.0
2024-03-15,8.468,8.588,8.468,8.558,604240.0
2024-03-18,8.588,8.688,8.458,8.568,635090.0
2024-03-19,8.528,8.538,8.408,8.428,380222.0
2024-03-20,8.428,8.538,8.408,8.538,418501.0
2024-03-21,8.558,8.618,8.458,8.488,345745.0
2024-03-22,8.458,8.508,8.318,8.348,439454.0
2024-03-25,8.308,8.348,8.238,8.238,416560.0
2024-03-26,8.238,8.278,8.118,8.198,523738.0
2024-03-27,8.168,8.278,8.118,8.188,549341.0
2024-03-28,8.178,8.288,8.168,8.288,508766.0
2024-03-29,8.288,8.288,8.168,8.288,546366.0
2024-04-01,8.308,8.508,8.288,8.498,684350.0
2024-04-02,8.478,8.568,8.428,8.488,503253.0
2024-04-03,8.478,8.488,8.308,8.368,716280.0
2024-04-08,8.338,8.398,8.288,8.308,381890.0
2024-04-09,8.298,8.398,8.288,8.378,384956.0
2024-04-10,8.368,8.478,8.318,8.458,526075.0
2024-04-11,8.398,8.408,8.228,8.288,602036.0
2024-04-12,8.268,8.288,8.048,8.078,969133.0
2024-04-15,8.098,8.258,8.018,8.188,657565.0
2024-04-16,8.188,8.188,8.038,8.068,573224.0
2024-04-17,8.068,8.178,8.048,8.168,510192.0
2024-04-18,8.188,8.318,8.168,8.298,751325.0
2024-04-19,8.248,8.258,8.008,8.078,1065541.0
2024-04-22,8.078,8.228,8.068,8.208,684086.0
2024-04-23,8.178,8.278,8.148,8.248,646960.0
2024-04-24,8.218,8.298,8.198,8.258,367179.0
2024-04-25,8.238,8.468,8.208,8.408,938299.0
2024-04-26,8.398,8.598,8.348,8.598,1174963.0
2024-04-29,8.338,8.408,8.168,8.398,1793542.0
2024-04-30,8.358,8.388,8.298,8.368,711664.0
2024-05-06,8.418,8.488,8.348,8.378,715538.0
2024-05-07,8.358,8.378,8.248,8.278,653873.0
2024-05-08,8.248,8.298,8.208,8.248,321229.0
2024-05-09,8.258,8.368,8.248,8.318,784910.0
2024-05-10,8.318,8.338,8.228,8.318,491292.0
2024-05-13,8.288,8.308,8.238,8.278,425440.0
2024-05-14,8.288,8.298,8.178,8.258,554246.0
2024-05-15,8.238,8.258,8.188,8.228,498351.0
2024-05-16,8.238,8.258,8.168,8.178,454232.0
2024-05-17,8.188,8.348,8.168,8.348,900896.0
2024-05-20,8.348,8.538,8.318,8.528,1372181.0
2024-05-21,8.528,8.548,8.468,8.538,746432.0
2024-05-22,8.538,8.828,8.528,8.778,1235577.0
2024-05-23,8.788,8.838,8.608,8.638,711265.0
2024-05-24,8.598,8.798,8.558,8.588,610378.0
2024-05-27,8.598,8.708,8.568,8.688,500757.0
2024-05-28,8.668,8.738,8.538,8.548,468944.0
2024-05-29,8.538,8.608,8.498,8.548,303763.0
2024-05-30,8.508,8.538,8.438,8.478,424849.0
2024-05-31,8.508,8.548,8.458,8.458,337978.0
2024-06-03,8.448,8.468,8.368,8.428,439758.0
2024-06-04,8.418,8.578,8.408,8.568,440470.0
2024-06-05,8.568,8.618,8.458,8.488,399498.0
2024-06-06,8.478,8.508,8.398,8.428,533310.0
2024-06-07,8.428,8.508,8.408,8.438,271847.0
2024-06-11,8.408,8.478,8.358,8.438,335817.0
2024-06-12,8.428,8.558,8.428,8.498,295471.0
2024-06-13,8.478,8.518,8.218,8.478,970905.0
2024-06-14,8.408,8.408,8.318,8.378,394128.0
2024-06-17,8.328,8.418,8.298,8.408,333143.0
2024-06-18,8.398,8.508,8.298,8.378,566802.0
2024-06-19,8.348,8.348,8.298,8.328,267767.0
2024-06-20,8.318,8.328,8.248,8.278,305462.0
2024-06-21,8.268,8.338,8.238,8.288,301349.0
2024-06-24,8.258,8.308,8.198,8.228,349000.0
2024-06-25,8.238,8.258,8.138,8.188,331378.0
2024-06-26,8.178,8.318,8.138,8.308,311868.0
2024-06-27,8.278,8.368,8.238,8.318,343184.0
2024-06-28,8.308,8.388,8.288,8.368,300106.0
2024-07-01,8.368,8.398,8.288,8.328,371456.0
2024-07-02,8.308,8.378,8.268,8.288,333246.0
2024-07-03,8.278,8.348,8.258,8.318,184233.0
2024-07-04,8.328,8.338,8.108,8.138,477222.0
2024-07-05,8.138,8.158,8.068,8.128,348849.0
2024-07-08,8.128,8.178,8.068,8.128,324430.0
2024-07-09,8.108,8.158,8.028,8.128,374973.0
2024-07-10,8.088,8.128,8.038,8.058,385645.0
2024-07-11,8.088,8.278,8.088,8.238,617620.0
2024-07-12,8.188,8.188,8.078,8.148,517273.0
2024-07-15,8.098,8.138,8.068,8.098,330260.0
2024-07-16,8.098,8.218,8.068,8.208,437967.0
2024-07-17,8.198,8.298,8.178,8.268,412820.0
2024-07-18,8.248,8.288,8.228,8.278,245869.0
2024-07-19,8.248,8.378,8.228,8.368,356310.0
2024-07-22,8.368,8.448,8.338,8.388,385228.0
2024-07-23,8.378,8.398,8.228,8.238,259140.0
2024-07-24,8.218,8.258,8.148,8.178,210361.0
2024-07-25,8.158,8.208,8.148,8.188,206930.0
2024-07-26,8.198,8.268,8.158,8.208,245288.0
2024-07-29,8.208,8.218,8.138,8.158,316072.0
2024-07-30,8.158,8.198,8.108,8.178,213489.0
2024-07-31,8.178,8.308,8.168,8.278,351653.0
2024-08-01,8.278,8.288,8.218,8.268,262993.0
2024-08-02,8.238,8.338,8.228,8.278,272000.0
2024-08-05,8.378,8.478,8.338,8.368,908619.0
2024-08-06,8.388,8.508,8.338,8.398,618668.0
2024-08-07,8.378,8.428,8.318,8.398,282759.0
2024-08-08,8.378,8.488,8.368,8.468,369193.0
2024-08-09,8.468,8.488,8.348,8.358,273523.0
2024-08-12,8.348,8.368,8.158,8.188,506897.0
2024-08-13,8.188,8.208,8.118,8.188,262616.0
2024-08-14,8.168,8.198,8.138,8.188,207185.0
2024-08-15,8.168,8.218,8.128,8.168,321826.0
2024-08-16,8.168,8.198,8.128,8.168,360422.0
2024-08-19,8.168,8.228,8.158,8.198,269697.0
2024-08-20,8.208,8.258,8.158,8.178,360184.0
2024-08-21,8.168,8.218,8.068,8.078,399188.0
2024-08-22,8.078,8.108,7.918,7.988,791637.0
2024-08-23,7.968,8.008,7.948,7.958,222461.0
2024-08-26,7.958,8.008,7.908,7.958,266908.0
2024-08-27,7.938,7.958,7.828,7.908,367958.0
2024-08-28,7.888,7.928,7.808,7.828,257088.0
2024-08-29,7.828,7.908,7.798,7.898,275222.0
2024-08-30,7.898,7.988,7.868,7.968,517155.0
2024-09-02,7.928,7.928,7.798,7.808,346018.0
2024-09-03,7.788,7.818,7.698,7.758,389247.0
2024-09-04,7.728,7.878,7.728,7.798,289951.0
2024-09-05,7.808,7.818,7.708,7.778,251760.0
2024-09-06,7.778,7.798,7.728,7.738,146566.0
2024-09-09,7.708,7.738,7.638,7.698,265051.0
2024-09-10,7.698,7.718,7.358,7.548,542576.0
2024-09-11,7.498,7.578,7.468,7.558,182810.0
2024-09-12,7.558,7.578,7.428,7.538,300971.0
2024-09-13,7.518,7.518,7.418,7.418,219140.0
2024-09-18,7.418,7.428,7.238,7.308,455234.0
2024-09-19,7.328,7.348,7.178,7.278,484786.0
2024-09-20,7.268,7.308,7.188,7.288,472269.0
2024-09-23,7.258,7.278,7.158,7.188,467694.0
2024-09-24,7.198,7.388,7.198,7.388,791199.0
2024-09-25,7.428,7.658,7.428,7.528,839187.0
2024-09-26,7.518,7.938,7.498,7.938,899446.0
2024-09-27,8.048,8.398,8.048,8.388,1096769.0
2024-09-30,8.468,8.908,8.368,8.868,2636961.0
2024-10-08,9.588,9.588,8.358,8.708,2983237.0
2024-10-09,8.528,8.528,8.118,8.168,1520107.0
2024-10-10,8.168,8.428,8.108,8.298,1071595.0
2024-10-11,8.238,8.278,8.058,8.078,1104831.0
2024-10-14,8.088,8.118,7.908,7.998,893008.0
2024-10-15,7.988,8.038,7.888,7.888,625393.0
2024-10-16,7.838,7.988,7.808,7.908,680011.0
2024-10-17,7.918,7.978,7.838,7.888,689892.0
2024-10-18,7.848,8.018,7.778,7.968,973236.0
2024-10-21,7.968,8.058,7.908,7.938,1032627.0
2024-10-22,7.928,7.968,7.888,7.968,596501.0
2024-10-23,7.958,8.158,7.928,8.078,1309880.0
2024-10-24,8.038,8.118,7.998,8.028,526805.0
2024-10-25,8.038,8.078,8.008,8.058,486016.0
2024-10-28,8.058,8.258,8.038,8.208,1031520.0
2024-10-29,8.238,8.278,8.078,8.098,769649.0
2024-10-30,8.058,8.218,8.048,8.138,809220.0
2024-10-31,8.178,8.458,8.158,8.318,1969240.0
2024-11-01,8.358,8.398,8.208,8.358,916649.0
2024-11-04,8.368,8.608,8.338,8.598,1189515.0
2024-11-05,8.528,8.638,8.508,8.608,978249.0
2024-11-06,8.608,8.678,8.518,8.568,802060.0
2024-11-07,8.528,8.758,8.488,8.738,1327520.0
2024-11-08,8.768,8.818,8.608,8.708,817131.0
2024-11-11,8.688,8.688,8.468,8.548,799451.0
2024-11-12,8.558,8.658,8.438,8.488,795054.0
2024-11-13,8.498,8.548,8.378,8.418,1103598.0
2024-11-14,8.398,8.488,8.338,8.388,862683.0
2024-11-15,8.368,8.748,8.368,8.658,1804141.0
2024-11-18,8.618,8.888,8.608,8.708,1322853.0
2024-11-19,8.688,8.858,8.608,8.768,881570.0
2024-11-20,8.748,8.888,8.708,8.848,753917.0
2024-11-21,8.798,8.878,8.748,8.858,507730.0
2024-11-22,8.848,9.178,8.778,8.998,1793840.0
2024-11-25,8.928,9.158,8.798,8.828,928117.0
2024-11-26,8.868,9.238,8.868,8.928,1468697.0
2024-11-27,8.958,9.308,8.928,9.258,1808255.0
2024-11-28,9.278,9.478,9.188,9.348,1264153.0
2024-11-29,9.328,9.428,9.118,9.268,857524.0
2024-12-02,9.238,9.398,9.038,9.088,968082.0
2024-12-03,9.098,9.128,8.978,8.988,708649.0
2024-12-04,8.988,9.008,8.788,8.878,992465.0
2024-12-05,8.838,9.038,8.828,9.028,709197.0
2024-12-06,9.038,9.478,9.038,9.458,1683295.0
2024-12-09,9.458,9.768,9.348,9.678,1343793.0
2024-12-10,9.888,10.108,9.818,9.878,1734933.0
2024-12-11,9.908,9.928,9.708,9.848,1001584.0
2024-12-12,9.898,9.998,9.778,9.778,952052.0
2024-12-13,9.788,9.808,9.568,9.598,883134.0
2024-12-16,9.678,9.728,9.038,9.088,1694951.0
2024-12-17,9.088,9.198,8.918,9.068,972508.0
2024-12-18,9.118,9.178,9.008,9.088,549917.0
2024-12-19,8.988,9.138,8.888,9.098,658327.0
2024-12-20,9.088,9.138,8.948,8.958,634662.0
2024-12-23,8.968,9.288,8.958,9.118,788582.0
2024-12-24,9.118,9.308,9.078,9.288,681215.0
2024-12-25,9.198,9.268,8.888,9.088,723802.0
2024-12-26,9.028,9.098,8.978,8.998,372188.0
2024-12-27,9.008,9.218,8.978,9.098,590975.0
2024-12-30,9.048,9.188,8.898,9.038,747393.0
2024-12-31,9.058,9.088,8.898,8.898,588174.0
2025-01-02,8.888,8.938,8.668,8.708,750225.0
2025-01-03,8.758,8.808,8.648,8.678,574925.0
2025-01-06,8.678,8.758,8.488,8.568,586545.0
2025-01-07,8.578,8.678,8.528,8.608,390627.0
2025-01-08,8.568,8.588,8.408,8.518,585217.0
2025-01-09,8.518,8.668,8.478,8.568,597086.0
2025-01-10,8.578,8.748,8.418,8.418,456454.0
2025-01-13,8.388,8.418,8.128,8.268,788409.0
2025-01-14,8.268,8.778,8.268,8.778,860016.0
2025-01-15,8.798,8.818,8.588,8.598,549484.0
2025-01-16,8.638,8.808,8.578,8.678,553349.0
2025-01-17,8.688,8.898,8.638,8.698,603658.0
2025-01-20,8.708,8.838,8.568,8.588,744475.0
2025-01-21,8.758,8.888,8.648,8.788,894143.0
2025-01-22,8.698,8.768,8.548,8.598,572318.0
2025-01-23,8.648,8.678,8.438,8.508,623613.0
2025-01-24,8.498,8.608,8.448,8.548,413392.0
2025-01-27,8.548,8.608,8.438,8.468,385832.0
2025-02-05,8.488,8.498,8.088,8.098,1263894.0
2025-02-06,8.148,8.178,8.058,8.108,732237.0
2025-02-07,8.098,8.178,8.028,8.128,994755.0
2025-02-10,8.138,8.238,8.098,8.208,782499.0
2025-02-11,8.198,8.228,8.028,8.058,946174.0
2025-02-12,8.068,8.108,7.918,7.988,1378707.0
2025-02-13,7.998,8.128,7.998,8.078,1006196.0
2025-02-14,8.078,8.118,8.028,8.088,476004.0
2025-02-17,8.098,8.108,7.988,8.018,817191.0
2025-02-18,8.028,8.038,7.898,7.918,738325.0
2025-02-19,7.918,7.918,7.798,7.838,1149288.0
2025-02-20,7.848,7.958,7.828,7.848,934160.0
2025-02-21,7.868,7.888,7.808,7.848,841482.0
2025-02-24,7.848,8.098,7.818,8.078,1767297.0
2025-02-25,8.038,8.208,7.998,8.098,1348621.0
2025-02-26,8.118,8.268,7.968,8.038,1443553.0
2025-02-27,7.998,8.238,7.998,8.218,1601927.0
2025-02-28,8.168,8.328,8.148,8.228,1285431.0
2025-03-03,8.228,8.318,8.178,8.228,916718.0
2025-03-04,8.238,8.298,8.168,8.278,677157.0
2025-03-05,8.298,8.508,8.278,8.498,1339527.0
2025-03-06,8.568,8.608,8.418,8.488,1101182.0
2025-03-07,8.468,8.488,8.398,8.438,592969.0
2025-03-10,8.408,8.448,8.258,8.308,623657.0
2025-03-11,8.278,8.388,8.248,8.388,465707.0
2025-03-12,8.388,8.458,8.268,8.278,653784.0
2025-03-13,8.258,8.288,8.158,8.198,619938.0
2025-03-14,8.188,8.378,8.168,8.338,702047.0
2025-03-17,8.398,8.528,8.348,8.418,756009.0
2025-03-18,8.408,8.438,8.338,8.358,454473.0
2025-03-19,8.348,8.468,8.308,8.428,695721.0
2025-03-20,8.398,8.498,8.318,8.328,582645.0
2025-03-21,8.318,8.438,8.238,8.238,672852.0
2025-03-24,8.238,8.348,8.218,8.328,559941.0
2025-03-25,8.338,8.638,8.308,8.608,1423084.0
2025-03-26,8.588,8.668,8.528,8.598,616598.0
2025-03-27,8.568,8.628,8.498,8.578,514496.0
2025-03-28,8.568,8.588,8.288,8.288,819637.0
2025-03-31,8.268,8.288,8.088,8.108,768348.0
2025-04-01,8.128,8.198,8.038,8.138,627694.0
2025-04-02,8.128,8.188,8.088,8.118,359331.0
2025-04-03,8.058,8.218,8.048,8.188,582037.0
2025-04-07,7.998,8.058,7.698,7.908,1313842.0
2025-04-08,7.888,7.988,7.798,7.988,1152490.0
2025-04-09,7.908,8.308,7.798,8.288,1238388.0
2025-04-10,8.288,8.328,8.188,8.328,838969.0
2025-04-11,8.318,8.368,8.258,8.318,462336.0
2025-04-14,8.298,8.328,8.178,8.218,691039.0
2025-04-15,8.208,8.218,8.118,8.178,421481.0
2025-04-16,8.178,8.458,8.158,8.458,1434523.0
2025-04-17,8.408,8.558,8.358,8.548,703188.0
2025-04-18,8.518,8.518,8.358,8.388,377641.0
2025-04-21,8.368,8.438,8.338,8.348,324582.0
2025-04-22,8.358,8.408,8.248,8.308,518332.0
2025-04-23,8.328,8.338,8.258,8.258,415051.0
2025-04-24,8.278,8.348,8.218,8.238,417665.0
2025-04-25,8.258,8.258,8.168,8.188,446066.0
2025-04-28,8.208,8.248,8.158,8.158,428052.0
2025-04-29,8.178,8.238,8.118,8.198,521614.0
2025-04-30,8.108,8.148,8.018,8.058,928338.0
2025-05-06,8.158,8.458,8.158,8.438,1682126.0
2025-05-07,8.538,8.538,8.278,8.328,711308.0
2025-05-08,8.328,8.438,8.298,8.368,517082.0
2025-05-09,8.358,8.408,8.238,8.288,383430.0
2025-05-12,8.318,8.528,8.268,8.518,850772.0
2025-05-13,8.518,8.638,8.458,8.578,736563.0
2025-05-14,8.558,8.568,8.438,8.548,416303.0
2025-05-15,8.548,8.618,8.478,8.548,519563.0
2025-05-16,8.558,8.598,8.468,8.598,479852.0
2025-05-19,8.538,8.598,8.488,8.568,337755.0
2025-05-20,8.578,8.648,8.508,8.628,393663.0
2025-05-21,8.608,8.918,8.598,8.898,1036945.0
2025-05-22,8.878,9.118,8.868,8.988,830028.0
2025-05-23,9.018,9.038,8.838,8.838,499576.0
2025-05-26,8.878,9.138,8.858,9.108,893235.0
2025-05-27,9.098,9.188,9.028,9.038,576637.0
2025-05-28,9.058,9.198,9.008,9.108,482441.0
2025-05-29,9.098,9.148,8.818,9.018,578258.0
2025-05-30,9.028,9.088,8.978,9.008,350425.0
2025-06-03,8.958,8.998,8.748,8.948,583612.0
2025-06-04,8.918,8.988,8.778,8.868,543696.0
2025-06-05,8.848,8.998,8.808,8.878,375980.0
2025-06-06,8.848,8.938,8.808,8.918,290713.0
2025-06-09,8.898,8.988,8.818,8.988,376210.0
2025-06-10,8.968,9.128,8.948,9.078,533282.0
2025-06-11,9.078,9.118,8.958,9.028,424051.0
2025-06-12,8.978,8.998,8.818,8.928,536119.0
2025-06-13,8.778,8.908,8.708,8.768,798600.0
2025-06-16,8.738,8.758,8.628,8.728,523923.0
2025-06-17,8.758,8.898,8.718,8.798,352587.0
2025-06-18,8.768,8.828,8.728,8.748,236662.0
2025-06-19,8.748,8.768,8.618,8.638,357429.0
2025-06-20,8.638,8.728,8.638,8.678,276660.0
2025-06-23,8.638,8.688,8.498,8.638,467447.0
2025-06-24,8.788,8.918,8.698,8.788,636208.0
2025-06-25,8.838,8.928,8.798,8.908,325340.0
2025-06-26,8.888,8.968,8.778,8.898,423280.0
2025-06-27,8.888,9.058,8.858,8.938,436843.0
2025-06-30,8.938,9.038,8.838,8.878,371088.0
2025-07-01,8.878,8.918,8.768,8.788,360932.0
2025-07-02,8.798,8.838,8.678,8.688,439433.0
2025-07-03,8.688,8.698,8.568,8.588,687209.0
2025-07-04,8.598,8.618,8.538,8.578,425130.0
2025-07-07,8.588,8.638,8.538,8.548,401613.0
2025-07-08,8.558,8.578,8.498,8.528,692237.0
2025-07-09,8.528,8.568,8.508,8.508,645066.0
2025-07-10,8.508,8.528,8.468,8.488,682196.0
2025-07-11,8.518,8.588,8.478,8.478,1150317.0
2025-07-14,8.478,8.518,8.448,8.468,611749.0
2025-07-15,8.478,8.518,8.308,8.418,1158268.0
2025-07-16,8.388,8.518,8.378,8.468,1047766.0
2025-07-17,8.448,8.468,8.338,8.368,918146.0
2025-07-18,8.368,8.398,8.348,8.388,448309.0
2025-07-21,8.378,8.458,8.358,8.448,776983.0
2025-07-22,8.438,8.478,8.388,8.468,833450.0
2025-07-23,8.568,8.768,8.558,8.608,2078894.0
2025-07-24,8.558,8.658,8.528,8.618,819351.0
2025-07-25,8.628,8.678,8.578,8.618,750513.0
2025-07-28,8.628,8.698,8.538,8.538,801566.0
2025-07-29,8.518,8.548,8.398,8.428,821691.0
2025-07-30,8.418,8.458,8.388,8.418,647109.0
2025-07-31,8.398,8.408,8.238,8.258,1103601.0
2025-08-01,8.238,8.258,8.168,8.198,724755.0
2025-08-04,8.178,8.218,8.158,8.218,528353.0
2025-08-05,8.218,8.278,8.208,8.258,492569.0
2025-08-06,8.258,8.278,8.208,8.248,403920.0
2025-08-07,8.238,8.298,8.228,8.268,548713.0
2025-08-08,8.288,8.288,8.238,8.278,323868.0
2025-08-11,8.278,8.288,8.228,8.288,606860.0
2025-08-12,8.268,8.298,8.258,8.278,425653.0
2025-08-13,8.298,8.358,8.268,8.318,774508.0
2025-08-14,8.308,8.328,8.218,8.248,684674.0
2025-08-15,8.238,8.418,8.208,8.358,1266787.0
2025-08-18,8.368,8.468,8.348,8.438,1050686.0
2025-08-19,8.428,8.518,8.388,8.478,831005.0
2025-08-20,8.478,8.528,8.438,8.518,689721.0
2025-08-21,8.518,8.588,8.468,8.508,703362.0
2025-08-22,8.488,8.508,8.308,8.388,1315546.0
2025-08-25,8.388,8.528,8.378,8.528,1215938.0
2025-08-26,8.518,8.618,8.478,8.578,1007255.0
2025-08-27,8.558,8.678,8.498,8.508,951911.0
2025-08-28,8.498,8.558,8.388,8.538,717990.0
2025-08-29,8.568,8.688,8.538,8.538,977841.0
2025-09-01,8.548,8.558,8.438,8.468,617833.0
2025-09-02,8.468,8.518,8.398,8.438,607982.0
2025-09-03,8.458,8.488,8.338,8.378,530527.0
2025-09-04,8.358,8.388,8.298,8.358,579935.0
2025-09-05,8.368,8.408,8.298,8.398,704252.0
2025-09-08,8.378,8.758,8.368,8.718,1727937.0
2025-09-09,8.688,8.738,8.648,8.708,720870.0
2025-09-10,8.678,8.778,8.608,8.718,697049.0
2025-09-11,8.688,8.728,8.598,8.708,615658.0
2025-09-12,8.728,8.808,8.698,8.798,780160.0
2025-09-15,8.758,8.868,8.738,8.778,591961.0
2025-09-16,8.788,8.968,8.768,8.908,714578.0
2025-09-17,8.908,9.098,8.878,9.078,802539.0
2025-09-18,9.078,9.078,8.728,8.798,859512.0
2025-09-19,8.788,8.838,8.728,8.828,447822.0
2025-09-22,8.838,8.898,8.758,8.868,543317.0
2025-09-23,8.858,8.858,8.648,8.798,516284.0
2025-09-24,8.758,8.778,8.628,8.698,631364.0
2025-09-25,8.668,8.778,8.618,8.748,548453.0
2025-09-26,8.718,8.828,8.628,8.768,438290.0
2025-09-29,8.778,8.798,8.698,8.748,568949.0
2025-09-30,8.738,8.918,8.678,8.898,696548.0
2025-10-09,8.748,8.978,8.578,8.948,1303659.0
2025-10-10,8.848,8.958,8.818,8.848,594624.0
2025-10-13,8.678,8.748,8.648,8.718,609189.0
2025-10-14,8.708,8.808,8.668,8.718,492108.0
2025-10-15,8.738,9.288,8.678,9.258,1570808.0
2025-10-16,9.258,9.378,9.198,9.338,1027432.0
2025-10-17,9.318,9.508,9.248,9.448,1235839.0
2025-10-20,9.448,9.768,9.448,9.678,1366316.0
2025-10-21,9.668,9.678,9.358,9.488,1171901.0
2025-10-22,9.458,9.608,9.398,9.508,751034.0
2025-10-23,9.468,9.578,9.398,9.568,505602.0
2025-10-24,9.528,9.558,9.268,9.358,665383.0
2025-10-27,9.368,9.508,9.288,9.448,532913.0
2025-10-28,9.458,9.668,9.428,9.488,609867.0
2025-10-29,9.468,9.608,9.418,9.568,355969.0
2025-10-30,9.578,9.688,9.508,9.538,492459.0
2025-10-31,9.188,9.188,8.818,8.848,2508433.0
2025-11-03,8.778,9.108,8.758,9.108,1127482.0
2025-11-04,9.108,9.328,9.048,9.088,693598.0
2025-11-05,9.038,9.278,9.008,9.248,549359.0
2025-11-06,9.248,9.408,9.218,9.298,459332.0
2025-11-07,9.288,9.408,9.238,9.288,389480.0
2025-11-10,9.288,9.938,9.288,9.778,1160599.0
2025-11-11,9.768,9.778,9.628,9.718,522576.0
2025-11-12,9.668,9.848,9.648,9.728,597588.0
2025-11-13,9.748,9.898,9.738,9.838,560484.0
2025-11-14,9.778,9.868,9.678,9.748,398065.0
2025-11-17,9.568,9.738,9.468,9.688,496472.0
2025-11-18,9.708,9.808,9.498,9.698,542250.0
2025-11-19,9.678,9.988,9.648,9.758,682059.0
2025-11-20,9.768,9.878,9.588,9.618,526166.0
2025-11-21,9.588,9.658,9.418,9.438,606688.0
2025-11-24,9.438,9.528,9.278,9.298,598585.0
2025-11-25,9.358,9.368,8.998,9.048,951645.0
2025-11-26,9.088,9.268,8.998,9.068,883102.0
2025-11-27,9.088,9.128,8.948,9.048,666784.0
2025-11-28,9.048,9.098,8.948,9.018,556012.0
2025-12-01,8.998,9.488,8.988,9.448,1095560.0
2025-12-02,9.368,9.468,9.298,9.338,484958.0
2025-12-03,9.308,9.488,9.238,9.388,457325.0
2025-12-04,9.378,9.438,9.288,9.368,299231.0
2025-12-05,9.328,9.358,9.198,9.278,449848.0
2025-12-08,9.278,9.378,9.058,9.348,560347.0
2025-12-09,9.338,9.378,9.128,9.168,374523.0
2025-12-10,9.168,9.288,9.128,9.228,306774.0
2025-12-11,9.218,9.328,9.098,9.118,340316.0
2025-12-12,9.098,9.538,9.098,9.358,721359.0
2025-12-15,9.338,9.438,9.238,9.358,322485.0
2025-12-16,9.348,9.508,9.298,9.458,549403.0
2025-12-17,9.518,9.808,9.518,9.738,793057.0
2025-12-18,9.708,9.968,9.668,9.928,770717.0
2025-12-19,9.918,10.018,9.788,9.958,653025.0
2025-12-22,9.928,9.978,9.758,9.858,526311.0
2025-12-23,9.848,9.898,9.688,9.748,462201.0
2025-12-24,9.728,9.738,9.608,9.668,643780.0
2025-12-25,9.688,9.868,9.618,9.708,561193.0
2025-12-26,9.688,9.748,9.528,9.708,645234.0
2025-12-29,9.718,10.338,9.688,10.088,1325584.0
2025-12-30,10.088,10.178,9.928,10.058,714101.0
2025-12-31,10.048,10.438,9.978,10.358,991275.0
2026-01-05,10.208,10.268,9.948,10.188,1222721.0
2026-01-06,10.158,10.308,9.868,10.188,1132544.0
2026-01-07,10.208,10.348,10.078,10.138,581312.0
2026-01-08,10.128,10.168,9.968,10.118,548029.0
2026-01-09,10.118,10.118,9.838,9.968,795113.0
2026-01-12,9.978,10.348,9.938,9.998,1018794.0
2026-01-13,9.938,10.068,9.768,9.798,767952.0
2026-01-14,9.738,9.828,9.528,9.538,1439356.0
2026-01-15,9.568,9.698,9.488,9.528,742207.0
2026-01-16,9.598,9.688,9.348,9.448,1180081.0
2026-01-19,9.478,9.908,9.458,9.798,1300250.0
2026-01-20,9.838,10.128,9.818,10.088,991778.0
2026-01-21,10.108,10.128,9.938,9.998,692389.0
2026-01-22,9.998,10.098,9.838,9.868,744835.0
2026-01-23,9.878,9.918,9.708,9.758,708657.0
2026-01-26,9.738,9.978,9.638,9.658,1288309.0
2026-01-27,9.688,9.748,9.528,9.558,748487.0
2026-01-28,9.578,9.598,9.318,9.358,985568.0
2026-01-29,9.308,9.368,9.188,9.298,1021432.0
2026-01-30,9.288,9.418,9.248,9.298,731882.0
2026-02-02,9.228,9.468,9.158,9.178,1031492.0
2026-02-03,9.218,9.438,9.088,9.418,1135867.0
2026-02-04,9.368,10.048,9.348,10.008,2285437.0
2026-02-05,9.988,10.218,9.918,10.068,1117683.0
2026-02-06,10.058,10.118,9.918,10.008,826049.0
2026-02-09,10.008,10.378,9.978,10.198,808368.0
2026-02-10,10.228,10.228,9.788,10.028,856258.0
2026-02-11,10.008,10.028,9.758,9.808,772163.0
2026-02-12,9.838,9.858,9.588,9.628,696848.0
2026-02-13,9.678,9.698,9.498,9.528,566021.0
2026-02-24,9.548,9.588,9.408,9.458,902707.0
2026-02-25,9.458,9.668,9.388,9.458,1129533.0
2026-02-26,9.488,9.688,9.478,9.558,760318.0
2026-02-27,9.578,9.698,9.288,9.398,1071511.0
2026-03-02,9.098,9.198,8.998,9.088,1506282.0
2026-03-03,9.008,9.078,8.798,8.908,1352581.0
2026-03-04,8.848,9.048,8.748,8.778,1297780.0
2026-03-05,8.848,8.878,8.548,8.628,1116894.0
2026-03-06,8.598,8.728,8.468,8.678,1209296.0
2026-03-09,8.448,8.448,8.018,8.298,2777965.0
2026-03-10,8.538,8.618,8.338,8.378,1778384.0
2026-03-11,8.438,8.448,8.278,8.348,834153.0
2026-03-12,8.278,8.408,8.258,8.388,1036152.0
2026-03-13,8.258,8.438,8.248,8.378,953882.0
2026-03-16,8.348,8.398,8.158,8.218,1212908.0
2026-03-17,8.248,8.368,8.168,8.178,1080329.0
2026-03-18,8.238,8.278,8.018,8.108,1191660.0
2026-03-19,7.998,7.998,7.788,7.818,1556465.0
2026-03-20,7.848,7.908,7.748,7.748,865886.0
2026-03-23,7.598,7.638,7.368,7.428,1481814.0
2026-03-24,7.558,7.648,7.538,7.638,1178516.0
2026-03-25,7.758,7.928,7.758,7.908,1160999.0
2026-03-26,7.858,7.998,7.758,7.808,1084617.0
2026-03-27,7.718,7.988,7.708,7.878,855358.0
2026-03-30,7.718,7.908,7.678,7.838,865216.0
2026-03-31,7.838,7.958,7.688,7.718,829228.0
2026-04-01,7.928,8.058,7.868,8.028,1479920.0
2026-04-02,7.958,7.958,7.808,7.868,801986.0
2026-04-03,7.828,7.908,7.738,7.768,497186.0
2026-04-07,7.728,7.758,7.648,7.688,460996.0
2026-04-08,8.088,8.208,8.078,8.178,1812062.0
2026-04-09,7.988,8.128,7.948,7.988,858879.0
2026-04-10,8.038,8.068,7.928,7.948,761515.0
2026-04-13,7.818,7.878,7.788,7.868,576332.0
2026-04-14,7.938,7.978,7.788,7.898,764248.0
2026-04-15,8.088,8.158,7.938,7.968,1131907.0
2026-04-16,7.988,8.048,7.958,7.978,718536.0
2026-04-17,7.958,7.978,7.848,7.908,628890.0
2026-04-20,7.918,8.068,7.908,8.068,1299793.0
2026-04-21,8.008,8.168,7.998,8.138,1043563.0
2026-04-22,8.088,8.118,7.988,8.008,713651.0
2026-04-23,7.968,7.978,7.798,7.838,929861.0
2026-04-24,7.758,7.818,7.728,7.758,674779.0
2026-04-27,7.768,7.768,7.648,7.688,621311.0
2026-04-28,7.648,7.688,7.608,7.648,525865.0
2026-04-29,7.628,7.708,7.608,7.708,491137.0
2026-04-30,7.738,7.808,7.678,7.718,829177.0
2026-05-06,7.838,7.878,7.728,7.828,1060879.0
2026-05-07,7.968,8.098,7.948,8.008,1221088.0
2026-05-08,7.928,8.368,7.908,8.278,2001984.0
2026-05-11,8.188,8.198,8.038,8.128,1099461.0
2026-05-12,8.108,8.158,8.008,8.048,817471.0
2026-05-13,8.028,8.128,7.958,8.128,810914.0
2026-05-14,8.098,8.118,7.968,8.008,713034.0
2026-05-15,7.968,7.968,7.698,7.728,1500912.0
2026-05-18,7.658,7.668,7.528,7.578,1024965.0
2026-05-19,7.618,7.768,7.608,7.768,691777.0
2026-05-20,7.688,7.708,7.618,7.688,641900.0
2026-05-21,7.838,7.948,7.728,7.758,1399874.0
2026-05-22,7.768,7.768,7.638,7.668,888192.0
2026-05-25,7.868,7.998,7.778,7.928,1768049.0
2026-05-26,7.868,8.028,7.838,7.948,1381138.0
2026-05-27,7.888,7.938,7.818,7.848,864762.0
2026-05-28,7.888,7.968,7.688,7.758,1186786.0
2026-05-29,7.828,8.018,7.798,7.798,1484577.0
2026-06-01,7.758,7.888,7.638,7.768,1213810.0
2026-06-02,7.698,7.738,7.628,7.658,1162979.0
2026-06-03,7.598,7.598,7.488,7.498,1178768.0
2026-06-04,7.468,7.538,7.448,7.488,581372.0
2026-06-05,7.548,7.568,7.408,7.458,783034.0
2026-06-08,7.328,7.338,7.128,7.148,1200006.0
2026-06-09,7.178,7.228,7.128,7.198,748659.0
2026-06-10,7.148,7.188,7.028,7.148,951219.0
2026-06-11,6.988,7.048,6.868,6.948,1108843.0
2026-06-12,7.108,7.328,7.098,7.258,1614786.0
2026-06-15,7.578,7.728,7.468,7.508,1798990.0
2026-06-16,7.498,7.508,7.358,7.378,1009018.0
2026-06-17,7.488,7.528,7.378,7.458,904230.0
2026-06-18,7.418,7.438,7.188,7.228,971172.0
2026-06-22,7.068,7.188,6.968,7.188,1158543.0
2026-06-23,7.188,7.238,7.018,7.048,831227.0
2026-06-24,7.058,7.268,6.998,7.138,1002485.0
2026-06-25,7.258,7.568,7.228,7.528,2256406.0
2026-06-26,7.428,7.488,7.348,7.358,1064843.0
2026-06-29,7.298,7.318,7.158,7.198,968763.0
2026-06-30,7.198,7.208,6.968,7.038,1481812.0
2026-07-01,6.998,7.268,6.988,7.228,1269461.0
2026-07-02,7.328,7.358,7.108,7.138,998572.0
2026-07-03,7.118,7.208,7.068,7.088,773643.0
2026-07-06,7.118,7.228,7.068,7.178,845104.0
2026-07-07,7.168,7.168,7.048,7.078,813276.0
2026-07-08,7.008,7.068,6.968,7.008,756327.0
2026-07-09,6.938,6.948,6.808,6.918,1180834.0
2026-07-10,6.918,7.018,6.858,6.988,680562.0
2026-07-13,6.868,6.898,6.828,6.848,658711.0
2026-07-14,6.778,6.908,6.718,6.908,648273.0
2026-07-15,6.828,6.978,6.798,6.958,645763.0
2026-07-16,6.908,6.978,6.848,6.888,753340.0
2026-07-17,6.848,6.928,6.788,6.828,620263.0
2026-07-20,6.788,6.908,6.778,6.858,741588.0
2026-07-21,6.868,6.988,6.848,6.898,887817.0
2026-07-22,6.848,6.988,6.848,6.968,952528.0
2026-07-23,6.968,7.098,6.928,7.058,913049.0
2026-07-24,6.988,7.038,6.938,6.948,679068.0
2026-07-27,7.018,7.148,7.008,7.088,751093.0
2026-07-28,7.088,7.168,7.048,7.078,775905.0
2026-07-29,7.038,7.148,7.028,7.108,867662.0
2026-07-30,7.068,7.208,7.058,7.158,904577.0
2026-07-31,7.158,7.248,7.128,7.238,675783.0
2026-08-03,7.268,7.298,7.188,7.218,589227.0
2026-08-04,7.238,7.248,7.068,7.098,888255.0
2026-08-05,7.158,7.228,7.098,7.178,992501.0
2026-08-06,7.138,7.228,7.078,7.118,629170.0
2026-08-07,7.088,7.108,7.018,7.058,626384.0
2026-08-10,7.038,7.078,7.008,7.078,531997.0
2026-08-11,7.028,7.048,6.928,6.938,1021932.0
2026-08-12,6.938,6.988,6.908,6.978,527301.0
2026-08-13,6.968,6.998,6.918,6.928,413233.0
2026-08-14,6.928,6.948,6.888,6.898,484929.0
2026-08-17,6.888,6.908,6.858,6.888,533716.0
2026-08-18,6.858,6.868,6.828,6.848,461167.0
2026-08-19,6.828,6.848,6.788,6.798,532449.0
2026-08-20,6.798,6.858,6.798,6.838,431170.0
2026-08-21,6.818,6.828,6.778,6.788,327269.0
2026-08-24,6.798,6.888,6.788,6.868,663457.0
2026-08-25,6.858,6.918,6.848,6.908,422556.0
2026-08-26,6.968,6.978,6.928,6.948,592030.0
2026-08-27,6.918,6.918,6.848,6.868,597457.0
2026-08-28,6.848,6.938,6.828,6.928,583826.0
2026-08-31,6.888,6.898,6.818,6.818,603169.0
2026-09-01,6.818,6.848,6.788,6.818,619463.0
2026-09-02,6.768,6.768,6.708,6.718,667936.0
2026-09-03,6.728,6.798,6.728,6.748,492535.0
2026-09-04,6.738,6.888,6.728,6.848,861737.0
2026-09-07,6.818,6.868,6.788,6.848,455181.0
2026-09-08,6.838,6.888,6.828,6.848,360364.0
2026-09-09,6.828,6.898,6.798,6.888,543491.0
2026-09-10,6.848,6.868,6.818,6.838,374119.0
2026-09-11,6.778,6.828,6.678,6.798,900370.0
2026-09-14,6.738,6.848,6.728,6.758,505297.0
2026-09-15,6.758,6.808,6.728,6.778,333483.0
2026-09-16,6.758,6.768,6.668,6.728,480076.0
2026-09-17,6.718,6.768,6.708,6.758,412513.0
2026-09-18,6.778,6.888,6.768,6.818,724437.0
2026-09-21,6.848,6.918,6.838,6.878,718595.0
2026-09-22,6.908,6.938,6.838,6.918,769105.0
2026-09-23,6.918,6.998,6.918,6.948,637868.0
2026-09-24,6.918,6.918,6.798,6.798,590091.0
2026-09-28,6.808,6.808,6.688,6.748,821796.0
2026-09-29,6.738,6.778,6.718,6.768,384652.0
