date,open,high,low,close,volume
2016-01-04,76.396,76.396,72.516,72.816,709971.0
2016-01-05,72.076,74.336,71.716,73.716,874985.0
2016-01-06,73.316,74.036,72.716,73.776,480121.0
2016-01-07,72.716,73.756,70.716,72.256,236476.0
2016-01-08,72.716,73.616,70.516,72.596,982396.0
2016-01-11,70.716,71.376,68.716,68.776,993557.0
2016-01-12,69.256,69.836,68.356,69.136,743809.0
2016-01-13,70.256,70.276,68.416,68.696,625330.0
2016-01-14,66.516,68.836,66.316,68.696,797227.0
2016-01-15,67.996,68.456,66.516,67.116,591402.0
2016-01-18,66.176,67.256,65.896,66.856,483693.0
2016-01-19,67.156,68.076,66.216,67.736,673925.0
2016-01-20,67.156,67.616,65.296,65.776,1007042.0
2016-01-21,65.456,66.336,64.456,65.016,681901.0
2016-01-22,65.456,65.696,64.076,65.156,493104.0
2016-01-25,65.296,65.436,64.496,65.236,374744.0
2016-01-26,64.536,64.916,62.676,63.176,766809.0
2016-01-27,63.416,63.676,62.316,63.156,703853.0
2016-01-28,63.116,63.936,62.256,63.316,484417.0
2016-01-29,63.116,65.476,62.956,65.076,644391.0
2016-02-01,65.036,65.036,63.336,63.776,340484.0
2016-02-02,63.776,64.916,63.716,64.656,375134.0
2016-02-03,63.716,64.316,62.916,63.996,390352.0
2016-02-04,64.256,64.836,63.696,64.136,366570.0
2016-02-05,64.116,64.716,63.936,64.036,333302.0
2016-02-15,62.116,64.296,61.956,63.576,439937.0
2016-02-16,63.816,65.356,63.636,64.956,397578.0
2016-02-17,64.976,65.376,64.556,64.796,461634.0
2016-02-18,65.276,65.696,64.316,64.536,484585.0
2016-02-19,64.536,65.016,64.176,64.556,260921.0
2016-02-22,65.276,68.016,64.776,66.656,789086.0
2016-02-23,66.636,66.656,65.196,65.716,434584.0
2016-02-24,65.316,65.916,64.776,65.536,304910.0
2016-02-25,65.456,65.456,62.436,62.636,590597.0
2016-02-26,63.376,63.516,62.596,62.916,332111.0
2016-02-29,62.816,63.016,60.336,62.736,667631.0
2016-03-01,62.516,64.096,61.836,63.236,406827.0
2016-03-02,63.416,65.316,63.416,65.076,623354.0
2016-03-03,65.216,65.696,64.676,65.476,534948.0
2016-03-04,65.276,67.916,64.976,67.816,1789765.0
2016-03-07,67.476,67.876,66.336,66.816,544403.0
2016-03-08,66.676,67.416,64.696,67.316,673912.0
2016-03-09,66.356,67.616,65.236,67.476,800905.0
2016-03-10,66.676,67.296,66.116,66.196,331108.0
2016-03-11,65.856,66.916,65.656,66.796,357929.0
2016-03-14,66.696,67.856,66.516,66.936,555797.0
2016-03-15,66.816,67.696,66.016,67.436,619818.0
2016-03-16,66.916,69.236,66.816,68.976,1596476.0
2016-03-17,68.916,69.456,68.476,68.716,570785.0
2016-03-18,69.356,69.556,68.476,68.956,874083.0
2016-03-21,69.496,72.316,69.196,70.376,1138790.0
2016-03-22,70.016,70.796,68.716,68.916,603627.0
2016-03-23,69.296,70.236,68.876,69.236,360472.0
2016-03-24,68.856,68.896,68.216,68.316,351096.0
2016-03-25,68.336,70.316,67.996,68.836,357175.0
2016-03-28,68.916,69.416,67.416,67.636,377973.0
2016-03-29,67.936,68.236,66.996,67.216,341281.0
2016-03-30,67.916,68.836,67.756,68.696,432058.0
2016-03-31,68.896,69.076,68.136,68.336,297979.0
2016-04-01,68.376,68.636,67.136,68.556,385529.0
2016-04-05,68.116,69.116,67.716,68.716,429789.0
2016-04-06,68.276,68.636,67.996,68.196,272327.0
2016-04-07,68.496,68.636,67.436,67.456,362111.0
2016-04-08,67.116,67.256,66.796,67.036,361758.0
2016-04-11,67.356,68.396,67.356,67.736,351658.0
2016-04-12,67.696,68.216,67.516,67.816,219688.0
2016-04-13,68.316,69.236,68.156,68.536,755681.0
2016-04-14,68.876,69.476,68.476,68.756,422703.0
2016-04-15,68.776,68.916,68.476,68.696,535669.0
2016-04-18,68.316,68.896,67.736,68.296,562663.0
2016-04-19,68.716,68.796,68.216,68.576,475551.0
2016-04-20,68.596,69.216,66.936,69.136,1193796.0
2016-04-21,68.596,69.716,68.436,69.156,651195.0
2016-04-22,68.716,69.816,68.476,69.556,430780.0
2016-04-25,69.316,69.716,68.656,69.356,307298.0
2016-04-26,69.356,69.776,69.136,69.496,308048.0
2016-04-27,69.856,69.956,69.136,69.236,329261.0
2016-04-28,69.236,69.476,68.736,69.096,227436.0
2016-04-29,68.896,69.516,68.616,68.796,259511.0
2016-05-03,68.736,69.576,68.436,68.536,509179.0
2016-05-04,68.576,68.776,68.496,68.576,264264.0
2016-05-05,68.576,68.816,68.456,68.616,211400.0
2016-05-06,68.716,68.736,67.496,67.516,491818.0
2016-05-09,67.496,67.516,66.816,67.036,490465.0
2016-05-10,66.876,67.236,66.756,67.096,276452.0
2016-05-11,67.196,67.456,67.036,67.216,277639.0
2016-05-12,67.116,68.416,66.616,68.136,568696.0
2016-05-13,67.816,68.416,67.696,68.156,392650.0
2016-05-16,67.836,68.116,67.736,67.936,241182.0
2016-05-17,67.916,68.016,67.616,67.736,206916.0
2016-05-18,67.536,68.496,67.456,68.336,602017.0
2016-05-19,68.136,68.516,68.116,68.376,285170.0
2016-05-20,68.356,68.656,68.156,68.356,175392.0
2016-05-23,68.236,68.636,68.136,68.376,277385.0
2016-05-24,68.156,68.376,67.716,67.996,185520.0
2016-05-25,68.376,68.476,67.896,67.936,137125.0
2016-05-26,67.936,68.296,67.716,67.976,203561.0
2016-05-27,68.116,68.136,67.876,67.916,140987.0
2016-05-30,68.216,68.596,67.716,68.536,220975.0
2016-05-31,68.596,71.716,68.596,70.156,758825.0
2016-06-01,70.096,70.356,69.216,69.296,423433.0
2016-06-02,69.336,69.716,68.916,69.136,289891.0
2016-06-03,69.616,69.616,68.756,69.396,351638.0
2016-06-06,69.516,69.616,68.816,68.936,236869.0
2016-06-07,69.156,69.196,68.876,68.996,239606.0
2016-06-08,68.956,69.176,68.756,69.016,264609.0
2016-06-13,68.616,68.776,68.116,68.316,470239.0
2016-06-14,68.096,68.756,67.716,68.676,355738.0
2016-06-15,67.956,68.876,67.936,68.676,383143.0
2016-06-16,68.376,68.956,68.376,68.656,329401.0
2016-06-17,68.656,69.096,68.556,68.676,295105.0
2016-06-20,69.116,69.116,68.656,68.956,257135.0
2016-06-21,69.076,69.676,68.736,68.836,228641.0
2016-06-22,68.816,69.016,68.656,68.876,163593.0
2016-06-23,68.896,68.996,68.656,68.716,253617.0
2016-06-24,68.676,68.976,67.136,67.816,429362.0
2016-06-27,67.716,68.196,67.616,68.076,238639.0
2016-06-28,67.856,68.436,67.636,68.416,237665.0
2016-06-29,68.516,69.076,68.416,69.036,263511.0
2016-06-30,69.056,69.316,68.736,68.796,177795.0
2016-07-01,68.996,69.276,68.836,69.076,182350.0
2016-07-04,68.956,70.036,68.836,69.596,403218.0
2016-07-05,69.816,69.916,69.416,69.556,220938.0
2016-07-06,69.416,69.576,69.016,69.396,249499.0
2016-07-07,69.316,69.396,69.016,69.316,223630.0
2016-07-08,69.316,69.336,68.936,68.976,192950.0
2016-07-11,69.036,69.356,68.936,68.996,231284.0
2016-07-12,69.036,70.336,69.016,70.236,425985.0
2016-07-13,70.616,71.016,70.016,70.336,422034.0
2016-07-14,70.296,70.416,69.996,70.396,206517.0
2016-07-15,70.416,70.816,70.256,70.596,352063.0
2016-07-18,70.756,71.416,70.656,70.796,380335.0
2016-07-19,70.796,70.796,69.836,70.176,263620.0
2016-07-20,70.256,70.316,69.676,70.036,185573.0
2016-07-21,70.036,70.716,70.036,70.516,248344.0
2016-07-22,70.416,70.496,69.876,70.016,211624.0
2016-07-25,70.016,70.216,69.856,70.016,174901.0
2016-07-26,70.016,70.696,69.916,70.456,406076.0
2016-07-27,70.516,71.016,69.076,70.996,802882.0
2016-07-28,70.476,70.776,70.236,70.316,284912.0
2016-07-29,70.396,70.616,70.036,70.156,229299.0
2016-08-01,70.016,70.216,69.816,69.976,222138.0
2016-08-02,70.016,70.176,69.816,69.976,176859.0
2016-08-03,69.676,69.976,69.616,69.776,186525.0
2016-08-04,69.776,69.816,69.436,69.716,207729.0
2016-08-05,69.736,69.916,69.636,69.776,272131.0
2016-08-08,69.876,70.016,69.616,69.956,303569.0
2016-08-09,70.076,70.736,70.076,70.496,410658.0
2016-08-10,70.516,70.976,70.456,70.496,347814.0
2016-08-11,70.416,72.216,70.416,70.996,779335.0
2016-08-12,71.036,72.416,70.936,72.376,694381.0
2016-08-15,72.516,75.876,72.376,74.536,1221572.0
2016-08-16,75.016,75.256,73.196,73.256,916044.0
2016-08-17,73.516,73.676,72.776,73.356,429675.0
2016-08-18,74.016,75.216,73.676,74.276,850355.0
2016-08-19,74.376,74.736,73.756,74.456,354817.0
2016-08-22,74.636,74.776,73.876,74.336,319569.0
2016-08-23,74.256,75.776,74.256,75.096,558948.0
2016-08-24,75.196,75.256,74.036,74.076,373693.0
2016-08-25,73.436,73.736,73.016,73.596,388352.0
2016-08-26,73.736,74.236,73.496,73.596,210519.0
2016-08-29,73.436,74.036,72.856,73.936,237355.0
2016-08-30,73.976,74.336,73.536,73.836,300223.0
2016-08-31,73.796,74.176,73.476,73.856,192655.0
2016-09-01,73.836,74.496,73.736,74.156,243426.0
2016-09-02,74.096,75.196,73.876,75.136,510301.0
2016-09-05,75.196,75.716,74.816,75.336,403326.0
2016-09-06,75.256,76.676,75.096,76.096,564325.0
2016-09-07,76.196,77.156,76.176,76.236,470620.0
2016-09-08,76.216,76.976,76.076,76.576,335396.0
2016-09-09,76.676,77.496,76.376,76.736,440407.0
2016-09-12,75.636,76.116,74.216,76.056,866024.0
2016-09-13,75.776,75.776,74.616,75.256,317444.0
2016-09-14,74.816,75.016,74.156,74.416,352136.0
2016-09-19,74.616,76.056,74.616,75.756,372666.0
2016-09-20,75.756,75.756,75.416,75.516,146663.0
2016-09-21,75.596,75.776,74.776,75.156,352479.0
2016-09-22,75.436,76.556,75.436,75.836,541329.0
2016-09-23,75.916,76.216,75.256,75.596,314391.0
2016-09-26,75.336,75.376,74.476,74.576,328526.0
2016-09-27,74.276,74.616,74.196,74.536,458251.0
2016-09-28,74.576,74.576,74.056,74.096,317332.0
2016-09-29,74.316,74.696,74.116,74.196,230869.0
2016-09-30,74.016,74.356,73.936,74.136,194031.0
2016-10-10,74.736,75.416,74.416,75.016,341194.0
2016-10-11,75.056,75.316,74.316,74.576,493752.0
2016-10-12,74.336,74.696,74.216,74.416,308540.0
2016-10-13,74.256,74.456,73.836,74.056,345467.0
2016-10-14,74.076,74.176,73.916,74.036,231560.0
2016-10-17,74.056,74.176,73.576,73.696,309214.0
2016-10-18,73.576,74.396,73.576,74.216,283360.0
2016-10-19,74.296,74.356,74.016,74.056,205152.0
2016-10-20,74.136,74.296,74.036,74.096,127682.0
2016-10-21,74.056,74.376,73.916,74.256,280031.0
2016-10-24,74.256,75.396,74.116,74.796,420909.0
2016-10-25,74.936,75.056,74.616,74.916,239719.0
2016-10-26,74.936,75.096,74.596,74.656,197377.0
2016-10-27,74.656,74.676,74.016,74.196,217643.0
2016-10-28,74.616,75.276,74.536,74.876,325149.0
2016-10-31,74.616,75.116,74.216,75.036,234352.0
2016-11-01,75.076,76.016,74.816,75.936,367191.0
2016-11-02,75.596,75.776,74.896,75.036,256760.0
2016-11-03,74.996,75.996,74.856,75.756,405144.0
2016-11-04,75.576,76.136,75.556,75.676,264479.0
2016-11-07,75.776,75.916,75.576,75.796,215166.0
2016-11-08,76.036,76.176,75.576,75.816,286831.0
2016-11-09,75.816,75.836,74.476,75.236,688345.0
2016-11-10,75.656,76.216,75.516,75.696,352803.0
2016-11-11,75.716,76.296,75.536,75.796,523906.0
2016-11-14,75.656,76.076,75.576,75.716,683571.0
2016-11-15,75.776,75.836,75.616,75.736,286904.0
2016-11-16,75.816,76.016,75.636,75.856,243869.0
2016-11-17,75.796,75.856,75.416,75.816,238715.0
2016-11-18,75.816,75.936,75.696,75.836,320696.0
2016-11-21,75.716,78.516,75.716,77.616,1089035.0
2016-11-22,77.436,78.696,77.436,78.056,737021.0
2016-11-23,78.256,78.516,77.736,77.776,440133.0
2016-11-24,77.776,79.076,77.776,78.656,520764.0
2016-11-25,78.656,79.416,78.156,79.376,458330.0
2016-11-28,79.836,80.556,78.896,79.036,688978.0
2016-11-29,79.036,80.416,78.716,79.356,665386.0
2016-11-30,79.436,79.996,78.276,78.476,508039.0
2016-12-01,78.516,79.276,78.296,78.656,474386.0
2016-12-02,78.656,78.676,77.756,78.356,633715.0
2016-12-05,77.736,78.396,77.556,78.336,622095.0
2016-12-06,78.196,78.756,78.076,78.156,376125.0
2016-12-07,78.156,79.096,77.956,78.736,310670.0
2016-12-08,79.036,79.276,78.676,78.816,295168.0
2016-12-09,79.096,80.116,78.776,79.536,487033.0
2016-12-12,80.056,81.336,79.216,79.616,1069343.0
2016-12-13,79.416,79.696,78.896,79.116,395597.0
2016-12-14,79.076,80.816,79.036,79.876,586449.0
2016-12-15,79.376,79.596,76.676,77.016,786083.0
2016-12-16,76.736,77.356,76.616,76.776,340994.0
2016-12-19,76.776,77.016,76.436,76.616,295596.0
2016-12-20,76.656,76.716,74.716,75.136,626950.0
2016-12-21,75.516,75.916,75.036,75.296,376259.0
2016-12-22,75.136,75.676,74.616,75.356,295009.0
2016-12-23,75.196,75.356,74.616,75.276,301921.0
2016-12-26,74.916,76.136,74.516,76.056,351312.0
2016-12-27,75.816,76.496,75.776,76.336,217802.0
2016-12-28,76.216,76.456,75.796,76.396,386318.0
2016-12-29,76.116,76.396,75.876,76.076,290420.0
2016-12-30,76.356,76.716,76.036,76.676,270763.0
2017-01-03,76.496,77.836,76.456,77.176,296977.0
2017-01-04,77.196,77.396,76.836,77.116,252574.0
2017-01-05,77.276,77.696,77.176,77.276,286910.0
2017-01-06,77.276,77.596,76.516,76.696,362862.0
2017-01-09,76.756,76.916,76.356,76.656,270616.0
2017-01-10,76.696,76.796,76.216,76.276,205350.0
2017-01-11,76.316,76.676,76.016,76.276,209963.0
2017-01-12,76.416,76.656,76.116,76.236,187187.0
2017-01-13,76.276,77.616,76.196,76.936,330738.0
2017-01-16,76.936,78.376,76.236,78.196,1129172.0
2017-01-17,77.956,78.496,77.596,77.776,349493.0
2017-01-18,77.956,78.696,77.936,78.236,266869.0
2017-01-19,78.076,78.556,77.656,77.916,199628.0
2017-01-20,77.916,78.376,77.836,78.336,260332.0
2017-01-23,78.336,78.656,77.896,78.216,398001.0
2017-01-24,78.216,78.476,78.016,78.176,268665.0
2017-01-25,78.216,78.716,77.996,78.676,358922.0
2017-01-26,78.716,79.416,78.696,78.836,277205.0
2017-02-03,78.816,78.816,77.016,77.056,489267.0
2017-02-06,77.296,77.876,76.876,77.696,648914.0
2017-02-07,77.816,78.296,77.656,77.936,486180.0
2017-02-08,77.896,77.976,77.216,77.856,396288.0
2017-02-09,77.956,78.556,77.816,78.036,527568.0
2017-02-10,78.236,78.496,78.016,78.216,399219.0
2017-02-13,78.396,78.636,78.156,78.436,693540.0
2017-02-14,78.616,78.616,77.716,78.016,490922.0
2017-02-15,78.356,78.776,78.236,78.456,672852.0
2017-02-16,78.656,78.676,78.196,78.416,347817.0
2017-02-17,78.536,79.136,78.216,78.336,525503.0
2017-02-20,78.436,79.596,78.316,79.456,741442.0
2017-02-21,79.476,80.176,79.216,79.356,548331.0
2017-02-22,79.576,79.656,79.156,79.456,380419.0
2017-02-23,79.356,79.596,78.696,78.856,459520.0
2017-02-24,78.876,78.956,78.536,78.936,256833.0
2017-02-27,78.836,79.096,78.236,78.456,401406.0
2017-02-28,78.456,78.696,78.196,78.276,268469.0
2017-03-01,78.336,78.456,78.076,78.136,355081.0
2017-03-02,78.496,78.496,77.496,77.536,465656.0
2017-03-03,77.416,77.696,77.236,77.516,251354.0
2017-03-06,77.436,77.696,77.316,77.476,286717.0
2017-03-07,77.476,77.756,77.416,77.736,237211.0
2017-03-08,77.616,77.656,77.356,77.456,222856.0
2017-03-09,77.356,77.416,76.816,77.376,377966.0
2017-03-10,77.236,77.356,76.976,77.016,207446.0
2017-03-13,77.016,77.896,76.936,77.756,359990.0
2017-03-14,77.796,78.076,77.436,77.696,276964.0
2017-03-15,77.576,77.816,77.336,77.736,268720.0
2017-03-16,78.016,78.296,77.756,77.956,391641.0
2017-03-17,78.056,78.256,77.056,77.316,542621.0
2017-03-20,77.336,77.736,77.136,77.476,424589.0
2017-03-21,77.876,78.396,77.556,78.356,970084.0
2017-03-22,77.996,78.276,77.436,77.816,527906.0
2017-03-23,78.176,79.676,78.096,78.956,1209059.0
2017-03-24,79.116,80.036,78.216,78.916,944016.0
2017-03-27,78.836,80.376,78.816,79.296,1228601.0
2017-03-28,79.356,79.756,79.036,79.276,523346.0
2017-03-29,79.596,79.896,79.196,79.376,525226.0
2017-03-30,79.236,79.396,78.616,79.316,492881.0
2017-03-31,79.176,80.096,78.976,79.836,637996.0
2017-04-05,80.016,80.416,79.796,80.016,613499.0
2017-04-06,80.036,80.076,79.376,79.736,523313.0
2017-04-07,79.696,79.836,78.936,79.016,647609.0
2017-04-10,78.936,79.236,78.576,78.716,484417.0
2017-04-11,78.716,79.016,77.496,78.196,633225.0
2017-04-12,78.156,78.456,75.616,77.836,665077.0
2017-04-13,77.416,77.996,77.416,77.616,387590.0
2017-04-14,77.616,77.896,77.136,77.596,370915.0
2017-04-17,77.436,77.956,77.156,77.856,376602.0
2017-04-18,77.816,77.996,77.156,77.216,355230.0
2017-04-19,77.176,77.516,76.756,76.836,487050.0
2017-04-20,77.136,77.636,76.936,77.416,416048.0
2017-04-21,77.436,78.336,77.116,77.996,525203.0
2017-04-24,77.996,78.336,77.796,78.156,549922.0
2017-04-25,78.156,78.936,78.056,78.776,612813.0
2017-04-26,78.956,81.656,78.756,80.836,1609359.0
2017-04-27,80.796,82.336,80.696,81.456,1250054.0
2017-04-28,81.616,81.956,81.036,81.736,678663.0
2017-05-02,81.416,82.576,81.416,81.636,619325.0
2017-05-03,81.716,82.376,81.456,81.816,505383.0
2017-05-04,81.716,82.016,81.276,81.456,548573.0
2017-05-05,81.216,81.536,80.216,80.336,623979.0
2017-05-08,80.336,82.056,80.296,81.396,952932.0
2017-05-09,81.236,81.976,81.236,81.796,595182.0
2017-05-10,81.876,85.916,81.836,85.496,1589203.0
2017-05-11,85.416,85.996,84.936,85.356,827794.0
2017-05-12,85.216,88.416,85.216,87.716,1200171.0
2017-05-15,88.256,89.736,87.056,87.616,716224.0
2017-05-16,87.616,88.416,87.176,87.996,629862.0
2017-05-17,87.816,87.996,86.196,86.656,779106.0
2017-05-18,85.936,87.976,85.936,87.056,581678.0
2017-05-19,86.996,88.476,86.996,87.836,420467.0
2017-05-22,87.876,91.856,87.876,91.496,1025570.0
2017-05-23,91.816,94.176,91.516,92.156,1060990.0
2017-05-24,91.816,92.896,89.756,91.876,813519.0
2017-05-25,91.816,96.936,91.716,96.796,1389899.0
2017-05-26,96.616,97.516,95.536,96.176,783613.0
2017-05-31,95.816,100.076,95.456,95.956,1009977.0
2017-06-01,96.616,97.816,95.616,97.756,772361.0
2017-06-02,97.596,98.556,95.076,95.736,826333.0
2017-06-05,95.656,96.116,93.976,95.156,780002.0
2017-06-06,95.016,98.016,95.016,97.876,967169.0
2017-06-07,98.216,99.576,97.236,97.776,788200.0
2017-06-08,97.616,101.116,97.456,101.056,832171.0
2017-06-09,101.216,103.356,100.816,102.096,925676.0
2017-06-12,101.856,105.096,101.856,103.676,859596.0
2017-06-13,103.316,104.216,101.616,102.696,670461.0
2017-06-14,103.076,103.496,99.816,100.236,834013.0
2017-06-15,100.196,100.756,97.636,98.176,1041983.0
2017-06-16,98.016,100.176,98.016,99.216,807231.0
2017-06-19,99.736,103.076,99.196,102.936,808481.0
2017-06-20,103.356,103.676,101.156,102.016,616355.0
2017-06-21,102.416,104.936,100.936,104.676,849757.0
2017-06-22,104.216,106.756,103.916,104.096,1146464.0
2017-06-23,104.296,105.616,103.396,105.256,873719.0
2017-06-26,105.796,107.356,104.516,105.256,953192.0
2017-06-27,105.216,105.716,103.676,105.656,780835.0
2017-06-28,105.216,105.296,102.916,103.036,691322.0
2017-06-29,103.416,105.916,102.576,105.736,753228.0
2017-06-30,105.416,106.216,104.376,105.036,598630.0
2017-07-03,105.416,105.416,102.916,103.696,563199.0
2017-07-04,103.416,103.496,101.636,101.656,683920.0
2017-07-05,101.816,107.216,101.816,106.656,1272537.0
2017-07-06,106.656,109.816,105.956,108.596,1137814.0
2017-07-07,108.116,109.056,106.876,107.836,533925.0
2017-07-10,107.856,109.736,107.196,108.076,570776.0
2017-07-11,108.536,110.936,108.136,109.376,699539.0
2017-07-12,109.636,111.916,107.756,108.136,870117.0
2017-07-13,108.876,110.636,108.576,110.176,665342.0
2017-07-14,110.296,112.496,109.516,112.456,707791.0
2017-07-17,112.936,117.096,111.756,114.716,1408791.0
2017-07-18,114.116,115.436,111.936,113.856,879029.0
2017-07-19,114.276,115.876,113.136,114.596,771180.0
2017-07-20,114.016,115.216,112.556,114.936,659198.0
2017-07-21,113.316,113.476,110.716,110.836,1294791.0
2017-07-24,111.076,113.116,110.276,112.136,904595.0
2017-07-25,112.156,113.016,111.276,111.536,506834.0
2017-07-26,111.116,111.916,109.476,110.696,657610.0
2017-07-27,110.616,112.396,109.096,111.636,667132.0
2017-07-28,111.316,111.836,110.516,110.696,491294.0
2017-07-31,110.676,112.196,109.736,110.956,616005.0
2017-08-01,111.316,116.716,111.316,116.616,1147936.0
2017-08-02,116.536,116.556,114.676,114.996,723817.0
2017-08-03,114.996,115.876,112.676,112.756,565311.0
2017-08-04,112.896,113.296,110.616,110.796,666087.0
2017-08-07,110.736,112.596,109.976,111.556,523852.0
2017-08-08,111.516,112.036,110.736,111.816,367322.0
2017-08-09,111.616,112.596,110.916,111.036,410734.0
2017-08-10,111.056,111.816,107.936,108.376,846423.0
2017-08-11,107.316,108.376,105.976,106.076,828145.0
2017-08-14,106.896,108.916,106.196,107.896,791494.0
2017-08-15,108.516,110.036,108.116,108.716,680849.0
2017-08-16,108.616,109.496,107.976,109.336,340851.0
2017-08-17,109.856,110.576,108.656,109.116,374711.0
2017-08-18,111.716,114.636,110.156,113.256,1176428.0
2017-08-21,113.716,115.476,112.476,112.976,716152.0
2017-08-22,113.736,117.436,113.556,117.316,1009896.0
2017-08-23,116.936,118.576,116.556,117.716,564884.0
2017-08-24,118.016,119.476,116.816,117.156,560654.0
2017-08-25,116.716,119.356,116.596,118.576,743106.0
2017-08-28,118.876,122.416,118.876,119.316,803295.0
2017-08-29,119.116,121.416,118.676,121.036,416774.0
2017-08-30,120.916,122.176,119.436,119.736,470277.0
2017-08-31,119.576,120.236,118.016,118.976,480957.0
2017-09-01,119.016,120.996,118.116,119.256,571083.0
2017-09-04,118.936,119.036,117.536,118.216,484051.0
2017-09-05,118.716,121.116,118.136,120.496,563769.0
2017-09-06,120.016,120.676,118.096,118.716,424063.0
2017-09-07,119.116,119.556,117.576,117.736,329740.0
2017-09-08,117.716,118.956,117.576,117.956,290322.0
2017-09-11,118.336,119.876,115.756,115.896,804098.0
2017-09-12,116.876,117.656,115.136,117.536,555954.0
2017-09-13,117.516,118.636,116.576,118.056,398069.0
2017-09-14,118.116,118.416,115.716,115.956,510191.0
2017-09-15,116.096,116.316,114.216,114.676,754259.0
2017-09-18,114.456,116.876,114.456,114.516,754002.0
2017-09-19,115.296,115.996,114.136,114.836,621506.0
2017-09-20,114.796,115.316,113.916,114.076,587189.0
2017-09-21,114.236,116.396,113.936,115.556,727092.0
2017-09-22,115.016,116.616,114.956,115.996,549471.0
2017-09-25,116.016,117.376,115.556,116.236,657944.0
2017-09-26,115.896,116.576,115.816,116.416,427958.0
2017-09-27,116.116,116.396,114.836,115.116,468984.0
2017-09-28,115.116,115.856,114.556,115.396,397737.0
2017-09-29,115.356,116.616,114.776,116.236,434172.0
2017-10-09,120.116,120.916,117.336,117.436,882361.0
2017-10-10,117.636,118.956,115.536,117.756,960683.0
2017-10-11,117.716,119.356,117.016,118.536,664527.0
2017-10-12,118.316,122.296,118.156,122.136,898550.0
2017-10-13,121.736,122.776,121.376,122.076,508153.0
2017-10-16,122.916,125.016,122.096,122.256,749769.0
2017-10-17,122.736,124.436,122.316,123.796,637815.0
2017-10-18,124.036,125.976,123.656,125.876,710379.0
2017-10-19,126.036,127.816,125.516,127.096,741138.0
2017-10-20,125.916,126.816,125.196,125.956,456881.0
2017-10-23,127.376,128.276,126.316,127.676,512391.0
2017-10-24,127.456,130.036,127.176,128.316,705336.0
2017-10-25,128.116,128.796,127.336,128.076,386456.0
2017-10-26,127.916,132.436,127.636,130.696,836840.0
2017-10-27,130.916,135.876,130.876,135.776,876860.0
2017-10-30,135.916,138.516,134.176,136.036,1183831.0
2017-10-31,134.916,136.916,134.536,136.636,513661.0
2017-11-01,136.856,140.476,135.356,136.156,1001119.0
2017-11-02,136.316,136.696,133.916,136.196,824946.0
2017-11-03,135.916,137.596,134.876,136.816,681439.0
2017-11-06,137.296,137.316,133.756,135.936,908570.0
2017-11-07,136.516,141.056,136.516,138.656,1173565.0
2017-11-08,138.716,140.616,136.556,137.136,867820.0
2017-11-09,136.916,140.696,136.716,140.576,708669.0
2017-11-10,139.916,147.816,139.776,147.696,1254060.0
2017-11-13,148.116,149.056,146.876,148.216,752207.0
2017-11-14,149.296,150.496,147.456,148.756,801748.0
2017-11-15,147.876,148.776,145.096,146.316,1009459.0
2017-11-16,145.516,154.136,145.416,153.936,1163764.0
2017-11-17,153.316,158.556,151.516,158.456,1580393.0
2017-11-20,157.476,160.896,156.056,159.336,1141281.0
2017-11-21,158.176,167.276,158.176,164.796,1445569.0
2017-11-22,166.916,167.836,161.076,162.816,1293487.0
2017-11-23,161.116,164.796,155.316,156.556,1576210.0
2017-11-24,156.216,158.836,153.336,157.156,1317843.0
2017-11-27,157.316,157.716,151.016,155.016,1637232.0
2017-11-28,153.316,154.996,151.676,153.376,786469.0
2017-11-29,154.996,156.296,150.436,152.756,875004.0
2017-11-30,150.656,151.256,147.016,147.756,1163733.0
2017-12-01,147.216,148.276,143.736,144.116,1393046.0
2017-12-04,143.116,148.616,142.656,146.696,1159283.0
2017-12-05,145.716,150.916,145.476,150.316,1692539.0
2017-12-06,149.716,150.116,143.916,146.716,1245607.0
2017-12-07,146.616,147.536,143.116,145.196,859703.0
2017-12-08,145.796,151.636,145.236,150.896,1095632.0
2017-12-11,150.316,154.536,149.556,154.416,1139927.0
2017-12-12,154.416,155.036,150.256,150.336,777900.0
2017-12-13,150.336,153.156,148.316,152.156,865117.0
2017-12-14,152.156,152.236,149.116,149.936,676186.0
2017-12-15,149.296,150.796,148.016,148.676,735547.0
2017-12-18,148.336,151.776,148.336,149.256,679116.0
2017-12-19,149.736,155.176,149.336,155.076,1270583.0
2017-12-20,154.896,157.096,154.076,155.796,939382.0
2017-12-21,155.196,159.076,154.336,157.736,934707.0
2017-12-22,157.516,158.316,155.176,155.956,719526.0
2017-12-25,156.036,160.256,154.656,156.236,1109978.0
2017-12-26,156.136,157.036,153.676,155.796,832289.0
2017-12-27,154.816,154.816,147.956,148.616,1506834.0
2017-12-28,148.516,150.756,147.256,149.096,1130886.0
2017-12-29,150.096,150.976,146.916,147.876,1040018.0
2018-01-02,148.336,153.516,148.276,153.096,1236163.0
2018-01-03,154.716,155.716,148.136,149.856,1794054.0
2018-01-04,149.956,152.316,149.016,150.276,1061157.0
2018-01-05,151.096,151.676,148.816,149.696,772075.0
2018-01-08,149.496,149.496,146.556,147.936,1228729.0
2018-01-09,148.516,152.076,147.976,151.656,1239491.0
2018-01-10,151.116,151.656,149.336,151.356,828123.0
2018-01-11,150.016,154.156,149.916,153.216,1096288.0
2018-01-12,153.236,156.916,152.576,156.736,1282662.0
2018-01-15,158.616,164.916,158.616,163.216,2006598.0
2018-01-16,163.276,166.876,162.316,163.536,1501643.0
2018-01-17,164.116,166.616,160.916,162.596,1413574.0
2018-01-18,165.036,168.136,162.076,163.136,2074471.0
2018-01-19,164.516,166.036,161.696,163.096,1553809.0
2018-01-22,162.136,166.316,162.016,165.396,1215882.0
2018-01-23,168.516,170.476,164.496,165.436,1919898.0
2018-01-24,165.916,166.796,160.676,160.796,1689141.0
2018-01-25,159.776,159.896,157.516,158.496,1234396.0
2018-01-26,158.516,161.616,158.336,160.116,1125546.0
2018-01-29,161.236,161.316,153.696,154.636,1517843.0
2018-01-30,153.716,156.636,153.516,154.676,867816.0
2018-01-31,153.216,158.216,152.956,158.076,934726.0
2018-02-01,157.916,159.116,156.016,158.876,1415762.0
2018-02-02,157.656,160.676,156.176,159.936,1007583.0
2018-02-05,156.716,159.816,156.516,159.336,948054.0
2018-02-06,155.616,157.316,152.916,155.456,2049666.0
2018-02-07,157.116,157.216,148.916,150.676,1747840.0
2018-02-08,149.136,150.916,144.656,145.896,1530108.0
2018-02-09,140.916,141.856,132.316,136.776,2492029.0
2018-02-12,137.236,139.216,135.916,137.836,1029611.0
2018-02-13,140.316,144.616,140.036,141.956,1147957.0
2018-02-14,142.916,146.296,142.316,145.696,646501.0
2018-02-22,148.376,148.756,146.376,147.456,783649.0
2018-02-23,148.416,150.836,147.576,149.196,556011.0
2018-02-26,149.896,151.076,147.116,149.516,693840.0
2018-02-27,149.956,150.296,146.856,147.536,780994.0
2018-02-28,146.316,146.396,143.316,143.436,782170.0
2018-03-01,142.276,146.676,141.676,145.776,663296.0
2018-03-02,143.916,145.236,142.816,143.276,581439.0
2018-03-05,143.236,145.096,141.916,143.676,609823.0
2018-03-06,144.716,146.696,142.716,146.556,657077.0
2018-03-07,145.876,148.276,144.276,145.476,590555.0
2018-03-08,146.036,149.596,145.436,148.996,692681.0
2018-03-09,149.916,150.836,148.536,149.696,476222.0
2018-03-12,151.116,151.636,149.116,150.156,583351.0
2018-03-13,150.316,150.616,146.276,146.756,609492.0
2018-03-14,145.616,146.316,144.436,145.556,514760.0
2018-03-15,144.736,149.316,144.716,148.896,627110.0
2018-03-16,149.316,151.816,148.816,148.936,701326.0
2018-03-19,149.696,155.676,148.876,155.536,924499.0
2018-03-20,154.116,156.296,153.316,156.096,659778.0
2018-03-21,161.316,161.336,153.976,155.556,1367485.0
2018-03-22,154.936,156.256,151.276,153.676,902877.0
2018-03-23,147.916,149.456,146.756,148.516,1486954.0
2018-03-26,146.316,147.856,141.876,144.476,1380985.0
2018-03-27,147.076,147.236,142.916,144.236,1039920.0
2018-03-28,141.916,143.276,137.676,138.716,1420787.0
2018-03-29,138.756,142.476,134.936,140.696,1462545.0
2018-03-30,139.936,140.456,137.516,138.536,842022.0
2018-04-02,136.416,140.416,136.356,137.236,805559.0
2018-04-03,135.816,137.816,135.596,136.936,604070.0
2018-04-04,137.716,139.076,135.876,137.016,679989.0
2018-04-09,137.896,139.896,136.016,139.836,716142.0
2018-04-10,139.296,144.716,138.696,144.416,905139.0
2018-04-11,144.516,145.056,142.876,143.256,720924.0
2018-04-12,143.736,143.856,141.296,141.356,544502.0
2018-04-13,142.776,142.816,140.016,140.276,466385.0
2018-04-16,139.936,141.236,135.676,136.516,809639.0
2018-04-17,136.796,137.636,133.576,134.176,831672.0
2018-04-18,135.476,135.816,133.116,134.936,764845.0
2018-04-19,135.716,137.816,135.236,136.876,726473.0
2018-04-20,136.316,137.656,134.936,136.216,603340.0
2018-04-23,136.216,138.236,135.476,137.896,544466.0
2018-04-24,138.716,142.036,138.476,141.036,906954.0
2018-04-25,139.996,140.836,138.536,138.916,477827.0
2018-04-26,139.276,139.696,133.536,134.156,841553.0
2018-04-27,135.016,135.376,124.596,129.696,2602862.0
2018-05-02,130.636,131.496,129.416,130.596,708908.0
2018-05-03,129.676,131.076,127.716,130.796,629125.0
2018-05-04,130.576,131.196,129.196,129.336,441586.0
2018-05-07,129.016,130.856,127.336,130.296,829447.0
2018-05-08,130.636,135.676,130.396,134.076,1174720.0
2018-05-09,134.116,134.716,132.956,133.816,484431.0
2018-05-10,134.516,135.416,133.136,134.276,498178.0
2018-05-11,135.076,135.236,133.536,134.116,452105.0
2018-05-14,135.316,137.076,134.916,136.116,683709.0
2018-05-15,136.916,137.096,134.716,135.856,529529.0
2018-05-16,135.276,135.756,133.176,133.536,559514.0
2018-05-17,134.096,134.296,131.796,131.916,477782.0
2018-05-18,131.676,134.156,131.096,133.996,566253.0
2018-05-21,135.016,136.216,134.456,135.236,705065.0
2018-05-22,135.076,135.596,132.916,133.936,437692.0
2018-05-23,133.816,133.816,131.256,131.436,569154.0
2018-05-24,131.836,132.456,130.236,130.356,441513.0
2018-05-25,130.676,132.276,130.596,130.976,353929.0
2018-05-28,131.516,133.676,131.016,132.916,458948.0
2018-05-29,132.556,133.236,130.516,132.676,636474.0
2018-05-30,130.536,131.316,129.076,129.216,490836.0
2018-05-31,130.136,132.276,129.336,132.176,665388.0
2018-06-01,131.736,132.296,130.476,131.196,408007.0
2018-06-04,132.116,135.336,131.716,134.976,858897.0
2018-06-05,135.096,137.916,134.336,137.076,885172.0
2018-06-06,136.776,136.816,135.336,135.536,490220.0
2018-06-07,136.856,139.396,136.356,136.796,746266.0
2018-06-08,136.256,136.796,134.216,135.096,579391.0
2018-06-11,134.816,136.716,134.016,136.376,512803.0
2018-06-12,136.716,138.816,135.956,138.116,763559.0
2018-06-13,137.916,138.136,137.016,137.816,459053.0
2018-06-14,137.476,141.016,137.216,139.196,798484.0
2018-06-15,138.516,140.636,138.356,139.576,666582.0
2018-06-19,137.916,138.716,133.916,134.496,1278263.0
2018-06-20,134.116,135.396,131.876,134.016,743195.0
2018-06-21,134.036,135.436,132.316,132.496,605493.0
2018-06-22,131.516,133.316,131.516,132.456,465376.0
2018-06-25,132.876,133.016,129.516,129.896,607496.0
2018-06-26,128.516,129.536,125.916,128.796,717927.0
2018-06-27,128.516,129.216,125.196,125.316,697084.0
2018-06-28,124.536,126.216,123.376,123.976,735991.0
2018-06-29,124.556,127.576,124.516,127.476,645112.0
2018-07-02,126.876,126.876,119.616,120.756,900189.0
2018-07-03,121.516,123.436,118.976,122.996,949167.0
2018-07-04,122.776,124.076,121.056,121.356,519493.0
2018-07-05,121.716,122.856,120.676,121.376,548434.0
2018-07-06,122.276,125.616,121.396,124.196,824311.0
2018-07-09,125.516,128.136,124.716,128.076,696043.0
2018-07-10,128.316,128.416,125.416,126.676,555627.0
2018-07-11,123.816,125.336,123.436,124.496,473781.0
2018-07-12,124.796,128.096,124.796,127.076,647707.0
2018-07-13,127.856,128.156,126.876,127.396,393785.0
2018-07-16,126.916,127.876,125.076,125.756,431942.0
2018-07-17,126.116,126.836,125.156,126.356,379943.0
2018-07-18,126.876,128.536,125.816,125.936,464485.0
2018-07-19,127.036,128.916,127.016,127.736,703699.0
2018-07-20,127.516,133.536,126.776,131.996,1069350.0
2018-07-23,131.016,133.516,130.816,132.476,804573.0
2018-07-24,132.436,136.316,132.376,133.796,836847.0
2018-07-25,134.776,134.796,133.116,134.636,409006.0
2018-07-26,134.876,135.276,131.676,131.916,482593.0
2018-07-27,132.276,132.976,131.456,132.056,334171.0
2018-07-30,132.116,134.156,131.816,133.436,376370.0
2018-07-31,133.516,134.096,131.956,133.516,260698.0
2018-08-01,133.916,135.136,129.556,129.716,563434.0
2018-08-02,129.136,129.296,125.916,126.836,646804.0
2018-08-03,127.176,127.836,125.876,125.956,362083.0
2018-08-06,125.936,128.036,125.036,125.976,419785.0
2018-08-07,126.536,129.516,126.236,129.436,561861.0
2018-08-08,129.416,129.716,126.696,127.076,412109.0
2018-08-09,127.076,132.296,126.676,131.556,635433.0
2018-08-10,131.436,132.236,129.976,131.196,349041.0
2018-08-13,129.916,130.016,127.636,129.416,454649.0
2018-08-14,129.436,129.756,127.476,128.416,308740.0
2018-08-15,128.376,128.416,123.656,124.376,613747.0
2018-08-16,123.076,126.216,122.076,124.276,475074.0
2018-08-17,125.716,125.956,123.236,123.476,351360.0
2018-08-20,124.196,125.956,123.836,125.936,462142.0
2018-08-21,126.036,129.616,126.036,129.156,636650.0
2018-08-22,132.876,133.316,131.056,132.176,1041857.0
2018-08-23,132.336,135.076,132.336,134.576,756111.0
2018-08-24,133.716,136.976,133.316,135.256,572631.0
2018-08-27,136.476,137.676,135.756,137.256,585793.0
2018-08-28,137.916,137.996,135.516,136.116,424944.0
2018-08-29,135.676,136.916,135.616,136.336,278926.0
2018-08-30,137.316,138.416,136.356,136.636,458496.0
2018-08-31,135.116,137.176,134.716,136.276,521114.0
2018-09-03,135.516,136.316,134.536,135.776,323790.0
2018-09-04,136.016,140.176,135.396,139.916,658378.0
2018-09-05,139.136,139.596,135.916,135.916,507437.0
2018-09-06,135.756,136.596,133.576,134.196,457426.0
2018-09-07,135.316,138.556,134.756,137.116,494711.0
2018-09-10,136.756,137.296,134.756,135.616,323390.0
2018-09-11,135.556,136.716,134.056,134.916,347070.0
2018-09-12,134.176,134.476,132.116,132.756,435460.0
2018-09-13,135.116,136.356,133.576,136.356,538846.0
2018-09-14,136.696,139.076,136.396,138.156,558370.0
2018-09-17,136.156,137.916,136.056,136.576,269595.0
2018-09-18,135.856,140.156,135.756,139.796,635569.0
2018-09-19,139.736,143.156,139.176,141.856,834705.0
2018-09-20,141.956,142.676,140.776,141.156,418923.0
2018-09-21,142.116,146.556,141.496,146.536,810431.0
2018-09-25,145.356,147.016,144.516,145.936,578103.0
2018-09-26,146.016,149.556,145.216,147.476,908525.0
2018-09-27,147.016,147.056,145.276,145.956,623574.0
2018-09-28,146.556,149.756,146.436,148.556,739523.0
2018-10-08,145.156,145.236,140.976,141.116,1128444.0
2018-10-09,140.816,142.316,140.216,141.556,486319.0
2018-10-10,141.736,142.716,139.956,140.856,582799.0
2018-10-11,135.756,137.956,134.316,135.256,1145327.0
2018-10-12,136.556,140.056,136.156,139.296,774616.0
2018-10-15,139.356,140.436,137.736,137.956,539743.0
2018-10-16,138.256,141.916,138.216,139.556,584034.0
2018-10-17,141.896,142.196,136.376,139.876,761401.0
2018-10-18,138.536,138.596,136.056,136.456,603019.0
2018-10-19,135.536,143.756,135.316,142.796,1138815.0
2018-10-22,143.576,150.396,142.796,147.416,1616881.0
2018-10-23,147.556,148.196,141.316,142.576,1172134.0
2018-10-24,143.116,147.256,142.676,144.056,810632.0
2018-10-25,139.956,144.876,139.956,144.876,736202.0
2018-10-26,144.156,145.096,140.316,142.636,797411.0
2018-10-29,143.296,143.536,135.356,135.556,1216419.0
2018-10-30,131.556,140.816,130.556,137.156,1269208.0
2018-10-31,137.576,139.456,135.876,138.816,782835.0
2018-11-01,139.996,142.556,139.716,140.156,689871.0
2018-11-02,145.396,146.256,142.656,146.256,1173949.0
2018-11-05,144.556,145.656,142.956,144.716,547131.0
2018-11-06,143.956,145.156,143.156,145.156,385081.0
2018-11-07,145.336,146.236,143.356,143.796,510658.0
2018-11-08,145.416,145.896,143.556,144.156,504946.0
2018-11-09,143.056,143.516,140.316,140.796,544689.0
2018-11-12,140.356,141.836,139.056,140.876,458511.0
2018-11-13,139.116,142.696,138.556,141.576,520997.0
2018-11-14,141.656,141.736,138.756,139.456,573814.0
2018-11-15,139.556,141.836,139.096,141.756,500579.0
2018-11-16,141.556,144.336,140.936,142.056,619879.0
2018-11-19,142.056,143.956,141.156,142.996,507628.0
2018-11-20,141.556,142.436,139.376,139.756,591762.0
2018-11-21,138.616,139.836,138.616,139.576,385249.0
2018-11-22,139.916,139.956,137.196,137.836,443683.0
2018-11-23,137.856,138.736,136.596,136.836,372335.0
2018-11-26,137.556,139.296,137.156,137.956,369989.0
2018-11-27,138.176,139.316,137.376,137.776,375596.0
2018-11-28,137.796,139.476,137.576,139.096,411690.0
2018-11-29,140.156,140.316,137.556,137.656,386653.0
2018-11-30,137.676,138.856,137.356,138.536,349171.0
2018-12-03,141.956,143.656,141.096,141.536,1121943.0
2018-12-04,141.456,141.716,139.876,141.336,562473.0
2018-12-05,139.656,140.756,139.516,140.056,450207.0
2018-12-06,138.876,139.316,137.336,137.556,585865.0
2018-12-07,138.196,138.616,137.516,137.556,270297.0
2018-12-10,136.556,136.916,135.196,135.916,494650.0
2018-12-11,135.916,136.696,135.196,135.896,419948.0
2018-12-12,137.156,137.216,135.636,136.476,387392.0
2018-12-13,136.956,138.556,136.356,137.956,782754.0
2018-12-14,137.356,137.436,135.016,135.436,750755.0
2018-12-17,135.296,136.076,133.616,134.096,712131.0
2018-12-18,133.356,134.916,132.496,133.256,532302.0
2018-12-19,133.556,134.076,131.316,131.796,515538.0
2018-12-20,131.456,131.916,128.716,129.556,806955.0
2018-12-21,129.056,129.256,126.456,128.236,739127.0
2018-12-24,127.556,128.156,127.056,128.056,358748.0
2018-12-25,126.636,129.116,125.316,127.976,664633.0
2018-12-26,127.896,128.056,125.956,126.156,397821.0
2018-12-27,128.116,128.316,125.356,125.356,751890.0
2018-12-28,125.556,126.016,123.756,123.756,914988.0
2019-01-02,123.636,123.916,121.436,121.916,825542.0
2019-01-03,121.856,124.216,121.676,122.916,692711.0
2019-01-04,122.116,125.556,122.016,124.736,1129855.0
2019-01-07,125.736,125.896,123.356,124.156,765930.0
2019-01-08,123.656,123.736,121.956,123.156,559920.0
2019-01-09,123.956,126.756,123.476,125.456,819146.0
2019-01-10,125.296,127.196,124.656,126.556,673282.0
2019-01-11,127.556,128.136,126.556,127.696,457569.0
2019-01-14,127.036,127.456,125.356,125.796,475326.0
2019-01-15,126.076,128.936,125.676,128.736,586264.0
2019-01-16,128.396,129.476,127.576,129.036,404111.0
2019-01-17,129.656,131.156,128.676,129.016,535050.0
2019-01-18,130.016,131.596,128.936,131.396,561756.0
2019-01-21,131.416,133.776,131.256,133.136,559842.0
2019-01-22,132.756,132.836,131.036,131.696,419507.0
2019-01-23,131.196,132.356,130.456,130.536,374932.0
2019-01-24,130.776,132.596,129.996,132.416,449406.0
2019-01-25,132.556,135.116,132.416,134.136,672459.0
2019-01-28,135.156,136.376,133.956,134.596,581648.0
2019-01-29,134.316,135.356,133.516,134.856,395192.0
2019-01-30,133.316,135.276,133.116,134.056,310003.0
2019-01-31,135.156,137.936,134.656,137.516,692265.0
2019-02-01,138.556,139.116,137.256,137.976,437924.0
2019-02-11,137.316,140.576,137.316,140.336,541815.0
2019-02-12,140.356,140.396,138.936,140.096,385193.0
2019-02-13,140.876,142.356,139.616,141.596,578658.0
2019-02-14,141.316,142.356,141.116,141.756,396202.0
2019-02-15,141.156,141.576,137.996,138.056,534011.0
2019-02-18,139.356,142.396,139.116,142.136,721361.0
2019-02-19,142.716,146.096,142.116,142.916,785951.0
2019-02-20,144.156,144.316,141.936,143.316,393508.0
2019-02-21,143.156,144.916,141.736,142.336,543694.0
2019-02-22,142.276,145.696,141.156,145.596,762218.0
2019-02-25,147.996,157.556,147.836,157.556,2222382.0
2019-02-26,154.976,156.756,151.396,151.576,1555638.0
2019-02-27,152.156,154.416,149.536,151.516,1017663.0
2019-02-28,151.516,153.456,150.376,151.576,598889.0
2019-03-01,152.936,156.756,152.056,156.336,920751.0
2019-03-04,157.556,161.756,155.976,156.716,1263275.0
2019-03-05,156.516,157.036,154.696,155.696,659680.0
2019-03-06,156.336,156.516,153.776,155.876,784653.0
2019-03-07,155.856,155.856,151.556,152.136,1013473.0
2019-03-08,148.876,151.956,148.056,148.956,913256.0
2019-03-11,149.156,150.936,147.996,149.136,751857.0
2019-03-12,150.756,153.396,149.476,150.056,969219.0
2019-03-13,154.316,155.756,152.096,154.636,1405464.0
2019-03-14,155.096,157.956,154.956,157.156,1055970.0
2019-03-15,157.756,162.556,157.716,159.256,1255246.0
2019-03-18,160.416,162.236,158.456,161.556,1156392.0
2019-03-19,163.016,165.256,161.476,162.256,1012096.0
2019-03-20,161.676,166.516,161.056,164.656,1078439.0
2019-03-21,165.556,166.056,162.756,163.156,846258.0
2019-03-22,163.076,164.076,159.676,160.996,772004.0
2019-03-25,158.376,159.536,155.916,156.136,991052.0
2019-03-26,157.536,158.016,155.856,156.936,634474.0
2019-03-27,157.956,160.816,156.956,159.996,759817.0
2019-03-28,158.356,159.436,157.316,158.356,484208.0
2019-03-29,159.756,165.756,159.756,165.756,1429355.0
2019-04-01,167.556,170.016,166.556,168.756,1168113.0
2019-04-02,168.636,169.556,167.656,169.476,771175.0
2019-04-03,168.516,171.856,168.296,171.276,760219.0
2019-04-04,171.716,173.476,170.056,171.956,795626.0
2019-04-08,172.956,176.056,171.596,172.736,916122.0
2019-04-09,172.356,175.556,172.296,173.756,601737.0
2019-04-10,173.156,175.776,170.876,175.616,783620.0
2019-04-11,176.856,178.796,171.876,172.976,756628.0
2019-04-12,172.256,173.876,171.356,172.436,526779.0
2019-04-15,176.016,179.316,174.756,174.876,989953.0
2019-04-16,173.996,181.816,173.356,181.576,1036222.0
2019-04-17,181.396,182.256,179.156,180.516,631915.0
2019-04-18,180.936,181.596,179.316,180.156,397287.0
2019-04-19,182.096,185.556,179.956,185.556,789131.0
2019-04-22,185.996,187.736,180.556,181.476,932115.0
2019-04-23,181.056,186.316,180.556,183.676,678116.0
2019-04-24,183.716,185.316,178.656,181.616,812851.0
2019-04-25,180.256,181.536,177.856,178.356,655769.0
2019-04-26,177.556,180.416,177.156,177.776,648959.0
2019-04-29,179.316,185.816,178.156,184.416,946576.0
2019-04-30,184.556,186.516,180.616,183.756,917902.0
2019-05-06,177.156,178.756,170.876,173.956,1808609.0
2019-05-07,175.116,176.116,171.336,173.896,974951.0
2019-05-08,169.016,172.656,168.316,169.116,868375.0
2019-05-09,168.076,168.076,163.776,164.876,1125721.0
2019-05-10,167.456,175.296,166.156,174.316,1392098.0
2019-05-13,170.056,171.916,168.556,168.856,842350.0
2019-05-14,167.476,170.356,167.256,168.156,782781.0
2019-05-15,169.456,174.296,169.356,172.636,803300.0
2019-05-16,173.196,174.616,171.556,173.496,630831.0
2019-05-17,173.676,173.956,169.516,169.756,685802.0
2019-05-20,168.556,170.116,165.936,167.296,745003.0
2019-05-21,167.656,170.056,166.916,167.956,630197.0
2019-05-22,167.996,168.556,165.956,166.836,516731.0
2019-05-23,166.756,167.416,163.856,164.636,645670.0
2019-05-24,165.556,168.296,165.356,166.756,512353.0
2019-05-27,166.256,169.076,164.456,168.116,589731.0
2019-05-28,168.636,171.296,168.176,170.136,893839.0
2019-05-29,168.756,175.716,168.116,173.316,968273.0
2019-05-30,172.556,173.256,170.936,171.936,488476.0
2019-05-31,172.056,174.896,171.756,171.756,496669.0
2019-06-03,173.296,174.156,171.136,172.256,521308.0
2019-06-04,172.116,172.716,169.476,169.696,512121.0
2019-06-05,171.256,171.556,168.676,168.756,487171.0
2019-06-06,169.256,169.556,167.516,167.976,422522.0
2019-06-10,169.336,172.516,168.736,171.956,645748.0
2019-06-11,172.276,177.576,172.016,177.156,941317.0
2019-06-12,175.956,176.596,174.416,174.796,477952.0
2019-06-13,175.356,175.756,173.356,174.736,461455.0
2019-06-14,174.776,175.856,173.096,173.256,408732.0
2019-06-17,173.356,175.096,172.756,173.596,363881.0
2019-06-18,173.996,176.116,173.456,175.696,464073.0
2019-06-19,181.776,182.896,180.756,180.836,1118715.0
2019-06-20,181.596,190.756,181.596,190.756,1533213.0
2019-06-21,189.656,190.876,188.216,189.696,858060.0
2019-06-24,189.556,190.836,188.196,190.176,594052.0
2019-06-25,189.956,190.116,184.396,187.016,1051936.0
2019-06-26,187.256,188.356,186.556,186.556,457630.0
2019-06-27,187.756,190.696,187.736,189.856,814545.0
2019-06-28,189.676,192.396,189.016,190.976,595534.0
2019-07-01,194.956,198.696,194.956,197.436,926097.0
2019-07-02,197.136,197.136,195.516,195.876,606496.0
2019-07-03,196.076,196.956,193.356,195.076,650988.0
2019-07-04,195.156,196.036,192.456,193.556,593667.0
2019-07-05,193.756,196.036,193.416,195.456,510522.0
2019-07-08,193.736,193.736,189.316,190.936,787765.0
2019-07-09,191.116,191.456,187.736,188.816,557034.0
2019-07-10,190.136,190.176,188.796,189.516,356164.0
2019-07-11,190.736,192.356,189.136,189.716,514868.0
2019-07-12,190.056,192.696,190.056,191.256,576717.0
2019-07-15,189.956,191.296,186.996,189.916,594525.0
2019-07-16,189.696,190.116,187.556,187.656,430869.0
2019-07-17,187.656,188.916,186.556,187.736,438349.0
2019-07-18,186.956,188.536,186.416,187.216,377816.0
2019-07-19,188.376,191.156,188.376,190.456,603590.0
2019-07-22,190.396,191.716,189.116,189.116,426227.0
2019-07-23,189.576,190.156,187.956,188.756,381829.0
2019-07-24,189.696,192.676,189.356,191.456,594578.0
2019-07-25,191.956,192.856,190.836,192.576,456061.0
2019-07-26,191.396,194.096,191.396,193.956,461534.0
2019-07-29,193.436,193.916,191.856,192.656,368246.0
2019-07-30,194.456,195.556,193.116,193.716,464799.0
2019-07-31,192.576,192.756,189.516,189.936,592754.0
2019-08-01,188.756,190.436,187.776,188.776,427596.0
2019-08-02,185.956,186.736,184.756,185.816,728970.0
2019-08-05,183.876,185.476,182.916,182.976,684847.0
2019-08-06,179.956,183.516,178.056,182.776,1010340.0
2019-08-07,183.376,183.656,180.456,180.696,532355.0
2019-08-08,181.736,182.856,180.556,182.776,567264.0
2019-08-09,183.956,184.316,181.796,182.456,449361.0
2019-08-12,182.676,187.296,182.676,186.756,594238.0
2019-08-13,185.656,186.256,183.296,183.776,515017.0
2019-08-14,186.516,186.896,183.776,183.836,533363.0
2019-08-15,181.356,186.436,180.816,186.376,702273.0
2019-08-16,187.756,190.356,186.456,188.676,932311.0
2019-08-19,190.356,190.676,188.256,190.656,837354.0
2019-08-20,190.356,190.416,188.996,189.636,504393.0
2019-08-21,189.056,190.096,188.456,189.216,335320.0
2019-08-22,189.476,189.916,188.556,189.716,365037.0
2019-08-23,189.656,194.276,189.396,193.536,885689.0
2019-08-26,190.356,190.956,188.056,188.756,990268.0
2019-08-27,189.856,191.356,188.896,189.116,767827.0
2019-08-28,188.976,189.596,187.456,187.556,516092.0
2019-08-29,188.056,188.716,186.096,187.156,464332.0
2019-08-30,189.156,190.056,186.576,188.396,564655.0
2019-09-02,187.756,191.516,187.516,190.756,635806.0
2019-09-03,190.956,191.556,189.336,190.256,512751.0
2019-09-04,190.912,192.052,189.692,191.852,605953.0
2019-09-05,192.852,195.872,191.872,193.712,1007565.0
2019-09-06,195.152,196.652,193.812,196.652,688752.0
2019-09-09,197.992,198.312,195.212,196.052,702401.0
2019-09-10,196.232,196.352,193.052,194.132,484548.0
2019-09-11,194.852,195.412,192.752,194.372,455860.0
2019-09-12,195.432,200.252,194.752,199.932,793048.0
2019-09-16,199.852,199.912,197.492,197.952,548412.0
2019-09-17,197.052,197.092,193.692,194.292,640333.0
2019-09-18,194.892,196.212,194.412,195.252,419771.0
2019-09-19,196.252,196.492,193.272,194.452,421580.0
2019-09-20,195.032,195.832,194.152,194.952,456923.0
2019-09-23,194.132,194.132,191.552,193.072,513667.0
2019-09-24,193.252,194.072,192.052,193.152,405350.0
2019-09-25,192.032,193.592,191.552,192.812,388584.0
2019-09-26,193.652,194.792,191.912,191.952,486370.0
2019-09-27,192.312,192.612,191.012,191.852,329554.0
2019-09-30,191.132,191.632,189.272,189.332,460784.0
2019-10-08,189.532,192.692,189.452,191.252,405313.0
2019-10-09,190.132,192.452,189.912,191.612,360580.0
2019-10-10,191.632,192.552,190.272,192.252,340927.0
2019-10-11,193.032,195.792,192.252,195.052,600475.0
2019-10-14,196.852,198.152,195.612,196.152,630443.0
2019-10-15,196.852,196.852,195.132,195.652,350873.0
2019-10-16,196.652,198.892,196.212,196.412,499077.0
2019-10-17,197.652,199.592,196.452,198.692,619425.0
2019-10-18,199.852,200.152,194.612,194.752,590912.0
2019-10-21,194.192,196.152,193.112,195.392,360899.0
2019-10-22,196.832,196.832,194.412,195.832,310788.0
2019-10-23,195.652,196.512,193.672,194.252,318797.0
2019-10-24,194.952,195.332,193.152,194.852,360537.0
2019-10-25,191.252,192.192,189.452,191.252,1129195.0
2019-10-28,192.032,192.992,190.992,192.532,651031.0
2019-10-29,192.592,193.332,191.172,191.652,431557.0
2019-10-30,191.252,191.992,190.592,191.152,436516.0
2019-10-31,190.852,192.672,190.852,191.492,373687.0
2019-11-01,191.492,195.372,191.272,195.332,650940.0
2019-11-04,195.952,196.532,195.072,195.832,505705.0
2019-11-05,195.852,197.772,194.572,195.372,654849.0
2019-11-06,195.332,196.052,194.592,195.252,386305.0
2019-11-07,195.252,195.452,193.812,194.792,319831.0
2019-11-08,196.232,196.352,193.592,193.592,436274.0
2019-11-11,192.252,192.432,191.052,191.672,442562.0
2019-11-12,192.032,192.352,190.952,191.692,395453.0
2019-11-13,191.192,191.932,190.312,191.252,380871.0
2019-11-14,192.212,192.232,190.852,191.312,323509.0
2019-11-15,190.872,191.752,190.652,191.052,364026.0
2019-11-18,191.012,193.212,190.612,192.672,344810.0
2019-11-19,191.852,193.452,191.692,193.032,302021.0
2019-11-20,192.412,192.852,191.112,191.352,332290.0
2019-11-21,190.692,190.752,187.272,187.932,757381.0
2019-11-22,188.092,189.152,184.612,185.032,747463.0
2019-11-25,185.452,186.392,183.812,186.252,546527.0
2019-11-26,187.252,187.292,185.192,186.052,509282.0
2019-11-27,185.972,185.972,184.252,185.072,394256.0
2019-11-28,185.252,185.572,183.712,184.052,358095.0
2019-11-29,184.032,184.732,180.632,182.492,570944.0
2019-12-02,182.632,183.212,181.272,181.832,386007.0
2019-12-03,181.612,183.812,180.832,183.792,394270.0
2019-12-04,182.452,183.512,181.992,183.392,262024.0
2019-12-05,184.272,185.252,183.412,184.592,342534.0
2019-12-06,185.052,185.152,183.912,184.732,272110.0
2019-12-09,184.772,185.032,181.932,182.552,460460.0
2019-12-10,182.272,183.012,181.852,182.432,295540.0
2019-12-11,182.852,183.632,182.052,183.332,367933.0
2019-12-12,184.112,184.532,183.252,183.332,366466.0
2019-12-13,185.612,188.792,185.412,188.792,774732.0
2019-12-16,186.452,186.952,185.052,186.532,779673.0
2019-12-17,186.612,188.932,185.752,187.512,758245.0
2019-12-18,187.432,188.152,186.872,187.212,453752.0
2019-12-19,187.492,187.612,185.812,186.652,330822.0
2019-12-20,186.792,187.872,186.252,186.312,358309.0
2019-12-23,187.152,187.192,183.752,183.832,457181.0
2019-12-24,183.712,184.452,183.352,184.172,292204.0
2019-12-25,184.052,184.272,182.872,183.112,316230.0
2019-12-26,183.252,184.112,183.052,184.112,286528.0
2019-12-27,184.132,186.572,184.092,184.692,492829.0
2019-12-30,184.772,187.292,183.092,187.032,676187.0
2019-12-31,186.752,187.072,185.272,186.172,432036.0
2020-01-02,187.052,188.832,187.012,187.492,778252.0
2020-01-03,188.872,189.012,187.052,187.652,594980.0
2020-01-06,187.092,188.992,186.252,186.452,636448.0
2020-01-07,187.272,188.172,186.592,187.552,452188.0
2020-01-08,187.212,187.212,184.252,185.252,628053.0
2020-01-09,186.412,186.472,184.632,185.332,598712.0
2020-01-10,185.952,186.032,184.472,184.812,525864.0
2020-01-13,185.272,188.192,184.812,188.152,810588.0
2020-01-14,189.652,190.892,188.612,188.912,716681.0
2020-01-15,188.872,189.492,186.612,186.872,526216.0
2020-01-16,187.872,187.992,186.352,186.352,498579.0
2020-01-17,187.552,189.052,186.952,187.752,555370.0
2020-01-20,191.852,192.652,189.952,190.452,936050.0
2020-01-21,189.252,189.832,186.452,186.452,727579.0
2020-01-22,185.252,186.212,182.912,185.692,736576.0
2020-01-23,183.272,184.372,180.212,182.232,1080020.0
2020-02-03,168.272,173.752,168.052,170.672,2031498.0
2020-02-04,171.852,177.192,171.652,176.112,1213480.0
2020-02-05,176.372,177.912,174.772,176.012,753196.0
2020-02-06,177.612,179.192,176.012,178.292,672189.0
2020-02-07,176.452,177.652,176.092,177.312,491630.0
2020-02-10,175.952,176.532,175.052,175.852,593604.0
2020-02-11,177.032,178.972,176.252,177.512,584322.0
2020-02-12,177.452,178.172,176.352,177.652,444339.0
2020-02-13,177.652,177.652,175.972,176.152,562603.0
2020-02-14,175.992,177.772,175.672,177.252,428765.0
2020-02-17,177.252,180.232,176.652,180.032,678118.0
2020-02-18,178.872,179.472,178.132,178.352,513200.0
2020-02-19,177.312,179.732,177.272,178.652,460474.0
2020-02-20,179.252,182.472,177.952,181.812,833042.0
2020-02-21,180.252,181.712,179.252,180.012,1093905.0
2020-02-24,177.252,177.852,176.252,176.692,1035102.0
2020-02-25,174.852,175.892,174.272,175.632,869000.0
2020-02-26,174.152,176.772,173.472,174.912,844166.0
2020-02-27,174.452,176.052,173.852,174.832,666793.0
2020-02-28,172.452,173.832,170.672,170.692,983923.0
2020-03-02,171.892,175.652,171.892,174.412,712323.0
2020-03-03,176.212,176.392,173.772,174.232,678238.0
2020-03-04,175.052,176.752,175.052,176.412,677574.0
2020-03-05,177.272,180.772,176.492,180.152,960642.0
2020-03-06,178.392,179.092,176.852,177.072,584186.0
2020-03-09,173.072,173.252,171.292,171.532,1055082.0
2020-03-10,171.532,174.812,170.912,173.612,717006.0
2020-03-11,173.612,173.752,171.552,171.552,591404.0
2020-03-12,169.752,170.212,168.312,168.552,901291.0
2020-03-13,159.532,167.212,159.452,164.672,1166157.0
2020-03-16,164.252,164.292,158.852,159.252,979173.0
2020-03-17,158.552,161.252,157.032,159.532,950923.0
2020-03-18,160.312,161.012,154.952,154.992,852181.0
2020-03-19,153.452,154.992,147.892,150.872,1236761.0
2020-03-20,152.672,154.052,149.952,153.252,887269.0
2020-03-23,147.252,150.252,147.252,148.772,684080.0
2020-03-24,151.152,153.352,150.892,153.152,791633.0
2020-03-25,156.452,157.712,155.012,155.952,928186.0
2020-03-26,154.212,157.252,153.952,155.632,549870.0
2020-03-27,157.752,157.832,154.692,154.692,603084.0
2020-03-30,152.452,154.032,152.152,153.552,467956.0
2020-03-31,155.472,155.952,153.272,153.592,425368.0
2020-04-01,153.252,156.192,153.052,153.892,556929.0
2020-04-02,152.052,154.592,150.772,154.592,512029.0
2020-04-03,153.452,153.772,152.072,152.972,420254.0
2020-04-07,155.412,155.852,154.372,155.192,619348.0
2020-04-08,154.392,154.852,153.892,154.032,362459.0
2020-04-09,154.552,155.172,154.012,154.532,368308.0
2020-04-10,154.552,160.112,154.012,157.232,766250.0
2020-04-13,156.152,156.832,155.252,155.512,355170.0
2020-04-14,156.612,157.592,155.752,157.292,429697.0
2020-04-15,157.392,158.012,156.552,156.952,381515.0
2020-04-16,156.252,156.672,155.572,156.012,282943.0
2020-04-17,157.452,161.892,156.832,160.052,903679.0
2020-04-20,161.032,162.852,159.452,162.252,654194.0
2020-04-21,161.352,162.212,158.272,159.992,568984.0
2020-04-22,159.252,159.392,158.212,159.392,377673.0
2020-04-23,160.032,160.852,158.892,159.572,329666.0
2020-04-24,157.312,157.312,155.852,156.252,667116.0
2020-04-27,156.492,158.472,156.492,157.652,481528.0
2020-04-28,158.252,160.612,157.192,160.012,613874.0
2020-04-29,160.012,163.652,160.012,163.252,531156.0
2020-04-30,164.172,165.852,163.672,164.172,486255.0
2020-05-06,161.852,163.212,161.052,162.872,629168.0
2020-05-07,162.652,162.652,160.872,161.712,403123.0
2020-05-08,163.442,164.422,161.962,163.782,404720.0
2020-05-11,164.062,167.442,164.062,165.642,495757.0
2020-05-12,165.642,166.502,164.782,165.702,415450.0
2020-05-13,165.042,165.702,163.142,164.522,288970.0
2020-05-14,163.842,163.842,162.182,162.302,349715.0
2020-05-15,163.062,164.042,162.202,162.302,317507.0
2020-05-18,162.242,163.802,161.222,162.242,308463.0
2020-05-19,164.202,165.042,163.062,163.642,341583.0
2020-05-20,163.842,164.222,162.842,163.742,274835.0
2020-05-21,164.242,164.442,162.562,162.602,312686.0
2020-05-22,161.962,162.042,158.042,158.082,577194.0
2020-05-25,157.842,158.002,155.842,157.902,417101.0
2020-05-26,159.822,159.842,158.482,158.862,271128.0
2020-05-27,159.282,161.002,158.882,159.142,287152.0
2020-05-28,159.202,161.822,159.202,160.862,414260.0
2020-05-29,159.642,160.442,158.802,159.262,268441.0
2020-06-01,160.642,162.302,160.302,162.162,457673.0
2020-06-02,161.882,166.902,161.862,166.402,810523.0
2020-06-03,167.842,171.222,167.842,167.862,991488.0
2020-06-04,168.682,169.262,167.002,168.122,453880.0
2020-06-05,168.122,168.722,166.642,168.442,349808.0
2020-06-08,169.242,172.282,169.242,171.282,766974.0
2020-06-09,171.302,172.202,170.482,170.842,388517.0
2020-06-10,171.002,171.242,168.782,169.002,345453.0
2020-06-11,168.262,168.782,165.442,166.282,586113.0
2020-06-12,164.042,166.142,163.782,166.142,488259.0
2020-06-15,165.202,165.402,162.742,162.922,551304.0
2020-06-16,165.042,165.202,164.122,164.762,341905.0
2020-06-17,164.242,164.602,163.042,163.862,325896.0
2020-06-18,163.542,165.382,162.602,164.642,418632.0
2020-06-19,164.722,166.022,163.842,164.682,635990.0
2020-06-22,163.842,165.682,163.062,163.382,671831.0
2020-06-23,162.842,163.042,161.182,161.762,779636.0
2020-06-24,162.342,163.542,161.862,162.362,605136.0
2020-06-29,161.982,162.362,159.442,159.862,714838.0
2020-06-30,160.562,161.402,159.842,160.642,451503.0
2020-07-01,161.022,164.842,160.242,164.842,967560.0
2020-07-02,164.402,169.862,163.842,169.842,1474467.0
2020-07-03,170.142,174.822,170.122,173.762,1703820.0
2020-07-06,176.082,187.602,176.082,186.082,2806695.0
2020-07-07,191.842,193.042,184.242,184.282,2222041.0
2020-07-08,186.062,191.842,185.542,189.222,1696390.0
2020-07-09,190.442,191.442,187.642,189.682,1424597.0
2020-07-10,187.862,188.582,182.062,182.522,1466620.0
2020-07-13,181.662,185.162,180.862,182.562,1179516.0
2020-07-14,182.582,184.302,179.062,180.442,988558.0
2020-07-15,182.142,182.622,178.082,178.282,922768.0
2020-07-16,180.442,181.782,174.042,174.282,1318170.0
2020-07-17,175.842,176.622,172.462,173.882,875035.0
2020-07-20,175.942,183.482,175.942,183.442,1377548.0
2020-07-21,183.742,184.242,178.582,179.362,904775.0
2020-07-22,178.262,181.542,176.722,177.702,877513.0
2020-07-23,175.842,177.602,173.882,175.842,782100.0
2020-07-24,175.602,175.622,170.602,171.842,1072693.0
2020-07-27,172.402,173.422,169.242,170.702,734799.0
2020-07-28,171.822,172.442,169.742,170.602,639859.0
2020-07-29,169.842,173.842,169.342,172.442,702865.0
2020-07-30,172.622,172.702,169.882,169.902,646243.0
2020-07-31,169.842,172.342,168.242,169.642,748520.0
2020-08-03,170.542,171.202,169.402,170.722,855248.0
2020-08-04,171.462,176.542,170.242,175.182,1481462.0
2020-08-05,173.722,173.742,171.042,172.102,787806.0
2020-08-06,171.842,173.622,170.262,172.142,647563.0
2020-08-07,171.762,173.182,169.862,170.502,549809.0
2020-08-10,169.882,173.222,169.482,171.862,700073.0
2020-08-11,172.742,175.202,170.862,171.382,775309.0
2020-08-12,171.442,172.762,170.642,172.162,586013.0
2020-08-13,172.842,173.042,170.862,171.042,421355.0
2020-08-14,170.782,174.822,170.522,174.222,632474.0
2020-08-17,174.302,182.982,174.302,180.042,1739400.0
2020-08-18,179.442,179.642,176.642,177.342,842506.0
2020-08-19,177.042,178.062,174.182,174.182,564734.0
2020-08-20,174.042,174.042,172.142,173.042,498422.0
2020-08-21,174.442,175.362,172.942,174.342,424459.0
2020-08-24,175.742,175.842,173.102,173.442,472804.0
2020-08-25,173.842,175.602,173.042,174.062,530479.0
2020-08-26,173.842,173.942,171.042,171.442,542775.0
2020-08-27,172.142,172.182,169.842,170.922,448834.0
2020-08-28,170.782,174.262,169.542,173.622,765028.0
2020-08-31,173.622,175.442,171.002,171.082,723130.0
2020-09-01,170.002,171.022,169.842,170.602,471251.0
2020-09-02,171.062,171.442,169.042,169.702,556377.0
2020-09-03,169.822,170.682,168.142,168.622,599837.0
2020-09-04,167.442,168.042,166.942,167.482,478256.0
2020-09-07,167.482,170.342,167.342,167.962,633251.0
2020-09-08,169.802,172.762,169.242,172.122,866030.0
2020-09-09,170.602,172.942,170.502,170.802,523982.0
2020-09-10,171.762,172.522,170.642,170.882,530354.0
2020-09-11,170.662,172.842,170.162,172.262,462178.0
2020-09-14,173.082,176.042,173.082,174.942,729992.0
2020-09-15,174.942,178.802,172.942,177.662,1014350.0
2020-09-16,178.015,178.415,176.315,176.635,467948.0
2020-09-17,177.655,178.995,176.835,177.435,668306.0
2020-09-18,178.635,185.555,178.395,185.215,1776008.0
2020-09-21,185.235,185.595,181.295,181.295,845314.0
2020-09-22,178.835,180.895,177.435,177.575,679381.0
2020-09-23,178.435,178.575,176.315,176.555,362116.0
2020-09-24,175.815,176.435,173.435,173.575,608373.0
2020-09-25,175.155,175.195,173.435,174.615,356684.0
2020-09-28,174.615,176.615,174.255,175.335,371774.0
2020-09-29,176.415,176.435,172.835,173.035,519920.0
2020-09-30,173.235,174.315,171.455,171.955,476258.0
2020-10-09,173.975,176.335,173.955,175.235,474288.0
2020-10-12,176.135,181.735,176.055,181.155,869929.0
2020-10-13,180.775,183.135,179.355,182.195,564429.0
2020-10-14,182.435,182.455,180.435,182.195,500396.0
2020-10-15,182.235,185.155,182.035,182.235,555022.0
2020-10-16,183.035,185.215,182.435,183.435,607033.0
2020-10-19,184.775,188.195,183.055,183.135,917424.0
2020-10-20,182.935,183.435,181.655,181.895,413186.0
2020-10-21,182.935,184.595,181.975,184.235,492492.0
2020-10-22,184.475,185.195,179.995,183.635,466971.0
2020-10-23,183.675,189.095,183.675,186.435,938809.0
2020-10-26,186.635,188.175,181.795,183.835,596325.0
2020-10-27,182.995,183.835,181.435,181.575,559257.0
2020-10-28,180.455,181.555,177.555,178.595,769797.0
2020-10-29,175.595,179.215,175.475,176.755,727554.0
2020-10-30,176.735,178.335,174.715,175.095,764599.0
2020-11-02,176.435,177.055,173.455,173.895,638720.0
2020-11-03,174.975,178.115,174.235,177.755,615433.0
2020-11-04,176.995,179.135,176.635,178.435,434671.0
2020-11-05,180.135,182.795,179.835,181.315,537095.0
2020-11-06,181.635,182.935,180.475,182.035,510389.0
2020-11-09,184.435,186.435,184.035,185.395,809965.0
2020-11-10,187.915,188.935,185.535,185.835,789003.0
2020-11-11,185.835,187.495,184.735,186.475,542825.0
2020-11-12,186.935,188.375,183.035,183.975,490544.0
2020-11-13,181.595,182.835,178.695,180.115,707942.0
2020-11-16,180.815,185.955,180.815,185.635,701434.0
2020-11-17,185.635,188.875,185.435,187.495,825064.0
2020-11-18,188.235,191.795,188.095,190.175,969658.0
2020-11-19,189.835,190.935,188.455,190.275,549005.0
2020-11-20,190.035,190.055,187.235,188.515,452986.0
2020-11-23,189.435,192.315,188.735,191.875,783776.0
2020-11-24,192.035,193.415,188.815,189.435,499930.0
2020-11-25,191.415,196.535,191.375,193.935,1223689.0
2020-11-26,193.455,198.215,192.735,197.735,909240.0
2020-11-27,198.435,199.955,196.455,199.635,747955.0
2020-11-30,201.435,208.675,199.495,199.495,1539196.0
2020-12-01,200.835,206.195,198.735,206.195,854206.0
2020-12-02,206.195,207.135,203.615,205.135,650688.0
2020-12-03,205.015,206.295,201.855,203.175,509917.0
2020-12-04,203.535,204.495,199.815,203.815,489295.0
2020-12-07,204.995,205.395,197.475,200.195,627788.0
2020-12-08,199.435,200.935,195.035,195.535,863340.0
2020-12-09,196.435,198.395,195.015,195.175,525005.0
2020-12-10,195.435,196.815,193.735,194.795,405753.0
2020-12-11,196.435,197.235,190.355,191.635,714942.0
2020-12-14,192.735,195.755,192.435,194.815,583862.0
2020-12-15,193.415,193.415,190.175,192.035,633104.0
2020-12-16,192.635,194.395,191.335,193.115,470705.0
2020-12-17,193.355,197.555,192.495,197.395,685463.0
2020-12-18,197.035,197.935,193.675,195.015,499816.0
2020-12-21,193.435,194.935,191.455,193.535,599733.0
2020-12-22,193.515,193.515,186.935,187.735,985960.0
2020-12-23,187.875,190.215,186.975,189.135,550371.0
2020-12-24,190.035,190.135,186.815,187.835,524791.0
2020-12-25,186.635,186.635,183.155,185.835,691408.0
2020-12-28,186.335,189.815,185.135,188.675,635199.0
2020-12-29,189.335,191.595,188.815,190.435,519316.0
2020-12-30,189.835,191.195,187.795,191.195,565707.0
2020-12-31,190.615,194.795,190.615,193.395,795809.0
2021-01-04,193.255,193.335,187.635,189.795,1036431.0
2021-01-05,188.435,188.435,185.135,187.975,1054786.0
2021-01-06,188.015,190.915,186.535,190.915,937598.0
2021-01-07,191.175,192.955,188.035,191.955,1069687.0
2021-01-08,191.875,193.955,189.855,191.635,1169368.0
2021-01-11,191.835,192.635,187.435,187.495,1098602.0
2021-01-12,187.195,195.075,186.095,195.075,1467556.0
2021-01-13,197.035,197.995,193.095,194.515,1390943.0
2021-01-14,196.235,196.475,189.195,189.975,1379274.0
2021-01-15,191.315,196.735,189.975,193.235,1587085.0
2021-01-18,193.435,194.735,190.035,193.835,1162420.0
2021-01-19,194.595,195.735,191.515,193.035,1103328.0
2021-01-20,193.675,194.095,189.255,189.835,1319776.0
2021-01-21,190.155,190.255,187.035,188.315,1393055.0
2021-01-22,189.435,189.735,186.475,187.035,1162752.0
2021-01-25,186.835,189.195,184.595,189.195,1279801.0
2021-01-26,188.435,189.195,185.195,185.435,1051397.0
2021-01-27,185.395,187.255,184.595,185.515,682738.0
2021-01-28,183.835,184.595,180.735,181.275,1061087.0
2021-01-29,181.235,182.315,176.435,177.595,1269800.0
2021-02-01,177.635,178.915,176.175,177.975,724901.0
2021-02-02,177.995,178.335,175.335,175.795,988364.0
2021-02-03,174.915,174.915,170.035,172.515,1343843.0
2021-02-04,175.435,180.075,174.835,178.675,1416548.0
2021-02-05,179.435,179.995,176.655,178.875,845572.0
2021-02-08,178.895,180.295,175.995,176.575,796547.0
2021-02-09,176.555,176.555,173.035,175.695,914122.0
2021-02-10,175.235,179.055,174.415,177.935,919687.0
2021-02-18,182.435,185.155,181.215,184.195,1466782.0
2021-02-19,183.435,188.555,182.795,187.835,1240618.0
2021-02-22,187.935,190.015,184.595,185.435,1130341.0
2021-02-23,184.475,189.815,184.435,188.075,1016600.0
2021-02-24,186.435,190.955,184.435,186.995,1173555.0
2021-02-25,188.475,195.995,186.135,193.715,1897490.0
2021-02-26,191.035,193.695,189.795,189.795,1180455.0
2021-03-01,191.435,192.195,187.115,189.115,823008.0
2021-03-02,189.115,189.335,184.635,185.895,852274.0
2021-03-03,184.835,193.315,184.695,192.935,1166971.0
2021-03-04,191.435,194.335,191.035,192.035,949746.0
2021-03-05,190.415,192.015,186.115,188.435,814176.0
2021-03-08,189.835,194.995,188.935,189.335,1050357.0
2021-03-09,190.435,191.955,187.035,187.535,982175.0
2021-03-10,188.675,188.695,185.675,185.995,648001.0
2021-03-11,187.235,192.155,187.035,192.155,912521.0
2021-03-12,192.455,192.635,189.695,190.535,646812.0
2021-03-15,190.155,190.435,187.855,189.655,545513.0
2021-03-16,190.035,190.635,188.255,190.235,543540.0
2021-03-17,189.435,189.435,184.255,184.515,1064785.0
2021-03-18,184.035,184.995,181.575,182.275,803121.0
2021-03-19,181.835,182.035,178.455,178.715,961024.0
2021-03-22,179.415,179.975,178.495,179.075,542731.0
2021-03-23,179.215,180.635,177.675,179.535,511169.0
2021-03-24,179.415,180.035,176.855,177.455,633158.0
2021-03-25,177.895,178.755,177.415,177.835,436506.0
2021-03-26,178.595,180.035,178.555,179.455,453485.0
2021-03-29,179.435,179.635,177.035,177.695,632345.0
2021-03-30,177.835,178.175,176.635,178.175,511060.0
2021-03-31,178.435,178.535,176.595,176.835,483585.0
2021-04-01,177.035,177.995,176.935,177.835,360713.0
2021-04-02,177.835,177.835,176.595,177.195,469319.0
2021-04-06,177.275,178.335,176.815,177.495,351736.0
2021-04-07,178.175,178.175,175.795,176.335,475012.0
2021-04-08,176.295,177.415,175.455,176.695,374048.0
2021-04-09,176.655,176.675,173.395,173.755,688011.0
2021-04-12,173.735,174.435,172.675,173.755,453366.0
2021-04-13,174.375,175.075,171.835,172.555,552503.0
2021-04-14,173.415,174.395,173.035,173.735,380790.0
2021-04-15,171.735,172.235,169.795,171.055,793582.0
2021-04-16,171.015,171.195,169.435,170.835,551743.0
2021-04-19,170.335,171.815,169.435,171.795,653676.0
2021-04-20,171.535,171.735,170.395,171.435,492485.0
2021-04-21,170.655,171.155,169.995,170.675,417549.0
2021-04-22,172.025,172.085,170.185,170.965,560654.0
2021-04-23,170.965,173.385,169.985,170.745,867845.0
2021-04-26,170.265,170.285,167.745,168.005,1061930.0
2021-04-27,167.665,169.145,166.285,168.765,759693.0
2021-04-28,168.225,168.445,167.005,167.845,570627.0
2021-04-29,167.845,170.145,167.345,169.865,544416.0
2021-04-30,170.185,170.185,166.945,167.225,524630.0
2021-05-06,164.625,165.825,162.945,163.285,920095.0
2021-05-07,163.725,164.405,162.265,162.425,561462.0
2021-05-10,162.585,163.205,161.225,162.285,524570.0
2021-05-11,161.925,163.285,160.965,162.785,509532.0
2021-05-12,162.225,163.265,161.545,162.085,409957.0
2021-05-13,161.205,161.885,159.985,160.505,506448.0
2021-05-14,161.025,164.585,160.305,164.585,818772.0
2021-05-17,163.025,163.865,162.225,162.965,633004.0
2021-05-18,163.585,165.005,163.125,164.025,418073.0
2021-05-19,163.625,163.625,162.005,162.165,465850.0
2021-05-20,162.225,164.165,161.465,163.665,422472.0
2021-05-21,164.225,164.985,162.245,162.325,413836.0
2021-05-24,162.225,162.965,161.525,162.105,350922.0
2021-05-25,162.405,167.705,161.645,167.145,1213832.0
2021-05-26,168.405,168.705,166.585,166.985,712396.0
2021-05-27,166.945,168.485,165.825,168.025,581008.0
2021-05-28,167.825,169.225,167.225,168.165,510113.0
2021-05-31,167.525,167.825,165.165,165.825,624834.0
2021-06-01,165.605,165.605,164.025,164.485,593727.0
2021-06-02,164.985,165.005,162.845,163.965,481098.0
2021-06-03,164.025,165.225,163.225,163.585,409516.0
2021-06-04,163.025,165.385,162.905,163.925,514868.0
2021-06-07,163.425,163.585,162.345,162.785,386739.0
2021-06-08,162.765,164.085,162.125,163.045,407017.0
2021-06-09,162.825,164.125,162.625,162.825,401958.0
2021-06-10,162.765,163.805,162.225,162.245,524611.0
2021-06-11,162.245,162.585,160.745,161.025,630324.0
2021-06-15,160.245,160.345,156.125,156.365,1077557.0
2021-06-16,156.245,157.725,155.845,156.225,527270.0
2021-06-17,156.245,156.605,154.265,154.725,548040.0
2021-06-18,154.225,154.225,152.225,152.425,857072.0
2021-06-21,151.205,151.525,149.745,150.545,810854.0
2021-06-22,151.225,152.825,150.565,151.685,620127.0
2021-06-23,151.725,154.165,151.685,153.865,586873.0
2021-06-24,153.905,154.985,153.185,154.145,417900.0
2021-06-25,154.285,155.785,153.645,155.585,535654.0
2021-06-28,155.585,155.605,152.625,153.425,510134.0
2021-06-29,152.925,153.025,150.825,150.985,549668.0
2021-06-30,150.625,151.705,149.825,150.785,476369.0
2021-07-01,150.745,152.565,149.385,151.745,692617.0
2021-07-02,150.285,150.365,146.425,146.825,1028082.0
2021-07-05,146.205,146.785,144.485,146.045,750647.0
2021-07-06,147.065,148.505,145.925,148.025,685813.0
2021-07-07,147.605,149.045,146.405,146.965,523168.0
2021-07-08,146.965,146.965,143.265,143.785,837559.0
2021-07-09,143.185,144.525,141.845,142.405,707616.0
2021-07-12,142.845,143.185,140.865,141.025,818989.0
2021-07-13,141.025,141.985,140.325,141.625,513337.0
2021-07-14,141.525,141.525,137.785,138.045,1065618.0
2021-07-15,138.805,142.605,138.205,142.185,1085886.0
2021-07-16,141.605,142.805,139.985,141.625,578204.0
2021-07-19,141.985,141.985,138.325,140.925,666501.0
2021-07-20,139.805,140.625,138.485,139.145,449310.0
2021-07-21,138.525,139.905,138.025,138.385,587044.0
2021-07-22,137.925,140.365,137.245,139.305,636614.0
2021-07-23,139.225,139.765,137.465,137.505,593255.0
2021-07-26,136.405,136.405,130.885,131.225,1174865.0
2021-07-27,131.225,131.585,126.945,127.565,939011.0
2021-07-28,127.625,129.405,127.245,128.445,838366.0
2021-07-29,129.525,129.585,127.725,128.725,768004.0
2021-07-30,128.485,130.525,127.425,129.565,650888.0
2021-08-02,129.225,132.185,127.205,130.245,971611.0
2021-08-03,129.985,131.045,129.385,130.705,658203.0
2021-08-04,130.825,130.825,128.885,129.425,646660.0
2021-08-05,129.245,133.225,128.925,130.625,843221.0
2021-08-06,129.125,129.905,128.325,129.565,502411.0
2021-08-09,128.625,133.945,128.425,132.465,918821.0
2021-08-10,131.925,134.005,130.585,133.685,763656.0
2021-08-11,133.685,135.805,133.105,133.825,822020.0
2021-08-12,133.685,134.005,131.505,131.705,573070.0
2021-08-13,130.785,132.165,130.225,130.845,484718.0
2021-08-16,130.225,132.825,130.025,132.085,460096.0
2021-08-17,131.605,133.625,130.585,130.645,690262.0
2021-08-18,130.265,134.445,129.765,134.305,963666.0
2021-08-19,133.405,133.745,129.545,129.645,1148606.0
2021-08-20,128.445,129.545,127.845,128.245,675607.0
2021-08-23,128.245,129.145,127.425,127.625,594912.0
2021-08-24,126.825,127.705,125.005,125.825,946597.0
2021-08-25,126.065,126.665,125.145,125.385,610596.0
2021-08-26,125.225,125.225,122.805,122.825,886814.0
2021-08-27,124.325,126.885,124.305,126.225,1017819.0
2021-08-30,126.225,126.225,122.925,123.645,959487.0
2021-08-31,122.625,123.165,119.985,122.025,1586783.0
2021-09-01,121.785,126.325,121.445,125.205,1631600.0
2021-09-02,124.245,125.705,123.565,125.325,878586.0
2021-09-03,125.345,127.245,123.625,125.645,902603.0
2021-09-06,125.605,126.525,124.585,125.385,883020.0
2021-09-07,125.465,127.305,124.385,126.905,947374.0
2021-09-08,126.225,127.485,125.585,126.125,843992.0
2021-09-09,125.025,125.665,124.245,125.465,734908.0
2021-09-10,124.925,127.225,124.785,125.645,845491.0
2021-09-13,125.185,125.405,124.345,124.465,669800.0
2021-09-14,125.105,125.385,121.845,121.945,1082662.0
2021-09-15,121.225,121.985,120.825,121.165,645423.0
2021-09-16,120.865,122.185,120.645,121.245,591156.0
2021-09-17,121.025,121.785,118.665,119.585,927214.0
2021-09-22,117.225,118.385,116.825,117.785,723930.0
2021-09-23,119.225,120.925,118.245,118.665,758045.0
2021-09-24,118.685,119.985,118.025,118.385,843584.0
2021-09-27,118.025,120.705,117.865,120.225,990081.0
2021-09-28,120.205,121.485,119.265,120.745,779507.0
2021-09-29,119.765,121.305,119.265,120.605,631295.0
2021-09-30,120.825,120.825,118.685,118.945,680070.0
2021-10-08,123.225,126.425,122.445,126.425,2180028.0
2021-10-11,126.425,129.005,126.105,127.705,1504500.0
2021-10-12,126.325,128.305,125.585,126.745,944656.0
2021-10-13,126.425,126.605,124.025,125.725,649889.0
2021-10-14,125.625,126.225,124.625,125.045,427006.0
2021-10-15,124.485,125.385,123.465,123.985,733017.0
2021-10-18,124.385,124.705,121.585,121.945,771971.0
2021-10-19,121.925,125.925,121.625,125.125,847527.0
2021-10-20,125.625,126.305,123.805,124.965,668239.0
2021-10-21,125.325,131.985,125.245,130.785,2110058.0
2021-10-22,131.585,131.925,129.425,130.805,1026330.0
2021-10-25,130.372,130.712,128.872,130.392,754447.0
2021-10-26,130.392,131.932,128.172,128.312,748825.0
2021-10-27,127.912,129.272,127.052,127.272,589052.0
2021-10-28,125.432,126.792,124.072,126.572,850619.0
2021-10-29,125.612,126.432,122.452,123.112,1466627.0
2021-11-01,121.972,124.872,121.472,124.212,628761.0
2021-11-02,124.392,125.312,122.412,123.992,782725.0
2021-11-03,123.972,125.472,123.672,124.072,476763.0
2021-11-04,123.772,124.252,123.032,123.372,532053.0
2021-11-05,123.372,124.652,123.152,123.832,416655.0
2021-11-08,123.752,125.372,122.712,124.772,531724.0
2021-11-09,124.932,125.632,123.172,123.352,640511.0
2021-11-10,122.972,123.092,120.632,122.232,816049.0
2021-11-11,122.192,126.292,121.972,126.272,1110858.0
2021-11-12,126.232,126.232,124.272,125.192,585959.0
2021-11-15,125.672,126.372,124.432,125.172,442091.0
2021-11-16,125.172,125.852,123.972,124.692,477438.0
2021-11-17,123.952,125.032,123.732,124.072,351532.0
2021-11-18,123.772,123.792,122.992,122.992,423325.0
2021-11-19,122.772,124.192,122.472,123.892,428290.0
2021-11-22,123.672,123.852,123.072,123.392,340051.0
2021-11-23,123.332,124.312,122.952,123.212,402241.0
2021-11-24,123.212,123.972,122.672,123.472,361961.0
2021-11-25,123.492,123.492,122.692,122.772,407411.0
2021-11-26,122.452,122.492,121.392,121.412,589023.0
2021-11-29,120.952,121.672,120.612,121.292,404273.0
2021-11-30,120.992,121.632,120.312,120.412,466947.0
2021-12-01,120.512,121.932,120.512,121.712,422137.0
2021-12-02,121.192,122.252,120.812,121.732,383301.0
2021-12-03,121.932,122.472,120.932,121.952,427489.0
2021-12-06,122.172,123.472,122.172,122.272,610369.0
2021-12-07,122.972,124.972,122.392,124.752,1011502.0
2021-12-08,124.752,124.772,123.772,124.652,653544.0
2021-12-09,124.692,127.632,124.232,126.592,1249296.0
2021-12-10,125.972,126.952,125.772,126.412,737707.0
2021-12-13,127.292,128.972,126.212,126.272,918581.0
2021-12-14,125.772,126.672,125.372,125.672,587334.0
2021-12-15,125.552,126.132,125.032,125.372,363833.0
2021-12-16,125.552,126.552,124.972,126.372,514366.0
2021-12-17,126.012,126.772,124.732,125.052,539670.0
2021-12-20,124.452,125.672,124.372,124.532,428442.0
2021-12-21,124.552,126.252,124.532,125.652,393979.0
2021-12-22,125.832,125.972,124.232,124.332,425405.0
2021-12-23,124.352,124.772,123.472,124.412,404979.0
2021-12-24,124.352,124.372,123.412,123.612,312935.0
2021-12-27,123.892,124.372,123.712,123.932,274701.0
2021-12-28,124.572,126.232,124.172,125.712,617359.0
2021-12-29,126.172,126.292,125.012,125.592,376469.0
2021-12-30,125.772,125.952,124.792,124.792,427880.0
2021-12-31,124.832,125.672,124.272,124.792,358000.0
2022-01-04,124.772,126.092,124.172,125.972,635838.0
2022-01-05,126.192,128.772,125.912,128.112,1181247.0
2022-01-06,127.952,128.012,126.412,126.572,661658.0
2022-01-07,126.952,130.632,126.872,129.852,1230760.0
2022-01-10,129.952,131.092,128.972,130.132,761134.0
2022-01-11,130.312,131.452,129.052,129.692,680920.0
2022-01-12,129.172,129.592,127.692,128.972,572923.0
2022-01-13,129.072,131.332,128.572,128.572,728663.0
2022-01-14,128.672,128.972,126.092,126.172,779397.0
2022-01-17,126.192,126.832,125.472,125.852,460567.0
2022-01-18,125.852,127.152,125.172,126.432,636980.0
2022-01-19,126.572,127.652,126.192,126.872,483316.0
2022-01-20,126.972,131.012,126.872,130.772,1448359.0
2022-01-21,130.972,131.572,129.972,131.072,1041895.0
2022-01-24,131.032,131.032,129.032,130.232,542641.0
2022-01-25,129.172,129.772,126.172,126.372,776662.0
2022-01-26,127.332,128.352,126.412,127.632,483275.0
2022-01-27,126.972,126.972,125.512,125.552,586502.0
2022-01-28,126.012,126.672,123.572,123.912,729355.0
2022-02-07,126.652,128.912,125.372,127.932,940417.0
2022-02-08,127.492,130.032,127.412,129.972,866116.0
2022-02-09,130.452,131.972,129.732,130.052,880435.0
2022-02-10,130.332,132.332,129.572,132.332,962787.0
2022-02-11,132.672,136.432,132.132,135.152,1583777.0
2022-02-14,133.992,134.572,131.332,131.772,944654.0
2022-02-15,131.072,131.772,129.792,130.532,635406.0
2022-02-16,130.972,132.332,130.532,131.652,523210.0
2022-02-17,132.172,133.232,130.692,131.272,504904.0
2022-02-18,131.172,133.172,130.852,132.972,484226.0
2022-02-21,132.172,132.472,130.992,132.292,387928.0
2022-02-22,131.012,131.172,129.392,130.112,577499.0
2022-02-23,130.172,130.572,129.352,129.752,463602.0
2022-02-24,128.272,128.472,126.152,126.892,975396.0
2022-02-25,127.372,128.092,126.392,126.772,544416.0
2022-02-28,126.172,126.172,124.472,125.492,731883.0
2022-03-01,125.992,126.772,125.112,126.752,568036.0
2022-03-02,125.772,126.432,125.372,125.492,436923.0
2022-03-03,125.572,126.352,125.372,125.812,352676.0
2022-03-04,124.912,124.932,123.892,124.172,700865.0
2022-03-07,123.212,123.212,121.292,121.732,784597.0
2022-03-08,121.412,122.092,118.572,118.912,834403.0
2022-03-09,119.192,119.832,114.972,117.812,825545.0
2022-03-10,119.872,120.052,117.692,117.792,587753.0
2022-03-11,115.972,118.772,115.372,118.252,667078.0
2022-03-14,115.972,117.112,115.512,115.592,592578.0
2022-03-15,114.072,114.372,109.072,109.272,1269379.0
2022-03-16,110.552,113.272,108.632,112.552,1009694.0
2022-03-17,114.972,116.372,113.472,114.972,1095722.0
2022-03-18,114.072,120.732,113.812,119.832,1552323.0
2022-03-21,119.512,119.512,117.232,118.052,949519.0
2022-03-22,116.972,119.692,116.872,119.572,742112.0
2022-03-23,119.092,120.292,118.272,119.772,577029.0
2022-03-24,119.032,121.412,118.772,120.472,610757.0
2022-03-25,119.992,121.552,119.132,119.232,559938.0
2022-03-28,118.772,120.212,117.832,119.672,393686.0
2022-03-29,119.872,120.372,118.272,118.392,322357.0
2022-03-30,119.072,121.632,118.872,121.372,575427.0
2022-03-31,120.772,122.472,120.572,120.872,423498.0
2022-04-01,120.572,122.192,120.192,121.892,473677.0
2022-04-06,122.072,123.812,121.972,123.052,640053.0
2022-04-07,122.372,123.012,120.552,120.932,501130.0
2022-04-08,120.672,122.472,120.672,122.452,434732.0
2022-04-11,121.792,121.932,119.012,119.212,506405.0
2022-04-12,119.692,121.732,118.932,120.912,467396.0
2022-04-13,120.472,120.732,119.332,119.612,317751.0
2022-04-14,120.712,121.012,119.772,120.352,358849.0
2022-04-15,119.972,121.452,119.772,120.572,314115.0
2022-04-18,119.952,119.952,117.632,117.972,405375.0
2022-04-19,118.072,118.512,116.232,116.852,369543.0
2022-04-20,117.272,117.552,115.632,115.792,380610.0
2022-04-21,115.732,118.332,115.592,116.412,549044.0
2022-04-22,115.992,117.912,115.792,116.892,397326.0
2022-04-25,113.972,116.332,113.372,113.672,673920.0
2022-04-26,113.652,114.332,110.992,111.152,638924.0
2022-04-27,110.792,112.372,110.332,111.792,531084.0
2022-04-28,111.552,111.792,110.292,111.292,525999.0
2022-04-29,111.572,114.212,111.172,113.092,516386.0
2022-05-05,113.552,115.132,113.472,114.012,428782.0
2022-05-06,112.872,113.932,111.972,112.092,372315.0
2022-05-09,112.132,112.792,111.712,112.672,256120.0
2022-05-10,111.672,113.332,111.372,112.912,404693.0
2022-05-11,112.852,113.992,112.392,113.432,607285.0
2022-05-12,112.672,113.132,111.672,111.972,427738.0
2022-05-13,112.332,112.972,111.152,111.892,412335.0
2022-05-16,112.272,112.392,110.332,110.692,468863.0
2022-05-17,110.972,111.732,110.512,111.612,401373.0
2022-05-18,111.952,112.172,110.692,111.232,352342.0
2022-05-19,110.172,110.852,110.032,110.552,282816.0
2022-05-20,110.772,112.692,110.772,112.592,549751.0
2022-05-23,112.272,112.512,111.352,111.752,359098.0
2022-05-24,111.572,112.192,110.192,110.252,393424.0
2022-05-25,110.032,110.972,110.012,110.432,263749.0
2022-05-26,110.592,111.072,109.872,110.272,400992.0
2022-05-27,110.792,111.672,110.772,111.032,387901.0
2022-05-30,111.832,112.692,111.412,112.272,522175.0
2022-05-31,112.432,113.532,111.972,112.372,540653.0
2022-06-01,112.472,113.072,111.792,112.312,328521.0
2022-06-02,111.572,112.032,111.072,111.972,340829.0
2022-06-06,111.952,112.512,110.632,112.492,543267.0
2022-06-07,112.492,112.732,111.872,112.272,431575.0
2022-06-08,112.472,113.392,112.092,113.152,529562.0
2022-06-09,113.372,114.032,112.912,113.212,532430.0
2022-06-10,112.672,113.972,112.132,113.852,565320.0
2022-06-13,112.972,113.172,112.012,112.252,537121.0
2022-06-14,111.772,114.472,111.572,114.412,628958.0
2022-06-15,113.972,121.092,113.792,119.272,1985892.0
2022-06-16,118.732,118.972,116.972,116.972,844931.0
2022-06-17,116.712,118.492,116.472,118.032,566704.0
2022-06-20,118.384,118.644,117.044,117.664,570615.0
2022-06-21,118.304,120.504,117.844,119.204,684569.0
2022-06-22,119.344,119.584,117.744,117.744,436907.0
2022-06-23,118.204,119.944,118.204,119.444,494265.0
2022-06-24,119.804,120.644,119.384,120.464,536724.0
2022-06-27,120.644,121.144,119.944,120.544,449858.0
2022-06-28,120.584,121.324,119.644,120.744,351707.0
2022-06-29,120.724,121.824,120.104,120.524,412772.0
2022-06-30,120.544,121.344,119.864,120.324,391853.0
2022-07-01,120.344,120.904,119.184,119.564,357568.0
2022-07-04,119.344,119.944,118.544,119.864,407130.0
2022-07-05,119.904,122.044,119.704,120.164,452569.0
2022-07-06,120.184,120.204,118.444,118.644,389561.0
2022-07-07,118.244,119.224,118.124,118.144,293722.0
2022-07-08,118.764,119.704,118.304,118.584,292283.0
2022-07-11,118.164,118.484,117.384,117.704,281135.0
2022-07-12,117.704,118.424,117.184,117.964,254055.0
2022-07-13,117.784,118.204,116.944,117.104,296588.0
2022-07-14,116.744,117.024,113.804,114.144,903044.0
2022-07-15,114.164,115.124,112.344,112.364,694042.0
2022-07-18,112.444,114.324,112.384,113.844,355244.0
2022-07-19,113.784,114.484,112.744,113.744,356106.0
2022-07-20,114.504,114.604,113.664,113.744,249566.0
2022-07-21,113.404,113.444,112.244,112.424,405568.0
2022-07-22,112.544,113.664,112.504,113.044,294356.0
2022-07-25,112.944,113.184,112.384,112.784,225135.0
2022-07-26,112.844,113.524,112.784,113.344,228474.0
2022-07-27,113.064,113.304,112.344,112.524,296399.0
2022-07-28,112.744,113.444,112.364,112.384,348750.0
2022-07-29,112.524,113.244,111.144,111.184,460704.0
2022-08-01,111.164,111.184,110.444,110.624,306551.0
2022-08-02,110.004,110.044,108.004,109.284,604008.0
2022-08-03,109.224,109.744,108.424,108.604,407852.0
2022-08-04,109.184,109.544,108.744,109.104,251163.0
2022-08-05,109.524,110.304,108.904,110.024,296710.0
2022-08-08,109.544,110.024,108.944,109.304,301594.0
2022-08-09,109.284,109.364,108.784,108.864,251397.0
2022-08-10,108.864,109.104,107.664,107.744,460089.0
2022-08-11,108.124,110.304,107.784,109.864,610701.0
2022-08-12,109.464,110.464,109.224,110.164,359933.0
2022-08-15,109.804,110.464,109.204,109.224,332769.0
2022-08-16,109.624,109.884,108.744,108.924,277390.0
2022-08-17,109.044,109.904,108.384,109.524,375722.0
2022-08-18,109.244,109.304,108.464,108.564,294080.0
2022-08-19,108.344,109.464,108.184,108.884,324629.0
2022-08-22,108.644,109.724,108.544,109.244,339719.0
2022-08-23,108.984,109.244,108.304,108.384,331480.0
2022-08-24,109.644,111.824,109.644,110.164,1157330.0
2022-08-25,110.644,113.404,110.304,113.144,1105726.0
2022-08-26,113.164,113.584,111.984,113.184,726726.0
2022-08-29,112.544,113.384,111.924,113.084,449893.0
2022-08-30,112.904,113.524,111.964,112.724,388929.0
2022-08-31,112.364,115.484,112.264,114.624,842238.0
2022-09-01,114.144,115.204,113.764,114.244,455213.0
2022-09-02,114.724,115.504,113.464,114.344,449145.0
2022-09-05,113.944,114.744,112.984,114.544,417491.0
2022-09-06,114.744,115.844,113.984,114.744,449772.0
2022-09-07,114.144,114.564,113.264,114.144,376411.0
2022-09-08,114.624,115.444,114.264,114.624,321298.0
2022-09-09,114.924,116.504,114.644,116.324,577867.0
2022-09-13,116.304,117.684,115.644,117.064,529663.0
2022-09-14,116.004,117.304,115.964,116.244,355084.0
2022-09-15,116.284,118.144,116.264,117.124,594442.0
2022-09-16,116.584,116.884,114.684,114.804,624920.0
2022-09-19,114.784,115.904,114.064,114.804,405383.0
2022-09-20,115.244,115.324,113.184,113.424,357650.0
2022-09-21,113.144,113.864,112.744,113.244,303537.0
2022-09-22,112.144,112.604,111.764,111.904,376230.0
2022-09-23,111.764,113.824,111.764,112.984,375326.0
2022-09-26,112.424,113.584,111.784,111.924,307124.0
2022-09-27,111.804,112.424,111.484,111.824,312291.0
2022-09-28,111.344,111.944,110.644,110.724,422044.0
2022-09-29,111.404,111.624,109.244,109.584,426558.0
2022-09-30,109.644,110.904,109.644,110.104,331619.0
2022-10-10,110.104,111.304,109.704,109.804,413876.0
2022-10-11,110.284,110.684,109.184,109.344,269317.0
2022-10-12,109.364,110.944,108.544,110.784,362473.0
2022-10-13,110.544,110.744,109.344,109.664,383846.0
2022-10-14,110.444,111.604,110.184,110.824,434417.0
2022-10-17,110.364,111.244,110.064,111.144,341425.0
2022-10-18,111.744,111.824,110.284,110.444,416357.0
2022-10-19,110.244,110.904,109.464,109.484,364361.0
2022-10-20,109.555,109.735,108.555,108.775,450214.0
2022-10-21,108.955,109.255,107.755,108.055,457377.0
2022-10-24,108.075,108.615,103.975,104.155,951252.0
2022-10-25,103.915,105.515,103.075,104.195,553549.0
2022-10-26,103.835,105.055,103.775,104.095,498395.0
2022-10-27,104.175,104.935,103.855,104.075,457497.0
2022-10-28,103.775,104.155,102.215,102.215,507692.0
2022-10-31,101.535,102.095,100.555,101.055,562034.0
2022-11-01,101.655,103.715,101.495,103.675,565665.0
2022-11-02,103.335,103.955,103.015,103.555,450385.0
2022-11-03,103.115,103.355,102.155,102.615,349335.0
2022-11-04,102.615,106.055,102.575,105.375,692055.0
2022-11-07,104.755,107.115,104.595,106.335,574810.0
2022-11-08,106.335,106.755,105.515,106.135,370483.0
2022-11-09,106.335,106.535,105.335,105.495,267687.0
2022-11-10,104.755,106.155,104.315,105.675,323175.0
2022-11-11,107.635,110.695,107.395,109.415,1046676.0
2022-11-14,112.075,112.995,111.175,111.955,1216680.0
2022-11-15,111.715,114.655,111.375,113.735,934424.0
2022-11-16,113.995,114.395,113.295,113.355,596528.0
2022-11-17,113.335,114.255,112.655,113.875,503980.0
2022-11-18,114.115,114.375,112.875,113.075,392464.0
2022-11-21,112.255,112.255,110.075,111.175,511185.0
2022-11-22,111.155,113.515,110.755,112.695,471814.0
2022-11-23,112.795,113.635,112.275,112.295,449620.0
2022-11-24,113.175,113.515,112.095,112.355,249076.0
2022-11-25,112.315,114.655,112.255,114.255,597960.0
2022-11-28,112.015,112.435,110.735,111.575,510315.0
2022-11-29,113.395,118.555,113.395,118.315,1753205.0
2022-11-30,118.395,121.095,117.955,118.655,1165016.0
2022-12-01,120.715,121.335,118.115,118.415,859327.0
2022-12-02,118.395,118.755,116.755,117.995,607787.0
2022-12-05,119.855,123.375,119.455,123.315,1380436.0
2022-12-06,123.315,124.115,122.235,123.635,878273.0
2022-12-07,123.635,123.715,121.495,122.155,831455.0
2022-12-08,121.515,123.155,121.355,123.055,448364.0
2022-12-09,122.895,124.515,122.155,123.955,709579.0
2022-12-12,123.155,123.315,120.915,121.095,656471.0
2022-12-13,121.675,122.935,121.355,122.155,423663.0
2022-12-14,122.915,122.975,121.035,122.535,346973.0
2022-12-15,122.355,122.935,120.355,121.615,404021.0
2022-12-16,120.975,122.775,120.895,122.555,421348.0
2022-12-19,122.555,123.295,119.655,120.295,505896.0
2022-12-20,119.875,120.515,117.915,118.615,495245.0
2022-12-21,118.955,119.955,118.635,119.275,297896.0
2022-12-22,120.755,121.115,120.055,120.515,353462.0
2022-12-23,119.815,120.775,119.395,120.035,306472.0
2022-12-26,120.035,120.515,118.075,118.075,403282.0
2022-12-27,119.295,120.655,118.815,119.915,347793.0
2022-12-28,119.615,121.655,119.355,121.315,456267.0
2022-12-29,120.655,120.775,118.975,120.395,469576.0
2022-12-30,120.755,123.155,120.755,122.755,553005.0
2023-01-03,121.935,123.275,120.875,123.055,602304.0
2023-01-04,123.355,126.015,123.355,125.815,869496.0
2023-01-05,127.155,127.755,125.755,126.615,737048.0
2023-01-06,127.755,128.415,126.855,128.235,780346.0
2023-01-09,128.755,130.655,128.155,130.575,881857.0
2023-01-10,130.555,130.575,127.035,127.175,837949.0
2023-01-11,127.755,130.755,127.635,130.155,966895.0
2023-01-12,130.555,130.975,129.615,130.575,600256.0
2023-01-13,131.155,133.455,130.855,133.455,896257.0
2023-01-16,133.795,135.715,131.735,132.935,1229794.0
2023-01-17,132.675,132.895,130.755,131.755,698873.0
2023-01-18,131.755,132.495,131.075,131.855,419603.0
2023-01-19,131.555,132.495,131.055,132.375,510461.0
2023-01-20,132.955,133.235,131.755,132.955,497069.0
2023-01-30,135.935,135.955,131.715,131.715,857579.0
2023-01-31,132.275,133.315,130.455,130.715,612418.0
2023-02-01,131.855,132.255,129.575,131.455,565301.0
2023-02-02,131.955,131.955,129.555,130.415,636217.0
2023-02-03,129.755,129.855,126.555,127.955,927310.0
2023-02-06,126.355,126.475,124.195,125.075,921595.0
2023-02-07,125.755,126.435,125.155,126.155,444363.0
2023-02-08,126.255,127.135,125.515,125.755,347190.0
2023-02-09,125.755,127.855,125.535,127.395,564907.0
2023-02-10,127.675,127.855,126.775,127.355,309173.0
2023-02-13,127.135,127.355,125.335,127.255,457973.0
2023-02-14,127.355,128.555,127.095,128.555,370402.0
2023-02-15,128.435,128.535,126.175,126.515,461027.0
2023-02-16,126.915,128.855,126.755,127.155,576891.0
2023-02-17,127.155,128.415,126.175,126.355,417519.0
2023-02-20,126.455,128.735,126.255,128.655,664285.0
2023-02-21,128.475,128.995,127.655,128.775,426660.0
2023-02-22,127.755,128.675,126.975,127.115,446046.0
2023-02-23,126.755,128.155,126.375,126.715,385254.0
2023-02-24,126.535,126.775,124.975,125.155,446548.0
2023-02-27,124.755,125.535,124.315,124.355,467917.0
2023-02-28,124.775,125.315,123.775,125.155,380417.0
2023-03-01,124.795,128.755,124.775,128.735,724323.0
2023-03-02,128.695,129.675,128.195,129.155,380889.0
2023-03-03,129.715,130.075,128.455,129.315,284133.0
2023-03-06,128.755,129.095,125.655,125.915,773237.0
2023-03-07,125.855,127.155,124.255,124.575,587302.0
2023-03-08,123.855,123.975,122.735,123.215,527417.0
2023-03-09,123.515,123.515,121.695,122.035,518325.0
2023-03-10,120.875,122.055,120.755,120.755,457092.0
2023-03-13,120.755,122.335,120.575,121.755,399483.0
2023-03-14,121.195,121.195,119.535,119.675,490733.0
2023-03-15,120.815,122.075,120.315,120.655,443643.0
2023-03-16,118.555,120.415,118.255,119.215,789609.0
2023-03-17,120.375,122.675,120.375,121.155,950191.0
2023-03-20,120.755,121.915,119.875,119.915,719244.0
2023-03-21,120.535,121.555,120.315,120.775,446659.0
2023-03-22,121.255,122.295,121.195,121.755,552251.0
2023-03-23,121.355,122.535,121.355,122.515,554274.0
2023-03-24,122.355,122.355,120.875,121.155,437694.0
2023-03-27,121.275,121.415,119.755,120.735,362173.0
2023-03-28,120.935,121.515,120.115,120.515,283324.0
2023-03-29,121.415,121.915,119.555,119.595,409020.0
2023-03-30,119.775,120.155,118.635,119.715,450030.0
2023-03-31,119.955,121.355,119.515,119.955,524540.0
2023-04-03,119.855,120.555,119.335,120.115,451215.0
2023-04-04,120.095,120.475,119.215,119.895,473486.0
2023-04-06,119.855,119.855,118.815,118.915,361627.0
2023-04-07,119.335,120.315,119.055,120.015,326336.0
2023-04-10,120.215,121.295,119.755,120.875,527369.0
2023-04-11,120.795,121.355,120.015,120.075,543094.0
2023-04-12,120.355,120.915,119.655,119.955,460938.0
2023-04-13,119.355,119.495,118.375,118.995,569479.0
2023-04-14,119.455,120.695,119.155,119.735,428919.0
2023-04-17,119.415,123.715,118.795,123.715,1036161.0
2023-04-18,123.155,126.915,123.015,125.995,1310275.0
2023-04-19,125.855,126.555,125.295,125.555,497165.0
2023-04-20,125.575,126.655,124.995,126.335,476734.0
2023-04-21,125.955,126.135,122.015,122.235,811976.0
2023-04-24,122.515,124.255,121.155,121.555,587482.0
2023-04-25,121.835,122.915,120.515,120.935,617583.0
2023-04-26,120.475,121.255,120.075,120.335,505147.0
2023-04-27,122.715,129.495,122.375,129.495,2570645.0
2023-04-28,129.975,134.055,129.315,132.355,2149502.0
2023-05-04,130.295,137.455,129.935,136.155,1837641.0
2023-05-05,136.755,138.755,135.235,136.415,1264107.0
2023-05-08,136.735,138.915,135.775,138.595,1504054.0
2023-05-09,138.595,140.755,135.495,135.715,1461587.0
2023-05-10,135.715,136.475,132.975,133.375,1055610.0
2023-05-11,134.555,135.695,133.075,133.455,593884.0
2023-05-12,133.415,133.755,131.095,131.295,626681.0
2023-05-15,131.315,136.495,130.315,136.175,1113754.0
2023-05-16,136.095,136.395,134.355,135.155,644969.0
2023-05-17,134.335,134.455,131.915,132.575,642552.0
2023-05-18,132.355,134.455,131.815,132.395,555166.0
2023-05-19,131.175,132.155,130.355,130.835,554236.0
2023-05-22,130.755,132.455,130.355,131.595,498812.0
2023-05-23,131.555,132.095,128.555,128.555,685386.0
2023-05-24,128.475,128.555,125.555,125.695,713134.0
2023-05-25,125.515,126.255,124.555,125.555,525529.0
2023-05-26,125.535,126.515,124.375,125.635,403366.0
2023-05-29,126.015,126.255,124.355,124.835,484344.0
2023-05-30,124.855,125.415,123.595,124.735,570291.0
2023-05-31,124.155,124.335,122.755,122.755,610689.0
2023-06-01,122.855,124.615,122.555,123.655,518074.0
2023-06-02,124.515,127.155,124.415,126.955,832840.0
2023-06-05,126.275,126.615,125.215,125.775,466456.0
2023-06-06,125.435,128.615,125.255,126.275,644502.0
2023-06-07,127.555,128.135,126.295,126.775,425436.0
2023-06-08,126.595,128.675,126.115,128.095,572284.0
2023-06-09,128.095,128.655,127.575,127.715,428043.0
2023-06-12,127.675,128.635,126.535,127.895,476457.0
2023-06-13,127.715,128.155,126.255,128.015,440029.0
2023-06-14,128.847,129.527,127.447,127.807,553664.0
2023-06-15,128.307,129.907,127.447,128.547,473440.0
2023-06-16,129.107,129.387,127.907,128.907,534142.0
2023-06-19,128.627,128.667,126.367,126.707,642164.0
2023-06-20,126.707,127.207,125.307,125.487,615333.0
2023-06-21,124.927,126.207,124.667,124.987,381031.0
2023-06-26,124.307,124.447,123.107,123.567,485350.0
2023-06-27,123.547,124.967,123.207,124.307,480933.0
2023-06-28,124.007,124.807,123.567,124.787,356070.0
2023-06-29,124.807,125.287,123.967,124.307,265735.0
2023-06-30,124.107,125.447,124.087,124.507,326971.0
2023-07-03,124.587,128.407,124.467,128.067,697781.0
2023-07-04,128.087,128.167,127.107,127.607,297441.0
2023-07-05,127.487,127.687,126.267,126.407,264061.0
2023-07-06,125.767,128.027,125.747,126.307,402580.0
2023-07-07,125.707,127.087,125.667,126.127,364421.0
2023-07-10,126.967,127.087,124.727,124.927,368164.0
2023-07-11,125.307,126.547,125.307,126.107,268886.0
2023-07-12,126.107,127.607,125.867,126.287,354393.0
2023-07-13,127.147,129.207,127.007,128.947,648768.0
2023-07-14,129.747,129.887,128.527,128.987,366358.0
2023-07-17,128.447,128.607,127.467,127.807,304707.0
2023-07-18,128.267,128.287,126.627,126.907,283183.0
2023-07-19,126.307,127.427,126.307,127.247,321116.0
2023-07-20,127.507,128.107,126.347,126.547,301378.0
2023-07-21,126.327,127.207,125.307,125.647,446791.0
2023-07-24,125.307,125.687,124.707,124.947,315980.0
2023-07-25,127.107,131.067,127.107,130.807,1413279.0
2023-07-26,130.067,130.987,129.667,130.627,515441.0
2023-07-27,130.887,132.867,130.527,131.467,703735.0
2023-07-28,130.707,136.427,130.527,135.567,1277908.0
2023-07-31,137.667,139.067,136.307,136.907,1274855.0
2023-08-01,136.707,137.707,134.587,135.187,670614.0
2023-08-02,134.907,136.827,133.567,134.527,608798.0
2023-08-03,134.527,136.907,133.927,136.527,654944.0
2023-08-04,138.167,139.407,135.507,135.507,1051653.0
2023-08-07,134.467,135.247,134.107,135.107,436896.0
2023-08-08,134.647,135.087,132.627,134.227,523263.0
2023-08-09,133.867,134.867,133.607,134.227,372853.0
2023-08-10,133.807,134.647,133.467,134.427,299263.0
2023-08-11,134.307,134.527,130.407,130.447,748921.0
2023-08-14,128.307,129.347,128.267,128.767,604721.0
2023-08-15,128.747,129.867,127.747,129.067,521837.0
2023-08-16,128.347,129.587,127.967,128.407,476604.0
2023-08-17,127.727,128.067,126.367,127.527,598274.0
2023-08-18,127.507,129.707,126.747,126.747,636663.0
2023-08-21,126.507,126.687,125.047,125.047,628081.0
2023-08-22,125.507,126.307,124.647,125.707,518495.0
2023-08-23,125.147,125.907,124.487,124.627,476239.0
2023-08-24,124.767,125.727,124.087,124.707,418637.0
2023-08-25,124.327,126.467,124.207,125.727,417635.0
2023-08-28,132.707,132.767,127.267,127.927,1090108.0
2023-08-29,127.787,129.647,127.487,128.827,573806.0
2023-08-30,129.467,129.687,127.507,128.207,600123.0
2023-08-31,128.967,130.807,128.727,129.287,639538.0
2023-09-01,130.407,132.707,130.227,131.907,855756.0
2023-09-04,132.607,135.507,132.587,134.607,921931.0
2023-09-05,134.107,134.107,131.967,132.107,506244.0
2023-09-06,131.707,134.087,131.467,133.767,514362.0
2023-09-07,133.127,133.467,132.027,132.147,403291.0
2023-09-08,131.767,132.607,131.307,131.947,273667.0
2023-09-11,132.467,133.247,131.407,132.427,491515.0
2023-09-12,131.907,132.007,130.687,131.607,361144.0
2023-09-13,131.987,132.147,130.147,130.707,433989.0
2023-09-14,130.987,131.307,129.687,130.087,391312.0
2023-09-15,130.687,131.947,129.707,130.107,557532.0
2023-09-18,129.547,130.667,129.107,130.307,295267.0
2023-09-19,130.267,130.407,129.747,130.267,266524.0
2023-09-20,130.227,130.227,128.867,129.487,328733.0
2023-09-21,129.107,129.427,128.447,128.687,335480.0
2023-09-22,128.707,132.367,128.447,132.367,663006.0
2023-09-25,131.727,131.907,129.767,129.827,499759.0
2023-09-26,129.807,130.387,128.747,128.827,400930.0
2023-09-27,128.907,129.687,128.707,129.027,324863.0
2023-09-28,129.367,129.467,128.007,128.307,421466.0
2023-10-09,127.707,128.247,126.747,127.847,394012.0
2023-10-10,128.267,128.767,126.747,126.907,330777.0
2023-10-11,127.407,127.647,126.727,127.087,325297.0
2023-10-12,129.447,129.487,128.127,128.567,448710.0
2023-10-13,127.447,128.267,127.047,127.647,261270.0
2023-10-16,127.407,127.967,126.527,126.787,319003.0
2023-10-17,127.307,127.667,126.627,127.067,270142.0
2023-10-18,126.727,127.247,126.467,126.487,325690.0
2023-10-19,125.927,126.027,123.727,123.807,694085.0
2023-10-20,122.907,123.887,122.807,123.387,481776.0
2023-10-23,123.287,124.107,122.707,123.587,387068.0
2023-10-24,123.767,124.707,123.067,123.907,432311.0
2023-10-25,125.509,125.549,124.409,124.569,374463.0
2023-10-26,124.149,125.149,124.049,124.949,280986.0
2023-10-27,123.929,124.629,122.649,123.909,618850.0
2023-10-30,123.929,124.529,123.169,124.169,455498.0
2023-10-31,124.389,125.409,123.909,124.469,423089.0
2023-11-01,125.129,125.309,123.589,123.769,378012.0
2023-11-02,123.969,124.729,123.569,123.669,292248.0
2023-11-03,123.929,124.169,123.329,124.029,386407.0
2023-11-06,124.749,125.889,124.569,125.669,562463.0
2023-11-07,125.309,125.349,124.029,124.149,520543.0
2023-11-08,124.149,124.409,122.649,122.809,703734.0
2023-11-09,121.549,121.949,119.269,120.109,1504542.0
2023-11-10,119.349,119.349,117.609,118.249,1049965.0
2023-11-13,118.149,118.429,117.669,118.329,493091.0
2023-11-14,118.649,119.169,118.329,118.769,558200.0
2023-11-15,119.789,120.769,119.309,120.269,728706.0
2023-11-16,119.809,120.249,119.089,119.289,386089.0
2023-11-17,118.809,119.189,118.209,118.869,404728.0
2023-11-20,118.969,119.649,118.509,119.369,324987.0
2023-11-21,119.369,120.649,119.369,119.689,432503.0
2023-11-22,119.449,119.649,118.969,119.009,249251.0
2023-11-23,118.929,119.649,118.569,119.649,263803.0
2023-11-24,119.549,119.609,118.809,118.929,280449.0
2023-11-27,118.749,118.829,116.769,117.249,585460.0
2023-11-28,117.149,117.669,116.709,116.889,372261.0
2023-11-29,116.889,117.009,114.549,115.049,679047.0
2023-11-30,114.889,115.689,114.789,115.149,388572.0
2023-12-01,114.849,115.909,114.149,115.589,486961.0
2023-12-04,115.249,116.089,114.169,114.309,399870.0
2023-12-05,113.789,113.889,112.569,112.609,506428.0
2023-12-06,112.549,113.049,112.129,112.609,433324.0
2023-12-07,112.269,112.989,111.309,112.229,501004.0
2023-12-08,112.049,112.809,111.929,111.929,378912.0
2023-12-11,111.549,112.969,110.669,112.749,555114.0
2023-12-12,112.389,113.169,112.049,113.129,358213.0
2023-12-13,112.949,112.949,111.329,111.329,412856.0
2023-12-14,112.009,112.489,110.929,110.949,332368.0
2023-12-15,111.849,112.669,111.009,111.129,507912.0
2023-12-18,110.349,111.249,110.169,110.769,329987.0
2023-12-19,110.709,111.509,110.349,110.969,332249.0
2023-12-20,110.969,111.349,110.409,110.449,299482.0
2023-12-21,110.069,111.489,109.809,111.149,424163.0
2023-12-22,111.069,112.309,110.909,111.749,424737.0
2023-12-25,111.649,112.109,111.369,111.909,203255.0
2023-12-26,111.909,111.909,111.189,111.749,199146.0
2023-12-27,111.749,111.869,110.909,111.549,295938.0
2023-12-28,111.549,114.249,111.249,114.069,609526.0
2023-12-29,113.669,114.429,113.649,114.149,341078.0
2024-01-02,114.149,114.169,112.469,112.489,437592.0
2024-01-03,112.489,112.869,111.929,112.349,363822.0
2024-01-04,112.269,112.709,110.869,111.349,467392.0
2024-01-05,111.249,112.709,110.909,111.489,499202.0
2024-01-08,111.489,111.889,109.989,110.449,514732.0
2024-01-09,110.449,110.709,109.949,110.309,370651.0
2024-01-10,110.129,110.449,109.189,109.189,441304.0
2024-01-11,109.149,110.869,108.789,110.409,381571.0
2024-01-12,109.929,110.629,109.609,109.609,303001.0
2024-01-15,109.289,110.529,108.949,109.889,327022.0
2024-01-16,109.629,111.069,109.429,110.949,544963.0
2024-01-17,110.469,110.649,109.569,109.569,561229.0
2024-01-18,109.049,111.609,108.829,111.529,861544.0
2024-01-19,111.149,112.229,110.649,111.949,639744.0
2024-01-22,111.689,113.409,111.489,112.509,961099.0
2024-01-23,111.949,112.969,110.949,112.269,601721.0
2024-01-24,112.869,114.149,111.709,113.889,761151.0
2024-01-25,113.849,116.569,113.549,115.849,986581.0
2024-01-26,115.649,116.229,114.849,116.049,785925.0
2024-01-29,116.069,116.929,115.389,115.509,620785.0
2024-01-30,114.749,115.369,113.889,113.929,570640.0
2024-01-31,113.849,115.249,113.529,114.569,557014.0
2024-02-01,113.789,114.809,113.409,114.149,490925.0
2024-02-02,114.149,114.649,111.549,113.749,690773.0
2024-02-05,113.549,115.529,112.909,114.909,806148.0
2024-02-06,114.889,116.909,114.289,116.669,823835.0
2024-02-07,116.929,118.349,116.249,118.309,916154.0
2024-02-08,118.589,119.449,117.849,119.109,768747.0
2024-02-19,119.529,119.709,118.589,119.009,544134.0
2024-02-20,118.849,118.889,117.749,118.249,469355.0
2024-02-21,117.909,122.149,117.589,120.729,1112492.0
2024-02-22,120.269,121.029,119.969,120.949,517452.0
2024-02-23,120.909,122.449,120.749,121.689,644217.0
2024-02-26,121.349,121.369,119.349,119.449,616196.0
2024-02-27,119.189,119.849,118.949,119.789,429013.0
2024-02-28,119.929,120.109,118.849,118.849,535764.0
2024-02-29,118.589,119.689,118.549,119.349,455092.0
2024-03-01,119.149,119.729,118.589,119.529,445774.0
2024-03-04,119.009,119.189,117.949,118.229,545047.0
2024-03-05,117.849,119.309,117.649,119.169,623437.0
2024-03-06,119.129,119.369,118.469,118.549,342763.0
2024-03-07,119.089,120.469,119.009,119.669,648962.0
2024-03-08,119.289,119.949,118.649,119.309,372494.0
2024-03-11,119.109,120.109,119.029,119.869,435973.0
2024-03-12,119.889,121.309,119.309,121.169,679206.0
2024-03-13,121.009,121.069,118.689,118.809,701216.0
2024-03-14,118.289,119.329,118.149,118.449,360890.0
2024-03-15,118.569,118.829,117.589,118.509,398675.0
2024-03-18,118.249,118.869,117.689,118.669,416263.0
2024-03-19,118.349,118.349,117.149,117.209,486015.0
2024-03-20,117.049,117.649,116.909,117.389,283617.0
2024-03-21,117.729,118.409,117.169,117.609,414976.0
2024-03-22,115.609,115.809,114.049,114.669,1125504.0
2024-03-25,114.449,115.309,114.249,114.429,437601.0
2024-03-26,114.429,115.449,114.429,115.349,402991.0
2024-03-27,115.109,115.509,114.849,114.849,346190.0
2024-03-28,114.749,116.069,114.449,114.929,432340.0
2024-03-29,115.109,116.029,114.929,115.169,335122.0
2024-04-01,115.449,116.049,115.349,116.049,387063.0
2024-04-02,115.929,116.469,115.369,115.549,399966.0
2024-04-03,115.349,115.649,114.549,114.549,463640.0
2024-04-08,114.109,114.409,113.309,113.989,435902.0
2024-04-09,114.089,114.509,113.749,113.769,293924.0
2024-04-10,113.529,113.689,111.749,111.949,667545.0
2024-04-11,111.609,111.829,110.769,111.449,443214.0
2024-04-12,111.149,111.529,108.889,109.109,918947.0
2024-04-15,109.109,110.549,108.909,110.269,771609.0
2024-04-16,110.269,111.129,109.709,110.109,626747.0
2024-04-17,110.089,111.589,109.569,111.449,594585.0
2024-04-18,111.349,114.149,111.169,112.949,846089.0
2024-04-19,112.489,113.109,111.949,112.389,368395.0
2024-04-22,112.529,113.729,112.529,113.209,391228.0
2024-04-23,113.189,113.749,112.769,113.329,342653.0
2024-04-24,114.329,114.949,113.769,114.749,549964.0
2024-04-25,114.589,116.109,114.149,115.669,582178.0
2024-04-26,115.529,117.109,115.169,116.609,694276.0
2024-04-29,116.549,119.309,116.369,117.709,875455.0
2024-04-30,117.709,117.869,116.189,116.269,518190.0
2024-05-06,119.849,120.109,118.289,118.529,1062747.0
2024-05-07,118.549,119.129,117.929,118.729,528152.0
2024-05-08,118.449,118.949,117.309,117.449,447335.0
2024-05-09,117.289,118.709,117.269,118.229,413541.0
2024-05-10,118.749,119.909,118.589,119.409,677670.0
2024-05-13,118.569,119.329,117.889,118.849,493481.0
2024-05-14,118.849,119.149,117.849,118.169,396512.0
2024-05-15,118.109,118.149,116.869,117.229,399119.0
2024-05-16,117.949,120.329,117.469,119.649,934782.0
2024-05-17,120.749,123.949,120.449,123.949,1894580.0
2024-05-20,124.949,125.689,123.209,124.469,1479453.0
2024-05-21,123.709,124.629,123.589,124.349,551096.0
2024-05-22,124.149,125.649,123.849,124.349,751337.0
2024-05-23,123.389,123.889,122.589,123.109,635923.0
2024-05-24,122.649,123.149,121.269,121.329,541286.0
2024-05-27,121.549,122.329,121.309,121.749,412742.0
2024-05-28,121.869,122.249,120.789,121.069,421922.0
2024-05-29,120.729,121.809,120.269,120.489,439423.0
2024-05-30,120.169,120.869,119.349,119.849,393955.0
2024-05-31,120.349,121.749,119.669,119.689,482492.0
2024-06-03,119.529,120.469,118.769,119.809,446518.0
2024-06-04,119.709,120.569,119.569,120.089,398178.0
2024-06-05,120.069,120.109,119.429,119.709,361880.0
2024-06-06,119.949,120.209,118.289,118.449,542621.0
2024-06-07,118.749,119.109,117.549,117.789,421394.0
2024-06-11,117.369,117.929,116.749,117.209,422363.0
2024-06-12,117.209,117.349,116.269,116.349,398340.0
2024-06-13,116.709,116.869,115.929,116.149,320428.0
2024-06-14,115.929,117.929,115.869,117.289,635624.0
2024-06-17,116.749,117.209,116.309,116.709,384727.0
2024-06-18,116.949,117.649,116.689,117.009,353452.0
2024-06-19,117.029,117.929,116.769,117.549,410640.0
2024-06-20,117.529,117.689,116.569,116.569,364790.0
2024-06-21,116.529,117.189,116.189,116.889,385055.0
2024-06-24,116.609,117.649,115.989,117.149,445928.0
2024-06-25,117.129,117.789,116.429,116.649,382836.0
2024-06-26,116.509,117.189,116.129,116.849,265061.0
2024-06-27,116.569,116.829,116.049,116.389,367975.0
2024-06-28,116.249,117.349,116.069,116.269,399345.0
2024-07-01,116.369,116.889,114.829,116.789,474198.0
2024-07-02,116.369,119.049,116.349,117.889,568857.0
2024-07-03,117.909,118.409,117.369,118.089,295748.0
2024-07-04,118.069,118.669,117.469,117.509,324851.0
2024-07-05,117.449,118.069,115.509,115.789,526718.0
2024-07-08,115.349,116.269,114.909,115.229,339548.0
2024-07-09,115.209,116.729,114.469,116.589,381403.0
2024-07-10,115.689,117.409,115.689,117.269,361273.0
2024-07-11,118.089,118.529,117.369,117.429,375570.0
2024-07-12,117.549,119.269,117.549,118.909,495697.0
2024-07-15,118.749,119.509,118.509,118.609,354848.0
2024-07-16,117.549,117.769,114.909,115.929,939985.0
2024-07-17,116.049,118.389,116.049,118.129,778406.0
2024-07-18,117.929,118.829,117.469,118.289,513624.0
2024-07-19,118.289,119.849,117.949,119.609,610775.0
2024-07-22,119.749,119.989,118.829,119.549,440562.0
2024-07-23,119.469,120.009,119.109,119.129,459790.0
2024-07-24,119.149,119.609,118.249,118.669,386095.0
2024-07-25,118.529,119.189,118.009,118.689,440474.0
2024-07-26,118.82,119.92,118.02,118.7,510378.0
2024-07-29,118.68,119.78,118.54,119.16,305650.0
2024-07-30,119.08,119.42,118.64,119.18,296922.0
2024-07-31,119.2,121.72,119.02,121.64,580878.0
2024-08-01,121.36,122.22,121.04,121.54,325140.0
2024-08-02,120.98,121.34,119.92,120.16,331373.0
2024-08-05,119.92,121.6,119.9,120.52,430509.0
2024-08-06,121.26,121.48,117.8,118.32,634343.0
2024-08-07,118.36,118.74,117.88,117.92,299781.0
2024-08-08,118.02,118.82,117.34,118.16,236432.0
2024-08-09,118.5,119.0,117.74,117.74,261785.0
2024-08-12,117.58,117.98,117.14,117.76,152199.0
2024-08-13,117.76,118.14,117.54,118.08,166506.0
2024-08-14,118.14,118.4,117.5,117.5,206504.0
2024-08-15,117.54,119.86,116.96,119.16,534167.0
2024-08-16,119.16,120.02,119.02,119.74,269574.0
2024-08-19,119.74,120.86,119.7,120.66,287912.0
2024-08-20,120.82,120.86,119.92,120.36,293763.0
2024-08-21,120.48,120.68,119.34,120.46,236174.0
2024-08-22,120.44,121.02,119.8,119.94,304977.0
2024-08-23,120.6,123.44,120.38,123.22,994234.0
2024-08-26,123.44,123.8,122.62,123.22,475806.0
2024-08-27,123.08,123.62,122.44,122.82,339647.0
2024-08-28,123.0,123.28,122.38,122.9,348395.0
2024-08-29,122.88,123.64,121.44,121.76,476945.0
2024-08-30,121.94,125.58,121.94,124.58,1100006.0
2024-09-02,124.28,124.86,123.42,123.42,513171.0
2024-09-03,123.74,123.76,122.68,122.94,368220.0
2024-09-04,122.96,123.8,121.42,121.8,409949.0
2024-09-05,121.78,123.54,121.74,123.36,466511.0
2024-09-06,123.36,124.48,122.84,123.02,390258.0
2024-09-09,122.68,123.02,121.62,121.88,401725.0
2024-09-10,122.02,122.62,121.1,121.84,293656.0
2024-09-11,121.8,122.36,121.26,121.56,274074.0
2024-09-12,121.98,122.06,120.16,121.72,410839.0
2024-09-13,121.64,123.32,121.52,122.3,344396.0
2024-09-18,122.52,124.1,122.38,123.92,432638.0
2024-09-19,123.96,124.72,123.16,124.58,466500.0
2024-09-20,124.48,125.1,124.0,124.82,532924.0
2024-09-23,124.78,125.32,124.24,124.7,295240.0
2024-09-24,125.72,129.52,125.46,129.52,1208992.0
2024-09-25,131.72,132.92,131.02,131.24,1382985.0
2024-09-26,131.7,137.4,130.92,137.36,1637653.0
2024-09-27,140.32,140.84,137.92,140.32,1394877.0
2024-09-30,145.48,150.7,145.32,150.7,2621254.0
2024-10-08,162.12,162.12,154.72,159.98,3961043.0
2024-10-09,156.52,156.52,147.82,147.92,2855096.0
2024-10-10,149.78,157.7,149.14,153.52,2226730.0
2024-10-11,152.12,156.24,150.58,151.6,1312124.0
2024-10-14,153.3,155.0,151.62,153.86,1177738.0
2024-10-15,153.68,155.08,150.7,150.9,1027900.0
2024-10-16,150.08,152.18,149.74,151.28,855016.0
2024-10-17,152.32,154.12,150.46,150.52,783575.0
2024-10-18,150.523,155.063,147.863,152.723,1494662.0
2024-10-21,153.163,153.303,150.723,152.163,875313.0
2024-10-22,151.963,154.763,151.523,152.483,846011.0
2024-10-23,152.763,156.963,152.163,154.983,1191927.0
2024-10-24,154.163,155.323,153.623,154.563,512730.0
2024-10-25,154.383,155.323,153.483,153.763,539445.0
2024-10-28,153.923,154.483,152.523,153.363,578810.0
2024-10-29,153.363,155.283,153.243,153.623,620100.0
2024-10-30,153.343,154.183,149.723,150.303,907479.0
2024-10-31,150.283,151.963,149.163,150.203,757630.0
2024-11-01,150.663,152.363,150.363,150.663,650139.0
2024-11-04,150.703,152.303,150.223,152.303,530740.0
2024-11-05,152.003,156.123,150.923,155.863,1201144.0
2024-11-06,156.143,156.463,152.263,153.343,1262518.0
2024-11-07,152.363,160.363,152.163,160.043,1864263.0
2024-11-08,160.763,161.343,156.383,156.603,1322990.0
2024-11-11,154.623,155.403,153.403,155.163,917160.0
2024-11-12,155.163,156.303,152.123,152.383,962893.0
2024-11-13,151.763,153.363,151.603,152.743,618245.0
2024-11-14,152.743,154.543,152.163,152.363,663232.0
2024-11-15,152.163,153.323,149.963,149.963,780597.0
2024-11-18,150.563,152.683,149.123,149.883,684296.0
2024-11-19,150.363,150.603,148.563,149.583,528193.0
2024-11-20,149.603,149.963,148.763,149.283,469971.0
2024-11-21,149.343,149.703,148.603,149.343,410245.0
2024-11-22,149.303,149.303,144.363,144.423,1006808.0
2024-11-25,144.363,144.863,142.643,143.503,702698.0
2024-11-26,143.363,144.903,143.103,144.463,407618.0
2024-11-27,144.483,145.563,143.943,145.463,444464.0
2024-11-28,145.503,146.343,144.023,144.703,425502.0
2024-11-29,144.663,147.203,144.443,144.863,563571.0
2024-12-02,144.763,146.823,144.723,146.383,449606.0
2024-12-03,146.063,147.583,145.463,147.223,470058.0
2024-12-04,146.723,147.043,145.783,146.223,381887.0
2024-12-05,145.743,146.463,145.343,145.723,295889.0
2024-12-06,145.943,149.743,145.923,148.603,789837.0
2024-12-09,148.263,148.963,147.263,148.023,510463.0
2024-12-10,152.163,152.723,149.363,149.603,1000984.0
2024-12-11,149.583,150.223,148.123,148.163,504784.0
2024-12-12,148.283,150.063,147.763,149.523,526336.0
2024-12-13,148.763,148.783,145.723,145.843,887096.0
2024-12-16,145.783,146.343,144.223,144.603,658592.0
2024-12-17,144.163,145.303,143.843,144.383,537694.0
2024-12-18,145.023,145.723,144.123,144.243,504461.0
2024-12-19,143.563,144.243,143.063,144.143,405496.0
2024-12-20,144.143,144.823,143.403,143.603,461965.0
2024-12-23,143.603,145.323,143.603,144.563,555505.0
2024-12-24,144.523,146.023,144.363,145.923,495609.0
2024-12-25,145.983,146.983,145.503,146.163,417399.0
2024-12-26,146.143,146.243,145.083,145.263,379222.0
2024-12-27,145.263,145.863,143.783,144.903,537757.0
2024-12-30,144.803,146.163,144.783,146.163,533438.0
2024-12-31,145.943,146.403,143.663,143.663,677118.0
2025-01-02,143.763,143.823,139.143,139.783,948579.0
2025-01-03,140.363,140.543,138.523,138.963,551352.0
2025-01-06,139.463,139.603,138.023,139.043,413490.0
2025-01-07,138.743,139.083,137.983,138.703,392787.0
2025-01-08,138.723,139.523,137.463,138.963,510383.0
2025-01-09,138.883,139.183,137.963,137.983,400821.0
2025-01-10,138.003,138.523,136.163,136.263,522704.0
2025-01-13,135.323,135.963,134.563,135.543,511393.0
2025-01-14,135.543,137.523,135.363,137.083,615774.0
2025-01-15,136.863,137.683,136.183,136.583,458029.0
2025-01-16,136.963,137.863,136.223,136.863,415761.0
2025-01-17,136.563,137.503,135.903,137.123,460747.0
2025-01-20,137.803,138.963,137.683,137.983,491736.0
2025-01-21,138.763,139.143,137.683,138.163,409951.0
2025-01-22,137.803,138.203,136.063,136.263,530780.0
2025-01-23,138.003,141.263,137.923,139.103,969105.0
2025-01-24,138.723,141.103,138.563,140.083,616779.0
2025-01-27,140.423,141.603,139.983,140.063,524547.0
2025-02-05,140.323,140.363,137.703,137.803,583072.0
2025-02-06,137.823,139.363,137.723,138.863,415037.0
2025-02-07,138.723,141.243,138.043,140.123,725812.0
2025-02-10,140.143,141.083,139.963,140.163,431815.0
2025-02-11,140.763,140.843,139.103,139.403,381844.0
2025-02-12,139.403,140.603,138.723,140.523,446994.0
2025-02-13,140.203,141.923,139.983,140.403,590363.0
2025-02-14,140.343,142.083,139.963,141.763,599772.0
2025-02-17,142.023,143.123,141.183,142.043,625710.0
2025-02-18,141.703,142.723,140.763,140.983,650082.0
2025-02-19,140.743,142.023,140.403,141.263,464426.0
2025-02-20,140.823,140.983,139.683,139.923,515385.0
2025-02-21,140.343,141.363,139.283,140.763,668761.0
2025-02-24,140.763,143.323,140.463,142.363,835823.0
2025-02-25,141.363,142.563,140.063,140.323,642429.0
2025-02-26,140.563,141.923,140.423,141.603,536578.0
2025-02-27,141.923,141.963,140.603,141.603,547240.0
2025-02-28,141.163,141.663,139.123,139.123,805268.0
2025-03-03,139.463,140.003,138.483,139.023,423161.0
2025-03-04,138.523,138.943,138.363,138.523,372432.0
2025-03-05,138.723,139.463,138.383,139.123,455072.0
2025-03-06,139.903,142.223,139.423,141.643,1045821.0
2025-03-07,141.563,142.043,141.003,141.363,481479.0
2025-03-10,141.383,141.683,139.923,140.863,611283.0
2025-03-11,139.783,141.363,139.563,141.363,529147.0
2025-03-12,141.363,141.563,140.383,140.663,470578.0
2025-03-13,140.663,141.463,140.223,140.643,411448.0
2025-03-14,141.023,146.143,140.783,145.303,1502449.0
2025-03-17,145.303,145.603,144.563,145.123,605172.0
2025-03-18,145.763,146.743,145.643,145.883,587740.0
2025-03-19,145.723,146.963,145.503,146.503,509874.0
2025-03-20,146.463,146.483,142.823,143.343,1140723.0
2025-03-21,143.163,143.683,141.723,141.863,795715.0
2025-03-24,142.003,142.923,142.003,142.623,508657.0
2025-03-25,142.663,142.783,142.003,142.283,344402.0
2025-03-26,142.323,142.543,141.803,141.803,403995.0
2025-03-27,141.783,143.263,141.423,142.483,432169.0
2025-03-28,142.763,143.103,142.063,142.283,353664.0
2025-03-31,142.163,142.863,141.143,141.623,468390.0
2025-04-01,141.563,142.083,141.183,141.603,394321.0
2025-04-02,141.523,142.283,141.423,142.083,283274.0
2025-04-03,141.143,142.363,141.123,141.323,373348.0
2025-04-07,136.963,137.903,132.363,135.483,1727558.0
2025-04-08,135.463,136.883,134.563,136.883,1117530.0
2025-04-09,135.963,136.863,135.083,136.223,737907.0
2025-04-10,137.083,137.963,136.783,137.323,657915.0
2025-04-11,137.323,137.443,136.323,137.063,450121.0
2025-04-14,137.563,138.063,137.243,137.323,387484.0
2025-04-15,137.323,138.303,136.883,138.023,407762.0
2025-04-16,137.803,138.703,137.163,138.123,467924.0
2025-04-17,137.743,138.923,137.523,138.683,377043.0
2025-04-18,138.463,139.683,138.263,139.243,338811.0
2025-04-21,139.163,139.583,138.763,138.923,263784.0
2025-04-22,138.763,139.943,138.603,139.503,355098.0
2025-04-23,139.883,140.263,139.283,139.763,298773.0
2025-04-24,139.763,141.323,139.763,140.803,423839.0
2025-04-25,140.843,141.543,140.803,141.023,368499.0
2025-04-28,139.203,141.043,138.423,140.783,518666.0
2025-04-29,140.703,141.643,140.083,140.363,337540.0
2025-04-30,140.563,141.463,139.723,139.783,377944.0
2025-05-06,140.363,140.663,139.463,139.963,391512.0
2025-05-07,141.203,141.623,140.423,140.723,420640.0
2025-05-08,140.383,143.063,140.163,142.283,671350.0
2025-05-09,142.183,142.683,141.863,141.863,290709.0
2025-05-12,142.823,143.863,142.363,143.563,577372.0
2025-05-13,143.943,143.943,142.863,143.283,403920.0
2025-05-14,143.263,148.723,143.043,147.743,1577230.0
2025-05-15,147.143,147.963,146.563,146.863,569303.0
2025-05-16,146.463,147.243,145.123,145.143,466130.0
2025-05-19,144.943,145.823,144.763,144.963,324266.0
2025-05-20,145.263,146.723,145.163,145.723,352669.0
2025-05-21,145.763,147.163,145.763,146.063,333066.0
2025-05-22,145.883,146.343,145.423,146.043,240658.0
2025-05-23,145.983,147.283,144.703,144.823,430491.0
2025-05-26,144.683,146.663,144.363,145.163,388130.0
2025-05-27,145.163,146.083,144.963,145.163,255725.0
2025-05-28,145.163,145.743,144.603,144.943,261698.0
2025-05-29,144.963,146.023,144.543,145.403,348683.0
2025-05-30,145.103,145.743,144.063,144.923,417239.0
2025-06-03,144.783,146.583,144.363,146.063,453738.0
2025-06-04,145.583,146.663,145.583,145.883,430897.0
2025-06-05,145.903,146.723,145.683,146.343,419100.0
2025-06-06,146.363,146.603,145.063,145.183,408553.0
2025-06-09,145.463,146.243,145.363,145.803,397887.0
2025-06-10,145.783,146.563,144.983,145.223,467079.0
2025-06-11,145.163,147.663,145.163,147.283,681830.0
2025-06-12,146.963,149.023,146.423,147.983,589999.0
2025-06-13,148.023,148.163,146.923,147.323,480229.0
2025-06-16,147.023,147.523,146.483,147.003,496771.0
2025-06-17,146.963,147.383,146.243,146.823,506289.0
2025-06-18,146.723,146.923,144.963,145.983,469364.0
2025-06-19,145.743,145.963,144.603,144.763,401881.0
2025-06-20,144.743,148.083,144.743,147.843,847430.0
2025-06-23,147.363,148.863,146.883,148.563,614705.0
2025-06-24,148.783,152.303,148.763,151.943,1040798.0
2025-06-25,151.963,154.363,151.523,154.123,1046131.0
2025-06-26,153.943,154.523,153.303,153.523,500740.0
2025-06-27,153.523,154.623,151.583,152.283,667632.0
2025-06-30,152.572,153.472,151.832,152.532,564782.0
2025-07-01,152.892,153.352,152.172,152.972,352746.0
2025-07-02,152.972,153.592,152.272,153.192,395629.0
2025-07-03,153.372,153.972,152.892,153.172,325101.0
2025-07-04,152.972,156.352,152.432,154.712,654544.0
2025-07-07,154.752,155.172,153.692,154.432,321763.0
2025-07-08,154.372,155.132,153.792,154.472,343460.0
2025-07-09,154.472,155.132,153.332,153.372,395463.0
2025-07-10,153.372,156.732,153.192,155.832,828882.0
2025-07-11,155.572,159.612,155.492,156.992,1076429.0
2025-07-14,156.952,158.052,156.712,156.712,449058.0
2025-07-15,157.072,157.492,155.532,155.772,441726.0
2025-07-16,155.912,156.052,153.992,155.232,481825.0
2025-07-17,154.972,155.692,154.932,155.192,277123.0
2025-07-18,155.472,156.472,155.292,155.712,436240.0
2025-07-21,155.872,157.072,155.372,155.952,466733.0
2025-07-22,155.952,155.972,153.772,154.972,695203.0
2025-07-23,155.252,158.332,155.192,157.572,869407.0
2025-07-24,157.512,159.572,156.992,158.852,707737.0
2025-07-25,158.172,158.672,157.212,157.732,508335.0
2025-07-28,157.972,161.972,157.972,161.752,1221217.0
2025-07-29,161.692,162.132,160.312,160.552,566092.0
2025-07-30,160.532,164.232,160.272,162.992,921993.0
2025-07-31,162.392,162.572,158.332,158.952,827601.0
2025-08-01,158.932,159.692,157.732,157.972,488786.0
2025-08-04,157.772,158.252,157.272,157.992,360078.0
2025-08-05,158.172,160.392,157.972,159.852,482956.0
2025-08-06,159.852,160.852,159.212,159.692,324469.0
2025-08-07,159.792,160.492,158.632,159.332,327972.0
2025-08-08,159.332,159.372,158.012,158.652,397933.0
2025-08-11,159.112,159.852,158.512,158.512,431869.0
2025-08-12,158.512,159.712,158.512,159.072,426985.0
2025-08-13,159.412,160.372,158.492,158.792,728453.0
2025-08-14,159.172,162.772,159.112,160.812,1022768.0
2025-08-15,160.772,162.472,159.572,161.172,892968.0
2025-08-18,161.412,162.272,160.252,160.252,957263.0
2025-08-19,161.112,161.932,157.732,157.972,954810.0
2025-08-20,157.752,159.972,156.952,159.972,762725.0
2025-08-21,159.972,161.492,159.392,160.812,574601.0
2025-08-22,160.592,162.592,160.452,162.572,780974.0
2025-08-25,162.772,163.672,161.792,163.572,670113.0
2025-08-26,163.372,163.572,162.472,162.612,491986.0
2025-08-27,162.332,162.472,158.952,158.952,1064558.0
2025-08-28,159.072,159.812,158.192,159.252,636105.0
2025-08-29,159.472,163.772,159.452,161.332,1080309.0
2025-09-01,161.152,161.152,158.232,158.592,948525.0
2025-09-02,158.572,159.172,158.012,158.892,649036.0
2025-09-03,159.452,159.772,156.292,157.132,714746.0
2025-09-04,157.112,157.512,155.692,156.572,727436.0
2025-09-05,156.572,157.692,155.632,157.372,558184.0
2025-09-08,157.092,157.652,156.212,156.972,487733.0
2025-09-09,157.092,158.152,156.672,157.572,518911.0
2025-09-10,157.112,157.892,156.812,157.312,308470.0
2025-09-11,157.372,158.952,156.772,158.952,595072.0
2025-09-12,159.532,159.972,156.572,156.932,735376.0
2025-09-15,156.872,157.552,155.752,156.232,546842.0
2025-09-16,156.272,156.472,154.572,154.812,685714.0
2025-09-17,154.892,155.512,154.472,154.712,684652.0
2025-09-18,154.852,154.912,151.792,152.132,1012074.0
2025-09-19,152.152,153.572,151.572,151.772,543321.0
2025-09-22,152.312,152.872,151.572,151.872,374438.0
2025-09-23,151.632,153.152,151.052,151.612,612961.0
2025-09-24,152.152,153.072,151.472,152.152,503174.0
2025-09-25,152.132,152.352,151.632,151.752,514296.0
2025-09-26,151.612,152.672,150.892,152.012,548622.0
2025-09-29,151.932,156.212,151.632,153.592,1035110.0
2025-09-30,153.172,153.972,151.572,151.792,767082.0
2025-10-09,151.652,152.132,150.072,151.652,824067.0
2025-10-10,151.032,153.512,151.032,152.652,641465.0
2025-10-13,150.592,152.232,150.592,151.772,609656.0
2025-10-14,152.732,154.932,152.612,154.532,1022940.0
2025-10-15,154.532,157.512,154.172,157.192,837046.0
2025-10-16,156.932,158.732,156.792,157.612,681478.0
2025-10-17,157.572,158.532,155.912,156.132,677493.0
2025-10-20,158.232,158.712,156.472,157.372,526695.0
2025-10-21,157.432,159.412,157.432,157.732,762200.0
2025-10-22,157.572,158.572,157.432,157.992,379893.0
2025-10-23,158.012,159.312,157.752,159.072,503501.0
2025-10-24,159.752,160.452,158.972,159.232,558242.0
2025-10-27,159.472,160.252,158.472,158.972,685004.0
2025-10-28,159.052,159.932,158.712,158.992,491305.0
2025-10-29,160.672,162.872,160.452,161.372,1044432.0
2025-10-30,162.072,163.672,160.632,160.772,745713.0
2025-10-31,161.452,161.452,159.072,159.132,572542.0
2025-11-03,160.012,160.872,159.192,160.092,411430.0
2025-11-04,160.172,161.732,159.872,161.352,518126.0
2025-11-05,160.272,161.152,159.312,160.112,402158.0
2025-11-06,160.172,162.032,160.152,161.272,547346.0
2025-11-07,161.032,161.772,160.792,161.252,371910.0
2025-11-10,161.172,162.272,160.352,162.072,529487.0
2025-11-11,162.072,162.472,161.092,161.872,362504.0
2025-11-12,162.072,165.052,162.072,163.532,1490246.0
2025-11-13,164.052,166.232,164.052,165.232,890187.0
2025-11-14,165.172,168.012,164.772,164.772,752741.0
2025-11-17,164.852,165.472,162.392,163.132,560197.0
2025-11-18,162.812,163.772,162.432,162.712,445712.0
2025-11-19,163.072,165.712,162.892,164.212,705865.0
2025-11-20,164.672,165.772,163.532,163.872,394491.0
2025-11-21,163.472,163.672,161.232,161.292,685580.0
2025-11-24,161.792,161.872,160.172,160.272,534709.0
2025-11-25,160.832,163.112,159.932,162.412,487771.0
2025-11-26,162.792,163.912,162.112,163.032,434693.0
2025-11-27,162.472,162.932,160.872,162.152,505701.0
2025-11-28,161.892,162.052,160.492,161.452,433558.0
2025-12-01,161.292,161.832,160.292,160.732,445804.0
2025-12-02,161.072,162.272,160.372,161.072,373837.0
2025-12-03,160.972,161.512,159.772,160.172,335494.0
2025-12-04,160.172,160.572,159.892,160.572,217664.0
2025-12-05,160.772,167.872,160.572,167.452,1377948.0
2025-12-08,167.552,171.072,167.472,170.272,1029979.0
2025-12-09,170.272,170.852,168.312,168.372,483731.0
2025-12-10,168.792,169.592,167.732,168.572,448822.0
2025-12-11,169.072,170.192,167.812,168.532,477963.0
2025-12-12,168.592,171.652,168.292,171.292,1091760.0
2025-12-15,170.832,178.352,170.512,177.632,1546643.0
2025-12-16,176.892,179.692,175.792,177.472,1056821.0
2025-12-17,177.572,180.732,176.772,179.572,962118.0
2025-12-18,179.232,180.632,178.652,180.472,563606.0
2025-12-19,179.772,181.032,178.672,180.972,638476.0
2025-12-22,180.872,182.012,179.872,180.552,556942.0
2025-12-23,180.592,183.952,180.172,182.452,765720.0
2025-12-24,181.812,182.232,180.172,181.532,511320.0
2025-12-25,181.472,187.432,181.432,185.072,777898.0
2025-12-26,184.352,187.392,184.332,185.792,657017.0
2025-12-29,185.472,186.792,183.052,183.232,655665.0
2025-12-30,182.972,183.932,180.252,181.072,1046674.0
2025-12-31,181.032,181.932,179.772,180.272,458069.0
2026-01-05,181.872,189.472,181.872,188.192,1228831.0
2026-01-06,188.272,193.232,188.272,192.112,1468516.0
2026-01-07,191.252,192.872,190.052,190.372,919695.0
2026-01-08,190.212,190.272,182.792,184.232,1685392.0
2026-01-09,184.672,186.032,179.952,181.472,2063348.0
2026-01-12,181.272,181.472,177.912,178.572,1851661.0
2026-01-13,179.072,183.432,179.032,179.872,1502151.0
2026-01-14,180.172,181.332,177.112,177.472,1431109.0
2026-01-15,177.272,180.232,176.852,178.292,1066614.0
2026-01-16,178.672,179.352,175.072,176.132,1356100.0
2026-01-19,176.032,177.372,175.292,176.072,838681.0
2026-01-20,176.172,179.012,175.692,176.672,988500.0
2026-01-21,176.752,177.832,174.772,175.172,935402.0
2026-01-22,175.732,176.632,172.512,173.072,1143922.0
2026-01-23,173.872,174.432,170.792,171.272,1407699.0
2026-01-26,171.472,175.972,171.012,171.752,2013846.0
2026-01-27,172.092,176.172,172.012,174.092,1508841.0
2026-01-28,175.212,175.572,172.332,172.972,1992854.0
2026-01-29,173.532,179.532,172.532,179.472,2755713.0
2026-01-30,179.492,180.852,176.252,176.972,1603228.0
2026-02-02,176.172,180.132,174.932,175.512,1354549.0
2026-02-03,177.272,178.272,174.712,176.632,1033225.0
2026-02-04,176.372,178.372,175.932,178.272,877403.0
2026-02-05,177.812,179.452,175.792,178.172,908191.0
2026-02-06,177.232,178.692,176.312,177.272,749275.0
2026-02-09,178.372,181.672,177.692,180.872,1021237.0
2026-02-10,180.892,181.072,179.072,179.852,548735.0
2026-02-11,179.972,180.832,177.592,178.472,618032.0
2026-02-12,178.672,178.832,176.172,176.552,646372.0
2026-02-13,175.772,176.172,173.592,174.052,840772.0
2026-02-24,175.012,175.972,172.212,172.472,800053.0
2026-02-25,172.872,174.952,172.872,173.572,683556.0
2026-02-26,174.472,174.532,170.052,170.472,1036146.0
2026-02-27,170.672,170.952,169.592,169.652,633012.0
2026-03-02,168.292,169.692,166.872,168.172,1010862.0
2026-03-03,168.372,170.912,167.332,168.612,1095535.0
2026-03-04,167.872,168.592,164.772,167.052,1008134.0
2026-03-05,167.492,168.912,167.072,167.632,546365.0
2026-03-06,167.052,170.172,166.792,168.812,574633.0
2026-03-09,166.352,166.512,163.492,166.272,930368.0
2026-03-10,167.192,168.232,166.912,167.652,462184.0
2026-03-11,167.652,169.292,167.072,168.572,517270.0
2026-03-12,167.772,168.332,165.912,166.672,668542.0
2026-03-13,166.212,167.212,165.632,165.872,458041.0
2026-03-16,165.872,166.192,163.672,164.432,818596.0
2026-03-17,164.652,169.072,164.632,167.152,901850.0
2026-03-18,167.212,168.112,166.472,167.252,490471.0
2026-03-19,165.872,166.052,164.272,164.712,684722.0
2026-03-20,165.072,165.272,162.872,162.952,620767.0
2026-03-23,161.272,161.472,157.952,158.412,1253823.0
2026-03-24,159.472,160.152,158.472,159.712,681870.0
2026-03-25,160.472,162.192,160.312,161.052,562389.0
2026-03-26,161.032,161.032,156.532,157.072,1011896.0
2026-03-27,157.192,158.252,156.312,157.372,834379.0
2026-03-30,156.152,156.572,155.152,156.132,737544.0
2026-03-31,156.052,158.852,155.892,157.032,764114.0
2026-04-01,158.632,160.052,158.552,159.832,684035.0
2026-04-02,159.472,159.472,157.792,157.992,459794.0
2026-04-03,158.632,159.012,157.952,157.972,343678.0
2026-04-07,158.072,158.572,156.292,156.852,503858.0
2026-04-08,159.472,162.772,159.472,162.372,1121527.0
2026-04-09,161.472,161.472,160.072,160.952,570201.0
2026-04-10,161.472,163.152,161.032,161.112,637912.0
2026-04-13,159.872,159.892,158.692,158.972,684544.0
2026-04-14,159.932,161.872,159.732,161.412,675142.0
2026-04-15,162.272,162.912,160.692,160.872,513713.0
2026-04-16,160.892,161.532,159.972,160.512,544368.0
2026-04-17,160.272,160.272,158.692,159.312,612324.0
2026-04-20,159.212,160.812,158.952,160.552,633437.0
2026-04-21,160.552,161.692,159.532,159.532,544020.0
2026-04-22,159.532,160.672,158.772,159.532,579570.0
2026-04-23,159.432,160.632,158.532,159.232,661174.0
2026-04-24,158.892,159.412,157.592,159.032,554002.0
2026-04-27,159.072,160.572,158.392,158.572,640671.0
2026-04-28,158.412,159.692,157.872,158.732,624602.0
2026-04-29,158.712,162.652,158.652,162.332,1609315.0
2026-04-30,161.712,164.672,161.712,162.212,1063010.0
2026-05-06,162.232,163.152,161.572,162.192,905083.0
2026-05-07,162.672,165.692,162.672,163.552,1313748.0
2026-05-08,163.272,163.992,162.952,163.592,732049.0
2026-05-11,163.032,164.572,161.992,163.672,961991.0
2026-05-12,163.672,164.472,161.972,162.272,690007.0
2026-05-13,162.112,162.712,158.732,159.552,1034345.0
2026-05-14,159.992,160.512,157.172,157.272,907187.0
2026-05-15,157.432,157.752,154.052,154.472,1181904.0
2026-05-18,154.272,154.392,152.272,153.252,810415.0
2026-05-19,153.492,153.892,151.712,152.432,839122.0
2026-05-20,152.272,152.272,151.132,151.692,743889.0
2026-05-21,152.372,154.132,150.832,150.992,1035931.0
2026-05-22,151.692,151.872,150.412,150.832,669699.0
2026-05-25,151.132,153.432,150.632,151.912,867977.0
2026-05-26,151.772,153.672,151.252,152.012,910010.0
2026-05-27,152.032,152.052,149.592,150.012,862011.0
2026-05-28,149.992,150.272,147.772,148.412,875600.0
2026-05-29,148.652,150.832,148.492,150.472,1000113.0
2026-06-01,150.452,151.672,149.772,151.172,775307.0
2026-06-02,151.192,152.572,150.712,151.632,784941.0
2026-06-03,151.592,151.872,150.472,150.872,625066.0
2026-06-04,150.692,151.632,149.552,149.932,576226.0
2026-06-05,150.072,152.632,149.952,150.432,937165.0
2026-06-08,149.592,151.392,149.272,150.232,720540.0
2026-06-09,149.832,151.572,149.772,151.332,710030.0
2026-06-10,151.472,153.932,151.172,153.412,903235.0
2026-06-11,153.412,154.912,151.672,152.252,647641.0
2026-06-12,151.892,155.452,151.192,154.992,1102953.0
2026-06-15,155.572,158.892,154.572,155.432,1010577.0
2026-06-16,154.952,155.152,152.472,152.952,812508.0
2026-06-17,153.452,153.652,151.972,152.492,653906.0
2026-06-18,152.152,152.252,145.712,145.732,2178321.0
2026-06-22,145.752,151.552,144.292,150.932,1724972.0
2026-06-23,149.892,151.832,147.192,147.772,1220116.0
2026-06-24,148.352,148.732,145.032,145.212,1094158.0
2026-06-25,144.472,147.892,144.092,145.572,1214523.0
2026-06-26,145.552,145.952,141.372,141.432,1426441.0
2026-06-29,141.572,144.712,140.772,144.172,1089609.0
2026-06-30,143.572,144.852,141.672,142.452,949813.0
2026-07-01,142.172,147.152,141.352,146.032,1386217.0
2026-07-02,145.672,147.372,144.572,144.812,920130.0
2026-07-03,145.972,146.532,143.592,145.152,803331.0
2026-07-06,145.072,147.372,144.592,147.172,944956.0
2026-07-07,146.832,147.412,145.312,145.552,697675.0
2026-07-08,145.692,146.572,144.892,146.052,540995.0
2026-07-09,145.492,146.192,144.792,145.952,662369.0
2026-07-10,145.912,146.912,144.912,145.932,764946.0
2026-07-13,145.692,146.432,145.192,146.032,716524.0
2026-07-14,145.972,146.492,143.972,146.172,979873.0
2026-07-15,146.132,149.372,145.872,148.872,1286694.0
2026-07-16,148.372,149.552,147.452,148.312,812799.0
2026-07-17,148.292,149.872,148.132,148.372,1072327.0
2026-07-20,148.412,153.512,148.392,153.432,1754451.0
2026-07-21,154.332,156.272,151.992,152.752,1599795.0
2026-07-22,151.852,154.932,150.992,154.872,1074273.0
2026-07-23,154.572,156.152,153.872,155.572,739547.0
2026-07-24,156.132,156.172,154.172,155.012,852622.0
2026-07-27,155.512,155.512,153.032,153.792,651424.0
2026-07-28,154.172,155.372,153.172,155.372,660820.0
2026-07-29,155.912,156.372,154.392,155.572,871119.0
2026-07-30,155.092,158.572,155.092,158.572,1058458.0
2026-07-31,156.792,157.032,155.372,156.772,1055130.0
2026-08-03,156.572,158.132,156.372,158.072,754694.0
2026-08-04,157.672,157.752,154.732,154.832,915895.0
2026-08-05,154.852,155.452,153.272,155.012,733965.0
2026-08-06,154.972,155.392,153.292,153.972,661675.0
2026-08-07,153.952,154.332,153.312,153.732,498638.0
2026-08-10,153.532,154.292,153.372,153.612,595323.0
2026-08-11,153.572,153.852,151.972,152.072,646895.0
2026-08-12,151.972,152.812,151.392,152.172,532104.0
2026-08-13,151.952,152.932,151.592,152.572,524006.0
2026-08-14,152.312,152.512,150.472,150.472,642788.0
2026-08-17,150.472,150.952,149.992,150.572,502143.0
2026-08-18,150.572,150.652,149.312,149.612,579000.0
2026-08-19,150.292,151.132,149.532,151.132,789826.0
2026-08-20,150.672,151.272,150.172,151.252,495295.0
2026-08-21,152.992,154.152,152.572,153.672,1115990.0
2026-08-24,153.652,157.412,153.572,156.812,1307614.0
2026-08-25,157.092,157.812,156.272,156.992,739290.0
2026-08-26,156.712,159.732,156.292,159.232,1053437.0
2026-08-27,158.732,159.232,157.872,158.712,646568.0
2026-08-28,158.492,158.892,157.492,158.672,497474.0
2026-08-31,158.812,159.312,158.332,158.612,545928.0
2026-09-01,158.532,161.852,157.792,161.432,1080897.0
2026-09-02,161.192,161.932,159.912,160.232,600534.0
2026-09-03,160.172,164.132,159.972,162.972,1087120.0
2026-09-04,162.732,164.952,162.732,163.452,783552.0
2026-09-07,163.452,163.872,159.332,159.692,1117289.0
2026-09-08,158.972,160.572,158.332,158.372,700768.0
2026-09-09,158.372,160.112,158.112,159.492,524222.0
2026-09-10,159.932,160.412,159.032,159.972,444353.0
2026-09-11,159.732,159.872,157.632,158.592,602246.0
2026-09-14,158.492,159.632,157.512,158.392,486235.0
2026-09-15,158.732,158.772,156.452,156.732,494594.0
2026-09-16,156.712,157.252,155.132,155.952,560308.0
2026-09-17,155.732,156.332,155.252,155.632,393564.0
2026-09-18,155.572,156.532,154.992,155.672,611667.0
2026-09-21,155.532,156.932,154.692,156.892,590786.0
2026-09-22,156.892,157.952,156.052,157.852,579117.0
2026-09-23,157.632,157.872,156.632,156.672,396792.0
2026-09-24,156.532,156.772,155.232,155.432,540459.0
