date,open,high,low,close,volume
2016-01-04,68.908,69.138,62.422,62.836,72864.0
2016-01-05,59.202,62.882,58.466,60.582,90014.0
2016-01-06,61.318,62.284,60.766,62.054,68363.0
2016-01-07,61.962,61.962,56.212,56.442,25065.0
2016-01-08,57.868,59.57,54.142,57.546,76773.0
2016-01-11,56.902,61.916,56.442,58.144,101341.0
2016-01-12,58.65,60.674,57.73,60.306,87666.0
2016-01-13,60.536,61.778,59.662,60.214,99169.0
2016-01-14,58.236,61.87,57.5,61.594,77928.0
2016-01-15,61.042,61.502,57.822,58.374,71969.0
2016-01-18,57.132,59.57,56.58,58.65,51918.0
2016-01-19,58.65,60.398,58.052,60.26,59502.0
2016-01-20,59.892,60.26,58.328,58.834,49558.0
2016-01-21,58.144,59.34,54.418,55.292,54307.0
2016-01-22,56.442,56.81,54.878,56.396,37254.0
2016-01-25,57.04,58.834,56.902,58.098,49569.0
2016-01-26,56.212,58.834,53.452,54.694,74648.0
2016-01-27,55.292,56.672,53.314,56.028,55696.0
2016-01-28,56.212,57.27,55.43,55.706,47391.0
2016-01-29,55.338,58.558,55.338,58.098,85649.0
2016-02-01,58.742,61.962,58.19,60.26,87085.0
2016-02-02,60.996,63.158,60.306,62.56,67718.0
2016-02-03,62.422,67.85,61.088,67.068,115755.0
2016-05-05,73.416,73.416,67.942,68.678,276310.0
2016-05-06,68.678,69.092,62.514,63.756,208725.0
2016-05-09,63.664,63.664,61.042,63.158,86521.0
2016-05-10,62.882,63.204,61.318,62.146,36971.0
2016-05-11,62.192,63.986,61.824,63.342,73165.0
2016-05-12,62.146,62.422,59.662,60.858,63816.0
2016-05-13,61.87,65.596,60.95,65.412,103052.0
2016-05-16,65.872,66.562,64.354,66.194,102410.0
2016-05-17,66.516,66.838,63.342,64.216,92151.0
2016-05-18,63.618,63.618,61.088,62.284,67320.0
2016-05-19,63.066,65.55,63.066,63.71,76750.0
2016-05-20,61.594,64.814,60.858,63.158,128625.0
2016-05-23,62.606,64.446,62.238,63.25,98263.0
2016-05-24,63.158,63.526,60.398,61.042,100170.0
2016-05-25,61.502,62.79,60.398,61.226,104183.0
2016-05-26,61.226,61.594,58.834,60.306,84698.0
2016-05-27,60.122,60.49,59.202,59.294,61206.0
2016-05-30,58.834,63.526,58.098,63.342,113772.0
2016-05-31,62.514,66.286,62.146,65.55,224355.0
2016-06-01,66.194,66.194,64.814,65.182,145987.0
2016-06-02,68.218,69.23,66.654,67.114,336000.0
2016-06-03,67.666,68.31,66.654,67.022,173583.0
2016-06-06,66.838,67.39,65.642,66.01,124297.0
2016-06-07,66.102,66.838,65.918,66.654,101663.0
2016-06-08,66.47,66.47,65.274,66.194,85807.0
2016-06-13,65.734,66.102,62.974,63.158,109501.0
2016-06-14,63.066,63.526,60.95,62.054,85588.0
2016-06-15,60.766,64.17,60.766,63.618,105654.0
2016-06-16,63.066,64.17,62.146,62.514,60981.0
2016-06-17,62.514,64.17,62.514,63.158,51191.0
2016-06-20,63.158,65.182,62.514,64.814,103375.0
2016-06-21,65.458,65.734,62.422,62.882,80557.0
2016-06-22,62.79,63.342,62.514,62.882,48119.0
2016-06-23,63.25,63.25,61.778,62.238,49186.0
2016-06-24,62.146,62.514,59.386,60.858,78410.0
2016-06-27,60.49,61.686,60.03,61.594,52762.0
2016-06-28,61.502,62.238,60.582,62.146,78232.0
2016-06-29,62.33,63.158,62.238,62.514,106632.0
2016-06-30,62.698,63.158,62.054,62.606,52603.0
2016-07-01,62.974,63.158,61.778,62.238,50648.0
2016-07-04,61.594,63.71,61.594,63.526,111416.0
2016-07-05,63.526,63.618,62.606,62.974,74387.0
2016-07-06,62.974,63.158,62.146,62.514,77264.0
2016-07-07,62.606,64.722,62.054,64.262,223208.0
2016-07-08,64.446,65.55,63.526,65.182,191935.0
2016-07-11,65.09,66.286,63.986,64.906,166834.0
2016-07-12,65.09,65.458,63.71,65.274,130432.0
2016-07-13,65.55,66.102,64.446,66.102,143754.0
2016-07-14,65.642,65.918,65.274,65.55,72638.0
2016-07-15,65.55,65.918,65.09,65.182,59266.0
2016-07-18,65.274,66.838,63.986,66.654,170162.0
2016-07-19,66.194,67.574,65.55,66.746,101972.0
2016-07-20,66.746,66.838,64.906,64.998,79092.0
2016-07-21,65.09,66.93,64.722,65.458,162445.0
2016-07-22,65.09,65.366,62.238,62.422,220992.0
2016-07-25,62.422,62.606,60.95,62.33,127631.0
2016-07-26,62.054,63.71,61.778,63.434,126326.0
2016-07-27,63.342,63.618,58.19,59.294,214003.0
2016-07-28,59.386,59.662,57.546,58.834,118791.0
2016-07-29,58.926,59.662,58.466,59.11,72517.0
2016-08-01,59.202,59.202,57.546,58.19,57052.0
2016-08-02,58.374,59.662,58.19,58.926,61163.0
2016-08-03,58.558,59.478,58.558,58.834,32265.0
2016-08-04,58.834,59.202,58.558,59.018,34390.0
2016-08-05,59.018,59.938,58.742,59.662,55174.0
2016-08-08,59.754,60.766,58.926,60.582,90143.0
2016-08-09,60.95,61.962,60.582,61.41,87058.0
2016-08-10,61.318,61.87,60.674,60.858,48460.0
2016-08-11,60.858,61.134,59.662,59.662,58487.0
2016-08-12,59.754,61.318,59.294,61.042,69552.0
2016-08-15,61.134,62.974,60.95,62.606,130442.0
2016-08-16,62.79,62.882,61.962,62.698,84343.0
2016-08-17,62.698,62.974,62.238,62.33,48179.0
2016-08-25,63.894,66.194,62.79,64.722,426726.0
2016-08-26,63.986,65.182,62.974,63.894,222439.0
2016-08-29,63.25,63.618,62.146,62.698,144011.0
2016-08-30,62.79,63.066,61.318,62.054,93482.0
2016-08-31,62.33,62.514,61.502,62.054,61184.0
2016-09-01,61.87,62.514,61.87,61.87,85305.0
2016-09-02,61.686,62.33,61.594,62.146,58096.0
2016-09-05,62.238,62.698,61.778,61.962,86671.0
2016-09-06,62.146,62.33,61.042,62.238,112448.0
2016-09-07,62.33,62.514,61.962,61.962,85856.0
2016-09-08,61.962,62.146,61.41,61.594,61839.0
2016-09-09,61.502,61.87,60.306,60.398,99055.0
2016-09-12,59.846,60.398,58.282,58.65,154127.0
2016-09-13,59.754,60.122,59.294,59.846,84919.0
2016-09-14,59.57,59.938,58.742,59.478,80343.0
2016-09-19,59.57,60.214,59.478,60.03,73600.0
2016-09-20,60.122,60.398,59.478,60.306,52461.0
2016-09-21,60.398,60.49,59.57,59.754,58248.0
2016-09-22,60.03,61.778,59.846,61.134,153548.0
2016-09-23,61.226,61.594,60.582,60.95,67421.0
2016-09-26,60.95,60.95,59.846,59.938,55486.0
2016-09-27,59.846,60.214,59.386,60.122,49706.0
2016-09-28,60.122,60.582,59.386,59.938,87687.0
2016-09-29,60.122,60.122,59.478,59.57,59627.0
2016-09-30,59.754,60.122,59.294,59.57,65888.0
2016-10-10,59.754,60.674,59.478,60.582,93162.0
2016-10-11,60.49,61.41,60.306,60.766,117747.0
2016-10-12,60.398,60.766,60.122,60.674,63110.0
2016-10-13,60.766,60.766,60.03,60.03,68513.0
2016-10-14,60.03,60.398,59.662,60.122,68010.0
2016-10-17,60.306,60.306,59.202,59.294,147633.0
2016-10-18,59.57,59.57,58.466,59.386,173069.0
2016-10-19,59.478,59.478,58.834,59.018,72968.0
2016-10-20,59.202,60.49,58.926,60.122,161954.0
2016-10-21,60.398,60.674,59.938,60.306,166605.0
2016-10-24,60.306,60.49,59.846,60.398,154930.0
2016-10-25,60.674,60.858,60.398,60.766,140257.0
2016-10-26,60.674,60.674,59.294,59.846,125824.0
2016-10-27,59.846,60.03,59.478,59.846,66289.0
2016-10-28,59.846,60.306,59.57,60.03,74556.0
2016-10-31,60.398,60.582,59.478,60.03,139549.0
2016-11-01,59.938,62.514,59.846,62.238,289451.0
2016-11-02,62.33,62.79,61.594,62.054,186101.0
2016-11-03,61.686,62.698,61.134,61.502,138130.0
2016-11-04,62.146,62.974,61.87,62.422,122872.0
2016-11-07,62.514,62.882,61.042,61.226,162877.0
2016-11-08,61.502,61.87,61.042,61.594,82096.0
2016-11-09,61.594,61.686,60.122,60.858,102869.0
2016-11-10,61.042,61.502,60.95,61.226,91634.0
2016-11-11,61.134,61.594,60.766,61.502,85766.0
2016-11-14,61.594,61.686,60.95,61.318,135439.0
2016-11-15,61.318,61.778,61.042,61.502,110845.0
2016-11-16,61.502,62.33,61.318,61.962,128859.0
2016-11-17,61.962,62.146,61.502,61.87,72705.0
2016-11-18,61.778,62.054,60.858,61.134,115875.0
2016-11-21,60.95,61.778,60.674,61.134,113124.0
2016-11-22,61.318,61.594,61.134,61.502,82751.0
2016-11-23,61.502,62.146,61.226,61.686,136407.0
2016-11-24,61.594,61.686,61.042,61.134,69411.0
2016-11-25,61.226,61.502,60.306,61.41,87930.0
2016-11-28,61.502,62.882,61.042,62.79,216424.0
2016-11-29,62.514,65.55,62.146,63.894,297469.0
2016-11-30,64.078,64.354,62.974,63.342,160361.0
2016-12-01,63.342,66.47,63.25,65.918,290288.0
2016-12-02,66.01,66.286,64.354,65.458,173029.0
2016-12-05,65.274,66.102,64.262,65.182,117617.0
2016-12-06,64.998,65.55,63.802,64.17,131599.0
2016-12-07,63.894,64.722,63.802,64.354,98937.0
2016-12-08,64.446,65.734,63.526,64.354,134197.0
2016-12-09,64.354,64.354,63.066,63.618,108773.0
2016-12-12,63.71,63.894,60.858,61.042,161491.0
2016-12-13,60.95,62.238,60.582,62.054,107167.0
2016-12-14,62.33,62.606,61.502,62.146,81719.0
2016-12-15,61.962,65.182,61.686,64.538,149568.0
2016-12-16,64.538,65.182,63.802,65.09,105748.0
2016-12-19,65.274,65.826,64.538,65.366,114413.0
2016-12-20,65.642,66.102,63.894,63.986,158424.0
2016-12-21,63.986,68.218,63.986,67.206,306917.0
2016-12-22,66.562,67.206,65.734,66.562,204005.0
2016-12-23,66.47,66.47,64.354,64.63,239965.0
2016-12-26,64.538,64.63,62.882,64.354,115333.0
2016-12-27,64.354,64.906,63.526,63.802,76094.0
2016-12-28,63.894,64.078,62.79,63.25,102563.0
2016-12-29,63.158,63.986,62.606,63.158,90182.0
2016-12-30,63.158,63.434,62.33,62.698,95248.0
2017-01-03,62.698,63.618,62.422,63.526,140726.0
2017-01-04,62.974,63.71,62.974,63.618,108487.0
2017-01-05,63.618,63.618,62.698,62.882,110492.0
2017-01-06,62.882,63.434,62.606,62.882,77574.0
2017-01-09,62.882,63.25,61.778,62.514,93708.0
2017-01-10,62.146,62.422,61.594,61.686,114766.0
2017-01-11,61.594,62.054,61.134,61.226,70877.0
2017-01-12,61.318,61.686,60.95,61.226,57142.0
2017-01-13,61.686,61.686,59.11,61.226,208629.0
2017-01-16,60.95,62.422,59.294,62.054,322505.0
2017-01-17,61.226,62.33,60.95,62.054,58487.0
2017-01-18,62.238,62.238,60.95,61.134,55206.0
2017-01-19,61.134,61.134,60.122,60.398,53740.0
2017-01-20,60.49,61.226,60.03,61.042,103720.0
2017-01-23,61.87,62.238,61.226,61.594,56145.0
2017-01-24,61.594,61.778,60.766,60.95,58217.0
2017-01-25,60.766,61.318,60.582,61.042,27080.0
2017-01-26,61.042,61.502,61.042,61.41,32418.0
2017-02-03,61.41,61.594,60.674,60.766,43256.0
2017-02-06,61.042,61.41,60.766,61.226,70211.0
2017-02-07,61.226,61.226,60.49,60.766,58430.0
2017-02-08,60.858,61.042,60.214,61.042,76897.0
2017-02-09,61.134,61.318,60.766,61.226,78640.0
2017-02-10,61.318,61.502,61.042,61.41,83373.0
2017-02-13,61.41,61.594,61.134,61.502,92747.0
2017-02-14,61.41,61.41,60.674,60.95,80999.0
2017-02-15,60.95,61.042,60.214,60.49,84835.0
2017-02-16,60.398,60.674,60.214,60.49,60923.0
2017-02-17,60.306,60.49,59.662,59.754,103974.0
2017-02-20,59.754,60.398,59.662,60.122,71952.0
2017-02-21,60.306,60.398,59.938,60.306,95203.0
2017-02-22,60.306,61.41,60.122,61.318,140865.0
2017-02-23,61.41,61.502,60.766,61.042,72379.0
2017-02-24,61.042,61.778,60.858,61.502,107367.0
2017-02-27,61.594,62.054,60.674,60.858,101788.0
2017-02-28,60.858,61.226,60.766,61.226,58621.0
2017-03-01,61.134,61.318,60.858,60.95,86232.0
2017-03-02,60.95,61.134,60.122,60.398,108905.0
2017-03-03,60.306,60.582,60.03,60.582,55700.0
2017-03-06,60.582,60.674,60.306,60.398,123186.0
2017-03-07,60.398,60.582,60.214,60.398,84399.0
2017-03-08,60.49,61.226,60.214,61.134,131564.0
2017-03-09,61.134,61.318,60.398,60.95,114233.0
2017-03-10,61.042,62.974,60.766,61.87,285215.0
2017-03-13,64.814,66.562,63.158,64.262,434161.0
2017-03-14,64.354,64.63,62.33,63.066,196658.0
2017-03-15,62.698,63.342,62.054,63.158,173770.0
2017-03-16,62.882,65.182,62.698,63.986,202127.0
2017-03-17,63.71,66.194,63.434,63.986,230427.0
2017-03-20,63.618,64.538,62.79,63.25,119458.0
2017-03-21,63.802,64.17,62.974,63.71,115588.0
2017-03-22,63.342,63.434,62.054,62.698,116788.0
2017-03-23,62.514,65.366,62.33,64.446,239081.0
2017-03-24,64.446,65.09,62.974,63.526,149261.0
2017-03-27,63.25,63.986,63.25,63.618,93454.0
2017-03-28,63.71,63.802,62.698,62.882,91362.0
2017-03-29,62.974,63.066,62.238,62.422,96174.0
2017-03-30,62.422,62.514,60.858,61.042,138745.0
2017-03-31,60.95,62.238,60.95,61.778,78552.0
2017-04-05,61.594,63.434,61.594,63.066,177980.0
2017-04-06,62.882,65.458,62.698,64.63,281389.0
2017-04-07,64.538,64.814,63.71,63.986,153301.0
2017-04-10,63.894,64.814,63.526,64.17,112987.0
2017-04-11,64.17,64.354,62.974,63.71,98884.0
2017-04-12,63.71,64.814,63.066,64.262,119868.0
2017-04-13,63.894,64.998,63.894,64.354,90364.0
2017-04-14,64.446,64.63,62.79,63.71,123384.0
2017-04-17,63.71,63.71,62.238,63.434,76207.0
2017-04-18,63.71,64.354,62.974,63.066,111799.0
2017-04-19,62.698,63.526,62.146,63.342,104300.0
2017-04-20,63.342,64.354,62.974,64.354,121839.0
2017-04-21,64.262,65.734,64.17,64.538,194374.0
2017-04-24,64.814,64.814,62.882,63.342,143328.0
2017-04-25,63.25,63.986,62.698,62.79,93261.0
2017-04-26,62.79,63.158,62.054,62.606,86847.0
2017-04-27,62.422,63.158,61.686,62.974,84211.0
2017-04-28,62.974,63.158,62.33,62.882,75696.0
2017-05-02,62.698,64.538,62.606,64.446,135202.0
2017-05-03,64.446,64.998,63.986,64.722,125802.0
2017-05-04,64.814,64.814,63.894,64.354,95938.0
2017-05-05,64.17,64.63,63.158,63.342,77102.0
2017-05-08,63.066,63.618,62.33,62.422,109975.0
2017-05-09,62.33,62.698,61.778,62.514,88432.0
2017-05-10,62.514,62.606,59.294,59.478,140869.0
2017-05-11,59.57,59.662,56.534,57.178,171121.0
2017-05-12,57.454,57.638,55.246,55.982,154015.0
2017-05-15,56.258,56.902,55.982,56.074,93759.0
2017-05-16,56.35,57.27,55.706,57.178,81697.0
2017-05-17,57.178,59.018,56.902,57.546,114390.0
2017-05-18,56.81,57.914,56.718,57.086,51552.0
2017-05-19,56.994,57.638,56.994,57.454,54913.0
2017-05-22,57.086,57.822,56.258,56.534,69323.0
2017-05-23,56.534,56.534,53.038,53.13,113741.0
2017-05-24,53.13,54.602,52.394,54.142,95631.0
2017-05-25,54.05,54.786,53.314,54.602,68973.0
2017-05-26,54.51,54.786,54.05,54.694,40794.0
2017-05-31,55.062,55.614,54.51,54.694,53615.0
2017-06-01,54.694,54.694,52.302,52.394,63225.0
2017-06-02,52.394,53.13,51.474,52.854,78947.0
2017-06-05,52.67,53.498,52.394,53.222,39062.0
2017-06-06,53.222,53.866,52.946,53.59,45626.0
2017-06-07,53.682,54.694,53.406,54.51,75629.0
2017-06-08,54.51,54.97,53.682,54.234,52320.0
2017-06-09,54.326,54.786,53.682,54.51,45007.0
2017-06-12,54.418,54.418,53.59,53.682,54559.0
2017-06-13,53.59,54.05,53.314,53.958,49115.0
2017-06-14,53.682,53.958,53.406,53.958,33363.0
2017-06-15,54.142,55.89,53.866,55.706,105691.0
2017-06-16,55.338,56.902,55.246,56.81,117094.0
2017-06-19,56.81,56.81,55.798,56.35,73938.0
2017-06-20,56.35,56.902,55.982,56.442,57371.0
2017-06-21,56.442,56.81,56.258,56.534,38459.0
2017-06-22,56.534,56.534,55.338,55.43,62236.0
2017-06-23,55.338,55.798,54.878,55.43,40264.0
2017-06-26,55.43,56.258,55.062,56.258,53820.0
2017-06-27,56.258,57.178,55.89,56.258,56167.0
2017-06-28,56.258,56.626,55.246,55.706,54961.0
2017-06-29,55.798,56.166,55.43,55.798,36738.0
2017-06-30,55.522,56.166,55.522,56.166,28211.0
2017-07-03,58.374,60.49,58.374,59.846,259812.0
2017-07-04,59.478,61.134,59.018,60.582,194507.0
2017-07-05,60.674,60.674,59.11,60.122,123349.0
2017-07-06,60.122,60.122,59.202,60.03,101238.0
2017-07-07,60.03,60.398,59.478,60.03,160803.0
2017-07-10,60.49,61.042,59.754,60.214,127677.0
2017-07-11,60.214,60.398,59.11,59.202,85945.0
2017-07-12,58.926,59.478,58.282,59.11,78955.0
2017-07-13,59.294,60.03,58.742,59.754,79944.0
2017-07-14,59.846,60.398,59.386,59.662,55864.0
2017-07-17,59.57,59.754,57.178,57.454,110923.0
2017-07-18,57.546,58.558,57.086,58.374,44335.0
2017-07-19,58.374,59.846,58.098,59.662,96396.0
2017-07-20,59.754,61.502,59.662,60.582,167926.0
2017-07-21,60.582,60.95,60.214,60.582,83255.0
2017-07-24,60.858,61.41,60.398,61.226,111646.0
2017-07-25,61.042,61.87,60.306,61.686,111171.0
2017-07-26,61.686,61.87,60.582,61.318,76015.0
2017-07-27,61.318,62.238,60.95,61.686,99366.0
2017-07-28,61.502,64.814,61.226,64.262,351396.0
2017-07-31,64.63,70.242,64.538,70.242,833917.0
2017-08-01,71.438,73.83,68.586,70.242,1154614.0
2017-08-02,70.15,70.518,68.034,68.494,476266.0
2017-08-03,69.414,71.346,68.77,70.334,693546.0
2017-08-04,70.61,71.622,69.046,69.23,514215.0
2017-08-07,69.69,72.358,68.126,71.162,467309.0
2017-08-08,71.622,75.486,71.346,74.198,661385.0
2017-08-09,73.462,75.302,71.714,72.818,390642.0
2017-08-10,74.658,75.118,69.322,70.886,463502.0
2017-08-11,70.426,71.898,68.218,68.494,458423.0
2017-08-14,69.506,72.174,69.23,70.886,351618.0
2017-08-15,71.99,72.082,69.874,70.886,209227.0
2017-08-16,71.346,71.53,69.414,69.782,209793.0
2017-08-17,70.15,70.886,69.506,70.242,183444.0
2017-08-18,69.69,69.966,65.458,69.138,527474.0
2017-08-21,68.31,70.15,67.114,69.782,274272.0
2017-08-22,69.782,72.542,69.598,72.266,470914.0
2017-08-23,72.082,72.726,71.07,71.53,202089.0
2017-08-24,71.622,71.898,70.058,70.518,199077.0
2017-08-25,70.518,71.162,69.506,70.702,177212.0
2017-08-28,70.61,71.162,69.69,70.518,280851.0
2017-08-29,70.518,71.162,69.874,70.886,171734.0
2017-08-30,71.898,73.646,70.426,72.542,397021.0
2017-08-31,72.174,73.83,71.346,73.554,252040.0
2017-09-01,73.278,75.854,73.002,74.29,291503.0
2017-09-04,74.75,75.21,73.094,74.566,256328.0
2017-09-05,74.382,77.418,73.37,75.762,556297.0
2017-09-06,76.13,78.154,75.118,76.774,382624.0
2017-09-07,77.142,77.694,74.106,74.658,278459.0
2017-09-08,75.026,76.866,74.29,75.946,256325.0
2017-09-11,77.234,82.018,77.234,81.098,697593.0
2017-09-12,81.466,88.366,81.282,82.57,1101292.0
2017-09-13,84.502,87.538,84.41,87.354,691776.0
2017-09-14,88.09,92.046,88.09,89.562,607744.0
2017-09-15,89.194,89.286,85.79,87.262,425271.0
2017-09-18,87.906,93.886,87.63,93.058,490892.0
2017-09-19,92.966,98.946,90.298,90.85,790137.0
2017-09-20,92.23,92.966,88.642,92.138,470476.0
2017-09-21,92.414,94.346,88.826,89.102,429607.0
2017-09-22,89.93,92.69,89.378,89.838,368080.0
2017-09-25,90.574,92.598,89.102,89.47,250671.0
2017-09-26,89.47,90.39,85.054,86.618,484054.0
2017-09-27,87.446,90.114,85.606,89.378,331114.0
2017-09-28,89.378,95.266,89.194,93.61,523442.0
2017-09-29,93.426,93.518,90.85,91.586,331766.0
2017-10-09,92.23,98.394,90.482,97.198,505553.0
2017-10-10,96.37,98.854,94.898,98.394,361459.0
2017-10-11,98.21,102.81,96.462,98.946,388785.0
2017-10-12,97.934,98.026,93.978,94.346,363898.0
2017-10-13,94.898,98.026,93.978,94.898,264737.0
2017-10-16,94.898,95.45,90.482,90.666,440423.0
2017-10-17,90.666,92.69,87.998,91.218,289309.0
2017-10-18,91.126,91.862,88.918,89.286,207132.0
2017-10-19,89.378,90.942,88.274,90.39,266025.0
2017-10-20,90.206,94.53,89.286,93.15,320826.0
2017-10-23,94.714,95.818,91.77,93.886,288329.0
2017-10-24,94.07,96.646,92.506,96.002,315788.0
2017-10-25,95.726,98.302,95.45,96.002,188377.0
2017-10-26,95.91,100.51,94.99,98.67,500385.0
2017-10-27,98.21,99.498,96.37,97.474,265873.0
2017-10-30,97.658,97.934,92.322,93.426,420650.0
2017-10-31,93.518,95.45,92.322,95.358,240083.0
2017-11-01,94.99,98.762,94.254,97.842,382925.0
2017-11-02,96.922,98.486,96.186,97.014,196170.0
2017-11-03,96.83,97.382,91.218,92.506,398226.0
2017-11-06,91.586,98.21,91.402,98.026,552641.0
2017-11-07,101.706,104.282,99.682,101.614,714135.0
2017-11-08,102.074,109.526,102.074,107.686,687631.0
2017-11-09,106.214,111.826,105.938,108.698,564997.0
2017-11-10,110.446,119.094,108.974,119.094,849071.0
2017-11-13,121.394,130.502,121.118,127.098,878515.0
2017-11-14,125.534,130.502,120.198,121.486,836450.0
2017-11-15,122.866,123.326,115.598,119.646,682470.0
2017-11-16,121.946,129.214,119.83,128.018,648552.0
2017-11-17,127.282,137.494,122.59,124.706,738936.0
2017-11-20,125.35,135.47,122.59,133.354,631119.0
2017-11-21,133.262,139.886,131.79,135.562,662230.0
2017-11-22,136.022,136.022,124.89,130.594,681053.0
2017-11-23,129.03,129.03,117.99,117.99,577337.0
2017-11-24,113.85,123.786,109.526,120.382,704055.0
2017-11-27,120.106,120.106,110.63,111.642,473689.0
2017-11-28,112.93,117.346,112.378,117.162,390627.0
2017-11-29,119.002,119.554,113.482,116.886,373489.0
2017-11-30,116.334,116.334,105.662,108.238,790462.0
2017-12-01,107.87,112.194,107.87,108.146,480733.0
2017-12-04,109.25,112.838,109.066,109.526,353865.0
2017-12-05,108.974,110.63,104.19,105.018,450104.0
2017-12-06,105.938,106.398,96.37,101.614,783551.0
2017-12-07,100.97,103.086,99.222,101.614,409422.0
2017-12-08,102.166,105.846,99.406,103.638,524849.0
2017-12-11,102.442,113.482,100.97,113.482,673894.0
2017-12-12,112.47,114.218,108.422,109.71,546498.0
2017-12-13,109.158,112.47,108.606,112.102,339282.0
2017-12-14,111.458,113.574,110.17,113.482,280541.0
2017-12-15,112.378,112.746,108.974,109.802,275307.0
2017-12-18,110.446,111.458,104.558,106.582,277038.0
2017-12-19,106.766,109.158,105.294,107.41,206711.0
2017-12-20,107.594,112.47,106.49,111.918,413660.0
2017-12-21,111.182,118.45,107.778,115.506,560794.0
2017-12-22,116.518,126.546,116.518,125.81,887349.0
2017-12-25,124.43,130.502,123.142,123.97,582152.0
2017-12-26,123.786,123.878,112.93,118.542,586454.0
2017-12-27,116.242,117.07,112.562,113.758,459733.0
2017-12-28,112.286,117.622,110.262,113.758,342215.0
2017-12-29,114.31,117.53,112.286,116.242,480806.0
2018-01-02,117.07,123.142,114.954,121.762,475780.0
2018-01-03,121.946,126.362,120.106,122.406,403050.0
2018-01-04,122.314,126.454,119.83,125.258,407368.0
2018-01-05,125.074,127.19,121.854,123.326,330902.0
2018-01-08,122.406,122.406,117.622,120.934,394923.0
2018-01-09,123.05,124.43,117.53,119.37,497716.0
2018-01-10,118.634,122.682,117.622,119.922,445656.0
2018-01-11,118.91,118.91,115.23,117.07,387517.0
2018-01-12,116.794,119.462,115.322,118.542,248832.0
2018-01-15,117.898,117.898,112.746,115.138,399962.0
2018-01-16,113.85,116.886,112.746,114.034,311099.0
2018-01-17,114.126,114.494,103.086,106.674,786878.0
2018-01-18,107.318,109.71,106.214,107.042,313856.0
2018-01-19,107.87,112.838,107.502,110.63,448059.0
2018-01-22,110.722,117.99,110.722,116.886,497729.0
2018-01-23,117.898,120.75,116.426,119.186,525232.0
2018-01-24,118.91,121.21,115.23,119.186,478919.0
2018-01-25,118.358,122.13,117.99,118.45,352396.0
2018-01-26,119.646,120.106,115.874,116.794,225782.0
2018-01-29,116.886,118.45,113.942,115.138,334011.0
2018-01-30,115.138,117.53,114.77,116.702,302377.0
2018-01-31,115.414,116.61,113.942,114.678,213860.0
2018-02-01,114.402,115.138,106.03,106.95,509465.0
2018-02-02,106.03,110.354,104.006,109.25,265089.0
2018-02-05,105.938,105.938,98.854,98.854,809408.0
2018-02-06,94.99,95.726,89.47,90.942,739634.0
2018-02-07,93.15,93.794,89.93,90.942,339412.0
2018-02-08,90.942,92.414,90.022,90.114,271908.0
2018-02-09,87.262,88.826,84.962,86.25,372578.0
2018-02-12,87.722,94.438,87.63,94.438,413679.0
2018-02-13,95.174,100.142,94.438,94.99,547913.0
2018-02-14,95.726,98.762,95.174,98.67,299429.0
2018-02-22,101.246,101.246,97.106,100.326,352718.0
2018-02-23,99.406,99.682,94.53,96.002,418750.0
2018-02-26,95.542,100.418,95.542,98.946,371551.0
2018-02-27,99.498,100.694,97.566,97.75,287378.0
2018-02-28,96.83,99.406,95.45,97.566,200342.0
2018-03-01,97.842,101.522,96.922,101.338,398631.0
2018-03-02,100.326,100.97,97.934,98.67,297862.0
2018-03-05,98.67,99.13,97.106,97.474,210772.0
2018-03-06,98.026,99.498,97.474,98.21,244936.0
2018-03-07,98.026,100.326,97.566,99.13,265929.0
2018-03-08,99.13,99.314,97.566,98.21,183905.0
2018-03-09,98.302,101.246,97.842,100.326,273699.0
2018-03-12,100.326,105.57,100.326,102.626,348100.0
2018-03-13,102.442,105.11,100.878,101.154,217438.0
2018-03-14,100.418,101.614,99.498,100.694,168456.0
2018-03-15,100.694,100.694,97.75,98.946,190501.0
2018-03-16,98.302,99.406,97.198,97.29,166889.0
2018-03-19,97.474,98.302,95.542,97.198,141215.0
2018-03-20,96.554,98.21,95.542,97.934,162341.0
2018-03-21,99.038,107.226,98.67,104.926,781087.0
2018-03-22,106.766,107.594,102.442,103.822,374785.0
2018-03-23,100.97,102.718,96.738,99.498,377575.0
2018-03-26,97.566,101.338,97.014,100.51,312726.0
2018-03-27,101.89,103.638,100.786,103.086,302575.0
2018-03-28,101.338,101.89,99.13,99.682,314548.0
2018-03-29,100.51,101.338,98.302,100.694,162924.0
2018-03-30,101.798,104.466,101.43,102.534,222590.0
2018-04-02,102.718,103.362,101.614,102.718,214320.0
2018-04-03,101.43,104.466,100.418,101.522,251858.0
2018-04-04,102.626,104.65,102.074,103.73,268440.0
2018-04-09,103.454,104.006,99.682,99.958,232308.0
2018-04-10,100.234,101.982,98.67,100.786,224990.0
2018-04-11,101.246,103.546,100.694,103.178,269940.0
2018-04-12,102.626,103.822,102.166,103.178,140257.0
2018-04-13,103.178,104.098,101.522,102.074,109539.0
2018-04-16,102.166,102.81,99.866,101.154,133195.0
2018-04-17,101.154,101.246,96.83,97.198,269275.0
2018-04-18,98.946,106.398,98.946,106.306,878958.0
2018-04-19,105.57,116.426,105.11,112.746,894533.0
2018-04-20,113.39,114.494,110.814,112.378,392894.0
2018-04-23,112.01,114.77,108.422,109.986,439115.0
2018-04-24,110.262,116.15,110.262,114.77,555207.0
2018-04-25,114.126,115.506,111.274,111.458,399377.0
2018-04-26,111.918,114.954,111.918,114.494,331467.0
2018-04-27,115.69,115.782,111.826,113.206,295999.0
2018-05-02,113.206,116.058,112.93,115.506,231014.0
2018-05-03,115.138,120.75,114.586,118.91,325572.0
2018-05-04,119.37,125.81,117.254,117.438,329351.0
2018-05-07,119.278,128.294,118.634,127.834,434030.0
2018-05-08,127.65,127.65,122.958,125.534,327267.0
2018-05-09,125.994,126.27,120.658,122.314,295428.0
2018-05-10,122.314,125.35,122.222,123.142,172147.0
2018-05-11,124.246,125.718,122.13,122.406,191240.0
2018-05-14,123.142,124.43,121.302,122.59,182395.0
2018-05-15,123.878,125.902,123.142,125.442,228764.0
2018-05-16,123.326,124.798,120.198,121.486,239844.0
2018-05-17,122.314,122.774,118.818,119.186,238189.0
2018-05-18,119.554,119.554,113.942,115.69,376960.0
2018-05-21,117.806,118.082,114.862,115.046,282126.0
2018-05-22,116.15,118.358,114.402,117.806,313613.0
2018-05-23,120.934,121.302,115.046,116.15,277062.0
2018-05-24,116.702,117.07,112.654,113.298,233780.0
2018-05-25,114.31,114.31,108.422,109.986,368639.0
2018-05-28,110.078,112.378,109.894,111.182,248997.0
2018-05-29,110.998,112.01,106.398,107.778,285523.0
2018-05-30,107.502,110.262,105.11,108.606,274304.0
2018-05-31,109.71,110.354,107.134,110.078,234358.0
2018-06-01,109.158,109.342,101.246,102.718,572639.0
2018-06-04,93.058,93.058,93.058,93.058,115310.0
2018-06-05,84.41,84.41,84.41,84.41,101827.0
2018-06-06,82.662,85.238,76.59,79.718,1628063.0
2018-06-07,78.982,81.19,77.786,79.81,721431.0
2018-06-08,79.35,80.454,78.062,78.706,512610.0
2018-06-11,78.43,78.798,71.438,71.806,1081400.0
2018-06-12,73.462,74.842,72.174,74.29,666350.0
2018-06-13,74.474,74.566,71.806,72.266,355172.0
2018-06-14,72.818,73.278,71.622,72.542,306914.0
2018-06-15,72.91,73.002,68.586,70.886,513222.0
2018-06-19,70.15,70.334,64.446,64.814,628183.0
2018-06-20,64.354,68.862,62.606,67.482,771268.0
2018-06-21,67.758,68.678,66.194,66.93,441229.0
2018-06-22,67.758,68.218,66.102,68.034,330352.0
2018-06-25,68.678,69.506,67.206,67.39,313306.0
2018-06-26,66.102,68.494,65.182,68.034,306108.0
2018-06-27,68.31,70.886,67.574,69.782,398442.0
2018-06-28,69.598,70.058,68.494,68.678,297160.0
2018-06-29,69.322,69.874,68.586,69.782,231630.0
2018-07-02,69.874,69.874,63.802,64.63,628018.0
2018-07-03,64.262,65.274,62.514,64.998,373485.0
2018-07-04,64.262,66.102,63.986,64.446,279049.0
2018-07-05,64.722,65.09,61.318,61.686,265656.0
2018-07-06,62.422,64.722,61.594,63.802,339766.0
2018-07-09,64.538,65.826,63.802,65.274,248047.0
2018-07-10,65.55,65.826,63.618,64.354,288766.0
2018-07-11,63.71,63.894,62.054,63.434,245485.0
2018-07-12,63.434,65.458,63.434,64.63,248147.0
2018-07-13,64.722,65.09,63.71,64.446,221224.0
2018-07-16,64.63,65.734,64.446,64.814,244625.0
2018-07-17,64.814,65.274,63.802,64.814,161270.0
2018-07-18,64.814,65.182,63.71,63.802,159580.0
2018-07-19,63.986,64.446,62.79,62.974,171552.0
2018-07-20,62.974,64.722,62.882,64.446,237806.0
2018-07-23,63.986,64.906,63.986,64.722,158233.0
2018-07-24,65.09,70.61,64.446,70.61,556559.0
2018-07-25,72.358,72.818,68.862,69.23,639685.0
2018-07-26,69.138,71.898,69.138,70.61,524771.0
2018-07-27,72.082,74.014,70.886,71.53,556569.0
2018-07-30,71.806,74.106,71.53,72.542,441718.0
2018-07-31,72.542,73.094,70.886,71.438,260333.0
2018-08-01,71.07,71.99,69.138,69.69,327356.0
2018-08-02,69.322,69.598,65.366,67.758,333629.0
2018-08-03,67.298,69.598,66.378,67.206,266601.0
2018-08-06,66.746,66.746,62.422,63.342,335405.0
2018-08-07,63.894,64.538,62.054,64.446,265645.0
2018-08-08,64.446,67.482,64.446,65.366,322956.0
2018-08-09,65.182,68.126,64.446,67.39,288967.0
2018-08-10,67.39,67.574,65.826,66.838,185983.0
2018-08-13,66.102,66.654,64.446,66.194,206644.0
2018-08-14,65.826,66.654,64.998,65.826,116545.0
2018-08-15,65.366,65.734,63.25,63.986,213915.0
2018-08-16,62.698,64.538,62.514,63.066,173454.0
2018-08-17,63.71,63.894,59.478,59.846,423057.0
2018-08-20,60.398,60.858,58.006,59.478,296175.0
2018-08-21,59.478,60.766,59.478,60.766,317651.0
2018-08-22,60.858,60.95,59.11,59.57,188467.0
2018-08-23,59.846,60.766,59.478,60.398,181438.0
2018-08-24,60.49,60.766,59.846,60.398,122684.0
2018-08-27,61.41,63.434,61.134,62.974,351029.0
2018-08-28,63.434,64.63,62.882,63.894,276059.0
2018-08-29,63.434,63.618,62.422,63.158,183153.0
2018-08-30,63.158,64.078,62.606,63.802,211058.0
2018-08-31,63.434,66.47,62.698,65.182,369087.0
2018-09-03,66.102,68.402,65.182,67.574,502650.0
2018-09-04,67.022,68.402,66.102,67.758,429745.0
2018-09-05,67.942,68.494,66.93,67.022,220876.0
2018-09-06,66.286,67.666,65.366,66.01,273293.0
2018-09-07,66.378,67.298,65.458,66.01,161971.0
2018-09-10,65.642,66.378,64.17,64.354,186984.0
2018-09-11,64.814,65.55,64.078,64.814,125291.0
2018-09-12,64.906,65.642,63.894,64.814,128614.0
2018-09-13,65.182,65.734,62.882,64.262,182718.0
2018-09-14,64.354,67.85,64.354,66.654,339891.0
2018-09-17,66.562,66.562,64.63,64.906,286807.0
2018-09-18,64.722,64.906,62.238,64.262,306464.0
2018-09-19,63.802,64.998,62.974,63.986,245047.0
2018-09-20,63.986,64.906,63.526,63.894,146547.0
2018-09-21,64.17,65.918,62.974,65.366,244687.0
2018-09-25,64.814,65.182,64.17,64.998,168336.0
2018-09-26,64.998,69.138,64.998,67.574,467012.0
2018-09-27,67.758,67.942,66.194,66.286,297608.0
2018-09-28,66.562,68.494,66.194,67.666,315005.0
2018-10-08,66.47,66.562,65.182,65.458,199288.0
2018-10-09,65.458,66.838,64.446,65.918,196572.0
2018-10-10,66.194,67.114,63.158,63.618,323207.0
2018-10-11,61.41,61.778,58.558,59.11,389458.0
2018-10-12,58.19,59.11,53.866,57.27,377174.0
2018-10-15,57.178,58.098,55.246,55.982,198487.0
2018-10-16,55.982,56.81,53.774,54.05,242595.0
2018-10-17,55.522,55.706,53.498,54.602,158210.0
2018-10-18,54.234,54.51,52.486,52.67,167348.0
2018-10-19,52.394,56.442,51.934,56.166,326081.0
2018-10-22,56.35,60.122,56.35,58.742,312275.0
2018-10-23,58.834,61.226,57.914,58.926,371876.0
2018-10-24,58.742,59.846,57.914,59.294,219983.0
2018-10-25,57.822,60.858,57.086,60.858,312558.0
2018-10-26,61.318,62.054,60.214,60.674,179839.0
2018-10-29,61.962,63.066,60.858,61.686,397789.0
2018-10-30,62.238,63.066,61.502,62.698,242316.0
2018-10-31,62.698,65.458,62.698,65.182,299926.0
2018-11-01,65.642,68.126,65.642,66.654,526119.0
2018-11-02,69.598,72.266,68.31,70.978,870827.0
2018-11-05,77.326,77.418,74.474,77.418,399896.0
2018-11-06,79.626,80.638,75.486,78.154,888839.0
2018-11-07,77.326,78.614,75.578,75.762,415566.0
2018-11-08,76.682,78.43,75.026,77.694,401887.0
2018-11-09,76.59,77.878,75.854,76.958,228033.0
2018-11-12,76.682,83.214,76.682,82.018,474535.0
2018-11-13,81.098,83.95,80.178,80.454,410766.0
2018-11-14,81.006,81.282,78.982,79.902,247392.0
2018-11-15,79.258,79.902,78.338,79.35,276872.0
2018-11-16,80.454,82.202,79.534,79.81,366706.0
2018-11-19,79.994,80.638,76.774,78.614,407742.0
2018-11-20,77.97,79.626,76.13,76.498,322355.0
2018-11-21,75.946,80.454,74.566,79.442,396947.0
2018-11-22,79.626,80.546,78.522,78.89,239494.0
2018-11-23,79.074,79.718,76.774,77.878,201956.0
2018-11-26,77.418,78.43,76.682,77.878,151733.0
2018-11-27,78.706,80.822,78.246,79.81,238462.0
2018-11-28,79.718,85.974,79.258,84.502,580954.0
2018-11-29,85.054,87.262,83.306,83.49,376860.0
2018-11-30,83.03,85.33,82.386,84.318,266756.0
2018-12-03,88.182,89.93,84.962,86.066,398403.0
2018-12-04,85.514,86.526,84.594,85.238,187302.0
2018-12-05,84.042,92.598,83.674,91.954,652194.0
2018-12-06,91.126,96.738,90.758,92.322,688082.0
2018-12-07,92.598,93.058,89.286,92.598,405185.0
2018-12-10,91.402,93.242,88.458,88.55,407235.0
2018-12-11,88.55,89.47,87.814,89.102,181107.0
2018-12-12,89.102,91.77,88.366,88.642,286711.0
2018-12-13,88.826,90.206,86.618,89.102,287727.0
2018-12-14,89.378,89.838,85.422,86.25,358231.0
2018-12-17,86.802,87.446,84.594,86.342,221073.0
2018-12-18,86.986,87.722,85.882,86.894,164860.0
2018-12-19,86.894,86.894,82.018,83.03,321168.0
2018-12-20,83.214,86.158,82.754,84.042,326401.0
2018-12-21,84.594,86.342,81.742,83.95,344566.0
2018-12-24,83.214,86.342,82.478,86.066,265496.0
2018-12-25,84.87,87.446,84.042,85.238,293254.0
2018-12-26,86.71,86.71,83.858,84.318,166734.0
2018-12-27,85.33,85.974,81.742,82.294,211795.0
2018-12-28,82.57,82.938,78.43,82.478,325807.0
2019-01-02,82.662,83.674,81.834,82.478,143613.0
2019-01-03,83.95,83.95,78.798,79.35,280630.0
2019-01-04,78.154,81.19,77.786,80.638,223709.0
2019-01-07,81.558,84.502,80.914,84.502,305941.0
2019-01-08,84.502,84.87,83.03,84.318,195560.0
2019-01-09,84.502,84.962,80.914,82.754,286020.0
2019-01-10,84.502,89.93,84.502,88.366,709628.0
2019-01-11,88.366,88.918,86.618,86.802,259843.0
2019-01-14,86.802,88.458,85.79,86.802,216174.0
2019-01-15,86.342,90.39,86.066,90.022,389956.0
2019-01-16,90.39,91.218,89.286,90.666,240485.0
2019-01-17,90.85,94.622,90.298,91.494,354628.0
2019-01-18,92.69,97.106,91.954,95.91,465925.0
2019-01-21,96.002,96.922,93.794,94.438,322960.0
2019-01-22,94.162,95.45,91.034,91.954,292282.0
2019-01-23,92.046,93.794,91.126,92.874,249860.0
2019-01-24,92.69,101.522,92.69,99.222,1024075.0
2019-01-25,100.786,101.43,98.118,99.406,455285.0
2019-01-28,100.878,101.982,97.198,98.762,417906.0
2019-01-29,99.222,101.338,96.922,99.222,408423.0
2019-01-30,99.958,104.006,99.774,100.694,517498.0
2019-01-31,100.786,102.258,99.682,100.694,277905.0
2019-02-01,101.982,107.87,101.614,105.202,512605.0
2019-02-11,105.202,107.41,104.742,107.318,322418.0
2019-02-12,106.398,107.042,103.914,106.306,319803.0
2019-02-13,105.754,107.502,105.018,107.042,356418.0
2019-02-14,106.03,110.814,105.662,110.078,419739.0
2019-02-15,109.618,113.942,109.066,112.01,495397.0
2019-02-18,110.538,119.646,110.538,119.186,579688.0
2019-02-19,122.682,125.718,116.702,118.91,796625.0
2019-02-20,120.382,121.762,116.702,121.21,287959.0
2019-02-21,119.554,127.374,119.37,122.958,507911.0
2019-02-22,124.338,129.858,122.314,128.57,553700.0
2019-02-25,132.25,133.078,125.994,129.582,809500.0
2019-02-26,128.754,130.502,123.878,126.362,754476.0
2019-02-27,124.798,125.35,114.402,114.402,1169718.0
2019-02-28,113.298,117.806,111.274,115.782,609725.0
2019-03-01,116.15,118.358,114.954,116.702,517699.0
2019-03-04,118.174,118.818,114.218,116.058,916225.0
2019-03-05,115.782,117.438,113.758,116.61,612613.0
2019-03-06,116.518,117.714,113.758,115.138,601900.0
2019-03-07,115.138,115.322,110.63,111.918,616677.0
2019-03-08,111.274,115.322,109.526,110.63,539494.0
2019-03-11,110.446,121.026,110.354,121.026,1090321.0
2019-03-12,121.026,125.442,119.922,122.314,807729.0
2019-03-13,121.21,123.51,117.622,122.498,473386.0
2019-03-14,122.222,126.454,119.738,121.21,662154.0
2019-03-15,123.234,125.442,122.314,124.062,586468.0
2019-03-18,123.51,123.786,118.45,121.762,445726.0
2019-03-19,121.67,121.762,119.278,119.922,321270.0
2019-03-20,119.738,121.486,117.162,120.474,317835.0
2019-03-21,120.474,121.118,118.45,119.002,254351.0
2019-03-22,118.45,118.818,113.206,114.954,517621.0
2019-03-25,113.666,116.61,111.642,112.01,396459.0
2019-03-26,114.402,114.402,109.434,109.802,288813.0
2019-03-27,110.906,111.918,108.422,110.538,224904.0
2019-03-28,110.354,114.034,109.342,112.102,278712.0
2019-03-29,112.838,118.542,112.102,118.174,509414.0
2019-04-01,118.174,129.398,118.174,129.398,816503.0
2019-04-02,133.814,136.206,130.318,133.354,780885.0
2019-04-03,133.354,134.182,131.422,133.354,367608.0
2019-04-04,133.446,134.642,128.754,129.214,458449.0
2019-04-08,130.042,133.262,126.362,128.662,395496.0
2019-04-09,126.086,128.662,125.442,126.178,297193.0
2019-04-10,126.822,130.042,125.626,128.018,335744.0
2019-04-11,129.582,130.226,117.622,123.142,623168.0
2019-04-12,121.854,124.982,120.566,121.854,330522.0
2019-04-15,120.934,127.006,120.934,122.222,352636.0
2019-04-16,122.498,125.35,119.094,124.43,263771.0
2019-04-17,125.718,134.458,124.982,133.538,583877.0
2019-04-18,133.998,142.922,131.146,137.862,694232.0
2019-04-19,137.954,142.002,135.562,140.622,436996.0
2019-04-22,142.37,150.282,141.266,143.198,506769.0
2019-04-23,144.302,147.246,139.61,140.07,476512.0
2019-04-24,142.922,144.854,138.782,141.358,368186.0
2019-04-25,144.21,144.486,138.23,138.782,374830.0
2019-04-26,139.242,142.462,136.114,137.218,331079.0
2019-04-29,138.506,143.474,137.034,140.162,452593.0
2019-04-30,138.322,140.162,133.906,137.586,358743.0
2019-05-06,133.722,136.666,130.042,134.55,501983.0
2019-05-07,136.482,144.118,133.354,142.462,496319.0
2019-05-08,140.622,142.186,136.482,137.402,399303.0
2019-05-09,135.194,141.542,134.09,141.45,354179.0
2019-05-10,142.002,148.902,136.298,145.038,577369.0
2019-05-13,142.554,144.302,137.034,142.002,269931.0
2019-05-14,138.506,149.27,138.506,147.522,385517.0
2019-05-15,148.994,160.678,147.706,158.562,738673.0
2019-05-16,157.182,159.574,152.398,155.158,489633.0
2019-05-17,155.434,157.182,149.546,150.282,345410.0
2019-05-20,148.994,150.098,138.69,146.602,351232.0
2019-05-21,146.326,149.454,143.934,145.498,343863.0
2019-05-22,145.222,150.374,144.394,146.51,329706.0
2019-05-23,146.326,146.694,141.174,142.37,275555.0
2019-05-24,140.622,145.406,137.954,141.45,239278.0
2019-05-27,144.026,150.374,142.646,150.006,391275.0
2019-05-28,149.914,151.478,146.602,151.202,328273.0
2019-05-29,148.626,150.282,146.694,146.97,230968.0
2019-05-30,145.498,148.902,143.474,148.074,288822.0
2019-05-31,150.374,153.87,146.326,149.454,440122.0
2019-06-03,148.626,151.202,143.934,143.934,355894.0
2019-06-04,145.774,147.338,141.266,145.13,248872.0
2019-06-05,146.234,146.602,140.07,140.806,240405.0
2019-06-06,140.806,141.818,135.562,136.666,275339.0
2019-06-10,136.758,141.91,134.734,140.438,222589.0
2019-06-11,141.174,145.866,140.438,144.854,281399.0
2019-06-12,145.13,145.13,139.702,139.886,231693.0
2019-06-13,141.542,143.106,137.31,138.966,226030.0
2019-06-14,140.714,141.634,137.494,138.598,202146.0
2019-06-17,137.862,138.046,127.558,132.526,466076.0
2019-06-18,132.158,136.482,131.606,135.562,246711.0
2019-06-19,139.794,143.658,136.85,138.598,403882.0
2019-06-20,138.874,145.314,137.494,144.302,374263.0
2019-06-21,143.934,145.866,140.346,141.726,361605.0
2019-06-24,143.934,144.854,139.978,142.922,250566.0
2019-06-25,141.542,141.542,136.022,138.414,378808.0
2019-06-26,137.034,137.678,131.882,136.666,442002.0
2019-06-27,137.954,139.886,136.482,139.058,269139.0
2019-06-28,139.794,140.162,135.838,137.126,169626.0
2019-07-01,141.174,144.394,139.334,142.186,314115.0
2019-07-02,143.014,143.014,133.078,138.966,687366.0
2019-07-03,137.586,137.678,135.47,136.114,304314.0
2019-07-04,134.826,136.85,134.274,135.286,191245.0
2019-07-05,139.702,140.53,135.47,136.114,332333.0
2019-07-08,135.194,135.194,131.974,132.802,247329.0
2019-07-09,131.79,132.894,128.57,130.042,287508.0
2019-07-10,131.054,132.434,129.582,130.318,150315.0
2019-07-11,129.306,130.042,122.498,126.27,534675.0
2019-07-12,127.466,133.63,127.466,132.894,460942.0
2019-07-15,131.606,133.814,130.134,132.802,303352.0
2019-07-16,132.802,132.802,130.41,130.686,188733.0
2019-07-17,130.686,132.894,130.134,131.238,173880.0
2019-07-18,134.734,136.298,132.894,133.722,384536.0
2019-07-19,133.538,136.206,132.526,132.894,236166.0
2019-07-22,133.722,133.998,130.41,131.514,123226.0
2019-07-23,131.79,137.77,130.686,137.034,368080.0
2019-07-24,138.138,139.426,136.022,137.77,252754.0
2019-07-25,137.126,139.978,135.01,138.874,351709.0
2019-07-26,137.034,140.806,136.298,138.874,293360.0
2019-07-29,137.862,145.13,137.862,143.842,361212.0
2019-07-30,144.578,144.946,141.634,142.002,241423.0
2019-07-31,141.726,143.842,141.082,141.726,164145.0
2019-08-01,140.714,142.554,139.426,140.622,217707.0
2019-08-02,135.562,139.242,135.562,137.862,187807.0
2019-08-05,138.506,139.702,134.274,134.274,191482.0
2019-08-06,133.63,133.63,128.202,130.134,304159.0
2019-08-07,132.342,133.446,129.398,129.49,215587.0
2019-08-08,129.95,131.698,127.742,128.478,265698.0
2019-08-09,129.49,131.422,127.65,129.214,229143.0
2019-08-12,129.306,130.686,126.546,127.374,340079.0
2019-08-13,127.558,129.766,124.154,125.534,295205.0
2019-08-14,126.454,128.294,123.142,125.534,354675.0
2019-08-15,123.234,128.57,121.578,127.558,430404.0
2019-08-16,127.374,129.674,125.35,127.19,358831.0
2019-08-19,128.478,131.514,126.27,129.122,440549.0
2019-08-20,129.49,134.458,129.214,133.814,425146.0
2019-08-21,132.894,146.418,132.894,146.418,1092144.0
2019-08-22,146.602,149.546,143.934,145.314,604411.0
2019-08-23,146.694,147.614,143.106,144.21,280238.0
2019-08-26,142.554,143.474,140.53,141.542,312102.0
2019-08-27,143.014,146.234,142.094,144.854,384237.0
2019-08-28,144.302,148.81,143.566,147.522,574713.0
2019-08-29,147.982,150.558,146.234,146.602,325826.0
2019-08-30,147.614,148.258,142.002,142.554,305207.0
2019-09-02,143.934,151.294,142.462,149.27,464335.0
2019-09-03,149.454,151.938,147.614,149.362,322087.0
2019-09-04,148.534,150.282,145.498,146.694,262550.0
2019-09-05,147.154,149.086,146.234,146.97,297631.0
2019-09-06,146.326,147.798,143.382,144.762,304496.0
2019-09-09,145.774,146.418,142.738,144.394,294761.0
2019-09-10,145.314,145.314,142.554,143.474,225170.0
2019-09-11,143.75,144.118,140.346,140.898,244453.0
2019-09-12,142.186,147.614,142.186,146.878,506281.0
2019-09-16,147.338,147.43,144.026,144.854,268003.0
2019-09-17,144.394,144.762,137.862,140.07,364960.0
2019-09-18,139.978,141.082,137.954,139.242,177044.0
2019-09-19,139.058,141.91,137.402,139.058,243433.0
2019-09-20,139.702,140.714,136.85,140.714,277723.0
2019-09-23,138.874,139.058,134.734,136.114,380304.0
2019-09-24,135.746,138.322,133.262,136.114,308669.0
2019-09-25,135.286,135.286,129.398,129.766,400972.0
2019-09-26,130.962,131.974,125.534,127.098,333910.0
2019-09-27,128.202,128.202,123.694,126.638,302963.0
2019-09-30,127.374,127.374,123.97,124.982,163107.0
2019-10-08,125.442,127.006,122.682,124.89,215915.0
2019-10-09,124.89,128.662,124.246,128.018,196573.0
2019-10-10,128.018,129.03,126.27,127.006,199239.0
2019-10-11,127.742,127.742,122.774,124.154,323631.0
2019-10-14,124.246,129.214,124.246,126.638,406231.0
2019-10-15,125.626,127.65,122.774,123.786,266723.0
2019-10-16,123.05,123.602,112.838,119.646,840715.0
2019-10-17,119.738,124.338,119.094,122.038,368613.0
2019-10-18,121.394,123.326,117.622,119.094,273467.0
2019-10-21,118.266,120.014,116.518,119.278,179821.0
2019-10-22,119.278,123.418,117.346,123.234,299484.0
2019-10-23,123.142,126.822,122.314,123.142,280400.0
2019-10-24,123.234,124.246,119.554,120.474,166745.0
2019-10-25,120.474,126.638,118.174,126.178,427212.0
2019-10-28,125.35,127.834,124.43,126.914,280836.0
2019-10-29,126.546,130.594,126.086,128.754,265225.0
2019-10-30,128.018,129.398,124.614,128.11,186495.0
2019-10-31,128.662,128.662,123.694,124.798,212393.0
2019-11-01,123.786,124.982,121.302,123.418,186954.0
2019-11-04,123.418,124.706,123.05,123.602,138523.0
2019-11-05,123.694,127.374,123.326,127.374,206051.0
2019-11-06,126.914,129.858,125.81,127.374,221206.0
2019-11-07,129.582,130.042,126.546,127.834,192372.0
2019-11-08,128.294,129.49,126.27,126.546,157562.0
2019-11-11,125.994,125.994,121.946,123.142,159872.0
2019-11-12,123.326,124.522,119.83,121.762,146312.0
2019-11-13,122.222,122.222,117.346,118.45,250304.0
2019-11-14,119.094,119.094,115.782,116.61,251954.0
2019-11-15,116.702,116.702,113.206,113.298,291231.0
2019-11-18,111.09,116.61,110.722,115.69,342959.0
2019-11-19,115.874,122.314,114.954,121.026,392175.0
2019-11-20,121.946,124.614,121.026,121.854,287533.0
2019-11-21,121.21,122.774,120.106,122.682,133989.0
2019-11-22,123.694,125.626,121.854,124.614,318921.0
2019-11-25,124.246,125.166,120.75,122.222,194120.0
2019-11-26,122.406,123.694,120.474,123.694,231285.0
2019-11-27,122.682,123.418,119.37,121.21,222109.0
2019-11-28,120.474,126.086,120.474,124.614,322046.0
2019-11-29,124.154,129.582,124.154,128.294,434325.0
2019-12-02,130.318,133.538,129.03,130.594,506748.0
2019-12-03,130.41,135.194,128.754,133.722,415245.0
2019-12-04,133.446,134.366,130.87,132.71,234283.0
2019-12-05,133.354,135.194,131.422,134.09,288426.0
2019-12-06,133.998,136.206,131.054,134.734,275022.0
2019-12-09,134.642,135.654,131.33,132.526,208893.0
2019-12-10,132.25,132.618,129.95,130.594,267900.0
2019-12-11,131.238,131.606,127.098,128.386,226571.0
2019-12-12,127.374,129.122,126.546,126.822,212501.0
2019-12-13,127.374,129.674,126.178,129.214,287989.0
2019-12-16,128.57,133.354,128.294,132.71,284054.0
2019-12-17,132.802,133.906,130.962,131.974,248691.0
2019-12-18,132.066,132.158,129.49,130.318,200584.0
2019-12-19,130.962,131.422,129.03,130.042,172919.0
2019-12-20,129.49,130.686,127.282,128.202,166146.0
2019-12-23,127.466,128.11,124.982,124.982,191635.0
2019-12-24,124.982,126.27,123.05,125.902,211717.0
2019-12-25,126.27,129.766,125.718,128.662,282112.0
2019-12-26,128.846,128.938,127.19,127.926,181661.0
2019-12-27,127.742,128.294,126.27,127.374,205354.0
2019-12-30,127.558,128.57,124.614,128.018,203343.0
2019-12-31,128.018,129.674,126.914,128.57,188915.0
2020-01-02,130.134,137.954,128.846,137.954,763094.0
2020-01-03,138.23,142.37,137.494,139.886,510229.0
2020-01-06,138.23,148.258,137.862,145.774,641633.0
2020-01-07,147.43,148.626,144.946,147.522,450332.0
2020-01-08,151.478,151.662,144.302,144.762,545240.0
2020-01-09,146.602,148.994,144.394,145.13,473243.0
2020-01-10,146.97,147.338,140.898,141.818,404949.0
2020-01-13,142.738,142.83,138.414,139.794,466154.0
2020-01-14,140.806,143.474,139.334,140.346,539796.0
2020-01-15,139.702,140.806,136.574,138.322,354475.0
2020-01-16,138.322,139.334,137.034,137.678,325542.0
2020-01-17,139.518,140.622,136.39,136.482,442609.0
2020-01-20,136.482,137.494,134.642,137.31,308792.0
2020-01-21,136.298,139.978,136.114,138.046,437207.0
2020-01-22,136.666,137.402,132.986,136.942,400031.0
2020-01-23,134.734,139.886,130.962,132.342,414766.0
2020-02-03,119.922,122.774,119.922,119.922,534640.0
2020-02-04,119.922,131.054,119.83,128.57,523916.0
2020-02-05,130.502,131.514,128.294,129.214,367435.0
2020-02-06,130.502,139.242,130.134,137.31,550795.0
2020-02-07,137.31,143.934,136.206,142.922,578918.0
2020-02-10,140.806,147.246,140.438,145.406,566531.0
2020-02-11,145.682,147.614,142.646,144.854,325440.0
2020-02-12,158.562,158.562,158.562,158.562,195782.0
2020-02-13,173.65,173.65,172.546,173.65,1983697.0
2020-02-14,168.682,175.674,165.37,171.534,2048311.0
2020-02-17,172.638,183.586,172.638,180.918,1642131.0
2020-02-18,178.618,192.694,177.514,190.762,1335199.0
2020-02-19,188.094,191.59,182.298,182.758,967428.0
2020-02-20,187.726,189.014,178.986,186.254,865847.0
2020-02-21,185.794,188.094,181.286,182.298,990445.0
2020-02-24,180.182,184.874,178.894,182.206,817750.0
2020-02-25,178.894,187.174,172.914,182.574,1073019.0
2020-02-26,178.618,181.654,173.374,174.386,595560.0
2020-02-27,175.582,179.446,172.638,176.962,547154.0
2020-02-28,169.694,171.534,164.358,166.474,818643.0
2020-03-02,170.062,170.43,162.61,167.67,684506.0
2020-03-03,170.43,177.146,168.038,169.97,860923.0
2020-03-04,165.002,166.934,159.85,163.622,778760.0
2020-03-05,166.382,167.118,162.61,165.83,563932.0
2020-03-06,162.518,165.094,161.874,162.794,405462.0
2020-03-09,158.194,158.194,147.338,147.614,1326202.0
2020-03-10,145.958,154.606,144.578,153.134,1053278.0
2020-03-11,155.342,160.034,151.202,151.478,942601.0
2020-03-12,147.522,149.454,145.498,146.418,794695.0
2020-03-13,138.782,145.498,137.494,143.566,975373.0
2020-03-16,143.658,145.498,130.042,131.514,1233740.0
2020-03-17,132.894,135.378,125.994,129.214,933317.0
2020-03-18,131.054,137.494,128.846,129.03,984637.0
2020-03-19,129.674,132.71,126.362,131.79,1030816.0
2020-03-20,135.286,135.746,127.558,129.858,1016698.0
2020-03-23,122.866,124.614,117.622,117.622,1199916.0
2020-03-24,120.198,121.486,110.906,116.058,1866195.0
2020-03-25,120.198,124.062,118.634,119.37,2162699.0
2020-03-26,118.358,118.358,113.114,113.758,1936868.0
2020-03-27,115.598,121.946,113.666,118.634,2270452.0
2020-03-30,116.426,117.254,112.01,115.046,1578031.0
2020-03-31,116.702,117.346,111.734,114.586,1327755.0
2020-04-01,113.574,122.682,113.206,116.794,2081753.0
2020-04-02,117.254,124.522,116.978,123.97,1997635.0
2020-04-03,123.97,123.97,119.278,120.29,1437926.0
2020-04-07,123.51,126.454,122.038,125.074,1501611.0
2020-04-08,123.694,124.154,121.854,123.05,1109316.0
2020-04-09,123.234,123.786,119.83,120.842,1172458.0
2020-04-10,120.566,120.566,115.506,116.15,1207549.0
2020-04-13,114.034,114.862,110.998,111.734,961060.0
2020-04-14,113.574,116.886,112.838,116.886,948314.0
2020-04-15,116.978,119.462,115.414,117.254,1066844.0
2020-04-16,116.426,120.75,115.598,119.738,967987.0
2020-04-17,124.154,129.582,121.946,125.718,2375280.0
2020-04-20,123.418,125.902,120.198,125.074,1665768.0
2020-04-21,121.026,124.614,119.738,123.51,1478263.0
2020-04-22,120.934,131.698,120.014,128.938,1799375.0
2020-04-23,128.294,131.054,126.73,130.042,1436674.0
2020-04-24,129.214,129.858,124.614,124.89,916397.0
2020-04-27,123.97,129.674,123.97,128.11,1173387.0
2020-04-28,128.11,137.31,123.05,134.458,1777561.0
2020-04-29,132.158,141.082,132.158,138.23,1546963.0
2020-04-30,138.23,148.166,138.23,146.786,1391495.0
2020-05-06,145.498,148.442,142.554,146.694,1131205.0
2020-05-07,146.97,150.834,145.314,145.59,1048482.0
2020-05-08,145.958,147.246,142.462,142.646,1179651.0
2020-05-11,140.53,143.106,138.23,139.334,1093057.0
2020-05-12,140.254,146.418,138.046,146.326,1378576.0
2020-05-13,143.014,145.13,141.91,142.462,907052.0
2020-05-14,141.174,142.002,136.574,137.586,1009462.0
2020-05-15,137.126,140.438,134.826,137.218,929500.0
2020-05-18,137.954,142.83,135.746,140.99,1178136.0
2020-05-19,143.474,146.234,142.094,142.646,1134343.0
2020-05-20,143.382,144.854,140.162,140.714,686047.0
2020-05-21,141.91,142.554,132.158,132.618,1162298.0
2020-05-22,133.722,133.906,128.386,130.226,781915.0
2020-05-25,129.95,130.962,125.902,129.398,610105.0
2020-05-26,130.926,132.95,130.558,132.214,560662.0
2020-05-27,131.386,133.226,129.178,132.03,453563.0
2020-05-28,132.122,132.582,127.982,129.914,436179.0
2020-05-29,129.822,136.906,128.902,135.526,934223.0
2020-06-01,137.918,141.322,135.342,140.586,822693.0
2020-06-02,140.586,142.61,139.206,139.298,515533.0
2020-06-03,139.666,141.046,137.642,138.102,494958.0
2020-06-04,139.022,140.218,137.826,138.654,360096.0
2020-06-05,139.114,139.482,136.078,137.918,411265.0
2020-06-08,138.746,146.75,138.01,145.462,1025980.0
2020-06-09,146.014,146.566,144.266,145.922,549764.0
2020-06-10,145.462,148.406,143.622,147.026,579372.0
2020-06-11,147.026,153.006,146.106,148.774,933401.0
2020-06-12,144.91,147.118,143.898,146.29,625102.0
2020-06-15,143.346,147.118,140.126,146.566,636005.0
2020-06-16,147.302,149.694,145.646,148.498,540106.0
2020-06-17,149.694,150.062,144.358,145.83,457959.0
2020-06-18,145.554,147.762,143.53,146.29,365085.0
2020-06-19,147.026,148.038,145.83,146.29,481496.0
2020-06-22,146.658,154.202,146.658,154.202,851038.0
2020-06-23,152.914,162.666,152.822,160.734,952240.0
2020-06-24,162.666,173.062,161.286,167.726,1122438.0
2020-06-29,167.726,176.742,167.726,169.566,1095344.0
2020-06-30,173.246,174.994,166.622,169.382,882175.0
2020-07-01,174.626,176.65,169.658,176.65,920453.0
2020-07-02,180.698,192.106,180.422,184.654,1131890.0
2020-07-03,184.654,189.162,181.618,184.378,677988.0
2020-07-06,182.446,193.578,182.262,189.806,859691.0
2020-07-07,189.346,200.57,188.886,189.806,741736.0
2020-07-08,190.266,194.59,188.058,191.738,584770.0
2020-07-09,194.866,200.846,192.014,195.142,615873.0
2020-07-10,195.142,195.326,190.266,191.462,461533.0
2020-07-13,188.334,198.086,187.966,197.81,536670.0
2020-07-14,198.454,204.802,188.518,192.198,950035.0
2020-07-15,197.534,209.586,189.806,203.33,1046953.0
2020-07-16,202.962,206.366,184.378,186.218,879300.0
2020-07-17,186.77,196.246,184.838,193.486,618882.0
2020-07-20,211.886,211.886,199.466,211.886,1103451.0
2020-07-21,223.386,232.126,212.806,221.914,1566088.0
2020-07-22,213.266,226.054,209.126,219.062,1070612.0
2020-07-23,217.682,239.486,216.762,236.726,1234722.0
2020-07-24,234.518,240.498,222.19,226.698,823421.0
2020-07-27,236.726,246.662,229.366,235.622,1055568.0
2020-07-28,237.094,239.394,220.166,227.71,716623.0
2020-07-29,227.526,237.922,218.97,237.37,879662.0
2020-07-30,242.062,260.186,234.978,260.186,981180.0
2020-07-31,253.286,270.306,252.274,260.646,825931.0
2020-08-03,263.866,268.098,257.978,262.21,578563.0
2020-08-04,258.622,261.014,245.19,249.974,797224.0
2020-08-05,249.974,254.114,241.326,251.63,584162.0
2020-08-06,251.446,251.446,234.058,238.842,879941.0
2020-08-07,236.634,247.306,230.194,245.006,997873.0
2020-08-10,251.354,257.426,242.246,251.262,972934.0
2020-08-11,252.09,254.666,233.782,234.242,1019676.0
2020-08-12,234.242,235.714,215.658,224.214,1062018.0
2020-08-13,229.826,232.678,223.846,224.674,630155.0
2020-08-14,226.422,228.262,220.626,225.41,444145.0
2020-08-17,225.686,226.79,215.566,223.57,877786.0
2020-08-18,224.582,229.182,219.062,223.846,729884.0
2020-08-19,221.086,221.638,216.486,216.854,520767.0
2020-08-20,214.554,219.43,211.978,213.174,476342.0
2020-08-21,216.762,224.122,215.106,219.522,679276.0
2020-08-24,219.338,232.31,219.338,231.666,829236.0
2020-08-25,231.666,231.666,223.202,225.318,583910.0
2020-08-26,225.318,225.318,207.378,211.15,927316.0
2020-08-27,211.702,226.514,210.782,222.926,760613.0
2020-08-28,223.846,228.814,220.166,227.25,499166.0
2020-08-31,230.378,239.486,227.802,233.966,639574.0
2020-09-01,233.046,246.202,228.446,244.086,684096.0
2020-09-02,243.626,247.306,237.002,241.51,457628.0
2020-09-03,239.394,239.394,230.746,232.954,492446.0
2020-09-04,227.526,231.298,221.73,228.262,440367.0
2020-09-07,226.606,229.366,221.73,222.466,382724.0
2020-09-08,224.858,231.942,222.466,230.654,536844.0
2020-09-09,223.846,230.102,217.774,221.086,457992.0
2020-09-10,223.846,226.422,214.83,216.578,422079.0
2020-09-11,214.186,237.278,209.586,237.278,1016987.0
2020-09-14,241.878,253.286,238.566,239.486,1233774.0
2020-09-15,242.43,243.81,233.506,239.486,486857.0
2020-09-16,240.314,251.446,238.014,240.13,756573.0
2020-09-17,235.898,245.19,234.886,240.406,524983.0
2020-09-18,239.854,241.142,230.746,238.106,561357.0
2020-09-21,237.646,240.222,233.138,234.886,318703.0
2020-09-22,233.138,238.198,228.906,231.758,295265.0
2020-09-23,235.438,248.594,231.758,245.006,744591.0
2020-09-24,242.43,247.306,232.126,233.046,603526.0
2020-09-25,235.254,245.282,235.254,237.738,486956.0
2020-09-28,240.406,260.554,240.406,255.862,1051626.0
2020-09-29,260.186,260.278,251.17,256.966,632112.0
2020-09-30,256.874,263.406,253.746,254.022,617262.0
2020-10-09,272.606,278.494,270.582,278.494,907337.0
2020-10-12,285.394,287.97,273.25,286.406,940238.0
2020-10-13,285.486,300.574,279.046,295.514,707697.0
2020-10-14,291.006,311.798,289.35,300.114,925789.0
2020-10-15,302.782,304.346,275.918,282.91,1143614.0
2020-10-16,288.982,288.982,270.214,273.618,782764.0
2020-10-19,273.71,275.09,257.886,259.726,929373.0
2020-10-20,262.486,268.926,261.658,268.466,764244.0
2020-10-21,272.606,273.066,261.566,267.362,500367.0
2020-10-22,263.866,266.902,258.622,264.142,411247.0
2020-10-23,256.966,274.63,254.482,266.074,752200.0
2020-10-26,262.486,283.646,258.898,281.806,899274.0
2020-10-27,278.218,289.718,276.01,288.062,713774.0
2020-10-28,284.566,308.578,281.806,292.938,802550.0
2020-10-29,287.786,303.518,286.406,290.822,713058.0
2020-10-30,290.638,302.046,283.646,291.926,658012.0
2020-11-02,286.406,318.33,282.266,305.726,1156000.0
2020-11-03,307.474,309.406,294.686,305.726,636254.0
2020-11-04,302.69,308.854,279.046,287.05,1145362.0
2020-11-05,299.286,307.382,292.846,305.45,889370.0
2020-11-06,311.246,311.706,285.578,291.006,1090259.0
2020-11-09,293.95,309.406,283.462,305.726,1022426.0
2020-11-10,303.886,325.782,296.618,318.238,923780.0
2020-11-11,315.846,328.818,308.486,311.246,670998.0
2020-11-12,320.998,320.998,302.046,308.026,602644.0
2020-11-13,305.726,308.486,286.406,293.95,932443.0
2020-11-16,294.594,300.39,283.646,297.354,570777.0
2020-11-17,294.686,295.79,276.286,280.702,865337.0
2020-11-18,284.658,290.086,275.366,282.082,766777.0
2020-11-19,281.806,297.63,276.746,296.25,835929.0
2020-11-20,294.686,307.106,292.018,304.53,719139.0
2020-11-23,304.806,317.87,299.93,311.154,675208.0
2020-11-24,306.646,309.13,300.942,304.438,438806.0
2020-11-25,307.474,314.834,301.31,302.782,423674.0
2020-11-26,297.722,303.702,288.246,299.93,548149.0
2020-11-27,298.274,301.77,292.57,297.17,480626.0
2020-11-30,297.998,297.998,283.738,292.846,612871.0
2020-12-01,290.362,305.726,290.362,300.298,540107.0
2020-12-02,299.47,300.942,285.394,290.086,919923.0
2020-12-03,286.406,288.798,284.198,285.67,551384.0
2020-12-04,284.382,286.682,275.458,279.966,790008.0
2020-12-07,279.966,286.406,276.286,283.186,730749.0
2020-12-08,280.886,284.106,276.746,278.126,606713.0
2020-12-09,279.506,280.518,265.43,271.134,880804.0
2020-12-10,281.162,297.17,275.458,293.766,1526688.0
2020-12-11,296.066,301.586,288.522,292.386,1031240.0
2020-12-14,299.746,305.726,290.086,298.09,1064369.0
2020-12-15,298.918,302.506,291.834,301.862,859543.0
2020-12-16,308.67,313.454,303.886,306.554,995474.0
2020-12-17,305.91,307.198,295.698,304.438,754042.0
2020-12-18,303.886,320.078,302.23,318.974,1104960.0
2020-12-21,331.486,345.194,323.022,337.834,1456296.0
2020-12-22,336.822,346.022,327.99,328.082,1162688.0
2020-12-23,334.338,359.914,334.338,359.914,1402644.0
2020-12-24,360.926,369.114,350.806,361.11,1035296.0
2020-12-25,359.638,386.042,353.658,382.822,1010593.0
2020-12-28,378.406,387.606,371.23,382.454,897276.0
2020-12-29,377.578,379.878,346.022,349.426,1590945.0
2020-12-30,353.566,363.686,352.922,358.626,889691.0
2020-12-31,368.194,374.726,356.234,363.134,1003272.0
2021-01-04,361.846,398.462,359.178,392.666,1296911.0
2021-01-05,387.146,411.066,383.558,400.486,1121496.0
2021-01-06,398.554,408.49,386.778,399.566,1003257.0
2021-01-07,408.858,420.266,400.578,414.838,1129550.0
2021-01-08,415.39,420.358,387.606,396.806,1391215.0
2021-01-11,396.898,396.898,363.962,371.23,1541564.0
2021-01-12,371.966,385.122,366.446,381.258,1050199.0
2021-01-13,381.166,391.838,366.63,371.506,1096412.0
2021-01-14,365.434,368.93,350.53,358.258,975127.0
2021-01-15,357.706,367.182,350.07,363.686,801918.0
2021-01-18,358.166,365.066,350.806,361.846,802620.0
2021-01-19,369.206,372.426,349.886,351.634,945253.0
2021-01-20,354.486,364.514,349.978,362.03,907219.0
2021-01-21,371.046,396.806,365.526,394.046,1613315.0
2021-01-22,400.21,423.578,395.518,422.106,1551150.0
2021-01-25,422.106,446.21,405.086,417.046,1680062.0
2021-01-26,423.486,439.034,411.342,431.03,1400057.0
2021-01-27,427.166,473.166,412.17,473.166,1681118.0
2021-01-28,464.886,483.194,451.914,462.034,1704105.0
2021-01-29,463.046,466.818,418.426,432.686,1894555.0
2021-02-01,413.274,422.198,403.338,408.766,1420652.0
2021-02-02,419.346,437.838,402.234,428.638,1331512.0
2021-02-03,429.006,448.694,427.626,435.63,1352800.0
2021-02-04,424.222,435.63,413.182,423.486,1099941.0
2021-02-05,430.478,448.51,420.634,428.914,1168631.0
2021-02-08,429.006,440.782,406.466,438.942,1105612.0
2021-02-09,438.942,478.686,438.942,478.686,1300022.0
2021-02-10,487.886,520.086,471.142,506.838,1334014.0
2021-02-18,510.426,515.118,492.946,507.114,990349.0
2021-02-19,495.89,496.074,459.734,478.318,1148250.0
2021-02-22,469.302,500.122,468.106,469.946,1079486.0
2021-02-23,453.754,480.342,451.822,471.326,770800.0
2021-02-24,469.394,474.362,435.722,444.002,1107669.0
2021-02-25,456.146,460.654,443.634,447.958,766908.0
2021-02-26,428.546,447.314,423.486,441.702,781602.0
2021-03-01,452.466,464.794,440.874,446.486,985545.0
2021-03-02,454.214,456.514,430.57,440.414,845835.0
2021-03-03,432.962,435.354,397.358,406.006,2261710.0
2021-03-04,387.698,391.378,366.354,366.354,1660535.0
2021-03-05,341.238,363.686,334.43,352.094,1607536.0
2021-03-08,354.762,358.902,318.698,320.262,2339515.0
2021-03-09,319.158,325.138,305.634,307.566,1581450.0
2021-03-10,316.582,319.158,307.474,313.822,1457546.0
2021-03-11,313.914,333.326,312.258,327.622,1309770.0
2021-03-12,334.246,336.086,309.958,319.434,1569391.0
2021-03-15,313.086,314.742,291.006,295.606,1676283.0
2021-03-16,299.286,302.598,292.386,296.434,1138609.0
2021-03-17,296.434,305.266,290.27,301.678,1051880.0
2021-03-18,301.954,310.97,296.618,309.406,1102122.0
2021-03-19,299.286,300.85,290.086,293.122,1149251.0
2021-03-22,292.846,301.218,290.086,298.55,801672.0
2021-03-23,298.366,299.102,287.326,294.87,767343.0
2021-03-24,296.066,298.366,284.566,286.59,726694.0
2021-03-25,280.978,294.134,279.414,291.558,727559.0
2021-03-26,296.618,308.486,294.778,304.162,1222429.0
2021-03-29,304.806,304.898,296.71,297.722,942823.0
2021-03-30,296.618,319.158,293.582,313.822,1454761.0
2021-03-31,313.086,316.122,307.382,310.694,838027.0
2021-04-01,315.754,324.862,312.534,314.098,892438.0
2021-04-02,314.098,318.698,306.83,317.686,636667.0
2021-04-06,323.114,330.566,319.71,323.482,897188.0
2021-04-07,321.366,321.366,309.406,313.086,724055.0
2021-04-08,308.486,315.386,305.726,311.062,502900.0
2021-04-09,307.566,314.19,303.978,305.634,491266.0
2021-04-12,303.886,308.026,294.686,295.422,571412.0
2021-04-13,285.486,300.114,285.21,294.318,633820.0
2021-04-14,299.01,304.622,297.722,302.966,611199.0
2021-04-15,306.186,308.118,300.298,306.462,475868.0
2021-04-16,305.266,305.266,292.754,300.85,627531.0
2021-04-19,302.598,319.158,300.666,317.502,917217.0
2021-04-20,318.146,331.67,315.478,322.378,1148564.0
2021-04-21,322.746,328.91,316.398,321.826,776177.0
2021-04-22,324.954,325.874,312.074,324.034,701853.0
2021-04-23,326.61,338.386,325.322,335.166,990149.0
2021-04-26,334.154,340.686,326.702,326.794,898919.0
2021-04-27,323.298,327.806,318.606,324.126,526763.0
2021-04-28,325.874,329.738,320.446,325.874,522547.0
2021-04-29,327.346,328.266,316.306,322.93,582120.0
2021-04-30,323.022,338.018,322.93,333.602,1052214.0
2021-05-06,331.486,352.186,329.278,345.93,1092662.0
2021-05-07,346.022,358.35,338.754,340.686,982715.0
2021-05-10,336.086,367.734,334.614,364.422,1205587.0
2021-05-11,360.006,364.606,345.286,362.858,967464.0
2021-05-12,359.27,368.194,355.682,365.618,624745.0
2021-05-13,359.086,364.606,353.474,355.314,583334.0
2021-05-14,353.382,356.234,341.606,353.566,608355.0
2021-05-17,353.566,376.934,353.566,374.082,919390.0
2021-05-18,374.726,377.026,368.562,372.702,424463.0
2021-05-19,370.126,386.318,370.126,384.754,660468.0
2021-05-20,386.778,389.354,372.61,374.634,614887.0
2021-05-21,379.795,385.223,365.995,373.263,623737.0
2021-05-24,372.343,384.303,359.003,382.923,720607.0
2021-05-25,379.243,380.991,373.263,379.519,592401.0
2021-05-26,380.255,381.819,368.111,369.215,600754.0
2021-05-27,369.491,377.863,364.063,365.351,554436.0
2021-05-28,361.395,377.495,361.395,364.707,728801.0
2021-05-31,362.959,382.371,359.371,380.899,906284.0
2021-06-01,378.323,381.267,370.595,375.471,591834.0
2021-06-02,380.623,385.223,362.959,365.075,661881.0
2021-06-03,360.383,360.383,340.603,342.719,1140754.0
2021-06-04,338.303,346.399,334.255,339.959,714437.0
2021-06-07,337.015,338.763,326.435,333.703,980619.0
2021-06-08,333.703,342.811,327.723,331.219,876386.0
2021-06-09,331.679,331.863,321.559,329.103,767450.0
2021-06-10,326.803,347.043,326.619,339.223,1172233.0
2021-06-11,339.407,353.023,334.715,345.203,1305030.0
2021-06-15,347.503,355.967,337.015,340.603,1019050.0
2021-06-16,336.463,336.647,320.363,320.455,941822.0
2021-06-17,320.455,331.863,320.455,328.919,554299.0
2021-06-18,327.723,339.223,326.343,331.863,728295.0
2021-06-21,332.783,343.087,327.263,338.579,633958.0
2021-06-22,342.811,345.847,336.463,338.303,651207.0
2021-06-23,338.855,346.215,336.003,341.983,834299.0
2021-06-24,350.263,374.643,342.167,374.643,1855201.0
2021-06-25,374.643,378.415,365.443,371.423,1215779.0
2021-06-28,377.863,399.943,373.263,392.675,1521471.0
2021-06-29,398.103,411.903,393.503,409.603,1496228.0
2021-06-30,402.703,418.711,395.343,409.787,1072791.0
2021-07-01,423.035,429.107,408.775,409.143,1352496.0
2021-07-02,401.875,417.423,396.631,397.827,1508226.0
2021-07-05,407.303,408.775,394.699,403.623,1072438.0
2021-07-06,405.647,405.647,377.035,385.039,1321626.0
2021-07-07,383.843,405.003,378.415,400.863,1179014.0
2021-07-08,400.955,403.623,388.075,389.179,1141053.0
2021-07-09,387.799,396.723,374.183,393.227,1021918.0
2021-07-12,397.183,397.643,385.683,386.695,1214979.0
2021-07-13,394.975,407.303,386.603,403.347,1468523.0
2021-07-14,403.347,403.347,378.967,381.727,1347382.0
2021-07-15,375.287,387.707,366.823,383.659,1220658.0
2021-07-16,379.703,381.451,367.651,367.743,1029398.0
2021-07-19,367.283,382.555,365.903,375.011,770186.0
2021-07-20,370.503,380.255,368.663,376.851,594124.0
2021-07-21,378.139,413.375,377.863,413.375,1842790.0
2021-07-22,423.863,430.303,408.223,420.091,1966193.0
2021-07-23,416.411,426.163,408.683,412.271,1117864.0
2021-07-26,411.443,422.851,393.319,407.487,1252203.0
2021-07-27,407.303,433.799,396.723,398.563,1465723.0
2021-07-28,393.503,405.003,376.943,392.031,1030141.0
2021-07-29,398.655,415.123,392.215,414.663,1295087.0
2021-07-30,407.303,424.415,404.911,409.327,1217017.0
2021-08-02,408.683,441.343,407.303,433.615,1642613.0
2021-08-03,433.523,439.871,416.595,432.603,1141177.0
2021-08-04,432.603,474.739,431.683,474.739,1826947.0
2021-08-05,471.703,493.415,466.367,483.387,1692235.0
2021-08-06,483.387,496.451,471.703,478.051,1015751.0
2021-08-09,471.979,477.959,449.899,467.287,993976.0
2021-08-10,465.263,479.799,452.107,465.263,951038.0
2021-08-11,462.135,465.171,438.951,445.759,1298336.0
2021-08-12,445.023,452.107,430.303,450.451,1170448.0
2021-08-13,440.515,448.335,434.627,435.823,840240.0
2021-08-16,428.463,452.015,426.439,444.103,950873.0
2021-08-17,444.103,465.263,444.103,453.027,1119810.0
2021-08-18,459.743,469.311,443.183,448.243,1138419.0
2021-08-19,448.243,465.999,439.503,462.687,976887.0
2021-08-20,462.503,467.011,448.703,462.135,797957.0
2021-08-23,465.263,480.443,448.703,475.659,1079384.0
2021-08-24,472.991,502.891,471.887,478.143,1061940.0
2021-08-25,480.719,522.303,476.303,514.391,1525627.0
2021-08-26,509.423,521.935,505.099,510.251,952543.0
2021-08-27,504.731,555.239,502.155,539.507,1358606.0
2021-08-30,544.199,585.047,542.543,568.211,1511840.0
2021-08-31,562.415,578.515,551.651,572.903,1047082.0
2021-09-01,573.087,578.423,516.783,530.123,1487917.0
2021-09-02,536.103,581.183,536.103,581.183,1228360.0
2021-09-03,572.903,589.187,538.127,550.363,1209525.0
2021-09-06,553.399,553.399,500.223,523.683,1162349.0
2021-09-07,523.683,541.531,514.943,537.759,754675.0
2021-09-08,536.103,547.511,513.195,518.807,789843.0
2021-09-09,519.083,538.219,514.759,535.275,678386.0
2021-09-10,527.915,554.319,523.039,551.283,860683.0
2021-09-13,545.487,552.479,518.071,521.935,918060.0
2021-09-14,508.687,510.251,480.903,489.827,1447578.0
2021-09-15,494.703,504.823,490.195,499.395,767698.0
2021-09-16,499.855,502.891,467.103,467.103,1211481.0
2021-09-17,479.339,480.627,450.451,466.367,1053378.0
2021-09-22,461.859,476.119,455.143,463.423,591986.0
2021-09-23,472.347,485.411,462.963,464.343,748373.0
2021-09-24,463.423,491.023,454.591,479.523,999498.0
2021-09-27,482.743,485.411,457.535,473.083,849157.0
2021-09-28,473.083,482.651,463.423,466.735,519795.0
2021-09-29,459.743,480.627,457.903,474.095,634914.0
2021-09-30,473.451,488.631,466.275,480.351,610674.0
2021-10-08,495.347,499.211,465.079,475.935,650270.0
2021-10-11,474.463,494.703,472.623,485.595,622876.0
2021-10-12,486.423,498.107,481.547,496.819,647609.0
2021-10-13,497.095,521.843,493.047,516.783,765628.0
2021-10-14,514.023,529.203,506.203,511.907,664998.0
2021-10-15,510.067,529.663,504.915,525.983,595110.0
2021-10-18,531.411,533.527,510.343,525.155,615537.0
2021-10-19,520.279,526.903,507.399,507.491,642609.0
2021-10-20,506.663,526.719,506.111,513.563,677077.0
2021-10-21,513.103,516.323,502.247,507.859,444682.0
2021-10-22,512.183,524.419,506.387,514.207,446318.0
2021-10-25,515.863,540.519,515.863,536.103,827210.0
2021-10-26,537.943,539.599,521.383,528.007,620132.0
2021-10-27,531.595,538.679,525.063,531.963,617211.0
2021-10-28,528.559,531.779,514.023,521.751,580234.0
2021-10-29,523.223,539.875,504.915,538.219,943403.0
2021-11-01,531.503,534.907,512.183,517.703,902601.0
2021-11-02,511.263,514.575,482.007,483.847,1054067.0
2021-11-03,474.463,492.311,474.371,485.227,698762.0
2021-11-04,490.379,504.455,481.823,496.543,713514.0
2021-11-05,497.555,497.555,471.703,472.163,839716.0
2021-11-08,469.127,480.903,466.367,475.383,442071.0
2021-11-09,483.663,490.747,474.003,476.119,503243.0
2021-11-10,475.291,478.143,451.463,459.743,896282.0
2021-11-11,460.663,467.103,457.627,461.583,483937.0
2021-11-12,462.503,470.783,462.503,466.919,421993.0
2021-11-15,469.035,469.035,453.487,456.339,412782.0
2021-11-16,454.867,460.663,451.647,459.191,314828.0
2021-11-17,459.927,473.543,457.903,473.543,579162.0
2021-11-18,473.543,473.543,460.755,466.275,355522.0
2021-11-19,465.723,468.943,453.303,461.859,544852.0
2021-11-22,457.903,467.195,454.223,464.527,654939.0
2021-11-23,463.791,464.159,455.143,456.799,549866.0
2021-11-24,458.823,459.283,433.799,438.399,996949.0
2021-11-25,436.743,437.663,422.023,425.703,919484.0
2021-11-26,427.911,430.579,421.103,425.059,652006.0
2021-11-29,417.423,423.863,415.583,419.171,650735.0
2021-11-30,422.851,430.303,419.355,424.967,664517.0
2021-12-01,419.355,436.375,418.159,431.775,779443.0
2021-12-02,431.499,438.951,426.807,431.775,523674.0
2021-12-03,427.911,431.775,406.383,416.227,966986.0
2021-12-06,416.227,432.143,416.227,421.471,792925.0
2021-12-07,427.451,428.647,417.423,425.519,462919.0
2021-12-08,425.703,444.931,422.023,439.043,928431.0
2021-12-09,438.583,444.011,433.983,440.055,593760.0
2021-12-10,438.583,461.399,436.651,457.259,937082.0
2021-12-13,454.959,460.847,447.691,455.603,620361.0
2021-12-14,455.603,455.879,439.963,441.803,502371.0
2021-12-15,438.951,459.559,438.399,446.587,521074.0
2021-12-16,447.323,453.579,443.275,445.943,301488.0
2021-12-17,442.447,442.723,425.887,426.715,556302.0
2021-12-20,423.035,430.947,417.055,417.883,404164.0
2021-12-21,418.343,425.703,415.123,423.495,278699.0
2021-12-22,426.347,427.175,420.367,421.563,218191.0
2021-12-23,421.103,422.943,414.663,417.055,324261.0
2021-12-24,419.723,420.827,391.203,391.387,844985.0
2021-12-27,388.903,390.559,372.711,382.923,768801.0
2021-12-28,380.715,393.503,378.323,391.387,585802.0
2021-12-29,389.731,404.635,387.983,400.035,669277.0
2021-12-30,398.195,409.051,396.447,399.023,587439.0
2021-12-31,406.659,435.639,406.659,425.335,1050943.0
2022-01-04,431.223,431.959,398.103,402.887,855329.0
2022-01-05,402.979,406.291,392.031,395.619,502743.0
2022-01-06,394.423,398.931,384.303,397.183,502662.0
2022-01-07,401.139,408.407,388.995,399.023,588403.0
2022-01-10,399.023,402.519,388.259,397.091,395077.0
2022-01-11,396.447,400.311,383.291,387.063,382412.0
2022-01-12,390.651,403.255,382.923,402.795,578119.0
2022-01-13,401.875,403.439,389.639,389.731,388476.0
2022-01-14,387.523,397.643,385.223,392.767,308416.0
2022-01-17,395.803,404.267,392.859,393.871,374334.0
2022-01-18,392.675,396.263,387.063,391.479,314340.0
2022-01-19,389.547,390.743,383.383,384.395,305891.0
2022-01-20,385.959,387.155,377.955,379.703,317484.0
2022-01-21,378.783,388.167,373.999,379.151,305708.0
2022-01-24,379.243,389.823,373.263,387.431,325697.0
2022-01-25,383.383,387.431,366.823,369.123,403311.0
2022-01-26,375.563,383.567,371.239,380.163,348582.0
2022-01-27,377.495,379.519,367.283,367.651,315664.0
2022-01-28,372.067,373.079,346.859,355.323,438092.0
2022-02-07,361.395,381.819,361.395,378.323,530271.0
2022-02-08,379.519,379.519,360.751,368.203,430513.0
2022-02-09,366.915,372.895,364.707,370.503,376570.0
2022-02-10,370.503,376.023,362.039,366.639,384785.0
2022-02-11,361.303,369.031,359.279,360.383,293693.0
2022-02-14,359.739,360.751,350.263,356.243,421023.0
2022-02-15,357.623,368.663,355.691,367.191,455493.0
2022-02-16,371.423,372.251,363.879,365.075,280886.0
2022-02-17,364.615,379.611,362.223,376.483,502620.0
2022-02-18,372.803,375.747,369.031,371.055,332289.0
2022-02-21,371.883,377.955,367.927,375.747,287546.0
2022-02-22,372.251,397.367,371.607,396.355,896810.0
2022-02-23,396.355,409.879,395.159,407.027,731090.0
2022-02-24,398.103,416.043,394.699,399.207,769100.0
2022-02-25,407.487,416.411,398.103,398.931,534036.0
2022-02-28,402.611,407.855,398.287,406.383,411317.0
2022-03-01,416.227,427.083,408.775,410.523,713201.0
2022-03-02,408.223,420.091,401.783,416.687,533875.0
2022-03-03,415.583,419.723,407.395,409.235,396520.0
2022-03-04,402.979,413.927,401.783,404.727,316176.0
2022-03-07,402.611,411.903,393.963,400.403,381958.0
2022-03-08,400.403,412.455,398.839,405.371,526544.0
2022-03-09,411.903,416.043,389.363,410.523,739886.0
2022-03-10,437.663,439.319,421.195,424.415,1140656.0
2022-03-11,417.055,431.499,415.307,430.763,712557.0
2022-03-14,425.703,431.959,416.595,416.687,476974.0
2022-03-15,411.351,429.935,405.463,416.227,716855.0
2022-03-16,422.943,431.775,405.095,431.223,770375.0
2022-03-17,433.799,439.503,421.103,422.667,762225.0
2022-03-18,418.343,422.575,411.443,419.263,350589.0
2022-03-21,418.343,427.083,414.571,423.679,391139.0
2022-03-22,429.383,433.523,416.411,422.943,530170.0
2022-03-23,427.083,427.359,415.307,417.055,352190.0
2022-03-24,413.007,413.191,399.115,401.415,535854.0
2022-03-25,403.623,406.751,391.479,391.571,372837.0
2022-03-28,397.183,415.123,394.423,409.143,651691.0
2022-03-29,409.879,425.151,406.751,412.823,503888.0
2022-03-30,416.411,423.863,407.395,422.851,498603.0
2022-03-31,417.515,419.999,402.795,404.451,484635.0
2022-04-01,404.635,417.975,398.379,410.247,431515.0
2022-04-06,407.211,407.211,388.995,392.583,572791.0
2022-04-07,387.063,399.023,387.063,391.939,286780.0
2022-04-08,392.031,392.491,378.599,387.707,352025.0
2022-04-11,385.223,385.223,369.675,371.423,386844.0
2022-04-12,370.503,378.323,368.663,376.483,296510.0
2022-04-13,375.011,382.095,371.423,373.263,272145.0
2022-04-14,377.771,379.243,369.399,373.631,291880.0
2022-04-15,369.583,376.575,364.799,375.011,284499.0
2022-04-18,372.067,384.119,369.675,382.463,308621.0
2022-04-19,382.831,388.443,378.783,379.243,301987.0
2022-04-20,375.655,378.139,370.043,372.159,240971.0
2022-04-21,368.663,371.239,354.679,356.151,465270.0
2022-04-22,352.195,359.371,349.159,350.539,301521.0
2022-04-25,343.271,348.055,335.083,335.267,462473.0
2022-04-26,346.215,358.543,342.719,347.779,642060.0
2022-04-27,348.423,379.703,346.399,378.047,714383.0
2022-04-28,372.803,387.523,370.687,376.943,578061.0
2022-04-29,379.611,393.503,376.483,389.823,580092.0
2022-05-05,393.227,395.343,385.315,386.327,435973.0
2022-05-06,378.323,380.255,373.355,375.839,287114.0
2022-05-09,374.183,383.567,370.687,375.287,268948.0
2022-05-10,370.595,387.063,368.755,379.887,405531.0
2022-05-11,381.359,393.319,374.827,385.959,509776.0
2022-05-12,380.623,388.167,379.703,382.095,305664.0
2022-05-13,386.143,390.191,378.875,382.923,339688.0
2022-05-16,383.383,388.351,376.023,377.127,327902.0
2022-05-17,383.751,400.403,382.647,399.023,734513.0
2022-05-18,399.943,401.415,392.767,397.367,434696.0
2022-05-19,391.663,433.339,390.559,429.567,1148519.0
2022-05-20,429.567,436.191,425.703,434.903,801906.0
2022-05-23,434.903,436.743,423.679,432.603,558791.0
2022-05-24,432.695,439.227,423.863,425.335,561407.0
2022-05-25,427.543,429.843,420.551,427.267,412730.0
2022-05-26,429.291,431.683,420.643,425.611,389594.0
2022-05-27,427.543,431.131,419.263,422.667,414650.0
2022-05-30,425.445,428.113,419.833,422.869,345040.0
2022-05-31,434.093,438.693,425.445,435.841,694279.0
2022-06-01,435.381,441.913,427.469,434.277,492030.0
2022-06-02,438.693,458.657,434.369,455.897,756901.0
2022-06-06,452.769,484.049,451.573,472.365,848918.0
2022-06-07,487.453,499.413,477.793,480.553,1119050.0
2022-06-08,482.945,486.533,472.273,485.245,682309.0
2022-06-09,481.749,497.389,481.749,487.729,649009.0
2022-06-10,480.185,517.353,480.093,512.569,951522.0
2022-06-13,512.477,530.693,506.405,513.029,930585.0
2022-06-14,506.129,516.893,491.041,513.213,907805.0
2022-06-15,516.985,521.033,498.953,503.001,672398.0
2022-06-16,502.173,521.861,501.713,513.489,686574.0
2022-06-17,516.893,526.737,512.293,521.493,852038.0
2022-06-20,535.017,535.017,512.109,519.193,839083.0
2022-06-21,519.653,521.769,501.989,510.085,926247.0
2022-06-22,514.133,528.761,512.477,522.873,717202.0
2022-06-23,526.001,528.117,510.177,527.749,575792.0
2022-06-24,527.565,557.649,527.013,553.325,922544.0
2022-06-27,555.257,555.257,542.377,549.553,586196.0
2022-06-28,549.553,568.137,545.505,563.077,546354.0
2022-06-29,559.213,563.261,540.905,543.849,733083.0
2022-06-30,543.757,578.165,543.573,570.805,831905.0
2022-07-01,572.093,581.937,561.697,568.965,570239.0
2022-07-04,581.293,623.889,570.989,623.889,1355148.0
2022-07-05,635.205,644.405,610.733,643.393,1310300.0
2022-07-06,636.493,636.493,613.769,621.589,808223.0
2022-07-07,622.693,627.109,599.509,616.253,801001.0
2022-07-08,627.293,633.365,603.189,606.409,663587.0
2022-07-11,599.785,606.685,567.677,574.853,1061244.0
2022-07-12,584.053,595.369,570.161,573.197,793170.0
2022-07-13,573.197,577.153,547.897,570.897,919911.0
2022-07-14,567.585,582.489,558.293,572.645,793516.0
2022-07-15,563.629,589.205,562.433,569.333,756594.0
2022-07-18,572.093,575.589,543.297,560.041,803045.0
2022-07-19,562.525,566.021,549.185,552.405,535491.0
2022-07-20,555.533,561.237,545.597,547.529,590473.0
2022-07-21,549.185,550.933,531.613,531.889,807887.0
2022-07-22,532.165,540.077,524.897,536.305,740971.0
2022-07-25,532.625,534.373,513.949,515.237,741921.0
2022-07-26,521.401,536.213,515.329,520.205,659614.0
2022-07-27,522.413,530.233,510.545,529.957,748271.0
2022-07-28,533.545,537.317,516.249,517.721,936777.0
2022-07-29,516.249,527.933,515.053,515.145,504216.0
2022-08-01,510.453,517.445,499.597,512.201,749987.0
2022-08-02,506.681,506.773,487.177,490.029,802639.0
2022-08-03,498.217,498.769,476.137,477.241,767050.0
2022-08-04,485.153,490.673,476.505,483.037,578690.0
2022-08-05,483.773,491.409,475.493,487.729,665679.0
2022-08-08,482.669,486.349,478.989,485.521,539120.0
2022-08-09,485.613,505.761,480.921,500.333,1123596.0
2022-08-10,497.573,501.621,489.293,492.513,690007.0
2022-08-11,496.009,500.333,481.105,499.045,877050.0
2022-08-12,498.401,498.401,489.661,490.397,502537.0
2022-08-15,487.453,512.293,485.889,510.545,1051819.0
2022-08-16,509.441,518.641,503.185,512.845,1088548.0
2022-08-17,513.673,530.969,509.625,524.253,968826.0
2022-08-18,527.013,548.541,527.013,546.057,1254133.0
2022-08-19,558.293,590.309,546.977,571.725,1994797.0
2022-08-22,590.493,601.993,573.933,582.949,1659860.0
2022-08-23,577.613,596.933,559.029,563.353,1569134.0
2022-08-24,563.629,576.509,553.141,557.649,1104132.0
2022-08-25,554.153,556.453,537.777,548.909,965848.0
2022-08-26,550.565,555.441,535.845,539.249,719853.0
2022-08-29,528.025,547.805,527.013,542.469,597305.0
2022-08-30,541.089,542.101,528.117,531.245,485541.0
2022-08-31,528.301,533.269,501.805,506.589,908820.0
2022-09-01,511.649,512.293,499.045,506.037,497540.0
2022-09-02,505.577,510.085,494.813,500.425,481210.0
2022-09-05,500.885,510.821,499.137,502.633,471993.0
2022-09-06,508.613,546.333,504.105,543.297,1203111.0
2022-09-07,535.293,553.877,535.109,541.641,919204.0
2022-09-08,541.641,553.693,538.697,539.893,623937.0
2022-09-09,537.225,538.697,513.949,522.045,780477.0
2022-09-13,530.785,535.201,514.409,526.001,566423.0
2022-09-14,515.789,524.713,510.177,514.409,459555.0
2022-09-15,514.317,516.709,487.453,492.053,820635.0
2022-09-16,486.809,492.053,475.677,475.677,622982.0
2022-09-19,475.677,486.717,474.665,478.897,438928.0
2022-09-20,484.325,497.113,480.829,482.853,613729.0
2022-09-21,477.333,487.085,473.745,480.921,400316.0
2022-09-22,475.493,479.173,463.533,471.997,517987.0
2022-09-23,479.817,484.233,469.881,473.653,582108.0
2022-09-26,465.005,479.817,461.325,467.949,526085.0
2022-09-27,469.421,475.493,461.417,473.837,509529.0
2022-09-28,476.137,478.069,451.389,451.573,620840.0
2022-09-29,456.725,467.489,455.253,461.509,587916.0
2022-09-30,459.577,462.705,448.905,452.125,418998.0
2022-10-10,457.093,463.901,446.329,448.445,530443.0
2022-10-11,454.333,462.981,451.389,456.541,523509.0
2022-10-12,456.449,465.741,441.453,465.005,711434.0
2022-10-13,459.393,469.145,455.253,457.093,632427.0
2022-10-14,463.533,497.113,458.749,483.313,1163831.0
2022-10-17,476.413,479.081,466.845,477.885,654716.0
2022-10-18,480.093,483.313,473.285,475.585,453195.0
2022-10-19,474.573,481.105,464.545,470.249,495327.0
2022-10-20,465.281,465.281,452.677,454.793,531285.0
2022-10-21,457.921,462.981,449.365,452.585,427994.0
2022-10-24,453.413,458.749,436.945,441.637,547654.0
2022-10-25,439.429,457.277,438.969,455.897,573002.0
2022-10-26,457.645,465.833,450.561,459.209,623579.0
2022-10-27,462.521,470.617,452.585,453.229,599432.0
2022-10-28,447.893,451.297,434.093,435.657,561528.0
2022-10-31,425.077,432.253,417.717,420.293,677203.0
2022-11-01,422.593,434.737,420.845,434.645,718342.0
2022-11-02,434.093,441.361,430.229,438.325,597689.0
2022-11-03,436.853,445.409,432.713,437.313,558693.0
2022-11-04,435.933,462.429,435.841,458.933,933292.0
2022-11-07,456.909,463.073,453.689,456.541,563443.0
2022-11-08,458.841,460.681,445.685,451.021,496673.0
2022-11-09,448.353,450.101,438.877,439.153,485881.0
2022-11-10,438.693,439.429,430.689,434.093,397661.0
2022-11-11,447.893,448.629,438.693,442.373,500093.0
2022-11-14,444.213,448.905,431.333,432.621,517175.0
2022-11-15,432.713,444.397,432.253,441.453,543086.0
2022-11-16,442.373,443.845,432.253,434.093,420110.0
2022-11-17,433.081,433.081,421.121,426.549,552012.0
2022-11-18,426.733,432.897,421.213,424.341,430245.0
2022-11-21,421.765,429.033,419.189,425.353,348985.0
2022-11-22,423.973,423.973,414.589,415.601,434250.0
2022-11-23,415.233,429.309,413.945,427.193,541100.0
2022-11-24,428.113,430.045,423.513,424.065,305923.0
2022-11-25,421.857,421.857,413.669,416.429,357900.0
2022-11-28,406.493,415.877,402.261,414.497,347238.0
2022-11-29,416.245,420.753,414.773,417.073,360739.0
2022-11-30,416.797,420.661,413.853,418.637,348339.0
2022-12-01,423.053,429.401,421.581,423.881,505904.0
2022-12-02,421.213,428.297,414.589,415.785,564429.0
2022-12-05,414.313,415.693,405.573,407.689,636256.0
2022-12-06,407.689,411.461,397.845,407.781,610090.0
2022-12-07,406.493,414.313,403.733,409.713,496538.0
2022-12-08,407.413,417.901,404.929,409.069,483614.0
2022-12-09,410.081,410.173,403.273,406.401,415561.0
2022-12-12,403.549,405.481,400.329,401.065,296085.0
2022-12-13,402.169,404.285,395.453,395.821,437029.0
2022-12-14,395.821,398.949,392.785,394.993,363735.0
2022-12-15,394.533,402.353,391.313,400.973,399556.0
2022-12-16,397.385,398.857,389.013,392.601,414689.0
2022-12-19,389.565,396.741,389.013,390.485,296021.0
2022-12-20,390.117,390.945,382.573,387.081,322363.0
2022-12-21,387.633,387.817,377.881,379.813,339058.0
2022-12-22,383.309,383.493,369.141,371.073,566311.0
2022-12-23,369.325,372.453,366.565,369.601,319550.0
2022-12-26,367.853,380.365,363.529,378.801,503366.0
2022-12-27,378.709,390.393,377.237,388.737,501394.0
2022-12-28,380.733,389.565,380.733,384.137,422313.0
2022-12-29,381.469,386.713,376.593,377.881,320747.0
2022-12-30,379.537,381.837,375.029,375.029,370616.0
2023-01-03,374.753,377.053,366.933,376.317,464672.0
2023-01-04,376.317,377.973,364.173,365.093,514542.0
2023-01-05,365.185,377.421,364.173,374.753,566162.0
2023-01-06,374.753,400.053,373.465,392.693,1061103.0
2023-01-09,392.693,393.705,385.885,388.921,562622.0
2023-01-10,390.117,394.165,385.333,387.909,450191.0
2023-01-11,389.381,389.749,383.217,384.137,354770.0
2023-01-12,384.045,390.577,382.665,385.057,409379.0
2023-01-13,385.241,387.633,380.825,384.781,362201.0
2023-01-16,384.321,397.293,382.573,395.637,658955.0
2023-01-17,398.673,398.857,392.049,395.177,388416.0
2023-01-18,396.557,400.053,393.429,396.373,390048.0
2023-01-19,393.705,396.925,390.577,396.741,367703.0
2023-01-20,398.121,407.413,397.753,405.849,704360.0
2023-01-30,413.853,415.325,403.181,403.825,799483.0
2023-01-31,404.101,412.473,403.825,408.425,618725.0
2023-02-01,409.989,411.921,403.549,411.461,672766.0
2023-02-02,412.841,412.841,403.917,405.021,723722.0
2023-02-03,404.285,404.285,392.877,397.109,626918.0
2023-02-06,394.349,396.281,392.785,394.993,340098.0
2023-02-07,395.545,397.753,393.705,394.717,337437.0
2023-02-08,395.913,397.937,394.441,395.269,343337.0
2023-02-09,395.269,399.041,391.589,398.765,429478.0
2023-02-10,399.225,399.593,392.693,393.797,372019.0
2023-02-13,393.797,394.533,390.853,391.773,423065.0
2023-02-14,392.785,396.189,389.105,391.313,478982.0
2023-02-15,391.773,398.213,391.589,393.981,578867.0
2023-02-16,392.693,395.729,382.573,384.505,643347.0
2023-02-17,382.849,385.241,377.421,377.421,475658.0
2023-02-20,377.513,387.541,374.569,386.989,440478.0
2023-02-21,387.173,410.633,385.149,404.469,1244099.0
2023-02-22,400.973,406.493,400.053,402.629,561256.0
2023-02-23,402.629,413.301,402.077,409.529,847331.0
2023-02-24,409.253,409.345,402.537,403.917,533119.0
2023-02-27,401.525,405.757,396.465,399.041,396320.0
2023-02-28,400.237,410.541,396.925,405.573,660843.0
2023-03-01,406.033,408.701,403.273,405.389,425909.0
2023-03-02,407.045,408.333,399.225,399.501,418325.0
2023-03-03,399.501,402.629,396.833,399.225,299326.0
2023-03-06,399.225,409.253,394.809,406.953,723416.0
2023-03-07,404.653,404.837,395.453,395.637,626905.0
2023-03-08,392.693,398.581,388.369,390.669,430073.0
2023-03-09,390.669,392.233,387.173,387.265,291268.0
2023-03-10,384.413,385.241,379.813,381.009,324623.0
2023-03-13,379.721,390.853,379.721,386.621,369070.0
2023-03-14,383.493,385.149,371.901,379.813,481724.0
2023-03-15,380.733,389.013,380.089,381.009,340870.0
2023-03-16,377.421,378.341,368.129,369.509,495269.0
2023-03-17,371.441,373.189,365.737,369.693,377586.0
2023-03-20,369.785,376.961,366.105,372.269,349100.0
2023-03-21,372.361,376.961,369.141,376.225,297192.0
2023-03-22,378.893,382.113,374.477,376.409,303910.0
2023-03-23,374.201,376.225,371.349,374.937,296828.0
2023-03-24,375.673,381.653,374.661,379.353,378905.0
2023-03-27,379.169,383.309,375.581,380.457,329029.0
2023-03-28,379.261,380.641,374.937,375.581,232026.0
2023-03-29,378.801,381.469,375.213,376.041,260751.0
2023-03-30,377.053,377.513,370.429,377.421,296035.0
2023-03-31,376.961,381.469,376.133,378.065,278812.0
2023-04-03,377.973,383.953,372.545,382.021,523906.0
2023-04-04,382.021,382.021,375.213,378.801,362683.0
2023-04-06,376.409,379.353,373.833,377.053,278928.0
2023-04-07,376.961,380.457,373.373,378.065,248608.0
2023-04-10,390.669,397.109,389.933,392.417,887631.0
2023-04-11,392.601,395.913,389.197,392.969,487455.0
2023-04-12,392.969,393.337,384.413,387.265,462866.0
2023-04-13,390.393,391.129,385.149,385.977,337070.0
2023-04-14,386.253,393.245,383.493,388.829,358967.0
2023-04-17,388.093,394.349,386.437,393.245,409334.0
2023-04-18,393.521,396.833,391.405,394.257,403922.0
2023-04-19,393.613,393.981,385.885,387.265,394132.0
2023-04-20,387.081,389.749,383.769,385.241,334618.0
2023-04-21,385.517,389.013,379.629,380.273,468101.0
2023-04-24,380.273,381.101,373.741,377.053,348004.0
2023-04-25,377.053,385.149,367.301,369.233,593254.0
2023-04-26,369.785,397.201,366.013,390.485,1006088.0
2023-04-27,390.577,391.313,382.389,386.161,480480.0
2023-04-28,386.253,388.829,382.665,386.529,356477.0
2023-05-04,383.401,387.725,377.973,379.077,397578.0
2023-05-05,377.881,377.881,368.773,372.545,413771.0
2023-05-08,370.889,378.617,369.877,375.305,341168.0
2023-05-09,374.385,376.501,370.153,372.637,307831.0
2023-05-10,371.165,380.641,369.049,378.065,392738.0
2023-05-11,376.593,381.377,374.385,375.213,314562.0
2023-05-12,375.213,377.237,371.349,371.717,230806.0
2023-05-15,371.717,381.101,371.349,380.365,428763.0
2023-05-16,379.813,384.873,376.593,378.525,373866.0
2023-05-17,379.169,381.929,375.305,375.857,277228.0
2023-05-18,377.053,377.605,371.349,373.005,289781.0
2023-05-19,372.637,373.189,369.693,373.189,194828.0
2023-05-22,373.189,375.581,371.625,374.385,210738.0
2023-05-23,374.753,377.421,372.729,373.833,227686.0
2023-05-24,374.017,379.905,371.533,376.041,384669.0
2023-05-25,374.293,380.549,372.637,379.537,480296.0
2023-05-26,378.617,378.617,370.705,373.189,344719.0
2023-05-29,373.925,374.017,364.357,366.841,418531.0
2023-05-30,366.197,369.141,351.753,362.609,546789.0
2023-05-31,363.879,364.063,355.599,360.291,346511.0
2023-06-01,359.463,362.867,356.151,356.243,261669.0
2023-06-02,356.243,360.567,354.771,358.359,258235.0
2023-06-05,359.279,359.739,352.103,352.195,289487.0
2023-06-06,351.827,351.919,340.419,341.891,492023.0
2023-06-07,344.007,344.651,334.623,336.279,380335.0
2023-06-08,335.267,339.499,334.807,334.899,282583.0
2023-06-09,334.899,339.131,331.771,339.131,392334.0
2023-06-12,338.579,343.087,333.243,340.051,351074.0
2023-06-13,337.659,340.603,335.727,339.131,232600.0
2023-06-14,339.683,342.627,337.935,338.303,254016.0
2023-06-15,337.843,353.575,335.819,353.483,707506.0
2023-06-16,349.987,363.419,348.883,363.419,669180.0
2023-06-19,363.419,365.167,357.991,362.867,357810.0
2023-06-20,362.131,368.111,362.039,364.247,308310.0
2023-06-21,362.867,372.067,361.303,361.579,414201.0
2023-06-26,358.083,366.271,355.507,359.003,307577.0
2023-06-27,359.187,366.087,359.187,361.579,252106.0
2023-06-28,361.027,366.823,360.291,363.051,294755.0
2023-06-29,362.591,365.443,359.555,359.647,229026.0
2023-06-30,359.647,364.155,357.071,362.039,242509.0
2023-07-03,362.039,365.351,360.659,361.211,284723.0
2023-07-04,360.383,361.303,353.207,355.323,348827.0
2023-07-05,354.771,355.139,346.951,347.963,361216.0
2023-07-06,348.147,349.435,345.203,345.847,192110.0
2023-07-07,344.467,346.031,342.351,342.627,175970.0
2023-07-10,343.639,365.903,343.639,364.155,907958.0
2023-07-11,364.063,365.443,359.187,360.383,307718.0
2023-07-12,362.039,370.411,356.519,365.259,555790.0
2023-07-13,362.683,370.135,362.683,366.179,315100.0
2023-07-14,366.271,366.639,361.027,361.671,239717.0
2023-07-17,360.935,364.247,356.703,359.187,179683.0
2023-07-18,360.843,361.947,356.427,359.463,158304.0
2023-07-19,360.107,361.119,355.139,357.347,138207.0
2023-07-20,358.543,364.707,357.531,357.807,264036.0
2023-07-21,357.347,358.727,351.459,354.863,200715.0
2023-07-24,352.747,355.967,350.723,351.735,151166.0
2023-07-25,355.231,363.419,353.759,361.763,335700.0
2023-07-26,361.211,367.651,360.475,362.775,232580.0
2023-07-27,362.499,365.167,358.727,359.279,173485.0
2023-07-28,358.175,365.259,356.519,364.799,304454.0
2023-07-31,366.547,372.987,364.891,366.547,382333.0
2023-08-01,366.455,368.295,362.683,364.523,207234.0
2023-08-02,364.523,366.915,361.947,362.407,162436.0
2023-08-03,365.535,373.723,365.259,371.975,522583.0
2023-08-04,373.631,378.139,370.687,373.079,414183.0
2023-08-07,373.171,373.907,368.939,370.595,188876.0
2023-08-08,371.515,373.447,367.467,369.491,164657.0
2023-08-09,367.467,370.503,366.823,368.755,129599.0
2023-08-10,368.939,372.067,367.927,370.227,159840.0
2023-08-11,369.583,370.963,365.351,365.719,198511.0
2023-08-14,362.867,365.167,360.015,362.867,184168.0
2023-08-15,361.947,363.235,349.159,352.195,455443.0
2023-08-16,350.079,354.311,347.779,348.331,286951.0
2023-08-17,347.411,349.343,342.811,348.699,239720.0
2023-08-18,348.699,350.723,344.927,344.927,177752.0
2023-08-21,344.375,344.375,337.659,337.659,254999.0
2023-08-22,340.051,342.443,328.091,336.187,382096.0
2023-08-23,333.519,334.255,327.447,327.907,256672.0
2023-08-24,328.183,336.095,328.183,333.795,263068.0
2023-08-25,332.599,339.223,331.127,337.015,265074.0
2023-08-28,357.439,357.623,343.087,345.019,473893.0
2023-08-29,345.111,349.159,344.375,347.319,283558.0
2023-08-30,347.319,349.251,344.559,345.203,191319.0
2023-08-31,344.927,347.595,341.523,341.523,206199.0
2023-09-01,341.891,345.295,340.879,342.259,134453.0
2023-09-04,344.467,344.835,339.131,344.099,238464.0
2023-09-05,343.087,348.147,340.419,345.111,294231.0
2023-09-06,343.087,343.823,338.947,341.247,217084.0
2023-09-07,340.971,341.063,334.623,334.623,207078.0
2023-09-08,332.967,334.715,331.587,332.231,126682.0
2023-09-11,333.427,337.843,330.943,336.279,170867.0
2023-09-12,335.727,339.407,334.991,337.291,139751.0
2023-09-13,338.947,338.947,332.047,333.243,148790.0
2023-09-14,334.623,335.083,331.311,332.323,137804.0
2023-09-15,333.335,334.623,329.747,329.747,290352.0
2023-09-18,330.575,332.047,324.779,331.587,220572.0
2023-09-19,330.575,330.667,326.251,327.539,172454.0
2023-09-20,326.159,327.355,324.227,325.515,137136.0
2023-09-21,324.319,324.963,319.719,319.903,232350.0
2023-09-22,318.799,327.631,317.603,327.539,252525.0
2023-09-25,325.423,331.863,324.871,331.403,254583.0
2023-09-26,330.943,333.611,329.563,331.587,186102.0
2023-09-27,335.635,344.835,335.175,343.087,501424.0
2023-09-28,342.811,344.283,341.063,343.179,240519.0
2023-10-09,342.627,342.627,338.947,339.775,184132.0
2023-10-10,339.775,342.075,336.923,337.107,145284.0
2023-10-11,339.775,341.983,335.451,337.291,156812.0
2023-10-12,338.211,341.339,336.831,339.959,180460.0
2023-10-13,337.567,338.211,332.599,334.071,189279.0
2023-10-16,333.887,335.727,327.079,328.275,186564.0
2023-10-17,328.919,333.427,327.263,332.139,156426.0
2023-10-18,331.403,331.403,325.239,326.803,164502.0
2023-10-19,325.699,325.699,320.455,321.099,210358.0
2023-10-20,320.547,323.859,318.615,321.375,186123.0
2023-10-23,320.087,320.087,307.023,309.967,289996.0
2023-10-24,312.083,313.831,308.955,312.911,185108.0
2023-10-25,313.923,318.615,312.543,312.819,184759.0
2023-10-26,302.147,303.895,292.855,297.363,597826.0
2023-10-27,294.787,302.607,291.843,301.135,475827.0
2023-10-30,297.547,304.355,297.087,301.503,337851.0
2023-10-31,300.859,303.343,295.707,297.547,319212.0
2023-11-01,297.547,297.731,292.487,292.671,304329.0
2023-11-02,290.647,293.315,285.679,285.771,421749.0
2023-11-03,285.955,291.659,285.955,288.531,315881.0
2023-11-06,289.819,297.271,289.819,295.339,423164.0
2023-11-07,295.155,296.259,292.947,296.075,218216.0
2023-11-08,295.799,298.099,293.867,295.155,273637.0
2023-11-09,295.155,306.563,294.419,303.251,660497.0
2023-11-10,302.423,302.423,295.799,297.087,339559.0
2023-11-13,298.927,300.307,296.811,298.743,198121.0
2023-11-14,299.387,301.687,295.707,297.271,227271.0
2023-11-15,301.319,304.355,299.111,301.043,356208.0
2023-11-16,301.227,301.687,296.443,296.627,258870.0
2023-11-17,294.971,297.915,294.695,297.547,182172.0
2023-11-20,297.455,298.283,294.327,296.627,183066.0
2023-11-21,297.087,298.835,294.511,294.971,197555.0
2023-11-22,294.787,294.971,290.371,290.463,209622.0
2023-11-23,290.187,291.935,288.899,290.831,175790.0
2023-11-24,290.647,290.647,288.163,288.347,160768.0
2023-11-27,287.887,287.887,280.527,282.643,355193.0
2023-11-28,282.551,283.655,280.619,281.999,164064.0
2023-11-29,281.815,281.907,275.651,276.203,307870.0
2023-11-30,275.927,276.755,270.867,271.787,352853.0
2023-12-01,271.143,271.419,266.267,270.039,349061.0
2023-12-04,269.855,271.971,267.831,268.015,218212.0
2023-12-05,267.831,268.935,262.035,262.495,317958.0
2023-12-06,261.207,268.107,261.115,265.715,349907.0
2023-12-07,265.071,265.071,260.287,262.311,258288.0
2023-12-08,264.335,265.071,260.747,264.059,306788.0
2023-12-11,262.219,264.519,256.699,263.691,386640.0
2023-12-12,262.679,264.887,262.127,263.139,197746.0
2023-12-13,262.403,262.495,256.331,256.423,270357.0
2023-12-14,257.895,260.747,256.331,256.883,211991.0
2023-12-15,258.907,261.483,255.595,255.595,349228.0
2023-12-18,254.399,257.067,251.547,252.835,215428.0
2023-12-19,252.375,257.435,252.007,255.043,232465.0
2023-12-20,256.147,256.699,253.939,254.307,150616.0
2023-12-21,253.295,264.335,251.639,261.023,568227.0
2023-12-22,261.115,267.647,258.539,263.967,429518.0
2023-12-25,264.335,265.439,262.679,264.427,212963.0
2023-12-26,264.151,265.531,262.679,264.795,171727.0
2023-12-27,265.255,265.347,261.207,262.127,243657.0
2023-12-28,261.391,282.367,261.299,280.895,886205.0
2023-12-29,280.527,280.527,275.651,276.663,472839.0
2024-01-02,276.387,276.847,272.339,273.167,277627.0
2024-01-03,272.523,277.123,272.247,275.099,277068.0
2024-01-04,274.547,275.191,269.027,269.947,286798.0
2024-01-05,269.947,274.915,265.899,267.187,269146.0
2024-01-08,265.347,271.787,264.611,266.819,278170.0
2024-01-09,267.279,277.215,264.335,272.339,460773.0
2024-01-10,270.499,279.975,270.039,275.099,442436.0
2024-01-11,275.099,278.963,273.811,278.687,417189.0
2024-01-12,278.687,290.555,276.755,285.679,721304.0
2024-01-15,284.667,288.715,282.367,282.643,413457.0
2024-01-16,280.987,287.335,279.331,285.771,384126.0
2024-01-17,285.495,285.587,278.779,278.779,286615.0
2024-01-18,276.847,292.395,276.387,292.119,866226.0
2024-01-19,291.199,294.695,285.679,286.323,523199.0
2024-01-22,284.483,290.923,280.619,284.943,562915.0
2024-01-23,284.667,294.787,281.723,287.887,522103.0
2024-01-24,289.083,290.187,279.239,285.495,534878.0
2024-01-25,285.219,288.531,279.607,286.967,573520.0
2024-01-26,285.403,289.727,283.931,286.691,362629.0
2024-01-29,284.943,284.943,270.223,271.603,609701.0
2024-01-30,269.487,273.995,267.187,267.187,380585.0
2024-01-31,266.175,270.315,260.747,260.747,377279.0
2024-02-01,266.267,278.227,266.175,273.811,704478.0
2024-02-02,273.443,275.283,260.287,267.371,470039.0
2024-02-05,267.279,269.947,258.263,265.623,418747.0
2024-02-06,265.623,278.871,264.427,277.491,523449.0
2024-02-07,278.779,284.759,275.191,281.999,526128.0
2024-02-08,285.035,287.151,281.815,285.403,431148.0
2024-02-19,286.231,287.979,283.011,285.587,299124.0
2024-02-20,283.747,283.931,279.791,282.367,268940.0
2024-02-21,279.975,290.187,279.423,285.311,394450.0
2024-02-22,285.311,292.487,285.035,287.703,303807.0
2024-02-23,289.267,292.763,286.323,288.439,334667.0
2024-02-26,288.255,289.451,284.667,285.035,296518.0
2024-02-27,284.667,288.439,283.379,288.439,306197.0
2024-02-28,289.451,296.627,285.587,285.587,525953.0
2024-02-29,285.587,290.739,284.575,290.187,361392.0
2024-03-01,290.463,293.315,287.427,292.763,402630.0
2024-03-04,292.487,300.307,291.567,300.307,610545.0
2024-03-05,298.467,298.467,293.407,295.247,440916.0
2024-03-06,294.695,303.711,292.211,298.927,529777.0
2024-03-07,297.179,298.835,290.279,292.027,459729.0
2024-03-08,291.843,298.927,291.107,295.707,440663.0
2024-03-11,299.295,301.963,294.235,300.951,672326.0
2024-03-12,301.135,305.183,298.467,304.079,538132.0
2024-03-13,303.067,303.343,298.927,299.755,326545.0
2024-03-14,298.559,301.227,291.015,291.935,473667.0
2024-03-15,291.107,292.303,287.151,290.371,285796.0
2024-03-18,291.291,293.131,290.279,292.119,323068.0
2024-03-19,292.119,295.155,288.439,288.439,322938.0
2024-03-20,287.887,291.383,287.243,288.807,219938.0
2024-03-21,288.715,289.543,285.863,286.231,232084.0
2024-03-22,285.587,286.231,279.883,281.171,284330.0
2024-03-25,280.251,283.655,278.963,279.883,178705.0
2024-03-26,279.883,281.815,277.123,280.619,234791.0
2024-03-27,280.435,280.435,272.983,272.983,256874.0
2024-03-28,273.167,276.755,272.523,273.627,209112.0
2024-03-29,273.811,277.031,273.719,275.191,194503.0
2024-04-01,275.283,279.883,275.283,278.135,341137.0
2024-04-02,278.319,279.883,275.927,278.687,254230.0
2024-04-03,278.227,280.067,276.479,279.515,241674.0
2024-04-08,277.307,277.951,268.383,268.659,453854.0
2024-04-09,267.095,272.247,266.911,271.511,270273.0
2024-04-10,271.419,271.419,265.531,267.095,208212.0
2024-04-11,265.531,267.463,263.967,265.439,165198.0
2024-04-12,264.979,265.715,259.459,260.839,263233.0
2024-04-15,259.919,265.163,259.919,263.231,223293.0
2024-04-16,262.587,262.587,259.919,260.195,196943.0
2024-04-17,260.747,266.727,260.747,266.727,244345.0
2024-04-18,266.267,267.463,263.507,265.439,222470.0
2024-04-19,264.243,264.335,257.527,258.263,312077.0
2024-04-22,258.723,265.163,258.539,261.207,248941.0
2024-04-23,261.299,264.243,256.147,256.975,250026.0
2024-04-24,256.975,256.975,244.647,247.683,542020.0
2024-04-25,247.223,247.223,241.611,241.887,518518.0
2024-04-26,240.599,247.223,240.415,245.843,472966.0
2024-04-29,245.843,254.215,245.383,253.295,460924.0
2024-04-30,248.787,254.951,242.623,246.027,799003.0
2024-05-06,248.787,251.823,247.867,248.971,510195.0
2024-05-07,249.063,252.835,247.223,252.283,391127.0
2024-05-08,252.283,253.203,250.443,251.547,287986.0
2024-05-09,251.547,259.183,251.363,256.055,480078.0
2024-05-10,256.055,256.147,251.731,254.215,258993.0
2024-05-13,255.227,258.723,252.927,256.883,403505.0
2024-05-14,256.055,256.699,253.663,254.031,257693.0
2024-05-15,253.755,255.963,249.983,251.179,238207.0
2024-05-16,250.167,253.111,249.339,251.087,224330.0
2024-05-17,250.075,250.075,245.199,247.867,391637.0
2024-05-20,247.315,250.167,246.487,247.315,267695.0
2024-05-21,246.763,247.223,242.899,243.727,256988.0
2024-05-22,245.935,263.507,245.843,261.667,1421439.0
2024-05-23,259.735,260.103,254.583,256.883,836051.0
2024-05-24,256.607,261.023,255.687,255.779,427994.0
2024-05-27,255.687,255.779,247.407,251.639,374036.0
2024-05-28,250.443,253.387,247.407,248.603,308477.0
2024-05-29,253.387,263.231,253.387,257.987,828014.0
2024-05-30,264.151,266.727,259.827,262.955,703065.0
2024-05-31,263.047,264.427,258.079,258.079,384450.0
2024-06-03,257.711,260.931,255.871,258.723,346673.0
2024-06-04,258.631,259.275,255.687,258.631,292053.0
2024-06-05,257.343,258.815,255.779,256.055,217031.0
2024-06-06,256.239,258.723,249.063,250.075,421617.0
2024-06-07,250.259,251.547,244.187,246.763,324266.0
2024-06-11,246.487,249.247,243.819,248.603,205358.0
2024-06-12,247.867,249.155,245.475,247.683,190814.0
2024-06-13,247.683,248.327,244.279,245.383,217374.0
2024-06-14,247.048,247.6,241.252,247.6,267609.0
2024-06-17,246.036,247.784,242.908,246.772,199005.0
2024-06-18,245.76,248.704,244.748,246.404,196019.0
2024-06-19,245.668,246.036,241.436,243.736,246003.0
2024-06-20,242.54,243.276,239.504,241.62,238933.0
2024-06-21,243.092,249.808,242.908,247.14,545112.0
2024-06-24,246.312,246.956,241.988,241.988,290668.0
2024-06-25,241.436,242.724,234.444,235.824,308211.0
2024-06-26,235.732,237.94,231.408,237.664,202578.0
2024-06-27,235.088,235.732,232.696,233.616,168374.0
2024-06-28,233.616,234.812,229.936,230.488,226433.0
2024-07-01,229.476,231.592,225.704,228.004,229305.0
2024-07-02,226.808,227.36,222.76,222.852,261676.0
2024-07-03,222.852,224.416,217.332,219.54,316491.0
2024-07-04,219.54,220.0,213.836,214.572,354669.0
2024-07-05,214.112,219.172,212.456,217.332,320800.0
2024-07-08,216.136,216.504,207.672,208.592,380050.0
2024-07-09,208.684,209.052,204.084,205.74,416233.0
2024-07-10,200.036,211.444,199.944,209.052,528932.0
2024-07-11,211.076,218.344,210.156,213.376,372698.0
2024-07-12,212.824,216.596,212.18,214.48,261296.0
2024-07-15,213.836,216.504,212.916,215.768,217011.0
2024-07-16,215.216,221.288,213.744,221.012,334143.0
2024-07-17,222.576,225.06,220.828,220.828,322762.0
2024-07-18,219.448,221.196,217.056,220.092,236849.0
2024-07-19,219.816,224.048,218.16,223.128,243660.0
2024-07-22,222.116,225.704,222.024,224.416,187066.0
2024-07-23,223.956,225.152,220.092,220.184,176063.0
2024-07-24,219.356,221.012,215.216,215.676,212960.0
2024-07-25,216.228,221.012,215.308,217.332,241662.0
2024-07-26,217.332,219.356,215.584,218.528,145624.0
2024-07-29,218.436,219.356,216.228,216.32,135351.0
2024-07-30,216.136,217.608,214.94,216.32,125287.0
2024-07-31,215.768,222.76,213.376,221.472,284000.0
2024-08-01,221.932,222.576,218.896,219.264,156650.0
2024-08-02,218.62,220.368,218.16,218.896,147738.0
2024-08-05,218.436,227.728,218.16,222.76,421828.0
2024-08-06,225.612,230.672,225.336,227.912,386078.0
2024-08-07,226.992,231.132,226.072,230.12,272094.0
2024-08-08,229.476,231.684,227.82,229.016,169806.0
2024-08-09,229.108,229.936,226.072,226.44,141777.0
2024-08-12,229.016,230.58,225.888,226.44,113238.0
2024-08-13,225.888,227.912,223.772,225.52,122877.0
2024-08-14,229.568,233.616,224.876,228.28,469011.0
2024-08-15,224.784,240.424,223.956,236.836,558342.0
2024-08-16,234.812,238.308,230.856,231.132,383119.0
2024-08-19,231.132,231.5,227.82,228.832,226115.0
2024-08-20,228.188,230.028,223.956,225.888,237632.0
2024-08-21,225.796,229.936,224.232,227.176,192324.0
2024-08-22,227.912,228.188,222.208,222.484,174879.0
2024-08-23,222.484,224.876,221.012,223.22,116938.0
2024-08-26,223.956,227.82,221.012,222.024,176264.0
2024-08-27,220.552,224.692,218.16,220.46,220708.0
2024-08-28,219.908,222.576,218.896,220.644,137259.0
2024-08-29,220.276,229.292,218.988,227.912,315283.0
2024-08-30,226.716,233.34,225.52,229.568,326395.0
2024-09-02,228.188,231.224,222.116,222.208,224024.0
2024-09-03,222.944,231.132,220.828,229.476,359258.0
2024-09-04,229.2,234.26,228.832,231.316,271060.0
2024-09-05,231.316,233.432,229.568,232.88,214298.0
2024-09-06,233.064,233.064,230.12,230.488,123083.0
2024-09-09,230.028,232.696,228.096,229.108,154415.0
2024-09-10,227.82,231.224,225.888,226.624,172961.0
2024-09-11,225.52,231.316,225.06,229.568,180768.0
2024-09-12,229.568,236.192,228.372,228.464,256024.0
2024-09-13,229.2,229.476,225.428,225.796,168724.0
2024-09-18,225.336,226.348,222.944,223.128,131166.0
2024-09-19,223.864,229.2,221.932,225.428,239189.0
2024-09-20,225.152,225.428,216.412,218.528,430783.0
2024-09-23,218.528,218.712,214.664,215.032,184168.0
2024-09-24,216.596,221.932,214.664,221.932,403881.0
2024-09-25,223.864,229.66,223.312,223.404,382831.0
2024-09-26,223.22,233.524,222.208,233.524,452146.0
2024-09-27,236.652,246.036,235.916,245.668,387470.0
2024-09-30,255.236,264.804,252.016,264.712,951923.0
2024-10-08,285.688,285.688,268.208,278.972,1129019.0
2024-10-09,271.796,271.888,256.524,256.524,802260.0
2024-10-10,252.476,260.204,248.428,252.752,514764.0
2024-10-11,251.556,252.476,241.436,244.472,364947.0
2024-10-14,244.84,248.336,243.276,247.14,393697.0
2024-10-15,245.116,249.624,242.908,246.496,416909.0
2024-10-16,243.736,247.876,241.988,245.76,306611.0
2024-10-17,247.692,248.152,238.768,238.952,395110.0
2024-10-18,237.848,247.784,235.916,242.632,514096.0
2024-10-21,246.68,259.192,245.576,253.856,820900.0
2024-10-22,254.316,263.056,248.888,260.02,693915.0
2024-10-23,260.204,280.536,258.456,280.536,1511900.0
2024-10-24,281.088,298.476,280.536,286.056,2288535.0
2024-10-25,288.356,309.24,288.356,309.24,1366903.0
2024-10-28,321.292,324.788,312.276,319.636,2600425.0
2024-10-29,336.196,346.132,323.776,324.328,2236988.0
2024-10-30,312.368,332.884,312.276,320.372,1495175.0
2024-10-31,329.756,342.544,322.396,337.576,1583012.0
2024-11-01,332.332,337.944,323.316,328.192,996018.0
2024-11-04,327.916,341.716,325.524,334.356,766938.0
2024-11-05,333.436,340.98,325.156,340.98,1170799.0
2024-11-06,340.52,349.536,328.468,329.848,1127736.0
2024-11-07,320.556,326.444,310.436,326.076,1030089.0
2024-11-08,328.008,337.76,328.008,331.504,814763.0
2024-11-11,330.676,337.576,326.536,332.792,642741.0
2024-11-12,333.252,336.38,324.236,327.272,593990.0
2024-11-13,325.156,330.584,321.844,328.836,617716.0
2024-11-14,328.928,330.584,320.004,320.556,510159.0
2024-11-15,319.084,323.776,298.568,298.936,1050168.0
2024-11-18,297.556,307.676,294.796,300.684,656167.0
2024-11-19,302.8,309.516,299.212,306.848,447202.0
2024-11-20,305.652,307.676,300.316,303.076,360527.0
2024-11-21,316.876,317.704,300.868,304.456,781116.0
2024-11-22,301.696,303.536,293.784,293.784,510606.0
2024-11-25,290.932,298.936,290.84,293.784,435806.0
2024-11-26,298.476,307.676,296.36,296.728,494218.0
2024-11-27,295.256,304.548,293.508,303.168,406928.0
2024-11-28,303.076,310.068,301.236,303.26,382682.0
2024-11-29,303.076,311.724,302.34,307.216,415866.0
2024-12-02,303.076,308.136,297.556,308.044,382792.0
2024-12-03,310.436,313.196,308.136,312.276,449231.0
2024-12-04,311.816,314.392,299.948,301.788,577846.0
2024-12-05,300.408,305.008,300.224,304.64,306358.0
2024-12-06,302.708,304.456,287.252,293.968,849562.0
2024-12-09,291.116,293.784,289.276,291.484,363610.0
2024-12-10,298.108,298.384,286.516,287.068,546811.0
2024-12-11,286.608,289.276,282.928,287.068,336018.0
2024-12-12,287.068,290.196,285.228,286.976,347895.0
2024-12-13,285.596,285.688,275.476,276.12,616255.0
2024-12-16,276.304,277.776,269.128,271.704,406948.0
2024-12-17,271.704,273.728,270.508,270.876,255481.0
2024-12-18,271.06,272.992,269.68,270.6,203311.0
2024-12-19,268.208,269.036,265.356,267.472,342937.0
2024-12-20,268.116,268.944,261.032,263.148,498213.0
2024-12-23,262.596,271.704,261.124,265.448,595350.0
2024-12-24,272.256,277.868,270.6,274.188,739264.0
2024-12-25,278.236,279.34,270.232,273.084,550306.0
2024-12-26,272.808,272.808,260.296,260.664,842879.0
2024-12-27,259.376,261.952,256.34,257.536,537339.0
2024-12-30,257.628,264.436,254.316,262.596,673461.0
2024-12-31,261.676,267.104,257.904,258.088,498174.0
2025-01-02,258.548,263.516,255.42,257.904,479841.0
2025-01-03,259.836,262.596,249.808,250.544,456906.0
2025-01-06,250.636,255.696,247.416,249.164,612623.0
2025-01-07,248.612,251.556,247.048,248.98,305497.0
2025-01-08,248.336,251.372,245.208,249.256,370061.0
2025-01-09,249.256,253.304,245.668,246.956,361234.0
2025-01-10,246.956,248.06,239.136,239.136,352996.0
2025-01-13,238.492,242.54,237.02,240.332,308106.0
2025-01-14,241.436,246.22,239.136,245.208,341848.0
2025-01-15,244.748,260.48,241.068,252.844,1032340.0
2025-01-16,252.844,257.628,251.096,254.5,582488.0
2025-01-17,253.948,257.996,249.716,254.5,379743.0
2025-01-20,252.016,255.88,248.52,249.44,488948.0
2025-01-21,250.176,250.728,239.136,240.424,628535.0
2025-01-22,239.412,240.332,234.076,238.492,455400.0
2025-01-23,239.136,243.552,236.836,236.836,469369.0
2025-01-24,236.744,246.772,236.008,245.208,669392.0
2025-01-27,244.932,247.692,242.816,242.908,344477.0
2025-02-05,246.036,249.164,241.62,244.012,405078.0
2025-02-06,243.276,248.612,239.78,248.612,436887.0
2025-02-07,248.796,266.92,248.704,263.884,1096978.0
2025-02-10,262.136,262.136,254.132,258.18,755238.0
2025-02-11,257.444,259.284,249.532,251.464,561205.0
2025-02-12,251.464,254.96,250.176,254.96,412302.0
2025-02-13,254.132,255.972,251.556,251.832,345027.0
2025-02-14,251.832,255.236,250.452,252.2,356714.0
2025-02-17,250.82,255.972,248.152,255.052,519902.0
2025-02-18,254.316,254.776,246.036,246.956,526760.0
2025-02-19,246.772,252.752,245.116,249.624,532642.0
2025-02-20,248.152,248.796,242.908,243.184,506116.0
2025-02-21,243.184,245.116,242.172,244.012,504963.0
2025-02-24,244.012,249.9,242.356,246.036,507392.0
2025-02-25,244.012,254.776,243.552,251.74,922152.0
2025-02-26,253.212,258.272,250.176,257.72,847410.0
2025-02-27,256.8,256.892,250.36,253.028,507877.0
2025-02-28,252.476,254.776,248.52,248.704,463771.0
2025-03-03,248.704,255.696,248.704,250.728,567478.0
2025-03-04,249.9,251.188,246.036,250.452,382259.0
2025-03-05,249.624,250.268,241.712,244.564,554986.0
2025-03-06,246.772,254.132,244.932,250.912,626192.0
2025-03-07,249.532,256.34,246.496,251.74,553552.0
2025-03-10,252.476,256.8,252.292,254.96,507760.0
2025-03-11,251.74,257.72,249.808,257.72,468352.0
2025-03-12,257.444,257.904,252.016,252.016,481397.0
2025-03-13,252.016,252.66,246.772,248.06,327527.0
2025-03-14,248.704,256.892,248.244,253.672,725660.0
2025-03-17,255.696,258.732,253.396,253.948,388033.0
2025-03-18,253.672,255.052,251.556,252.384,384910.0
2025-03-19,252.108,252.476,248.52,248.98,428326.0
2025-03-20,249.256,249.992,247.048,247.876,312767.0
2025-03-21,247.416,250.176,245.576,245.944,375558.0
2025-03-24,246.128,246.772,240.516,243.368,340989.0
2025-03-25,243.276,245.76,241.988,243.276,305871.0
2025-03-26,243.276,248.152,242.54,246.128,449184.0
2025-03-27,244.104,244.932,241.16,241.62,375354.0
2025-03-28,241.252,243.46,238.4,238.492,324471.0
2025-03-31,237.848,237.94,230.212,230.672,511178.0
2025-04-01,230.672,232.42,228.924,231.132,291660.0
2025-04-02,230.212,231.316,228.28,228.464,254133.0
2025-04-03,225.428,230.304,225.06,225.98,295910.0
2025-04-07,216.872,217.7,208.868,208.868,606507.0
2025-04-08,209.788,212.548,208.224,211.168,571093.0
2025-04-09,209.144,212.916,206.292,212.916,558460.0
2025-04-10,218.436,218.896,213.744,215.4,465716.0
2025-04-11,215.4,215.492,213.376,213.928,335032.0
2025-04-14,215.308,219.08,214.388,214.756,476632.0
2025-04-15,215.492,215.492,212.364,213.376,260622.0
2025-04-16,213.192,215.216,209.696,215.216,310767.0
2025-04-17,213.376,214.388,212.548,213.56,221379.0
2025-04-18,212.272,212.64,209.696,210.432,254425.0
2025-04-21,209.972,211.536,208.868,211.168,208032.0
2025-04-22,210.892,212.732,209.42,210.248,222164.0
2025-04-23,211.352,213.468,210.616,211.168,232994.0
2025-04-24,211.536,212.088,209.144,209.236,222092.0
2025-04-25,209.328,209.788,207.672,207.948,310572.0
2025-04-28,206.844,209.512,206.292,207.396,266513.0
2025-04-29,206.844,208.684,204.544,204.728,287088.0
2025-04-30,202.612,206.016,202.336,204.728,345458.0
2025-05-06,205.372,207.672,205.372,207.672,327303.0
2025-05-07,209.696,210.156,206.66,208.316,290533.0
2025-05-08,207.396,210.524,207.212,210.156,294371.0
2025-05-09,210.432,210.432,206.2,206.476,269488.0
2025-05-12,207.856,211.996,207.856,211.628,468718.0
2025-05-13,216.596,227.36,216.596,223.496,1614012.0
2025-05-14,220.276,222.576,216.78,218.344,974081.0
2025-05-15,217.976,217.976,212.64,212.916,520430.0
2025-05-16,211.996,215.124,211.996,213.1,343051.0
2025-05-19,211.996,212.18,209.88,210.892,316520.0
2025-05-20,211.076,212.732,209.052,212.456,307454.0
2025-05-21,211.444,213.376,211.168,212.732,266632.0
2025-05-22,211.72,212.64,210.34,210.984,185908.0
2025-05-23,210.156,213.1,209.604,209.604,253760.0
2025-05-26,210.616,214.664,209.236,212.272,316285.0
2025-05-27,211.72,212.272,210.064,210.616,183970.0
2025-05-28,210.892,211.444,209.604,209.972,161928.0
2025-05-29,210.34,211.536,209.604,211.076,201304.0
2025-05-30,210.064,210.432,203.716,204.544,565986.0
2025-06-03,202.796,204.268,202.428,203.624,260564.0
2025-06-04,204.176,205.096,203.808,204.728,223418.0
2025-06-05,204.636,205.004,203.44,203.992,237957.0
2025-06-06,204.452,204.544,202.336,202.704,354489.0
2025-06-09,202.244,204.912,201.416,204.36,355722.0
2025-06-10,203.9,205.004,201.048,201.508,388508.0
2025-06-11,201.416,206.016,201.232,203.164,439251.0
2025-06-12,202.888,202.888,200.772,201.876,397146.0
2025-06-13,201.048,201.232,198.564,201.232,563208.0
2025-06-16,199.852,200.772,197.828,198.748,497469.0
2025-06-17,198.564,199.208,197.092,198.104,281624.0
2025-06-18,197.644,198.38,196.08,196.264,312212.0
2025-06-19,196.172,196.816,192.4,192.492,419898.0
2025-06-20,194.7,198.656,194.056,194.792,604134.0
2025-06-23,193.044,194.056,191.664,193.228,416062.0
2025-06-24,193.504,197.276,192.952,197.092,525527.0
2025-06-25,197.0,198.84,195.344,198.84,528568.0
2025-06-26,199.668,205.188,198.656,198.84,903707.0
2025-06-27,199.668,202.244,197.552,198.656,593616.0
2025-06-30,203.716,211.076,201.876,208.776,1629790.0
2025-07-01,206.2,207.212,202.888,203.532,710333.0
2025-07-02,206.476,218.436,206.476,218.436,1965795.0
2025-07-03,220.276,224.6,215.032,223.22,2135150.0
2025-07-04,224.784,227.452,218.988,223.588,1349068.0
2025-07-07,220.736,225.428,219.356,222.116,693623.0
2025-07-08,223.496,238.86,221.932,238.86,1451487.0
2025-07-09,238.676,246.68,237.204,241.16,1857372.0
2025-07-10,241.068,253.764,238.952,246.128,1995117.0
2025-07-11,245.024,246.956,241.068,242.264,1255960.0
2025-07-14,242.264,248.152,241.62,244.472,1206390.0
2025-07-15,242.264,247.048,238.952,240.148,1179806.0
2025-07-16,238.216,246.404,234.168,244.472,1358052.0
2025-07-17,246.496,248.888,240.056,245.944,1317081.0
2025-07-18,247.876,252.384,241.528,241.988,962596.0
2025-07-21,241.804,246.036,240.24,243.552,749156.0
2025-07-22,243.276,257.076,242.172,254.04,1639087.0
2025-07-23,257.996,265.08,247.968,249.532,1859713.0
2025-07-24,245.576,258.456,244.656,255.88,1379756.0
2025-07-25,254.04,255.236,248.336,249.072,906140.0
2025-07-28,245.116,248.244,242.448,244.196,779172.0
2025-07-29,246.128,251.096,244.196,250.728,879341.0
2025-07-30,250.268,262.596,249.532,255.696,1394159.0
2025-07-31,251.096,251.372,238.768,242.632,1526098.0
2025-08-01,239.78,251.096,238.676,244.012,1051816.0
2025-08-04,240.056,241.068,235.456,239.32,797707.0
2025-08-05,239.688,244.012,238.308,243.736,600413.0
2025-08-06,244.012,244.656,241.252,242.54,490313.0
2025-08-07,242.172,243.276,238.308,239.964,580499.0
2025-08-08,238.676,243.644,238.124,240.056,616724.0
2025-08-11,241.344,248.244,240.792,246.772,827024.0
2025-08-12,245.576,245.576,239.964,241.988,702519.0
2025-08-13,241.344,242.54,239.596,240.332,604544.0
2025-08-14,239.504,239.872,234.168,234.628,830682.0
2025-08-15,233.892,249.44,233.34,246.128,1522727.0
2025-08-18,247.784,248.612,244.748,245.944,1125075.0
2025-08-19,245.944,248.428,243.828,244.288,727553.0
2025-08-20,249.256,250.636,240.332,245.76,1093443.0
2025-08-21,244.288,248.888,243.644,244.748,968548.0
2025-08-22,243.276,249.072,242.724,248.152,1005605.0
2025-08-25,250.636,257.076,250.36,253.12,1410006.0
2025-08-26,252.936,257.628,250.176,250.82,870981.0
2025-08-27,251.004,256.156,246.404,246.956,930698.0
2025-08-28,245.208,257.076,245.116,252.752,1193095.0
2025-08-29,253.028,259.376,250.82,257.352,1326680.0
2025-09-01,255.328,264.344,249.9,262.412,1527394.0
2025-09-02,262.78,268.116,254.224,256.156,1528641.0
2025-09-03,256.156,260.664,252.752,256.892,1122932.0
2025-09-04,256.984,270.876,256.984,266.0,2169592.0
2025-09-05,265.356,280.076,264.16,279.064,2133520.0
2025-09-08,279.156,279.248,270.876,276.212,1627426.0
2025-09-09,274.004,276.764,269.68,272.532,1044005.0
2025-09-10,266.828,266.828,257.812,259.468,1348087.0
2025-09-11,258.088,261.584,257.26,261.124,773318.0
2025-09-12,261.584,262.964,257.628,259.192,771037.0
2025-09-15,257.536,262.504,257.536,258.548,712124.0
2025-09-16,262.504,266.276,258.732,260.664,707648.0
2025-09-17,262.412,268.944,262.412,266.184,1153805.0
2025-09-18,266.184,266.92,255.696,257.996,1056011.0
2025-09-19,258.824,259.744,255.236,255.512,546963.0
2025-09-22,255.236,255.512,248.152,250.452,622313.0
2025-09-23,248.52,251.188,241.528,245.76,704453.0
2025-09-24,244.288,255.144,243.368,254.684,773426.0
2025-09-25,253.764,260.94,252.476,256.8,847409.0
2025-09-26,256.8,258.64,254.132,254.684,434305.0
2025-09-29,252.568,259.376,252.476,256.064,570405.0
2025-09-30,255.696,261.584,253.12,259.744,652748.0
2025-10-09,261.308,266.092,257.26,263.516,756362.0
2025-10-10,263.7,265.356,254.04,255.144,720236.0
2025-10-13,245.116,256.8,244.472,256.156,741527.0
2025-10-14,256.064,275.384,255.512,267.38,1999016.0
2025-10-15,267.38,283.756,266.368,278.88,1784520.0
2025-10-16,275.476,284.584,274.556,283.204,1289776.0
2025-10-17,282.836,286.884,270.876,271.796,1176764.0
2025-10-20,275.292,275.292,264.896,266.552,713144.0
2025-10-21,267.196,271.428,263.24,267.012,679172.0
2025-10-22,265.632,266.92,260.572,261.4,510366.0
2025-10-23,259.928,265.816,253.488,265.08,761180.0
2025-10-24,264.436,266.644,257.076,259.008,1112896.0
2025-10-27,262.596,270.14,261.768,265.632,1125977.0
2025-10-28,267.288,269.68,261.86,262.688,666175.0
2025-10-29,260.756,283.48,260.756,283.48,1832104.0
2025-10-30,284.308,290.932,281.088,282.652,1671282.0
2025-10-31,280.812,294.06,280.72,282.652,1054483.0
2025-11-03,284.676,288.908,280.168,286.608,1186039.0
2025-11-04,286.424,287.16,276.028,278.236,871891.0
2025-11-05,273.82,285.596,271.796,279.156,1096226.0
2025-11-06,279.156,289.276,276.212,284.308,1270079.0
2025-11-07,282.836,307.308,282.376,299.856,3061780.0
2025-11-10,304.916,309.24,297.648,304.548,2305942.0
2025-11-11,302.156,309.976,298.936,300.5,1421806.0
2025-11-12,298.016,299.396,275.936,285.596,2294305.0
2025-11-13,285.504,296.636,285.504,290.38,1625223.0
2025-11-14,286.24,304.916,283.204,291.668,1468067.0
2025-11-17,288.908,290.104,280.904,286.7,1086178.0
2025-11-18,285.412,290.932,281.272,283.572,625322.0
2025-11-19,283.112,293.508,277.316,293.048,1149843.0
2025-11-20,290.196,290.748,279.156,280.904,1019436.0
2025-11-21,275.476,275.476,265.356,266.0,858439.0
2025-11-24,267.472,269.036,259.1,263.7,631644.0
2025-11-25,265.724,268.024,263.608,263.792,542189.0
2025-11-26,269.956,272.256,264.16,264.988,540525.0
2025-11-27,264.988,272.624,263.884,266.276,654011.0
2025-11-28,264.436,268.76,262.228,265.172,459398.0
2025-12-01,267.932,272.256,263.976,269.22,700644.0
2025-12-02,265.448,265.724,259.744,260.296,672671.0
2025-12-03,260.756,261.216,254.592,257.26,473929.0
2025-12-04,255.972,256.984,253.396,254.5,366484.0
2025-12-05,254.5,256.524,253.028,255.604,391936.0
2025-12-08,253.396,256.524,252.844,256.064,490173.0
2025-12-09,255.512,263.516,251.648,263.332,1201250.0
2025-12-10,258.732,259.008,253.028,257.076,990703.0
2025-12-11,255.88,257.444,249.992,250.268,637444.0
2025-12-12,250.084,254.776,248.336,253.58,543527.0
2025-12-15,251.556,257.444,251.188,254.684,571807.0
2025-12-16,254.592,255.972,246.036,246.036,628448.0
2025-12-17,246.036,250.176,246.036,249.532,655525.0
2025-12-18,247.324,249.716,245.576,245.668,441044.0
2025-12-19,245.3,249.808,244.932,246.036,582175.0
2025-12-22,246.128,248.612,245.576,246.404,504576.0
2025-12-23,246.128,249.072,242.54,246.588,639044.0
2025-12-24,245.116,248.704,243.184,248.244,512481.0
2025-12-25,247.14,251.74,245.852,251.372,594063.0
2025-12-26,256.892,259.836,254.408,255.236,1035539.0
2025-12-29,254.316,258.18,252.2,252.568,622589.0
2025-12-30,250.544,251.924,247.416,247.968,642758.0
2025-12-31,247.14,248.244,243.276,243.46,541505.0
2026-01-05,245.3,248.98,244.104,248.888,648672.0
2026-01-06,248.888,253.672,247.876,253.304,713517.0
2026-01-07,253.028,257.076,251.372,253.856,650221.0
2026-01-08,251.556,256.156,250.268,253.948,769390.0
2026-01-09,247.876,250.268,245.116,246.312,1573425.0
2026-01-12,243.552,253.304,243.46,250.36,1219433.0
2026-01-13,249.9,250.268,242.172,242.816,1209937.0
2026-01-14,244.656,248.336,241.712,243.92,1108647.0
2026-01-15,242.816,244.656,237.572,238.86,973059.0
2026-01-16,240.056,241.62,237.756,238.86,703790.0
2026-01-19,229.476,233.984,228.372,231.96,993966.0
2026-01-20,231.868,233.524,224.876,225.704,915040.0
2026-01-21,224.968,226.624,223.036,224.784,527804.0
2026-01-22,224.6,230.948,224.508,227.82,769048.0
2026-01-23,229.476,243.276,229.016,241.252,1876351.0
2026-01-26,241.988,243.276,234.536,234.996,1010834.0
2026-01-27,233.892,236.652,227.176,234.076,929947.0
2026-01-28,233.156,234.904,228.372,229.66,885275.0
2026-01-29,229.476,233.524,227.728,230.028,733836.0
2026-01-30,227.636,229.476,220.368,222.116,937866.0
2026-02-02,224.876,225.612,218.344,218.804,564523.0
2026-02-03,222.116,226.624,220.46,226.348,810409.0
2026-02-04,226.532,234.812,225.796,234.628,1283786.0
2026-02-05,232.604,232.604,223.036,223.68,1049962.0
2026-02-06,222.024,227.728,220.46,225.52,602673.0
2026-02-09,227.636,233.984,227.544,230.212,974310.0
2026-02-10,228.74,231.132,227.544,228.096,493639.0
2026-02-11,227.176,229.108,226.164,226.44,336880.0
2026-02-12,226.44,226.992,224.048,224.14,375800.0
2026-02-13,223.312,223.588,220.276,220.368,545268.0
2026-02-24,222.392,223.588,220.92,221.748,398671.0
2026-03-11,226.992,230.856,224.232,225.98,1625124.0
2026-03-12,226.072,237.48,220.276,234.536,1879558.0
2026-03-13,234.076,236.284,230.396,232.42,1110059.0
2026-03-16,232.512,233.432,226.716,227.544,781911.0
2026-03-17,227.636,231.96,223.588,224.324,766003.0
2026-03-18,223.496,225.612,221.38,223.496,501344.0
2026-03-19,220.368,223.588,220.276,221.196,516438.0
2026-03-20,221.288,229.384,220.552,224.508,871845.0
2026-03-23,223.036,226.164,219.632,219.724,799111.0
2026-03-24,220.92,222.668,211.26,214.94,903109.0
2026-03-25,213.836,216.504,213.008,215.216,513554.0
2026-03-26,214.756,214.756,208.408,208.868,650641.0
2026-03-27,206.384,212.456,206.108,210.892,462246.0
2026-03-30,208.776,211.536,206.108,208.776,390262.0
2026-03-31,208.5,209.696,206.292,206.66,333027.0
2026-04-01,208.316,209.788,206.292,208.224,362894.0
2026-04-02,209.236,209.236,202.52,203.808,517303.0
2026-04-03,202.888,203.624,198.196,198.288,475695.0
2026-04-07,198.104,199.484,197.184,198.564,265630.0
2026-04-08,200.864,205.556,199.668,205.556,548298.0
2026-04-09,203.716,203.716,201.508,202.06,333327.0
2026-04-10,203.256,206.384,202.888,204.544,365345.0
2026-04-13,204.268,219.54,203.532,216.32,1469970.0
2026-04-14,215.676,218.344,214.756,216.78,1004281.0
2026-04-15,216.32,217.332,213.744,214.204,521339.0
2026-04-16,215.584,220.092,214.94,216.504,664467.0
2026-04-17,214.848,217.056,214.02,216.688,446993.0
2026-04-20,218.436,226.808,216.596,222.484,1028634.0
2026-04-21,222.668,227.544,222.116,222.484,732267.0
2026-04-22,222.116,225.52,219.172,224.6,680390.0
2026-04-23,225.888,227.912,221.104,223.312,781062.0
2026-04-24,221.196,222.484,218.344,218.896,615487.0
2026-04-27,216.964,219.356,215.86,216.78,471393.0
2026-04-28,216.136,217.7,212.272,213.192,484148.0
2026-04-29,211.168,215.308,209.328,214.112,530829.0
2026-04-30,211.996,217.7,211.996,214.48,590712.0
2026-05-06,214.48,215.86,212.824,214.388,566526.0
2026-05-07,216.504,219.172,214.664,215.584,833901.0
2026-05-08,215.308,215.308,211.628,213.1,611256.0
2026-05-11,212.18,215.216,212.088,213.1,631565.0
2026-05-12,213.1,214.756,208.316,210.984,729117.0
2026-05-13,209.788,213.652,209.42,213.008,542575.0
2026-05-14,213.836,218.804,210.248,210.524,873902.0
2026-05-15,209.512,210.156,202.796,204.176,861665.0
2026-05-18,202.796,203.9,201.048,202.52,439885.0
2026-05-19,202.612,203.532,200.128,202.888,450617.0
2026-05-20,202.06,206.2,200.312,203.256,540387.0
2026-05-21,204.176,205.924,197.92,198.104,529943.0
2026-05-22,198.656,202.796,196.54,202.796,504736.0
2026-05-25,200.588,200.588,196.724,198.196,549886.0
2026-05-26,197.092,198.012,193.964,195.436,463366.0
2026-05-27,195.16,200.68,194.148,195.712,623445.0
2026-05-28,195.344,195.436,191.296,193.872,477868.0
2026-05-29,193.964,194.792,190.468,190.56,517988.0
2026-06-01,188.996,191.572,188.076,188.352,403420.0
2026-06-02,188.812,188.996,183.108,184.488,504091.0
2026-06-03,184.304,185.684,182.924,183.292,383288.0
2026-06-04,182.556,184.948,181.36,182.464,452229.0
2026-06-05,181.82,182.74,178.876,179.796,459167.0
2026-06-08,177.128,178.692,172.528,173.264,537674.0
2026-06-09,174.736,176.024,171.424,175.84,464538.0
2026-06-10,174.276,184.948,171.424,183.2,779689.0
2026-06-11,179.796,186.512,178.876,185.316,1019064.0
2026-06-12,185.316,186.42,180.716,180.716,919217.0
2026-06-15,179.612,180.624,178.14,179.52,537438.0
2026-06-16,177.588,181.084,177.128,178.968,518143.0
2026-06-17,178.416,179.152,175.38,175.932,488494.0
2026-06-18,175.84,175.932,172.62,172.896,503342.0
2026-06-22,172.436,174.644,168.756,174.276,805239.0
2026-06-23,173.816,175.196,168.296,168.388,612730.0
2026-06-24,168.296,168.94,165.352,167.284,534429.0
2026-06-25,166.824,169.492,165.72,167.376,584449.0
2026-06-26,167.284,172.16,164.616,164.708,842411.0
2026-06-29,164.708,166.548,161.856,165.352,654918.0
2026-06-30,164.064,167.928,164.064,166.088,551741.0
2026-07-01,165.812,172.16,163.604,170.044,857445.0
2026-07-02,168.572,170.504,165.628,165.904,631506.0
2026-07-03,165.996,166.64,162.224,163.236,657898.0
2026-07-06,163.236,165.26,161.488,161.764,564464.0
2026-07-07,161.948,162.684,159.648,160.016,445889.0
2026-07-08,160.476,161.488,156.888,156.98,481130.0
2026-07-09,156.98,157.716,154.496,156.704,511604.0
2026-07-10,157.624,162.132,156.888,159.188,752587.0
2026-07-13,158.728,158.912,152.84,152.932,634911.0
2026-07-14,153.208,153.852,151.46,152.932,411767.0
2026-07-15,151.828,155.876,151.368,154.036,548819.0
2026-07-16,153.576,155.14,152.288,153.3,389664.0
2026-07-17,153.3,154.496,150.54,151.092,546482.0
2026-07-20,150.724,152.84,149.62,152.196,514603.0
2026-07-21,152.288,153.484,151.46,153.3,541482.0
2026-07-22,152.748,157.164,151.828,156.704,697746.0
2026-07-23,155.876,161.764,155.692,161.396,707025.0
2026-07-24,160.476,161.58,156.98,157.164,411900.0
2026-07-27,157.256,158.084,156.612,157.44,431352.0
2026-07-28,156.336,158.728,155.968,157.624,333625.0
2026-07-29,157.256,161.764,157.072,160.844,649759.0
2026-07-30,159.74,166.824,159.648,162.224,748918.0
2026-07-31,161.028,163.144,160.66,162.132,477541.0
2026-08-03,164.156,172.896,164.156,172.896,1245658.0
2026-08-04,174.0,174.276,171.332,172.804,1063265.0
2026-08-05,172.62,174.092,169.216,172.344,787552.0
2026-08-06,170.596,172.068,166.18,167.928,853263.0
2026-08-07,173.54,177.956,171.056,175.012,1519962.0
2026-08-10,173.172,174.276,171.056,171.608,904077.0
2026-08-11,170.596,174.736,169.676,172.804,709863.0
2026-08-12,171.884,180.256,171.516,178.784,1305087.0
2026-08-13,177.956,178.416,172.988,173.264,1040588.0
2026-08-14,172.712,174.276,171.24,172.436,552371.0
2026-08-17,175.196,176.668,172.988,173.448,637271.0
2026-08-18,172.436,174.184,171.148,172.252,518618.0
2026-08-19,170.688,171.424,167.56,167.836,489817.0
2026-08-20,168.02,169.216,167.284,168.02,301269.0
2026-08-21,167.836,170.872,167.468,169.032,458634.0
2026-08-24,167.468,170.136,164.984,166.18,417501.0
2026-08-25,165.444,166.18,164.156,165.168,293908.0
2026-08-26,165.076,166.824,165.076,165.168,299209.0
2026-08-27,164.616,164.708,162.224,164.156,353361.0
2026-08-28,163.604,165.352,163.42,164.708,336148.0
2026-08-31,162.776,163.604,160.016,161.304,432369.0
2026-09-01,161.212,164.432,160.476,163.42,396468.0
2026-09-02,162.592,163.144,159.096,159.188,388315.0
2026-09-03,159.74,160.384,157.992,158.452,211525.0
2026-09-04,159.004,161.212,158.82,159.464,351965.0
2026-09-07,159.188,162.224,158.912,162.04,342086.0
2026-09-08,161.764,164.8,161.672,163.788,431569.0
2026-09-09,163.88,166.088,162.04,162.408,309496.0
2026-09-10,161.856,162.316,160.384,160.476,222102.0
2026-09-11,159.832,160.016,155.692,156.336,388929.0
2026-09-14,156.06,159.556,155.6,158.36,310701.0
2026-09-15,158.084,159.28,156.98,157.256,216301.0
2026-09-16,157.164,158.544,155.6,157.808,186429.0
2026-09-17,157.164,157.808,156.336,156.704,184459.0
2026-09-18,157.624,159.372,157.164,159.096,291615.0
2026-09-21,158.82,161.488,158.636,161.304,272844.0
2026-09-22,161.396,163.604,161.396,162.5,335295.0
2026-09-23,162.5,163.42,160.936,161.212,255720.0
2026-09-24,160.844,161.12,156.888,156.98,291240.0
