date,open,high,low,close,volume
2016-01-04,27.479,27.479,25.195,25.26,206656.0
2016-01-05,24.359,25.63,24.102,25.051,262025.0
2016-01-06,25.067,25.63,24.906,25.614,185853.0
2016-01-07,25.179,25.195,23.443,23.523,60068.0
2016-01-08,24.263,24.52,22.365,23.893,243123.0
2016-01-11,23.459,24.263,22.703,22.8,214055.0
2016-01-12,22.944,23.234,22.446,22.751,143744.0
2016-01-13,22.88,23.62,22.655,22.735,202032.0
2016-01-14,22.092,23.185,21.931,23.153,187403.0
2016-01-15,22.976,23.089,21.786,22.06,178682.0
2016-01-18,21.449,22.285,21.449,22.044,170507.0
2016-01-19,21.996,22.719,21.722,22.671,208276.0
2016-01-20,22.414,22.719,22.076,22.221,175060.0
2016-01-21,22.012,22.414,21.449,21.529,138961.0
2016-01-22,21.738,21.803,21.111,21.658,163997.0
2016-01-25,21.722,21.963,21.433,21.77,192493.0
2016-01-26,21.497,21.61,19.986,20.018,210080.0
2016-01-27,20.002,20.13,18.892,19.793,223819.0
2016-01-28,19.889,20.484,19.278,19.455,252218.0
2016-01-29,19.455,19.969,18.506,19.76,263251.0
2016-02-01,19.712,20.162,19.471,19.776,203118.0
2016-02-02,19.809,20.178,19.68,20.066,179733.0
2016-02-03,19.76,19.986,19.535,19.889,130556.0
2016-02-04,19.953,20.259,19.953,20.195,175641.0
2016-02-05,20.211,20.355,20.002,20.114,122063.0
2016-02-15,19.342,19.921,19.342,19.728,156401.0
2016-02-16,19.841,20.436,19.793,20.339,247798.0
2016-02-17,20.339,20.806,20.227,20.693,244282.0
2016-02-18,20.886,20.934,20.468,20.548,200870.0
2016-02-19,20.436,20.645,20.259,20.5,136533.0
2016-02-22,20.693,21.127,20.597,21.015,219319.0
2016-02-23,21.095,21.851,20.934,21.835,372828.0
2016-02-24,21.401,22.124,21.336,21.786,309953.0
2016-02-25,21.626,21.69,19.986,19.986,307533.0
2016-02-26,19.969,20.307,19.439,19.969,183749.0
2016-02-29,19.873,19.873,18.442,18.619,252157.0
2016-03-01,18.763,20.082,18.667,19.358,230314.0
2016-03-02,19.407,20.211,19.294,20.195,243450.0
2016-03-03,20.178,21.095,20.082,20.79,354694.0
2016-03-04,20.645,20.79,19.873,20.211,259790.0
2016-03-07,20.548,21.69,20.516,21.61,397927.0
2016-03-08,21.288,21.529,20.613,21.143,324510.0
2016-03-09,20.725,20.982,20.066,20.484,256562.0
2016-03-10,20.725,20.918,20.162,20.227,158761.0
2016-03-11,19.969,20.484,19.921,20.307,124842.0
2016-03-14,20.516,20.982,20.5,20.79,159204.0
2016-03-15,20.725,20.854,20.307,20.757,162519.0
2016-03-16,20.709,20.806,20.243,20.323,119660.0
2016-03-17,20.436,20.79,20.291,20.741,171943.0
2016-03-18,20.773,21.513,20.725,21.336,294900.0
2016-03-21,21.529,22.494,21.336,22.446,433306.0
2016-03-22,22.124,22.976,21.77,22.253,559296.0
2016-03-23,22.124,22.88,21.931,22.478,328240.0
2016-03-24,22.414,22.816,22.012,22.398,396129.0
2016-03-25,23.073,24.086,22.864,22.912,563506.0
2016-03-28,22.639,22.96,21.979,22.14,395120.0
2016-03-29,22.076,22.076,21.24,21.513,341970.0
2016-03-30,21.642,21.996,21.594,21.979,238184.0
2016-03-31,21.77,21.915,21.465,21.738,371479.0
2016-04-01,21.61,21.674,21.159,21.433,244053.0
2016-04-05,21.288,21.947,21.288,21.915,311958.0
2016-04-06,21.835,22.237,21.722,22.108,265422.0
2016-04-07,22.108,22.14,21.545,21.658,219171.0
2016-04-08,21.401,21.513,21.111,21.272,190429.0
2016-04-11,21.417,21.738,21.417,21.626,177020.0
2016-04-12,21.642,21.738,21.368,21.61,145944.0
2016-04-13,21.754,22.076,21.69,21.915,306166.0
2016-04-14,22.124,22.124,21.738,22.012,197204.0
2016-04-15,21.996,22.108,21.803,21.915,145607.0
2016-04-18,21.947,21.963,21.433,21.545,174040.0
2016-04-19,21.658,21.69,21.449,21.561,123506.0
2016-04-20,21.577,22.028,20.58,21.031,320398.0
2016-04-21,21.015,21.513,20.87,21.127,253125.0
2016-04-22,20.886,21.047,20.645,20.95,152415.0
2016-04-25,20.806,20.886,20.436,20.597,138593.0
2016-04-26,20.597,20.886,20.436,20.838,140238.0
2016-04-27,20.918,21.192,20.645,20.725,150073.0
2016-04-28,20.741,20.854,20.243,20.452,144221.0
2016-04-29,20.548,20.822,20.468,20.629,98500.0
2016-05-03,20.548,21.24,20.484,21.224,186212.0
2016-05-04,21.047,21.61,21.047,21.352,181734.0
2016-05-05,21.24,21.465,21.159,21.417,108163.0
2016-05-06,21.417,21.561,20.838,20.982,176041.0
2016-05-09,20.902,20.918,20.162,20.307,134242.0
2016-05-10,20.275,20.484,20.275,20.404,69436.0
2016-05-11,20.806,21.931,20.806,21.336,347450.0
2016-05-12,20.982,21.577,20.629,21.449,306301.0
2016-05-13,21.393,21.521,20.878,21.007,243494.0
2016-05-16,20.894,21.457,20.717,21.441,200333.0
2016-05-17,21.441,21.505,21.007,21.151,152708.0
2016-05-18,21.007,21.119,20.428,20.637,181274.0
2016-05-19,20.524,20.781,20.251,20.524,144562.0
2016-05-20,20.412,20.717,20.299,20.653,105272.0
2016-05-23,20.637,20.781,20.54,20.701,110981.0
2016-05-24,20.846,21.103,20.589,20.862,156319.0
2016-05-25,20.942,21.007,20.572,20.733,108764.0
2016-05-26,20.765,20.814,20.235,20.637,117853.0
2016-05-27,20.556,20.669,20.396,20.621,84213.0
2016-05-30,20.508,20.556,20.363,20.444,67606.0
2016-05-31,20.444,21.007,20.428,20.958,186340.0
2016-06-01,20.894,21.039,20.814,20.894,132917.0
2016-06-02,20.942,21.135,20.878,21.055,129537.0
2016-06-03,21.2,21.36,21.007,21.119,192911.0
2016-06-06,21.135,21.618,21.023,21.505,213737.0
2016-06-07,21.489,21.65,21.28,21.489,135482.0
2016-06-08,21.441,21.585,21.183,21.328,118296.0
2016-06-13,21.232,21.232,20.556,20.621,127008.0
2016-06-14,20.589,20.765,20.444,20.749,100561.0
2016-06-15,20.814,21.425,20.717,21.409,207687.0
2016-06-16,21.2,21.457,21.055,21.119,135979.0
2016-06-17,21.167,21.489,20.926,21.248,149593.0
2016-06-20,21.216,21.232,20.991,21.087,79280.0
2016-06-21,21.28,21.328,20.846,20.894,90206.0
2016-06-22,20.83,21.087,20.814,21.071,60038.0
2016-06-23,21.055,21.087,20.765,20.83,80436.0
2016-06-24,20.878,20.942,20.219,20.508,179799.0
2016-06-27,20.428,20.717,20.428,20.701,94081.0
2016-06-28,20.653,20.942,20.54,20.798,137607.0
2016-06-29,20.862,21.232,20.781,21.039,187175.0
2016-06-30,21.039,21.28,20.942,21.248,136209.0
2016-07-01,21.232,21.585,21.087,21.409,216210.0
2016-07-04,21.312,21.987,21.264,21.714,266707.0
2016-07-05,21.795,21.907,21.521,21.65,216601.0
2016-07-06,21.569,22.132,21.521,22.1,339671.0
2016-07-07,21.987,22.389,21.891,22.068,293522.0
2016-07-08,22.068,22.068,21.602,21.698,191875.0
2016-07-11,21.778,21.923,21.602,21.682,170480.0
2016-07-12,21.666,22.229,21.666,22.197,231202.0
2016-07-13,22.164,22.325,22.004,22.084,176935.0
2016-07-14,22.116,22.164,21.875,22.02,134111.0
2016-07-15,22.02,22.1,21.827,21.843,113537.0
2016-07-18,21.843,22.18,21.666,22.004,146430.0
2016-07-19,22.004,22.518,21.843,22.422,259988.0
2016-07-20,22.341,23.001,22.325,22.695,269174.0
2016-07-21,22.615,22.904,22.566,22.647,142187.0
2016-07-22,22.647,22.663,22.213,22.309,127636.0
2016-07-25,22.277,22.791,22.245,22.631,117008.0
2016-07-26,22.647,22.904,22.068,22.325,314473.0
2016-07-27,22.213,22.357,21.393,21.602,218894.0
2016-07-28,21.553,21.811,21.441,21.65,125102.0
2016-07-29,21.65,21.746,21.232,21.521,132262.0
2016-08-01,21.376,21.425,21.087,21.296,84657.0
2016-08-02,21.296,21.521,21.232,21.473,58191.0
2016-08-03,21.457,21.521,21.36,21.505,54581.0
2016-08-04,21.457,21.521,21.119,21.328,99032.0
2016-08-05,21.312,21.312,21.119,21.183,76228.0
2016-08-08,21.183,21.393,21.135,21.376,85122.0
2016-08-09,21.36,21.553,21.312,21.473,101686.0
2016-08-10,21.425,21.537,21.36,21.409,59942.0
2016-08-11,21.393,21.569,21.328,21.344,89981.0
2016-08-12,21.344,21.553,21.2,21.505,77667.0
2016-08-15,21.489,21.923,21.441,21.843,161367.0
2016-08-16,21.811,22.148,21.762,22.036,147597.0
2016-08-17,21.987,22.036,21.778,21.907,89022.0
2016-08-18,21.923,22.036,21.778,21.891,98268.0
2016-08-19,21.923,22.197,21.746,22.1,135771.0
2016-08-22,22.116,22.245,21.778,21.843,80945.0
2016-08-23,21.955,22.004,21.843,21.955,69494.0
2016-08-24,21.971,22.502,21.971,22.245,198681.0
2016-08-25,22.1,22.422,21.875,22.389,153799.0
2016-08-26,22.406,22.422,22.213,22.277,107015.0
2016-08-29,22.197,22.213,21.875,22.004,170319.0
2016-08-30,22.036,22.116,21.923,21.987,104199.0
2016-08-31,22.068,22.47,22.068,22.245,193714.0
2016-09-01,22.164,22.197,21.891,21.939,122145.0
2016-09-02,21.875,21.955,21.553,21.698,105441.0
2016-09-05,21.73,21.843,21.618,21.778,99870.0
2016-09-06,21.762,21.811,21.489,21.795,117044.0
2016-09-07,21.795,21.923,21.65,21.907,216283.0
2016-09-08,21.795,21.859,21.698,21.811,87742.0
2016-09-09,21.811,21.891,21.569,21.602,125426.0
2016-09-12,21.36,21.376,20.974,20.991,144006.0
2016-09-13,21.071,21.135,20.942,21.103,58162.0
2016-09-14,20.991,21.087,20.83,20.878,92877.0
2016-09-19,20.878,21.119,20.83,21.055,56847.0
2016-09-20,21.039,21.151,20.991,21.087,74956.0
2016-09-21,21.055,21.151,21.023,21.087,46033.0
2016-09-22,21.167,21.232,20.942,20.974,103963.0
2016-09-23,21.039,21.055,20.878,20.926,68046.0
2016-09-26,20.862,20.91,20.54,20.589,106552.0
2016-09-27,20.605,20.733,20.556,20.717,60305.0
2016-09-28,20.717,20.733,20.637,20.685,46255.0
2016-09-29,20.685,21.071,20.685,21.039,106192.0
2016-09-30,20.958,21.023,20.894,21.007,40594.0
2016-10-10,21.119,21.232,21.007,21.2,71996.0
2016-10-11,21.183,21.248,21.103,21.183,59830.0
2016-10-12,21.151,21.183,21.087,21.167,45644.0
2016-10-13,21.183,21.248,21.071,21.232,64561.0
2016-10-14,21.2,21.312,21.103,21.264,69198.0
2016-10-17,21.248,21.28,20.991,21.039,79789.0
2016-10-18,21.055,21.248,21.007,21.232,77815.0
2016-10-19,21.264,21.457,21.216,21.264,79642.0
2016-10-20,21.264,21.489,21.232,21.473,112019.0
2016-10-21,21.473,21.473,21.151,21.264,92964.0
2016-10-24,21.28,21.843,21.2,21.714,192934.0
2016-10-25,21.666,21.714,21.537,21.618,83246.0
2016-10-26,21.585,21.955,21.521,21.859,192012.0
2016-10-27,21.762,21.971,21.65,21.827,119589.0
2016-10-28,21.987,22.004,21.344,21.409,129469.0
2016-10-31,21.425,21.65,21.296,21.376,107287.0
2016-11-01,21.441,21.553,21.296,21.505,74682.0
2016-11-02,21.425,21.537,21.296,21.312,89777.0
2016-11-03,21.328,21.569,21.2,21.505,87783.0
2016-11-04,21.473,21.537,21.393,21.425,72184.0
2016-11-07,21.409,21.457,21.28,21.441,61491.0
2016-11-08,21.505,22.261,21.489,22.1,384530.0
2016-11-09,21.939,22.036,21.618,21.746,235312.0
2016-11-10,21.987,22.213,21.811,22.068,216860.0
2016-11-11,22.02,22.422,22.02,22.277,298518.0
2016-11-14,22.132,22.55,22.068,22.229,180395.0
2016-11-15,22.261,22.261,21.907,22.052,126646.0
2016-11-16,22.116,22.406,22.052,22.309,173531.0
2016-11-17,22.373,22.454,22.116,22.406,176928.0
2016-11-18,22.502,22.55,22.1,22.164,139766.0
2016-11-21,22.116,22.534,22.116,22.422,176851.0
2016-11-22,22.454,22.599,22.261,22.47,137836.0
2016-11-23,22.438,23.37,22.373,22.952,434587.0
2016-11-24,22.824,23.885,22.808,23.354,506722.0
2016-11-25,23.161,23.563,22.968,23.499,304708.0
2016-11-28,23.515,24.512,23.306,24.271,597962.0
2016-11-29,24.11,24.239,23.66,23.821,351240.0
2016-11-30,23.676,24.239,23.386,24.158,364160.0
2016-12-01,24.094,24.287,23.66,23.837,286350.0
2016-12-02,23.853,24.223,23.515,23.772,330597.0
2016-12-05,23.515,24.046,22.984,23.017,373087.0
2016-12-06,23.017,23.29,23.001,23.081,173999.0
2016-12-07,23.081,23.193,22.695,23.161,188294.0
2016-12-08,23.129,23.403,22.824,22.936,182990.0
2016-12-09,22.92,23.21,22.759,23.177,197376.0
2016-12-12,23.451,24.158,23.21,23.338,531086.0
2016-12-13,23.306,25.123,23.226,24.914,754382.0
2016-12-14,24.56,25.38,24.255,24.416,695469.0
2016-12-15,24.303,24.818,24.062,24.785,490425.0
2016-12-16,24.609,25.187,24.448,24.785,457511.0
2016-12-19,25.332,25.831,24.882,25.38,573017.0
2016-12-20,25.493,25.589,24.48,24.834,422024.0
2016-12-21,24.93,25.316,24.705,24.834,367250.0
2016-12-22,24.689,25.187,24.255,24.866,391831.0
2016-12-23,24.705,24.962,24.255,24.351,270943.0
2016-12-26,24.126,24.818,24.126,24.801,284512.0
2016-12-27,24.705,24.866,24.416,24.448,218788.0
2016-12-28,24.399,24.689,24.239,24.464,148199.0
2016-12-29,24.48,24.56,24.174,24.207,172239.0
2016-12-30,24.383,24.592,23.772,23.933,277298.0
2017-01-03,24.062,24.994,23.933,24.866,442854.0
2017-01-04,24.866,25.461,24.753,25.139,409915.0
2017-01-05,24.994,25.316,24.818,25.091,253560.0
2017-01-06,25.043,25.396,24.85,25.171,351509.0
2017-01-09,25.22,25.622,24.93,25.429,336756.0
2017-01-10,25.3,25.445,24.898,24.978,316923.0
2017-01-11,24.882,25.027,24.432,24.448,312420.0
2017-01-12,24.416,24.544,23.788,23.853,270446.0
2017-01-13,23.901,24.03,23.579,23.981,181983.0
2017-01-16,23.853,24.496,23.322,24.255,358009.0
2017-01-17,24.223,24.223,23.74,24.174,158567.0
2017-01-18,24.078,24.882,24.062,24.769,337088.0
2017-01-19,24.576,24.882,24.512,24.85,165385.0
2017-01-20,24.705,25.027,24.641,25.011,187648.0
2017-01-23,25.011,25.284,24.914,25.091,199812.0
2017-01-24,25.059,25.187,24.769,25.075,162970.0
2017-01-25,24.962,24.978,24.689,24.866,155106.0
2017-01-26,24.882,25.123,24.818,25.107,121402.0
2017-02-03,25.187,25.493,25.043,25.284,224042.0
2017-02-06,25.702,26.007,24.737,24.898,839214.0
2017-02-07,24.882,24.898,24.367,24.657,377038.0
2017-02-08,24.544,24.818,24.48,24.689,220790.0
2017-02-09,24.705,24.737,24.528,24.705,248688.0
2017-02-10,24.705,24.882,24.657,24.689,233929.0
2017-02-13,24.657,24.673,24.464,24.625,183819.0
2017-02-14,24.609,24.785,24.512,24.673,205305.0
2017-02-15,24.609,24.673,24.207,24.223,248695.0
2017-02-16,24.19,24.335,24.062,24.255,164479.0
2017-02-17,24.223,24.223,23.788,23.821,192906.0
2017-02-20,23.724,24.062,23.612,24.014,159107.0
2017-02-21,24.014,24.19,23.981,24.158,145991.0
2017-02-22,24.207,24.335,24.11,24.255,148152.0
2017-02-23,24.239,24.239,23.933,24.062,145301.0
2017-02-24,23.981,24.126,23.821,24.11,132873.0
2017-02-27,24.11,24.126,23.724,23.772,130713.0
2017-02-28,23.756,23.885,23.692,23.853,83447.0
2017-03-01,23.772,24.158,23.772,24.094,167854.0
2017-03-02,24.03,24.126,23.821,23.885,123006.0
2017-03-03,23.885,24.03,23.724,24.014,112474.0
2017-03-06,24.014,24.062,23.885,24.046,126383.0
2017-03-07,24.046,24.046,23.74,23.853,146983.0
2017-03-08,23.837,23.917,23.547,23.579,165218.0
2017-03-09,23.451,23.563,23.258,23.322,140736.0
2017-03-10,23.29,23.37,23.049,23.177,148815.0
2017-03-13,23.161,23.226,22.904,23.21,118824.0
2017-03-14,23.177,23.177,23.017,23.081,89666.0
2017-03-15,23.065,23.097,22.952,23.081,81734.0
2017-03-16,23.097,23.226,23.049,23.193,132313.0
2017-03-17,23.21,23.21,22.904,23.001,108022.0
2017-03-20,23.049,23.049,22.808,23.001,94080.0
2017-03-21,22.936,22.984,22.872,22.952,68781.0
2017-03-22,22.824,22.92,22.695,22.791,112914.0
2017-03-23,22.808,23.21,22.808,23.097,198681.0
2017-03-24,23.193,23.338,23.145,23.242,168631.0
2017-03-27,23.354,23.354,23.049,23.145,146280.0
2017-03-28,23.258,23.306,23.081,23.177,98338.0
2017-03-29,23.161,23.21,22.856,22.888,110836.0
2017-03-30,22.84,22.84,22.357,22.373,137133.0
2017-03-31,22.438,22.502,22.357,22.454,71791.0
2017-04-05,22.406,22.679,22.406,22.647,104706.0
2017-04-06,22.582,22.695,22.566,22.631,85147.0
2017-04-07,22.647,22.775,22.518,22.631,97299.0
2017-04-10,22.631,22.631,22.422,22.422,105995.0
2017-04-11,22.518,22.599,22.341,22.599,120878.0
2017-04-12,22.599,22.936,22.47,22.872,196470.0
2017-04-13,22.84,22.904,22.743,22.84,92680.0
2017-04-14,22.759,22.84,22.357,22.454,122097.0
2017-04-17,22.373,22.502,22.229,22.341,83956.0
2017-04-18,22.357,22.406,22.02,22.036,90733.0
2017-04-19,22.052,22.084,21.537,21.682,123562.0
2017-04-20,21.65,21.811,21.36,21.682,77686.0
2017-04-21,21.682,21.778,21.602,21.65,60536.0
2017-04-24,21.65,21.714,21.135,21.183,111026.0
2017-04-25,21.232,21.312,21.119,21.151,71345.0
2017-04-26,21.167,21.312,21.151,21.2,56584.0
2017-04-27,21.312,21.971,21.296,21.859,192120.0
2017-04-28,21.795,21.923,21.714,21.827,66496.0
2017-05-02,21.778,22.068,21.73,21.907,64200.0
2017-05-03,21.891,22.261,21.859,22.068,99411.0
2017-05-04,22.036,22.068,21.778,21.923,71180.0
2017-05-05,21.843,22.068,21.762,21.843,66412.0
2017-05-08,21.859,21.939,21.425,21.473,65832.0
2017-05-09,21.521,21.778,21.489,21.778,61741.0
2017-05-10,21.746,21.795,21.2,21.312,51677.0
2017-05-11,21.248,21.618,21.135,21.409,96014.0
2017-05-12,21.425,22.245,21.36,21.923,126996.0
2017-05-15,21.955,22.068,21.795,21.955,56392.0
2017-05-16,22.036,22.47,21.795,22.438,199389.0
2017-05-17,22.389,22.486,22.229,22.245,101979.0
2017-05-18,22.068,22.389,21.987,22.132,67003.0
2017-05-19,22.1,22.261,22.068,22.213,55981.0
2017-05-22,22.245,22.293,22.004,22.068,58102.0
2017-05-23,22.052,22.068,21.585,21.602,85118.0
2017-05-24,21.425,21.762,21.312,21.73,56889.0
2017-05-25,21.682,22.197,21.585,22.084,84553.0
2017-05-26,22.068,22.229,21.987,22.084,54844.0
2017-05-31,22.229,22.357,21.875,21.875,63595.0
2017-06-01,21.827,21.971,21.553,21.602,71522.0
2017-06-02,21.602,21.811,21.344,21.778,70289.0
2017-06-05,21.827,21.955,21.73,21.875,55917.0
2017-06-06,21.875,21.971,21.795,21.939,35402.0
2017-06-07,21.955,22.197,21.891,22.132,84239.0
2017-06-08,22.132,22.293,22.02,22.229,79866.0
2017-06-09,22.229,22.261,22.132,22.229,59359.0
2017-06-12,22.164,22.229,22.004,22.036,75658.0
2017-06-13,22.068,22.341,22.004,22.293,81927.0
2017-06-14,22.245,22.277,22.116,22.18,54692.0
2017-06-15,22.132,22.373,22.132,22.357,77142.0
2017-06-16,22.341,22.341,22.18,22.229,47548.0
2017-06-19,22.197,22.325,22.18,22.277,51146.0
2017-06-20,22.309,22.599,22.261,22.502,126272.0
2017-06-21,22.47,22.631,22.406,22.582,72225.0
2017-06-22,22.55,22.582,22.164,22.18,111333.0
2017-06-23,22.164,22.47,22.116,22.357,76862.0
2017-06-26,22.325,22.47,22.229,22.438,69674.0
2017-06-27,22.406,22.454,22.229,22.309,56941.0
2017-06-28,22.309,22.454,22.18,22.373,64260.0
2017-06-29,22.357,22.438,22.325,22.422,57816.0
2017-06-30,22.454,22.791,22.406,22.727,152177.0
2017-07-03,22.824,23.451,22.824,23.193,295501.0
2017-07-04,23.177,23.21,22.872,23.017,157412.0
2017-07-05,23.001,23.354,22.952,23.193,176029.0
2017-07-06,23.29,23.386,22.984,23.177,127161.0
2017-07-07,23.081,23.113,22.759,23.033,152427.0
2017-07-10,22.968,23.306,22.936,23.226,145609.0
2017-07-11,23.274,23.435,22.727,22.743,186981.0
2017-07-12,22.824,23.612,22.727,23.579,380455.0
2017-07-13,23.595,23.74,23.306,23.595,266234.0
2017-07-14,23.579,23.579,23.226,23.386,173445.0
2017-07-17,23.354,23.386,22.1,22.438,247499.0
2017-07-18,22.341,22.775,22.261,22.711,123468.0
2017-07-19,22.663,23.033,22.566,23.001,199760.0
2017-07-20,22.92,23.306,22.92,23.097,192746.0
2017-07-21,23.001,23.21,22.92,23.033,142662.0
2017-07-24,23.017,23.081,22.808,23.017,159884.0
2017-07-25,23.001,23.033,22.582,22.695,139191.0
2017-07-26,22.695,22.743,22.389,22.518,161966.0
2017-07-27,22.486,22.808,22.406,22.791,142661.0
2017-07-28,22.711,22.775,22.486,22.599,148361.0
2017-07-31,22.55,22.743,22.55,22.663,128225.0
2017-08-01,22.647,23.37,22.647,23.258,361638.0
2017-08-02,23.193,23.21,22.92,23.081,245676.0
2017-08-03,22.984,23.193,22.936,23.065,170297.0
2017-08-04,23.049,23.226,23.001,23.049,170262.0
2017-08-07,23.065,23.129,22.775,23.001,149731.0
2017-08-08,22.968,24.078,22.92,23.772,532322.0
2017-08-09,23.644,23.692,23.322,23.515,257974.0
2017-08-10,23.499,23.612,23.145,23.338,227420.0
2017-08-11,23.21,23.338,22.791,22.84,208864.0
2017-08-14,22.872,23.177,22.84,23.145,119444.0
2017-08-15,23.113,23.226,22.968,23.097,116293.0
2017-08-16,23.065,23.435,22.952,23.354,169319.0
2017-08-17,23.274,23.451,23.193,23.435,148998.0
2017-08-18,23.29,23.595,23.29,23.306,153667.0
2017-08-21,23.274,23.676,23.21,23.644,209411.0
2017-08-22,23.579,23.595,23.29,23.354,128959.0
2017-08-23,23.354,23.403,23.049,23.226,111081.0
2017-08-24,23.161,23.451,23.129,23.193,119993.0
2017-08-25,23.113,23.29,23.017,23.258,140445.0
2017-08-28,23.274,23.595,23.226,23.563,208485.0
2017-08-29,23.306,23.37,23.049,23.226,273140.0
2017-08-30,23.161,23.21,23.001,23.129,155059.0
2017-08-31,23.129,23.242,23.049,23.145,96997.0
2017-09-01,23.081,23.177,22.968,23.049,151421.0
2017-09-04,23.033,23.145,22.791,22.936,182484.0
2017-09-05,22.904,23.097,22.872,22.92,128152.0
2017-09-06,22.872,22.936,22.599,22.791,207006.0
2017-09-07,22.743,22.824,22.679,22.711,105651.0
2017-09-08,22.695,22.92,22.679,22.888,115480.0
2017-09-11,23.033,23.403,23.033,23.274,330943.0
2017-09-12,23.193,23.451,23.065,23.37,226494.0
2017-09-13,23.338,23.724,23.258,23.499,306220.0
2017-09-14,23.515,23.644,23.29,23.515,200791.0
2017-09-15,23.467,24.142,23.403,23.837,483402.0
2017-09-18,23.869,24.062,23.676,23.901,256686.0
2017-09-19,23.901,23.965,23.515,23.837,222173.0
2017-09-20,23.837,23.837,23.531,23.676,144735.0
2017-09-21,23.579,24.319,23.467,23.724,422048.0
2017-09-22,23.676,24.062,23.37,23.997,238830.0
2017-09-25,23.949,24.094,23.451,23.515,167863.0
2017-09-26,23.515,23.901,23.435,23.756,150651.0
2017-09-27,23.708,23.917,23.628,23.756,132067.0
2017-09-28,23.933,24.383,23.837,24.094,364303.0
2017-09-29,23.997,24.255,23.933,24.046,177501.0
2017-10-09,24.223,24.946,24.094,24.705,415497.0
2017-10-10,24.641,25.509,24.496,25.236,469446.0
2017-10-11,25.011,25.493,24.93,25.043,367644.0
2017-10-12,24.962,25.284,24.721,25.011,243039.0
2017-10-13,25.075,25.654,24.978,25.589,376919.0
2017-10-16,25.686,26.184,24.834,24.898,486845.0
2017-10-17,24.866,25.171,24.576,24.689,327690.0
2017-10-18,24.753,25.718,24.496,24.673,444441.0
2017-10-19,24.625,24.93,24.062,24.174,311580.0
2017-10-20,24.239,24.609,24.062,24.496,245894.0
2017-10-23,24.432,24.641,24.287,24.576,174569.0
2017-10-24,24.576,24.576,24.255,24.416,147777.0
2017-10-25,24.335,24.705,24.319,24.56,155811.0
2017-10-26,24.48,24.946,24.416,24.657,235679.0
2017-10-27,24.673,24.866,24.56,24.801,182701.0
2017-10-30,24.721,24.801,23.756,23.869,286619.0
2017-10-31,23.869,23.981,23.708,23.869,113029.0
2017-11-01,23.837,23.981,23.483,23.563,138260.0
2017-11-02,23.547,23.66,23.193,23.628,151699.0
2017-11-03,23.612,23.708,23.226,23.306,113851.0
2017-11-06,23.306,23.724,23.274,23.676,115164.0
2017-11-07,23.644,23.853,23.531,23.74,95778.0
2017-11-08,23.772,23.997,23.692,23.772,119989.0
2017-11-09,23.692,23.853,23.419,23.612,122266.0
2017-11-10,23.483,23.547,23.306,23.386,136092.0
2017-11-13,23.435,23.579,23.338,23.547,123531.0
2017-11-14,23.515,23.515,22.663,22.759,281577.0
2017-11-15,22.775,22.824,22.647,22.727,78005.0
2017-11-16,22.759,22.808,22.518,22.582,119808.0
2017-11-17,22.599,22.663,21.939,22.084,155112.0
2017-11-20,22.004,22.341,21.971,22.309,118814.0
2017-11-21,22.277,22.373,22.068,22.148,164234.0
2017-11-22,22.245,22.518,22.148,22.357,123799.0
2017-11-23,22.357,22.631,21.987,22.004,184505.0
2017-11-24,22.036,22.132,21.505,21.891,144702.0
2017-11-27,21.859,22.116,21.795,22.02,94481.0
2017-11-28,22.004,22.357,21.971,22.341,137526.0
2017-11-29,22.341,22.341,22.052,22.277,106482.0
2017-11-30,22.229,22.486,22.197,22.229,104301.0
2017-12-01,22.148,22.47,22.148,22.422,80766.0
2017-12-04,22.341,22.373,22.148,22.197,77423.0
2017-12-05,22.229,22.325,21.714,21.843,111352.0
2017-12-06,21.811,22.438,21.762,22.389,178125.0
2017-12-07,22.325,22.454,22.18,22.406,111695.0
2017-12-08,22.325,22.952,22.309,22.775,205214.0
2017-12-11,22.679,22.888,22.615,22.856,126732.0
2017-12-12,22.856,22.936,22.566,22.582,135371.0
2017-12-13,22.566,22.808,22.422,22.791,121789.0
2017-12-14,22.791,23.097,22.615,23.033,170682.0
2017-12-15,22.952,23.097,22.888,23.081,147238.0
2017-12-18,23.097,23.274,22.856,22.92,135380.0
2017-12-19,22.952,23.065,22.808,22.936,89529.0
2017-12-20,22.936,23.097,22.872,23.033,136582.0
2017-12-21,22.968,22.984,22.582,22.759,148031.0
2017-12-22,22.759,22.808,22.502,22.534,120649.0
2017-12-25,22.631,22.888,22.229,22.791,232711.0
2017-12-26,22.647,22.647,22.068,22.277,193690.0
2017-12-27,22.277,22.277,21.955,22.084,122464.0
2017-12-28,22.036,22.261,22.02,22.148,99039.0
2017-12-29,22.261,22.293,21.971,22.197,116409.0
2018-01-02,22.213,22.213,21.907,22.18,171455.0
2018-01-03,22.164,22.357,22.116,22.341,223296.0
2018-01-04,22.277,22.406,22.197,22.293,163097.0
2018-01-05,22.277,22.615,22.229,22.518,249038.0
2018-01-08,22.438,22.615,22.373,22.55,230524.0
2018-01-09,22.582,22.615,22.197,22.261,186916.0
2018-01-10,22.164,22.84,22.1,22.808,384039.0
2018-01-11,22.743,23.242,22.486,23.001,427142.0
2018-01-12,23.001,23.579,23.001,23.049,500132.0
2018-01-15,22.84,22.872,22.229,22.261,325474.0
2018-01-16,22.357,23.997,22.245,23.997,792008.0
2018-01-17,23.837,25.236,23.579,24.174,1003378.0
2018-01-18,23.869,24.142,23.579,23.853,464906.0
2018-01-19,23.869,24.014,23.37,23.579,415401.0
2018-01-22,23.499,23.917,23.29,23.74,345330.0
2018-01-23,23.837,24.512,23.692,24.335,544703.0
2018-01-24,24.174,24.207,23.756,24.046,317430.0
2018-01-25,23.917,24.416,23.821,24.046,311665.0
2018-01-26,23.981,24.946,23.965,24.609,456184.0
2018-01-29,24.609,25.171,24.319,24.785,408726.0
2018-01-30,24.721,24.721,24.351,24.544,233493.0
2018-01-31,24.399,24.432,23.708,23.853,304149.0
2018-02-01,23.837,24.158,23.338,23.547,291682.0
2018-02-02,23.322,23.419,22.341,23.161,297816.0
2018-02-05,23.161,23.917,23.033,23.515,396845.0
2018-02-06,23.033,23.097,21.795,21.859,425128.0
2018-02-07,22.309,22.647,21.891,21.987,287908.0
2018-02-08,22.036,22.293,21.939,22.197,165857.0
2018-02-09,21.698,21.762,20.621,20.942,302383.0
2018-02-12,21.055,21.344,20.91,21.135,151678.0
2018-02-13,21.232,21.312,20.942,21.007,194572.0
2018-02-14,21.007,21.103,20.814,20.894,136016.0
2018-02-22,21.151,21.457,21.055,21.425,191262.0
2018-02-23,21.393,22.197,21.264,21.939,284559.0
2018-02-26,21.907,22.309,21.73,22.148,243784.0
2018-02-27,22.164,22.341,21.859,22.277,210628.0
2018-02-28,22.004,22.229,21.923,22.004,153129.0
2018-03-01,21.923,22.309,21.795,22.132,163258.0
2018-03-02,22.004,22.55,21.907,22.47,268207.0
2018-03-05,22.357,22.438,22.068,22.197,168130.0
2018-03-06,22.293,22.47,22.004,22.309,196217.0
2018-03-07,22.197,22.438,22.116,22.132,164345.0
2018-03-08,22.068,22.148,21.778,21.923,188242.0
2018-03-09,21.987,22.197,21.907,22.148,151052.0
2018-03-12,22.132,22.373,22.004,22.293,186926.0
2018-03-13,22.309,22.599,22.132,22.164,219313.0
2018-03-14,21.987,22.084,21.859,21.875,158596.0
2018-03-15,21.827,22.004,21.762,21.955,115776.0
2018-03-16,21.971,22.036,21.714,21.762,113031.0
2018-03-19,21.746,21.795,21.585,21.585,111400.0
2018-03-20,21.441,21.65,21.36,21.521,102678.0
2018-03-21,21.505,21.778,21.344,21.489,118595.0
2018-03-22,21.602,23.145,21.569,22.904,661348.0
2018-03-23,23.756,24.705,23.193,24.223,1644993.0
2018-03-26,24.223,24.223,22.679,23.017,1116948.0
2018-03-27,22.631,23.403,22.631,23.274,791229.0
2018-03-28,22.84,23.001,22.438,22.486,479523.0
2018-03-29,22.55,22.647,22.164,22.599,320730.0
2018-03-30,22.631,22.824,22.325,22.647,356981.0
2018-04-02,23.113,23.644,22.775,23.451,621912.0
2018-04-03,23.322,23.885,23.065,23.531,628916.0
2018-04-04,24.078,25.396,23.708,25.396,1318957.0
2018-04-09,24.801,26.233,24.673,24.898,1417103.0
2018-04-10,24.464,24.689,23.628,23.885,898952.0
2018-04-11,23.756,24.207,23.595,24.078,533494.0
2018-04-12,23.837,23.933,23.435,23.644,421026.0
2018-04-13,23.676,23.837,23.242,23.37,346477.0
2018-04-16,23.37,23.756,23.37,23.724,384900.0
2018-04-17,23.692,24.962,23.483,24.689,782614.0
2018-04-18,24.239,24.367,23.66,24.142,553178.0
2018-04-19,23.708,24.528,23.579,24.271,446697.0
2018-04-20,24.126,24.576,23.853,23.901,460675.0
2018-04-23,23.451,23.467,22.004,22.213,620586.0
2018-04-24,22.261,22.47,22.036,22.373,312085.0
2018-04-25,22.197,22.454,21.955,22.277,263724.0
2018-04-26,22.309,22.486,21.923,21.971,267527.0
2018-04-27,22.02,22.164,21.811,22.02,174298.0
2018-05-02,22.116,22.454,22.02,22.389,241308.0
2018-05-03,22.357,22.47,22.116,22.454,251159.0
2018-05-04,22.615,23.338,22.55,23.145,504362.0
2018-05-07,22.791,23.129,22.566,23.033,344196.0
2018-05-08,22.888,23.145,22.791,23.129,283137.0
2018-05-09,23.017,23.033,22.647,22.695,251558.0
2018-05-10,22.727,22.92,22.679,22.856,171683.0
2018-05-11,22.952,22.952,22.582,22.631,172063.0
2018-05-14,22.357,22.486,22.229,22.261,198827.0
2018-05-15,22.229,22.357,22.084,22.341,168902.0
2018-05-16,22.261,22.759,22.213,22.454,232774.0
2018-05-17,22.438,22.534,22.148,22.261,174087.0
2018-05-18,22.245,22.438,22.148,22.422,146902.0
2018-05-21,21.907,22.213,21.698,22.197,311864.0
2018-05-22,22.068,22.132,21.875,22.02,171415.0
2018-05-23,21.987,22.068,21.682,21.698,182343.0
2018-05-24,21.698,21.762,21.376,21.425,169233.0
2018-05-25,21.441,21.634,21.425,21.473,120619.0
2018-05-28,21.473,21.666,21.232,21.505,141454.0
2018-05-29,21.505,21.891,21.425,21.666,189021.0
2018-05-30,22.164,22.502,21.859,21.923,520695.0
2018-05-31,21.569,21.923,21.2,21.859,352415.0
2018-06-01,21.698,22.1,21.537,21.698,219962.0
2018-06-04,21.634,21.666,21.296,21.441,169807.0
2018-06-05,21.489,21.618,21.296,21.602,135631.0
2018-06-06,21.505,21.65,21.441,21.618,115958.0
2018-06-07,21.618,21.907,21.569,21.714,161898.0
2018-06-08,21.602,21.602,21.216,21.312,162435.0
2018-06-11,21.248,21.489,21.135,21.36,84412.0
2018-06-12,21.409,21.666,21.344,21.65,112641.0
2018-06-13,21.618,21.859,21.393,21.682,155612.0
2018-06-14,21.602,22.036,21.537,22.02,212192.0
2018-06-15,21.971,22.213,21.634,22.18,289592.0
2018-06-19,22.872,23.451,21.087,21.827,779490.0
2018-06-20,21.296,21.328,20.331,21.183,439977.0
2018-06-21,20.991,21.135,20.283,20.363,301378.0
2018-06-22,20.235,20.235,19.479,20.09,246593.0
2018-06-25,20.187,20.283,19.961,20.235,159543.0
2018-06-26,20.058,20.299,19.929,20.219,129271.0
2018-06-27,20.154,20.379,20.058,20.122,139738.0
2018-06-28,20.122,20.219,19.688,19.768,126515.0
2018-06-29,19.752,20.058,19.608,20.026,150869.0
2018-07-02,20.058,20.428,19.945,20.09,213081.0
2018-07-03,20.122,20.315,19.833,20.299,156616.0
2018-07-04,20.283,20.958,20.187,20.894,330437.0
2018-07-05,20.733,21.087,20.428,20.621,286975.0
2018-07-06,20.814,22.084,20.299,21.65,528559.0
2018-07-09,21.312,21.553,21.071,21.505,327602.0
2018-07-10,21.264,21.36,20.846,21.039,288430.0
2018-07-11,21.119,21.537,20.765,21.151,394634.0
2018-07-12,20.862,21.425,20.765,21.2,321704.0
2018-07-13,21.103,21.2,20.798,20.846,212307.0
2018-07-16,20.814,20.814,20.315,20.396,204001.0
2018-07-17,20.428,20.637,20.412,20.508,130514.0
2018-07-18,20.46,20.637,20.299,20.54,162744.0
2018-07-19,20.428,20.508,20.074,20.154,155555.0
2018-07-20,20.122,20.412,20.074,20.379,116356.0
2018-07-23,20.331,20.508,20.251,20.492,141020.0
2018-07-24,20.508,20.846,20.396,20.781,221067.0
2018-07-25,20.733,20.878,20.653,20.814,158280.0
2018-07-26,20.781,20.846,20.54,20.637,156186.0
2018-07-27,20.589,20.621,20.331,20.412,133445.0
2018-07-30,20.412,20.508,20.203,20.267,103449.0
2018-07-31,20.267,20.508,20.17,20.492,97916.0
2018-08-01,20.476,20.492,20.09,20.17,105905.0
2018-08-02,20.138,20.347,19.575,20.106,178866.0
2018-08-03,19.961,20.283,19.72,19.785,127229.0
2018-08-06,19.817,20.347,19.688,19.833,211948.0
2018-08-07,19.849,20.251,19.785,20.187,188239.0
2018-08-08,20.074,20.814,20.01,20.717,381734.0
2018-08-09,20.508,20.974,20.396,20.83,362064.0
2018-08-10,20.83,21.505,20.717,21.039,478046.0
2018-08-13,20.701,20.974,20.637,20.846,219191.0
2018-08-14,20.83,21.296,20.621,21.167,297844.0
2018-08-15,21.055,21.071,20.605,20.669,191960.0
2018-08-16,20.476,20.556,20.074,20.138,229452.0
2018-08-17,20.251,20.315,19.785,19.865,172861.0
2018-08-20,19.849,20.154,19.736,20.106,117298.0
2018-08-21,20.09,20.219,19.961,20.138,115818.0
2018-08-22,20.09,20.444,19.961,20.444,219438.0
2018-08-23,20.331,20.412,20.122,20.251,171630.0
2018-08-24,20.138,20.219,20.042,20.074,98695.0
2018-08-27,20.138,20.476,20.138,20.379,179931.0
2018-08-28,20.798,21.248,20.589,21.055,419980.0
2018-08-29,21.023,21.232,20.926,21.071,266237.0
2018-08-30,21.119,21.409,20.926,21.103,273504.0
2018-08-31,21.151,21.473,21.087,21.135,293252.0
2018-09-03,21.167,21.827,21.167,21.585,371663.0
2018-09-04,21.666,22.406,21.65,22.18,461944.0
2018-09-05,22.148,22.389,21.859,22.052,305968.0
2018-09-06,21.923,22.261,21.714,21.971,256216.0
2018-09-07,21.939,22.148,21.585,21.746,236847.0
2018-09-10,21.875,22.293,21.602,21.65,227670.0
2018-09-11,21.65,21.939,21.618,21.827,134585.0
2018-09-12,21.811,21.859,21.135,21.312,280063.0
2018-09-13,21.312,21.473,21.055,21.393,200538.0
2018-09-14,21.328,21.489,21.183,21.248,110563.0
2018-09-17,21.2,21.425,21.039,21.039,143573.0
2018-09-18,21.119,21.296,20.862,21.248,152997.0
2018-09-19,21.167,21.634,21.119,21.457,232264.0
2018-09-20,21.425,21.521,21.183,21.344,162372.0
2018-09-21,21.328,21.585,21.216,21.569,180640.0
2018-09-25,21.521,22.084,21.457,22.068,256067.0
2018-09-26,22.164,22.164,21.682,21.891,362172.0
2018-09-27,21.987,22.197,21.618,21.634,246824.0
2018-09-28,21.682,21.73,21.328,21.682,189306.0
2018-10-08,20.572,21.28,20.572,20.942,338732.0
2018-10-09,20.894,21.087,20.653,20.653,195512.0
2018-10-10,20.669,20.991,20.669,20.926,151311.0
2018-10-11,20.524,20.572,19.801,20.219,266872.0
2018-10-12,20.074,20.219,19.672,20.106,160799.0
2018-10-15,20.026,20.315,19.865,19.913,122229.0
2018-10-16,19.881,20.154,19.865,20.122,103066.0
2018-10-17,20.331,20.379,18.643,18.771,443932.0
2018-10-18,18.627,18.739,18.321,18.53,182781.0
2018-10-19,18.45,18.852,18.337,18.852,139079.0
2018-10-22,18.932,19.575,18.9,19.383,223520.0
2018-10-23,19.383,19.399,19.045,19.109,130802.0
2018-10-24,19.109,19.318,19.093,19.141,82225.0
2018-10-25,18.804,19.254,18.723,19.254,98043.0
2018-10-26,19.286,19.431,19.125,19.19,84285.0
2018-10-29,19.173,19.173,18.755,18.82,89297.0
2018-10-30,18.916,19.27,18.836,19.254,131198.0
2018-10-31,19.206,19.495,19.206,19.447,140468.0
2018-11-01,19.495,19.624,19.366,19.415,158235.0
2018-11-02,19.447,19.688,19.399,19.608,180430.0
2018-11-05,19.592,19.592,19.286,19.447,132999.0
2018-11-06,19.302,19.559,19.157,19.543,123886.0
2018-11-07,19.543,19.688,19.447,19.479,118982.0
2018-11-08,19.575,19.672,19.366,19.399,97409.0
2018-11-09,19.334,19.479,19.286,19.334,70465.0
2018-11-12,19.286,19.608,19.238,19.608,89518.0
2018-11-13,19.463,19.817,19.447,19.72,154878.0
2018-11-14,19.624,20.01,19.608,19.688,149773.0
2018-11-15,19.704,19.881,19.624,19.881,118106.0
2018-11-16,19.881,20.026,19.768,19.945,140820.0
2018-11-19,19.945,19.977,19.736,19.913,106275.0
2018-11-20,19.801,19.849,19.575,19.592,118989.0
2018-11-21,19.479,19.624,19.399,19.592,81146.0
2018-11-22,19.592,19.672,19.479,19.575,64869.0
2018-11-23,19.559,19.575,18.868,18.884,133529.0
2018-11-26,18.9,19.077,18.868,18.964,72893.0
2018-11-27,19.029,19.109,18.916,18.948,63152.0
2018-11-28,18.932,19.399,18.836,19.27,117363.0
2018-11-29,19.302,19.704,19.222,19.35,198407.0
2018-11-30,19.35,19.559,19.141,19.479,160879.0
2018-12-03,19.286,19.688,19.286,19.656,241296.0
2018-12-04,19.559,19.624,19.399,19.543,143648.0
2018-12-05,19.318,19.495,19.286,19.431,101361.0
2018-12-06,19.366,19.608,19.302,19.431,140732.0
2018-12-07,19.415,19.479,19.19,19.27,114114.0
2018-12-10,19.157,19.334,19.093,19.141,91285.0
2018-12-11,19.254,19.254,19.045,19.157,70349.0
2018-12-12,19.173,19.206,19.093,19.173,62146.0
2018-12-13,19.206,19.383,19.109,19.334,125122.0
2018-12-14,19.286,19.624,19.254,19.366,210188.0
2018-12-17,19.35,19.431,19.093,19.318,112518.0
2018-12-18,19.238,19.318,18.997,19.093,117307.0
2018-12-19,19.173,19.672,19.061,19.447,269452.0
2018-12-20,19.383,19.463,19.157,19.447,155429.0
2018-12-21,19.318,19.656,19.318,19.559,171160.0
2018-12-24,19.849,19.994,19.608,19.672,234560.0
2018-12-25,19.463,19.479,19.045,19.334,195249.0
2018-12-26,19.254,19.334,19.093,19.109,101186.0
2018-12-27,19.238,19.302,18.884,18.981,156782.0
2018-12-28,18.981,19.077,18.852,19.061,83285.0
2019-01-02,19.109,19.157,18.9,18.964,75878.0
2019-01-03,18.916,18.916,18.562,18.659,134077.0
2019-01-04,18.402,18.836,18.402,18.82,126035.0
2019-01-07,18.9,19.029,18.739,19.013,148849.0
2019-01-08,18.948,18.981,18.755,18.82,108958.0
2019-01-09,18.82,18.997,18.788,18.852,112133.0
2019-01-10,18.9,18.9,18.771,18.771,78718.0
2019-01-11,18.788,18.836,18.659,18.804,89006.0
2019-01-14,18.771,18.9,18.723,18.739,74895.0
2019-01-15,18.739,18.916,18.691,18.9,99542.0
2019-01-16,18.9,18.9,18.788,18.82,71583.0
2019-01-17,18.852,18.868,18.611,18.643,95685.0
2019-01-18,18.675,18.755,18.611,18.739,107957.0
2019-01-21,18.755,18.916,18.739,18.9,128111.0
2019-01-22,18.868,18.981,18.82,18.868,114156.0
2019-01-23,18.836,19.125,18.836,19.077,184761.0
2019-01-24,19.061,19.254,18.932,19.109,189822.0
2019-01-25,19.125,19.125,18.852,18.884,137301.0
2019-01-28,18.932,19.013,18.771,18.82,110509.0
2019-01-29,18.771,18.788,18.482,18.579,120091.0
2019-01-30,18.514,18.595,18.482,18.53,81479.0
2019-01-31,18.562,18.595,18.257,18.337,127334.0
2019-02-01,18.418,18.643,18.386,18.595,104617.0
2019-02-11,18.579,18.932,18.579,18.916,137645.0
2019-02-12,18.916,19.093,18.884,19.045,180922.0
2019-02-13,19.045,19.27,18.964,19.206,224062.0
2019-02-14,19.157,19.624,19.157,19.527,285500.0
2019-02-15,19.447,19.817,19.431,19.511,298074.0
2019-02-18,19.511,19.801,19.511,19.801,298688.0
2019-02-19,19.801,19.817,19.592,19.688,219445.0
2019-02-20,20.331,20.733,19.865,19.945,679615.0
2019-02-21,19.881,19.929,19.527,19.64,468420.0
2019-02-22,19.656,19.785,19.511,19.752,263064.0
2019-02-25,19.785,20.315,19.656,20.251,576865.0
2019-02-26,20.122,20.444,20.01,20.219,482556.0
2019-02-27,20.219,20.363,19.961,20.042,340711.0
2019-02-28,20.042,20.219,19.961,20.122,189690.0
2019-03-01,20.17,20.235,20.026,20.219,225620.0
2019-03-04,20.283,20.669,20.154,20.396,469410.0
2019-03-05,20.347,20.637,20.267,20.556,350487.0
2019-03-06,20.589,20.653,20.315,20.621,394656.0
2019-03-07,20.556,20.765,20.444,20.556,393805.0
2019-03-08,20.412,20.412,19.752,19.768,410737.0
2019-03-11,19.833,20.492,19.833,20.46,339672.0
2019-03-12,20.46,20.878,20.379,20.621,465449.0
2019-03-13,20.685,21.135,20.315,20.363,447516.0
2019-03-14,20.283,20.331,19.929,20.074,278775.0
2019-03-15,20.106,20.508,20.074,20.299,210102.0
2019-03-18,20.331,20.814,20.251,20.765,352649.0
2019-03-19,20.765,20.798,20.508,20.621,280010.0
2019-03-20,20.653,21.023,20.508,20.926,386009.0
2019-03-21,20.878,21.489,20.733,21.264,585309.0
2019-03-22,21.232,21.344,20.717,21.039,413399.0
2019-03-25,20.653,21.634,20.653,21.183,522306.0
2019-03-26,21.151,21.28,20.46,20.508,397935.0
2019-03-27,20.653,21.505,20.46,21.296,433041.0
2019-03-28,20.991,21.135,20.572,20.605,374005.0
2019-03-29,20.589,20.991,20.524,20.878,253065.0
2019-04-01,20.942,21.473,20.942,21.473,410317.0
2019-04-02,21.521,21.618,21.183,21.36,366128.0
2019-04-03,21.425,21.891,21.296,21.569,441441.0
2019-04-04,21.827,22.116,21.65,21.778,531538.0
2019-04-08,21.859,22.502,21.714,22.277,553637.0
2019-04-09,22.116,22.164,21.762,21.955,287308.0
2019-04-10,21.859,21.891,21.585,21.682,239787.0
2019-04-11,21.73,22.052,21.569,21.569,260414.0
2019-04-12,21.634,21.859,21.441,21.585,200238.0
2019-04-15,21.795,21.859,21.344,21.409,210813.0
2019-04-16,21.441,21.955,21.28,21.923,283485.0
2019-04-17,21.891,22.148,21.746,21.987,310341.0
2019-04-18,21.987,22.068,21.65,21.698,190705.0
2019-04-19,21.698,21.778,21.344,21.634,202807.0
2019-04-22,21.714,21.827,21.537,21.795,231935.0
2019-04-23,21.634,21.762,21.344,21.36,235236.0
2019-04-24,21.376,21.489,21.216,21.376,202291.0
2019-04-25,21.36,21.569,20.798,20.846,216886.0
2019-04-26,20.733,20.798,20.444,20.572,215130.0
2019-04-29,20.589,20.781,20.315,20.347,157673.0
2019-04-30,20.412,20.589,20.379,20.508,101983.0
2019-05-06,21.055,21.666,20.267,20.379,607551.0
2019-05-07,20.331,21.618,19.913,21.585,672724.0
2019-05-08,21.232,22.663,21.103,21.971,1022162.0
2019-05-09,21.409,22.004,20.765,21.955,711966.0
2019-05-10,21.119,23.129,21.055,22.1,958898.0
2019-05-13,22.116,22.984,21.875,22.647,869158.0
2019-05-14,22.663,22.824,21.875,21.987,682957.0
2019-05-15,22.148,22.775,21.907,22.502,685565.0
2019-05-16,22.55,24.207,22.438,23.435,986306.0
2019-05-17,23.547,24.737,23.193,24.512,1145247.0
2019-05-20,24.592,24.592,22.743,23.354,923236.0
2019-05-21,22.984,23.708,22.84,23.628,618901.0
2019-05-22,23.483,24.03,22.824,23.322,675828.0
2019-05-23,22.984,22.984,21.955,22.084,630974.0
2019-05-24,21.939,22.261,21.441,21.569,404045.0
2019-05-27,21.65,22.036,21.537,22.02,341933.0
2019-05-28,21.843,22.647,21.778,22.293,557469.0
2019-05-29,22.277,23.386,22.1,23.193,756522.0
2019-05-30,23.081,24.255,22.984,23.74,1001863.0
2019-05-31,23.66,23.66,22.952,23.242,677636.0
2019-06-03,23.274,24.367,23.177,24.19,1035989.0
2019-06-04,23.788,23.869,22.502,22.631,758054.0
2019-06-05,22.727,24.303,22.711,24.239,1190362.0
2019-06-06,24.014,24.641,23.467,23.901,924837.0
2019-06-10,24.207,24.399,23.451,24.062,768974.0
2019-06-11,23.949,25.027,23.869,24.673,1058967.0
2019-06-12,24.11,26.249,23.949,25.525,1241452.0
2019-06-13,25.203,25.364,24.641,24.994,742760.0
2019-06-14,24.898,25.3,24.319,24.416,610401.0
2019-06-17,24.448,24.753,23.805,24.496,401828.0
2019-06-18,24.432,24.753,23.869,23.965,428851.0
2019-06-19,23.788,24.19,23.628,23.981,471469.0
2019-06-20,23.821,24.174,23.724,24.062,430653.0
2019-06-21,24.014,24.19,23.74,23.965,444167.0
2019-06-24,23.949,24.657,23.805,24.657,659039.0
2019-06-25,24.528,24.641,23.997,24.19,477249.0
2019-06-26,24.078,24.094,23.386,23.435,458299.0
2019-06-27,23.419,23.579,23.274,23.483,303436.0
2019-06-28,23.435,23.435,22.904,23.193,262979.0
2019-07-01,23.097,23.386,23.017,23.242,308455.0
2019-07-02,23.242,23.515,23.097,23.258,248726.0
2019-07-03,23.258,23.579,23.113,23.419,299835.0
2019-07-04,23.419,23.435,22.888,22.952,244166.0
2019-07-05,22.984,23.242,22.984,23.193,174449.0
2019-07-08,23.097,23.113,22.261,22.631,295456.0
2019-07-09,22.47,22.743,22.357,22.502,161178.0
2019-07-10,22.454,22.647,22.18,22.261,144325.0
2019-07-11,22.357,22.47,22.164,22.197,136732.0
2019-07-12,22.261,22.325,22.1,22.213,103017.0
2019-07-15,22.213,22.438,21.987,22.422,169454.0
2019-07-16,22.341,22.55,22.293,22.373,94820.0
2019-07-17,22.438,23.049,22.406,22.92,327629.0
2019-07-18,22.743,23.354,22.679,22.984,318716.0
2019-07-19,22.872,23.033,22.743,22.759,173427.0
2019-07-22,22.679,22.695,21.939,21.971,273744.0
2019-07-23,22.004,22.068,21.859,21.971,102381.0
2019-07-24,22.004,22.213,22.004,22.116,110517.0
2019-07-25,22.116,22.406,21.939,22.309,177017.0
2019-07-26,22.213,22.373,22.148,22.245,106136.0
2019-07-29,22.148,22.309,22.068,22.229,97411.0
2019-07-30,22.213,22.341,21.923,22.02,176285.0
2019-07-31,21.971,22.293,21.971,22.18,146603.0
2019-08-01,22.1,22.148,21.875,21.939,142963.0
2019-08-02,22.18,22.518,22.148,22.454,373300.0
2019-08-05,22.341,22.984,22.277,22.791,419665.0
2019-08-06,23.113,23.177,22.084,22.197,516727.0
2019-08-07,22.164,22.438,21.955,22.341,305597.0
2019-08-08,22.197,22.261,21.971,22.084,166337.0
2019-08-09,22.116,22.277,21.666,21.666,250439.0
2019-08-12,21.65,21.811,21.425,21.778,176590.0
2019-08-13,21.618,21.73,21.521,21.585,138200.0
2019-08-14,21.585,21.65,21.473,21.505,147024.0
2019-08-15,21.28,21.441,21.071,21.425,173020.0
2019-08-16,21.441,21.585,21.376,21.521,134038.0
2019-08-19,21.473,21.827,21.328,21.795,224925.0
2019-08-20,21.682,22.341,21.634,22.277,341097.0
2019-08-21,22.18,22.47,21.891,22.068,293399.0
2019-08-22,22.004,22.18,21.923,21.987,154886.0
2019-08-23,21.971,22.084,21.891,21.907,135355.0
2019-08-26,22.197,22.309,22.02,22.148,276562.0
2019-08-27,22.116,22.406,22.036,22.309,300121.0
2019-08-28,22.245,22.518,22.1,22.277,276662.0
2019-08-29,22.261,22.357,22.132,22.229,176004.0
2019-08-30,22.261,22.277,21.923,21.955,200055.0
2019-09-02,21.955,22.213,21.955,22.132,150994.0
2019-09-03,22.148,22.406,22.116,22.197,140478.0
2019-09-04,22.148,22.245,22.052,22.229,132327.0
2019-09-05,22.293,22.389,22.213,22.245,233991.0
2019-09-06,22.277,22.277,22.068,22.132,153682.0
2019-09-09,22.213,22.422,22.197,22.341,232470.0
2019-09-10,22.422,23.033,22.357,22.888,567115.0
2019-09-11,22.791,22.888,22.631,22.631,234520.0
2019-09-12,22.711,22.711,22.438,22.534,165601.0
2019-09-16,22.454,22.47,22.261,22.438,158249.0
2019-09-17,22.341,22.518,22.068,22.116,163287.0
2019-09-18,22.132,22.164,22.004,22.02,122894.0
2019-09-19,22.052,22.1,21.939,22.1,89027.0
2019-09-20,22.1,22.132,22.004,22.068,107791.0
2019-09-23,22.068,22.164,21.795,21.891,142197.0
2019-09-24,21.939,21.939,21.762,21.827,99449.0
2019-09-25,21.762,21.827,21.505,21.521,118102.0
2019-09-26,21.553,21.634,21.28,21.537,121326.0
2019-09-27,21.521,21.73,21.457,21.602,85502.0
2019-09-30,21.602,21.682,21.457,21.521,71272.0
2019-10-08,21.537,21.714,21.521,21.666,86615.0
2019-10-09,21.602,21.65,21.457,21.634,58717.0
2019-10-10,21.634,21.859,21.569,21.778,82902.0
2019-10-11,21.762,21.762,21.602,21.698,68231.0
2019-10-14,21.698,21.859,21.618,21.778,113813.0
2019-10-15,21.746,21.827,21.569,21.602,79454.0
2019-10-16,21.634,21.666,21.36,21.376,101614.0
2019-10-17,21.376,21.489,21.344,21.344,51545.0
2019-10-18,21.425,21.457,21.248,21.28,64332.0
2019-10-21,21.296,21.537,21.248,21.473,76587.0
2019-10-22,21.473,21.489,21.296,21.409,58457.0
2019-10-23,21.393,21.537,21.376,21.409,56779.0
2019-10-24,21.409,21.457,21.328,21.441,44018.0
2019-10-25,21.393,21.746,21.376,21.714,127718.0
2019-10-28,22.422,22.695,22.1,22.148,419935.0
2019-10-29,22.02,22.084,21.778,21.778,229037.0
2019-10-30,21.73,21.843,21.441,21.489,146198.0
2019-10-31,21.537,21.569,21.296,21.344,98840.0
2019-11-01,21.36,21.521,21.232,21.473,83156.0
2019-11-04,21.521,21.569,21.425,21.505,74251.0
2019-11-05,21.521,21.634,21.425,21.553,90454.0
2019-11-06,21.569,21.569,21.409,21.457,74830.0
2019-11-07,21.441,21.569,21.425,21.489,55250.0
2019-11-08,21.489,21.553,21.344,21.36,92208.0
2019-11-11,21.312,21.312,20.894,20.926,115869.0
2019-11-12,20.926,21.023,20.814,20.926,58018.0
2019-11-13,20.91,21.039,20.83,20.83,61785.0
2019-11-14,20.83,20.926,20.798,20.83,51036.0
2019-11-15,20.846,20.862,20.701,20.701,60102.0
2019-11-18,20.701,20.83,20.685,20.798,47497.0
2019-11-19,20.846,21.071,20.765,20.974,66273.0
2019-11-20,20.942,21.296,20.878,21.151,111434.0
2019-11-21,21.039,21.119,20.894,20.926,72786.0
2019-11-22,20.926,21.103,20.878,20.958,85558.0
2019-11-25,20.942,21.071,20.894,21.023,62228.0
2019-11-26,21.055,21.087,20.717,20.717,86527.0
2019-11-27,21.2,21.682,21.039,21.055,277304.0
2019-11-28,20.942,21.039,20.814,20.83,140133.0
2019-11-29,20.846,20.942,20.749,20.862,78272.0
2019-12-02,20.846,20.91,20.814,20.846,56565.0
2019-12-03,20.798,20.878,20.765,20.862,44234.0
2019-12-04,20.798,21.2,20.781,21.135,129960.0
2019-12-05,21.071,21.151,20.991,21.055,85520.0
2019-12-06,21.039,21.167,20.991,21.119,72201.0
2019-12-09,21.151,21.232,21.039,21.135,99749.0
2019-12-10,21.103,21.248,21.103,21.2,83569.0
2019-12-11,21.2,21.2,21.071,21.119,60636.0
2019-12-12,21.103,21.2,21.071,21.087,69418.0
2019-12-13,21.087,21.151,21.039,21.135,111608.0
2019-12-16,21.119,21.232,21.007,21.2,139247.0
2019-12-17,21.183,21.409,21.151,21.376,188422.0
2019-12-18,21.376,21.634,21.312,21.473,195355.0
2019-12-19,21.457,21.569,21.409,21.457,102291.0
2019-12-20,21.457,21.602,21.425,21.505,104850.0
2019-12-23,21.666,21.923,21.28,21.296,232590.0
2019-12-24,21.248,21.441,21.248,21.425,86569.0
2019-12-25,21.441,21.441,21.232,21.312,68747.0
2019-12-26,21.312,21.36,21.248,21.344,62743.0
2019-12-27,21.296,21.441,21.296,21.328,101634.0
2019-12-30,21.28,21.537,21.151,21.521,160023.0
2019-12-31,21.585,21.859,21.537,21.602,222372.0
2020-01-02,21.682,22.132,21.602,21.955,362013.0
2020-01-03,21.971,23.451,21.971,23.322,857978.0
2020-01-06,23.081,24.416,23.081,24.078,1181523.0
2020-01-07,23.708,24.673,23.193,24.303,860596.0
2020-01-08,24.078,24.512,23.274,23.29,548397.0
2020-01-09,23.306,23.66,22.92,23.193,357501.0
2020-01-10,23.258,23.386,22.936,22.952,268130.0
2020-01-13,22.952,23.097,22.791,23.001,200213.0
2020-01-14,23.193,23.354,22.743,23.017,341746.0
2020-01-15,22.808,22.824,22.18,22.213,437578.0
2020-01-16,22.213,22.406,22.1,22.309,226525.0
2020-01-17,22.261,22.277,22.052,22.1,182895.0
2020-01-20,22.1,22.293,21.987,22.277,159078.0
2020-01-21,22.164,22.18,21.987,22.084,143665.0
2020-01-22,22.052,22.309,21.875,22.229,182398.0
2020-01-23,22.1,22.18,21.602,21.698,218167.0
2020-02-03,20.251,20.572,20.122,20.154,455815.0
2020-02-04,20.363,21.039,20.347,20.926,405349.0
2020-02-05,20.669,21.618,20.572,21.425,493206.0
2020-02-06,21.618,22.084,21.393,21.955,493815.0
2020-02-07,21.778,22.02,21.264,21.907,392527.0
2020-02-10,21.73,23.499,21.698,23.499,847433.0
2020-02-11,23.885,23.885,22.486,22.615,709430.0
2020-02-12,22.422,23.756,22.293,23.226,648451.0
2020-02-13,23.177,24.962,22.92,24.753,1335445.0
2020-02-14,24.351,26.007,23.965,25.236,1229690.0
2020-02-17,25.895,27.165,25.573,27.165,1296439.0
2020-02-18,26.393,27.133,25.734,26.683,1327175.0
2020-02-19,26.361,26.474,25.605,25.831,923989.0
2020-02-20,25.509,26.49,25.091,26.345,823287.0
2020-02-21,26.088,26.538,25.782,26.136,591045.0
2020-02-24,26.104,28.162,25.815,27.728,1009325.0
2020-02-25,26.86,27.792,26.152,27.326,837740.0
2020-02-26,27.921,28.934,26.972,27.278,879774.0
2020-02-27,26.972,27.535,26.409,26.715,558868.0
2020-02-28,25.718,26.393,25.316,25.734,534535.0
2020-03-02,26.04,26.94,25.605,26.779,528847.0
2020-03-03,27.069,27.744,26.586,27.487,707912.0
2020-03-04,27.165,27.728,26.844,27.262,555506.0
2020-03-05,27.294,29.175,27.037,28.114,966120.0
2020-03-06,27.664,28.516,27.406,27.423,615540.0
2020-03-09,26.892,27.31,26.329,26.409,526418.0
2020-03-10,25.911,26.49,25.316,26.377,451120.0
2020-03-11,26.345,27.937,26.152,26.86,586070.0
2020-03-12,26.184,26.554,25.766,25.911,380819.0
2020-03-13,24.834,27.101,24.673,26.699,701633.0
2020-03-16,27.037,27.149,25.605,25.718,594693.0
2020-03-17,25.847,26.088,24.962,25.831,362262.0
2020-03-18,25.943,26.57,25.525,25.557,495737.0
2020-03-19,25.557,26.731,25.445,26.635,594791.0
2020-03-20,26.86,28.082,26.409,27.712,805216.0
2020-03-23,27.165,29.883,27.021,29.883,1291352.0
2020-03-24,29.883,30.108,28.419,29.4,1107020.0
2020-03-25,29.368,31.475,29.111,30.992,1020774.0
2020-03-26,30.349,33.485,30.349,32.375,1193807.0
2020-03-27,32.681,32.697,31.217,31.346,911637.0
2020-03-30,31.893,33.645,31.507,31.925,1225967.0
2020-03-31,31.314,33.806,30.815,33.678,1230504.0
2020-04-01,33.115,33.549,32.054,32.472,972931.0
2020-04-02,31.957,32.021,30.478,31.346,981134.0
2020-04-03,31.185,31.893,30.671,30.992,794540.0
2020-04-07,30.864,33.501,30.381,33.485,1256449.0
2020-04-08,32.906,33.26,31.668,31.828,1039570.0
2020-04-09,31.668,32.295,30.928,31.619,672147.0
2020-04-10,31.619,32.214,31.153,31.812,567801.0
2020-04-13,31.796,31.796,30.253,30.751,441455.0
2020-04-14,30.703,31.587,30.622,31.475,451090.0
2020-04-15,31.185,32.391,30.992,31.491,552977.0
2020-04-16,31.507,32.23,31.201,31.796,493629.0
2020-04-17,31.523,31.555,30.88,30.944,445032.0
2020-04-20,31.105,31.828,31.105,31.25,377394.0
2020-04-21,31.008,31.796,30.381,31.346,484813.0
2020-04-22,30.799,33.276,30.799,32.841,975693.0
2020-04-23,32.809,34.482,32.391,32.954,1082029.0
2020-04-24,32.97,33.099,31.217,31.539,673296.0
2020-04-27,31.523,31.812,30.815,31.201,344572.0
2020-04-28,31.507,33.726,30.703,33.404,1059234.0
2020-04-29,32.954,34.417,32.729,33.42,902724.0
2020-04-30,33.42,33.806,32.552,33.308,563626.0
2020-05-06,33.517,34.659,33.179,33.758,801891.0
2020-05-07,33.517,35.125,33.179,34.449,780357.0
2020-05-08,34.24,34.466,33.533,33.999,576748.0
2020-05-11,33.806,34.401,33.211,33.469,535870.0
2020-05-12,33.34,33.774,32.986,33.726,394658.0
2020-05-13,33.871,34.064,33.211,33.372,425690.0
2020-05-14,32.874,33.067,32.359,32.391,455953.0
2020-05-15,32.391,32.809,32.391,32.488,267711.0
2020-05-18,32.391,33.42,31.957,33.372,513065.0
2020-05-19,33.195,33.26,32.552,32.858,358339.0
2020-05-20,32.858,33.469,32.697,32.761,310357.0
2020-05-21,32.809,33.051,31.089,31.378,473808.0
2020-05-22,30.96,31.764,30.59,31.153,271777.0
2020-05-25,31.169,31.7,31.041,31.507,227751.0
2020-05-26,31.507,31.635,31.073,31.603,192738.0
2020-05-27,31.635,32.102,30.992,31.024,259513.0
2020-05-28,31.041,31.282,30.011,30.429,324103.0
2020-05-29,30.172,30.735,30.06,30.59,220340.0
2020-06-01,30.51,31.137,30.365,31.057,261531.0
2020-06-02,31.137,31.507,30.992,31.105,255516.0
2020-06-03,31.121,31.121,30.687,31.008,206109.0
2020-06-04,31.073,31.426,30.848,31.008,232300.0
2020-06-05,30.944,30.96,29.947,30.108,291891.0
2020-06-08,30.188,30.639,29.77,30.622,235809.0
2020-06-09,30.622,30.751,30.285,30.349,148423.0
2020-06-10,30.188,30.735,30.14,30.301,162433.0
2020-06-11,30.204,30.397,29.642,29.851,299054.0
2020-06-12,29.481,30.092,29.304,30.092,266926.0
2020-06-15,30.092,31.233,30.092,30.429,391751.0
2020-06-16,30.478,30.606,29.995,30.526,195589.0
2020-06-17,30.429,31.121,30.14,31.024,440498.0
2020-06-18,30.831,31.233,30.671,30.783,228988.0
2020-06-19,30.815,31.024,30.542,30.799,201128.0
2020-06-22,30.719,31.571,30.558,31.153,388223.0
2020-06-23,31.024,31.073,30.51,30.51,251712.0
2020-06-24,30.478,30.558,29.931,30.027,211052.0
2020-06-29,30.301,32.198,30.269,32.054,753150.0
2020-06-30,31.796,32.649,31.668,32.439,529698.0
2020-07-01,32.327,32.616,31.989,32.166,364944.0
2020-07-02,32.375,32.472,31.684,32.07,378299.0
2020-07-03,31.925,32.182,31.603,31.877,363039.0
2020-07-06,32.086,33.131,31.957,33.067,667950.0
2020-07-07,33.404,34.787,32.665,33.967,810836.0
2020-07-08,33.726,34.385,33.645,34.369,520100.0
2020-07-09,34.466,35.302,33.871,34.739,751529.0
2020-07-10,34.61,35.173,34.273,34.353,538905.0
2020-07-13,35.382,37.135,35.382,37.135,446528.0
2020-07-14,40.126,40.126,37.44,38.695,1328597.0
2020-07-15,38.228,38.373,36.138,36.331,822220.0
2020-07-16,36.379,36.379,33.678,34.015,664202.0
2020-07-17,33.983,35.012,33.887,34.289,432179.0
2020-07-20,35.189,35.768,34.482,35.575,521283.0
2020-07-21,35.495,36.283,35.173,35.302,442163.0
2020-07-22,35.495,37.087,35.157,36.99,712257.0
2020-07-23,37.263,37.698,36.267,37.505,904690.0
2020-07-24,36.781,38.196,36.524,36.781,793572.0
2020-07-27,37.73,39.418,37.456,38.164,778954.0
2020-07-28,37.649,37.858,36.701,37.087,584678.0
2020-07-29,36.765,37.183,36.186,37.135,463923.0
2020-07-30,36.99,38.823,36.942,37.826,767864.0
2020-07-31,37.665,37.665,36.958,37.376,577125.0
2020-08-03,37.44,38.309,37.103,37.987,645131.0
2020-08-04,38.518,40.399,37.923,38.212,1024243.0
2020-08-05,37.424,39.257,36.91,38.888,699550.0
2020-08-06,38.469,38.791,37.456,38.1,576077.0
2020-08-07,38.003,39.193,37.682,38.325,635428.0
2020-08-10,37.875,38.132,37.183,37.762,403041.0
2020-08-11,37.585,38.518,37.28,37.569,508047.0
2020-08-12,37.987,38.952,37.408,37.81,595518.0
2020-08-13,38.084,40.914,38.084,40.576,1185604.0
2020-08-14,40.158,40.158,38.646,39.145,876569.0
2020-08-17,38.646,39.74,38.373,39.418,585450.0
2020-08-18,39.483,41.316,39.161,40.094,933371.0
2020-08-19,39.852,43.342,39.708,42.409,1159740.0
2020-08-20,41.653,42.136,39.692,40.705,850474.0
2020-08-21,40.142,40.881,39.885,40.592,417037.0
2020-08-24,40.624,42.087,39.997,42.087,623928.0
2020-08-25,41.718,41.814,40.479,40.994,514811.0
2020-08-26,40.608,41.203,38.534,38.695,668328.0
2020-08-27,38.55,39.161,37.907,38.984,323076.0
2020-08-28,38.888,39.418,38.357,39.161,335346.0
2020-08-31,39.177,39.483,38.888,38.968,300180.0
2020-09-01,38.968,39.129,37.939,38.711,350865.0
2020-09-02,38.952,39.901,38.711,38.904,334607.0
2020-09-03,38.63,38.952,38.1,38.582,293764.0
2020-09-04,37.907,38.871,37.601,38.711,236044.0
2020-09-07,38.727,38.92,37.231,37.344,286317.0
2020-09-08,37.344,38.003,36.54,37.617,227882.0
2020-09-09,37.006,37.44,35.639,35.993,336027.0
2020-09-10,36.09,37.215,35.318,36.62,350104.0
2020-09-11,35.977,36.701,35.816,36.347,174698.0
2020-09-14,36.459,36.99,36.299,36.508,146282.0
2020-09-15,36.508,36.749,36.299,36.62,141697.0
2020-09-16,36.652,37.263,36.604,36.717,158953.0
2020-09-17,36.636,36.652,35.414,35.816,236884.0
2020-09-18,35.623,36.878,35.559,36.878,233084.0
2020-09-21,36.701,37.746,36.701,37.312,292999.0
2020-09-22,36.974,37.553,36.524,36.588,177274.0
2020-09-23,36.749,36.829,36.218,36.395,107703.0
2020-09-24,36.25,37.81,36.025,37.006,404089.0
2020-09-25,37.456,37.81,36.942,37.312,227576.0
2020-09-28,37.215,37.296,36.154,36.395,194196.0
2020-09-29,36.556,37.263,36.202,36.749,160040.0
2020-09-30,37.103,37.312,36.202,36.299,123230.0
2020-10-09,36.781,38.035,36.588,37.842,302151.0
2020-10-12,38.035,38.63,37.891,38.389,282132.0
2020-10-13,38.26,38.469,37.794,38.373,198649.0
2020-10-14,38.421,38.437,37.44,37.489,198044.0
2020-10-15,37.456,37.649,37.151,37.376,128883.0
2020-10-16,37.36,37.601,36.91,37.183,114140.0
2020-10-19,37.553,38.952,37.537,38.051,360682.0
2020-10-20,37.939,37.987,37.087,37.73,181324.0
2020-10-21,37.682,37.714,37.28,37.489,101618.0
2020-10-22,37.215,37.44,36.395,36.829,160057.0
2020-10-23,36.797,36.958,35.993,36.057,137849.0
2020-10-26,36.074,36.315,35.575,36.202,81656.0
2020-10-27,36.074,36.427,35.977,36.299,71061.0
2020-10-28,36.154,36.299,35.655,36.025,83665.0
2020-10-29,35.607,35.865,35.495,35.688,113478.0
2020-10-30,35.848,35.977,34.224,34.53,186631.0
2020-11-02,34.642,34.691,33.179,34.385,235963.0
2020-11-03,34.289,35.253,33.983,35.061,151553.0
2020-11-04,35.237,35.414,34.723,35.382,119289.0
2020-11-05,35.382,35.591,35.093,35.35,128979.0
2020-11-06,35.334,35.414,34.787,35.012,101553.0
2020-11-09,35.028,35.575,34.996,35.044,194560.0
2020-11-10,35.061,35.173,34.417,34.466,150693.0
2020-11-11,34.707,35.816,34.594,34.707,234836.0
2020-11-12,34.433,34.433,33.71,33.983,196631.0
2020-11-13,33.645,33.999,33.485,33.951,89060.0
2020-11-16,33.822,34.208,33.613,34.128,92899.0
2020-11-17,34.176,34.176,33.694,33.774,95365.0
2020-11-18,33.871,34.112,33.726,33.758,99200.0
2020-11-19,33.887,34.047,33.597,34.015,106325.0
2020-11-20,34.015,34.337,33.758,34.128,113442.0
2020-11-23,34.144,34.659,33.742,34.192,216259.0
2020-11-24,34.192,34.433,34.047,34.224,102118.0
2020-11-25,34.257,34.321,33.613,33.645,139977.0
2020-11-26,33.613,33.919,33.581,33.774,69651.0
2020-11-27,33.79,34.176,33.726,33.919,100965.0
2020-11-30,34.176,34.562,33.903,34.096,144488.0
2020-12-01,33.887,34.16,33.822,34.096,114116.0
2020-12-02,34.112,34.24,33.774,33.967,118503.0
2020-12-03,33.967,35.398,33.742,35.173,395511.0
2020-12-04,34.851,34.98,34.449,34.61,186417.0
2020-12-07,34.61,34.916,34.273,34.642,137760.0
2020-12-08,34.482,34.578,34.192,34.24,113486.0
2020-12-09,34.289,34.594,33.887,33.887,133395.0
2020-12-10,33.726,34.353,33.613,33.935,124616.0
2020-12-11,33.871,34.257,33.645,34.047,140783.0
2020-12-14,34.015,34.675,33.822,34.482,204177.0
2020-12-15,34.369,34.385,33.919,33.983,130331.0
2020-12-16,33.983,34.433,33.951,34.257,152598.0
2020-12-17,34.192,34.257,33.758,34.08,122459.0
2020-12-18,34.096,34.675,33.887,34.337,197831.0
2020-12-21,35.35,35.816,34.771,35.479,480377.0
2020-12-22,35.495,36.09,35.012,35.141,346006.0
2020-12-23,34.819,36.17,34.369,35.993,395805.0
2020-12-24,35.784,36.781,35.511,36.508,498558.0
2020-12-25,36.009,36.572,35.784,36.218,267243.0
2020-12-28,36.459,37.247,36.283,37.103,373393.0
2020-12-29,37.183,37.183,35.559,35.816,306464.0
2020-12-30,36.283,36.54,35.784,36.347,231622.0
2020-12-31,36.202,38.019,35.897,37.505,502539.0
2021-01-04,37.746,38.341,37.263,38.084,458529.0
2021-01-05,37.794,38.357,37.408,37.842,323224.0
2021-01-06,37.826,38.679,37.553,37.987,379151.0
2021-01-07,37.746,37.987,37.151,37.569,290204.0
2021-01-08,37.505,37.505,36.492,36.733,246009.0
2021-01-11,36.733,37.263,36.17,36.395,210009.0
2021-01-12,36.299,36.701,35.736,36.54,236710.0
2021-01-13,37.071,37.408,36.138,36.267,256319.0
2021-01-14,35.848,35.913,34.257,35.511,346362.0
2021-01-15,35.012,35.897,34.948,35.463,166678.0
2021-01-18,35.752,36.106,35.527,35.672,139174.0
2021-01-19,35.575,35.607,34.819,34.868,135663.0
2021-01-20,34.53,35.125,34.514,34.851,100486.0
2021-01-21,34.851,35.302,34.626,34.996,118241.0
2021-01-22,34.996,35.044,34.208,34.208,190933.0
2021-01-25,34.047,34.659,33.726,34.498,175084.0
2021-01-26,34.144,34.433,33.919,33.999,142300.0
2021-01-27,33.903,34.257,33.742,34.128,156120.0
2021-01-28,33.822,34.771,33.742,34.031,191021.0
2021-01-29,34.112,34.208,32.681,32.874,197914.0
2021-02-01,32.665,33.581,31.877,33.485,143014.0
2021-02-02,33.26,33.469,32.793,33.195,107936.0
2021-02-03,33.099,33.597,32.89,33.243,133412.0
2021-02-04,33.067,33.083,32.15,32.295,143659.0
2021-02-05,32.295,32.954,31.571,31.652,129204.0
2021-02-08,31.555,31.828,30.992,31.571,169646.0
2021-02-09,31.555,32.327,31.443,32.086,116633.0
2021-02-10,32.086,32.456,31.973,32.407,101176.0
2021-02-18,32.858,33.34,32.6,33.099,150474.0
2021-02-19,33.115,34.208,33.099,34.16,256487.0
2021-02-22,34.787,35.012,34.176,34.369,367357.0
2021-02-23,34.176,34.176,33.26,33.34,201219.0
2021-02-24,33.324,33.694,32.938,33.227,124349.0
2021-02-25,33.34,33.436,32.777,33.227,112023.0
2021-02-26,32.874,33.726,32.681,33.453,176278.0
2021-03-01,33.501,34.53,33.115,34.112,219908.0
2021-03-02,34.128,34.208,33.453,33.951,184358.0
2021-03-03,34.208,34.819,34.047,34.176,198528.0
2021-03-04,33.887,33.967,33.356,33.404,146822.0
2021-03-05,33.372,33.999,33.067,33.822,165796.0
2021-03-08,33.581,33.935,32.986,33.227,132009.0
2021-03-09,33.083,33.115,31.7,32.07,139356.0
2021-03-10,32.327,32.375,31.201,31.314,130204.0
2021-03-11,31.33,31.587,31.089,31.555,100760.0
2021-03-12,31.587,32.005,31.041,31.635,106337.0
2021-03-15,31.732,31.989,31.443,31.748,82927.0
2021-03-16,31.78,31.877,31.475,31.684,62852.0
2021-03-17,31.716,32.504,31.587,32.423,148224.0
2021-03-18,32.327,32.327,31.845,32.005,93650.0
2021-03-19,32.134,32.343,31.652,31.861,93482.0
2021-03-22,31.957,32.375,31.652,32.311,110440.0
2021-03-23,32.279,33.115,32.134,32.777,186710.0
2021-03-24,32.536,32.858,32.327,32.439,128804.0
2021-03-25,32.793,33.243,32.488,32.632,123480.0
2021-03-26,32.375,32.697,32.247,32.52,94601.0
2021-03-29,32.52,32.536,32.198,32.295,85773.0
2021-03-30,32.279,32.456,31.732,31.989,105888.0
2021-03-31,31.957,31.957,31.555,31.716,69904.0
2021-04-01,32.07,32.214,31.748,31.828,70186.0
2021-04-02,31.764,31.893,31.603,31.78,68009.0
2021-04-06,31.893,31.909,31.635,31.78,55056.0
2021-04-07,31.764,31.78,31.475,31.668,70261.0
2021-04-08,31.443,31.635,31.378,31.523,79729.0
2021-04-09,31.426,31.523,31.233,31.33,71352.0
2021-04-12,31.233,31.555,31.169,31.233,63252.0
2021-04-13,31.185,31.828,31.121,31.748,110055.0
2021-04-14,31.635,31.635,31.33,31.475,61094.0
2021-04-15,31.459,31.571,31.153,31.266,52758.0
2021-04-16,31.266,31.41,31.137,31.378,59059.0
2021-04-19,31.362,31.539,31.185,31.523,75542.0
2021-04-20,31.41,31.716,31.282,31.298,81447.0
2021-04-21,31.25,31.362,31.169,31.314,49774.0
2021-04-22,31.346,31.443,31.169,31.266,63796.0
2021-04-23,31.346,31.732,31.314,31.523,110117.0
2021-04-26,31.78,32.086,31.378,31.619,135799.0
2021-04-27,31.78,31.925,31.475,31.732,128413.0
2021-04-28,31.459,31.459,30.574,30.848,143508.0
2021-04-29,30.687,30.896,30.51,30.703,83816.0
2021-04-30,30.767,31.057,30.719,30.912,84908.0
2021-05-06,30.912,32.858,30.864,32.504,359468.0
2021-05-07,32.504,33.163,32.005,32.616,263721.0
2021-05-10,32.552,33.002,31.893,32.632,215628.0
2021-05-11,32.279,33.678,32.23,33.034,291548.0
2021-05-12,32.649,34.449,32.616,33.999,418416.0
2021-05-13,33.501,33.678,32.697,33.324,304079.0
2021-05-14,33.083,33.179,32.632,32.874,177820.0
2021-05-17,32.777,33.083,32.488,33.083,152632.0
2021-05-18,33.099,33.163,32.616,32.874,112386.0
2021-05-19,32.745,32.809,32.456,32.584,105372.0
2021-05-20,32.327,32.793,32.311,32.632,88353.0
2021-05-21,32.649,33.002,32.488,32.504,92091.0
2021-05-24,33.002,33.163,32.375,32.391,121688.0
2021-05-25,32.295,32.327,31.748,32.23,153980.0
2021-05-26,32.166,32.488,32.102,32.423,104389.0
2021-05-27,32.456,32.472,31.925,31.957,152775.0
2021-05-28,31.957,32.182,31.845,31.941,87273.0
2021-05-31,31.925,32.118,31.764,32.021,95179.0
2021-06-01,32.021,32.343,31.861,32.23,116496.0
2021-06-02,32.247,32.263,31.877,32.005,104299.0
2021-06-03,31.973,32.021,31.732,31.748,92926.0
2021-06-04,31.845,32.311,31.828,32.037,127203.0
2021-06-07,31.925,31.925,31.298,31.443,174856.0
2021-06-08,31.507,31.845,31.443,31.652,93515.0
2021-06-09,31.635,31.812,31.459,31.603,64183.0
2021-06-10,31.587,31.764,31.443,31.684,76233.0
2021-06-11,31.603,31.796,31.555,31.78,81580.0
2021-06-15,31.764,31.78,31.394,31.394,71553.0
2021-06-16,31.394,31.603,31.121,31.169,85185.0
2021-06-17,31.089,31.362,30.992,31.057,67366.0
2021-06-18,31.024,31.233,30.719,31.233,70580.0
2021-06-21,31.201,31.716,31.137,31.539,83138.0
2021-06-22,31.796,32.568,31.796,32.102,203794.0
2021-06-23,32.198,32.327,31.619,32.07,132504.0
2021-06-24,32.07,32.07,31.652,31.732,81575.0
2021-06-25,31.7,31.7,31.314,31.443,116234.0
2021-06-28,31.619,31.877,31.539,31.603,110891.0
2021-06-29,31.732,31.812,31.378,31.459,98094.0
2021-06-30,31.555,31.555,31.105,31.25,102705.0
2021-07-01,31.362,31.362,30.944,30.96,97608.0
2021-07-02,30.88,31.459,30.815,30.992,124378.0
2021-07-05,31.057,31.443,30.848,31.105,111678.0
2021-07-06,31.266,31.668,30.96,31.539,198920.0
2021-07-07,31.314,31.587,31.073,31.201,139081.0
2021-07-08,31.089,31.282,30.944,31.089,109901.0
2021-07-09,31.008,31.089,30.848,30.96,91598.0
2021-07-12,31.201,31.587,31.185,31.298,174346.0
2021-07-13,31.008,31.201,30.687,30.944,164141.0
2021-07-14,30.831,30.928,30.51,30.574,136657.0
2021-07-15,30.574,30.622,29.995,30.22,127878.0
2021-07-16,30.172,30.188,29.995,30.092,79747.0
2021-07-19,30.172,31.121,30.092,30.976,210395.0
2021-07-20,30.864,30.864,30.429,30.494,96759.0
2021-07-21,30.815,31.298,30.719,30.864,146155.0
2021-07-22,30.799,30.96,30.655,30.719,102933.0
2021-07-23,30.767,31.041,30.478,30.912,149684.0
2021-07-26,31.041,31.861,30.767,31.587,355898.0
2021-07-27,31.378,31.828,31.121,31.394,228790.0
2021-07-28,31.233,31.507,30.365,30.446,181672.0
2021-07-29,30.606,31.539,30.269,31.169,207569.0
2021-07-30,30.864,31.555,30.526,31.073,176445.0
2021-08-02,30.848,32.134,30.59,31.78,321658.0
2021-08-03,31.475,32.52,31.475,32.279,354578.0
2021-08-04,32.198,32.198,31.893,31.957,190231.0
2021-08-05,31.957,32.825,31.796,32.472,376431.0
2021-08-06,32.23,32.279,31.635,31.78,257868.0
2021-08-09,31.635,32.198,31.635,31.668,235534.0
2021-08-10,31.555,31.796,31.266,31.652,210747.0
2021-08-11,31.571,31.652,31.298,31.635,178990.0
2021-08-12,31.603,31.893,31.346,31.378,192587.0
2021-08-13,31.394,31.587,30.944,31.539,261598.0
2021-08-16,31.475,31.925,31.443,31.635,245619.0
2021-08-17,31.491,31.507,30.735,30.831,235267.0
2021-08-18,30.558,30.783,30.51,30.671,137349.0
2021-08-19,30.574,30.767,30.51,30.671,89898.0
2021-08-20,30.655,30.655,30.269,30.413,119123.0
2021-08-23,30.446,30.606,30.301,30.51,100914.0
2021-08-24,30.526,30.719,30.429,30.655,99384.0
2021-08-25,30.831,30.864,30.542,30.703,126402.0
2021-08-26,30.703,30.719,30.333,30.365,116698.0
2021-08-27,30.462,30.558,30.301,30.558,96966.0
2021-08-30,30.671,30.896,30.542,30.848,141906.0
2021-08-31,30.59,30.639,30.333,30.526,126768.0
2021-09-01,30.429,30.767,30.365,30.767,124271.0
2021-09-02,30.831,30.864,30.606,30.831,117047.0
2021-09-03,30.751,31.555,30.703,31.314,252762.0
2021-09-06,31.443,31.443,31.024,31.298,143946.0
2021-09-07,31.185,31.33,31.121,31.266,120127.0
2021-09-08,31.314,31.861,31.233,31.684,288766.0
2021-09-09,31.684,32.021,31.459,31.668,222954.0
2021-09-10,31.475,31.828,31.362,31.523,178464.0
2021-09-13,31.491,31.732,31.41,31.7,151034.0
2021-09-14,31.764,32.102,31.298,31.314,209814.0
2021-09-15,31.185,31.555,31.121,31.378,132224.0
2021-09-16,31.475,32.182,31.459,31.877,330954.0
2021-09-17,31.732,31.78,31.153,31.555,161812.0
2021-09-22,31.266,31.378,31.057,31.266,105279.0
2021-09-23,31.314,32.118,31.314,32.021,272506.0
2021-09-24,32.037,32.311,31.716,32.07,231064.0
2021-09-27,31.845,32.021,31.41,31.684,188048.0
2021-09-28,31.861,32.15,31.652,31.941,204268.0
2021-09-29,32.021,32.423,31.555,31.732,221449.0
2021-09-30,31.571,31.828,31.346,31.555,175878.0
2021-10-08,31.635,33.645,31.635,33.179,598690.0
2021-10-11,33.195,33.662,32.97,33.34,440681.0
2021-10-12,33.147,33.597,32.777,33.115,290715.0
2021-10-13,33.018,33.018,31.796,32.439,281165.0
2021-10-14,32.279,32.729,32.037,32.488,168998.0
2021-10-15,32.391,33.163,31.555,31.635,331934.0
2021-10-18,31.41,32.295,30.848,32.07,283511.0
2021-10-19,31.652,32.439,31.587,32.359,273430.0
2021-10-20,32.118,32.375,31.571,31.603,210688.0
2021-10-21,31.491,31.877,31.153,31.266,186972.0
2021-10-22,31.217,31.475,30.88,30.928,168791.0
2021-10-25,31.169,31.394,30.928,31.057,165017.0
2021-10-26,30.944,31.523,30.928,31.041,159792.0
2021-10-27,30.992,31.137,30.574,31.105,189136.0
2021-10-28,30.799,30.815,28.982,29.4,342073.0
2021-10-29,29.4,29.529,29.207,29.32,153558.0
2021-11-01,29.304,29.979,29.207,29.593,170674.0
2021-11-02,29.706,31.635,29.69,31.201,494840.0
2021-11-03,30.574,31.459,30.526,30.976,345992.0
2021-11-04,30.912,31.7,30.799,31.523,296570.0
2021-11-05,31.459,31.877,31.121,31.137,218964.0
2021-11-08,31.153,31.539,30.848,31.041,136363.0
2021-11-09,31.121,32.198,31.008,31.78,303197.0
2021-11-10,31.732,32.359,31.346,31.491,191325.0
2021-11-11,31.475,31.828,31.314,31.459,142572.0
2021-11-12,31.475,32.15,31.41,31.796,212858.0
2021-11-15,31.877,32.311,31.073,31.153,239541.0
2021-11-16,31.105,31.443,30.96,30.976,131622.0
2021-11-17,30.96,30.96,30.413,30.703,140675.0
2021-11-18,30.735,30.896,30.397,30.413,133007.0
2021-11-19,30.59,30.59,30.253,30.429,98100.0
2021-11-22,30.413,30.526,30.269,30.51,110842.0
2021-11-23,30.526,30.574,30.156,30.22,151211.0
2021-11-24,30.22,30.253,29.835,29.979,154695.0
2021-11-25,29.979,30.14,29.899,30.06,87526.0
2021-11-26,29.963,30.027,29.738,29.835,93759.0
2021-11-29,29.802,29.995,29.625,29.947,104861.0
2021-11-30,29.979,30.172,29.867,30.124,138873.0
2021-12-01,30.027,30.253,29.963,30.204,105182.0
2021-12-02,30.22,30.285,29.995,30.027,90648.0
2021-12-03,29.931,30.22,29.915,30.156,91025.0
2021-12-06,30.124,30.204,29.899,29.995,85657.0
2021-12-07,30.027,30.237,29.979,30.156,78713.0
2021-12-08,30.156,30.381,30.076,30.317,101232.0
2021-12-09,30.365,30.606,30.269,30.51,148038.0
2021-12-10,30.478,31.024,30.349,30.703,169098.0
2021-12-13,30.751,30.976,30.51,30.59,119626.0
2021-12-14,30.526,30.622,30.317,30.542,86200.0
2021-12-15,30.51,30.51,30.269,30.301,98588.0
2021-12-16,30.269,30.622,30.237,30.51,112066.0
2021-12-17,30.494,30.671,30.349,30.446,141845.0
2021-12-20,30.413,30.751,30.365,30.494,188666.0
2021-12-21,30.413,30.558,30.044,30.542,137382.0
2021-12-22,30.478,30.719,30.413,30.639,135214.0
2021-12-23,30.622,30.783,30.526,30.703,141045.0
2021-12-24,30.703,30.96,30.606,30.96,199765.0
2021-12-27,31.346,31.732,30.831,30.88,305711.0
2021-12-28,30.815,31.121,30.462,30.606,222707.0
2021-12-29,30.606,30.703,30.156,30.156,173967.0
2021-12-30,30.204,30.397,30.156,30.349,106728.0
2021-12-31,30.333,30.622,30.204,30.606,117306.0
2022-01-04,30.655,32.439,30.558,31.877,592468.0
2022-01-05,31.796,32.054,31.25,31.475,298718.0
2022-01-06,31.459,31.507,31.169,31.233,174217.0
2022-01-07,31.314,31.475,30.848,30.912,216252.0
2022-01-10,30.864,31.217,30.799,31.137,160616.0
2022-01-11,31.153,31.362,30.815,30.88,135517.0
2022-01-12,30.88,31.089,30.767,31.024,112035.0
2022-01-13,30.96,31.169,30.767,30.815,129683.0
2022-01-14,30.687,30.96,30.301,30.381,151301.0
2022-01-17,30.751,31.571,30.735,31.105,244014.0
2022-01-18,31.201,31.378,30.783,30.96,147631.0
2022-01-19,31.008,31.105,30.606,30.815,115610.0
2022-01-20,30.703,31.121,30.574,30.606,115908.0
2022-01-21,30.574,30.574,29.835,29.899,187409.0
2022-01-24,29.851,29.979,29.577,29.883,78091.0
2022-01-25,29.883,29.995,29.384,29.384,108964.0
2022-01-26,29.4,29.545,29.191,29.368,67928.0
2022-01-27,29.352,29.481,28.194,28.323,154398.0
2022-01-28,28.5,28.677,28.275,28.548,79272.0
2022-02-07,28.838,29.047,28.612,28.982,89463.0
2022-02-08,28.966,29.4,28.902,29.384,94531.0
2022-02-09,29.4,29.835,29.207,29.513,175004.0
2022-02-10,29.497,29.786,29.416,29.706,107664.0
2022-02-11,29.577,29.706,29.159,29.304,140052.0
2022-02-14,29.223,29.433,29.143,29.288,129986.0
2022-02-15,29.256,29.352,29.111,29.288,61091.0
2022-02-16,29.304,29.416,29.175,29.416,78826.0
2022-02-17,29.256,29.336,29.175,29.272,66853.0
2022-02-18,29.191,29.4,29.079,29.384,70033.0
2022-02-21,29.416,30.027,29.416,29.915,159343.0
2022-02-22,29.931,30.301,29.802,30.269,200444.0
2022-02-23,31.121,31.217,30.027,30.108,330971.0
2022-02-24,30.269,31.571,30.22,31.153,721581.0
2022-02-25,30.59,31.024,30.027,30.703,404666.0
2022-02-28,30.912,31.539,30.542,30.831,397765.0
2022-03-01,30.751,31.137,30.397,31.121,291885.0
2022-03-02,31.394,32.021,31.137,31.443,442349.0
2022-03-03,31.426,31.861,31.169,31.748,391772.0
2022-03-04,31.796,32.295,31.426,31.716,367399.0
2022-03-07,32.198,32.279,31.153,31.555,382535.0
2022-03-08,30.831,31.089,30.413,30.462,304596.0
2022-03-09,30.429,31.443,29.191,30.992,391730.0
2022-03-10,30.622,30.912,30.285,30.478,257985.0
2022-03-11,30.397,31.748,30.285,31.33,623139.0
2022-03-14,30.992,31.635,30.429,30.446,378817.0
2022-03-15,30.172,30.381,28.548,28.564,515242.0
2022-03-16,28.982,28.982,27.197,28.387,483045.0
2022-03-17,28.387,29.111,28.098,28.612,339371.0
2022-03-18,28.596,29.529,28.403,29.32,317680.0
2022-03-21,29.545,31.539,29.433,31.539,740318.0
2022-03-22,31.957,32.439,31.25,31.443,984803.0
2022-03-23,31.298,31.555,30.848,30.864,505672.0
2022-03-24,30.992,31.362,30.751,30.96,579673.0
2022-03-25,30.992,33.147,30.767,32.118,1148652.0
2022-03-28,32.6,33.002,31.603,32.504,963809.0
2022-03-29,32.086,33.115,31.812,32.504,811093.0
2022-03-30,31.346,32.054,31.169,31.716,708889.0
2022-03-31,31.587,32.086,31.282,31.539,463250.0
2022-04-01,31.716,31.925,31.217,31.362,386275.0
2022-04-06,31.314,32.182,31.137,31.941,531951.0
2022-04-07,31.941,32.214,31.233,31.957,512149.0
2022-04-08,31.973,31.973,30.928,31.426,387862.0
2022-04-11,31.668,33.372,31.619,32.568,985288.0
2022-04-12,32.037,32.6,31.796,32.263,509217.0
2022-04-13,32.198,33.726,32.054,32.922,846295.0
2022-04-14,32.552,33.453,32.263,33.276,577660.0
2022-04-15,33.083,33.324,32.327,32.52,492138.0
2022-04-18,32.375,33.163,32.279,32.681,449806.0
2022-04-19,32.552,33.34,32.021,33.163,547979.0
2022-04-20,32.922,34.321,32.632,33.227,788837.0
2022-04-21,32.922,33.999,30.992,31.764,730415.0
2022-04-22,31.298,31.298,29.802,30.381,489392.0
2022-04-25,29.915,30.751,29.143,29.336,460875.0
2022-04-26,29.336,29.545,27.889,28.05,438110.0
2022-04-27,28.098,29.336,27.551,29.304,427806.0
2022-04-28,29.063,29.658,28.87,29.4,339887.0
2022-04-29,29.625,29.995,29.288,29.835,344683.0
2022-05-05,29.851,31.169,29.835,30.896,451424.0
2022-05-06,30.349,31.169,30.156,30.848,321226.0
2022-05-09,30.783,31.153,30.478,30.928,271397.0
2022-05-10,30.59,31.25,30.044,31.233,335109.0
2022-05-11,31.121,31.298,30.751,30.864,347474.0
2022-05-12,30.671,31.057,30.22,30.446,231180.0
2022-05-13,30.751,31.716,30.639,31.298,482648.0
2022-05-16,32.713,33.694,31.957,33.083,860736.0
2022-05-17,33.083,33.131,32.311,32.697,502144.0
2022-05-18,32.665,33.002,32.279,32.439,349288.0
2022-05-19,32.295,33.292,32.182,32.777,479608.0
2022-05-20,32.568,33.034,32.327,32.906,391269.0
2022-05-23,32.761,33.645,32.568,33.131,527603.0
2022-05-24,33.099,33.26,32.279,32.391,407393.0
2022-05-25,32.6,32.632,32.198,32.552,234207.0
2022-05-26,32.391,32.697,31.925,32.536,238190.0
2022-05-27,32.456,32.89,32.23,32.552,272210.0
2022-05-30,33.163,33.871,33.002,33.099,541668.0
2022-05-31,32.922,35.623,32.777,34.851,1039735.0
2022-06-01,34.401,34.53,33.838,33.999,604775.0
2022-06-02,34.031,34.305,33.613,34.015,468013.0
2022-06-06,33.967,33.967,33.276,33.838,422960.0
2022-06-07,33.758,33.79,32.6,32.793,597201.0
2022-06-08,32.906,32.97,32.327,32.841,364315.0
2022-06-09,32.922,33.26,32.439,32.858,387168.0
2022-06-10,32.456,33.002,32.134,32.858,332546.0
2022-06-13,32.536,33.051,32.488,32.906,272648.0
2022-06-14,32.681,32.986,32.198,32.825,313927.0
2022-06-15,32.825,33.179,32.632,32.809,379974.0
2022-06-16,32.777,33.034,32.488,32.536,322528.0
2022-06-17,32.359,32.423,31.635,32.247,412496.0
2022-06-20,32.118,32.359,32.086,32.263,227633.0
2022-06-21,32.295,32.359,31.635,31.78,248451.0
2022-06-22,31.796,32.005,31.362,31.603,211208.0
2022-06-23,31.635,31.78,31.282,31.764,197024.0
2022-06-24,31.619,31.828,31.523,31.764,198367.0
2022-06-27,31.796,31.925,31.619,31.845,252125.0
2022-06-28,31.828,31.861,31.475,31.845,194423.0
2022-06-29,31.861,32.15,31.635,31.652,279960.0
2022-06-30,31.571,31.7,31.426,31.571,206951.0
2022-07-01,31.796,31.893,31.555,31.571,165015.0
2022-07-04,31.555,31.957,31.555,31.925,242217.0
2022-07-05,31.845,31.925,31.346,31.523,224605.0
2022-07-06,31.378,31.378,30.429,30.526,312698.0
2022-07-07,30.59,30.751,30.413,30.639,126631.0
2022-07-08,30.703,30.831,30.59,30.719,125788.0
2022-07-11,30.944,30.992,30.687,30.928,138007.0
2022-07-12,30.896,30.896,30.365,30.429,149325.0
2022-07-13,30.349,30.639,30.076,30.526,112391.0
2022-07-14,30.494,30.655,30.285,30.494,95193.0
2022-07-15,30.51,30.558,29.915,29.947,129995.0
2022-07-18,30.044,30.413,30.044,30.397,95892.0
2022-07-19,30.462,30.526,30.22,30.526,94485.0
2022-07-20,30.59,30.655,30.478,30.606,98794.0
2022-07-21,30.606,30.606,30.301,30.349,85644.0
2022-07-22,30.253,30.365,29.995,30.156,107271.0
2022-07-25,30.156,30.237,29.995,30.06,80732.0
2022-07-26,30.06,30.269,29.979,30.269,79433.0
2022-07-27,30.333,30.526,30.269,30.446,106574.0
2022-07-28,30.494,30.542,30.317,30.397,99045.0
2022-07-29,30.446,30.494,30.317,30.397,87471.0
2022-08-01,30.349,30.365,29.995,30.14,94677.0
2022-08-02,30.188,31.073,30.108,30.864,442642.0
2022-08-03,30.349,30.912,30.044,30.51,238451.0
2022-08-04,30.494,30.494,30.027,30.237,175628.0
2022-08-05,30.237,30.333,30.06,30.333,125206.0
2022-08-08,30.269,30.397,30.188,30.269,109853.0
2022-08-09,30.285,30.301,30.076,30.108,116560.0
2022-08-10,30.044,30.22,29.947,29.995,103468.0
2022-08-11,29.979,30.204,29.979,30.188,117901.0
2022-08-12,30.204,30.269,30.124,30.204,104367.0
2022-08-15,30.51,31.057,30.494,30.815,388682.0
2022-08-16,30.687,30.896,30.558,30.815,179812.0
2022-08-17,30.912,31.346,30.751,31.298,340529.0
2022-08-18,31.314,31.314,30.848,31.008,190878.0
2022-08-19,31.024,31.266,30.864,30.912,190750.0
2022-08-22,31.298,31.973,31.233,31.684,410241.0
2022-08-23,31.635,31.925,31.362,31.764,265410.0
2022-08-24,32.118,32.536,31.732,31.812,539418.0
2022-08-25,31.861,32.037,31.507,31.909,329554.0
2022-08-26,31.828,32.086,31.539,31.957,292281.0
2022-08-29,31.764,32.375,31.652,32.343,335789.0
2022-08-30,32.279,32.359,31.684,32.15,278820.0
2022-08-31,31.893,31.973,31.266,31.443,278567.0
2022-09-01,31.475,32.311,31.459,31.764,268945.0
2022-09-02,31.652,32.118,31.652,31.877,211766.0
2022-09-05,31.828,32.198,31.555,32.134,230392.0
2022-09-06,32.166,32.327,32.021,32.214,234786.0
2022-09-07,32.07,32.182,31.861,32.021,177290.0
2022-09-08,32.037,32.15,31.603,31.652,184870.0
2022-09-09,31.845,31.877,31.378,31.603,132250.0
2022-09-13,31.877,32.263,31.812,31.957,267971.0
2022-09-14,31.652,31.925,31.571,31.684,142743.0
2022-09-15,31.7,31.796,30.928,31.217,213243.0
2022-09-16,31.153,31.394,30.815,30.864,154891.0
2022-09-19,30.606,30.88,30.333,30.478,168331.0
2022-09-20,30.639,30.864,30.478,30.526,100411.0
2022-09-21,30.51,30.687,30.365,30.606,112040.0
2022-09-22,30.446,30.815,30.397,30.622,138945.0
2022-09-23,30.622,30.622,29.979,30.14,178071.0
2022-09-26,30.011,30.06,29.063,29.223,199954.0
2022-09-27,29.207,29.545,29.159,29.545,106667.0
2022-09-28,29.384,29.577,29.031,29.063,115791.0
2022-09-29,29.143,29.4,28.886,29.063,90395.0
2022-09-30,29.191,29.368,28.982,29.24,92324.0
2022-10-10,29.336,29.609,28.805,28.998,147462.0
2022-10-11,28.998,29.143,28.645,29.143,114654.0
2022-10-12,28.998,29.4,28.789,29.4,136191.0
2022-10-13,29.223,30.06,29.143,29.738,194833.0
2022-10-14,29.835,29.979,29.722,29.915,156308.0
2022-10-17,29.915,30.092,29.77,30.044,127131.0
2022-10-18,30.076,30.108,29.722,29.77,130761.0
2022-10-19,29.786,29.818,29.433,29.497,119122.0
2022-10-20,29.481,29.545,29.143,29.256,119402.0
2022-10-21,29.32,29.449,29.127,29.256,93774.0
2022-10-24,29.223,29.561,28.854,28.918,161048.0
2022-10-25,28.87,28.998,28.452,28.757,142932.0
2022-10-26,29.384,29.915,29.24,29.545,281613.0
2022-10-27,29.384,29.738,29.336,29.658,166043.0
2022-10-28,29.658,29.963,29.384,29.481,252638.0
2022-10-31,29.786,30.269,29.754,30.027,256769.0
2022-11-01,29.899,30.397,29.899,30.285,250731.0
2022-11-02,30.124,30.558,30.027,30.301,234576.0
2022-11-03,30.237,30.96,30.188,30.799,252492.0
2022-11-04,30.671,30.848,30.59,30.799,184548.0
2022-11-07,30.671,30.928,30.429,30.799,176591.0
2022-11-08,30.687,30.96,30.671,30.848,137364.0
2022-11-09,30.831,31.073,30.735,30.864,139096.0
2022-11-10,30.799,31.121,30.639,30.976,154430.0
2022-11-11,31.073,31.652,31.073,31.217,249432.0
2022-11-14,31.169,31.41,31.057,31.169,150267.0
2022-11-15,31.041,31.41,31.024,31.153,128353.0
2022-11-16,31.153,31.523,30.992,31.33,140358.0
2022-11-17,31.33,31.394,31.041,31.25,94090.0
2022-11-18,31.153,31.282,30.831,30.896,126078.0
2022-11-21,30.88,31.153,30.558,31.105,120010.0
2022-11-22,31.024,31.089,30.687,30.815,75162.0
2022-11-23,30.751,30.992,30.719,30.864,77329.0
2022-11-24,30.848,31.33,30.799,30.928,97375.0
2022-11-25,30.896,31.233,30.815,31.137,88006.0
2022-11-28,30.88,31.716,30.687,31.539,246545.0
2022-11-29,31.491,31.668,31.41,31.523,148121.0
2022-11-30,31.475,31.828,31.137,31.314,205670.0
2022-12-01,31.362,31.635,31.314,31.426,134317.0
2022-12-02,31.41,31.571,31.153,31.378,107892.0
2022-12-05,31.394,31.748,31.378,31.668,176480.0
2022-12-06,31.635,31.989,31.475,31.603,183218.0
2022-12-07,31.41,31.925,31.394,31.78,153918.0
2022-12-08,31.748,31.812,30.944,31.057,165234.0
2022-12-09,30.992,31.137,30.703,31.121,103706.0
2022-12-12,30.912,31.282,30.912,31.041,97859.0
2022-12-13,31.057,31.233,30.831,31.185,98889.0
2022-12-14,31.089,31.233,30.88,30.992,73156.0
2022-12-15,31.057,31.217,30.767,30.928,93601.0
2022-12-16,30.815,30.96,30.574,30.96,99503.0
2022-12-19,30.96,30.96,30.156,30.204,118490.0
2022-12-20,30.301,30.381,29.738,29.867,98092.0
2022-12-21,29.867,30.269,29.818,29.995,81016.0
2022-12-22,30.301,30.317,29.899,30.027,72100.0
2022-12-23,29.883,30.076,29.625,29.802,60810.0
2022-12-26,30.204,30.494,29.625,29.883,228660.0
2022-12-27,29.738,30.719,29.609,30.703,224431.0
2022-12-28,30.349,30.349,29.722,29.786,235210.0
2022-12-29,29.642,29.947,29.529,29.802,120545.0
2022-12-30,29.867,30.011,29.706,29.963,84899.0
2023-01-03,29.963,30.108,29.706,30.06,116030.0
2023-01-04,30.06,30.156,29.931,30.011,100963.0
2023-01-05,30.108,30.14,29.915,30.124,99533.0
2023-01-06,30.108,30.156,29.995,30.076,86150.0
2023-01-09,30.092,30.188,30.027,30.14,102564.0
2023-01-10,30.156,30.204,29.947,30.108,82390.0
2023-01-11,30.027,30.108,29.835,29.851,85233.0
2023-01-12,29.835,29.931,29.706,29.818,64941.0
2023-01-13,29.835,29.947,29.802,29.915,60396.0
2023-01-16,29.963,30.285,29.867,30.204,165053.0
2023-01-17,30.237,30.253,30.06,30.14,82013.0
2023-01-18,30.204,30.269,30.06,30.188,75120.0
2023-01-19,30.14,30.285,30.076,30.269,70838.0
2023-01-20,30.301,30.542,30.301,30.51,137429.0
2023-01-30,30.751,30.799,30.494,30.558,153304.0
2023-01-31,30.51,30.671,30.429,30.542,135411.0
2023-02-01,30.526,30.719,30.478,30.703,157769.0
2023-02-02,30.719,30.928,30.655,30.864,151727.0
2023-02-03,30.88,30.88,30.462,30.751,148782.0
2023-02-06,30.703,30.751,30.558,30.671,104126.0
2023-02-07,30.703,30.799,30.606,30.783,113900.0
2023-02-08,30.703,30.767,30.429,30.478,96847.0
2023-02-09,30.429,30.719,30.397,30.703,89732.0
2023-02-10,30.719,31.057,30.655,30.928,178172.0
2023-02-13,30.96,31.089,30.848,30.976,175455.0
2023-02-14,31.153,31.217,30.606,30.655,363666.0
2023-02-15,30.671,30.799,30.606,30.639,147014.0
2023-02-16,30.639,30.703,30.06,30.172,232097.0
2023-02-17,30.285,30.526,30.204,30.22,166660.0
2023-02-20,30.22,30.381,30.124,30.349,189636.0
2023-02-21,30.349,30.542,30.317,30.494,163458.0
2023-02-22,30.494,30.606,30.429,30.542,143023.0
2023-02-23,30.542,30.751,30.478,30.655,175183.0
2023-02-24,30.687,30.703,30.462,30.639,107145.0
2023-02-27,30.639,30.88,30.542,30.735,173938.0
2023-02-28,30.639,30.767,30.574,30.735,104254.0
2023-03-01,30.703,30.815,30.639,30.815,132782.0
2023-03-02,30.831,30.992,30.767,30.912,170297.0
2023-03-03,30.896,30.928,30.751,30.88,169022.0
2023-03-06,30.896,31.314,30.831,31.121,300276.0
2023-03-07,31.041,31.105,30.542,30.59,225657.0
2023-03-08,30.542,30.928,30.462,30.831,146978.0
2023-03-09,30.896,30.912,30.462,30.542,131047.0
2023-03-10,30.494,30.687,30.429,30.526,114588.0
2023-03-13,30.494,30.703,30.237,30.671,144290.0
2023-03-14,30.622,31.041,30.558,30.59,215604.0
2023-03-15,30.59,31.153,30.574,30.831,179200.0
2023-03-16,30.944,31.057,30.639,30.655,195058.0
2023-03-17,30.799,30.864,30.639,30.799,167952.0
2023-03-20,30.831,30.848,30.301,30.333,249194.0
2023-03-21,30.333,30.896,30.285,30.799,253685.0
2023-03-22,30.848,30.928,30.735,30.848,150198.0
2023-03-23,30.783,30.944,30.719,30.928,112696.0
2023-03-24,30.944,30.944,30.639,30.703,129111.0
2023-03-27,30.703,30.928,30.606,30.751,121326.0
2023-03-28,30.671,30.815,30.51,30.606,112501.0
2023-03-29,30.59,30.655,30.172,30.237,165341.0
2023-03-30,30.22,30.22,29.24,29.416,396125.0
2023-03-31,29.384,29.513,29.368,29.416,168267.0
2023-04-03,29.4,29.529,29.352,29.433,155251.0
2023-04-04,29.433,29.513,29.288,29.384,155551.0
2023-04-06,29.352,29.368,29.24,29.272,118339.0
2023-04-07,29.272,29.368,29.256,29.368,77020.0
2023-04-10,29.384,29.433,29.288,29.352,96734.0
2023-04-11,29.384,29.416,29.272,29.384,79136.0
2023-04-12,29.368,29.433,29.272,29.288,108595.0
2023-04-13,29.272,29.272,29.111,29.143,111298.0
2023-04-14,29.143,29.191,29.063,29.127,80553.0
2023-04-17,29.127,29.24,29.047,29.24,105913.0
2023-04-18,29.272,29.352,29.24,29.352,95330.0
2023-04-19,29.352,29.352,29.191,29.223,78425.0
2023-04-20,29.256,29.32,29.223,29.288,74015.0
2023-04-21,29.304,29.4,29.207,29.24,114254.0
2023-04-24,29.223,29.24,28.741,28.87,113839.0
2023-04-25,28.87,28.95,28.661,28.789,85439.0
2023-04-26,28.805,29.111,28.725,28.982,73387.0
2023-04-27,29.465,29.497,29.272,29.352,140302.0
2023-04-28,29.352,29.722,29.352,29.658,174806.0
2023-05-04,29.658,29.963,29.577,29.947,189791.0
2023-05-05,29.899,29.899,29.625,29.835,123519.0
2023-05-08,29.835,29.995,29.738,29.979,123041.0
2023-05-09,29.979,30.365,29.851,30.06,191029.0
2023-05-10,30.076,30.14,29.899,29.963,106540.0
2023-05-11,29.899,30.044,29.818,29.851,83677.0
2023-05-12,29.915,30.011,29.722,29.786,69706.0
2023-05-15,29.963,30.172,29.867,30.156,122786.0
2023-05-16,30.172,30.253,29.947,30.156,77050.0
2023-05-17,30.156,30.285,30.06,30.092,67244.0
2023-05-18,30.076,30.237,30.027,30.076,59897.0
2023-05-19,30.108,30.429,29.963,30.349,123776.0
2023-05-22,30.349,30.51,30.285,30.349,89396.0
2023-05-23,30.365,30.494,30.172,30.172,87071.0
2023-05-24,30.092,30.237,29.915,29.979,96173.0
2023-05-25,30.011,30.124,29.658,29.899,98454.0
2023-05-26,29.947,30.188,29.818,30.124,66947.0
2023-05-29,30.237,30.462,30.076,30.22,90694.0
2023-05-30,30.108,30.204,29.867,30.076,71606.0
2023-05-31,30.06,30.156,29.947,30.011,69314.0
2023-06-01,30.011,30.108,29.883,30.092,58706.0
2023-06-02,30.092,30.124,29.963,30.06,62971.0
2023-06-05,30.076,30.108,29.963,30.092,54857.0
2023-06-06,30.06,30.076,29.722,29.738,73334.0
2023-06-07,29.754,29.915,29.738,29.899,38068.0
2023-06-08,30.011,30.462,29.947,30.269,148504.0
2023-06-09,30.253,30.365,30.14,30.365,103954.0
2023-06-12,30.413,30.767,30.365,30.429,153988.0
2023-06-13,30.478,30.478,30.269,30.365,69006.0
2023-06-14,30.381,30.51,30.253,30.285,63287.0
2023-06-15,30.301,30.301,30.06,30.285,72911.0
2023-06-16,30.285,30.446,30.22,30.381,69782.0
2023-06-19,30.397,30.542,30.156,30.156,68225.0
2023-06-20,30.172,30.22,29.899,29.947,77969.0
2023-06-21,29.899,30.044,29.818,29.835,56705.0
2023-06-26,29.835,29.883,29.465,29.513,89115.0
2023-06-27,29.593,29.754,29.545,29.69,47208.0
2023-06-28,29.658,29.851,29.577,29.835,63128.0
2023-06-29,29.77,30.108,29.77,29.851,65643.0
2023-06-30,29.915,30.076,29.851,29.947,68645.0
2023-07-03,30.011,30.253,30.011,30.22,106348.0
2023-07-04,30.204,30.349,30.108,30.301,74423.0
2023-07-05,30.333,30.397,30.22,30.237,54637.0
2023-07-06,30.253,30.51,30.22,30.381,96455.0
2023-07-07,30.333,30.719,30.301,30.639,158056.0
2023-07-10,30.639,30.783,30.494,30.639,101145.0
2023-07-11,30.687,30.751,30.59,30.703,88227.0
2023-07-12,30.703,30.735,30.51,30.606,71121.0
2023-07-13,30.639,30.735,30.59,30.639,74390.0
2023-07-14,30.735,30.767,30.622,30.655,90990.0
2023-07-17,30.735,30.944,30.639,30.88,119130.0
2023-07-18,31.024,31.089,30.831,30.96,135647.0
2023-07-19,30.912,31.378,30.896,31.233,194756.0
2023-07-20,31.362,31.443,30.896,30.928,128231.0
2023-07-21,31.024,31.571,31.024,31.378,195657.0
2023-07-24,31.266,31.33,30.976,31.089,112147.0
2023-07-25,31.185,31.314,30.896,31.024,123155.0
2023-07-26,31.024,31.024,30.767,30.992,105874.0
2023-07-27,30.896,30.976,30.751,30.783,78587.0
2023-07-28,30.831,31.008,30.735,30.96,83447.0
2023-07-31,31.426,32.263,31.41,32.15,471538.0
2023-08-01,32.005,32.118,31.603,31.684,278750.0
2023-08-02,31.652,31.684,31.314,31.394,142092.0
2023-08-03,31.346,31.507,31.266,31.459,141643.0
2023-08-04,31.459,31.603,31.169,31.217,158238.0
2023-08-07,31.233,31.957,31.233,31.587,360252.0
2023-08-08,31.443,31.652,31.25,31.523,166700.0
2023-08-09,31.507,31.619,31.298,31.346,114121.0
2023-08-10,31.539,31.748,31.378,31.555,134395.0
2023-08-11,31.539,31.539,31.024,31.089,164218.0
2023-08-14,30.928,31.169,30.703,31.153,110999.0
2023-08-15,31.169,31.25,30.848,30.992,90369.0
2023-08-16,30.992,31.153,30.912,30.992,67885.0
2023-08-17,30.896,31.185,30.751,31.185,83616.0
2023-08-18,31.153,31.217,30.88,30.88,69892.0
2023-08-21,30.783,31.073,30.671,30.687,84226.0
2023-08-22,30.719,30.88,30.397,30.671,98767.0
2023-08-23,30.606,30.767,30.478,30.526,60759.0
2023-08-24,30.542,30.864,30.446,30.799,77849.0
2023-08-25,30.767,31.137,30.639,30.831,117346.0
2023-08-28,31.555,31.652,30.574,30.735,228424.0
2023-08-29,30.542,30.751,30.413,30.687,217849.0
2023-08-30,30.558,30.671,30.188,30.22,184013.0
2023-08-31,30.22,30.317,30.027,30.092,111240.0
2023-09-01,30.076,30.317,30.076,30.269,85228.0
2023-09-04,30.269,30.783,30.253,30.767,187656.0
2023-09-05,30.719,30.719,30.462,30.478,97924.0
2023-09-06,30.478,30.51,30.22,30.285,84977.0
2023-09-07,30.285,30.349,30.06,30.092,87387.0
2023-09-08,30.06,30.14,29.802,29.931,91179.0
2023-09-11,30.204,30.687,30.172,30.494,205343.0
2023-09-12,30.413,30.574,30.317,30.349,85968.0
2023-09-13,30.365,30.51,30.06,30.108,91842.0
2023-09-14,30.156,30.204,30.011,30.108,70853.0
2023-09-15,30.14,30.269,30.076,30.14,74561.0
2023-09-18,30.108,30.156,29.947,30.124,61555.0
2023-09-19,30.06,30.14,29.995,30.108,53610.0
2023-09-20,30.124,30.317,30.06,30.124,82534.0
2023-09-21,30.108,30.124,29.867,29.883,105884.0
2023-09-22,29.867,30.044,29.851,30.027,67433.0
2023-09-25,29.995,30.188,29.947,30.011,69845.0
2023-09-26,30.011,30.027,29.915,29.947,48835.0
2023-09-27,29.915,29.995,29.851,29.851,67633.0
2023-09-28,29.883,29.899,29.609,29.674,132977.0
2023-10-09,29.674,29.722,29.561,29.69,84595.0
2023-10-10,29.69,29.77,29.658,29.738,63794.0
2023-10-11,29.738,29.754,29.561,29.577,91605.0
2023-10-12,29.658,29.754,29.609,29.69,66862.0
2023-10-13,29.658,29.674,29.481,29.561,85909.0
2023-10-16,29.625,29.754,29.577,29.69,94959.0
2023-10-17,29.658,29.722,29.529,29.593,62150.0
2023-10-18,29.593,29.883,29.561,29.722,187247.0
2023-10-19,29.706,29.706,28.805,28.854,238781.0
2023-10-20,28.741,28.998,28.371,28.87,116824.0
2023-10-23,28.789,28.902,28.291,28.403,101734.0
2023-10-24,28.419,28.564,28.227,28.516,71960.0
2023-10-25,28.757,28.95,28.661,28.725,91182.0
2023-10-26,28.612,28.725,28.468,28.677,86587.0
2023-10-27,28.564,28.886,28.564,28.821,128834.0
2023-10-30,29.095,29.272,28.982,28.998,134052.0
2023-10-31,28.934,29.111,28.902,28.998,79706.0
2023-11-01,29.014,29.095,28.87,28.95,75071.0
2023-11-02,28.934,29.031,28.693,28.693,93269.0
2023-11-03,28.757,28.87,28.612,28.773,79696.0
2023-11-06,28.789,28.934,28.741,28.902,86520.0
2023-11-07,28.886,28.886,28.741,28.805,76187.0
2023-11-08,28.773,28.805,28.612,28.693,88552.0
2023-11-09,28.677,28.757,28.596,28.645,73199.0
2023-11-10,28.612,28.629,28.5,28.58,52076.0
2023-11-13,28.596,28.741,28.5,28.741,83320.0
2023-11-14,28.709,28.821,28.661,28.693,64660.0
2023-11-15,28.805,28.838,28.693,28.805,85632.0
2023-11-16,28.789,28.838,28.677,28.693,56351.0
2023-11-17,28.629,28.725,28.596,28.645,49021.0
2023-11-20,28.661,28.757,28.596,28.757,71406.0
2023-11-21,28.757,28.821,28.709,28.709,74730.0
2023-11-22,28.693,28.821,28.629,28.629,52870.0
2023-11-23,28.629,28.693,28.564,28.677,55194.0
2023-11-24,28.693,28.821,28.645,28.709,76843.0
2023-11-27,28.741,28.821,28.661,28.789,79409.0
2023-11-28,28.773,28.773,28.58,28.709,71210.0
2023-11-29,28.709,28.805,28.629,28.709,70355.0
2023-11-30,28.693,28.805,28.564,28.805,94875.0
2023-12-01,28.757,28.821,28.693,28.805,70493.0
2023-12-04,28.773,28.821,28.709,28.773,72753.0
2023-12-05,28.757,28.95,28.661,28.661,111317.0
2023-12-06,28.612,28.902,28.484,28.854,109071.0
2023-12-07,28.789,28.838,28.58,28.693,70685.0
2023-12-08,28.709,28.725,27.567,27.599,288526.0
2023-12-11,27.599,28.13,27.519,28.082,155015.0
2023-12-12,28.066,28.291,28.05,28.194,78026.0
2023-12-13,28.227,28.227,27.969,27.969,60306.0
2023-12-14,27.937,28.114,27.937,27.985,40819.0
2023-12-15,27.985,28.05,27.825,27.857,51871.0
2023-12-18,27.841,27.905,27.648,27.696,62007.0
2023-12-19,27.648,27.776,27.615,27.696,39844.0
2023-12-20,27.696,27.857,27.535,27.535,54540.0
2023-12-21,27.567,27.632,27.133,27.519,99934.0
2023-12-22,27.471,27.615,27.31,27.519,70100.0
2023-12-25,27.487,27.519,27.31,27.342,44713.0
2023-12-26,27.294,27.439,27.278,27.374,46845.0
2023-12-27,27.406,27.551,27.262,27.551,50943.0
2023-12-28,27.487,27.808,27.455,27.744,75327.0
2023-12-29,27.728,27.792,27.68,27.76,62739.0
2024-01-02,27.744,28.034,27.712,27.889,64954.0
2024-01-03,27.873,27.953,27.825,27.889,42005.0
2024-01-04,27.937,27.953,27.696,27.841,49028.0
2024-01-05,27.873,27.873,27.648,27.712,53696.0
2024-01-08,27.68,27.728,27.278,27.294,67345.0
2024-01-09,27.262,27.406,27.181,27.326,50872.0
2024-01-10,27.294,27.455,27.213,27.423,46359.0
2024-01-11,27.39,27.664,27.342,27.535,55626.0
2024-01-12,27.535,27.728,27.471,27.503,36904.0
2024-01-15,27.615,27.615,27.455,27.519,37356.0
2024-01-16,27.487,27.696,27.294,27.471,60108.0
2024-01-17,27.471,27.471,27.165,27.165,56608.0
2024-01-18,27.165,27.197,26.458,26.908,109776.0
2024-01-19,26.844,27.053,26.779,26.94,47147.0
2024-01-22,26.86,26.908,26.088,26.217,86471.0
2024-01-23,26.217,26.49,25.943,26.442,56322.0
2024-01-24,26.522,26.795,26.249,26.763,68082.0
2024-01-25,26.779,27.439,26.699,27.374,118399.0
2024-01-26,27.326,27.664,27.294,27.439,71400.0
2024-01-29,27.423,27.567,27.23,27.294,74681.0
2024-01-30,27.197,27.567,27.117,27.165,79898.0
2024-01-31,27.037,27.262,26.699,26.811,83270.0
2024-02-01,26.715,27.053,26.619,26.715,62415.0
2024-02-02,26.747,27.294,26.377,26.779,122967.0
2024-02-05,26.795,27.117,26.12,26.892,179760.0
2024-02-06,26.763,27.744,26.522,27.68,178693.0
2024-02-07,27.615,28.371,27.455,28.371,261684.0
2024-02-08,28.387,28.773,28.21,28.291,227755.0
2024-02-19,28.419,28.419,28.034,28.178,175163.0
2024-02-20,28.146,28.259,28.05,28.194,93444.0
2024-02-21,28.13,28.436,28.098,28.21,131225.0
2024-02-22,28.146,28.419,28.13,28.291,101453.0
2024-02-23,28.307,28.323,28.082,28.227,101076.0
2024-02-26,28.21,28.275,28.034,28.098,109643.0
2024-02-27,28.098,28.21,28.001,28.194,118311.0
2024-02-28,28.21,28.612,28.082,28.387,231224.0
2024-02-29,28.13,28.564,28.066,28.5,232557.0
2024-03-01,28.323,28.371,28.178,28.275,164184.0
2024-03-04,28.21,28.291,28.066,28.178,136611.0
2024-03-05,28.178,28.323,28.098,28.194,122725.0
2024-03-06,28.194,28.259,28.098,28.114,94978.0
2024-03-07,28.066,28.243,28.05,28.05,127930.0
2024-03-08,28.034,28.13,27.889,28.017,124688.0
2024-03-11,27.905,28.162,27.905,28.162,91972.0
2024-03-12,28.114,28.275,28.082,28.259,121458.0
2024-03-13,28.403,28.468,28.001,28.034,152094.0
2024-03-14,27.937,28.114,27.937,27.985,78180.0
2024-03-15,28.066,28.146,27.969,28.146,83457.0
2024-03-18,28.146,28.227,28.082,28.227,98061.0
2024-03-19,28.21,28.484,28.178,28.403,192606.0
2024-03-20,28.436,28.484,28.227,28.371,88450.0
2024-03-21,28.355,28.709,28.339,28.645,170449.0
2024-03-22,28.532,28.612,28.034,28.066,142289.0
2024-03-25,28.066,28.21,27.937,27.953,91659.0
2024-03-26,27.953,28.05,27.68,27.873,95040.0
2024-03-27,27.873,28.017,27.776,27.776,87677.0
2024-03-28,27.76,28.001,27.744,27.889,77286.0
2024-03-29,27.953,28.323,27.953,28.307,138724.0
2024-04-01,28.307,28.436,28.291,28.419,122978.0
2024-04-02,28.419,28.468,28.194,28.259,89480.0
2024-04-03,28.275,28.773,28.227,28.741,182060.0
2024-04-08,28.709,29.32,28.693,28.918,255698.0
2024-04-09,28.918,29.143,28.612,29.079,164577.0
2024-04-10,28.95,29.191,28.773,28.918,137342.0
2024-04-11,28.805,29.127,28.757,29.047,132151.0
2024-04-12,29.031,29.031,28.725,28.838,105436.0
2024-04-15,28.934,29.384,28.838,29.095,182012.0
2024-04-16,29.095,29.642,28.918,28.95,283674.0
2024-04-17,28.918,29.256,28.87,29.24,173472.0
2024-04-18,29.175,29.529,29.014,29.272,155605.0
2024-04-19,29.207,29.851,29.111,29.77,314929.0
2024-04-22,29.77,29.915,29.497,29.529,204337.0
2024-04-23,29.577,29.658,29.24,29.336,161228.0
2024-04-24,29.32,29.4,28.966,29.304,164963.0
2024-04-25,29.175,29.24,29.031,29.143,99480.0
2024-04-26,29.031,29.32,29.031,29.272,134901.0
2024-04-29,29.191,29.433,29.175,29.4,143598.0
2024-04-30,29.449,29.818,29.449,29.545,196397.0
2024-05-06,29.706,30.156,29.658,30.14,230944.0
2024-05-07,30.14,30.22,29.947,30.027,166795.0
2024-05-08,30.027,30.317,29.931,30.172,129181.0
2024-05-09,30.22,30.622,30.124,30.51,165434.0
2024-05-10,30.526,30.719,30.349,30.446,157642.0
2024-05-13,30.429,30.622,30.253,30.413,107819.0
2024-05-14,30.51,30.783,30.397,30.574,155521.0
2024-05-15,30.51,30.574,30.188,30.22,109711.0
2024-05-16,30.301,30.446,30.124,30.188,116162.0
2024-05-17,30.156,30.333,30.076,30.269,92345.0
2024-05-20,30.365,30.494,30.14,30.446,139137.0
2024-05-21,30.462,30.59,30.253,30.333,104712.0
2024-05-22,30.333,30.349,30.108,30.204,69739.0
2024-05-23,30.172,30.172,29.738,29.851,121238.0
2024-05-24,30.124,30.172,29.867,29.899,113564.0
2024-05-27,30.06,30.237,29.979,30.204,101540.0
2024-05-28,30.285,30.301,30.027,30.14,81176.0
2024-05-29,30.172,30.301,30.011,30.011,66850.0
2024-05-30,29.883,30.317,29.867,29.979,68987.0
2024-05-31,30.011,30.317,29.947,30.092,103117.0
2024-06-03,30.044,30.172,29.883,30.027,110159.0
2024-06-04,29.931,30.783,29.883,30.671,178753.0
2024-06-05,30.655,31.217,30.269,30.269,185407.0
2024-06-06,30.526,30.542,29.979,30.076,138688.0
2024-06-07,30.076,30.606,30.06,30.558,127127.0
2024-06-11,30.446,30.574,30.092,30.204,134185.0
2024-06-12,30.204,30.269,29.947,30.076,108922.0
2024-06-13,29.979,30.092,29.625,29.754,118777.0
2024-06-14,29.69,30.011,29.561,29.963,103626.0
2024-06-17,29.883,30.092,29.706,29.77,78735.0
2024-06-18,29.77,29.883,29.642,29.818,62353.0
2024-06-19,29.722,29.835,29.529,29.69,75407.0
2024-06-20,29.674,29.851,29.465,29.529,67856.0
2024-06-21,29.449,29.674,29.416,29.433,78920.0
2024-06-24,29.368,29.416,28.998,29.24,92000.0
2024-06-25,29.24,29.577,29.24,29.32,80830.0
2024-06-26,29.304,29.449,29.127,29.352,82431.0
2024-06-27,29.272,29.304,28.966,29.047,101004.0
2024-06-28,29.063,29.513,29.014,29.304,90543.0
2024-07-01,29.304,30.108,29.256,30.06,140115.0
2024-07-02,30.092,30.269,29.899,30.124,116833.0
2024-07-03,30.156,30.429,29.899,29.915,97318.0
2024-07-04,29.931,30.06,29.609,29.625,79460.0
2024-07-05,29.561,29.642,29.191,29.497,79188.0
2024-07-08,29.4,29.625,29.288,29.32,73949.0
2024-07-09,29.336,29.481,28.95,29.4,108671.0
2024-07-10,29.32,29.497,29.159,29.416,70459.0
2024-07-11,29.529,29.867,29.529,29.867,99261.0
2024-07-12,29.867,29.883,29.738,29.802,60720.0
2024-07-15,29.802,29.931,29.625,29.77,66087.0
2024-07-16,29.77,29.979,29.561,29.706,91084.0
2024-07-17,29.642,29.963,29.609,29.883,80579.0
2024-07-18,29.835,30.333,29.738,30.269,142890.0
2024-07-19,30.22,30.285,29.979,30.237,122686.0
2024-07-22,30.092,30.22,29.674,29.786,120575.0
2024-07-23,29.738,29.835,29.368,29.384,96158.0
2024-07-24,29.336,29.674,29.191,29.481,100041.0
2024-07-25,29.4,29.802,29.32,29.593,108620.0
2024-07-26,29.577,29.835,29.513,29.835,83541.0
2024-07-29,29.77,29.867,29.513,29.561,78128.0
2024-07-30,29.545,29.883,29.352,29.851,102210.0
2024-07-31,29.77,30.253,29.722,30.237,144772.0
2024-08-01,30.204,30.349,30.092,30.156,101986.0
2024-08-02,30.156,30.478,30.092,30.333,123242.0
2024-08-05,30.301,30.848,30.22,30.429,192534.0
2024-08-06,30.622,30.912,30.381,30.574,155351.0
2024-08-07,30.542,30.542,30.333,30.429,88932.0
2024-08-08,30.413,30.928,30.365,30.799,122661.0
2024-08-09,30.848,31.041,30.703,30.767,105365.0
2024-08-12,30.703,30.831,30.606,30.671,80894.0
2024-08-13,30.687,30.783,30.446,30.671,75154.0
2024-08-14,30.622,30.622,30.365,30.478,56983.0
2024-08-15,30.413,30.767,30.365,30.542,73709.0
2024-08-16,30.462,30.558,30.269,30.51,61525.0
2024-08-19,30.446,30.655,30.413,30.494,70433.0
2024-08-20,30.494,30.59,30.172,30.253,68939.0
2024-08-21,30.204,30.237,29.931,30.06,68011.0
2024-08-22,30.044,30.092,29.754,29.818,68277.0
2024-08-23,29.738,29.947,29.674,29.69,66605.0
2024-08-26,29.738,30.237,29.738,30.076,112114.0
2024-08-27,30.044,30.301,29.963,30.044,72992.0
2024-08-28,30.011,30.22,29.77,30.204,79540.0
2024-08-29,30.14,30.14,29.658,29.674,158957.0
2024-08-30,29.625,30.124,29.336,29.947,179545.0
2024-09-02,29.851,30.204,29.77,30.044,153169.0
2024-09-03,29.979,30.719,29.947,30.494,165012.0
2024-09-04,30.494,30.848,30.285,30.317,152672.0
2024-09-05,30.285,30.446,30.108,30.204,91945.0
2024-09-06,30.188,30.655,30.108,30.349,116886.0
2024-09-09,30.317,30.606,30.22,30.558,140495.0
2024-09-10,30.494,30.59,29.931,30.269,145742.0
2024-09-11,30.188,30.381,29.915,30.027,100086.0
2024-09-12,29.947,30.172,29.851,30.011,94130.0
2024-09-13,29.963,30.397,29.883,30.14,130611.0
2024-09-18,30.14,30.188,29.674,29.899,105791.0
2024-09-19,29.899,30.815,29.899,30.799,201788.0
2024-09-20,30.735,30.735,30.462,30.526,121399.0
2024-09-23,30.558,30.606,29.658,29.963,277404.0
2024-09-24,29.963,30.815,29.947,30.815,265505.0
2024-09-25,31.008,31.233,30.606,30.735,230135.0
2024-09-26,30.622,31.378,30.622,31.362,214712.0
2024-09-27,31.555,31.861,31.33,31.716,237119.0
2024-09-30,32.021,33.324,31.893,33.115,649157.0
2024-10-08,35.479,35.495,32.552,33.999,826188.0
2024-10-09,33.42,33.42,32.005,32.021,474942.0
2024-10-10,32.15,32.841,31.989,32.343,310774.0
2024-10-11,32.327,32.552,31.507,31.7,238718.0
2024-10-14,31.877,32.375,31.652,32.359,247609.0
2024-10-15,32.15,32.713,32.005,32.279,254270.0
2024-10-16,32.198,33.356,32.198,32.423,350945.0
2024-10-17,32.649,32.713,31.796,31.828,253264.0
2024-10-18,31.748,32.327,31.523,32.021,314871.0
2024-10-21,32.021,32.166,31.684,31.973,268859.0
2024-10-22,31.989,32.616,31.925,32.456,295322.0
2024-10-23,32.375,32.568,32.134,32.472,247387.0
2024-10-24,32.375,32.584,32.07,32.166,173399.0
2024-10-25,32.118,32.504,32.037,32.456,206806.0
2024-10-28,32.504,33.243,32.472,33.243,401627.0
2024-10-29,33.083,33.549,32.745,33.372,449811.0
2024-10-30,33.26,34.305,33.018,34.144,517439.0
2024-10-31,34.144,34.305,33.453,34.112,419230.0
2024-11-01,33.871,34.224,33.645,33.919,269458.0
2024-11-04,33.887,34.112,33.533,33.774,187079.0
2024-11-05,33.662,34.385,33.645,34.321,259338.0
2024-11-06,34.321,35.495,34.064,35.366,464213.0
2024-11-07,35.704,35.752,34.755,35.173,411596.0
2024-11-08,35.125,35.382,34.578,34.659,407508.0
2024-11-11,34.53,34.819,34.321,34.707,235728.0
2024-11-12,34.739,34.851,33.951,34.144,233136.0
2024-11-13,33.951,34.208,33.758,33.983,151710.0
2024-11-14,33.951,33.967,33.227,33.356,224405.0
2024-11-15,33.292,33.372,32.761,32.761,175896.0
2024-11-18,32.874,33.018,32.456,32.552,162808.0
2024-11-19,32.6,33.099,32.552,33.067,172255.0
2024-11-20,32.986,33.018,32.713,32.874,170467.0
2024-11-21,32.809,32.89,32.584,32.761,130527.0
2024-11-22,32.745,32.874,32.279,32.279,176155.0
2024-11-25,32.279,32.681,32.118,32.359,151719.0
2024-11-26,32.456,32.761,32.343,32.391,142659.0
2024-11-27,32.295,32.665,32.15,32.649,139664.0
2024-11-28,32.584,32.922,32.375,32.793,172069.0
2024-11-29,32.697,32.986,32.6,32.922,168819.0
2024-12-02,32.858,33.179,32.825,33.051,201592.0
2024-12-03,33.018,33.018,32.665,32.793,173947.0
2024-12-04,32.809,32.938,32.536,32.632,132646.0
2024-12-05,32.552,32.681,32.488,32.6,99205.0
2024-12-06,32.584,32.777,32.568,32.761,124882.0
2024-12-09,32.697,32.89,32.536,32.632,127825.0
2024-12-10,33.083,33.195,32.568,32.584,229351.0
2024-12-11,32.584,33.018,32.52,33.002,190610.0
2024-12-12,33.018,33.436,32.825,33.388,192993.0
2024-12-13,33.356,33.388,33.018,33.099,186207.0
2024-12-16,33.147,33.645,33.099,33.308,289822.0
2024-12-17,33.26,33.565,33.018,33.163,211278.0
2024-12-18,33.195,33.549,33.034,33.195,212720.0
2024-12-19,33.195,33.211,32.134,32.327,316648.0
2024-12-20,32.295,32.504,32.15,32.327,139899.0
2024-12-23,32.295,32.439,32.037,32.214,152871.0
2024-12-24,32.198,32.263,32.054,32.214,174457.0
2024-12-25,32.198,32.295,32.086,32.23,112188.0
2024-12-26,32.263,32.456,32.102,32.343,135468.0
2024-12-27,32.327,33.453,32.295,33.42,481280.0
2024-12-30,33.243,33.243,32.745,33.067,288477.0
2024-12-31,33.051,33.388,32.874,32.938,181920.0
2025-01-02,32.858,33.227,31.989,32.134,217253.0
2025-01-03,32.214,32.263,31.459,31.523,206542.0
2025-01-06,31.539,31.796,31.153,31.587,135129.0
2025-01-07,31.507,31.78,31.346,31.603,156898.0
2025-01-08,31.443,31.475,30.687,31.024,202982.0
2025-01-09,30.944,31.169,30.864,31.089,121533.0
2025-01-10,31.041,31.266,30.96,30.96,124563.0
2025-01-13,30.767,31.169,30.735,30.976,132086.0
2025-01-14,31.105,31.41,30.944,31.378,197046.0
2025-01-15,31.266,31.346,30.928,30.976,174958.0
2025-01-16,31.041,31.523,31.041,31.217,193369.0
2025-01-17,31.121,31.491,30.96,31.41,145927.0
2025-01-20,31.523,31.539,31.217,31.298,144563.0
2025-01-21,31.346,31.459,31.057,31.298,110263.0
2025-01-22,31.233,31.33,31.105,31.25,75566.0
2025-01-23,31.41,32.198,31.41,31.523,310937.0
2025-01-24,31.539,31.861,31.491,31.828,133048.0
2025-01-27,31.861,32.247,31.861,32.102,165876.0
2025-02-05,32.118,32.504,31.989,32.102,192587.0
2025-02-06,32.054,32.279,31.957,32.102,149140.0
2025-02-07,32.102,32.214,31.861,32.15,169434.0
2025-02-10,32.15,32.279,32.086,32.182,125595.0
2025-02-11,32.182,32.247,31.973,32.214,115628.0
2025-02-12,32.134,32.214,31.989,32.134,107878.0
2025-02-13,32.118,32.295,32.054,32.054,148688.0
2025-02-14,31.925,32.086,31.812,31.925,135486.0
2025-02-17,32.005,32.6,31.957,32.407,234208.0
2025-02-18,32.407,32.407,31.909,31.957,138672.0
2025-02-19,31.957,32.037,31.845,32.037,119835.0
2025-02-20,31.973,32.166,31.796,32.037,117451.0
2025-02-21,32.054,32.198,31.909,32.021,185461.0
2025-02-24,32.697,33.099,32.134,32.407,668552.0
2025-02-25,32.07,32.07,31.539,31.571,345245.0
2025-02-26,31.491,31.619,31.362,31.603,198869.0
2025-02-27,31.603,31.619,31.298,31.443,167670.0
2025-02-28,31.362,31.523,31.169,31.169,243173.0
2025-03-03,31.169,31.539,31.169,31.459,180060.0
2025-03-04,31.507,32.134,31.378,31.989,351025.0
2025-03-05,32.359,32.359,31.539,31.635,285045.0
2025-03-06,31.555,31.78,31.426,31.668,217060.0
2025-03-07,31.635,31.716,31.459,31.571,152815.0
2025-03-10,31.716,31.78,31.426,31.507,139748.0
2025-03-11,31.33,31.603,31.282,31.587,126590.0
2025-03-12,31.603,31.652,31.394,31.475,116302.0
2025-03-13,31.491,31.523,31.217,31.314,145769.0
2025-03-14,31.346,31.587,31.298,31.587,154803.0
2025-03-17,31.716,31.716,31.491,31.507,165504.0
2025-03-18,31.539,31.555,31.41,31.523,102528.0
2025-03-19,31.507,31.555,31.41,31.539,97911.0
2025-03-20,31.539,31.539,31.426,31.459,88168.0
2025-03-21,31.41,31.555,31.346,31.459,135402.0
2025-03-24,31.443,31.571,31.378,31.571,125756.0
2025-03-25,31.587,31.828,31.475,31.828,188353.0
2025-03-26,31.812,32.054,31.652,31.909,162323.0
2025-03-27,31.861,32.021,31.812,31.989,151408.0
2025-03-28,31.925,32.054,31.764,31.78,116759.0
2025-03-31,31.941,31.973,31.426,31.475,164041.0
2025-04-01,31.539,31.668,31.459,31.587,113226.0
2025-04-02,31.571,31.652,31.475,31.619,91850.0
2025-04-03,31.732,32.311,31.732,32.134,360615.0
2025-04-07,34.433,34.433,33.051,34.433,1689228.0
2025-04-08,35.028,36.958,33.822,36.958,1850947.0
2025-04-09,38.855,39.74,37.456,39.74,2586566.0
2025-04-10,37.038,40.737,37.038,39.692,2630716.0
2025-04-11,38.325,38.518,36.652,36.652,1990214.0
2025-04-14,35.752,37.247,35.752,36.524,1592194.0
2025-04-15,36.009,36.154,35.253,35.334,1210134.0
2025-04-16,35.157,35.463,34.498,34.948,1005277.0
2025-04-17,34.803,35.141,34.642,35.028,673657.0
2025-04-18,34.819,34.819,34.289,34.305,642432.0
2025-04-21,34.273,34.803,34.273,34.675,527536.0
2025-04-22,34.546,34.98,34.498,34.851,610095.0
2025-04-23,34.562,34.562,33.79,33.887,861741.0
2025-04-24,33.983,34.047,33.629,33.79,422547.0
2025-04-25,33.742,33.967,33.678,33.822,346269.0
2025-04-28,33.822,33.967,33.227,33.276,470653.0
2025-04-29,33.195,33.629,33.179,33.517,307567.0
2025-04-30,33.469,33.742,33.34,33.356,284483.0
2025-05-06,33.34,33.742,33.34,33.726,346030.0
2025-05-07,33.726,34.466,33.613,34.305,877804.0
2025-05-08,34.031,34.047,33.758,33.903,491053.0
2025-05-09,33.855,33.967,33.549,33.581,405193.0
2025-05-12,33.324,33.501,33.115,33.501,456472.0
2025-05-13,33.453,33.469,33.227,33.372,288750.0
2025-05-14,33.308,33.533,33.26,33.533,269557.0
2025-05-15,33.469,33.629,33.356,33.372,334413.0
2025-05-16,33.356,33.42,33.147,33.26,257778.0
2025-05-19,33.26,33.662,33.195,33.613,261396.0
2025-05-20,33.613,33.758,33.533,33.645,231816.0
2025-05-21,33.645,33.71,33.533,33.71,214828.0
2025-05-22,33.694,33.726,33.308,33.388,265055.0
2025-05-23,33.549,33.581,33.034,33.034,317138.0
2025-05-26,33.115,33.372,33.099,33.292,190769.0
2025-05-27,33.26,33.34,33.179,33.292,120536.0
2025-05-28,33.276,33.276,33.018,33.034,162721.0
2025-05-29,33.034,33.099,32.874,33.083,170136.0
2025-05-30,33.002,33.485,33.002,33.227,251230.0
2025-06-03,33.099,33.533,32.954,33.501,235835.0
2025-06-04,33.485,33.629,33.276,33.549,196109.0
2025-06-05,33.436,33.517,33.211,33.308,177693.0
2025-06-06,33.308,33.613,33.243,33.404,195763.0
2025-06-09,33.324,33.613,33.276,33.597,220093.0
2025-06-10,33.581,34.128,33.26,33.887,690337.0
2025-06-11,33.581,33.774,33.501,33.629,393249.0
2025-06-12,33.597,33.613,33.276,33.372,286681.0
2025-06-13,33.436,33.629,33.243,33.356,328502.0
2025-06-16,33.324,33.565,33.211,33.469,199424.0
2025-06-17,33.436,33.71,33.388,33.453,211541.0
2025-06-18,33.404,33.501,33.26,33.276,179041.0
2025-06-19,33.26,33.324,32.906,32.954,205970.0
2025-06-20,33.002,33.083,32.938,32.954,117268.0
2025-06-23,32.97,33.324,32.858,33.292,177700.0
2025-06-24,33.147,33.324,33.115,33.276,189643.0
2025-06-25,33.34,33.404,33.211,33.324,171539.0
2025-06-26,33.292,33.404,33.243,33.292,182037.0
2025-06-27,33.26,33.485,33.211,33.388,192030.0
2025-06-30,33.372,33.372,33.179,33.292,184488.0
2025-07-01,33.308,33.388,33.26,33.356,152510.0
2025-07-02,33.388,33.501,33.292,33.42,191378.0
2025-07-03,33.453,33.533,33.308,33.469,211823.0
2025-07-04,33.436,33.662,33.372,33.565,309233.0
2025-07-07,33.517,33.855,33.42,33.71,349543.0
2025-07-08,33.694,33.694,33.533,33.678,259816.0
2025-07-09,33.645,33.79,33.501,33.581,237828.0
2025-07-10,33.549,33.629,33.485,33.629,206878.0
2025-07-11,33.613,33.774,33.597,33.742,311443.0
2025-07-14,33.71,33.838,33.662,33.678,214996.0
2025-07-15,33.629,33.662,33.211,33.292,295333.0
2025-07-16,33.292,33.404,33.227,33.356,146070.0
2025-07-17,33.356,33.533,33.324,33.42,148881.0
2025-07-18,33.469,33.565,33.404,33.501,156364.0
2025-07-21,33.485,33.758,33.436,33.758,312409.0
2025-07-22,33.742,33.951,33.613,33.855,309858.0
2025-07-23,33.871,33.999,33.742,33.774,274056.0
2025-07-24,33.758,34.144,33.694,34.112,343333.0
2025-07-25,34.24,34.305,33.919,33.999,271679.0
2025-07-28,34.031,34.064,33.806,33.903,198302.0
2025-07-29,33.887,33.903,33.565,33.79,212440.0
2025-07-30,33.694,35.286,33.662,34.659,901390.0
2025-07-31,34.626,35.028,34.015,34.128,555278.0
2025-08-01,34.08,34.305,33.806,33.935,307502.0
2025-08-04,33.79,34.546,33.79,34.24,307526.0
2025-08-05,34.24,34.498,34.112,34.337,237521.0
2025-08-06,34.273,34.305,34.064,34.144,192154.0
2025-08-07,34.128,34.835,34.112,34.755,553073.0
2025-08-08,34.659,34.9,34.578,34.755,301020.0
2025-08-11,34.594,34.675,34.273,34.53,380632.0
2025-08-12,34.305,34.449,34.128,34.24,304770.0
2025-08-13,34.305,34.337,34.144,34.289,237229.0
2025-08-14,34.289,34.401,33.871,33.999,287972.0
2025-08-15,33.951,34.208,33.903,34.176,226940.0
2025-08-18,34.144,34.257,34.064,34.16,290687.0
2025-08-19,34.16,34.224,34.015,34.064,220861.0
2025-08-20,34.08,34.208,33.967,34.176,190441.0
2025-08-21,34.192,34.514,34.047,34.385,340671.0
2025-08-22,34.305,34.321,34.047,34.224,336656.0
2025-08-25,34.305,34.61,34.192,34.562,412336.0
2025-08-26,34.53,34.787,34.449,34.642,353648.0
2025-08-27,34.562,34.675,34.16,34.208,406512.0
2025-08-28,34.257,34.353,33.565,34.08,395018.0
2025-08-29,34.047,34.53,34.015,34.047,375807.0
2025-09-01,34.064,34.176,33.822,34.08,250690.0
2025-09-02,34.031,34.096,33.71,33.742,272050.0
2025-09-03,33.742,33.855,33.243,33.276,279711.0
2025-09-04,33.292,33.581,33.163,33.404,201801.0
2025-09-05,33.372,33.501,33.131,33.469,181462.0
2025-09-08,33.388,33.774,33.388,33.726,166814.0
2025-09-09,33.742,33.758,33.436,33.597,141936.0
2025-09-10,33.501,33.645,33.469,33.581,93311.0
2025-09-11,33.581,33.742,33.549,33.742,183374.0
2025-09-12,33.694,33.742,33.517,33.549,150805.0
2025-09-15,33.662,34.337,33.597,34.176,422276.0
2025-09-16,33.951,34.128,33.71,33.887,229937.0
2025-09-17,33.855,33.903,33.581,33.694,177685.0
2025-09-18,33.645,33.71,33.227,33.372,222866.0
2025-09-19,33.308,33.485,33.292,33.404,116718.0
2025-09-22,33.404,33.404,33.131,33.211,124300.0
2025-09-23,33.227,33.26,32.841,33.099,150642.0
2025-09-24,33.034,33.243,32.938,33.227,105597.0
2025-09-25,33.179,33.195,32.986,33.034,120655.0
2025-09-26,32.97,33.163,32.938,32.954,109548.0
2025-09-29,32.97,33.115,32.841,33.067,120970.0
2025-09-30,33.099,33.211,33.018,33.211,106765.0
2025-10-09,33.211,33.453,33.051,33.404,169328.0
2025-10-10,33.388,33.678,33.276,33.613,211913.0
2025-10-13,34.546,35.028,33.903,34.047,802381.0
2025-10-14,33.613,34.337,33.613,34.176,554414.0
2025-10-15,34.064,34.08,33.662,33.726,335266.0
2025-10-16,33.742,33.855,33.645,33.79,218428.0
2025-10-17,33.742,34.031,33.662,33.855,293896.0
2025-10-20,33.774,34.144,33.613,33.726,282694.0
2025-10-21,33.629,33.903,33.581,33.838,208302.0
2025-10-22,33.742,33.999,33.662,33.694,157706.0
2025-10-23,33.645,33.871,33.597,33.838,176613.0
2025-10-24,33.774,33.838,33.645,33.662,197269.0
2025-10-27,33.581,33.742,33.388,33.678,234108.0
2025-10-28,33.613,33.662,33.42,33.501,153505.0
2025-10-29,33.549,33.581,33.42,33.549,117124.0
2025-10-30,33.517,33.855,33.436,33.629,253226.0
2025-10-31,33.549,33.613,33.34,33.34,245907.0
2025-11-03,33.356,33.453,33.276,33.436,119782.0
2025-11-04,33.388,33.597,33.372,33.549,184584.0
2025-11-05,33.436,33.613,33.42,33.597,123695.0
2025-11-06,33.629,33.662,33.485,33.613,114852.0
2025-11-07,33.597,33.774,33.565,33.694,136051.0
2025-11-10,33.726,33.999,33.629,33.951,207539.0
2025-11-11,33.935,34.031,33.774,34.015,161219.0
2025-11-12,34.047,34.064,33.806,33.838,160328.0
2025-11-13,33.79,33.967,33.726,33.951,153035.0
2025-11-14,33.919,34.128,33.855,33.887,157860.0
2025-11-17,33.887,34.144,33.887,33.983,178025.0
2025-11-18,33.951,34.482,33.838,33.999,335420.0
2025-11-19,34.015,34.482,33.967,34.321,373003.0
2025-11-20,34.16,34.417,34.096,34.144,237049.0
2025-11-21,34.224,34.771,33.967,33.967,578142.0
2025-11-24,33.71,34.24,33.662,33.871,332108.0
2025-11-25,33.951,34.273,33.597,34.096,325476.0
2025-11-26,34.064,34.144,33.613,33.662,227774.0
2025-11-27,33.629,33.742,33.436,33.613,200804.0
2025-11-28,33.613,33.967,33.501,33.967,206494.0
2025-12-01,33.838,34.305,33.838,34.112,246829.0
2025-12-02,34.096,34.337,33.983,34.208,196368.0
2025-12-03,34.176,34.305,33.999,34.015,128653.0
2025-12-04,34.064,34.096,33.549,33.581,197710.0
2025-12-05,33.597,33.999,33.517,33.967,164747.0
2025-12-08,33.887,34.047,33.838,33.919,114192.0
2025-12-09,33.919,33.951,33.645,33.694,134157.0
2025-12-10,33.678,34.176,33.629,34.112,229919.0
2025-12-11,34.064,34.112,33.694,33.694,185132.0
2025-12-12,33.71,33.887,33.629,33.79,137660.0
2025-12-15,33.758,34.128,33.726,33.983,186142.0
2025-12-16,33.999,34.224,33.79,33.935,146772.0
2025-12-17,33.919,33.935,33.211,33.501,414491.0
2025-12-18,33.356,33.629,33.308,33.501,152031.0
2025-12-19,33.485,34.144,33.404,34.128,368582.0
2025-12-22,34.064,34.24,33.967,34.192,182504.0
2025-12-23,34.192,34.305,33.935,34.031,161229.0
2025-12-24,33.967,34.144,33.919,34.08,137788.0
2025-12-25,34.08,34.176,33.999,34.112,138451.0
2025-12-26,34.112,34.449,34.047,34.433,258319.0
2025-12-29,34.514,34.707,34.192,34.224,226711.0
2025-12-30,34.096,34.578,34.08,34.369,237639.0
2025-12-31,34.273,34.289,33.951,34.144,217778.0
2026-01-05,34.144,34.273,34.064,34.112,205296.0
2026-01-06,34.128,34.546,34.096,34.449,278184.0
2026-01-07,34.449,34.98,34.257,34.771,354032.0
2026-01-08,34.707,35.077,34.626,34.787,258987.0
2026-01-09,34.803,35.816,34.787,35.414,410146.0
2026-01-12,35.414,35.495,34.948,35.109,331094.0
2026-01-13,35.109,35.302,34.675,34.739,310652.0
2026-01-14,34.755,34.98,34.417,34.626,297025.0
2026-01-15,34.626,34.996,34.546,34.803,245178.0
2026-01-16,34.851,34.996,34.482,34.626,217081.0
2026-01-19,34.594,35.205,34.514,35.093,274361.0
2026-01-20,35.157,35.398,34.964,35.205,228891.0
2026-01-21,35.189,35.237,34.868,34.98,192733.0
2026-01-22,34.98,35.479,34.9,35.446,280305.0
2026-01-23,35.398,35.414,35.012,35.061,290788.0
2026-01-26,35.077,35.977,35.077,35.736,482336.0
2026-01-27,35.752,35.832,35.093,35.334,348750.0
2026-01-28,35.35,37.071,35.334,36.492,785940.0
2026-01-29,37.071,38.132,36.492,37.231,973943.0
2026-01-30,37.263,39.193,36.958,38.244,1411119.0
2026-02-02,37.006,37.022,35.43,35.446,1051039.0
2026-02-03,35.35,35.784,35.028,35.639,664221.0
2026-02-04,35.977,36.025,35.077,35.495,607783.0
2026-02-05,35.286,35.463,34.803,34.932,430919.0
2026-02-06,34.835,35.237,34.771,34.948,322377.0
2026-02-09,35.012,35.157,34.835,35.044,313034.0
2026-02-10,34.98,35.044,34.659,34.964,286807.0
2026-02-11,34.884,35.012,34.819,34.868,189630.0
2026-02-12,34.884,34.932,34.626,34.707,183714.0
2026-02-13,34.691,34.851,34.594,34.594,186841.0
2026-02-24,34.803,35.221,34.771,35.157,326364.0
2026-02-25,35.028,35.897,35.028,35.623,397156.0
2026-02-26,35.591,35.977,35.511,35.575,261619.0
2026-02-27,35.559,36.057,35.414,35.961,313538.0
2026-03-02,36.411,37.408,36.009,37.376,808664.0
2026-03-03,37.119,37.891,36.974,37.119,804506.0
2026-03-04,37.119,38.357,37.119,38.035,918451.0
2026-03-05,37.087,37.489,36.524,36.62,746000.0
2026-03-06,36.572,37.698,36.411,37.569,564069.0
2026-03-09,38.421,38.727,37.698,37.73,769732.0
2026-03-10,37.424,38.051,37.296,37.682,491112.0
2026-03-11,37.682,38.293,37.569,38.084,416986.0
2026-03-12,38.244,38.855,37.649,38.437,466000.0
2026-03-13,38.437,38.807,37.971,38.212,349184.0
2026-03-16,38.309,39.611,38.309,38.679,562181.0
2026-03-17,37.971,38.695,37.81,37.907,368145.0
2026-03-18,37.858,37.891,37.119,37.537,306310.0
2026-03-19,38.051,38.228,36.958,37.183,325498.0
2026-03-20,37.119,37.296,36.572,36.652,290575.0
2026-03-23,36.299,36.604,34.868,35.125,500040.0
2026-03-24,35.286,35.366,34.835,35.27,301296.0
2026-03-25,35.286,35.591,35.061,35.479,286527.0
2026-03-26,35.35,35.688,35.221,35.543,322142.0
2026-03-27,35.382,36.62,35.318,36.041,432008.0
2026-03-30,36.057,38.63,36.057,38.212,1030343.0
2026-03-31,37.971,38.212,36.878,36.958,762498.0
2026-04-01,36.797,37.296,36.25,36.347,389985.0
2026-04-02,36.299,37.424,36.299,36.845,437575.0
2026-04-03,36.845,36.861,35.446,35.832,482168.0
2026-04-07,35.848,36.652,35.334,36.363,395120.0
2026-04-08,35.543,36.604,35.543,36.299,464892.0
2026-04-09,36.234,36.701,36.025,36.443,374414.0
2026-04-10,36.315,36.315,35.945,35.977,438280.0
2026-04-13,36.218,36.299,35.784,35.993,288631.0
2026-04-14,35.881,36.041,35.72,35.993,200241.0
2026-04-15,35.832,36.074,35.607,36.009,274941.0
2026-04-16,35.848,36.234,35.591,36.202,315272.0
2026-04-17,36.009,36.427,35.977,36.074,178972.0
2026-04-20,36.154,36.25,35.768,36.09,225861.0
2026-04-21,36.074,36.186,35.768,35.913,201876.0
2026-04-22,35.913,36.09,35.623,35.752,254823.0
2026-04-23,35.672,36.025,35.398,35.848,278962.0
2026-04-24,35.72,35.993,35.559,35.688,177928.0
2026-04-27,35.559,35.736,35.302,35.591,180275.0
2026-04-28,35.511,35.736,35.463,35.623,148536.0
2026-04-29,35.913,36.845,35.913,36.797,494036.0
2026-04-30,36.717,37.135,36.604,37.038,289207.0
2026-05-06,37.022,37.199,36.636,37.183,287456.0
2026-05-07,37.071,37.231,36.765,36.813,235043.0
2026-05-08,36.878,37.263,36.845,37.135,201108.0
2026-05-11,37.103,37.601,37.038,37.087,231093.0
2026-05-12,37.119,37.44,36.894,37.054,226720.0
2026-05-13,37.071,37.36,36.926,37.167,189632.0
2026-05-14,37.215,37.247,36.685,36.701,200873.0
2026-05-15,36.717,36.717,35.495,35.655,327464.0
2026-05-18,35.591,35.752,34.868,35.093,263896.0
2026-05-19,35.157,35.463,35.028,35.414,180607.0
2026-05-20,35.27,35.543,35.141,35.446,157023.0
2026-05-21,35.446,35.704,34.642,34.723,279434.0
2026-05-22,34.739,34.851,34.337,34.466,216450.0
2026-05-25,34.385,34.466,34.08,34.369,193543.0
2026-05-26,34.546,34.546,34.064,34.257,183732.0
2026-05-27,34.305,34.546,34.08,34.16,171974.0
2026-05-28,34.112,34.192,33.613,33.806,180294.0
2026-05-29,33.742,34.128,33.565,33.903,185781.0
2026-06-01,33.822,34.546,33.758,34.482,222185.0
2026-06-02,34.498,34.498,34.128,34.289,167659.0
2026-06-03,34.385,34.401,34.015,34.305,163817.0
2026-06-04,34.208,34.546,33.887,34.047,167246.0
2026-06-05,33.919,34.257,33.887,34.031,160882.0
2026-06-08,33.855,34.144,33.517,33.71,179529.0
2026-06-09,33.694,33.806,33.243,33.436,172021.0
2026-06-10,33.308,33.581,33.26,33.453,133664.0
2026-06-11,33.34,33.742,33.308,33.501,147220.0
2026-06-12,33.453,33.983,33.227,33.983,183180.0
2026-06-15,33.935,34.064,33.629,33.855,162536.0
2026-06-16,33.79,33.806,33.42,33.533,141721.0
2026-06-17,33.533,33.549,33.195,33.404,112250.0
2026-06-18,33.308,33.517,33.115,33.147,177357.0
2026-06-22,33.147,33.276,32.456,33.276,218627.0
2026-06-23,31.041,31.041,31.041,31.041,106583.0
2026-06-24,29.031,29.722,29.031,29.031,613654.0
2026-06-25,27.969,28.452,27.712,28.178,860612.0
2026-06-26,28.066,28.612,28.034,28.339,583617.0
2026-06-29,28.275,28.805,27.808,28.468,428352.0
2026-06-30,28.419,28.966,28.323,28.419,291604.0
2026-07-01,28.403,28.838,28.194,28.725,289623.0
2026-07-02,28.677,29.24,28.645,29.079,329692.0
2026-07-03,28.934,29.304,28.918,29.24,245109.0
2026-07-06,29.223,29.706,29.127,29.561,262451.0
2026-07-07,29.625,29.658,29.111,29.159,325473.0
2026-07-08,29.159,29.979,29.063,29.883,341246.0
2026-07-09,29.593,30.269,29.288,30.172,333015.0
2026-07-10,29.883,30.22,29.738,30.156,256555.0
2026-07-13,30.156,30.365,29.835,29.947,240500.0
2026-07-14,29.69,29.835,29.159,29.4,362670.0
2026-07-15,29.223,29.802,29.095,29.577,254065.0
2026-07-16,29.497,29.738,29.272,29.368,211464.0
2026-07-17,29.336,29.481,29.191,29.256,290146.0
2026-07-20,29.159,29.786,29.159,29.722,286606.0
2026-07-21,29.529,29.979,29.433,29.545,241233.0
2026-07-22,29.513,30.301,29.384,30.269,337220.0
2026-07-23,30.156,30.446,30.076,30.397,249669.0
2026-07-24,30.317,30.639,30.06,30.14,227049.0
2026-07-27,29.963,30.365,29.899,30.333,182618.0
2026-07-28,30.269,30.333,30.06,30.204,142820.0
2026-07-29,30.237,30.751,30.237,30.606,236922.0
2026-07-30,30.59,31.378,30.542,30.944,233720.0
2026-07-31,30.751,31.057,30.606,30.848,220653.0
2026-08-03,30.831,31.169,30.735,30.976,182782.0
2026-08-04,30.928,31.024,30.622,30.735,180807.0
2026-08-05,30.703,30.751,30.397,30.558,161508.0
2026-08-06,30.558,30.848,30.365,30.606,250170.0
2026-08-07,30.478,30.526,30.124,30.381,222068.0
2026-08-10,30.301,30.783,30.253,30.622,254992.0
2026-08-11,30.574,30.719,30.301,30.349,176050.0
2026-08-12,30.253,30.397,30.204,30.365,125075.0
2026-08-13,30.349,30.381,29.995,30.365,251154.0
2026-08-14,30.253,30.365,29.899,30.044,219308.0
2026-08-17,30.204,30.831,30.172,30.671,419178.0
2026-08-18,30.671,32.632,30.606,32.632,1024278.0
2026-08-19,32.809,33.855,31.716,33.276,1495574.0
2026-08-20,32.037,33.34,31.298,32.391,1005417.0
2026-08-21,32.134,32.182,30.992,31.121,644930.0
2026-08-24,31.024,31.668,30.735,31.523,586983.0
2026-08-25,31.121,33.243,31.121,32.182,743310.0
2026-08-26,31.845,32.552,31.812,31.957,474389.0
2026-08-27,32.247,32.858,32.134,32.793,608884.0
2026-08-28,32.391,33.051,32.198,32.568,538912.0
2026-08-31,32.584,33.308,31.7,31.732,685342.0
2026-09-01,31.909,33.613,31.828,33.276,1094442.0
2026-09-02,32.713,32.809,31.201,31.362,885379.0
2026-09-03,31.346,31.652,30.992,31.346,470025.0
2026-09-04,31.121,32.311,30.944,32.07,711537.0
2026-09-07,32.15,32.584,32.102,32.391,492444.0
2026-09-08,32.439,34.449,32.423,33.597,1144890.0
2026-09-09,33.581,33.903,33.131,33.372,735273.0
2026-09-10,33.388,33.549,32.52,32.616,506897.0
2026-09-11,32.745,32.841,31.845,31.957,484491.0
2026-09-14,31.716,32.054,31.217,31.378,376449.0
2026-09-15,31.41,31.459,30.799,30.815,327155.0
2026-09-16,30.815,31.073,30.606,31.024,209386.0
2026-09-17,30.96,31.619,30.799,31.201,378574.0
2026-09-18,30.88,31.491,30.864,31.314,336244.0
2026-09-21,31.233,31.652,31.089,31.603,277374.0
2026-09-22,31.587,32.568,31.426,32.054,434784.0
2026-09-23,31.973,32.021,31.443,31.507,202602.0
2026-09-24,31.523,31.78,31.057,31.073,193593.0
2026-09-28,31.169,31.217,30.269,30.864,296690.0
2026-09-29,30.751,31.523,30.735,30.96,186852.0
