date,open,high,low,close,volume
2016-01-04,11.86,11.88,11.56,11.59,486661.0
2016-01-05,11.44,11.7,11.35,11.52,635983.0
2016-01-06,11.53,11.77,11.51,11.73,607491.0
2016-01-07,11.64,11.65,11.25,11.27,153582.0
2016-01-08,11.47,11.56,11.27,11.46,628416.0
2016-01-11,11.34,11.41,10.86,10.88,1051838.0
2016-01-12,10.98,11.01,10.86,10.89,527802.0
2016-01-13,10.97,10.99,10.73,10.74,434790.0
2016-01-14,10.7,10.89,10.63,10.86,515012.0
2016-01-15,10.83,10.85,10.56,10.59,618799.0
2016-01-18,10.55,10.7,10.52,10.59,347078.0
2016-01-19,10.61,10.94,10.58,10.87,661472.0
2016-01-20,10.83,10.86,10.64,10.68,570017.0
2016-01-21,10.62,10.73,10.54,10.54,367515.0
2016-01-22,10.63,10.67,10.51,10.63,351554.0
2016-01-25,10.68,10.7,10.59,10.64,300233.0
2016-01-26,10.58,10.59,10.19,10.2,896022.0
2016-01-27,10.25,10.27,10.04,10.2,609899.0
2016-01-28,10.14,10.17,9.91,9.95,601645.0
2016-01-29,9.94,10.09,9.93,10.05,834332.0
2016-02-01,10.04,10.05,9.85,9.89,769417.0
2016-02-02,9.89,10.04,9.88,10.0,627746.0
2016-02-03,9.93,9.98,9.86,9.96,544161.0
2016-02-04,9.89,10.03,9.81,10.0,1152364.0
2016-02-05,9.96,10.04,9.92,9.96,595925.0
2016-02-15,9.79,9.98,9.79,9.91,362392.0
2016-02-16,9.93,10.11,9.93,10.1,632747.0
2016-02-17,10.09,10.17,10.06,10.13,582856.0
2016-02-18,10.16,10.18,10.08,10.09,486659.0
2016-02-19,10.09,10.11,10.03,10.07,344639.0
2016-02-22,10.11,10.23,10.08,10.2,766992.0
2016-02-23,10.18,10.2,10.06,10.12,523425.0
2016-02-24,10.09,10.27,10.07,10.26,676978.0
2016-02-25,10.24,10.24,9.77,9.82,881572.0
2016-02-26,9.87,9.95,9.82,9.93,495804.0
2016-02-29,9.94,9.94,9.65,9.73,685656.0
2016-03-01,9.76,9.87,9.68,9.81,456317.0
2016-03-02,9.81,10.05,9.79,10.03,825288.0
2016-03-03,10.01,10.1,9.99,10.04,721360.0
2016-03-04,10.04,10.22,9.99,10.2,1502973.0
2016-03-07,10.18,10.3,10.13,10.21,788430.0
2016-03-08,10.19,10.21,9.96,10.16,738658.0
2016-03-09,10.05,10.19,10.0,10.18,656764.0
2016-03-10,10.12,10.15,10.06,10.06,287667.0
2016-03-11,10.01,10.05,9.88,9.97,632548.0
2016-03-14,9.98,10.14,9.98,10.08,597756.0
2016-03-15,10.05,10.18,9.99,10.14,740144.0
2016-03-16,10.1,10.21,10.1,10.2,1025239.0
2016-03-17,10.21,10.25,10.12,10.2,576139.0
2016-03-18,10.22,10.31,10.19,10.25,1210332.0
2016-03-21,10.28,10.4,10.25,10.3,1628699.0
2016-03-22,10.27,10.3,10.22,10.23,735902.0
2016-03-23,10.22,10.25,10.15,10.18,661392.0
2016-03-24,10.12,10.13,10.04,10.05,727934.0
2016-03-25,10.06,10.08,10.02,10.06,428132.0
2016-03-28,10.07,10.11,10.01,10.03,562892.0
2016-03-29,10.03,10.05,9.94,9.96,523885.0
2016-03-30,9.99,10.13,9.99,10.1,754338.0
2016-03-31,10.13,10.18,10.09,10.11,678408.0
2016-04-01,10.11,10.28,10.09,10.2,1086007.0
2016-04-05,10.15,10.24,10.11,10.23,930220.0
2016-04-06,10.19,10.26,10.18,10.22,733124.0
2016-04-07,10.25,10.25,10.12,10.13,640801.0
2016-04-08,10.09,10.11,10.0,10.05,528722.0
2016-04-11,10.07,10.17,10.06,10.14,513300.0
2016-04-12,10.04,10.07,9.96,10.0,1072317.0
2016-04-13,10.02,10.15,10.01,10.09,1017365.0
2016-04-14,10.11,10.13,10.05,10.1,613089.0
2016-04-15,10.11,10.11,10.06,10.08,376548.0
2016-04-18,10.04,10.05,9.97,9.97,544039.0
2016-04-19,10.0,10.02,9.94,9.98,440766.0
2016-04-20,9.98,9.99,9.74,9.89,1142316.0
2016-04-21,9.84,9.86,9.75,9.79,453593.0
2016-04-22,9.77,9.81,9.75,9.8,340454.0
2016-04-25,9.78,9.8,9.76,9.78,293753.0
2016-04-26,9.79,9.82,9.78,9.8,220512.0
2016-04-27,9.81,9.82,9.77,9.79,300402.0
2016-04-28,9.8,9.87,9.77,9.81,480249.0
2016-04-29,9.8,9.81,9.77,9.78,306866.0
2016-05-03,9.79,9.85,9.76,9.85,662370.0
2016-05-04,9.82,9.87,9.81,9.84,417586.0
2016-05-05,9.83,9.85,9.81,9.83,290166.0
2016-05-06,9.83,9.84,9.7,9.71,686765.0
2016-05-09,9.7,9.7,9.55,9.57,585070.0
2016-05-10,9.56,9.65,9.55,9.63,504716.0
2016-05-11,9.64,9.76,9.58,9.67,425482.0
2016-05-12,9.63,9.66,9.56,9.65,336281.0
2016-05-13,9.65,9.73,9.61,9.7,375491.0
2016-05-16,9.68,9.73,9.63,9.71,245497.0
2016-05-17,9.71,9.72,9.65,9.67,210167.0
2016-05-18,9.65,9.66,9.56,9.6,420148.0
2016-05-19,9.61,9.63,9.57,9.59,192451.0
2016-05-20,9.57,9.6,9.55,9.59,235356.0
2016-05-23,9.59,9.62,9.57,9.6,283276.0
2016-05-24,9.59,9.59,9.55,9.58,212893.0
2016-05-25,9.59,9.62,9.56,9.58,172902.0
2016-05-26,9.58,9.59,9.54,9.57,249286.0
2016-05-27,9.57,9.6,9.56,9.58,196241.0
2016-05-30,9.58,9.64,9.57,9.61,305780.0
2016-05-31,9.6,9.75,9.59,9.74,644941.0
2016-06-01,9.73,9.76,9.71,9.72,357288.0
2016-06-02,9.71,9.73,9.69,9.71,216025.0
2016-06-03,9.72,9.74,9.69,9.73,330371.0
2016-06-06,9.72,9.74,9.68,9.7,217367.0
2016-06-07,9.7,9.71,9.67,9.69,191613.0
2016-06-08,9.69,9.69,9.64,9.67,226295.0
2016-06-13,9.64,9.64,9.56,9.58,509136.0
2016-06-14,9.58,9.59,9.56,9.59,215492.0
2016-06-15,9.56,9.66,9.55,9.62,360566.0
2016-06-16,9.61,9.62,9.56,9.59,306038.0
2016-06-17,9.58,9.62,9.58,9.6,290655.0
2016-06-20,9.6,9.61,9.57,9.6,168769.0
2016-06-21,9.61,9.64,9.58,9.59,244770.0
2016-06-22,9.59,9.62,9.58,9.61,217406.0
2016-06-23,9.6,9.61,9.58,9.59,201938.0
2016-06-24,9.59,9.62,9.46,9.55,547282.0
2016-06-27,9.53,9.6,9.53,9.59,264778.0
2016-06-28,9.57,9.6,9.55,9.6,345136.0
2016-06-29,9.6,9.69,9.6,9.65,510266.0
2016-06-30,9.7,9.71,9.65,9.68,536920.0
2016-07-01,9.69,9.71,9.67,9.68,316052.0
2016-07-04,9.68,9.8,9.65,9.79,560681.0
2016-07-05,9.8,9.85,9.78,9.85,634748.0
2016-07-06,9.84,9.86,9.8,9.84,706918.0
2016-07-07,9.84,9.85,9.75,9.78,789117.0
2016-07-08,9.78,9.78,9.73,9.73,333304.0
2016-07-11,9.72,9.75,9.69,9.7,550477.0
2016-07-12,9.7,9.79,9.68,9.78,811717.0
2016-07-13,9.8,9.84,9.77,9.79,661989.0
2016-07-14,9.79,9.83,9.77,9.8,462039.0
2016-07-15,9.8,9.84,9.78,9.8,343045.0
2016-07-18,9.79,9.82,9.77,9.79,261273.0
2016-07-19,9.79,9.8,9.75,9.78,249157.0
2016-07-20,9.77,9.78,9.75,9.76,171014.0
2016-07-21,9.76,9.79,9.75,9.77,223088.0
2016-07-22,9.76,9.76,9.7,9.71,403155.0
2016-07-25,9.71,9.74,9.7,9.72,269845.0
2016-07-26,9.71,9.77,9.71,9.77,293118.0
2016-07-27,9.77,9.79,9.67,9.76,563937.0
2016-07-28,9.73,9.84,9.71,9.82,793148.0
2016-07-29,9.82,9.91,9.81,9.84,837620.0
2016-08-01,9.86,9.9,9.8,9.84,556952.0
2016-08-02,9.84,9.84,9.75,9.83,393118.0
2016-08-03,9.8,9.82,9.77,9.82,280672.0
2016-08-04,9.82,9.83,9.77,9.81,216492.0
2016-08-05,9.79,9.83,9.78,9.8,204937.0
2016-08-08,9.82,9.83,9.78,9.82,329271.0
2016-08-09,9.81,10.03,9.81,9.95,1003683.0
2016-08-10,9.93,9.96,9.9,9.92,431681.0
2016-08-11,9.93,10.01,9.91,9.96,692088.0
2016-08-12,9.97,10.13,9.95,10.12,974652.0
2016-08-15,10.11,10.29,10.08,10.26,1191366.0
2016-08-16,10.27,10.3,10.18,10.22,679880.0
2016-08-17,10.22,10.23,10.17,10.19,325857.0
2016-08-18,10.17,10.22,10.1,10.13,492042.0
2016-08-19,10.12,10.15,10.07,10.14,318844.0
2016-08-22,10.17,10.18,10.06,10.07,332836.0
2016-08-23,10.09,10.11,10.05,10.09,290460.0
2016-08-24,10.08,10.1,10.06,10.08,215942.0
2016-08-25,10.07,10.07,10.01,10.04,294176.0
2016-08-26,10.05,10.08,10.01,10.02,259969.0
2016-08-29,10.01,10.03,9.98,9.99,307509.0
2016-08-30,10.0,10.01,9.96,10.0,362053.0
2016-08-31,9.99,10.02,9.96,10.02,231820.0
2016-09-01,9.99,10.02,9.97,9.98,213351.0
2016-09-02,9.98,10.07,9.96,10.05,368389.0
2016-09-05,10.04,10.07,10.03,10.04,191922.0
2016-09-06,10.04,10.11,10.01,10.07,274413.0
2016-09-07,10.06,10.09,10.04,10.05,212798.0
2016-09-08,10.05,10.05,10.01,10.03,150828.0
2016-09-09,10.03,10.05,10.01,10.01,157560.0
2016-09-12,9.94,9.97,9.84,9.95,640851.0
2016-09-13,9.93,9.94,9.86,9.92,223906.0
2016-09-14,9.88,9.91,9.86,9.87,206832.0
2016-09-19,9.87,9.9,9.86,9.88,178197.0
2016-09-20,9.88,9.89,9.85,9.87,150149.0
2016-09-21,9.88,9.89,9.86,9.88,133627.0
2016-09-22,9.89,9.93,9.88,9.92,195508.0
2016-09-23,9.95,9.97,9.92,9.94,191319.0
2016-09-26,9.92,9.96,9.88,9.89,306247.0
2016-09-27,9.88,9.92,9.87,9.92,142978.0
2016-09-28,9.93,9.94,9.91,9.91,120954.0
2016-09-29,9.93,10.08,9.92,10.05,585687.0
2016-09-30,10.03,10.08,10.01,10.03,182399.0
2016-10-10,10.12,10.21,10.12,10.18,569743.0
2016-10-11,10.22,10.23,10.15,10.18,441338.0
2016-10-12,10.19,10.19,10.1,10.12,223157.0
2016-10-13,10.12,10.17,10.1,10.15,171448.0
2016-10-14,10.15,10.2,10.12,10.19,250570.0
2016-10-17,10.2,10.2,10.12,10.13,242144.0
2016-10-18,10.12,10.29,10.11,10.25,512626.0
2016-10-19,10.24,10.31,10.2,10.22,361546.0
2016-10-20,10.22,10.27,10.19,10.25,286866.0
2016-10-21,10.24,10.53,10.23,10.45,881327.0
2016-10-24,10.45,10.72,10.43,10.62,1174715.0
2016-10-25,10.66,10.66,10.5,10.58,472378.0
2016-10-26,10.56,10.63,10.48,10.5,353304.0
2016-10-27,10.5,10.5,10.38,10.46,336967.0
2016-10-28,10.45,10.6,10.45,10.52,415542.0
2016-10-31,10.49,10.52,10.41,10.47,259883.0
2016-11-01,10.48,10.51,10.39,10.45,212684.0
2016-11-02,10.41,10.49,10.4,10.43,201183.0
2016-11-03,10.41,10.57,10.39,10.5,260702.0
2016-11-04,10.49,10.58,10.47,10.55,239894.0
2016-11-07,10.53,10.62,10.5,10.56,202936.0
2016-11-08,10.56,10.71,10.56,10.62,426628.0
2016-11-09,10.61,10.64,10.41,10.53,488342.0
2016-11-10,10.57,10.75,10.57,10.75,734009.0
2016-11-11,10.75,10.91,10.67,10.75,914157.0
2016-11-14,10.74,11.0,10.73,10.96,837314.0
2016-11-15,10.95,11.04,10.82,10.85,496440.0
2016-11-16,10.86,10.88,10.72,10.77,315938.0
2016-11-17,10.8,10.85,10.74,10.81,357838.0
2016-11-18,10.81,10.84,10.7,10.73,397428.0
2016-11-21,10.71,10.82,10.71,10.77,295407.0
2016-11-22,10.79,10.82,10.76,10.78,305874.0
2016-11-23,10.8,10.85,10.73,10.77,427883.0
2016-11-24,10.75,10.79,10.7,10.74,337316.0
2016-11-25,10.74,10.98,10.74,10.87,519800.0
2016-11-28,10.9,10.92,10.77,10.82,607702.0
2016-11-29,10.82,11.11,10.78,11.01,1052948.0
2016-11-30,10.94,11.03,10.88,11.02,750986.0
2016-12-01,11.0,11.18,10.91,10.98,915704.0
2016-12-02,10.95,11.1,10.92,11.04,896489.0
2016-12-05,10.93,10.99,10.85,10.9,647742.0
2016-12-06,10.91,10.93,10.85,10.86,332390.0
2016-12-07,10.85,10.91,10.84,10.91,285117.0
2016-12-08,10.97,10.99,10.89,10.91,285711.0
2016-12-09,10.96,11.09,10.92,11.04,715784.0
2016-12-12,11.01,11.07,10.78,10.91,834443.0
2016-12-13,10.89,10.89,10.78,10.84,285918.0
2016-12-14,10.84,10.88,10.79,10.8,289883.0
2016-12-15,10.75,10.8,10.59,10.6,590276.0
2016-12-16,10.6,10.62,10.5,10.58,328424.0
2016-12-19,10.59,10.88,10.55,10.67,503730.0
2016-12-20,10.57,10.62,10.45,10.57,446325.0
2016-12-21,10.55,10.82,10.53,10.75,778570.0
2016-12-22,10.72,10.79,10.7,10.77,237832.0
2016-12-23,10.76,10.83,10.62,10.76,260014.0
2016-12-26,10.68,10.78,10.62,10.75,238329.0
2016-12-27,10.75,10.76,10.68,10.74,146335.0
2016-12-28,10.74,10.78,10.71,10.74,166515.0
2016-12-29,10.74,10.74,10.69,10.7,125013.0
2016-12-30,10.71,10.78,10.68,10.77,296018.0
2017-01-03,10.75,10.91,10.75,10.9,454407.0
2017-01-04,10.93,11.1,10.92,10.98,816186.0
2017-01-05,10.96,11.38,10.89,11.19,906655.0
2017-01-06,11.15,11.37,11.1,11.16,673653.0
2017-01-09,11.13,11.23,11.06,11.18,467337.0
2017-01-10,11.15,11.2,11.04,11.06,366227.0
2017-01-11,11.05,11.1,10.97,10.98,311313.0
2017-01-12,10.96,11.0,10.89,10.9,267464.0
2017-01-13,10.92,10.98,10.88,10.96,391801.0
2017-01-16,10.96,11.11,10.82,11.05,887509.0
2017-01-17,11.04,11.05,10.96,11.02,237527.0
2017-01-18,11.0,11.05,10.96,11.03,360977.0
2017-01-19,11.0,11.06,10.91,10.95,258068.0
2017-01-20,10.94,11.01,10.89,10.96,345602.0
2017-01-23,10.87,10.92,10.77,10.78,690569.0
2017-01-24,10.77,10.79,10.72,10.78,367201.0
2017-01-25,10.78,10.8,10.75,10.8,140249.0
2017-01-26,10.79,10.85,10.77,10.83,287259.0
2017-02-03,10.84,10.85,10.64,10.67,389409.0
2017-02-06,10.68,10.7,10.62,10.68,396891.0
2017-02-07,10.68,10.69,10.63,10.67,227679.0
2017-02-08,10.66,10.76,10.64,10.75,268348.0
2017-02-09,10.76,10.78,10.72,10.77,226196.0
2017-02-10,10.77,10.82,10.75,10.79,410630.0
2017-02-13,10.79,10.84,10.75,10.8,483609.0
2017-02-14,10.82,10.96,10.8,10.83,417775.0
2017-02-15,10.81,10.82,10.72,10.73,409756.0
2017-02-16,10.72,10.76,10.69,10.73,433098.0
2017-02-17,10.73,10.74,10.67,10.68,317362.0
2017-02-20,10.68,10.76,10.66,10.75,374703.0
2017-02-21,10.75,10.77,10.74,10.77,282340.0
2017-02-22,10.77,10.8,10.73,10.75,408517.0
2017-02-23,10.75,10.75,10.67,10.71,405295.0
2017-02-24,10.69,10.74,10.65,10.71,304562.0
2017-02-27,10.69,10.7,10.63,10.65,263241.0
2017-02-28,10.64,10.68,10.63,10.65,161824.0
2017-03-01,10.65,10.69,10.64,10.65,239263.0
2017-03-02,10.69,10.71,10.6,10.61,416096.0
2017-03-03,10.59,10.63,10.54,10.62,343736.0
2017-03-06,10.61,10.62,10.58,10.61,194117.0
2017-03-07,10.61,10.65,10.6,10.64,179021.0
2017-03-08,10.65,10.65,10.61,10.63,145332.0
2017-03-09,10.61,10.64,10.56,10.63,245451.0
2017-03-10,10.62,10.64,10.58,10.59,164664.0
2017-03-13,10.59,10.63,10.55,10.63,188378.0
2017-03-14,10.62,10.63,10.6,10.62,180321.0
2017-03-15,10.62,10.64,10.59,10.61,218689.0
2017-03-16,10.63,10.68,10.59,10.62,490619.0
2017-03-17,10.62,10.64,10.45,10.54,679913.0
2017-03-20,10.61,10.77,10.6,10.75,1096864.0
2017-03-21,10.75,10.86,10.72,10.78,798399.0
2017-03-22,10.74,10.83,10.71,10.81,465474.0
2017-03-23,10.82,10.83,10.73,10.78,351876.0
2017-03-24,10.76,10.86,10.72,10.84,494465.0
2017-03-27,11.19,11.32,11.06,11.09,1629916.0
2017-03-28,11.14,11.14,11.0,11.08,565519.0
2017-03-29,11.07,11.13,11.0,11.06,459974.0
2017-03-30,11.06,11.17,11.03,11.08,662790.0
2017-03-31,11.06,11.27,11.05,11.26,830767.0
2017-04-05,11.29,11.45,11.28,11.36,783986.0
2017-04-06,11.34,11.47,11.3,11.41,561917.0
2017-04-07,11.4,11.44,11.32,11.4,415016.0
2017-04-10,11.48,11.64,11.47,11.53,951495.0
2017-04-11,11.49,11.64,11.45,11.53,618099.0
2017-04-12,11.5,11.6,11.48,11.58,657751.0
2017-04-13,11.58,11.69,11.47,11.5,541125.0
2017-04-14,11.5,11.58,11.41,11.48,433534.0
2017-04-17,11.47,11.49,11.33,11.47,476058.0
2017-04-18,11.49,11.57,11.45,11.48,406930.0
2017-04-19,11.45,11.53,11.32,11.48,432881.0
2017-04-20,11.47,11.73,11.46,11.66,761842.0
2017-04-21,11.69,11.74,11.53,11.69,581167.0
2017-04-24,11.68,11.76,11.58,11.75,564748.0
2017-04-25,11.71,11.73,11.46,11.54,464022.0
2017-04-26,11.53,11.57,11.46,11.5,217787.0
2017-04-27,11.5,11.56,11.34,11.47,524635.0
2017-04-28,11.49,11.53,11.42,11.49,266395.0
2017-05-02,11.48,11.64,11.46,11.61,353210.0
2017-05-03,11.61,11.67,11.56,11.65,283671.0
2017-05-04,11.61,11.71,11.56,11.63,375055.0
2017-05-05,11.61,11.66,11.48,11.66,325771.0
2017-05-08,11.63,11.77,11.48,11.76,664126.0
2017-05-09,11.71,11.74,11.64,11.66,208800.0
2017-05-10,11.65,11.69,11.58,11.66,229375.0
2017-05-11,11.64,11.79,11.61,11.77,526429.0
2017-05-12,11.77,11.83,11.71,11.78,249045.0
2017-05-15,11.82,12.0,11.77,11.99,384396.0
2017-05-16,11.99,12.17,11.94,12.13,411305.0
2017-05-17,12.13,12.17,11.99,12.0,269749.0
2017-05-18,11.99,12.11,11.94,12.08,218011.0
2017-05-19,12.05,12.13,11.96,12.09,187219.0
2017-05-22,12.09,12.18,12.0,12.17,276276.0
2017-05-23,12.17,12.3,12.05,12.28,503000.0
2017-05-24,12.19,12.24,12.01,12.21,422011.0
2017-05-25,12.13,12.21,12.09,12.15,373940.0
2017-05-26,12.1,12.2,12.08,12.15,255668.0
2017-05-31,12.14,12.27,11.96,12.24,776424.0
2017-06-01,12.13,12.28,12.04,12.1,582117.0
2017-06-02,12.09,12.16,12.06,12.11,178226.0
2017-06-05,12.11,12.14,11.91,11.92,317476.0
2017-06-06,11.89,11.9,11.7,11.73,600344.0
2017-06-07,11.74,11.83,11.73,11.77,577590.0
2017-06-08,11.78,11.91,11.75,11.9,488533.0
2017-06-09,11.96,12.14,11.96,12.06,572898.0
2017-06-12,12.05,12.17,12.0,12.1,366048.0
2017-06-13,12.09,12.12,12.02,12.05,230467.0
2017-06-14,12.06,12.12,11.9,11.92,346953.0
2017-06-15,11.89,11.93,11.7,11.76,461433.0
2017-06-16,11.75,11.83,11.74,11.79,198788.0
2017-06-19,11.78,11.84,11.74,11.81,363086.0
2017-06-20,11.83,11.84,11.76,11.81,188581.0
2017-06-21,11.84,11.91,11.77,11.9,270727.0
2017-06-22,11.92,12.03,11.83,11.93,646289.0
2017-06-23,11.89,11.97,11.8,11.96,363708.0
2017-06-26,11.94,12.01,11.9,11.98,551818.0
2017-06-27,11.97,12.11,11.95,12.09,394596.0
2017-06-28,12.11,12.14,12.04,12.05,414027.0
2017-06-29,12.07,12.26,12.05,12.24,384359.0
2017-06-30,12.17,12.37,12.11,12.33,365975.0
2017-07-03,12.34,12.4,12.25,12.33,287969.0
2017-07-04,12.34,12.34,12.17,12.18,274674.0
2017-07-05,12.16,12.3,12.11,12.27,222040.0
2017-07-06,12.25,12.32,12.18,12.3,208118.0
2017-07-07,12.4,12.88,12.4,12.8,1068364.0
2017-07-10,12.8,12.88,12.71,12.84,446854.0
2017-07-11,12.79,12.88,12.71,12.77,399475.0
2017-07-12,12.73,12.9,12.72,12.75,323308.0
2017-07-13,12.78,12.98,12.73,12.94,434284.0
2017-07-14,12.91,13.05,12.87,12.98,279071.0
2017-07-17,13.12,13.28,12.75,13.01,879864.0
2017-07-18,12.94,13.02,12.77,12.92,508138.0
2017-07-19,12.94,13.16,12.9,12.99,725449.0
2017-07-20,13.01,13.1,12.93,13.03,477733.0
2017-07-21,13.02,13.09,12.96,13.0,404605.0
2017-07-24,12.99,13.12,12.95,12.99,443323.0
2017-07-25,12.99,13.0,12.78,12.86,443552.0
2017-07-26,12.84,12.91,12.69,12.86,557032.0
2017-07-27,12.83,12.89,12.78,12.87,332604.0
2017-07-28,12.83,12.88,12.69,12.73,458461.0
2017-07-31,12.74,12.8,12.67,12.69,398938.0
2017-08-01,12.7,12.79,12.65,12.78,442472.0
2017-08-02,12.81,12.81,12.65,12.67,391726.0
2017-08-03,12.65,12.78,12.64,12.68,310732.0
2017-08-04,12.67,12.84,12.64,12.73,446229.0
2017-08-07,12.68,12.76,12.53,12.55,485866.0
2017-08-08,12.51,12.61,12.5,12.55,281531.0
2017-08-09,12.55,12.56,12.5,12.51,205193.0
2017-08-10,12.58,12.78,12.57,12.69,552010.0
2017-08-11,12.6,12.7,12.45,12.62,624677.0
2017-08-14,12.6,12.69,12.52,12.56,420260.0
2017-08-15,12.59,12.7,12.55,12.69,312184.0
2017-08-16,12.69,12.73,12.66,12.72,291818.0
2017-08-17,12.77,12.99,12.76,12.98,667919.0
2017-08-18,12.93,13.23,12.86,13.15,800167.0
2017-08-21,13.24,13.39,12.95,13.01,755187.0
2017-08-22,12.95,13.01,12.85,12.88,434518.0
2017-08-23,12.89,12.93,12.82,12.88,240959.0
2017-08-24,12.91,13.03,12.86,12.89,321233.0
2017-08-25,12.92,13.01,12.86,12.99,316851.0
2017-08-28,13.03,13.23,12.87,12.98,877277.0
2017-08-29,12.98,13.04,12.91,13.04,460194.0
2017-08-30,13.17,13.21,13.05,13.09,793724.0
2017-08-31,13.09,13.15,13.05,13.08,430973.0
2017-09-01,13.08,13.16,12.99,13.04,529002.0
2017-09-04,12.98,13.07,12.96,13.06,425676.0
2017-09-05,13.06,13.06,12.94,12.95,340305.0
2017-09-06,12.95,12.97,12.84,12.89,332408.0
2017-09-07,12.87,12.89,12.8,12.81,320980.0
2017-09-08,12.84,12.89,12.75,12.78,301979.0
2017-09-11,12.78,12.93,12.78,12.84,382629.0
2017-09-12,12.85,12.91,12.84,12.9,351795.0
2017-09-13,12.89,12.94,12.86,12.9,352789.0
2017-09-14,12.93,12.96,12.88,12.91,269050.0
2017-09-15,12.9,12.92,12.77,12.79,353125.0
2017-09-18,12.8,12.83,12.75,12.79,329379.0
2017-09-19,12.8,12.85,12.78,12.81,217555.0
2017-09-20,12.8,12.87,12.77,12.8,270570.0
2017-09-21,12.79,12.86,12.75,12.77,347536.0
2017-09-22,12.77,12.84,12.69,12.79,386334.0
2017-09-25,12.79,12.92,12.7,12.89,460888.0
2017-09-26,12.86,12.91,12.8,12.85,248349.0
2017-09-27,12.84,12.88,12.77,12.78,239028.0
2017-09-28,12.76,12.82,12.72,12.79,224542.0
2017-09-29,12.78,12.81,12.66,12.69,361958.0
2017-10-09,12.79,12.87,12.71,12.81,449134.0
2017-10-10,12.85,12.97,12.84,12.96,419874.0
2017-10-11,12.93,12.98,12.9,12.96,313128.0
2017-10-12,12.96,13.06,12.95,13.0,342406.0
2017-10-13,13.01,13.04,12.9,12.91,323916.0
2017-10-16,12.91,13.0,12.89,12.9,287308.0
2017-10-17,12.89,12.98,12.86,12.92,271205.0
2017-10-18,12.91,13.12,12.85,13.1,673430.0
2017-10-19,13.09,13.18,13.05,13.17,524833.0
2017-10-20,13.14,13.16,13.07,13.11,265902.0
2017-10-23,13.1,13.16,13.06,13.15,329537.0
2017-10-24,13.13,13.33,13.11,13.32,724209.0
2017-10-25,13.32,13.4,13.26,13.34,466432.0
2017-10-26,13.27,13.3,13.0,13.06,1362311.0
2017-10-27,13.08,13.17,13.02,13.11,486085.0
2017-10-30,13.12,13.15,12.96,13.09,577251.0
2017-10-31,13.07,13.11,13.0,13.04,378069.0
2017-11-01,13.04,13.04,12.83,12.85,760051.0
2017-11-02,12.86,12.92,12.78,12.88,361502.0
2017-11-03,12.88,12.89,12.66,12.78,685664.0
2017-11-06,12.78,12.8,12.7,12.77,370228.0
2017-11-07,12.76,12.84,12.72,12.8,457014.0
2017-11-08,12.8,12.9,12.77,12.82,424379.0
2017-11-09,12.81,12.87,12.79,12.86,271363.0
2017-11-10,12.86,12.87,12.73,12.78,376271.0
2017-11-13,12.78,12.96,12.76,12.93,415312.0
2017-11-14,12.94,12.95,12.85,12.89,304990.0
2017-11-15,12.87,12.9,12.77,12.85,396352.0
2017-11-16,12.83,12.83,12.72,12.73,323445.0
2017-11-17,12.74,13.0,12.64,12.97,1093673.0
2017-11-20,12.94,13.0,12.83,12.97,525579.0
2017-11-21,12.94,13.29,12.9,13.23,1268321.0
2017-11-22,13.25,13.33,13.15,13.32,1001579.0
2017-11-23,13.34,13.43,12.97,13.05,1141401.0
2017-11-24,13.0,13.04,12.75,12.96,801929.0
2017-11-27,12.88,12.98,12.73,12.96,762013.0
2017-11-28,12.88,12.91,12.81,12.84,379583.0
2017-11-29,12.84,12.86,12.76,12.82,438483.0
2017-11-30,12.82,12.85,12.75,12.79,416806.0
2017-12-01,12.76,12.83,12.74,12.8,294562.0
2017-12-04,12.78,12.86,12.78,12.81,342070.0
2017-12-05,12.81,13.08,12.81,13.01,905042.0
2017-12-06,12.99,13.02,12.87,12.99,419930.0
2017-12-07,12.94,13.02,12.82,12.91,372309.0
2017-12-08,12.87,12.95,12.85,12.91,269251.0
2017-12-11,12.87,12.9,12.8,12.86,454278.0
2017-12-12,12.87,12.88,12.8,12.81,237747.0
2017-12-13,12.79,12.83,12.74,12.82,260538.0
2017-12-14,12.83,12.84,12.76,12.8,205235.0
2017-12-15,12.8,12.81,12.68,12.72,308450.0
2017-12-18,12.72,12.74,12.66,12.73,220363.0
2017-12-19,12.73,12.73,12.67,12.73,281889.0
2017-12-20,12.72,12.76,12.64,12.75,337725.0
2017-12-21,12.73,12.8,12.68,12.76,280119.0
2017-12-22,12.76,12.9,12.75,12.84,348192.0
2017-12-25,12.84,12.89,12.77,12.83,283488.0
2017-12-26,12.83,12.95,12.78,12.92,337245.0
2017-12-27,12.89,13.11,12.89,12.96,666971.0
2017-12-28,12.93,13.09,12.92,12.97,484474.0
2017-12-29,12.99,13.04,12.95,13.01,297847.0
2018-01-02,13.09,13.18,13.01,13.07,899557.0
2018-01-03,13.12,13.27,13.08,13.23,951685.0
2018-01-04,13.23,13.25,13.14,13.2,572673.0
2018-01-05,13.25,13.4,13.18,13.35,981713.0
2018-01-08,13.37,13.86,13.32,13.71,1676012.0
2018-01-09,13.7,13.89,13.65,13.8,1172334.0
2018-01-10,13.84,13.99,13.74,13.81,920616.0
2018-01-11,13.83,13.88,13.61,13.72,695138.0
2018-01-12,13.72,13.78,13.61,13.69,558431.0
2018-01-15,13.67,13.83,13.55,13.59,1047429.0
2018-01-16,13.6,13.69,13.49,13.6,907952.0
2018-01-17,13.65,13.84,13.52,13.61,1039847.0
2018-01-18,13.64,13.67,13.46,13.59,993758.0
2018-01-19,13.66,13.89,13.58,13.85,1386439.0
2018-01-22,13.86,14.13,13.77,14.06,1470689.0
2018-01-23,14.0,14.11,13.92,14.06,1201176.0
2018-01-24,14.14,14.22,13.99,14.06,884832.0
2018-01-25,14.0,14.04,13.85,13.95,809368.0
2018-01-26,13.95,14.18,13.91,14.16,773932.0
2018-01-29,14.25,14.42,13.99,14.01,978575.0
2018-01-30,14.0,14.09,13.9,14.0,547126.0
2018-01-31,13.7,13.73,13.46,13.59,1315239.0
2018-02-01,13.59,13.71,13.47,13.69,943934.0
2018-02-02,13.6,13.71,13.5,13.68,542575.0
2018-02-05,13.57,13.91,13.55,13.86,769217.0
2018-02-06,13.73,13.84,13.62,13.81,1400176.0
2018-02-07,13.86,14.02,13.59,13.72,983279.0
2018-02-08,13.65,13.68,13.12,13.31,876962.0
2018-02-09,13.0,13.1,12.47,13.08,1207600.0
2018-02-12,12.97,13.13,12.88,13.01,515047.0
2018-02-13,13.1,13.19,13.05,13.15,364101.0
2018-02-14,13.15,13.18,13.0,13.04,307124.0
2018-02-22,13.11,13.27,13.11,13.26,378265.0
2018-02-23,13.25,13.35,13.2,13.32,318711.0
2018-02-26,13.32,13.46,13.26,13.42,296774.0
2018-02-27,13.42,13.45,13.32,13.39,359852.0
2018-02-28,13.35,13.38,13.25,13.26,306027.0
2018-03-01,13.2,13.3,13.05,13.13,317777.0
2018-03-02,13.07,13.15,13.0,13.06,271629.0
2018-03-05,13.06,13.13,13.02,13.1,235839.0
2018-03-06,13.11,13.14,13.04,13.13,267536.0
2018-03-07,13.13,13.17,12.96,13.02,372013.0
2018-03-08,12.99,13.01,12.9,12.93,339002.0
2018-03-09,12.92,12.96,12.84,12.94,397662.0
2018-03-12,12.97,13.04,12.94,13.01,368346.0
2018-03-13,13.03,13.03,12.94,12.98,245583.0
2018-03-14,12.99,12.99,12.91,12.94,183912.0
2018-03-15,12.94,13.01,12.91,12.99,221173.0
2018-03-16,12.99,13.0,12.89,12.9,227100.0
2018-03-19,12.9,12.9,12.75,12.76,308554.0
2018-03-20,12.72,12.84,12.66,12.78,208162.0
2018-03-21,12.78,12.88,12.77,12.79,247555.0
2018-03-22,12.79,12.83,12.64,12.67,275196.0
2018-03-23,12.49,12.71,12.26,12.61,724438.0
2018-03-26,12.48,12.69,12.3,12.57,419281.0
2018-03-27,12.62,12.65,12.38,12.48,489129.0
2018-03-28,12.39,12.48,12.22,12.23,419145.0
2018-03-29,12.25,12.3,12.05,12.24,413949.0
2018-03-30,12.25,12.27,12.12,12.22,267542.0
2018-04-02,12.22,12.28,12.13,12.14,299205.0
2018-04-03,12.1,12.11,12.01,12.04,273557.0
2018-04-04,12.08,12.12,12.01,12.02,364251.0
2018-04-09,12.01,12.07,11.99,12.03,256311.0
2018-04-10,12.03,12.14,12.01,12.13,613610.0
2018-04-11,12.19,12.21,12.12,12.18,558568.0
2018-04-12,12.17,12.19,12.02,12.04,479825.0
2018-04-13,12.07,12.07,11.99,12.01,409410.0
2018-04-16,12.0,12.04,11.87,11.87,453627.0
2018-04-17,11.88,11.93,11.79,11.81,274868.0
2018-04-18,11.88,11.89,11.78,11.82,309267.0
2018-04-19,11.83,11.99,11.83,11.94,307845.0
2018-04-20,11.92,11.99,11.87,11.88,304702.0
2018-04-23,11.88,12.01,11.88,12.01,237399.0
2018-04-24,11.98,12.21,11.98,12.19,409716.0
2018-04-25,12.15,12.21,12.12,12.17,206308.0
2018-04-26,12.17,12.19,12.12,12.14,215362.0
2018-04-27,12.17,12.24,12.15,12.23,325461.0
2018-05-02,12.29,12.47,12.29,12.42,496697.0
2018-05-03,12.41,12.52,12.33,12.5,447235.0
2018-05-04,12.49,12.69,12.47,12.66,541872.0
2018-05-07,12.71,12.78,12.58,12.71,388713.0
2018-05-08,12.69,12.77,12.67,12.68,291820.0
2018-05-09,12.68,12.7,12.52,12.59,371716.0
2018-05-10,12.63,12.77,12.62,12.73,340913.0
2018-05-11,12.75,12.8,12.71,12.76,264167.0
2018-05-14,12.77,12.81,12.57,12.64,442576.0
2018-05-15,12.65,12.69,12.56,12.63,344830.0
2018-05-16,12.62,12.66,12.51,12.54,374329.0
2018-05-17,12.52,12.57,12.44,12.48,382691.0
2018-05-18,12.49,12.59,12.42,12.58,451092.0
2018-05-21,12.62,12.69,12.59,12.64,310025.0
2018-05-22,12.65,12.67,12.59,12.65,236059.0
2018-05-23,12.62,12.66,12.37,12.4,448303.0
2018-05-24,12.39,12.47,12.34,12.38,304483.0
2018-05-25,12.38,12.4,12.29,12.32,291857.0
2018-05-28,12.31,12.42,12.3,12.37,308834.0
2018-05-29,12.37,12.43,12.31,12.34,314331.0
2018-05-30,12.29,12.31,12.2,12.23,284695.0
2018-05-31,12.28,12.39,12.27,12.34,433224.0
2018-06-01,12.32,12.48,12.31,12.38,327752.0
2018-06-04,12.43,12.54,12.4,12.54,352216.0
2018-06-05,12.59,12.65,12.55,12.61,376917.0
2018-06-06,12.63,12.64,12.56,12.61,244359.0
2018-06-07,12.64,12.71,12.61,12.68,375264.0
2018-06-08,12.7,12.72,12.55,12.58,334650.0
2018-06-11,12.58,12.79,12.58,12.78,485550.0
2018-06-12,12.8,13.01,12.76,13.0,611732.0
2018-06-13,12.99,13.15,12.96,13.0,563814.0
2018-06-14,13.1,13.14,12.99,13.07,568325.0
2018-06-15,13.09,13.2,12.99,13.08,369790.0
2018-06-19,13.03,13.08,12.72,12.89,649871.0
2018-06-20,12.86,12.91,12.75,12.89,363014.0
2018-06-21,13.03,13.24,12.99,13.13,697264.0
2018-06-22,13.08,13.2,13.02,13.16,461171.0
2018-06-25,13.16,13.27,13.1,13.19,537975.0
2018-06-26,13.12,13.14,12.84,12.94,596072.0
2018-06-27,12.98,13.02,12.66,12.8,577843.0
2018-06-28,12.85,12.85,12.49,12.5,448503.0
2018-06-29,12.47,12.65,12.45,12.62,303707.0
2018-07-02,12.59,12.64,12.21,12.27,373056.0
2018-07-03,12.37,12.44,12.26,12.38,414928.0
2018-07-04,12.39,12.6,12.35,12.49,313523.0
2018-07-05,12.5,12.69,12.45,12.63,394030.0
2018-07-06,12.66,12.73,12.49,12.64,310316.0
2018-07-09,12.67,12.8,12.64,12.78,272389.0
2018-07-10,12.8,12.97,12.73,12.94,250888.0
2018-07-11,12.8,12.9,12.76,12.84,243627.0
2018-07-12,12.86,13.1,12.81,13.06,372918.0
2018-07-13,13.09,13.13,13.02,13.11,177096.0
2018-07-16,13.11,13.22,13.1,13.15,220435.0
2018-07-17,13.19,13.24,13.11,13.18,249161.0
2018-07-18,13.21,13.23,13.02,13.04,222136.0
2018-07-19,13.1,13.26,13.09,13.14,302629.0
2018-07-20,13.17,13.25,13.11,13.21,340921.0
2018-07-23,13.25,13.44,13.21,13.39,383591.0
2018-07-24,13.4,13.46,13.28,13.3,457338.0
2018-07-25,13.35,13.36,13.21,13.3,288389.0
2018-07-26,13.32,13.36,13.19,13.22,219149.0
2018-07-27,13.24,13.28,13.13,13.15,154736.0
2018-07-30,13.12,13.37,13.12,13.36,398986.0
2018-07-31,13.4,13.45,13.32,13.36,262273.0
2018-08-01,13.41,13.49,13.15,13.17,318555.0
2018-08-02,13.19,13.29,12.93,13.04,365400.0
2018-08-03,13.01,13.22,13.0,13.1,266505.0
2018-08-06,13.12,13.22,13.02,13.06,231279.0
2018-08-07,13.05,13.27,12.98,13.26,260065.0
2018-08-08,13.21,13.36,13.19,13.28,258184.0
2018-08-09,13.28,13.43,13.23,13.4,369915.0
2018-08-10,13.45,13.45,13.3,13.38,239218.0
2018-08-13,13.31,13.31,13.17,13.25,257336.0
2018-08-14,13.27,13.37,13.22,13.36,270138.0
2018-08-15,13.33,13.35,13.18,13.23,241524.0
2018-08-16,13.16,13.37,13.11,13.33,317351.0
2018-08-17,13.34,13.4,13.13,13.14,236038.0
2018-08-20,13.16,13.27,13.06,13.21,252967.0
2018-08-21,13.21,13.39,13.21,13.36,282063.0
2018-08-22,13.34,13.38,13.28,13.3,195673.0
2018-08-23,13.33,13.4,13.24,13.39,271967.0
2018-08-24,13.38,13.45,13.33,13.42,205295.0
2018-08-27,13.46,13.55,13.37,13.53,329706.0
2018-08-28,13.53,13.54,13.47,13.52,212021.0
2018-08-29,13.41,13.41,13.03,13.05,786092.0
2018-08-30,13.07,13.17,13.06,13.1,372829.0
2018-08-31,13.14,13.14,12.94,13.04,336820.0
2018-09-03,12.99,12.99,12.64,12.75,468631.0
2018-09-04,12.75,12.8,12.67,12.78,339186.0
2018-09-05,12.74,12.81,12.64,12.64,226857.0
2018-09-06,12.65,12.7,12.6,12.64,183102.0
2018-09-07,12.63,12.73,12.52,12.64,346812.0
2018-09-10,12.61,12.67,12.54,12.62,179744.0
2018-09-11,12.56,12.65,12.53,12.64,241249.0
2018-09-12,12.59,12.63,12.43,12.43,256885.0
2018-09-13,12.53,12.53,12.17,12.3,669155.0
2018-09-14,12.32,12.37,12.32,12.34,303986.0
2018-09-17,12.34,12.44,12.3,12.39,221589.0
2018-09-18,12.39,12.66,12.39,12.66,307465.0
2018-09-19,12.65,12.71,12.5,12.59,713762.0
2018-09-20,12.58,12.63,12.4,12.49,570713.0
2018-09-21,12.44,12.47,12.28,12.46,1021297.0
2018-09-25,12.37,12.47,12.34,12.46,439002.0
2018-09-26,12.52,12.57,12.43,12.51,669029.0
2018-09-27,12.51,12.56,12.49,12.52,367626.0
2018-09-28,12.56,12.67,12.52,12.64,383023.0
2018-10-08,12.55,12.56,12.35,12.39,421607.0
2018-10-09,12.36,12.4,12.31,12.34,220600.0
2018-10-10,12.35,12.46,12.35,12.37,258978.0
2018-10-11,12.26,12.29,11.96,12.0,564119.0
2018-10-12,12.01,12.11,11.93,12.05,316126.0
2018-10-15,12.07,12.16,12.0,12.03,210493.0
2018-10-16,12.0,12.11,12.0,12.02,201216.0
2018-10-17,12.12,12.26,12.07,12.26,343736.0
2018-10-18,12.22,12.23,12.01,12.01,358974.0
2018-10-19,11.97,12.24,11.92,12.22,442813.0
2018-10-22,12.24,12.5,12.23,12.47,570042.0
2018-10-23,12.5,12.51,12.29,12.3,400262.0
2018-10-24,12.28,12.44,12.28,12.33,213891.0
2018-10-25,12.22,12.4,12.17,12.33,265870.0
2018-10-26,12.37,12.51,12.35,12.47,364944.0
2018-10-29,12.47,12.52,12.36,12.39,222506.0
2018-10-30,12.39,12.47,12.31,12.32,353682.0
2018-10-31,12.38,12.52,12.38,12.47,504228.0
2018-11-01,12.47,12.61,12.47,12.5,397158.0
2018-11-02,12.59,12.63,12.54,12.61,374928.0
2018-11-05,12.58,12.6,12.49,12.59,262847.0
2018-11-06,12.59,12.59,12.5,12.54,141789.0
2018-11-07,12.56,12.57,12.44,12.46,202861.0
2018-11-08,12.5,12.53,12.45,12.5,215522.0
2018-11-09,12.47,12.53,12.41,12.47,212399.0
2018-11-12,12.42,12.52,12.4,12.51,292845.0
2018-11-13,12.45,12.53,12.43,12.51,170377.0
2018-11-14,12.49,12.52,12.43,12.44,172379.0
2018-11-15,12.43,12.5,12.43,12.47,142233.0
2018-11-16,12.49,12.5,12.4,12.41,289178.0
2018-11-19,12.41,12.46,12.4,12.46,199304.0
2018-11-20,12.43,12.44,12.33,12.34,177712.0
2018-11-21,12.3,12.38,12.29,12.35,182370.0
2018-11-22,12.34,12.35,12.29,12.3,121269.0
2018-11-23,12.29,12.29,12.14,12.16,279441.0
2018-11-26,12.15,12.17,12.05,12.07,235847.0
2018-11-27,12.1,12.12,12.02,12.03,179011.0
2018-11-28,12.04,12.13,12.01,12.11,198313.0
2018-11-29,12.13,12.15,12.01,12.05,205959.0
2018-11-30,12.05,12.13,12.03,12.12,295832.0
2018-12-03,12.21,12.33,12.2,12.28,406273.0
2018-12-04,12.26,12.33,12.23,12.31,293095.0
2018-12-05,12.24,12.35,12.22,12.35,203213.0
2018-12-06,12.31,12.33,12.21,12.24,248069.0
2018-12-07,12.24,12.35,12.23,12.33,205208.0
2018-12-10,12.3,12.4,12.29,12.39,286388.0
2018-12-11,12.43,12.44,12.35,12.38,144233.0
2018-12-12,12.43,12.43,12.36,12.39,114145.0
2018-12-13,12.4,12.43,12.34,12.4,268842.0
2018-12-14,12.39,12.41,12.35,12.37,175983.0
2018-12-17,12.36,12.43,12.34,12.39,270154.0
2018-12-18,12.38,12.46,12.36,12.46,321465.0
2018-12-19,12.45,12.55,12.42,12.5,325639.0
2018-12-20,12.5,12.54,12.33,12.38,234552.0
2018-12-21,12.39,12.41,12.32,12.39,243533.0
2018-12-24,12.41,12.49,12.4,12.45,179422.0
2018-12-25,12.44,12.52,12.37,12.5,260629.0
2018-12-26,12.5,12.57,12.48,12.53,232051.0
2018-12-27,12.57,12.6,12.49,12.57,208822.0
2018-12-28,12.54,12.66,12.49,12.64,394433.0
2019-01-02,12.61,12.65,12.53,12.6,227633.0
2019-01-03,12.56,12.6,12.42,12.5,193738.0
2019-01-04,12.46,12.55,12.43,12.54,217531.0
2019-01-07,12.59,12.71,12.53,12.65,373668.0
2019-01-08,12.65,12.71,12.57,12.59,214893.0
2019-01-09,12.61,12.7,12.6,12.6,256558.0
2019-01-10,12.63,12.64,12.42,12.43,367130.0
2019-01-11,12.43,12.57,12.41,12.57,252847.0
2019-01-14,12.55,12.59,12.47,12.49,181728.0
2019-01-15,12.52,12.55,12.48,12.53,132801.0
2019-01-16,12.52,12.63,12.5,12.61,186108.0
2019-01-17,12.59,12.75,12.58,12.72,312914.0
2019-01-18,12.74,12.81,12.69,12.78,257057.0
2019-01-21,12.79,12.84,12.74,12.77,212069.0
2019-01-22,12.77,12.78,12.65,12.67,172163.0
2019-01-23,12.71,12.82,12.69,12.81,255255.0
2019-01-24,12.82,12.88,12.76,12.86,255403.0
2019-01-25,12.86,12.96,12.86,12.89,306409.0
2019-01-28,12.92,13.02,12.87,12.89,195015.0
2019-01-29,12.98,13.17,12.89,13.14,329210.0
2019-01-30,13.09,13.14,12.9,12.95,276493.0
2019-01-31,12.99,13.03,12.9,12.96,178824.0
2019-02-01,12.99,13.12,12.91,13.11,242988.0
2019-02-11,13.08,13.09,12.92,13.05,332526.0
2019-02-12,13.01,13.09,12.99,13.01,277542.0
2019-02-13,13.05,13.13,13.01,13.11,333192.0
2019-02-14,13.12,13.12,13.02,13.04,227362.0
2019-02-15,13.05,13.05,12.82,12.87,380796.0
2019-02-18,12.91,12.98,12.89,12.97,360687.0
2019-02-19,12.96,13.16,12.96,13.15,501237.0
2019-02-20,13.14,13.21,13.08,13.15,206966.0
2019-02-21,13.13,13.15,13.06,13.08,274669.0
2019-02-22,13.1,13.13,13.03,13.12,313527.0
2019-02-25,13.1,13.37,13.1,13.37,577070.0
2019-02-26,13.37,13.44,13.22,13.26,645285.0
2019-02-27,13.26,13.38,13.2,13.26,390228.0
2019-02-28,13.28,13.36,13.2,13.34,434375.0
2019-03-01,13.34,13.38,13.22,13.29,336679.0
2019-03-04,13.32,13.44,13.26,13.28,757581.0
2019-03-05,13.28,13.28,13.18,13.24,483338.0
2019-03-06,13.22,13.31,13.2,13.31,586178.0
2019-03-07,13.29,13.31,13.17,13.2,737544.0
2019-03-08,13.15,13.15,12.86,12.86,683895.0
2019-03-11,12.86,12.94,12.82,12.9,505868.0
2019-03-12,12.93,12.99,12.87,12.91,548509.0
2019-03-13,12.92,12.93,12.83,12.87,485990.0
2019-03-14,12.86,12.91,12.79,12.82,391366.0
2019-03-15,12.81,12.9,12.81,12.85,417497.0
2019-03-18,12.87,13.01,12.81,13.0,785846.0
2019-03-19,12.98,13.02,12.91,12.98,495784.0
2019-03-20,12.95,12.99,12.86,12.94,366695.0
2019-03-21,12.93,12.96,12.87,12.91,388336.0
2019-03-22,12.92,12.94,12.88,12.92,377765.0
2019-03-25,12.86,12.89,12.76,12.77,469295.0
2019-03-26,12.76,12.79,12.62,12.65,399631.0
2019-03-27,12.68,12.69,12.63,12.66,279866.0
2019-03-28,12.65,12.65,12.57,12.58,293400.0
2019-03-29,12.61,12.76,12.6,12.75,536886.0
2019-04-01,12.78,12.92,12.76,12.89,688209.0
2019-04-02,12.9,12.92,12.83,12.87,388542.0
2019-04-03,12.84,12.94,12.82,12.93,590834.0
2019-04-04,12.95,12.99,12.89,12.94,700584.0
2019-04-08,12.96,13.01,12.92,13.0,716490.0
2019-04-09,12.96,12.98,12.85,12.88,557811.0
2019-04-10,12.86,12.95,12.85,12.91,496323.0
2019-04-11,12.91,12.93,12.77,12.78,449274.0
2019-04-12,12.79,12.85,12.75,12.83,395305.0
2019-04-15,12.87,12.96,12.86,12.86,484423.0
2019-04-16,12.85,12.96,12.77,12.96,551530.0
2019-04-17,12.94,12.96,12.89,12.91,395363.0
2019-04-18,12.91,12.93,12.87,12.88,237694.0
2019-04-19,12.9,12.95,12.83,12.89,280835.0
2019-04-22,12.92,12.95,12.84,12.87,470746.0
2019-04-23,12.87,12.88,12.76,12.77,356067.0
2019-04-24,12.78,12.8,12.73,12.78,277411.0
2019-04-25,12.82,12.86,12.79,12.79,546386.0
2019-04-26,12.77,12.79,12.65,12.66,468125.0
2019-04-29,12.66,12.82,12.63,12.79,463276.0
2019-04-30,12.78,12.94,12.76,12.93,382263.0
2019-05-06,12.81,12.81,12.53,12.68,678629.0
2019-05-07,12.64,12.74,12.6,12.66,391186.0
2019-05-08,12.61,12.65,12.53,12.57,382016.0
2019-05-09,12.56,12.62,12.51,12.51,406152.0
2019-05-10,12.55,12.65,12.49,12.62,340180.0
2019-05-13,12.57,12.64,12.54,12.56,246341.0
2019-05-14,12.53,12.64,12.51,12.58,392205.0
2019-05-15,12.61,12.64,12.58,12.6,242157.0
2019-05-16,12.6,12.7,12.58,12.68,255880.0
2019-05-17,12.68,12.7,12.61,12.61,286654.0
2019-05-20,12.61,12.67,12.54,12.59,294955.0
2019-05-21,12.59,12.65,12.57,12.6,273409.0
2019-05-22,12.62,12.68,12.6,12.62,235124.0
2019-05-23,12.63,12.63,12.57,12.58,161272.0
2019-05-24,12.58,12.63,12.57,12.62,173231.0
2019-05-27,12.63,12.66,12.58,12.65,191793.0
2019-05-28,12.66,12.84,12.64,12.84,647942.0
2019-05-29,12.78,12.83,12.75,12.77,203586.0
2019-05-30,12.77,12.86,12.76,12.86,283123.0
2019-05-31,12.82,12.93,12.76,12.77,350553.0
2019-06-03,12.82,12.88,12.72,12.85,479636.0
2019-06-04,12.82,12.86,12.77,12.83,263055.0
2019-06-05,12.85,12.88,12.8,12.85,333401.0
2019-06-06,12.83,12.87,12.77,12.79,283633.0
2019-06-10,12.83,12.89,12.78,12.87,369309.0
2019-06-11,12.86,12.94,12.84,12.92,444877.0
2019-06-12,12.9,12.91,12.85,12.88,318622.0
2019-06-13,12.87,12.88,12.78,12.81,305135.0
2019-06-14,12.84,12.93,12.77,12.89,608919.0
2019-06-17,12.88,12.88,12.79,12.8,407245.0
2019-06-18,12.81,12.88,12.79,12.87,218985.0
2019-06-19,12.91,13.06,12.9,13.03,675781.0
2019-06-20,13.03,13.19,13.02,13.17,560080.0
2019-06-21,13.16,13.19,13.1,13.17,451651.0
2019-06-24,13.17,13.26,13.13,13.22,398373.0
2019-06-25,13.2,13.23,13.09,13.16,378451.0
2019-06-26,13.15,13.23,13.12,13.17,603928.0
2019-06-27,13.17,13.23,13.02,13.04,652049.0
2019-06-28,13.04,13.05,12.91,12.98,374848.0
2019-07-01,13.04,13.11,13.04,13.09,392351.0
2019-07-02,13.09,13.17,13.05,13.16,403907.0
2019-07-03,13.16,13.17,13.06,13.09,358405.0
2019-07-04,13.09,13.1,12.96,12.99,394366.0
2019-07-05,13.03,13.05,12.93,13.0,332688.0
2019-07-08,12.95,12.97,12.83,12.88,521211.0
2019-07-09,12.86,12.89,12.81,12.83,286425.0
2019-07-10,12.84,12.85,12.75,12.76,215729.0
2019-07-11,12.8,12.81,12.76,12.76,221807.0
2019-07-12,12.78,12.79,12.72,12.74,218356.0
2019-07-15,12.74,12.78,12.66,12.77,230803.0
2019-07-16,12.77,12.77,12.71,12.73,243702.0
2019-07-17,12.73,12.77,12.7,12.77,177661.0
2019-07-18,12.74,12.75,12.66,12.68,239542.0
2019-07-19,12.68,12.74,12.67,12.68,185263.0
2019-07-22,12.69,12.71,12.61,12.67,230631.0
2019-07-23,12.65,12.72,12.64,12.71,186551.0
2019-07-24,12.71,12.8,12.7,12.77,294619.0
2019-07-25,12.78,12.79,12.72,12.76,195916.0
2019-07-26,12.75,12.77,12.72,12.74,183398.0
2019-07-29,12.73,12.79,12.73,12.78,174947.0
2019-07-30,12.79,12.84,12.78,12.81,185306.0
2019-07-31,12.8,12.83,12.79,12.79,179422.0
2019-08-01,12.79,12.82,12.75,12.78,159667.0
2019-08-02,12.74,12.74,12.65,12.72,216551.0
2019-08-05,12.69,12.71,12.49,12.5,372243.0
2019-08-06,12.43,12.43,12.27,12.37,424858.0
2019-08-07,12.38,12.41,12.3,12.38,238765.0
2019-08-08,12.39,12.51,12.38,12.49,232668.0
2019-08-09,12.51,12.56,12.49,12.49,200136.0
2019-08-12,12.42,12.56,12.42,12.55,177543.0
2019-08-13,12.5,12.54,12.43,12.43,184884.0
2019-08-14,12.5,12.53,12.37,12.41,230520.0
2019-08-15,12.31,12.37,12.28,12.34,261546.0
2019-08-16,12.34,12.41,12.3,12.4,189136.0
2019-08-19,12.41,12.56,12.41,12.55,253377.0
2019-08-20,12.55,12.6,12.52,12.58,147241.0
2019-08-21,12.56,12.6,12.55,12.55,135166.0
2019-08-22,12.57,12.66,12.55,12.64,261381.0
2019-08-23,12.65,12.71,12.62,12.66,195091.0
2019-08-26,12.58,12.66,12.54,12.57,222756.0
2019-08-27,12.6,12.74,12.54,12.54,389335.0
2019-08-28,12.59,12.64,12.56,12.61,159269.0
2019-08-29,12.62,12.68,12.57,12.63,248042.0
2019-08-30,12.68,12.7,12.56,12.63,241278.0
2019-09-02,12.63,12.75,12.59,12.71,365537.0
2019-09-03,12.72,12.77,12.69,12.69,148713.0
2019-09-04,12.7,12.78,12.69,12.75,293341.0
2019-09-05,12.78,12.81,12.73,12.76,354707.0
2019-09-06,12.76,12.78,12.72,12.77,171111.0
2019-09-09,12.81,12.83,12.74,12.77,243668.0
2019-09-10,12.75,12.75,12.62,12.68,352633.0
2019-09-11,12.69,12.71,12.64,12.67,199968.0
2019-09-12,12.67,12.71,12.64,12.71,205520.0
2019-09-16,12.71,12.72,12.64,12.67,237734.0
2019-09-17,12.65,12.66,12.56,12.58,274172.0
2019-09-18,12.57,12.61,12.51,12.54,282000.0
2019-09-19,12.56,12.6,12.53,12.6,138075.0
2019-09-20,12.6,12.66,12.58,12.58,236719.0
2019-09-23,12.58,12.58,12.46,12.49,247765.0
2019-09-24,12.5,12.56,12.47,12.54,161085.0
2019-09-25,12.53,12.59,12.52,12.56,170233.0
2019-09-26,12.56,12.59,12.53,12.55,168597.0
2019-09-27,12.54,12.55,12.46,12.5,174409.0
2019-09-30,12.46,12.52,12.46,12.48,129227.0
2019-10-08,12.45,12.48,12.43,12.44,179347.0
2019-10-09,12.44,12.5,12.41,12.49,130537.0
2019-10-10,12.5,12.52,12.47,12.49,129033.0
2019-10-11,12.51,12.53,12.47,12.52,150476.0
2019-10-14,12.55,12.63,12.54,12.57,196233.0
2019-10-15,12.58,12.59,12.53,12.56,186737.0
2019-10-16,12.59,12.63,12.58,12.61,192005.0
2019-10-17,12.61,12.61,12.56,12.59,131662.0
2019-10-18,12.59,12.62,12.54,12.59,202820.0
2019-10-21,12.57,12.59,12.46,12.47,195607.0
2019-10-22,12.49,12.53,12.47,12.53,163232.0
2019-10-23,12.51,12.59,12.5,12.58,192851.0
2019-10-24,12.57,12.58,12.51,12.54,137892.0
2019-10-25,12.54,12.56,12.5,12.53,194719.0
2019-10-28,12.52,12.55,12.5,12.52,222020.0
2019-10-29,12.53,12.54,12.5,12.5,243964.0
2019-10-30,12.54,12.55,12.49,12.49,234393.0
2019-10-31,12.51,12.52,12.48,12.52,208298.0
2019-11-01,12.52,12.64,12.49,12.62,327794.0
2019-11-04,12.6,12.77,12.59,12.73,411865.0
2019-11-05,12.75,12.76,12.68,12.7,243091.0
2019-11-06,12.7,12.74,12.67,12.72,133138.0
2019-11-07,12.7,12.71,12.66,12.67,134784.0
2019-11-08,12.7,12.73,12.62,12.64,194624.0
2019-11-11,12.63,12.67,12.54,12.55,230442.0
2019-11-12,12.58,12.58,12.52,12.55,127085.0
2019-11-13,12.56,12.56,12.51,12.53,120199.0
2019-11-14,12.52,12.61,12.52,12.59,181296.0
2019-11-15,12.56,12.6,12.52,12.52,113378.0
2019-11-18,12.53,12.61,12.47,12.61,239697.0
2019-11-19,12.59,12.65,12.57,12.64,158438.0
2019-11-20,12.64,12.72,12.62,12.67,258077.0
2019-11-21,12.68,12.72,12.64,12.72,163617.0
2019-11-22,12.73,12.75,12.71,12.74,280706.0
2019-11-25,12.74,12.82,12.72,12.81,239643.0
2019-11-26,12.83,12.85,12.73,12.84,480701.0
2019-11-27,12.79,12.81,12.71,12.74,232346.0
2019-11-28,12.74,12.79,12.72,12.79,157462.0
2019-11-29,12.78,12.84,12.72,12.82,275702.0
2019-12-02,12.79,12.83,12.75,12.8,172395.0
2019-12-03,12.79,12.81,12.75,12.81,158322.0
2019-12-04,12.8,12.87,12.76,12.79,197753.0
2019-12-05,12.8,12.83,12.74,12.75,144136.0
2019-12-06,12.77,12.79,12.72,12.77,112098.0
2019-12-09,12.76,12.8,12.74,12.78,149457.0
2019-12-10,12.74,12.77,12.65,12.68,199820.0
2019-12-11,12.68,12.71,12.62,12.69,245880.0
2019-12-12,12.68,12.76,12.64,12.72,155118.0
2019-12-13,12.74,12.83,12.71,12.82,252823.0
2019-12-16,12.83,12.84,12.78,12.84,160139.0
2019-12-17,12.83,12.93,12.81,12.89,278311.0
2019-12-18,12.89,13.0,12.89,12.99,439788.0
2019-12-19,12.99,13.1,12.98,13.06,279384.0
2019-12-20,13.06,13.11,13.03,13.11,254387.0
2019-12-23,13.09,13.1,12.98,13.04,213929.0
2019-12-24,13.0,13.03,12.93,12.98,144897.0
2019-12-25,12.98,13.02,12.93,13.01,125070.0
2019-12-26,13.01,13.04,12.97,13.02,111479.0
2019-12-27,13.03,13.06,12.97,12.99,160507.0
2019-12-30,12.98,13.15,12.96,13.11,205043.0
2019-12-31,13.08,13.12,13.02,13.1,226874.0
2020-01-02,13.11,13.14,13.06,13.06,287437.0
2020-01-03,13.06,13.11,13.02,13.05,224957.0
2020-01-06,13.02,13.06,12.94,12.96,301502.0
2020-01-07,12.95,13.01,12.95,13.01,202301.0
2020-01-08,12.98,12.99,12.9,12.93,200098.0
2020-01-09,12.95,13.03,12.95,13.01,410942.0
2020-01-10,13.02,13.03,12.96,12.99,291355.0
2020-01-13,12.99,13.01,12.9,12.92,314538.0
2020-01-14,12.84,12.95,12.84,12.93,250930.0
2020-01-15,12.91,12.92,12.82,12.84,213153.0
2020-01-16,12.83,12.88,12.8,12.81,245232.0
2020-01-17,12.83,12.84,12.8,12.82,202357.0
2020-01-20,12.81,12.91,12.79,12.89,248842.0
2020-01-21,12.87,12.89,12.77,12.8,354135.0
2020-01-22,12.78,12.78,12.7,12.73,262558.0
2020-01-23,12.72,12.73,12.56,12.59,350350.0
2020-02-03,11.94,12.25,11.94,12.11,667785.0
2020-02-04,12.12,12.69,12.11,12.28,536094.0
2020-02-05,12.31,12.31,12.21,12.27,376013.0
2020-02-06,12.29,12.29,12.19,12.26,476157.0
2020-02-07,12.23,12.26,12.17,12.26,321302.0
2020-02-10,12.19,12.2,12.11,12.18,489705.0
2020-02-11,12.18,12.25,12.15,12.23,386932.0
2020-02-12,12.21,12.25,12.19,12.24,261547.0
2020-02-13,12.24,12.24,12.2,12.21,176023.0
2020-02-14,12.2,12.22,12.16,12.19,243937.0
2020-02-17,12.18,12.3,12.16,12.29,363184.0
2020-02-18,12.28,12.33,12.25,12.27,236052.0
2020-02-19,12.26,12.28,12.24,12.26,212422.0
2020-02-20,12.26,12.33,12.24,12.31,254517.0
2020-02-21,12.3,12.33,12.28,12.31,251495.0
2020-02-24,12.28,12.31,12.2,12.21,358103.0
2020-02-25,12.15,12.2,12.08,12.13,461039.0
2020-02-26,12.11,12.21,12.07,12.18,352514.0
2020-02-27,12.2,12.2,12.11,12.14,357261.0
2020-02-28,12.06,12.09,11.97,11.97,576935.0
2020-03-02,11.97,12.11,11.97,12.1,457779.0
2020-03-03,12.13,12.16,12.1,12.12,358139.0
2020-03-04,12.1,12.21,12.08,12.2,400533.0
2020-03-05,12.23,12.29,12.2,12.27,407654.0
2020-03-06,12.21,12.22,12.16,12.17,261503.0
2020-03-09,12.08,12.12,12.01,12.02,399088.0
2020-03-10,11.99,12.09,11.98,12.08,323291.0
2020-03-11,12.08,12.08,12.0,12.01,329415.0
2020-03-12,11.98,12.06,11.94,12.02,420869.0
2020-03-13,11.89,11.99,11.81,11.94,435657.0
2020-03-16,11.94,12.01,11.89,11.91,342308.0
2020-03-17,11.9,11.99,11.86,11.94,311683.0
2020-03-18,11.97,11.99,11.86,11.86,288859.0
2020-03-19,11.82,11.86,11.59,11.65,456538.0
2020-03-20,11.72,11.74,11.63,11.68,312399.0
2020-03-23,11.6,11.66,11.58,11.58,225257.0
2020-03-24,11.65,11.75,11.63,11.72,317958.0
2020-03-25,11.82,11.83,11.74,11.79,214454.0
2020-03-26,11.75,11.77,11.66,11.68,259866.0
2020-03-27,11.73,11.79,11.71,11.74,169854.0
2020-03-30,11.7,11.74,11.64,11.69,188030.0
2020-03-31,11.74,11.76,11.66,11.69,132604.0
2020-04-01,11.67,11.69,11.6,11.62,264427.0
2020-04-02,11.63,11.69,11.58,11.69,201710.0
2020-04-03,11.66,11.68,11.63,11.67,159150.0
2020-04-07,11.72,11.79,11.71,11.77,285862.0
2020-04-08,11.75,11.78,11.72,11.76,117644.0
2020-04-09,11.76,11.78,11.74,11.75,105020.0
2020-04-10,11.77,11.8,11.74,11.78,144575.0
2020-04-13,11.75,11.78,11.69,11.7,101568.0
2020-04-14,11.71,11.78,11.69,11.78,134657.0
2020-04-15,11.78,11.78,11.74,11.74,134924.0
2020-04-16,11.72,11.74,11.68,11.72,185351.0
2020-04-17,11.73,11.76,11.69,11.74,151570.0
2020-04-20,11.74,11.76,11.7,11.71,142675.0
2020-04-21,11.69,11.71,11.63,11.63,163588.0
2020-04-22,11.63,11.68,11.59,11.67,162065.0
2020-04-23,11.69,11.73,11.67,11.71,189539.0
2020-04-24,11.71,11.72,11.66,11.7,106190.0
2020-04-27,11.71,11.74,11.67,11.67,199906.0
2020-04-28,11.68,11.71,11.59,11.61,193802.0
2020-04-29,11.69,11.98,11.69,11.97,499643.0
2020-04-30,11.94,12.19,11.94,12.07,632713.0
2020-05-06,11.95,12.04,11.86,11.89,494596.0
2020-05-07,11.9,11.93,11.8,11.86,434625.0
2020-05-08,11.87,11.87,11.82,11.84,298429.0
2020-05-11,11.84,11.9,11.81,11.85,469119.0
2020-05-12,11.85,11.92,11.84,11.85,315797.0
2020-05-13,11.85,11.87,11.84,11.85,276558.0
2020-05-14,11.85,11.86,11.82,11.82,202688.0
2020-05-15,11.83,11.85,11.8,11.81,205075.0
2020-05-18,11.84,11.85,11.79,11.82,371187.0
2020-05-19,11.83,11.85,11.78,11.79,388128.0
2020-05-20,11.79,11.79,11.72,11.73,301268.0
2020-05-21,11.74,11.75,11.7,11.71,145900.0
2020-05-22,11.71,11.72,11.64,11.65,280292.0
2020-05-25,11.64,11.67,11.62,11.64,237644.0
2020-05-26,11.65,11.68,11.63,11.67,256416.0
2020-05-27,11.65,11.72,11.64,11.7,284013.0
2020-05-28,11.71,11.78,11.71,11.75,218913.0
2020-05-29,11.76,11.78,11.71,11.71,204224.0
2020-06-01,11.71,11.77,11.7,11.75,205659.0
2020-06-02,11.76,11.83,11.75,11.82,252891.0
2020-06-03,11.83,11.91,11.82,11.83,243858.0
2020-06-04,11.84,11.86,11.8,11.82,176993.0
2020-06-05,11.84,11.86,11.82,11.85,179075.0
2020-06-08,11.87,11.88,11.84,11.87,155210.0
2020-06-09,11.88,11.96,11.86,11.94,279142.0
2020-06-10,11.97,11.97,11.91,11.92,178743.0
2020-06-11,11.92,11.97,11.89,11.9,285472.0
2020-06-12,11.84,11.9,11.82,11.83,251377.0
2020-06-15,11.83,11.86,11.79,11.83,173677.0
2020-06-16,11.85,11.91,11.83,11.88,164090.0
2020-06-17,11.9,11.96,11.87,11.94,204653.0
2020-06-18,11.94,11.99,11.91,11.98,184459.0
2020-06-19,12.0,12.05,11.96,12.02,334287.0
2020-06-22,12.02,12.03,11.93,11.96,163377.0
2020-06-23,11.96,12.0,11.91,11.96,274891.0
2020-06-24,11.98,11.99,11.92,11.96,194846.0
2020-06-29,11.9,11.94,11.88,11.89,240747.0
2020-06-30,11.9,11.95,11.88,11.93,271837.0
2020-07-01,11.93,11.93,11.87,11.91,378446.0
2020-07-02,11.91,11.97,11.8,11.97,697331.0
2020-07-03,11.97,12.08,11.96,12.08,562991.0
2020-07-06,12.13,12.4,12.11,12.38,847569.0
2020-07-07,12.49,12.56,12.34,12.34,862599.0
2020-07-08,12.33,12.33,12.19,12.31,689055.0
2020-07-09,12.37,12.42,12.29,12.36,624352.0
2020-07-10,12.33,12.34,12.2,12.23,412559.0
2020-07-13,12.21,12.28,12.19,12.24,670797.0
2020-07-14,12.25,12.29,12.15,12.17,540159.0
2020-07-15,12.17,12.22,12.09,12.1,473274.0
2020-07-16,12.1,12.14,11.96,11.97,537533.0
2020-07-17,11.99,12.02,11.91,11.93,438209.0
2020-07-20,11.95,12.09,11.94,12.06,439663.0
2020-07-21,12.07,12.09,12.0,12.03,381122.0
2020-07-22,12.02,12.07,11.99,12.02,448814.0
2020-07-23,12.0,12.0,11.88,11.92,606892.0
2020-07-24,11.9,11.91,11.78,11.81,644654.0
2020-07-27,11.83,11.85,11.78,11.81,208008.0
2020-07-28,11.82,11.88,11.82,11.85,241605.0
2020-07-29,11.85,11.93,11.82,11.91,260766.0
2020-07-30,11.92,11.95,11.89,11.91,255007.0
2020-07-31,11.92,11.96,11.84,11.86,402849.0
2020-08-03,11.87,11.92,11.87,11.89,407994.0
2020-08-04,11.9,11.98,11.87,11.93,525322.0
2020-08-05,11.94,11.95,11.88,11.89,337511.0
2020-08-06,11.9,11.9,11.83,11.88,346779.0
2020-08-07,11.87,11.88,11.81,11.83,300949.0
2020-08-10,11.83,11.92,11.82,11.91,384258.0
2020-08-11,11.92,11.99,11.86,11.88,422459.0
2020-08-12,11.87,12.0,11.86,11.99,607345.0
2020-08-13,12.0,12.01,11.95,11.99,311556.0
2020-08-14,11.99,12.01,11.94,12.01,246770.0
2020-08-17,12.01,12.11,12.01,12.09,459341.0
2020-08-18,12.08,12.08,12.02,12.05,279564.0
2020-08-19,12.02,12.07,12.0,12.02,259356.0
2020-08-20,12.02,12.02,11.94,11.96,279578.0
2020-08-21,11.98,12.0,11.93,11.96,260870.0
2020-08-24,11.97,11.98,11.94,11.95,206147.0
2020-08-25,11.95,11.99,11.94,11.95,190073.0
2020-08-26,11.97,11.97,11.9,11.9,196830.0
2020-08-27,11.92,11.97,11.89,11.95,223812.0
2020-08-28,11.95,11.99,11.91,11.97,235943.0
2020-08-31,11.99,12.03,11.95,11.99,355738.0
2020-09-01,11.99,12.0,11.94,11.97,215975.0
2020-09-02,11.97,11.97,11.9,11.94,248459.0
2020-09-03,11.93,11.97,11.91,11.92,200009.0
2020-09-04,11.9,11.91,11.87,11.89,312525.0
2020-09-07,11.89,11.93,11.88,11.89,248741.0
2020-09-08,11.91,11.96,11.9,11.94,257754.0
2020-09-09,11.92,11.97,11.91,11.93,319933.0
2020-09-10,11.95,11.97,11.9,11.92,331058.0
2020-09-11,11.91,11.92,11.88,11.89,262869.0
2020-09-14,11.9,11.9,11.85,11.87,249240.0
2020-09-15,11.87,11.88,11.81,11.83,352461.0
2020-09-16,11.83,11.86,11.81,11.82,230346.0
2020-09-17,11.82,11.84,11.79,11.8,221171.0
2020-09-18,11.81,11.88,11.8,11.88,347853.0
2020-09-21,11.88,11.89,11.83,11.85,218975.0
2020-09-22,11.83,11.85,11.79,11.8,215835.0
2020-09-23,11.84,11.84,11.79,11.8,162970.0
2020-09-24,11.78,11.8,11.75,11.75,253623.0
2020-09-25,11.77,11.77,11.69,11.71,224691.0
2020-09-28,11.72,11.76,11.7,11.75,211628.0
2020-09-29,11.75,11.77,11.73,11.75,123589.0
2020-09-30,11.75,11.76,11.72,11.74,136974.0
2020-10-09,11.77,11.82,11.76,11.81,234835.0
2020-10-12,11.82,11.9,11.81,11.89,270171.0
2020-10-13,11.88,11.89,11.84,11.87,223332.0
2020-10-14,11.86,11.89,11.86,11.89,221917.0
2020-10-15,11.88,11.9,11.85,11.85,133098.0
2020-10-16,11.86,11.89,11.85,11.87,159460.0
2020-10-19,11.87,11.93,11.86,11.86,215820.0
2020-10-20,11.85,11.88,11.82,11.85,171315.0
2020-10-21,11.85,11.89,11.83,11.88,162536.0
2020-10-22,11.88,11.89,11.85,11.86,163378.0
2020-10-23,11.87,11.89,11.85,11.87,123581.0
2020-10-26,11.87,11.88,11.82,11.85,135176.0
2020-10-27,11.83,11.84,11.81,11.81,144398.0
2020-10-28,11.81,11.82,11.77,11.82,124595.0
2020-10-29,11.78,11.82,11.74,11.8,201294.0
2020-10-30,11.8,11.82,11.74,11.78,204065.0
2020-11-02,11.76,11.77,11.7,11.71,296638.0
2020-11-03,11.72,11.78,11.72,11.77,204662.0
2020-11-04,11.77,11.82,11.75,11.81,176586.0
2020-11-05,11.83,11.86,11.82,11.82,166808.0
2020-11-06,11.82,11.87,11.81,11.84,259127.0
2020-11-09,11.86,11.92,11.84,11.89,309422.0
2020-11-10,11.92,11.92,11.83,11.86,296971.0
2020-11-11,11.85,11.92,11.82,11.89,260483.0
2020-11-12,11.9,11.92,11.87,11.88,149623.0
2020-11-13,11.86,11.88,11.8,11.82,212777.0
2020-11-16,11.83,11.92,11.83,11.9,332207.0
2020-11-17,11.91,11.99,11.88,11.95,474666.0
2020-11-18,11.95,12.02,11.91,11.99,395685.0
2020-11-19,12.01,12.02,11.94,11.97,240656.0
2020-11-20,11.95,12.01,11.93,11.98,239320.0
2020-11-23,11.99,12.07,11.93,12.05,577435.0
2020-11-24,12.04,12.06,12.01,12.01,251280.0
2020-11-25,12.14,12.22,12.05,12.05,797795.0
2020-11-26,12.05,12.18,12.02,12.13,473916.0
2020-11-27,12.15,12.23,12.1,12.22,456942.0
2020-11-30,12.21,12.32,12.12,12.15,744185.0
2020-12-01,12.15,12.22,12.1,12.19,385567.0
2020-12-02,12.19,12.36,12.15,12.27,503160.0
2020-12-03,12.3,12.31,12.24,12.26,347120.0
2020-12-04,12.26,12.27,12.19,12.22,306429.0
2020-12-07,12.22,12.23,12.09,12.11,303072.0
2020-12-08,12.11,12.19,12.09,12.14,331768.0
2020-12-09,12.15,12.16,12.09,12.09,207620.0
2020-12-10,12.13,12.29,12.12,12.18,786378.0
2020-12-11,12.16,12.22,12.04,12.14,773426.0
2020-12-14,11.98,12.01,11.94,11.97,468991.0
2020-12-15,11.97,11.98,11.9,11.93,265306.0
2020-12-16,11.94,11.95,11.87,11.88,252515.0
2020-12-17,11.89,11.95,11.87,11.91,274589.0
2020-12-18,11.94,11.99,11.93,11.97,362834.0
2020-12-21,11.96,11.97,11.91,11.92,359161.0
2020-12-22,11.92,11.93,11.81,11.84,326709.0
2020-12-23,11.83,11.85,11.79,11.81,250815.0
2020-12-24,11.81,11.85,11.76,11.79,225764.0
2020-12-25,11.78,11.84,11.78,11.83,176077.0
2020-12-28,11.83,11.83,11.78,11.81,198956.0
2020-12-29,11.81,11.84,11.79,11.81,231731.0
2020-12-30,11.81,11.82,11.78,11.78,261340.0
2020-12-31,11.79,11.83,11.77,11.83,365252.0
2021-01-04,11.81,11.83,11.78,11.81,307198.0
2021-01-05,11.81,11.87,11.78,11.87,391372.0
2021-01-06,11.84,11.92,11.82,11.91,574491.0
2021-01-07,11.88,11.9,11.83,11.88,426642.0
2021-01-08,11.87,11.93,11.84,11.9,385392.0
2021-01-11,11.88,11.9,11.83,11.85,301597.0
2021-01-12,11.85,11.88,11.82,11.88,302181.0
2021-01-13,11.86,12.04,11.83,11.99,647172.0
2021-01-14,11.98,12.15,11.94,11.98,715259.0
2021-01-15,11.98,12.06,11.96,12.02,492979.0
2021-01-18,12.04,12.04,11.98,12.01,304422.0
2021-01-19,11.99,12.01,11.95,12.01,319313.0
2021-01-20,12.01,12.01,11.92,11.94,274298.0
2021-01-21,11.94,11.96,11.89,11.93,348857.0
2021-01-22,11.91,11.93,11.83,11.85,286040.0
2021-01-25,11.85,11.86,11.78,11.8,338214.0
2021-01-26,11.8,11.84,11.79,11.8,210307.0
2021-01-27,11.81,11.87,11.79,11.81,250348.0
2021-01-28,11.79,11.83,11.78,11.81,324153.0
2021-01-29,11.81,11.82,11.73,11.74,361151.0
2021-02-01,11.74,11.77,11.72,11.75,306794.0
2021-02-02,11.77,11.8,11.73,11.76,235530.0
2021-02-03,11.77,11.77,11.73,11.76,206974.0
2021-02-04,11.76,11.77,11.72,11.75,224240.0
2021-02-05,11.75,11.79,11.72,11.78,191377.0
2021-02-08,11.78,11.83,11.77,11.8,193769.0
2021-02-09,11.8,11.84,11.79,11.83,209307.0
2021-02-10,11.83,11.92,11.82,11.92,337462.0
2021-02-18,11.92,11.95,11.88,11.89,407555.0
2021-02-19,11.89,11.99,11.88,11.96,344262.0
2021-02-22,11.97,12.06,11.95,11.97,631251.0
2021-02-23,11.96,12.0,11.93,11.97,297015.0
2021-02-24,11.97,11.98,11.87,11.9,388762.0
2021-02-25,11.91,12.0,11.9,11.97,451721.0
2021-02-26,11.93,11.99,11.9,11.9,578400.0
2021-03-01,11.91,11.96,11.91,11.92,278211.0
2021-03-02,11.94,11.96,11.87,11.9,300126.0
2021-03-03,11.89,11.99,11.89,11.98,342469.0
2021-03-04,11.98,12.1,11.92,12.04,738164.0
2021-03-05,12.03,12.19,12.02,12.13,749850.0
2021-03-08,12.13,12.24,12.12,12.14,843813.0
2021-03-09,12.16,12.24,12.13,12.19,774515.0
2021-03-10,12.19,12.28,12.17,12.23,658605.0
2021-03-11,12.24,12.29,12.14,12.19,534730.0
2021-03-12,12.17,12.27,12.15,12.27,588327.0
2021-03-15,12.28,12.45,12.25,12.34,683175.0
2021-03-16,12.34,12.39,12.29,12.33,387065.0
2021-03-17,12.34,12.37,12.23,12.24,440671.0
2021-03-18,12.27,12.27,12.19,12.23,278630.0
2021-03-19,12.22,12.23,12.12,12.2,415084.0
2021-03-22,12.17,12.22,12.12,12.21,306273.0
2021-03-23,12.19,12.29,12.18,12.28,393915.0
2021-03-24,12.25,12.25,12.17,12.19,295246.0
2021-03-25,12.2,12.29,12.19,12.24,254880.0
2021-03-26,12.25,12.31,12.21,12.25,235554.0
2021-03-29,12.25,12.33,12.24,12.3,334621.0
2021-03-30,12.31,12.39,12.27,12.38,345279.0
2021-03-31,12.38,12.42,12.34,12.38,269968.0
2021-04-01,12.39,12.4,12.29,12.32,232440.0
2021-04-02,12.32,12.36,12.24,12.26,295044.0
2021-04-06,12.27,12.31,12.21,12.22,211280.0
2021-04-07,12.25,12.3,12.19,12.27,305860.0
2021-04-08,12.27,12.3,12.2,12.28,239085.0
2021-04-09,12.26,12.3,12.24,12.26,190610.0
2021-04-12,12.27,12.37,12.24,12.34,279945.0
2021-04-13,12.36,12.37,12.25,12.28,242265.0
2021-04-14,12.29,12.29,12.22,12.24,166240.0
2021-04-15,12.23,12.25,12.21,12.22,132480.0
2021-04-16,12.21,12.28,12.2,12.28,181358.0
2021-04-19,12.27,12.31,12.23,12.28,235424.0
2021-04-20,12.28,12.29,12.21,12.24,199165.0
2021-04-21,12.23,12.23,12.18,12.19,188192.0
2021-04-22,12.22,12.22,12.12,12.14,257594.0
2021-04-23,12.16,12.16,12.11,12.12,149187.0
2021-04-26,12.13,12.14,12.05,12.06,370865.0
2021-04-27,12.06,12.09,12.03,12.07,145035.0
2021-04-28,12.07,12.1,12.03,12.07,257757.0
2021-04-29,12.1,12.14,12.06,12.12,376861.0
2021-04-30,12.12,12.32,12.11,12.25,518916.0
2021-05-06,12.23,12.31,12.22,12.27,411902.0
2021-05-07,12.29,12.33,12.25,12.3,536061.0
2021-05-10,12.31,12.42,12.31,12.41,587605.0
2021-05-11,12.39,12.43,12.36,12.42,373999.0
2021-05-12,12.41,12.43,12.35,12.4,294730.0
2021-05-13,12.39,12.42,12.36,12.39,303720.0
2021-05-14,12.41,12.48,12.37,12.46,340495.0
2021-05-17,12.46,12.47,12.4,12.41,303081.0
2021-05-18,12.42,12.46,12.39,12.41,172038.0
2021-05-19,12.41,12.41,12.31,12.34,304263.0
2021-05-20,12.34,12.36,12.27,12.32,236512.0
2021-05-21,12.33,12.37,12.29,12.3,173346.0
2021-05-24,12.3,12.34,12.27,12.31,240933.0
2021-05-25,12.31,12.34,12.27,12.34,318325.0
2021-05-26,12.34,12.35,12.27,12.3,281610.0
2021-05-27,12.3,12.33,12.28,12.3,269860.0
2021-05-28,12.3,12.32,12.28,12.3,190977.0
2021-05-31,12.29,12.3,12.19,12.22,332696.0
2021-06-01,12.2,12.21,12.18,12.2,273502.0
2021-06-02,12.2,12.24,12.19,12.22,284465.0
2021-06-03,12.22,12.25,12.17,12.18,414779.0
2021-06-04,12.18,12.22,12.17,12.2,208524.0
2021-06-07,12.21,12.21,12.16,12.18,225518.0
2021-06-08,12.18,12.24,12.17,12.23,276089.0
2021-06-09,12.21,12.23,12.19,12.21,332560.0
2021-06-10,12.2,12.24,12.11,12.11,733246.0
2021-06-11,12.07,12.12,11.83,11.83,1828641.0
2021-06-15,11.89,11.94,11.87,11.88,656806.0
2021-06-16,11.9,11.92,11.86,11.91,343214.0
2021-06-17,11.91,11.95,11.9,11.92,219979.0
2021-06-18,11.92,11.94,11.88,11.88,311611.0
2021-06-21,11.9,11.9,11.83,11.87,339830.0
2021-06-22,11.87,11.9,11.85,11.86,356245.0
2021-06-23,11.87,11.88,11.84,11.87,229531.0
2021-06-24,11.88,11.9,11.87,11.9,209426.0
2021-06-25,11.91,11.95,11.9,11.95,340054.0
2021-06-28,11.95,11.97,11.92,11.92,360901.0
2021-06-29,11.93,11.94,11.89,11.91,237921.0
2021-06-30,11.92,11.96,11.92,11.95,201464.0
2021-07-01,11.97,11.99,11.94,11.97,295318.0
2021-07-02,11.97,11.99,11.95,11.97,316505.0
2021-07-05,11.97,11.98,11.93,11.95,295281.0
2021-07-06,11.95,12.01,11.93,12.0,454201.0
2021-07-07,12.01,12.03,11.98,12.0,529237.0
2021-07-08,12.01,12.02,11.93,11.94,570051.0
2021-07-09,11.94,11.97,11.87,11.89,377930.0
2021-07-12,11.92,11.95,11.85,11.86,384570.0
2021-07-13,11.87,11.88,11.84,11.85,408528.0
2021-07-14,11.86,11.92,11.84,11.88,388325.0
2021-07-15,11.88,11.95,11.86,11.94,309145.0
2021-07-16,11.94,11.94,11.88,11.89,255414.0
2021-07-19,11.89,11.92,11.86,11.88,288403.0
2021-07-20,11.87,11.89,11.86,11.87,171340.0
2021-07-21,11.87,11.9,11.86,11.88,229282.0
2021-07-22,11.87,11.88,11.86,11.87,206281.0
2021-07-23,11.87,11.88,11.86,11.87,205331.0
2021-07-26,11.87,11.88,11.8,11.82,367373.0
2021-07-27,11.82,11.84,11.75,11.75,343525.0
2021-07-28,11.75,11.82,11.72,11.79,348157.0
2021-07-29,11.79,11.83,11.73,11.75,232213.0
2021-07-30,11.75,11.76,11.7,11.73,190963.0
2021-08-02,11.73,11.77,11.66,11.76,328181.0
2021-08-03,11.75,11.75,11.71,11.73,228676.0
2021-08-04,11.73,11.75,11.7,11.75,240879.0
2021-08-05,11.73,11.76,11.71,11.73,220955.0
2021-08-06,11.73,11.73,11.67,11.69,226702.0
2021-08-09,11.66,11.74,11.65,11.72,243214.0
2021-08-10,11.71,11.73,11.68,11.73,197585.0
2021-08-11,11.72,11.79,11.71,11.78,263775.0
2021-08-12,11.79,11.79,11.74,11.75,185609.0
2021-08-13,11.75,11.76,11.73,11.74,126805.0
2021-08-16,11.74,11.76,11.73,11.75,189595.0
2021-08-17,11.75,11.81,11.74,11.76,288297.0
2021-08-18,11.75,11.79,11.74,11.76,217669.0
2021-08-19,11.76,11.84,11.75,11.81,285366.0
2021-08-20,11.81,11.84,11.78,11.8,196817.0
2021-08-23,11.8,11.82,11.78,11.8,175169.0
2021-08-24,11.81,11.82,11.77,11.77,259145.0
2021-08-25,11.78,11.82,11.77,11.8,188400.0
2021-08-26,11.8,11.87,11.79,11.84,291565.0
2021-08-27,11.87,11.89,11.85,11.88,242947.0
2021-08-30,11.88,11.92,11.85,11.88,424075.0
2021-08-31,11.87,11.95,11.86,11.92,384944.0
2021-09-01,11.93,12.1,11.92,12.04,687010.0
2021-09-02,12.05,12.07,11.97,12.06,479446.0
2021-09-03,12.06,12.08,12.0,12.02,384358.0
2021-09-06,12.02,12.17,12.01,12.09,628788.0
2021-09-07,12.09,12.18,12.07,12.15,568660.0
2021-09-08,12.16,12.17,12.11,12.14,481053.0
2021-09-09,12.14,12.33,12.12,12.25,850398.0
2021-09-10,12.24,12.35,12.22,12.27,858957.0
2021-09-13,12.26,12.32,12.24,12.29,475400.0
2021-09-14,12.33,12.33,12.12,12.16,599231.0
2021-09-15,12.13,12.16,12.08,12.12,486096.0
2021-09-16,12.12,12.19,12.06,12.07,473013.0
2021-09-17,12.1,12.14,12.05,12.09,376269.0
2021-09-22,12.04,12.22,12.02,12.21,483478.0
2021-09-23,12.2,12.29,12.17,12.21,449537.0
2021-09-24,12.18,12.23,12.09,12.1,319645.0
2021-09-27,12.11,12.2,12.07,12.12,385265.0
2021-09-28,12.09,12.17,12.09,12.13,226995.0
2021-09-29,12.11,12.15,12.06,12.1,383525.0
2021-09-30,12.1,12.14,12.09,12.11,229253.0
2021-10-08,12.14,12.22,12.14,12.17,495716.0
2021-10-11,12.15,12.22,12.15,12.2,413367.0
2021-10-12,12.19,12.22,12.14,12.19,278396.0
2021-10-13,12.18,12.18,12.08,12.13,286837.0
2021-10-14,12.11,12.17,12.1,12.16,254564.0
2021-10-15,12.15,12.17,12.08,12.15,221239.0
2021-10-18,12.15,12.23,12.12,12.21,402890.0
2021-10-19,12.2,12.23,12.19,12.23,295977.0
2021-10-20,12.23,12.31,12.21,12.28,482846.0
2021-10-21,12.27,12.33,12.26,12.29,475221.0
2021-10-22,12.31,12.34,12.27,12.3,448828.0
2021-10-25,12.31,12.32,12.19,12.25,272690.0
2021-10-26,12.24,12.3,12.21,12.25,274837.0
2021-10-27,12.25,12.25,12.18,12.19,270860.0
2021-10-28,12.18,12.22,12.14,12.17,314678.0
2021-10-29,12.15,12.2,12.12,12.2,292155.0
2021-11-01,12.19,12.21,12.15,12.15,297246.0
2021-11-02,12.15,12.17,12.09,12.11,373046.0
2021-11-03,12.1,12.15,12.09,12.13,139748.0
2021-11-04,12.13,12.14,12.09,12.09,222371.0
2021-11-05,12.09,12.11,12.07,12.07,222817.0
2021-11-08,12.09,12.11,12.06,12.09,165717.0
2021-11-09,12.08,12.1,12.04,12.05,264098.0
2021-11-10,12.04,12.06,11.96,11.99,330128.0
2021-11-11,11.99,12.14,11.98,12.11,289046.0
2021-11-12,12.1,12.12,12.05,12.07,209406.0
2021-11-15,12.06,12.12,12.01,12.11,180307.0
2021-11-16,12.08,12.11,12.01,12.03,209599.0
2021-11-17,12.03,12.06,12.01,12.05,148244.0
2021-11-18,12.04,12.08,12.03,12.05,170352.0
2021-11-19,12.05,12.08,12.02,12.07,159356.0
2021-11-22,12.05,12.06,12.03,12.03,168987.0
2021-11-23,12.03,12.05,12.02,12.03,158135.0
2021-11-24,12.03,12.04,12.0,12.02,166613.0
2021-11-25,12.02,12.03,11.97,11.99,181079.0
2021-11-26,11.99,12.0,11.96,11.97,149864.0
2021-11-29,11.94,11.96,11.92,11.94,195639.0
2021-11-30,11.92,11.95,11.92,11.94,159294.0
2021-12-01,11.94,12.0,11.93,11.99,154996.0
2021-12-02,11.98,12.03,11.96,12.0,165574.0
2021-12-03,12.02,12.06,12.0,12.05,249415.0
2021-12-06,12.06,12.11,12.04,12.06,309388.0
2021-12-07,12.08,12.2,12.07,12.19,557798.0
2021-12-08,12.19,12.19,12.13,12.16,230293.0
2021-12-09,12.14,12.21,12.14,12.2,386192.0
2021-12-10,12.2,12.21,12.06,12.06,343774.0
2021-12-13,12.14,12.24,12.12,12.21,426723.0
2021-12-14,12.19,12.2,12.15,12.16,203339.0
2021-12-15,12.17,12.18,12.11,12.11,169838.0
2021-12-16,12.14,12.21,12.12,12.18,230382.0
2021-12-17,12.18,12.21,12.16,12.2,215514.0
2021-12-20,12.18,12.24,12.17,12.2,288111.0
2021-12-21,12.19,12.29,12.18,12.26,411947.0
2021-12-22,12.26,12.28,12.21,12.23,193146.0
2021-12-23,12.23,12.25,12.2,12.23,112718.0
2021-12-24,12.22,12.23,12.16,12.18,149388.0
2021-12-27,12.17,12.22,12.17,12.2,112562.0
2021-12-28,12.2,12.21,12.17,12.17,137931.0
2021-12-29,12.17,12.22,12.15,12.17,177130.0
2021-12-30,12.18,12.27,12.17,12.23,290953.0
2021-12-31,12.23,12.27,12.2,12.25,191391.0
2022-01-04,12.25,12.32,12.23,12.31,407918.0
2022-01-05,12.31,12.38,12.28,12.31,433267.0
2022-01-06,12.3,12.34,12.28,12.3,226855.0
2022-01-07,12.3,12.4,12.29,12.36,365613.0
2022-01-10,12.39,12.4,12.36,12.39,246811.0
2022-01-11,12.4,12.46,12.36,12.43,354409.0
2022-01-12,12.42,12.44,12.37,12.41,254080.0
2022-01-13,12.41,12.47,12.36,12.37,212105.0
2022-01-14,12.39,12.4,12.29,12.3,297828.0
2022-01-17,12.3,12.34,12.28,12.29,196497.0
2022-01-18,12.31,12.39,12.29,12.37,431217.0
2022-01-19,12.37,12.48,12.36,12.43,397149.0
2022-01-20,12.46,12.46,12.4,12.44,353745.0
2022-01-21,12.44,12.54,12.38,12.5,642242.0
2022-01-24,12.48,12.5,12.35,12.42,353940.0
2022-01-25,12.4,12.45,12.36,12.37,386621.0
2022-01-26,12.39,12.44,12.33,12.39,246013.0
2022-01-27,12.41,12.45,12.37,12.39,336704.0
2022-01-28,12.4,12.52,12.39,12.46,451943.0
2022-02-07,12.47,12.65,12.47,12.61,771845.0
2022-02-08,12.6,12.95,12.58,12.94,1625778.0
2022-02-09,12.95,12.98,12.81,12.83,754430.0
2022-02-10,12.8,13.09,12.76,13.02,1339739.0
2022-02-11,13.0,13.1,12.95,12.99,799635.0
2022-02-14,12.95,13.01,12.8,12.9,728332.0
2022-02-15,12.87,12.93,12.83,12.87,596052.0
2022-02-16,12.88,12.94,12.79,12.85,480593.0
2022-02-17,12.85,12.87,12.73,12.76,525221.0
2022-02-18,12.76,12.91,12.72,12.9,694061.0
2022-02-21,12.9,12.9,12.78,12.81,376219.0
2022-02-22,12.79,12.81,12.74,12.8,299833.0
2022-02-23,12.83,12.83,12.63,12.71,722634.0
2022-02-24,12.69,12.72,12.57,12.61,556045.0
2022-02-25,12.64,12.72,12.63,12.69,387066.0
2022-02-28,12.69,12.71,12.59,12.66,1123002.0
2022-03-01,12.64,12.67,12.6,12.66,348195.0
2022-03-02,12.64,12.77,12.62,12.74,400642.0
2022-03-03,12.76,12.87,12.72,12.85,486770.0
2022-03-04,12.8,12.88,12.75,12.85,453681.0
2022-03-07,12.8,12.89,12.74,12.77,373760.0
2022-03-08,12.77,12.78,12.6,12.64,344086.0
2022-03-09,12.66,12.7,12.33,12.53,621387.0
2022-03-10,12.63,12.75,12.56,12.64,582855.0
2022-03-11,12.61,12.68,12.46,12.64,397841.0
2022-03-14,12.57,12.74,12.51,12.54,477562.0
2022-03-15,12.51,12.52,12.16,12.2,892012.0
2022-03-16,12.26,12.5,12.13,12.43,793541.0
2022-03-17,12.44,12.48,12.31,12.32,617749.0
2022-03-18,12.32,12.51,12.3,12.51,716810.0
2022-03-21,12.45,12.48,12.36,12.44,438427.0
2022-03-22,12.51,12.6,12.46,12.51,380132.0
2022-03-23,12.47,12.51,12.4,12.46,296484.0
2022-03-24,12.45,12.54,12.42,12.48,314306.0
2022-03-25,12.45,12.52,12.44,12.46,220852.0
2022-03-28,12.44,12.56,12.37,12.55,454654.0
2022-03-29,12.53,12.69,12.49,12.64,561869.0
2022-03-30,12.63,12.7,12.6,12.63,362672.0
2022-03-31,12.64,12.74,12.62,12.72,423502.0
2022-04-01,12.69,12.77,12.67,12.73,333259.0
2022-04-06,12.72,12.8,12.72,12.8,406383.0
2022-04-07,12.79,12.82,12.67,12.68,334087.0
2022-04-08,12.68,12.77,12.65,12.75,365689.0
2022-04-11,12.75,12.84,12.69,12.74,670278.0
2022-04-12,12.7,12.82,12.66,12.8,417652.0
2022-04-13,12.76,12.86,12.75,12.78,454258.0
2022-04-14,12.76,12.78,12.64,12.67,539410.0
2022-04-15,12.61,12.68,12.57,12.61,562898.0
2022-04-18,12.63,12.72,12.54,12.67,359576.0
2022-04-19,12.65,12.85,12.63,12.84,603586.0
2022-04-20,12.87,12.91,12.76,12.78,474193.0
2022-04-21,12.78,12.85,12.73,12.77,508917.0
2022-04-22,12.75,12.89,12.72,12.85,487576.0
2022-04-25,12.83,12.93,12.76,12.77,703329.0
2022-04-26,12.73,12.84,12.65,12.67,468920.0
2022-04-27,12.64,12.78,12.59,12.78,580768.0
2022-04-28,12.67,12.72,12.44,12.65,702542.0
2022-04-29,12.6,12.63,12.5,12.51,548369.0
2022-05-05,12.54,12.58,12.43,12.44,528863.0
2022-05-06,12.4,12.43,12.3,12.35,418742.0
2022-05-09,12.35,12.44,12.31,12.43,218614.0
2022-05-10,12.38,12.43,12.31,12.37,397656.0
2022-05-11,12.37,12.42,12.36,12.38,325958.0
2022-05-12,12.36,12.39,12.34,12.36,302045.0
2022-05-13,12.38,12.44,12.36,12.43,344398.0
2022-05-16,12.42,12.44,12.37,12.4,209572.0
2022-05-17,12.4,12.43,12.38,12.38,165333.0
2022-05-18,12.4,12.41,12.33,12.35,326163.0
2022-05-19,12.31,12.36,12.29,12.34,367490.0
2022-05-20,12.33,12.44,12.33,12.42,304789.0
2022-05-23,12.42,12.45,12.41,12.44,252083.0
2022-05-24,12.45,12.46,12.39,12.4,287572.0
2022-05-25,12.4,12.51,12.39,12.5,312623.0
2022-05-26,12.52,12.61,12.51,12.59,397778.0
2022-05-27,12.6,12.63,12.55,12.61,288044.0
2022-05-30,12.62,12.67,12.53,12.56,243940.0
2022-05-31,12.56,12.63,12.53,12.56,293865.0
2022-06-01,12.54,12.59,12.51,12.54,312010.0
2022-06-02,12.54,12.57,12.51,12.52,148728.0
2022-06-06,12.51,12.52,12.42,12.46,475234.0
2022-06-07,12.45,12.49,12.43,12.45,265502.0
2022-06-08,12.46,12.55,12.44,12.54,322013.0
2022-06-09,12.53,12.6,12.52,12.59,399452.0
2022-06-10,12.55,12.59,12.52,12.56,323871.0
2022-06-13,12.54,12.55,12.45,12.47,422155.0
2022-06-14,12.47,12.53,12.44,12.52,288245.0
2022-06-15,12.52,12.63,12.5,12.56,452418.0
2022-06-16,12.56,12.58,12.47,12.47,379745.0
2022-06-17,12.46,12.51,12.45,12.5,263632.0
2022-06-20,12.49,12.51,12.41,12.43,419853.0
2022-06-21,12.45,12.48,12.43,12.45,210517.0
2022-06-22,12.45,12.47,12.42,12.42,148639.0
2022-06-23,12.42,12.44,12.4,12.44,256991.0
2022-06-24,12.45,12.45,12.39,12.41,352588.0
2022-06-27,12.42,12.43,12.39,12.4,321366.0
2022-06-28,12.4,12.42,12.36,12.41,434349.0
2022-06-29,12.41,12.46,12.4,12.43,367574.0
2022-06-30,12.45,12.48,12.42,12.44,422820.0
2022-07-01,12.46,12.47,12.44,12.46,246143.0
2022-07-04,12.47,12.5,12.45,12.5,342348.0
2022-07-05,12.5,12.56,12.49,12.53,490164.0
2022-07-06,12.53,12.54,12.44,12.48,608413.0
2022-07-07,12.48,12.51,12.39,12.39,721648.0
2022-07-08,12.42,12.43,12.38,12.39,335166.0
2022-07-11,12.39,12.4,12.37,12.37,228079.0
2022-07-12,12.38,12.44,12.37,12.41,209489.0
2022-07-13,12.41,12.46,12.4,12.42,202224.0
2022-07-14,12.44,12.45,12.39,12.43,205784.0
2022-07-15,12.43,12.44,12.35,12.35,213289.0
2022-07-18,12.38,12.41,12.36,12.39,148386.0
2022-07-19,12.39,12.41,12.38,12.39,157925.0
2022-07-20,12.41,12.41,12.39,12.41,116047.0
2022-07-21,12.4,12.41,12.35,12.36,184927.0
2022-07-22,12.37,12.39,12.36,12.38,109809.0
2022-07-25,12.4,12.4,12.36,12.37,90008.0
2022-07-26,12.37,12.41,12.36,12.38,155261.0
2022-07-27,12.39,12.41,12.37,12.37,129902.0
2022-07-28,12.38,12.39,12.36,12.37,179985.0
2022-07-29,12.38,12.4,12.36,12.38,176062.0
2022-08-01,12.37,12.38,12.35,12.35,157308.0
2022-08-02,12.35,12.36,12.28,12.3,356350.0
2022-08-03,12.32,12.43,12.3,12.38,467792.0
2022-08-04,12.39,12.42,12.36,12.42,198178.0
2022-08-05,12.42,12.45,12.38,12.44,161837.0
2022-08-08,12.44,12.45,12.4,12.41,123106.0
2022-08-09,12.41,12.51,12.4,12.5,344137.0
2022-08-10,12.51,12.51,12.44,12.47,135602.0
2022-08-11,12.48,12.51,12.46,12.5,150470.0
2022-08-12,12.51,12.56,12.49,12.55,222096.0
2022-08-15,12.53,12.58,12.51,12.55,201026.0
2022-08-16,12.55,12.58,12.52,12.52,176768.0
2022-08-17,12.54,12.58,12.51,12.56,159857.0
2022-08-18,12.57,12.58,12.52,12.55,112691.0
2022-08-19,12.55,12.64,12.54,12.59,282199.0
2022-08-22,12.59,12.65,12.58,12.6,230832.0
2022-08-23,12.61,12.64,12.57,12.63,225390.0
2022-08-24,12.61,12.65,12.57,12.58,270066.0
2022-08-25,12.59,12.71,12.58,12.69,366107.0
2022-08-26,12.7,12.72,12.66,12.69,238140.0
2022-08-29,12.67,12.73,12.65,12.72,201524.0
2022-08-30,12.73,12.8,12.71,12.78,437111.0
2022-08-31,12.77,12.83,12.75,12.78,356063.0
2022-09-01,12.8,12.91,12.78,12.87,529343.0
2022-09-02,12.88,12.89,12.76,12.83,376887.0
2022-09-05,12.84,12.96,12.81,12.93,431778.0
2022-09-06,12.94,12.97,12.88,12.95,375346.0
2022-09-07,12.95,12.97,12.9,12.95,308497.0
2022-09-08,12.95,13.0,12.9,13.0,369115.0
2022-09-09,12.99,13.04,12.97,13.01,299170.0
2022-09-13,13.01,13.09,12.99,13.07,416936.0
2022-09-14,13.04,13.06,12.99,13.03,309855.0
2022-09-15,13.03,13.17,13.03,13.17,693227.0
2022-09-16,13.17,13.18,12.96,13.0,663632.0
2022-09-19,12.98,13.1,12.9,13.09,576463.0
2022-09-20,13.11,13.12,13.03,13.07,296398.0
2022-09-21,13.09,13.15,13.02,13.11,333573.0
2022-09-22,13.09,13.11,13.03,13.09,295849.0
2022-09-23,13.08,13.2,13.08,13.1,432971.0
2022-09-26,13.07,13.15,12.97,13.0,443768.0
2022-09-27,13.0,13.1,12.89,13.06,453594.0
2022-09-28,13.06,13.11,13.01,13.06,289861.0
2022-09-29,13.08,13.12,12.97,13.01,241112.0
2022-09-30,13.0,13.11,12.99,13.1,269661.0
2022-10-10,13.03,13.15,13.03,13.04,537019.0
2022-10-11,13.04,13.11,12.99,13.08,316152.0
2022-10-12,13.08,13.12,13.02,13.09,268321.0
2022-10-13,13.09,13.11,13.0,13.03,261428.0
2022-10-14,13.07,13.09,13.01,13.02,320992.0
2022-10-17,13.03,13.28,13.02,13.18,603603.0
2022-10-18,13.2,13.38,13.18,13.33,634921.0
2022-10-19,13.34,13.34,13.22,13.24,284537.0
2022-10-20,13.24,13.28,13.11,13.12,372742.0
2022-10-21,13.11,13.27,13.11,13.19,266003.0
2022-10-24,13.23,13.23,12.96,12.98,454366.0
2022-10-25,12.96,13.03,12.91,12.98,368090.0
2022-10-26,12.97,13.02,12.84,12.93,482902.0
2022-10-27,12.9,12.97,12.87,12.96,313603.0
2022-10-28,12.92,12.95,12.81,12.83,407187.0
2022-10-31,12.83,12.87,12.69,12.74,498255.0
2022-11-01,12.7,12.82,12.69,12.79,358510.0
2022-11-02,12.79,12.93,12.77,12.88,289131.0
2022-11-03,12.87,12.92,12.84,12.91,211698.0
2022-11-04,12.93,12.98,12.89,12.94,277868.0
2022-11-07,12.93,12.95,12.88,12.92,202096.0
2022-11-08,12.93,12.94,12.86,12.92,211651.0
2022-11-09,12.89,12.96,12.86,12.87,171798.0
2022-11-10,12.87,12.96,12.81,12.94,344024.0
2022-11-11,12.98,12.99,12.91,12.95,285624.0
2022-11-14,12.94,13.01,12.93,12.98,273243.0
2022-11-15,12.94,12.95,12.82,12.86,553231.0
2022-11-16,12.87,12.93,12.86,12.89,279861.0
2022-11-17,12.86,12.92,12.83,12.84,256023.0
2022-11-18,12.86,12.87,12.81,12.81,231815.0
2022-11-21,12.81,12.84,12.74,12.76,238611.0
2022-11-22,12.76,12.98,12.75,12.96,598814.0
2022-11-23,12.96,13.08,12.92,13.02,485634.0
2022-11-24,13.02,13.06,12.96,13.02,207745.0
2022-11-25,13.02,13.15,13.01,13.13,306523.0
2022-11-28,13.11,13.12,12.99,13.09,263247.0
2022-11-29,13.09,13.17,13.08,13.15,247453.0
2022-11-30,13.12,13.2,13.11,13.18,292260.0
2022-12-01,13.18,13.22,13.1,13.11,359840.0
2022-12-02,13.09,13.15,13.06,13.1,227348.0
2022-12-05,13.16,13.26,13.15,13.23,344986.0
2022-12-06,13.23,13.25,13.18,13.23,270289.0
2022-12-07,13.23,13.28,13.16,13.2,322755.0
2022-12-08,13.18,13.22,13.13,13.18,270470.0
2022-12-09,13.17,13.18,13.0,13.09,515286.0
2022-12-12,13.05,13.1,13.02,13.04,268536.0
2022-12-13,13.06,13.09,13.02,13.04,284600.0
2022-12-14,13.05,13.13,12.99,13.09,253873.0
2022-12-15,13.09,13.12,12.94,12.95,307418.0
2022-12-16,12.93,13.06,12.93,13.06,281567.0
2022-12-19,13.06,13.06,12.9,12.92,245829.0
2022-12-20,12.93,12.97,12.84,12.87,311777.0
2022-12-21,12.87,13.03,12.87,12.99,241311.0
2022-12-22,12.99,13.04,12.88,12.91,195323.0
2022-12-23,12.9,12.96,12.88,12.9,134113.0
2022-12-26,12.9,12.93,12.85,12.85,178497.0
2022-12-27,12.9,12.98,12.88,12.91,202450.0
2022-12-28,12.92,12.98,12.88,12.96,158678.0
2022-12-29,12.93,12.96,12.88,12.91,173973.0
2022-12-30,12.93,13.02,12.93,13.01,222650.0
2023-01-03,13.01,13.07,12.93,12.95,416009.0
2023-01-04,12.96,13.0,12.94,12.96,300251.0
2023-01-05,12.99,13.0,12.94,12.95,293097.0
2023-01-06,12.95,12.96,12.88,12.91,343532.0
2023-01-09,12.91,12.93,12.88,12.88,284962.0
2023-01-10,12.88,12.9,12.86,12.86,225725.0
2023-01-11,12.86,12.92,12.85,12.91,316267.0
2023-01-12,12.89,12.91,12.87,12.9,267776.0
2023-01-13,12.9,13.02,12.9,13.01,438681.0
2023-01-16,13.02,13.04,12.96,13.0,314000.0
2023-01-17,13.0,13.01,12.96,12.99,189223.0
2023-01-18,12.99,13.01,12.95,12.98,193848.0
2023-01-19,12.97,12.99,12.96,12.99,142131.0
2023-01-20,12.99,13.03,12.97,13.03,207339.0
2023-01-30,13.05,13.07,12.99,13.0,338609.0
2023-01-31,13.0,13.05,12.99,13.03,295027.0
2023-02-01,13.03,13.05,13.01,13.03,210704.0
2023-02-02,13.03,13.05,13.01,13.02,229387.0
2023-02-03,13.02,13.03,12.97,12.98,228048.0
2023-02-06,12.97,13.01,12.94,12.98,238109.0
2023-02-07,12.98,13.01,12.97,13.0,155775.0
2023-02-08,13.02,13.05,12.99,13.01,188894.0
2023-02-09,13.0,13.03,12.99,13.01,179197.0
2023-02-10,13.01,13.04,13.0,13.02,173362.0
2023-02-13,13.04,13.04,13.0,13.03,233747.0
2023-02-14,13.04,13.06,13.02,13.04,215519.0
2023-02-15,13.04,13.05,13.0,13.02,182900.0
2023-02-16,13.02,13.05,12.96,12.98,299225.0
2023-02-17,12.98,13.02,12.97,12.98,209774.0
2023-02-20,13.0,13.06,12.98,13.06,286641.0
2023-02-21,13.07,13.16,13.05,13.13,260539.0
2023-02-22,13.13,13.14,13.1,13.12,160239.0
2023-02-23,13.13,13.16,13.09,13.11,155213.0
2023-02-24,13.13,13.13,13.08,13.1,150773.0
2023-02-27,13.1,13.16,13.09,13.15,204939.0
2023-02-28,13.15,13.16,13.12,13.12,191146.0
2023-03-01,13.15,13.24,13.13,13.22,414522.0
2023-03-02,13.22,13.32,13.2,13.29,403609.0
2023-03-03,13.31,13.41,13.27,13.39,523838.0
2023-03-06,13.39,13.48,13.38,13.4,492306.0
2023-03-07,13.4,13.72,13.39,13.5,1004384.0
2023-03-08,13.48,13.6,13.44,13.57,439067.0
2023-03-09,13.61,13.68,13.58,13.62,418278.0
2023-03-10,13.59,13.6,13.43,13.44,499315.0
2023-03-13,13.48,13.61,13.46,13.6,425496.0
2023-03-14,13.58,13.69,13.56,13.56,440411.0
2023-03-15,13.57,13.66,13.52,13.62,345662.0
2023-03-16,13.62,13.69,13.59,13.64,417984.0
2023-03-17,13.66,13.76,13.64,13.69,547761.0
2023-03-20,13.71,13.87,13.66,13.71,616155.0
2023-03-21,13.69,13.75,13.58,13.6,506256.0
2023-03-22,13.63,13.7,13.58,13.63,326815.0
2023-03-23,13.63,13.67,13.55,13.65,253454.0
2023-03-24,13.62,13.71,13.59,13.61,353999.0
2023-03-27,13.63,13.63,13.51,13.56,314729.0
2023-03-28,13.58,13.6,13.51,13.53,226067.0
2023-03-29,13.52,13.57,13.47,13.49,246328.0
2023-03-30,13.51,13.56,13.45,13.51,255291.0
2023-03-31,13.55,13.59,13.5,13.52,216609.0
2023-04-03,13.53,13.61,13.51,13.55,313736.0
2023-04-04,13.57,13.65,13.54,13.63,293492.0
2023-04-06,13.63,13.64,13.56,13.59,222705.0
2023-04-07,13.59,13.59,13.47,13.5,250506.0
2023-04-10,13.53,13.53,13.42,13.44,287156.0
2023-04-11,13.47,13.49,13.4,13.45,315932.0
2023-04-12,13.46,13.7,13.44,13.69,531420.0
2023-04-13,13.7,13.72,13.64,13.68,245954.0
2023-04-14,13.71,13.81,13.61,13.78,395266.0
2023-04-17,13.78,14.01,13.75,13.98,637661.0
2023-04-18,13.99,14.03,13.9,13.97,365920.0
2023-04-19,13.96,14.01,13.91,13.93,207518.0
2023-04-20,13.94,13.97,13.83,13.94,245633.0
2023-04-21,13.96,14.08,13.88,13.89,318098.0
2023-04-24,13.92,14.0,13.88,13.9,271180.0
2023-04-25,13.91,14.01,13.9,13.96,311472.0
2023-04-26,13.94,13.98,13.83,13.91,328619.0
2023-04-27,13.92,14.09,13.91,14.07,479120.0
2023-04-28,14.09,14.1,13.97,14.03,370069.0
2023-05-04,14.04,14.38,13.98,14.29,1078983.0
2023-05-05,14.25,14.36,14.13,14.25,797797.0
2023-05-08,14.25,14.54,14.25,14.4,1248230.0
2023-05-09,14.33,14.37,14.14,14.16,1429209.0
2023-05-10,14.13,14.2,14.05,14.13,684195.0
2023-05-11,14.12,14.21,14.03,14.05,513545.0
2023-05-12,14.05,14.21,13.96,14.07,733246.0
2023-05-15,14.07,14.12,13.92,14.06,505531.0
2023-05-16,14.03,14.13,13.98,14.03,464284.0
2023-05-17,14.04,14.05,13.89,14.03,487885.0
2023-05-18,14.05,14.19,14.01,14.11,515279.0
2023-05-19,14.12,14.12,13.94,13.97,477113.0
2023-05-22,13.93,14.01,13.89,13.92,469422.0
2023-05-23,13.91,13.94,13.84,13.84,331322.0
2023-05-24,13.84,13.85,13.7,13.7,402383.0
2023-05-25,13.75,13.79,13.66,13.77,315409.0
2023-05-26,13.74,13.93,13.72,13.92,289713.0
2023-05-29,13.89,14.12,13.89,14.08,551299.0
2023-05-30,14.08,14.11,13.94,14.02,323303.0
2023-05-31,13.98,14.03,13.9,13.97,352795.0
2023-06-01,13.94,13.97,13.85,13.89,371484.0
2023-06-02,13.88,13.95,13.75,13.78,572901.0
2023-06-05,13.8,13.87,13.75,13.8,301882.0
2023-06-06,13.8,13.91,13.73,13.75,331472.0
2023-06-07,13.75,13.94,13.74,13.92,328422.0
2023-06-08,13.92,14.09,13.88,14.06,492968.0
2023-06-09,14.07,14.08,14.0,14.07,268231.0
2023-06-12,14.08,14.09,13.93,13.93,299187.0
2023-06-13,13.91,13.97,13.87,13.9,251330.0
2023-06-14,13.91,13.97,13.83,13.84,256479.0
2023-06-15,13.83,13.85,13.77,13.8,305928.0
2023-06-16,13.82,13.88,13.75,13.76,394651.0
2023-06-19,13.76,13.77,13.64,13.7,464040.0
2023-06-20,13.7,13.76,13.65,13.66,291321.0
2023-06-21,13.66,13.77,13.66,13.69,251410.0
2023-06-26,13.69,13.7,13.53,13.56,446187.0
2023-06-27,13.58,13.77,13.57,13.75,334334.0
2023-06-28,13.72,13.83,13.71,13.81,237761.0
2023-06-29,13.85,13.85,13.73,13.81,230492.0
2023-06-30,13.83,13.85,13.75,13.76,282199.0
2023-07-03,13.76,13.83,13.72,13.81,260548.0
2023-07-04,13.8,13.83,13.72,13.74,203267.0
2023-07-05,13.74,13.81,13.71,13.79,225481.0
2023-07-06,13.79,13.81,13.73,13.77,172733.0
2023-07-07,13.76,13.95,13.74,13.89,394221.0
2023-07-10,13.9,13.96,13.82,13.91,332597.0
2023-07-11,13.9,13.91,13.79,13.84,292259.0
2023-07-12,13.84,13.87,13.76,13.77,331242.0
2023-07-13,13.83,13.9,13.8,13.88,379745.0
2023-07-14,13.89,13.96,13.84,13.91,332097.0
2023-07-17,13.91,14.0,13.87,13.98,275089.0
2023-07-18,13.96,14.08,13.93,14.05,383926.0
2023-07-19,14.07,14.07,13.96,14.02,230917.0
2023-07-20,14.01,14.05,13.94,13.96,325374.0
2023-07-21,13.97,14.02,13.94,13.99,256199.0
2023-07-24,13.99,14.05,13.96,14.0,251433.0
2023-07-25,14.03,14.06,13.95,13.96,392829.0
2023-07-26,13.96,13.97,13.91,13.93,235627.0
2023-07-27,13.94,13.98,13.9,13.91,374952.0
2023-07-28,13.93,14.04,13.9,14.03,390313.0
2023-07-31,14.04,14.09,13.94,13.97,464363.0
2023-08-01,13.98,14.01,13.95,14.0,322091.0
2023-08-02,13.99,14.0,13.93,13.94,300123.0
2023-08-03,13.93,13.96,13.91,13.94,232181.0
2023-08-04,13.95,13.99,13.9,13.91,301592.0
2023-08-07,13.91,13.92,13.84,13.87,310304.0
2023-08-08,13.89,13.94,13.86,13.92,198110.0
2023-08-09,13.93,13.93,13.87,13.91,178298.0
2023-08-10,13.91,13.95,13.88,13.94,191880.0
2023-08-11,13.95,13.97,13.86,13.86,275139.0
2023-08-14,13.84,13.91,13.79,13.89,320547.0
2023-08-15,13.89,14.03,13.87,14.02,565630.0
2023-08-16,14.01,14.07,13.96,14.05,438067.0
2023-08-17,14.06,14.11,13.98,14.05,542778.0
2023-08-18,14.04,14.12,14.04,14.09,361367.0
2023-08-21,14.1,14.18,14.04,14.11,708459.0
2023-08-22,14.11,14.22,14.06,14.18,821592.0
2023-08-23,14.17,14.19,14.13,14.13,571063.0
2023-08-24,14.14,14.18,14.05,14.08,537448.0
2023-08-25,14.07,14.17,14.05,14.12,404100.0
2023-08-28,14.25,14.29,14.08,14.12,783177.0
2023-08-29,14.05,14.13,13.99,14.05,800086.0
2023-08-30,14.01,14.06,13.96,13.96,431984.0
2023-08-31,13.95,14.02,13.93,13.94,479530.0
2023-09-01,13.97,13.99,13.93,13.97,416268.0
2023-09-04,13.97,14.1,13.96,14.06,453226.0
2023-09-05,14.04,14.09,14.0,14.06,310233.0
2023-09-06,14.04,14.06,13.99,14.02,215880.0
2023-09-07,14.0,14.1,13.99,14.04,379540.0
2023-09-08,14.03,14.07,13.98,14.03,273789.0
2023-09-11,14.03,14.11,14.02,14.1,505807.0
2023-09-12,14.09,14.12,14.06,14.1,287178.0
2023-09-13,14.11,14.17,14.09,14.15,443859.0
2023-09-14,14.15,14.23,14.13,14.22,712527.0
2023-09-15,14.19,14.22,14.08,14.11,680133.0
2023-09-18,14.11,14.14,14.03,14.09,447722.0
2023-09-19,14.09,14.16,14.06,14.15,537807.0
2023-09-20,14.16,14.17,14.09,14.15,512171.0
2023-09-21,14.15,14.16,14.1,14.12,377721.0
2023-09-22,14.12,14.13,14.08,14.09,460098.0
2023-09-25,14.1,14.19,14.09,14.16,716971.0
2023-09-26,14.18,14.18,14.12,14.14,446845.0
2023-09-27,14.16,14.18,14.06,14.07,460721.0
2023-09-28,14.09,14.12,14.06,14.1,234539.0
2023-10-09,14.09,14.12,14.06,14.08,333556.0
2023-10-10,14.07,14.1,14.0,14.07,540640.0
2023-10-11,14.06,14.13,14.01,14.01,466326.0
2023-10-12,14.02,14.13,14.02,14.11,477381.0
2023-10-13,14.1,14.12,14.07,14.1,281047.0
2023-10-16,14.11,14.15,14.09,14.13,316616.0
2023-10-17,14.13,14.14,14.08,14.1,384637.0
2023-10-18,14.11,14.11,14.06,14.1,258421.0
2023-10-19,14.08,14.1,13.93,13.94,763451.0
2023-10-20,13.93,13.94,13.88,13.89,404902.0
2023-10-23,13.89,13.96,13.87,13.91,378927.0
2023-10-24,13.91,14.02,13.9,13.99,506222.0
2023-10-25,14.02,14.03,13.96,14.01,377554.0
2023-10-26,14.0,14.09,13.97,14.07,662560.0
2023-10-27,14.08,14.13,14.01,14.01,550168.0
2023-10-30,14.01,14.03,13.95,13.96,491184.0
2023-10-31,13.98,14.03,13.93,14.02,368231.0
2023-11-01,14.0,14.05,13.98,14.02,359306.0
2023-11-02,14.02,14.09,14.0,14.04,408216.0
2023-11-03,14.05,14.05,13.98,13.98,490137.0
2023-11-06,13.98,14.0,13.91,13.92,608017.0
2023-11-07,13.91,13.96,13.91,13.93,303811.0
2023-11-08,13.93,13.94,13.9,13.91,289476.0
2023-11-09,13.91,13.95,13.9,13.94,303883.0
2023-11-10,13.93,13.95,13.89,13.93,286909.0
2023-11-13,13.92,13.94,13.89,13.91,400218.0
2023-11-14,13.91,13.92,13.88,13.89,313054.0
2023-11-15,13.91,13.91,13.88,13.89,246255.0
2023-11-16,13.89,13.91,13.88,13.89,343694.0
2023-11-17,13.89,13.9,13.85,13.85,524074.0
2023-11-20,13.85,13.86,13.83,13.84,419959.0
2023-11-21,13.85,13.91,13.83,13.89,395493.0
2023-11-22,13.88,13.92,13.87,13.89,230286.0
2023-11-23,13.89,13.93,13.88,13.9,238051.0
2023-11-24,13.9,13.97,13.9,13.96,365442.0
2023-11-27,13.94,13.96,13.9,13.94,242040.0
2023-11-28,13.94,13.98,13.91,13.97,318607.0
2023-11-29,13.97,14.01,13.95,14.0,390796.0
2023-11-30,13.99,14.09,13.98,14.07,599899.0
2023-12-01,14.07,14.15,14.05,14.11,713245.0
2023-12-04,14.11,14.14,14.06,14.09,589824.0
2023-12-05,14.07,14.11,14.03,14.05,576200.0
2023-12-06,14.05,14.1,13.97,14.06,577796.0
2023-12-07,14.06,14.11,14.04,14.08,459947.0
2023-12-08,14.09,14.15,14.05,14.14,767210.0
2023-12-11,14.12,14.15,14.02,14.14,763919.0
2023-12-12,14.13,14.15,14.09,14.12,669129.0
2023-12-13,14.11,14.18,14.1,14.14,688371.0
2023-12-14,14.15,14.16,14.06,14.08,513482.0
2023-12-15,14.06,14.08,13.98,14.0,811977.0
2023-12-18,14.0,14.04,13.98,14.02,497785.0
2023-12-19,14.03,14.08,13.98,14.01,440482.0
2023-12-20,14.0,14.11,14.0,14.02,575441.0
2023-12-21,14.01,14.04,13.96,14.01,601505.0
2023-12-22,14.02,14.11,14.0,14.04,800069.0
2023-12-25,14.03,14.04,13.96,14.01,513043.0
2023-12-26,14.01,14.08,13.99,14.03,558734.0
2023-12-27,14.04,14.09,14.01,14.08,455622.0
2023-12-28,14.08,14.08,13.97,14.02,1147343.0
2023-12-29,14.0,14.03,13.98,14.02,675170.0
2024-01-02,14.0,14.13,14.0,14.09,1007802.0
2024-01-03,14.09,14.13,14.07,14.13,752297.0
2024-01-04,14.12,14.19,14.11,14.19,1120125.0
2024-01-05,14.17,14.22,14.15,14.18,1396098.0
2024-01-08,14.18,14.22,14.15,14.2,1112089.0
2024-01-09,14.18,14.22,14.12,14.22,1284270.0
2024-01-10,14.21,14.24,14.13,14.18,932334.0
2024-01-11,14.18,14.19,14.09,14.11,897593.0
2024-01-12,14.11,14.2,14.1,14.17,585325.0
2024-01-15,14.16,14.23,14.14,14.19,730076.0
2024-01-16,14.2,14.21,14.15,14.2,554260.0
2024-01-17,14.18,14.25,14.17,14.18,1070669.0
2024-01-18,14.17,14.18,13.99,14.15,1127418.0
2024-01-19,14.12,14.17,14.09,14.12,601923.0
2024-01-22,14.1,14.13,13.92,13.94,812701.0
2024-01-23,13.94,14.1,13.92,14.07,744712.0
2024-01-24,14.07,14.21,14.06,14.2,1000170.0
2024-01-25,14.19,14.26,14.17,14.24,1116083.0
2024-01-26,14.23,14.29,14.21,14.28,1278124.0
2024-01-29,14.27,14.37,14.22,14.28,1572213.0
2024-01-30,14.24,14.29,14.19,14.19,1271446.0
2024-01-31,14.18,14.3,14.17,14.28,1527121.0
2024-02-01,14.25,14.3,14.21,14.27,1746051.0
2024-02-02,14.26,14.29,14.2,14.27,2001658.0
2024-02-05,14.27,14.37,14.24,14.34,2808361.0
2024-02-06,14.3,14.43,14.28,14.3,3285373.0
2024-02-07,14.32,14.37,14.13,14.34,3038061.0
2024-02-08,14.33,14.34,14.13,14.24,2149132.0
2024-02-19,14.23,14.4,14.14,14.4,2362494.0
2024-02-20,14.37,14.63,14.36,14.59,2125958.0
2024-02-21,14.56,14.59,14.49,14.53,1969014.0
2024-02-22,14.5,14.59,14.46,14.56,1615283.0
2024-02-23,14.56,14.61,14.46,14.48,1847990.0
2024-02-26,14.49,14.5,14.3,14.41,1907331.0
2024-02-27,14.33,14.34,14.25,14.28,2078762.0
2024-02-28,14.26,14.29,14.23,14.24,1834083.0
2024-02-29,14.23,14.27,14.21,14.27,1930233.0
2024-03-01,14.24,14.28,14.23,14.25,1681800.0
2024-03-04,14.24,14.29,14.23,14.27,1634522.0
2024-03-05,14.26,14.35,14.25,14.35,1830844.0
2024-03-06,14.33,14.34,14.23,14.24,1703451.0
2024-03-07,14.24,14.26,14.21,14.23,1138545.0
2024-03-08,14.23,14.26,14.2,14.25,1257002.0
2024-03-11,14.23,14.26,14.18,14.2,1248582.0
2024-03-12,14.19,14.19,14.08,14.08,1658826.0
2024-03-13,14.07,14.1,14.04,14.07,916973.0
2024-03-14,14.05,14.17,14.04,14.12,1072149.0
2024-03-15,14.13,14.16,14.08,14.14,685812.0
2024-03-18,14.13,14.16,14.11,14.13,765029.0
2024-03-19,14.13,14.14,14.07,14.08,680465.0
2024-03-20,14.08,14.15,14.07,14.14,752836.0
2024-03-21,14.15,14.19,14.12,14.17,650604.0
2024-03-22,14.17,14.18,14.09,14.12,691514.0
2024-03-25,14.11,14.17,14.09,14.12,761073.0
2024-03-26,14.12,14.14,14.07,14.1,840868.0
2024-03-27,14.09,14.18,14.09,14.14,987130.0
2024-03-28,14.14,14.14,14.07,14.13,829030.0
2024-03-29,14.12,14.17,14.1,14.17,666893.0
2024-04-01,14.15,14.21,14.15,14.18,772917.0
2024-04-02,14.18,14.22,14.16,14.2,642661.0
2024-04-03,14.21,14.25,14.17,14.22,774632.0
2024-04-08,14.22,14.28,14.17,14.27,923407.0
2024-04-09,14.26,14.27,14.18,14.22,772262.0
2024-04-10,14.21,14.29,14.2,14.25,1089884.0
2024-04-11,14.23,14.34,14.21,14.32,999589.0
2024-04-12,14.34,14.36,14.29,14.32,681503.0
2024-04-15,14.33,14.45,14.28,14.4,1355783.0
2024-04-16,14.4,14.42,14.3,14.3,1403270.0
2024-04-17,14.29,14.44,14.29,14.44,1153725.0
2024-04-18,14.44,14.51,14.36,14.37,1145835.0
2024-04-19,14.37,14.44,14.35,14.42,1004427.0
2024-04-22,14.4,14.46,14.28,14.31,1009611.0
2024-04-23,14.29,14.34,14.24,14.26,1023577.0
2024-04-24,14.27,14.34,14.24,14.33,920235.0
2024-04-25,14.32,14.36,14.29,14.33,581817.0
2024-04-26,14.33,14.34,14.21,14.25,1348463.0
2024-04-29,14.06,14.08,13.81,13.84,4257054.0
2024-04-30,13.85,13.87,13.73,13.73,2853233.0
2024-05-06,13.76,13.79,13.73,13.75,2074611.0
2024-05-07,13.75,13.77,13.72,13.77,1253497.0
2024-05-08,13.76,13.81,13.75,13.8,1304118.0
2024-05-09,13.8,13.89,13.8,13.86,1303103.0
2024-05-10,13.87,13.9,13.84,13.88,1185294.0
2024-05-13,13.88,13.97,13.85,13.93,1524156.0
2024-05-14,13.93,13.95,13.9,13.92,859080.0
2024-05-15,13.9,13.93,13.89,13.89,681575.0
2024-05-16,13.89,13.91,13.87,13.89,777652.0
2024-05-17,13.89,13.91,13.88,13.91,621483.0
2024-05-20,13.91,13.93,13.88,13.89,817632.0
2024-05-21,13.89,13.92,13.89,13.9,765957.0
2024-05-22,13.91,13.94,13.9,13.92,830481.0
2024-05-23,13.91,13.92,13.86,13.87,858657.0
2024-05-24,13.87,13.91,13.86,13.89,592886.0
2024-05-27,13.89,13.94,13.89,13.93,884610.0
2024-05-28,13.92,13.94,13.9,13.91,461387.0
2024-05-29,13.9,13.92,13.89,13.9,500173.0
2024-05-30,13.9,13.92,13.87,13.88,656494.0
2024-05-31,13.89,13.9,13.88,13.88,637034.0
2024-06-03,13.88,13.89,13.84,13.86,655107.0
2024-06-04,13.86,13.9,13.84,13.89,569560.0
2024-06-05,13.89,13.95,13.88,13.91,905050.0
2024-06-06,13.91,13.95,13.91,13.93,790346.0
2024-06-07,13.94,14.05,13.93,14.04,1282232.0
2024-06-11,14.04,14.07,13.95,13.95,1166125.0
2024-06-12,13.95,14.06,13.93,14.05,864081.0
2024-06-13,14.04,14.07,14.0,14.02,562686.0
2024-06-14,14.01,14.06,13.98,13.98,926797.0
2024-06-17,13.98,14.0,13.87,13.9,1172442.0
2024-06-18,13.9,13.94,13.89,13.93,772929.0
2024-06-19,13.92,13.96,13.91,13.91,452054.0
2024-06-20,13.92,13.93,13.87,13.91,551424.0
2024-06-21,13.91,13.92,13.87,13.9,532481.0
2024-06-24,13.89,13.9,13.85,13.86,666593.0
2024-06-25,13.87,13.89,13.83,13.85,702473.0
2024-06-26,13.85,13.88,13.84,13.87,471895.0
2024-06-27,13.86,13.97,13.86,13.91,1022088.0
2024-06-28,13.92,13.98,13.91,13.97,769061.0
2024-07-01,13.97,14.03,13.96,14.01,904312.0
2024-07-02,14.0,14.07,13.99,14.05,890007.0
2024-07-03,14.02,14.06,13.97,14.05,1057813.0
2024-07-04,14.05,14.13,14.05,14.06,966528.0
2024-07-05,14.06,14.1,14.0,14.03,647568.0
2024-07-08,14.01,14.06,14.0,14.01,532336.0
2024-07-09,14.03,14.03,13.95,13.99,696999.0
2024-07-10,13.99,14.0,13.91,13.95,844039.0
2024-07-11,13.992,14.072,13.942,13.952,1175335.0
2024-07-12,13.952,13.982,13.922,13.942,752216.0
2024-07-15,13.942,14.002,13.902,13.982,557222.0
2024-07-16,13.972,14.092,13.972,14.082,769657.0
2024-07-17,14.082,14.112,14.042,14.102,634676.0
2024-07-18,14.102,14.132,14.042,14.112,519567.0
2024-07-19,14.102,14.182,14.082,14.152,795491.0
2024-07-22,14.152,14.212,14.122,14.172,776221.0
2024-07-23,14.172,14.222,14.152,14.152,682353.0
2024-07-24,14.162,14.212,14.122,14.192,733316.0
2024-07-25,14.202,14.202,14.112,14.182,763946.0
2024-07-26,14.182,14.202,14.092,14.142,673064.0
2024-07-29,14.142,14.212,14.122,14.202,563776.0
2024-07-30,14.212,14.262,14.182,14.242,756947.0
2024-07-31,14.252,14.292,14.132,14.162,1119653.0
2024-08-01,14.162,14.282,14.132,14.252,997081.0
2024-08-02,14.222,14.272,14.172,14.172,575240.0
2024-08-05,14.162,14.192,14.112,14.122,772687.0
2024-08-06,14.132,14.162,14.042,14.092,812092.0
2024-08-07,14.082,14.142,14.072,14.082,463873.0
2024-08-08,14.092,14.132,14.072,14.122,406137.0
2024-08-09,14.112,14.122,14.042,14.052,509180.0
2024-08-12,14.012,14.062,13.972,14.052,499673.0
2024-08-13,14.052,14.092,14.012,14.052,365848.0
2024-08-14,14.042,14.062,14.012,14.022,338439.0
2024-08-15,14.012,14.092,14.002,14.072,494023.0
2024-08-16,14.072,14.102,14.052,14.062,397776.0
2024-08-19,14.062,14.112,14.052,14.102,473429.0
2024-08-20,14.112,14.112,14.032,14.072,412892.0
2024-08-21,14.062,14.072,13.982,13.992,563916.0
2024-08-22,13.992,14.032,13.982,13.982,470364.0
2024-08-23,13.982,14.032,13.942,14.012,510154.0
2024-08-26,14.002,14.012,13.942,13.962,539814.0
2024-08-27,13.962,13.982,13.872,13.892,636482.0
2024-08-28,13.892,13.892,13.802,13.842,634141.0
2024-08-29,13.792,13.792,13.312,13.342,2849091.0
2024-08-30,13.302,13.342,13.252,13.302,1683557.0
2024-09-02,13.292,13.372,13.272,13.302,1242483.0
2024-09-03,13.312,13.332,13.262,13.312,872691.0
2024-09-04,13.292,13.342,13.282,13.292,711938.0
2024-09-05,13.292,13.372,13.282,13.362,744527.0
2024-09-06,13.352,13.452,13.342,13.342,645540.0
2024-09-09,13.342,13.352,13.242,13.262,639730.0
2024-09-10,13.262,13.282,13.142,13.212,841926.0
2024-09-11,13.192,13.192,13.032,13.072,989885.0
2024-09-12,13.072,13.182,13.052,13.142,638521.0
2024-09-13,13.142,13.202,13.102,13.112,452405.0
2024-09-18,13.112,13.192,13.082,13.182,529388.0
2024-09-19,13.182,13.202,13.152,13.182,549293.0
2024-09-20,13.182,13.252,13.152,13.212,695033.0
2024-09-23,13.202,13.322,13.202,13.302,554498.0
2024-09-24,13.332,13.442,13.312,13.442,1005147.0
2024-09-25,13.482,13.692,13.472,13.572,1413687.0
2024-09-26,13.572,13.672,13.532,13.672,953195.0
2024-09-27,13.762,13.802,13.602,13.702,1328915.0
2024-09-30,13.832,14.072,13.762,14.052,3296262.0
2024-10-08,14.672,14.712,13.982,14.102,3680859.0
2024-10-09,14.022,14.022,13.752,13.772,2082118.0
2024-10-10,13.762,14.002,13.722,13.872,1882003.0
2024-10-11,13.892,13.942,13.802,13.822,1110170.0
2024-10-14,13.832,13.932,13.822,13.882,1042611.0
2024-10-15,13.852,13.882,13.822,13.832,1030503.0
2024-10-16,13.812,13.942,13.782,13.932,1072992.0
2024-10-17,13.932,13.962,13.852,13.892,836174.0
2024-10-18,13.892,13.982,13.812,13.942,1058430.0
2024-10-21,13.952,13.962,13.862,13.912,1061177.0
2024-10-22,13.902,13.972,13.882,13.962,966650.0
2024-10-23,13.962,14.032,13.942,13.992,918038.0
2024-10-24,14.021,14.051,13.901,13.941,976689.0
2024-10-25,13.911,13.961,13.861,13.901,879198.0
2024-10-28,13.901,13.911,13.821,13.841,1113632.0
2024-10-29,13.841,13.891,13.811,13.831,788367.0
2024-10-30,13.801,13.841,13.741,13.801,985312.0
2024-10-31,13.791,13.851,13.701,13.831,983498.0
2024-11-01,13.821,13.901,13.781,13.901,957187.0
2024-11-04,13.901,13.961,13.841,13.951,785474.0
2024-11-05,13.951,13.981,13.921,13.971,822522.0
2024-11-06,13.961,13.991,13.931,13.951,723332.0
2024-11-07,13.921,14.031,13.901,14.031,984808.0
2024-11-08,14.041,14.141,13.981,14.071,1133304.0
2024-11-11,14.031,14.061,13.941,14.011,706214.0
2024-11-12,13.991,14.061,13.961,13.971,778471.0
2024-11-13,13.971,14.081,13.951,14.071,991230.0
2024-11-14,14.071,14.131,14.031,14.051,796402.0
2024-11-15,14.041,14.171,14.021,14.121,1205378.0
2024-11-18,14.161,14.311,14.121,14.141,1603566.0
2024-11-19,14.141,14.191,14.011,14.081,1101732.0
2024-11-20,14.051,14.091,14.041,14.061,607744.0
2024-11-21,14.051,14.091,14.031,14.061,476829.0
2024-11-22,14.061,14.111,13.981,13.991,675942.0
2024-11-25,14.001,14.061,13.971,14.001,598110.0
2024-11-26,13.981,14.081,13.961,14.051,545150.0
2024-11-27,14.031,14.101,14.011,14.091,602771.0
2024-11-28,14.121,14.171,14.061,14.131,635983.0
2024-11-29,14.141,14.171,14.091,14.131,684191.0
2024-12-02,14.141,14.161,14.101,14.131,641169.0
2024-12-03,14.141,14.221,14.131,14.221,1006452.0
2024-12-04,14.191,14.251,14.181,14.251,699647.0
2024-12-05,14.231,14.241,14.191,14.201,479811.0
2024-12-06,14.211,14.271,14.211,14.261,620117.0
2024-12-09,14.251,14.311,14.231,14.261,671581.0
2024-12-10,14.321,14.341,14.201,14.221,980206.0
2024-12-11,14.201,14.241,14.161,14.201,695272.0
2024-12-12,14.201,14.261,14.181,14.231,696645.0
2024-12-13,14.221,14.261,14.191,14.201,995937.0
2024-12-16,14.191,14.291,14.191,14.281,1095274.0
2024-12-17,14.251,14.321,14.191,14.201,1023917.0
2024-12-18,14.231,14.291,14.171,14.181,1056673.0
2024-12-19,14.171,14.201,14.141,14.181,695619.0
2024-12-20,14.171,14.201,14.141,14.151,590657.0
2024-12-23,14.151,14.231,14.131,14.181,966378.0
2024-12-24,14.171,14.191,14.131,14.181,676762.0
2024-12-25,14.161,14.241,14.101,14.241,1522570.0
2024-12-26,14.191,14.211,14.061,14.081,1533680.0
2024-12-27,14.061,14.151,14.061,14.121,1341621.0
2024-12-30,14.111,14.191,14.101,14.131,1125049.0
2024-12-31,14.111,14.161,14.101,14.101,1158289.0
2025-01-02,14.101,14.141,13.891,13.921,1280947.0
2025-01-03,13.941,14.031,13.921,14.001,1023605.0
2025-01-06,13.981,14.021,13.901,13.941,838579.0
2025-01-07,13.941,13.951,13.811,13.881,1052547.0
2025-01-08,13.861,13.941,13.821,13.901,982619.0
2025-01-09,13.881,13.891,13.721,13.731,1132768.0
2025-01-10,13.721,13.731,13.541,13.561,1248134.0
2025-01-13,13.531,13.591,13.471,13.551,1438007.0
2025-01-14,13.561,13.631,13.551,13.611,1034283.0
2025-01-15,13.601,13.731,13.571,13.661,1283761.0
2025-01-16,13.651,13.711,13.621,13.651,1114960.0
2025-01-17,13.641,13.751,13.591,13.671,1169345.0
2025-01-20,13.691,13.721,13.641,13.661,815070.0
2025-01-21,13.671,13.671,13.571,13.601,793301.0
2025-01-22,13.601,13.601,13.531,13.591,767365.0
2025-01-23,13.621,13.731,13.621,13.671,1446997.0
2025-01-24,13.661,13.781,13.631,13.751,1350167.0
2025-01-27,13.771,14.021,13.771,13.971,1814538.0
2025-02-05,13.941,13.971,13.801,13.811,1031942.0
2025-02-06,13.841,13.881,13.781,13.861,865093.0
2025-02-07,13.861,13.941,13.811,13.921,879263.0
2025-02-10,13.881,13.981,13.871,13.901,843876.0
2025-02-11,13.891,14.031,13.881,13.981,1008669.0
2025-02-12,14.001,14.011,13.951,13.981,548951.0
2025-02-13,13.981,14.081,13.951,14.031,872601.0
2025-02-14,14.041,14.121,13.991,14.111,1021604.0
2025-02-17,14.091,14.191,14.051,14.181,1105314.0
2025-02-18,14.181,14.301,14.151,14.171,1386250.0
2025-02-19,14.181,14.201,14.081,14.181,876519.0
2025-02-20,14.171,14.181,14.071,14.131,743369.0
2025-02-21,14.151,14.171,14.061,14.081,799818.0
2025-02-24,14.071,14.101,13.981,13.991,705506.0
2025-02-25,14.011,14.121,13.931,13.971,693073.0
2025-02-26,13.981,14.061,13.971,14.051,604164.0
2025-02-27,14.071,14.121,14.061,14.081,601014.0
2025-02-28,14.071,14.111,14.021,14.021,529203.0
2025-03-03,14.051,14.091,13.981,14.021,549982.0
2025-03-04,13.991,14.031,13.961,13.961,471521.0
2025-03-05,13.981,14.001,13.931,13.941,501486.0
2025-03-06,13.951,13.961,13.871,13.871,750587.0
2025-03-07,13.891,13.901,13.821,13.831,622084.0
2025-03-10,13.821,13.861,13.801,13.841,667823.0
2025-03-11,13.821,13.871,13.811,13.871,465748.0
2025-03-12,13.871,13.871,13.791,13.801,666317.0
2025-03-13,13.791,13.841,13.791,13.811,509357.0
2025-03-14,13.801,13.841,13.801,13.841,663509.0
2025-03-17,13.851,13.871,13.801,13.801,838177.0
2025-03-18,13.811,13.821,13.771,13.771,562364.0
2025-03-19,13.771,13.801,13.761,13.791,551521.0
2025-03-20,13.801,13.821,13.731,13.731,870034.0
2025-03-21,13.741,13.791,13.721,13.781,1033672.0
2025-03-24,13.781,13.801,13.721,13.761,752101.0
2025-03-25,13.751,13.861,13.731,13.851,1007928.0
2025-03-26,13.851,13.881,13.831,13.841,523124.0
2025-03-27,13.841,13.921,13.841,13.911,717348.0
2025-03-28,13.911,13.941,13.861,13.881,417032.0
2025-03-31,13.881,13.901,13.781,13.861,653125.0
2025-04-01,13.841,13.911,13.831,13.891,569922.0
2025-04-02,13.881,13.911,13.831,13.901,579630.0
2025-04-03,13.881,13.961,13.861,13.951,708858.0
2025-04-07,13.821,13.871,13.621,13.791,1839718.0
2025-04-08,13.771,14.061,13.751,14.051,1771867.0
2025-04-09,14.051,14.081,13.891,14.081,1182611.0
2025-04-10,14.071,14.071,13.881,14.001,1375363.0
2025-04-11,13.981,14.001,13.911,13.971,672244.0
2025-04-14,13.941,13.961,13.901,13.921,522889.0
2025-04-15,13.921,14.061,13.891,14.001,919335.0
2025-04-16,14.001,14.131,13.981,14.131,1183404.0
2025-04-17,14.121,14.171,14.061,14.171,731912.0
2025-04-18,14.161,14.161,14.061,14.091,441409.0
2025-04-21,14.091,14.131,14.061,14.071,439802.0
2025-04-22,14.071,14.121,14.071,14.081,449896.0
2025-04-23,14.091,14.101,14.031,14.081,470713.0
2025-04-24,14.081,14.161,14.081,14.121,591464.0
2025-04-25,14.121,14.151,14.031,14.041,478491.0
2025-04-28,14.041,14.151,14.041,14.091,543300.0
2025-04-29,14.091,14.121,14.061,14.091,346798.0
2025-04-30,13.891,13.891,13.761,13.811,1507174.0
2025-05-06,13.821,13.911,13.791,13.901,937272.0
2025-05-07,13.951,13.961,13.851,13.951,881927.0
2025-05-08,13.921,14.001,13.891,13.961,498527.0
2025-05-09,13.951,14.021,13.931,13.981,522079.0
2025-05-12,13.971,13.991,13.901,13.951,546309.0
2025-05-13,13.971,14.051,13.931,14.051,703432.0
2025-05-14,14.041,14.051,14.001,14.041,441651.0
2025-05-15,14.031,14.091,14.011,14.031,479444.0
2025-05-16,14.011,14.031,13.931,14.001,617692.0
2025-05-19,13.981,14.031,13.971,13.991,448895.0
2025-05-20,13.991,14.021,13.941,13.971,365760.0
2025-05-21,13.981,14.011,13.961,13.971,478341.0
2025-05-22,13.961,14.021,13.931,14.021,492983.0
2025-05-23,13.991,14.071,13.951,13.951,539666.0
2025-05-26,13.951,13.991,13.931,13.941,414444.0
2025-05-27,13.951,14.031,13.931,14.011,536299.0
2025-05-28,13.991,14.061,13.991,14.041,370276.0
2025-05-29,14.051,14.101,14.021,14.081,594937.0
2025-05-30,14.081,14.121,14.051,14.071,625338.0
2025-06-03,14.111,14.161,14.011,14.031,717882.0
2025-06-04,14.031,14.051,13.971,13.971,590975.0
2025-06-05,13.991,14.001,13.971,13.971,363864.0
2025-06-06,13.991,14.121,13.971,14.071,829646.0
2025-06-09,14.091,14.121,14.031,14.081,440068.0
2025-06-10,14.101,14.101,14.031,14.031,389610.0
2025-06-11,14.051,14.051,14.001,14.001,605694.0
2025-06-12,14.001,14.021,13.961,13.961,638380.0
2025-06-13,13.961,14.001,13.931,13.931,1957708.0
2025-06-16,13.941,14.011,13.921,13.991,747453.0
2025-06-17,13.991,14.041,13.971,14.011,546473.0
2025-06-18,14.021,14.041,13.971,14.001,446874.0
2025-06-19,14.021,14.031,13.981,13.991,371698.0
2025-06-20,14.001,14.051,13.981,13.991,438613.0
2025-06-23,13.991,14.051,13.941,14.011,645325.0
2025-06-24,14.011,14.031,13.971,13.981,581071.0
2025-06-25,13.981,14.021,13.951,14.001,539459.0
2025-06-26,14.001,14.011,13.961,13.981,472857.0
2025-06-27,13.981,13.981,13.931,13.931,755223.0
2025-06-30,13.931,13.951,13.901,13.921,543728.0
2025-07-01,13.921,13.931,13.871,13.891,652540.0
2025-07-02,13.891,13.911,13.871,13.911,467607.0
2025-07-03,13.921,13.921,13.871,13.881,428410.0
2025-07-04,13.881,13.941,13.871,13.921,635615.0
2025-07-07,13.921,13.981,13.901,13.961,695488.0
2025-07-08,13.971,13.981,13.921,13.971,560404.0
2025-07-09,13.971,14.031,13.961,14.001,847755.0
2025-07-10,14.001,14.051,14.001,14.001,832551.0
2025-07-11,14.021,14.091,13.931,13.931,1467510.0
2025-07-14,13.961,14.021,13.941,13.941,905767.0
2025-07-15,13.961,13.971,13.871,13.881,933415.0
2025-07-16,13.881,13.911,13.881,13.881,630160.0
2025-07-17,13.891,13.911,13.861,13.871,631255.0
2025-07-18,13.881,13.901,13.871,13.881,488366.0
2025-07-21,13.891,13.921,13.881,13.921,1013548.0
2025-07-22,13.921,14.031,13.911,14.011,1440295.0
2025-07-23,14.011,14.171,14.011,14.131,2379894.0
2025-07-24,14.131,14.241,14.101,14.241,1451801.0
2025-07-25,14.231,14.281,14.181,14.191,1353861.0
2025-07-28,14.201,14.221,14.091,14.091,908257.0
2025-07-29,14.111,14.141,14.071,14.081,715749.0
2025-07-30,14.101,14.161,14.081,14.131,810720.0
2025-07-31,14.131,14.131,13.981,14.001,1242781.0
2025-08-01,14.001,14.031,13.961,13.971,580924.0
2025-08-04,13.961,13.981,13.941,13.961,523032.0
2025-08-05,13.971,14.011,13.961,14.001,427064.0
2025-08-06,14.001,14.011,13.971,13.981,440053.0
2025-08-07,13.991,14.001,13.961,13.991,447813.0
2025-08-08,13.981,14.021,13.981,14.011,397646.0
2025-08-11,14.011,14.031,13.971,13.971,711849.0
2025-08-12,13.971,13.991,13.941,13.941,729458.0
2025-08-13,13.951,13.961,13.911,13.911,982044.0
2025-08-14,13.921,13.941,13.901,13.901,625134.0
2025-08-15,13.901,13.911,13.871,13.871,969604.0
2025-08-18,13.881,13.891,13.861,13.861,1041657.0
2025-08-19,13.871,13.881,13.861,13.871,729205.0
2025-08-20,13.871,13.901,13.841,13.901,798625.0
2025-08-21,13.901,13.931,13.891,13.911,820627.0
2025-08-22,13.921,13.931,13.881,13.921,769725.0
2025-08-25,13.911,13.941,13.911,13.941,792333.0
2025-08-26,13.941,13.951,13.911,13.921,567600.0
2025-08-27,13.921,13.931,13.861,13.861,872640.0
2025-08-28,13.861,13.891,13.841,13.891,777546.0
2025-08-29,13.851,13.851,13.751,13.771,1993373.0
2025-09-01,13.751,13.761,13.591,13.631,2159021.0
2025-09-02,13.631,13.651,13.601,13.631,1056238.0
2025-09-03,13.641,13.641,13.571,13.601,790523.0
2025-09-04,13.591,13.611,13.541,13.611,853902.0
2025-09-05,13.611,13.611,13.551,13.581,799356.0
2025-09-08,13.571,13.601,13.561,13.571,673776.0
2025-09-09,13.591,13.591,13.561,13.571,494836.0
2025-09-10,13.571,13.581,13.541,13.551,511635.0
2025-09-11,13.551,13.571,13.541,13.571,798149.0
2025-09-12,13.571,13.591,13.551,13.561,611492.0
2025-09-15,13.561,13.571,13.541,13.561,463551.0
2025-09-16,13.561,13.581,13.551,13.581,513160.0
2025-09-17,13.571,13.621,13.551,13.601,651194.0
2025-09-18,13.601,13.611,13.491,13.501,1420763.0
2025-09-19,13.501,13.521,13.491,13.501,654415.0
2025-09-22,13.501,13.521,13.491,13.501,517807.0
2025-09-23,13.511,13.531,13.471,13.511,728880.0
2025-09-24,13.521,13.551,13.491,13.541,532188.0
2025-09-25,13.531,13.531,13.471,13.481,599355.0
2025-09-26,13.481,13.521,13.461,13.501,604155.0
2025-09-29,13.501,13.511,13.411,13.431,1482140.0
2025-09-30,13.431,13.431,13.311,13.351,1567373.0
2025-10-09,13.341,13.361,13.291,13.301,1363621.0
2025-10-10,13.291,13.371,13.281,13.321,1620338.0
2025-10-13,13.281,13.321,13.251,13.301,880215.0
2025-10-14,13.301,13.391,13.291,13.381,1324975.0
2025-10-15,13.381,13.391,13.331,13.361,909489.0
2025-10-16,13.351,13.381,13.341,13.361,805123.0
2025-10-17,13.361,13.411,13.351,13.361,1054964.0
2025-10-20,13.361,13.411,13.311,13.391,930355.0
2025-10-21,13.391,13.411,13.331,13.341,1357147.0
2025-10-22,13.351,13.371,13.331,13.331,825910.0
2025-10-23,13.341,13.401,13.341,13.381,1018080.0
2025-10-24,13.411,13.411,13.351,13.371,1296824.0
2025-10-27,13.371,13.381,13.351,13.361,1343277.0
2025-10-28,13.361,13.371,13.331,13.331,888106.0
2025-10-29,13.341,13.341,13.291,13.311,961103.0
2025-10-30,13.301,13.321,13.281,13.291,1134763.0
2025-10-31,13.301,13.301,13.261,13.271,1051453.0
2025-11-03,13.271,13.311,13.261,13.301,742677.0
2025-11-04,13.301,13.321,13.281,13.291,931526.0
2025-11-05,13.291,13.301,13.251,13.281,907554.0
2025-11-06,13.281,13.301,13.271,13.281,872656.0
2025-11-07,13.281,13.321,13.271,13.281,1370313.0
2025-11-10,13.291,13.321,13.271,13.281,2936704.0
2025-11-11,13.281,13.291,13.261,13.271,1176907.0
2025-11-12,13.271,13.291,13.261,13.261,1300021.0
2025-11-13,13.261,13.271,13.241,13.261,1201080.0
2025-11-14,13.251,13.271,13.251,13.251,804031.0
2025-11-17,13.251,13.261,13.221,13.231,1007313.0
2025-11-18,13.231,13.231,13.191,13.191,822883.0
2025-11-19,13.191,13.211,13.141,13.141,1179452.0
2025-11-20,13.141,13.211,13.141,13.171,1095042.0
2025-11-21,13.161,13.181,13.111,13.111,1329011.0
2025-11-24,13.121,13.131,13.071,13.081,1064880.0
2025-11-25,13.081,13.101,13.071,13.081,522724.0
2025-11-26,13.091,13.121,13.071,13.081,782052.0
2025-11-27,13.081,13.081,13.051,13.051,717654.0
2025-11-28,13.051,13.051,13.011,13.021,1000942.0
2025-12-01,13.011,13.071,13.001,13.071,976749.0
2025-12-02,13.071,13.071,13.031,13.051,771641.0
2025-12-03,13.051,13.131,13.041,13.121,1188832.0
2025-12-04,13.121,13.151,13.101,13.121,722728.0
2025-12-05,13.111,13.121,13.061,13.101,771562.0
2025-12-08,13.101,13.121,13.041,13.061,871266.0
2025-12-09,13.051,13.061,13.001,13.011,912111.0
2025-12-10,13.011,13.011,12.981,13.011,664017.0
2025-12-11,13.011,13.011,12.971,12.981,823651.0
2025-12-12,12.981,12.981,12.941,12.981,1777835.0
2025-12-15,12.961,12.981,12.941,12.961,861790.0
2025-12-16,12.961,13.011,12.961,12.971,955657.0
2025-12-17,12.981,12.981,12.901,12.941,1223135.0
2025-12-18,12.931,12.961,12.911,12.951,907303.0
2025-12-19,12.941,12.951,12.931,12.931,885414.0
2025-12-22,12.931,12.941,12.891,12.901,1273927.0
2025-12-23,12.901,12.901,12.841,12.851,1128350.0
2025-12-24,12.841,12.851,12.801,12.831,1053979.0
2025-12-25,12.831,12.871,12.831,12.861,843493.0
2025-12-26,12.851,12.871,12.811,12.821,1046605.0
2025-12-29,12.821,12.831,12.791,12.791,886866.0
2025-12-30,12.791,12.791,12.721,12.721,1337906.0
2025-12-31,12.711,12.721,12.701,12.701,936916.0
2026-01-05,12.711,12.741,12.691,12.701,1525847.0
2026-01-06,12.701,12.751,12.691,12.751,3478973.0
2026-01-07,12.731,12.741,12.641,12.651,3481970.0
2026-01-08,12.641,12.681,12.641,12.671,1750594.0
2026-01-09,12.661,12.681,12.651,12.671,1404398.0
2026-01-12,12.661,12.731,12.651,12.721,2038460.0
2026-01-13,12.721,12.731,12.681,12.691,1454370.0
2026-01-14,12.691,12.721,12.621,12.631,3925814.0
2026-01-15,12.631,12.631,12.571,12.571,1851920.0
2026-01-16,12.571,12.591,12.521,12.531,2182600.0
2026-01-19,12.521,12.541,12.491,12.531,1470020.0
2026-01-20,12.521,12.601,12.511,12.591,1863358.0
2026-01-21,12.581,12.591,12.511,12.521,1715676.0
2026-01-22,12.521,12.561,12.511,12.541,1090968.0
2026-01-23,12.541,12.561,12.531,12.541,1253178.0
2026-01-26,12.541,12.591,12.521,12.581,2215544.0
2026-01-27,12.571,12.591,12.521,12.531,1697873.0
2026-01-28,12.531,12.581,12.521,12.561,2031577.0
2026-01-29,12.551,12.611,12.521,12.611,2694167.0
2026-01-30,12.601,12.661,12.561,12.561,2970748.0
2026-02-02,12.561,12.601,12.531,12.541,1809887.0
2026-02-03,12.551,12.561,12.501,12.531,1353257.0
2026-02-04,12.531,12.631,12.521,12.631,2533204.0
2026-02-05,12.621,12.661,12.611,12.651,1802463.0
2026-02-06,12.641,12.651,12.601,12.611,1460790.0
2026-02-09,12.631,12.641,12.611,12.631,907810.0
2026-02-10,12.621,12.641,12.611,12.621,728888.0
2026-02-11,12.631,12.651,12.611,12.641,979221.0
2026-02-12,12.651,12.651,12.601,12.611,1074752.0
2026-02-13,12.601,12.611,12.571,12.581,984319.0
2026-02-24,12.601,12.611,12.581,12.591,836008.0
2026-02-25,12.601,12.651,12.591,12.631,1370390.0
2026-02-26,12.641,12.651,12.601,12.611,920720.0
2026-02-27,12.611,12.641,12.601,12.641,1009462.0
2026-03-02,12.621,12.711,12.611,12.691,2429077.0
2026-03-03,12.701,12.821,12.691,12.741,3642033.0
2026-03-04,12.721,12.741,12.641,12.721,2400176.0
2026-03-05,12.721,12.751,12.701,12.731,1456885.0
2026-03-06,12.731,12.741,12.691,12.731,1383172.0
2026-03-09,12.731,12.791,12.721,12.751,1968951.0
2026-03-10,12.751,12.781,12.711,12.771,1494921.0
2026-03-11,12.771,12.901,12.761,12.901,2961816.0
2026-03-12,12.911,12.971,12.891,12.951,2563181.0
2026-03-13,12.951,12.961,12.861,12.881,2201219.0
2026-03-16,12.881,12.921,12.831,12.871,1554782.0
2026-03-17,12.871,12.921,12.831,12.841,1248484.0
2026-03-18,12.851,12.861,12.761,12.791,1590723.0
2026-03-19,12.781,12.841,12.771,12.811,1416078.0
2026-03-20,12.801,12.881,12.791,12.851,1801127.0
2026-03-23,12.861,12.911,12.771,12.801,2717559.0
2026-03-24,12.811,12.861,12.801,12.831,1475230.0
2026-03-25,12.811,12.831,12.781,12.821,1684658.0
2026-03-26,12.811,12.961,12.801,12.941,3395496.0
2026-03-27,12.931,12.941,12.831,12.851,2186219.0
2026-03-30,12.841,12.911,12.821,12.891,1444591.0
2026-03-31,12.901,12.961,12.891,12.901,1581840.0
2026-04-01,12.911,12.921,12.861,12.871,1183930.0
2026-04-02,12.861,12.901,12.851,12.871,877170.0
2026-04-03,12.871,12.881,12.731,12.741,1819529.0
2026-04-07,12.731,12.741,12.701,12.711,826598.0
2026-04-08,12.731,12.761,12.721,12.761,1139330.0
2026-04-09,12.761,12.761,12.711,12.711,680131.0
2026-04-10,12.721,12.751,12.711,12.741,868840.0
2026-04-13,12.731,12.751,12.711,12.751,521897.0
2026-04-14,12.751,12.801,12.721,12.791,987952.0
2026-04-15,12.781,12.791,12.751,12.771,729388.0
2026-04-16,12.761,12.851,12.751,12.831,1481119.0
2026-04-17,12.831,12.841,12.791,12.791,651964.0
2026-04-20,12.791,12.801,12.761,12.781,575613.0
2026-04-21,12.781,12.841,12.771,12.811,716598.0
2026-04-22,12.811,12.841,12.781,12.791,849326.0
2026-04-23,12.791,12.841,12.781,12.831,992169.0
2026-04-24,12.821,12.861,12.811,12.841,799046.0
2026-04-27,12.841,12.841,12.801,12.801,631006.0
2026-04-28,12.811,12.931,12.801,12.931,1997019.0
2026-04-29,12.921,12.951,12.891,12.941,1085174.0
2026-04-30,12.851,12.861,12.771,12.811,2302578.0
2026-05-06,12.801,12.831,12.771,12.811,1145471.0
2026-05-07,12.811,12.861,12.801,12.811,991828.0
2026-05-08,12.821,12.881,12.801,12.861,1279302.0
2026-05-11,12.861,12.941,12.841,12.921,1526126.0
2026-05-12,12.921,13.081,12.921,12.961,1929181.0
2026-05-13,12.951,12.981,12.891,12.941,1245565.0
2026-05-14,12.931,12.971,12.881,12.891,997038.0
2026-05-15,12.901,12.971,12.871,12.961,1335379.0
2026-05-18,12.951,12.991,12.921,12.971,1107617.0
2026-05-19,12.971,13.091,12.971,13.061,1983793.0
2026-05-20,13.061,13.091,13.031,13.031,1145297.0
2026-05-21,13.041,13.071,12.921,12.951,1259133.0
2026-05-22,12.961,12.981,12.921,12.961,1014214.0
2026-05-25,12.941,12.951,12.871,12.891,1073132.0
2026-05-26,12.891,12.921,12.741,12.801,1591964.0
2026-05-27,12.771,12.811,12.661,12.711,1531772.0
2026-05-28,12.701,12.731,12.661,12.671,988626.0
2026-05-29,12.671,12.751,12.661,12.731,1258141.0
2026-06-01,12.701,12.761,12.651,12.761,1843816.0
2026-06-02,12.751,12.811,12.691,12.721,1311743.0
2026-06-03,12.731,12.731,12.651,12.691,1285256.0
2026-06-04,12.681,12.721,12.661,12.671,952663.0
2026-06-05,12.671,12.711,12.671,12.711,772121.0
2026-06-08,12.711,12.721,12.601,12.621,1351286.0
2026-06-09,12.621,12.661,12.601,12.641,635975.0
2026-06-10,12.641,12.651,12.611,12.631,538493.0
2026-06-11,12.631,12.641,12.561,12.571,936559.0
2026-06-12,12.581,12.611,12.561,12.601,871024.0
2026-06-15,12.601,12.631,12.591,12.611,888200.0
2026-06-16,12.601,12.611,12.571,12.581,586258.0
2026-06-17,12.581,12.581,12.501,12.531,1104062.0
2026-06-18,12.531,12.531,12.481,12.481,744733.0
2026-06-22,12.471,12.531,12.351,12.521,1288780.0
2026-06-23,12.511,12.551,12.431,12.451,921824.0
2026-06-24,12.441,12.471,12.361,12.371,815549.0
2026-06-25,12.371,12.371,12.221,12.241,1185105.0
2026-06-26,12.241,12.241,12.111,12.171,1256224.0
2026-06-29,12.161,12.261,12.061,12.251,1255683.0
2026-06-30,12.241,12.261,12.121,12.151,831920.0
2026-07-01,12.151,12.191,12.121,12.141,993118.0
2026-07-02,12.131,12.201,12.121,12.161,1278246.0
2026-07-03,12.171,12.281,12.171,12.231,1197539.0
2026-07-06,12.231,12.331,12.201,12.321,1186989.0
2026-07-07,12.311,12.351,12.251,12.331,863236.0
2026-07-08,12.331,12.411,12.291,12.401,927328.0
2026-07-09,12.391,12.401,12.321,12.351,849990.0
2026-07-10,12.373,12.393,12.303,12.363,1104995.0
2026-07-13,12.343,12.373,12.313,12.333,1170589.0
2026-07-14,12.323,12.363,12.283,12.363,1403563.0
2026-07-15,12.343,12.443,12.323,12.433,1628292.0
2026-07-16,12.413,12.453,12.343,12.363,1240853.0
2026-07-17,12.363,12.453,12.363,12.393,1487645.0
2026-07-20,12.393,12.543,12.393,12.533,1753955.0
2026-07-21,12.513,12.593,12.453,12.483,1600325.0
2026-07-22,12.463,12.523,12.413,12.513,1102178.0
2026-07-23,12.513,12.583,12.483,12.573,1049302.0
2026-07-24,12.573,12.603,12.533,12.543,745277.0
2026-07-27,12.533,12.583,12.503,12.513,893017.0
2026-07-28,12.533,12.613,12.493,12.583,907264.0
2026-07-29,12.573,12.643,12.563,12.613,971844.0
2026-07-30,12.623,12.743,12.613,12.723,1529218.0
2026-07-31,12.673,12.713,12.593,12.653,1837791.0
2026-08-03,12.643,12.703,12.633,12.683,1177369.0
2026-08-04,12.693,12.703,12.563,12.573,1656945.0
2026-08-05,12.563,12.573,12.473,12.493,1658720.0
2026-08-06,12.493,12.543,12.443,12.523,1400424.0
2026-08-07,12.503,12.523,12.463,12.483,992172.0
2026-08-10,12.473,12.493,12.453,12.463,1324381.0
2026-08-11,12.463,12.473,12.413,12.443,1184474.0
2026-08-12,12.433,12.443,12.403,12.433,940840.0
2026-08-13,12.433,12.433,12.393,12.403,908388.0
2026-08-14,12.393,12.403,12.363,12.373,849428.0
2026-08-17,12.383,12.403,12.343,12.383,722188.0
2026-08-18,12.393,12.433,12.373,12.423,971778.0
2026-08-19,12.433,12.483,12.423,12.453,1091613.0
2026-08-20,12.443,12.503,12.423,12.483,865263.0
2026-08-21,12.443,12.453,12.343,12.353,1935996.0
2026-08-24,12.353,12.393,12.333,12.383,1083828.0
2026-08-25,12.393,12.443,12.383,12.403,1088502.0
2026-08-26,12.403,12.503,12.403,12.473,1564472.0
2026-08-27,12.473,12.473,12.393,12.443,1075012.0
2026-08-28,12.443,12.453,12.403,12.443,791178.0
2026-08-31,12.433,12.443,12.403,12.443,731590.0
2026-09-01,12.433,12.513,12.423,12.503,1581460.0
2026-09-02,12.503,12.533,12.473,12.493,930001.0
2026-09-03,12.483,12.553,12.483,12.513,1117426.0
2026-09-04,12.513,12.543,12.493,12.513,969716.0
2026-09-07,12.523,12.523,12.453,12.473,1103427.0
2026-09-08,12.473,12.503,12.463,12.473,843610.0
2026-09-09,12.473,12.513,12.443,12.503,919367.0
2026-09-10,12.493,12.513,12.483,12.503,779119.0
2026-09-11,12.503,12.503,12.443,12.483,981453.0
2026-09-14,12.473,12.513,12.453,12.493,1185925.0
2026-09-15,12.503,12.523,12.433,12.443,1261483.0
2026-09-16,12.453,12.453,12.383,12.403,1042149.0
2026-09-17,12.403,12.433,12.373,12.393,830727.0
2026-09-18,12.393,12.413,12.373,12.383,756101.0
2026-09-21,12.383,12.403,12.343,12.403,1137242.0
2026-09-22,12.393,12.403,12.373,12.393,877427.0
2026-09-23,12.393,12.403,12.363,12.373,729399.0
2026-09-24,12.363,12.373,12.333,12.343,813819.0
2026-09-28,12.343,12.353,12.303,12.333,735862.0
2026-09-29,12.333,12.373,12.323,12.353,771236.0
