date,open,high,low,close,volume
2016-01-04,59.042,59.074,56.939,57.036,1024693.0
2016-01-05,56.874,58.136,56.356,57.78,1517145.0
2016-01-06,57.586,58.103,57.036,58.071,838443.0
2016-01-07,57.036,57.456,56.388,56.712,338586.0
2016-01-08,56.744,57.78,56.032,57.068,1552776.0
2016-01-11,56.485,56.518,54.997,54.997,1430618.0
2016-01-12,55.159,55.677,54.835,54.965,1123990.0
2016-01-13,55.482,56.162,54.609,54.673,745617.0
2016-01-14,53.703,54.997,53.217,54.609,928590.0
2016-01-15,54.317,54.9,53.379,53.8,762461.0
2016-01-18,53.088,54.253,53.055,53.379,525296.0
2016-01-19,53.703,54.156,53.217,54.026,545658.0
2016-01-20,53.864,53.994,52.732,52.861,847454.0
2016-01-21,52.505,53.606,52.246,52.279,684887.0
2016-01-22,52.732,52.861,51.988,52.473,515379.0
2016-01-25,52.57,52.602,52.279,52.505,317373.0
2016-01-26,52.246,52.505,50.273,50.628,904273.0
2016-01-27,50.499,51.211,49.981,50.758,893761.0
2016-01-28,50.693,50.855,49.722,50.014,538921.0
2016-01-29,49.981,51.049,49.787,50.661,728254.0
2016-02-01,50.628,51.017,49.755,50.143,524822.0
2016-02-02,50.046,50.823,50.046,50.596,359067.0
2016-02-03,50.208,50.305,49.755,50.046,446921.0
2016-02-04,50.305,50.564,50.078,50.402,488245.0
2016-02-05,50.402,50.79,50.305,50.531,443113.0
2016-02-15,49.366,50.37,49.366,50.014,454264.0
2016-02-16,50.273,51.243,50.175,50.952,558665.0
2016-02-17,51.114,51.47,50.628,51.049,499656.0
2016-02-18,51.276,51.664,50.726,50.855,479277.0
2016-02-19,50.823,51.017,50.434,50.564,300469.0
2016-02-22,50.952,51.632,50.693,51.567,677369.0
2016-02-23,51.47,51.47,50.628,50.855,609850.0
2016-02-24,50.726,51.114,50.628,51.017,362908.0
2016-02-25,50.92,50.984,49.431,49.496,894741.0
2016-02-26,49.819,50.143,49.593,49.949,381312.0
2016-02-29,49.917,50.273,48.428,49.755,870023.0
2016-03-01,49.658,50.046,49.108,49.755,528384.0
2016-03-02,49.949,51.211,49.755,51.179,1030552.0
2016-03-03,51.179,51.632,50.984,51.567,712575.0
2016-03-04,51.34,53.929,51.308,53.67,2288524.0
2016-03-07,53.541,53.864,52.667,52.797,832011.0
2016-03-08,52.732,53.638,51.405,53.411,739890.0
2016-03-09,52.57,53.67,52.085,53.606,959904.0
2016-03-10,53.023,53.508,52.441,52.505,395383.0
2016-03-11,52.311,53.023,52.149,52.958,581609.0
2016-03-14,52.861,53.832,52.246,52.376,860030.0
2016-03-15,52.441,53.703,52.182,53.606,967614.0
2016-03-16,53.25,54.997,53.152,54.738,1952727.0
2016-03-17,54.609,55.159,53.185,53.8,1346853.0
2016-03-18,53.8,54.22,53.638,53.735,1355202.0
2016-03-21,53.897,54.77,53.897,54.123,1008414.0
2016-03-22,54.026,54.609,53.929,54.026,563670.0
2016-03-23,54.188,54.317,53.897,53.994,498980.0
2016-03-24,53.961,54.026,53.444,53.638,472657.0
2016-03-25,53.67,54.091,53.606,53.929,306369.0
2016-03-28,53.929,54.479,53.411,53.508,345897.0
2016-03-29,53.606,54.091,53.282,53.379,374907.0
2016-03-30,53.703,54.317,53.541,54.253,466673.0
2016-03-31,54.35,54.414,53.961,54.123,388655.0
2016-04-01,54.253,54.512,53.638,54.382,611139.0
2016-04-05,54.026,54.706,53.735,54.544,608385.0
2016-04-06,54.285,54.512,53.994,54.188,441668.0
2016-04-07,54.285,54.317,53.8,53.832,393505.0
2016-04-08,53.638,53.929,53.444,53.703,488397.0
2016-04-11,54.026,54.576,53.8,54.382,581812.0
2016-04-12,54.382,54.609,54.22,54.35,302753.0
2016-04-13,54.512,55.547,54.123,54.544,1078658.0
2016-04-14,54.706,54.9,54.447,54.576,330149.0
2016-04-15,54.673,55.482,54.576,55.126,764614.0
2016-04-18,54.835,55.709,54.706,55.223,984907.0
2016-04-19,55.321,55.385,54.965,55.223,485716.0
2016-04-20,55.321,55.418,53.961,55.256,1096803.0
2016-04-21,55.126,56.356,54.706,55.806,1338222.0
2016-04-22,55.579,56.518,55.482,56.065,514730.0
2016-04-25,55.709,56.356,55.321,55.968,747958.0
2016-04-26,55.838,56.453,55.838,56.162,294998.0
2016-04-27,56.227,56.291,56.032,56.13,295010.0
2016-04-28,56.291,56.647,56.097,56.227,495019.0
2016-04-29,56.13,56.324,56.0,56.032,447970.0
2016-05-03,56.032,56.55,55.709,56.13,690653.0
2016-05-04,56.13,56.324,55.903,56.194,436903.0
2016-05-05,56.097,56.324,55.903,56.194,321187.0
2016-05-06,56.162,56.291,55.677,55.709,565233.0
2016-05-09,55.677,55.774,54.932,55.029,682608.0
2016-05-10,54.77,55.223,54.22,54.576,712132.0
2016-05-11,54.77,55.126,54.641,54.77,336958.0
2016-05-12,54.77,55.515,54.609,55.353,398844.0
2016-05-13,55.159,55.644,55.126,55.45,386147.0
2016-05-16,55.288,55.612,55.159,55.353,267829.0
2016-05-17,55.482,55.482,55.126,55.159,255312.0
2016-05-18,55.126,55.935,55.062,55.838,704177.0
2016-05-19,55.709,55.903,55.547,55.741,260742.0
2016-05-20,55.644,55.903,55.547,55.709,229907.0
2016-05-23,55.871,55.903,55.321,55.45,225163.0
2016-05-24,55.385,55.418,54.738,54.77,196560.0
2016-05-25,55.159,55.159,54.803,54.997,184913.0
2016-05-26,55.029,55.288,54.835,54.965,261995.0
2016-05-27,54.997,55.062,54.868,54.9,181465.0
2016-05-30,54.997,55.353,54.738,55.223,302620.0
2016-05-31,55.385,56.453,55.385,56.291,709274.0
2016-06-01,56.356,56.453,56.065,56.097,357532.0
2016-06-02,56.13,56.259,55.838,55.903,270146.0
2016-06-03,56.13,56.227,55.871,56.162,340478.0
2016-06-06,56.421,56.421,55.579,55.709,479194.0
2016-06-07,55.903,55.935,55.612,55.677,237334.0
2016-06-08,55.774,55.806,55.418,55.677,301073.0
2016-06-13,55.353,55.677,55.256,55.353,596960.0
2016-06-14,55.418,55.709,55.288,55.547,366883.0
2016-06-15,55.159,55.774,55.062,55.579,411234.0
2016-06-16,55.353,55.709,55.288,55.612,485882.0
2016-06-17,55.579,55.903,55.482,55.774,425272.0
2016-06-20,55.968,56.097,55.612,55.968,202669.0
2016-06-21,56.0,56.13,55.644,55.806,251178.0
2016-06-22,55.677,55.968,55.579,55.903,223493.0
2016-06-23,55.935,55.935,55.418,55.515,197900.0
2016-06-24,55.482,55.774,54.706,55.191,411315.0
2016-06-27,55.029,55.385,54.738,55.191,506535.0
2016-06-28,55.191,55.256,55.062,55.191,441948.0
2016-06-29,55.288,55.418,55.159,55.385,532128.0
2016-06-30,55.45,55.612,55.094,55.159,402470.0
2016-07-01,55.223,55.547,55.126,55.515,323060.0
2016-07-04,55.418,56.097,55.385,55.903,441180.0
2016-07-05,55.903,55.903,55.579,55.741,370889.0
2016-07-06,55.644,55.741,55.321,55.385,448322.0
2016-07-07,55.45,55.482,55.126,55.321,474688.0
2016-07-08,55.256,55.321,55.062,55.126,297357.0
2016-07-11,55.191,55.353,55.062,55.094,404288.0
2016-07-12,55.159,55.644,55.094,55.612,561629.0
2016-07-13,55.677,56.518,55.677,55.935,925308.0
2016-07-14,55.935,56.065,55.515,55.709,446446.0
2016-07-15,55.741,56.162,55.644,56.097,481201.0
2016-07-18,56.065,56.583,56.0,56.291,567738.0
2016-07-19,56.291,56.421,55.741,55.871,367458.0
2016-07-20,55.871,55.968,55.677,55.935,296550.0
2016-07-21,55.838,56.388,55.838,56.291,423216.0
2016-07-22,56.162,56.291,55.806,55.871,275539.0
2016-08-01,55.579,56.388,55.418,56.356,796770.0
2016-08-02,56.227,56.324,55.903,55.968,331045.0
2016-08-03,55.838,55.968,55.741,55.838,205393.0
2016-08-04,55.903,55.935,55.418,55.612,320497.0
2016-08-05,55.709,56.291,55.612,56.032,392096.0
2016-08-08,56.065,56.259,55.903,56.227,335060.0
2016-08-09,56.291,56.453,56.162,56.421,372537.0
2016-08-10,56.453,56.841,56.324,56.68,546863.0
2016-08-11,56.68,58.201,56.68,57.068,1101075.0
2016-08-12,57.327,58.33,57.165,58.201,909305.0
2016-08-15,58.589,59.883,58.524,58.977,1728878.0
2016-08-16,59.107,59.268,57.747,58.103,1274890.0
2016-08-17,58.265,58.459,57.78,57.812,504661.0
2016-08-18,57.845,58.201,57.553,57.683,468920.0
2016-08-19,57.845,58.039,57.586,57.747,298663.0
2016-08-22,57.812,57.877,57.359,57.586,461687.0
2016-08-23,57.618,58.201,57.586,57.909,477963.0
2016-08-24,57.909,58.071,57.683,57.812,271681.0
2016-08-25,57.715,57.715,57.262,57.521,451146.0
2016-08-26,57.586,57.65,57.327,57.392,272109.0
2016-08-29,57.294,57.489,56.971,57.424,345198.0
2016-08-30,57.489,57.909,57.424,57.812,444274.0
2016-08-31,57.715,58.039,57.586,57.845,321670.0
2016-09-01,57.845,58.006,57.715,57.747,257406.0
2016-09-02,57.683,57.877,57.586,57.78,320399.0
2016-09-05,57.78,58.071,57.683,57.747,309607.0
2016-09-06,57.78,57.909,57.294,57.392,533116.0
2016-09-07,57.456,57.683,57.327,57.586,368740.0
2016-09-08,57.586,57.683,57.553,57.65,252437.0
2016-09-09,57.65,57.747,57.489,57.521,304221.0
2016-09-12,57.036,57.262,56.68,56.874,611520.0
2016-09-13,56.971,57.262,56.939,56.971,382763.0
2016-09-14,56.906,57.1,56.712,56.744,385003.0
2016-09-19,56.809,57.23,56.809,57.165,316673.0
2016-09-20,57.133,57.359,57.036,57.294,386519.0
2016-09-21,57.23,57.424,57.068,57.165,346318.0
2016-09-22,57.294,57.65,57.165,57.618,364111.0
2016-09-23,57.618,57.78,57.456,57.553,247164.0
2016-09-26,57.489,57.553,57.294,57.327,301406.0
2016-09-27,57.294,57.65,57.133,57.65,304296.0
2016-09-28,57.747,57.747,57.521,57.553,219667.0
2016-09-29,57.618,57.747,57.586,57.618,179335.0
2016-09-30,57.456,57.65,57.456,57.521,248522.0
2016-10-10,57.78,57.877,57.618,57.715,320330.0
2016-10-11,57.747,57.812,57.618,57.747,278080.0
2016-10-12,57.65,57.747,57.553,57.586,289658.0
2016-10-13,57.586,57.747,57.424,57.65,307163.0
2016-10-14,57.553,57.974,57.521,57.909,309066.0
2016-10-17,57.909,58.006,57.521,57.553,292069.0
2016-10-18,57.553,57.877,57.521,57.845,180890.0
2016-10-19,57.909,57.974,57.683,57.812,187509.0
2016-10-20,57.877,58.039,57.845,58.006,277388.0
2016-10-21,57.877,58.459,57.877,58.395,410365.0
2016-10-24,58.459,59.139,58.298,58.686,517307.0
2016-10-25,58.751,58.815,58.395,58.459,231567.0
2016-10-26,58.459,58.459,58.103,58.233,230743.0
2016-10-27,58.136,58.427,58.103,58.265,193041.0
2016-10-28,58.136,58.686,58.136,58.492,246017.0
2016-10-31,58.524,58.654,58.265,58.621,376705.0
2016-11-01,58.654,59.171,58.556,59.107,360047.0
2016-11-02,59.042,59.074,58.751,58.912,324575.0
2016-11-03,58.686,59.268,58.686,59.171,333246.0
2016-11-04,59.042,59.301,58.686,58.783,280236.0
2016-11-07,58.783,58.88,58.459,58.524,335981.0
2016-11-08,58.654,58.977,58.395,58.88,386429.0
2016-11-09,58.783,58.912,57.942,58.233,585238.0
2016-11-10,58.589,58.912,58.492,58.783,336899.0
2016-11-11,58.686,58.783,58.265,58.556,598687.0
2016-11-14,58.492,59.139,58.459,58.556,726683.0
2016-11-15,58.621,58.654,58.395,58.492,487386.0
2016-11-16,58.492,58.621,58.395,58.556,268889.0
2016-11-17,58.556,58.556,58.33,58.459,289843.0
2016-11-18,58.492,58.492,58.265,58.362,239121.0
2016-11-21,58.298,58.977,58.233,58.718,490164.0
2016-11-22,58.654,59.139,58.654,58.977,793680.0
2016-11-23,59.107,60.433,59.107,59.786,1081416.0
2016-11-24,59.592,60.174,59.527,59.689,523822.0
2016-11-25,59.657,60.627,59.657,60.53,874786.0
2016-11-28,60.854,61.792,60.207,60.336,1288467.0
2016-11-29,60.466,61.242,60.336,60.757,648427.0
2016-11-30,60.789,61.178,60.013,60.336,558827.0
2016-12-01,60.757,61.048,60.239,60.53,598811.0
2016-12-02,60.725,60.822,59.948,60.433,679683.0
2016-12-05,60.045,60.627,59.818,60.563,823516.0
2016-12-06,60.433,60.757,60.336,60.53,562917.0
2016-12-07,60.563,60.563,60.239,60.336,282433.0
2016-12-08,60.53,60.789,60.304,60.627,650492.0
2016-12-09,60.433,62.084,60.433,61.501,956935.0
2016-12-12,61.631,62.731,61.178,61.825,1413647.0
2016-12-13,61.534,61.76,60.983,61.048,479327.0
2016-12-14,61.145,61.889,61.08,61.404,395748.0
2016-12-15,61.178,61.178,59.56,59.592,785516.0
2016-12-16,59.43,59.786,59.139,59.236,508368.0
2016-12-19,59.204,59.204,58.718,58.977,401910.0
2016-12-20,59.074,59.074,57.974,58.298,604942.0
2016-12-21,58.201,58.751,58.201,58.427,400641.0
2016-12-22,58.395,58.492,57.845,58.071,302428.0
2016-12-23,58.168,58.233,57.553,57.78,475611.0
2016-12-26,57.78,57.974,57.23,57.909,405167.0
2016-12-27,57.845,57.974,57.683,57.747,245374.0
2016-12-28,57.747,57.845,57.359,57.65,340685.0
2016-12-29,57.618,57.683,57.424,57.553,313906.0
2016-12-30,57.618,58.103,57.521,58.071,414109.0
2017-01-03,58.071,58.783,58.071,58.395,481999.0
2017-01-04,58.395,58.848,58.265,58.654,424100.0
2017-01-05,58.654,58.88,58.654,58.686,276957.0
2017-01-06,58.589,58.848,58.136,58.168,277753.0
2017-01-09,58.233,58.556,58.168,58.395,251548.0
2017-01-10,58.395,58.524,58.233,58.33,223504.0
2017-01-11,58.427,58.524,58.039,58.103,250583.0
2017-01-12,58.103,58.265,57.974,58.006,194198.0
2017-01-13,58.006,58.556,57.78,58.459,486815.0
2017-01-16,58.362,59.527,58.201,59.398,1327506.0
2017-01-17,59.171,59.495,58.945,58.977,427830.0
2017-01-18,59.107,59.818,59.01,59.721,450181.0
2017-01-19,59.624,60.045,59.624,59.689,366888.0
2017-01-20,59.786,60.304,59.689,60.142,442330.0
2017-01-23,60.272,60.369,59.754,59.98,370608.0
2017-01-24,60.045,60.692,59.851,60.595,527792.0
2017-01-25,60.595,60.692,60.272,60.627,307960.0
2017-01-26,60.66,61.178,60.627,61.08,387640.0
2017-02-03,61.145,61.21,59.851,59.98,423660.0
2017-02-06,60.207,60.207,59.754,59.948,398742.0
2017-02-07,59.948,60.045,59.624,59.754,404647.0
2017-02-08,59.689,59.916,59.43,59.786,431724.0
2017-02-09,59.883,60.207,59.786,59.851,402589.0
2017-02-10,60.045,60.272,59.948,60.077,471367.0
2017-02-13,60.174,60.725,60.11,60.433,616208.0
2017-02-14,60.53,60.53,59.916,60.013,501065.0
2017-02-15,60.077,60.627,59.98,60.207,873003.0
2017-02-16,60.304,60.53,60.045,60.142,656781.0
2017-02-17,60.174,60.433,59.786,59.851,509473.0
2017-02-20,59.818,61.145,59.754,60.563,1416516.0
2017-02-21,60.66,60.951,60.433,60.595,784903.0
2017-02-22,60.595,60.595,60.369,60.466,498835.0
2017-02-23,60.498,60.919,60.239,60.466,485741.0
2017-02-24,60.498,60.725,60.401,60.53,410885.0
2017-02-27,60.53,60.66,60.142,60.239,474327.0
2017-02-28,60.239,60.498,59.98,60.045,404896.0
2017-03-01,60.11,60.304,59.657,59.754,769996.0
2017-03-02,59.883,60.077,59.236,59.236,795735.0
2017-03-03,59.236,59.301,59.042,59.171,415250.0
2017-03-06,59.171,59.624,59.139,59.333,424303.0
2017-03-07,59.333,59.592,59.236,59.527,319787.0
2017-03-08,59.495,59.56,59.268,59.333,301660.0
2017-03-09,59.268,59.268,58.815,58.88,386292.0
2017-03-10,58.912,59.074,58.751,58.945,286000.0
2017-03-13,58.912,59.463,58.751,59.398,353305.0
2017-03-14,59.43,59.56,59.236,59.301,382427.0
2017-03-15,59.301,59.43,59.107,59.268,287757.0
2017-03-16,59.398,59.592,59.236,59.495,600847.0
2017-03-17,59.463,59.495,58.751,58.815,634313.0
2017-03-20,58.912,59.01,58.168,58.395,735811.0
2017-03-21,58.459,58.492,58.039,58.201,592923.0
2017-03-22,58.103,58.201,57.683,57.909,745749.0
2017-03-23,57.942,58.298,57.942,58.168,506396.0
2017-03-24,58.168,58.265,57.909,58.201,664915.0
2017-03-27,58.201,58.751,58.136,58.265,682493.0
2017-03-28,58.427,58.427,57.909,58.006,494920.0
2017-03-29,58.136,58.201,57.78,57.812,610151.0
2017-03-30,57.812,58.136,57.747,57.974,466179.0
2017-03-31,57.974,58.427,57.942,58.298,407311.0
2017-04-05,58.395,58.751,58.33,58.718,667715.0
2017-04-06,58.686,58.815,58.395,58.654,451200.0
2017-04-07,58.686,58.751,58.459,58.718,448212.0
2017-04-10,58.686,58.718,58.427,58.459,384097.0
2017-04-11,58.395,58.459,57.812,58.201,608997.0
2017-04-12,58.136,58.168,54.35,57.618,1072195.0
2017-04-13,57.197,57.618,57.133,57.359,834668.0
2017-04-14,57.262,57.327,56.777,57.003,519342.0
2017-04-17,56.906,57.294,56.388,57.1,809309.0
2017-04-18,57.003,57.036,56.162,56.194,799883.0
2017-04-19,56.13,56.162,55.288,55.321,945536.0
2017-04-20,55.321,55.515,54.932,55.062,749818.0
2017-04-21,55.191,55.612,55.094,55.547,504157.0
2017-04-24,55.612,55.741,55.288,55.547,398445.0
2017-04-25,55.677,55.741,55.45,55.579,413610.0
2017-04-26,55.579,55.903,55.515,55.612,555811.0
2017-04-27,55.482,55.903,55.126,55.871,455369.0
2017-04-28,55.871,55.903,55.547,55.871,443152.0
2017-05-02,55.774,56.291,55.709,55.871,596865.0
2017-05-03,56.0,56.032,55.741,55.774,416196.0
2017-05-04,55.774,55.838,55.321,55.515,431452.0
2017-05-05,55.418,55.677,55.029,55.612,625487.0
2017-05-08,55.353,55.774,55.159,55.677,610843.0
2017-05-09,55.547,56.0,55.515,55.806,427017.0
2017-05-10,55.871,56.356,55.709,55.741,609753.0
2017-05-11,55.774,56.291,55.709,56.227,585363.0
2017-05-12,56.194,57.456,56.097,57.359,935113.0
2017-05-15,57.521,58.201,57.23,57.262,693986.0
2017-05-16,57.1,57.392,56.809,57.133,423283.0
2017-05-17,57.1,57.133,56.583,56.744,667343.0
2017-05-18,56.583,56.777,56.259,56.356,589456.0
2017-05-19,56.388,56.55,56.194,56.291,456987.0
2017-05-22,56.259,56.777,56.227,56.615,728803.0
2017-05-23,56.615,57.942,56.615,57.424,1179478.0
2017-05-24,57.456,57.909,56.841,57.683,1324720.0
2017-05-25,57.618,60.272,57.521,59.463,2792061.0
2017-05-26,59.624,59.98,59.171,59.236,1394561.0
2017-05-31,59.171,60.142,59.01,59.398,1062450.0
2017-06-01,59.268,59.657,59.074,59.495,1115058.0
2017-06-02,59.43,59.851,58.783,59.01,902047.0
2017-06-05,58.751,58.945,57.942,58.524,1073385.0
2017-06-06,58.524,58.686,58.136,58.492,493551.0
2017-06-07,58.589,59.398,58.556,59.042,881119.0
2017-06-08,59.074,59.236,58.815,59.204,638776.0
2017-06-09,59.268,60.142,59.204,59.624,961419.0
2017-06-12,59.624,60.11,59.495,59.624,756898.0
2017-06-13,59.689,59.754,59.139,59.365,756670.0
2017-06-14,59.624,59.98,58.912,59.333,896736.0
2017-06-15,59.301,59.43,58.88,58.945,548025.0
2017-06-16,58.945,59.204,58.654,58.912,413047.0
2017-06-19,58.945,59.398,58.848,59.301,465797.0
2017-06-20,59.463,59.592,59.042,59.204,382450.0
2017-06-21,59.495,59.592,59.107,59.398,554994.0
2017-06-22,59.268,61.048,59.268,60.207,1805467.0
2017-06-23,60.11,60.725,59.624,60.563,1226546.0
2017-06-26,60.498,61.534,60.336,60.789,1383279.0
2017-06-27,60.66,61.404,60.53,61.113,856183.0
2017-06-28,60.983,63.022,60.919,62.245,2414797.0
2017-06-29,62.343,62.731,61.987,62.472,1167273.0
2017-06-30,62.181,62.407,61.728,62.375,751839.0
2017-07-03,62.31,62.634,61.889,62.44,714706.0
2017-07-04,62.407,62.44,61.372,61.889,1330145.0
2017-07-05,61.728,62.634,61.631,62.537,987047.0
2017-07-06,62.504,63.346,62.44,63.184,1429414.0
2017-07-07,62.925,63.443,62.828,63.119,767306.0
2017-07-10,62.99,63.507,62.828,63.216,730920.0
2017-07-11,63.184,64.834,63.022,64.155,1517544.0
2017-07-12,64.187,66.129,64.155,64.834,1906667.0
2017-07-13,64.931,65.805,64.737,65.481,1251863.0
2017-07-14,65.546,66.064,65.19,65.74,798711.0
2017-07-17,65.934,67.746,65.417,66.582,1859779.0
2017-07-18,66.42,67.002,65.676,66.161,968590.0
2017-07-19,66.096,66.938,65.999,66.387,860603.0
2017-07-20,66.42,66.711,65.74,66.29,701059.0
2017-07-21,66.161,66.355,65.384,65.514,651264.0
2017-07-24,65.417,66.646,65.093,66.064,1083395.0
2017-07-25,66.161,66.84,65.902,65.934,836806.0
2017-07-26,66.031,66.776,64.834,65.19,1070356.0
2017-07-27,65.19,65.643,64.931,65.287,616401.0
2017-07-28,65.158,65.676,64.899,65.643,428470.0
2017-07-31,65.676,65.934,65.125,65.287,674309.0
2017-08-01,65.384,66.323,65.19,66.258,1001914.0
2017-08-02,66.355,66.938,66.226,66.323,887739.0
2017-08-03,66.258,66.582,65.093,65.222,790385.0
2017-08-04,65.32,65.481,64.672,64.705,694368.0
2017-08-07,64.672,64.931,64.155,64.349,648424.0
2017-08-08,64.381,64.802,64.122,64.187,504086.0
2017-08-09,64.155,64.316,63.572,63.637,597530.0
2017-08-10,63.637,64.219,63.378,63.831,585262.0
2017-08-11,63.475,63.702,62.698,63.313,1091575.0
2017-08-14,63.151,63.249,62.731,62.99,693857.0
2017-08-15,63.054,63.96,63.022,63.572,717333.0
2017-08-16,63.572,63.572,62.893,62.99,381959.0
2017-08-17,62.99,63.281,62.893,63.216,415750.0
2017-08-18,62.99,63.378,62.828,63.119,464671.0
2017-08-21,63.087,63.313,62.925,63.119,357787.0
2017-08-22,63.216,63.766,63.151,63.669,599854.0
2017-08-23,63.766,64.64,63.637,64.381,788816.0
2017-08-24,64.381,65.222,64.187,64.252,633408.0
2017-08-25,64.381,66.064,64.381,65.934,1131019.0
2017-08-28,66.064,66.679,65.611,65.902,1153222.0
2017-08-29,65.902,66.808,65.676,66.743,913632.0
2017-08-30,66.355,66.679,65.093,65.481,1662256.0
2017-08-31,65.514,65.611,64.64,64.931,836495.0
2017-09-01,64.834,65.255,64.284,64.511,832456.0
2017-09-04,64.381,65.287,64.316,65.19,654537.0
2017-09-05,65.093,65.676,64.964,65.093,600338.0
2017-09-06,65.028,65.125,64.705,64.802,373260.0
2017-09-07,64.996,64.996,64.187,64.219,580874.0
2017-09-08,64.155,64.802,64.122,64.284,493777.0
2017-09-11,64.543,64.996,64.187,64.252,524466.0
2017-09-12,64.349,64.413,63.766,64.252,701463.0
2017-09-13,64.155,64.155,63.766,63.993,400311.0
2017-09-14,63.928,64.543,63.799,64.025,600829.0
2017-09-15,63.928,64.122,63.507,64.058,473780.0
2017-09-18,63.896,64.64,63.896,64.187,554782.0
2017-09-19,64.219,64.413,63.702,64.155,493361.0
2017-09-20,63.96,64.122,63.669,63.896,546189.0
2017-09-21,63.799,64.316,63.766,63.993,425077.0
2017-09-22,63.831,64.478,63.831,64.187,468646.0
2017-09-25,64.316,64.802,64.187,64.737,804908.0
2017-09-26,64.511,64.867,64.478,64.608,384209.0
2017-09-27,64.511,64.608,63.928,64.058,466311.0
2017-09-28,64.122,64.252,63.637,63.928,555002.0
2017-09-29,63.896,64.025,63.605,63.766,371084.0
2017-10-09,65.32,65.611,64.219,64.316,1369084.0
2017-10-10,64.478,65.481,64.316,65.417,1152959.0
2017-10-11,65.481,65.967,64.899,65.093,1129892.0
2017-10-12,65.093,65.837,64.964,65.287,847125.0
2017-10-13,65.384,65.902,65.352,65.417,672789.0
2017-10-16,65.481,66.387,65.352,66.193,1086808.0
2017-10-17,66.226,66.29,65.643,65.74,558933.0
2017-10-18,65.87,66.161,65.417,66.064,804141.0
2017-10-19,65.999,66.226,65.773,66.161,780432.0
2017-10-20,66.064,66.064,65.578,65.676,362708.0
2017-10-23,65.676,65.708,64.899,64.931,536686.0
2017-10-24,64.931,65.546,64.899,65.32,509644.0
2017-10-25,65.384,65.417,64.964,65.125,425576.0
2017-10-26,64.931,64.931,64.219,64.446,922915.0
2017-10-27,64.478,65.449,64.478,65.093,1240090.0
2017-10-30,64.899,65.417,64.575,64.964,999749.0
2017-10-31,64.769,64.834,64.219,64.252,615148.0
2017-11-01,64.219,64.219,63.54,63.637,1151444.0
2017-11-02,63.702,63.831,63.022,63.637,876241.0
2017-11-03,63.54,63.766,62.957,63.572,968457.0
2017-11-06,63.346,63.346,62.278,62.343,1134662.0
2017-11-07,62.375,63.313,62.343,63.087,841396.0
2017-11-08,63.054,63.702,62.957,63.281,786795.0
2017-11-09,63.216,63.572,62.763,62.99,619205.0
2017-11-10,62.99,63.151,62.343,62.666,752959.0
2017-11-13,62.666,64.025,62.634,63.216,1466273.0
2017-11-14,62.99,63.216,62.569,62.634,672174.0
2017-11-15,62.537,62.828,62.472,62.634,408228.0
2017-11-16,62.666,62.698,62.31,62.343,589950.0
2017-11-17,62.343,64.122,62.31,63.993,1858945.0
2017-11-20,63.605,64.737,63.281,64.64,1518230.0
2017-11-21,64.413,66.323,64.316,65.222,2544300.0
2017-11-22,65.74,66.776,65.611,66.064,2198329.0
2017-11-23,66.323,66.679,64.867,65.449,1695747.0
2017-11-24,65.643,65.934,65.093,65.611,886343.0
2017-11-27,65.384,65.676,64.64,65.546,1394299.0
2017-11-28,65.287,65.384,64.64,64.834,691045.0
2017-11-29,64.867,65.061,63.96,64.446,882159.0
2017-11-30,64.446,64.867,64.122,64.413,800229.0
2017-12-01,64.511,64.511,63.799,64.284,720788.0
2017-12-04,64.155,64.446,64.025,64.381,540746.0
2017-12-05,64.381,65.773,64.316,65.417,1700958.0
2017-12-06,65.255,65.32,64.349,64.64,705783.0
2017-12-07,64.64,64.834,63.54,64.058,903195.0
2017-12-08,63.928,63.96,63.475,63.669,702122.0
2017-12-11,63.572,64.09,63.281,63.863,660319.0
2017-12-12,63.799,63.993,63.313,63.346,466403.0
2017-12-13,63.346,63.896,63.151,63.734,421209.0
2017-12-14,63.799,64.058,63.313,63.475,438887.0
2017-12-15,63.378,63.443,62.86,62.893,487889.0
2017-12-18,62.925,63.378,62.828,63.022,474441.0
2017-12-19,63.022,63.702,62.99,63.443,497990.0
2017-12-20,63.507,63.507,62.86,63.281,524407.0
2017-12-21,63.054,63.475,62.957,63.216,559359.0
2017-12-22,63.216,63.346,62.925,62.957,358908.0
2017-12-25,62.925,63.41,62.86,62.893,615137.0
2017-12-26,62.925,63.443,62.893,63.346,504943.0
2017-12-27,63.346,63.54,62.828,62.99,705501.0
2017-12-28,62.893,63.022,62.537,62.634,727302.0
2017-12-29,62.634,62.893,62.537,62.796,466499.0
2018-01-02,62.99,63.766,62.86,63.605,976021.0
2018-01-03,63.605,63.896,63.41,63.475,792156.0
2018-01-04,63.475,63.669,63.249,63.443,496472.0
2018-01-05,63.41,63.605,63.184,63.475,771661.0
2018-01-08,63.443,63.702,63.216,63.54,748364.0
2018-01-09,63.605,63.637,63.313,63.41,635895.0
2018-01-10,63.41,66.711,63.378,66.646,3677332.0
2018-01-11,66.549,66.97,65.708,66.161,1797764.0
2018-01-12,66.29,66.355,65.481,65.837,1389544.0
2018-01-15,65.643,67.132,65.611,66.064,2237324.0
2018-01-16,66.258,66.517,65.093,65.676,2056210.0
2018-01-17,65.87,69.009,65.87,67.164,3752663.0
2018-01-18,67.52,68.264,66.549,67.293,3850463.0
2018-01-19,68.07,69.494,66.323,66.873,6141834.0
2018-01-22,66.776,67.52,65.417,65.74,4161806.0
2018-01-23,65.902,67.035,65.805,66.97,3532688.0
2018-01-24,67.617,69.559,67.229,68.264,4769134.0
2018-01-25,68.005,68.523,67.229,67.941,2105609.0
2018-01-26,68.07,69.364,67.941,68.297,3320240.0
2018-01-29,68.62,69.882,68.167,69.106,3334856.0
2018-01-30,69.041,69.656,67.617,67.714,2343316.0
2018-01-31,67.52,68.426,67.326,68.264,1924444.0
2018-02-01,68.07,68.976,67.811,68.911,2732812.0
2018-02-02,68.491,68.685,67.52,68.523,1687462.0
2018-02-05,67.844,70.659,67.779,70.626,3160986.0
2018-02-06,69.623,70.303,68.976,69.785,3704002.0
2018-02-07,70.206,72.471,68.976,69.397,4624909.0
2018-02-08,68.653,68.847,66.355,67.196,2897336.0
2018-02-09,65.578,65.934,63.087,65.384,3179824.0
2018-02-12,65.19,65.449,64.155,64.867,1326697.0
2018-02-13,65.417,65.967,65.222,65.417,1359242.0
2018-02-14,65.481,65.708,64.834,65.158,913485.0
2018-02-22,66.064,66.646,65.773,66.517,1137939.0
2018-02-23,66.517,66.808,66.193,66.582,703493.0
2018-02-26,66.97,67.423,66.42,66.873,1022612.0
2018-02-27,67.261,67.261,65.805,66.323,1137610.0
2018-02-28,65.999,66.064,65.417,65.611,797628.0
2018-03-01,65.32,66.258,65.222,66.031,663014.0
2018-03-02,65.676,66.031,65.417,65.708,535859.0
2018-03-05,65.676,66.226,65.481,65.837,598962.0
2018-03-06,66.064,66.226,65.449,65.902,816377.0
2018-03-07,66.29,66.743,66.129,66.226,1091923.0
2018-03-08,66.355,66.452,65.967,66.323,368424.0
2018-03-09,66.355,66.614,66.064,66.323,510888.0
2018-03-12,66.484,66.582,65.773,65.87,881122.0
2018-03-13,65.74,66.29,65.417,65.676,715753.0
2018-03-14,65.417,65.546,64.867,64.931,531544.0
2018-03-15,64.802,65.125,64.737,65.028,388720.0
2018-03-16,64.899,65.158,64.219,64.252,630336.0
2018-03-19,64.316,64.349,63.799,64.252,509759.0
2018-03-20,64.09,64.478,64.025,64.381,386644.0
2018-03-21,64.737,64.867,64.058,64.381,503678.0
2018-03-22,64.446,64.543,63.669,64.284,743187.0
2018-03-23,63.087,63.669,62.569,63.54,1576916.0
2018-03-26,63.151,63.313,61.987,62.343,796404.0
2018-03-27,63.087,63.313,62.31,62.504,535045.0
2018-03-28,62.245,62.99,62.051,62.278,529062.0
2018-03-29,62.31,62.86,61.404,62.537,810495.0
2018-03-30,62.504,62.666,61.792,61.825,634809.0
2018-04-02,61.954,62.278,61.404,61.436,670226.0
2018-04-03,61.21,61.21,60.627,60.822,600899.0
2018-04-04,60.983,61.21,60.627,60.66,549981.0
2018-04-09,60.595,60.854,60.336,60.595,455812.0
2018-04-10,60.725,61.857,60.66,61.825,598908.0
2018-04-11,61.857,62.537,61.631,61.954,669855.0
2018-04-12,61.987,62.019,61.21,61.242,444571.0
2018-04-13,61.534,61.663,61.08,61.113,299809.0
2018-04-16,60.983,61.113,59.721,59.786,828594.0
2018-04-17,59.98,60.369,59.689,59.721,539179.0
2018-04-18,60.369,60.401,59.689,59.948,618115.0
2018-04-19,59.98,60.53,59.883,60.207,375940.0
2018-04-20,59.948,60.207,59.527,60.11,587087.0
2018-04-23,59.786,60.336,59.786,60.11,405997.0
2018-04-24,60.077,61.048,60.077,61.016,514613.0
2018-04-25,60.692,60.919,59.851,60.013,700059.0
2018-04-26,60.077,60.336,59.527,59.948,663264.0
2018-04-27,59.98,60.045,59.592,59.948,651276.0
2018-05-02,60.142,60.272,59.592,59.818,624219.0
2018-05-03,59.721,59.916,59.56,59.786,471686.0
2018-05-04,59.754,59.916,59.592,59.592,350743.0
2018-05-07,59.657,59.948,59.463,59.883,584603.0
2018-05-08,59.883,60.627,59.851,60.53,709150.0
2018-05-09,60.563,60.66,60.207,60.401,350749.0
2018-05-10,60.595,60.725,60.272,60.466,311312.0
2018-05-11,60.595,60.854,60.401,60.627,372308.0
2018-05-14,60.822,61.113,60.66,60.789,490412.0
2018-05-15,60.919,60.983,60.433,60.692,318238.0
2018-05-16,60.498,60.757,60.11,60.142,378891.0
2018-05-17,60.239,60.466,60.077,60.142,278772.0
2018-05-18,60.142,60.627,60.045,60.595,366305.0
2018-05-21,60.789,60.886,60.595,60.692,398083.0
2018-05-22,60.725,60.757,60.11,60.304,334681.0
2018-05-23,60.239,60.272,59.624,59.657,467912.0
2018-05-24,59.657,59.851,59.56,59.592,348079.0
2018-05-25,59.689,59.818,59.527,59.754,326657.0
2018-05-28,59.721,59.883,59.495,59.592,377975.0
2018-05-29,59.56,59.883,59.139,59.851,610755.0
2018-05-30,59.463,59.527,58.977,58.977,532891.0
2018-05-31,59.301,59.56,58.945,59.365,626835.0
2018-06-01,59.268,59.43,59.074,59.139,355732.0
2018-06-04,59.365,59.754,59.204,59.624,386007.0
2018-06-05,59.657,59.657,59.268,59.56,396036.0
2018-06-06,59.56,59.56,59.268,59.301,360853.0
2018-06-07,59.463,59.883,59.365,59.527,465562.0
2018-06-08,59.657,59.721,58.718,58.945,653508.0
2018-06-11,58.88,59.301,58.621,59.268,374023.0
2018-06-12,59.268,59.398,59.042,59.204,405619.0
2018-06-13,59.204,59.56,59.139,59.301,443638.0
2018-06-14,59.204,59.56,59.107,59.301,465442.0
2018-06-15,59.624,59.948,59.365,59.818,683865.0
2018-06-19,59.43,60.239,59.204,59.98,1800913.0
2018-06-20,59.657,59.818,59.268,59.333,479441.0
2018-06-21,59.463,59.721,59.107,59.204,396295.0
2018-06-22,59.042,59.139,58.589,58.945,368055.0
2018-06-25,59.139,59.301,57.877,57.974,496750.0
2018-06-26,57.877,57.877,56.453,57.036,600884.0
2018-06-27,56.744,57.1,55.774,56.259,580328.0
2018-06-28,55.871,56.518,55.709,55.968,418126.0
2018-06-29,56.13,56.583,55.903,56.518,395196.0
2018-07-02,56.453,56.453,54.447,54.641,673627.0
2018-07-03,54.77,55.159,54.35,54.997,634142.0
2018-07-04,54.835,55.223,54.609,54.77,340314.0
2018-07-05,54.609,55.45,54.512,55.385,626753.0
2018-07-06,55.191,55.871,54.803,55.515,359557.0
2018-07-09,55.547,56.777,55.515,56.712,449194.0
2018-07-10,56.744,56.744,56.065,56.421,260179.0
2018-07-11,55.547,55.871,55.288,55.547,330797.0
2018-07-12,55.677,56.777,55.612,56.485,480720.0
2018-07-13,56.615,56.615,56.324,56.421,247114.0
2018-07-16,56.421,56.518,55.612,55.968,318786.0
2018-07-17,55.903,55.968,55.482,55.741,203534.0
2018-07-18,55.968,56.421,55.45,55.644,257323.0
2018-07-19,55.903,56.162,55.644,55.774,240818.0
2018-07-20,55.741,57.909,55.579,57.327,831175.0
2018-07-23,57.23,59.268,57.1,58.912,1143379.0
2018-07-24,59.268,60.563,59.236,59.43,1016318.0
2018-07-25,59.786,59.818,58.848,59.43,416464.0
2018-07-26,59.527,60.013,59.074,59.204,428281.0
2018-07-27,59.171,59.398,58.718,59.042,291637.0
2018-07-30,58.977,60.336,58.977,59.916,482620.0
2018-07-31,59.818,60.272,59.333,59.916,401146.0
2018-08-01,60.369,60.725,59.139,59.171,576972.0
2018-08-02,59.042,59.527,57.683,58.168,547111.0
2018-08-03,58.168,58.912,58.136,58.298,342747.0
2018-08-06,58.524,59.495,58.265,58.492,458532.0
2018-08-07,58.88,59.527,58.492,59.495,432994.0
2018-08-08,59.495,59.657,58.718,58.848,321069.0
2018-08-09,58.686,60.013,58.589,59.851,502705.0
2018-08-10,59.851,60.142,59.398,59.754,274248.0
2018-08-13,59.43,59.43,58.427,58.977,510795.0
2018-08-14,58.945,58.977,58.395,58.751,305306.0
2018-08-15,58.783,58.815,57.845,57.909,327565.0
2018-08-16,57.197,58.362,57.165,57.942,344080.0
2018-08-17,58.395,58.395,57.197,57.424,274108.0
2018-08-20,57.942,58.33,57.489,58.265,411161.0
2018-08-21,58.298,59.107,58.168,58.977,387121.0
2018-08-22,58.945,58.977,58.556,58.815,178469.0
2018-08-23,58.815,59.236,58.459,58.848,263329.0
2018-08-24,58.654,60.336,58.492,59.754,625556.0
2018-08-27,59.786,60.142,59.333,60.045,686992.0
2018-08-28,59.948,60.304,59.754,59.916,293625.0
2018-08-29,59.495,59.56,58.912,58.977,584809.0
2018-08-30,59.042,59.398,58.654,58.654,374224.0
2018-08-31,58.686,59.268,58.589,58.718,504369.0
2018-09-03,58.718,59.01,58.589,58.718,308591.0
2018-09-04,58.815,59.56,58.621,59.236,376508.0
2018-09-05,59.074,59.301,58.298,58.298,423310.0
2018-09-06,58.33,58.524,57.812,57.877,358037.0
2018-09-07,57.974,58.362,57.618,57.877,268949.0
2018-09-10,57.974,58.039,57.553,57.586,236078.0
2018-09-11,57.586,57.909,57.23,57.327,320047.0
2018-09-12,57.165,57.942,56.841,57.521,289165.0
2018-09-13,58.039,58.233,57.618,58.136,338228.0
2018-09-14,58.298,58.395,57.909,58.039,219556.0
2018-09-17,57.974,57.974,57.521,57.715,171601.0
2018-09-18,57.65,58.395,57.553,58.395,286474.0
2018-09-19,58.33,58.912,58.233,58.654,406804.0
2018-09-20,58.783,59.171,58.783,59.042,355046.0
2018-09-21,59.107,60.725,58.88,60.692,884882.0
2018-09-25,60.174,60.466,59.98,60.11,433712.0
2018-09-26,60.239,61.275,60.207,60.725,763981.0
2018-09-27,60.919,61.016,60.239,60.53,494810.0
2018-09-28,60.692,62.019,60.563,61.534,774792.0
2018-10-08,60.595,60.757,59.301,59.495,759805.0
2018-10-09,59.463,60.498,59.398,60.11,582231.0
2018-10-10,60.272,61.113,60.077,60.401,439529.0
2018-10-11,58.848,59.592,57.974,58.524,689584.0
2018-10-12,58.783,59.754,58.459,59.527,533108.0
2018-10-15,59.56,59.754,58.686,58.848,373148.0
2018-10-16,58.88,59.786,58.783,58.945,464562.0
2018-10-17,59.43,59.592,58.362,59.107,512310.0
2018-10-18,59.139,59.333,58.395,58.427,441673.0
2018-10-19,58.395,60.272,58.136,59.98,748217.0
2018-10-22,60.369,61.631,60.304,61.08,872666.0
2018-10-23,61.113,61.404,59.98,60.174,589240.0
2018-10-24,60.239,62.116,60.174,61.113,822274.0
2018-10-25,60.174,61.695,60.013,61.598,630723.0
2018-10-26,61.695,62.019,60.951,61.501,520877.0
2018-10-29,61.954,62.343,60.53,60.983,744257.0
2018-10-30,61.469,62.181,60.757,61.76,741819.0
2018-10-31,62.116,62.31,61.663,62.084,517843.0
2018-11-01,62.181,62.31,61.307,61.469,613668.0
2018-11-02,62.278,63.119,61.728,62.925,1132696.0
2018-11-05,62.407,62.796,62.213,62.407,412203.0
2018-11-06,62.375,62.375,61.566,61.889,389395.0
2018-11-07,61.987,62.763,61.889,62.019,424225.0
2018-11-08,62.569,62.601,62.084,62.375,287674.0
2018-11-09,61.987,61.987,60.336,60.66,850849.0
2018-11-12,60.563,61.08,60.433,60.789,500742.0
2018-11-13,60.369,61.307,60.239,61.21,422173.0
2018-11-14,61.145,61.501,60.725,60.822,429550.0
2018-11-15,60.66,61.372,60.66,61.339,285765.0
2018-11-16,61.372,61.534,60.951,61.113,407777.0
2018-11-19,61.372,61.889,61.178,61.792,477218.0
2018-11-20,61.372,61.922,61.21,61.307,378957.0
2018-11-21,61.08,61.76,61.048,61.436,320537.0
2018-11-22,61.436,61.501,61.113,61.242,208857.0
2018-11-23,61.08,61.598,60.401,60.53,346221.0
2018-11-26,60.854,61.145,60.563,60.822,226771.0
2018-11-27,60.854,60.983,60.239,60.466,234087.0
2018-11-28,60.433,61.21,60.336,60.951,238034.0
2018-11-29,61.307,61.339,60.595,60.595,279769.0
2018-11-30,60.854,61.501,60.66,61.501,513326.0
2018-12-03,62.763,62.763,62.019,62.278,627607.0
2018-12-04,62.731,62.731,62.116,62.472,419787.0
2018-12-05,62.278,62.44,61.954,62.116,324679.0
2018-12-06,61.728,62.019,61.404,61.792,437013.0
2018-12-07,61.987,62.148,61.728,61.792,237837.0
2018-12-10,61.404,61.76,61.113,61.307,246036.0
2018-12-11,61.469,61.598,60.983,61.178,237278.0
2018-12-12,61.469,61.469,60.919,61.372,269459.0
2018-12-13,61.372,61.922,61.145,61.469,382177.0
2018-12-14,61.242,61.469,60.983,61.016,298079.0
2018-12-17,61.113,61.436,60.886,61.242,340969.0
2018-12-18,61.048,61.404,60.563,60.595,337555.0
2018-12-19,60.886,60.919,59.948,59.948,310517.0
2018-12-20,59.98,60.239,58.848,59.107,520433.0
2018-12-21,58.912,58.945,58.103,58.556,411021.0
2018-12-24,58.362,58.459,57.942,58.103,344393.0
2018-12-25,57.521,58.201,57.165,57.909,445112.0
2018-12-26,58.039,58.265,57.618,57.747,322822.0
2018-12-27,58.395,58.459,57.909,58.039,377170.0
2018-12-28,58.201,58.88,58.006,58.265,409767.0
2019-01-02,58.298,58.298,57.359,57.618,330085.0
2019-01-03,57.618,58.201,57.618,57.974,267756.0
2019-01-04,57.78,59.236,57.715,59.107,468630.0
2019-01-07,59.43,59.527,58.912,59.01,362072.0
2019-01-08,59.171,59.204,58.88,59.204,227190.0
2019-01-09,59.398,60.336,59.268,59.624,442573.0
2019-01-10,59.43,59.786,59.204,59.527,238194.0
2019-01-11,59.754,60.272,59.624,59.754,272992.0
2019-01-14,59.495,59.851,59.139,59.204,238060.0
2019-01-15,59.463,60.045,59.268,59.851,303737.0
2019-01-16,59.916,60.013,59.689,59.98,209404.0
2019-01-17,60.239,60.272,59.463,59.592,278863.0
2019-01-18,59.916,60.66,59.883,60.66,464707.0
2019-01-21,60.66,61.145,60.498,60.66,397764.0
2019-01-22,60.627,60.789,60.11,60.239,227852.0
2019-01-23,60.239,60.498,60.013,60.077,181391.0
2019-01-24,60.272,60.822,60.174,60.595,284020.0
2019-01-25,60.919,61.889,60.919,61.663,630654.0
2019-01-28,61.987,62.504,61.404,61.663,449401.0
2019-01-29,61.728,62.343,61.469,62.116,417685.0
2019-01-30,62.213,62.537,61.889,61.987,459654.0
2019-01-31,62.375,63.151,62.278,62.99,685955.0
2019-02-01,63.378,63.507,62.666,62.957,430380.0
2019-02-11,62.666,63.022,62.31,62.86,452452.0
2019-02-12,63.022,63.119,62.504,62.763,339475.0
2019-02-13,62.828,63.96,62.504,63.605,733925.0
2019-02-14,63.475,63.799,63.378,63.41,370503.0
2019-02-15,63.249,63.41,61.922,62.051,545569.0
2019-02-18,62.537,63.281,62.375,63.151,536433.0
2019-02-19,63.378,64.284,63.119,63.475,659604.0
2019-02-20,63.928,64.058,63.119,63.41,369300.0
2019-02-21,63.572,63.702,62.828,62.99,483511.0
2019-02-22,62.828,63.702,62.343,63.669,585709.0
2019-02-25,64.058,67.423,64.025,67.164,1775100.0
2019-02-26,67.164,67.779,65.902,66.129,1312197.0
2019-02-27,66.776,68.264,66.549,67.293,1303076.0
2019-02-28,67.196,68.458,66.873,67.714,1053846.0
2019-03-01,68.135,72.374,67.714,72.374,2474293.0
2019-03-04,72.665,74.413,71.791,72.374,2633736.0
2019-03-05,72.05,72.536,71.306,71.662,1289839.0
2019-03-06,71.533,72.795,71.08,72.309,1209347.0
2019-03-07,71.856,71.986,70.238,70.562,1433217.0
2019-03-08,69.72,69.72,67.617,67.844,1782067.0
2019-03-11,67.844,68.361,67.488,67.908,968630.0
2019-03-12,68.717,69.364,67.617,68.07,989354.0
2019-03-13,68.005,69.656,67.52,68.717,1081626.0
2019-03-14,68.329,69.882,68.232,68.782,890671.0
2019-03-15,68.879,69.882,68.491,69.591,823992.0
2019-03-18,69.526,70.271,68.879,70.271,972033.0
2019-03-19,70.4,71.08,69.817,70.141,823506.0
2019-03-20,69.915,70.626,69.138,69.947,695781.0
2019-03-21,69.947,69.947,69.009,69.106,794581.0
2019-03-22,69.267,69.332,67.876,68.491,762916.0
2019-03-25,67.552,67.811,66.549,66.582,923434.0
2019-03-26,67.035,67.035,66.193,66.646,592412.0
2019-03-27,66.808,67.455,66.808,66.97,672962.0
2019-03-28,66.646,66.808,65.967,66.646,540089.0
2019-03-29,66.614,68.814,66.549,68.717,1310551.0
2019-04-01,69.332,70.562,69.332,70.271,1646414.0
2019-04-02,70.562,71.403,70.562,70.788,1070642.0
2019-04-03,70.238,71.403,70.076,71.338,952192.0
2019-04-04,71.662,72.924,71.662,72.309,1089487.0
2019-04-08,72.665,74.898,72.665,72.892,1689733.0
2019-04-09,72.762,73.571,71.435,71.727,998272.0
2019-04-10,71.727,72.6,70.853,71.986,1021719.0
2019-04-11,72.05,72.73,70.497,71.112,804890.0
2019-04-12,71.144,71.468,70.756,71.338,420260.0
2019-04-15,73.248,74.477,71.565,71.921,1838232.0
2019-04-16,71.921,76.775,71.791,76.581,3144398.0
2019-04-17,75.933,76.613,74.963,75.707,1540952.0
2019-04-18,75.513,75.804,74.639,75.06,711889.0
2019-04-19,75.48,76.225,74.315,75.61,1029624.0
2019-04-22,75.221,75.545,72.342,72.6,1588552.0
2019-04-23,72.568,73.474,72.439,72.73,818598.0
2019-04-24,73.118,73.733,71.791,72.697,908990.0
2019-04-25,72.633,73.312,71.986,72.212,727356.0
2019-04-26,71.953,72.277,71.241,71.241,798572.0
2019-04-29,71.63,73.409,71.5,72.827,864135.0
2019-04-30,73.959,75.189,73.733,74.38,1511500.0
2019-05-06,72.374,72.827,70.626,72.503,1910472.0
2019-05-07,72.374,72.697,71.306,71.824,946475.0
2019-05-08,71.015,71.533,70.012,70.206,926700.0
2019-05-09,69.979,70.173,68.102,68.232,1311638.0
2019-05-10,69.138,70.141,67.552,69.72,994519.0
2019-05-13,68.75,69.203,68.361,68.685,614530.0
2019-05-14,68.2,69.72,68.167,68.685,791389.0
2019-05-15,69.138,70.529,68.75,69.979,669123.0
2019-05-16,69.785,70.206,69.397,69.947,490394.0
2019-05-17,70.238,70.238,68.814,69.106,518966.0
2019-05-20,69.041,69.623,68.361,68.847,488550.0
2019-05-21,68.911,70.271,68.911,69.267,672386.0
2019-05-22,68.879,69.267,68.523,68.814,535335.0
2019-05-23,68.555,68.717,67.908,68.329,463452.0
2019-05-24,68.717,69.203,68.523,68.944,387560.0
2019-05-27,68.232,69.397,66.808,68.523,1017585.0
2019-05-28,68.329,68.911,67.617,68.329,973224.0
2019-05-29,67.844,68.038,67.132,67.132,1138116.0
2019-05-30,67.132,67.293,66.484,66.873,825562.0
2019-05-31,67.132,67.682,66.743,66.776,742899.0
2019-06-03,66.711,67.455,66.549,67.035,683812.0
2019-06-04,67.196,67.229,66.905,67.099,526858.0
2019-06-05,67.649,68.264,67.455,67.552,563996.0
2019-06-06,67.811,68.102,67.552,67.714,526889.0
2019-06-10,68.102,69.364,67.973,68.75,700851.0
2019-06-11,69.138,69.688,68.911,69.526,824324.0
2019-06-12,69.429,69.526,69.009,69.3,557521.0
2019-06-13,69.364,69.559,68.976,69.3,517617.0
2019-06-14,69.559,69.753,69.009,69.3,721777.0
2019-06-17,69.3,70.238,69.17,69.591,684361.0
2019-06-18,69.947,69.979,69.526,69.753,524485.0
2019-06-19,71.241,71.565,70.724,70.756,978298.0
2019-06-20,70.885,73.474,70.724,72.924,1290429.0
2019-06-21,72.956,73.442,72.083,72.18,928941.0
2019-06-24,72.374,72.665,71.759,72.115,589823.0
2019-06-25,72.309,72.342,70.4,70.788,1011365.0
2019-06-26,70.95,71.015,70.659,70.788,390455.0
2019-06-27,71.015,71.824,70.95,71.5,613542.0
2019-06-28,71.63,71.694,70.659,71.338,517370.0
2019-07-01,72.439,72.989,72.05,72.309,933293.0
2019-07-02,72.342,72.342,71.403,71.856,872087.0
2019-07-03,71.824,71.824,71.177,71.468,558526.0
2019-07-04,71.565,71.888,71.08,71.338,558382.0
2019-07-05,71.435,71.468,70.982,71.274,438985.0
2019-07-08,70.885,70.95,69.72,69.72,721689.0
2019-07-09,69.753,70.044,69.656,69.817,411196.0
2019-07-10,70.173,70.238,69.235,69.494,401143.0
2019-07-11,69.915,70.335,69.559,69.72,474682.0
2019-07-12,69.882,71.177,69.785,70.982,749873.0
2019-07-15,70.691,71.694,70.109,71.338,744493.0
2019-07-16,71.306,71.63,70.853,70.95,447699.0
2019-07-17,70.562,71.08,70.465,70.594,412483.0
2019-07-18,70.821,70.918,70.335,70.691,449049.0
2019-07-19,71.015,71.856,70.918,71.727,766035.0
2019-07-22,71.759,72.147,71.371,71.597,664547.0
2019-07-23,71.986,72.18,71.63,72.05,589601.0
2019-07-24,72.342,73.15,72.277,72.762,934290.0
2019-07-25,72.827,74.704,72.827,74.671,1358360.0
2019-07-26,74.315,74.639,74.218,74.348,763064.0
2019-07-29,74.348,74.639,73.895,74.251,540222.0
2019-07-30,74.348,75.966,74.218,75.254,869751.0
2019-07-31,74.995,75.092,73.636,74.057,948118.0
2019-08-01,73.862,74.089,73.053,73.183,729681.0
2019-08-02,72.277,73.312,72.18,72.956,852132.0
2019-08-05,72.568,72.6,71.371,71.565,875814.0
2019-08-06,70.562,71.694,70.4,71.047,774687.0
2019-08-07,71.371,71.921,71.015,71.338,641270.0
2019-08-08,71.953,72.924,71.694,72.665,758413.0
2019-08-09,72.697,73.183,72.115,72.342,652590.0
2019-08-12,72.244,73.15,72.147,73.086,629942.0
2019-08-13,72.665,72.892,71.209,71.63,724076.0
2019-08-14,72.374,72.503,70.529,70.691,1583946.0
2019-08-15,69.753,70.562,69.494,70.562,898550.0
2019-08-16,70.4,70.626,70.012,70.173,698048.0
2019-08-19,69.591,70.594,68.653,70.529,1443737.0
2019-08-20,70.238,71.371,70.012,70.918,827385.0
2019-08-21,70.724,71.177,70.497,70.724,520337.0
2019-08-22,71.047,71.338,70.594,70.95,516624.0
2019-08-23,71.112,71.824,70.853,71.694,893045.0
2019-08-26,70.691,71.015,70.141,70.724,629277.0
2019-08-27,71.047,71.5,70.788,71.274,754675.0
2019-08-28,69.17,69.753,68.07,68.361,2721342.0
2019-08-29,68.361,68.361,67.358,67.747,1020624.0
2019-08-30,68.135,68.167,67.261,67.714,1027557.0
2019-09-02,67.811,68.264,67.617,68.005,763502.0
2019-09-03,68.038,68.167,67.779,67.941,475390.0
2019-09-04,67.908,69.138,67.908,69.041,967947.0
2019-09-05,69.429,70.465,69.429,69.915,1254699.0
2019-09-06,70.238,70.4,69.817,70.303,607981.0
2019-09-09,70.562,70.95,69.688,69.72,1039458.0
2019-09-10,69.753,69.915,69.041,69.3,728740.0
2019-09-11,69.591,69.882,69.203,69.785,558780.0
2019-09-12,70.173,70.206,69.656,70.044,601763.0
2019-09-16,70.238,70.271,69.72,69.947,456091.0
2019-09-17,69.817,69.85,68.653,68.976,515402.0
2019-09-18,69.17,69.17,68.555,68.588,531660.0
2019-09-19,68.62,68.879,68.329,68.653,437385.0
2019-09-20,68.717,69.138,68.62,69.009,560726.0
2019-09-23,68.911,68.944,68.264,68.717,398808.0
2019-09-24,68.782,68.944,68.329,68.361,432581.0
2019-09-25,68.297,68.653,67.844,68.2,420790.0
2019-09-26,68.394,69.429,68.329,68.814,931661.0
2019-09-27,69.073,69.526,68.394,69.397,664016.0
2019-09-30,69.073,69.753,68.879,68.879,458427.0
2019-10-08,68.847,70.659,68.814,70.271,1036159.0
2019-10-09,69.882,72.147,69.817,71.371,1518442.0
2019-10-10,71.209,71.986,71.112,71.435,614600.0
2019-10-11,71.921,72.892,71.63,72.536,1070896.0
2019-10-14,73.053,74.995,73.053,73.668,1404091.0
2019-10-15,73.733,74.024,73.248,73.862,771586.0
2019-10-16,73.959,75.61,73.409,73.895,1045713.0
2019-10-17,73.895,74.348,73.409,73.733,473956.0
2019-10-18,73.992,74.639,72.342,72.762,823441.0
2019-10-21,72.406,73.862,72.406,73.636,634118.0
2019-10-22,73.895,73.959,72.924,73.409,462298.0
2019-10-23,73.506,73.83,73.053,73.442,360835.0
2019-10-24,73.636,74.315,73.312,73.733,589535.0
2019-10-25,73.539,73.636,72.503,73.15,506423.0
2019-10-28,73.15,73.701,72.503,72.665,530085.0
2019-10-29,72.892,72.989,72.374,72.568,362555.0
2019-10-30,73.248,74.283,72.859,73.377,963049.0
2019-10-31,73.183,73.312,72.439,72.73,499035.0
2019-11-01,72.956,75.092,72.6,74.898,1434978.0
2019-11-04,75.739,76.904,75.577,76.322,1201157.0
2019-11-05,76.451,77.681,76.063,76.872,1449322.0
2019-11-06,77.325,77.843,76.516,77.422,1177276.0
2019-11-07,77.422,77.81,77.034,77.357,661588.0
2019-11-08,77.519,77.681,76.483,76.483,736144.0
2019-11-11,75.901,76.451,75.642,75.836,725167.0
2019-11-12,76.095,76.548,75.804,76.03,530989.0
2019-11-13,76.03,76.128,74.833,75.254,649305.0
2019-11-14,75.48,75.707,74.057,74.51,654488.0
2019-11-15,74.995,75.739,74.477,75.157,593198.0
2019-11-18,75.157,76.775,75.092,76.645,660201.0
2019-11-19,76.192,76.742,75.998,76.354,403847.0
2019-11-20,76.063,76.386,73.992,74.154,857765.0
2019-11-21,73.733,74.704,73.345,74.089,487242.0
2019-11-22,74.51,74.542,73.636,73.862,429445.0
2019-11-25,74.283,74.833,74.057,74.639,384906.0
2019-11-26,74.736,74.833,73.701,73.733,570373.0
2019-11-27,73.895,74.121,73.636,74.089,423594.0
2019-11-28,73.992,74.154,73.312,73.539,346988.0
2019-11-29,73.604,73.927,73.053,73.28,406077.0
2019-12-02,73.442,73.862,73.215,73.377,298785.0
2019-12-03,73.118,73.959,72.859,73.83,350965.0
2019-12-04,73.28,73.636,72.859,73.345,304120.0
2019-12-05,73.571,73.959,73.377,73.701,399067.0
2019-12-06,73.83,73.862,72.989,73.409,416777.0
2019-12-09,73.15,73.377,72.989,73.345,426194.0
2019-12-10,73.021,73.668,73.021,73.183,299071.0
2019-12-11,73.474,74.736,73.312,74.607,640864.0
2019-12-12,74.768,74.768,73.895,74.38,348739.0
2019-12-13,75.254,75.61,74.801,75.61,771185.0
2019-12-16,75.286,75.804,74.93,75.707,600883.0
2019-12-17,75.836,77.26,75.416,76.807,1048870.0
2019-12-18,76.613,77.519,76.613,76.872,606769.0
2019-12-19,76.937,77.454,76.225,76.581,553596.0
2019-12-20,76.645,77.39,76.645,76.807,505829.0
2019-12-23,77.195,77.357,76.063,76.095,512147.0
2019-12-24,76.289,77.098,76.289,76.548,467690.0
2019-12-25,76.548,76.645,75.707,76.095,384719.0
2019-12-26,75.933,76.807,75.933,76.742,344330.0
2019-12-27,76.581,77.681,76.548,76.742,673997.0
2019-12-30,76.225,76.354,75.06,76.095,1145987.0
2019-12-31,76.03,76.257,75.416,76.225,542591.0
2020-01-02,77.098,78.231,77.034,77.551,1130028.0
2020-01-03,77.519,77.843,77.195,77.325,659291.0
2020-01-06,77.066,77.648,76.386,76.581,709164.0
2020-01-07,76.872,77.681,76.419,76.839,561162.0
2020-01-08,76.386,76.678,75.351,75.513,881731.0
2020-01-09,76.128,76.225,75.48,75.836,663379.0
2020-01-10,75.901,76.03,75.48,75.869,423807.0
2020-01-13,75.869,75.933,75.286,75.901,600183.0
2020-01-14,76.225,76.775,75.933,76.063,537640.0
2020-01-15,76.16,76.192,74.995,75.221,600021.0
2020-01-16,75.351,75.577,74.251,74.51,827358.0
2020-01-17,74.51,74.963,74.218,74.445,440442.0
2020-01-20,74.542,74.995,74.348,74.93,429895.0
2020-01-21,74.607,74.704,73.701,73.862,610756.0
2020-01-22,73.701,74.38,73.409,74.057,553543.0
2020-01-23,73.668,73.701,72.05,72.309,1085586.0
2020-02-03,66.549,69.3,66.517,67.52,1629058.0
2020-02-04,67.844,69.17,67.747,68.911,1000232.0
2020-02-05,68.976,69.235,68.329,68.879,886398.0
2020-02-06,69.267,69.591,68.62,69.3,723494.0
2020-02-07,68.685,69.235,68.426,69.138,599834.0
2020-02-10,68.653,68.976,68.555,68.847,507002.0
2020-02-11,69.106,69.915,69.073,69.397,616391.0
2020-02-12,69.559,69.591,68.976,69.494,432807.0
2020-02-13,69.429,69.591,68.911,69.041,502737.0
2020-02-14,68.879,69.753,68.814,69.591,525851.0
2020-02-17,69.656,71.015,69.332,70.885,868213.0
2020-02-18,70.626,70.853,69.915,70.076,623145.0
2020-02-19,70.109,70.659,69.785,70.044,449353.0
2020-02-20,70.238,71.112,69.915,70.885,750344.0
2020-02-21,70.529,71.241,70.432,70.659,678190.0
2020-02-24,70.432,70.724,69.85,69.882,734825.0
2020-02-25,69.267,69.85,68.944,69.462,757242.0
2020-02-26,68.976,70.173,68.782,69.429,831587.0
2020-02-27,69.559,70.012,69.462,69.817,617473.0
2020-02-28,69.203,69.623,67.941,68.102,875387.0
2020-03-02,68.426,69.267,68.167,69.073,763937.0
2020-03-03,69.462,69.753,69.138,69.3,629252.0
2020-03-04,69.267,69.526,68.879,69.462,530511.0
2020-03-05,69.817,71.5,69.526,71.338,1198413.0
2020-03-06,70.724,71.015,70.076,70.141,698956.0
2020-03-09,69.106,69.106,68.232,68.361,973017.0
2020-03-10,68.361,69.235,68.102,69.009,758353.0
2020-03-11,69.138,69.203,68.264,68.297,641697.0
2020-03-12,68.232,68.588,67.617,67.779,757275.0
2020-03-13,65.87,67.099,65.449,66.711,1305323.0
2020-03-16,66.743,66.776,64.446,64.608,1065126.0
2020-03-17,64.575,65.708,63.669,64.284,895910.0
2020-03-18,64.478,64.802,62.86,62.957,817472.0
2020-03-19,62.537,62.893,60.466,60.725,1693451.0
2020-03-20,61.339,62.601,60.951,61.987,1063743.0
2020-03-23,60.692,61.372,60.563,60.725,856805.0
2020-03-24,61.889,62.245,61.404,62.084,829557.0
2020-03-25,63.151,63.637,62.634,63.378,869303.0
2020-03-26,63.281,65.805,63.022,64.543,1173570.0
2020-03-27,65.222,65.481,64.608,64.834,584062.0
2020-03-30,64.187,64.672,63.928,64.575,542150.0
2020-03-31,64.867,65.093,63.605,63.637,523816.0
2020-04-01,63.669,64.511,63.637,63.799,498923.0
2020-04-02,63.605,64.155,63.443,64.155,403486.0
2020-04-03,64.025,64.252,63.605,64.122,420808.0
2020-04-07,64.834,65.093,64.446,64.608,660678.0
2020-04-08,64.316,64.543,63.928,64.09,400591.0
2020-04-09,64.381,64.446,63.96,64.025,271030.0
2020-04-10,64.058,64.737,63.863,64.413,457053.0
2020-04-13,64.155,64.187,63.572,63.766,375620.0
2020-04-14,64.025,64.381,63.669,64.381,564654.0
2020-04-15,64.316,64.316,63.863,63.928,333363.0
2020-04-16,63.702,63.896,63.443,63.669,381000.0
2020-04-17,63.993,64.381,63.702,64.122,613900.0
2020-04-20,63.96,64.025,63.443,63.702,555806.0
2020-04-21,63.572,63.896,63.184,63.281,411480.0
2020-04-22,63.281,63.346,62.893,63.281,362422.0
2020-04-23,63.443,63.507,62.893,62.99,337784.0
2020-04-24,63.087,63.087,62.537,62.698,391000.0
2020-04-27,63.054,64.252,62.925,63.993,659797.0
2020-04-28,64.155,64.219,63.507,64.219,473700.0
2020-04-29,63.928,65.708,63.863,65.578,930777.0
2020-04-30,65.74,66.808,65.643,65.934,597440.0
2020-05-06,64.996,65.384,64.511,64.996,686182.0
2020-05-07,64.996,64.996,64.381,64.446,489018.0
2020-05-08,64.769,65.611,64.608,65.125,499030.0
2020-05-11,65.19,65.643,65.061,65.19,438174.0
2020-05-12,65.222,65.514,64.608,64.705,404260.0
2020-05-13,64.511,64.802,64.349,64.737,316944.0
2020-05-14,64.575,64.575,63.896,63.993,434471.0
2020-05-15,64.316,64.413,63.96,64.09,294673.0
2020-05-18,64.025,64.413,63.702,64.025,373443.0
2020-05-19,64.737,64.931,64.219,64.316,363097.0
2020-05-20,64.316,64.705,64.025,64.575,401388.0
2020-05-21,64.705,65.028,64.219,64.284,404336.0
2020-05-22,64.187,64.349,63.119,63.216,644871.0
2020-05-25,63.766,63.766,62.893,63.41,326550.0
2020-05-26,63.605,63.637,63.281,63.475,310659.0
2020-05-27,63.605,64.219,63.443,63.766,327880.0
2020-05-28,63.896,64.867,63.863,64.413,530129.0
2020-05-29,64.09,64.284,63.831,64.252,457094.0
2020-06-01,64.413,64.899,64.284,64.802,673009.0
2020-06-02,64.575,65.352,64.575,65.19,566745.0
2020-06-03,65.514,66.258,64.996,64.996,700461.0
2020-06-04,65.287,65.352,64.672,64.737,404547.0
2020-06-05,64.899,64.931,64.349,64.608,413355.0
2020-06-08,64.672,65.061,64.349,64.413,674493.0
2020-06-09,64.478,64.802,64.284,64.737,533387.0
2020-06-10,64.737,64.737,63.928,63.993,708812.0
2020-06-11,64.025,64.09,63.184,63.313,859129.0
2020-06-12,62.925,63.831,62.828,63.831,936449.0
2020-06-15,63.184,63.281,62.731,62.731,867764.0
2020-06-16,63.054,63.313,62.925,63.184,529171.0
2020-06-17,63.087,63.184,62.893,63.087,459364.0
2020-06-18,62.698,63.249,62.472,63.119,661199.0
2020-06-19,63.119,63.249,62.796,63.184,884484.0
2020-06-22,63.087,63.249,62.828,62.893,717428.0
2020-06-23,62.86,62.925,62.569,62.601,585168.0
2020-06-24,62.86,63.507,62.763,63.41,866838.0
2020-06-29,63.637,63.96,63.054,63.249,830137.0
2020-06-30,63.507,63.605,63.054,63.216,533326.0
2020-07-01,63.346,64.608,63.184,64.413,1115848.0
2020-07-02,64.252,65.708,64.122,65.708,1501595.0
2020-07-03,66.064,67.164,65.773,67.067,1661937.0
2020-07-06,67.747,72.568,67.747,72.439,3530793.0
2020-07-07,73.474,74.736,71.371,71.533,2803917.0
2020-07-08,71.791,73.215,71.306,72.439,2177524.0
2020-07-09,72.18,72.277,71.209,71.533,1859668.0
2020-07-10,71.209,71.371,68.847,69.106,2079910.0
2020-07-13,68.653,69.753,68.264,68.814,2073036.0
2020-07-14,68.847,69.106,67.747,68.297,1693897.0
2020-07-15,68.918,68.918,67.138,67.171,1702033.0
2020-07-16,67.429,68.271,66.717,66.782,1352206.0
2020-07-17,67.268,67.526,66.297,66.685,956755.0
2020-07-20,67.171,68.206,66.588,67.947,1434910.0
2020-07-21,68.044,68.044,67.268,67.526,799021.0
2020-07-22,67.559,68.174,67.138,67.3,1256329.0
2020-07-23,66.912,67.138,66.07,66.362,1160405.0
2020-07-24,66.232,66.329,65.1,65.294,1373554.0
2020-07-27,65.65,66.006,64.776,64.905,954702.0
2020-07-28,65.294,65.52,64.873,65.1,592290.0
2020-07-29,65.1,66.006,64.938,65.779,861668.0
2020-07-30,65.779,65.908,65.261,65.261,617808.0
2020-07-31,65.423,66.07,65.002,65.294,982287.0
2020-08-03,65.65,65.844,65.261,65.65,1058477.0
2020-08-04,65.811,67.397,65.65,66.912,1737947.0
2020-08-05,66.653,66.653,65.908,66.07,1075180.0
2020-08-06,66.232,66.653,65.553,66.329,890113.0
2020-08-07,66.006,66.394,65.326,65.52,1060592.0
2020-08-10,65.553,66.103,65.261,65.844,1081852.0
2020-08-11,65.779,67.009,65.714,65.876,1610332.0
2020-08-12,65.973,66.459,65.779,66.426,989057.0
2020-08-13,66.782,66.815,66.103,66.2,822147.0
2020-08-14,66.329,66.75,65.973,66.717,965519.0
2020-08-17,66.75,68.691,66.685,68.012,2570457.0
2020-08-18,67.721,67.947,66.912,67.235,1388627.0
2020-08-19,67.041,67.235,66.459,66.523,1157401.0
2020-08-20,66.362,66.394,65.779,66.038,935038.0
2020-08-21,66.232,66.297,65.941,66.2,670744.0
2020-08-24,66.232,66.362,65.844,65.908,755297.0
2020-08-25,66.006,66.232,65.779,65.973,550890.0
2020-08-26,65.941,66.006,65.391,65.455,756227.0
2020-08-27,65.455,65.553,65.1,65.455,660879.0
2020-08-28,65.391,66.2,65.164,66.135,977897.0
2020-08-31,67.3,68.433,66.912,66.912,3419813.0
2020-09-01,66.879,68.141,66.62,67.526,1417923.0
2020-09-02,67.591,67.85,66.879,67.429,1109405.0
2020-09-03,67.559,68.077,67.073,67.3,886646.0
2020-09-04,66.912,67.3,66.556,66.782,762875.0
2020-09-07,66.685,67.624,66.685,67.009,929042.0
2020-09-08,67.365,68.368,67.365,68.044,1449728.0
2020-09-09,67.688,68.335,67.365,67.429,988617.0
2020-09-10,67.721,67.882,67.009,67.171,877241.0
2020-09-11,67.106,67.332,66.588,66.815,661584.0
2020-09-14,66.912,67.106,66.491,66.782,609369.0
2020-09-15,66.653,67.073,66.426,66.685,528700.0
2020-09-16,66.717,67.106,66.556,66.847,573369.0
2020-09-17,66.847,67.009,66.297,66.329,733661.0
2020-09-18,66.459,67.688,66.2,67.688,1360339.0
2020-09-21,67.591,68.109,67.462,67.818,1041815.0
2020-09-22,67.559,67.915,67.106,67.203,670871.0
2020-09-23,67.332,67.429,66.815,66.879,529181.0
2020-09-24,66.717,66.847,66.167,66.264,832834.0
2020-09-25,66.394,66.556,66.07,66.232,535550.0
2020-09-28,66.329,66.556,66.135,66.362,364503.0
2020-09-29,66.523,66.653,66.07,66.07,581714.0
2020-09-30,66.685,67.332,66.394,66.815,1065415.0
2020-10-09,67.526,67.785,66.912,66.944,1006763.0
2020-10-12,67.203,68.886,66.944,68.788,2355142.0
2020-10-13,68.659,69.209,68.368,68.886,1186945.0
2020-10-14,69.274,69.274,68.433,68.821,766006.0
2020-10-15,68.53,70.601,68.53,69.662,1989348.0
2020-10-16,69.662,72.219,69.597,71.701,2398885.0
2020-10-19,72.704,73.998,71.701,71.798,2401308.0
2020-10-20,72.154,72.477,71.312,72.219,1165416.0
2020-10-21,72.219,73.513,71.798,73.416,1491873.0
2020-10-22,73.901,74.775,72.93,73.578,1206897.0
2020-10-23,73.481,75.293,73.189,73.901,1468439.0
2020-10-26,74.031,74.322,71.895,72.154,1323426.0
2020-10-27,72.186,72.704,71.571,72.219,755282.0
2020-10-28,72.251,72.866,71.021,71.312,984732.0
2020-10-29,70.762,72.866,70.698,72.219,1053634.0
2020-10-30,72.542,73.61,71.604,72.219,1261000.0
2020-11-02,72.542,73.092,71.539,72.219,1001614.0
2020-11-03,73.028,74.322,72.477,72.574,1223376.0
2020-11-04,73.513,74.322,73.028,73.998,1099993.0
2020-11-05,74.645,74.743,73.157,73.448,891051.0
2020-11-06,73.189,73.222,71.863,72.833,910569.0
2020-11-09,73.416,73.804,72.574,72.833,1016281.0
2020-11-10,73.772,75.325,73.707,74.678,1732314.0
2020-11-11,74.548,75.552,74.225,75.066,1177252.0
2020-11-12,74.775,75.066,74.322,74.451,616191.0
2020-11-13,73.837,73.837,71.766,72.121,1627575.0
2020-11-16,72.413,72.477,71.571,71.798,982154.0
2020-11-17,71.992,72.866,71.636,72.574,781428.0
2020-11-18,72.93,77.331,72.898,76.749,3218567.0
2020-11-19,76.684,77.558,76.263,77.17,1777967.0
2020-11-20,75.616,76.781,75.422,76.166,1301072.0
2020-11-23,76.102,79.402,76.037,79.143,2345567.0
2020-11-24,79.143,80.147,78.787,79.596,1347492.0
2020-11-25,80.308,80.47,78.237,78.561,991664.0
2020-11-26,79.079,80.697,78.69,80.664,1475407.0
2020-11-27,80.858,81.441,80.211,81.311,1300352.0
2020-11-30,82.218,86.036,82.218,82.638,2870629.0
2020-12-01,83.415,85.13,82.574,84.515,1604940.0
2020-12-02,84.062,84.806,82.638,83.544,1140892.0
2020-12-03,83.641,84.547,82.735,83.35,805592.0
2020-12-04,83.188,83.253,81.603,82.962,1035196.0
2020-12-07,82.962,83.318,79.791,80.956,1407522.0
2020-12-08,80.956,81.894,79.985,80.179,1068335.0
2020-12-09,80.826,81.959,80.632,80.794,1020506.0
2020-12-10,80.729,81.376,79.629,80.244,797463.0
2020-12-11,80.729,81.344,79.435,79.726,1026901.0
2020-12-14,80.891,81.473,80.082,81.053,983055.0
2020-12-15,80.988,80.988,78.076,79.596,1244570.0
2020-12-16,79.855,81.279,79.661,80.697,825708.0
2020-12-17,81.02,81.894,79.143,81.829,1106911.0
2020-12-18,81.376,81.894,79.92,80.826,972564.0
2020-12-21,80.632,80.632,79.176,79.791,903275.0
2020-12-22,79.823,80.664,78.496,78.723,1026230.0
2020-12-23,78.658,79.402,77.623,78.755,814303.0
2020-12-24,79.338,80.535,79.014,79.888,839926.0
2020-12-25,80.147,80.503,78.302,80.017,603177.0
2020-12-28,79.532,81.57,79.338,80.923,1015795.0
2020-12-29,81.085,82.282,81.02,81.376,1079405.0
2020-12-30,81.15,82.25,80.794,82.25,857494.0
2020-12-31,82.476,83.382,81.344,82.153,1138444.0
2021-01-04,80.308,80.308,77.914,78.205,2426799.0
2021-01-05,77.784,77.849,74.937,75.649,2349601.0
2021-01-06,75.681,78.464,75.616,78.464,1742790.0
2021-01-07,78.69,79.985,78.367,79.661,1411008.0
2021-01-08,80.244,80.923,79.273,80.373,1233989.0
2021-01-11,81.214,82.476,80.826,80.988,1604724.0
2021-01-12,81.506,82.347,80.794,82.088,1306929.0
2021-01-13,81.797,83.35,81.538,82.897,1458836.0
2021-01-14,83.059,84.806,82.994,83.706,1512567.0
2021-01-15,87.427,90.178,86.715,88.107,3635738.0
2021-01-18,88.075,93.511,87.783,92.961,2886877.0
2021-01-19,91.958,93.058,90.502,91.893,1483284.0
2021-01-20,91.893,93.026,89.304,89.757,1321459.0
2021-01-21,90.502,91.634,89.757,90.372,1111980.0
2021-01-22,90.113,90.113,87.136,88.819,1481975.0
2021-01-25,88.528,89.498,86.651,88.754,1121384.0
2021-01-26,88.916,89.919,88.139,88.56,843215.0
2021-01-27,89.013,91.796,88.916,90.502,1213443.0
2021-01-28,89.434,90.21,87.719,89.693,1115353.0
2021-01-29,90.663,91.31,88.366,89.369,1038814.0
2021-02-01,88.981,93.252,88.139,92.508,1273320.0
2021-02-02,91.893,93.187,90.178,90.955,1244745.0
2021-02-03,91.052,95.485,90.372,94.514,1541764.0
2021-02-04,93.737,96.553,93.381,94.773,1192747.0
2021-02-05,95.614,98.527,94.87,97.976,1394889.0
2021-02-08,97.782,102.151,96.617,101.18,1537818.0
2021-02-09,100.921,101.989,98.785,101.374,1197791.0
2021-02-10,101.795,103.769,97.685,100.824,1439326.0
2021-02-18,101.665,105.451,101.665,104.351,1419728.0
2021-02-19,103.931,105.193,100.468,101.18,1198817.0
2021-02-22,100.371,100.695,97.394,98.138,1574477.0
2021-02-23,98.138,101.633,98.138,100.08,1193116.0
2021-02-24,99.174,99.724,97.168,97.815,1071382.0
2021-02-25,98.915,100.921,97.815,99.433,929485.0
2021-02-26,98.106,99.465,93.543,94.482,1870095.0
2021-03-01,95.517,96.423,94.482,95.226,1158279.0
2021-03-02,95.873,96.65,93.349,95.097,1097229.0
2021-03-03,95.744,99.174,95.42,98.656,1483367.0
2021-03-04,97.75,99.077,95.582,96.488,1022209.0
2021-03-05,95.42,96.326,92.767,94.87,1086198.0
2021-03-08,95.064,95.42,91.375,91.537,1155838.0
2021-03-09,91.537,92.702,89.207,89.725,1160973.0
2021-03-10,90.663,90.663,87.945,88.689,1078694.0
2021-03-11,90.275,93.284,89.951,91.602,1209806.0
2021-03-12,92.217,93.123,91.505,92.022,803722.0
2021-03-15,92.281,94.87,91.958,92.573,1073511.0
2021-03-16,93.123,95.776,92.67,94.255,899350.0
2021-03-17,94.029,94.773,91.731,92.217,797934.0
2021-03-18,92.475,93.284,91.31,91.828,773567.0
2021-03-19,91.958,92.346,89.24,89.757,879628.0
2021-03-22,90.631,92.508,90.146,91.084,957477.0
2021-03-23,90.825,91.796,89.304,90.21,599815.0
2021-03-24,90.21,90.469,87.427,87.622,1077260.0
2021-03-25,89.013,89.337,87.719,88.107,601452.0
2021-03-26,88.851,90.178,88.139,89.79,716712.0
2021-03-29,89.725,90.437,88.495,89.66,676233.0
2021-03-30,89.951,90.502,89.078,89.757,601418.0
2021-03-31,90.502,93.64,89.757,92.573,1398036.0
2021-04-01,93.09,93.252,91.893,92.508,504765.0
2021-04-02,92.896,92.928,89.401,90.275,858360.0
2021-04-06,90.631,91.537,90.243,91.31,491674.0
2021-04-07,91.246,91.44,89.24,90.016,519267.0
2021-04-08,89.854,90.469,89.207,89.951,394648.0
2021-04-09,90.21,90.728,89.434,89.822,461099.0
2021-04-12,89.207,89.79,88.139,88.463,656059.0
2021-04-13,89.11,89.337,86.78,87.686,717822.0
2021-04-14,88.01,88.01,84.612,84.806,1648136.0
2021-04-15,85.13,85.13,80.794,82.088,2981366.0
2021-04-16,82.412,82.444,81.15,82.218,1120636.0
2021-04-19,82.25,82.929,80.858,82.671,1457515.0
2021-04-20,82.574,84.871,82.379,83.641,1255718.0
2021-04-21,83.771,86.521,83.771,85.809,1392892.0
2021-04-22,85.971,86.295,83.868,84.547,918508.0
2021-04-23,84.224,85.615,83.868,85.389,587269.0
2021-04-26,86.327,87.071,84.159,84.353,911810.0
2021-04-27,84.191,85.551,83.997,84.968,523660.0
2021-04-28,85.033,85.292,83.124,84.191,881318.0
2021-04-29,84.256,86.521,84.191,86.489,1048133.0
2021-04-30,87.427,87.427,84.353,84.968,1234070.0
2021-05-06,84.353,87.589,84.353,86.651,1021380.0
2021-05-07,87.395,89.207,87.104,87.913,1294224.0
2021-05-10,88.01,88.01,85.292,85.809,981415.0
2021-05-11,85.486,87.783,85.421,86.942,1000902.0
2021-05-12,86.813,90.178,86.618,87.557,1475974.0
2021-05-13,87.46,88.592,87.363,87.686,801825.0
2021-05-14,88.107,89.142,86.877,88.948,968005.0
2021-05-17,88.625,90.307,87.557,88.431,1124306.0
2021-05-18,88.333,88.592,87.071,87.654,783473.0
2021-05-19,87.427,87.492,83.318,84.386,2140154.0
2021-05-20,83.836,84.58,83.124,84.547,1024327.0
2021-05-21,84.644,84.871,83.124,83.9,930509.0
2021-05-24,83.771,85.421,83.771,84.677,1060659.0
2021-05-25,84.612,89.595,84.256,89.498,2349372.0
2021-05-26,90.178,91.537,89.854,90.599,1428740.0
2021-05-27,90.437,90.437,88.754,89.11,1202962.0
2021-05-28,89.24,90.469,88.948,89.919,789027.0
2021-05-31,89.757,89.887,88.042,89.401,1063937.0
2021-06-01,88.722,88.884,87.33,87.751,1181690.0
2021-06-02,87.848,87.913,86.457,86.974,917941.0
2021-06-03,87.169,88.301,85.874,86.133,1194652.0
2021-06-04,86.23,88.172,85.874,87.071,1319103.0
2021-06-07,87.071,87.071,85.907,86.715,596421.0
2021-06-08,86.748,87.395,85.68,86.327,901698.0
2021-06-09,86.133,86.78,85.486,85.68,733077.0
2021-06-10,86.101,86.683,85.745,85.907,949720.0
2021-06-11,85.971,86.165,83.221,84.386,1590641.0
2021-06-15,83.706,83.803,82.088,82.315,1053113.0
2021-06-16,82.088,82.994,81.7,82.218,876143.0
2021-06-17,82.25,82.735,81.862,81.926,668422.0
2021-06-18,81.603,81.667,79.467,79.855,1472701.0
2021-06-21,79.661,79.92,78.787,78.982,909977.0
2021-06-22,79.305,80.244,78.626,79.402,1171826.0
2021-06-23,79.532,80.341,79.014,80.049,848507.0
2021-06-24,80.179,80.761,79.92,80.761,664527.0
2021-06-25,80.923,81.991,80.794,81.667,1015961.0
2021-06-28,81.667,81.862,79.758,80.082,1063893.0
2021-06-29,80.444,81.286,80.185,80.897,956975.0
2021-06-30,81.609,84.489,81.609,83.713,1383069.0
2021-07-01,84.619,87.272,84.36,86.172,1760491.0
2021-07-02,85.46,85.492,84.036,84.489,1245257.0
2021-07-05,84.975,85.428,83.227,85.298,847833.0
2021-07-06,85.363,87.304,85.169,86.69,1057850.0
2021-07-07,86.625,87.757,85.719,86.269,749238.0
2021-07-08,86.916,87.175,83.81,84.198,1347908.0
2021-07-09,84.133,84.877,82.289,82.936,1174399.0
2021-07-12,83.874,85.039,82.936,83.583,1233859.0
2021-07-13,83.713,84.198,82.321,83.26,825470.0
2021-07-14,83.195,83.195,80.962,81.35,1156382.0
2021-07-15,81.318,84.683,80.994,84.522,1276302.0
2021-07-16,84.101,84.91,82.936,83.389,758201.0
2021-07-19,83.357,83.551,81.739,83.26,748673.0
2021-07-20,82.839,83.227,81.803,82.03,612005.0
2021-07-21,82.127,82.58,80.768,81.059,1163013.0
2021-07-22,80.962,82.806,80.897,81.642,847361.0
2021-07-23,81.674,81.706,80.638,81.253,787152.0
2021-07-26,80.703,80.8,77.661,77.726,1607333.0
2021-07-27,77.953,78.276,74.976,75.396,1596391.0
2021-07-28,75.752,76.949,75.299,76.529,1120705.0
2021-07-29,77.014,77.014,75.17,75.267,1249646.0
2021-07-30,74.976,75.267,73.94,74.393,955772.0
2021-08-02,74.005,75.59,72.775,75.137,1388659.0
2021-08-03,74.555,75.073,73.843,74.296,1107108.0
2021-08-04,74.49,74.555,73.422,73.519,920211.0
2021-08-05,73.39,74.199,73.099,73.552,776650.0
2021-08-06,73.261,74.296,72.484,74.005,960914.0
2021-08-09,74.102,77.37,74.037,76.173,1620649.0
2021-08-10,76.076,77.985,75.299,77.597,1454307.0
2021-08-11,77.661,79.765,77.338,77.856,1490811.0
2021-08-12,77.791,78.276,77.208,77.435,729885.0
2021-08-13,77.467,77.726,76.755,77.5,726767.0
2021-08-16,77.953,78.341,76.982,77.5,750721.0
2021-08-17,77.467,78.179,76.561,76.723,734270.0
2021-08-18,76.852,80.024,76.82,79.312,1331224.0
2021-08-19,79.02,79.506,77.241,77.241,1045516.0
2021-08-20,77.661,78.05,75.493,76.302,1313534.0
2021-08-23,76.27,77.014,75.979,76.399,786545.0
2021-08-24,76.399,77.661,76.205,77.37,912143.0
2021-08-25,77.338,77.888,76.399,76.658,723376.0
2021-08-26,76.594,76.691,75.526,75.882,795093.0
2021-08-27,75.785,76.399,74.878,75.493,1057718.0
2021-08-30,75.914,76.949,75.234,75.785,1157386.0
2021-08-31,75.946,77.402,75.332,77.079,1166434.0
2021-09-01,76.788,79.829,76.723,79.215,1863632.0
2021-09-02,79.571,80.703,79.473,80.088,1356524.0
2021-09-03,79.829,81.221,78.535,80.121,1239110.0
2021-09-06,79.829,80.865,79.732,79.862,768484.0
2021-09-07,80.056,81.706,79.344,81.609,1223167.0
2021-09-08,81.383,82.192,79.668,80.088,1356653.0
2021-09-09,79.7,79.927,78.859,79.441,925753.0
2021-09-10,79.538,82.677,79.441,81.091,1935698.0
2021-09-13,81.091,82.418,80.671,82.224,1586912.0
2021-09-14,82.224,82.58,79.118,79.215,1747155.0
2021-09-15,78.956,79.441,77.726,78.211,1193492.0
2021-09-16,77.888,78.6,77.338,77.402,907176.0
2021-09-17,77.402,78.114,76.949,77.661,770201.0
2021-09-22,75.461,76.496,74.749,75.849,1389291.0
2021-09-23,76.27,77.176,75.72,76.173,757549.0
2021-09-24,76.076,76.432,74.976,75.202,803240.0
2021-09-27,75.202,75.946,73.908,75.785,1221821.0
2021-09-28,75.785,77.305,75.59,76.949,1016263.0
2021-09-29,76.335,77.888,76.14,77.111,818234.0
2021-09-30,77.208,77.208,76.14,76.432,708723.0
2021-10-08,76.788,77.856,76.755,77.661,810562.0
2021-10-11,78.697,80.315,78.697,79.862,1563445.0
2021-10-12,79.765,80.8,79.215,79.797,1053341.0
2021-10-13,79.765,80.185,78.826,79.376,701941.0
2021-10-14,79.473,80.218,78.567,78.988,571366.0
2021-10-15,79.15,80.25,78.697,79.409,842513.0
2021-10-18,79.797,80.218,79.02,79.473,664331.0
2021-10-19,79.344,80.25,79.247,79.441,676642.0
2021-10-20,79.668,80.347,78.859,79.182,687583.0
2021-10-21,79.668,81.48,79.668,81.221,1469600.0
2021-10-22,81.609,82.321,80.865,81.512,971692.0
2021-10-25,80.574,81.156,80.25,80.8,876198.0
2021-10-26,80.574,81.156,79.571,79.927,1045140.0
2021-10-27,79.668,79.829,78.147,78.956,995326.0
2021-10-28,78.729,79.344,78.341,78.859,590692.0
2021-10-29,79.797,80.024,77.144,77.5,1642608.0
2021-11-01,77.629,79.506,77.338,78.6,1376606.0
2021-11-02,78.6,78.923,75.073,75.526,2758717.0
2021-11-03,75.558,76.399,75.267,76.399,1014872.0
2021-11-04,76.173,76.496,75.493,76.205,773762.0
2021-11-05,75.59,76.238,75.364,75.914,729897.0
2021-11-08,75.914,76.27,75.364,75.687,803828.0
2021-11-09,76.076,76.82,75.849,76.464,789709.0
2021-11-10,76.27,76.335,75.623,76.076,724861.0
2021-11-11,75.817,78.503,75.817,78.341,1483277.0
2021-11-12,78.373,78.956,77.823,78.179,660594.0
2021-11-15,78.276,78.923,77.597,78.147,548120.0
2021-11-16,77.856,78.406,77.047,77.402,537806.0
2021-11-17,76.917,77.823,76.82,77.111,461644.0
2021-11-18,77.014,77.37,76.335,76.432,579223.0
2021-11-19,76.367,77.435,76.238,77.079,678055.0
2021-11-22,77.176,77.338,75.914,76.108,1058190.0
2021-11-23,76.108,76.367,75.687,75.882,1056176.0
2021-11-24,75.914,76.852,75.493,76.464,1083727.0
2021-11-25,76.27,76.496,76.043,76.335,574889.0
2021-11-26,76.076,76.27,75.655,76.108,748758.0
2021-11-29,75.752,75.979,75.396,75.687,824463.0
2021-11-30,75.655,75.882,75.299,75.493,587481.0
2021-12-01,75.461,75.979,75.299,75.849,544134.0
2021-12-02,75.752,76.852,75.396,76.658,928809.0
2021-12-03,76.594,76.917,75.849,76.432,822042.0
2021-12-06,76.594,78.244,76.594,77.144,1324104.0
2021-12-07,77.856,79.668,77.791,79.409,2510044.0
2021-12-08,79.085,80.347,78.923,80.153,1520075.0
2021-12-09,80.153,81.544,79.862,80.088,1432510.0
2021-12-10,79.668,81.059,79.538,80.056,1221508.0
2021-12-13,80.444,82.159,80.444,80.606,1410508.0
2021-12-14,80.347,80.509,78.923,79.376,1037368.0
2021-12-15,79.02,79.473,78.438,79.085,961685.0
2021-12-16,79.473,80.477,79.182,80.315,940317.0
2021-12-17,80.315,80.93,80.024,80.25,846600.0
2021-12-20,80.024,80.93,79.894,80.38,699546.0
2021-12-21,80.315,81.35,80.153,80.412,881012.0
2021-12-22,80.833,80.93,79.409,79.732,697348.0
2021-12-23,80.153,80.703,79.053,79.538,1396115.0
2021-12-24,79.862,79.862,78.891,78.923,763855.0
2021-12-27,78.729,78.923,78.082,78.211,944858.0
2021-12-28,78.438,79.279,78.406,78.826,930355.0
2021-12-29,79.118,79.118,78.309,78.438,601638.0
2021-12-30,78.503,79.376,78.438,78.859,798266.0
2021-12-31,79.053,79.215,78.632,78.826,553909.0
2022-01-04,78.923,79.344,78.179,79.118,1055271.0
2022-01-05,79.182,82.968,79.15,82.159,2454030.0
2022-01-06,82.451,82.742,81.609,81.803,1219046.0
2022-01-07,82.256,83.421,81.803,83.227,1177945.0
2022-01-10,83.842,84.327,82.58,83.971,1278528.0
2022-01-11,85.169,86.981,84.522,86.463,1954062.0
2022-01-12,86.625,86.981,85.492,86.366,1481452.0
2022-01-13,86.463,87.207,85.686,85.945,1096567.0
2022-01-14,85.719,85.816,83.68,84.068,1465026.0
2022-01-17,84.295,85.039,83.098,83.583,816623.0
2022-01-18,83.615,86.269,83.227,86.139,1364751.0
2022-01-19,86.139,87.24,85.622,86.819,1323517.0
2022-01-20,86.754,89.278,86.657,88.89,1638620.0
2022-01-21,88.405,88.631,87.434,87.757,817945.0
2022-01-24,87.757,89.408,87.078,88.599,1168089.0
2022-01-25,88.405,88.405,86.463,86.528,1024315.0
2022-01-26,86.819,87.499,85.848,86.237,674514.0
2022-01-27,86.204,86.948,85.331,86.139,995376.0
2022-01-28,86.625,86.722,84.522,84.78,1025664.0
2022-02-07,86.301,88.664,86.042,88.437,1594037.0
2022-02-08,88.566,89.926,88.34,89.634,1215914.0
2022-02-09,89.796,90.508,88.922,89.278,1082395.0
2022-02-10,89.117,90.832,88.502,90.508,907149.0
2022-02-11,90.929,92.061,90.346,91.608,1236475.0
2022-02-14,91.479,91.479,88.858,89.214,1133555.0
2022-02-15,88.825,89.634,86.819,87.919,1543969.0
2022-02-16,88.081,89.57,88.081,88.987,709956.0
2022-02-17,89.019,90.993,88.825,89.375,1103724.0
2022-02-18,89.408,91.285,89.311,91.285,933980.0
2022-02-21,90.993,91.317,89.375,90.864,809657.0
2022-02-22,91.058,92.352,90.087,91.899,1252979.0
2022-02-23,91.899,91.932,89.537,90.023,1102071.0
2022-02-24,90.087,90.929,89.311,89.44,1028156.0
2022-02-25,89.667,90.314,87.984,88.761,1125989.0
2022-02-28,88.405,88.793,86.495,88.631,1022221.0
2022-03-01,88.405,89.311,87.596,88.955,871793.0
2022-03-02,87.919,89.343,87.822,88.599,532416.0
2022-03-03,88.696,89.828,88.599,88.664,718005.0
2022-03-04,88.405,88.696,87.11,87.466,752301.0
2022-03-07,86.754,87.822,85.848,86.269,1184656.0
2022-03-08,85.654,86.237,83.551,83.874,1361881.0
2022-03-09,84.166,84.975,81.544,83.454,1231453.0
2022-03-10,84.78,85.169,83.874,84.101,743162.0
2022-03-11,83.68,84.813,82.224,84.522,820473.0
2022-03-14,83.583,84.975,82.353,82.386,821298.0
2022-03-15,81.9,81.933,78.05,78.211,1643798.0
2022-03-16,79.344,81.965,78.211,81.35,1437253.0
2022-03-17,82.839,83.033,80.735,81.642,1227694.0
2022-03-18,81.221,84.78,81.059,84.392,1430839.0
2022-03-21,84.133,84.522,82.483,82.645,975084.0
2022-03-22,82.871,84.942,82.742,84.554,863389.0
2022-03-23,84.327,84.457,80.735,80.994,3084135.0
2022-03-24,80.574,81.544,79.862,81.447,1098797.0
2022-03-25,81.868,83.389,81.447,82.159,1329048.0
2022-03-28,81.415,82.451,80.509,82.03,821770.0
2022-03-29,82.192,82.321,81.383,81.544,526222.0
2022-03-30,81.9,83.033,81.577,82.871,960165.0
2022-03-31,82.58,84.489,82.386,84.101,1178969.0
2022-04-01,83.745,86.528,83.389,86.463,1421227.0
2022-04-06,85.784,89.084,85.719,88.146,1598676.0
2022-04-07,88.016,88.987,86.69,87.078,1101117.0
2022-04-08,87.11,88.534,87.078,88.372,802278.0
2022-04-11,88.016,88.21,86.787,87.596,860660.0
2022-04-12,87.272,88.405,86.366,87.531,878480.0
2022-04-13,87.304,88.502,86.884,87.499,817165.0
2022-04-14,88.566,88.599,86.787,87.369,937776.0
2022-04-15,87.175,89.764,86.948,89.246,1189640.0
2022-04-18,88.308,88.308,86.625,87.369,1143366.0
2022-04-19,87.11,87.304,85.492,86.625,928747.0
2022-04-20,86.754,87.175,85.848,86.01,730518.0
2022-04-21,86.01,87.369,85.039,85.589,912945.0
2022-04-22,85.072,87.11,84.877,86.528,762351.0
2022-04-25,84.877,85.46,82.742,82.839,1492988.0
2022-04-26,83.162,84.327,82.709,83.292,910385.0
2022-04-27,82.774,84.489,82.645,83.68,877749.0
2022-04-28,83.551,85.395,83.421,85.331,1054013.0
2022-04-29,85.007,85.007,81.933,83.486,1827994.0
2022-05-05,83.065,84.198,82.742,83.227,1003052.0
2022-05-06,82.548,83.162,81.706,81.803,643861.0
2022-05-09,81.415,81.706,80.153,80.703,669036.0
2022-05-10,80.218,82.159,79.765,81.933,829533.0
2022-05-11,82.095,82.256,80.865,81.221,1054972.0
2022-05-12,80.833,81.091,80.185,80.735,582935.0
2022-05-13,81.091,82.224,80.638,81.124,1069314.0
2022-05-16,81.156,81.156,79.279,79.797,1237326.0
2022-05-17,79.894,81.091,79.409,80.606,858625.0
2022-05-18,80.962,80.994,79.603,80.056,742996.0
2022-05-19,79.344,79.829,79.247,79.603,665182.0
2022-05-20,79.927,81.156,79.862,80.93,1024771.0
2022-05-23,81.124,81.512,80.347,80.897,800160.0
2022-05-24,81.156,81.415,80.218,80.25,607270.0
2022-05-25,80.477,80.8,80.121,80.412,461298.0
2022-05-26,80.638,80.703,79.829,80.412,616063.0
2022-05-27,80.606,81.577,80.477,81.027,736520.0
2022-05-30,81.544,81.544,80.185,80.412,594663.0
2022-05-31,80.477,81.059,80.153,80.8,710119.0
2022-06-01,80.962,80.994,80.218,80.509,607186.0
2022-06-02,80.218,80.477,79.7,79.829,721370.0
2022-06-06,79.7,79.829,78.567,79.312,1315650.0
2022-06-07,79.085,80.606,78.988,80.347,1004751.0
2022-06-08,80.541,80.768,79.894,80.735,802914.0
2022-06-09,81.124,82.839,80.962,82.548,1486130.0
2022-06-10,82.321,83.13,81.836,83.001,1042362.0
2022-06-13,82.709,82.968,81.124,81.609,1006422.0
2022-06-14,81.253,82.742,81.059,82.677,898242.0
2022-06-15,82.742,85.169,82.418,84.263,1756861.0
2022-06-16,84.635,84.732,83.243,83.373,1243801.0
2022-06-17,82.92,83.761,82.823,83.308,1008085.0
2022-06-20,83.308,83.437,82.111,82.467,960300.0
2022-06-21,82.434,83.664,82.111,83.276,718301.0
2022-06-22,83.211,83.211,82.37,82.37,648894.0
2022-06-23,82.531,83.049,82.402,83.017,642934.0
2022-06-24,82.984,83.373,82.143,82.661,895597.0
2022-06-27,82.661,83.632,82.499,83.211,848897.0
2022-06-28,83.34,84.02,82.92,83.567,676452.0
2022-06-29,83.34,84.7,83.308,84.182,839916.0
2022-06-30,84.02,85.347,83.729,84.958,1003384.0
2022-07-01,85.023,85.314,84.7,84.958,602202.0
2022-07-04,84.829,85.088,83.891,84.214,780491.0
2022-07-05,84.279,85.217,83.988,84.311,815967.0
2022-07-06,84.149,84.344,82.952,83.308,733437.0
2022-07-07,83.179,83.535,82.693,82.758,582847.0
2022-07-08,83.082,83.179,82.24,83.049,595228.0
2022-07-11,82.887,83.599,82.596,82.596,629122.0
2022-07-12,82.758,83.599,82.758,82.952,702962.0
2022-07-13,82.564,82.855,80.59,80.752,1815045.0
2022-07-14,80.202,80.202,78.616,78.81,1987092.0
2022-07-15,78.94,79.231,77.548,77.613,1464229.0
2022-07-18,78.001,78.648,77.71,78.163,872070.0
2022-07-19,78.195,78.422,77.548,78.001,801578.0
2022-07-20,78.325,78.584,77.742,78.001,633218.0
2022-07-21,77.839,77.839,76.577,76.739,1158803.0
2022-07-22,76.901,77.516,76.739,77.289,621486.0
2022-07-25,77.289,77.71,76.933,77.516,421863.0
2022-07-26,77.58,78.519,77.516,78.487,801883.0
2022-07-27,78.907,78.972,78.001,78.26,566767.0
2022-07-28,78.422,78.972,78.389,78.487,553791.0
2022-07-29,78.648,78.907,77.904,78.066,520739.0
2022-08-01,77.872,77.872,77.289,77.354,532803.0
2022-08-02,76.933,76.966,76.06,76.804,779242.0
2022-08-03,76.545,77.192,76.06,76.124,624408.0
2022-08-04,76.416,77.16,76.124,76.998,509062.0
2022-08-05,77.03,77.516,76.61,77.516,413500.0
2022-08-08,77.451,77.969,77.127,77.257,355451.0
2022-08-09,77.289,77.354,76.966,77.03,253335.0
2022-08-10,77.192,77.257,76.545,76.707,311596.0
2022-08-11,77.192,78.422,76.901,78.325,698553.0
2022-08-12,78.066,78.551,77.936,78.389,383195.0
2022-08-15,78.195,78.519,77.192,77.386,631099.0
2022-08-16,77.257,77.872,77.225,77.419,366720.0
2022-08-17,77.613,78.648,77.192,78.487,707083.0
2022-08-18,78.325,78.389,77.386,77.678,507026.0
2022-08-19,77.451,78.778,77.419,78.163,684367.0
2022-08-22,77.839,78.745,77.742,78.034,502418.0
2022-08-23,78.034,78.163,77.289,77.548,426785.0
2022-08-24,77.516,78.325,77.386,77.451,550158.0
2022-08-25,77.613,78.648,77.386,78.487,670004.0
2022-08-26,78.422,78.551,77.742,78.422,512143.0
2022-08-29,76.966,77.127,75.186,75.348,2267801.0
2022-08-30,75.186,75.542,74.603,74.992,938700.0
2022-08-31,74.7,76.383,74.571,75.93,1013765.0
2022-09-01,75.671,76.318,75.574,75.93,554334.0
2022-09-02,76.124,76.383,75.412,75.671,455456.0
2022-09-05,75.671,75.995,75.186,75.833,529371.0
2022-09-06,75.865,76.383,75.574,75.768,606215.0
2022-09-07,75.671,75.963,75.348,75.865,435893.0
2022-09-08,75.898,76.092,75.607,75.607,494942.0
2022-09-09,75.865,77.095,75.671,76.804,983033.0
2022-09-13,77.095,77.678,76.577,77.483,753859.0
2022-09-14,76.869,77.419,76.804,76.804,477132.0
2022-09-15,77.127,77.904,77.03,77.807,954107.0
2022-09-16,77.548,77.742,76.286,76.286,734805.0
2022-09-19,76.383,76.804,76.221,76.674,406576.0
2022-09-20,76.771,76.966,75.833,75.833,484674.0
2022-09-21,75.865,76.383,75.542,76.06,413002.0
2022-09-22,75.704,75.963,75.574,75.736,388092.0
2022-09-23,75.639,76.448,75.639,75.898,390989.0
2022-09-26,75.671,76.092,74.7,74.765,643546.0
2022-09-27,74.862,75.218,74.28,74.959,581404.0
2022-09-28,74.83,75.477,74.312,75.056,539910.0
2022-09-29,75.348,75.445,73.924,74.086,740478.0
2022-09-30,74.183,74.83,74.086,74.442,470496.0
2022-10-10,74.28,74.733,73.827,73.924,504862.0
2022-10-11,74.215,74.28,73.341,73.406,423706.0
2022-10-12,73.471,73.956,72.662,73.892,544681.0
2022-10-13,73.665,73.892,72.856,73.309,556712.0
2022-10-14,73.665,74.409,73.633,73.989,521782.0
2022-10-17,73.794,74.312,73.697,74.053,382824.0
2022-10-18,74.377,74.636,73.989,74.15,477073.0
2022-10-19,73.956,74.247,72.824,72.824,732764.0
2022-10-20,72.759,72.953,72.435,72.63,600014.0
2022-10-21,72.694,73.018,72.241,72.306,496713.0
2022-10-24,72.306,72.5,69.944,70.073,1157428.0
2022-10-25,70.494,70.817,70.008,70.267,723392.0
2022-10-26,70.267,70.656,69.685,69.847,585754.0
2022-10-27,70.041,70.526,69.879,69.911,462966.0
2022-10-28,69.814,70.17,69.135,69.297,568471.0
2022-10-31,69.102,69.588,68.811,69.199,576494.0
2022-11-01,69.426,70.526,69.394,70.461,674258.0
2022-11-02,70.138,70.397,69.75,70.235,598259.0
2022-11-03,69.976,70.073,69.394,69.555,458617.0
2022-11-04,69.426,70.72,69.394,70.494,748389.0
2022-11-07,70.235,70.947,70.073,70.623,513676.0
2022-11-08,70.591,70.753,70.267,70.559,367947.0
2022-11-09,70.559,71.012,70.494,70.688,388866.0
2022-11-10,70.461,71.044,70.364,70.914,380416.0
2022-11-11,71.821,73.697,71.367,72.824,1268087.0
2022-11-14,73.956,75.607,73.956,74.506,1951001.0
2022-11-15,74.28,75.218,74.15,74.603,705122.0
2022-11-16,74.442,74.506,73.956,73.989,623276.0
2022-11-17,73.762,73.956,73.083,73.568,494633.0
2022-11-18,73.73,73.794,72.921,73.05,449561.0
2022-11-21,72.791,72.791,71.821,72.694,580954.0
2022-11-22,72.727,74.312,72.694,73.989,733663.0
2022-11-23,74.021,75.121,73.859,74.603,732805.0
2022-11-24,74.765,75.315,74.183,74.345,439345.0
2022-11-25,74.345,75.865,74.28,75.607,956856.0
2022-11-28,74.83,74.895,73.956,74.7,750299.0
2022-11-29,75.607,78.972,75.607,78.195,2652288.0
2022-11-30,77.775,78.907,77.516,77.839,1060878.0
2022-12-01,78.842,79.004,77.127,77.289,757838.0
2022-12-02,77.16,77.483,75.736,76.901,1029714.0
2022-12-05,77.548,78.648,77.192,78.519,1064464.0
2022-12-06,78.163,78.454,77.645,78.131,651301.0
2022-12-07,77.969,78.228,77.289,77.451,589308.0
2022-12-08,77.451,78.131,77.225,77.969,505800.0
2022-12-09,78.131,79.263,77.904,78.81,1091515.0
2022-12-12,78.487,78.551,77.095,77.289,641818.0
2022-12-13,77.257,78.131,77.225,77.839,523454.0
2022-12-14,78.163,78.228,77.322,78.034,473975.0
2022-12-15,77.678,78.001,76.933,77.386,419549.0
2022-12-16,77.127,78.098,77.03,77.678,657345.0
2022-12-19,77.742,78.001,76.286,76.642,649573.0
2022-12-20,76.416,76.933,75.121,75.509,866773.0
2022-12-21,75.607,76.157,75.38,75.93,374402.0
2022-12-22,76.416,76.739,76.157,76.416,315192.0
2022-12-23,76.092,76.771,76.027,76.383,344977.0
2022-12-26,76.383,76.836,75.736,76.092,384010.0
2022-12-27,76.61,77.58,76.545,76.966,445487.0
2022-12-28,77.322,78.001,77.03,77.548,412202.0
2022-12-29,77.257,77.645,76.513,76.998,408886.0
2022-12-30,77.192,77.775,76.836,77.483,503058.0
2023-01-03,77.192,78.325,76.642,78.066,770285.0
2023-01-04,78.195,79.684,78.034,79.037,968300.0
2023-01-05,79.393,79.554,78.745,79.101,637233.0
2023-01-06,79.004,79.328,78.487,79.134,528331.0
2023-01-09,79.198,79.457,78.81,79.069,401440.0
2023-01-10,78.972,79.393,78.001,78.098,655413.0
2023-01-11,78.26,79.231,78.131,78.745,624385.0
2023-01-12,79.037,79.069,78.422,78.972,366000.0
2023-01-13,79.037,79.554,78.81,79.554,547583.0
2023-01-16,79.619,80.331,79.231,79.554,742637.0
2023-01-17,79.393,79.749,79.037,79.457,524374.0
2023-01-18,79.457,79.619,78.907,78.94,490031.0
2023-01-19,78.81,79.166,78.389,79.037,586365.0
2023-01-20,79.069,79.069,78.422,78.681,636901.0
2023-01-30,79.393,79.457,78.422,78.487,784278.0
2023-01-31,78.357,78.745,77.354,77.58,1103953.0
2023-02-01,77.742,77.904,76.739,77.192,1071986.0
2023-02-02,77.257,77.322,76.739,76.901,696311.0
2023-02-03,76.707,76.771,76.189,76.416,604877.0
2023-02-06,76.157,76.189,75.704,76.06,629471.0
2023-02-07,75.995,76.351,75.963,76.124,458882.0
2023-02-08,76.221,76.286,75.898,75.93,371296.0
2023-02-09,75.865,76.448,75.801,76.189,493650.0
2023-02-10,76.189,76.286,75.898,76.189,367627.0
2023-02-13,75.995,76.027,75.315,75.412,1011472.0
2023-02-14,75.574,75.736,75.412,75.736,500659.0
2023-02-15,75.607,75.736,75.38,75.445,420402.0
2023-02-16,75.477,76.157,75.024,75.477,734488.0
2023-02-17,75.445,75.607,74.571,74.636,788703.0
2023-02-20,74.798,76.092,74.571,76.027,928177.0
2023-02-21,75.898,76.351,75.833,76.254,564886.0
2023-02-22,76.027,76.189,75.671,75.704,387191.0
2023-02-23,75.801,76.157,75.671,75.736,348498.0
2023-02-24,75.704,75.736,75.218,75.251,494478.0
2023-02-27,75.089,75.445,74.959,74.992,300377.0
2023-02-28,75.121,75.348,74.765,75.283,489487.0
2023-03-01,75.315,76.221,75.283,76.092,837326.0
2023-03-02,76.06,76.351,75.736,76.157,451678.0
2023-03-03,76.351,76.674,76.092,76.577,811180.0
2023-03-06,76.642,76.836,75.445,75.509,980572.0
2023-03-07,75.671,76.836,75.315,75.574,1383538.0
2023-03-08,75.315,75.38,74.959,75.283,704993.0
2023-03-09,75.315,75.704,75.024,75.024,542969.0
2023-03-10,74.668,74.959,74.28,74.28,737610.0
2023-03-13,74.183,74.603,73.989,74.15,613363.0
2023-03-14,73.956,74.377,73.633,73.924,527669.0
2023-03-15,74.345,74.603,74.15,74.215,453079.0
2023-03-16,73.956,75.154,73.827,74.539,640707.0
2023-03-17,74.83,75.412,74.442,74.668,802207.0
2023-03-20,74.733,75.186,74.312,74.345,546253.0
2023-03-21,74.539,74.959,74.183,74.345,490331.0
2023-03-22,74.539,75.056,74.442,74.83,494606.0
2023-03-23,74.474,75.186,74.474,75.154,609662.0
2023-03-24,75.089,75.186,74.668,74.862,378206.0
2023-03-27,74.927,74.959,74.28,74.377,490569.0
2023-03-28,74.571,74.992,74.409,74.571,463768.0
2023-03-29,74.895,74.895,74.247,74.28,434578.0
2023-03-30,74.377,75.056,74.183,74.992,541010.0
2023-03-31,75.121,75.704,75.056,75.218,779091.0
2023-04-03,75.186,75.348,74.992,75.218,488527.0
2023-04-04,75.218,75.639,75.089,75.574,485718.0
2023-04-06,75.509,75.607,75.251,75.315,373316.0
2023-04-07,75.38,75.704,75.348,75.477,346671.0
2023-04-10,75.477,75.801,75.445,75.736,410694.0
2023-04-11,75.865,76.027,75.477,75.542,439627.0
2023-04-12,75.704,75.768,75.445,75.509,438652.0
2023-04-13,75.477,76.027,75.251,75.801,569845.0
2023-04-14,75.865,76.286,75.704,75.93,558728.0
2023-04-17,75.963,76.61,75.768,76.61,911041.0
2023-04-18,76.61,77.548,76.513,76.901,1088767.0
2023-04-19,76.998,77.16,76.577,76.771,816500.0
2023-04-20,76.804,77.127,76.351,76.836,654086.0
2023-04-21,76.869,77.063,75.833,75.93,941322.0
2023-04-24,75.898,76.124,75.283,75.348,876282.0
2023-04-25,75.445,76.513,75.445,76.448,995234.0
2023-04-26,76.545,76.804,75.768,76.383,792578.0
2023-04-27,76.189,76.351,75.574,76.027,824701.0
2023-04-28,75.963,76.869,75.865,76.286,848219.0
2023-05-04,73.892,74.862,73.341,74.798,2686373.0
2023-05-05,74.927,76.771,74.927,75.995,1775592.0
2023-05-08,76.254,78.098,76.124,77.613,2102219.0
2023-05-09,78.066,78.616,77.192,77.386,1627643.0
2023-05-10,77.257,77.516,76.448,76.577,1016293.0
2023-05-11,76.771,77.095,76.254,76.383,595738.0
2023-05-12,76.448,76.545,75.574,75.671,765441.0
2023-05-15,75.639,76.221,75.315,76.06,894217.0
2023-05-16,76.221,76.869,76.157,76.351,821942.0
2023-05-17,76.221,76.771,75.93,76.027,663860.0
2023-05-18,76.286,76.771,75.995,76.157,739443.0
2023-05-19,76.06,76.092,75.639,75.704,537572.0
2023-05-22,75.768,76.124,75.671,75.833,548531.0
2023-05-23,75.833,76.027,75.412,75.412,681131.0
2023-05-24,75.412,75.542,74.668,74.668,780902.0
2023-05-25,74.668,74.7,74.28,74.506,538869.0
2023-05-26,74.603,74.895,74.28,74.862,453404.0
2023-05-29,74.927,75.089,74.474,74.765,518930.0
2023-05-30,74.83,74.895,74.086,74.571,547317.0
2023-05-31,74.442,74.571,74.086,74.15,472475.0
2023-06-01,74.215,74.377,73.956,74.118,500705.0
2023-06-02,74.28,74.636,74.215,74.603,523992.0
2023-06-05,74.603,74.927,74.442,74.7,307947.0
2023-06-06,74.7,75.412,74.636,74.733,538390.0
2023-06-07,74.765,75.251,74.733,74.959,362622.0
2023-06-08,75.089,75.865,74.862,75.833,667199.0
2023-06-09,75.801,76.124,75.639,75.898,571891.0
2023-06-12,75.865,75.93,75.38,75.38,487361.0
2023-06-13,75.574,75.833,75.412,75.607,421629.0
2023-06-14,75.801,75.93,75.218,75.251,576610.0
2023-06-15,75.445,75.639,75.089,75.574,485794.0
2023-06-16,75.671,75.865,75.477,75.542,752912.0
2023-06-19,75.956,76.118,75.438,75.503,861866.0
2023-06-20,75.535,75.762,75.471,75.471,369274.0
2023-06-21,75.503,75.924,75.438,75.438,340648.0
2023-06-26,75.406,75.406,74.662,74.921,502971.0
2023-06-27,74.921,75.309,74.921,75.147,237314.0
2023-06-28,75.147,75.276,74.888,75.179,252680.0
2023-06-29,75.179,75.179,74.726,74.726,283133.0
2023-06-30,74.759,75.244,74.726,75.05,255758.0
2023-07-03,75.147,75.73,75.082,75.632,365353.0
2023-07-04,75.632,75.632,75.018,75.147,338493.0
2023-07-05,75.115,75.179,74.856,74.888,280218.0
2023-07-06,74.823,74.985,74.629,74.759,345277.0
2023-07-07,74.694,74.888,74.597,74.629,218741.0
2023-07-10,74.759,74.856,74.338,74.435,321778.0
2023-07-11,74.565,74.726,74.37,74.5,272864.0
2023-07-12,74.532,74.856,74.5,74.597,264125.0
2023-07-13,74.759,75.147,74.662,75.147,376562.0
2023-07-14,75.05,75.309,75.05,75.147,271398.0
2023-07-17,74.985,74.985,74.726,74.856,235978.0
2023-07-18,74.921,74.985,74.694,74.759,243972.0
2023-07-19,74.726,75.374,74.694,75.276,366828.0
2023-07-20,75.438,75.794,75.341,75.503,415501.0
2023-07-21,75.374,75.665,75.341,75.471,338447.0
2023-07-24,75.244,75.438,75.05,75.082,244388.0
2023-07-25,75.438,76.021,75.438,75.988,662673.0
2023-07-26,75.827,76.118,75.762,76.021,306360.0
2023-07-27,76.118,76.603,75.988,76.183,477051.0
2023-07-28,76.053,77.93,76.021,77.768,1107674.0
2023-07-31,77.995,78.901,77.865,78.318,1049721.0
2023-08-01,78.156,78.545,78.027,78.221,517334.0
2023-08-02,77.93,78.027,76.992,77.347,694390.0
2023-08-03,77.153,77.962,77.056,77.833,399353.0
2023-08-04,78.156,78.771,77.865,77.995,597001.0
2023-08-07,77.93,78.092,77.639,77.801,422909.0
2023-08-08,77.639,77.962,77.347,77.639,387440.0
2023-08-09,77.509,77.93,77.477,77.801,280300.0
2023-08-10,77.574,77.962,77.283,77.606,361965.0
2023-08-11,77.606,77.93,76.506,76.506,538697.0
2023-08-14,76.247,76.247,75.891,76.053,451193.0
2023-08-15,76.118,76.474,75.891,76.344,378057.0
2023-08-16,76.183,76.571,76.021,76.441,276517.0
2023-08-17,76.183,76.377,75.924,76.247,406926.0
2023-08-18,76.15,76.733,75.988,75.988,367627.0
2023-08-21,76.021,76.15,75.212,75.212,525845.0
2023-08-22,75.244,76.085,75.244,75.924,534634.0
2023-08-23,75.762,76.474,75.762,75.891,503859.0
2023-08-24,75.988,76.118,75.406,75.956,374665.0
2023-08-25,75.762,76.571,75.73,76.215,460674.0
2023-08-28,77.995,78.351,76.603,76.83,1069852.0
2023-08-29,76.797,76.992,76.021,76.183,783117.0
2023-08-30,76.183,76.215,75.471,75.503,663166.0
2023-08-31,75.665,76.344,75.535,75.568,628647.0
2023-09-01,75.794,76.539,75.73,75.988,503236.0
2023-09-04,76.312,77.283,76.183,76.959,793469.0
2023-09-05,76.797,76.959,76.603,76.733,412219.0
2023-09-06,76.539,77.186,76.506,77.121,358607.0
2023-09-07,77.024,77.186,76.797,76.83,306924.0
2023-09-08,76.83,76.862,76.441,76.7,240552.0
2023-09-11,76.7,76.992,76.506,76.862,380739.0
2023-09-12,76.862,76.992,76.668,76.733,240530.0
2023-09-13,76.992,77.186,76.571,76.733,358666.0
2023-09-14,76.927,77.056,76.668,77.024,410479.0
2023-09-15,77.056,77.153,76.247,76.506,635261.0
2023-09-18,76.441,76.668,76.215,76.636,308931.0
2023-09-19,76.506,76.894,76.441,76.894,383487.0
2023-09-20,76.894,77.024,76.571,76.894,332170.0
2023-09-21,76.894,76.959,76.571,76.668,347317.0
2023-09-22,76.765,77.412,76.636,77.38,673682.0
2023-09-25,77.283,77.574,77.153,77.38,449739.0
2023-09-26,77.347,77.509,77.218,77.315,263098.0
2023-09-27,77.412,77.412,76.959,76.992,350027.0
2023-09-28,77.186,77.412,77.089,77.121,343072.0
2023-10-09,76.959,77.121,76.603,76.894,480009.0
2023-10-10,77.153,77.38,76.765,76.765,316021.0
2023-10-11,77.186,77.218,76.668,76.7,337892.0
2023-10-12,77.315,77.412,77.024,77.283,380283.0
2023-10-13,76.992,77.283,76.83,77.056,329641.0
2023-10-16,77.089,77.153,76.7,76.83,279351.0
2023-10-17,76.927,77.218,76.83,76.894,278170.0
2023-10-18,76.894,77.089,76.733,76.733,363291.0
2023-10-19,76.668,76.7,75.632,75.697,707166.0
2023-10-20,75.632,75.891,75.276,75.503,494683.0
2023-10-23,75.503,75.697,75.018,75.341,399452.0
2023-10-24,75.503,75.568,75.082,75.115,503918.0
2023-10-25,75.503,75.503,74.597,74.791,697458.0
2023-10-26,74.791,75.341,74.726,75.244,394707.0
2023-10-27,75.212,75.665,75.179,75.471,437303.0
2023-10-30,75.212,75.341,74.726,74.791,552737.0
2023-10-31,73.917,73.917,72.785,73.206,1612215.0
2023-11-01,73.173,73.4,72.817,73.303,624404.0
2023-11-02,73.335,73.853,73.303,73.756,492221.0
2023-11-03,73.788,73.853,73.497,73.594,373637.0
2023-11-06,73.691,73.917,73.497,73.82,480595.0
2023-11-07,73.82,73.853,73.4,73.561,437351.0
2023-11-08,73.529,73.626,73.206,73.367,336587.0
2023-11-09,73.303,73.529,73.238,73.335,355552.0
2023-11-10,73.27,73.335,72.817,72.882,503555.0
2023-11-13,72.947,73.076,72.688,72.817,372200.0
2023-11-14,72.785,72.979,71.717,72.041,1071110.0
2023-11-15,72.202,72.623,72.041,72.461,632205.0
2023-11-16,72.461,72.526,72.138,72.202,405116.0
2023-11-17,72.105,72.138,71.685,72.008,534409.0
2023-11-20,72.105,72.526,71.911,72.461,413408.0
2023-11-21,72.558,72.882,72.526,72.591,387546.0
2023-11-22,72.494,72.72,72.461,72.461,268605.0
2023-11-23,72.461,72.558,72.138,72.397,306823.0
2023-11-24,72.364,72.526,72.235,72.332,265141.0
2023-11-27,72.202,72.364,71.814,72.138,412581.0
2023-11-28,72.138,72.429,72.105,72.299,290625.0
2023-11-29,72.267,72.332,71.296,71.652,688853.0
2023-11-30,71.652,71.879,71.49,71.652,405066.0
2023-12-01,71.652,71.879,71.329,71.685,464222.0
2023-12-04,71.717,71.943,71.361,71.361,327217.0
2023-12-05,71.329,71.361,70.228,70.293,617366.0
2023-12-06,70.228,70.52,69.873,70.261,492072.0
2023-12-07,70.326,70.326,69.743,70.099,430911.0
2023-12-08,70.034,70.39,70.002,70.067,359618.0
2023-12-11,70.099,71.135,69.549,70.973,562370.0
2023-12-12,70.714,71.652,70.681,71.62,520378.0
2023-12-13,71.588,71.62,70.714,70.811,460384.0
2023-12-14,71.037,71.264,70.811,70.811,273373.0
2023-12-15,70.973,71.296,70.617,70.714,366366.0
2023-12-18,70.649,71.005,70.228,70.876,293048.0
2023-12-19,70.779,71.07,70.617,71.005,263194.0
2023-12-20,71.037,71.329,70.746,70.779,340851.0
2023-12-21,70.681,71.393,70.455,71.264,435002.0
2023-12-22,71.361,71.814,71.005,71.717,469370.0
2023-12-25,71.652,71.814,71.523,71.685,248102.0
2023-12-26,71.717,71.782,71.361,71.523,204607.0
2023-12-27,71.523,71.588,70.94,71.393,350068.0
2023-12-28,71.393,72.138,71.264,72.105,499005.0
2023-12-29,72.073,76.862,72.008,76.862,503352.0
2024-01-02,72.688,72.752,72.202,72.397,1032288.0
2024-01-03,72.138,72.17,71.652,71.911,765385.0
2024-01-04,71.846,72.008,71.361,71.717,631231.0
2024-01-05,71.588,72.882,71.49,72.332,1033392.0
2024-01-08,72.073,72.623,71.749,71.976,705452.0
2024-01-09,71.943,72.008,71.62,71.911,483876.0
2024-01-10,71.846,71.976,71.685,71.685,327007.0
2024-01-11,71.652,72.073,71.393,71.846,414090.0
2024-01-12,71.685,72.202,71.652,71.943,345305.0
2024-01-15,71.782,72.332,71.782,72.073,357986.0
2024-01-16,72.008,72.752,71.976,72.72,704894.0
2024-01-17,72.623,73.108,72.332,72.332,871693.0
2024-01-18,72.235,73.432,71.49,73.238,1101890.0
2024-01-19,72.979,73.497,72.752,73.432,733235.0
2024-01-22,73.4,74.241,73.011,73.594,1215342.0
2024-01-23,73.303,73.594,72.947,73.27,612647.0
2024-01-24,73.594,74.014,73.206,73.917,615408.0
2024-01-25,74.079,74.5,73.917,74.468,688832.0
2024-01-26,74.468,75.082,74.37,75.018,913239.0
2024-01-29,75.082,75.697,74.888,75.276,737111.0
2024-01-30,75.115,75.697,74.921,75.05,697537.0
2024-01-31,74.953,75.503,74.823,75.309,694748.0
2024-02-01,75.147,75.438,74.726,75.244,674158.0
2024-02-02,75.374,75.503,74.079,75.244,877714.0
2024-02-05,75.244,75.859,74.823,75.665,1136109.0
2024-02-06,75.665,75.924,75.374,75.924,992721.0
2024-02-07,76.085,76.118,75.018,76.085,1314551.0
2024-02-08,75.891,76.344,75.6,76.344,889506.0
2024-02-19,76.474,76.797,76.183,76.765,690320.0
2024-02-20,76.7,76.959,76.506,76.83,614770.0
2024-02-21,76.83,78.965,76.603,78.351,1316810.0
2024-02-22,78.286,79.03,78.124,78.771,712385.0
2024-02-23,78.739,79.386,78.707,78.965,609501.0
2024-02-26,78.901,78.901,77.542,77.736,830388.0
2024-02-27,77.509,78.254,77.445,77.962,469451.0
2024-02-28,77.962,78.318,77.347,77.898,748482.0
2024-02-29,77.736,78.448,77.671,78.286,660211.0
2024-03-01,78.189,78.286,77.865,78.059,486603.0
2024-03-04,77.865,77.962,77.412,77.509,546732.0
2024-03-05,77.347,78.351,77.218,78.156,706846.0
2024-03-06,78.156,78.448,77.801,77.801,471367.0
2024-03-07,77.801,78.221,77.671,77.833,419122.0
2024-03-08,77.768,78.027,77.574,77.736,344518.0
2024-03-11,77.703,77.93,77.445,77.801,417695.0
2024-03-12,77.736,78.156,77.606,77.768,554795.0
2024-03-13,77.736,77.865,76.992,77.186,532707.0
2024-03-14,77.089,77.412,77.089,77.121,309543.0
2024-03-15,77.25,77.703,77.089,77.445,460855.0
2024-03-18,77.283,77.606,77.25,77.38,303570.0
2024-03-19,77.315,77.38,76.765,76.797,409027.0
2024-03-20,76.765,77.153,76.603,77.089,294985.0
2024-03-21,77.024,77.574,76.959,77.25,360476.0
2024-03-22,77.218,77.347,76.668,77.056,404523.0
2024-03-25,76.992,77.412,76.862,77.121,363073.0
2024-03-26,77.25,77.736,77.25,77.671,498302.0
2024-03-27,77.736,78.415,77.606,78.092,559530.0
2024-03-28,77.962,78.027,76.894,76.992,833140.0
2024-03-29,75.276,75.956,74.694,75.471,1160068.0
2024-04-01,75.535,76.441,75.438,75.632,926342.0
2024-04-02,75.6,75.827,74.629,74.856,1158957.0
2024-04-03,74.694,74.759,74.079,74.273,840291.0
2024-04-08,74.176,74.662,73.95,74.5,672486.0
2024-04-09,74.5,74.888,74.403,74.435,548995.0
2024-04-10,74.468,75.73,74.468,75.276,923923.0
2024-04-11,75.082,75.244,74.629,75.05,486581.0
2024-04-12,74.921,75.341,74.468,74.532,615815.0
2024-04-15,74.565,75.568,74.532,75.438,710114.0
2024-04-16,75.244,76.28,75.244,75.956,924682.0
2024-04-17,75.891,76.83,75.341,76.765,909936.0
2024-04-18,76.603,77.801,76.539,77.153,892053.0
2024-04-19,76.992,77.445,76.7,76.765,525723.0
2024-04-22,76.927,77.574,76.409,76.603,540810.0
2024-04-23,76.797,76.927,76.118,76.183,545711.0
2024-04-24,76.377,76.377,75.794,75.891,424145.0
2024-04-25,75.859,76.733,75.762,76.733,548005.0
2024-04-26,76.733,77.736,76.733,77.574,1268495.0
2024-04-29,77.574,78.933,77.445,78.577,1101084.0
2024-04-30,78.577,79.095,78.383,78.933,770945.0
2024-05-06,79.418,79.677,78.804,78.836,805918.0
2024-05-07,78.868,78.965,78.156,78.836,606680.0
2024-05-08,78.674,79.127,78.512,78.707,441443.0
2024-05-09,78.609,79.224,78.609,78.965,403447.0
2024-05-10,78.998,79.807,78.965,79.645,727723.0
2024-05-13,79.58,80.066,79.16,79.936,502022.0
2024-05-14,80.033,80.195,79.58,79.807,434376.0
2024-05-15,79.807,80.033,79.224,79.451,452711.0
2024-05-16,79.548,80.875,79.483,80.648,928748.0
2024-05-17,80.778,81.684,80.648,81.684,875394.0
2024-05-20,81.716,82.978,81.587,82.201,975846.0
2024-05-21,82.072,82.978,81.781,82.751,685140.0
2024-05-22,82.751,83.625,82.59,83.237,774065.0
2024-05-23,83.107,83.302,82.46,83.01,627148.0
2024-05-24,82.849,83.269,82.234,82.298,626611.0
2024-05-27,82.493,83.56,82.363,83.399,778319.0
2024-05-28,83.431,84.111,83.205,83.69,633707.0
2024-05-29,83.625,83.949,82.654,82.881,737608.0
2024-05-30,82.687,83.463,82.007,82.46,680845.0
2024-05-31,82.557,82.751,82.234,82.298,673862.0
2024-06-03,82.298,82.59,81.457,82.007,588960.0
2024-06-04,81.91,82.525,81.781,81.845,492624.0
2024-06-05,81.942,82.104,80.972,81.198,549223.0
2024-06-06,81.295,81.813,81.101,81.263,435238.0
2024-06-07,81.457,81.781,80.81,81.134,462581.0
2024-06-11,80.939,81.36,80.422,80.745,531946.0
2024-06-12,80.907,80.907,80.098,80.325,452884.0
2024-06-13,80.486,80.648,79.839,79.969,324221.0
2024-06-14,80.001,81.263,79.872,80.907,659518.0
2024-06-17,80.778,81.101,80.163,80.583,431133.0
2024-06-18,80.616,81.198,80.389,80.68,358813.0
2024-06-19,80.81,81.716,80.648,81.425,506490.0
2024-06-20,81.457,81.522,80.325,80.389,366616.0
2024-06-21,80.357,80.778,79.807,80.551,487390.0
2024-06-24,80.519,80.907,79.904,80.778,470882.0
2024-06-25,80.713,80.939,80.163,80.454,479691.0
2024-06-26,80.389,80.713,80.163,80.486,353252.0
2024-06-27,80.486,81.036,80.163,80.875,498549.0
2024-06-28,81.036,81.845,80.745,81.425,620202.0
2024-07-01,81.457,82.331,81.457,81.845,434392.0
2024-07-02,81.684,82.557,81.651,82.396,497295.0
2024-07-03,82.396,82.622,81.489,81.684,425687.0
2024-07-04,81.684,82.007,81.231,81.425,443687.0
2024-07-05,81.619,81.716,79.677,80.033,883676.0
2024-07-08,80.001,80.583,79.839,80.325,695382.0
2024-07-09,80.486,81.101,80.163,80.939,803854.0
2024-07-10,80.907,81.942,80.81,81.522,471180.0
2024-07-11,81.748,81.813,80.907,81.101,499204.0
2024-07-12,81.134,82.493,81.101,82.396,595485.0
2024-07-15,82.266,83.075,82.234,82.881,465326.0
2024-07-16,82.978,83.107,82.428,82.784,415864.0
2024-07-17,82.816,83.593,82.784,83.431,646941.0
2024-07-18,83.625,83.755,82.849,83.107,547819.0
2024-07-19,83.107,83.528,82.331,83.205,763524.0
2024-07-22,83.205,83.205,81.684,82.072,613027.0
2024-07-23,82.104,83.237,82.104,82.59,617517.0
2024-07-24,82.525,82.751,81.942,82.234,464532.0
2024-07-25,82.428,82.428,81.36,81.845,522132.0
2024-07-26,81.878,82.072,80.778,81.134,486405.0
2024-07-29,81.263,82.04,81.166,81.878,401883.0
2024-07-30,81.878,82.234,81.457,81.781,436240.0
2024-07-31,81.748,82.234,81.651,81.975,447818.0
2024-08-01,81.878,82.234,81.36,81.619,414221.0
2024-08-02,81.489,81.684,81.101,81.231,348126.0
2024-08-05,81.166,81.522,80.745,80.778,488028.0
2024-08-06,81.004,81.263,80.001,80.227,474187.0
2024-08-07,80.227,81.004,80.227,80.583,358499.0
2024-08-08,80.648,81.069,80.519,80.972,232817.0
2024-08-09,81.004,81.36,80.648,80.745,285310.0
2024-08-12,80.648,80.842,80.454,80.454,211288.0
2024-08-13,80.486,80.745,80.325,80.583,227720.0
2024-08-14,80.583,81.004,80.422,80.454,231697.0
2024-08-15,80.454,81.619,80.357,81.457,483621.0
2024-08-16,81.587,82.072,81.489,81.878,359424.0
2024-08-19,81.975,82.687,81.878,82.622,393259.0
2024-08-20,82.719,82.784,82.072,82.266,386604.0
2024-08-21,82.137,82.363,81.425,82.04,424236.0
2024-08-22,82.104,82.46,81.91,82.201,440721.0
2024-08-23,82.493,83.884,82.396,83.819,1106317.0
2024-08-26,83.852,84.402,83.787,84.337,669400.0
2024-08-27,84.337,84.564,83.722,83.852,396531.0
2024-08-28,84.046,84.078,83.205,83.463,480679.0
2024-08-29,83.593,83.658,81.748,81.781,723390.0
2024-08-30,81.781,82.363,81.198,81.198,838757.0
2024-09-02,81.263,81.878,80.907,81.166,536399.0
2024-09-03,81.166,81.392,80.066,80.713,579960.0
2024-09-04,80.616,81.134,80.195,80.325,442652.0
2024-09-05,80.357,80.68,80.098,80.519,417014.0
2024-09-06,80.551,81.489,80.551,80.81,404647.0
2024-09-09,80.81,81.263,79.386,79.451,653163.0
2024-09-10,79.548,79.872,78.998,79.774,405672.0
2024-09-11,79.645,79.677,78.512,78.901,498040.0
2024-09-12,78.998,79.872,78.577,79.645,382310.0
2024-09-13,79.807,80.13,79.386,79.451,282448.0
2024-09-18,79.451,79.872,79.16,79.774,295414.0
2024-09-19,79.872,79.936,79.095,79.71,366114.0
2024-09-20,79.774,80.519,79.742,80.357,578097.0
2024-09-23,80.26,81.554,80.066,81.36,427252.0
2024-09-24,81.716,83.366,81.489,83.366,1068360.0
2024-09-25,84.272,85.599,83.949,84.725,1274030.0
2024-09-26,84.725,87.476,84.661,87.476,1679337.0
2024-09-27,88.608,88.932,86.117,87.12,858451.0
2024-09-30,88.932,90.582,87.702,90.129,2414477.0
2024-10-08,95.728,95.889,90.485,92.524,2446357.0
2024-10-09,92.2,92.297,87.994,87.994,1678425.0
2024-10-10,88.964,91.78,88.964,90.55,1570003.0
2024-10-11,90.259,91.521,88.641,89.256,1000905.0
2024-10-14,90.129,92.362,90.129,91.391,1435215.0
2024-10-15,91.294,92.33,90.388,90.388,891550.0
2024-10-16,89.903,92.653,89.838,92.362,1330098.0
2024-10-17,92.362,93.074,91.068,91.1,836726.0
2024-10-18,91.262,91.812,89.903,91.197,948697.0
2024-10-21,91.1,91.1,89.159,90.0,1152118.0
2024-10-22,89.676,90.55,89.45,89.709,573672.0
2024-10-23,89.676,90.032,89.288,89.773,531445.0
2024-10-24,89.579,90.129,89.482,89.806,372018.0
2024-10-25,90.0,90.162,89.288,89.709,474427.0
2024-10-28,89.482,89.676,88.35,89.32,640524.0
2024-10-29,89.353,90.291,88.964,89.288,603657.0
2024-10-30,88.964,89.644,88.285,88.511,580633.0
2024-10-31,87.638,88.026,86.117,86.926,1388507.0
2024-11-01,86.699,87.8,86.667,86.958,793594.0
2024-11-04,87.088,87.249,86.084,87.023,585214.0
2024-11-05,86.958,87.444,86.44,87.314,864414.0
2024-11-06,87.282,87.573,86.699,87.088,905731.0
2024-11-07,87.249,89.062,87.12,88.964,954177.0
2024-11-08,89.062,89.547,88.058,88.285,860198.0
2024-11-11,87.638,87.961,86.861,87.249,819391.0
2024-11-12,87.152,88.058,86.376,86.44,811100.0
2024-11-13,86.408,86.861,86.279,86.505,583419.0
2024-11-14,86.376,87.314,86.214,86.635,677475.0
2024-11-15,86.57,87.12,86.182,86.182,713659.0
2024-11-18,86.667,89.191,86.667,87.67,1681920.0
2024-11-19,87.67,88.35,86.699,87.088,984693.0
2024-11-20,87.152,87.185,86.635,86.732,640151.0
2024-11-21,86.699,86.926,86.473,86.796,439914.0
2024-11-22,86.829,86.958,85.373,85.373,848441.0
2024-11-25,85.729,85.987,85.081,85.243,645260.0
2024-11-26,85.211,86.182,84.952,85.89,624652.0
2024-11-27,85.858,86.408,85.373,86.376,479128.0
2024-11-28,86.376,86.538,85.696,86.117,476988.0
2024-11-29,86.214,86.764,86.117,86.182,708222.0
2024-12-02,86.182,86.764,86.02,86.635,581067.0
2024-12-03,86.602,87.476,86.408,87.476,744987.0
2024-12-04,87.444,87.702,86.667,87.379,672370.0
2024-12-05,87.185,87.379,86.764,86.861,437532.0
2024-12-06,86.958,88.058,86.926,87.605,702704.0
2024-12-09,87.605,88.091,87.249,87.767,584094.0
2024-12-10,88.867,89.159,88.188,88.22,938826.0
2024-12-11,88.382,88.641,87.67,87.8,626747.0
2024-12-12,87.832,88.738,87.702,88.447,692184.0
2024-12-13,88.22,88.317,86.505,86.505,1131967.0
2024-12-16,86.602,87.217,86.602,86.732,544176.0
2024-12-17,86.667,87.411,86.57,87.185,570435.0
2024-12-18,87.346,88.22,87.282,87.961,692378.0
2024-12-19,87.67,88.22,87.541,87.767,548275.0
2024-12-20,87.735,88.253,87.508,87.702,653240.0
2024-12-23,87.702,88.997,87.702,88.673,971536.0
2024-12-24,88.706,89.385,88.673,89.191,827211.0
2024-12-25,89.288,90.129,89.191,89.871,745274.0
2024-12-26,89.773,90.065,89.288,89.968,577986.0
2024-12-27,90.0,90.388,89.256,90.388,708825.0
2024-12-30,90.421,91.262,90.421,91.035,724250.0
2024-12-31,90.841,91.197,89.773,89.773,813366.0
2025-01-02,89.935,90.388,88.706,88.997,951277.0
2025-01-03,89.029,89.741,88.608,88.997,736913.0
2025-01-06,89.288,90.065,88.285,89.935,844271.0
2025-01-07,89.741,91.035,89.709,90.647,694614.0
2025-01-08,90.647,91.844,90.55,91.327,844443.0
2025-01-09,91.456,91.65,90.324,91.23,641164.0
2025-01-10,91.391,91.78,90.453,91.133,650177.0
2025-01-13,90.679,91.068,89.644,90.194,638705.0
2025-01-14,90.324,91.456,89.968,91.23,777593.0
2025-01-15,91.294,92.75,91.068,91.844,783713.0
2025-01-16,92.492,92.653,91.586,92.459,703283.0
2025-01-17,92.427,92.783,91.844,92.168,512628.0
2025-01-20,92.621,92.912,91.974,92.103,561583.0
2025-01-21,92.33,93.009,91.747,92.362,573614.0
2025-01-22,92.459,92.492,90.874,90.906,703030.0
2025-01-23,91.391,93.106,91.359,92.945,994136.0
2025-01-24,92.75,93.527,92.265,93.236,721448.0
2025-01-27,93.527,94.11,93.204,93.495,669851.0
2025-02-05,94.045,94.045,92.686,92.912,569414.0
2025-02-06,92.783,93.624,92.556,93.268,529925.0
2025-02-07,93.074,93.462,92.718,92.88,620197.0
2025-02-10,92.88,94.53,92.556,93.624,771457.0
2025-02-11,93.657,94.239,93.43,93.624,434902.0
2025-02-12,93.786,95.307,93.43,95.08,726420.0
2025-02-13,94.951,95.566,94.757,94.821,457215.0
2025-02-14,94.919,96.31,94.627,96.245,811008.0
2025-02-17,96.051,96.213,94.951,95.566,673914.0
2025-02-18,95.242,96.439,95.145,95.889,590479.0
2025-02-19,95.695,96.019,95.436,95.728,432591.0
2025-02-20,95.76,95.825,95.113,95.21,404954.0
2025-02-21,95.469,95.469,94.142,94.66,607646.0
2025-02-24,94.336,94.789,93.883,94.077,506186.0
2025-02-25,93.883,94.271,93.559,93.818,485183.0
2025-02-26,94.077,95.08,93.851,93.915,512125.0
2025-02-27,93.948,95.533,93.624,95.469,643982.0
2025-02-28,95.274,96.019,94.919,94.919,639372.0
2025-03-03,95.436,95.566,94.466,94.919,461078.0
2025-03-04,94.757,95.663,94.757,95.145,399199.0
2025-03-05,95.177,96.245,95.016,96.051,632939.0
2025-03-06,96.083,96.342,95.404,96.148,560515.0
2025-03-07,96.278,97.119,96.051,96.892,642880.0
2025-03-10,96.698,96.828,95.566,95.728,605542.0
2025-03-11,95.533,96.698,95.533,96.698,560076.0
2025-03-12,96.634,97.248,96.213,96.439,403868.0
2025-03-13,96.537,97.378,96.439,96.86,592419.0
2025-03-14,97.022,98.575,96.86,98.187,990998.0
2025-03-17,98.478,98.931,98.09,98.64,543790.0
2025-03-18,98.575,98.769,98.219,98.413,324110.0
2025-03-19,98.413,100.387,98.381,100.193,809341.0
2025-03-20,100.29,100.517,99.319,99.934,618912.0
2025-03-21,99.611,100.064,97.637,97.766,807332.0
2025-03-24,97.766,98.64,97.766,98.413,429974.0
2025-03-25,98.446,98.899,98.057,98.252,316396.0
2025-03-26,98.025,98.381,97.054,97.281,604397.0
2025-03-27,97.313,98.187,97.216,97.345,383656.0
2025-03-28,97.507,97.831,97.087,97.443,386115.0
2025-03-31,97.54,98.057,96.86,97.669,562278.0
2025-04-01,97.604,97.669,96.213,96.569,613001.0
2025-04-02,96.375,97.151,96.342,96.537,384626.0
2025-04-03,95.857,96.795,95.695,96.31,396031.0
2025-04-07,93.462,94.919,91.424,92.912,1741399.0
2025-04-08,92.912,95.339,92.589,95.113,1563775.0
2025-04-09,94.757,95.08,93.398,93.754,941606.0
2025-04-10,94.174,95.533,93.657,94.951,683322.0
2025-04-11,94.854,95.242,94.271,94.919,454120.0
2025-04-14,95.08,95.728,94.919,95.08,461712.0
2025-04-15,95.21,96.245,95.145,96.083,494184.0
2025-04-16,95.825,96.601,95.307,96.148,645819.0
2025-04-17,95.889,96.213,95.177,95.825,483191.0
2025-04-18,95.825,97.281,95.792,96.99,516229.0
2025-04-21,96.86,97.507,95.986,95.986,472601.0
2025-04-22,95.986,96.375,95.728,95.825,351034.0
2025-04-23,96.051,96.116,95.274,95.566,360548.0
2025-04-24,95.404,96.31,95.404,96.213,376957.0
2025-04-25,96.278,96.472,95.436,95.533,368368.0
2025-04-28,95.76,96.31,95.533,96.019,380771.0
2025-04-29,95.954,96.439,95.728,95.792,334685.0
2025-04-30,95.501,95.533,94.401,95.307,574757.0
2025-05-06,95.889,95.889,94.854,94.854,470069.0
2025-05-07,95.404,95.986,95.113,95.857,527321.0
2025-05-08,96.051,97.928,95.889,97.443,723859.0
2025-05-09,97.41,99.416,97.41,99.287,821624.0
2025-05-12,99.287,100.873,98.899,99.87,862343.0
2025-05-13,100.031,100.808,99.319,100.743,758636.0
2025-05-14,100.452,102.296,100.42,101.973,900991.0
2025-05-15,102.167,102.652,101.552,101.843,595404.0
2025-05-16,101.811,102.07,100.84,101.229,481783.0
2025-05-19,101.714,102.038,101.132,101.293,454135.0
2025-05-20,101.52,101.973,100.452,100.646,498767.0
2025-05-21,101.067,101.779,100.614,101.261,449312.0
2025-05-22,101.229,102.005,101.099,101.876,387714.0
2025-05-23,101.811,102.135,101.326,101.585,409252.0
2025-05-26,101.585,101.811,100.808,100.97,392893.0
2025-05-27,101.52,101.973,101.164,101.423,405719.0
2025-05-28,101.52,101.682,100.517,100.711,372491.0
2025-05-29,100.905,101.714,100.484,101.067,480047.0
2025-05-30,101.261,101.811,100.678,101.034,499690.0
2025-06-03,102.361,105.274,101.876,104.497,1527291.0
2025-06-04,104.626,105.015,104.011,104.206,503112.0
2025-06-05,104.206,104.594,103.591,103.882,456161.0
2025-06-06,104.206,104.95,103.817,104.011,459982.0
2025-06-09,104.335,105.015,104.109,104.788,569928.0
2025-06-10,105.112,106.503,104.529,104.82,784888.0
2025-06-11,105.047,106.471,104.82,105.371,574617.0
2025-06-12,105.435,105.791,104.788,104.982,711438.0
2025-06-13,105.015,105.241,103.656,103.817,1817196.0
2025-06-16,104.141,105.435,103.914,105.306,727632.0
2025-06-17,105.435,105.921,104.756,104.82,495532.0
2025-06-18,104.82,105.371,104.303,105.144,536775.0
2025-06-19,105.209,105.403,104.594,104.788,524856.0
2025-06-20,105.468,106.536,105.079,106.147,790045.0
2025-06-23,106.147,108.121,105.727,108.056,781182.0
2025-06-24,107.765,109.383,107.571,108.38,779732.0
2025-06-25,108.38,109.286,107.442,109.06,604484.0
2025-06-26,108.898,109.707,108.38,109.448,657604.0
2025-06-27,109.448,109.577,107.021,107.442,890620.0
2025-06-30,106.989,107.442,106.277,106.73,533900.0
2025-07-01,107.344,107.959,106.762,107.409,486559.0
2025-07-02,107.733,108.865,107.183,108.542,598592.0
2025-07-03,108.542,109.286,107.798,109.092,494187.0
2025-07-04,109.092,112.101,108.736,111.551,1009390.0
2025-07-07,111.551,112.587,111.26,112.49,611801.0
2025-07-08,112.295,112.716,111.648,112.554,526754.0
2025-07-09,112.425,112.587,111.519,112.36,546565.0
2025-07-10,112.134,113.557,111.907,111.907,842925.0
2025-07-11,112.522,112.684,110.322,110.322,1277581.0
2025-07-14,110.742,111.713,110.354,111.098,798195.0
2025-07-15,111.131,111.357,109.674,110.257,585200.0
2025-07-16,110.289,110.516,108.93,109.869,585385.0
2025-07-17,109.836,110.483,109.545,109.804,489326.0
2025-07-18,110.127,110.969,109.804,110.224,525200.0
2025-07-21,110.224,110.386,108.865,108.898,724599.0
2025-07-22,108.93,109.254,107.927,108.38,884209.0
2025-07-23,108.38,109.189,107.927,108.186,779441.0
2025-07-24,108.153,108.186,106.406,106.665,993263.0
2025-07-25,106.212,106.762,105.629,106.18,828381.0
2025-07-28,106.277,106.6,105.371,105.5,733992.0
2025-07-29,105.532,105.856,104.562,104.691,756036.0
2025-07-30,104.723,105.597,104.562,104.885,738517.0
2025-07-31,104.982,105.241,103.979,104.465,715313.0
2025-08-01,104.335,104.885,103.558,104.109,635035.0
2025-08-04,104.109,105.856,104.011,104.918,712914.0
2025-08-05,104.918,106.341,104.691,105.921,820304.0
2025-08-06,105.921,106.536,105.371,105.565,553475.0
2025-08-07,105.629,106.438,105.176,105.856,567574.0
2025-08-08,106.212,106.341,105.629,105.824,410842.0
2025-08-11,105.759,105.953,105.047,105.241,572557.0
2025-08-12,105.274,106.438,105.274,105.597,598124.0
2025-08-13,105.888,106.341,104.982,104.982,613422.0
2025-08-14,105.015,105.5,104.367,104.756,629366.0
2025-08-15,104.659,104.723,103.008,103.429,1009323.0
2025-08-18,103.397,104.432,103.138,104.4,790749.0
2025-08-19,104.4,104.626,103.753,104.173,464354.0
2025-08-20,104.141,104.756,103.72,104.303,517479.0
2025-08-21,104.303,104.562,103.85,104.367,453809.0
2025-08-22,104.27,105.079,104.011,104.885,640809.0
2025-08-25,104.918,105.532,104.691,105.468,617577.0
2025-08-26,105.306,105.759,104.982,105.241,526531.0
2025-08-27,105.144,105.5,103.817,104.011,688557.0
2025-08-28,104.173,105.241,103.72,104.885,715184.0
2025-08-29,104.659,105.144,103.558,103.72,1103675.0
2025-09-01,104.011,104.011,101.746,101.779,1019475.0
2025-09-02,101.746,102.394,101.261,102.361,974915.0
2025-09-03,102.361,103.008,101.099,101.487,813434.0
2025-09-04,101.423,102.523,100.42,102.135,1032059.0
2025-09-05,101.941,102.07,101.293,101.585,512887.0
2025-09-08,101.293,101.746,100.452,100.646,681393.0
2025-09-09,100.678,101.002,100.484,100.84,451937.0
2025-09-10,100.873,101.229,100.549,100.776,394780.0
2025-09-11,100.808,102.005,100.517,101.876,693894.0
2025-09-12,101.941,102.394,100.452,100.517,871443.0
2025-09-15,100.452,100.549,99.125,99.384,817576.0
2025-09-16,99.416,100.096,98.09,98.187,1098591.0
2025-09-17,98.219,99.125,97.572,97.831,1216993.0
2025-09-18,97.96,98.316,96.504,96.731,1326465.0
2025-09-19,96.828,97.41,96.278,96.86,902440.0
2025-09-22,97.054,97.345,96.245,96.342,522176.0
2025-09-23,96.342,97.637,95.728,97.248,1186147.0
2025-09-24,97.184,97.96,96.472,96.698,851939.0
2025-09-25,96.666,97.087,95.986,96.601,735592.0
2025-09-26,96.731,97.281,95.954,96.957,751354.0
2025-09-29,96.763,97.54,96.083,96.083,1288720.0
2025-09-30,96.213,96.342,95.242,95.436,1422285.0
2025-10-09,95.566,95.663,94.789,94.854,1422041.0
2025-10-10,94.821,95.728,94.757,94.919,1224887.0
2025-10-13,94.498,95.469,93.818,94.951,1186448.0
2025-10-14,94.789,96.666,94.66,96.666,1674256.0
2025-10-15,96.569,97.248,96.245,96.925,1218771.0
2025-10-16,96.892,97.637,96.31,97.378,1040839.0
2025-10-17,97.313,97.928,96.407,96.537,1026705.0
2025-10-20,96.634,97.054,95.792,96.763,733317.0
2025-10-21,96.763,97.087,96.342,96.439,713193.0
2025-10-22,96.439,97.831,96.342,97.216,1052978.0
2025-10-23,97.313,98.769,97.313,98.381,1288925.0
2025-10-24,98.252,98.705,97.799,97.863,871084.0
2025-10-27,97.734,97.993,97.087,97.313,868098.0
2025-10-28,97.54,97.669,96.731,97.281,678051.0
2025-10-29,97.054,97.054,95.857,95.954,931097.0
2025-10-30,95.954,96.504,95.663,96.019,853522.0
2025-10-31,96.245,96.828,96.213,96.666,887862.0
2025-11-03,96.86,98.025,96.763,97.734,990849.0
2025-11-04,97.896,100.323,97.766,99.611,1684893.0
2025-11-05,99.999,100.614,99.514,99.87,1094260.0
2025-11-06,99.643,100.355,99.222,99.675,873787.0
2025-11-07,100.064,100.678,99.546,99.708,758866.0
2025-11-10,99.708,100.193,99.319,99.74,620422.0
2025-11-11,99.675,100.355,99.449,100.031,634825.0
2025-11-12,100.29,100.937,100.064,100.128,933772.0
2025-11-13,100.193,100.517,99.578,100.064,673045.0
2025-11-14,100.096,102.07,100.064,101.099,1195918.0
2025-11-17,100.97,101.326,100.064,100.517,901597.0
2025-11-18,100.484,100.743,99.902,100.128,543063.0
2025-11-19,100.258,101.099,100.096,100.549,614975.0
2025-11-20,100.42,101.941,100.323,100.84,811554.0
2025-11-21,101.261,101.261,99.837,100.323,1022189.0
2025-11-24,100.452,100.581,99.19,99.19,902302.0
2025-11-25,99.319,100.517,98.737,100.452,705707.0
2025-11-26,100.581,101.164,99.934,100.128,522058.0
2025-11-27,99.934,100.581,99.514,100.42,558515.0
2025-11-28,100.258,100.323,99.481,99.514,567063.0
2025-12-01,98.931,99.902,98.834,99.675,773597.0
2025-12-02,99.87,99.999,99.028,99.643,531470.0
2025-12-03,99.481,100.096,98.931,98.963,591745.0
2025-12-04,98.963,99.255,98.575,98.737,452229.0
2025-12-05,98.608,98.802,97.799,98.51,671356.0
2025-12-08,98.51,99.287,98.381,98.769,741996.0
2025-12-09,98.899,98.996,98.025,98.252,614576.0
2025-12-10,98.122,98.219,96.763,97.054,716149.0
2025-12-11,97.119,97.281,96.698,97.281,630224.0
2025-12-12,97.216,98.025,96.957,98.025,958856.0
2025-12-15,97.863,98.705,97.799,98.154,506772.0
2025-12-16,98.284,98.316,96.99,97.281,475217.0
2025-12-17,97.248,97.928,96.666,97.475,695326.0
2025-12-18,97.313,98.996,97.087,98.963,670015.0
2025-12-19,98.834,99.74,98.543,99.449,717066.0
2025-12-22,99.481,99.902,99.028,99.125,626549.0
2025-12-23,99.352,99.481,98.866,99.352,447450.0
2025-12-24,99.352,99.514,98.769,99.255,499214.0
2025-12-25,99.255,99.934,99.222,99.287,545940.0
2025-12-26,99.255,99.74,99.158,99.611,502879.0
2025-12-29,99.675,100.646,99.416,100.517,751746.0
2025-12-30,100.29,100.517,99.384,99.449,675344.0
2025-12-31,99.578,99.74,99.255,99.352,516303.0
2026-01-05,99.449,99.708,98.963,99.319,681921.0
2026-01-06,99.319,100.711,98.899,100.646,980486.0
2026-01-07,100.678,101.034,99.675,99.934,721683.0
2026-01-08,99.805,99.902,98.705,98.899,683149.0
2026-01-09,99.093,99.352,98.478,98.64,593631.0
2026-01-12,98.543,99.19,98.122,98.899,806680.0
2026-01-13,98.963,99.708,98.705,99.19,671490.0
2026-01-14,99.061,99.74,97.572,97.572,1296934.0
2026-01-15,97.572,98.154,96.795,96.957,1011762.0
2026-01-16,97.248,97.378,95.825,96.181,1662411.0
2026-01-19,96.116,96.569,95.825,96.181,882620.0
2026-01-20,96.181,96.472,95.663,96.213,920847.0
2026-01-21,96.342,96.795,94.563,94.66,1484016.0
2026-01-22,94.854,95.404,93.721,93.818,1459434.0
2026-01-23,93.883,94.498,92.718,93.074,1709547.0
2026-01-26,93.042,93.236,92.265,92.297,2124267.0
2026-01-27,92.362,93.009,91.941,92.103,1378786.0
2026-01-28,92.071,92.33,91.1,91.23,2045227.0
2026-01-29,91.294,92.653,90.582,92.33,2392841.0
2026-01-30,92.362,93.268,91.715,91.715,1497069.0
2026-02-02,91.78,93.333,91.78,92.265,1591234.0
2026-02-03,92.459,92.653,91.909,92.33,1010472.0
2026-02-04,92.265,93.398,92.136,93.268,1151367.0
2026-02-05,93.333,94.271,93.333,93.915,1198482.0
2026-02-06,93.932,94.385,93.608,94.029,1048455.0
2026-02-09,94.029,94.417,93.737,94.126,644395.0
2026-02-10,94.126,94.385,93.867,93.932,518706.0
2026-02-11,94.158,94.158,93.705,94.061,520589.0
2026-02-12,94.061,94.061,93.09,93.187,777622.0
2026-02-13,93.22,93.414,92.734,92.864,662594.0
2026-02-24,93.058,93.187,92.411,92.411,815625.0
2026-02-25,92.475,92.864,92.152,92.249,860862.0
2026-02-26,92.411,92.605,91.958,92.087,568238.0
2026-02-27,92.055,92.734,92.055,92.281,870035.0
2026-03-02,92.119,92.637,91.958,92.281,852835.0
2026-03-03,92.314,93.22,92.087,92.702,1203071.0
2026-03-04,92.508,92.637,91.343,91.731,1175244.0
2026-03-05,91.796,92.831,91.764,92.799,883037.0
2026-03-06,92.573,93.123,92.508,92.961,588803.0
2026-03-09,92.573,92.993,92.217,92.249,939328.0
2026-03-10,92.314,92.961,92.249,92.799,615727.0
2026-03-11,92.864,93.576,92.573,93.576,742558.0
2026-03-12,93.479,93.964,93.414,93.899,701946.0
2026-03-13,93.867,94.482,93.64,93.964,668446.0
2026-03-16,94.126,94.417,93.802,93.964,715959.0
2026-03-17,93.996,94.741,93.867,94.546,820461.0
2026-03-18,94.514,94.676,93.996,94.352,635232.0
2026-03-19,94.158,94.514,93.899,93.964,659739.0
2026-03-20,94.029,94.385,93.737,93.835,664283.0
2026-03-23,93.381,93.414,91.731,92.055,1092370.0
2026-03-24,92.249,93.64,92.249,93.608,817479.0
2026-03-25,93.802,93.835,93.155,93.737,581800.0
2026-03-26,93.705,94.449,93.576,94.126,581222.0
2026-03-27,93.867,94.255,93.511,93.543,587324.0
2026-03-30,93.22,93.64,93.026,93.511,622448.0
2026-03-31,93.608,94.385,93.511,93.932,750266.0
2026-04-01,94.158,94.805,93.932,94.223,742015.0
2026-04-02,94.223,94.449,93.899,94.19,509594.0
2026-04-03,94.19,94.255,93.381,93.511,479152.0
2026-04-07,93.543,93.835,92.864,92.993,557922.0
2026-04-08,93.446,93.964,93.22,93.802,651016.0
2026-04-09,93.64,93.802,93.09,93.22,510411.0
2026-04-10,93.252,93.381,92.993,92.993,602524.0
2026-04-13,92.928,92.961,92.475,92.637,502480.0
2026-04-14,92.702,93.123,92.67,93.123,482025.0
2026-04-15,93.155,93.705,93.123,93.543,555379.0
2026-04-16,93.511,93.835,93.123,93.252,558620.0
2026-04-17,93.22,93.252,92.573,92.573,831072.0
2026-04-20,92.637,92.767,92.378,92.443,1008677.0
2026-04-21,92.475,93.479,92.443,92.637,1059433.0
2026-04-22,92.702,92.799,91.99,91.99,1266287.0
2026-04-23,91.99,92.184,91.699,91.925,969639.0
2026-04-24,91.861,92.314,91.634,91.861,807310.0
2026-04-27,92.022,92.605,91.796,91.828,1085834.0
2026-04-28,91.861,91.958,91.408,91.731,864195.0
2026-04-29,91.569,91.861,91.44,91.861,966844.0
2026-04-30,91.375,91.408,90.76,91.052,1530387.0
2026-05-06,91.084,91.181,90.437,90.599,1351426.0
2026-05-07,90.663,90.793,90.437,90.469,871579.0
2026-05-08,90.502,90.76,90.372,90.404,849683.0
2026-05-11,90.372,90.502,90.146,90.404,934458.0
2026-05-12,90.404,90.696,90.34,90.469,1058053.0
2026-05-13,90.566,90.663,90.275,90.275,806074.0
2026-05-14,90.243,90.437,89.919,90.275,909212.0
2026-05-15,90.21,90.663,89.984,90.21,864750.0
2026-05-18,90.178,90.178,89.272,89.498,891161.0
2026-05-19,89.498,90.307,89.498,89.66,829257.0
2026-05-20,89.725,89.725,89.11,89.11,652831.0
2026-05-21,89.11,89.401,88.948,89.24,786798.0
2026-05-22,89.078,89.951,88.948,89.531,973197.0
2026-05-25,89.531,90.437,89.401,90.113,977259.0
2026-05-26,90.178,90.922,90.113,90.728,945462.0
2026-05-27,90.76,91.764,90.728,91.278,1307567.0
2026-05-28,91.569,91.893,90.987,91.181,977420.0
2026-05-29,90.631,92.961,90.566,92.896,2087086.0
2026-06-01,92.831,92.896,92.249,92.702,1175845.0
2026-06-02,92.573,93.543,92.443,93.252,1094949.0
2026-06-03,93.09,93.349,92.508,92.864,1008619.0
2026-06-04,92.993,93.284,92.022,92.217,770491.0
2026-06-05,92.314,93.414,92.314,93.22,1172000.0
2026-06-08,93.155,93.479,92.831,93.026,849176.0
2026-06-09,92.831,93.22,92.605,92.734,819349.0
2026-06-10,92.896,94.288,92.508,94.158,1373527.0
2026-06-11,94.223,94.417,93.284,93.835,1014089.0
2026-06-12,93.838,95.067,93.547,94.873,1510117.0
2026-06-15,94.873,94.906,93.385,93.644,1314933.0
2026-06-16,93.482,93.805,93.093,93.126,735546.0
2026-06-17,93.385,93.773,92.252,92.382,800482.0
2026-06-18,92.349,92.511,90.602,90.699,1200956.0
2026-06-22,90.537,92.317,90.019,92.026,1100797.0
2026-06-23,91.993,93.255,91.54,91.767,1025319.0
2026-06-24,91.993,92.187,90.052,90.052,1157305.0
2026-06-25,89.922,90.343,89.275,89.469,1192332.0
2026-06-26,89.534,89.89,88.887,88.919,1004883.0
2026-06-29,88.919,89.534,87.851,89.275,1016374.0
2026-06-30,89.081,89.178,88.013,88.24,920380.0
2026-07-01,88.143,89.016,88.078,88.693,717770.0
2026-07-02,89.307,90.149,88.984,89.858,1038649.0
2026-07-03,89.955,90.731,89.081,89.696,886392.0
2026-07-06,89.405,90.246,89.113,90.019,1145582.0
2026-07-07,89.922,90.278,89.372,89.89,763928.0
2026-07-08,89.663,90.472,89.178,90.343,806503.0
2026-07-09,89.987,90.731,89.631,90.278,865472.0
2026-07-10,90.246,90.796,89.987,90.731,955551.0
2026-07-13,90.569,91.217,90.311,91.184,959350.0
2026-07-14,90.958,91.346,90.472,91.12,1070620.0
2026-07-15,90.925,92.317,90.505,92.285,1313125.0
2026-07-16,92.349,92.932,91.702,91.799,821984.0
2026-07-17,91.896,92.511,91.637,92.09,1186180.0
2026-07-20,91.896,94.064,91.799,94.0,1817880.0
2026-07-21,94.129,94.614,92.446,92.543,1687369.0
2026-07-22,92.543,93.482,92.026,93.482,1040577.0
2026-07-23,93.255,93.87,93.061,93.741,879749.0
2026-07-24,94.161,94.355,93.644,93.967,1097583.0
2026-07-27,94.453,94.485,93.547,93.87,871977.0
2026-07-28,94.097,94.841,93.547,94.841,1348965.0
2026-07-29,95.035,95.423,94.582,94.809,1102798.0
2026-07-30,94.776,96.459,94.647,96.459,1576306.0
2026-07-31,95.585,96.103,94.582,95.812,1381106.0
2026-08-03,95.812,96.459,95.391,96.459,976503.0
2026-08-04,96.135,96.135,94.679,94.711,1074000.0
2026-08-05,94.711,95.035,93.773,94.064,952359.0
2026-08-06,93.87,94.711,93.611,94.453,805255.0
2026-08-07,94.323,94.42,93.644,94.0,632527.0
2026-08-10,93.838,94.517,93.708,94.0,636905.0
2026-08-11,93.935,94.161,93.385,93.611,691335.0
2026-08-12,93.482,93.611,93.126,93.223,509698.0
2026-08-13,93.126,93.482,92.964,93.449,697700.0
2026-08-14,93.191,93.417,92.77,92.996,646951.0
2026-08-17,92.899,92.996,92.155,92.349,948269.0
2026-08-18,92.252,92.673,92.058,92.414,766819.0
2026-08-19,92.802,93.676,92.446,93.676,1440792.0
2026-08-20,93.223,93.644,92.738,93.449,964149.0
2026-08-21,93.385,93.805,93.093,93.223,723431.0
2026-08-24,93.061,93.935,92.964,93.805,1154849.0
2026-08-25,93.805,94.258,92.835,92.964,1199415.0
2026-08-26,92.835,93.741,92.705,93.579,1098002.0
2026-08-27,93.449,93.644,92.608,92.932,1039504.0
2026-08-28,91.767,91.767,91.022,91.055,2409104.0
2026-08-31,91.087,91.767,91.087,91.411,1295916.0
2026-09-01,91.314,92.899,91.281,92.738,1694139.0
2026-09-02,92.899,93.191,92.382,92.576,708893.0
2026-09-03,92.285,93.288,92.285,92.673,938091.0
2026-09-04,92.673,93.644,92.608,93.611,993327.0
2026-09-07,93.676,94.0,92.932,93.061,1018104.0
2026-09-08,93.061,93.805,92.899,93.449,815493.0
2026-09-09,93.449,93.579,93.191,93.255,570032.0
2026-09-10,93.223,93.708,93.029,93.676,625916.0
2026-09-11,93.708,93.87,93.093,93.32,750400.0
2026-09-14,93.191,93.676,92.899,93.385,816171.0
2026-09-15,93.352,93.385,92.576,92.64,694755.0
2026-09-16,92.673,92.802,91.993,92.252,629356.0
2026-09-17,92.349,92.511,91.864,92.09,652306.0
2026-09-18,91.961,92.446,91.864,92.187,621210.0
2026-09-21,92.123,92.123,91.67,92.026,549172.0
2026-09-22,91.993,92.64,91.767,92.543,667149.0
2026-09-23,92.414,92.705,92.317,92.479,398446.0
2026-09-24,92.543,92.899,92.479,92.511,595371.0
