date,open,high,low,close,volume
2016-01-04,424.506,425.477,398.413,400.773,227002.0
2016-01-05,398.413,413.402,393.139,405.353,373336.0
2016-01-06,404.104,417.566,401.744,413.402,318305.0
2016-01-07,409.1,409.1,393.278,395.36,66286.0
2016-01-08,400.911,411.737,384.673,404.104,322627.0
2016-01-11,397.719,403.271,376.623,378.566,369228.0
2016-01-12,384.534,385.089,375.235,378.705,207407.0
2016-01-13,380.926,390.363,377.872,379.121,290892.0
2016-01-14,372.043,385.367,369.406,381.758,212790.0
2016-01-15,380.509,385.922,369.961,372.043,197833.0
2016-01-18,369.406,380.509,367.185,376.762,185357.0
2016-01-19,376.623,390.225,375.929,390.225,223708.0
2016-01-20,388.143,390.641,377.595,386.061,217816.0
2016-01-21,381.481,390.641,377.733,378.15,191791.0
2016-01-22,382.175,383.146,373.431,378.705,117545.0
2016-01-25,381.758,384.951,378.983,383.701,122935.0
2016-01-26,382.73,387.171,367.879,371.349,176764.0
2016-01-27,371.765,373.431,356.915,363.022,186772.0
2016-01-28,363.022,367.602,358.164,359.274,105102.0
2016-01-29,359.274,376.068,359.274,372.876,165343.0
2016-02-01,372.876,383.84,371.349,377.872,178734.0
2016-02-02,378.289,385.506,378.289,380.37,129970.0
2016-02-03,377.733,381.62,375.652,381.62,72084.0
2016-02-04,382.452,386.338,381.342,382.036,125692.0
2016-02-05,382.591,384.118,373.015,373.153,136755.0
2016-02-15,367.879,369.822,360.94,367.463,128213.0
2016-02-16,369.128,379.399,368.435,378.15,130932.0
2016-02-17,377.595,379.677,373.57,376.762,101952.0
2016-02-18,378.427,378.983,368.851,369.961,209380.0
2016-02-19,368.99,370.239,363.716,367.879,178497.0
2016-02-22,370.655,377.04,368.296,375.513,230165.0
2016-02-23,376.207,382.591,372.598,377.595,263639.0
2016-02-24,374.819,380.509,373.431,380.232,192974.0
2016-02-25,380.232,380.37,361.079,364.826,219719.0
2016-02-26,366.214,375.096,362.744,369.822,108123.0
2016-02-29,369.267,371.904,354.139,356.221,174954.0
2016-03-01,357.47,364.271,355.666,361.356,113281.0
2016-03-02,361.079,376.901,361.079,375.79,247730.0
2016-03-03,376.484,394.111,375.79,384.534,367724.0
2016-03-04,383.701,398.274,381.897,393.833,528676.0
2016-03-07,395.776,402.993,392.168,396.47,372254.0
2016-03-08,395.776,395.776,384.812,392.306,181504.0
2016-03-09,386.2,390.086,380.37,388.559,164369.0
2016-03-10,387.31,399.107,386.061,393.417,266820.0
2016-03-11,393.556,402.577,389.531,397.025,193970.0
2016-03-14,399.94,411.737,396.748,397.719,320752.0
2016-03-15,395.776,403.271,390.363,398.691,205519.0
2016-03-16,397.164,401.189,390.225,395.36,128872.0
2016-03-17,398.136,401.605,392.445,398.413,177359.0
2016-03-18,399.385,410.21,393.972,406.741,421318.0
2016-03-21,406.879,417.011,404.381,410.904,576543.0
2016-03-22,408.822,417.427,406.463,411.876,340192.0
2016-03-23,409.655,412.709,405.353,410.072,182321.0
2016-03-24,408.961,422.84,407.851,415.068,395439.0
2016-03-25,417.011,424.922,415.068,422.701,339627.0
2016-03-28,424.506,442.548,424.506,434.221,555269.0
2016-03-29,434.499,436.997,427.559,433.111,272298.0
2016-03-30,433.111,437.552,430.057,434.776,279086.0
2016-03-31,436.58,439.911,432.556,434.637,262276.0
2016-04-01,433.111,435.47,428.808,432.972,200878.0
2016-04-05,431.445,435.886,430.057,434.221,272367.0
2016-04-06,433.249,442.965,433.111,441.299,285660.0
2016-04-07,439.911,442.826,430.196,430.196,197754.0
2016-04-08,427.42,433.805,419.37,422.701,229961.0
2016-04-11,425.894,431.029,420.203,422.563,399963.0
2016-04-12,422.007,422.563,418.815,422.007,163692.0
2016-04-13,422.424,429.641,422.007,424.367,256800.0
2016-04-14,424.922,430.196,423.673,427.698,131783.0
2016-04-15,428.253,431.723,426.449,428.947,145475.0
2016-04-18,425.894,427.281,418.121,419.093,149608.0
2016-04-19,421.314,422.285,410.488,414.79,256540.0
2016-04-20,414.79,416.733,401.328,408.128,223862.0
2016-04-21,407.157,414.235,407.157,409.239,133210.0
2016-04-22,406.602,418.121,406.047,416.456,155910.0
2016-04-25,415.207,424.506,415.207,421.175,186566.0
2016-04-26,420.62,425.2,420.62,423.395,120559.0
2016-04-27,423.395,430.89,423.395,429.086,174316.0
2016-04-28,429.78,431.584,423.257,426.588,116854.0
2016-04-29,441.438,448.933,436.997,438.662,675726.0
2016-05-03,442.548,476.83,440.05,474.748,922718.0
2016-05-04,473.36,478.217,467.808,470.029,507361.0
2016-05-05,468.78,475.442,462.534,466.42,374410.0
2016-05-06,467.114,467.114,451.292,451.292,435315.0
2016-05-09,450.043,456.566,448.378,450.737,369687.0
2016-05-10,449.072,466.004,444.908,456.983,481449.0
2016-05-11,457.815,474.193,455.595,465.31,505177.0
2016-05-12,460.869,465.032,450.182,462.257,298453.0
2016-05-13,460.591,476.136,454.762,459.203,290378.0
2016-05-16,455.317,458.509,447.684,458.37,292642.0
2016-05-17,459.481,459.481,451.57,451.847,216583.0
2016-05-18,448.378,454.623,439.773,449.765,245180.0
2016-05-19,449.072,454.207,446.296,447.684,159402.0
2016-05-20,447.684,453.235,445.324,453.096,152625.0
2016-05-23,452.541,460.869,451.153,460.73,196618.0
2016-05-24,460.869,460.869,451.153,453.929,128474.0
2016-05-25,455.872,458.232,445.324,445.879,174310.0
2016-05-26,446.157,448.794,438.801,445.324,168721.0
2016-05-27,445.324,447.684,442.41,445.047,148195.0
2016-05-30,443.659,446.573,437.691,444.214,149459.0
2016-05-31,444.214,463.506,443.936,461.285,310684.0
2016-06-01,460.869,463.644,458.509,459.758,155524.0
2016-06-02,459.481,465.865,458.37,464.755,203923.0
2016-06-03,464.616,486.822,463.506,479.328,477213.0
2016-06-06,479.328,481.548,471.278,476.413,265429.0
2016-06-07,476.83,480.854,474.054,479.189,199127.0
2016-06-08,477.801,477.801,467.392,470.584,194063.0
2016-06-13,465.171,472.666,460.314,460.73,197725.0
2016-06-14,460.314,468.78,460.314,466.42,198368.0
2016-06-15,463.089,482.798,461.007,479.605,328190.0
2016-06-16,478.773,481.132,473.36,476.968,241060.0
2016-06-17,479.328,499.591,478.911,498.481,521434.0
2016-06-20,494.872,496.26,485.296,490.709,264290.0
2016-06-21,492.513,498.064,483.075,485.573,144719.0
2016-06-22,484.463,490.709,483.491,488.349,131526.0
2016-06-23,487.239,493.346,482.104,488.072,153893.0
2016-06-24,486.406,490.431,473.36,477.662,211475.0
2016-06-27,477.523,494.595,477.523,491.958,242517.0
2016-06-28,489.182,495.289,488.21,492.374,162984.0
2016-06-29,493.484,494.872,485.99,491.264,129331.0
2016-06-30,491.402,504.032,491.402,495.983,260393.0
2016-07-01,494.178,504.726,493.068,493.762,150288.0
2016-07-04,493.207,499.73,489.459,495.15,261326.0
2016-07-05,497.232,511.527,492.79,502.367,424532.0
2016-07-06,501.673,539.424,500.007,535.954,748717.0
2016-07-07,533.733,543.31,523.047,527.765,474667.0
2016-07-08,529.292,547.335,523.324,539.979,487445.0
2016-07-11,537.897,583.004,537.897,562.741,783621.0
2016-07-12,561.491,579.257,555.246,572.872,579406.0
2016-07-13,570.79,570.79,555.246,563.851,405334.0
2016-07-14,563.851,573.011,554.413,559.687,354258.0
2016-07-15,558.022,563.435,551.915,559.965,278030.0
2016-07-18,558.022,563.018,552.748,558.299,250118.0
2016-07-19,559.41,561.214,528.876,536.787,596669.0
2016-07-20,535.815,538.452,530.958,533.872,309032.0
2016-07-21,534.566,544.004,533.178,539.007,383296.0
2016-07-22,538.591,539.285,525.545,529.015,323805.0
2016-07-25,529.015,542.894,528.598,536.37,319307.0
2016-07-26,535.26,550.666,529.986,549.833,356588.0
2016-07-27,548.723,552.886,531.235,542.477,388128.0
2016-07-28,538.452,558.854,537.064,552.331,404639.0
2016-07-29,552.47,571.068,550.943,557.605,387880.0
2016-08-01,558.022,559.132,537.064,539.007,326111.0
2016-08-02,537.064,543.588,530.125,536.37,270152.0
2016-08-03,534.289,543.31,531.652,540.395,191610.0
2016-08-04,538.869,545.392,534.983,539.979,156823.0
2016-08-05,539.979,542.755,531.652,533.317,185503.0
2016-08-08,530.958,534.705,520.965,533.872,355547.0
2016-08-09,532.068,549.139,529.986,546.363,354136.0
2016-08-10,543.171,547.335,539.285,540.812,193891.0
2016-08-11,541.506,556.356,541.506,548.584,399420.0
2016-08-12,547.89,552.47,541.367,550.527,276885.0
2016-08-15,551.082,567.043,548.445,563.573,520938.0
2016-08-16,564.545,573.15,555.523,558.022,446004.0
2016-08-17,559.41,570.929,556.634,562.879,381761.0
2016-08-18,560.104,562.602,553.025,554.552,288076.0
2016-08-19,553.164,557.328,547.335,549.972,196066.0
2016-08-22,549.556,560.52,549.0,552.609,219210.0
2016-08-23,551.082,556.217,541.644,546.225,252477.0
2016-08-24,541.367,546.086,537.342,541.783,339771.0
2016-08-25,538.73,539.84,535.121,538.452,225541.0
2016-08-26,537.62,542.2,534.15,535.399,186239.0
2016-08-29,537.203,540.395,533.872,534.566,179250.0
2016-08-30,537.203,542.338,535.538,537.62,196633.0
2016-08-31,543.726,544.004,535.26,540.118,350199.0
2016-09-01,540.118,540.951,531.374,531.79,313067.0
2016-09-02,530.264,532.346,522.214,525.406,283527.0
2016-09-05,526.1,529.57,522.769,527.627,186284.0
2016-09-06,525.684,533.595,521.936,532.207,173358.0
2016-09-07,532.207,532.207,522.214,524.851,287075.0
2016-09-08,521.659,524.99,520.548,521.659,226065.0
2016-09-09,522.63,525.545,518.189,519.16,173742.0
2016-09-12,514.58,516.801,500.007,501.395,366859.0
2016-09-13,504.171,506.669,500.285,505.975,163209.0
2016-09-14,503.616,506.392,500.424,501.395,130543.0
2016-09-19,503.2,508.474,503.2,507.225,167568.0
2016-09-20,506.947,513.054,506.114,507.086,144652.0
2016-09-21,507.086,510.417,507.086,509.168,99070.0
2016-09-22,511.249,521.242,510.139,520.271,296862.0
2016-09-23,519.16,520.271,513.886,517.495,151517.0
2016-09-26,516.385,516.385,503.616,503.616,185836.0
2016-09-27,503.2,507.086,503.2,506.947,98323.0
2016-09-28,508.751,508.751,503.894,504.171,67046.0
2016-09-29,504.032,513.331,503.894,509.168,132443.0
2016-09-30,508.335,520.41,508.335,518.605,231751.0
2016-10-10,520.132,526.378,518.605,522.908,220542.0
2016-10-11,524.296,525.684,516.523,520.132,226117.0
2016-10-12,518.883,523.741,517.773,520.41,130252.0
2016-10-13,519.577,522.491,513.609,514.303,186646.0
2016-10-14,514.303,517.356,513.609,515.413,118356.0
2016-10-17,515.413,524.018,514.025,517.773,200238.0
2016-10-18,517.773,526.655,517.773,525.961,287741.0
2016-10-19,527.488,527.765,521.936,524.712,166382.0
2016-10-20,524.018,527.765,521.936,522.491,119544.0
2016-10-21,522.769,524.712,517.079,521.52,152041.0
2016-10-24,519.16,525.128,518.467,523.463,152827.0
2016-10-25,523.047,532.623,522.769,532.068,332492.0
2016-10-26,532.346,553.58,531.652,540.395,572903.0
2016-10-27,539.701,539.701,532.068,536.509,268782.0
2016-10-28,534.427,549.0,534.427,545.947,424401.0
2016-10-31,543.449,549.694,537.758,541.089,242283.0
2016-11-01,540.812,544.975,535.677,544.004,193762.0
2016-11-02,542.755,542.755,536.093,536.37,145575.0
2016-11-03,535.815,542.616,535.121,538.314,160159.0
2016-11-04,537.758,539.979,530.264,531.374,198377.0
2016-11-07,533.872,538.869,530.125,534.983,156353.0
2016-11-08,536.093,543.449,536.093,540.257,201957.0
2016-11-09,540.951,542.616,531.79,537.203,188301.0
2016-11-10,541.228,542.477,539.285,541.367,171663.0
2016-11-11,541.922,541.922,535.538,538.452,220862.0
2016-11-14,538.452,539.701,529.986,532.346,286389.0
2016-11-15,532.207,539.424,530.402,538.73,214492.0
2016-11-16,538.591,538.73,533.456,534.844,117769.0
2016-11-17,533.039,538.314,532.207,535.954,122579.0
2016-11-18,536.37,536.787,531.652,533.872,113025.0
2016-11-21,533.733,535.815,532.207,533.733,118205.0
2016-11-22,533.733,535.121,531.652,533.317,154708.0
2016-11-23,535.399,542.477,534.289,542.061,364966.0
2016-11-24,540.673,547.612,536.232,543.449,349101.0
2016-11-25,543.449,547.335,537.897,543.726,166294.0
2016-11-28,549.694,557.605,547.612,547.89,341218.0
2016-11-29,548.029,577.036,547.474,565.239,733030.0
2016-11-30,561.491,570.096,553.164,554.274,394029.0
2016-12-01,557.05,564.267,550.666,557.605,342029.0
2016-12-02,555.523,558.716,548.306,551.776,243823.0
2016-12-05,542.894,561.908,542.894,548.862,333510.0
2016-12-06,550.527,558.716,548.862,557.605,287029.0
2016-12-07,560.104,560.936,553.858,558.022,207262.0
2016-12-08,559.271,578.563,554.968,566.349,485754.0
2016-12-09,564.961,570.374,562.463,564.406,243536.0
2016-12-12,566.349,574.538,546.086,549.278,360068.0
2016-12-13,546.918,561.353,544.698,558.854,335022.0
2016-12-14,557.744,558.022,546.918,547.89,270937.0
2016-12-15,551.082,557.189,541.506,546.086,316411.0
2016-12-16,546.918,549.417,541.089,547.612,152519.0
2016-12-19,548.723,561.908,548.723,555.385,322381.0
2016-12-20,553.858,555.107,545.531,546.918,243359.0
2016-12-21,549.0,553.164,548.306,550.111,128155.0
2016-12-22,550.111,552.193,545.531,547.057,101598.0
2016-12-23,547.474,547.474,533.317,533.317,232619.0
2016-12-26,529.57,532.346,522.63,532.346,196860.0
2016-12-27,533.039,536.787,531.652,532.207,118353.0
2016-12-28,531.79,533.872,525.545,526.239,124079.0
2016-12-29,526.239,528.598,524.296,525.406,110296.0
2016-12-30,527.904,536.37,525.961,534.15,232019.0
2017-01-03,534.15,539.701,531.652,536.648,155347.0
2017-01-04,536.648,554.552,535.121,553.858,460536.0
2017-01-05,555.662,558.577,551.082,554.274,258159.0
2017-01-06,554.274,563.573,551.915,556.634,336520.0
2017-01-09,555.246,566.349,554.274,561.491,266922.0
2017-01-10,560.798,568.709,560.798,562.185,228859.0
2017-01-11,563.573,566.21,550.388,553.303,222943.0
2017-01-12,555.107,555.246,547.057,549.694,158258.0
2017-01-13,550.805,553.719,545.808,550.943,156314.0
2017-01-16,547.89,554.83,539.701,547.612,191981.0
2017-01-17,546.918,557.467,545.808,551.915,177560.0
2017-01-18,552.054,569.68,546.918,568.431,447418.0
2017-01-19,569.819,569.958,563.99,567.043,190152.0
2017-01-20,567.737,569.125,564.684,567.876,165358.0
2017-01-23,571.207,584.392,570.235,574.399,393907.0
2017-01-24,576.758,580.783,569.125,574.954,190212.0
2017-01-25,570.235,577.175,566.488,572.872,186763.0
2017-01-26,574.677,575.926,568.847,569.125,142438.0
2017-02-03,570.513,571.623,559.687,560.936,145520.0
2017-02-06,561.075,567.043,560.659,561.491,139315.0
2017-02-07,563.296,567.043,560.659,561.491,121082.0
2017-02-08,562.324,573.844,558.854,570.374,199830.0
2017-02-09,571.346,580.922,570.513,573.844,225210.0
2017-02-10,574.677,584.392,574.26,580.644,282841.0
2017-02-13,580.644,600.491,578.979,591.054,393566.0
2017-02-14,592.719,595.495,587.168,592.164,168320.0
2017-02-15,595.079,598.965,587.168,588.556,147120.0
2017-02-16,589.111,593.691,586.057,589.388,121400.0
2017-02-17,590.221,606.459,589.943,596.189,241537.0
2017-02-20,597.16,630.193,597.16,630.193,476909.0
2017-02-21,628.805,629.221,616.591,622.698,242450.0
2017-02-22,623.253,632.83,619.089,628.527,291547.0
2017-02-23,626.029,636.577,613.538,617.424,211836.0
2017-02-24,616.314,617.424,608.264,614.787,164246.0
2017-02-27,614.37,614.648,600.908,602.296,218245.0
2017-02-28,603.822,608.68,601.047,604.655,121198.0
2017-03-01,604.1,615.203,603.822,610.484,174622.0
2017-03-02,609.374,613.399,606.737,610.207,117940.0
2017-03-03,606.876,613.121,603.822,610.623,144429.0
2017-03-06,610.762,620.2,605.349,618.395,254141.0
2017-03-07,616.314,634.634,615.342,633.662,295483.0
2017-03-08,632.968,633.107,624.641,626.306,141422.0
2017-03-09,626.168,626.168,615.064,620.061,150503.0
2017-03-10,617.701,631.858,617.424,619.922,197006.0
2017-03-13,621.171,635.05,621.171,633.662,287983.0
2017-03-14,633.385,637.687,624.78,629.915,144744.0
2017-03-15,630.054,636.438,629.915,632.136,125086.0
2017-03-16,638.104,642.406,619.089,625.196,384110.0
2017-03-17,622.559,631.58,619.922,621.31,201122.0
2017-03-20,621.31,626.584,619.089,625.89,174755.0
2017-03-21,629.776,661.837,628.805,657.673,696075.0
2017-03-22,652.538,669.054,649.623,665.723,381447.0
2017-03-23,662.114,664.612,651.705,660.171,225654.0
2017-03-24,665.862,674.328,652.538,655.73,271927.0
2017-03-27,652.538,658.922,638.52,646.153,268579.0
2017-03-28,647.264,649.207,639.908,649.207,165346.0
2017-03-29,648.513,660.171,646.57,653.787,221938.0
2017-03-30,653.37,659.338,640.879,648.652,201909.0
2017-03-31,645.737,652.677,639.214,652.399,216769.0
2017-04-05,649.484,664.057,647.958,654.064,241511.0
2017-04-06,655.591,656.424,645.459,651.705,168094.0
2017-04-07,650.595,653.926,646.847,648.096,138129.0
2017-04-10,647.541,647.68,630.47,633.801,260676.0
2017-04-11,631.442,633.801,608.68,623.947,326709.0
2017-04-12,620.894,643.794,618.534,639.214,310263.0
2017-04-13,638.659,652.399,636.16,649.762,207727.0
2017-04-14,652.399,654.897,637.41,643.378,157508.0
2017-04-17,639.214,656.979,636.438,651.844,203975.0
2017-04-18,651.705,673.217,650.039,664.612,304940.0
2017-04-19,667.666,678.075,657.951,666.278,214116.0
2017-04-20,666.417,692.509,663.502,689.178,354905.0
2017-04-21,689.317,695.424,680.573,689.178,246637.0
2017-04-24,680.157,682.239,666.694,670.58,207663.0
2017-04-25,676.687,703.89,676.687,702.363,340541.0
2017-04-26,701.947,718.324,687.235,689.872,370616.0
2017-04-27,686.958,696.812,680.157,694.036,187625.0
2017-04-28,703.196,705.139,670.719,687.096,346782.0
2017-05-02,683.765,683.765,667.388,674.605,208825.0
2017-05-03,675.438,686.402,672.385,679.047,151168.0
2017-05-04,678.769,679.047,669.331,671.552,139341.0
2017-05-05,671.552,676.687,663.086,668.499,204943.0
2017-05-08,669.47,669.47,647.125,647.125,243118.0
2017-05-09,645.876,662.808,635.883,661.698,247814.0
2017-05-10,660.588,670.858,657.534,659.2,175607.0
2017-05-11,659.061,672.801,656.285,670.858,182030.0
2017-05-12,672.523,682.516,665.029,682.239,196095.0
2017-05-15,682.378,699.588,680.296,695.146,191952.0
2017-05-16,694.73,728.733,690.289,728.733,411331.0
2017-05-17,726.235,729.427,710.83,711.523,231397.0
2017-05-18,708.886,726.652,708.054,713.467,160150.0
2017-05-19,713.605,725.958,713.467,721.516,157864.0
2017-05-22,723.321,728.178,713.744,722.21,143877.0
2017-05-23,722.21,744.694,718.185,737.894,271142.0
2017-05-24,737.755,742.751,719.018,733.591,238054.0
2017-05-25,732.064,736.783,721.794,730.538,156370.0
2017-05-26,731.509,737.894,719.018,728.178,192594.0
2017-05-31,722.349,732.62,711.523,732.62,211494.0
2017-06-01,727.346,741.78,724.153,739.004,195660.0
2017-06-02,736.506,744.556,725.958,733.73,167310.0
2017-06-05,734.424,741.225,721.1,721.655,171617.0
2017-06-06,721.655,742.612,720.406,741.363,187036.0
2017-06-07,742.612,778.698,741.918,774.534,360786.0
2017-06-08,775.367,797.435,770.509,781.474,300197.0
2017-06-09,781.474,801.876,781.474,792.16,224210.0
2017-06-12,799.378,845.178,797.018,829.079,390419.0
2017-06-13,829.079,829.079,810.897,827.136,254828.0
2017-06-14,820.335,833.797,805.207,813.395,306787.0
2017-06-15,810.62,813.534,787.025,792.716,394710.0
2017-06-16,790.773,805.901,785.36,790.079,240334.0
2017-06-19,794.381,804.79,789.385,797.712,370368.0
2017-06-20,798.822,803.125,788.413,792.577,348932.0
2017-06-21,796.741,826.025,786.331,826.025,452634.0
2017-06-22,825.47,835.047,815.894,819.641,468084.0
2017-06-23,813.812,833.104,809.926,831.438,350854.0
2017-06-26,832.548,861.694,832.548,855.588,370384.0
2017-06-27,854.061,861.972,845.317,861.417,313073.0
2017-06-28,856.281,857.531,839.765,840.321,275822.0
2017-06-29,839.904,844.623,830.05,837.267,255712.0
2017-06-30,835.879,845.317,831.438,840.598,200753.0
2017-07-03,839.765,843.79,814.506,817.975,331662.0
2017-07-04,814.783,814.783,789.385,797.435,390019.0
2017-07-05,797.018,811.73,796.741,809.509,303273.0
2017-07-06,810.62,810.62,792.438,803.541,313706.0
2017-07-07,800.627,800.627,784.249,787.025,308905.0
2017-07-10,784.111,802.709,772.591,800.765,407339.0
2017-07-11,798.822,821.445,796.047,813.257,342261.0
2017-07-12,812.979,812.979,790.495,792.299,277229.0
2017-07-13,789.94,805.346,787.858,792.299,238433.0
2017-07-14,789.107,800.488,784.249,797.296,202028.0
2017-07-17,799.378,799.378,771.758,783.0,294680.0
2017-07-18,785.637,799.516,774.395,797.99,239131.0
2017-07-19,798.961,821.723,798.545,813.534,299492.0
2017-07-20,813.534,829.634,813.534,828.801,283708.0
2017-07-21,828.662,839.627,822.139,827.413,246185.0
2017-07-24,829.356,855.726,829.356,844.068,274269.0
2017-07-25,850.591,851.424,835.741,836.435,167958.0
2017-07-26,836.99,845.456,810.62,817.698,235266.0
2017-07-27,817.559,821.723,804.374,814.089,208622.0
2017-07-28,813.812,842.402,809.509,841.57,336786.0
2017-07-31,844.484,864.47,839.765,841.986,422999.0
2017-08-01,843.652,853.367,831.577,853.367,229209.0
2017-08-02,846.705,854.755,836.712,841.292,184803.0
2017-08-03,836.99,843.374,819.225,824.499,263133.0
2017-08-04,824.499,832.132,816.865,818.808,194898.0
2017-08-07,816.171,847.399,809.509,845.317,270721.0
2017-08-08,842.402,850.591,836.99,842.68,166233.0
2017-08-09,839.904,870.299,831.716,854.2,414404.0
2017-08-10,856.143,885.289,854.2,867.523,416247.0
2017-08-11,859.196,867.246,844.623,845.317,285916.0
2017-08-14,847.399,870.299,847.399,864.47,305781.0
2017-08-15,864.47,872.659,858.086,866.136,170830.0
2017-08-16,866.136,866.136,850.591,857.114,172478.0
2017-08-17,856.143,856.143,838.1,842.68,234420.0
2017-08-18,837.684,848.232,835.185,842.68,129384.0
2017-08-21,842.68,846.705,832.548,838.516,178542.0
2017-08-22,831.577,832.965,800.904,818.669,396438.0
2017-08-23,813.673,831.438,812.007,828.523,210138.0
2017-08-24,827.83,831.438,816.171,818.392,153140.0
2017-08-25,818.669,824.221,811.036,818.947,231029.0
2017-08-28,831.022,852.257,831.022,837.406,438887.0
2017-08-29,836.573,843.235,829.773,834.075,231257.0
2017-08-30,835.741,851.84,832.826,848.787,260563.0
2017-08-31,848.787,852.812,832.132,838.239,190220.0
2017-09-01,836.296,844.346,832.271,838.378,177448.0
2017-09-04,837.684,837.684,818.669,820.474,298621.0
2017-09-05,820.751,828.246,817.975,821.306,151024.0
2017-09-06,820.335,824.36,813.395,815.2,188344.0
2017-09-07,816.171,818.114,800.904,805.762,225734.0
2017-09-08,803.125,803.125,784.527,787.719,344009.0
2017-09-11,783.972,803.68,771.064,801.876,406714.0
2017-09-12,797.018,812.701,792.993,812.007,248611.0
2017-09-13,812.424,838.378,811.73,830.883,364457.0
2017-09-14,829.495,836.851,824.499,828.662,215132.0
2017-09-15,828.801,839.488,827.136,830.467,197118.0
2017-09-18,833.52,856.42,832.826,851.146,287200.0
2017-09-19,852.257,866.136,846.983,851.84,221880.0
2017-09-20,857.392,866.136,846.844,852.534,185299.0
2017-09-21,852.812,852.812,837.406,841.431,164267.0
2017-09-22,837.406,851.285,836.99,846.427,143850.0
2017-09-25,849.203,866.136,849.203,865.025,246144.0
2017-09-26,864.054,864.054,852.395,857.669,142994.0
2017-09-27,854.616,862.249,847.399,855.032,158626.0
2017-09-28,853.783,874.602,852.673,865.442,290437.0
2017-09-29,864.748,879.321,854.061,863.082,217161.0
2017-10-09,873.075,888.342,859.335,880.57,216849.0
2017-10-10,880.57,889.869,872.242,889.452,215354.0
2017-10-11,889.452,926.232,884.178,917.21,313210.0
2017-10-12,919.709,927.897,907.217,912.075,176004.0
2017-10-13,912.769,927.897,912.63,923.317,162023.0
2017-10-16,916.655,930.673,895.281,895.975,270032.0
2017-10-17,895.281,904.997,885.844,902.221,146292.0
2017-10-18,902.499,919.57,889.314,919.57,176535.0
2017-10-19,914.851,953.573,912.075,942.47,278718.0
2017-10-20,935.531,940.249,924.566,935.669,151819.0
2017-10-23,935.392,944.968,926.093,936.918,136497.0
2017-10-24,934.837,954.406,926.509,950.659,248626.0
2017-10-25,950.659,953.99,935.531,942.748,157409.0
2017-10-26,982.858,1000.484,959.68,971.061,414031.0
2017-10-27,970.228,1025.605,960.652,1011.726,423709.0
2017-10-30,1004.926,1012.004,984.107,997.986,336666.0
2017-10-31,991.047,997.292,977.168,992.712,205535.0
2017-11-01,993.128,1017.972,992.851,998.264,215304.0
2017-11-02,998.68,1017.417,993.822,1006.591,268061.0
2017-11-03,1004.232,1029.63,1000.762,1016.445,240525.0
2017-11-06,1023.662,1044.897,1017.555,1041.705,248856.0
2017-11-07,1045.869,1078.484,1037.958,1053.502,300551.0
2017-11-08,1053.502,1069.185,1039.623,1046.146,246313.0
2017-11-09,1044.897,1056.555,1025.744,1055.584,244105.0
2017-11-10,1052.114,1105.271,1048.922,1103.467,316062.0
2017-11-13,1103.744,1109.157,1081.676,1101.246,255872.0
2017-11-14,1099.58,1100.691,1068.769,1070.018,294816.0
2017-11-15,1066.687,1107.214,1063.217,1106.242,330505.0
2017-11-16,1103.467,1133.445,1097.637,1125.673,344457.0
2017-11-17,1095.139,1117.346,1070.157,1107.075,470335.0
2017-11-20,1085.424,1085.424,1040.595,1080.289,323102.0
2017-11-21,1076.958,1101.246,1056.278,1094.445,308197.0
2017-11-22,1094.445,1121.509,1060.997,1065.993,395239.0
2017-11-23,1056.972,1056.972,997.986,1005.897,485861.0
2017-11-24,1005.897,1018.527,968.424,1018.249,467337.0
2017-11-27,1008.673,1021.303,984.246,1006.175,280978.0
2017-11-28,1003.26,1031.018,997.986,1021.303,246912.0
2017-11-29,1025.744,1028.52,977.723,987.16,258542.0
2017-11-30,987.16,1004.926,963.705,978.555,217441.0
2017-12-01,987.022,993.128,968.979,974.392,211729.0
2017-12-04,973.004,1021.719,956.765,1011.171,406862.0
2017-12-05,1007.007,1033.933,1002.983,1016.306,342025.0
2017-12-06,1017.417,1032.684,1004.926,1016.306,239022.0
2017-12-07,1011.865,1022.968,981.331,983.552,231990.0
2017-12-08,980.082,1012.559,979.805,1010.477,256992.0
2017-12-11,1021.58,1070.712,1021.303,1065.993,479977.0
2017-12-12,1070.99,1081.26,1057.666,1065.438,278245.0
2017-12-13,1067.381,1099.997,1059.054,1097.221,299515.0
2017-12-14,1097.915,1107.353,1086.951,1104.716,209673.0
2017-12-15,1099.442,1115.264,1079.733,1080.566,230981.0
2017-12-18,1109.018,1137.886,1103.467,1137.886,505532.0
2017-12-19,1129.837,1175.776,1129.837,1156.484,379556.0
2017-12-20,1162.591,1201.869,1151.071,1200.62,341029.0
2017-12-21,1198.815,1228.1,1185.353,1208.253,379395.0
2017-12-22,1205.894,1213.111,1178.413,1186.463,351801.0
2017-12-25,1186.741,1199.093,1159.121,1186.185,357631.0
2017-12-26,1183.826,1187.99,1157.595,1171.057,238166.0
2017-12-27,1168.004,1177.58,1148.712,1149.267,263330.0
2017-12-28,1178.274,1205.894,1156.762,1190.349,526705.0
2017-12-29,1192.292,1205.616,1150.655,1176.748,427447.0
2018-01-02,1181.189,1192.292,1155.235,1186.463,315252.0
2018-01-03,1185.353,1202.84,1176.331,1190.904,284614.0
2018-01-04,1189.378,1228.516,1186.741,1219.911,360577.0
2018-01-05,1216.858,1226.296,1197.844,1215.609,231958.0
2018-01-08,1214.36,1228.516,1200.62,1208.947,286818.0
2018-01-09,1211.723,1263.075,1211.168,1263.075,388364.0
2018-01-10,1268.488,1305.545,1247.947,1301.936,342458.0
2018-01-11,1299.716,1314.15,1280.146,1288.89,254778.0
2018-01-12,1288.89,1341.491,1284.171,1336.217,320923.0
2018-01-15,1333.858,1361.338,1326.641,1341.491,379644.0
2018-01-16,1325.669,1351.901,1315.399,1328.584,366155.0
2018-01-17,1321.367,1332.748,1256.83,1261.826,496108.0
2018-01-18,1265.99,1294.303,1238.093,1267.239,429700.0
2018-01-19,1267.239,1273.901,1238.232,1250.168,382003.0
2018-01-22,1257.107,1324.143,1257.107,1323.032,445823.0
2018-01-23,1323.032,1328.306,1295.136,1313.178,384681.0
2018-01-24,1311.374,1311.374,1270.847,1280.424,349695.0
2018-01-25,1270.015,1276.815,1236.427,1261.687,421128.0
2018-01-26,1254.748,1286.253,1249.474,1273.346,312053.0
2018-01-29,1270.015,1270.015,1202.007,1207.281,591383.0
2018-01-30,1193.68,1221.16,1180.079,1197.844,374621.0
2018-01-31,1196.733,1249.057,1196.733,1239.203,417881.0
2018-02-01,1228.378,1231.847,1194.79,1219.773,445689.0
2018-02-02,1208.253,1232.264,1188.545,1210.057,348582.0
2018-02-05,1168.837,1174.249,1111.378,1148.851,713302.0
2018-02-06,1122.897,1147.185,1107.63,1129.004,541969.0
2018-02-07,1144.965,1152.043,1041.289,1053.78,703814.0
2018-02-08,1051.42,1093.474,1051.42,1067.659,544906.0
2018-02-09,1028.797,1059.054,997.015,1056.278,588920.0
2018-02-12,1067.381,1109.018,1067.381,1100.691,446022.0
2018-02-13,1110.267,1136.082,1109.018,1110.406,283840.0
2018-02-14,1124.285,1132.057,1102.356,1131.225,208043.0
2018-02-22,1147.879,1181.605,1145.104,1179.801,290978.0
2018-02-23,1178.552,1192.015,1157.872,1173.417,189117.0
2018-02-26,1172.862,1177.719,1136.776,1157.872,320269.0
2018-02-27,1164.395,1165.922,1121.509,1124.285,290749.0
2018-02-28,1095.139,1119.844,1081.26,1099.025,330101.0
2018-03-01,1092.363,1115.402,1088.616,1099.58,254649.0
2018-03-02,1092.363,1106.242,1074.321,1087.089,246606.0
2018-03-05,1092.502,1101.801,1067.52,1068.63,211151.0
2018-03-06,1077.929,1085.563,1039.901,1084.591,406942.0
2018-03-07,1084.591,1110.128,1081.26,1085.146,283760.0
2018-03-08,1092.225,1136.221,1085.424,1135.388,395204.0
2018-03-09,1140.94,1156.068,1125.395,1138.164,245528.0
2018-03-12,1145.104,1147.879,1115.402,1124.979,242334.0
2018-03-13,1126.228,1136.637,1102.079,1103.605,231137.0
2018-03-14,1095.139,1118.317,1082.648,1116.652,240224.0
2018-03-15,1118.456,1154.541,1118.317,1150.655,373403.0
2018-03-16,1153.431,1160.926,1134.278,1134.972,205189.0
2018-03-19,1127.616,1152.737,1122.897,1146.63,210195.0
2018-03-20,1130.669,1136.082,1103.883,1118.039,239324.0
2018-03-21,1127.338,1130.947,1097.637,1102.356,243100.0
2018-03-22,1096.249,1103.605,1067.381,1069.185,328495.0
2018-03-23,1039.623,1060.164,1022.968,1058.637,321383.0
2018-03-26,1046.979,1053.502,1027.132,1039.484,278668.0
2018-03-27,1053.502,1061.136,1002.15,1018.388,541147.0
2018-03-28,999.374,1014.086,965.509,966.62,662488.0
2018-03-29,977.168,1009.783,954.684,1004.926,522912.0
2018-03-30,1001.456,1007.007,982.858,989.104,314311.0
2018-04-02,982.719,1009.228,970.506,990.075,331057.0
2018-04-03,982.719,1006.869,981.748,999.652,396232.0
2018-04-04,1004.648,1048.783,1003.676,1038.235,500768.0
2018-04-09,1038.096,1047.812,1023.662,1036.153,241021.0
2018-04-10,1036.153,1044.897,1029.214,1044.897,207430.0
2018-04-11,1050.171,1059.054,1039.762,1043.926,240838.0
2018-04-12,1043.648,1049.338,1027.826,1028.52,207163.0
2018-04-13,1038.096,1043.093,1005.342,1011.588,236599.0
2018-04-16,1007.701,1025.467,998.125,1011.449,223977.0
2018-04-17,1017.417,1022.274,992.434,997.986,200557.0
2018-04-18,1006.313,1011.032,972.31,988.687,239505.0
2018-04-19,1002.15,1046.563,989.936,1044.758,370867.0
2018-04-20,1039.623,1058.36,1024.079,1034.488,307060.0
2018-04-23,1029.908,1046.563,1021.303,1035.321,214696.0
2018-04-24,1039.623,1075.709,1039.623,1073.349,369737.0
2018-04-25,1066.132,1076.402,1063.217,1072.1,174748.0
2018-04-26,1065.993,1066.132,1022.968,1027.132,283516.0
2018-04-27,1039.207,1039.207,995.21,1011.588,236215.0
2018-05-02,1028.52,1056.972,1012.004,1056.555,348306.0
2018-05-03,1057.527,1094.862,1046.563,1092.363,319841.0
2018-05-04,1088.894,1094.306,1078.484,1079.872,198829.0
2018-05-07,1085.146,1125.395,1080.983,1122.897,344448.0
2018-05-08,1120.121,1134.694,1113.598,1123.452,285320.0
2018-05-09,1120.121,1128.032,1106.936,1126.367,209262.0
2018-05-10,1128.032,1153.292,1127.755,1150.378,283044.0
2018-05-11,1158.289,1169.392,1136.776,1137.609,222389.0
2018-05-14,1145.936,1164.257,1140.94,1155.096,228929.0
2018-05-15,1154.958,1171.474,1143.438,1169.808,233696.0
2018-05-16,1170.502,1179.94,1163.84,1166.894,261351.0
2018-05-17,1170.086,1173.417,1131.225,1137.748,268731.0
2018-05-18,1135.527,1150.378,1115.958,1144.965,216570.0
2018-05-21,1152.043,1165.367,1131.502,1139.274,186791.0
2018-05-22,1135.388,1151.765,1124.979,1145.797,172875.0
2018-05-23,1143.716,1152.598,1127.477,1129.004,194626.0
2018-05-24,1128.449,1136.499,1095.139,1095.417,288808.0
2018-05-25,1095.417,1118.178,1095.278,1099.303,247337.0
2018-05-28,1107.353,1143.022,1098.748,1143.022,349508.0
2018-05-29,1143.716,1166.755,1124.701,1127.616,329253.0
2018-05-30,1118.039,1151.765,1096.527,1134.0,267655.0
2018-05-31,1147.741,1172.723,1134.694,1164.257,415294.0
2018-06-01,1159.538,1177.025,1147.047,1159.26,276379.0
2018-06-04,1162.869,1207.975,1149.267,1203.395,457021.0
2018-06-05,1206.171,1230.182,1187.018,1217.274,395105.0
2018-06-06,1216.58,1228.378,1203.395,1207.698,281190.0
2018-06-07,1211.723,1216.997,1184.52,1190.21,240228.0
2018-06-08,1182.993,1199.093,1166.338,1183.826,256876.0
2018-06-11,1183.271,1228.1,1179.523,1212.833,417894.0
2018-06-12,1217.691,1268.21,1208.392,1261.687,460432.0
2018-06-13,1258.773,1270.847,1248.225,1254.331,286972.0
2018-06-14,1253.082,1263.214,1215.192,1239.62,265874.0
2018-06-15,1233.929,1241.007,1214.637,1223.52,240696.0
2018-06-19,1206.171,1216.303,1168.559,1176.748,380422.0
2018-06-20,1178.413,1208.947,1172.723,1207.004,263426.0
2018-06-21,1202.007,1225.047,1189.516,1190.627,265823.0
2018-06-22,1183.965,1188.128,1164.951,1180.911,248933.0
2018-06-25,1192.57,1229.349,1192.57,1207.698,366609.0
2018-06-26,1204.783,1219.079,1179.107,1198.954,289825.0
2018-06-27,1192.292,1200.62,1126.922,1130.531,422711.0
2018-06-28,1112.072,1119.289,1082.232,1090.281,332434.0
2018-06-29,1095.139,1132.335,1085.424,1122.897,229573.0
2018-07-02,1123.036,1147.324,1088.616,1099.025,262214.0
2018-07-03,1089.588,1107.63,1033.794,1072.655,417057.0
2018-07-04,1068.491,1080.844,1047.257,1049.338,248263.0
2018-07-05,1063.079,1077.235,1035.459,1051.004,328583.0
2018-07-06,1056.278,1085.146,1042.121,1066.271,331769.0
2018-07-09,1079.595,1106.936,1063.217,1106.797,321101.0
2018-07-10,1107.214,1114.986,1086.534,1104.438,220143.0
2018-07-11,1074.321,1094.306,1070.573,1086.534,191724.0
2018-07-12,1085.424,1123.869,1085.146,1111.794,283136.0
2018-07-13,1116.652,1139.552,1106.381,1137.47,275656.0
2018-07-16,1135.805,1150.516,1125.673,1132.89,204077.0
2018-07-17,1134.0,1136.36,1101.385,1113.737,189545.0
2018-07-18,1118.456,1124.285,1101.801,1103.605,166593.0
2018-07-19,1112.904,1114.709,1098.609,1104.577,144567.0
2018-07-20,1101.801,1110.822,1078.484,1105.271,250617.0
2018-07-23,1099.303,1111.794,1068.908,1087.089,298994.0
2018-07-24,1088.894,1129.004,1079.595,1127.477,379244.0
2018-07-25,1129.004,1134.0,1120.399,1127.061,235532.0
2018-07-26,1128.588,1130.947,1113.182,1115.819,203077.0
2018-07-27,1113.182,1126.644,1104.577,1115.819,163949.0
2018-07-30,1116.513,1118.733,1084.452,1093.751,198721.0
2018-07-31,1090.975,1098.748,1081.676,1087.506,149531.0
2018-08-01,1096.527,1096.527,1057.388,1057.943,260916.0
2018-08-02,1057.666,1057.943,1010.755,1028.797,335334.0
2018-08-03,1029.908,1029.908,997.431,997.57,264072.0
2018-08-06,989.52,1002.15,972.726,979.111,257040.0
2018-08-07,988.271,1011.449,974.392,1008.812,277343.0
2018-08-08,1010.477,1010.477,977.723,980.499,236818.0
2018-08-09,975.78,1009.089,971.894,1007.146,263990.0
2018-08-10,1005.758,1018.666,992.99,1002.844,212833.0
2018-08-13,991.741,991.741,961.901,980.082,365521.0
2018-08-14,988.132,1001.039,975.918,989.659,294337.0
2018-08-15,989.797,989.797,964.399,965.093,207112.0
2018-08-16,951.214,966.203,934.698,934.837,308055.0
2018-08-17,944.552,950.797,923.039,927.342,259935.0
2018-08-20,932.616,948.716,913.047,947.05,291249.0
2018-08-21,947.328,983.552,945.246,978.972,355392.0
2018-08-22,974.253,979.527,964.399,970.089,147732.0
2018-08-23,974.114,985.911,963.011,976.474,178918.0
2018-08-24,973.004,973.004,953.573,959.958,184769.0
2018-08-27,961.901,992.573,961.901,992.573,340401.0
2018-08-28,1002.566,1004.648,973.975,978.555,390976.0
2018-08-29,978.417,981.47,965.232,969.951,242285.0
2018-08-30,970.228,981.331,962.178,966.064,189692.0
2018-08-31,960.374,960.374,941.499,945.246,244560.0
2018-09-03,934.143,948.993,934.004,946.217,208324.0
2018-09-04,950.381,959.958,941.082,957.321,194838.0
2018-09-05,957.043,957.043,929.979,931.367,217130.0
2018-09-06,925.815,941.637,907.495,914.851,319221.0
2018-09-07,923.039,934.837,916.1,929.563,222726.0
2018-09-10,931.644,932.2,908.883,924.15,195919.0
2018-09-11,924.15,937.612,921.652,932.755,202919.0
2018-09-12,932.755,932.755,913.185,914.018,191607.0
2018-09-13,924.289,927.897,899.168,918.598,206865.0
2018-09-14,925.121,948.854,914.712,940.111,294960.0
2018-09-17,938.306,954.406,933.171,944.691,235508.0
2018-09-18,941.36,968.84,932.894,963.427,263861.0
2018-09-19,960.374,995.627,959.125,980.499,411364.0
2018-09-20,979.943,986.189,974.808,979.805,164165.0
2018-09-21,982.719,1013.253,982.303,1007.979,331030.0
2018-09-25,999.652,1007.563,986.605,992.434,195150.0
2018-09-26,997.986,1034.072,996.321,1018.805,438041.0
2018-09-27,1015.89,1024.356,1008.118,1021.164,216315.0
2018-09-28,1022.552,1034.072,1013.253,1029.214,233828.0
2018-10-08,1000.484,1006.036,967.175,967.175,370570.0
2018-10-09,968.285,980.221,957.737,965.509,214204.0
2018-10-10,967.452,970.228,925.815,930.118,419605.0
2018-10-11,897.641,921.235,891.395,901.111,457450.0
2018-10-12,902.221,925.954,899.445,921.79,371526.0
2018-10-15,921.929,925.121,899.168,901.666,256200.0
2018-10-16,902.221,918.182,895.281,904.58,152527.0
2018-10-17,917.488,918.598,886.954,910.548,262416.0
2018-10-18,902.36,907.356,887.787,891.118,177303.0
2018-10-19,888.342,915.267,871.271,911.797,368965.0
2018-10-22,921.929,960.513,921.79,953.296,445531.0
2018-10-23,948.716,948.716,879.737,891.118,542433.0
2018-10-24,871.687,884.178,846.844,867.385,440495.0
2018-10-25,848.787,854.755,835.879,846.705,290302.0
2018-10-26,848.093,855.865,835.602,839.765,231604.0
2018-10-29,793.271,793.965,764.402,764.402,379558.0
2018-10-30,735.673,763.986,725.402,745.249,550241.0
2018-10-31,752.328,762.737,745.249,754.41,461994.0
2018-11-01,767.595,793.271,762.182,775.228,639045.0
2018-11-02,804.79,831.299,791.883,831.299,593915.0
2018-11-05,817.004,820.335,795.353,804.374,457640.0
2018-11-06,804.096,804.096,780.363,791.189,283324.0
2018-11-07,792.716,800.904,783.139,787.025,240856.0
2018-11-08,795.908,800.765,787.025,789.662,182009.0
2018-11-09,780.225,786.193,778.559,780.225,146378.0
2018-11-12,777.865,782.723,766.207,780.78,261821.0
2018-11-13,771.758,803.541,769.954,797.435,326150.0
2018-11-14,797.435,797.573,780.918,782.445,206289.0
2018-11-15,785.082,791.744,783.0,788.274,151935.0
2018-11-16,791.189,796.463,785.776,789.662,196548.0
2018-11-19,791.744,807.566,788.413,803.541,247184.0
2018-11-20,800.627,800.904,788.413,788.552,180986.0
2018-11-21,780.225,800.072,778.698,795.769,182848.0
2018-11-22,798.128,800.627,785.082,793.826,124116.0
2018-11-23,793.687,796.741,780.086,780.363,137979.0
2018-11-26,785.637,788.968,780.086,781.335,95098.0
2018-11-27,785.221,785.221,773.701,777.032,100746.0
2018-11-28,779.669,788.83,775.367,783.417,137337.0
2018-11-29,795.769,800.627,785.637,786.054,243414.0
2018-11-30,789.801,813.257,787.025,813.257,398866.0
2018-12-03,836.573,852.257,827.274,850.73,460208.0
2018-12-04,849.481,855.171,841.292,848.787,215035.0
2018-12-05,838.239,857.947,834.908,848.232,280714.0
2018-12-06,836.296,841.986,817.975,821.723,299608.0
2018-12-07,828.801,831.022,818.947,824.499,146894.0
2018-12-10,814.644,823.805,806.317,812.424,158760.0
2018-12-11,812.701,821.584,809.509,819.225,110120.0
2018-12-12,828.523,828.523,817.42,824.082,121634.0
2018-12-13,823.805,841.847,820.335,835.741,230113.0
2018-12-14,833.242,834.214,820.612,821.584,173186.0
2018-12-17,818.114,821.723,810.758,819.225,103843.0
2018-12-18,813.534,822.278,812.007,820.89,106706.0
2018-12-19,818.947,836.296,814.922,815.616,190965.0
2018-12-20,815.477,818.114,792.716,805.901,182039.0
2018-12-21,799.516,800.904,780.78,788.413,194939.0
2018-12-24,782.862,797.435,780.918,793.41,104929.0
2018-12-25,783.833,795.353,778.004,792.022,120800.0
2018-12-26,791.744,796.463,782.862,785.776,91197.0
2018-12-27,796.741,800.627,782.168,782.168,134354.0
2018-12-28,784.527,797.435,777.588,792.299,190684.0
2019-01-02,802.292,805.068,777.726,779.253,232267.0
2019-01-03,780.641,780.641,756.075,765.652,278029.0
2019-01-04,755.52,777.032,752.328,773.701,241498.0
2019-01-07,778.698,782.168,766.623,770.509,233796.0
2019-01-08,772.869,774.534,764.541,766.484,167844.0
2019-01-09,771.897,789.385,768.289,780.502,330784.0
2019-01-10,778.42,782.168,769.399,778.143,186374.0
2019-01-11,780.78,790.773,776.2,789.662,247667.0
2019-01-14,787.025,788.274,772.869,774.395,217800.0
2019-01-15,776.616,823.111,773.285,821.306,500413.0
2019-01-16,818.947,818.947,808.26,810.62,330077.0
2019-01-17,813.395,818.808,801.737,806.733,233909.0
2019-01-18,810.62,842.541,810.62,833.936,521235.0
2019-01-21,844.623,868.495,844.207,863.36,549111.0
2019-01-22,863.36,863.36,844.623,852.395,335691.0
2019-01-23,847.815,857.114,843.929,850.452,202242.0
2019-01-24,853.644,859.89,842.541,852.257,193597.0
2019-01-25,857.114,861.278,845.595,852.951,241740.0
2019-01-28,863.36,898.751,856.42,883.762,592375.0
2019-01-29,885.566,899.168,873.075,899.168,317132.0
2019-01-30,896.531,907.356,880.015,881.125,286801.0
2019-01-31,887.093,928.036,871.826,923.039,527323.0
2019-02-01,929.979,937.751,921.929,935.253,390354.0
2019-02-11,944.83,991.463,927.203,984.107,433981.0
2019-02-12,986.189,1012.837,978.555,984.801,437641.0
2019-02-13,994.933,1005.481,981.054,1003.121,374356.0
2019-02-14,1001.456,1034.072,996.459,1029.353,446146.0
2019-02-15,1029.908,1032.684,1003.121,1007.701,311272.0
2019-02-18,1017.417,1056.278,1017.417,1055.862,439770.0
2019-02-19,1053.225,1064.189,1038.374,1053.086,339648.0
2019-02-20,1050.726,1064.328,1027.132,1043.926,296281.0
2019-02-21,1043.232,1047.118,1023.801,1030.602,283498.0
2019-02-22,1021.442,1036.847,1013.253,1036.847,238045.0
2019-02-25,1039.068,1083.342,1022.83,1075.153,593506.0
2019-02-26,1070.99,1071.545,1041.011,1042.676,450653.0
2019-02-27,1051.42,1092.086,1045.869,1058.499,488307.0
2019-02-28,1054.89,1093.751,1036.986,1078.484,394477.0
2019-03-01,1086.812,1142.605,1081.26,1139.552,493189.0
2019-03-04,1149.128,1189.516,1134.139,1158.289,612471.0
2019-03-05,1158.15,1176.47,1151.627,1165.506,332858.0
2019-03-06,1158.289,1160.37,1140.94,1154.68,341850.0
2019-03-07,1142.05,1142.05,1102.079,1112.765,464176.0
2019-03-08,1081.815,1118.456,1071.684,1077.652,421400.0
2019-03-11,1079.872,1148.018,1079.872,1140.94,453330.0
2019-03-12,1139.274,1156.901,1123.869,1131.225,345975.0
2019-03-13,1127.061,1157.039,1122.203,1147.879,320983.0
2019-03-14,1153.431,1182.438,1137.054,1156.901,438312.0
2019-03-15,1153.015,1190.765,1127.2,1179.523,407666.0
2019-03-18,1178.136,1288.89,1175.637,1288.89,785028.0
2019-03-19,1264.879,1315.954,1256.136,1279.73,614712.0
2019-03-20,1265.851,1309.986,1257.523,1275.566,404122.0
2019-03-21,1275.844,1279.73,1259.328,1264.463,218635.0
2019-03-22,1259.605,1288.335,1252.111,1280.424,287228.0
2019-03-25,1258.911,1272.79,1228.378,1235.456,333485.0
2019-03-26,1240.869,1275.15,1240.452,1258.495,323212.0
2019-03-27,1271.125,1334.552,1259.605,1307.21,494442.0
2019-03-28,1332.47,1361.477,1307.627,1339.41,607345.0
2019-03-29,1356.064,1447.388,1351.068,1404.641,574995.0
2019-04-01,1404.641,1438.783,1390.762,1426.431,548710.0
2019-04-02,1418.52,1425.182,1394.648,1419.353,356989.0
2019-04-03,1399.228,1432.538,1399.228,1410.192,247438.0
2019-04-04,1399.922,1495.271,1393.399,1477.228,516297.0
2019-04-08,1538.573,1548.844,1474.175,1501.794,535741.0
2019-04-09,1476.257,1614.63,1475.563,1613.104,473137.0
2019-04-10,1557.31,1613.242,1515.673,1571.189,673144.0
2019-04-11,1555.922,1569.801,1440.31,1471.26,676207.0
2019-04-12,1444.89,1478.2,1432.399,1468.762,410824.0
2019-04-15,1501.794,1542.598,1474.036,1482.363,464503.0
2019-04-16,1454.605,1504.986,1433.232,1504.708,474714.0
2019-04-17,1487.637,1550.093,1478.2,1524.278,423136.0
2019-04-18,1520.114,1536.491,1499.018,1506.513,278663.0
2019-04-19,1506.513,1507.623,1472.093,1497.075,302350.0
2019-04-22,1487.915,1528.164,1480.975,1489.719,350743.0
2019-04-23,1482.363,1564.249,1480.975,1533.854,521793.0
2019-04-24,1543.431,1564.249,1487.915,1522.612,362607.0
2019-04-25,1512.897,1529.552,1482.363,1482.363,324523.0
2019-04-26,1472.648,1522.612,1472.648,1505.541,410706.0
2019-04-29,1487.915,1544.958,1457.381,1505.819,578442.0
2019-04-30,1501.794,1536.491,1487.915,1506.79,299196.0
2019-05-06,1450.997,1455.022,1364.669,1364.669,716992.0
2019-05-07,1381.047,1431.983,1381.047,1417.965,517242.0
2019-05-08,1379.242,1441.559,1377.16,1416.854,333316.0
2019-05-09,1403.253,1416.854,1335.523,1360.367,525057.0
2019-05-10,1398.95,1466.819,1385.349,1462.933,597126.0
2019-05-13,1460.157,1533.716,1432.399,1524.0,521618.0
2019-05-14,1487.915,1543.292,1487.915,1508.456,431034.0
2019-05-15,1532.328,1619.765,1517.894,1611.438,647520.0
2019-05-16,1595.616,1640.445,1582.292,1612.548,426502.0
2019-05-17,1599.225,1626.427,1543.292,1563.694,501195.0
2019-05-20,1554.534,1556.338,1496.242,1529.552,398480.0
2019-05-21,1529.691,1559.808,1500.406,1532.328,418029.0
2019-05-22,1519.837,1545.235,1487.915,1519.975,281541.0
2019-05-23,1504.847,1515.673,1464.737,1471.676,428034.0
2019-05-24,1475.563,1514.007,1471.26,1488.192,324838.0
2019-05-27,1494.854,1510.815,1453.217,1501.794,351185.0
2019-05-28,1496.242,1532.328,1492.079,1517.061,427840.0
2019-05-29,1501.516,1546.484,1496.242,1537.185,431698.0
2019-05-30,1526.776,1546.207,1501.655,1517.477,249275.0
2019-05-31,1521.225,1521.225,1488.331,1491.385,288484.0
2019-06-03,1492.079,1523.306,1474.869,1494.299,261336.0
2019-06-04,1507.068,1508.733,1455.022,1462.794,320980.0
2019-06-05,1481.669,1482.502,1458.491,1460.851,235420.0
2019-06-06,1469.595,1480.559,1451.274,1460.018,217204.0
2019-06-10,1460.157,1513.313,1442.114,1503.737,345857.0
2019-06-11,1513.73,1629.758,1507.068,1621.847,641526.0
2019-06-12,1624.068,1633.644,1586.595,1603.249,384593.0
2019-06-13,1608.94,1610.744,1569.107,1592.007,274693.0
2019-06-14,1591.73,1618.378,1562.723,1566.47,348242.0
2019-06-17,1566.47,1584.235,1526.915,1548.983,300608.0
2019-06-18,1545.652,1568.829,1528.164,1554.257,232709.0
2019-06-19,1605.609,1611.438,1578.961,1579.516,378260.0
2019-06-20,1573.41,1679.445,1571.605,1677.641,631132.0
2019-06-21,1665.011,1690.271,1653.075,1677.78,428986.0
2019-06-24,1677.78,1739.125,1664.317,1706.648,428014.0
2019-06-25,1706.648,1727.605,1664.178,1704.427,387596.0
2019-06-26,1695.267,1703.595,1680.694,1689.438,203148.0
2019-06-27,1699.015,1753.975,1699.015,1737.737,446929.0
2019-06-28,1741.623,1752.171,1718.029,1746.758,270361.0
2019-07-01,1791.587,1858.484,1789.783,1858.484,479809.0
2019-07-02,1840.58,1886.242,1839.192,1886.242,382938.0
2019-07-03,1872.363,1918.025,1804.911,1829.477,714433.0
2019-07-04,1829.2,1842.662,1779.096,1818.096,483134.0
2019-07-05,1823.787,1916.499,1816.847,1911.363,562843.0
2019-07-08,1910.947,1911.224,1837.666,1872.78,466161.0
2019-07-09,1868.477,1897.345,1837.666,1858.484,367636.0
2019-07-10,1870.698,1878.47,1850.157,1864.452,246400.0
2019-07-11,1878.609,1885.132,1814.488,1823.787,421003.0
2019-07-12,1826.979,1865.84,1815.459,1852.655,334533.0
2019-07-15,1831.004,1850.99,1796.029,1845.854,294386.0
2019-07-16,1845.993,1858.484,1819.484,1824.897,229800.0
2019-07-17,1823.787,1840.997,1809.908,1825.175,198448.0
2019-07-18,1823.926,1834.196,1789.089,1789.089,279617.0
2019-07-19,1802.968,1829.061,1790.477,1804.911,238433.0
2019-07-22,1807.132,1827.673,1793.669,1823.093,229289.0
2019-07-23,1826.563,1827.673,1756.89,1775.904,426761.0
2019-07-24,1778.264,1790.894,1761.331,1768.271,282785.0
2019-07-25,1765.495,1799.776,1722.47,1798.527,439752.0
2019-07-26,1786.452,1809.908,1782.15,1792.559,235231.0
2019-07-29,1796.029,1833.224,1788.118,1827.257,356041.0
2019-07-30,1832.114,1840.164,1809.908,1815.459,238944.0
2019-07-31,1805.744,1818.235,1779.096,1785.064,242682.0
2019-08-01,1775.627,1793.531,1749.257,1761.748,260735.0
2019-08-02,1723.997,1756.474,1719.972,1749.118,270011.0
2019-08-05,1727.05,1766.744,1722.748,1732.879,269946.0
2019-08-06,1730.797,1800.192,1696.1,1792.975,533102.0
2019-08-07,1800.192,1800.886,1759.388,1759.666,256857.0
2019-08-08,1768.132,1797.555,1764.94,1782.427,252179.0
2019-08-09,1796.029,1802.691,1740.513,1747.73,278185.0
2019-08-12,1788.95,1819.623,1761.47,1814.627,395370.0
2019-08-13,1802.968,1816.847,1794.363,1807.132,191874.0
2019-08-14,1833.502,1872.363,1823.926,1856.402,416269.0
2019-08-15,1829.338,1864.591,1823.926,1858.207,246999.0
2019-08-16,1865.424,1900.121,1850.157,1862.648,312170.0
2019-08-19,1876.527,1897.484,1854.737,1884.854,312746.0
2019-08-20,1886.242,1917.054,1882.079,1908.31,306616.0
2019-08-21,1906.922,1912.335,1880.691,1884.16,232900.0
2019-08-22,1890.961,1927.879,1884.299,1920.94,302086.0
2019-08-23,1921.495,1937.317,1902.62,1915.388,320667.0
2019-08-26,1884.854,1900.121,1866.812,1878.192,283219.0
2019-08-27,1896.929,1959.523,1892.488,1947.032,379670.0
2019-08-28,1958.413,2004.908,1937.595,1968.406,343763.0
2019-08-29,1975.068,2021.424,1965.63,2011.153,316290.0
2019-08-30,2025.726,2095.815,2025.449,2073.609,440797.0
2019-09-02,2073.609,2088.182,2026.42,2079.022,329900.0
2019-09-03,2080.548,2091.513,2044.463,2073.609,274753.0
2019-09-04,2053.623,2066.669,2018.093,2029.335,380555.0
2019-09-05,2028.918,2056.121,2022.257,2037.523,300247.0
2019-09-06,2047.933,2054.178,2014.207,2052.929,279327.0
2019-09-09,2053.623,2062.922,2033.36,2041.687,224902.0
2019-09-10,2027.808,2031.972,2000.189,2014.623,247836.0
2019-09-11,1983.395,1991.723,1895.68,1903.73,702309.0
2019-09-12,1879.303,1943.701,1879.303,1935.513,412754.0
2019-09-16,1920.523,1938.983,1901.509,1926.769,238108.0
2019-09-17,1915.388,1965.908,1908.171,1935.374,257861.0
2019-09-18,1943.146,1996.164,1941.897,1991.168,363935.0
2019-09-19,1997.274,2000.744,1965.491,1982.285,182044.0
2019-09-20,1990.335,2018.37,1990.335,2008.933,257905.0
2019-09-23,2007.267,2007.267,1941.758,1981.313,209573.0
2019-09-24,1972.986,2021.146,1972.986,2004.353,268693.0
2019-09-25,1997.274,2023.367,1978.676,2004.769,189634.0
2019-09-26,2010.737,2019.758,1960.495,1970.904,219393.0
2019-09-27,1957.164,1987.559,1944.534,1966.741,166711.0
2019-09-30,1955.637,1968.822,1907.061,1911.224,265433.0
2019-10-08,1911.224,1977.427,1911.224,1952.306,226896.0
2019-10-09,1955.637,1956.886,1923.716,1939.121,168829.0
2019-10-10,1894.708,1936.901,1859.595,1927.741,293458.0
2019-10-11,1934.819,1950.78,1900.121,1931.349,226707.0
2019-10-14,1955.637,1962.577,1918.164,1925.936,210410.0
2019-10-15,1927.879,1962.993,1914.0,1951.335,274876.0
2019-10-16,1912.612,1931.349,1896.513,1915.805,274371.0
2019-10-17,1927.879,1929.684,1910.531,1918.164,147555.0
2019-10-18,1913.723,1913.723,1867.783,1876.527,325368.0
2019-10-21,1876.527,1893.182,1860.289,1887.908,165636.0
2019-10-22,1900.121,1905.395,1886.242,1900.121,144421.0
2019-10-23,1900.121,1915.111,1872.641,1876.805,191811.0
2019-10-24,1879.997,1889.018,1834.196,1838.082,270605.0
2019-10-25,1846.687,1893.182,1836.555,1889.018,257852.0
2019-10-28,1889.296,1925.103,1876.249,1914.694,236364.0
2019-10-29,1927.879,1950.78,1917.609,1934.819,214685.0
2019-10-30,1934.819,1939.954,1908.171,1927.185,132816.0
2019-10-31,1992.555,1997.274,1937.733,1942.869,333271.0
2019-11-01,1951.474,1972.015,1939.676,1965.353,223768.0
2019-11-04,1968.128,1995.192,1967.296,1969.378,220472.0
2019-11-05,1976.456,1987.281,1963.271,1973.402,163964.0
2019-11-06,1983.118,1983.118,1948.837,1950.502,190922.0
2019-11-07,1950.641,1962.438,1943.424,1957.997,103992.0
2019-11-08,1973.68,2006.018,1969.516,1977.705,289219.0
2019-11-11,1969.516,1981.73,1941.758,1951.751,217726.0
2019-11-12,1957.025,1967.434,1944.395,1960.773,160138.0
2019-11-13,1966.741,1987.281,1951.196,1978.121,181588.0
2019-11-14,1978.538,1990.335,1965.075,1977.15,187238.0
2019-11-15,1983.118,1983.118,1955.637,1960.217,130653.0
2019-11-18,1961.466,1970.765,1948.698,1955.637,134641.0
2019-11-19,1955.637,1965.353,1949.669,1962.577,155716.0
2019-11-20,1955.637,1991.168,1952.862,1969.516,210089.0
2019-11-21,1964.659,1972.986,1954.388,1964.797,128165.0
2019-11-22,1960.773,1970.488,1886.936,1899.705,283119.0
2019-11-25,1890.406,1908.171,1854.598,1895.958,234312.0
2019-11-26,1896.096,1923.993,1896.096,1923.993,172908.0
2019-11-27,1920.801,1945.922,1910.253,1934.68,154690.0
2019-11-28,1941.897,1952.862,1912.612,1925.242,113863.0
2019-11-29,1922.328,1922.328,1858.484,1879.997,258759.0
2019-12-02,1878.609,1899.289,1847.381,1872.363,141217.0
2019-12-03,1863.481,1869.449,1842.94,1859.039,139508.0
2019-12-04,1885.687,1894.153,1870.698,1892.488,192212.0
2019-12-05,1893.182,1895.958,1879.303,1888.463,112778.0
2019-12-06,1888.324,1930.655,1886.381,1927.602,202983.0
2019-12-09,1938.566,1955.36,1916.776,1920.801,131495.0
2019-12-10,1912.335,1928.99,1907.061,1925.936,97115.0
2019-12-11,1919.552,1925.797,1886.242,1897.623,147185.0
2019-12-12,1900.121,1903.175,1876.527,1883.189,129775.0
2019-12-13,1894.292,1917.054,1889.018,1907.338,164666.0
2019-12-16,1917.054,1918.164,1880.691,1897.762,202120.0
2019-12-17,1899.983,1918.58,1898.039,1917.47,252660.0
2019-12-18,1920.94,1954.527,1917.47,1927.047,235573.0
2019-12-19,1927.879,1936.901,1902.62,1912.057,130362.0
2019-12-20,1914.0,1917.886,1898.733,1901.509,130458.0
2019-12-23,1879.303,1907.061,1872.224,1888.185,156764.0
2019-12-24,1892.349,1908.726,1891.794,1895.958,83081.0
2019-12-25,1902.342,1902.758,1881.94,1887.63,109821.0
2019-12-26,1887.63,1890.684,1876.249,1888.324,101143.0
2019-12-27,1899.844,1917.47,1897.623,1900.121,196530.0
2019-12-30,1902.897,1959.107,1894.292,1953.139,340116.0
2019-12-31,1955.637,1971.182,1944.534,1955.776,195074.0
2020-01-02,1941.758,1962.577,1908.31,1942.869,306674.0
2020-01-03,1936.207,1942.73,1908.587,1921.634,204692.0
2020-01-06,1914.0,1917.47,1893.459,1902.897,259369.0
2020-01-07,1907.061,1928.851,1900.121,1905.257,223277.0
2020-01-08,1899.983,1910.669,1886.936,1898.595,161802.0
2020-01-09,1900.121,1930.655,1889.712,1924.687,255490.0
2020-01-10,1920.94,1970.21,1920.94,1964.242,429695.0
2020-01-13,1973.125,2052.79,1972.986,2048.071,496041.0
2020-01-14,2054.178,2062.228,2027.808,2032.805,199073.0
2020-01-15,2032.805,2091.79,2032.666,2063.894,234789.0
2020-01-16,2063.894,2080.548,2043.075,2061.95,145359.0
2020-01-17,2070.278,2077.773,2029.196,2032.666,148478.0
2020-01-20,2060.424,2061.95,2008.378,2018.926,167537.0
2020-01-21,2004.214,2004.214,1941.897,1950.363,293073.0
2020-01-22,1927.741,1951.057,1910.669,1937.595,257530.0
2020-01-23,1938.566,1938.566,1844.605,1860.705,415936.0
2020-02-03,1685.552,1685.552,1685.552,1685.552,167639.0
2020-02-04,1622.541,1775.21,1622.541,1698.876,710214.0
2020-02-05,1718.306,1772.434,1693.324,1740.652,388783.0
2020-02-06,1761.331,1774.378,1728.022,1763.413,306551.0
2020-02-07,1764.801,1788.118,1742.039,1783.26,280116.0
2020-02-10,1768.271,1807.548,1755.502,1790.894,221876.0
2020-02-11,1791.171,1851.545,1791.171,1841.691,245773.0
2020-02-12,1837.666,1848.075,1813.655,1837.527,175113.0
2020-02-13,1842.94,1867.644,1821.983,1832.669,178628.0
2020-02-14,1833.502,1856.819,1809.214,1822.815,169719.0
2020-02-17,1819.345,1834.89,1811.018,1834.89,238169.0
2020-02-18,1827.95,1834.89,1816.986,1822.26,128727.0
2020-02-19,1827.673,1874.862,1812.406,1858.484,316627.0
2020-02-20,1872.363,1922.05,1870.837,1916.082,334661.0
2020-02-21,1914.0,1930.655,1900.399,1914.0,207437.0
2020-02-24,1905.673,1905.673,1868.2,1873.751,235601.0
2020-02-25,1841.829,1872.363,1828.783,1848.769,240633.0
2020-02-26,1828.367,1864.313,1816.847,1832.114,214178.0
2020-02-27,1841.829,1882.773,1837.666,1862.648,235731.0
2020-02-28,1830.726,1831.143,1761.331,1783.538,366012.0
2020-03-02,1776.598,1825.175,1769.659,1811.99,269822.0
2020-03-03,1826.563,1856.819,1826.563,1835.862,230923.0
2020-03-04,1830.726,1857.513,1830.726,1848.353,197575.0
2020-03-05,1866.118,1981.73,1858.484,1958.413,565619.0
2020-03-06,1941.758,1981.73,1914.0,1914.972,291658.0
2020-03-09,1886.242,1889.712,1859.039,1862.648,244541.0
2020-03-10,1862.648,1936.623,1861.26,1923.993,310772.0
2020-03-11,1948.698,1952.862,1907.061,1912.612,187635.0
2020-03-12,1870.698,1887.769,1856.541,1859.039,252660.0
2020-03-13,1775.21,1847.659,1759.666,1811.296,350887.0
2020-03-16,1794.641,1808.52,1697.627,1712.755,370242.0
2020-03-17,1698.876,1741.623,1616.712,1669.175,352980.0
2020-03-18,1680.833,1719.278,1590.481,1602.972,404423.0
2020-03-19,1578.128,1594.783,1478.616,1526.915,601698.0
2020-03-20,1557.587,1631.701,1556.061,1615.741,422064.0
2020-03-23,1553.146,1587.844,1539.822,1560.225,328265.0
2020-03-24,1595.894,1634.894,1581.459,1623.235,356363.0
2020-03-25,1679.445,1705.26,1661.958,1691.936,309473.0
2020-03-26,1677.78,1723.858,1662.79,1690.41,208801.0
2020-03-27,1714.143,1744.676,1714.143,1717.057,235435.0
2020-03-30,1675.559,1692.214,1660.015,1681.249,205806.0
2020-03-31,1705.815,1727.883,1692.769,1708.591,188496.0
2020-04-01,1719.694,1733.434,1698.043,1705.815,175969.0
2020-04-02,1691.936,1736.21,1685.274,1736.21,191537.0
2020-04-03,1743.289,1767.854,1730.797,1740.79,175806.0
2020-04-07,1783.538,1838.776,1783.538,1832.669,294512.0
2020-04-08,1832.669,1858.345,1822.815,1848.491,201134.0
2020-04-09,1867.506,1880.691,1816.986,1844.328,158796.0
2020-04-10,1844.328,1897.345,1833.502,1865.701,198961.0
2020-04-13,1846.687,1872.641,1833.502,1844.605,146060.0
2020-04-14,1866.95,1898.456,1847.381,1892.488,194619.0
2020-04-15,1892.765,1917.886,1875.278,1884.993,162967.0
2020-04-16,1872.502,1883.466,1851.822,1859.872,188254.0
2020-04-17,1874.723,1909.837,1868.755,1897.623,234711.0
2020-04-20,1912.89,1920.662,1898.456,1904.424,132188.0
2020-04-21,1887.353,1899.427,1845.716,1865.007,205524.0
2020-04-22,1865.979,1927.741,1850.434,1918.164,265985.0
2020-04-23,1930.655,1973.68,1925.103,1929.128,213319.0
2020-04-24,1931.21,1959.662,1905.257,1933.431,167733.0
2020-04-27,1948.837,1964.242,1919.274,1951.474,159342.0
2020-04-28,1997.274,2069.723,1976.595,2038.911,420773.0
2020-04-29,2038.911,2054.872,1969.516,1990.335,291832.0
2020-04-30,1990.335,2041.687,1969.794,1994.082,228641.0
2020-05-06,1976.456,2039.605,1969.239,2027.947,251045.0
2020-05-07,2030.306,2080.548,2016.289,2079.299,277962.0
2020-05-08,2089.57,2129.125,2065.698,2093.039,243267.0
2020-05-11,2097.481,2123.573,2066.669,2078.466,236820.0
2020-05-12,2066.669,2105.392,2065.143,2093.039,151845.0
2020-05-13,2093.039,2138.979,2084.712,2136.064,196350.0
2020-05-14,2134.676,2149.943,2113.858,2140.228,153613.0
2020-05-15,2156.883,2163.684,2109.417,2125.239,160644.0
2020-05-18,2122.185,2225.723,2116.634,2208.096,248810.0
2020-05-19,2237.797,2240.018,2196.716,2211.289,176506.0
2020-05-20,2226.278,2232.94,2198.659,2203.378,170412.0
2020-05-21,2217.395,2240.573,2205.876,2214.897,170922.0
2020-05-22,2202.128,2202.406,2103.449,2111.776,383526.0
2020-05-25,2108.445,2155.495,2068.057,2150.36,243560.0
2020-05-26,2150.36,2179.367,2138.146,2161.185,165119.0
2020-05-27,2161.324,2169.374,2131.623,2138.285,145963.0
2020-05-28,2138.146,2164.1,2115.246,2138.285,148184.0
2020-05-29,2122.185,2172.011,2119.826,2166.598,163217.0
2020-06-01,2192.413,2332.869,2192.413,2310.801,357844.0
2020-06-02,2308.025,2381.029,2302.89,2313.299,291586.0
2020-06-03,2342.306,2354.797,2284.292,2305.943,252759.0
2020-06-04,2303.029,2330.093,2288.733,2314.41,136318.0
2020-06-05,2318.018,2339.808,2297.061,2331.619,159859.0
2020-06-08,2323.431,2399.071,2320.655,2338.837,222551.0
2020-06-09,2338.42,2372.007,2316.63,2366.595,161119.0
2020-06-10,2367.15,2382.833,2345.36,2365.623,149481.0
2020-06-11,2355.353,2368.399,2301.918,2331.342,199461.0
2020-06-12,2288.733,2356.463,2276.242,2351.189,176476.0
2020-06-15,2316.491,2342.584,2281.794,2288.733,266220.0
2020-06-16,2290.121,2320.1,2280.406,2298.171,259847.0
2020-06-17,2292.342,2295.673,2245.708,2273.189,232423.0
2020-06-18,2283.182,2310.662,2274.299,2307.609,199490.0
2020-06-19,2309.552,2420.584,2308.58,2407.676,387028.0
2020-06-22,2416.42,2416.42,2374.783,2402.541,216312.0
2020-06-23,2402.541,2477.488,2389.773,2471.659,265325.0
2020-06-24,2477.627,2517.737,2458.057,2480.402,187986.0
2020-06-29,2452.644,2478.876,2441.402,2464.997,199936.0
2020-06-30,2479.431,2522.872,2478.876,2515.239,189898.0
2020-07-01,2515.239,2709.267,2515.239,2665.965,271818.0
2020-07-02,2638.484,2809.751,2636.819,2770.196,348870.0
2020-07-03,2777.135,2784.214,2673.182,2759.509,308159.0
2020-07-06,2759.37,2860.548,2715.652,2816.413,328431.0
2020-07-07,2815.858,3004.612,2781.716,2942.296,384111.0
2020-07-08,2936.883,2996.563,2902.185,2962.698,292323.0
2020-07-09,2963.114,2990.456,2936.883,2967.694,295243.0
2020-07-10,2957.701,3079.837,2927.168,3013.217,335476.0
2020-07-13,3013.217,3263.039,3013.217,3168.662,488807.0
2020-07-14,3170.05,3267.619,3083.029,3206.135,438733.0
2020-07-15,3179.765,3276.918,3160.335,3248.466,371700.0
2020-07-16,3207.523,3208.217,2937.716,2937.716,705737.0
2020-07-17,2846.669,3050.691,2846.669,2990.872,529767.0
2020-07-20,2992.399,3034.036,2791.292,2939.381,442907.0
2020-07-21,2929.943,3039.587,2899.41,2993.509,317859.0
2020-07-22,2975.05,3094.687,2954.232,3039.587,280663.0
2020-07-23,3017.381,3081.224,2993.787,3055.826,265413.0
2020-07-24,3027.096,3040.281,2888.306,2935.356,405386.0
2020-07-27,2963.114,3010.442,2935.634,2972.968,246347.0
2020-07-28,2997.812,3151.175,2980.879,3110.37,384497.0
2020-07-29,3115.228,3130.911,3041.114,3123.972,301364.0
2020-07-30,3110.37,3166.58,3096.491,3142.57,253226.0
2020-07-31,3145.207,3207.662,3114.256,3158.947,262318.0
2020-08-03,3168.385,3192.673,3127.025,3162.0,201454.0
2020-08-04,3158.947,3190.869,3110.37,3135.353,206769.0
2020-08-05,3132.577,3162.555,3096.491,3158.669,186712.0
2020-08-06,3158.669,3173.381,3050.135,3069.011,323044.0
2020-08-07,3054.854,3096.491,2960.2,3016.826,287236.0
2020-08-10,3016.826,3039.31,2956.869,2998.506,191521.0
2020-08-11,3013.217,3101.349,3013.217,3040.975,250091.0
2020-08-12,3025.986,3053.189,2958.256,3005.861,180250.0
2020-08-13,3027.096,3054.854,2992.399,3011.829,123210.0
2020-08-14,3003.502,3100.655,3002.392,3095.103,244315.0
2020-08-17,3117.31,3221.402,3117.31,3193.506,315156.0
2020-08-18,3193.506,3235.281,3167.552,3201.555,190382.0
2020-08-19,3200.168,3276.363,3155.755,3224.178,238473.0
2020-08-20,3193.644,3206.413,3138.128,3144.235,184907.0
2020-08-21,3193.644,3207.246,3144.235,3171.438,157319.0
2020-08-24,3193.367,3281.082,3182.402,3263.039,231522.0
2020-08-25,3276.918,3426.118,3276.78,3410.157,285479.0
2020-08-26,3407.381,3469.42,3362.968,3424.73,262100.0
2020-08-27,3457.068,3457.068,3348.256,3444.577,213489.0
2020-08-28,3415.431,3538.676,3376.847,3478.164,327242.0
2020-08-31,3498.982,3564.214,3471.224,3471.224,315715.0
2020-09-01,3436.249,3468.449,3375.459,3419.039,300870.0
2020-09-02,3404.605,3468.171,3385.175,3401.829,196331.0
2020-09-03,3407.381,3512.861,3404.466,3452.349,275696.0
2020-09-04,3387.95,3387.95,3280.666,3335.488,370921.0
2020-09-07,3323.413,3380.317,3264.427,3289.271,236227.0
2020-09-08,3292.74,3323.413,3160.335,3220.431,357085.0
2020-09-09,3177.128,3202.805,3138.128,3152.007,227061.0
2020-09-10,3193.644,3273.587,3193.089,3238.057,231541.0
2020-09-11,3213.769,3303.011,3196.143,3303.011,204701.0
2020-09-14,3319.666,3352.42,3251.659,3333.545,207492.0
2020-09-15,3332.434,3351.865,3304.676,3337.014,120365.0
2020-09-16,3342.705,3362.829,3263.039,3277.196,184537.0
2020-09-17,3222.235,3276.918,3178.377,3230.424,228016.0
2020-09-18,3230.424,3325.772,3205.025,3325.772,190157.0
2020-09-21,3304.676,3326.189,3255.684,3261.651,130285.0
2020-09-22,3227.787,3287.605,3221.402,3233.893,120914.0
2020-09-23,3146.456,3214.324,3088.997,3184.207,251795.0
2020-09-24,3166.997,3212.659,3136.463,3142.292,163652.0
2020-09-25,3152.146,3185.872,3143.264,3154.783,112517.0
2020-09-28,3170.605,3233.2,3165.886,3195.449,152644.0
2020-09-29,3221.402,3232.506,3176.573,3189.897,99721.0
2020-09-30,3207.523,3263.039,3195.032,3207.523,162342.0
2020-10-09,3263.039,3326.189,3239.306,3298.708,208934.0
2020-10-12,3318.555,3499.121,3318.555,3495.513,324557.0
2020-10-13,3495.513,3535.068,3455.125,3502.73,171911.0
2020-10-14,3496.068,3531.321,3445.965,3462.897,183194.0
2020-10-15,3464.424,3478.164,3448.185,3456.096,111761.0
2020-10-16,3455.958,3482.605,3405.16,3427.922,118358.0
2020-10-19,3471.224,3493.431,3396.278,3418.207,122901.0
2020-10-20,3415.708,3485.103,3401.829,3484.826,179963.0
2020-10-21,3484.826,3522.577,3466.922,3495.79,137077.0
2020-10-22,3498.982,3512.723,3425.146,3495.374,150416.0
2020-10-23,3482.189,3502.313,3419.872,3424.452,134523.0
2020-10-26,3332.434,3396.139,3235.281,3368.659,160000.0
2020-10-27,3374.21,3406.687,3342.15,3381.011,143027.0
2020-10-28,3401.829,3498.982,3379.901,3470.947,170762.0
2020-10-29,3454.57,3662.338,3450.267,3610.014,349627.0
2020-10-30,3567.684,3610.014,3516.609,3531.598,239490.0
2020-11-02,3569.349,3624.587,3533.68,3550.335,157337.0
2020-11-03,3583.644,3615.566,3547.559,3615.566,165351.0
2020-11-04,3613.484,3651.651,3586.42,3651.651,129928.0
2020-11-05,3693.15,3746.723,3666.224,3740.616,189690.0
2020-11-06,3749.498,3765.459,3680.103,3739.089,151165.0
2020-11-09,3762.683,3887.595,3757.132,3887.595,206284.0
2020-11-10,3897.865,4007.648,3849.427,3926.456,223081.0
2020-11-11,3897.31,4012.506,3864.694,3872.328,227873.0
2020-11-12,3872.328,3908.274,3818.2,3854.979,176232.0
2020-11-13,3818.2,3851.093,3721.046,3818.2,188431.0
2020-11-16,3859.837,3931.313,3797.52,3929.232,195778.0
2020-11-17,3929.093,3950.744,3832.079,3875.103,179477.0
2020-11-18,3859.698,3880.933,3734.925,3800.434,194563.0
2020-11-19,3781.281,3836.242,3748.804,3814.036,124482.0
2020-11-20,3839.573,3894.534,3815.424,3866.36,111226.0
2020-11-23,3908.413,3995.434,3908.413,3923.402,156342.0
2020-11-24,3923.402,3923.68,3845.958,3912.438,125035.0
2020-11-25,3912.577,3920.765,3787.804,3790.025,165594.0
2020-11-26,3778.922,3820.698,3647.488,3756.854,199052.0
2020-11-27,3756.854,3780.865,3722.434,3780.726,112593.0
2020-11-30,3757.826,3776.424,3660.673,3665.53,211741.0
2020-12-01,3679.409,3733.26,3679.409,3720.908,136481.0
2020-12-02,3748.804,3776.424,3708.555,3756.438,116378.0
2020-12-03,3749.637,3776.562,3734.509,3771.427,92087.0
2020-12-04,3755.744,3859.837,3750.886,3848.595,170511.0
2020-12-07,3848.872,3959.765,3848.872,3890.925,196216.0
2020-12-08,3909.107,3943.804,3867.47,3915.353,147776.0
2020-12-09,3929.232,3943.111,3880.655,3883.708,116776.0
2020-12-10,3873.716,3915.353,3850.121,3855.256,134102.0
2020-12-11,3871.634,3887.456,3795.993,3853.175,150053.0
2020-12-14,3866.776,3936.171,3833.189,3931.313,181744.0
2020-12-15,3931.313,3933.395,3850.26,3898.698,146118.0
2020-12-16,3929.232,3956.99,3915.353,3947.691,160255.0
2020-12-17,3950.605,4026.385,3946.025,3995.99,199761.0
2020-12-18,3983.36,4021.943,3944.221,3982.804,150825.0
2020-12-21,3961.292,4053.865,3961.292,4052.893,161890.0
2020-12-22,4067.744,4137.417,4053.726,4059.417,187064.0
2020-12-23,4068.022,4144.356,3956.99,4002.651,252216.0
2020-12-24,3970.869,4011.118,3920.349,3961.431,156161.0
2020-12-25,3923.68,3990.716,3908.413,3969.758,111114.0
2020-12-28,3970.869,4111.879,3970.591,4108.965,193812.0
2020-12-29,4110.769,4118.819,4015.004,4040.264,146589.0
2020-12-30,4066.495,4131.865,4043.872,4121.872,168825.0
2020-12-31,4137.555,4227.214,4137.417,4190.851,160038.0
2021-01-04,4192.933,4303.965,4192.794,4276.901,234278.0
2021-01-05,4265.103,4581.267,4227.63,4581.267,314606.0
2021-01-06,4583.627,4798.89,4550.872,4696.74,313430.0
2021-01-07,4696.879,4729.772,4541.018,4720.335,242559.0
2021-01-08,4721.167,4742.541,4428.043,4539.908,378702.0
2021-01-11,4531.997,4532.968,4297.025,4320.619,381953.0
2021-01-12,4289.392,4460.797,4276.207,4442.755,230255.0
2021-01-13,4463.99,4491.054,4333.388,4377.94,233653.0
2021-01-14,4359.481,4371.694,4151.296,4156.847,354896.0
2021-01-15,4137.417,4196.957,3999.598,4133.253,417133.0
2021-01-18,4095.78,4125.481,4017.086,4089.534,272559.0
2021-01-19,4123.538,4165.175,4026.385,4047.203,293889.0
2021-01-20,4026.385,4104.246,3956.157,4093.698,264040.0
2021-01-21,4106.883,4289.947,4102.719,4261.634,294024.0
2021-01-22,4235.68,4302.716,4200.982,4242.342,249467.0
2021-01-25,4242.481,4530.609,4209.587,4521.726,412909.0
2021-01-26,4521.726,4522.004,4374.748,4384.185,241435.0
2021-01-27,4344.214,4344.214,4123.538,4200.982,307938.0
2021-01-28,4140.609,4192.933,4068.022,4109.659,276078.0
2021-01-29,4165.175,4236.513,4148.242,4180.997,220109.0
2021-02-01,4206.95,4302.16,4196.957,4196.957,195760.0
2021-02-02,4192.933,4364.061,4191.545,4361.146,297492.0
2021-02-03,4356.705,4428.876,4319.509,4425.406,224547.0
2021-02-04,4387.239,4537.132,4373.498,4492.719,280575.0
2021-02-05,4498.409,4720.335,4498.271,4578.214,328913.0
2021-02-08,4637.061,4727.274,4495.495,4581.545,266530.0
2021-02-09,4609.303,4720.335,4551.844,4713.395,224780.0
2021-02-10,4761.972,4937.957,4755.032,4895.904,331932.0
2021-02-18,5060.231,5097.705,4732.687,4768.911,343815.0
2021-02-19,4770.299,4945.175,4664.125,4920.192,274750.0
2021-02-22,4886.883,4891.046,4456.356,4485.224,414582.0
2021-02-23,4387.239,4621.239,4361.84,4512.15,278668.0
2021-02-24,4512.15,4512.288,4146.438,4207.922,417248.0
2021-02-25,4255.388,4303.687,4103.829,4149.908,249046.0
2021-02-26,4034.157,4128.673,3901.474,4026.385,288971.0
2021-03-01,4109.659,4220.691,4040.402,4151.573,255063.0
2021-03-02,4209.587,4246.783,3961.153,4036.1,244125.0
2021-03-03,3970.869,4120.762,3909.94,4099.943,211717.0
2021-03-04,4026.385,4026.385,3818.2,3836.381,329359.0
2021-03-05,3721.046,3917.99,3665.53,3839.018,291650.0
2021-03-08,3859.837,3888.011,3532.847,3533.68,383654.0
2021-03-09,3498.982,3598.911,3332.434,3505.922,438746.0
2021-03-10,3582.256,3679.409,3569.765,3646.1,309582.0
2021-03-11,3679.548,3880.655,3611.125,3818.755,301531.0
2021-03-12,3875.103,3880.516,3690.096,3810.566,251438.0
2021-03-15,3782.808,3839.018,3554.498,3624.032,248997.0
2021-03-16,3632.221,3784.196,3617.648,3782.253,231656.0
2021-03-17,3769.623,3860.253,3679.409,3808.623,198878.0
2021-03-18,3818.2,3956.99,3818.2,3893.007,201303.0
2021-03-19,3790.442,3818.2,3716.466,3759.769,197850.0
2021-03-22,3761.99,3798.63,3675.385,3741.865,142782.0
2021-03-23,3741.865,3804.043,3706.89,3780.032,126952.0
2021-03-24,3736.175,3873.716,3729.651,3759.908,179422.0
2021-03-25,3706.335,3719.52,3637.772,3693.011,186259.0
2021-03-26,3721.046,3848.456,3690.79,3831.385,230203.0
2021-03-29,3845.958,4025.691,3831.94,3916.602,281995.0
2021-03-30,3894.534,4005.844,3894.534,3935.616,168708.0
2021-03-31,3897.31,3897.31,3818.338,3859.559,134111.0
2021-04-01,3887.595,3941.584,3846.096,3930.342,121142.0
2021-04-02,3984.886,4095.78,3956.99,4089.673,229626.0
2021-04-06,4108.965,4137.417,4054.143,4092.449,155508.0
2021-04-07,4068.16,4077.043,3870.94,3899.392,244936.0
2021-04-08,3818.2,3954.908,3805.153,3930.342,162114.0
2021-04-09,3901.474,3922.292,3818.2,3822.363,146116.0
2021-04-12,3820.975,3850.954,3748.804,3762.545,133233.0
2021-04-13,3766.292,3862.89,3766.292,3789.054,138757.0
2021-04-14,3789.192,3854.424,3766.153,3801.267,148178.0
2021-04-15,3766.986,3790.303,3600.577,3690.513,285959.0
2021-04-16,3690.513,3799.185,3690.513,3773.787,187543.0
2021-04-19,3748.804,3862.751,3658.591,3827.498,188156.0
2021-04-20,3818.2,3940.196,3790.58,3856.367,199147.0
2021-04-21,3818.2,3928.815,3798.491,3899.392,159232.0
2021-04-22,3900.086,3943.111,3873.716,3904.111,116274.0
2021-04-23,3918.822,4040.264,3918.822,4026.385,207833.0
2021-04-26,4068.022,4108.132,3955.046,3956.99,203904.0
2021-04-27,3984.748,4051.644,3920.071,4051.644,142315.0
2021-04-28,3956.99,4104.107,3940.335,4104.107,220279.0
2021-04-29,4124.37,4179.054,4044.566,4158.235,206936.0
2021-04-30,4123.538,4155.459,4077.459,4095.78,158031.0
2021-05-06,4054.143,4106.883,3968.093,3976.975,168661.0
2021-05-07,4026.523,4029.577,3905.36,3916.74,125008.0
2021-05-10,3895.644,3943.111,3768.235,3804.321,195248.0
2021-05-11,3779.616,3963.374,3776.424,3963.235,192326.0
2021-05-12,3945.886,4020.555,3943.111,3991.826,121063.0
2021-05-13,3945.748,4006.26,3922.292,3970.869,97079.0
2021-05-14,3998.071,4142.968,3959.488,4123.538,218085.0
2021-05-17,4140.47,4368.78,4140.47,4264.965,280615.0
2021-05-18,4276.345,4303.965,4224.854,4297.025,147287.0
2021-05-19,4276.207,4430.264,4248.865,4342.687,167001.0
2021-05-20,4369.196,4414.719,4325.616,4352.68,140240.0
2021-05-21,4373.36,4382.936,4235.402,4256.776,172621.0
2021-05-24,4303.965,4376.135,4239.427,4373.498,157089.0
2021-05-25,4387.239,4624.014,4372.249,4623.598,323059.0
2021-05-26,4588.484,4637.199,4526.029,4567.666,190751.0
2021-05-27,4556.146,4668.011,4501.324,4556.285,164363.0
2021-05-28,4583.21,4596.534,4503.683,4538.52,130245.0
2021-05-31,4516.313,4520.755,4433.317,4513.815,177684.0
2021-06-01,4530.192,4544.071,4448.029,4521.865,163876.0
2021-06-02,4521.865,4558.922,4421.936,4468.292,156532.0
2021-06-03,4468.292,4581.545,4445.253,4492.858,179177.0
2021-06-04,4470.513,4560.726,4435.954,4516.313,175288.0
2021-06-07,4531.025,4545.876,4427.071,4483.143,187370.0
2021-06-08,4484.392,4491.331,4192.794,4275.513,311653.0
2021-06-09,4262.328,4303.965,4186.687,4255.388,171577.0
2021-06-10,4262.466,4380.299,4241.509,4346.296,150773.0
2021-06-11,4346.434,4359.481,4248.449,4325.755,159128.0
2021-06-15,4325.061,4360.175,4203.619,4293.694,145161.0
2021-06-16,4293.694,4293.694,4154.349,4197.374,140630.0
2021-06-17,4180.58,4276.207,4180.58,4223.744,109046.0
2021-06-18,4238.872,4262.328,4109.659,4179.054,190716.0
2021-06-21,4206.812,4266.491,4179.054,4260.523,206028.0
2021-06-22,4276.207,4338.662,4266.491,4302.438,161664.0
2021-06-23,4294.249,4297.025,4165.175,4178.221,230564.0
2021-06-24,4144.356,4234.57,4084.399,4202.648,165518.0
2021-06-25,4179.748,4323.118,4177.388,4302.854,205223.0
2021-06-28,4304.103,4394.595,4304.103,4391.541,161254.0
2021-06-29,4393.901,4396.121,4257.886,4283.84,156720.0
2021-06-30,4248.449,4337.274,4241.37,4274.68,103395.0
2021-07-01,4258.858,4290.086,4192.933,4278.982,136310.0
2021-07-02,4220.691,4230.267,4098.555,4110.075,211692.0
2021-07-05,4084.26,4144.356,4026.662,4041.651,180543.0
2021-07-06,4024.303,4040.68,3890.648,3988.217,238955.0
2021-07-07,4026.385,4095.78,4010.84,4090.089,174544.0
2021-07-08,4095.78,4106.744,3854.562,3885.374,439576.0
2021-07-09,3915.769,3931.452,3812.37,3885.651,213674.0
2021-07-12,3923.402,3964.484,3821.947,3936.587,264247.0
2021-07-13,3936.865,4053.032,3936.865,4006.676,218997.0
2021-07-14,3977.53,4020.555,3895.644,3996.961,209218.0
2021-07-15,3992.797,4078.847,3961.014,4073.712,195495.0
2021-07-16,4073.99,4108.826,4020.555,4027.772,151514.0
2021-07-19,4003.901,4096.89,3985.719,4074.545,143320.0
2021-07-20,4048.313,4120.623,4031.242,4094.114,130092.0
2021-07-21,4093.975,4145.05,4062.331,4079.125,149605.0
2021-07-22,4097.029,4126.869,4043.456,4063.58,143104.0
2021-07-23,4046.37,4048.313,3897.31,3940.196,212304.0
2021-07-26,3904.804,3904.804,3563.797,3639.438,462131.0
2021-07-27,3604.185,3629.167,3382.121,3384.203,423313.0
2021-07-28,3384.619,3477.886,3297.321,3460.954,361143.0
2021-07-29,3582.534,3587.392,3419.317,3438.331,313222.0
2021-07-30,3438.47,3438.47,3185.595,3239.861,427979.0
2021-08-02,3165.192,3436.249,3120.502,3430.004,468444.0
2021-08-03,3355.751,3516.192,3336.321,3507.726,341719.0
2021-08-04,3465.395,3491.627,3409.879,3430.698,230290.0
2021-08-05,3354.363,3451.516,3305.787,3328.965,285511.0
2021-08-06,3298.847,3339.096,3246.801,3312.726,191529.0
2021-08-09,3284.968,3460.954,3257.21,3368.381,264929.0
2021-08-10,3385.73,3645.822,3331.879,3630.555,460837.0
2021-08-11,3589.89,3661.367,3534.374,3593.082,253075.0
2021-08-12,3576.427,3626.392,3467.477,3478.164,237149.0
2021-08-13,3465.395,3548.669,3451.516,3518.135,160031.0
2021-08-16,3507.032,3567.684,3484.826,3516.748,133173.0
2021-08-17,3498.844,3534.79,3365.189,3367.548,218730.0
2021-08-18,3340.484,3402.94,3283.58,3354.363,212645.0
2021-08-19,3352.975,3386.146,3257.21,3266.232,289689.0
2021-08-20,3111.758,3183.374,3026.68,3040.42,534004.0
2021-08-23,3040.559,3115.228,3019.879,3035.701,418364.0
2021-08-24,3062.904,3127.442,3007.388,3090.662,411904.0
2021-08-25,3102.876,3214.602,3099.822,3194.755,381799.0
2021-08-26,3192.95,3192.95,3035.146,3051.385,332283.0
2021-08-27,3051.246,3090.662,3014.328,3030.705,271910.0
2021-08-30,3069.844,3090.523,2944.377,3049.025,347329.0
2021-08-31,3042.086,3062.904,2943.545,2975.328,318552.0
2021-09-01,2975.466,3105.374,2910.235,3058.879,503643.0
2021-09-02,3062.071,3064.292,2954.648,2968.943,374602.0
2021-09-03,2949.096,3042.78,2907.043,3033.619,344795.0
2021-09-06,3014.328,3164.221,2987.264,3110.926,440710.0
2021-09-07,3097.602,3147.844,3077.616,3118.004,259374.0
2021-09-08,3118.42,3128.274,3035.146,3059.018,215537.0
2021-09-09,3059.157,3079.698,3021.267,3053.605,177575.0
2021-09-10,3053.605,3151.73,3042.086,3142.014,318835.0
2021-09-13,3118.42,3155.893,3048.886,3059.99,263428.0
2021-09-14,3059.018,3088.025,3024.598,3031.399,235967.0
2021-09-15,2993.509,3015.022,2906.071,2931.054,382036.0
2021-09-16,2896.356,2946.043,2846.808,2910.235,335387.0
2021-09-17,2896.356,3021.267,2869.57,2978.936,294397.0
2021-09-22,2910.235,2931.054,2860.965,2867.627,249090.0
2021-09-23,2879.979,2908.57,2849.723,2874.427,188113.0
2021-09-24,2867.21,3007.388,2855.552,2959.089,350540.0
2021-09-27,3057.63,3237.363,3057.63,3237.363,760066.0
2021-09-28,3233.893,3265.538,3146.178,3186.982,411459.0
2021-09-29,3186.289,3246.523,3128.135,3211.132,311367.0
2021-09-30,3187.815,3275.114,3187.815,3220.986,331906.0
2021-10-08,3237.78,3451.239,3196.143,3343.538,416279.0
2021-10-11,3360.47,3440.829,3305.648,3337.708,261466.0
2021-10-12,3326.605,3368.242,3271.228,3359.082,203424.0
2021-10-13,3345.619,3570.876,3329.381,3499.954,347774.0
2021-10-14,3479.274,3571.986,3453.737,3507.032,240590.0
2021-10-15,3448.74,3477.609,3368.381,3428.2,302158.0
2021-10-18,3298.153,3298.153,3125.36,3164.498,522287.0
2021-10-19,3132.299,3241.666,3132.299,3215.157,271520.0
2021-10-20,3236.392,3259.986,3186.15,3228.619,171712.0
2021-10-21,3243.331,3270.395,3215.573,3243.192,157814.0
2021-10-22,3266.926,3353.253,3243.47,3299.264,226149.0
2021-10-25,3271.089,3297.321,3201.694,3234.449,248160.0
2021-10-26,3234.449,3271.089,3201.694,3238.612,171975.0
2021-10-27,3215.712,3238.612,3146.178,3173.936,200485.0
2021-10-28,3187.815,3229.175,3143.125,3164.082,219253.0
2021-10-29,3163.805,3250.687,3161.168,3181.014,236335.0
2021-11-01,2951.872,3084.0,2908.847,3020.434,580037.0
2021-11-02,3007.111,3033.758,2947.014,2970.192,349334.0
2021-11-03,2972.968,2986.57,2933.552,2939.797,218920.0
2021-11-04,2967.0,3060.961,2956.036,3046.527,298642.0
2021-11-05,3046.527,3155.893,3046.388,3094.965,301430.0
2021-11-08,3090.662,3124.111,3059.573,3104.402,156374.0
2021-11-09,3086.221,3127.858,3056.659,3073.591,155039.0
2021-11-10,3073.591,3088.997,2996.285,3030.982,172003.0
2021-11-11,3030.427,3049.025,3001.559,3042.224,166521.0
2021-11-12,3054.16,3058.324,2995.036,3005.306,157885.0
2021-11-15,3021.128,3055.965,2995.036,3017.103,207245.0
2021-11-16,3033.619,3138.545,3022.794,3118.42,314357.0
2021-11-17,3105.235,3132.299,3076.783,3111.619,174215.0
2021-11-18,3090.523,3104.264,3056.659,3071.509,132203.0
2021-11-19,3061.239,3180.876,3054.577,3126.748,242930.0
2021-11-22,3146.178,3257.21,3132.299,3173.52,319783.0
2021-11-23,3159.918,3208.634,3137.296,3157.281,193866.0
2021-11-24,3201.694,3340.207,3201.694,3290.797,476278.0
2021-11-25,3340.484,3356.445,3259.57,3270.395,284628.0
2021-11-26,3269.146,3279.139,3216.684,3269.146,162473.0
2021-11-29,3236.392,3298.847,3232.922,3295.1,192364.0
2021-11-30,3298.57,3305.787,3201.694,3201.694,230146.0
2021-12-01,3271.367,3296.627,3203.221,3237.224,192486.0
2021-12-02,3237.78,3283.58,3219.876,3267.619,175310.0
2021-12-03,3278.029,3407.103,3275.253,3360.609,340300.0
2021-12-06,3382.121,3437.637,3354.363,3400.164,288787.0
2021-12-07,3437.637,3502.175,3411.961,3423.758,308904.0
2021-12-08,3423.897,3569.627,3386.007,3562.548,397869.0
2021-12-09,3576.427,3714.662,3544.228,3659.701,472970.0
2021-12-10,3628.057,3658.313,3569.488,3604.185,332275.0
2021-12-13,3673.58,3745.89,3631.943,3645.545,355350.0
2021-12-14,3631.943,3687.459,3593.221,3645.822,225574.0
2021-12-15,3619.452,3630.694,3548.669,3559.772,263568.0
2021-12-16,3566.712,3577.815,3466.089,3555.609,289712.0
2021-12-17,3534.79,3534.79,3435.694,3439.858,254835.0
2021-12-20,3439.858,3499.676,3439.858,3451.516,188827.0
2021-12-21,3451.516,3472.335,3354.363,3391.143,234542.0
2021-12-22,3402.94,3416.819,3375.043,3397.666,151998.0
2021-12-23,3414.459,3499.538,3354.363,3465.534,282051.0
2021-12-24,3466.922,3580.73,3466.922,3533.958,289429.0
2021-12-27,3491.765,3500.093,3409.879,3454.431,184054.0
2021-12-28,3455.68,3501.203,3444.577,3473.445,143682.0
2021-12-29,3473.445,3473.445,3286.356,3308.563,349759.0
2021-12-30,3299.819,3333.545,3278.168,3305.787,264769.0
2021-12-31,3305.926,3309.95,3237.918,3266.37,240437.0
2022-01-04,3266.37,3283.303,3202.805,3278.861,201787.0
2022-01-05,3268.591,3330.491,3243.748,3281.498,205622.0
2022-01-06,3275.53,3312.726,3203.637,3222.235,197643.0
2022-01-07,3222.096,3236.392,3181.153,3196.975,168682.0
2022-01-10,3170.328,3196.559,3092.328,3159.502,208423.0
2022-01-11,3153.118,3178.794,3132.993,3137.296,131623.0
2022-01-12,3160.196,3202.943,3149.232,3200.584,178943.0
2022-01-13,3215.573,3216.128,3062.904,3075.395,267623.0
2022-01-14,3049.164,3095.381,3042.086,3051.801,136468.0
2022-01-17,3045.972,3076.783,3000.449,3074.563,169362.0
2022-01-18,3074.007,3145.901,3039.449,3111.342,184749.0
2022-01-19,3150.758,3150.758,3066.79,3101.765,144019.0
2022-01-20,3101.765,3146.178,3067.762,3135.353,194686.0
2022-01-21,3132.299,3211.687,3107.595,3191.424,239747.0
2022-01-24,3173.936,3200.723,3135.075,3161.029,138009.0
2022-01-25,3139.933,3160.057,3062.904,3067.901,155582.0
2022-01-26,3064.292,3115.089,2982.822,3035.84,215095.0
2022-01-27,3049.025,3108.15,2995.869,2999.061,209923.0
2022-01-28,3007.249,3025.431,2924.114,2929.388,257815.0
2022-02-07,2951.872,2991.566,2878.036,2891.082,248080.0
2022-02-08,2891.498,2900.936,2742.299,2813.082,304517.0
2022-02-09,2799.203,2900.52,2799.203,2896.079,237421.0
2022-02-10,2896.079,2903.296,2828.488,2855.274,168743.0
2022-02-11,2847.78,2932.858,2831.819,2872.345,273749.0
2022-02-14,2840.84,2940.769,2833.901,2924.253,190316.0
2022-02-15,2935.217,2956.869,2907.459,2949.096,177390.0
2022-02-16,2949.374,2960.616,2923.559,2943.684,119085.0
2022-02-17,2950.207,2954.093,2907.737,2916.342,130546.0
2022-02-18,2910.235,2943.267,2888.723,2937.993,116144.0
2022-02-21,2947.847,3006.833,2921.338,2940.769,151926.0
2022-02-22,2921.477,2923.143,2838.758,2860.271,193677.0
2022-02-23,2858.466,2904.406,2841.256,2899.132,147973.0
2022-02-24,2868.598,2882.477,2775.609,2794.901,259610.0
2022-02-25,2812.943,2854.303,2812.943,2819.744,136664.0
2022-02-28,2826.961,2833.901,2771.445,2813.082,143093.0
2022-03-01,2814.47,2867.071,2813.915,2857.356,200285.0
2022-03-02,2831.125,2832.652,2790.876,2801.979,150165.0
2022-03-03,2809.89,2815.858,2702.05,2703.022,312889.0
2022-03-04,2674.015,2693.584,2617.111,2623.911,312930.0
2022-03-07,2594.488,2594.488,2469.577,2479.986,477389.0
2022-03-08,2535.363,2556.321,2469.854,2483.456,333507.0
2022-03-09,2493.865,2503.997,2352.299,2436.684,399219.0
2022-03-10,2507.605,2566.591,2479.847,2565.342,417740.0
2022-03-11,2521.623,2570.894,2497.057,2560.068,257971.0
2022-03-14,2521.484,2529.812,2483.733,2483.733,181403.0
2022-03-15,2438.349,2463.054,2350.911,2357.157,312945.0
2022-03-16,2438.349,2473.74,2329.26,2463.331,349000.0
2022-03-17,2514.684,2561.317,2479.986,2511.075,348292.0
2022-03-18,2493.865,2522.733,2466.107,2506.356,185857.0
2022-03-21,2532.032,2532.449,2466.246,2475.961,171054.0
2022-03-22,2475.822,2498.029,2452.228,2456.392,122905.0
2022-03-23,2456.669,2497.89,2434.74,2479.153,184639.0
2022-03-24,2457.78,2457.78,2406.15,2415.587,198086.0
2022-03-25,2445.982,2446.399,2350.634,2357.712,213641.0
2022-03-28,2317.602,2317.602,2264.861,2274.577,274466.0
2022-03-29,2271.662,2310.246,2245.57,2246.541,235211.0
2022-03-30,2299.143,2354.381,2274.022,2354.381,323673.0
2022-03-31,2341.196,2349.523,2320.378,2328.15,201366.0
2022-04-01,2327.317,2427.662,2319.684,2395.324,287495.0
2022-04-06,2368.954,2428.079,2362.015,2396.851,179443.0
2022-04-07,2382.833,2450.701,2376.31,2402.958,185572.0
2022-04-08,2410.591,2435.157,2389.773,2404.901,165446.0
2022-04-11,2369.093,2378.392,2297.477,2308.719,242577.0
2022-04-12,2317.047,2461.805,2317.047,2450.563,334164.0
2022-04-13,2435.573,2466.107,2405.456,2428.911,238855.0
2022-04-14,2450.84,2577.139,2437.377,2557.292,431191.0
2022-04-15,2535.502,2591.018,2516.071,2534.114,226440.0
2022-04-18,2520.235,2520.235,2455.143,2496.363,184111.0
2022-04-19,2507.744,2535.502,2452.783,2466.107,164993.0
2022-04-20,2472.908,2521.623,2419.474,2478.598,206341.0
2022-04-21,2452.228,2487.342,2420.029,2432.52,171229.0
2022-04-22,2432.381,2482.484,2382.555,2472.075,200144.0
2022-04-25,2424.47,2433.075,2320.378,2327.317,286351.0
2022-04-26,2327.317,2421.833,2320.933,2375.894,254539.0
2022-04-27,2375.894,2444.039,2375.894,2416.004,239278.0
2022-04-28,2416.143,2489.146,2404.345,2477.904,257120.0
2022-04-29,2484.15,2498.029,2380.89,2426.274,448743.0
2022-05-05,2396.712,2458.612,2384.915,2418.086,244802.0
2022-05-06,2369.37,2391.993,2348.274,2355.908,190861.0
2022-05-09,2327.456,2348.136,2290.26,2324.264,186236.0
2022-05-10,2271.801,2348.136,2252.37,2331.897,201080.0
2022-05-11,2331.897,2391.854,2327.317,2362.153,243902.0
2022-05-12,2343.972,2392.271,2342.584,2370.064,170686.0
2022-05-13,2391.16,2394.908,2341.89,2354.242,152556.0
2022-05-16,2382.417,2382.555,2316.214,2329.815,177651.0
2022-05-17,2329.676,2347.997,2322.321,2343.278,133412.0
2022-05-18,2346.054,2347.997,2305.805,2321.488,165605.0
2022-05-19,2297.755,2307.886,2288.733,2306.776,148783.0
2022-05-20,2317.602,2438.071,2309.136,2430.993,452297.0
2022-05-23,2419.057,2426.968,2368.954,2388.801,276453.0
2022-05-24,2402.68,2410.591,2345.082,2349.107,188552.0
2022-05-25,2347.442,2376.726,2327.317,2361.321,163957.0
2022-05-26,2355.075,2392.548,2327.317,2358.128,194318.0
2022-05-27,2391.854,2417.531,2359.1,2368.26,210683.0
2022-05-30,2396.851,2504.274,2396.712,2482.484,510932.0
2022-05-31,2479.986,2574.641,2466.385,2554.933,486545.0
2022-06-01,2577.0,2581.303,2522.039,2541.192,219302.0
2022-06-02,2522.039,2549.381,2517.182,2532.032,165224.0
2022-06-06,2542.442,2583.94,2488.036,2576.306,278142.0
2022-06-07,2578.527,2652.086,2563.26,2592.684,295077.0
2022-06-08,2595.182,2674.153,2577.417,2648.338,325279.0
2022-06-09,2651.531,2672.904,2615.861,2618.915,207839.0
2022-06-10,2605.313,2653.474,2584.079,2638.484,215630.0
2022-06-13,2607.534,2624.328,2550.769,2570.338,264346.0
2022-06-14,2538.278,2591.018,2530.644,2588.242,197333.0
2022-06-15,2588.52,2672.904,2560.345,2636.541,325441.0
2022-06-16,2646.534,2688.171,2632.655,2640.982,205006.0
2022-06-17,2625.716,2690.669,2625.716,2690.669,286204.0
2022-06-20,2712.598,2771.445,2660.413,2722.73,311954.0
2022-06-21,2711.21,2750.627,2680.538,2697.331,218116.0
2022-06-22,2702.05,2714.264,2643.064,2647.506,223528.0
2022-06-23,2647.922,2686.783,2643.619,2679.844,159725.0
2022-06-24,2695.111,2750.765,2673.043,2743.687,245187.0
2022-06-27,2771.445,2891.915,2771.445,2854.719,366375.0
2022-06-28,2854.719,2950.068,2829.737,2947.014,316786.0
2022-06-29,2952.053,2954.134,2861.978,2882.796,289971.0
2022-06-30,2885.295,3063.223,2885.295,3020.615,425215.0
2022-07-01,3022.697,3063.223,2966.07,3035.465,219366.0
2022-07-04,3007.569,3032.69,2968.846,3008.263,225876.0
2022-07-05,3016.729,3030.747,2941.921,2974.537,262965.0
2022-07-06,2967.736,2988.554,2901.533,2920.825,227633.0
2022-07-07,2920.825,2920.825,2833.803,2877.106,266771.0
2022-07-08,2901.533,2921.658,2868.362,2892.512,164097.0
2022-07-11,2855.316,2866.142,2799.522,2846.433,192575.0
2022-07-12,2838.106,2893.067,2820.896,2855.038,169935.0
2022-07-13,2849.07,2921.38,2821.868,2898.063,189919.0
2022-07-14,2871.277,2904.448,2841.853,2856.843,151079.0
2022-07-15,2857.12,2931.512,2827.28,2853.65,207209.0
2022-07-18,2849.903,2852.263,2774.54,2817.981,178034.0
2022-07-19,2813.401,2850.181,2806.462,2839.771,120214.0
2022-07-20,2866.142,2875.857,2827.28,2842.686,112498.0
2022-07-21,2841.021,2853.65,2807.572,2809.238,110728.0
2022-07-22,2820.341,2834.22,2785.643,2798.273,116986.0
2022-07-25,2811.319,2834.22,2782.174,2828.391,124799.0
2022-07-26,2839.216,2882.796,2836.718,2868.779,137474.0
2022-07-27,2855.732,2869.056,2821.174,2828.668,97491.0
2022-07-28,2833.526,2861.978,2811.319,2815.067,92609.0
2022-07-29,2806.323,2806.323,2685.715,2694.042,340311.0
2022-08-01,2695.43,2716.11,2672.113,2696.54,156082.0
2022-08-02,2673.223,2697.65,2620.206,2656.013,176738.0
2022-08-03,2659.067,2709.309,2637.138,2641.163,154031.0
2022-08-04,2641.302,2681.412,2639.22,2671.558,133686.0
2022-08-05,2680.857,2709.309,2663.647,2704.868,127017.0
2022-08-08,2692.654,2737.483,2681.551,2687.241,130251.0
2022-08-09,2675.305,2688.49,2663.786,2674.334,85386.0
2022-08-10,2654.903,2681.551,2619.095,2632.974,143549.0
2022-08-11,2646.715,2687.241,2640.608,2687.241,139671.0
2022-08-12,2692.654,2711.529,2670.586,2698.206,108619.0
2022-08-15,2683.355,2710.697,2656.569,2660.732,138440.0
2022-08-16,2660.316,2678.775,2642.69,2650.045,109975.0
2022-08-17,2651.156,2674.195,2633.252,2663.508,122116.0
2022-08-18,2646.853,2649.629,2605.355,2625.063,179552.0
2022-08-19,2612.156,2648.935,2605.216,2628.255,126038.0
2022-08-22,2609.38,2625.341,2581.067,2598.277,155130.0
2022-08-23,2601.053,2609.241,2542.761,2549.7,229248.0
2022-08-24,2549.145,2570.519,2521.942,2539.152,180255.0
2022-08-25,2548.174,2577.181,2539.013,2569.27,174854.0
2022-08-26,2603.551,2630.198,2571.352,2578.846,243787.0
2022-08-29,2541.928,2571.213,2508.063,2512.921,254306.0
2022-08-30,2494.184,2504.732,2469.063,2494.601,186433.0
2022-08-31,2478.917,2549.423,2473.366,2538.458,267333.0
2022-09-01,2521.942,2521.942,2484.469,2488.077,158442.0
2022-09-02,2500.985,2500.985,2452.686,2464.206,155924.0
2022-09-05,2438.668,2443.526,2398.003,2425.067,224320.0
2022-09-06,2425.067,2457.405,2414.658,2446.024,146938.0
2022-09-07,2438.668,2438.807,2410.91,2423.957,141508.0
2022-09-08,2438.807,2457.405,2423.124,2425.761,148672.0
2022-09-09,2426.316,2461.569,2415.907,2458.932,203188.0
2022-09-13,2492.519,2507.647,2462.263,2489.049,224554.0
2022-09-14,2466.426,2483.497,2452.27,2471.978,143438.0
2022-09-15,2475.725,2528.882,2467.814,2499.736,244932.0
2022-09-16,2494.184,2505.149,2449.494,2453.658,178052.0
2022-09-19,2449.078,2509.868,2432.006,2480.583,172371.0
2022-09-20,2494.184,2521.387,2468.786,2519.028,184881.0
2022-09-21,2510.7,2518.75,2484.469,2486.551,127648.0
2022-09-22,2466.426,2470.451,2418.544,2423.401,182114.0
2022-09-23,2410.91,2447.273,2409.522,2426.594,120259.0
2022-09-26,2410.91,2494.045,2407.718,2467.953,210416.0
2022-09-27,2493.213,2596.889,2466.287,2588.978,354440.0
2022-09-28,2585.092,2612.711,2570.519,2571.907,244311.0
2022-09-29,2612.017,2612.433,2543.455,2556.779,175647.0
2022-09-30,2575.932,2605.216,2561.636,2566.771,167010.0
2022-10-10,2570.519,2578.846,2420.487,2423.401,256509.0
2022-10-11,2423.54,2438.807,2367.885,2419.099,163898.0
2022-10-12,2415.074,2415.074,2327.636,2391.48,242385.0
2022-10-13,2369.134,2378.711,2334.715,2349.426,191401.0
2022-10-14,2363.444,2442.832,2363.305,2426.455,228723.0
2022-10-17,2406.469,2417.85,2373.298,2406.053,146701.0
2022-10-18,2420.348,2452.27,2411.188,2420.626,139689.0
2022-10-19,2417.989,2417.989,2355.394,2362.334,173929.0
2022-10-20,2334.576,2394.255,2327.636,2357.476,161200.0
2022-10-21,2355.394,2357.199,2320.697,2329.718,163210.0
2022-10-24,2300.017,2305.569,2192.316,2205.917,344039.0
2022-10-25,2171.497,2234.231,2168.166,2190.512,209630.0
2022-10-26,2201.337,2242.974,2188.846,2208.277,179593.0
2022-10-27,2230.206,2231.455,2113.622,2120.839,369655.0
2022-10-28,2127.223,2160.672,2107.932,2126.391,255862.0
2022-10-31,2094.469,2111.124,2054.636,2070.875,225917.0
2022-11-01,2099.327,2196.896,2069.626,2196.896,391551.0
2022-11-02,2188.846,2249.636,2161.921,2211.33,318674.0
2022-11-03,2175.106,2181.907,2157.063,2173.857,192819.0
2022-11-04,2168.028,2327.636,2165.946,2299.878,478983.0
2022-11-07,2285.999,2337.352,2267.679,2315.7,228691.0
2022-11-08,2313.896,2331.384,2245.889,2265.042,235678.0
2022-11-09,2261.017,2286.693,2231.594,2236.035,151242.0
2022-11-10,2223.405,2252.134,2212.579,2241.031,176748.0
2022-11-11,2320.558,2320.697,2251.857,2300.156,368534.0
2022-11-14,2313.757,2374.964,2298.49,2304.042,281953.0
2022-11-15,2304.042,2369.273,2277.949,2357.476,276567.0
2022-11-16,2357.476,2390.092,2342.626,2358.309,182594.0
2022-11-17,2348.455,2380.238,2313.757,2335.964,165581.0
2022-11-18,2341.515,2373.437,2337.49,2349.981,145856.0
2022-11-21,2306.818,2313.341,2272.12,2285.028,217625.0
2022-11-22,2284.889,2340.127,2283.362,2303.07,143770.0
2022-11-23,2303.07,2320.697,2284.611,2296.686,113462.0
2022-11-24,2313.757,2320.558,2258.241,2269.483,150858.0
2022-11-25,2271.149,2285.028,2249.914,2263.515,106766.0
2022-11-28,2228.124,2272.259,2189.54,2267.263,190131.0
2022-11-29,2298.768,2371.355,2298.49,2369.967,410407.0
2022-11-30,2366.497,2438.252,2355.394,2395.088,252286.0
2022-12-01,2508.063,2577.319,2492.241,2502.373,440921.0
2022-12-02,2505.287,2534.156,2470.035,2481.138,210478.0
2022-12-05,2561.914,2577.181,2517.501,2556.779,297958.0
2022-12-06,2549.284,2691.544,2537.209,2652.405,433695.0
2022-12-07,2652.544,2685.715,2619.234,2628.533,311288.0
2022-12-08,2619.095,2654.487,2605.355,2643.522,156448.0
2022-12-09,2641.718,2764.408,2634.64,2761.633,419578.0
2022-12-12,2744.006,2763.159,2687.241,2693.348,299060.0
2022-12-13,2688.49,2728.739,2661.01,2708.892,192762.0
2022-12-14,2708.615,2789.391,2693.487,2772.875,286989.0
2022-12-15,2774.54,2796.747,2726.935,2743.451,199344.0
2022-12-16,2719.302,2758.996,2697.65,2751.223,186426.0
2022-12-19,2764.825,2781.618,2702.369,2715.554,194184.0
2022-12-20,2715.416,2723.188,2575.793,2612.295,343458.0
2022-12-21,2646.853,2656.152,2626.729,2639.775,153853.0
2022-12-22,2661.149,2737.761,2642.273,2709.309,244424.0
2022-12-23,2674.611,2757.885,2666.284,2720.273,198620.0
2022-12-26,2720.273,2732.903,2682.384,2696.818,178298.0
2022-12-27,2716.248,2750.946,2704.451,2730.821,152275.0
2022-12-28,2729.989,2729.989,2686.825,2718.747,139378.0
2022-12-29,2702.369,2716.248,2671.003,2698.9,168505.0
2022-12-30,2713.195,2732.764,2702.369,2725.825,149765.0
2023-01-03,2730.127,2741.369,2667.811,2691.266,182062.0
2023-01-04,2688.49,2723.188,2664.896,2697.095,128836.0
2023-01-05,2737.067,2848.238,2721.8,2841.159,402791.0
2023-01-06,2870.444,2870.444,2824.227,2861.423,233383.0
2023-01-09,2889.042,2950.665,2857.259,2936.647,275573.0
2023-01-10,2935.537,2948.166,2919.021,2927.764,202752.0
2023-01-11,2924.989,2938.174,2891.124,2911.942,169995.0
2023-01-12,2924.433,2935.12,2882.935,2902.088,138227.0
2023-01-13,2902.088,2985.64,2901.394,2974.12,245064.0
2023-01-16,2993.828,3122.487,2993.828,3084.319,363525.0
2023-01-17,3090.981,3101.807,3016.174,3033.522,215079.0
2023-01-18,3062.252,3157.462,3053.786,3074.327,272412.0
2023-01-19,3083.348,3084.042,3026.444,3067.387,181199.0
2023-01-20,3103.334,3160.376,3092.369,3114.853,273480.0
2023-01-30,3251.839,3269.882,3192.021,3238.099,321809.0
2023-01-31,3229.633,3240.458,3117.351,3118.739,257247.0
2023-02-01,3111.8,3140.946,3046.013,3133.451,256552.0
2023-02-02,3156.074,3195.074,3134.7,3167.455,183272.0
2023-02-03,3132.618,3160.376,3077.102,3132.618,199352.0
2023-02-06,2987.305,3056.7,2956.077,3017.423,334075.0
2023-02-07,3017.423,3067.387,3014.647,3037.825,158116.0
2023-02-08,3037.825,3049.344,2969.124,2987.583,169057.0
2023-02-09,2989.11,3101.252,2987.583,3096.394,244940.0
2023-02-10,3096.394,3097.643,3037.131,3059.06,140321.0
2023-02-13,3035.465,3200.626,3035.327,3165.928,289088.0
2023-02-14,3165.928,3184.665,3113.188,3122.07,184902.0
2023-02-15,3154.686,3186.608,3125.679,3146.497,169258.0
2023-02-16,3123.597,3197.572,3102.085,3143.583,213380.0
2023-02-17,3124.985,3194.38,3104.86,3106.942,184468.0
2023-02-20,3107.636,3185.359,3070.163,3173.561,191668.0
2023-02-21,3167.316,3168.981,3111.8,3133.729,139396.0
2023-02-22,3111.106,3140.113,3084.042,3097.921,141005.0
2023-02-23,3084.042,3107.914,3045.181,3064.611,145808.0
2023-02-24,3064.195,3064.195,2991.33,3009.095,203957.0
2023-02-27,2980.782,3080.295,2977.729,3060.586,172996.0
2023-02-28,3090.981,3105.693,3022.697,3055.174,114801.0
2023-03-01,3051.704,3116.658,3034.077,3096.255,154466.0
2023-03-02,3078.49,3099.448,3068.22,3080.433,74477.0
2023-03-03,3104.86,3125.124,3042.405,3073.771,92837.0
2023-03-06,3063.362,3084.042,3029.636,3057.394,111402.0
2023-03-07,3054.202,3054.202,2995.355,3000.074,125272.0
2023-03-08,2979.949,3014.647,2966.07,2984.113,102191.0
2023-03-09,2979.949,2989.665,2909.166,2966.07,168505.0
2023-03-10,2941.227,2987.999,2926.793,2927.764,110957.0
2023-03-13,2924.433,2997.714,2924.433,2974.398,126472.0
2023-03-14,2975.786,2976.063,2906.391,2928.319,102843.0
2023-03-15,2966.07,2984.529,2886.96,2887.238,129880.0
2023-03-16,2868.917,2913.33,2845.739,2871.693,120544.0
2023-03-17,2908.472,2913.885,2827.28,2834.22,156070.0
2023-03-20,2855.038,2863.227,2785.643,2798.134,154643.0
2023-03-21,2818.953,2898.202,2788.697,2886.127,187893.0
2023-03-22,2886.266,2939.423,2874.747,2879.604,108532.0
2023-03-23,2867.529,2938.174,2855.871,2918.604,132842.0
2023-03-24,2910.554,2937.618,2875.857,2896.953,102530.0
2023-03-27,2894.038,2894.455,2841.159,2860.729,118799.0
2023-03-28,2860.451,2909.305,2857.953,2889.736,109186.0
2023-03-29,2910.554,2938.312,2877.245,2928.319,159539.0
2023-03-30,2928.319,2979.394,2913.053,2971.483,151487.0
2023-03-31,3007.707,3021.586,2952.191,2952.191,127590.0
2023-04-03,2951.914,2952.191,2897.786,2927.07,133660.0
2023-04-04,2931.373,2947.472,2895.981,2940.394,142473.0
2023-04-06,2924.433,2924.433,2842.131,2862.533,151075.0
2023-04-07,2852.263,2880.437,2820.896,2841.992,113038.0
2023-04-10,2785.643,2785.921,2691.266,2780.786,339732.0
2023-04-11,2771.348,2773.846,2716.387,2723.604,191194.0
2023-04-12,2730.127,2731.654,2654.487,2658.234,272834.0
2023-04-13,2660.732,2714.86,2654.487,2686.825,210802.0
2023-04-14,2691.544,2695.43,2647.27,2655.042,144653.0
2023-04-17,2671.697,2715.138,2667.533,2690.989,185553.0
2023-04-18,2702.369,2718.608,2682.661,2692.932,144067.0
2023-04-19,2697.789,2701.814,2653.793,2664.757,126172.0
2023-04-20,2665.451,2674.334,2612.156,2626.035,148009.0
2023-04-21,2632.974,2651.017,2602.44,2605.216,120920.0
2023-04-24,2606.604,2617.707,2542.761,2549.7,176091.0
2023-04-25,2549.7,2575.793,2517.085,2574.682,154897.0
2023-04-26,2564.967,2593.836,2543.871,2558.166,148127.0
2023-04-27,2558.028,2581.622,2527.494,2565.939,150393.0
2023-04-28,2594.946,2604.522,2548.035,2563.579,179386.0
2023-05-04,2612.156,2618.401,2542.067,2562.885,265878.0
2023-05-05,2562.885,2634.362,2553.17,2628.949,251727.0
2023-05-08,2639.914,2653.793,2588.423,2596.889,177534.0
2023-05-09,2588.978,2681.551,2577.458,2643.661,222923.0
2023-05-10,2616.319,2639.914,2599.526,2623.537,118910.0
2023-05-11,2632.697,2667.533,2608.131,2613.127,122896.0
2023-05-12,2607.992,2639.914,2568.576,2568.715,129592.0
2023-05-15,2553.17,2612.017,2550.117,2611.323,130800.0
2023-05-16,2609.38,2610.213,2574.682,2584.259,99365.0
2023-05-17,2577.458,2589.949,2560.11,2568.298,86022.0
2023-05-18,2570.38,2587.312,2549.7,2558.86,87804.0
2023-05-19,2550.949,2594.946,2532.352,2588.561,120746.0
2023-05-22,2589.811,2703.202,2564.69,2683.077,302445.0
2023-05-23,2685.715,2695.43,2632.974,2632.974,136724.0
2023-05-24,2626.312,2632.697,2582.316,2582.316,133551.0
2023-05-25,2569.408,2573.017,2542.067,2552.476,143925.0
2023-05-26,2552.476,2603.69,2549.7,2578.846,122875.0
2023-05-29,2590.505,2603.134,2543.871,2553.309,129769.0
2023-05-30,2549.7,2569.825,2487.245,2510.423,183603.0
2023-05-31,2508.063,2509.868,2438.946,2455.045,213448.0
2023-06-01,2473.227,2530.27,2455.323,2484.747,169016.0
2023-06-02,2508.063,2555.252,2484.885,2548.312,192084.0
2023-06-05,2539.707,2545.259,2502.928,2510.839,113447.0
2023-06-06,2526.106,2555.668,2501.54,2516.668,135368.0
2023-06-07,2524.024,2536.515,2494.184,2494.184,95326.0
2023-06-08,2497.099,2522.914,2480.583,2505.565,91573.0
2023-06-09,2507.231,2521.665,2491.408,2502.373,119635.0
2023-06-12,2494.462,2605.216,2479.473,2583.149,241838.0
2023-06-13,2577.458,2631.586,2569.27,2620.206,182936.0
2023-06-14,2644.077,2707.227,2614.376,2684.049,241015.0
2023-06-15,2705.284,2755.387,2688.49,2744.006,240450.0
2023-06-16,2752.334,2793.971,2737.067,2772.875,216314.0
2023-06-19,2757.885,2767.739,2667.672,2682.106,242342.0
2023-06-20,2674.611,2694.042,2627.423,2633.113,178689.0
2023-06-21,2632.835,2645.327,2594.113,2596.889,139485.0
2023-06-26,2570.519,2575.932,2508.063,2531.102,219340.0
2023-06-27,2549.034,2581.372,2521.692,2576.098,200679.0
2023-06-28,2563.746,2610.518,2551.949,2583.732,119426.0
2023-06-29,2574.433,2581.372,2536.543,2544.038,117724.0
2023-06-30,2556.39,2561.942,2530.02,2540.707,103371.0
2023-07-03,2536.543,2595.112,2530.714,2593.308,173373.0
2023-07-04,2588.312,2609.13,2568.187,2605.244,125957.0
2023-07-05,2595.529,2596.639,2560.554,2565.828,115416.0
2023-07-06,2564.717,2585.675,2544.593,2550.838,101450.0
2023-07-07,2549.312,2560.554,2537.237,2541.956,78970.0
2023-07-10,2560.276,2581.372,2549.589,2555.002,96715.0
2023-07-11,2566.799,2571.102,2545.009,2562.497,70206.0
2023-07-12,2563.329,2583.593,2560.554,2566.938,118840.0
2023-07-13,2600.525,2671.586,2583.454,2666.728,323514.0
2023-07-14,2679.913,2690.045,2640.913,2657.568,150723.0
2023-07-17,2636.888,2643.55,2604.411,2625.23,93257.0
2023-07-18,2625.785,2633.141,2602.191,2607.742,81959.0
2023-07-19,2599.692,2612.739,2585.675,2606.632,76856.0
2023-07-20,2616.07,2647.714,2603.301,2609.963,127502.0
2023-07-21,2628.283,2685.465,2600.525,2647.575,195387.0
2023-07-24,2617.874,2629.949,2600.803,2621.066,131716.0
2023-07-25,2713.223,2778.038,2701.703,2761.799,440632.0
2023-07-26,2761.799,2778.176,2725.02,2738.205,174025.0
2023-07-27,2754.443,2780.536,2725.02,2747.365,187987.0
2023-07-28,2731.265,2798.717,2721.966,2785.116,319693.0
2023-07-31,2860.34,2887.682,2782.34,2782.618,315594.0
2023-08-01,2792.194,2826.337,2747.92,2767.073,195718.0
2023-08-02,2754.86,2782.479,2729.877,2740.703,155080.0
2023-08-03,2727.657,2768.184,2701.148,2749.308,152646.0
2023-08-04,2788.031,2803.436,2750.696,2758.746,143478.0
2023-08-07,2745.144,2758.746,2718.774,2731.404,156930.0
2023-08-08,2715.721,2741.813,2701.842,2725.436,116143.0
2023-08-09,2733.486,2739.315,2714.611,2729.6,86796.0
2023-08-10,2725.436,2727.102,2694.625,2717.525,104238.0
2023-08-11,2733.486,2734.735,2661.454,2662.703,148886.0
2023-08-14,2629.949,2634.529,2574.433,2610.796,210945.0
2023-08-15,2610.657,2614.682,2570.13,2581.372,168145.0
2023-08-16,2578.319,2593.863,2563.329,2584.148,116277.0
2023-08-17,2573.045,2610.657,2553.614,2608.297,166932.0
2023-08-18,2608.02,2611.628,2539.735,2540.152,279480.0
2023-08-21,2521.415,2551.671,2510.312,2518.5,164507.0
2023-08-22,2527.522,2539.735,2497.821,2520.998,156921.0
2023-08-23,2519.611,2520.86,2491.159,2491.297,146839.0
2023-08-24,2492.269,2539.735,2480.194,2522.525,175895.0
2023-08-25,2505.315,2529.603,2498.792,2512.671,116302.0
2023-08-28,2602.329,2615.931,2449.66,2456.322,545771.0
2023-08-29,2435.643,2492.547,2426.344,2482.831,238732.0
2023-08-30,2482.831,2492.824,2457.849,2460.902,225987.0
2023-08-31,2460.902,2461.041,2433.283,2434.394,220018.0
2023-09-01,2449.522,2490.603,2449.522,2487.55,232387.0
2023-09-04,2513.365,2602.191,2513.365,2601.219,464965.0
2023-09-05,2599.415,2605.383,2563.885,2570.547,190550.0
2023-09-06,2561.386,2580.678,2546.675,2570.13,130493.0
2023-09-07,2560.554,2562.913,2531.408,2534.184,118861.0
2023-09-08,2522.525,2528.632,2498.098,2517.806,104972.0
2023-09-11,2505.038,2564.856,2493.24,2551.532,160683.0
2023-09-12,2538.347,2547.507,2527.383,2532.518,89428.0
2023-09-13,2546.675,2565.966,2525.162,2541.817,131147.0
2023-09-14,2541.817,2549.867,2505.454,2518.917,130473.0
2023-09-15,2519.888,2533.351,2481.443,2487.134,177555.0
2023-09-18,2477.28,2532.934,2463.539,2530.02,162983.0
2023-09-19,2519.055,2521.692,2484.219,2503.789,113674.0
2023-09-20,2493.934,2505.038,2486.995,2488.938,87124.0
2023-09-21,2477.28,2484.219,2456.739,2458.682,129455.0
2023-09-22,2449.522,2495.461,2445.358,2490.048,154320.0
2023-09-25,2487.828,2489.493,2471.728,2475.892,105365.0
2023-09-26,2475.614,2483.803,2444.664,2444.664,125016.0
2023-09-27,2444.803,2472.422,2435.643,2443.831,132812.0
2023-09-28,2443.831,2454.796,2431.201,2437.031,123857.0
2023-10-09,2436.892,2436.892,2377.351,2411.632,153573.0
2023-10-10,2428.564,2443.692,2394.838,2399.696,127175.0
2023-10-11,2415.796,2424.956,2399.002,2403.721,99122.0
2023-10-12,2425.233,2435.643,2410.799,2431.895,137972.0
2023-10-13,2414.824,2414.824,2380.265,2402.749,142934.0
2023-10-16,2395.116,2399.557,2348.344,2354.312,152366.0
2023-10-17,2354.312,2369.579,2332.383,2358.059,107202.0
2023-10-18,2352.091,2370.689,2340.988,2341.821,101105.0
2023-10-19,2324.611,2324.611,2268.539,2272.564,217385.0
2023-10-20,2255.216,2295.881,2249.248,2264.931,133164.0
2023-10-23,2264.098,2294.216,2246.888,2265.625,120292.0
2023-10-24,2265.764,2282.835,2237.173,2269.789,167074.0
2023-10-25,2310.038,2366.248,2310.038,2343.208,254422.0
2023-10-26,2324.611,2369.023,2321.835,2366.942,146177.0
2023-10-27,2360.28,2401.639,2354.589,2393.867,170654.0
2023-10-30,2434.949,2468.397,2421.764,2443.97,274030.0
2023-10-31,2456.461,2458.543,2422.041,2435.643,144979.0
2023-11-01,2574.433,2592.198,2491.159,2491.159,469346.0
2023-11-02,2492.269,2504.482,2459.653,2462.013,165132.0
2023-11-03,2462.013,2491.159,2458.682,2486.579,138144.0
2023-11-06,2500.458,2503.233,2470.34,2488.938,137512.0
2023-11-07,2481.443,2489.771,2463.401,2481.582,107304.0
2023-11-08,2470.34,2488.105,2457.433,2472.144,126463.0
2023-11-09,2463.401,2484.219,2463.401,2471.034,91989.0
2023-11-10,2456.461,2467.287,2442.582,2448.134,89631.0
2023-11-13,2447.995,2451.881,2408.717,2420.098,125575.0
2023-11-14,2433.977,2461.874,2421.764,2434.255,112992.0
2023-11-15,2460.764,2465.344,2445.358,2452.991,101757.0
2023-11-16,2449.522,2459.237,2437.447,2440.778,70364.0
2023-11-17,2428.703,2442.305,2412.881,2421.764,84521.0
2023-11-20,2421.625,2434.81,2402.333,2413.436,114859.0
2023-11-21,2421.764,2444.525,2397.475,2425.927,166977.0
2023-11-22,2410.66,2420.653,2401.084,2401.084,86913.0
2023-11-23,2394.006,2400.251,2378.045,2394.977,94576.0
2023-11-24,2392.618,2406.219,2384.429,2397.198,93095.0
2023-11-27,2391.091,2391.23,2336.963,2341.959,185270.0
2023-11-28,2342.515,2353.479,2319.753,2335.02,139103.0
2023-11-29,2332.66,2332.938,2309.344,2328.774,86485.0
2023-11-30,2326.97,2343.902,2324.749,2340.571,106833.0
2023-12-01,2338.49,2338.49,2296.991,2313.646,134304.0
2023-12-04,2303.653,2320.031,2291.162,2294.771,106956.0
2023-12-05,2289.913,2294.493,2244.668,2250.636,150411.0
2023-12-06,2249.664,2285.749,2236.618,2270.482,144742.0
2023-12-07,2270.482,2272.842,2234.397,2248.554,151071.0
2023-12-08,2248.554,2273.258,2244.39,2254.244,144759.0
2023-12-11,2208.027,2213.579,2165.835,2202.475,323121.0
2023-12-12,2185.821,2209.137,2182.073,2203.863,144023.0
2023-12-13,2194.148,2195.258,2124.475,2127.251,318646.0
2023-12-14,2144.184,2157.785,2111.568,2111.568,214418.0
2023-12-15,2125.724,2155.287,2113.65,2126.141,200133.0
2023-12-18,2103.241,2141.408,2100.742,2130.305,129300.0
2023-12-19,2130.166,2130.166,2110.319,2121.006,130160.0
2023-12-20,2128.223,2129.333,2103.934,2104.351,106300.0
2023-12-21,2100.881,2136.55,2095.329,2131.692,176648.0
2023-12-22,2131.137,2141.408,2110.458,2122.255,164023.0
2023-12-25,2120.867,2138.216,2115.732,2137.938,98621.0
2023-12-26,2137.938,2137.938,2124.892,2134.746,73678.0
2023-12-27,2134.746,2141.13,2116.842,2127.945,104309.0
2023-12-28,2127.945,2229.401,2124.059,2214.966,336109.0
2023-12-29,2213.579,2236.34,2203.724,2217.881,194541.0
2024-01-02,2217.742,2217.742,2155.287,2158.063,215270.0
2024-01-03,2157.785,2167.361,2126.835,2142.518,164171.0
2024-01-04,2142.518,2142.796,2102.685,2106.988,178763.0
2024-01-05,2102.547,2120.589,2085.614,2091.999,156304.0
2024-01-08,2088.806,2090.611,2047.031,2048.418,210200.0
2024-01-09,2048.418,2066.184,2038.842,2044.394,174838.0
2024-01-10,2044.394,2068.959,2019.411,2058.134,165304.0
2024-01-11,2056.746,2081.728,2036.205,2069.515,156464.0
2024-01-12,2059.244,2076.454,2048.418,2057.44,119208.0
2024-01-15,2047.031,2066.322,2034.262,2056.468,115826.0
2024-01-16,2045.92,2064.796,2032.18,2052.721,125287.0
2024-01-17,2041.479,2044.255,2007.337,2007.337,176757.0
2024-01-18,2002.618,2048.835,1980.273,2045.643,235948.0
2024-01-19,2033.152,2067.988,2020.938,2059.383,225020.0
2024-01-22,2052.582,2062.991,2016.497,2033.152,213410.0
2024-01-23,2030.376,2048.696,2012.055,2038.426,161987.0
2024-01-24,2049.529,2053.692,2009.002,2047.724,166824.0
2024-01-25,2047.031,2090.194,2040.924,2090.194,273421.0
2024-01-26,2076.315,2102.408,2067.849,2088.668,193174.0
2024-01-29,2089.917,2125.724,2089.917,2099.493,216150.0
2024-01-30,2085.892,2087.28,2041.201,2043.006,170720.0
2024-01-31,2040.091,2056.468,2023.297,2023.436,135218.0
2024-02-01,2015.664,2043.144,2007.337,2026.212,137875.0
2024-02-02,2026.212,2056.052,1971.529,1989.016,210862.0
2024-02-05,1989.016,2045.365,1976.386,2027.184,308042.0
2024-02-06,2019.273,2116.426,2015.109,2116.287,323842.0
2024-02-07,2117.952,2140.02,2103.934,2128.5,290673.0
2024-02-08,2141.408,2159.728,2112.262,2124.614,243748.0
2024-02-19,2198.312,2199.006,2141.13,2160.144,288579.0
2024-02-20,2158.063,2171.942,2116.426,2135.579,211819.0
2024-02-21,2121.977,2250.774,2114.205,2227.735,466563.0
2024-02-22,2215.105,2236.618,2205.668,2228.845,188401.0
2024-02-23,2228.013,2260.49,2214.273,2237.312,184393.0
2024-02-26,2234.397,2245.223,2200.394,2210.248,139947.0
2024-02-27,2199.838,2210.803,2186.515,2210.248,150617.0
2024-02-28,2210.248,2233.009,2196.507,2207.055,196194.0
2024-02-29,2199.7,2245.917,2195.536,2244.806,176604.0
2024-03-01,2242.031,2266.041,2225.792,2249.525,158813.0
2024-03-04,2234.536,2244.112,2214.134,2218.159,154307.0
2024-03-05,2213.301,2239.671,2204.28,2235.646,160016.0
2024-03-06,2227.458,2231.621,2192.899,2200.532,176528.0
2024-03-07,2200.532,2213.301,2189.29,2189.29,112198.0
2024-03-08,2186.653,2201.504,2167.223,2191.65,122452.0
2024-03-11,2190.678,2231.482,2186.098,2229.678,193569.0
2024-03-12,2229.817,2342.653,2229.817,2328.913,450791.0
2024-03-13,2317.671,2340.988,2312.675,2321.28,179130.0
2024-03-14,2313.507,2366.248,2311.564,2346.262,222274.0
2024-03-15,2338.49,2418.71,2335.714,2386.927,238874.0
2024-03-18,2385.678,2417.045,2362.223,2400.945,189874.0
2024-03-19,2406.219,2476.863,2401.5,2454.657,338826.0
2024-03-20,2447.856,2467.009,2428.564,2448.828,161600.0
2024-03-21,2448.134,2470.895,2430.785,2444.109,136430.0
2024-03-22,2441.194,2446.191,2385.123,2399.974,201564.0
2024-03-25,2387.205,2392.618,2352.369,2376.24,161675.0
2024-03-26,2376.934,2427.038,2376.934,2424.817,180890.0
2024-03-27,2421.764,2425.927,2388.454,2389.287,123630.0
2024-03-28,2389.287,2426.482,2380.821,2395.394,144192.0
2024-03-29,2395.394,2422.041,2387.899,2401.084,88348.0
2024-04-01,2414.824,2471.173,2414.824,2453.408,177262.0
2024-04-02,2449.522,2452.02,2419.821,2428.703,114101.0
2024-04-03,2434.255,2449.105,2398.169,2416.212,98261.0
2024-04-08,2380.127,2380.127,2311.426,2314.757,270007.0
2024-04-09,2303.792,2327.525,2292.411,2303.515,130397.0
2024-04-10,2299.628,2303.792,2243.28,2256.881,171676.0
2024-04-11,2249.664,2250.497,2221.906,2246.055,159943.0
2024-04-12,2241.337,2261.461,2214.966,2220.379,134073.0
2024-04-15,2221.906,2324.333,2214.411,2315.173,254292.0
2024-04-16,2305.18,2312.952,2273.397,2282.557,135678.0
2024-04-17,2276.45,2290.468,2266.319,2287.137,137023.0
2024-04-18,2270.066,2307.678,2259.379,2282.696,152453.0
2024-04-19,2268.817,2276.034,2241.198,2253.828,127262.0
2024-04-22,2253.828,2303.515,2253.828,2276.867,140366.0
2024-04-23,2269.095,2317.532,2268.678,2311.148,171712.0
2024-04-24,2323.639,2341.265,2296.853,2338.212,142251.0
2024-04-25,2331.55,2343.347,2311.009,2338.212,100776.0
2024-04-26,2341.265,2389.842,2341.265,2383.596,179462.0
2024-04-29,2366.248,2443.415,2352.507,2376.657,275385.0
2024-04-30,2384.29,2400.806,2358.337,2358.337,155296.0
2024-05-06,2400.112,2467.981,2399.557,2421.902,316796.0
2024-05-07,2421.764,2441.472,2401.639,2434.81,145500.0
2024-05-08,2435.365,2440.084,2412.742,2421.764,101074.0
2024-05-09,2412.465,2431.34,2404.137,2419.543,113275.0
2024-05-10,2421.764,2434.116,2391.23,2413.853,102514.0
2024-05-13,2391.23,2393.728,2356.116,2367.636,172628.0
2024-05-14,2367.636,2378.045,2352.785,2370.966,113455.0
2024-05-15,2370.828,2377.767,2359.308,2371.383,78428.0
2024-05-16,2375.963,2422.874,2362.223,2408.579,149376.0
2024-05-17,2407.885,2441.611,2396.92,2441.333,161843.0
2024-05-20,2441.194,2488.383,2441.194,2453.685,193736.0
2024-05-21,2446.746,2452.02,2423.013,2443.137,88037.0
2024-05-22,2435.781,2441.333,2411.632,2423.429,108478.0
2024-05-23,2421.764,2435.226,2398.447,2402.333,89889.0
2024-05-24,2392.063,2395.81,2366.248,2368.329,112039.0
2024-05-27,2368.191,2384.29,2360.418,2374.297,101567.0
2024-05-28,2374.575,2379.294,2352.369,2352.785,103874.0
2024-05-29,2353.063,2366.109,2336.547,2341.404,91024.0
2024-05-30,2337.796,2337.796,2295.603,2300.461,161111.0
2024-05-31,2309.344,2324.472,2305.18,2306.568,131412.0
2024-06-03,2309.205,2314.201,2278.116,2296.575,140930.0
2024-06-04,2296.575,2325.999,2289.913,2321.557,103021.0
2024-06-05,2320.724,2324.611,2291.995,2293.522,111148.0
2024-06-06,2296.991,2305.458,2269.927,2281.586,127309.0
2024-06-07,2289.913,2290.607,2239.949,2246.055,158693.0
2024-06-11,2233.009,2233.009,2185.821,2192.482,206655.0
2024-06-12,2187.208,2211.219,2179.575,2184.433,154524.0
2024-06-13,2184.294,2187.208,2136.411,2138.077,243623.0
2024-06-14,2133.08,2153.899,2103.796,2153.621,287219.0
2024-06-17,2135.856,2160.283,2092.831,2154.315,246272.0
2024-06-18,2144.184,2176.66,2122.255,2128.778,202981.0
2024-06-19,2132.803,2148.347,2114.066,2133.358,137045.0
2024-06-20,2131.692,2145.155,2105.045,2105.322,126192.0
2024-06-21,2102.685,2114.482,2058.134,2077.564,213886.0
2024-06-24,2019.55,2111.845,2013.721,2089.084,239235.0
2024-06-25,2099.771,2120.45,2083.116,2095.746,177152.0
2024-06-26,2080.34,2105.045,2079.646,2092.831,102212.0
2024-06-27,2093.248,2093.803,2057.023,2069.931,122646.0
2024-06-28,2060.771,2081.589,2040.924,2047.586,156899.0
2024-07-01,2049.806,2063.13,2019.273,2051.194,154335.0
2024-07-02,2042.867,2111.984,2040.091,2096.44,247479.0
2024-07-03,2096.44,2112.262,2076.176,2088.668,124277.0
2024-07-04,2088.668,2108.098,2075.205,2082.977,100495.0
2024-07-05,2082.977,2102.13,2048.974,2060.216,139413.0
2024-07-08,2060.632,2063.685,2008.447,2018.023,207455.0
2024-07-09,2018.023,2049.806,2007.892,2034.123,195404.0
2024-07-10,2026.212,2053.415,2021.771,2026.767,154572.0
2024-07-11,2040.091,2095.607,2035.511,2081.45,257796.0
2024-07-12,2093.525,2108.931,2079.23,2103.518,189387.0
2024-07-15,2097.966,2130.721,2092.137,2104.906,119738.0
2024-07-16,2094.219,2113.233,2081.312,2104.628,154689.0
2024-07-17,2097.966,2153.344,2089.223,2150.152,228842.0
2024-07-18,2140.159,2181.241,2140.02,2154.87,185917.0
2024-07-19,2149.041,2188.041,2136.55,2187.07,190244.0
2024-07-22,2186.792,2194.426,2153.482,2156.536,156429.0
2024-07-23,2153.621,2160.561,2095.191,2095.191,197564.0
2024-07-24,2092.137,2107.682,2077.148,2084.92,143650.0
2024-07-25,2071.596,2093.248,2071.596,2081.034,118141.0
2024-07-26,2084.087,2103.241,2071.596,2086.863,114215.0
2024-07-29,2084.087,2093.803,2057.717,2057.717,139364.0
2024-07-30,2042.45,2060.493,2021.354,2046.475,207253.0
2024-07-31,2038.009,2114.344,2037.732,2096.023,260579.0
2024-08-01,2096.162,2097.273,2054.664,2056.329,174739.0
2024-08-02,2042.45,2063.547,2040.785,2052.166,99502.0
2024-08-05,2052.166,2111.845,2050.778,2084.087,241892.0
2024-08-06,2091.305,2111.845,2075.483,2082.7,153473.0
2024-08-07,2084.087,2106.016,2074.372,2097.966,132591.0
2024-08-08,2090.749,2135.023,2083.394,2116.703,200131.0
2024-08-09,2132.664,2139.603,2108.237,2112.956,158468.0
2024-08-12,2104.906,2118.646,2099.632,2107.821,73108.0
2024-08-13,2106.155,2111.29,2071.874,2078.536,124517.0
2024-08-14,2077.148,2078.397,2054.803,2060.91,94947.0
2024-08-15,2056.607,2086.169,2054.386,2069.515,111623.0
2024-08-16,2063.269,2075.344,2050.5,2070.347,97267.0
2024-08-19,2070.208,2097.966,2054.942,2055.636,138759.0
2024-08-20,2055.636,2056.329,2037.732,2044.532,109852.0
2024-08-21,2039.675,2044.394,2029.959,2031.347,97108.0
2024-08-22,2031.486,2033.984,2000.258,2014.554,185285.0
2024-08-23,2009.141,2029.959,2008.031,2016.219,88988.0
2024-08-26,2014.415,2026.767,1973.611,1974.721,204010.0
2024-08-27,1968.892,1975.831,1939.052,1968.892,156609.0
2024-08-28,1959.176,1959.176,1902.55,1917.539,247292.0
2024-08-29,1938.358,2004.838,1933.223,1983.881,300256.0
2024-08-30,1973.055,2065.49,1956.123,2042.867,337798.0
2024-09-02,2028.571,2032.874,1986.934,1986.934,177555.0
2024-09-03,1988.045,2021.216,1986.934,2005.255,127984.0
2024-09-04,1991.515,2011.917,1987.351,1988.461,84692.0
2024-09-05,1988.322,1999.148,1979.995,1994.568,82795.0
2024-09-06,1993.874,1993.874,1966.116,1966.532,77722.0
2024-09-09,1957.789,1965.977,1938.636,1948.351,111587.0
2024-09-10,1948.351,1976.664,1943.91,1951.265,106050.0
2024-09-11,1942.522,1960.148,1931.418,1945.436,76591.0
2024-09-12,1945.297,1950.571,1908.657,1908.657,169848.0
2024-09-13,1907.824,1907.824,1850.92,1850.92,311531.0
2024-09-18,1837.735,1856.055,1823.301,1829.963,177639.0
2024-09-19,1830.518,1901.717,1811.087,1874.515,318181.0
2024-09-20,1863.828,1873.821,1842.593,1865.91,196681.0
2024-09-23,1874.653,1914.625,1867.575,1893.806,203712.0
2024-09-24,1930.031,2006.365,1910.739,2005.81,473469.0
2024-09-25,2050.778,2078.813,2026.906,2029.959,417189.0
2024-09-26,2029.959,2199.422,2027.322,2199.422,664534.0
2024-09-27,2303.376,2385.817,2257.991,2385.817,864577.0
2024-09-30,2500.735,2590.81,2454.657,2590.81,986201.0
2024-10-08,2816.344,2816.344,2494.212,2612.184,1306806.0
2024-10-09,2555.974,2555.974,2384.707,2384.984,815469.0
2024-10-10,2384.845,2493.934,2384.845,2444.664,600601.0
2024-10-11,2417.184,2463.262,2389.426,2412.326,285158.0
2024-10-14,2431.063,2431.063,2361.806,2413.853,334966.0
2024-10-15,2417.184,2418.571,2333.91,2333.91,329702.0
2024-10-16,2306.152,2337.934,2279.504,2301.294,312272.0
2024-10-17,2313.091,2318.92,2249.109,2249.942,282508.0
2024-10-18,2236.895,2355.561,2227.874,2320.031,441443.0
2024-10-21,2333.771,2354.728,2293.66,2320.169,295765.0
2024-10-22,2317.255,2367.913,2309.066,2353.895,304663.0
2024-10-23,2354.312,2410.66,2333.91,2396.781,358138.0
2024-10-24,2372.771,2396.365,2363.194,2368.052,186420.0
2024-10-25,2354.173,2415.379,2354.173,2390.952,198055.0
2024-10-28,2403.443,2472.7,2370.966,2472.283,438110.0
2024-10-29,2472.283,2512.671,2422.735,2428.287,303158.0
2024-10-30,2403.305,2435.365,2379.71,2400.529,211870.0
2024-10-31,2375.547,2406.08,2353.479,2373.187,269441.0
2024-11-01,2357.781,2428.287,2357.781,2388.315,227192.0
2024-11-04,2396.365,2406.219,2362.778,2397.753,205052.0
2024-11-05,2389.426,2458.682,2372.771,2456.045,320318.0
2024-11-06,2455.49,2458.821,2405.386,2434.532,302066.0
2024-11-07,2417.739,2597.888,2414.824,2587.063,671872.0
2024-11-08,2611.49,2619.817,2500.458,2506.981,567474.0
2024-11-11,2463.678,2484.497,2433.838,2484.08,366012.0
2024-11-12,2484.08,2542.095,2467.842,2476.863,351347.0
2024-11-13,2458.821,2491.159,2454.102,2471.867,194334.0
2024-11-14,2460.347,2498.792,2447.023,2465.621,217928.0
2024-11-15,2465.482,2474.504,2424.817,2435.087,255443.0
2024-11-18,2434.949,2463.817,2403.305,2407.885,209861.0
2024-11-19,2411.077,2426.066,2351.952,2395.671,233413.0
2024-11-20,2395.671,2422.596,2378.322,2411.632,149815.0
2024-11-21,2403.305,2418.571,2391.646,2410.244,114461.0
2024-11-22,2408.856,2417.322,2342.931,2346.262,189425.0
2024-11-25,2360.141,2378.045,2315.867,2331.134,191690.0
2024-11-26,2326.97,2369.995,2313.091,2345.013,175358.0
2024-11-27,2344.596,2387.899,2328.08,2376.24,200250.0
2024-11-28,2347.789,2374.853,2331.134,2333.91,190454.0
2024-11-29,2348.066,2412.881,2339.461,2372.354,287278.0
2024-12-02,2377.351,2395.394,2355.561,2381.098,179764.0
2024-12-03,2385.262,2386.233,2364.443,2375.408,140143.0
2024-12-04,2374.159,2374.714,2344.596,2357.92,148434.0
2024-12-05,2347.789,2356.949,2340.988,2348.205,103210.0
2024-12-06,2343.07,2389.426,2343.07,2367.774,187546.0
2024-12-09,2367.913,2381.237,2349.87,2358.337,145424.0
2024-12-10,2458.821,2484.913,2401.917,2404.692,463263.0
2024-12-11,2389.703,2438.002,2389.703,2408.856,199993.0
2024-12-12,2409.411,2444.942,2395.949,2442.443,253653.0
2024-12-13,2422.041,2426.621,2389.426,2389.981,284227.0
2024-12-16,2389.842,2389.981,2334.187,2342.098,264773.0
2024-12-17,2341.959,2372.077,2328.358,2346.262,159493.0
2024-12-18,2347.789,2365.554,2341.682,2350.564,120676.0
2024-12-19,2335.297,2339.6,2324.333,2327.664,151982.0
2024-12-20,2329.746,2340.433,2316.144,2322.945,172836.0
2024-12-23,2310.593,2333.077,2309.621,2312.397,142601.0
2024-12-24,2311.009,2326.97,2302.127,2326.692,143330.0
2024-12-25,2326.692,2332.244,2314.201,2321.141,96140.0
2024-12-26,2321.696,2323.223,2304.07,2312.952,104768.0
2024-12-27,2314.479,2319.337,2300.184,2313.369,134451.0
2024-12-30,2306.429,2322.39,2292.273,2295.187,163672.0
2024-12-31,2295.326,2328.358,2278.532,2278.949,245219.0
2025-01-02,2278.394,2278.394,2227.041,2236.618,255647.0
2025-01-03,2237.867,2250.08,2205.529,2214.55,168230.0
2025-01-06,2165.974,2194.564,2144.878,2151.123,279430.0
2025-01-07,2156.258,2162.643,2134.052,2151.401,190187.0
2025-01-08,2151.539,2163.753,2112.123,2135.44,192876.0
2025-01-09,2138.354,2172.219,2113.927,2147.653,159183.0
2025-01-10,2146.543,2151.123,2120.173,2120.173,135378.0
2025-01-13,2102.408,2132.664,2097.411,2128.5,121491.0
2025-01-14,2129.888,2185.404,2124.337,2181.518,228625.0
2025-01-15,2185.404,2190.678,2170.415,2178.048,128123.0
2025-01-16,2186.792,2199.283,2154.315,2160.144,163096.0
2025-01-17,2167.362,2193.454,2161.116,2171.525,152450.0
2025-01-20,2179.575,2215.799,2177.493,2199.283,194174.0
2025-01-21,2206.917,2208.999,2178.465,2186.653,132797.0
2025-01-22,2180.547,2181.241,2141.408,2144.461,174182.0
2025-01-23,2161.477,2189.096,2154.121,2156.619,184489.0
2025-01-24,2144.822,2155.648,2126.641,2143.712,189436.0
2025-01-27,2147.598,2155.231,2135.107,2136.495,126535.0
2025-02-05,2141.352,2145.932,2099.16,2106.1,186916.0
2025-02-06,2103.185,2125.253,2101.658,2118.452,138191.0
2025-02-07,2119.84,2159.811,2107.626,2142.463,232473.0
2025-02-10,2143.157,2150.374,2132.331,2141.075,136546.0
2025-02-11,2142.046,2148.569,2115.954,2123.448,176002.0
2025-02-12,2123.448,2143.573,2114.288,2143.434,177353.0
2025-02-13,2143.712,2203.114,2137.189,2196.313,467626.0
2025-02-14,2182.989,2205.89,2176.744,2192.427,218107.0
2025-02-17,2201.587,2224.349,2190.484,2196.868,205078.0
2025-02-18,2195.897,2208.527,2166.473,2178.132,185961.0
2025-02-19,2178.132,2196.174,2166.196,2190.762,153642.0
2025-02-20,2180.769,2214.078,2179.52,2182.295,132530.0
2025-02-21,2183.683,2212.274,2174.384,2190.9,210017.0
2025-02-24,2187.847,2223.794,2180.352,2201.726,244392.0
2025-02-25,2187.569,2188.124,2155.648,2158.007,221901.0
2025-02-26,2157.452,2172.58,2148.986,2172.58,179243.0
2025-02-27,2175.217,2218.242,2172.58,2213.523,370795.0
2025-02-28,2211.441,2254.466,2196.174,2197.285,337202.0
2025-03-03,2197.285,2253.078,2180.213,2187.014,210355.0
2025-03-04,2176.189,2180.352,2157.452,2171.886,149348.0
2025-03-05,2171.886,2175.356,2142.324,2156.064,199366.0
2025-03-06,2166.057,2200.338,2156.619,2198.673,235857.0
2025-03-07,2192.011,2241.975,2187.986,2241.975,340073.0
2025-03-10,2237.811,2237.811,2198.395,2212.69,206353.0
2025-03-11,2196.313,2247.665,2195.619,2247.527,321036.0
2025-03-12,2248.915,2261.544,2211.719,2216.576,288018.0
2025-03-13,2216.576,2235.313,2206.584,2208.527,167923.0
2025-03-14,2216.993,2341.626,2216.993,2325.249,765516.0
2025-03-17,2347.455,2355.228,2305.541,2311.925,387730.0
2025-03-18,2317.199,2321.779,2296.381,2307.9,186735.0
2025-03-19,2307.9,2325.11,2291.384,2299.157,168157.0
2025-03-20,2298.601,2300.267,2256.687,2258.491,228722.0
2025-03-21,2254.466,2279.448,2233.509,2239.199,197130.0
2025-03-24,2231.705,2243.779,2217.409,2235.174,180489.0
2025-03-25,2239.199,2240.587,2211.441,2224.765,175671.0
2025-03-26,2224.487,2229.206,2215.466,2221.85,108826.0
2025-03-27,2218.103,2241.559,2210.053,2229.484,140866.0
2025-03-28,2231.982,2234.342,2208.665,2220.185,120996.0
2025-03-31,2219.907,2222.267,2194.092,2194.092,144855.0
2025-04-01,2195.203,2206.584,2191.178,2200.199,121705.0
2025-04-02,2201.31,2210.747,2190.068,2191.317,101025.0
2025-04-03,2169.11,2223.655,2166.89,2203.114,165623.0
2025-04-07,2154.537,2181.601,2089.306,2130.665,463093.0
2025-04-08,2130.665,2192.566,2130.665,2185.904,331857.0
2025-04-09,2168.416,2214.772,2166.334,2206.584,296999.0
2025-04-10,2207.278,2223.794,2182.295,2219.075,233106.0
2025-04-11,2205.89,2223.516,2183.406,2197.562,174293.0
2025-04-14,2196.174,2212.413,2189.374,2189.79,125781.0
2025-04-15,2189.235,2195.48,2176.466,2194.092,114825.0
2025-04-16,2186.459,2210.747,2170.915,2207.278,166680.0
2025-04-17,2193.815,2216.854,2189.235,2210.47,152923.0
2025-04-18,2203.253,2211.025,2192.149,2199.644,89478.0
2025-04-21,2197.423,2203.114,2177.299,2180.075,144364.0
2025-04-22,2178.132,2185.626,2168.416,2176.744,115855.0
2025-04-23,2182.018,2185.071,2169.11,2174.939,95944.0
2025-04-24,2172.58,2178.132,2161.616,2162.31,131524.0
2025-04-25,2164.253,2178.409,2160.922,2162.171,107183.0
2025-04-28,2176.882,2198.395,2173.968,2187.153,185045.0
2025-04-29,2177.438,2183.683,2165.502,2169.11,124796.0
2025-04-30,2169.943,2179.52,2156.897,2157.313,146627.0
2025-05-06,2161.477,2169.11,2148.569,2168.278,146349.0
2025-05-07,2187.847,2200.477,2172.58,2175.217,152470.0
2025-05-08,2171.331,2216.993,2165.363,2200.338,208023.0
2025-05-09,2200.338,2204.502,2189.374,2197.285,110548.0
2025-05-12,2203.114,2220.463,2196.174,2216.576,164560.0
2025-05-13,2226.153,2226.153,2209.082,2216.854,120395.0
2025-05-14,2212.968,2275.007,2205.473,2248.359,291490.0
2025-05-15,2244.89,2252.939,2225.459,2226.292,144944.0
2025-05-16,2222.267,2225.181,2189.929,2190.345,173543.0
2025-05-19,2164.253,2176.744,2159.811,2165.641,237008.0
2025-05-20,2161.477,2170.221,2159.673,2163.281,159369.0
2025-05-21,2163.281,2173.69,2161.477,2165.085,141693.0
2025-05-22,2165.224,2168.0,2159.256,2162.726,96055.0
2025-05-23,2162.171,2170.637,2149.68,2149.68,150380.0
2025-05-26,2147.181,2149.68,2118.313,2125.53,273615.0
2025-05-27,2123.726,2133.025,2118.313,2122.06,151268.0
2025-05-28,2124.003,2135.523,2112.9,2132.608,181385.0
2025-05-29,2128.167,2140.658,2118.452,2138.16,160347.0
2025-05-30,2133.719,2141.352,2119.84,2125.947,146828.0
2025-06-03,2108.459,2113.594,2099.993,2101.52,237483.0
2025-06-04,2101.52,2109.014,2093.47,2099.715,193503.0
2025-06-05,2099.715,2112.9,2094.719,2106.377,202312.0
2025-06-06,2105.544,2117.758,2101.797,2107.21,118885.0
2025-06-09,2107.21,2108.737,2100.548,2105.406,198429.0
2025-06-10,2103.185,2107.349,2095.968,2097.495,171053.0
2025-06-11,2097.633,2108.737,2094.858,2101.797,145473.0
2025-06-12,2099.021,2099.715,2069.598,2071.263,380660.0
2025-06-13,2062.797,2062.936,2022.964,2024.352,366962.0
2025-06-16,2006.448,2014.915,1994.929,2012.555,271489.0
2025-06-17,2011.722,2020.466,2000.897,2004.783,196502.0
2025-06-18,2018.384,2028.794,2007.004,2013.388,200491.0
2025-06-19,2002.562,2015.053,1996.317,1998.815,163572.0
2025-06-20,2001.868,2036.566,2000.203,2030.459,296814.0
2025-06-23,2021.299,2023.936,2005.893,2012.694,173387.0
2025-06-24,2016.719,2036.427,2014.359,2033.096,178958.0
2025-06-25,2036.566,2039.619,2021.021,2039.064,178647.0
2025-06-26,2038.092,2045.448,2031.431,2032.818,166373.0
2025-06-27,2032.541,2035.594,2023.242,2025.185,160216.0
2025-06-30,2025.185,2030.737,2012.694,2021.299,223680.0
2025-07-01,2022.548,2022.548,2012.694,2017.552,122183.0
2025-07-02,2017.552,2035.178,2015.886,2025.185,154477.0
2025-07-03,2025.185,2034.206,2021.299,2031.292,122430.0
2025-07-04,2026.712,2046.975,2025.324,2041.979,170679.0
2025-07-07,2039.48,2043.783,2033.929,2035.317,85811.0
2025-07-08,2034.484,2048.641,2034.206,2047.391,116631.0
2025-07-09,2048.085,2076.121,2043.366,2058.772,203496.0
2025-07-10,2050.861,2076.537,2049.057,2072.374,162716.0
2025-07-11,2072.235,2105.683,2067.377,2096.245,287189.0
2025-07-14,2097.078,2113.455,2083.754,2111.651,219140.0
2025-07-15,2103.463,2113.178,2096.523,2105.961,193328.0
2025-07-16,2100.409,2118.174,2100.409,2109.847,178699.0
2025-07-17,2109.847,2121.366,2104.157,2117.342,172999.0
2025-07-18,2120.52,2145.086,2106.363,2133.011,210209.0
2025-07-21,2133.011,2133.15,2111.776,2116.079,187784.0
2025-07-22,2116.079,2162.296,2116.079,2157.299,303772.0
2025-07-23,2159.659,2176.036,2151.748,2152.719,229067.0
2025-07-24,2152.025,2160.491,2143.004,2157.577,156012.0
2025-07-25,2157.577,2158.271,2128.708,2129.68,184007.0
2025-07-28,2129.402,2138.424,2108.306,2136.897,178511.0
2025-07-29,2129.125,2135.926,2111.082,2129.402,185151.0
2025-07-30,2129.958,2152.025,2126.071,2143.281,224124.0
2025-07-31,2136.342,2137.452,2092.345,2096.509,304687.0
2025-08-01,2096.37,2103.032,2085.961,2094.427,123226.0
2025-08-04,2089.292,2097.62,2086.794,2093.317,85933.0
2025-08-05,2093.733,2111.36,2093.733,2107.612,139446.0
2025-08-06,2107.89,2115.246,2101.228,2110.527,119684.0
2025-08-07,2110.111,2124.128,2107.612,2115.94,115703.0
2025-08-08,2115.94,2120.52,2107.751,2111.36,82426.0
2025-08-11,2110.388,2140.922,2109.833,2135.232,182660.0
2025-08-12,2134.676,2154.523,2122.324,2124.822,211374.0
2025-08-13,2122.324,2128.708,2115.523,2124.822,155823.0
2025-08-14,2124.684,2147.862,2118.993,2119.965,199063.0
2025-08-15,2115.801,2126.349,2106.918,2123.573,193943.0
2025-08-18,2123.573,2145.224,2119.548,2132.595,255301.0
2025-08-19,2132.872,2160.353,2132.872,2141.755,327242.0
2025-08-20,2141.894,2170.762,2127.043,2160.769,404310.0
2025-08-21,2161.047,2165.627,2148.0,2156.189,231895.0
2025-08-22,2156.189,2161.324,2149.249,2160.908,204850.0
2025-08-25,2166.321,2220.587,2166.321,2218.367,479800.0
2025-08-26,2218.367,2245.015,2200.602,2215.73,349794.0
2025-08-27,2212.399,2212.399,2172.15,2172.427,346847.0
2025-08-28,2172.289,2180.477,2136.064,2156.466,345835.0
2025-08-29,2166.321,2216.563,2165.488,2212.815,435251.0
2025-09-01,2219.338,2220.726,2184.918,2203.655,316942.0
2025-09-02,2197.271,2234.883,2193.107,2199.353,349162.0
2025-09-03,2205.459,2240.157,2169.235,2172.427,302863.0
2025-09-04,2167.986,2170.762,2146.196,2157.022,261873.0
2025-09-05,2155.495,2177.979,2147.168,2175.064,201734.0
2025-09-08,2173.538,2207.541,2167.431,2206.708,305364.0
2025-09-09,2206.57,2210.733,2185.751,2202.684,184406.0
2025-09-10,2202.684,2212.121,2186.862,2192.413,199645.0
2025-09-11,2183.531,2199.075,2174.926,2198.797,229973.0
2025-09-12,2198.52,2214.758,2179.367,2180.338,262704.0
2025-09-15,2172.15,2179.089,2164.516,2172.844,166569.0
2025-09-16,2172.844,2175.62,2155.495,2161.047,191087.0
2025-09-17,2161.185,2168.402,2147.445,2163.267,181336.0
2025-09-18,2163.128,2163.267,2129.541,2135.232,275478.0
2025-09-19,2135.093,2144.392,2119.41,2137.175,196688.0
2025-09-22,2130.513,2131.901,2110.805,2115.246,196433.0
2025-09-23,2108.445,2125.794,2102.2,2110.943,172079.0
2025-09-24,2110.943,2120.103,2105.531,2113.442,130564.0
2025-09-25,2113.858,2117.466,2101.506,2101.644,194555.0
2025-09-26,2101.644,2103.726,2080.826,2082.908,261925.0
2025-09-29,2084.157,2116.217,2077.634,2107.196,256358.0
2025-09-30,2100.534,2105.947,2092.623,2101.089,154571.0
2025-10-09,2100.534,2100.534,2079.022,2096.648,203757.0
2025-10-10,2096.37,2109.972,2089.57,2090.68,175360.0
2025-10-13,2075.691,2086.1,2070.0,2078.466,195835.0
2025-10-14,2088.459,2116.217,2080.826,2109.278,291656.0
2025-10-15,2099.146,2117.328,2095.26,2109.278,194596.0
2025-10-16,2104.837,2118.716,2101.367,2118.577,198478.0
2025-10-17,2108.306,2121.63,2095.26,2095.399,180408.0
2025-10-20,2099.285,2102.061,2081.936,2086.933,131645.0
2025-10-21,2091.374,2101.367,2085.406,2087.765,147294.0
2025-10-22,2080.548,2091.235,2079.16,2081.936,127827.0
2025-10-23,2080.548,2100.673,2079.993,2099.007,155718.0
2025-10-24,2094.011,2098.313,2081.936,2084.573,174322.0
2025-10-27,2081.242,2088.182,2078.883,2084.573,143943.0
2025-10-28,2084.573,2090.125,2080.687,2081.936,140195.0
2025-10-29,2078.605,2079.854,2055.705,2064.31,245083.0
2025-10-30,2052.929,2074.303,2052.79,2059.313,204330.0
2025-10-31,2016.705,2075.552,2016.705,2066.531,421077.0
2025-11-03,2059.73,2074.997,2045.851,2066.392,223270.0
2025-11-04,2063.616,2066.531,2039.05,2041.132,172734.0
2025-11-05,2029.89,2038.911,2025.032,2027.531,164630.0
2025-11-06,2032.111,2043.075,2025.865,2027.392,154673.0
2025-11-07,2027.392,2038.773,2024.338,2035.442,145436.0
2025-11-10,2035.442,2102.477,2032.527,2091.652,429065.0
2025-11-11,2084.018,2094.011,2069.445,2091.374,229268.0
2025-11-12,2091.513,2115.246,2085.406,2085.822,222544.0
2025-11-13,2080.548,2098.175,2075.413,2097.203,160023.0
2025-11-14,2089.986,2108.168,2083.185,2083.463,139244.0
2025-11-17,2080.826,2087.904,2066.808,2082.63,117388.0
2025-11-18,2080.548,2104.837,2077.217,2085.545,147669.0
2025-11-19,2084.99,2087.349,2076.385,2079.022,95150.0
2025-11-20,2078.883,2103.31,2074.997,2084.018,158258.0
2025-11-21,2082.075,2100.118,2072.36,2076.107,205072.0
2025-11-24,2077.079,2086.933,2059.73,2060.007,173011.0
2025-11-25,2060.007,2065.42,2050.431,2059.869,146609.0
2025-11-26,2060.007,2070.694,2052.79,2056.399,91698.0
2025-11-27,2056.954,2059.591,2048.627,2051.958,92157.0
2025-11-28,2051.402,2051.958,2043.769,2050.708,80296.0
2025-12-01,2050.015,2061.395,2040.299,2047.933,120912.0
2025-12-02,2047.239,2049.598,2031.972,2032.943,124928.0
2025-12-03,2035.025,2039.605,2018.093,2019.481,165871.0
2025-12-04,2019.62,2021.563,1998.94,2003.52,169292.0
2025-12-05,2003.797,2016.289,2000.189,2010.598,117682.0
2025-12-08,2009.071,2012.958,1984.783,1987.143,276979.0
2025-12-09,1983.395,1984.506,1948.698,1953.972,304310.0
2025-12-10,1948.698,1966.047,1934.958,1964.242,178696.0
2025-12-11,1969.516,1979.648,1966.463,1968.128,157884.0
2025-12-12,1973.68,1993.111,1963.965,1963.965,257022.0
2025-12-15,1973.68,1987.004,1970.21,1975.762,215686.0
2025-12-16,1969.516,1984.644,1964.797,1983.395,145068.0
2025-12-17,1983.395,1993.805,1970.904,1988.947,153140.0
2025-12-18,1988.919,1993.638,1982.118,1983.506,124629.0
2025-12-19,1986.56,1989.752,1978.094,1984.894,138187.0
2025-12-22,1984.617,1988.642,1979.204,1982.118,108465.0
2025-12-23,1979.343,1983.506,1968.239,1973.652,113540.0
2025-12-24,1970.599,1971.848,1960.606,1967.545,117905.0
2025-12-25,1967.545,1987.254,1966.435,1985.866,125708.0
2025-12-26,1978.926,1984.339,1969.766,1974.485,114759.0
2025-12-29,1969.766,1971.987,1949.78,1950.613,195453.0
2025-12-30,1948.392,1949.642,1936.179,1940.898,158470.0
2025-12-31,1938.538,1939.371,1916.61,1921.19,208677.0
2026-01-05,1920.634,1952.417,1917.859,1948.392,222669.0
2026-01-06,1948.67,1955.748,1934.791,1952.14,186232.0
2026-01-07,1952.279,1954.499,1941.453,1943.118,123092.0
2026-01-08,1941.175,1941.175,1931.183,1934.513,129121.0
2026-01-09,1936.595,1957.414,1934.236,1937.844,160750.0
2026-01-12,1937.983,1961.578,1937.706,1957.414,233356.0
2026-01-13,1963.521,1966.713,1947.282,1949.78,197374.0
2026-01-14,1948.115,1961.439,1931.46,1936.457,225609.0
2026-01-15,1931.738,1938.955,1922.3,1923.271,162929.0
2026-01-16,1925.492,1927.713,1908.837,1910.364,198710.0
2026-01-19,1908.005,1913.417,1898.983,1901.898,182299.0
2026-01-20,1901.204,1914.666,1898.428,1906.894,172817.0
2026-01-21,1902.869,1903.98,1880.385,1881.079,262283.0
2026-01-22,1881.357,1890.378,1874.973,1877.054,186915.0
2026-01-23,1877.61,1890.239,1876.222,1880.247,214559.0
2026-01-26,1879.83,1887.325,1853.46,1871.225,312961.0
2026-01-27,1868.172,1871.086,1852.905,1852.905,225287.0
2026-01-28,1853.044,1864.425,1847.492,1848.464,266767.0
2026-01-29,1848.464,1988.225,1845.688,1988.225,986604.0
2026-01-30,1988.225,1988.364,1908.143,1908.143,668171.0
2026-02-02,1909.254,1988.086,1909.254,1939.926,531977.0
2026-02-03,1937.012,1960.606,1930.35,1939.787,331643.0
2026-02-04,1928.962,1969.35,1925.908,1956.997,378917.0
2026-02-05,1948.392,1985.172,1945.062,1962.133,372846.0
2026-02-06,1962.271,1973.791,1933.264,1935.901,276522.0
2026-02-09,1933.126,1945.478,1928.545,1940.898,208892.0
2026-02-10,1938.4,1938.4,1919.108,1928.962,185040.0
2026-02-11,1926.325,1931.044,1919.941,1922.578,114996.0
2026-02-12,1920.634,1923.549,1899.816,1902.869,181730.0
2026-02-13,1903.98,1934.236,1896.624,1922.855,241240.0
2026-02-24,1952.279,1966.296,1908.143,1910.364,210144.0
2026-02-25,1908.143,1923.549,1906.339,1910.503,161529.0
2026-02-26,1908.143,1912.723,1888.713,1892.599,192325.0
2026-02-27,1892.599,1901.898,1892.599,1894.958,119188.0
2026-03-02,1880.385,1902.592,1871.225,1883.439,204064.0
2026-03-03,1880.524,1899.538,1865.118,1874.14,230595.0
2026-03-04,1866.506,1866.645,1849.158,1852.905,183018.0
2026-03-05,1861.232,1866.09,1854.709,1858.873,100521.0
2026-03-06,1857.346,1873.307,1853.321,1872.058,112916.0
2026-03-09,1857.069,1874.834,1856.375,1859.844,177781.0
2026-03-10,1864.841,1871.919,1863.175,1867.2,111694.0
2026-03-11,1867.2,1871.364,1860.816,1869.005,107801.0
2026-03-12,1866.506,1876.638,1860.955,1870.254,116614.0
2026-03-13,1867.339,1889.545,1864.425,1879.691,153187.0
2026-03-16,1877.61,1912.446,1876.222,1901.759,203049.0
2026-03-17,1901.759,1919.524,1894.264,1905.229,177702.0
2026-03-18,1905.229,1908.005,1885.937,1890.378,117209.0
2026-03-19,1880.524,1886.076,1873.585,1873.862,114373.0
2026-03-20,1873.862,1882.884,1865.118,1872.058,102865.0
2026-03-23,1858.179,1863.453,1839.304,1841.941,205190.0
2026-03-24,1850.962,1859.012,1839.304,1857.346,117508.0
2026-03-25,1857.485,1874.556,1850.962,1872.752,108590.0
2026-03-26,1869.282,1878.859,1856.513,1856.513,95924.0
2026-03-27,1845.688,1878.72,1844.439,1875.528,102958.0
2026-03-30,1866.368,1892.876,1863.731,1886.77,124907.0
2026-03-31,1908.143,1919.247,1884.133,1884.133,178348.0
2026-04-01,1893.848,1910.642,1885.798,1899.677,122667.0
2026-04-02,1894.264,1911.752,1892.599,1908.143,151783.0
2026-04-03,1907.727,1907.727,1884.41,1887.186,83089.0
2026-04-07,1885.937,1892.876,1871.364,1881.912,81548.0
2026-04-08,1892.876,1897.04,1887.464,1896.901,97740.0
2026-04-09,1885.659,1889.962,1873.446,1874.834,98462.0
2026-04-10,1874.973,1879.691,1866.506,1867.478,122424.0
2026-04-13,1861.51,1872.752,1853.738,1872.336,122634.0
2026-04-14,1872.336,1885.937,1864.841,1881.773,120696.0
2026-04-15,1878.997,1894.126,1875.944,1888.019,115713.0
2026-04-16,1887.325,1894.264,1883.439,1886.492,90166.0
2026-04-17,1859.567,1869.976,1855.403,1864.563,167432.0
2026-04-20,1864.008,1865.812,1853.321,1857.485,116961.0
2026-04-21,1856.791,1864.008,1852.627,1855.126,108281.0
2026-04-22,1852.627,1853.738,1845.133,1847.631,144383.0
2026-04-23,1847.631,1870.67,1846.521,1855.126,174023.0
2026-04-24,1847.77,1865.396,1842.912,1856.375,134533.0
2026-04-27,1845.688,1846.104,1839.442,1841.524,191048.0
2026-04-28,1839.859,1842.773,1837.36,1841.524,123415.0
2026-04-29,1809.325,1819.04,1797.667,1815.709,338635.0
2026-04-30,1807.382,1810.296,1797.111,1798.222,248209.0
2026-05-06,1710.784,1762.414,1701.346,1731.325,871599.0
2026-05-07,1733.684,1753.392,1733.684,1736.044,536278.0
2026-05-08,1736.044,1738.82,1722.997,1729.521,259641.0
2026-05-11,1728.133,1731.741,1718.973,1725.079,269325.0
2026-05-12,1724.941,1726.745,1706.898,1707.731,372974.0
2026-05-13,1707.869,1711.478,1682.471,1688.161,467201.0
2026-05-14,1683.442,1717.723,1669.147,1685.941,503148.0
2026-05-15,1672.2,1673.311,1653.047,1656.517,361179.0
2026-05-18,1653.464,1653.464,1633.339,1638.474,393631.0
2026-05-19,1641.667,1661.791,1636.254,1641.389,304941.0
2026-05-20,1633.478,1645.275,1624.179,1637.086,304617.0
2026-05-21,1637.642,1661.097,1633.755,1635.421,326630.0
2026-05-22,1638.613,1638.891,1617.101,1617.101,260371.0
2026-05-25,1611.549,1630.425,1603.083,1618.627,292025.0
2026-05-26,1613.076,1624.873,1601.14,1607.802,277304.0
2026-05-27,1602.805,1647.912,1584.763,1615.158,603801.0
2026-05-28,1596.699,1600.446,1579.211,1581.848,362379.0
2026-05-29,1574.909,1638.752,1573.382,1629.037,601101.0
2026-06-01,1615.99,1615.99,1600.446,1608.496,279987.0
2026-06-02,1608.079,1616.407,1594.755,1598.78,238179.0
2026-06-03,1597.254,1602.389,1583.652,1593.784,211544.0
2026-06-04,1593.784,1599.891,1576.435,1576.435,204211.0
2026-06-05,1581.987,1594.755,1575.464,1576.158,219364.0
2026-06-08,1575.186,1584.624,1555.062,1560.613,275252.0
2026-06-09,1559.78,1561.168,1545.624,1548.816,218412.0
2026-06-10,1547.706,1557.699,1541.738,1549.232,230726.0
2026-06-11,1544.236,1560.891,1528.553,1558.254,378196.0
2026-06-12,1552.702,1573.937,1550.204,1560.058,358344.0
2026-06-15,1560.613,1565.054,1548.677,1556.033,240611.0
2026-06-16,1552.702,1554.229,1535.492,1537.99,217566.0
2026-06-17,1537.574,1543.126,1523.001,1526.332,222588.0
2026-06-18,1523.417,1524.528,1503.57,1503.57,326843.0
2026-06-22,1498.713,1525.638,1488.859,1513.286,356276.0
2026-06-23,1507.734,1537.852,1483.03,1488.442,466103.0
2026-06-24,1485.389,1498.019,1467.901,1468.179,300078.0
2026-06-25,1464.709,1501.211,1462.627,1491.773,491432.0
2026-06-26,1490.385,1501.766,1465.82,1466.375,323521.0
2026-06-29,1464.432,1495.937,1446.667,1477.894,427122.0
2026-06-30,1470.955,1490.663,1456.243,1477.894,362653.0
2026-07-01,1476.09,1490.108,1458.186,1485.111,380761.0
2026-07-02,1490.941,1497.88,1468.734,1470.955,350206.0
2026-07-03,1472.898,1487.748,1458.464,1466.93,338250.0
2026-07-06,1462.766,1485.805,1459.019,1474.563,345843.0
2026-07-07,1472.204,1472.343,1445.695,1446.25,356731.0
2026-07-08,1445.973,1453.884,1439.311,1442.919,232078.0
2026-07-09,1436.257,1443.197,1429.595,1434.869,241921.0
2026-07-10,1437.784,1482.197,1431.955,1473.592,559655.0
2026-07-13,1464.848,1470.261,1452.218,1461.517,306023.0
2026-07-14,1457.215,1470.816,1455.41,1469.567,283568.0
2026-07-15,1456.243,1512.175,1450.275,1511.204,637349.0
2026-07-16,1504.375,1521.863,1494.244,1512.286,488921.0
2026-07-17,1522.002,1528.386,1490.774,1496.464,427399.0
2026-07-20,1497.02,1545.596,1497.02,1544.763,647586.0
2026-07-21,1541.432,1551.98,1515.617,1518.948,633783.0
2026-07-22,1508.4,1524.778,1501.6,1524.084,407823.0
2026-07-23,1513.674,1526.859,1504.237,1525.333,370321.0
2026-07-24,1522.002,1531.717,1506.318,1507.706,311399.0
2026-07-27,1508.955,1520.059,1506.874,1512.286,203331.0
2026-07-28,1512.286,1529.774,1505.625,1524.778,314815.0
2026-07-29,1526.443,1539.489,1523.251,1529.913,407417.0
2026-07-30,1528.941,1580.849,1527.692,1576.963,729039.0
2026-07-31,1555.173,1578.628,1549.621,1569.19,497860.0
2026-08-03,1569.19,1578.35,1562.251,1570.023,279082.0
2026-08-04,1570.023,1570.578,1550.731,1553.646,352887.0
2026-08-05,1553.785,1554.756,1530.329,1534.493,433273.0
2026-08-06,1534.632,1538.379,1517.56,1520.336,406081.0
2026-08-07,1527.553,1530.329,1513.813,1529.08,360575.0
2026-08-10,1531.995,1551.148,1531.301,1544.069,450511.0
2026-08-11,1543.653,1543.653,1527.415,1527.553,336615.0
2026-08-12,1524.222,1540.044,1520.614,1531.439,312877.0
2026-08-13,1527.553,1543.237,1526.027,1529.219,325120.0
2026-08-14,1527.692,1527.97,1509.511,1510.205,360233.0
2026-08-17,1491.329,1497.02,1484.112,1493.55,332149.0
2026-08-18,1491.607,1496.742,1487.859,1493.689,192681.0
2026-08-19,1493.689,1496.742,1483.279,1484.39,237201.0
2026-08-20,1484.667,1492.439,1484.667,1487.165,160334.0
2026-08-21,1485.361,1485.916,1473.564,1474.674,197098.0
2026-08-24,1474.813,1482.308,1470.372,1478.699,212574.0
2026-08-25,1478.977,1483.141,1474.674,1479.254,180303.0
2026-08-26,1471.76,1486.61,1471.066,1484.528,196907.0
2026-08-27,1483.279,1483.418,1471.482,1473.703,320800.0
2026-08-28,1473.703,1481.614,1471.066,1479.116,230365.0
2026-08-31,1477.867,1480.226,1470.649,1475.785,252421.0
2026-09-01,1474.536,1492.023,1472.592,1483.557,301307.0
2026-09-02,1480.504,1482.585,1469.4,1469.539,262205.0
2026-09-03,1469.539,1473.564,1465.792,1467.596,180061.0
2026-09-04,1467.596,1492.162,1466.486,1485.639,451072.0
2026-09-07,1483.279,1487.165,1471.066,1478.422,262191.0
2026-09-08,1478.005,1486.749,1475.368,1481.059,197159.0
2026-09-09,1480.92,1480.92,1471.343,1474.258,178677.0
2026-09-10,1473.148,1474.674,1463.71,1464.82,223065.0
2026-09-11,1462.322,1463.988,1452.607,1454.689,231311.0
2026-09-14,1454.827,1458.158,1452.607,1456.076,117340.0
2026-09-15,1457.464,1457.881,1452.607,1453.995,96701.0
2026-09-16,1452.607,1453.856,1442.753,1447.888,154126.0
2026-09-17,1444.418,1448.027,1442.475,1446.084,117866.0
2026-09-18,1445.806,1459.407,1444.002,1458.158,178555.0
2026-09-21,1457.603,1463.155,1455.383,1461.906,169495.0
2026-09-22,1460.657,1469.955,1458.158,1465.653,139773.0
2026-09-23,1462.461,1473.009,1461.628,1462.877,173574.0
2026-09-24,1459.546,1461.767,1452.329,1453.578,131786.0
