date,open,high,low,close,volume
2016-01-04,218.421,222.11,194.397,197.486,437306.0
2016-01-05,190.021,205.98,185.817,203.921,446883.0
2016-01-06,203.921,210.184,202.891,207.953,341810.0
2016-01-07,203.749,206.152,187.276,187.619,101205.0
2016-01-08,198.601,200.317,178.867,187.19,461159.0
2016-01-11,181.441,185.474,168.571,171.832,364076.0
2016-01-12,172.861,175.349,163.681,169.601,232871.0
2016-01-13,170.974,172.69,156.817,157.074,232075.0
2016-01-14,154.071,169.858,151.068,167.284,318482.0
2016-01-15,164.967,174.749,161.278,162.222,355447.0
2016-01-18,155.701,167.112,155.358,164.796,262944.0
2016-01-19,164.624,177.58,160.677,173.29,362529.0
2016-01-20,172.432,177.58,169.429,170.03,326878.0
2016-01-21,166.769,172.69,160.163,160.677,221123.0
2016-01-22,164.195,168.4,158.275,164.624,213906.0
2016-01-25,165.311,168.571,164.195,165.397,175286.0
2016-01-26,162.479,168.314,149.095,150.725,285054.0
2016-01-27,152.784,160.506,136.825,156.388,398180.0
2016-01-28,150.296,153.556,142.917,145.234,249199.0
2016-01-29,144.976,153.127,142.059,149.609,294102.0
2016-02-01,149.18,150.382,141.115,143.432,219961.0
2016-02-02,145.405,150.639,144.547,147.979,262262.0
2016-02-03,145.405,150.296,143.946,148.837,229544.0
2016-02-04,151.24,153.814,150.038,152.956,251483.0
2016-02-05,153.127,154.242,150.553,150.639,195835.0
2016-02-15,144.118,155.615,143.689,154.242,250407.0
2016-02-16,155.959,162.136,154.071,159.734,281040.0
2016-02-17,159.133,171.059,158.876,164.281,375464.0
2016-02-18,165.311,165.74,160.849,161.192,238289.0
2016-02-19,161.192,171.917,160.249,166.855,337543.0
2016-02-22,167.713,171.488,167.112,168.485,294231.0
2016-02-23,169.515,170.201,163.509,165.311,244970.0
2016-02-24,166.255,169.343,162.737,167.541,262999.0
2016-02-25,167.37,167.37,150.896,150.896,368887.0
2016-02-26,151.84,153.47,146.263,148.923,230458.0
2016-02-29,149.009,150.124,136.825,139.914,244973.0
2016-03-01,141.716,148.837,140.257,144.204,272627.0
2016-03-02,144.461,153.127,143.603,152.87,326358.0
2016-03-03,155.53,157.932,151.84,151.84,366109.0
2016-03-04,151.068,156.988,147.293,152.355,354644.0
2016-03-07,153.556,159.991,153.556,158.704,384594.0
2016-03-08,157.417,157.417,148.837,155.615,310421.0
2016-03-09,151.497,158.704,150.553,152.012,291530.0
2016-03-10,151.497,153.728,147.979,148.58,179993.0
2016-03-11,147.035,149.695,145.319,146.092,152871.0
2016-03-14,148.837,153.385,147.55,150.725,220670.0
2016-03-15,150.124,155.101,148.837,150.553,204542.0
2016-03-16,151.411,152.183,146.606,147.035,164874.0
2016-03-17,147.979,152.698,147.893,151.411,241429.0
2016-03-18,151.84,159.305,151.84,158.275,450359.0
2016-03-21,161.106,162.479,157.589,162.222,444569.0
2016-03-22,160.763,170.373,159.047,165.997,638916.0
2016-03-23,164.367,166.769,162.136,164.281,310348.0
2016-03-24,163.423,172.604,161.879,164.796,535548.0
2016-03-25,163.337,167.799,162.394,165.482,273081.0
2016-03-28,167.284,169.429,162.479,162.823,286599.0
2016-03-29,162.737,166.426,159.991,160.249,245502.0
2016-03-30,161.965,166.684,160.249,165.568,281325.0
2016-03-31,166.598,172.518,164.024,167.284,403791.0
2016-04-01,165.654,167.627,161.879,165.654,262371.0
2016-04-05,165.139,169.772,164.453,168.4,272399.0
2016-04-06,167.627,170.974,166.169,169.0,318865.0
2016-04-07,169.687,170.03,163.423,163.681,281486.0
2016-04-08,162.394,164.967,160.163,162.222,195999.0
2016-04-11,163.252,166.169,163.08,165.568,191031.0
2016-04-12,165.568,165.568,161.793,163.08,153814.0
2016-04-13,164.71,169.172,164.281,166.598,345969.0
2016-04-14,168.142,168.228,164.967,166.941,203134.0
2016-04-15,166.684,168.4,166.083,166.598,175692.0
2016-04-18,165.225,165.311,162.479,162.651,161172.0
2016-04-19,163.08,164.195,161.364,162.908,137217.0
2016-04-20,163.337,165.997,151.583,155.873,322831.0
2016-04-21,155.701,157.16,152.269,152.87,167297.0
2016-04-22,152.269,154.414,150.553,153.899,140687.0
2016-04-25,153.556,157.074,150.296,154.757,195365.0
2016-04-26,153.213,156.302,152.098,155.015,103651.0
2016-04-27,155.53,156.388,153.127,153.47,100722.0
2016-04-28,153.814,154.671,148.408,152.269,138212.0
2016-04-29,151.411,153.814,149.695,150.982,123432.0
2016-05-03,151.411,156.473,150.467,156.216,152480.0
2016-05-04,155.53,156.731,154.414,155.873,128657.0
2016-05-05,157.503,166.684,157.417,162.136,382919.0
2016-05-06,160.935,162.136,153.213,153.814,288914.0
2016-05-09,151.497,152.355,146.349,147.121,177171.0
2016-05-10,147.121,149.609,146.778,148.751,100949.0
2016-05-11,149.781,150.553,146.435,147.464,95580.0
2016-05-12,145.92,150.896,144.976,149.609,147066.0
2016-05-13,149.867,151.154,147.121,148.151,98116.0
2016-05-16,147.722,149.695,146.263,149.18,89179.0
2016-05-17,149.695,151.84,146.778,149.952,161251.0
2016-05-18,150.21,151.754,146.349,147.807,184654.0
2016-05-19,147.121,149.695,146.435,147.979,89899.0
2016-05-20,147.121,155.701,146.435,149.952,160866.0
2016-05-23,150.553,151.583,148.322,149.18,150693.0
2016-05-24,149.009,149.095,146.778,147.379,100951.0
2016-05-25,147.979,149.609,146.177,146.606,88041.0
2016-05-26,146.263,147.55,142.488,145.491,128668.0
2016-05-27,145.834,148.322,145.405,147.293,118752.0
2016-05-30,146.435,147.035,144.118,144.976,74263.0
2016-05-31,145.834,150.296,145.834,150.296,200075.0
2016-06-01,150.382,154.757,150.21,150.811,227181.0
2016-06-02,150.896,152.612,150.038,151.84,152239.0
2016-06-03,152.527,152.784,150.553,151.669,130453.0
2016-06-06,152.269,152.956,149.781,150.553,106166.0
2016-06-07,151.583,152.269,150.296,151.497,108991.0
2016-06-08,151.669,154.328,150.639,152.527,228225.0
2016-06-13,150.896,155.272,148.151,148.151,289959.0
2016-06-14,147.55,148.837,144.976,146.263,168867.0
2016-06-15,145.234,150.124,144.547,149.18,186257.0
2016-06-16,150.896,154.843,150.296,151.84,290693.0
2016-06-17,152.527,154.414,151.154,152.612,191629.0
2016-06-20,153.384,153.985,150.725,153.47,148023.0
2016-06-21,153.813,155.615,152.355,153.384,217710.0
2016-06-22,153.556,154.757,151.926,154.757,135146.0
2016-06-23,154.757,162.651,152.441,160.077,399002.0
2016-06-24,158.618,161.278,152.698,157.417,387626.0
2016-06-27,156.817,165.139,156.817,165.139,430404.0
2016-06-28,164.281,165.825,161.621,164.967,290194.0
2016-06-29,167.799,168.399,164.538,164.796,314578.0
2016-06-30,164.882,173.547,164.367,171.059,506738.0
2016-07-01,172.003,187.962,171.231,181.784,929504.0
2016-07-04,179.553,199.717,179.039,199.717,868233.0
2016-07-05,208.039,219.45,205.122,209.927,1456191.0
2016-07-06,209.927,217.477,208.039,216.619,1136896.0
2016-07-07,213.359,215.589,207.867,212.758,740875.0
2016-07-08,215.332,220.909,210.356,211.471,816890.0
2016-07-11,215.761,218.592,208.382,210.613,850059.0
2016-07-12,208.468,211.385,203.749,208.983,615886.0
2016-07-13,212.415,213.444,205.036,209.069,525770.0
2016-07-14,208.897,214.817,205.465,209.755,599353.0
2016-07-15,207.181,207.867,200.403,204.693,506977.0
2016-07-18,203.32,206.838,201.003,201.69,304468.0
2016-07-19,202.891,205.379,200.574,204.521,275848.0
2016-07-20,205.293,205.894,200.489,200.832,251653.0
2016-07-21,200.66,202.119,199.888,200.574,279634.0
2016-07-22,201.604,207.524,200.746,201.604,512706.0
2016-07-25,203.063,207.61,201.003,205.98,467086.0
2016-07-26,205.637,207.181,203.32,207.009,309921.0
2016-07-27,207.181,209.24,190.879,193.453,561490.0
2016-07-28,194.311,197.486,186.503,190.021,388392.0
2016-07-29,190.707,191.737,181.527,184.187,280274.0
2016-08-01,184.015,188.477,180.583,184.53,255986.0
2016-08-02,185.731,186.16,181.613,184.959,163814.0
2016-08-03,184.959,185.645,182.557,184.187,155947.0
2016-08-04,184.53,188.048,182.642,186.675,194852.0
2016-08-05,186.589,186.589,181.613,181.956,211639.0
2016-08-08,181.098,199.974,178.095,199.974,629425.0
2016-08-09,198.429,200.746,195.77,198.687,462901.0
2016-08-10,197.486,200.06,194.74,195.598,344243.0
2016-08-11,193.968,194.826,187.447,187.876,356822.0
2016-08-12,188.133,193.11,187.704,190.193,269506.0
2016-08-15,190.193,198.944,189.163,197.314,407056.0
2016-08-16,197.743,200.832,196.113,197.571,311591.0
2016-08-17,198.086,215.504,196.885,206.752,727962.0
2016-08-18,205.122,210.184,202.033,208.725,449783.0
2016-08-19,207.867,213.616,206.323,213.015,525041.0
2016-08-22,212.329,212.329,202.548,202.634,372812.0
2016-08-23,202.376,205.293,198.601,200.489,233481.0
2016-08-24,201.175,208.64,200.574,205.293,317521.0
2016-08-25,203.32,203.32,198.258,202.29,249236.0
2016-08-26,201.861,205.894,201.261,201.776,219987.0
2016-08-29,206.409,209.069,200.918,201.089,260638.0
2016-08-30,199.459,207.524,197.743,202.29,328326.0
2016-08-31,198.773,200.06,195.341,197.571,296969.0
2016-09-01,197.571,199.287,191.737,192.423,343693.0
2016-09-02,192.767,194.74,191.909,193.882,144627.0
2016-09-05,195.169,195.855,192.767,194.225,126095.0
2016-09-06,193.882,195.169,190.107,195.169,213834.0
2016-09-07,195.169,201.261,194.654,198.601,344233.0
2016-09-08,199.459,200.06,196.456,198.0,189181.0
2016-09-09,198.0,199.974,196.628,196.799,178039.0
2016-09-12,193.11,194.483,186.761,186.932,271006.0
2016-09-13,188.305,189.592,186.332,188.219,132231.0
2016-09-14,186.761,189.077,185.302,186.16,128356.0
2016-09-19,186.074,188.048,185.989,187.447,106310.0
2016-09-20,187.704,187.876,183.329,184.616,123350.0
2016-09-21,184.959,186.16,183.414,185.559,112416.0
2016-09-22,187.018,189.077,185.645,187.19,179499.0
2016-09-23,188.133,188.906,186.589,187.018,120352.0
2016-09-26,187.104,187.104,178.867,179.296,192856.0
2016-09-27,178.695,181.012,176.293,180.926,162665.0
2016-09-28,180.326,181.698,178.953,179.983,98336.0
2016-09-29,179.897,181.184,179.296,179.725,81927.0
2016-09-30,179.725,183.157,179.21,181.784,107723.0
2016-10-10,182.299,186.589,182.299,185.817,145118.0
2016-10-11,185.989,189.849,185.388,187.361,190556.0
2016-10-12,186.332,188.133,185.045,187.361,107141.0
2016-10-13,186.589,187.79,185.903,186.332,89534.0
2016-10-14,186.503,188.906,185.731,187.018,123102.0
2016-10-17,188.133,188.734,182.471,183.414,137173.0
2016-10-18,183.414,186.503,181.698,186.246,144909.0
2016-10-19,186.332,199.287,185.645,192.252,338220.0
2016-10-20,191.651,193.882,189.592,190.45,163207.0
2016-10-21,190.021,193.024,188.391,191.48,174276.0
2016-10-24,191.565,199.459,190.021,196.885,403959.0
2016-10-25,196.199,197.571,194.225,196.199,176122.0
2016-10-26,196.284,197.743,194.74,195.169,150830.0
2016-10-27,195.169,199.287,194.139,195.083,271721.0
2016-10-28,195.169,196.199,190.021,190.536,207612.0
2016-10-31,190.879,194.997,189.935,193.71,175441.0
2016-11-01,194.654,194.997,191.394,193.024,134556.0
2016-11-02,193.539,194.74,188.82,189.506,193864.0
2016-11-03,188.906,191.994,186.761,189.849,212205.0
2016-11-04,189.077,189.849,186.074,186.16,141302.0
2016-11-07,186.932,188.219,185.474,185.817,109032.0
2016-11-08,187.876,189.678,186.418,187.447,130858.0
2016-11-09,187.018,187.79,183.157,184.701,156133.0
2016-11-10,187.19,190.193,186.16,188.219,172637.0
2016-11-11,188.133,190.193,186.589,189.163,177971.0
2016-11-14,188.562,193.196,187.79,193.024,305996.0
2016-11-15,193.882,194.997,191.051,192.681,186722.0
2016-11-16,192.338,193.71,190.45,190.707,145204.0
2016-11-17,190.193,193.367,189.335,193.196,206322.0
2016-11-18,193.024,194.826,191.308,191.48,196661.0
2016-11-21,190.278,194.054,190.278,192.423,142014.0
2016-11-22,192.853,193.282,190.45,192.509,155592.0
2016-11-23,192.595,197.915,191.994,195.083,447815.0
2016-11-24,193.539,194.74,190.879,192.595,232040.0
2016-11-25,192.423,194.054,190.364,193.024,170746.0
2016-11-28,193.882,197.228,192.681,193.024,240698.0
2016-11-29,191.994,200.403,191.994,195.598,503517.0
2016-11-30,195.169,195.169,191.48,192.938,217297.0
2016-12-01,191.909,194.568,191.394,193.11,199935.0
2016-12-02,192.595,194.483,186.589,186.589,258015.0
2016-12-05,184.015,191.394,183.157,186.246,238933.0
2016-12-06,186.246,187.361,184.015,184.358,116562.0
2016-12-07,184.015,186.074,184.015,185.903,105551.0
2016-12-08,186.418,186.932,184.015,184.187,113637.0
2016-12-09,184.272,184.959,180.755,184.272,173557.0
2016-12-12,185.13,187.79,178.438,178.867,266231.0
2016-12-13,178.438,184.101,178.266,183.243,188160.0
2016-12-14,183.5,190.021,180.583,186.847,338408.0
2016-12-15,186.074,193.282,186.074,189.592,330986.0
2016-12-16,188.562,192.423,187.275,188.991,180545.0
2016-12-19,189.592,191.565,188.133,190.536,127623.0
2016-12-20,190.364,190.707,186.246,188.991,135948.0
2016-12-21,189.592,193.882,187.018,191.909,304313.0
2016-12-22,190.879,191.909,188.305,189.506,139620.0
2016-12-23,188.734,192.166,188.048,188.048,164722.0
2016-12-26,184.873,188.219,183.243,187.018,128353.0
2016-12-27,186.589,187.704,183.071,183.329,154585.0
2016-12-28,184.101,186.761,183.414,184.101,111529.0
2016-12-29,183.586,185.388,183.329,184.444,87045.0
2016-12-30,185.13,185.903,183.672,184.53,82215.0
2017-01-03,185.559,193.539,185.302,192.08,303874.0
2017-01-04,191.308,193.882,191.308,192.509,251971.0
2017-01-05,192.08,199.287,191.737,195.855,469028.0
2017-01-06,196.542,200.317,194.654,194.74,327519.0
2017-01-09,194.826,207.267,194.826,204.95,606675.0
2017-01-10,203.749,205.379,199.631,200.746,369092.0
2017-01-11,202.119,205.894,200.06,201.261,319963.0
2017-01-12,201.261,202.462,195.169,195.77,289866.0
2017-01-13,195.77,198.429,193.625,194.483,208368.0
2017-01-16,194.483,197.142,184.187,192.166,293153.0
2017-01-17,189.592,196.027,187.962,196.027,294556.0
2017-01-18,195.169,200.489,194.568,197.228,297507.0
2017-01-19,196.542,198.858,195.855,196.542,183079.0
2017-01-20,196.199,199.888,195.684,199.459,207289.0
2017-01-23,202.033,204.779,200.145,202.634,289039.0
2017-01-24,201.261,204.178,200.832,201.347,179588.0
2017-01-25,200.832,202.977,198.601,201.003,186000.0
2017-01-26,201.432,206.323,201.261,204.521,253562.0
2017-02-03,205.036,207.696,202.977,204.264,240905.0
2017-02-06,203.749,205.894,202.033,205.293,222547.0
2017-02-07,204.35,204.95,198.172,199.287,337808.0
2017-02-08,198.515,208.382,196.713,208.039,460494.0
2017-02-09,207.61,210.613,205.98,207.953,349540.0
2017-02-10,207.181,208.296,205.122,205.379,237724.0
2017-02-13,205.208,207.009,203.577,204.35,237453.0
2017-02-14,204.007,206.838,203.063,203.835,205236.0
2017-02-15,203.835,204.521,201.175,202.462,251743.0
2017-02-16,202.119,206.323,201.604,204.864,251819.0
2017-02-17,204.007,208.725,202.119,206.323,373052.0
2017-02-20,206.752,208.811,204.693,207.353,240226.0
2017-02-21,207.524,208.296,204.521,206.752,229506.0
2017-02-22,205.894,206.752,204.178,205.465,170414.0
2017-02-23,205.122,205.293,199.888,201.175,249238.0
2017-02-24,200.832,204.264,200.317,203.663,196511.0
2017-02-27,202.891,203.234,199.888,200.317,155837.0
2017-02-28,200.317,202.548,199.974,201.432,105894.0
2017-03-01,202.033,211.042,201.947,206.752,525799.0
2017-03-02,206.838,209.326,204.693,206.666,343890.0
2017-03-03,205.894,210.785,205.551,207.524,412469.0
2017-03-06,208.468,213.616,206.323,213.616,509921.0
2017-03-07,213.101,213.187,209.24,211.299,335773.0
2017-03-08,211.643,214.045,208.382,209.069,316614.0
2017-03-09,208.382,212.758,207.438,208.725,291329.0
2017-03-10,209.069,211.042,206.58,206.924,221771.0
2017-03-13,206.666,208.64,206.323,208.468,187236.0
2017-03-14,208.039,208.554,204.435,206.409,263058.0
2017-03-15,205.808,208.382,205.036,206.58,170176.0
2017-03-16,207.181,208.64,206.409,208.468,198028.0
2017-03-17,208.468,209.326,202.891,203.406,249059.0
2017-03-20,203.663,204.779,200.918,203.234,183859.0
2017-03-21,203.148,204.092,201.518,203.749,113828.0
2017-03-22,202.891,204.35,201.261,202.376,143445.0
2017-03-23,203.835,207.181,202.462,206.58,288090.0
2017-03-24,206.323,207.438,204.607,206.838,169675.0
2017-03-27,207.953,211.986,206.237,210.098,337516.0
2017-03-28,209.755,210.098,207.267,208.64,184900.0
2017-03-29,208.64,214.56,208.64,210.527,549515.0
2017-03-30,211.385,215.418,208.897,209.412,475489.0
2017-03-31,209.498,216.276,208.554,213.53,530416.0
2017-04-05,212.329,217.477,211.471,215.332,416942.0
2017-04-06,214.989,217.906,213.273,214.302,369453.0
2017-04-07,213.788,218.85,213.53,215.16,370721.0
2017-04-10,216.533,216.533,211.385,211.814,322053.0
2017-04-11,211.471,227.43,210.442,225.199,895675.0
2017-04-12,225.285,229.146,221.338,223.14,565452.0
2017-04-13,223.483,224.77,220.394,223.397,313429.0
2017-04-14,222.368,225.113,218.507,219.708,379185.0
2017-04-17,220.909,221.338,214.989,216.877,320048.0
2017-04-18,217.305,219.622,215.589,217.734,221183.0
2017-04-19,217.734,221.424,204.607,207.953,613141.0
2017-04-20,207.953,210.184,200.574,203.32,372777.0
2017-04-21,203.663,204.864,200.231,202.205,193746.0
2017-04-24,203.234,206.752,198.687,199.888,259692.0
2017-04-25,200.317,201.604,190.879,197.829,290031.0
2017-04-26,197.915,203.663,197.314,200.403,259271.0
2017-04-27,201.947,205.122,197.4,204.178,305694.0
2017-04-28,203.663,207.696,202.119,207.181,217410.0
2017-05-02,207.095,208.64,203.921,207.095,179801.0
2017-05-03,206.409,214.474,205.894,211.986,508005.0
2017-05-04,211.042,212.329,198.429,200.317,641193.0
2017-05-05,202.033,205.122,183.157,185.559,594408.0
2017-05-08,182.642,182.728,167.541,167.713,566910.0
2017-05-09,166.34,170.03,163.423,166.855,321533.0
2017-05-10,167.713,168.399,154.242,154.843,490595.0
2017-05-11,154.929,159.39,149.266,157.674,420179.0
2017-05-12,156.473,157.245,153.127,154.843,216666.0
2017-05-15,155.358,156.044,152.955,153.384,174618.0
2017-05-16,153.384,157.932,149.266,157.417,308910.0
2017-05-17,156.388,163.423,155.873,159.905,384237.0
2017-05-18,158.189,163.252,156.988,157.846,197175.0
2017-05-19,158.189,159.476,155.529,156.388,138261.0
2017-05-22,156.13,157.932,150.467,152.269,166096.0
2017-05-23,152.269,153.213,144.375,145.233,217630.0
2017-05-24,145.319,149.352,139.914,148.408,193698.0
2017-05-25,148.837,151.754,145.748,150.725,180763.0
2017-05-26,150.382,152.097,149.094,149.781,133986.0
2017-05-31,151.239,153.213,149.952,150.124,118633.0
2017-06-01,148.837,151.239,147.121,147.121,119135.0
2017-06-02,147.121,152.527,146.092,152.441,199094.0
2017-06-05,152.355,154.586,151.668,152.698,131124.0
2017-06-06,152.87,157.589,152.269,156.13,239684.0
2017-06-07,155.873,158.532,155.272,158.189,229311.0
2017-06-08,157.331,159.39,155.615,156.559,222239.0
2017-06-09,155.615,157.503,154.671,156.044,134986.0
2017-06-12,154.929,155.615,151.154,151.325,172681.0
2017-06-13,151.325,154.157,151.068,153.47,152689.0
2017-06-14,153.47,157.503,152.955,154.757,282548.0
2017-06-15,155.272,158.79,154.586,158.275,311274.0
2017-06-16,158.618,159.734,156.731,159.133,207454.0
2017-06-19,158.618,164.882,158.275,163.852,280072.0
2017-06-20,164.882,164.882,162.222,162.565,169155.0
2017-06-21,164.195,166.598,162.308,163.166,224463.0
2017-06-22,162.908,163.595,159.648,159.991,206644.0
2017-06-23,159.991,161.364,155.529,159.734,239275.0
2017-06-26,159.562,162.737,159.047,162.565,167646.0
2017-06-27,162.565,165.311,162.05,163.423,216132.0
2017-06-28,163.423,163.423,159.819,160.163,154124.0
2017-06-29,160.334,162.393,159.133,161.707,172447.0
2017-06-30,160.42,161.707,159.219,160.763,151312.0
2017-07-03,160.42,161.621,160.248,161.364,95219.0
2017-07-04,161.278,164.882,161.106,164.796,260541.0
2017-07-05,163.852,164.967,163.08,164.453,165318.0
2017-07-06,164.71,165.053,160.935,163.852,217956.0
2017-07-07,163.337,165.654,161.964,164.195,250765.0
2017-07-10,165.997,168.485,163.166,163.681,286937.0
2017-07-11,162.822,164.624,161.535,161.879,162289.0
2017-07-12,161.278,162.222,156.473,159.047,202972.0
2017-07-13,159.133,160.935,156.988,160.592,156032.0
2017-07-14,160.163,161.879,158.103,159.991,141416.0
2017-07-17,160.077,160.42,148.408,148.58,271505.0
2017-07-18,148.494,150.811,147.121,150.296,151925.0
2017-07-19,150.553,153.127,149.695,152.269,150767.0
2017-07-20,152.355,157.417,151.497,155.1,223653.0
2017-07-21,155.272,159.047,154.5,156.302,173791.0
2017-07-24,155.272,162.393,155.186,160.935,310978.0
2017-07-25,161.621,162.908,157.76,158.532,231163.0
2017-07-26,158.704,160.935,157.846,160.849,197547.0
2017-07-27,160.849,163.595,158.79,162.565,269223.0
2017-07-28,162.479,162.994,160.334,161.106,175295.0
2017-07-31,161.964,162.565,156.216,158.618,244320.0
2017-08-01,159.219,160.248,156.902,157.16,205018.0
2017-08-02,157.246,159.133,152.87,153.728,259668.0
2017-08-03,153.728,155.958,153.47,154.071,107649.0
2017-08-04,155.444,169.172,155.1,166.512,858440.0
2017-08-07,165.568,165.568,162.222,164.024,402441.0
2017-08-08,162.822,167.284,160.677,165.396,412212.0
2017-08-09,163.852,164.538,162.994,163.852,173671.0
2017-08-10,164.367,167.541,163.08,163.423,271606.0
2017-08-11,162.994,167.97,161.45,163.423,417489.0
2017-08-14,163.423,165.997,160.763,165.74,266893.0
2017-08-15,165.482,167.97,164.453,166.855,287301.0
2017-08-16,166.855,173.805,164.882,172.089,450622.0
2017-08-17,171.231,176.722,169.687,171.145,458453.0
2017-08-18,170.201,171.145,166.512,167.112,284985.0
2017-08-21,167.37,168.828,164.967,166.512,206370.0
2017-08-22,167.198,168.228,165.654,166.083,153155.0
2017-08-23,166.855,168.314,165.911,166.426,132628.0
2017-08-24,166.426,167.97,164.024,164.453,170217.0
2017-08-25,164.024,166.855,163.938,166.512,128653.0
2017-08-28,166.683,170.287,165.911,169.687,305034.0
2017-08-29,168.228,168.743,165.74,166.083,206487.0
2017-08-30,166.083,167.198,164.367,166.941,186141.0
2017-08-31,166.083,167.97,164.538,165.225,131083.0
2017-09-01,164.967,165.482,162.822,164.281,212932.0
2017-09-04,165.396,167.799,164.882,167.456,287444.0
2017-09-05,167.112,167.37,164.882,164.967,135988.0
2017-09-06,164.71,167.541,164.109,166.083,193663.0
2017-09-07,166.254,166.512,163.337,163.423,181060.0
2017-09-08,163.252,164.882,161.278,162.136,160875.0
2017-09-11,162.565,164.967,161.535,163.166,122827.0
2017-09-12,162.908,163.423,161.364,161.621,131611.0
2017-09-13,161.879,162.994,161.278,161.793,84271.0
2017-09-14,161.106,162.393,161.106,161.45,96095.0
2017-09-15,161.964,164.195,161.535,162.994,144843.0
2017-09-18,162.651,163.852,162.136,162.565,97419.0
2017-09-19,162.565,163.166,161.45,161.793,94272.0
2017-09-20,164.109,166.855,163.681,165.225,283715.0
2017-09-21,164.367,165.139,162.565,162.737,148934.0
2017-09-22,162.994,163.166,160.42,161.879,111024.0
2017-09-25,162.479,163.766,161.192,161.192,97091.0
2017-09-26,161.106,162.994,160.506,162.136,89719.0
2017-09-27,162.222,164.538,161.879,163.766,139391.0
2017-09-28,163.766,167.627,162.994,166.769,336082.0
2017-09-29,166.683,169.257,166.254,167.541,239921.0
2017-10-09,168.914,169.343,165.74,166.598,222390.0
2017-10-10,166.941,167.284,165.396,166.769,150522.0
2017-10-11,166.512,166.512,164.882,165.654,125567.0
2017-10-12,165.74,177.323,165.225,173.29,666452.0
2017-10-13,172.861,172.861,169.772,171.917,290890.0
2017-10-16,171.917,181.87,170.716,175.349,660656.0
2017-10-17,175.435,179.725,174.32,176.808,275124.0
2017-10-18,176.808,178.695,172.604,173.547,279709.0
2017-10-19,173.29,173.376,167.799,167.97,223833.0
2017-10-20,167.97,170.716,167.456,170.373,142140.0
2017-10-23,170.716,170.802,167.456,168.399,162328.0
2017-10-24,168.657,169.086,164.538,165.311,198665.0
2017-10-25,165.74,167.027,165.139,166.426,140685.0
2017-10-26,166.426,169.086,164.71,168.571,181256.0
2017-10-27,168.314,169.687,166.083,166.598,129700.0
2017-10-30,166.169,166.169,158.532,158.704,264077.0
2017-10-31,158.704,160.334,157.846,160.248,135774.0
2017-11-01,160.163,160.849,158.876,159.648,120639.0
2017-11-02,159.648,159.648,155.958,156.302,148654.0
2017-11-03,156.302,157.932,154.671,155.615,111472.0
2017-11-06,156.559,160.163,155.958,159.562,141981.0
2017-11-07,159.562,161.106,158.103,160.077,128169.0
2017-11-08,160.334,164.967,160.248,162.908,215606.0
2017-11-09,163.595,164.538,161.793,164.024,151495.0
2017-11-10,164.624,164.796,161.793,161.879,129993.0
2017-11-13,162.222,162.308,158.876,159.905,136348.0
2017-11-14,159.905,163.595,159.219,161.964,182301.0
2017-11-15,161.278,161.535,158.275,158.275,116934.0
2017-11-16,158.275,159.219,156.13,156.388,129484.0
2017-11-17,156.817,157.246,148.236,149.695,209440.0
2017-11-20,149.867,150.124,144.118,148.837,167435.0
2017-11-21,148.665,150.038,147.464,148.58,113235.0
2017-11-22,148.408,155.958,148.236,153.47,224987.0
2017-11-23,152.269,154.843,148.322,148.923,127280.0
2017-11-24,148.58,151.068,148.236,149.438,75517.0
2017-11-27,149.18,152.612,147.893,148.665,98560.0
2017-11-28,149.009,150.639,148.322,149.867,63997.0
2017-11-29,150.382,152.269,149.781,152.097,112717.0
2017-11-30,152.097,154.242,150.382,151.325,84292.0
2017-12-01,151.325,152.183,150.038,151.754,60582.0
2017-12-04,151.926,151.926,146.006,146.606,137220.0
2017-12-05,147.121,150.124,145.405,145.834,109945.0
2017-12-06,145.748,149.094,144.29,148.751,102545.0
2017-12-07,149.438,156.13,148.494,153.556,300602.0
2017-12-08,152.269,153.041,150.896,152.612,140600.0
2017-12-11,152.441,153.899,151.325,153.213,108711.0
2017-12-12,152.698,153.728,150.553,150.639,78115.0
2017-12-13,150.467,153.642,150.467,153.299,104237.0
2017-12-14,152.526,154.071,151.84,152.87,69491.0
2017-12-15,153.213,157.417,152.269,155.701,191159.0
2017-12-18,156.902,159.133,155.272,157.074,148335.0
2017-12-19,157.589,158.79,156.988,158.618,137492.0
2017-12-20,157.846,158.618,155.701,156.044,117826.0
2017-12-21,155.701,161.964,153.642,158.961,188644.0
2017-12-22,158.876,159.905,156.645,158.103,109305.0
2017-12-25,155.701,155.701,146.091,147.807,327344.0
2017-12-26,147.464,149.094,146.692,149.009,98891.0
2017-12-27,148.923,150.382,147.722,149.18,98767.0
2017-12-28,148.837,149.094,146.692,147.55,132925.0
2017-12-29,147.464,148.236,146.692,147.464,87307.0
2018-01-02,147.464,149.609,146.949,149.18,101754.0
2018-01-03,148.837,150.896,148.837,150.467,112468.0
2018-01-04,150.124,151.497,149.609,150.382,105177.0
2018-01-05,149.781,150.639,147.722,149.523,152888.0
2018-01-08,149.352,149.352,147.807,148.322,95047.0
2018-01-09,148.408,149.695,147.979,149.094,82635.0
2018-01-10,149.438,149.438,146.606,147.722,143587.0
2018-01-11,147.55,149.523,146.864,149.009,113128.0
2018-01-12,149.009,149.438,147.121,147.207,102257.0
2018-01-15,147.378,147.722,141.115,141.973,221349.0
2018-01-16,141.801,142.831,133.908,136.997,326854.0
2018-01-17,137.082,137.254,133.05,136.053,187888.0
2018-01-18,136.053,136.825,135.109,136.568,89136.0
2018-01-19,136.653,140.257,136.653,137.168,172006.0
2018-01-22,137.34,139.056,135.795,137.769,112521.0
2018-01-23,137.34,140.257,137.34,139.313,144648.0
2018-01-24,139.313,141.63,138.627,140.943,143802.0
2018-01-25,140.686,148.065,140.257,144.976,312606.0
2018-01-26,144.461,145.319,142.488,143.432,131373.0
2018-01-29,143.432,144.118,140.0,141.801,114566.0
2018-01-30,140.686,142.745,140.343,141.372,68199.0
2018-01-31,141.201,141.63,137.254,137.254,115055.0
2018-02-01,137.254,138.284,133.307,135.109,120940.0
2018-02-02,134.251,137.855,132.278,136.997,97492.0
2018-02-05,135.281,136.739,132.964,134.766,64093.0
2018-02-06,132.106,132.878,121.553,121.553,230903.0
2018-02-07,123.698,125.07,111.686,115.289,347546.0
2018-02-08,113.659,118.893,113.402,117.692,170897.0
2018-02-09,114.088,116.405,108.511,112.544,182819.0
2018-02-12,113.745,115.375,113.316,114.345,93275.0
2018-02-13,115.204,119.494,115.118,116.49,144292.0
2018-02-14,116.233,117.091,115.118,116.233,66334.0
2018-02-22,118.636,118.721,116.92,117.692,80082.0
2018-02-23,117.52,121.553,116.662,118.721,104199.0
2018-02-26,119.15,124.642,118.807,123.183,167754.0
2018-02-27,123.612,132.792,122.582,129.36,353579.0
2018-02-28,127.645,134.423,126.358,129.446,314221.0
2018-03-01,128.588,133.393,127.044,131.849,194257.0
2018-03-02,130.991,134.766,130.133,133.05,182395.0
2018-03-05,136.053,137.082,132.621,133.565,206319.0
2018-03-06,133.393,140.257,131.505,137.254,290035.0
2018-03-07,137.254,137.94,134.766,135.281,125197.0
2018-03-08,134.251,136.568,133.65,134.937,91213.0
2018-03-09,134.937,139.399,133.994,136.653,196621.0
2018-03-12,137.426,139.313,136.739,136.997,209897.0
2018-03-13,137.683,139.227,136.825,136.997,148110.0
2018-03-14,136.224,136.653,130.476,130.733,248929.0
2018-03-15,130.562,134.079,129.36,131.849,174233.0
2018-03-16,132.792,132.792,130.39,130.562,85380.0
2018-03-19,131.334,134.165,131.334,132.192,156997.0
2018-03-20,131.763,135.624,129.961,133.05,149498.0
2018-03-21,132.707,139.227,132.364,136.653,366869.0
2018-03-22,136.825,139.828,134.766,138.541,320563.0
2018-03-23,135.452,145.491,133.822,142.145,691279.0
2018-03-26,145.577,149.867,142.402,149.867,750734.0
2018-03-27,147.55,152.612,145.319,150.467,704739.0
2018-03-28,148.408,153.813,146.692,146.864,487274.0
2018-03-29,146.949,148.236,142.659,144.804,322322.0
2018-03-30,144.976,150.639,144.376,149.952,444573.0
2018-04-02,151.754,158.79,150.038,158.532,654937.0
2018-04-03,156.216,161.707,155.529,161.707,487436.0
2018-04-04,161.535,169.858,159.991,161.021,596177.0
2018-04-09,161.535,166.769,161.278,164.367,361828.0
2018-04-10,163.337,163.423,155.272,159.39,361494.0
2018-04-11,158.961,159.905,154.929,159.734,255460.0
2018-04-12,157.417,161.793,156.388,156.388,217246.0
2018-04-13,158.704,165.053,157.846,160.849,366941.0
2018-04-16,162.222,164.453,156.902,160.935,290755.0
2018-04-17,161.021,167.027,159.133,162.565,392707.0
2018-04-18,163.681,168.228,158.618,168.228,465535.0
2018-04-19,167.799,176.636,167.198,169.601,608991.0
2018-04-20,168.914,174.148,166.512,167.627,332459.0
2018-04-23,166.426,167.799,152.012,155.444,388630.0
2018-04-24,155.615,162.393,153.813,161.707,255609.0
2018-04-25,160.592,165.825,160.163,163.252,208179.0
2018-04-26,162.994,168.657,162.994,164.281,235281.0
2018-04-27,165.911,166.855,157.16,161.021,221662.0
2018-05-02,161.364,167.97,160.849,165.568,227137.0
2018-05-03,166.426,166.426,156.731,161.964,272552.0
2018-05-04,160.42,162.651,159.133,159.562,213047.0
2018-05-07,159.734,161.364,157.589,160.248,211174.0
2018-05-08,161.192,165.997,160.677,162.222,257414.0
2018-05-09,160.506,161.879,159.476,160.849,122401.0
2018-05-10,161.364,161.793,154.414,156.13,305114.0
2018-05-11,155.272,156.731,154.242,154.671,120959.0
2018-05-14,155.1,155.787,146.606,147.893,358956.0
2018-05-15,148.923,151.239,148.322,150.896,173459.0
2018-05-16,152.269,156.044,151.325,152.698,261773.0
2018-05-17,152.698,153.813,149.695,150.725,128262.0
2018-05-18,151.411,151.497,147.378,150.21,160617.0
2018-05-21,150.639,153.213,149.523,151.754,155245.0
2018-05-22,151.411,151.84,148.065,148.408,187779.0
2018-05-23,148.751,152.097,148.494,149.438,159794.0
2018-05-24,149.438,150.038,145.233,145.834,213344.0
2018-05-25,146.263,149.266,144.204,146.778,187587.0
2018-05-28,146.006,146.177,140.257,141.716,217887.0
2018-05-29,141.372,143.946,141.115,141.544,137931.0
2018-05-30,140.943,143.346,138.112,141.544,150220.0
2018-05-31,141.115,141.115,136.482,138.627,233870.0
2018-06-01,137.426,139.399,133.136,133.822,284387.0
2018-06-04,134.766,136.224,133.565,133.908,135634.0
2018-06-05,134.937,139.142,134.337,139.056,194402.0
2018-06-06,139.142,141.801,138.541,140.943,187813.0
2018-06-07,140.943,141.287,138.37,139.313,120355.0
2018-06-08,139.056,139.056,135.023,136.482,176280.0
2018-06-11,135.538,138.112,134.594,137.769,99414.0
2018-06-12,136.568,139.828,135.109,138.198,117569.0
2018-06-13,138.198,138.284,133.908,134.079,104737.0
2018-06-14,133.994,134.68,131.763,132.192,111293.0
2018-06-15,131.934,132.878,127.301,127.902,182974.0
2018-06-19,127.945,132.406,119.536,122.968,222585.0
2018-06-20,122.454,128.374,121.081,127.43,199205.0
2018-06-21,127.173,128.974,123.397,123.998,179568.0
2018-06-22,122.711,128.288,121.939,127.687,170334.0
2018-06-25,129.403,129.918,127.516,127.602,124483.0
2018-06-26,125.028,134.551,124.341,132.835,237067.0
2018-06-27,133.35,135.753,131.377,133.436,192461.0
2018-06-28,132.835,135.753,131.548,131.806,146637.0
2018-06-29,131.977,137.469,131.291,137.469,208332.0
2018-07-02,136.954,139.27,134.637,136.267,167070.0
2018-07-03,136.611,141.072,134.809,140.815,302563.0
2018-07-04,140.3,142.188,138.412,139.614,234025.0
2018-07-05,138.927,140.472,137.383,137.726,127592.0
2018-07-06,136.696,142.102,136.267,138.927,224252.0
2018-07-09,138.241,143.989,138.241,143.56,203446.0
2018-07-10,143.131,144.418,141.93,143.989,142592.0
2018-07-11,142.273,142.359,135.924,138.412,246838.0
2018-07-12,138.241,141.844,137.554,140.986,171100.0
2018-07-13,142.102,143.303,137.554,140.128,212252.0
2018-07-16,139.699,142.702,138.498,141.844,174354.0
2018-07-17,141.415,142.359,138.756,141.244,120382.0
2018-07-18,140.901,142.188,137.898,137.898,140710.0
2018-07-19,138.155,139.099,131.806,132.578,229636.0
2018-07-20,132.578,137.554,132.578,137.383,218157.0
2018-07-23,137.554,147.936,137.554,147.25,417129.0
2018-07-24,148.794,149.824,145.791,147.679,264895.0
2018-07-25,148.365,152.312,148.365,149.824,234289.0
2018-07-26,151.797,152.998,146.563,147.078,197068.0
2018-07-27,147.164,150.253,145.791,148.279,152027.0
2018-07-30,149.052,149.223,143.904,145.448,181400.0
2018-07-31,145.191,149.738,143.904,146.563,171289.0
2018-08-01,147.421,147.765,139.699,139.957,204750.0
2018-08-02,139.699,141.158,132.406,133.007,294282.0
2018-08-03,133.093,135.152,132.063,132.578,134756.0
2018-08-06,132.578,133.179,125.371,127.516,225376.0
2018-08-07,128.116,130.69,125.628,130.519,185750.0
2018-08-08,129.918,129.918,124.684,125.457,166653.0
2018-08-09,124.513,131.892,123.912,130.176,196486.0
2018-08-10,129.575,131.977,129.318,131.377,142829.0
2018-08-13,130.004,133.951,127.945,132.149,195676.0
2018-08-14,131.119,131.377,129.489,130.176,101875.0
2018-08-15,130.176,132.578,128.374,128.974,142023.0
2018-08-16,126.829,130.519,126.229,127.945,113326.0
2018-08-17,128.974,130.261,124.427,125.542,117018.0
2018-08-20,125.199,128.374,124.513,127.945,95051.0
2018-08-21,128.202,131.291,127.087,129.403,150192.0
2018-08-22,129.06,130.69,128.116,129.06,96654.0
2018-08-23,129.06,131.119,127.945,129.918,127597.0
2018-08-24,129.489,130.519,127.945,128.202,81158.0
2018-08-27,129.403,134.38,128.974,133.693,238814.0
2018-08-28,134.037,138.327,132.75,136.525,237875.0
2018-08-29,135.753,138.155,135.581,137.04,106044.0
2018-08-30,137.125,138.412,134.38,135.238,124800.0
2018-08-31,134.98,136.182,132.921,134.551,115541.0
2018-09-03,134.551,139.871,132.835,139.27,208614.0
2018-09-04,139.27,148.537,138.155,146.134,388502.0
2018-09-05,145.276,148.966,144.418,145.62,236364.0
2018-09-06,145.362,149.652,144.933,146.134,202014.0
2018-09-07,146.649,148.194,140.557,143.56,271729.0
2018-09-10,143.303,145.877,138.927,139.785,222137.0
2018-09-11,140.901,145.019,139.957,144.762,231165.0
2018-09-12,145.019,149.738,142.273,143.046,295517.0
2018-09-13,144.418,148.108,142.531,148.022,250866.0
2018-09-14,147.936,148.365,139.099,139.699,304957.0
2018-09-17,138.756,142.788,136.439,138.67,203086.0
2018-09-18,137.554,141.33,137.554,141.072,186298.0
2018-09-19,140.214,143.818,138.069,141.673,194252.0
2018-09-20,141.844,142.702,137.812,138.584,164273.0
2018-09-21,139.185,139.185,135.238,138.327,239555.0
2018-09-25,137.983,143.046,137.554,140.986,262591.0
2018-09-26,140.815,141.844,138.841,141.673,199635.0
2018-09-27,141.072,142.273,138.584,139.013,174976.0
2018-09-28,139.185,140.043,137.812,139.528,115381.0
2018-10-08,137.898,141.415,137.125,137.898,217761.0
2018-10-09,137.898,138.498,130.261,133.007,250236.0
2018-10-10,132.835,134.294,131.205,133.693,100980.0
2018-10-11,130.347,131.72,124.341,125.8,219810.0
2018-10-12,126.315,132.321,124.341,131.806,231080.0
2018-10-15,131.548,134.466,131.548,132.664,148779.0
2018-10-16,133.522,135.838,128.202,131.034,166520.0
2018-10-17,132.664,133.264,126.4,130.176,149831.0
2018-10-18,128.889,130.433,125.8,126.057,140033.0
2018-10-19,125.113,127.001,117.306,125.886,304399.0
2018-10-22,126.829,134.637,126.229,132.492,270915.0
2018-10-23,132.664,134.98,131.205,132.149,230581.0
2018-10-24,131.806,133.951,130.347,131.977,116111.0
2018-10-25,128.717,131.205,127.43,130.347,157594.0
2018-10-26,131.977,133.264,128.545,129.918,110932.0
2018-10-29,129.918,130.605,127.258,128.374,83765.0
2018-10-30,127.859,129.747,124.856,128.374,124489.0
2018-10-31,128.545,131.291,127.773,130.261,102129.0
2018-11-01,130.347,135.324,130.347,133.522,219346.0
2018-11-02,134.98,136.096,132.492,135.409,209246.0
2018-11-05,135.238,136.696,133.007,135.409,173953.0
2018-11-06,135.667,135.667,133.179,134.037,108452.0
2018-11-07,134.037,135.409,132.835,133.436,147103.0
2018-11-08,134.895,135.324,130.519,130.776,144391.0
2018-11-09,130.09,131.291,128.717,130.519,76954.0
2018-11-12,130.605,132.75,129.403,132.75,97560.0
2018-11-13,131.291,134.551,130.862,133.779,160927.0
2018-11-14,133.179,134.294,132.149,132.921,104340.0
2018-11-15,133.693,137.554,133.608,137.554,270563.0
2018-11-16,137.04,138.155,135.753,136.267,180307.0
2018-11-19,136.611,137.211,134.895,136.954,132688.0
2018-11-20,135.838,141.072,135.238,137.125,300715.0
2018-11-21,135.409,136.267,134.551,136.182,115089.0
2018-11-22,136.439,138.841,135.838,136.782,133309.0
2018-11-23,136.611,137.469,130.948,130.948,177185.0
2018-11-26,130.948,133.093,130.261,131.377,81424.0
2018-11-27,132.235,132.921,130.862,131.548,63538.0
2018-11-28,130.69,133.007,130.347,132.921,88264.0
2018-11-29,133.779,134.809,130.862,130.862,94775.0
2018-11-30,130.519,131.892,128.545,131.892,98626.0
2018-12-03,133.779,135.324,132.835,134.294,178518.0
2018-12-04,134.037,134.037,131.634,132.921,155392.0
2018-12-05,131.034,131.977,130.004,130.433,121590.0
2018-12-06,130.347,132.835,129.832,130.176,114924.0
2018-12-07,129.661,130.605,128.116,129.489,98584.0
2018-12-10,128.889,129.232,125.371,125.714,146029.0
2018-12-11,126.486,127.087,125.714,126.486,55751.0
2018-12-12,126.658,127.687,126.229,127.001,61809.0
2018-12-13,127.173,128.717,126.572,128.46,90177.0
2018-12-14,128.288,128.46,125.113,125.113,99216.0
2018-12-17,125.028,127.258,124.427,127.087,98126.0
2018-12-18,126.057,127.859,125.371,126.486,66037.0
2018-12-19,127.43,127.945,124.856,125.371,72284.0
2018-12-20,124.427,126.229,121.252,123.054,140997.0
2018-12-21,122.368,122.797,119.279,120.652,124902.0
2018-12-24,119.965,121.424,119.708,121.252,84676.0
2018-12-25,119.965,120.309,117.391,119.794,109687.0
2018-12-26,119.536,120.652,117.477,117.992,79737.0
2018-12-27,119.451,120.051,116.362,116.362,106470.0
2018-12-28,116.619,118.421,116.362,116.877,77032.0
2019-01-02,117.563,118.249,116.104,116.962,83704.0
2019-01-03,117.22,123.826,116.962,120.909,250537.0
2019-01-04,119.965,122.968,119.451,122.539,167843.0
2019-01-07,124.17,127.173,122.797,125.971,238654.0
2019-01-08,126.057,126.057,123.741,124.599,117519.0
2019-01-09,125.028,125.8,123.312,123.569,118162.0
2019-01-10,123.655,125.028,122.454,123.655,102084.0
2019-01-11,123.826,125.285,123.483,124.684,97761.0
2019-01-14,124.255,124.942,123.054,123.483,64349.0
2019-01-15,123.826,125.285,123.14,125.199,83198.0
2019-01-16,124.77,125.371,123.741,124.341,66059.0
2019-01-17,124.599,124.77,122.454,122.711,67244.0
2019-01-18,122.454,123.998,122.454,123.655,70523.0
2019-01-21,123.912,125.371,123.397,124.856,89084.0
2019-01-22,124.77,124.77,122.368,123.312,69240.0
2019-01-23,122.797,123.569,122.368,123.226,38496.0
2019-01-24,123.226,124.856,122.196,124.255,81121.0
2019-01-25,124.341,125.8,123.569,124.084,110673.0
2019-01-28,124.684,126.658,123.998,124.684,132677.0
2019-01-29,124.341,124.684,120.823,122.368,87874.0
2019-01-30,122.368,123.826,120.823,122.368,59829.0
2019-01-31,122.454,123.483,121.338,122.454,75333.0
2019-02-01,123.226,124.684,122.196,124.684,118757.0
2019-02-11,125.371,126.572,124.942,126.572,136539.0
2019-02-12,126.486,128.46,125.971,127.687,171924.0
2019-02-13,127.43,131.892,126.829,131.119,294078.0
2019-02-14,131.205,132.664,129.661,131.034,173443.0
2019-02-15,130.261,131.806,129.232,129.403,129469.0
2019-02-18,129.918,133.951,129.918,133.693,223458.0
2019-02-19,133.693,134.895,131.205,133.865,230175.0
2019-02-20,133.436,135.838,131.892,133.608,222137.0
2019-02-21,137.125,139.785,132.321,132.921,372436.0
2019-02-22,131.977,135.152,131.806,134.895,210168.0
2019-02-25,136.782,143.732,134.895,142.874,528148.0
2019-02-26,142.874,143.56,140.214,141.415,382104.0
2019-02-27,141.244,146.992,140.643,142.102,436103.0
2019-02-28,145.705,146.907,140.643,142.445,282344.0
2019-03-01,142.702,143.646,140.901,142.617,206304.0
2019-03-04,143.732,146.821,142.273,145.362,386172.0
2019-03-05,144.847,147.421,143.732,146.907,316881.0
2019-03-06,146.992,147.936,144.075,146.22,327886.0
2019-03-07,145.534,147.765,144.161,145.534,301183.0
2019-03-08,143.217,145.276,138.841,139.185,342432.0
2019-03-11,141.587,146.563,139.957,146.563,428645.0
2019-03-12,150.596,153.427,146.992,149.652,618751.0
2019-03-13,154.8,159.948,149.137,149.995,781103.0
2019-03-14,149.995,152.398,142.531,146.22,482413.0
2019-03-15,149.137,149.824,145.191,147.078,331407.0
2019-03-18,147.164,149.137,144.247,148.88,348070.0
2019-03-19,148.537,153.942,147.936,153.427,472645.0
2019-03-20,153.342,153.342,147.936,150.424,317452.0
2019-03-21,150.424,151.454,148.794,150.081,274575.0
2019-03-22,150.853,152.312,148.794,150.768,287915.0
2019-03-25,150.853,165.01,150.853,157.717,850518.0
2019-03-26,157.717,157.717,148.966,149.052,528881.0
2019-03-27,149.137,149.91,144.161,146.22,297530.0
2019-03-28,146.735,149.137,144.676,144.847,229017.0
2019-03-29,146.306,149.91,145.62,149.566,315103.0
2019-04-01,151.111,154.886,150.424,153.427,366770.0
2019-04-02,154.285,157.203,152.226,153.342,413607.0
2019-04-03,152.655,154.886,151.282,154.2,306881.0
2019-04-04,156.173,157.46,153.513,154.886,357076.0
2019-04-08,156.345,157.203,150.339,152.741,306896.0
2019-04-09,152.398,153.427,150.682,152.741,178076.0
2019-04-10,152.569,152.569,149.137,150.768,210586.0
2019-04-11,150.339,152.226,149.137,149.309,196593.0
2019-04-12,149.395,150.51,147.336,148.537,153603.0
2019-04-15,150.51,152.226,148.279,148.537,190035.0
2019-04-16,148.279,150.853,145.705,150.853,174902.0
2019-04-17,150.424,154.028,150.081,152.913,242442.0
2019-04-18,152.998,154.543,151.454,151.797,239922.0
2019-04-19,152.741,153.427,149.137,151.197,188023.0
2019-04-22,151.197,152.312,149.652,150.081,150492.0
2019-04-23,150.081,150.853,146.563,146.563,208291.0
2019-04-24,147.164,148.279,145.448,147.936,123008.0
2019-04-25,148.022,148.623,142.359,142.617,169818.0
2019-04-26,143.131,144.161,141.415,141.93,147574.0
2019-04-29,142.188,144.247,139.013,139.099,155583.0
2019-04-30,139.442,141.759,139.27,139.871,134892.0
2019-05-06,137.383,137.983,127.687,130.519,237250.0
2019-05-07,131.892,132.149,129.318,131.377,134218.0
2019-05-08,129.146,133.264,128.631,131.977,124931.0
2019-05-09,131.463,134.98,130.69,132.75,177922.0
2019-05-10,133.436,139.356,132.921,138.584,247896.0
2019-05-13,136.696,138.584,135.066,136.267,152489.0
2019-05-14,133.865,138.498,133.865,136.01,153112.0
2019-05-15,136.439,137.297,135.066,136.525,123782.0
2019-05-16,136.353,144.676,135.667,141.33,287863.0
2019-05-17,140.557,142.96,138.241,139.013,232145.0
2019-05-20,137.898,142.874,137.554,142.874,200379.0
2019-05-21,142.273,143.818,140.3,142.788,183850.0
2019-05-22,142.531,142.531,140.729,141.33,120415.0
2019-05-23,140.557,142.96,139.27,139.699,118066.0
2019-05-24,138.841,139.785,134.809,135.238,135501.0
2019-05-27,136.01,138.67,135.324,138.412,112728.0
2019-05-28,137.983,139.442,136.611,139.27,139456.0
2019-05-29,138.412,139.356,137.125,137.983,107300.0
2019-05-30,136.525,137.211,134.98,135.753,96838.0
2019-05-31,136.267,138.412,135.667,137.983,102912.0
2019-06-03,138.841,139.099,134.809,135.409,128060.0
2019-06-04,134.551,135.066,131.72,133.007,98066.0
2019-06-05,134.208,134.294,131.892,132.578,80286.0
2019-06-06,132.235,132.578,130.261,131.463,83210.0
2019-06-10,131.548,133.779,131.548,132.235,85543.0
2019-06-11,132.406,136.353,131.634,135.924,147621.0
2019-06-12,135.409,136.525,134.809,135.152,104961.0
2019-06-13,135.409,135.753,133.693,134.723,82627.0
2019-06-14,135.066,137.554,133.436,133.865,132121.0
2019-06-17,133.779,134.208,131.977,133.264,76033.0
2019-06-18,133.779,133.951,132.321,132.75,70460.0
2019-06-19,135.409,135.838,133.693,134.294,121563.0
2019-06-20,134.551,137.125,133.522,137.125,160623.0
2019-06-21,136.611,139.871,136.611,139.185,230194.0
2019-06-24,138.67,139.871,137.469,139.699,137048.0
2019-06-25,139.099,140.729,137.983,139.699,153606.0
2019-06-26,139.614,140.815,138.498,140.729,134408.0
2019-06-27,140.729,141.844,139.528,140.128,184422.0
2019-06-28,139.27,139.957,137.812,139.27,110544.0
2019-07-01,140.986,141.587,139.957,141.415,192167.0
2019-07-02,142.273,143.046,140.557,140.815,134115.0
2019-07-03,140.3,144.676,139.356,142.016,201797.0
2019-07-04,142.016,148.108,141.415,144.333,403872.0
2019-07-05,143.56,144.59,142.445,143.131,141100.0
2019-07-08,142.617,142.874,137.898,138.412,148469.0
2019-07-09,138.498,139.699,138.069,138.756,82053.0
2019-07-10,139.27,141.759,137.554,139.099,130175.0
2019-07-11,138.67,140.472,137.554,138.327,103945.0
2019-07-12,138.241,140.815,137.983,139.614,98601.0
2019-07-15,139.785,143.732,139.27,143.646,166235.0
2019-07-16,143.732,144.59,142.617,143.303,98240.0
2019-07-17,143.303,144.762,142.702,143.389,120136.0
2019-07-18,142.788,143.131,140.643,140.643,121953.0
2019-07-19,140.986,142.445,140.128,141.759,90203.0
2019-07-22,141.673,141.844,137.812,138.155,135201.0
2019-07-23,137.812,140.386,137.812,140.3,69630.0
2019-07-24,140.901,145.105,140.557,143.818,217930.0
2019-07-25,143.56,144.847,143.217,144.075,123609.0
2019-07-26,144.247,147.336,143.904,145.705,210527.0
2019-07-29,146.563,147.336,145.362,146.134,136206.0
2019-07-30,146.563,146.649,144.933,145.534,133325.0
2019-07-31,145.019,146.392,144.418,145.362,121336.0
2019-08-01,145.191,146.992,143.046,143.989,168838.0
2019-08-02,141.072,141.844,139.785,140.815,207405.0
2019-08-05,140.3,144.333,139.957,140.557,198997.0
2019-08-06,138.327,139.871,136.782,137.726,205199.0
2019-08-07,138.412,138.67,134.122,134.466,199587.0
2019-08-08,135.152,137.125,134.551,135.324,159035.0
2019-08-09,135.924,136.182,131.291,131.892,209447.0
2019-08-12,131.72,133.093,131.291,132.921,132214.0
2019-08-13,132.063,133.35,131.119,132.664,109411.0
2019-08-14,133.951,134.208,132.321,132.921,133138.0
2019-08-15,130.09,132.063,129.403,131.72,126611.0
2019-08-16,131.634,133.35,130.948,132.235,98950.0
2019-08-19,133.007,136.096,132.492,136.096,173519.0
2019-08-20,135.838,137.297,135.152,135.495,150613.0
2019-08-21,134.98,136.182,134.551,135.581,107065.0
2019-08-22,135.753,138.756,135.152,137.812,218673.0
2019-08-23,137.297,138.412,136.01,136.868,118777.0
2019-08-26,134.38,136.611,133.779,136.01,126915.0
2019-08-27,137.125,138.756,135.753,137.983,216463.0
2019-08-28,138.155,140.729,136.868,138.841,239117.0
2019-08-29,139.185,141.673,138.155,140.3,251773.0
2019-08-30,140.472,142.702,139.614,142.016,327415.0
2019-09-02,144.933,154.114,143.989,153.513,795175.0
2019-09-03,153.427,159.605,151.282,156.173,708820.0
2019-09-04,154.285,157.803,153.513,154.886,411508.0
2019-09-05,155.143,157.803,153.856,155.744,448052.0
2019-09-06,156.774,159.519,154.285,156.001,345216.0
2019-09-09,157.717,157.717,155.572,157.288,321129.0
2019-09-10,156.859,161.064,153.427,154.457,418205.0
2019-09-11,155.83,157.374,153.427,154.8,279200.0
2019-09-12,154.714,155.315,152.226,153.513,243224.0
2019-09-16,154.8,156.602,152.741,154.028,208607.0
2019-09-17,153.685,153.685,148.279,148.623,322625.0
2019-09-18,149.91,149.995,147.765,148.623,176492.0
2019-09-19,149.137,150.339,148.108,149.91,193380.0
2019-09-20,149.995,150.081,145.276,147.679,289713.0
2019-09-23,147.164,148.794,144.418,146.306,231643.0
2019-09-24,146.563,147.507,145.62,145.877,175949.0
2019-09-25,145.791,146.735,143.131,143.475,187682.0
2019-09-26,144.59,144.762,138.841,138.927,250124.0
2019-09-27,139.013,140.043,138.67,139.013,151307.0
2019-09-30,139.614,140.3,137.554,137.554,129786.0
2019-10-08,137.64,138.67,135.409,135.581,134680.0
2019-10-09,135.495,136.782,134.551,136.611,102737.0
2019-10-10,136.525,137.383,135.838,137.04,129349.0
2019-10-11,137.297,137.469,134.98,136.01,145360.0
2019-10-14,137.297,138.584,136.439,137.983,202519.0
2019-10-15,137.812,137.898,135.152,135.495,145316.0
2019-10-16,135.838,136.868,134.723,134.809,99757.0
2019-10-17,134.809,135.495,134.037,134.551,82689.0
2019-10-18,135.152,135.152,132.321,132.406,121531.0
2019-10-21,132.321,134.38,130.948,134.294,98806.0
2019-10-22,134.38,134.723,132.921,134.294,86889.0
2019-10-23,135.409,135.581,132.835,133.608,94423.0
2019-10-24,132.835,133.951,132.321,133.693,88056.0
2019-10-25,133.35,135.409,132.664,135.238,143007.0
2019-10-28,135.495,136.696,134.208,136.696,159660.0
2019-10-29,136.611,136.611,133.693,133.779,159383.0
2019-10-30,133.779,133.779,131.634,131.977,104871.0
2019-10-31,132.235,133.865,131.377,132.921,100743.0
2019-11-01,132.578,133.693,132.149,133.436,77547.0
2019-11-04,133.951,134.98,133.264,134.294,99803.0
2019-11-05,134.122,134.38,132.406,133.608,113451.0
2019-11-06,146.563,146.563,142.702,146.563,522499.0
2019-11-07,148.279,148.451,141.93,142.702,702570.0
2019-11-08,142.96,145.534,140.557,140.643,344859.0
2019-11-11,139.699,139.699,136.696,138.069,237413.0
2019-11-12,138.327,139.356,135.667,139.099,189022.0
2019-11-13,138.327,138.67,136.868,137.125,115338.0
2019-11-14,137.211,138.069,135.753,137.297,137489.0
2019-11-15,137.469,138.412,134.723,134.723,184135.0
2019-11-18,133.951,135.409,132.921,135.066,100724.0
2019-11-19,134.98,137.812,134.466,137.726,130853.0
2019-11-20,137.898,139.013,135.753,136.01,130710.0
2019-11-21,135.495,140.043,134.98,138.498,186768.0
2019-11-22,137.983,139.356,136.182,138.241,172777.0
2019-11-25,138.412,138.412,136.611,138.241,85195.0
2019-11-26,138.327,142.788,137.64,141.158,253571.0
2019-11-27,140.214,140.986,139.27,140.472,96563.0
2019-11-28,140.043,140.472,138.155,139.356,90397.0
2019-11-29,139.099,141.072,137.898,140.557,126958.0
2019-12-02,140.729,142.102,139.871,140.3,95869.0
2019-12-03,139.699,142.702,139.185,142.273,158251.0
2019-12-04,141.415,143.475,140.986,143.131,160417.0
2019-12-05,143.131,144.504,142.531,143.989,183184.0
2019-12-06,143.56,144.161,142.273,143.56,114810.0
2019-12-09,143.475,143.646,142.016,142.359,110851.0
2019-12-10,142.445,142.702,140.128,141.244,146816.0
2019-12-11,141.072,142.788,140.729,141.844,135830.0
2019-12-12,141.33,141.673,140.3,140.643,107399.0
2019-12-13,140.557,141.844,140.386,141.759,138191.0
2019-12-16,142.702,146.821,142.445,145.963,348540.0
2019-12-17,145.963,146.992,145.105,146.049,241244.0
2019-12-18,146.992,148.108,145.191,145.191,202663.0
2019-12-19,145.105,146.306,144.847,145.276,129111.0
2019-12-20,145.019,145.448,142.702,143.131,169474.0
2019-12-23,143.046,143.904,140.901,141.158,131816.0
2019-12-24,141.158,143.475,141.158,142.96,106844.0
2019-12-25,142.702,143.818,141.93,143.475,114171.0
2019-12-26,143.389,143.904,142.702,143.732,86129.0
2019-12-27,143.732,145.105,142.188,142.445,158381.0
2019-12-30,142.359,144.59,140.557,144.333,136333.0
2019-12-31,144.247,145.019,143.56,144.676,116997.0
2020-01-02,145.276,148.022,144.933,146.049,254694.0
2020-01-03,146.735,151.626,146.306,150.167,435724.0
2020-01-06,152.569,154.457,149.395,150.682,354680.0
2020-01-07,149.824,151.711,149.652,150.51,216694.0
2020-01-08,151.626,154.543,149.738,151.883,360065.0
2020-01-09,149.137,149.824,147.85,149.738,239312.0
2020-01-10,149.652,150.424,148.108,148.537,144673.0
2020-01-13,148.108,149.395,146.563,149.223,156908.0
2020-01-14,149.566,151.883,148.88,149.137,242272.0
2020-01-15,148.966,149.481,145.705,146.306,195316.0
2020-01-16,146.907,150.339,146.649,146.735,227632.0
2020-01-17,146.735,148.022,146.049,146.907,142604.0
2020-01-20,147.078,150.768,147.078,149.566,221037.0
2020-01-21,149.137,150.682,148.451,148.966,173624.0
2020-01-22,148.194,150.339,145.877,149.481,174847.0
2020-01-23,148.279,153.942,146.134,146.907,344652.0
2020-02-03,132.664,133.693,132.664,132.664,213761.0
2020-02-04,129.403,134.98,129.403,133.522,326117.0
2020-02-05,132.835,136.439,131.977,134.38,291627.0
2020-02-06,134.208,137.898,133.179,136.954,269236.0
2020-02-07,137.125,139.27,135.495,138.927,236211.0
2020-02-10,137.383,139.957,137.297,139.356,180256.0
2020-02-11,140.386,140.386,137.554,137.64,157395.0
2020-02-12,137.125,139.013,136.611,138.756,173136.0
2020-02-13,138.584,139.013,136.439,136.696,155382.0
2020-02-14,136.096,137.726,136.096,136.696,140720.0
2020-02-17,138.841,148.537,138.841,148.108,564897.0
2020-02-18,149.91,152.14,147.25,148.279,530258.0
2020-02-19,146.392,149.91,144.504,145.191,396707.0
2020-02-20,145.362,146.563,143.046,146.049,336655.0
2020-02-21,145.791,151.282,145.534,148.794,480955.0
2020-02-24,147.507,149.91,146.649,148.022,308680.0
2020-02-25,144.847,147.936,142.788,147.85,329150.0
2020-02-26,145.791,159.519,145.62,151.711,874806.0
2020-02-27,153.856,159.691,149.824,156.945,786830.0
2020-02-28,151.711,156.516,149.995,150.081,573763.0
2020-03-02,152.312,163.552,150.253,160.806,701901.0
2020-03-03,162.865,175.135,161.149,171.016,1036994.0
2020-03-04,168.871,178.653,167.413,171.016,733267.0
2020-03-05,172.303,174.534,166.726,167.928,592159.0
2020-03-06,166.04,167.67,163.895,164.41,400918.0
2020-03-09,162.694,162.694,154.114,155.487,549410.0
2020-03-10,155.658,163.209,154.972,161.836,529931.0
2020-03-11,161.922,168.013,160.463,160.806,547948.0
2020-03-12,157.717,162.351,156.859,159.433,294341.0
2020-03-13,151.711,161.064,150.596,157.632,344474.0
2020-03-16,158.575,159.777,148.279,149.052,413578.0
2020-03-17,151.797,153.856,146.392,150.853,288103.0
2020-03-18,151.711,152.998,146.22,146.478,272242.0
2020-03-19,146.907,151.282,145.877,150.853,313326.0
2020-03-20,152.398,153.427,150.768,153.084,242976.0
2020-03-23,149.137,150.51,147.25,147.765,195045.0
2020-03-24,150.853,152.569,148.279,152.14,229337.0
2020-03-25,154.714,155.487,152.398,154.285,215874.0
2020-03-26,153.342,153.427,149.395,149.91,238111.0
2020-03-27,151.54,151.883,149.052,149.052,154947.0
2020-03-30,145.963,151.197,144.418,147.85,199278.0
2020-03-31,147.85,148.279,138.841,140.214,366954.0
2020-04-01,140.214,140.986,137.64,137.64,232162.0
2020-04-02,137.125,140.3,136.696,140.3,152315.0
2020-04-03,140.128,140.128,137.554,138.498,131018.0
2020-04-07,140.557,143.818,140.3,143.046,210289.0
2020-04-08,141.93,147.336,141.93,145.877,236577.0
2020-04-09,148.708,150.596,146.735,147.078,221959.0
2020-04-10,146.992,149.824,145.877,146.478,190174.0
2020-04-13,145.276,146.478,143.475,145.448,116187.0
2020-04-14,145.62,148.022,144.418,147.936,130555.0
2020-04-15,148.451,148.451,144.847,145.019,138901.0
2020-04-16,144.418,151.025,144.075,149.824,271077.0
2020-04-17,149.995,155.143,147.936,152.741,373895.0
2020-04-20,152.484,154.2,150.424,154.2,211569.0
2020-04-21,153.427,155.143,150.339,151.797,243539.0
2020-04-22,150.253,152.998,149.566,151.282,160734.0
2020-04-23,151.797,155.487,150.424,153.427,291312.0
2020-04-24,153.084,153.599,148.451,150.253,213330.0
2020-04-27,150.253,151.368,147.164,147.164,181239.0
2020-04-28,148.194,149.052,142.445,148.108,227632.0
2020-04-29,146.992,150.682,146.735,150.167,174865.0
2020-04-30,150.424,156.259,149.395,155.315,298092.0
2020-05-06,153.685,159.519,153.256,158.575,299846.0
2020-05-07,158.404,160.291,156.259,157.546,209928.0
2020-05-08,157.632,159.605,156.688,157.889,189679.0
2020-05-11,158.146,161.149,157.031,159.004,219153.0
2020-05-12,158.575,159.948,157.117,158.49,147680.0
2020-05-13,158.661,159.348,156.602,158.232,130945.0
2020-05-14,157.717,160.72,156.774,157.117,237681.0
2020-05-15,157.288,157.803,155.315,156.087,167874.0
2020-05-18,157.031,164.324,156.602,162.007,404825.0
2020-05-19,162.007,162.436,159.862,161.235,203527.0
2020-05-20,161.149,161.149,154.285,155.143,260581.0
2020-05-21,157.975,157.975,153.17,153.685,169578.0
2020-05-22,153.427,154.972,149.481,150.682,178725.0
2020-05-25,151.111,152.055,148.623,149.652,140744.0
2020-05-26,150.081,151.368,149.652,151.368,118653.0
2020-05-27,151.54,153.427,150.853,152.569,164783.0
2020-05-28,152.226,152.913,150.081,151.626,143478.0
2020-05-29,151.969,152.312,150.424,151.711,97913.0
2020-06-01,151.711,155.143,150.853,154.886,188332.0
2020-06-02,154.285,158.146,153.856,156.859,190230.0
2020-06-03,156.516,157.803,155.143,155.658,134352.0
2020-06-04,156.259,156.259,153.427,153.513,155697.0
2020-06-05,153.513,154.714,151.626,152.569,108077.0
2020-06-08,152.998,155.744,152.655,153.17,111113.0
2020-06-09,153.771,153.771,151.197,151.711,124097.0
2020-06-10,151.711,152.484,149.91,151.54,169036.0
2020-06-11,151.111,152.484,149.91,150.339,145104.0
2020-06-12,149.137,149.995,148.279,148.708,223399.0
2020-06-15,148.279,149.052,146.563,146.563,167303.0
2020-06-16,147.336,149.052,147.336,148.365,119438.0
2020-06-17,150.253,153.856,149.91,151.111,249407.0
2020-06-18,149.566,150.081,147.765,149.395,137304.0
2020-06-19,149.395,150.424,148.88,149.738,110727.0
2020-06-22,150.51,152.312,150.167,151.54,131165.0
2020-06-23,152.312,158.146,150.768,157.546,357333.0
2020-06-24,156.173,159.433,155.401,157.117,272551.0
2020-06-29,158.575,158.747,154.8,155.83,167482.0
2020-06-30,157.031,159.09,155.229,157.374,223382.0
2020-07-01,157.717,163.037,155.315,162.265,326330.0
2020-07-02,160.635,165.268,160.463,164.067,347193.0
2020-07-03,164.324,166.898,162.608,163.38,273040.0
2020-07-06,164.324,179.167,164.324,179.167,496289.0
2020-07-07,186.718,196.585,180.54,191.437,959874.0
2020-07-08,188.605,209.884,188.091,209.283,831642.0
2020-07-09,212.2,223.44,204.736,209.712,885310.0
2020-07-10,211.171,215.375,199.674,201.904,725973.0
2020-07-13,199.502,206.795,198.901,205.851,521254.0
2020-07-14,204.993,219.408,203.191,209.283,601356.0
2020-07-15,209.369,211.943,201.475,203.363,392565.0
2020-07-16,203.02,213.058,194.011,197.443,509930.0
2020-07-17,198.215,208.94,197.1,203.191,479092.0
2020-07-20,206.881,215.632,205.422,215.289,665600.0
2020-07-21,216.233,216.662,197.271,200.36,731360.0
2020-07-22,198.301,208.597,197.529,202.162,585431.0
2020-07-23,206.366,210.227,198.215,206.709,675665.0
2020-07-24,206.881,215.289,201.475,203.191,889300.0
2020-07-27,202.333,204.993,194.354,197.185,479092.0
2020-07-28,198.215,215.804,195.813,207.653,616726.0
2020-07-29,206.109,211.857,202.505,211.428,509917.0
2020-07-30,211.428,218.807,207.396,210.656,528666.0
2020-07-31,209.712,211.6,205.336,208.511,335614.0
2020-08-03,211.171,228.846,209.369,228.588,870979.0
2020-08-04,227.73,227.73,216.233,218.378,613859.0
2020-08-05,216.834,227.473,216.061,222.067,540851.0
2020-08-06,221.209,235.023,219.751,229.532,740212.0
2020-08-07,227.387,233.05,218.035,227.215,668641.0
2020-08-10,227.215,241.973,221.381,222.754,634558.0
2020-08-11,220.18,227.044,216.147,216.834,477024.0
2020-08-12,216.405,216.919,201.647,205.594,450913.0
2020-08-13,205.765,212.458,204.478,208.854,308806.0
2020-08-14,210.227,229.189,210.227,229.189,825718.0
2020-08-17,232.535,243.517,227.215,240.257,1022924.0
2020-08-18,239.485,250.296,237.769,241.372,686706.0
2020-08-19,239.656,248.065,234.594,236.825,563233.0
2020-08-20,241.115,241.201,227.301,228.931,506693.0
2020-08-21,232.792,233.908,222.668,225.156,349895.0
2020-08-24,225.757,232.964,224.47,226.186,292785.0
2020-08-25,226.014,227.215,213.23,217.434,402406.0
2020-08-26,217.949,220.523,208.768,210.313,298227.0
2020-08-27,211.085,212.973,206.023,212.715,227481.0
2020-08-28,213.058,217.348,209.455,216.061,324912.0
2020-08-31,218.635,220.008,212.801,212.801,358598.0
2020-09-01,215.289,219.408,213.745,217.263,294302.0
2020-09-02,219.665,219.665,211.686,213.573,244513.0
2020-09-03,212.801,215.203,208.94,212.629,189276.0
2020-09-04,208.768,212.629,208.168,209.712,137792.0
2020-09-07,208.511,210.913,199.588,200.703,242772.0
2020-09-08,203.106,204.221,199.931,203.706,151802.0
2020-09-09,202.419,208.597,200.789,204.135,239779.0
2020-09-10,205.765,206.023,194.697,195.469,224447.0
2020-09-11,193.925,195.727,188.949,193.582,220338.0
2020-09-14,194.011,196.156,191.179,193.153,142861.0
2020-09-15,193.496,197.185,193.067,195.212,146471.0
2020-09-16,194.611,196.756,190.75,193.925,103009.0
2020-09-17,192.895,195.813,189.892,193.324,131115.0
2020-09-18,194.182,197.786,193.324,197.786,192171.0
2020-09-21,199.931,207.481,199.845,202.076,279154.0
2020-09-22,198.301,200.532,197.1,198.301,143626.0
2020-09-23,206.795,209.369,200.703,204.049,302916.0
2020-09-24,202.076,204.993,196.327,196.585,179910.0
2020-09-25,197.014,200.961,195.813,198.901,135243.0
2020-09-28,198.558,198.901,193.239,193.753,102762.0
2020-09-29,194.869,202.591,194.526,200.961,180532.0
2020-09-30,201.475,203.106,198.558,202.677,150701.0
2020-10-09,204.393,205.508,201.218,204.049,173862.0
2020-10-12,206.023,223.955,205.594,223.955,604418.0
2020-10-13,222.84,231.849,221.638,226.529,483521.0
2020-10-14,228.76,232.964,225.585,227.044,329677.0
2020-10-15,229.103,233.393,224.384,227.301,276622.0
2020-10-16,229.189,229.961,218.893,220.952,294480.0
2020-10-19,223.612,226.272,217.692,217.949,175450.0
2020-10-20,219.493,220.094,215.375,219.922,160968.0
2020-10-21,220.952,221.124,209.283,211.6,243512.0
2020-10-22,211.514,212.801,207.739,211.771,154042.0
2020-10-23,211.342,213.402,207.739,209.626,129653.0
2020-10-26,209.112,211.6,203.449,210.141,118644.0
2020-10-27,208.597,214.002,206.366,210.57,174548.0
2020-10-28,209.455,209.626,204.049,208.425,145395.0
2020-10-29,205.937,209.541,204.393,209.197,127278.0
2020-10-30,212.629,220.952,211.514,212.887,356285.0
2020-11-02,213.402,218.721,211.257,218.464,222854.0
2020-11-03,219.15,226.1,216.748,224.813,270476.0
2020-11-04,225.499,227.044,220.008,223.526,222453.0
2020-11-05,223.526,226.443,218.035,221.81,201789.0
2020-11-06,220.351,221.295,214.86,217.091,166197.0
2020-11-09,215.032,219.665,208.768,219.665,306031.0
2020-11-10,219.751,228.159,216.49,217.949,243536.0
2020-11-11,216.748,227.816,215.461,220.866,299284.0
2020-11-12,221.982,225.242,214.774,215.203,220524.0
2020-11-13,215.289,236.224,213.916,232.535,791738.0
2020-11-16,232.535,235.795,227.816,234.251,522646.0
2020-11-17,234.251,234.68,219.922,222.84,424634.0
2020-11-18,222.239,231.248,220.523,229.103,324042.0
2020-11-19,227.301,251.497,226.1,251.497,946680.0
2020-11-20,253.985,266.34,251.84,265.139,1102107.0
2020-11-23,262.136,270.115,255.873,262.565,883396.0
2020-11-24,262.908,274.834,259.648,264.796,718702.0
2020-11-25,264.109,269.858,256.902,256.902,711761.0
2020-11-26,259.305,282.042,259.047,277.58,1095171.0
2020-11-27,273.805,290.879,267.284,269.0,1218857.0
2020-11-30,269.086,276.722,264.281,272.432,820214.0
2020-12-01,271.145,284.53,269.429,279.811,725211.0
2020-12-02,280.154,293.196,276.979,284.873,702897.0
2020-12-03,281.441,282.299,268.228,269.343,644804.0
2020-12-04,267.37,274.92,261.793,271.917,525757.0
2020-12-07,270.201,275.778,266.769,269.944,426616.0
2020-12-08,269.944,273.547,265.997,268.228,353659.0
2020-12-09,269.429,271.488,261.021,261.535,500465.0
2020-12-10,261.621,267.627,259.648,264.71,406520.0
2020-12-11,264.538,264.71,253.299,259.047,619090.0
2020-12-14,259.047,266.683,255.186,264.024,415837.0
2020-12-15,261.707,266.426,258.275,264.109,303910.0
2020-12-16,262.136,273.891,257.674,268.142,431502.0
2020-12-17,265.139,266.855,256.302,260.677,341812.0
2020-12-18,262.565,266.683,255.272,255.787,284043.0
2020-12-21,253.985,274.234,252.269,270.287,559185.0
2020-12-22,270.716,278.695,266.683,266.855,493400.0
2020-12-23,270.459,293.024,268.571,293.024,884916.0
2020-12-24,292.595,308.468,285.559,289.249,909800.0
2020-12-25,286.675,290.879,277.923,289.592,596319.0
2020-12-28,289.592,296.456,282.385,288.391,441999.0
2020-12-29,289.163,299.716,280.24,291.909,558531.0
2020-12-30,286.503,310.956,285.216,304.006,577716.0
2020-12-31,303.663,322.453,300.403,319.879,664403.0
2021-01-04,326.915,346.735,320.909,336.782,759518.0
2021-01-05,331.205,346.134,324.513,328.545,702153.0
2021-01-06,326.915,344.504,325.027,333.264,646801.0
2021-01-07,329.232,348.88,326.915,344.933,680368.0
2021-01-08,342.531,344.847,321.166,331.205,560878.0
2021-01-11,341.501,363.637,325.285,337.983,928957.0
2021-01-12,336.439,350.081,333.693,347.936,797691.0
2021-01-13,347.078,356.001,334.809,339.785,800452.0
2021-01-14,330.948,330.948,306.323,306.323,856619.0
2021-01-15,297.743,307.953,288.048,298.601,599564.0
2021-01-18,300.231,308.468,299.03,305.293,424270.0
2021-01-19,300.66,305.293,296.971,299.974,332110.0
2021-01-20,300.317,307.782,298.773,305.894,356461.0
2021-01-21,303.835,309.755,300.574,305.293,457307.0
2021-01-22,303.148,311.9,301.861,309.583,415736.0
2021-01-25,310.699,329.06,308.897,322.968,652309.0
2021-01-26,317.477,317.477,291.222,291.222,659379.0
2021-01-27,284.959,294.74,282.213,287.962,320656.0
2021-01-28,283.586,291.994,280.497,283.672,268860.0
2021-01-29,284.873,289.077,261.535,272.175,486875.0
2021-02-01,273.547,280.583,271.145,276.722,257653.0
2021-02-02,277.237,289.935,276.293,286.846,372227.0
2021-02-03,287.533,291.136,280.755,282.299,259275.0
2021-02-04,280.411,288.048,274.405,276.894,246506.0
2021-02-05,280.326,282.985,267.198,268.228,213593.0
2021-02-08,268.314,272.689,263.423,269.515,218276.0
2021-02-09,271.231,285.731,267.799,281.784,406411.0
2021-02-10,281.87,281.87,270.287,276.636,302067.0
2021-02-18,280.497,284.444,274.663,280.583,253686.0
2021-02-19,278.695,285.302,277.151,282.556,235031.0
2021-02-22,280.24,281.956,270.115,270.115,305029.0
2021-02-23,267.284,285.988,265.482,282.213,393254.0
2021-02-24,283.672,289.592,274.577,281.012,296318.0
2021-02-25,281.613,294.139,277.408,288.562,380102.0
2021-02-26,281.441,287.876,275.95,276.894,275388.0
2021-03-01,277.666,283.5,273.719,283.414,197099.0
2021-03-02,294.568,303.32,288.305,297.743,477984.0
2021-03-03,291.909,301.604,290.107,300.317,350732.0
2021-03-04,296.885,311.9,293.453,306.237,511790.0
2021-03-05,302.548,306.066,285.817,295.169,383844.0
2021-03-08,292.595,293.453,266.169,266.169,552727.0
2021-03-09,258.704,258.961,240.085,240.085,574775.0
2021-03-10,236.825,241.544,227.473,231.591,415046.0
2021-03-11,231.505,235.366,224.813,233.393,288599.0
2021-03-12,232.707,232.707,224.041,229.103,257415.0
2021-03-15,228.245,232.535,224.813,226.615,210739.0
2021-03-16,227.988,228.931,221.124,222.325,219222.0
2021-03-17,222.754,226.272,221.896,224.47,175798.0
2021-03-18,223.612,229.103,223.011,225.156,187404.0
2021-03-19,222.239,230.819,218.55,225.07,326604.0
2021-03-22,221.381,226.014,218.979,223.354,176258.0
2021-03-23,222.582,224.899,216.834,218.206,202706.0
2021-03-24,217.777,220.351,210.57,211.943,221822.0
2021-03-25,211.171,215.976,210.313,213.745,146022.0
2021-03-26,214.774,218.378,214.431,217.606,148943.0
2021-03-29,219.837,224.041,218.378,219.665,199751.0
2021-03-30,215.375,229.618,214.345,224.985,400169.0
2021-03-31,221.381,221.381,211.171,213.316,290454.0
2021-04-01,214.26,216.919,213.487,216.233,129299.0
2021-04-02,215.718,218.55,212.973,215.461,146487.0
2021-04-06,215.632,222.153,215.632,221.381,179013.0
2021-04-07,220.351,221.982,218.464,220.78,124241.0
2021-04-08,220.523,223.269,218.206,218.807,121710.0
2021-04-09,218.378,221.896,215.289,215.461,143090.0
2021-04-12,215.547,216.662,206.967,208.425,158348.0
2021-04-13,206.967,210.399,206.28,208.511,95351.0
2021-04-14,207.224,212.629,207.052,211.771,96636.0
2021-04-15,212.544,214.088,210.656,212.372,86895.0
2021-04-16,213.573,215.203,211.857,214.002,93367.0
2021-04-19,213.23,218.635,211.085,218.121,147035.0
2021-04-20,217.777,224.298,216.662,222.153,260839.0
2021-04-21,221.209,221.982,217.348,219.493,150647.0
2021-04-22,221.038,222.925,218.979,220.008,132505.0
2021-04-23,218.807,221.81,217.949,220.609,139577.0
2021-04-26,221.038,225.242,220.266,220.523,186163.0
2021-04-27,218.893,219.493,213.831,215.976,128929.0
2021-04-28,215.976,222.239,215.118,221.209,151448.0
2021-04-29,222.239,227.13,221.467,225.671,228582.0
2021-04-30,225.671,225.671,209.283,211.514,382102.0
2021-05-06,210.141,223.955,208.511,218.121,236274.0
2021-05-07,218.121,219.064,212.372,212.715,150208.0
2021-05-10,210.999,211.085,203.964,205.251,242316.0
2021-05-11,205.336,218.292,205.336,214.86,260169.0
2021-05-12,211.943,214.26,209.541,212.115,123716.0
2021-05-13,210.57,217.949,210.055,213.144,172128.0
2021-05-14,213.23,227.215,212.372,224.813,429466.0
2021-05-17,230.047,231.505,223.097,224.041,289623.0
2021-05-18,222.668,236.825,222.668,232.621,375233.0
2021-05-19,232.192,234.337,229.532,231.248,250622.0
2021-05-20,231.248,236.568,228.76,229.275,270501.0
2021-05-21,229.961,230.562,222.325,222.668,240544.0
2021-05-24,222.668,225.07,221.467,223.44,182902.0
2021-05-25,223.526,237.34,221.638,237.168,521327.0
2021-05-26,237.511,244.976,235.109,236.139,443971.0
2021-05-27,235.366,239.399,234.079,236.653,230038.0
2021-05-28,235.967,239.828,233.479,237.254,269404.0
2021-05-31,237.426,245.405,235.795,244.719,386711.0
2021-06-01,244.547,244.633,238.97,241.115,318172.0
2021-06-02,241.201,244.29,232.792,233.994,369765.0
2021-06-03,233.393,235.452,229.961,230.133,257544.0
2021-06-04,230.133,235.967,229.875,233.736,224906.0
2021-06-07,233.822,240.686,232.621,234.68,317608.0
2021-06-08,235.109,238.97,231.677,238.455,311735.0
2021-06-09,240.686,244.118,236.739,239.485,317239.0
2021-06-10,239.399,241.115,236.825,239.914,257208.0
2021-06-11,240.085,240.686,226.529,228.331,401852.0
2021-06-15,227.13,230.476,224.384,225.671,197447.0
2021-06-16,225.843,227.902,218.206,221.381,244025.0
2021-06-17,222.325,225.07,216.405,219.493,227243.0
2021-06-18,218.807,226.443,217.177,223.526,244196.0
2021-06-21,224.813,233.822,224.813,233.736,343519.0
2021-06-22,236.739,236.739,229.961,232.707,283771.0
2021-06-23,232.792,236.825,232.535,233.994,317541.0
2021-06-24,234.122,237.04,228.974,229.832,291354.0
2021-06-25,228.116,236.267,224.598,235.409,341892.0
2021-06-28,237.726,239.871,233.264,238.498,331426.0
2021-06-29,237.297,242.788,230.261,230.433,353503.0
2021-06-30,229.832,231.634,226.915,231.377,210428.0
2021-07-01,232.75,234.037,218.678,219.365,351236.0
2021-07-02,219.279,219.279,207.353,210.184,391953.0
2021-07-05,209.326,213.445,209.24,211.557,150851.0
2021-07-06,211.042,212.758,208.811,211.814,159097.0
2021-07-07,210.098,219.622,208.897,217.306,298905.0
2021-07-08,216.104,227.087,214.989,221.51,457613.0
2021-07-09,220.394,223.397,216.962,219.193,300143.0
2021-07-12,219.279,223.312,217.134,219.88,261083.0
2021-07-13,219.536,222.797,215.933,216.791,246365.0
2021-07-14,216.019,217.134,210.785,210.956,261450.0
2021-07-15,210.27,214.045,207.181,211.042,220966.0
2021-07-16,211.042,231.548,209.326,231.548,961527.0
2021-07-19,237.297,241.33,233.264,236.696,934059.0
2021-07-20,235.238,245.019,231.548,240.901,558928.0
2021-07-21,242.102,244.933,238.412,243.732,581559.0
2021-07-22,240.986,241.673,236.353,240.128,504192.0
2021-07-23,239.27,258.404,233.779,247.164,934181.0
2021-07-26,246.992,256.43,239.699,239.957,1140515.0
2021-07-27,240.043,255.572,237.554,244.418,1147574.0
2021-07-28,240.128,244.933,224.17,234.895,665237.0
2021-07-29,237.812,248.451,236.096,246.735,637104.0
2021-07-30,244.933,256.43,242.359,255.572,752630.0
2021-08-02,256.859,280.54,253.256,280.197,1204965.0
2021-08-03,279.682,281.484,268.442,271.703,840844.0
2021-08-04,271.874,282.599,271.874,279.51,611379.0
2021-08-05,279.425,306.881,276.164,299.159,1113516.0
2021-08-06,293.324,300.188,288.176,293.324,737374.0
2021-08-09,295.898,303.191,288.176,290.664,621878.0
2021-08-10,286.632,310.399,285.602,301.819,987819.0
2021-08-11,297.614,306.109,295.898,298.815,468698.0
2021-08-12,296.327,298.815,278.996,280.368,836281.0
2021-08-13,280.368,285.002,271.874,277.966,567642.0
2021-08-16,277.108,281.999,274.877,279.167,363665.0
2021-08-17,280.454,283.372,269.3,273.161,555625.0
2021-08-18,273.247,281.741,268.442,278.91,575534.0
2021-08-19,276.164,286.632,274.534,282.428,621925.0
2021-08-20,281.999,286.46,275.993,280.283,686887.0
2021-08-23,282.599,299.073,281.141,297.872,899990.0
2021-08-24,285.002,290.664,274.448,285.688,935165.0
2021-08-25,285.774,290.493,276.078,280.54,464079.0
2021-08-26,278.395,284.229,269.3,271.96,483426.0
2021-08-27,271.703,272.561,258.061,263.123,552464.0
2021-08-30,266.297,285.602,265.697,270.587,760513.0
2021-08-31,274.019,277.28,264.066,265.268,620847.0
2021-09-01,269.3,271.188,251.282,262.436,510832.0
2021-09-02,261.321,266.64,259.09,264.152,323040.0
2021-09-03,261.578,264.581,250.081,254.114,441915.0
2021-09-06,253.856,260.72,251.196,259.176,350014.0
2021-09-07,257.46,266.64,257.374,261.664,370197.0
2021-09-08,261.664,263.294,257.46,261.149,247582.0
2021-09-09,259.862,286.718,257.546,286.718,804345.0
2021-09-10,290.664,303.277,281.741,292.638,1101003.0
2021-09-13,292.295,303.02,288.005,297.185,731498.0
2021-09-14,296.585,313.573,292.981,294.611,734625.0
2021-09-15,289.034,299.588,284.744,297.872,584251.0
2021-09-16,296.585,301.046,288.348,288.949,482079.0
2021-09-17,292.638,295.555,265.354,278.738,665247.0
2021-09-22,273.505,287.576,271.874,282.342,369456.0
2021-09-23,284.229,309.969,279.682,305.851,1019365.0
2021-09-24,303.277,306.623,296.756,302.248,690471.0
2021-09-27,294.182,297.614,273.333,287.318,1125228.0
2021-09-28,285.345,298.043,283.028,293.239,681693.0
2021-09-29,288.691,291.608,271.36,274.105,518323.0
2021-09-30,275.306,282.342,271.36,272.132,376385.0
2021-10-08,272.217,272.561,259.004,261.664,387079.0
2021-10-11,263.294,275.65,260.549,264.324,464278.0
2021-10-12,260.635,261.493,251.711,252.14,393791.0
2021-10-13,246.134,250.682,238.326,247.765,412908.0
2021-10-14,246.134,255.572,245.963,249.91,304741.0
2021-10-15,249.995,254.285,246.907,248.88,228923.0
2021-10-18,251.282,256.774,251.282,253.084,298571.0
2021-10-19,252.14,256.259,248.966,254.972,234475.0
2021-10-20,254.8,263.723,252.998,262.779,358076.0
2021-10-21,260.206,262.779,256.259,262.694,232013.0
2021-10-22,261.493,264.753,260.034,262.265,190661.0
2021-10-25,262.265,268.871,260.806,264.238,280354.0
2021-10-26,262.351,266.64,258.318,260.892,238635.0
2021-10-27,264.581,267.327,256.945,260.892,268631.0
2021-10-28,258.833,263.123,252.14,253.513,248508.0
2021-10-29,255.401,267.155,252.998,265.954,480210.0
2021-11-01,270.244,278.91,265.439,275.735,489054.0
2021-11-02,278.824,286.46,275.478,280.283,533900.0
2021-11-03,276.25,280.797,271.188,278.91,353936.0
2021-11-04,278.738,287.833,276.422,286.46,430820.0
2021-11-05,285.431,290.321,282.514,282.514,322016.0
2021-11-08,280.454,286.546,279.425,285.087,237192.0
2021-11-09,283.286,300.446,283.028,292.638,443076.0
2021-11-10,294.182,301.39,290.75,294.182,372958.0
2021-11-11,293.324,298.472,291.437,296.07,304554.0
2021-11-12,293.324,308.597,293.324,306.194,610168.0
2021-11-15,306.194,318.721,305.851,315.203,687435.0
2021-11-16,311.342,315.547,293.324,293.839,703562.0
2021-11-17,295.898,308.94,287.662,303.449,561354.0
2021-11-18,302.076,331.763,299.33,324.212,792555.0
2021-11-19,325.928,326.357,320.094,323.783,431113.0
2021-11-22,323.955,330.733,316.919,326.872,474164.0
2021-11-23,326.872,329.275,320.78,328.159,291815.0
2021-11-24,328.846,337.94,320.523,321.982,396524.0
2021-11-25,319.922,329.36,319.322,320.694,258633.0
2021-11-26,318.635,335.624,318.206,326.615,446213.0
2021-11-29,325.499,348.751,324.298,340.428,529515.0
2021-11-30,339.999,351.668,338.026,342.059,475145.0
2021-12-01,340.514,344.804,334.766,343.861,288259.0
2021-12-02,343.517,344.719,338.112,339.999,252617.0
2021-12-03,340.514,355.1,339.656,347.636,319489.0
2021-12-06,347.722,351.239,336.31,342.659,284399.0
2021-12-07,340.6,345.062,315.289,321.381,675103.0
2021-12-08,321.295,326.529,316.49,323.612,441389.0
2021-12-09,321.638,324.384,311.342,317.863,415134.0
2021-12-10,317.434,324.041,313.487,317.005,319848.0
2021-12-13,314.345,323.354,309.283,318.292,400684.0
2021-12-14,315.632,331.248,315.547,323.955,433812.0
2021-12-15,322.067,326.014,319.579,319.922,235899.0
2021-12-16,319.922,325.671,318.206,321.982,207641.0
2021-12-17,321.467,324.041,312.2,313.144,249962.0
2021-12-20,310.57,315.804,300.446,300.875,333895.0
2021-12-21,304.478,308.339,297.529,304.907,269139.0
2021-12-22,302.762,312.972,300.617,309.369,268955.0
2021-12-23,308.597,313.058,304.221,310.227,237094.0
2021-12-24,308.339,312.887,304.736,308.082,189163.0
2021-12-27,307.052,311.943,304.993,310.055,162457.0
2021-12-28,310.055,311.257,302.762,303.878,213868.0
2021-12-29,304.135,312.544,303.706,306.537,259001.0
2021-12-30,304.478,322.325,303.277,318.121,428164.0
2021-12-31,318.121,321.638,316.49,319.064,258324.0
2022-01-04,320.694,333.993,319.15,329.704,453270.0
2022-01-05,330.218,331.677,302.333,305.336,508068.0
2022-01-06,303.62,307.052,286.46,299.244,350512.0
2022-01-07,299.33,302.762,286.46,287.747,317145.0
2022-01-10,285.087,289.807,277.88,281.312,349542.0
2022-01-11,282.943,283.801,266.812,268.871,436944.0
2022-01-12,268.957,277.451,268.957,273.848,324443.0
2022-01-13,273.933,274.534,262.608,265.868,315380.0
2022-01-14,264.581,269.987,263.981,265.268,213361.0
2022-01-17,265.697,272.99,264.324,272.046,234967.0
2022-01-18,270.845,275.993,269.643,272.99,243909.0
2022-01-19,272.904,272.904,257.632,263.294,315053.0
2022-01-20,263.466,264.066,256.259,257.031,221827.0
2022-01-21,251.282,251.282,238.67,242.016,691562.0
2022-01-24,242.102,248.451,239.356,247.421,329998.0
2022-01-25,248.622,252.913,241.415,241.415,244333.0
2022-01-26,243.131,244.504,235.838,239.614,211006.0
2022-01-27,239.699,240.901,233.608,233.865,176838.0
2022-01-28,235.581,238.155,231.377,232.492,287151.0
2022-02-07,236.696,237.211,232.492,233.693,163851.0
2022-02-08,234.98,239.442,229.146,239.099,317474.0
2022-02-09,237.812,246.392,237.297,244.504,338547.0
2022-02-10,244.761,247.421,242.273,244.418,195822.0
2022-02-11,244.247,244.247,236.353,237.211,237812.0
2022-02-14,237.468,247.507,236.611,243.217,363079.0
2022-02-15,243.303,249.566,242.702,248.279,288708.0
2022-02-16,245.276,246.478,243.56,246.22,175635.0
2022-02-17,244.761,251.282,243.046,250.596,289123.0
2022-02-18,248.708,250.853,246.992,250.767,171072.0
2022-02-21,251.969,253.17,247.25,250.167,174422.0
2022-02-22,252.226,255.057,245.534,248.022,231719.0
2022-02-23,247.421,263.552,246.306,263.466,423659.0
2022-02-24,263.294,280.368,261.578,269.815,630761.0
2022-02-25,265.01,271.445,261.407,268.099,309615.0
2022-02-28,271.874,276.164,266.297,267.67,256833.0
2022-03-01,268.871,285.688,268.442,283.114,547276.0
2022-03-02,283.286,283.972,276.851,280.283,271373.0
2022-03-03,277.88,279.596,270.587,271.874,247322.0
2022-03-04,269.901,276.164,260.72,265.01,331006.0
2022-03-07,268.013,273.848,261.149,266.04,332075.0
2022-03-08,263.294,275.564,262.865,264.667,369558.0
2022-03-09,265.868,268.7,238.755,253.599,520019.0
2022-03-10,256.859,266.64,256.859,261.75,322007.0
2022-03-11,258.919,260.72,249.995,256.001,394953.0
2022-03-14,253.685,265.868,251.282,254.714,265202.0
2022-03-15,251.282,257.546,242.445,242.788,272676.0
2022-03-16,246.992,254.8,233.779,252.14,373075.0
2022-03-17,254.457,260.635,251.111,254.628,289058.0
2022-03-18,252.226,256.087,247.85,254.886,208271.0
2022-03-21,254.972,257.803,252.827,253.942,230795.0
2022-03-22,262.865,264.925,248.537,251.368,267549.0
2022-03-23,248.279,265.268,247.421,259.262,428897.0
2022-03-24,255.572,257.975,250.853,251.454,233443.0
2022-03-25,251.454,260.206,250.51,254.457,273650.0
2022-03-28,251.883,255.572,246.992,251.797,228395.0
2022-03-29,262.265,269.901,255.057,261.321,597489.0
2022-03-30,261.235,265.868,257.46,262.951,298403.0
2022-03-31,261.578,262.522,252.398,252.913,247406.0
2022-04-01,251.368,255.229,247.421,248.537,225705.0
2022-04-06,248.708,248.966,235.924,237.726,312534.0
2022-04-07,236.096,242.273,234.551,235.409,209060.0
2022-04-08,234.208,236.01,226.915,229.06,306780.0
2022-04-11,229.06,229.06,216.962,218.592,288947.0
2022-04-12,217.22,221.767,209.841,220.48,326426.0
2022-04-13,217.477,219.279,214.388,215.589,170708.0
2022-04-14,216.448,218.507,211.728,217.735,185928.0
2022-04-15,215.589,221.252,211.214,219.708,227456.0
2022-04-18,216.877,226.743,216.019,225.886,283053.0
2022-04-19,225.542,229.403,223.655,228.202,176322.0
2022-04-20,227.945,228.202,220.737,222.282,140583.0
2022-04-21,220.48,224.684,213.702,214.731,157877.0
2022-04-22,211.471,214.045,207.524,209.24,176017.0
2022-04-25,207.438,207.438,188.906,188.906,364755.0
2022-04-26,186.074,186.074,170.63,170.63,650708.0
2022-04-27,164.624,184.187,164.624,180.841,509830.0
2022-04-28,179.296,186.761,176.636,180.841,304990.0
2022-04-29,183.5,194.225,181.527,192.681,392130.0
2022-05-05,194.568,208.811,191.737,201.947,381075.0
2022-05-06,195.598,204.35,194.654,202.205,313449.0
2022-05-09,201.261,213.959,201.261,211.728,333586.0
2022-05-10,209.24,214.217,208.211,211.385,234563.0
2022-05-11,220.394,223.226,210.098,211.042,356331.0
2022-05-12,209.069,218.078,209.069,214.131,216740.0
2022-05-13,213.53,216.877,211.9,214.817,183506.0
2022-05-16,223.655,223.655,214.217,216.104,289210.0
2022-05-17,214.817,222.968,211.128,221.424,279224.0
2022-05-18,221.338,228.803,218.85,223.483,271845.0
2022-05-19,220.223,226.915,218.335,223.912,224947.0
2022-05-20,224.17,227.172,222.025,225.542,206427.0
2022-05-23,222.11,224.684,217.906,223.226,214999.0
2022-05-24,222.883,228.717,213.53,214.731,325562.0
2022-05-25,215.16,219.451,215.16,218.764,153234.0
2022-05-26,218.764,229.661,218.163,225.714,399882.0
2022-05-27,229.403,231.891,223.569,225.371,268560.0
2022-05-30,225.628,227.859,221.424,225.628,225222.0
2022-05-31,223.569,230.09,223.483,228.974,216441.0
2022-06-01,228.888,237.64,228.545,237.04,380782.0
2022-06-02,234.122,242.702,233.693,240.557,301299.0
2022-06-06,239.27,248.708,238.584,246.563,367556.0
2022-06-07,245.362,259.605,245.105,257.46,570021.0
2022-06-08,257.288,257.288,245.877,251.797,330381.0
2022-06-09,249.137,251.797,242.359,243.131,280432.0
2022-06-10,243.217,257.632,243.217,257.288,400652.0
2022-06-13,255.143,258.49,249.738,251.368,334277.0
2022-06-14,246.735,249.481,242.531,249.051,223086.0
2022-06-15,252.998,259.605,250.424,250.424,281883.0
2022-06-16,250.424,255.143,247.765,250.424,161523.0
2022-06-17,246.821,251.711,243.818,250.51,212359.0
2022-06-20,251.282,255.401,246.306,251.282,183370.0
2022-06-21,251.711,252.998,240.557,243.56,237958.0
2022-06-22,243.56,245.877,237.211,241.244,174419.0
2022-06-23,241.716,255.873,238.541,255.358,373590.0
2022-06-24,257.16,270.03,255.444,264.024,397456.0
2022-06-27,263.68,265.997,257.846,262.308,276860.0
2022-06-28,267.027,283.929,267.027,274.92,531856.0
2022-06-29,273.462,282.213,268.743,270.287,354944.0
2022-06-30,270.287,274.062,263.852,266.512,497042.0
2022-07-01,266.083,270.373,258.876,262.136,304485.0
2022-07-04,265.568,273.118,259.305,266.426,352945.0
2022-07-05,266.512,274.32,258.618,272.861,417968.0
2022-07-06,268.142,273.376,262.479,266.254,360773.0
2022-07-07,268.142,279.639,266.512,276.808,530606.0
2022-07-08,276.207,278.61,270.973,275.521,271874.0
2022-07-11,275.263,277.752,264.195,274.92,296693.0
2022-07-12,273.376,281.527,267.027,267.627,356610.0
2022-07-13,267.112,271.402,263.251,265.311,205255.0
2022-07-14,264.024,278.61,264.024,278.352,364520.0
2022-07-15,276.894,281.184,273.29,273.805,241560.0
2022-07-18,274.32,276.293,266.512,275.178,203792.0
2022-07-19,273.976,282.471,273.033,277.752,304817.0
2022-07-20,279.468,295.426,278.695,295.426,591212.0
2022-07-21,295.598,295.684,284.616,289.764,439996.0
2022-07-22,289.592,296.284,284.272,287.533,317234.0
2022-07-25,293.281,294.483,275.178,278.266,426290.0
2022-07-26,277.58,281.441,271.917,278.266,258817.0
2022-07-27,278.266,283.672,275.349,278.524,247652.0
2022-07-28,278.695,285.474,276.036,284.787,266687.0
2022-07-29,284.358,284.358,271.746,273.891,301076.0
2022-08-01,276.894,279.468,273.376,274.148,201684.0
2022-08-02,279.382,281.098,264.367,267.885,329697.0
2022-08-03,269.086,284.272,264.538,273.547,533410.0
2022-08-04,274.663,275.092,266.683,270.287,309288.0
2022-08-05,268.828,272.518,263.166,271.317,307221.0
2022-08-08,270.802,283.329,268.142,281.269,368797.0
2022-08-09,282.042,287.704,277.923,284.616,306047.0
2022-08-10,283.758,288.648,279.039,280.755,275024.0
2022-08-11,278.61,283.758,276.293,281.355,277629.0
2022-08-12,279.982,281.87,274.491,276.036,223500.0
2022-08-15,272.689,278.953,272.604,274.577,155752.0
2022-08-16,274.491,277.065,270.716,273.376,166348.0
2022-08-17,271.746,274.32,268.399,273.376,159394.0
2022-08-18,273.376,275.006,269.086,274.32,179632.0
2022-08-19,273.033,274.577,266.941,267.284,171997.0
2022-08-22,265.911,269.858,264.281,267.284,139116.0
2022-08-23,267.027,269.172,261.535,264.024,183049.0
2022-08-24,262.651,263.852,247.55,248.408,348443.0
2022-08-25,248.236,253.299,240.858,247.378,346569.0
2022-08-26,247.464,248.58,244.719,245.405,190772.0
2022-08-29,241.973,251.154,239.142,248.665,181611.0
2022-08-30,253.041,256.13,246.006,246.864,237602.0
2022-08-31,246.091,249.523,242.145,246.349,217101.0
2022-09-01,244.461,247.464,240.6,241.887,184843.0
2022-09-02,241.801,244.29,237.254,240.6,212985.0
2022-09-05,240.0,246.349,239.142,242.316,203730.0
2022-09-06,244.719,264.71,244.375,259.39,669770.0
2022-09-07,257.245,266.855,256.302,263.938,323670.0
2022-09-08,263.68,275.263,263.337,273.204,436144.0
2022-09-09,273.719,279.039,269.172,272.432,302400.0
2022-09-13,276.036,281.098,270.03,279.382,417478.0
2022-09-14,276.979,281.956,274.148,275.607,306726.0
2022-09-15,276.465,276.894,266.855,270.373,285836.0
2022-09-16,270.459,277.408,268.914,269.086,274759.0
2022-09-19,267.799,272.175,261.278,265.396,238108.0
2022-09-20,267.885,269.172,263.337,264.967,185051.0
2022-09-21,264.71,272.089,259.734,268.485,276076.0
2022-09-22,266.512,272.518,262.222,262.565,402608.0
2022-09-23,261.535,273.462,257.846,261.364,491492.0
2022-09-26,256.216,258.79,248.236,249.009,438578.0
2022-09-27,249.266,255.1,249.266,251.668,283450.0
2022-09-28,251.325,255.444,240.429,240.686,231373.0
2022-09-29,245.92,248.236,240.858,244.29,235900.0
2022-09-30,244.719,244.719,229.704,230.304,317209.0
2022-10-10,234.508,236.568,226.529,228.502,251336.0
2022-10-11,228.76,229.189,222.411,223.44,214618.0
2022-10-12,223.698,225.585,214.774,225.585,282123.0
2022-10-13,223.955,231.934,222.668,227.902,248945.0
2022-10-14,229.704,235.71,227.13,232.878,267666.0
2022-10-17,232.964,241.458,232.878,237.511,336801.0
2022-10-18,237.769,238.627,234.594,236.139,195121.0
2022-10-19,234.766,241.201,234.165,236.224,218285.0
2022-10-20,235.71,238.198,231.334,233.565,257563.0
2022-10-21,234.165,237.683,231.42,232.878,155361.0
2022-10-24,237.426,252.612,235.538,245.319,658302.0
2022-10-25,244.976,253.127,243.003,247.893,393274.0
2022-10-26,247.979,257.417,243.432,253.127,468135.0
2022-10-27,251.497,253.728,246.864,250.982,264054.0
2022-10-28,248.408,252.612,243.174,245.148,227379.0
2022-10-31,238.284,244.29,223.097,240.085,757529.0
2022-11-01,239.399,242.059,231.42,236.396,455743.0
2022-11-02,235.795,248.837,233.393,242.402,425048.0
2022-11-03,240.858,247.121,239.485,244.204,264906.0
2022-11-04,245.148,249.695,243.26,249.523,269601.0
2022-11-07,249.952,252.87,243.861,245.92,322973.0
2022-11-08,246.435,248.665,243.432,245.491,214892.0
2022-11-09,251.154,252.012,241.029,241.115,274495.0
2022-11-10,238.369,238.97,229.961,231.763,315905.0
2022-11-11,235.795,236.139,230.133,234.079,266026.0
2022-11-14,232.878,238.284,229.704,231.248,265463.0
2022-11-15,229.704,237.94,229.017,234.251,246415.0
2022-11-16,235.71,241.029,233.994,235.281,318192.0
2022-11-17,236.997,240.0,231.248,239.914,305467.0
2022-11-18,238.541,239.571,231.42,232.106,279256.0
2022-11-21,230.733,235.366,229.103,233.908,146088.0
2022-11-22,233.05,238.627,230.733,234.079,274271.0
2022-11-23,234.165,235.281,230.304,235.281,160775.0
2022-11-24,234.852,235.881,229.103,230.218,198240.0
2022-11-25,230.304,231.162,225.156,226.272,186818.0
2022-11-28,221.896,231.076,221.209,229.446,229913.0
2022-11-29,233.908,238.713,231.849,235.71,369359.0
2022-11-30,241.458,243.946,235.881,236.224,336860.0
2022-12-01,236.568,239.313,236.568,237.855,207071.0
2022-12-02,236.568,238.026,234.68,235.109,133089.0
2022-12-05,235.71,240.858,234.766,239.227,241934.0
2022-12-06,239.227,241.716,236.825,241.63,232846.0
2022-12-07,239.313,240.6,233.908,237.855,250515.0
2022-12-08,237.34,237.855,234.251,235.023,109068.0
2022-12-09,235.71,238.713,231.334,232.192,199482.0
2022-12-12,230.991,234.594,227.559,232.707,178160.0
2022-12-13,231.849,233.565,227.301,228.417,156971.0
2022-12-14,227.988,230.991,227.902,229.789,99105.0
2022-12-15,228.76,230.39,228.073,229.618,81542.0
2022-12-16,227.988,228.674,225.328,226.357,101062.0
2022-12-19,226.701,227.816,222.067,223.526,84859.0
2022-12-20,222.153,225.928,220.266,222.754,128709.0
2022-12-21,222.411,223.955,219.236,220.523,91303.0
2022-12-22,221.553,221.896,209.112,213.487,314296.0
2022-12-23,211.686,213.573,209.626,211.085,99977.0
2022-12-26,213.487,217.52,212.2,216.662,172047.0
2022-12-27,216.662,218.378,213.659,216.919,118331.0
2022-12-28,217.005,218.55,213.316,214.002,111740.0
2022-12-29,213.573,228.502,212.715,222.239,330692.0
2022-12-30,221.553,226.443,221.553,224.985,156122.0
2023-01-03,224.899,228.417,222.239,227.13,181259.0
2023-01-04,226.014,227.644,223.698,226.186,136780.0
2023-01-05,225.843,228.331,225.585,227.473,118000.0
2023-01-06,226.701,229.189,225.843,227.644,136960.0
2023-01-09,227.13,227.559,217.692,219.15,337392.0
2023-01-10,219.408,220.437,215.203,216.748,180475.0
2023-01-11,217.091,220.094,213.916,215.203,202989.0
2023-01-12,221.038,221.124,214.774,215.632,228960.0
2023-01-13,215.632,217.263,213.831,216.233,151263.0
2023-01-16,216.834,220.437,216.405,219.236,293108.0
2023-01-17,220.008,224.556,218.121,221.038,236425.0
2023-01-18,221.038,222.582,220.008,221.295,127249.0
2023-01-19,219.665,225.671,219.665,224.985,178302.0
2023-01-20,224.985,228.846,224.556,227.301,189914.0
2023-01-30,229.875,237.254,229.875,234.251,345603.0
2023-01-31,234.337,237.168,232.535,236.997,292561.0
2023-02-01,237.426,239.399,234.937,238.884,258328.0
2023-02-02,239.656,240.6,232.192,233.479,292001.0
2023-02-03,233.479,236.568,231.591,235.71,212470.0
2023-02-06,235.452,236.825,232.792,234.079,152654.0
2023-02-07,234.079,236.653,232.02,233.65,152622.0
2023-02-08,234.165,234.852,230.562,231.076,121914.0
2023-02-09,231.248,236.31,227.044,235.624,197815.0
2023-02-10,234.337,236.139,231.677,232.964,143078.0
2023-02-13,233.136,236.053,233.136,233.65,191526.0
2023-02-14,231.677,233.65,230.047,232.106,142306.0
2023-02-15,231.763,234.766,230.733,234.079,158621.0
2023-02-16,233.136,235.023,227.988,230.047,202495.0
2023-02-17,230.047,231.849,224.813,225.928,196215.0
2023-02-20,225.414,227.473,221.982,226.872,200212.0
2023-02-21,226.443,233.994,226.272,230.647,226884.0
2023-02-22,229.532,232.621,228.331,230.047,151210.0
2023-02-23,230.39,231.505,227.73,228.417,139178.0
2023-02-24,228.846,236.139,228.846,233.136,380161.0
2023-02-27,232.278,234.852,229.103,230.304,239847.0
2023-02-28,230.39,232.106,228.846,232.106,124235.0
2023-03-01,231.763,233.565,230.133,233.05,149291.0
2023-03-02,232.449,235.71,230.733,231.591,212543.0
2023-03-03,231.42,245.062,230.133,243.861,721400.0
2023-03-06,247.293,249.952,241.801,245.577,559361.0
2023-03-07,244.976,246.263,236.997,237.855,323170.0
2023-03-08,236.653,243.946,235.795,241.973,276012.0
2023-03-09,241.801,243.174,236.997,238.284,213995.0
2023-03-10,236.396,240.171,233.994,235.023,227049.0
2023-03-13,233.65,237.769,233.221,237.511,187469.0
2023-03-14,235.538,237.94,230.476,234.766,182798.0
2023-03-15,234.251,235.366,231.42,233.221,185399.0
2023-03-16,230.991,232.707,224.641,224.985,212074.0
2023-03-17,226.357,228.417,225.671,226.443,123822.0
2023-03-20,226.529,228.331,221.124,225.585,126674.0
2023-03-21,231.42,240.6,231.248,236.396,419737.0
2023-03-22,236.482,236.739,232.106,232.792,206787.0
2023-03-23,231.849,234.508,231.42,234.251,155493.0
2023-03-24,232.621,233.908,231.849,233.136,119792.0
2023-03-27,233.221,233.221,228.073,229.103,165634.0
2023-03-28,228.588,232.106,227.387,228.245,132284.0
2023-03-29,228.159,228.331,224.556,224.985,147348.0
2023-03-30,224.985,226.958,223.011,226.529,150707.0
2023-03-31,225.671,227.816,225.242,227.387,100912.0
2023-04-03,226.443,231.677,226.443,231.42,200068.0
2023-04-04,230.304,230.905,226.701,229.789,150414.0
2023-04-06,229.189,237.769,227.902,236.997,303459.0
2023-04-07,238.112,239.227,233.822,234.852,191478.0
2023-04-10,235.71,238.026,233.136,234.165,170591.0
2023-04-11,232.535,234.423,228.846,232.449,146971.0
2023-04-12,231.42,233.307,229.961,232.278,108169.0
2023-04-13,231.248,231.849,227.902,228.588,125061.0
2023-04-14,227.902,229.532,227.473,229.532,92611.0
2023-04-17,228.674,234.337,227.902,234.079,190405.0
2023-04-18,234.852,237.254,229.532,232.964,264331.0
2023-04-19,231.849,233.565,228.073,228.502,188123.0
2023-04-20,227.988,228.588,223.869,225.328,175205.0
2023-04-21,224.727,230.047,224.727,225.757,205870.0
2023-04-24,225.414,225.414,217.434,219.064,208339.0
2023-04-25,219.15,220.437,214.002,216.061,136728.0
2023-04-26,215.118,219.493,214.603,217.263,114814.0
2023-04-27,216.576,225.328,216.061,224.47,216614.0
2023-04-28,223.269,229.36,223.269,228.846,159799.0
2023-05-04,227.301,230.647,224.556,225.414,139524.0
2023-05-05,225.414,226.357,222.84,223.698,142664.0
2023-05-08,224.041,231.934,223.869,231.677,224131.0
2023-05-09,232.449,237.855,228.588,229.189,308550.0
2023-05-10,227.301,228.846,222.925,226.529,182591.0
2023-05-11,226.701,226.701,222.84,223.011,138831.0
2023-05-12,222.84,223.869,218.893,219.579,117951.0
2023-05-15,218.292,225.414,217.692,224.556,150287.0
2023-05-16,224.041,225.07,221.553,222.153,118835.0
2023-05-17,221.209,230.218,220.523,229.36,273126.0
2023-05-18,228.931,229.189,225.585,227.215,132262.0
2023-05-19,225.843,230.39,225.414,227.473,142140.0
2023-05-22,226.272,229.618,226.1,227.387,106910.0
2023-05-23,226.701,228.588,223.698,223.698,99770.0
2023-05-24,222.84,225.671,220.437,220.78,119551.0
2023-05-25,219.665,222.84,218.55,221.638,126676.0
2023-05-26,221.982,222.582,218.464,222.496,99702.0
2023-05-29,231.248,231.248,222.668,223.011,279240.0
2023-05-30,221.81,222.411,216.405,219.236,210773.0
2023-05-31,219.064,223.097,217.692,220.008,198952.0
2023-06-01,218.464,220.351,216.061,218.721,160295.0
2023-06-02,218.464,219.837,217.52,219.15,124016.0
2023-06-05,219.236,219.837,215.976,217.005,150054.0
2023-06-06,216.49,216.662,212.973,213.659,127071.0
2023-06-07,212.973,213.573,205.165,209.283,188455.0
2023-06-08,208.511,209.712,207.396,208.254,115988.0
2023-06-09,208.339,210.227,207.396,210.141,108602.0
2023-06-12,210.141,210.227,207.224,207.396,132712.0
2023-06-13,206.967,207.567,204.822,206.795,118094.0
2023-06-14,206.967,206.967,203.964,203.964,151089.0
2023-06-15,203.964,208.168,201.046,207.91,212098.0
2023-06-16,207.825,210.913,207.396,210.484,169857.0
2023-06-19,210.484,211.943,209.455,210.484,124017.0
2023-06-20,209.97,214.26,209.541,213.23,209255.0
2023-06-21,212.629,213.831,211.085,211.342,119092.0
2023-06-26,210.57,215.118,209.541,212.286,172642.0
2023-06-27,211.857,215.118,211.686,214.088,125899.0
2023-06-28,214.26,221.381,212.544,219.751,318308.0
2023-06-29,220.008,229.446,219.408,228.159,436275.0
2023-06-30,228.159,238.112,227.902,236.997,589080.0
2023-07-03,236.224,239.142,233.822,237.683,385245.0
2023-07-04,237.426,239.142,235.538,236.053,235654.0
2023-07-05,236.053,236.396,232.449,232.707,210482.0
2023-07-06,233.822,234.165,229.446,230.218,154222.0
2023-07-07,231.42,233.479,228.76,231.505,154079.0
2023-07-10,231.42,234.508,230.133,232.192,117426.0
2023-07-11,231.42,236.224,230.991,232.964,119420.0
2023-07-12,233.05,234.423,229.103,230.304,126271.0
2023-07-13,230.304,232.02,228.245,229.275,118495.0
2023-07-14,229.704,231.849,228.674,229.275,98677.0
2023-07-17,229.532,233.479,228.502,229.875,109204.0
2023-07-18,229.532,235.71,228.674,231.42,174366.0
2023-07-19,231.076,233.994,230.047,230.562,92916.0
2023-07-20,230.218,231.42,225.585,226.615,132925.0
2023-07-21,226.615,227.644,224.813,225.843,91921.0
2023-07-24,224.985,229.189,224.727,227.13,83129.0
2023-07-25,228.502,229.189,225.414,228.502,98682.0
2023-07-26,227.644,229.961,226.958,227.387,89154.0
2023-07-27,227.988,232.278,226.272,227.044,129542.0
2023-07-28,225.414,227.301,223.698,227.044,146327.0
2023-07-31,227.902,229.017,226.272,228.417,147284.0
2023-08-01,228.159,228.588,225.07,226.615,108593.0
2023-08-02,225.242,228.417,222.153,223.183,115088.0
2023-08-03,223.097,224.727,222.239,224.727,59457.0
2023-08-04,224.985,227.473,223.097,224.727,101901.0
2023-08-07,225.414,225.414,220.351,224.212,130240.0
2023-08-08,224.041,224.899,221.982,223.011,79542.0
2023-08-09,222.239,223.612,222.153,223.44,55568.0
2023-08-10,223.44,224.899,221.896,222.496,70950.0
2023-08-11,222.668,223.44,218.635,218.893,89603.0
2023-08-14,217.949,220.866,217.348,220.351,75737.0
2023-08-15,219.922,221.467,216.662,217.692,62973.0
2023-08-16,217.692,219.15,215.375,215.718,57652.0
2023-08-17,215.118,226.1,213.659,224.727,193096.0
2023-08-18,223.869,226.701,221.81,221.81,129213.0
2023-08-21,223.183,223.698,216.834,217.005,113915.0
2023-08-22,217.348,221.467,216.147,219.579,96934.0
2023-08-23,218.55,219.408,213.916,214.26,85139.0
2023-08-24,214.26,217.005,212.544,214.002,73532.0
2023-08-25,213.058,215.547,211.686,212.801,81435.0
2023-08-28,221.982,224.556,214.603,215.118,183320.0
2023-08-29,215.203,218.121,211.686,213.058,317545.0
2023-08-30,213.402,214.946,211.085,211.686,175233.0
2023-08-31,211.342,211.428,206.795,208.082,213319.0
2023-09-01,208.082,209.369,206.967,209.283,121535.0
2023-09-04,209.798,211.171,209.541,210.913,129781.0
2023-09-05,211.257,211.342,206.538,207.481,169672.0
2023-09-06,207.224,215.804,206.28,214.517,260533.0
2023-09-07,212.887,215.118,210.399,210.484,168949.0
2023-09-08,209.97,216.919,209.283,214.431,226427.0
2023-09-11,213.487,214.26,208.254,210.999,213135.0
2023-09-12,209.97,212.029,208.768,211.257,138648.0
2023-09-13,210.828,211.943,208.683,209.712,132005.0
2023-09-14,211.257,211.686,208.683,211.257,107387.0
2023-09-15,211.257,214.689,210.742,213.831,191024.0
2023-09-18,213.402,213.402,208.768,209.541,190771.0
2023-09-19,209.541,209.884,207.653,207.825,86117.0
2023-09-20,207.825,208.339,203.277,203.792,154235.0
2023-09-21,203.792,205.765,202.677,203.277,107645.0
2023-09-22,202.505,205.079,201.819,204.221,140743.0
2023-09-25,203.706,204.478,199.33,199.588,191137.0
2023-09-26,198.816,200.36,198.301,199.759,107818.0
2023-09-27,199.759,201.218,198.816,199.759,97657.0
2023-09-28,200.188,202.934,199.845,202.333,122250.0
2023-10-09,202.248,204.822,201.561,203.964,134618.0
2023-10-10,203.964,204.993,201.733,203.449,99609.0
2023-10-11,203.62,203.964,198.644,199.759,135910.0
2023-10-12,199.931,203.106,199.759,202.076,115931.0
2023-10-13,201.046,201.218,193.582,196.242,182378.0
2023-10-16,195.898,198.215,194.354,195.469,128052.0
2023-10-17,195.384,195.384,192.895,194.526,97736.0
2023-10-18,194.526,195.469,192.381,194.097,95775.0
2023-10-19,193.324,194.869,192.209,192.295,89623.0
2023-10-20,191.094,192.295,189.206,189.463,95799.0
2023-10-23,189.378,193.839,188.348,190.321,150011.0
2023-10-24,190.75,194.783,189.721,194.354,137255.0
2023-10-25,194.354,199.845,194.354,197.1,166300.0
2023-10-26,197.1,198.472,195.212,197.786,90373.0
2023-10-27,196.671,199.502,196.671,198.816,96538.0
2023-10-30,197.271,201.561,197.271,200.446,100992.0
2023-10-31,200.103,201.046,197.1,198.472,104091.0
2023-11-01,198.472,199.416,195.898,196.585,74092.0
2023-11-02,196.585,197.271,192.981,193.067,108013.0
2023-11-03,193.153,195.384,192.895,194.783,90126.0
2023-11-06,195.469,198.215,195.469,198.129,95476.0
2023-11-07,197.529,197.958,196.156,197.357,77754.0
2023-11-08,197.271,198.987,196.327,198.129,92363.0
2023-11-09,197.1,198.73,196.671,197.614,64245.0
2023-11-10,196.499,198.816,196.413,198.644,87619.0
2023-11-13,198.73,203.964,196.928,203.449,197938.0
2023-11-14,203.106,206.452,202.419,204.736,173798.0
2023-11-15,204.907,205.937,203.277,203.878,93731.0
2023-11-16,204.736,205.165,202.762,202.762,77308.0
2023-11-17,202.762,203.277,200.789,201.819,78534.0
2023-11-20,201.819,206.194,200.961,205.422,146517.0
2023-11-21,205.422,205.422,202.762,203.106,92451.0
2023-11-22,202.248,202.677,200.703,201.046,65977.0
2023-11-23,201.304,202.076,200.103,201.561,53087.0
2023-11-24,201.733,201.99,198.387,199.073,61914.0
2023-11-27,198.387,200.017,197.271,199.502,81770.0
2023-11-28,198.987,199.674,197.443,198.387,57552.0
2023-11-29,198.129,199.759,195.555,197.786,91222.0
2023-11-30,197.786,198.73,194.011,195.212,81122.0
2023-12-01,195.384,196.499,194.526,195.898,52121.0
2023-12-04,195.813,198.73,195.555,197.614,65239.0
2023-12-05,197.271,197.529,192.295,192.381,75884.0
2023-12-06,191.523,197.014,191.265,196.07,111202.0
2023-12-07,195.641,196.327,192.81,193.753,69597.0
2023-12-08,193.668,194.526,190.321,190.407,108266.0
2023-12-11,190.236,194.354,188.777,194.268,96345.0
2023-12-12,194.097,197.872,193.753,196.07,90467.0
2023-12-13,196.156,199.159,194.354,194.44,83904.0
2023-12-14,194.354,195.898,191.608,191.952,67184.0
2023-12-15,192.209,193.153,189.549,189.978,67976.0
2023-12-18,190.236,191.008,185.946,186.117,92076.0
2023-12-19,187.061,188.777,185.602,188.176,62227.0
2023-12-20,188.005,188.691,182.17,182.514,94097.0
2023-12-21,181.484,184.401,180.025,183.372,93006.0
2023-12-22,184.058,195.813,183.715,194.869,348552.0
2023-12-25,197.014,201.647,195.384,200.532,279097.0
2023-12-26,199.159,200.446,195.384,198.472,187769.0
2023-12-27,196.671,198.301,195.212,196.413,107791.0
2023-12-28,195.984,199.073,194.611,198.129,141134.0
2023-12-29,197.529,201.39,196.756,199.416,166668.0
2024-01-02,199.416,205.165,198.301,199.845,225812.0
2024-01-03,199.588,199.588,194.611,197.1,119657.0
2024-01-04,196.928,197.872,191.351,192.724,127291.0
2024-01-05,192.552,192.981,185.774,186.632,134731.0
2024-01-08,185.259,186.375,180.111,180.626,150136.0
2024-01-09,180.626,182.342,178.309,179.082,198390.0
2024-01-10,179.082,180.283,175.993,177.194,111909.0
2024-01-11,177.366,180.025,176.765,179.596,111290.0
2024-01-12,179.082,180.54,178.738,179.253,93912.0
2024-01-15,178.224,178.309,172.218,172.561,195152.0
2024-01-16,172.218,174.363,169.472,173.934,152801.0
2024-01-17,173.848,175.306,171.789,172.046,135501.0
2024-01-18,170.845,176.164,167.07,175.65,177473.0
2024-01-19,174.448,175.392,172.218,173.59,96567.0
2024-01-22,171.617,175.993,169.043,170.502,175989.0
2024-01-23,169.644,174.448,169.558,172.99,124997.0
2024-01-24,173.505,176.765,170.502,176.679,143555.0
2024-01-25,176.765,183.543,175.65,183.543,248454.0
2024-01-26,183.457,184.573,181.741,183.886,148595.0
2024-01-29,183.886,185.688,181.227,181.656,119052.0
2024-01-30,180.798,183.543,178.996,180.111,118682.0
2024-01-31,179.253,179.768,171.445,172.99,156783.0
2024-02-01,170.502,176.25,168.786,172.99,120554.0
2024-02-02,172.218,174.792,160.635,168.099,181505.0
2024-02-05,166.984,169.043,156.259,164.324,184690.0
2024-02-06,161.922,174.706,161.493,174.62,156636.0
2024-02-07,173.505,179.253,173.333,177.88,220618.0
2024-02-08,178.395,181.741,176.422,179.854,194072.0
2024-02-19,182.514,183.028,179.253,181.656,155472.0
2024-02-20,181.312,181.398,178.309,180.712,106089.0
2024-02-21,179.339,185.431,178.395,182.514,159416.0
2024-02-22,183.028,184.058,181.656,183.028,123109.0
2024-02-23,183.372,185.688,181.055,183.715,131584.0
2024-02-26,183.715,186.46,182.17,184.487,139753.0
2024-02-27,183.028,185.946,182.943,185.946,120969.0
2024-02-28,186.031,188.262,181.312,181.312,186556.0
2024-02-29,179.511,186.203,179.253,186.203,151545.0
2024-03-01,185.946,190.836,185.431,190.836,201116.0
2024-03-04,190.579,191.437,188.691,190.15,124148.0
2024-03-05,189.378,196.756,188.777,192.981,238618.0
2024-03-06,191.952,195.898,190.665,194.011,169187.0
2024-03-07,193.668,194.697,189.034,189.12,132150.0
2024-03-08,189.378,191.437,188.005,189.721,94005.0
2024-03-11,189.892,196.756,187.919,194.955,199585.0
2024-03-12,196.671,199.33,195.384,198.215,234815.0
2024-03-13,198.987,203.792,197.185,199.674,260919.0
2024-03-14,199.502,200.188,193.668,194.955,171185.0
2024-03-15,193.668,197.1,193.668,196.156,115775.0
2024-03-18,197.185,201.561,197.1,200.961,198918.0
2024-03-19,199.931,204.478,199.416,200.703,180522.0
2024-03-20,199.502,201.904,198.644,199.245,128217.0
2024-03-21,199.245,201.132,197.529,199.502,138625.0
2024-03-22,198.129,199.502,193.839,194.611,137379.0
2024-03-25,194.611,197.1,192.381,192.381,111543.0
2024-03-26,192.123,193.668,190.064,192.638,97475.0
2024-03-27,192.638,193.239,186.632,186.804,119435.0
2024-03-28,186.804,192.81,186.718,191.952,130724.0
2024-03-29,190.665,193.753,189.978,193.153,124043.0
2024-04-01,193.239,195.727,193.239,194.869,112206.0
2024-04-02,195.04,195.212,188.777,190.75,176403.0
2024-04-03,190.236,190.321,185.86,186.804,136076.0
2024-04-08,186.804,187.833,185.002,185.088,102587.0
2024-04-09,184.659,186.546,183.372,185.86,83042.0
2024-04-10,185.86,185.946,180.283,181.57,101411.0
2024-04-11,181.141,182.599,180.197,181.055,75237.0
2024-04-12,181.055,181.827,179.082,179.596,83058.0
2024-04-15,180.798,187.233,180.197,185.002,172782.0
2024-04-16,185.088,186.46,180.626,180.883,133333.0
2024-04-17,180.798,184.916,180.712,184.83,111472.0
2024-04-18,184.83,188.949,183.457,187.233,164298.0
2024-04-19,185.946,192.381,185.517,190.75,194059.0
2024-04-22,189.206,197.1,188.52,195.384,275828.0
2024-04-23,194.611,194.869,191.094,192.123,146388.0
2024-04-24,191.78,196.07,191.78,196.07,178064.0
2024-04-25,195.813,196.499,193.239,195.04,137257.0
2024-04-26,195.04,198.129,193.839,195.813,164378.0
2024-04-29,197.872,201.647,197.1,200.446,220083.0
2024-04-30,200.446,205.165,198.901,198.987,232075.0
2024-05-06,202.248,202.248,198.129,198.987,139696.0
2024-05-07,198.901,211.514,197.529,209.026,449038.0
2024-05-08,207.396,208.511,205.422,206.623,209580.0
2024-05-09,206.023,217.606,205.937,217.263,451856.0
2024-05-10,217.263,221.124,213.316,215.976,341382.0
2024-05-13,213.573,221.724,211.085,217.692,323880.0
2024-05-14,217.692,217.692,213.659,216.748,181437.0
2024-05-15,214.689,217.52,212.544,213.316,161682.0
2024-05-16,212.629,218.55,211.6,212.544,181916.0
2024-05-17,211.686,215.632,210.399,215.289,176611.0
2024-05-20,215.118,224.212,214.088,221.467,311009.0
2024-05-21,219.493,224.127,219.236,219.665,188752.0
2024-05-22,219.493,220.18,215.203,217.177,135999.0
2024-05-23,218.292,218.635,211.686,213.573,176804.0
2024-05-24,212.372,213.402,208.854,209.541,118456.0
2024-05-27,209.798,211.686,207.224,211.6,134684.0
2024-05-28,210.828,216.233,209.541,214.517,175330.0
2024-05-29,213.402,215.976,211.771,214.26,99483.0
2024-05-30,211.686,217.692,209.369,216.319,221026.0
2024-05-31,215.976,218.121,213.659,214.86,122960.0
2024-06-03,213.573,216.662,212.115,213.487,116836.0
2024-06-04,213.573,220.695,212.544,216.405,228811.0
2024-06-05,215.203,226.1,215.118,223.955,394509.0
2024-06-06,223.269,224.899,219.064,219.922,225441.0
2024-06-07,220.266,229.532,219.408,226.186,330881.0
2024-06-11,223.698,228.417,220.266,226.529,249677.0
2024-06-12,224.727,226.786,221.982,221.982,187064.0
2024-06-13,221.553,221.982,217.606,221.638,231774.0
2024-06-14,219.837,220.008,213.487,215.461,226513.0
2024-06-17,214.088,220.695,213.573,218.378,210161.0
2024-06-18,216.919,219.322,215.976,218.893,119689.0
2024-06-19,218.55,220.266,214.431,216.405,117078.0
2024-06-20,216.405,216.834,209.541,209.884,201870.0
2024-06-21,211.6,215.804,211.171,214.517,150141.0
2024-06-24,214.86,216.662,210.828,210.828,145072.0
2024-06-25,209.97,212.286,205.68,207.396,124003.0
2024-06-26,207.31,211.257,204.907,210.656,125258.0
2024-06-27,208.425,209.97,206.023,206.366,108077.0
2024-06-28,205.68,215.804,205.508,214.517,208662.0
2024-07-01,213.144,216.576,212.372,215.804,125851.0
2024-07-02,214.689,216.834,212.029,213.916,122256.0
2024-07-03,213.23,213.745,208.94,209.884,101007.0
2024-07-04,209.712,212.029,207.31,208.254,105763.0
2024-07-05,206.709,210.57,203.363,210.313,107610.0
2024-07-08,209.112,215.118,207.91,208.597,129192.0
2024-07-09,208.683,213.23,206.28,212.801,143086.0
2024-07-10,211.943,213.659,210.484,211.686,115367.0
2024-07-11,213.659,219.408,212.115,218.55,201025.0
2024-07-12,217.949,220.008,216.405,218.292,100097.0
2024-07-15,218.292,220.866,217.091,218.378,124325.0
2024-07-16,216.834,220.695,215.976,220.609,123403.0
2024-07-17,220.266,224.47,218.893,221.381,179765.0
2024-07-18,220.351,227.13,219.751,226.014,270068.0
2024-07-19,224.556,228.331,224.384,227.988,193698.0
2024-07-22,227.559,231.248,226.014,227.13,227563.0
2024-07-23,226.958,228.073,221.982,222.067,171993.0
2024-07-24,221.982,228.331,221.81,224.641,231639.0
2024-07-25,223.698,224.384,219.408,222.582,134634.0
2024-07-26,222.582,233.393,222.582,233.393,362456.0
2024-07-29,233.393,236.911,228.846,233.05,290484.0
2024-07-30,233.05,235.109,228.846,232.707,206715.0
2024-07-31,231.677,233.994,227.13,232.707,259099.0
2024-08-01,232.278,237.34,229.704,230.819,217005.0
2024-08-02,228.502,233.822,227.988,228.245,144348.0
2024-08-05,227.13,233.65,224.641,224.641,227114.0
2024-08-06,226.272,233.221,226.272,230.476,235979.0
2024-08-07,230.39,233.136,229.446,230.39,134315.0
2024-08-08,229.189,230.647,221.553,223.011,221084.0
2024-08-09,223.869,225.671,221.896,222.754,85243.0
2024-08-12,223.183,225.328,219.064,222.668,114311.0
2024-08-13,222.668,225.156,222.496,224.727,79609.0
2024-08-14,224.899,227.13,223.526,223.698,81732.0
2024-08-15,223.869,226.272,221.638,224.556,103187.0
2024-08-16,223.783,224.641,212.458,215.118,305254.0
2024-08-19,214.774,217.005,212.715,214.088,147105.0
2024-08-20,214.431,214.774,210.828,211.686,93672.0
2024-08-21,211.943,212.629,209.197,209.626,110504.0
2024-08-22,209.626,212.458,207.91,211.428,122714.0
2024-08-23,210.828,214.946,210.227,214.26,133371.0
2024-08-26,214.26,214.689,208.597,211.514,128732.0
2024-08-27,210.57,212.372,206.967,208.168,98668.0
2024-08-28,208.168,212.887,206.623,212.629,143349.0
2024-08-29,212.544,217.091,210.999,214.517,168141.0
2024-08-30,215.203,221.124,214.26,218.807,158822.0
2024-09-02,218.807,218.979,211.771,211.943,114737.0
2024-09-03,214.603,218.893,213.23,217.091,116755.0
2024-09-04,215.718,218.035,215.375,216.662,75905.0
2024-09-05,216.662,220.437,216.147,217.949,94027.0
2024-09-06,217.949,218.378,214.174,214.345,75285.0
2024-09-09,214.517,216.319,209.197,211.085,111024.0
2024-09-10,211.171,212.2,208.254,210.57,87007.0
2024-09-11,209.112,210.57,207.052,208.339,63911.0
2024-09-12,208.511,210.484,206.623,206.709,78983.0
2024-09-13,207.31,208.94,205.251,205.765,74591.0
2024-09-18,205.765,206.452,195.04,202.162,228167.0
2024-09-19,202.333,203.706,194.268,198.043,256021.0
2024-09-20,197.014,201.218,194.526,200.188,171194.0
2024-09-23,199.502,205.508,198.901,201.475,159198.0
2024-09-24,202.591,206.967,200.274,205.937,135827.0
2024-09-25,207.31,212.458,206.967,209.026,182703.0
2024-09-26,209.112,213.831,207.739,213.831,184649.0
2024-09-27,215.032,226.786,215.032,223.783,296310.0
2024-09-30,232.363,245.319,228.331,245.148,515794.0
2024-10-08,268.828,268.828,250.81,267.37,685396.0
2024-10-09,259.734,263.166,250.639,251.497,490289.0
2024-10-10,251.497,262.05,244.719,252.012,446302.0
2024-10-11,248.408,250.296,237.426,240.257,374249.0
2024-10-14,242.659,255.615,241.973,252.441,544508.0
2024-10-15,251.154,255.529,246.864,246.949,313426.0
2024-10-16,243.003,250.467,242.402,248.923,231977.0
2024-10-17,249.009,255.272,248.923,249.952,241866.0
2024-10-18,249.952,260.42,247.121,257.16,379538.0
2024-10-21,260.592,269.086,257.846,262.222,492900.0
2024-10-22,261.45,263.595,256.302,258.361,277673.0
2024-10-23,259.734,272.175,257.846,263.166,446871.0
2024-10-24,262.737,262.737,255.186,256.988,272294.0
2024-10-25,257.074,261.021,255.873,260.677,222432.0
2024-10-28,262.222,266.083,261.192,261.535,239976.0
2024-10-29,261.707,264.453,257.417,257.503,241141.0
2024-10-30,257.503,259.648,253.556,255.1,215332.0
2024-10-31,256.302,258.704,252.269,254.414,245799.0
2024-11-01,254.328,256.302,246.52,247.293,308260.0
2024-11-04,248.494,255.873,248.151,254.586,229538.0
2024-11-05,258.361,275.178,258.361,275.092,716088.0
2024-11-06,283.672,288.391,272.518,277.752,897523.0
2024-11-07,271.746,271.746,258.532,266.426,642733.0
2024-11-08,266.426,280.755,264.453,273.29,646433.0
2024-11-11,272.604,272.604,264.882,269.343,538362.0
2024-11-12,269.429,269.944,257.589,260.077,539522.0
2024-11-13,260.077,260.849,255.958,259.734,252098.0
2024-11-14,259.819,261.278,250.982,251.411,297072.0
2024-11-15,250.381,251.411,243.946,244.032,293867.0
2024-11-18,244.118,249.438,238.284,240.772,327264.0
2024-11-19,243.003,244.804,237.769,243.689,245928.0
2024-11-20,243.003,248.236,241.887,247.636,249932.0
2024-11-21,247.55,248.923,243.432,245.577,169284.0
2024-11-22,245.491,245.491,237.769,238.026,249830.0
2024-11-25,233.994,238.541,229.789,233.65,220426.0
2024-11-26,233.822,236.997,230.733,231.334,148943.0
2024-11-27,231.334,236.997,229.103,236.053,187422.0
2024-11-28,236.139,242.145,235.281,239.399,241062.0
2024-11-29,239.914,242.659,236.911,240.257,181567.0
2024-12-02,240.343,242.316,238.97,240.514,176184.0
2024-12-03,240.171,240.858,234.251,236.224,181913.0
2024-12-04,237.94,238.026,234.079,234.766,116319.0
2024-12-05,233.822,237.683,232.878,235.795,133035.0
2024-12-06,236.568,238.97,233.65,238.627,168118.0
2024-12-09,237.855,237.855,232.964,233.994,150534.0
2024-12-10,238.713,240.085,234.937,236.224,203527.0
2024-12-11,235.795,237.511,234.852,236.825,120852.0
2024-12-12,237.426,245.491,237.426,243.432,331125.0
2024-12-13,241.887,241.887,237.426,237.511,184452.0
2024-12-16,236.653,238.713,232.707,233.221,174395.0
2024-12-17,233.221,234.68,230.991,231.505,126257.0
2024-12-18,232.192,236.139,231.677,233.136,118130.0
2024-12-19,231.248,231.849,227.215,231.42,168861.0
2024-12-20,230.562,235.366,229.789,234.251,125204.0
2024-12-23,234.251,234.251,228.674,228.76,125906.0
2024-12-24,229.017,230.133,227.301,229.875,109519.0
2024-12-25,229.875,230.047,226.357,228.502,129668.0
2024-12-26,229.446,235.281,229.446,232.106,182641.0
2024-12-27,240.257,241.029,235.71,237.597,330970.0
2024-12-30,242.23,244.976,240.429,242.917,408636.0
2024-12-31,243.775,256.731,239.399,250.639,580449.0
2025-01-02,241.716,243.775,233.221,236.31,440243.0
2025-01-03,233.565,235.71,225.843,226.014,266968.0
2025-01-06,224.556,226.872,219.837,223.612,176967.0
2025-01-07,223.612,227.73,223.612,227.473,130192.0
2025-01-08,226.272,228.073,220.609,225.843,144047.0
2025-01-09,225.414,241.372,224.041,237.426,320338.0
2025-01-10,235.624,241.544,235.538,236.224,214932.0
2025-01-13,232.278,236.568,230.39,232.278,155071.0
2025-01-14,233.136,240.686,231.934,240.514,216710.0
2025-01-15,240.0,241.458,236.568,236.568,139684.0
2025-01-16,237.082,239.227,234.079,235.795,135180.0
2025-01-17,234.508,241.287,233.65,238.026,159003.0
2025-01-20,238.884,239.485,233.65,235.023,160883.0
2025-01-21,235.281,236.053,229.446,230.562,161195.0
2025-01-22,231.42,231.42,226.1,228.073,130757.0
2025-01-23,229.704,231.334,225.414,226.186,184108.0
2025-01-24,225.328,228.245,224.985,227.301,138141.0
2025-01-27,227.387,229.275,226.1,226.615,123630.0
2025-02-05,227.644,228.073,223.269,224.127,161053.0
2025-02-06,224.127,229.961,223.526,229.704,203157.0
2025-02-07,229.189,232.363,227.644,230.133,260541.0
2025-02-10,229.961,231.162,227.816,229.875,235659.0
2025-02-11,229.704,229.789,225.499,226.1,181563.0
2025-02-12,225.414,227.988,225.07,227.816,130119.0
2025-02-13,227.902,231.934,226.786,229.189,262961.0
2025-02-14,228.674,228.674,224.641,225.585,232959.0
2025-02-17,226.186,226.186,220.695,222.239,275011.0
2025-02-18,222.067,222.754,216.919,218.55,188995.0
2025-02-19,218.55,221.896,218.206,221.81,141222.0
2025-02-20,220.695,224.127,219.837,223.011,199544.0
2025-02-21,222.668,223.44,220.523,223.183,194905.0
2025-02-24,222.925,224.384,221.295,223.183,162718.0
2025-02-25,221.724,222.668,219.751,220.266,155306.0
2025-02-26,220.266,220.695,218.721,219.665,176445.0
2025-02-27,219.751,220.18,215.89,218.464,193019.0
2025-02-28,217.949,219.922,215.289,215.718,185972.0
2025-03-03,215.89,218.721,215.203,217.52,141071.0
2025-03-04,218.035,223.183,217.263,221.81,280501.0
2025-03-05,221.553,223.526,220.266,221.124,172230.0
2025-03-06,221.553,222.411,219.922,221.467,198847.0
2025-03-07,220.266,229.532,219.751,224.47,441854.0
2025-03-10,225.242,228.502,224.556,225.928,246323.0
2025-03-11,224.298,231.42,223.698,231.334,367553.0
2025-03-12,231.849,233.479,228.073,228.502,280717.0
2025-03-13,228.245,229.618,225.156,227.215,218867.0
2025-03-14,227.13,229.275,224.813,228.76,238845.0
2025-03-17,228.846,230.562,227.473,227.644,164422.0
2025-03-18,227.559,228.159,225.07,225.414,159941.0
2025-03-19,225.07,225.928,223.612,224.212,129808.0
2025-03-20,224.556,236.739,223.44,229.961,525943.0
2025-03-21,229.017,233.136,226.443,228.331,301656.0
2025-03-24,226.958,229.618,216.49,220.18,416694.0
2025-03-25,220.008,223.183,219.408,220.18,190963.0
2025-03-26,220.18,221.638,218.55,219.408,135270.0
2025-03-27,219.322,220.094,216.49,218.55,134787.0
2025-03-28,218.121,219.408,216.576,217.005,119576.0
2025-03-31,215.976,216.49,209.798,211.257,236034.0
2025-04-01,212.973,218.893,212.973,216.576,254782.0
2025-04-02,215.461,215.547,209.798,209.97,340647.0
2025-04-03,207.91,210.484,207.739,208.683,162740.0
2025-04-07,200.274,205.68,189.034,194.526,448650.0
2025-04-08,196.07,201.132,195.555,201.046,282091.0
2025-04-09,198.901,210.313,198.387,208.683,408438.0
2025-04-10,208.082,210.484,205.851,208.768,310052.0
2025-04-11,207.396,210.484,206.538,208.339,238318.0
2025-04-14,209.112,212.887,208.339,209.884,199561.0
2025-04-15,209.455,209.455,206.709,207.396,134582.0
2025-04-16,214.86,215.375,207.224,209.112,263650.0
2025-04-17,207.481,213.745,207.31,210.999,266808.0
2025-04-18,210.828,212.286,209.541,210.828,157562.0
2025-04-21,211.857,217.434,211.257,213.831,318670.0
2025-04-22,213.402,214.86,211.514,212.544,201164.0
2025-04-23,211.857,212.458,209.455,209.97,189926.0
2025-04-24,210.055,210.57,207.138,208.082,143420.0
2025-04-25,208.94,209.026,207.224,208.168,112895.0
2025-04-28,208.082,208.683,206.023,206.28,99186.0
2025-04-29,205.68,206.28,203.277,206.194,118276.0
2025-04-30,207.396,208.168,206.366,207.567,123969.0
2025-05-06,208.339,210.484,207.91,209.712,181846.0
2025-05-07,212.715,223.183,212.715,217.949,693032.0
2025-05-08,217.52,223.354,214.431,221.724,579201.0
2025-05-09,221.724,221.81,215.976,216.319,388623.0
2025-05-12,218.206,232.278,216.405,228.245,966700.0
2025-05-13,228.846,228.846,222.067,223.612,502481.0
2025-05-14,223.783,224.985,220.437,221.209,284644.0
2025-05-15,221.295,222.84,217.692,217.777,240947.0
2025-05-16,219.493,225.156,219.408,219.837,326655.0
2025-05-19,222.411,227.73,221.381,223.955,445616.0
2025-05-20,222.84,222.84,219.064,221.638,282200.0
2025-05-21,220.523,223.526,219.579,223.097,188000.0
2025-05-22,221.638,225.585,220.523,221.295,234922.0
2025-05-23,220.094,221.724,218.292,218.378,168941.0
2025-05-26,218.292,219.837,217.777,219.408,102185.0
2025-05-27,219.493,219.751,215.547,216.919,149618.0
2025-05-28,216.919,222.496,216.405,218.206,180424.0
2025-05-29,218.55,223.612,217.348,223.526,303605.0
2025-05-30,222.668,224.813,221.381,222.925,233309.0
2025-06-03,223.44,226.1,221.982,222.84,245155.0
2025-06-04,222.411,223.183,221.209,221.209,166600.0
2025-06-05,221.553,221.81,219.064,220.008,218903.0
2025-06-06,221.124,224.127,219.837,220.18,217236.0
2025-06-09,222.668,233.822,222.668,230.304,770588.0
2025-06-10,228.417,231.076,224.556,226.443,316682.0
2025-06-11,226.872,228.674,225.585,227.559,188349.0
2025-06-12,227.73,228.931,225.928,227.13,187580.0
2025-06-13,230.562,232.363,226.615,230.905,487596.0
2025-06-16,230.562,230.647,227.559,229.189,250915.0
2025-06-17,228.417,229.532,225.671,227.559,228602.0
2025-06-18,227.816,230.133,227.044,228.417,254199.0
2025-06-19,227.13,227.13,223.183,225.242,243382.0
2025-06-20,223.955,224.47,220.351,220.952,194570.0
2025-06-23,221.982,223.526,220.094,223.011,194981.0
2025-06-24,218.721,224.556,218.721,223.869,267849.0
2025-06-25,223.869,236.224,223.612,235.109,773001.0
2025-06-26,235.109,240.772,234.165,235.452,543575.0
2025-06-27,237.082,240.514,235.71,238.541,372265.0
2025-06-30,238.97,246.091,238.97,243.946,565942.0
2025-07-01,243.689,247.293,239.914,245.92,507818.0
2025-07-02,244.204,244.719,239.227,239.742,332319.0
2025-07-03,239.742,242.574,239.056,240.429,229209.0
2025-07-04,240.171,243.689,239.399,242.145,277481.0
2025-07-07,242.145,247.636,241.201,243.603,301995.0
2025-07-08,242.402,243.517,241.63,243.174,209439.0
2025-07-09,243.689,246.949,242.145,242.659,271611.0
2025-07-10,241.458,241.716,237.769,240.772,256163.0
2025-07-11,240.6,245.319,240.343,244.976,268248.0
2025-07-14,244.461,245.748,243.174,243.689,163094.0
2025-07-15,244.032,246.778,242.917,245.319,190724.0
2025-07-16,244.461,244.976,241.544,242.23,177969.0
2025-07-17,242.23,256.988,242.059,255.701,673472.0
2025-07-18,254.586,263.08,253.728,261.106,643987.0
2025-07-21,259.734,263.166,258.447,259.991,318581.0
2025-07-22,259.133,263.509,256.13,258.189,320711.0
2025-07-23,257.674,257.674,252.87,253.642,296270.0
2025-07-24,253.813,260.763,252.87,256.731,332654.0
2025-07-25,257.16,257.503,254.414,254.929,209535.0
2025-07-28,254.929,259.734,254.929,256.902,285221.0
2025-07-29,256.988,262.994,255.015,262.908,402353.0
2025-07-30,262.908,263.766,254.586,256.044,363505.0
2025-07-31,255.358,257.76,252.183,253.899,283326.0
2025-08-01,253.813,253.899,247.55,247.893,286250.0
2025-08-04,247.893,255.015,247.293,253.985,281290.0
2025-08-05,255.615,263.852,253.041,257.245,412436.0
2025-08-06,258.275,266.769,256.731,262.308,571890.0
2025-08-07,262.479,262.565,254.757,256.473,446032.0
2025-08-08,256.473,258.018,255.186,256.13,247977.0
2025-08-11,256.302,259.476,255.444,256.645,270766.0
2025-08-12,255.615,255.615,248.751,251.754,389671.0
2025-08-13,251.754,254.071,250.381,251.84,276373.0
2025-08-14,251.926,252.097,246.177,247.378,355411.0
2025-08-15,246.778,248.236,245.319,247.979,252153.0
2025-08-18,247.979,251.239,247.378,249.609,342938.0
2025-08-19,249.609,250.639,247.207,249.781,281966.0
2025-08-20,248.751,252.955,247.636,251.325,336784.0
2025-08-21,251.583,259.133,251.411,254.757,482355.0
2025-08-22,254.929,258.704,251.583,258.447,466414.0
2025-08-25,260.334,262.136,257.16,260.248,575286.0
2025-08-26,260.077,260.077,255.701,257.417,343791.0
2025-08-27,257.245,258.704,250.038,250.381,440914.0
2025-08-28,249.867,253.47,244.204,253.213,415429.0
2025-08-29,253.47,259.047,252.097,257.16,643825.0
2025-09-01,257.76,261.45,249.781,257.76,672655.0
2025-09-02,257.932,258.018,249.18,255.444,467647.0
2025-09-03,256.302,256.302,230.819,231.248,908044.0
2025-09-04,230.733,231.162,221.295,224.985,610733.0
2025-09-05,224.556,226.958,222.496,226.014,335062.0
2025-09-08,226.1,226.701,222.496,223.869,324083.0
2025-09-09,223.698,224.985,221.124,221.209,277456.0
2025-09-10,222.84,224.727,221.982,222.411,229532.0
2025-09-11,222.325,225.328,220.866,225.156,283949.0
2025-09-12,225.07,227.215,223.955,224.47,279554.0
2025-09-15,224.47,226.529,222.582,223.097,230785.0
2025-09-16,223.354,223.44,219.837,222.411,226931.0
2025-09-17,222.067,222.84,220.266,221.295,227952.0
2025-09-18,221.381,224.212,219.15,220.094,353456.0
2025-09-19,220.351,226.529,220.351,224.212,413066.0
2025-09-22,224.556,224.556,220.866,222.925,219046.0
2025-09-23,224.47,225.242,218.378,220.952,232047.0
2025-09-24,219.837,223.44,219.408,223.354,209312.0
2025-09-25,222.668,222.925,219.837,221.81,233530.0
2025-09-26,221.724,229.618,221.295,226.701,447448.0
2025-09-29,226.872,229.446,223.354,229.017,351217.0
2025-09-30,229.789,243.003,228.846,239.914,687035.0
2025-10-09,237.855,241.029,231.934,239.914,496528.0
2025-10-10,238.627,241.801,236.997,237.34,305659.0
2025-10-13,232.878,239.485,231.763,238.284,296178.0
2025-10-14,239.656,242.745,235.795,236.31,319753.0
2025-10-15,236.568,238.026,233.307,236.31,220971.0
2025-10-16,236.911,239.485,233.908,234.594,214381.0
2025-10-17,232.964,235.281,227.902,228.331,258250.0
2025-10-20,229.275,231.248,225.156,226.872,218823.0
2025-10-21,227.13,231.162,227.13,228.76,175567.0
2025-10-22,227.988,232.192,226.701,228.417,179679.0
2025-10-23,228.674,229.875,225.671,229.446,155092.0
2025-10-24,229.875,234.079,229.875,231.934,227455.0
2025-10-27,232.02,232.878,230.39,231.677,186010.0
2025-10-28,231.677,234.852,229.275,233.393,266017.0
2025-10-29,232.878,232.878,231.162,232.449,174400.0
2025-10-30,232.535,232.535,229.275,229.961,189180.0
2025-10-31,229.532,230.476,228.588,229.618,160053.0
2025-11-03,228.931,230.218,226.872,230.133,147445.0
2025-11-04,229.446,229.789,224.899,225.843,180370.0
2025-11-05,224.727,225.928,223.783,225.328,133651.0
2025-11-06,224.813,229.446,224.556,227.902,189003.0
2025-11-07,226.701,227.473,225.585,226.701,107517.0
2025-11-10,226.529,228.331,225.07,227.559,123023.0
2025-11-11,228.245,228.588,225.585,226.357,125769.0
2025-11-12,225.928,226.014,223.011,224.727,153259.0
2025-11-13,224.041,224.899,223.44,224.899,95401.0
2025-11-14,224.298,226.272,223.354,223.955,144207.0
2025-11-17,228.159,228.502,224.556,225.07,230282.0
2025-11-18,224.899,224.899,222.153,222.925,147305.0
2025-11-19,222.582,227.13,222.239,224.727,191747.0
2025-11-20,223.869,224.384,220.437,221.209,169623.0
2025-11-21,220.008,222.325,215.632,218.55,222056.0
2025-11-24,218.55,224.813,218.206,224.47,234013.0
2025-11-25,222.325,223.269,221.553,222.325,188174.0
2025-11-26,221.896,221.896,217.52,218.206,213281.0
2025-11-27,217.692,218.035,216.319,217.005,153232.0
2025-11-28,217.005,217.434,215.89,217.263,122757.0
2025-12-01,217.692,218.635,217.091,217.692,141759.0
2025-12-02,217.263,217.348,215.89,216.147,113590.0
2025-12-03,215.976,216.147,213.487,214.088,166966.0
2025-12-04,213.058,214.946,212.715,212.887,140773.0
2025-12-05,212.887,215.718,211.428,215.032,149661.0
2025-12-08,215.289,218.206,215.289,216.147,213597.0
2025-12-09,215.289,216.061,213.316,213.487,133227.0
2025-12-10,213.402,215.203,212.2,215.032,120130.0
2025-12-11,215.203,218.121,213.916,213.916,197431.0
2025-12-12,213.831,216.233,213.144,216.233,172158.0
2025-12-15,215.632,220.952,215.289,219.236,338167.0
2025-12-16,218.721,218.721,213.573,215.632,223929.0
2025-12-17,215.547,219.493,214.174,217.177,197812.0
2025-12-18,215.718,221.896,215.375,218.893,258927.0
2025-12-19,218.721,223.011,218.378,222.067,336632.0
2025-12-22,222.582,223.44,220.266,220.866,226282.0
2025-12-23,220.952,221.638,217.52,218.035,201191.0
2025-12-24,217.692,222.84,216.919,222.496,271413.0
2025-12-25,220.952,228.846,220.952,226.1,454697.0
2025-12-26,225.585,226.701,223.011,225.07,268743.0
2025-12-29,225.156,228.502,223.783,226.443,299378.0
2025-12-30,226.443,227.473,223.354,224.212,265423.0
2025-12-31,224.47,228.159,223.955,227.13,316801.0
2026-01-05,229.875,233.221,227.13,231.505,479640.0
2026-01-06,230.733,253.728,230.133,253.728,1232493.0
2026-01-07,254.586,260.248,249.609,251.497,1238705.0
2026-01-08,250.381,267.198,248.751,265.053,1284073.0
2026-01-09,266.769,273.462,262.05,266.512,1247774.0
2026-01-12,268.142,276.379,268.142,271.746,1000991.0
2026-01-13,268.485,268.485,253.985,254.671,1022433.0
2026-01-14,253.556,258.961,247.979,249.867,753449.0
2026-01-15,248.322,261.021,247.893,256.473,738415.0
2026-01-16,257.331,257.503,250.553,251.154,470416.0
2026-01-19,250.124,271.145,249.18,268.399,1010695.0
2026-01-20,266.941,274.062,263.423,266.941,614732.0
2026-01-21,267.284,275.349,266.769,270.544,738153.0
2026-01-22,271.917,283.586,271.746,275.95,769794.0
2026-01-23,276.379,276.894,268.056,269.601,605936.0
2026-01-26,272.604,273.118,259.476,260.334,614314.0
2026-01-27,259.39,272.432,258.189,268.056,641724.0
2026-01-28,268.571,273.29,264.109,265.225,525796.0
2026-01-29,264.024,269.257,258.018,258.275,572821.0
2026-01-30,257.674,260.592,250.124,251.754,447930.0
2026-02-02,251.325,256.044,249.523,250.81,399194.0
2026-02-03,253.384,261.45,252.183,259.648,456440.0
2026-02-04,259.133,275.349,258.103,271.402,741151.0
2026-02-05,270.888,275.349,266.683,267.456,433785.0
2026-02-06,266.34,268.485,257.932,259.562,421109.0
2026-02-09,262.565,263.595,258.704,260.506,333571.0
2026-02-10,261.535,271.66,257.932,267.027,531361.0
2026-02-11,265.825,267.284,261.278,261.621,333886.0
2026-02-12,261.535,270.287,259.905,267.284,391156.0
2026-02-13,266.083,273.376,265.482,270.03,584095.0
2026-02-24,271.488,273.976,268.142,270.888,496083.0
2026-02-25,270.716,273.462,266.598,271.059,432918.0
2026-02-26,270.287,278.438,266.855,275.435,616364.0
2026-02-27,274.663,280.068,271.059,273.891,515900.0
2026-03-02,276.722,279.553,270.459,277.666,814668.0
2026-03-03,275.692,275.778,255.186,255.787,802342.0
2026-03-04,251.84,263.766,251.583,259.819,400865.0
2026-03-05,260.077,262.222,255.444,258.189,353784.0
2026-03-06,258.618,271.831,257.589,265.053,592769.0
2026-03-09,260.592,260.935,252.269,256.13,455210.0
2026-03-10,257.76,262.393,256.473,258.361,307668.0
2026-03-11,258.79,259.734,250.725,251.325,436917.0
2026-03-12,251.239,251.325,241.029,243.689,481294.0
2026-03-13,241.115,244.118,238.455,240.0,276490.0
2026-03-16,240.171,241.887,237.168,240.343,248572.0
2026-03-17,241.029,241.801,236.224,236.653,217821.0
2026-03-18,237.168,238.627,234.766,238.198,185211.0
2026-03-19,234.852,235.366,229.017,230.39,284950.0
2026-03-20,231.934,232.278,226.701,228.331,229390.0
2026-03-23,224.556,226.272,217.348,218.979,364489.0
2026-03-24,221.724,223.011,217.52,220.695,250933.0
2026-03-25,220.695,225.843,220.695,225.414,278284.0
2026-03-26,224.641,224.641,219.579,220.351,224297.0
2026-03-27,217.263,225.414,216.834,224.127,179790.0
2026-03-30,221.295,225.757,220.695,224.727,216043.0
2026-03-31,224.556,227.387,220.437,220.952,264391.0
2026-04-01,223.698,224.384,220.266,221.381,197121.0
2026-04-02,221.209,222.84,217.692,218.464,174017.0
2026-04-03,218.464,219.579,214.002,215.461,179441.0
2026-04-07,215.461,216.662,212.887,213.745,169642.0
2026-04-08,219.408,220.866,217.177,220.695,243493.0
2026-04-09,218.721,218.807,215.547,215.804,228915.0
2026-04-10,216.662,220.351,216.662,218.807,226382.0
2026-04-13,218.378,225.585,217.434,222.582,300590.0
2026-04-14,222.582,223.612,221.295,222.754,221193.0
2026-04-15,225.585,225.671,220.523,221.038,260775.0
2026-04-16,221.295,222.84,219.665,221.467,200558.0
2026-04-17,221.038,221.724,218.035,221.038,190379.0
2026-04-20,221.038,222.496,218.893,222.067,324662.0
2026-04-21,221.724,222.067,217.606,218.378,332058.0
2026-04-22,217.348,217.434,216.147,217.005,226066.0
2026-04-23,217.005,223.783,215.461,217.692,364916.0
2026-04-24,216.662,217.005,213.316,213.402,299061.0
2026-04-27,213.487,214.174,211.6,213.144,182755.0
2026-04-28,212.715,213.23,211.085,211.085,220396.0
2026-04-29,208.94,211.342,206.023,210.999,238509.0
2026-04-30,210.57,212.801,210.313,210.999,214285.0
2026-05-06,214.088,214.088,210.399,211.085,380431.0
2026-05-07,210.999,211.514,208.768,210.656,295070.0
2026-05-08,210.913,219.579,210.313,219.15,729463.0
2026-05-11,221.724,225.414,219.579,221.81,740250.0
2026-05-12,223.44,230.647,220.266,228.588,1041082.0
2026-05-13,226.701,228.159,223.269,226.1,591690.0
2026-05-14,226.1,226.615,217.005,217.263,548960.0
2026-05-15,216.576,217.005,211.857,212.458,415795.0
2026-05-18,211.686,213.402,207.481,208.425,372372.0
2026-05-19,207.996,210.57,206.967,210.313,268315.0
2026-05-20,208.597,209.026,205.079,205.851,305327.0
2026-05-21,206.538,207.567,200.274,200.875,343485.0
2026-05-22,200.532,202.076,195.641,195.984,401516.0
2026-05-25,195.469,196.928,193.925,196.413,275979.0
2026-05-26,195.469,200.961,192.638,200.875,378193.0
2026-05-27,198.987,199.845,195.641,195.898,239940.0
2026-05-28,194.783,197.614,193.753,195.469,177252.0
2026-05-29,195.469,197.443,193.668,195.984,215747.0
2026-06-01,196.842,198.901,195.641,198.472,162259.0
2026-06-02,198.472,200.188,194.783,199.33,233348.0
2026-06-03,198.644,198.987,196.156,197.185,177390.0
2026-06-04,196.756,196.756,189.549,190.407,321501.0
2026-06-05,189.807,191.78,189.378,189.807,210263.0
2026-06-08,186.117,189.12,182.085,183.114,304898.0
2026-06-09,183.972,185.173,180.712,182.256,201634.0
2026-06-10,180.969,185.86,180.111,181.141,220074.0
2026-06-11,179.425,189.378,177.88,187.662,421275.0
2026-06-12,205.508,205.508,205.508,205.508,278592.0
2026-06-15,192.981,196.499,191.78,194.955,687455.0
2026-06-16,192.895,197.014,190.321,190.665,425251.0
2026-06-17,188.605,192.724,186.718,192.037,344688.0
2026-06-18,190.236,190.665,185.345,186.031,321078.0
2026-06-22,184.487,190.836,183.886,190.75,308550.0
2026-06-23,191.866,191.866,185.345,186.031,274576.0
2026-06-24,185.259,185.86,182.685,183.028,219043.0
2026-06-25,182.085,184.487,181.398,182.342,218455.0
2026-06-26,181.827,183.286,178.567,181.484,282378.0
2026-06-29,181.827,186.117,178.653,183.715,268447.0
2026-06-30,183.629,186.632,183.286,186.375,269735.0
2026-07-01,184.744,190.15,184.573,188.176,319692.0
2026-07-02,186.718,189.034,184.916,185.002,223173.0
2026-07-03,185.259,191.694,185.088,190.75,331980.0
2026-07-06,189.807,191.523,186.632,187.318,227076.0
2026-07-07,187.318,188.091,183.457,183.801,190006.0
2026-07-08,183.801,184.659,181.827,181.827,154028.0
2026-07-09,181.57,183.457,179.082,183.028,186355.0
2026-07-10,182.342,190.236,180.54,186.46,378007.0
2026-07-13,184.659,184.744,178.224,178.224,335300.0
2026-07-14,177.537,178.653,175.392,178.481,192506.0
2026-07-15,177.795,181.741,177.366,180.798,168237.0
2026-07-16,180.197,182.085,179.425,181.398,146534.0
2026-07-17,181.227,182.599,178.653,180.283,223973.0
2026-07-20,181.656,185.946,181.398,185.688,330711.0
2026-07-21,185.602,190.064,184.83,185.602,302742.0
2026-07-22,185.602,187.147,183.715,186.289,191210.0
2026-07-23,186.289,189.12,185.173,189.034,214677.0
2026-07-24,187.833,191.694,184.83,184.916,279260.0
2026-07-27,183.972,189.034,182.342,188.691,211230.0
2026-07-28,187.061,189.034,185.688,188.52,177970.0
2026-07-29,188.262,191.608,187.833,190.665,223445.0
2026-07-30,189.549,191.952,189.206,190.493,187816.0
2026-07-31,189.807,192.123,188.949,191.78,249154.0
2026-08-03,191.437,194.182,190.236,193.839,237266.0
2026-08-04,193.925,194.268,190.493,191.094,231792.0
2026-08-05,190.493,191.179,188.605,189.635,215815.0
2026-08-06,189.807,190.407,187.147,189.378,201249.0
2026-08-07,188.52,189.378,187.318,188.605,166392.0
2026-08-10,188.52,196.327,187.833,195.469,376683.0
2026-08-11,193.41,193.668,190.922,190.922,240524.0
2026-08-12,190.407,191.351,190.15,190.836,122075.0
2026-08-13,192.037,192.981,189.549,189.892,193822.0
2026-08-14,189.807,199.416,189.463,194.526,494677.0
2026-08-17,194.611,197.014,193.067,195.984,234855.0
2026-08-18,195.898,196.07,192.724,195.126,183580.0
2026-08-19,195.126,195.984,189.12,189.378,228193.0
2026-08-20,189.721,192.123,189.463,190.321,127468.0
2026-08-21,189.463,191.437,188.434,190.493,115832.0
2026-08-24,190.236,196.413,188.949,193.925,246700.0
2026-08-25,188.262,189.978,185.002,186.203,344756.0
2026-08-26,185.259,191.008,184.916,188.434,276570.0
2026-08-27,187.833,193.239,187.404,192.552,261988.0
2026-08-28,194.268,198.558,191.866,197.014,382473.0
2026-08-31,198.215,200.875,195.469,199.073,271545.0
2026-09-01,198.558,207.653,197.7,204.736,497965.0
2026-09-02,204.907,213.659,204.907,208.168,710109.0
2026-09-03,210.484,211.342,206.795,208.339,367964.0
2026-09-04,208.082,215.461,207.653,214.002,534579.0
2026-09-07,212.115,213.402,207.224,210.399,387896.0
2026-09-08,210.656,214.26,209.541,212.715,236585.0
2026-09-09,211.514,219.665,211.171,216.147,395807.0
2026-09-10,214.603,216.919,212.2,212.286,292768.0
2026-09-11,210.484,213.144,208.425,212.629,285291.0
2026-09-14,212.286,212.286,204.049,204.736,324160.0
2026-09-15,205.765,205.765,201.132,201.99,186683.0
2026-09-16,201.561,203.363,198.987,202.419,207672.0
2026-09-17,202.419,205.251,201.046,201.304,150579.0
2026-09-18,202.076,205.68,201.132,202.419,173474.0
2026-09-21,202.419,209.97,201.819,207.224,219034.0
2026-09-22,208.425,209.712,204.135,206.623,196204.0
2026-09-23,207.138,207.653,203.449,205.508,154136.0
2026-09-24,204.822,206.023,199.931,200.274,180651.0
2026-09-28,201.132,208.425,199.588,207.31,421774.0
2026-09-29,207.396,207.481,199.759,203.706,286231.0
