date,open,high,low,close,volume
2016-01-04,64.45,64.45,58.45,58.81,114880.0
2016-01-05,55.85,60.66,55.85,59.4,166704.0
2016-01-06,59.55,60.83,59.42,60.47,98824.0
2016-01-07,59.05,59.52,55.05,55.46,41293.0
2016-01-08,58.05,60.73,56.75,59.48,203567.0
2016-01-11,58.04,61.04,57.25,57.93,200493.0
2016-01-12,58.8,60.23,58.0,59.87,153174.0
2016-01-13,60.53,61.35,57.41,57.41,148988.0
2016-01-14,56.55,60.03,56.35,59.95,146238.0
2016-01-15,59.06,59.85,57.07,58.1,109584.0
2016-01-18,57.06,58.65,56.57,57.73,105704.0
2016-01-19,57.55,59.15,57.03,58.92,137399.0
2016-01-20,59.05,59.75,57.15,57.79,113692.0
2016-01-21,57.15,58.35,56.05,56.07,115329.0
2016-01-22,56.25,56.9,53.45,55.21,123017.0
2016-01-25,55.75,56.05,54.3,55.05,89777.0
2016-01-26,54.22,54.94,49.55,50.02,151616.0
2016-01-27,50.53,50.73,45.06,48.23,132860.0
2016-01-28,47.05,48.25,45.12,45.35,94022.0
2016-01-29,45.25,48.45,45.25,47.64,105753.0
2016-02-01,47.9,49.63,47.35,48.65,116492.0
2016-02-02,48.66,50.84,48.65,50.51,105173.0
2016-02-03,50.44,50.73,49.78,50.46,66779.0
2016-02-04,51.05,52.35,50.76,51.26,71640.0
2016-02-05,51.55,51.95,50.06,50.12,65890.0
2016-02-15,48.24,50.52,47.95,50.05,52054.0
2016-02-16,50.3,52.68,50.3,52.13,80021.0
2016-02-17,52.25,55.03,52.25,53.86,129986.0
2016-02-18,54.66,54.81,53.15,53.3,67409.0
2016-02-19,53.95,55.3,53.55,54.34,93274.0
2016-02-22,55.25,55.55,54.06,54.56,109220.0
2016-02-23,54.81,55.76,54.1,54.75,99202.0
2016-02-24,54.28,55.3,53.07,55.07,99757.0
2016-02-25,56.08,56.7,51.2,51.85,213720.0
2016-02-26,52.86,53.14,51.27,52.4,88412.0
2016-02-29,53.15,53.35,49.05,50.56,124177.0
2016-03-01,50.59,51.93,50.13,51.59,80229.0
2016-03-02,51.14,54.26,51.14,53.95,118288.0
2016-03-03,54.05,54.97,53.6,53.63,97766.0
2016-03-04,53.46,55.05,52.8,53.75,115790.0
2016-03-07,54.58,55.04,53.67,54.0,68695.0
2016-03-08,54.05,54.05,51.6,53.16,77846.0
2016-03-09,52.17,52.75,51.85,52.05,56794.0
2016-03-10,52.05,52.5,51.3,51.55,52084.0
2016-03-11,51.45,52.15,50.67,51.31,40147.0
2016-03-14,52.15,54.05,51.67,53.38,97799.0
2016-03-15,53.25,55.54,53.25,54.49,161424.0
2016-03-16,54.67,54.8,52.95,53.05,86341.0
2016-03-17,53.73,55.35,53.33,55.11,143350.0
2016-03-18,55.11,57.44,55.11,57.0,150854.0
2016-03-21,57.71,57.91,56.07,57.08,142481.0
2016-03-22,56.95,58.25,56.15,57.76,132023.0
2016-03-23,57.25,58.03,56.73,57.35,82493.0
2016-03-24,56.95,58.44,56.15,56.53,91007.0
2016-03-25,56.53,57.66,56.15,57.01,81350.0
2016-03-28,57.62,59.91,57.25,58.1,140569.0
2016-03-29,58.35,59.43,56.91,56.92,145902.0
2016-03-30,57.2,58.97,57.2,58.85,104241.0
2016-03-31,58.88,59.82,58.43,58.86,101934.0
2016-04-01,58.84,58.85,57.31,58.35,58376.0
2016-04-05,59.23,60.28,58.58,59.02,143295.0
2016-04-06,58.59,59.0,57.95,58.4,96696.0
2016-04-07,58.53,58.71,56.74,57.1,88805.0
2016-04-08,56.65,58.0,56.62,57.75,71666.0
2016-04-11,57.75,58.88,57.46,57.88,84675.0
2016-04-12,57.8,58.45,56.85,57.95,89768.0
2016-04-13,58.65,59.38,58.48,58.64,119290.0
2016-04-14,58.85,59.13,58.38,58.8,65735.0
2016-04-15,58.64,58.94,57.65,58.29,65158.0
2016-04-18,58.32,60.23,57.71,60.07,125881.0
2016-04-19,59.81,65.55,59.71,62.49,228641.0
2016-04-20,62.05,62.36,58.1,60.26,171497.0
2016-04-21,60.06,63.85,59.82,62.18,154117.0
2016-04-22,61.32,63.04,60.72,61.95,88989.0
2016-04-25,61.96,62.05,60.05,60.8,88199.0
2016-04-26,60.55,63.01,60.55,62.08,72850.0
2016-04-27,62.55,63.34,62.08,62.38,91475.0
2016-04-28,62.62,62.84,60.56,61.94,76025.0
2016-04-29,62.25,64.66,62.25,63.76,161383.0
2016-05-03,63.85,64.37,62.82,64.35,135670.0
2016-05-04,63.98,64.74,63.42,63.6,96593.0
2016-05-05,63.56,63.6,62.65,63.52,71386.0
2016-05-06,63.06,63.52,61.05,61.25,102812.0
2016-05-09,60.16,60.85,58.3,59.05,101203.0
2016-05-10,59.05,59.54,58.48,58.75,56623.0
2016-05-11,59.05,59.43,57.87,58.36,69451.0
2016-05-12,58.08,60.02,57.46,59.56,82474.0
2016-05-13,59.51,60.43,58.9,59.22,58160.0
2016-05-16,59.38,60.63,59.08,60.61,65887.0
2016-05-17,60.61,61.05,59.71,60.39,54326.0
2016-05-18,59.84,59.84,58.16,58.61,58725.0
2016-05-19,58.97,59.53,58.49,58.62,37542.0
2016-05-20,58.35,59.22,58.04,59.15,36587.0
2016-05-23,59.25,60.26,59.25,59.48,51618.0
2016-05-24,59.6,60.21,59.08,59.28,62206.0
2016-05-25,59.81,60.05,59.06,59.17,42040.0
2016-05-26,59.44,59.77,57.65,58.82,57422.0
2016-05-27,58.65,58.74,57.65,57.84,59010.0
2016-05-30,57.86,58.41,57.43,57.97,42734.0
2016-05-31,58.0,60.0,58.0,59.85,87393.0
2016-06-01,59.94,60.25,59.61,59.79,69499.0
2016-06-02,59.89,60.18,59.05,59.97,49215.0
2016-06-03,60.03,60.49,59.99,60.05,62744.0
2016-06-06,60.5,60.97,59.83,60.2,58724.0
2016-06-07,60.31,62.03,60.06,61.31,89950.0
2016-06-08,61.32,61.43,60.05,60.4,66884.0
2016-06-13,59.58,60.05,57.48,57.49,106828.0
2016-06-14,57.11,57.91,56.87,57.11,56651.0
2016-06-15,56.57,59.94,56.57,59.19,112730.0
2016-06-16,58.78,61.03,58.12,59.47,102583.0
2016-06-17,59.53,60.39,58.9,59.26,67172.0
2016-06-20,59.56,60.21,59.33,59.65,44497.0
2016-06-21,60.0,60.65,59.26,59.44,98047.0
2016-06-22,60.47,61.85,60.2,60.97,133208.0
2016-06-23,60.41,61.04,59.82,60.08,65656.0
2016-06-24,60.04,60.54,57.35,59.16,82357.0
2016-06-27,59.05,59.99,58.91,59.72,47690.0
2016-06-28,59.35,60.45,58.92,60.35,70130.0
2016-06-29,60.09,60.55,59.81,60.45,67588.0
2016-06-30,60.5,61.53,60.08,61.06,87859.0
2016-07-01,61.03,62.1,60.51,61.44,91117.0
2016-07-04,61.3,61.98,60.67,61.5,82442.0
2016-07-05,61.45,61.61,60.26,60.85,91866.0
2016-07-06,60.82,61.25,60.43,60.87,49594.0
2016-07-07,60.85,62.58,60.65,61.98,123337.0
2016-07-08,62.22,63.14,61.88,62.24,91199.0
2016-07-11,62.64,62.96,61.2,61.28,68910.0
2016-07-12,61.03,61.52,60.23,61.12,88768.0
2016-07-13,61.05,61.17,60.5,60.98,89922.0
2016-07-14,60.78,61.41,60.52,61.25,70836.0
2016-07-15,61.74,64.23,61.51,63.04,191155.0
2016-07-18,63.4,63.93,62.51,62.7,98431.0
2016-07-19,62.81,63.01,62.23,62.85,51609.0
2016-07-20,62.86,63.35,62.55,62.55,54593.0
2016-07-21,62.7,62.9,61.86,61.99,66111.0
2016-07-22,62.7,62.85,61.05,61.55,76550.0
2016-07-25,61.55,62.03,60.36,60.57,76704.0
2016-07-26,60.95,61.4,60.64,61.22,53647.0
2016-07-27,61.19,61.19,58.58,59.43,100834.0
2016-07-28,59.55,60.37,59.06,59.8,52083.0
2016-07-29,59.8,60.3,59.24,59.4,37382.0
2016-08-01,59.41,59.82,58.75,58.95,34770.0
2016-08-02,58.65,59.14,58.6,59.01,38069.0
2016-08-03,59.01,59.13,58.69,58.89,26517.0
2016-08-04,58.92,59.22,58.75,59.13,31541.0
2016-08-05,59.14,59.55,58.77,58.82,42907.0
2016-08-08,58.88,59.03,58.12,58.96,38192.0
2016-08-09,59.0,59.24,58.6,59.2,47191.0
2016-08-10,59.21,59.52,58.81,58.94,33802.0
2016-08-11,58.93,59.44,58.64,58.65,48134.0
2016-08-12,59.05,59.8,58.75,59.32,52718.0
2016-08-15,59.54,60.65,59.05,60.12,96417.0
2016-08-16,60.25,60.4,59.85,59.97,78102.0
2016-08-17,60.05,61.25,60.05,60.77,87137.0
2016-08-18,60.75,60.75,59.99,60.11,59420.0
2016-08-19,60.05,60.23,59.7,59.91,37769.0
2016-08-22,59.94,60.15,58.68,58.73,63053.0
2016-08-23,59.01,59.11,58.61,58.96,34301.0
2016-08-24,59.05,59.22,58.83,59.13,30901.0
2016-08-25,59.01,59.01,57.68,58.25,65348.0
2016-08-26,58.55,58.55,58.05,58.4,44163.0
2016-08-29,58.9,59.18,58.2,58.34,67373.0
2016-08-30,58.45,58.59,58.2,58.52,39551.0
2016-08-31,58.68,58.69,58.25,58.6,28026.0
2016-09-01,58.7,58.77,58.5,58.51,31025.0
2016-09-02,58.5,58.5,57.85,57.91,44156.0
2016-09-05,58.05,58.31,57.65,57.97,26712.0
2016-09-06,58.17,59.57,57.83,59.56,84732.0
2016-09-07,59.55,59.65,58.95,59.02,51287.0
2016-09-08,59.03,59.3,58.8,58.95,32724.0
2016-09-09,59.08,60.33,59.04,59.06,67664.0
2016-09-12,58.05,58.52,57.66,57.72,57353.0
2016-09-13,58.05,58.15,56.85,57.07,67381.0
2016-09-14,57.05,57.05,56.05,56.06,61515.0
2016-09-19,56.14,56.97,56.14,56.73,41144.0
2016-09-20,56.9,57.1,56.17,56.36,30931.0
2016-09-21,56.57,56.98,56.22,56.8,31946.0
2016-09-22,56.95,57.23,56.86,57.15,46557.0
2016-09-23,57.2,57.25,56.87,57.03,27230.0
2016-09-26,57.03,57.06,55.21,55.45,50539.0
2016-09-27,55.38,55.78,55.13,55.49,31539.0
2016-09-28,55.76,55.76,55.35,55.38,21689.0
2016-09-29,55.54,55.8,55.04,55.26,36813.0
2016-09-30,55.2,55.81,55.06,55.64,30346.0
2016-10-10,55.96,56.92,55.96,56.85,44047.0
2016-10-11,56.93,58.4,56.65,57.94,90887.0
2016-10-12,57.9,58.0,57.23,57.59,48286.0
2016-10-13,57.65,58.27,57.21,57.36,44595.0
2016-10-14,57.51,57.8,56.7,57.32,36706.0
2016-10-17,57.4,57.7,56.68,56.83,44795.0
2016-10-18,56.84,57.53,56.65,57.4,48363.0
2016-10-19,57.43,57.7,56.95,57.09,38213.0
2016-10-20,57.11,57.28,56.75,56.88,36276.0
2016-10-21,56.87,57.02,56.21,56.56,32391.0
2016-10-24,56.94,57.54,56.55,57.01,54830.0
2016-10-25,56.93,57.27,56.75,56.94,34379.0
2016-10-26,56.94,57.15,56.51,56.58,29261.0
2016-10-27,56.63,56.98,56.48,56.65,26430.0
2016-10-28,56.68,56.84,56.25,56.31,30203.0
2016-10-31,56.44,56.63,55.93,56.21,32511.0
2016-11-01,56.22,56.55,56.0,56.43,26959.0
2016-11-02,56.65,56.7,56.29,56.51,32493.0
2016-11-03,56.51,56.58,55.47,56.05,55170.0
2016-11-04,56.0,56.0,55.32,55.4,48574.0
2016-11-07,55.44,55.99,55.41,55.56,38764.0
2016-11-08,55.7,56.04,55.58,55.7,33228.0
2016-11-09,55.73,55.85,54.55,55.14,67007.0
2016-11-10,55.54,55.68,55.25,55.39,35192.0
2016-11-11,55.05,55.41,54.8,55.2,54404.0
2016-11-14,55.25,55.9,55.23,55.54,50941.0
2016-11-15,55.45,55.82,55.36,55.65,30529.0
2016-11-16,55.84,55.93,55.68,55.78,41843.0
2016-11-17,55.75,55.83,55.4,55.8,29246.0
2016-11-18,55.83,56.03,55.26,55.33,30417.0
2016-11-21,55.34,55.65,55.05,55.2,37008.0
2016-11-22,55.16,55.36,55.04,55.29,33004.0
2016-11-23,55.45,57.04,55.45,56.57,123127.0
2016-11-24,56.35,56.44,55.55,55.74,65685.0
2016-11-25,55.8,55.95,54.92,55.44,45388.0
2016-11-28,55.64,55.98,55.25,55.68,64679.0
2016-11-29,55.68,56.37,55.26,55.63,59207.0
2016-11-30,55.35,55.85,55.25,55.38,36678.0
2016-12-01,55.37,55.78,55.18,55.35,41912.0
2016-12-02,55.25,55.5,54.56,54.8,51678.0
2016-12-05,54.68,54.93,53.62,53.72,72361.0
2016-12-06,53.84,54.05,53.05,53.17,67613.0
2016-12-07,53.21,53.38,52.3,53.04,72522.0
2016-12-08,53.04,53.54,52.85,53.08,39496.0
2016-12-09,53.09,53.14,52.56,52.8,38089.0
2016-12-12,52.78,53.12,49.59,49.87,90405.0
2016-12-13,50.017,51.107,49.927,50.727,54447.0
2016-12-14,50.907,51.007,49.417,49.517,55462.0
2016-12-15,49.417,50.197,49.327,49.897,39346.0
2016-12-16,50.167,51.517,50.167,51.517,61736.0
2016-12-19,51.717,51.897,50.697,50.817,36896.0
2016-12-20,50.827,51.227,50.567,50.817,28475.0
2016-12-21,51.207,51.617,50.937,51.167,27339.0
2016-12-22,51.267,52.017,50.727,51.797,46788.0
2016-12-23,51.857,51.867,50.527,50.597,41228.0
2016-12-26,50.417,50.647,49.627,50.567,38240.0
2016-12-27,50.567,50.587,49.867,49.867,41945.0
2016-12-28,49.927,50.357,49.607,49.717,27180.0
2016-12-29,49.747,50.257,49.447,49.767,32107.0
2016-12-30,49.967,50.207,49.817,50.097,20886.0
2017-01-03,50.017,50.617,49.997,50.247,38004.0
2017-01-04,50.317,51.397,50.127,51.217,76201.0
2017-01-05,51.227,51.267,50.797,50.847,39917.0
2017-01-06,50.857,51.017,50.217,50.217,42153.0
2017-01-09,50.267,50.537,50.127,50.327,32204.0
2017-01-10,50.387,50.467,49.817,50.067,29611.0
2017-01-11,50.067,50.227,49.777,49.847,23978.0
2017-01-12,49.867,50.167,49.347,49.377,35498.0
2017-01-13,49.367,49.767,49.217,49.327,32049.0
2017-01-16,49.327,49.567,46.917,48.177,44753.0
2017-01-17,48.397,48.857,48.017,48.617,27794.0
2017-01-18,48.877,48.877,48.437,48.527,22201.0
2017-01-19,48.577,48.717,48.417,48.517,17477.0
2017-01-20,48.467,49.117,48.467,48.997,24796.0
2017-01-23,49.187,49.657,49.187,49.277,23733.0
2017-01-24,49.557,49.557,48.907,49.067,25628.0
2017-01-25,49.077,49.587,48.867,49.317,30003.0
2017-01-26,49.687,49.687,48.977,49.097,38626.0
2017-02-03,49.117,49.197,48.727,48.767,29216.0
2017-02-06,48.817,49.257,48.817,49.087,35549.0
2017-02-07,49.227,50.297,49.217,49.757,81573.0
2017-02-08,49.757,51.217,49.077,50.917,74522.0
2017-02-09,50.867,50.877,50.307,50.397,71268.0
2017-02-10,50.537,50.617,49.927,50.047,48338.0
2017-02-13,50.047,50.597,49.737,50.147,50190.0
2017-02-14,50.217,50.397,49.817,49.957,42461.0
2017-02-15,50.017,50.307,48.977,49.167,74108.0
2017-02-16,49.377,49.777,49.067,49.317,36928.0
2017-02-17,49.327,49.617,48.897,48.977,38078.0
2017-02-20,48.997,49.697,48.997,49.577,36633.0
2017-02-21,49.747,50.677,49.737,50.457,107344.0
2017-02-22,50.607,50.637,50.177,50.387,48579.0
2017-02-23,50.517,50.817,50.187,50.727,58000.0
2017-02-24,50.647,50.717,50.317,50.637,34802.0
2017-02-27,50.937,51.937,50.607,50.687,101589.0
2017-02-28,50.687,51.247,50.277,50.527,49203.0
2017-03-01,50.507,50.907,50.327,50.607,50052.0
2017-03-02,50.767,50.917,50.157,50.167,46598.0
2017-03-03,50.167,51.507,50.097,51.427,115375.0
2017-03-06,52.007,52.007,50.997,51.317,75697.0
2017-03-07,51.307,51.697,51.097,51.417,49004.0
2017-03-08,51.467,51.777,51.217,51.257,52024.0
2017-03-09,51.217,51.247,50.517,50.587,47188.0
2017-03-10,50.537,50.997,50.327,50.607,51983.0
2017-03-13,50.397,50.397,49.487,50.257,64984.0
2017-03-14,50.297,50.627,50.027,50.177,42289.0
2017-03-15,50.317,50.317,49.417,49.887,37819.0
2017-03-16,50.167,50.577,50.107,50.437,49327.0
2017-03-17,50.567,50.697,49.897,49.907,57737.0
2017-03-20,49.867,49.867,49.397,49.607,52836.0
2017-03-21,49.617,49.807,49.477,49.717,38819.0
2017-03-22,49.617,49.647,49.217,49.317,39045.0
2017-03-23,49.347,50.187,49.347,49.867,55821.0
2017-03-24,50.237,50.257,49.797,50.067,41430.0
2017-03-27,50.217,50.667,49.937,50.017,36709.0
2017-03-28,50.147,50.407,50.037,50.317,39118.0
2017-03-29,49.427,49.717,48.917,49.217,85814.0
2017-03-30,49.187,49.197,48.097,48.237,67797.0
2017-03-31,48.237,48.707,48.217,48.437,45984.0
2017-04-05,49.047,50.087,49.047,49.817,76000.0
2017-04-06,49.867,50.387,49.427,49.897,51305.0
2017-04-07,49.917,50.227,49.817,50.017,43523.0
2017-04-10,50.037,50.537,49.707,50.067,43366.0
2017-04-11,50.267,54.847,50.217,53.427,262271.0
2017-04-12,53.207,53.897,52.447,53.397,115414.0
2017-04-13,52.917,53.397,52.397,52.867,59102.0
2017-04-14,52.857,52.897,51.717,51.767,68709.0
2017-04-17,51.447,52.117,51.137,51.797,46220.0
2017-04-18,52.407,52.867,51.937,52.017,67517.0
2017-04-19,51.997,52.497,50.767,51.677,68488.0
2017-04-20,51.717,52.367,50.817,52.367,58608.0
2017-04-21,52.377,53.137,52.167,52.387,66685.0
2017-04-24,52.377,52.907,51.167,51.257,58738.0
2017-04-25,51.417,51.877,51.077,51.597,43369.0
2017-04-26,51.777,53.387,51.597,52.937,90525.0
2017-04-27,52.887,52.887,51.927,52.507,59489.0
2017-04-28,52.407,53.017,51.417,52.297,61988.0
2017-05-02,51.567,51.767,49.957,50.117,109293.0
2017-05-03,49.917,50.017,48.947,49.217,69198.0
2017-05-04,49.237,49.687,48.997,49.127,38077.0
2017-05-05,49.117,49.367,48.717,48.757,32300.0
2017-05-08,48.757,49.617,48.757,49.207,34914.0
2017-05-09,49.207,49.567,48.827,49.417,24826.0
2017-05-10,49.507,49.607,48.417,48.417,39103.0
2017-05-11,48.417,48.517,46.987,48.247,62121.0
2017-05-12,48.257,48.527,47.917,48.447,29961.0
2017-05-15,48.657,48.897,48.327,48.347,19021.0
2017-05-16,48.337,49.267,47.907,49.067,31106.0
2017-05-17,49.067,49.967,48.987,49.277,42441.0
2017-05-18,48.917,49.547,48.747,48.787,20725.0
2017-05-19,48.867,49.157,48.617,48.967,23363.0
2017-05-22,48.967,49.277,48.347,48.807,24705.0
2017-05-23,48.807,49.327,47.867,49.207,45473.0
2017-05-24,49.017,49.367,48.417,49.217,32911.0
2017-05-25,49.217,49.297,48.617,49.167,33790.0
2017-05-26,49.267,49.677,49.177,49.527,40699.0
2017-05-31,49.797,50.417,49.717,50.267,55752.0
2017-06-01,50.267,50.487,49.427,49.747,38640.0
2017-06-02,49.807,50.117,49.217,49.857,25275.0
2017-06-05,49.927,50.617,49.927,50.617,50894.0
2017-06-06,50.617,50.717,50.117,50.417,26957.0
2017-06-07,50.477,50.987,50.317,50.917,46360.0
2017-06-08,50.937,51.027,50.537,50.917,27473.0
2017-06-09,51.017,51.197,50.377,50.657,38682.0
2017-06-12,50.417,51.297,50.127,50.917,55222.0
2017-06-13,50.827,52.907,50.797,52.237,84470.0
2017-06-14,52.237,53.247,51.997,52.017,91069.0
2017-06-15,52.117,52.377,51.767,52.117,39495.0
2017-06-16,52.267,52.517,51.417,51.467,51159.0
2017-06-19,51.417,52.037,51.287,51.647,36318.0
2017-06-20,51.817,52.227,50.967,50.997,49972.0
2017-06-21,51.177,51.687,50.937,51.367,53808.0
2017-06-22,51.347,51.667,51.177,51.187,55269.0
2017-06-23,51.117,51.297,50.567,51.017,45962.0
2017-06-26,50.957,52.177,50.957,51.937,67567.0
2017-06-27,52.017,52.397,51.597,51.887,46282.0
2017-06-28,51.537,51.587,50.877,50.977,47055.0
2017-06-29,51.067,51.217,50.657,50.727,41201.0
2017-06-30,50.627,50.687,49.907,50.367,56516.0
2017-07-03,50.167,50.697,50.157,50.447,25615.0
2017-07-04,50.507,51.497,50.497,50.917,49469.0
2017-07-05,50.927,51.877,50.927,51.597,51981.0
2017-07-06,51.407,51.947,50.937,51.267,57560.0
2017-07-07,51.197,51.317,50.757,51.087,32924.0
2017-07-10,51.077,51.077,50.427,50.467,38057.0
2017-07-11,50.437,50.917,50.417,50.507,26512.0
2017-07-12,50.807,50.817,49.827,50.257,44339.0
2017-07-13,50.217,50.517,50.077,50.277,24887.0
2017-07-14,50.567,51.337,50.297,50.987,46878.0
2017-07-17,50.987,51.057,49.327,49.417,61433.0
2017-07-18,49.607,49.967,49.097,49.387,27430.0
2017-07-19,49.507,50.107,49.397,50.007,32708.0
2017-07-20,50.027,50.707,49.987,50.497,35918.0
2017-07-21,50.527,51.347,50.137,50.907,57303.0
2017-07-24,50.927,51.217,49.747,50.307,56919.0
2017-07-25,50.427,50.467,49.717,49.807,38482.0
2017-07-26,50.187,50.187,49.037,49.317,52079.0
2017-07-27,49.417,49.717,49.297,49.517,37924.0
2017-07-28,49.517,49.957,49.507,49.887,29969.0
2017-07-31,50.027,50.087,49.267,49.417,51892.0
2017-08-01,49.417,49.717,49.337,49.477,44985.0
2017-08-02,49.527,49.597,48.867,48.917,52435.0
2017-08-03,48.957,49.257,48.827,49.087,50985.0
2017-08-04,49.285,49.375,48.995,49.105,26730.0
2017-08-07,49.155,49.645,49.155,49.505,30464.0
2017-08-08,49.505,50.045,49.265,49.805,40118.0
2017-08-09,49.745,49.985,49.495,49.725,29892.0
2017-08-10,49.735,49.845,49.095,49.325,28966.0
2017-08-11,49.185,49.185,48.265,48.445,59257.0
2017-08-14,48.595,48.885,48.485,48.795,27353.0
2017-08-15,48.895,48.975,48.455,48.595,32050.0
2017-08-16,48.605,48.915,48.195,48.855,31572.0
2017-08-17,48.895,48.985,48.635,48.915,26240.0
2017-08-18,48.885,49.295,48.645,49.145,31674.0
2017-08-21,49.095,49.675,49.075,49.255,33868.0
2017-08-22,49.395,49.555,48.715,48.755,37715.0
2017-08-23,48.795,49.045,48.605,48.865,21112.0
2017-08-24,48.905,48.985,48.505,48.595,33926.0
2017-08-25,49.105,49.585,48.685,49.275,53405.0
2017-08-28,49.395,50.175,49.305,49.945,64106.0
2017-08-29,49.595,49.595,48.725,49.015,74521.0
2017-08-30,48.895,49.045,48.585,48.985,37789.0
2017-08-31,48.905,49.265,48.895,49.085,29314.0
2017-09-01,49.085,49.195,48.705,48.885,33500.0
2017-09-04,49.015,49.585,49.005,49.355,49331.0
2017-09-05,49.385,49.525,49.265,49.475,32331.0
2017-09-06,49.645,51.475,49.635,50.895,128700.0
2017-09-07,50.605,50.895,50.105,50.165,67109.0
2017-09-08,50.245,50.445,49.985,50.415,42648.0
2017-09-11,53.215,54.095,52.245,52.445,190193.0
2017-09-12,52.995,57.635,52.995,56.405,495529.0
2017-09-13,55.595,55.945,54.595,55.475,236513.0
2017-09-14,56.195,56.475,54.595,55.065,146047.0
2017-09-15,54.765,54.785,53.595,53.995,125873.0
2017-09-18,53.985,59.135,53.985,58.525,372631.0
2017-09-19,58.095,58.255,56.975,57.845,215409.0
2017-09-20,57.765,63.575,57.255,62.415,548300.0
2017-09-21,61.945,64.975,61.205,63.165,447493.0
2017-09-22,62.905,65.095,62.305,62.915,290495.0
2017-09-25,62.595,63.245,60.245,60.885,248954.0
2017-09-26,60.395,65.595,60.395,65.595,383172.0
2017-09-27,66.695,71.525,66.155,68.465,474803.0
2017-09-28,67.695,71.075,67.165,69.545,325263.0
2017-09-29,68.845,70.055,67.455,68.895,294855.0
2017-10-09,73.195,74.095,71.095,72.675,378033.0
2017-10-10,71.605,72.585,70.445,71.215,231070.0
2017-10-11,71.845,72.195,68.675,69.245,229790.0
2017-10-12,68.945,70.275,67.525,68.895,228825.0
2017-10-13,68.995,69.185,67.195,68.315,160442.0
2017-10-16,68.345,69.945,67.095,67.995,201483.0
2017-10-17,67.695,68.945,67.305,67.965,115799.0
2017-10-18,68.395,69.395,67.895,68.025,141560.0
2017-10-19,68.145,68.435,65.625,65.745,196881.0
2017-10-20,65.615,69.275,65.095,69.145,218079.0
2017-10-23,68.875,69.255,67.225,67.505,173726.0
2017-10-24,67.435,68.145,64.475,65.655,204807.0
2017-10-25,65.675,66.595,65.125,66.075,118238.0
2017-10-26,65.385,67.325,64.655,66.395,159153.0
2017-10-27,66.565,67.095,65.395,65.725,116413.0
2017-10-30,65.445,65.445,62.295,63.125,205126.0
2017-10-31,63.035,63.985,62.625,63.595,103125.0
2017-11-01,64.645,66.075,64.365,64.795,150590.0
2017-11-02,64.595,65.035,63.205,63.915,100879.0
2017-11-03,63.915,66.245,63.625,64.845,139520.0
2017-11-06,66.035,66.745,65.025,66.165,134877.0
2017-11-07,66.445,67.365,65.445,66.115,113896.0
2017-11-08,66.095,68.955,65.715,67.965,220709.0
2017-11-09,68.435,69.895,67.605,68.585,167087.0
2017-11-10,68.495,68.495,67.325,68.245,132075.0
2017-11-13,68.605,70.825,68.345,70.695,240137.0
2017-11-14,70.705,70.845,68.305,68.595,172747.0
2017-11-15,68.105,68.285,64.295,64.555,233004.0
2017-11-16,64.395,65.495,63.355,64.825,117896.0
2017-11-17,65.585,66.545,64.185,64.185,117539.0
2017-11-20,65.075,70.115,64.445,70.085,282147.0
2017-11-21,70.195,74.045,69.615,72.895,362854.0
2017-11-22,72.875,74.395,72.185,73.385,288934.0
2017-11-23,73.185,74.375,71.105,71.205,216167.0
2017-11-24,71.245,72.875,70.425,71.295,214564.0
2017-11-27,70.805,70.865,64.225,64.225,345568.0
2017-11-28,64.095,65.455,62.305,65.325,224011.0
2017-11-29,65.415,65.575,63.595,64.945,144177.0
2017-11-30,64.195,64.645,62.705,62.815,135172.0
2017-12-01,62.795,64.255,62.305,63.945,98388.0
2017-12-04,64.085,65.265,63.595,64.025,93559.0
2017-12-05,63.215,64.995,62.605,63.285,107230.0
2017-12-06,63.725,64.395,58.615,61.495,278179.0
2017-12-07,60.595,61.055,59.395,59.665,114122.0
2017-12-08,59.795,61.165,59.795,60.345,123145.0
2017-12-11,61.105,63.475,60.675,63.185,149138.0
2017-12-12,63.775,64.595,62.595,62.665,148571.0
2017-12-13,62.705,63.605,62.235,63.595,88655.0
2017-12-14,63.585,64.395,62.905,64.255,103337.0
2017-12-15,63.675,63.895,62.295,63.345,108268.0
2017-12-18,63.135,63.925,62.395,63.105,66222.0
2017-12-19,63.095,63.435,62.395,62.885,58169.0
2017-12-20,63.175,63.275,61.255,61.395,86651.0
2017-12-21,61.315,63.005,60.595,62.595,79108.0
2017-12-22,62.895,63.285,62.365,62.795,57613.0
2017-12-25,62.475,63.225,62.275,62.585,52652.0
2017-12-26,62.985,64.545,62.605,63.955,102636.0
2017-12-27,64.345,70.105,63.965,67.705,267163.0
2017-12-28,67.595,69.345,66.145,66.275,186040.0
2017-12-29,66.445,66.445,64.695,65.645,105532.0
2018-01-02,65.875,67.145,65.555,66.445,127140.0
2018-01-03,65.575,67.695,64.995,66.715,151909.0
2018-01-04,66.595,66.955,65.505,65.645,118416.0
2018-01-05,65.495,65.795,64.425,64.975,104870.0
2018-01-08,65.195,66.935,65.125,65.805,136740.0
2018-01-09,65.795,66.775,65.295,66.015,94309.0
2018-01-10,66.195,66.565,65.475,66.265,94265.0
2018-01-11,66.575,66.575,65.475,65.995,76298.0
2018-01-12,66.255,68.445,66.215,67.675,195978.0
2018-01-15,67.845,68.695,65.475,65.735,151890.0
2018-01-16,65.095,66.345,65.055,65.395,95919.0
2018-01-17,65.275,65.275,63.105,64.345,116525.0
2018-01-18,64.775,65.175,63.475,63.765,73701.0
2018-01-19,64.195,64.225,63.275,63.795,52370.0
2018-01-22,64.275,67.605,64.215,67.195,172657.0
2018-01-23,67.235,67.965,66.655,67.405,123518.0
2018-01-24,67.645,67.685,66.095,67.105,76416.0
2018-01-25,67.115,68.065,66.155,66.235,80839.0
2018-01-26,66.235,66.895,65.595,66.095,63558.0
2018-01-29,66.475,66.475,63.395,63.495,125219.0
2018-01-30,63.475,64.545,63.355,64.045,55877.0
2018-01-31,63.645,64.555,63.495,63.635,54297.0
2018-02-01,63.645,64.085,60.475,61.255,126983.0
2018-02-02,61.195,62.865,60.755,62.495,69721.0
2018-02-05,60.895,62.375,60.835,62.065,40610.0
2018-02-06,60.595,61.475,59.095,59.105,103985.0
2018-02-07,60.585,60.985,57.625,59.495,82085.0
2018-02-08,59.495,60.475,59.105,60.105,45972.0
2018-02-09,58.495,59.045,56.925,57.245,93076.0
2018-02-12,57.695,60.595,57.695,60.215,80515.0
2018-02-13,60.595,61.215,59.905,60.095,55080.0
2018-02-14,61.775,62.095,60.795,61.095,55902.0
2018-02-22,62.575,63.945,61.895,62.915,97413.0
2018-02-23,62.935,63.915,62.405,63.395,59836.0
2018-02-26,64.475,66.285,64.475,65.505,156114.0
2018-02-27,65.095,65.525,63.975,64.055,100650.0
2018-02-28,63.815,65.095,63.265,64.105,77371.0
2018-03-01,63.545,64.035,63.095,63.865,74934.0
2018-03-02,63.105,63.955,62.965,63.465,59276.0
2018-03-05,63.595,66.495,63.505,65.715,149505.0
2018-03-06,65.725,67.395,65.395,67.175,149685.0
2018-03-07,66.595,67.085,65.095,65.125,94941.0
2018-03-08,65.405,66.185,64.705,65.465,64301.0
2018-03-09,65.595,66.395,64.965,66.145,87514.0
2018-03-12,66.625,67.755,66.115,67.445,137195.0
2018-03-13,67.445,68.095,66.275,66.595,118111.0
2018-03-14,66.295,66.485,64.955,64.955,99780.0
2018-03-15,64.615,66.035,64.615,65.295,78053.0
2018-03-16,65.335,66.085,64.795,64.825,68414.0
2018-03-19,64.845,65.445,64.495,64.845,50235.0
2018-03-20,64.295,64.295,62.595,63.395,108426.0
2018-03-21,63.585,64.415,62.995,63.195,83340.0
2018-03-22,63.545,63.785,62.495,63.185,58977.0
2018-03-23,60.565,62.535,59.395,60.075,128222.0
2018-03-26,59.585,61.095,58.595,60.995,84012.0
2018-03-27,61.695,62.195,61.315,61.895,72053.0
2018-03-28,55.765,58.635,55.765,56.785,330117.0
2018-03-29,56.305,56.895,55.105,56.585,140042.0
2018-03-30,57.475,57.575,56.605,56.895,80900.0
2018-04-02,57.095,57.155,56.195,56.265,83266.0
2018-04-03,55.595,55.595,54.295,54.865,123634.0
2018-04-04,55.145,55.945,54.945,55.415,81536.0
2018-04-09,55.495,57.575,55.495,56.935,119840.0
2018-04-10,56.925,58.345,56.475,57.255,108469.0
2018-04-11,57.295,57.465,56.395,56.725,74569.0
2018-04-12,56.745,56.985,56.395,56.495,52437.0
2018-04-13,56.805,56.995,56.065,56.195,41333.0
2018-04-16,56.095,56.665,55.295,55.515,53046.0
2018-04-17,55.715,55.895,54.105,54.185,72272.0
2018-04-18,54.795,54.895,52.575,54.045,92047.0
2018-04-19,53.955,54.795,53.625,54.465,51362.0
2018-04-20,54.595,54.595,52.695,52.855,58543.0
2018-04-23,52.835,53.785,52.695,53.545,53926.0
2018-04-24,53.475,54.695,53.475,54.675,55426.0
2018-04-25,54.455,54.785,54.195,54.435,44870.0
2018-04-26,54.505,54.695,53.095,53.125,52535.0
2018-04-27,53.705,53.975,53.135,53.555,41996.0
2018-05-02,51.395,51.405,49.485,49.845,140008.0
2018-05-03,49.855,50.375,49.175,50.205,73997.0
2018-05-04,49.695,50.045,49.555,49.845,49590.0
2018-05-07,50.475,51.395,49.595,50.955,74919.0
2018-05-08,50.965,52.945,50.955,52.475,81143.0
2018-05-09,52.595,52.615,51.805,52.095,46744.0
2018-05-10,52.245,52.945,51.755,52.435,41669.0
2018-05-11,52.425,53.995,51.915,53.545,92193.0
2018-05-14,53.745,54.455,53.015,53.255,66234.0
2018-05-15,53.425,54.055,53.115,53.665,55338.0
2018-05-16,53.645,54.055,52.925,53.275,54934.0
2018-05-17,53.315,53.785,53.125,53.365,37620.0
2018-05-18,53.575,54.845,53.385,54.595,88743.0
2018-05-21,55.045,55.775,54.705,55.135,74495.0
2018-05-22,55.145,55.795,54.735,55.595,56239.0
2018-05-23,55.085,56.385,54.305,55.275,78660.0
2018-05-24,55.095,55.585,54.395,54.745,50349.0
2018-05-25,54.795,55.825,54.795,54.815,50606.0
2018-05-28,54.885,55.575,53.315,53.375,60132.0
2018-05-29,53.125,54.875,53.015,54.095,72877.0
2018-05-30,53.595,53.615,50.605,50.995,103830.0
2018-05-31,51.015,51.845,51.015,51.745,57928.0
2018-06-01,51.955,51.965,50.615,51.505,45159.0
2018-06-04,51.315,51.795,50.645,50.795,52796.0
2018-06-05,50.795,51.835,50.395,51.815,55285.0
2018-06-06,51.445,52.395,51.195,51.715,64983.0
2018-06-07,52.095,52.165,51.495,51.515,43289.0
2018-06-08,51.515,51.585,50.495,50.725,51338.0
2018-06-11,50.715,50.725,49.895,50.015,42806.0
2018-06-12,50.285,50.795,49.595,50.625,46212.0
2018-06-13,50.695,50.715,49.505,49.655,48819.0
2018-06-14,49.275,50.035,49.195,49.645,38125.0
2018-06-15,49.685,49.875,48.725,48.775,49375.0
2018-06-19,48.195,48.195,44.045,45.575,119739.0
2018-06-20,45.035,46.815,45.035,45.985,56962.0
2018-06-21,46.365,47.955,45.995,46.365,76182.0
2018-06-22,46.415,47.845,46.115,47.445,60454.0
2018-06-25,48.295,48.295,46.515,46.655,57418.0
2018-06-26,46.585,47.715,45.815,46.975,64116.0
2018-06-27,47.185,48.695,47.095,47.695,95524.0
2018-06-28,47.695,48.035,46.405,46.605,61273.0
2018-06-29,46.715,48.365,46.585,48.275,74976.0
2018-07-02,48.265,48.265,46.445,46.575,61757.0
2018-07-03,47.055,47.315,44.655,45.945,93103.0
2018-07-04,45.945,46.725,45.595,46.385,63419.0
2018-07-05,46.385,47.485,45.995,46.175,55737.0
2018-07-06,46.865,47.355,46.115,46.625,67812.0
2018-07-09,46.985,47.545,46.505,47.115,72893.0
2018-07-10,47.145,47.475,46.905,47.225,46390.0
2018-07-11,46.215,46.625,45.325,46.055,50742.0
2018-07-12,46.395,47.595,46.275,47.115,69617.0
2018-07-13,47.215,47.215,46.395,46.545,53283.0
2018-07-16,45.395,45.395,43.395,44.545,125033.0
2018-07-17,44.055,44.495,43.375,44.145,69395.0
2018-07-18,44.145,44.835,43.815,43.895,44874.0
2018-07-19,44.175,44.175,42.575,42.745,61876.0
2018-07-20,43.095,43.755,42.755,43.505,56934.0
2018-07-23,43.285,44.445,43.105,44.095,51941.0
2018-07-24,44.295,45.025,44.005,44.885,55479.0
2018-07-25,45.135,45.135,44.295,44.645,64748.0
2018-07-26,44.645,44.825,43.475,43.595,51790.0
2018-07-27,43.615,43.935,43.315,43.585,36789.0
2018-07-30,43.545,43.695,42.445,43.095,55929.0
2018-07-31,43.135,43.135,42.635,42.835,30211.0
2018-08-01,43.415,43.565,42.475,42.575,44291.0
2018-08-02,42.545,42.575,40.095,40.695,107980.0
2018-08-03,40.875,41.075,38.795,38.925,96515.0
2018-08-06,38.925,39.245,37.475,37.885,73788.0
2018-08-07,38.275,38.595,37.325,38.595,68164.0
2018-08-08,38.615,40.085,38.615,38.885,73069.0
2018-08-09,38.485,40.145,38.425,39.845,74875.0
2018-08-10,39.995,42.365,39.995,42.285,103583.0
2018-08-13,41.695,44.145,41.475,43.765,132330.0
2018-08-14,43.765,44.545,43.205,43.745,81990.0
2018-08-15,43.595,44.495,42.375,42.725,98822.0
2018-08-16,42.045,43.795,41.835,42.855,74037.0
2018-08-17,43.686,43.736,42.746,43.186,57459.0
2018-08-20,43.706,46.086,43.636,45.976,147217.0
2018-08-21,45.986,46.316,45.136,45.636,98459.0
2018-08-22,46.286,46.546,44.896,45.526,90880.0
2018-08-23,45.556,46.136,44.356,45.056,83316.0
2018-08-24,45.086,45.086,43.556,44.186,78309.0
2018-08-27,44.176,45.986,44.116,45.746,87641.0
2018-08-28,45.786,46.886,45.656,46.326,80942.0
2018-08-29,46.146,47.556,46.146,47.036,91448.0
2018-08-30,46.236,47.156,45.376,45.736,91240.0
2018-08-31,45.156,45.616,44.636,45.196,66898.0
2018-09-03,45.126,45.126,43.866,44.406,56080.0
2018-09-04,44.626,45.316,44.346,45.256,59574.0
2018-09-05,44.816,45.246,43.236,43.236,82855.0
2018-09-06,43.236,43.936,42.786,43.336,46915.0
2018-09-07,44.026,44.816,43.386,43.556,68764.0
2018-09-10,43.716,44.176,41.886,42.466,52933.0
2018-09-11,42.286,42.596,41.646,42.256,35223.0
2018-09-12,41.746,43.236,41.446,42.776,55875.0
2018-09-13,43.446,43.786,42.826,43.656,55448.0
2018-09-14,44.946,46.186,44.946,45.546,105337.0
2018-09-17,44.736,46.196,44.236,45.546,85194.0
2018-09-18,44.906,46.076,44.786,45.816,68125.0
2018-09-19,45.836,48.116,45.436,47.696,130011.0
2018-09-20,47.696,48.236,46.686,46.686,82025.0
2018-09-21,48.236,49.486,47.336,47.746,162412.0
2018-09-25,48.036,49.386,48.036,48.936,102447.0
2018-09-26,49.396,49.686,48.516,48.996,99681.0
2018-09-27,49.236,49.336,48.236,48.536,62774.0
2018-09-28,48.736,50.016,48.636,49.836,76871.0
2018-10-08,47.736,48.686,47.156,47.286,111389.0
2018-10-09,47.346,48.336,47.346,47.826,41623.0
2018-10-10,48.086,48.296,46.186,46.646,88215.0
2018-10-11,45.146,45.916,43.406,43.556,119795.0
2018-10-12,43.946,47.536,43.946,47.156,129205.0
2018-10-15,47.316,48.586,47.036,47.666,95431.0
2018-10-16,47.686,48.196,46.016,46.696,64697.0
2018-10-17,47.436,48.396,46.616,48.046,110262.0
2018-10-18,47.736,48.036,46.446,46.916,83864.0
2018-10-19,45.816,48.006,44.736,47.756,119985.0
2018-10-22,48.346,50.936,48.296,50.746,168944.0
2018-10-23,50.586,50.726,48.036,49.196,115358.0
2018-10-24,49.036,50.476,48.746,49.506,104536.0
2018-10-25,48.086,50.486,47.626,50.336,110847.0
2018-10-26,50.726,50.876,48.716,49.356,76780.0
2018-10-29,49.366,49.716,47.636,48.116,69283.0
2018-10-30,48.186,48.476,45.616,47.266,96486.0
2018-10-31,47.176,48.186,46.836,47.526,61159.0
2018-11-01,47.966,48.236,45.716,46.436,109019.0
2018-11-02,47.186,48.886,46.436,48.756,139156.0
2018-11-05,48.736,49.856,47.936,48.986,110088.0
2018-11-06,48.906,48.916,47.636,48.366,55657.0
2018-11-07,47.336,48.786,47.326,47.986,69529.0
2018-11-08,48.416,50.286,48.416,49.716,142158.0
2018-11-09,49.536,51.626,49.066,50.736,146773.0
2018-11-12,50.716,52.836,50.436,52.346,133711.0
2018-11-13,51.356,53.186,51.236,51.736,105875.0
2018-11-14,51.666,53.536,51.616,52.636,102128.0
2018-11-15,52.396,53.026,52.096,52.546,69457.0
2018-11-16,52.736,53.436,51.626,52.286,113240.0
2018-11-19,52.456,56.036,52.316,55.436,162487.0
2018-11-20,54.736,57.716,54.136,56.136,173210.0
2018-11-21,55.496,56.736,54.836,55.736,94100.0
2018-11-22,55.386,57.696,55.386,56.036,102001.0
2018-11-23,56.036,56.406,54.046,54.736,95170.0
2018-11-26,54.646,56.036,54.216,54.896,82746.0
2018-11-27,55.286,58.136,55.286,57.986,159156.0
2018-11-28,57.986,59.416,57.046,58.386,120959.0
2018-11-29,58.586,59.836,57.836,58.386,104920.0
2018-11-30,58.166,59.136,57.156,57.736,89648.0
2018-12-03,59.086,59.656,56.316,56.816,194258.0
2018-12-04,56.136,57.576,55.846,57.056,118279.0
2018-12-05,56.386,58.886,55.876,58.666,156248.0
2018-12-06,58.246,58.536,55.616,56.086,135824.0
2018-12-07,56.636,58.636,56.286,57.626,126354.0
2018-12-10,56.756,57.286,55.786,56.126,115499.0
2018-12-11,56.456,58.076,56.436,56.896,111477.0
2018-12-12,57.436,59.216,57.336,58.986,131204.0
2018-12-13,58.986,59.296,57.856,59.136,101065.0
2018-12-14,59.106,59.726,57.636,58.036,92911.0
2018-12-17,57.406,57.736,54.736,55.626,142955.0
2018-12-18,54.786,56.836,54.716,55.776,91365.0
2018-12-19,55.946,56.686,54.116,54.236,113363.0
2018-12-20,54.246,55.076,53.566,54.606,104322.0
2018-12-21,54.346,54.926,52.656,53.716,103208.0
2018-12-24,53.466,54.176,52.816,53.946,81600.0
2018-12-25,53.336,53.726,51.616,52.956,112456.0
2018-12-26,52.976,53.416,51.736,51.736,77390.0
2018-12-27,52.846,53.186,51.496,51.576,100761.0
2018-12-28,51.596,52.136,50.846,51.736,82507.0
2019-01-02,51.756,52.126,49.716,49.906,85554.0
2019-01-03,49.996,50.606,48.716,48.796,83477.0
2019-01-04,48.536,51.736,48.246,51.386,126537.0
2019-01-07,51.586,52.616,50.736,52.126,136045.0
2019-01-08,53.036,54.376,52.786,53.616,147051.0
2019-01-09,52.536,53.736,49.236,51.196,262205.0
2019-01-10,50.636,50.926,49.376,49.586,153455.0
2019-01-11,49.236,50.026,49.116,49.756,96799.0
2019-01-14,49.936,49.946,48.046,49.536,109746.0
2019-01-15,49.126,49.696,48.586,49.536,83530.0
2019-01-16,49.536,49.856,49.056,49.666,65923.0
2019-01-17,49.636,49.646,48.066,48.226,98743.0
2019-01-18,48.226,48.226,46.776,47.556,125995.0
2019-01-21,47.496,48.996,46.856,48.946,131233.0
2019-01-22,48.796,49.536,48.336,48.436,84093.0
2019-01-23,48.156,49.616,48.066,49.536,96619.0
2019-01-24,49.666,49.706,48.396,49.256,71711.0
2019-01-25,49.286,50.376,48.926,49.916,100929.0
2019-01-28,49.936,50.586,49.016,49.196,86253.0
2019-01-29,49.186,49.186,47.766,48.736,61503.0
2019-01-30,48.686,49.006,47.636,47.886,83426.0
2019-01-31,47.836,48.226,47.006,47.156,71885.0
2019-02-01,47.486,49.046,47.246,49.006,91780.0
2019-02-11,49.536,51.066,49.536,50.936,128870.0
2019-02-12,50.946,51.886,50.616,51.316,102991.0
2019-02-13,51.316,52.826,51.056,52.306,122964.0
2019-02-14,52.586,54.796,52.586,54.456,169124.0
2019-02-15,54.136,54.136,52.256,52.406,152915.0
2019-02-18,52.666,53.526,52.376,53.186,168184.0
2019-02-19,53.236,53.396,51.726,52.476,144364.0
2019-02-20,52.536,53.536,52.276,53.096,124998.0
2019-02-21,53.036,53.746,52.296,52.676,126055.0
2019-02-22,52.536,52.616,51.636,52.616,119677.0
2019-02-25,52.616,55.866,52.236,55.796,258382.0
2019-02-26,57.936,59.406,57.176,57.476,291995.0
2019-02-27,56.936,56.986,54.886,55.696,228542.0
2019-02-28,55.856,55.956,54.896,55.246,94237.0
2019-03-01,55.616,55.716,53.616,54.536,174562.0
2019-03-04,54.736,55.526,53.466,54.416,302258.0
2019-03-05,54.396,54.966,53.736,54.816,196305.0
2019-03-06,55.236,55.696,54.236,55.176,220521.0
2019-03-07,54.836,54.836,53.746,54.116,182839.0
2019-03-08,53.736,53.736,51.786,51.856,185281.0
2019-03-11,51.836,53.216,51.836,53.106,126196.0
2019-03-12,53.136,53.616,52.446,52.726,138615.0
2019-03-13,52.516,53.506,52.036,52.736,127209.0
2019-03-14,52.746,55.886,52.746,55.306,350367.0
2019-03-15,55.786,56.936,54.866,56.126,255425.0
2019-03-18,56.236,57.176,56.126,56.396,154589.0
2019-03-19,56.886,57.396,56.246,56.726,124059.0
2019-03-20,56.986,57.406,55.586,56.136,122722.0
2019-03-21,56.136,56.716,55.376,55.786,109001.0
2019-03-22,55.886,58.316,55.726,57.736,173032.0
2019-03-25,56.736,58.706,56.456,57.236,124562.0
2019-03-26,57.736,58.286,55.816,55.986,105549.0
2019-03-27,55.506,57.286,54.436,55.446,147450.0
2019-03-28,56.386,56.396,53.236,53.506,167947.0
2019-03-29,53.596,54.296,52.896,54.226,128353.0
2019-04-01,54.276,55.526,54.036,55.186,160698.0
2019-04-02,55.346,55.716,54.736,55.416,128436.0
2019-04-03,55.446,55.636,54.906,55.126,101702.0
2019-04-04,55.276,56.376,55.156,55.926,147706.0
2019-04-08,56.216,56.356,53.636,54.176,165600.0
2019-04-09,54.286,56.036,54.286,55.666,133048.0
2019-04-10,55.686,57.036,54.406,56.256,176454.0
2019-04-11,56.516,58.136,55.466,55.666,183873.0
2019-04-12,55.486,55.486,54.406,54.826,89460.0
2019-04-15,55.196,55.976,54.066,54.276,100201.0
2019-04-16,54.276,57.786,54.036,57.466,210095.0
2019-04-17,58.836,63.136,58.836,63.136,491714.0
2019-04-18,63.036,63.046,59.636,60.056,314696.0
2019-04-19,59.746,62.536,59.246,60.866,174364.0
2019-04-22,60.736,60.866,57.926,58.446,152524.0
2019-04-23,58.486,58.646,57.346,57.696,99685.0
2019-04-24,58.176,58.906,57.386,58.886,112922.0
2019-04-25,58.436,58.436,56.736,56.896,92924.0
2019-04-26,56.826,57.326,55.866,56.096,82089.0
2019-04-29,57.236,57.716,56.186,56.386,105128.0
2019-04-30,56.286,57.636,55.986,57.636,79274.0
2019-05-06,55.616,56.016,52.576,52.786,135543.0
2019-05-07,53.156,54.316,52.806,53.746,85742.0
2019-05-08,52.766,54.056,52.146,52.586,98147.0
2019-05-09,52.636,52.986,51.406,51.846,74263.0
2019-05-10,52.596,53.056,50.436,52.996,90465.0
2019-05-13,52.936,52.936,51.236,51.756,64960.0
2019-05-14,51.186,51.736,50.836,50.926,62974.0
2019-05-15,51.346,52.066,51.066,52.026,68026.0
2019-05-16,51.986,52.626,51.936,52.206,58377.0
2019-05-17,52.036,52.186,50.736,50.956,67504.0
2019-05-20,51.136,51.156,49.236,49.736,78295.0
2019-05-21,49.896,50.346,49.436,50.136,59860.0
2019-05-22,50.226,50.246,49.336,49.666,52623.0
2019-05-23,50.036,50.216,48.206,48.326,107057.0
2019-05-24,48.446,50.426,47.736,49.346,93766.0
2019-05-27,49.036,49.726,48.036,49.546,79566.0
2019-05-28,49.546,51.236,49.446,51.236,122525.0
2019-05-29,50.246,50.686,50.006,50.336,56658.0
2019-05-30,50.236,50.236,48.986,49.106,55403.0
2019-05-31,49.376,49.666,48.606,48.986,53590.0
2019-06-03,49.446,49.896,48.776,49.526,53961.0
2019-06-04,49.176,49.336,48.436,49.246,49330.0
2019-06-05,49.716,50.086,49.336,49.636,67271.0
2019-06-06,50.426,50.856,49.736,50.106,106347.0
2019-06-10,51.736,52.646,51.396,51.636,131081.0
2019-06-11,51.306,52.426,50.886,52.286,119686.0
2019-06-12,52.296,52.296,51.296,51.486,93790.0
2019-06-13,51.436,51.436,50.626,50.956,68058.0
2019-06-14,51.036,51.226,50.036,50.086,62553.0
2019-06-17,50.226,50.666,49.736,49.836,53005.0
2019-06-18,49.846,50.336,49.706,49.936,54723.0
2019-06-19,50.856,51.086,50.196,50.336,92549.0
2019-06-20,50.336,51.226,49.816,51.026,121168.0
2019-06-21,50.936,51.416,50.736,51.286,106524.0
2019-06-24,51.286,51.616,50.946,51.496,65401.0
2019-06-25,51.236,51.416,50.436,50.636,78742.0
2019-06-26,50.296,51.336,50.146,50.766,57139.0
2019-06-27,50.936,51.596,50.796,51.276,81181.0
2019-06-28,51.286,51.566,50.966,51.456,55170.0
2019-07-01,52.336,52.866,51.816,52.646,114363.0
2019-07-02,52.646,55.136,52.286,53.916,158556.0
2019-07-03,53.916,54.936,53.506,54.136,118723.0
2019-07-04,54.156,54.846,53.556,53.976,81471.0
2019-07-05,53.976,54.506,52.916,53.996,82513.0
2019-07-08,54.006,54.026,51.996,53.056,97308.0
2019-07-09,52.926,55.786,52.806,55.626,181053.0
2019-07-10,55.336,55.336,54.246,54.636,119791.0
2019-07-11,54.656,54.886,53.626,53.986,92303.0
2019-07-12,54.036,55.516,53.936,54.996,103750.0
2019-07-15,55.016,56.616,54.356,56.086,122206.0
2019-07-16,55.876,55.986,55.336,55.516,53946.0
2019-07-17,55.526,55.936,55.136,55.386,62128.0
2019-07-18,55.106,55.106,53.796,54.186,89584.0
2019-07-19,54.346,54.966,54.096,54.666,60072.0
2019-07-22,55.236,56.166,54.776,55.636,115344.0
2019-07-23,55.536,57.986,55.096,57.066,141071.0
2019-07-24,57.536,57.996,56.936,57.076,106123.0
2019-07-25,57.076,57.716,56.556,57.536,69022.0
2019-07-26,57.19,58.82,56.94,58.36,105883.0
2019-07-29,58.78,58.89,57.53,58.16,63434.0
2019-07-30,58.19,58.4,57.48,58.02,75485.0
2019-07-31,57.74,57.74,56.42,56.89,89719.0
2019-08-01,56.64,57.22,56.12,56.67,88669.0
2019-08-02,55.0,55.97,54.79,55.33,84179.0
2019-08-05,55.14,55.41,53.15,53.32,104575.0
2019-08-06,52.35,52.92,51.39,52.31,108362.0
2019-08-07,52.59,52.84,51.51,51.74,71130.0
2019-08-08,52.07,52.25,51.44,51.8,71456.0
2019-08-09,52.24,52.9,51.8,51.93,85773.0
2019-08-12,51.82,52.14,50.74,52.14,90738.0
2019-08-13,51.45,51.63,50.34,50.44,135333.0
2019-08-14,51.14,51.44,50.7,51.23,92687.0
2019-08-15,50.39,51.31,49.98,51.05,66446.0
2019-08-16,51.24,52.49,51.06,52.01,90301.0
2019-08-19,52.94,53.13,52.14,53.04,106806.0
2019-08-20,52.73,53.03,52.24,52.37,87995.0
2019-08-21,52.27,52.56,51.82,52.56,85677.0
2019-08-22,51.84,51.84,50.61,51.15,211089.0
2019-08-23,50.94,50.95,49.18,49.83,246969.0
2019-08-26,48.96,49.99,48.68,49.97,142274.0
2019-08-27,50.06,50.57,50.04,50.48,144791.0
2019-08-28,51.24,52.28,50.73,50.75,176509.0
2019-08-29,50.72,50.72,49.74,50.04,97408.0
2019-08-30,50.52,50.83,50.1,50.39,101825.0
2019-09-02,50.92,50.94,50.28,50.66,118336.0
2019-09-03,50.93,50.93,50.09,50.43,95675.0
2019-09-04,50.42,50.42,49.95,50.31,107035.0
2019-09-05,50.44,51.34,50.43,51.08,174907.0
2019-09-06,51.28,52.14,51.15,51.43,146573.0
2019-09-09,51.79,52.6,51.5,52.52,194828.0
2019-09-10,52.64,52.81,51.8,52.09,128373.0
2019-09-11,52.2,52.62,51.84,52.05,116357.0
2019-09-12,52.24,52.32,51.3,51.73,99144.0
2019-09-16,52.29,52.3,51.79,52.1,83787.0
2019-09-17,52.14,52.17,50.62,50.91,105597.0
2019-09-18,50.94,51.07,50.75,50.98,53282.0
2019-09-19,51.12,51.2,50.74,51.13,61707.0
2019-09-20,51.34,51.38,50.94,51.01,68762.0
2019-09-23,50.84,50.89,49.79,50.12,95935.0
2019-09-24,50.34,51.34,50.13,50.81,79833.0
2019-09-25,50.79,50.79,49.84,49.98,80753.0
2019-09-26,50.24,50.44,49.42,49.43,69524.0
2019-09-27,49.43,49.75,49.32,49.52,40680.0
2019-09-30,49.59,50.07,49.48,49.72,49144.0
2019-10-08,49.74,50.2,49.24,49.36,48614.0
2019-10-09,49.24,49.26,48.22,49.03,50471.0
2019-10-10,49.34,50.14,49.3,49.94,62553.0
2019-10-11,49.44,49.9,48.91,49.37,75741.0
2019-10-14,49.92,50.32,49.44,49.79,83881.0
2019-10-15,49.84,49.94,48.84,48.94,76610.0
2019-10-16,48.94,49.18,48.42,48.46,71503.0
2019-10-17,48.46,48.69,48.34,48.46,38510.0
2019-10-18,48.93,48.93,47.76,47.84,75009.0
2019-10-21,47.84,47.92,47.15,47.51,52825.0
2019-10-22,47.53,47.8,47.46,47.74,33224.0
2019-10-23,47.73,47.89,47.5,47.54,30367.0
2019-10-24,47.44,47.76,47.44,47.6,31568.0
2019-10-25,47.74,48.11,47.38,47.98,37075.0
2019-10-28,47.97,48.4,47.97,48.24,52591.0
2019-10-29,48.28,48.83,48.04,48.09,55109.0
2019-10-30,46.84,46.84,44.44,44.9,172418.0
2019-10-31,44.89,44.89,43.54,43.79,110683.0
2019-11-01,43.74,44.69,43.24,44.51,67304.0
2019-11-04,44.51,44.74,44.07,44.37,54119.0
2019-11-05,44.46,45.29,43.96,44.89,76990.0
2019-11-06,45.04,45.79,44.47,45.25,96714.0
2019-11-07,44.97,46.59,44.63,45.62,96835.0
2019-11-08,46.82,46.89,45.74,45.82,91373.0
2019-11-11,45.74,45.74,44.57,44.89,61673.0
2019-11-12,44.86,45.27,44.49,45.04,44569.0
2019-11-13,45.06,45.11,43.94,44.22,57977.0
2019-11-14,44.44,44.76,44.26,44.46,40397.0
2019-11-15,44.47,44.57,43.74,44.06,46149.0
2019-11-18,43.84,43.97,43.46,43.77,53686.0
2019-11-19,43.5,44.69,43.5,44.68,53463.0
2019-11-20,44.54,44.54,43.95,44.04,39386.0
2019-11-21,44.14,44.81,43.72,44.56,56999.0
2019-11-22,44.67,45.54,44.39,44.76,70268.0
2019-11-25,45.1,46.22,44.48,45.81,121726.0
2019-11-26,45.72,46.03,44.69,45.54,99568.0
2019-11-27,45.4,45.41,44.79,44.84,48330.0
2019-11-28,44.52,44.67,44.09,44.12,48120.0
2019-11-29,44.21,44.56,43.96,44.33,44103.0
2019-12-02,44.33,44.48,43.99,44.09,43310.0
2019-12-03,44.09,44.78,43.93,44.73,47048.0
2019-12-04,44.66,45.38,44.38,45.07,68959.0
2019-12-05,45.14,45.35,44.84,44.98,62864.0
2019-12-06,44.99,45.08,44.41,44.65,68145.0
2019-12-09,44.65,44.74,44.21,44.32,58259.0
2019-12-10,44.47,44.47,44.14,44.37,42173.0
2019-12-11,44.3,45.17,44.13,45.06,88873.0
2019-12-12,45.03,45.03,44.17,44.42,80922.0
2019-12-13,44.73,44.83,44.17,44.31,141600.0
2019-12-16,44.37,45.09,44.17,45.07,125263.0
2019-12-17,45.11,46.49,45.1,45.98,190471.0
2019-12-18,46.02,46.02,45.47,45.64,113229.0
2019-12-19,45.64,45.94,45.2,45.91,101163.0
2019-12-20,46.17,48.22,45.99,47.56,289838.0
2019-12-23,47.26,47.36,46.41,46.48,132775.0
2019-12-24,46.69,47.79,46.69,47.72,156602.0
2019-12-25,47.99,49.08,47.45,47.79,191832.0
2019-12-26,47.15,48.19,47.08,47.35,110345.0
2019-12-27,47.14,47.79,46.94,46.94,109621.0
2019-12-30,47.29,48.74,46.96,48.58,196477.0
2019-12-31,48.45,49.04,47.84,48.61,132166.0
2020-01-02,48.63,49.41,48.45,49.11,159345.0
2020-01-03,49.14,49.93,48.62,48.98,129936.0
2020-01-06,48.33,50.13,48.13,49.22,169871.0
2020-01-07,49.25,49.44,48.71,48.99,93400.0
2020-01-08,48.49,49.29,48.09,48.22,110974.0
2020-01-09,48.69,49.14,48.32,48.59,89217.0
2020-01-10,48.6,48.6,47.55,47.86,109294.0
2020-01-13,52.55,52.55,51.45,52.55,518827.0
2020-01-14,55.94,56.93,53.94,54.38,614975.0
2020-01-15,54.95,55.69,53.22,54.25,298705.0
2020-01-16,54.43,55.48,52.72,55.03,335737.0
2020-01-17,54.8,60.44,54.14,58.89,530600.0
2020-01-20,58.24,60.84,57.44,59.7,300775.0
2020-01-21,58.66,58.67,57.49,57.66,203836.0
2020-01-22,57.44,61.44,57.04,60.21,327979.0
2020-01-23,58.93,62.82,58.45,60.77,291584.0
2020-02-03,54.79,55.42,54.79,54.79,100398.0
2020-02-04,54.94,58.44,54.94,57.3,367775.0
2020-02-05,58.64,62.94,57.93,61.75,446230.0
2020-02-06,59.39,61.79,59.34,61.69,301131.0
2020-02-07,61.68,61.68,57.6,58.84,321281.0
2020-02-10,60.14,64.3,59.79,61.87,352796.0
2020-02-11,60.94,61.06,59.22,59.98,196175.0
2020-02-12,59.98,61.54,59.29,60.13,197455.0
2020-02-13,59.44,61.07,58.44,58.49,236947.0
2020-02-14,58.5,58.84,57.38,57.84,211173.0
2020-02-17,57.85,59.5,57.85,59.42,209889.0
2020-02-18,58.74,60.94,58.71,60.41,228365.0
2020-02-19,65.41,65.42,62.6,62.85,437476.0
2020-02-20,64.11,69.04,64.05,69.04,649390.0
2020-02-21,67.94,69.21,66.62,68.44,455189.0
2020-02-24,66.36,68.08,65.9,67.14,357968.0
2020-02-25,65.34,73.13,65.11,71.79,407434.0
2020-02-26,70.72,76.74,69.94,72.64,522768.0
2020-02-27,72.62,74.09,69.02,70.99,272699.0
2020-02-28,67.6,69.93,65.89,66.31,338253.0
2020-03-02,66.54,68.17,64.94,67.79,225643.0
2020-03-03,70.74,71.14,68.4,68.81,274252.0
2020-03-04,67.89,68.74,65.66,67.52,180932.0
2020-03-05,67.96,68.56,66.44,67.75,170003.0
2020-03-06,66.44,68.49,66.27,66.3,147209.0
2020-03-09,64.23,64.23,60.12,60.39,292478.0
2020-03-10,58.54,62.44,58.27,61.11,266805.0
2020-03-11,61.71,62.09,59.54,59.69,222212.0
2020-03-12,58.25,58.6,56.84,57.97,232383.0
2020-03-13,54.74,57.44,53.29,56.6,213198.0
2020-03-16,57.53,58.27,54.82,54.82,238773.0
2020-03-17,54.82,55.9,52.82,53.98,180919.0
2020-03-18,54.53,55.61,52.96,53.03,172684.0
2020-03-19,53.05,53.46,50.82,52.3,194450.0
2020-03-20,53.24,53.73,52.34,53.46,148296.0
2020-03-23,51.19,51.74,48.83,49.09,242740.0
2020-03-24,50.2,50.82,48.33,50.67,205027.0
2020-03-25,52.49,53.74,51.98,53.19,289787.0
2020-03-26,53.44,56.12,52.55,55.21,296621.0
2020-03-27,56.34,56.99,55.38,55.72,229972.0
2020-03-30,55.94,58.72,55.81,57.17,328937.0
2020-03-31,57.7,60.93,56.39,60.91,350174.0
2020-04-01,60.84,61.6,57.96,58.06,365565.0
2020-04-02,57.64,57.64,55.74,57.53,233842.0
2020-04-03,57.53,57.53,55.85,55.94,169190.0
2020-04-07,57.38,57.86,56.54,57.25,189116.0
2020-04-08,56.74,56.74,55.98,56.26,129543.0
2020-04-09,56.75,57.48,56.49,56.59,133338.0
2020-04-10,57.22,57.22,55.09,55.51,131855.0
2020-04-13,55.67,56.88,55.67,56.74,102560.0
2020-04-14,56.74,58.94,56.32,58.86,233863.0
2020-04-15,60.3,63.33,59.32,61.08,306227.0
2020-04-16,61.04,62.24,59.99,60.95,165259.0
2020-04-17,61.54,61.92,59.62,59.74,156490.0
2020-04-20,60.34,60.34,59.1,59.8,107474.0
2020-04-21,59.44,60.62,58.74,60.31,147148.0
2020-04-22,59.34,60.94,58.82,60.37,121458.0
2020-04-23,60.93,61.49,58.98,59.19,116028.0
2020-04-24,59.61,61.43,59.44,59.67,135949.0
2020-04-27,59.96,60.03,57.82,57.92,138265.0
2020-04-28,57.94,58.53,55.7,57.92,128658.0
2020-04-29,59.14,60.39,58.5,58.94,165126.0
2020-04-30,59.76,61.52,59.45,60.9,218876.0
2020-05-06,60.34,63.44,60.04,63.12,231906.0
2020-05-07,63.11,63.11,60.92,61.03,225118.0
2020-05-08,61.05,61.44,60.24,60.72,171472.0
2020-05-11,60.23,60.6,59.05,59.82,190716.0
2020-05-12,59.83,60.08,59.14,60.07,104020.0
2020-05-13,60.07,60.69,59.44,59.93,111115.0
2020-05-14,59.84,59.84,58.49,58.63,118363.0
2020-05-15,58.73,59.52,58.24,58.9,102771.0
2020-05-18,58.34,59.34,57.34,58.12,104743.0
2020-05-19,58.94,59.54,58.69,59.16,94042.0
2020-05-20,59.64,61.24,59.61,59.95,164708.0
2020-05-21,60.05,60.31,57.95,58.09,120968.0
2020-05-22,58.1,58.61,56.45,56.97,92350.0
2020-05-25,56.97,57.49,56.25,57.46,59697.0
2020-05-26,57.74,59.32,57.74,59.24,98544.0
2020-05-27,60.54,60.89,58.01,58.24,113617.0
2020-05-28,58.29,59.17,57.34,58.42,86300.0
2020-05-29,58.06,58.96,57.75,58.35,68036.0
2020-06-01,58.69,60.63,58.38,60.27,161068.0
2020-06-02,60.51,63.12,59.82,61.94,204796.0
2020-06-03,61.73,61.99,60.42,60.87,146357.0
2020-06-04,61.42,62.14,60.65,61.05,105743.0
2020-06-05,61.94,64.22,61.27,64.14,265451.0
2020-06-08,63.94,64.77,63.39,63.73,172441.0
2020-06-09,63.94,65.35,62.63,62.92,204431.0
2020-06-10,63.2,63.36,61.62,61.99,186194.0
2020-06-11,62.81,65.14,62.45,63.78,280233.0
2020-06-12,62.34,62.87,61.57,62.42,175497.0
2020-06-15,63.44,64.82,62.19,63.44,195740.0
2020-06-16,64.74,65.4,64.07,65.04,214116.0
2020-06-17,64.94,65.05,63.3,65.05,144378.0
2020-06-18,64.74,67.7,63.88,67.68,279033.0
2020-06-19,67.63,69.62,67.24,67.93,220619.0
2020-06-22,67.54,69.72,67.23,68.94,196255.0
2020-06-23,68.51,73.03,67.94,71.97,260375.0
2020-06-24,72.04,74.0,71.7,72.64,196681.0
2020-06-29,72.44,73.37,71.24,71.54,173376.0
2020-06-30,72.35,73.79,71.81,72.74,169831.0
2020-07-01,74.15,76.39,71.97,73.41,235093.0
2020-07-02,73.57,75.55,72.74,73.08,214074.0
2020-07-03,74.24,80.29,74.17,80.29,455388.0
2020-07-06,80.27,82.53,78.35,81.84,461224.0
2020-07-07,85.7,89.44,83.94,83.94,466706.0
2020-07-08,82.88,85.22,82.8,83.69,319156.0
2020-07-09,83.69,87.24,82.4,85.4,327974.0
2020-07-10,85.41,93.3,83.99,89.94,396029.0
2020-07-13,93.54,98.84,93.23,98.84,579871.0
2020-07-14,98.84,98.85,91.52,97.49,536389.0
2020-07-15,97.94,98.23,93.63,95.44,388696.0
2020-07-16,95.34,96.44,85.99,85.99,560467.0
2020-07-17,83.96,86.3,81.01,82.53,430969.0
2020-07-20,84.64,90.24,82.55,88.11,431730.0
2020-07-21,90.84,92.27,88.62,89.03,317222.0
2020-07-22,86.94,90.42,86.44,88.13,269545.0
2020-07-23,87.0,89.94,86.52,89.93,327287.0
2020-07-24,88.72,89.08,83.44,83.94,388174.0
2020-07-27,84.44,86.14,83.24,84.46,208828.0
2020-07-28,86.92,87.6,83.94,84.85,216441.0
2020-07-29,84.25,88.44,83.46,87.87,287976.0
2020-07-30,87.96,88.57,85.24,85.94,224493.0
2020-07-31,85.9,87.6,84.4,86.33,258123.0
2020-08-03,86.35,87.44,85.34,87.11,280304.0
2020-08-04,87.89,91.94,87.82,89.94,383956.0
2020-08-05,89.94,89.94,87.52,89.09,190227.0
2020-08-06,89.75,90.54,87.94,89.67,205333.0
2020-08-07,88.54,89.7,84.75,86.32,245974.0
2020-08-10,84.73,85.29,80.94,82.92,336539.0
2020-08-11,82.84,84.14,81.89,81.94,194173.0
2020-08-12,82.12,82.92,79.39,82.92,220972.0
2020-08-13,84.44,84.74,82.59,82.74,135828.0
2020-08-14,83.04,83.53,80.94,82.87,120620.0
2020-08-17,83.14,84.17,82.27,83.86,151032.0
2020-08-18,85.01,85.51,82.8,83.18,161553.0
2020-08-19,82.4,82.64,80.52,80.65,187358.0
2020-08-20,80.64,81.0,79.1,79.55,122724.0
2020-08-21,81.0,81.64,79.9,80.58,111905.0
2020-08-24,80.9,83.28,80.69,82.44,171281.0
2020-08-25,82.0,83.88,81.5,82.24,145106.0
2020-08-26,83.0,86.31,82.68,84.42,320472.0
2020-08-27,87.5,88.55,85.7,86.42,252035.0
2020-08-28,86.0,87.06,84.02,86.39,186470.0
2020-08-31,88.02,89.22,85.88,86.0,215347.0
2020-09-01,87.99,94.5,87.31,94.5,394613.0
2020-09-02,96.88,97.0,92.63,95.3,397047.0
2020-09-03,93.88,96.16,93.15,93.59,227795.0
2020-09-04,89.8,91.59,89.02,91.0,222021.0
2020-09-07,90.48,98.5,90.4,95.74,409987.0
2020-09-08,96.88,96.88,91.7,92.0,279084.0
2020-09-09,89.01,89.7,85.85,86.99,263292.0
2020-09-10,88.84,91.17,87.9,88.09,217063.0
2020-09-11,88.85,92.2,88.22,92.2,205764.0
2020-09-14,92.3,95.5,92.3,93.5,223839.0
2020-09-15,95.01,102.75,94.5,102.3,579221.0
2020-09-16,101.28,108.87,100.0,106.4,493789.0
2020-09-17,106.51,116.94,106.15,116.94,602351.0
2020-09-18,114.99,116.5,112.5,116.5,473754.0
2020-09-21,117.0,120.32,105.34,106.77,588771.0
2020-09-22,107.5,111.65,105.01,107.77,462882.0
2020-09-23,110.0,112.01,107.3,111.4,381409.0
2020-09-24,108.88,111.03,107.01,107.4,266126.0
2020-09-25,109.2,110.79,104.8,106.09,324363.0
2020-09-28,107.19,109.1,106.65,107.4,211883.0
2020-09-29,109.59,110.51,105.25,108.89,270046.0
2020-09-30,109.58,119.23,108.1,117.24,444201.0
2020-10-09,124.1,127.14,120.2,121.35,559678.0
2020-10-12,124.8,130.03,121.45,129.5,528089.0
2020-10-13,129.0,132.88,126.0,130.29,460527.0
2020-10-14,130.15,133.32,129.1,131.5,310472.0
2020-10-15,135.6,138.73,132.33,132.55,402893.0
2020-10-16,133.56,134.85,126.0,128.8,413536.0
2020-10-19,129.0,130.81,127.3,129.08,222006.0
2020-10-20,127.18,141.33,127.18,141.0,541679.0
2020-10-21,138.99,140.7,135.17,138.5,380567.0
2020-10-22,138.23,146.0,133.07,144.79,434389.0
2020-10-23,143.02,146.78,137.5,139.67,400994.0
2020-10-26,137.5,143.85,134.1,140.96,309796.0
2020-10-27,138.42,142.5,136.83,141.28,296545.0
2020-10-28,140.51,154.48,140.02,152.6,517974.0
2020-10-29,148.91,167.76,148.91,159.38,634705.0
2020-10-30,161.0,171.3,155.2,160.81,673292.0
2020-11-02,161.91,169.75,161.5,168.98,524911.0
2020-11-03,173.0,173.45,160.58,165.08,661617.0
2020-11-04,168.0,171.33,164.0,169.03,460948.0
2020-11-05,176.0,185.83,172.0,185.83,674092.0
2020-11-06,190.5,199.85,180.89,191.44,807667.0
2020-11-09,192.6,194.67,185.12,191.95,525016.0
2020-11-10,187.86,187.88,177.88,183.58,635350.0
2020-11-11,177.9,182.89,165.32,165.35,805675.0
2020-11-12,169.0,174.3,166.78,170.33,586640.0
2020-11-13,181.0,183.02,174.29,176.9,609194.0
2020-11-16,172.03,172.5,164.5,171.02,542565.0
2020-11-17,174.5,176.18,165.46,168.0,568409.0
2020-11-18,166.88,170.18,163.25,168.0,417033.0
2020-11-19,169.0,169.7,160.52,162.62,470054.0
2020-11-20,165.65,178.24,164.22,177.06,707527.0
2020-11-23,177.9,186.02,173.07,185.2,604027.0
2020-11-24,192.77,195.99,181.71,185.19,646752.0
2020-11-25,184.0,192.7,181.6,184.53,473858.0
2020-11-26,184.61,185.8,172.23,176.82,496538.0
2020-11-27,176.31,178.9,170.33,175.1,397476.0
2020-11-30,172.5,177.74,167.01,173.15,379213.0
2020-12-01,169.7,178.0,168.0,177.81,401564.0
2020-12-02,172.1,173.5,169.0,170.75,492401.0
2020-12-03,170.75,174.66,167.96,172.09,365581.0
2020-12-04,172.6,179.8,171.4,172.86,394490.0
2020-12-07,172.3,177.66,170.11,176.29,322186.0
2020-12-08,179.1,183.0,177.7,178.97,445743.0
2020-12-09,180.0,182.03,174.0,174.24,315714.0
2020-12-10,169.0,172.66,167.02,170.52,370436.0
2020-12-11,170.35,170.35,163.8,168.0,354878.0
2020-12-14,167.8,171.88,164.0,171.2,302132.0
2020-12-15,171.25,176.05,169.5,175.7,362218.0
2020-12-16,177.0,177.7,171.9,172.87,238154.0
2020-12-17,172.18,173.93,170.01,172.79,189773.0
2020-12-18,173.5,181.09,172.22,177.0,488485.0
2020-12-21,177.5,194.6,176.5,194.6,667798.0
2020-12-22,193.98,193.98,184.66,185.0,586810.0
2020-12-23,184.89,191.8,183.96,187.79,427079.0
2020-12-24,186.0,186.0,181.0,184.0,260454.0
2020-12-25,184.32,187.15,182.1,186.22,211331.0
2020-12-28,185.3,191.37,183.6,188.93,303384.0
2020-12-29,187.0,187.0,179.46,179.6,361178.0
2020-12-30,181.66,192.95,181.66,187.0,510431.0
2020-12-31,189.86,196.83,185.26,195.3,505119.0
2021-01-04,190.0,212.16,188.09,207.76,589502.0
2021-01-05,207.0,222.23,203.01,220.9,545306.0
2021-01-06,220.72,223.18,213.0,217.3,434652.0
2021-01-07,217.6,229.32,215.2,226.04,428603.0
2021-01-08,234.0,235.32,221.7,228.51,426758.0
2021-01-11,235.59,246.0,231.98,235.86,534255.0
2021-01-12,232.8,240.75,221.0,237.99,433125.0
2021-01-13,239.0,250.88,230.69,240.3,480348.0
2021-01-14,233.0,236.45,223.34,224.95,445955.0
2021-01-15,223.0,229.92,217.5,226.2,377050.0
2021-01-18,221.0,225.0,217.26,222.69,263789.0
2021-01-19,223.06,226.2,214.56,217.2,276250.0
2021-01-20,220.9,227.3,219.01,223.0,381401.0
2021-01-21,221.0,240.6,217.81,236.52,585710.0
2021-01-22,236.72,244.66,232.51,243.92,423887.0
2021-01-25,247.5,263.95,246.0,261.0,559389.0
2021-01-26,258.0,263.59,251.99,255.22,394555.0
2021-01-27,251.2,260.44,235.5,258.0,521351.0
2021-01-28,246.97,253.5,243.98,245.36,326462.0
2021-01-29,250.0,251.43,238.5,248.0,335983.0
2021-02-01,246.0,251.13,240.0,247.89,263795.0
2021-02-02,253.0,269.0,251.5,268.5,471100.0
2021-02-03,269.1,274.37,261.3,264.0,384030.0
2021-02-04,259.0,265.89,256.34,260.9,310351.0
2021-02-05,263.0,269.28,248.5,250.0,480551.0
2021-02-08,249.99,253.98,241.01,251.2,372462.0
2021-02-09,254.1,260.02,248.5,258.0,374954.0
2021-02-10,262.0,271.66,254.0,267.95,418939.0
2021-02-18,269.86,269.86,256.33,259.99,472646.0
2021-02-19,255.9,258.66,246.73,258.35,382587.0
2021-02-22,257.6,257.66,240.45,240.52,427131.0
2021-02-23,230.59,236.02,223.9,226.0,476510.0
2021-02-24,226.0,229.59,204.6,209.99,676485.0
2021-02-25,216.77,216.85,206.8,210.25,369532.0
2021-02-26,197.5,205.0,195.0,198.27,503616.0
2021-03-01,202.0,211.99,198.5,211.9,444294.0
2021-03-02,215.65,216.8,206.22,212.4,387928.0
2021-03-03,206.0,211.3,202.97,210.75,263062.0
2021-03-04,206.0,206.1,198.3,199.5,346850.0
2021-03-05,188.37,200.51,187.18,197.37,325319.0
2021-03-08,197.37,198.33,177.73,177.73,591328.0
2021-03-09,173.41,179.6,163.03,171.68,599205.0
2021-03-10,181.0,182.88,176.78,178.19,431507.0
2021-03-11,177.95,186.0,175.1,183.97,367828.0
2021-03-12,187.17,188.99,179.9,182.68,301848.0
2021-03-15,179.55,182.0,173.0,175.26,295602.0
2021-03-16,178.58,180.1,174.37,177.47,197056.0
2021-03-17,175.02,180.97,172.48,177.88,213705.0
2021-03-18,179.79,181.63,178.28,179.55,201064.0
2021-03-19,174.0,176.37,170.66,172.15,258227.0
2021-03-22,173.33,176.48,171.01,174.8,185683.0
2021-03-23,176.8,177.18,167.3,169.97,226649.0
2021-03-24,168.99,170.24,163.0,163.74,248269.0
2021-03-25,158.0,164.45,156.6,162.2,256191.0
2021-03-26,164.01,173.0,163.9,171.99,328530.0
2021-03-29,171.01,171.48,165.8,169.1,234729.0
2021-03-30,162.0,170.0,160.1,170.0,338931.0
2021-03-31,170.21,173.64,163.56,165.51,270153.0
2021-04-01,169.0,172.9,168.01,170.07,299958.0
2021-04-02,171.99,179.2,169.58,176.87,349532.0
2021-04-06,177.8,180.24,173.8,177.09,255910.0
2021-04-07,178.15,179.08,170.5,171.99,281704.0
2021-04-08,170.0,172.5,168.12,171.48,160043.0
2021-04-09,172.9,173.1,167.0,167.72,204996.0
2021-04-12,167.73,170.39,163.6,164.46,201268.0
2021-04-13,164.48,168.63,164.48,165.01,158579.0
2021-04-14,168.0,172.0,168.0,171.95,298473.0
2021-04-15,169.5,169.65,164.5,166.5,249912.0
2021-04-16,166.4,167.4,161.33,166.3,234599.0
2021-04-19,166.0,178.0,165.18,177.05,507351.0
2021-04-20,176.0,176.0,170.78,172.24,375677.0
2021-04-21,170.0,171.59,168.17,169.59,230489.0
2021-04-22,171.0,172.78,168.22,169.71,197508.0
2021-04-23,168.18,172.38,167.27,170.25,228828.0
2021-04-26,171.0,174.0,168.25,168.5,319514.0
2021-04-27,167.0,168.4,164.4,165.94,255639.0
2021-04-28,165.86,169.54,163.96,166.5,218412.0
2021-04-29,164.0,165.93,163.2,163.95,275854.0
2021-04-30,162.49,163.2,157.71,159.57,359899.0
2021-05-06,158.0,158.0,151.0,151.0,423158.0
2021-05-07,149.12,150.96,144.39,144.95,377980.0
2021-05-10,144.95,149.35,142.44,148.0,260739.0
2021-05-11,144.7,149.76,141.97,147.56,269640.0
2021-05-12,149.26,156.0,149.26,154.73,384659.0
2021-05-13,151.75,152.0,149.56,149.99,212696.0
2021-05-14,148.9,155.1,147.31,154.53,300279.0
2021-05-17,156.43,161.88,155.45,160.78,363003.0
2021-05-18,161.0,162.8,157.88,159.7,194952.0
2021-05-19,160.9,175.0,160.88,173.78,596491.0
2021-05-20,171.0,178.56,170.1,173.94,499888.0
2021-05-21,175.01,178.99,171.1,174.2,334966.0
2021-05-24,172.91,176.5,170.98,174.47,271723.0
2021-05-25,176.0,179.0,173.7,177.52,331523.0
2021-05-26,179.0,185.58,177.0,177.17,345578.0
2021-05-27,180.0,180.68,175.5,178.45,234026.0
2021-05-28,178.45,186.0,177.07,182.68,371195.0
2021-05-31,176.26,180.11,171.18,179.7,437553.0
2021-06-01,179.73,191.9,179.73,190.46,513604.0
2021-06-02,191.0,192.85,186.2,187.5,294350.0
2021-06-03,187.6,188.5,181.18,184.9,250801.0
2021-06-04,182.61,193.0,181.52,190.4,319848.0
2021-06-07,192.0,193.87,188.0,191.35,254518.0
2021-06-08,195.0,206.6,194.25,203.81,559239.0
2021-06-09,203.9,204.5,198.02,203.0,316556.0
2021-06-10,203.05,217.05,202.0,215.11,441000.0
2021-06-11,215.3,230.95,213.08,228.02,540085.0
2021-06-15,232.54,238.8,225.87,233.32,518101.0
2021-06-16,227.0,232.66,211.66,212.0,618176.0
2021-06-17,211.96,233.1,211.83,233.1,519978.0
2021-06-18,237.0,253.32,235.65,246.0,571896.0
2021-06-21,244.88,250.56,233.13,243.58,430526.0
2021-06-22,244.0,248.0,237.0,238.88,316428.0
2021-06-23,234.0,250.8,233.5,244.3,394501.0
2021-06-24,245.0,252.87,241.18,245.89,312285.0
2021-06-25,248.0,249.66,239.0,245.99,296502.0
2021-06-28,245.99,256.0,244.52,254.63,347272.0
2021-06-29,258.4,260.6,251.0,254.3,306258.0
2021-06-30,251.0,257.5,247.0,252.0,285407.0
2021-07-01,252.0,253.5,236.6,237.6,422603.0
2021-07-02,234.0,244.5,229.89,240.04,374260.0
2021-07-05,237.04,251.0,236.57,250.55,324901.0
2021-07-06,256.0,262.02,242.0,251.5,517917.0
2021-07-07,245.0,259.6,241.88,256.09,386387.0
2021-07-08,254.0,262.54,252.12,252.96,393910.0
2021-07-09,251.88,255.99,242.88,249.82,364947.0
2021-07-12,254.3,273.91,252.5,267.48,560057.0
2021-07-13,267.49,270.73,261.22,266.1,277314.0
2021-07-14,262.0,262.0,246.0,246.29,612717.0
2021-07-15,240.0,244.55,231.0,237.4,551899.0
2021-07-16,236.75,236.75,222.03,223.92,562741.0
2021-07-19,221.0,232.99,215.3,224.97,372187.0
2021-07-20,221.0,230.46,220.11,228.5,246750.0
2021-07-21,232.2,245.99,231.01,242.23,471511.0
2021-07-22,247.3,250.44,241.17,249.96,374773.0
2021-07-23,248.44,263.0,246.08,259.68,460562.0
2021-07-26,251.58,260.74,242.01,249.55,404428.0
2021-07-27,247.0,258.88,238.2,239.71,377707.0
2021-07-28,230.99,242.1,224.99,237.5,332199.0
2021-07-29,247.94,258.3,243.82,258.2,428851.0
2021-07-30,258.19,269.3,253.13,265.71,457994.0
2021-08-02,277.0,292.18,274.3,292.18,622259.0
2021-08-03,300.0,300.0,276.01,281.08,489349.0
2021-08-04,284.01,309.09,283.0,309.09,534306.0
2021-08-05,302.0,307.25,295.87,300.46,368823.0
2021-08-06,314.148,318.448,299.648,304.628,453626.0
2021-08-09,296.148,298.548,284.148,294.698,341621.0
2021-08-10,294.708,303.458,283.148,293.148,331035.0
2021-08-11,290.148,299.978,287.308,296.138,263994.0
2021-08-12,294.148,314.528,290.518,310.128,382779.0
2021-08-13,304.148,313.648,299.138,301.168,246906.0
2021-08-16,298.148,298.148,286.148,286.548,305067.0
2021-08-17,284.598,291.648,279.148,281.458,272058.0
2021-08-18,286.558,289.238,279.338,284.808,221723.0
2021-08-19,284.808,299.828,279.718,294.868,361672.0
2021-08-20,290.148,294.748,283.148,286.238,247173.0
2021-08-23,282.648,295.588,276.698,290.948,295827.0
2021-08-24,293.938,303.148,291.198,299.398,274399.0
2021-08-25,298.948,300.948,292.148,297.348,179145.0
2021-08-26,298.148,299.918,283.648,283.648,263682.0
2021-08-27,282.138,297.178,281.148,289.298,262889.0
2021-08-30,278.588,289.148,275.108,283.118,419092.0
2021-08-31,288.028,288.028,267.698,278.148,329668.0
2021-09-01,278.148,279.118,258.748,267.448,287674.0
2021-09-02,268.158,273.138,263.848,268.148,165244.0
2021-09-03,268.158,272.148,251.548,255.258,287964.0
2021-09-06,261.138,280.148,260.148,278.748,397789.0
2021-09-07,278.748,282.258,274.418,277.098,207634.0
2021-09-08,279.048,280.428,269.758,270.738,182578.0
2021-09-09,273.148,280.728,266.948,272.858,216256.0
2021-09-10,272.858,273.678,263.788,266.758,238757.0
2021-09-13,269.478,273.128,260.328,262.508,213492.0
2021-09-14,262.538,277.148,258.208,270.378,354690.0
2021-09-15,269.038,271.148,261.148,262.298,218809.0
2021-09-16,262.298,265.918,251.678,252.148,220810.0
2021-09-17,254.148,258.148,251.638,256.268,139421.0
2021-09-22,249.148,252.588,245.178,248.348,163413.0
2021-09-23,254.978,258.668,250.028,251.068,149784.0
2021-09-24,252.108,258.648,248.148,252.918,158267.0
2021-09-27,255.148,258.638,247.948,253.648,179991.0
2021-09-28,253.048,254.968,247.438,248.008,162444.0
2021-09-29,244.148,246.028,236.148,237.148,245555.0
2021-09-30,239.348,250.848,238.348,250.658,225038.0
2021-10-08,259.128,261.128,251.148,254.148,194104.0
2021-10-11,254.248,264.248,249.148,256.898,211973.0
2021-10-12,256.148,264.048,254.158,258.158,211651.0
2021-10-13,258.158,274.748,255.478,272.348,321978.0
2021-10-14,272.148,277.138,269.288,274.088,177799.0
2021-10-15,276.148,288.648,272.148,284.478,287845.0
2021-10-18,285.398,289.778,281.188,287.068,216214.0
2021-10-19,289.148,296.058,285.148,285.938,193858.0
2021-10-20,287.148,296.148,286.388,291.748,217045.0
2021-10-21,292.148,293.748,285.158,288.158,180626.0
2021-10-22,293.348,302.148,290.148,301.148,336549.0
2021-10-25,304.258,319.798,303.378,318.498,335190.0
2021-10-26,331.648,334.478,318.908,320.158,313244.0
2021-10-27,314.148,327.878,312.428,322.888,219068.0
2021-10-28,320.758,324.948,306.548,309.128,298267.0
2021-10-29,306.278,314.908,294.918,312.458,347160.0
2021-11-01,302.558,309.558,294.968,303.148,284786.0
2021-11-02,311.148,320.948,308.788,315.028,290087.0
2021-11-03,314.278,314.998,301.008,304.158,197248.0
2021-11-04,312.278,330.148,310.178,326.148,349964.0
2021-11-05,325.148,328.148,314.158,315.148,194183.0
2021-11-08,309.238,320.758,308.148,316.148,169849.0
2021-11-09,316.198,331.118,316.198,321.838,203305.0
2021-11-10,315.148,316.748,302.728,311.408,274879.0
2021-11-11,314.148,318.138,309.198,313.138,138852.0
2021-11-12,316.948,317.888,306.648,307.928,148884.0
2021-11-15,307.928,307.928,291.588,296.088,225372.0
2021-11-16,295.148,298.838,289.148,294.658,151808.0
2021-11-17,301.148,304.388,295.148,297.998,163378.0
2021-11-18,295.948,300.028,291.148,296.548,129097.0
2021-11-19,296.868,301.148,289.148,297.968,175159.0
2021-11-22,299.548,312.658,299.348,312.148,287020.0
2021-11-23,309.028,310.878,305.128,309.628,150363.0
2021-11-24,306.578,310.748,302.148,304.348,141938.0
2021-11-25,304.348,305.638,292.448,299.148,170971.0
2021-11-26,296.148,305.918,295.198,298.808,122494.0
2021-11-29,292.948,308.218,291.078,305.608,200157.0
2021-11-30,308.148,309.148,304.148,305.848,131788.0
2021-12-01,306.348,308.648,301.528,306.468,108279.0
2021-12-02,306.148,315.208,304.248,309.948,180072.0
2021-12-03,308.138,310.948,300.008,308.048,210327.0
2021-12-06,302.148,312.658,302.008,302.898,178801.0
2021-12-07,307.158,307.498,292.228,295.948,227679.0
2021-12-08,297.158,302.148,295.648,301.938,154382.0
2021-12-09,301.148,301.778,298.178,300.648,112957.0
2021-12-10,297.138,303.178,293.948,302.568,144873.0
2021-12-13,304.138,304.148,299.148,299.548,142941.0
2021-12-14,296.648,298.218,292.838,294.548,157111.0
2021-12-15,294.558,296.648,292.858,294.498,98150.0
2021-12-16,294.148,294.638,280.148,287.348,278665.0
2021-12-17,285.148,287.028,279.758,280.128,151118.0
2021-12-20,280.378,282.618,269.428,271.648,217845.0
2021-12-21,271.648,277.928,270.558,277.358,149653.0
2021-12-22,281.158,286.328,278.158,280.368,144442.0
2021-12-23,283.178,286.048,278.308,281.138,123021.0
2021-12-24,283.128,283.148,266.108,271.148,209969.0
2021-12-27,270.148,272.688,267.148,268.178,107190.0
2021-12-28,269.298,272.148,267.358,271.998,118543.0
2021-12-29,273.298,273.368,264.148,270.148,141603.0
2021-12-30,269.148,274.128,267.148,268.278,117327.0
2021-12-31,274.148,275.338,268.148,269.268,116292.0
2022-01-04,277.148,280.598,266.368,272.148,244661.0
2022-01-05,265.698,267.628,252.868,254.408,301709.0
2022-01-06,251.148,255.678,249.038,251.168,175908.0
2022-01-07,252.948,254.108,246.148,247.648,161934.0
2022-01-10,246.148,250.618,240.178,247.448,162142.0
2022-01-11,247.428,247.428,238.948,240.238,212441.0
2022-01-12,247.148,257.148,245.458,257.148,323602.0
2022-01-13,258.888,259.708,249.758,256.458,217104.0
2022-01-14,251.948,258.448,251.148,254.288,149548.0
2022-01-17,254.168,268.638,254.168,267.638,241145.0
2022-01-18,267.558,270.108,263.448,267.228,125054.0
2022-01-19,267.098,269.028,251.458,254.118,231882.0
2022-01-20,253.248,254.858,248.148,252.218,149986.0
2022-01-21,252.228,256.888,247.478,251.548,112394.0
2022-01-24,247.228,254.028,245.418,252.548,108377.0
2022-01-25,249.148,252.148,241.148,241.458,172772.0
2022-01-26,246.148,252.528,243.458,250.638,174446.0
2022-01-27,248.148,250.448,242.148,242.418,132650.0
2022-01-28,241.128,243.148,220.908,227.948,324373.0
2022-02-07,241.938,250.428,239.158,245.548,251125.0
2022-02-08,244.148,244.148,231.788,238.118,199040.0
2022-02-09,240.198,247.548,236.178,246.328,199929.0
2022-02-10,247.918,249.148,239.248,241.268,146285.0
2022-02-11,237.198,241.268,229.648,231.338,199439.0
2022-02-14,231.348,236.148,226.148,233.128,133199.0
2022-02-15,233.328,241.108,233.328,239.458,158524.0
2022-02-16,243.148,246.138,241.538,241.748,128725.0
2022-02-17,243.388,249.888,240.148,246.558,191064.0
2022-02-18,242.148,246.538,241.148,244.108,99105.0
2022-02-21,242.148,246.948,240.788,243.038,109538.0
2022-02-22,240.148,240.148,235.448,238.598,125452.0
2022-02-23,243.048,253.668,240.158,253.148,291149.0
2022-02-24,249.258,252.928,242.728,246.008,238220.0
2022-02-25,251.048,253.528,248.978,248.988,146014.0
2022-02-28,248.048,251.338,247.148,250.748,118291.0
2022-03-01,256.148,257.758,250.398,252.928,176520.0
2022-03-02,250.148,250.508,245.108,249.748,121242.0
2022-03-03,250.668,252.008,245.148,246.358,99633.0
2022-03-04,238.458,243.008,231.148,234.948,291706.0
2022-03-07,228.038,228.838,221.168,224.758,236129.0
2022-03-08,222.228,226.638,211.148,217.338,291499.0
2022-03-09,218.148,224.748,211.148,224.738,251135.0
2022-03-10,234.058,234.578,230.148,230.248,248343.0
2022-03-11,223.148,232.938,221.168,230.998,186116.0
2022-03-14,226.148,226.148,220.148,220.148,150841.0
2022-03-15,212.278,223.148,210.578,213.948,198204.0
2022-03-16,222.148,231.148,215.348,230.578,333766.0
2022-03-17,241.528,242.028,235.808,236.048,315844.0
2022-03-18,236.048,240.018,233.198,235.648,150549.0
2022-03-21,241.148,250.018,239.318,246.528,279178.0
2022-03-22,246.148,248.548,243.168,245.948,115079.0
2022-03-23,251.148,252.148,247.418,248.318,148501.0
2022-03-24,244.848,251.148,243.548,248.228,113681.0
2022-03-25,248.248,250.108,235.158,236.458,208024.0
2022-03-28,236.048,236.048,230.028,231.548,143104.0
2022-03-29,234.068,237.648,229.948,232.148,138587.0
2022-03-30,228.148,238.168,223.368,238.168,251260.0
2022-03-31,235.358,236.148,228.038,230.948,161731.0
2022-04-01,227.938,240.708,227.748,237.108,182948.0
2022-04-06,246.148,247.148,240.758,243.048,205293.0
2022-04-07,241.148,246.448,240.158,241.148,122700.0
2022-04-08,241.158,247.648,240.248,245.128,171719.0
2022-04-11,241.148,242.628,230.648,234.148,193070.0
2022-04-12,233.148,239.708,232.348,239.308,128889.0
2022-04-13,236.168,243.098,234.158,238.148,109673.0
2022-04-14,243.148,246.138,242.018,242.438,131638.0
2022-04-15,239.648,241.148,233.898,237.348,129239.0
2022-04-18,235.938,242.148,231.148,240.248,110592.0
2022-04-19,244.308,252.048,244.278,246.008,207782.0
2022-04-20,248.808,249.478,242.008,242.928,130781.0
2022-04-21,238.918,241.918,233.248,235.188,154049.0
2022-04-22,231.158,236.808,230.208,236.548,108162.0
2022-04-25,231.148,237.588,227.768,228.648,161889.0
2022-04-26,230.138,236.998,229.578,232.958,158176.0
2022-04-27,227.758,236.958,219.958,236.158,254342.0
2022-04-28,235.748,236.648,231.148,233.128,146372.0
2022-04-29,234.948,244.978,231.898,244.148,248163.0
2022-05-05,247.348,253.538,242.918,249.948,253259.0
2022-05-06,242.168,247.148,241.248,243.228,145489.0
2022-05-09,232.148,238.038,232.148,233.878,175116.0
2022-05-10,225.248,234.808,223.428,234.478,209697.0
2022-05-11,233.148,257.808,232.648,253.848,459526.0
2022-05-12,251.138,258.848,249.858,255.238,241156.0
2022-05-13,260.948,272.648,257.058,271.228,367121.0
2022-05-16,272.258,274.148,266.448,268.268,202369.0
2022-05-17,270.128,286.148,269.648,283.648,293489.0
2022-05-18,283.648,289.148,280.148,282.568,205303.0
2022-05-19,276.458,286.498,275.448,285.658,173637.0
2022-05-20,288.158,292.758,282.348,288.848,178683.0
2022-05-23,293.848,299.148,288.958,296.348,255588.0
2022-05-24,291.148,294.108,282.148,282.148,290497.0
2022-05-25,282.408,289.798,279.178,288.348,230858.0
2022-05-26,288.518,292.368,283.648,287.788,143095.0
2022-05-27,294.098,298.758,287.798,290.028,153187.0
2022-05-30,293.148,300.848,292.228,299.268,218524.0
2022-05-31,301.148,302.108,294.658,297.058,177011.0
2022-06-01,299.148,305.948,294.268,301.128,216912.0
2022-06-02,297.148,306.148,296.368,302.168,177728.0
2022-06-06,305.148,321.618,303.698,319.378,294757.0
2022-06-07,319.148,321.018,312.258,316.038,200221.0
2022-06-08,319.748,329.208,314.158,328.558,290513.0
2022-06-09,335.178,335.948,322.148,323.558,307542.0
2022-06-10,322.648,351.148,322.208,349.948,438249.0
2022-06-13,347.148,360.008,341.748,349.948,360681.0
2022-06-14,343.148,345.938,328.378,344.738,404789.0
2022-06-15,345.118,347.378,333.668,336.148,303948.0
2022-06-16,336.648,343.848,334.558,337.148,190172.0
2022-06-17,331.248,342.348,328.218,339.148,262148.0
2022-06-20,339.228,349.808,336.168,343.328,245416.0
2022-06-21,340.908,342.948,333.348,342.148,197827.0
2022-06-22,343.568,348.778,339.148,341.028,186788.0
2022-06-23,345.848,355.198,339.148,354.648,323142.0
2022-06-24,354.138,357.428,347.158,352.198,235984.0
2022-06-27,353.218,358.148,349.478,350.838,217155.0
2022-06-28,348.148,359.948,343.858,354.048,269635.0
2022-06-29,351.138,351.148,332.638,332.758,361146.0
2022-06-30,332.148,340.498,331.148,334.638,220145.0
2022-07-01,333.328,334.148,321.248,330.348,234113.0
2022-07-04,333.148,339.358,331.348,337.308,209512.0
2022-07-05,338.148,341.748,330.738,335.038,173757.0
2022-07-06,334.948,341.748,333.138,337.248,183434.0
2022-07-07,338.848,353.098,334.518,350.528,304649.0
2022-07-08,350.528,353.028,339.148,339.148,190478.0
2022-07-11,337.028,337.028,320.028,325.448,254317.0
2022-07-12,321.148,322.148,301.228,310.148,450515.0
2022-07-13,310.148,314.988,297.918,311.028,341067.0
2022-07-14,310.058,324.148,308.148,324.148,272489.0
2022-07-15,336.148,351.038,334.148,339.338,444508.0
2022-07-18,346.148,347.148,329.148,338.248,238912.0
2022-07-19,338.248,338.248,328.768,332.248,158180.0
2022-07-20,334.128,335.008,330.228,332.848,103263.0
2022-07-21,330.148,332.148,324.088,325.648,132003.0
2022-07-22,327.158,335.808,327.148,330.768,141774.0
2022-07-25,327.148,328.148,321.148,324.098,115017.0
2022-07-26,323.628,328.828,321.148,326.148,107656.0
2022-07-27,325.148,330.948,322.158,326.948,91056.0
2022-07-28,330.168,332.598,325.148,326.578,109065.0
2022-07-29,324.253,329.053,319.213,321.613,114854.0
2022-08-01,319.233,333.333,317.573,331.793,187584.0
2022-08-02,326.153,331.733,322.553,327.853,156643.0
2022-08-03,327.953,336.103,320.143,323.243,188723.0
2022-08-04,329.253,332.723,323.353,328.053,186637.0
2022-08-05,331.253,333.143,319.533,325.743,157564.0
2022-08-08,323.363,326.153,320.253,322.603,129488.0
2022-08-09,322.433,325.053,319.403,320.973,116107.0
2022-08-10,320.953,320.953,306.253,309.603,258499.0
2022-08-11,312.683,317.143,306.853,316.273,165445.0
2022-08-12,316.273,317.533,311.253,313.183,101338.0
2022-08-15,313.453,320.483,312.473,316.463,135119.0
2022-08-16,317.053,323.143,316.753,320.173,157243.0
2022-08-17,321.243,330.853,317.973,329.183,210871.0
2022-08-18,328.253,331.253,325.093,327.293,142790.0
2022-08-19,326.283,328.693,318.253,320.643,124289.0
2022-08-22,317.253,327.343,313.473,324.343,147668.0
2022-08-23,325.253,326.803,320.233,322.863,93000.0
2022-08-24,322.933,324.213,310.553,310.753,186783.0
2022-08-25,310.813,312.333,303.913,310.833,140221.0
2022-08-26,314.243,319.183,311.253,316.983,122127.0
2022-08-29,314.923,318.123,312.743,314.803,85912.0
2022-08-30,316.753,319.753,311.253,312.103,110247.0
2022-08-31,292.253,297.853,285.253,289.233,408060.0
2022-09-01,286.253,295.853,285.283,287.953,192582.0
2022-09-02,289.953,290.853,279.353,283.253,161662.0
2022-09-05,270.253,272.133,262.353,270.013,351208.0
2022-09-06,270.023,275.703,268.463,274.193,189903.0
2022-09-07,273.253,286.303,271.853,283.953,190873.0
2022-09-08,284.253,286.243,278.253,279.513,116429.0
2022-09-09,282.243,282.743,278.243,280.953,76098.0
2022-09-13,283.253,287.943,280.623,286.053,111524.0
2022-09-14,283.253,285.053,277.513,279.583,105151.0
2022-09-15,281.253,281.753,268.163,270.753,152395.0
2022-09-16,269.253,272.703,265.613,267.233,104476.0
2022-09-19,269.253,275.153,267.933,271.603,110950.0
2022-09-20,275.053,278.743,273.263,275.463,111245.0
2022-09-21,273.053,273.863,268.253,271.253,83754.0
2022-09-22,268.743,270.633,262.553,269.803,92800.0
2022-09-23,268.343,271.023,265.533,267.653,79644.0
2022-09-26,267.653,277.253,264.833,274.203,143606.0
2022-09-27,274.213,276.083,271.313,275.213,83096.0
2022-09-28,274.253,274.253,266.753,266.873,85620.0
2022-09-29,271.253,273.053,265.253,265.823,88357.0
2022-09-30,264.253,264.803,250.253,253.263,214036.0
2022-10-10,253.523,257.653,250.693,252.453,117479.0
2022-10-11,253.253,258.633,250.583,256.263,132820.0
2022-10-12,255.253,264.503,251.203,263.593,144871.0
2022-10-13,261.253,264.253,259.333,259.433,96187.0
2022-10-14,263.333,270.353,261.203,265.793,145695.0
2022-10-17,264.253,264.253,257.943,261.913,109678.0
2022-10-18,280.253,280.253,273.753,274.923,244142.0
2022-10-19,274.923,277.693,268.133,268.753,134004.0
2022-10-20,265.253,266.833,258.653,264.763,128417.0
2022-10-21,264.773,272.133,263.263,267.553,104786.0
2022-10-24,266.153,267.563,254.823,256.823,167413.0
2022-10-25,254.253,261.843,251.283,259.163,113243.0
2022-10-26,261.253,265.293,256.543,259.123,126415.0
2022-10-27,260.243,261.973,256.253,256.253,97766.0
2022-10-28,254.253,254.253,237.063,241.143,263164.0
2022-10-31,238.753,252.253,238.363,247.923,187942.0
2022-11-01,248.363,263.453,248.253,263.073,219283.0
2022-11-02,262.253,272.853,259.613,268.813,187319.0
2022-11-03,266.273,273.013,265.353,269.233,102384.0
2022-11-04,270.233,284.273,269.253,281.453,224887.0
2022-11-07,276.253,283.283,274.243,280.133,135842.0
2022-11-08,280.703,283.853,274.753,277.663,105634.0
2022-11-09,279.403,280.133,269.893,270.883,111946.0
2022-11-10,265.883,266.223,257.053,261.513,155497.0
2022-11-11,271.753,274.223,266.413,270.053,166100.0
2022-11-14,270.483,273.793,264.013,265.043,115237.0
2022-11-15,265.243,269.553,261.353,268.253,112848.0
2022-11-16,267.033,267.853,261.353,262.333,103549.0
2022-11-17,261.163,261.163,254.833,258.253,111261.0
2022-11-18,259.023,260.813,254.753,255.933,101184.0
2022-11-21,254.093,255.853,249.763,255.453,82515.0
2022-11-22,256.253,256.503,251.253,251.743,80146.0
2022-11-23,251.743,252.753,248.453,252.753,88469.0
2022-11-24,254.603,256.253,249.533,250.643,85314.0
2022-11-25,250.253,250.253,246.253,246.303,87822.0
2022-11-28,241.253,246.383,238.473,246.363,99109.0
2022-11-29,247.533,250.933,244.253,249.553,123581.0
2022-11-30,249.613,261.253,247.733,260.773,212873.0
2022-12-01,269.253,272.203,266.173,267.913,257986.0
2022-12-02,266.173,268.823,261.733,263.333,116075.0
2022-12-05,267.203,268.843,263.153,264.613,105233.0
2022-12-06,261.803,272.883,261.263,268.853,123007.0
2022-12-07,268.903,279.533,268.903,274.993,192666.0
2022-12-08,275.003,276.253,272.123,275.543,94581.0
2022-12-09,276.733,278.953,272.703,275.953,100992.0
2022-12-12,273.213,274.723,269.253,271.133,80128.0
2022-12-13,273.253,276.253,270.753,271.053,61384.0
2022-12-14,270.663,270.693,264.853,267.653,94365.0
2022-12-15,267.583,273.533,264.763,272.713,97123.0
2022-12-16,271.323,272.623,268.803,271.763,56197.0
2022-12-19,270.243,276.253,266.863,267.753,84039.0
2022-12-20,267.153,267.153,259.933,262.853,84908.0
2022-12-21,262.833,264.103,260.853,262.053,41966.0
2022-12-22,264.253,264.753,259.763,260.443,59210.0
2022-12-23,257.353,257.653,251.753,253.433,90819.0
2022-12-26,253.453,264.753,253.443,263.673,93548.0
2022-12-27,264.713,265.233,261.053,263.373,55537.0
2022-12-28,258.753,260.453,254.253,255.873,102564.0
2022-12-29,255.243,260.113,253.383,256.013,72256.0
2022-12-30,259.753,261.623,257.763,258.223,74890.0
2023-01-03,257.663,263.173,251.253,261.733,121374.0
2023-01-04,261.253,261.733,257.753,260.353,72675.0
2023-01-05,263.773,268.843,262.313,266.333,118936.0
2023-01-06,269.163,272.453,266.353,267.453,138855.0
2023-01-09,269.253,269.253,263.543,264.633,114169.0
2023-01-10,263.303,270.833,258.563,267.843,173513.0
2023-01-11,266.153,272.253,262.663,270.243,128364.0
2023-01-12,272.763,285.703,271.953,278.553,223479.0
2023-01-13,278.663,281.183,276.253,279.833,128411.0
2023-01-16,279.833,280.023,273.253,275.053,165000.0
2023-01-17,275.063,275.753,270.183,271.243,111666.0
2023-01-18,271.103,273.753,267.743,270.253,86108.0
2023-01-19,269.133,272.103,267.773,271.753,81239.0
2023-01-20,272.253,273.133,268.273,271.323,104649.0
2023-01-30,286.253,289.253,282.253,283.243,281854.0
2023-01-31,286.253,290.053,281.643,287.053,187110.0
2023-02-01,289.233,305.583,287.393,305.583,272987.0
2023-02-02,307.123,307.383,301.213,303.873,148030.0
2023-02-03,301.203,301.203,294.053,296.253,152948.0
2023-02-06,292.943,292.943,288.863,291.233,100447.0
2023-02-07,293.243,293.733,288.853,290.253,76835.0
2023-02-08,290.253,290.253,284.053,286.913,92901.0
2023-02-09,285.253,290.073,283.553,289.583,90649.0
2023-02-10,287.133,287.153,281.253,283.113,129708.0
2023-02-13,280.263,284.543,278.313,283.573,93461.0
2023-02-14,285.253,285.753,280.353,283.223,73644.0
2023-02-15,284.253,285.153,279.813,280.253,90832.0
2023-02-16,281.253,283.043,276.103,278.273,103348.0
2023-02-17,277.743,279.353,272.533,272.913,100997.0
2023-02-20,272.843,274.553,268.253,274.053,130701.0
2023-02-21,273.253,277.813,271.533,276.003,113690.0
2023-02-22,273.153,273.873,270.153,271.673,85088.0
2023-02-23,271.153,272.923,269.753,271.693,100358.0
2023-02-24,270.273,271.133,268.253,268.833,66868.0
2023-02-27,266.253,267.143,259.253,261.063,169704.0
2023-02-28,262.253,263.253,258.823,262.053,120330.0
2023-03-01,262.003,267.793,259.013,266.753,143658.0
2023-03-02,267.373,269.383,263.253,264.963,114905.0
2023-03-03,266.243,266.483,263.333,265.043,63982.0
2023-03-06,265.253,265.883,259.253,265.523,112124.0
2023-03-07,265.433,268.243,261.753,261.933,105933.0
2023-03-08,259.753,261.043,256.253,258.243,120898.0
2023-03-09,257.753,261.083,255.263,257.323,96731.0
2023-03-10,253.253,254.253,243.553,244.393,283464.0
2023-03-13,242.973,244.203,238.253,241.743,167343.0
2023-03-14,241.253,243.753,234.283,241.233,198568.0
2023-03-15,242.753,243.733,238.663,239.873,120715.0
2023-03-16,236.253,240.873,235.253,236.043,118370.0
2023-03-17,238.033,242.233,236.783,239.163,135003.0
2023-03-20,239.163,240.613,235.853,236.823,86323.0
2023-03-21,238.143,240.763,236.043,240.763,108873.0
2023-03-22,243.453,248.833,243.333,244.453,155339.0
2023-03-23,244.243,246.753,240.753,246.743,97461.0
2023-03-24,246.753,248.883,244.743,247.273,81018.0
2023-03-27,247.243,247.243,241.553,244.903,92495.0
2023-03-28,245.753,246.923,243.653,246.263,81845.0
2023-03-29,247.803,251.503,247.803,248.953,144303.0
2023-03-30,251.253,258.453,251.253,258.453,209267.0
2023-03-31,260.223,262.113,256.253,257.273,167008.0
2023-04-03,257.253,259.493,253.513,257.173,133691.0
2023-04-04,257.063,257.063,249.243,252.173,137744.0
2023-04-06,249.253,252.133,246.933,251.253,81942.0
2023-04-07,251.303,253.383,249.583,250.533,68723.0
2023-04-10,250.533,252.453,247.253,252.253,98058.0
2023-04-11,253.403,255.743,249.853,251.083,87455.0
2023-04-12,250.053,250.053,244.583,244.653,112330.0
2023-04-13,241.833,244.253,239.023,244.073,80965.0
2023-04-14,244.653,248.723,244.243,247.313,105506.0
2023-04-17,246.253,250.933,245.463,250.693,90394.0
2023-04-18,251.653,253.433,249.693,250.253,78432.0
2023-04-19,250.253,254.453,247.343,252.103,111927.0
2023-04-20,251.183,251.183,246.253,246.273,100308.0
2023-04-21,245.753,250.203,244.253,244.253,104052.0
2023-04-24,245.353,259.853,244.433,254.743,267017.0
2023-04-25,252.253,253.053,243.453,245.553,187419.0
2023-04-26,244.253,255.793,242.253,252.253,174492.0
2023-04-27,251.253,260.243,250.803,260.173,242464.0
2023-04-28,262.723,264.223,255.253,257.113,191945.0
2023-05-04,256.253,258.863,252.653,253.773,118124.0
2023-05-05,253.803,255.053,249.203,251.323,102440.0
2023-05-08,254.253,260.353,253.773,255.283,121626.0
2023-05-09,251.293,254.613,250.253,251.363,89885.0
2023-05-10,252.253,263.433,250.453,261.043,253691.0
2023-05-11,262.023,271.053,259.933,265.003,214237.0
2023-05-12,267.253,269.503,260.773,261.353,104574.0
2023-05-15,261.353,267.803,259.953,266.153,136926.0
2023-05-16,265.643,268.673,264.453,266.383,81639.0
2023-05-17,266.243,267.053,260.263,262.253,89556.0
2023-05-18,263.553,265.133,257.813,260.333,100697.0
2023-05-19,259.433,262.173,257.553,260.433,60106.0
2023-05-22,262.173,267.253,258.333,266.353,120165.0
2023-05-23,266.293,268.133,264.183,264.183,90619.0
2023-05-24,262.853,266.253,260.773,263.163,68093.0
2023-05-25,263.213,265.103,256.393,256.853,132079.0
2023-05-26,254.253,254.253,244.053,248.243,185813.0
2023-05-29,251.253,251.803,243.253,246.183,124723.0
2023-05-30,247.203,256.253,247.083,253.453,166881.0
2023-05-31,253.453,256.153,250.903,254.913,118381.0
2023-06-01,254.913,259.133,254.483,256.703,86736.0
2023-06-02,259.133,260.843,256.853,260.313,110680.0
2023-06-05,260.253,260.313,252.923,259.573,104795.0
2023-06-06,259.203,266.253,257.433,262.133,128981.0
2023-06-07,263.253,264.693,256.753,257.803,100490.0
2023-06-08,257.443,260.093,255.723,256.253,64454.0
2023-06-09,260.053,260.353,253.753,259.253,107484.0
2023-06-12,257.753,264.253,256.753,261.763,102891.0
2023-06-13,261.753,263.253,258.383,262.473,81511.0
2023-06-14,263.933,266.643,262.753,264.253,125776.0
2023-06-15,264.753,276.263,264.543,273.133,243961.0
2023-06-16,275.113,277.113,271.253,272.333,152297.0
2023-06-19,272.333,276.243,269.133,270.463,123565.0
2023-06-20,270.263,270.453,266.153,269.503,102366.0
2023-06-21,268.263,274.533,267.503,269.033,107812.0
2023-06-26,263.683,269.943,263.553,264.143,101512.0
2023-06-27,263.273,265.103,258.333,261.303,99029.0
2023-06-28,261.253,263.753,259.353,261.503,57270.0
2023-06-29,261.503,262.033,256.483,256.953,83485.0
2023-06-30,255.383,261.253,254.953,259.523,75724.0
2023-07-03,260.133,270.523,260.133,268.733,162565.0
2023-07-04,269.753,276.253,267.763,272.753,157120.0
2023-07-05,272.763,273.733,266.943,268.253,93033.0
2023-07-06,268.253,273.253,268.053,269.353,83712.0
2023-07-07,268.253,268.913,265.363,265.653,62192.0
2023-07-10,268.253,270.753,264.003,264.803,68878.0
2023-07-11,266.253,271.943,265.053,270.583,102405.0
2023-07-12,271.753,272.403,265.913,266.863,87032.0
2023-07-13,268.753,270.753,266.263,269.083,82753.0
2023-07-14,269.053,269.053,264.753,265.663,102722.0
2023-07-17,268.253,268.253,263.603,265.743,78927.0
2023-07-18,266.503,268.823,261.753,266.733,98456.0
2023-07-19,266.743,267.153,263.993,266.083,50250.0
2023-07-20,266.753,270.753,265.253,266.203,91271.0
2023-07-21,265.253,266.053,262.803,265.573,75287.0
2023-07-24,262.263,264.023,258.743,258.753,95950.0
2023-07-25,263.933,268.243,263.903,265.843,173883.0
2023-07-26,265.013,265.013,261.853,263.343,65865.0
2023-07-27,265.753,267.023,262.053,262.883,112651.0
2023-07-28,262.395,270.045,260.615,269.395,173308.0
2023-07-31,272.395,278.975,272.275,274.395,215060.0
2023-08-01,274.155,275.155,268.895,270.895,120340.0
2023-08-02,273.095,274.395,268.755,270.395,87394.0
2023-08-03,269.675,270.875,267.905,270.625,66170.0
2023-08-04,271.385,272.465,269.045,270.695,88053.0
2023-08-07,270.325,270.325,267.585,269.385,64204.0
2023-08-08,267.595,268.895,264.905,265.695,91712.0
2023-08-09,264.395,265.895,262.625,265.295,72499.0
2023-08-10,265.395,267.265,263.135,265.095,60016.0
2023-08-11,265.085,265.095,261.405,261.645,86125.0
2023-08-14,257.395,259.385,245.885,248.215,252890.0
2023-08-15,248.215,248.525,244.295,246.935,115021.0
2023-08-16,245.675,247.895,244.605,246.595,79979.0
2023-08-17,245.765,248.735,242.795,248.405,86836.0
2023-08-18,247.955,247.955,242.395,242.685,98467.0
2023-08-21,242.195,242.275,236.445,236.805,127879.0
2023-08-22,240.365,240.895,233.295,236.935,112116.0
2023-08-23,236.935,236.935,232.425,232.485,81238.0
2023-08-24,233.405,239.395,233.405,237.295,106811.0
2023-08-25,235.675,236.725,233.895,234.995,66775.0
2023-08-28,250.395,250.395,236.645,237.925,133527.0
2023-08-29,239.205,249.895,239.205,249.105,213223.0
2023-08-30,251.725,253.865,250.235,252.195,152187.0
2023-08-31,252.905,253.385,250.395,251.795,88734.0
2023-09-01,255.395,256.865,250.395,251.515,77772.0
2023-09-04,253.995,255.395,251.275,254.845,96512.0
2023-09-05,254.595,254.595,251.085,251.425,74571.0
2023-09-06,252.395,254.695,251.695,252.845,65929.0
2023-09-07,252.815,252.815,250.505,250.795,60913.0
2023-09-08,249.405,249.405,245.085,246.445,67634.0
2023-09-11,246.095,250.895,244.595,249.405,76513.0
2023-09-12,251.095,255.765,249.495,254.385,119532.0
2023-09-13,254.395,256.675,252.795,253.945,91479.0
2023-09-14,249.195,249.345,244.395,246.025,152580.0
2023-09-15,246.395,249.235,243.905,246.685,82256.0
2023-09-18,246.895,253.595,246.685,249.775,96405.0
2023-09-19,248.395,250.675,246.195,249.565,62397.0
2023-09-20,247.395,248.675,246.395,246.395,54497.0
2023-09-21,245.395,246.265,240.945,242.075,92965.0
2023-09-22,241.915,248.055,240.895,247.445,96764.0
2023-09-25,249.225,249.375,246.745,248.195,64787.0
2023-09-26,247.395,247.395,240.695,240.895,118463.0
2023-09-27,241.505,244.615,240.185,240.225,75734.0
2023-09-28,241.195,241.895,238.445,239.095,85258.0
2023-10-09,239.095,240.905,232.055,240.365,91791.0
2023-10-10,240.355,242.415,239.395,240.305,63937.0
2023-10-11,244.355,244.895,240.395,240.985,76684.0
2023-10-12,242.795,247.895,241.395,246.845,139341.0
2023-10-13,244.295,245.165,242.195,242.755,66445.0
2023-10-16,242.795,243.475,238.895,239.905,66022.0
2023-10-17,239.915,242.385,238.895,240.395,49164.0
2023-10-18,247.995,253.395,246.395,251.465,307863.0
2023-10-19,249.345,250.365,242.735,242.995,147753.0
2023-10-20,242.395,244.195,240.605,241.595,85659.0
2023-10-23,242.395,242.395,238.595,241.045,73537.0
2023-10-24,241.695,242.895,237.065,237.945,110779.0
2023-10-25,240.365,242.405,238.615,239.795,83676.0
2023-10-26,238.455,241.195,238.095,241.005,73199.0
2023-10-27,240.395,245.895,239.915,244.345,103206.0
2023-10-30,241.905,247.385,241.095,246.995,117295.0
2023-10-31,245.895,246.385,239.895,240.935,127205.0
2023-11-01,240.395,240.395,237.815,238.595,93390.0
2023-11-02,240.255,240.275,237.195,237.195,85414.0
2023-11-03,237.905,241.545,237.275,241.045,90679.0
2023-11-06,242.905,245.825,242.395,245.295,143548.0
2023-11-07,245.395,246.695,242.905,243.365,94513.0
2023-11-08,242.755,243.255,241.575,242.395,80128.0
2023-11-09,242.395,243.145,240.735,241.695,73183.0
2023-11-10,241.395,241.395,238.055,239.355,81902.0
2023-11-13,240.275,240.575,237.495,239.515,69738.0
2023-11-14,239.695,240.595,238.995,240.025,55217.0
2023-11-15,242.295,242.395,240.695,241.035,78692.0
2023-11-16,242.195,242.195,239.615,240.695,61690.0
2023-11-17,239.395,240.985,238.395,239.155,59462.0
2023-11-20,238.195,238.895,236.975,237.395,76771.0
2023-11-21,238.085,239.075,236.055,236.595,82386.0
2023-11-22,235.895,235.895,232.275,232.395,105571.0
2023-11-23,232.895,233.675,229.515,231.225,105764.0
2023-11-24,231.195,231.195,217.795,219.245,280659.0
2023-11-27,214.395,214.395,207.395,211.295,215481.0
2023-11-28,211.315,214.165,209.405,212.305,122211.0
2023-11-29,212.275,212.295,203.785,204.375,219246.0
2023-11-30,203.995,205.125,200.845,201.545,187242.0
2023-12-01,202.875,203.215,195.205,199.445,194190.0
2023-12-04,199.445,201.685,195.995,198.785,117613.0
2023-12-05,199.395,202.355,198.005,198.735,152372.0
2023-12-06,198.745,203.635,198.395,203.585,176347.0
2023-12-07,203.585,203.595,199.695,201.845,103169.0
2023-12-08,201.425,202.755,200.715,200.945,77700.0
2023-12-11,199.145,201.975,197.035,201.585,101086.0
2023-12-12,200.575,201.125,198.515,198.725,79797.0
2023-12-13,198.215,198.215,194.115,194.195,117535.0
2023-12-14,195.395,198.575,193.505,193.575,92497.0
2023-12-15,195.475,196.785,193.475,195.675,101841.0
2023-12-18,193.455,194.895,190.705,191.455,100511.0
2023-12-19,190.925,191.075,188.555,190.395,79370.0
2023-12-20,190.725,191.725,187.265,187.275,84925.0
2023-12-21,185.725,192.375,185.245,192.075,133149.0
2023-12-22,192.295,197.775,190.435,194.645,117998.0
2023-12-25,195.395,196.595,192.605,194.575,53770.0
2023-12-26,194.555,194.555,192.395,194.145,41380.0
2023-12-27,195.395,195.895,193.095,193.845,61364.0
2023-12-28,193.425,201.055,193.055,200.445,138778.0
2023-12-29,201.365,202.195,199.545,200.395,80367.0
2024-01-02,202.005,202.015,194.765,194.995,113928.0
2024-01-03,194.895,196.265,193.095,195.565,84486.0
2024-01-04,196.735,197.045,193.495,195.415,89870.0
2024-01-05,194.865,199.895,193.525,195.075,112402.0
2024-01-08,195.195,196.055,191.545,191.795,81078.0
2024-01-09,193.395,198.395,192.595,195.255,112187.0
2024-01-10,194.095,195.695,191.995,192.685,71416.0
2024-01-11,192.595,201.095,191.205,199.175,159862.0
2024-01-12,199.175,200.645,197.685,198.265,87023.0
2024-01-15,197.115,199.395,194.815,197.005,70220.0
2024-01-16,196.295,198.945,195.465,197.695,83809.0
2024-01-17,196.595,196.945,189.195,189.195,160795.0
2024-01-18,188.045,193.395,187.305,192.875,114592.0
2024-01-19,191.885,195.355,191.095,191.735,80905.0
2024-01-22,191.265,193.695,186.955,187.735,132240.0
2024-01-23,187.395,191.355,186.695,190.245,110726.0
2024-01-24,191.675,192.245,186.475,191.095,96641.0
2024-01-25,191.275,193.295,188.055,192.295,130769.0
2024-01-26,191.395,191.395,187.895,188.255,115855.0
2024-01-29,188.295,188.395,180.705,180.835,146043.0
2024-01-30,175.475,177.875,172.695,174.365,190761.0
2024-01-31,173.485,177.675,172.715,173.125,125368.0
2024-02-01,172.395,175.395,170.755,173.285,116651.0
2024-02-02,173.355,174.275,165.405,169.395,147992.0
2024-02-05,167.395,174.175,165.165,170.395,186216.0
2024-02-06,168.395,178.505,167.895,178.265,176190.0
2024-02-07,179.645,185.395,178.495,181.955,160094.0
2024-02-08,183.885,185.745,183.095,183.565,119246.0
2024-02-19,186.275,187.745,184.235,185.895,119687.0
2024-02-20,185.895,186.075,179.395,181.415,113357.0
2024-02-21,179.495,187.995,179.055,185.395,147693.0
2024-02-22,185.295,186.035,183.655,185.385,80906.0
2024-02-23,185.385,186.385,183.225,185.075,91175.0
2024-02-26,188.395,192.525,187.945,188.395,155461.0
2024-02-27,189.845,196.325,189.595,196.095,206343.0
2024-02-28,198.395,198.915,190.395,190.395,168292.0
2024-02-29,189.405,194.005,188.585,193.595,122363.0
2024-03-01,193.295,195.375,191.165,194.575,122158.0
2024-03-04,192.395,194.095,190.495,191.665,126865.0
2024-03-05,189.895,194.045,187.895,193.215,149624.0
2024-03-06,192.395,195.375,191.395,194.045,100100.0
2024-03-07,194.455,196.355,191.195,191.285,101327.0
2024-03-08,190.695,192.545,189.645,190.485,67150.0
2024-03-11,190.395,202.295,190.395,201.135,278080.0
2024-03-12,203.395,209.055,200.165,207.495,245029.0
2024-03-13,209.315,212.795,208.225,208.755,177813.0
2024-03-14,210.815,217.755,210.815,214.475,211352.0
2024-03-15,212.395,213.775,208.575,211.865,146628.0
2024-03-18,214.245,220.645,214.005,220.425,196982.0
2024-03-19,220.425,222.245,216.785,219.195,146973.0
2024-03-20,219.405,223.175,219.405,220.875,96805.0
2024-03-21,221.315,222.195,219.395,221.345,88667.0
2024-03-22,221.345,221.365,217.595,219.345,104672.0
2024-03-25,218.765,220.185,215.245,216.595,99109.0
2024-03-26,218.395,222.385,217.665,221.995,131346.0
2024-03-27,222.005,222.095,212.405,214.375,188849.0
2024-03-28,212.245,214.235,208.405,210.775,159435.0
2024-03-29,210.825,210.915,203.565,205.455,141381.0
2024-04-01,205.455,215.375,205.455,214.405,142909.0
2024-04-02,214.405,219.695,214.195,214.735,107585.0
2024-04-03,212.895,213.505,209.945,210.555,83634.0
2024-04-08,209.395,217.395,208.785,214.395,128227.0
2024-04-09,214.145,217.385,213.745,214.475,84208.0
2024-04-10,216.695,216.895,212.395,214.235,72411.0
2024-04-11,211.395,217.835,210.195,215.375,100854.0
2024-04-12,214.395,219.585,211.935,212.995,114918.0
2024-04-15,212.395,217.895,211.485,216.015,113332.0
2024-04-16,214.795,217.745,213.105,214.025,98323.0
2024-04-17,213.395,215.575,211.995,215.395,96922.0
2024-04-18,214.395,218.895,211.795,215.995,133998.0
2024-04-19,214.585,215.265,209.455,212.525,111770.0
2024-04-22,212.395,213.925,210.495,210.955,64695.0
2024-04-23,210.945,210.955,206.385,207.435,87300.0
2024-04-24,209.285,211.195,206.895,209.815,74979.0
2024-04-25,209.795,213.905,209.015,211.335,94684.0
2024-04-26,212.395,222.155,212.395,221.765,253454.0
2024-04-29,223.475,227.795,221.125,223.775,191676.0
2024-04-30,225.895,226.775,220.895,220.895,115560.0
2024-05-06,227.395,230.785,225.895,228.695,186779.0
2024-05-07,228.695,234.385,226.435,232.275,144190.0
2024-05-08,230.935,231.275,228.395,228.625,91132.0
2024-05-09,228.695,230.795,228.545,230.545,79007.0
2024-05-10,229.395,231.915,228.395,230.195,80613.0
2024-05-13,227.595,229.755,224.975,228.095,82481.0
2024-05-14,228.105,229.965,226.505,227.305,62619.0
2024-05-15,226.895,228.395,220.695,221.535,99734.0
2024-05-16,221.545,222.355,219.005,220.705,87157.0
2024-05-17,221.785,222.725,220.055,221.985,71487.0
2024-05-20,220.875,226.395,220.875,225.265,75959.0
2024-05-21,224.375,224.385,219.815,221.175,84080.0
2024-05-22,220.585,221.895,217.555,219.315,88398.0
2024-05-23,218.245,218.245,215.905,217.345,62287.0
2024-05-24,216.375,216.395,211.195,211.695,102876.0
2024-05-27,212.395,213.195,208.995,210.745,76046.0
2024-05-28,211.195,211.305,208.975,209.775,60946.0
2024-05-29,213.395,228.395,213.385,227.095,302648.0
2024-05-30,226.815,231.775,226.295,230.255,223792.0
2024-05-31,231.195,233.995,229.385,231.415,185430.0
2024-06-03,231.405,242.875,228.385,239.495,270146.0
2024-06-04,239.295,242.195,238.345,240.545,157429.0
2024-06-05,240.875,248.695,240.875,243.185,194434.0
2024-06-06,243.595,246.195,239.895,240.895,175865.0
2024-06-07,241.425,243.785,234.525,237.895,182594.0
2024-06-11,237.025,248.395,236.725,247.025,221597.0
2024-06-12,244.025,249.945,244.025,245.295,187332.0
2024-06-13,251.195,260.675,250.505,255.385,292519.0
2024-06-14,253.875,256.325,248.925,255.445,202610.0
2024-06-17,254.395,262.265,253.265,259.605,208649.0
2024-06-18,257.995,259.695,255.395,258.035,128789.0
2024-06-19,258.395,260.395,255.805,256.395,99108.0
2024-06-20,255.275,256.165,251.695,253.895,116200.0
2024-06-21,254.385,256.765,250.205,253.065,116330.0
2024-06-24,252.395,256.375,250.175,252.335,108423.0
2024-06-25,254.395,261.135,252.755,256.405,195746.0
2024-06-26,254.395,256.695,251.775,255.115,111917.0
2024-06-27,253.415,254.755,250.815,251.895,82911.0
2024-06-28,250.395,254.525,249.275,252.645,92982.0
2024-07-01,252.645,254.245,244.895,249.195,129273.0
2024-07-02,249.265,250.095,245.445,246.365,102627.0
2024-07-03,246.355,247.775,242.395,245.495,96574.0
2024-07-04,247.395,252.085,246.895,247.025,99196.0
2024-07-05,245.565,246.895,241.275,244.425,95665.0
2024-07-08,244.195,250.615,243.575,247.385,105375.0
2024-07-09,247.595,255.905,243.905,254.995,140763.0
2024-07-10,254.885,258.925,253.895,254.895,109283.0
2024-07-11,257.395,258.655,254.075,255.455,100359.0
2024-07-12,255.915,266.395,254.285,265.015,188863.0
2024-07-15,264.695,267.195,263.005,264.105,98716.0
2024-07-16,263.005,264.595,258.745,261.385,117588.0
2024-07-17,261.395,263.915,259.015,261.905,105192.0
2024-07-18,260.295,265.295,259.905,263.825,95322.0
2024-07-19,262.895,268.395,262.135,266.455,136214.0
2024-07-22,266.495,272.495,266.495,268.005,100750.0
2024-07-23,267.385,267.805,255.395,255.625,167410.0
2024-07-24,255.625,257.545,250.885,252.385,118640.0
2024-07-25,252.365,256.935,249.895,252.785,101104.0
2024-07-26,255.365,260.025,253.545,257.345,124842.0
2024-07-29,258.423,258.493,252.073,254.593,78859.0
2024-07-30,253.083,253.293,247.113,249.403,110393.0
2024-07-31,248.103,253.513,248.063,252.543,87490.0
2024-08-01,253.493,254.233,245.493,249.693,103635.0
2024-08-02,247.483,247.753,240.093,240.273,145671.0
2024-08-05,236.333,242.163,235.503,236.673,105268.0
2024-08-06,239.493,240.113,231.473,234.433,129102.0
2024-08-07,234.533,236.493,231.963,234.443,82022.0
2024-08-08,233.293,233.293,228.993,231.943,85357.0
2024-08-09,233.553,241.373,233.533,237.113,119852.0
2024-08-12,237.503,238.983,234.993,235.893,53779.0
2024-08-13,235.853,235.883,231.493,234.223,60437.0
2024-08-14,234.093,234.093,230.693,232.093,56330.0
2024-08-15,232.063,237.993,230.373,236.983,88545.0
2024-08-16,237.603,243.813,235.993,240.603,102219.0
2024-08-19,240.743,244.473,240.503,240.913,70182.0
2024-08-20,241.493,242.823,238.923,241.973,62484.0
2024-08-21,240.153,248.623,237.493,246.493,111043.0
2024-08-22,246.493,248.263,245.113,246.013,62488.0
2024-08-23,245.293,246.793,243.643,244.833,49786.0
2024-08-26,244.993,248.493,243.203,244.903,56513.0
2024-08-27,243.003,246.773,241.993,246.293,50926.0
2024-08-28,245.763,245.773,238.293,242.343,89041.0
2024-08-29,238.823,241.993,236.793,240.343,79385.0
2024-08-30,243.473,257.283,242.753,254.913,193028.0
2024-09-02,253.513,255.913,246.493,246.593,101135.0
2024-09-03,245.893,252.943,245.893,252.573,101820.0
2024-09-04,250.993,257.393,250.933,255.813,100606.0
2024-09-05,255.493,261.093,255.093,258.343,100126.0
2024-09-06,258.353,260.593,256.913,257.093,78142.0
2024-09-09,254.973,259.453,254.073,255.473,70851.0
2024-09-10,255.493,258.293,254.113,255.143,61248.0
2024-09-11,255.493,266.093,254.933,263.593,155361.0
2024-09-12,264.193,265.493,262.493,262.503,77251.0
2024-09-13,262.693,263.493,260.343,260.483,56992.0
2024-09-18,260.513,264.823,259.593,263.923,66820.0
2024-09-19,264.503,264.873,258.793,260.853,91043.0
2024-09-20,260.873,264.293,258.373,261.593,89898.0
2024-09-23,261.443,262.453,254.283,255.493,107583.0
2024-09-24,258.493,260.993,252.253,259.783,156495.0
2024-09-25,263.493,275.153,263.153,268.293,205710.0
2024-09-26,269.493,275.193,267.593,275.103,149066.0
2024-09-27,278.493,297.483,276.993,289.483,309922.0
2024-09-30,295.493,313.573,295.493,312.803,388805.0
2024-10-08,343.533,343.533,312.803,332.873,443439.0
2024-10-09,320.493,326.203,305.993,311.183,325919.0
2024-10-10,315.493,327.493,315.473,321.383,250167.0
2024-10-11,319.513,319.513,301.503,305.543,186418.0
2024-10-14,306.483,315.473,305.693,312.493,172365.0
2024-10-15,310.993,313.873,303.493,303.493,122149.0
2024-10-16,298.493,301.473,292.493,295.283,150322.0
2024-10-17,298.003,303.343,294.613,294.913,102457.0
2024-10-18,294.943,311.693,293.573,305.793,191092.0
2024-10-21,308.493,314.093,306.393,311.943,157816.0
2024-10-22,310.493,315.613,308.493,310.243,103733.0
2024-10-23,310.243,317.293,308.173,314.373,126695.0
2024-10-24,314.373,315.463,308.073,309.173,96885.0
2024-10-25,309.493,317.293,309.493,313.633,139820.0
2024-10-28,314.493,314.493,307.243,310.593,109324.0
2024-10-29,314.493,315.773,309.293,310.893,118546.0
2024-10-30,308.493,313.003,306.993,311.043,108448.0
2024-10-31,307.503,308.483,298.493,298.683,240852.0
2024-11-01,298.693,301.093,295.593,295.803,143041.0
2024-11-04,301.493,314.413,301.103,312.473,217319.0
2024-11-05,309.553,313.933,305.993,312.993,167820.0
2024-11-06,313.493,315.243,303.493,305.853,184861.0
2024-11-07,300.523,307.373,299.493,307.273,150676.0
2024-11-08,312.613,313.013,302.493,303.393,166716.0
2024-11-11,300.493,304.963,298.093,304.783,180859.0
2024-11-12,305.643,315.493,304.803,306.303,246557.0
2024-11-13,303.493,306.823,300.793,306.063,145116.0
2024-11-14,305.493,305.793,299.493,300.243,124583.0
2024-11-15,300.283,301.283,293.513,295.493,153236.0
2024-11-18,295.503,298.443,292.153,294.173,116206.0
2024-11-19,294.173,296.973,287.513,293.483,131947.0
2024-11-20,293.503,295.893,290.993,293.953,106017.0
2024-11-21,293.963,293.983,289.493,291.493,95533.0
2024-11-22,290.993,291.353,283.493,283.983,125142.0
2024-11-25,288.493,294.853,286.383,288.493,174533.0
2024-11-26,285.493,291.493,283.373,286.503,95206.0
2024-11-27,284.773,286.493,282.493,286.493,110003.0
2024-11-28,286.693,287.053,278.493,280.073,158589.0
2024-11-29,278.493,283.373,277.543,280.323,128005.0
2024-12-02,282.103,289.493,279.573,287.893,151357.0
2024-12-03,290.293,291.373,286.073,288.143,91450.0
2024-12-04,286.833,288.823,284.293,285.473,85013.0
2024-12-05,282.683,283.973,279.803,280.753,90268.0
2024-12-06,281.163,287.473,279.503,285.773,124698.0
2024-12-09,284.723,289.483,283.173,285.983,92153.0
2024-12-10,298.493,299.493,287.493,288.043,175929.0
2024-12-11,287.523,289.363,284.893,286.263,93360.0
2024-12-12,285.593,289.173,283.893,289.173,100134.0
2024-12-13,286.823,287.113,281.913,282.003,112359.0
2024-12-16,282.013,283.673,279.073,280.443,71490.0
2024-12-17,280.413,291.153,279.473,288.293,175682.0
2024-12-18,288.743,292.373,288.123,290.143,84106.0
2024-12-19,287.303,292.433,285.493,290.893,86729.0
2024-12-20,290.503,292.243,285.693,285.693,96707.0
2024-12-23,285.993,288.783,284.373,286.193,81516.0
2024-12-24,285.383,294.003,284.623,293.913,142287.0
2024-12-25,294.223,296.853,291.193,291.413,83391.0
2024-12-26,291.413,292.293,289.493,290.353,67605.0
2024-12-27,292.293,293.043,288.493,291.773,78683.0
2024-12-30,292.693,294.993,288.823,290.483,82947.0
2024-12-31,290.493,291.993,287.493,288.153,77620.0
2025-01-02,288.493,288.573,274.913,276.593,168784.0
2025-01-03,276.993,280.083,273.733,276.223,99365.0
2025-01-06,277.433,279.383,274.523,276.773,82447.0
2025-01-07,276.773,283.223,272.993,279.523,95722.0
2025-01-08,278.483,279.483,271.303,274.673,109082.0
2025-01-09,274.493,277.193,272.153,274.883,65613.0
2025-01-10,274.493,275.883,270.273,271.513,80548.0
2025-01-13,268.493,273.963,267.703,271.493,67214.0
2025-01-14,271.833,282.643,271.503,281.793,125790.0
2025-01-15,281.693,282.803,279.993,280.183,62336.0
2025-01-16,280.193,282.823,276.023,278.253,72572.0
2025-01-17,279.013,284.693,277.973,282.093,86142.0
2025-01-20,284.493,291.923,284.413,289.923,135797.0
2025-01-21,290.493,292.923,288.493,291.543,76441.0
2025-01-22,290.493,291.793,285.293,287.993,81057.0
2025-01-23,290.473,290.493,282.493,282.603,96174.0
2025-01-24,282.003,285.993,281.493,284.573,68144.0
2025-01-27,284.583,285.613,279.993,279.993,63408.0
2025-02-05,288.223,292.243,287.093,288.293,145351.0
2025-02-06,288.303,316.573,287.943,316.573,381459.0
2025-02-07,325.493,335.493,319.493,332.393,487075.0
2025-02-10,332.403,337.493,327.073,335.623,272711.0
2025-02-11,344.793,345.793,331.503,335.393,280364.0
2025-02-12,332.993,352.433,328.143,350.543,279357.0
2025-02-13,346.693,351.843,344.993,346.793,199840.0
2025-02-14,347.013,365.093,347.013,361.543,243645.0
2025-02-17,361.543,364.293,349.993,353.993,232015.0
2025-02-18,356.893,368.973,354.333,361.713,251797.0
2025-02-19,359.013,365.493,358.493,363.993,161918.0
2025-02-20,368.973,373.153,363.693,368.273,156937.0
2025-02-21,371.493,391.993,370.723,388.493,239292.0
2025-02-24,390.493,394.153,378.973,381.773,199407.0
2025-02-25,375.493,385.493,374.303,377.983,161103.0
2025-02-26,377.983,381.293,370.493,377.593,138529.0
2025-02-27,387.493,389.483,376.503,380.993,168446.0
2025-02-28,376.593,380.263,364.503,367.313,239304.0
2025-03-03,374.493,375.493,363.283,365.703,152078.0
2025-03-04,345.523,353.493,343.523,350.333,263453.0
2025-03-05,352.493,360.683,352.493,359.453,139069.0
2025-03-06,365.673,367.663,362.493,364.423,114601.0
2025-03-07,364.393,366.493,360.733,361.893,87584.0
2025-03-10,361.393,362.883,354.493,356.493,99177.0
2025-03-11,350.493,357.263,350.373,355.873,95370.0
2025-03-12,359.943,365.373,356.493,356.493,129511.0
2025-03-13,357.363,362.853,356.623,359.993,102211.0
2025-03-14,362.493,382.673,361.113,381.433,224697.0
2025-03-17,387.813,388.493,381.453,385.743,133069.0
2025-03-18,394.043,395.493,385.503,390.063,173339.0
2025-03-19,390.023,404.493,388.033,402.563,188352.0
2025-03-20,405.493,408.893,401.483,405.483,159413.0
2025-03-21,398.503,398.803,375.493,377.493,282107.0
2025-03-24,382.493,383.993,373.353,380.853,147894.0
2025-03-25,383.473,385.093,374.473,375.083,123085.0
2025-03-26,375.083,384.493,373.493,381.503,120205.0
2025-03-27,381.593,396.773,381.583,391.993,144394.0
2025-03-28,391.993,396.293,386.993,387.993,114940.0
2025-03-31,385.493,388.773,379.493,380.393,115784.0
2025-04-01,383.263,383.363,369.853,370.993,154072.0
2025-04-02,370.493,371.163,364.373,365.993,117100.0
2025-04-03,360.993,367.023,359.753,363.003,101023.0
2025-04-07,338.833,343.193,327.253,327.253,273498.0
2025-04-08,327.253,341.373,323.493,333.003,274644.0
2025-04-09,325.293,333.493,319.153,330.093,211939.0
2025-04-10,339.993,352.553,339.493,341.893,210896.0
2025-04-11,342.493,363.043,341.893,360.473,189945.0
2025-04-14,368.693,369.193,361.093,364.493,142069.0
2025-04-15,370.093,370.493,362.823,365.463,116516.0
2025-04-16,362.113,362.493,353.593,357.643,131828.0
2025-04-17,355.433,358.943,352.163,355.173,85289.0
2025-04-18,353.393,353.393,349.493,351.493,73860.0
2025-04-21,351.493,355.363,350.733,354.253,74953.0
2025-04-22,354.253,362.423,352.273,360.333,112122.0
2025-04-23,382.493,383.493,372.723,377.483,247927.0
2025-04-24,377.973,380.093,368.843,371.493,150892.0
2025-04-25,375.493,380.793,373.593,376.323,133869.0
2025-04-28,372.623,372.623,362.053,365.493,179783.0
2025-04-29,364.593,366.123,358.493,360.493,118983.0
2025-04-30,360.393,360.423,354.793,358.583,130479.0
2025-05-06,365.493,367.793,361.413,365.453,148294.0
2025-05-07,370.493,371.173,363.633,364.693,108840.0
2025-05-08,362.013,367.473,361.193,364.773,83382.0
2025-05-09,366.243,371.493,364.793,368.713,143726.0
2025-05-12,370.493,375.773,366.073,375.773,161370.0
2025-05-13,381.493,382.073,371.523,371.993,131771.0
2025-05-14,371.993,378.593,368.853,378.593,135693.0
2025-05-15,378.493,390.493,374.773,382.293,208801.0
2025-05-16,380.523,396.483,379.073,394.663,229328.0
2025-05-19,393.493,393.493,382.493,388.303,161373.0
2025-05-20,388.993,400.293,386.993,400.293,172100.0
2025-05-21,399.433,409.493,396.503,405.493,199479.0
2025-05-22,405.473,411.053,403.493,404.293,146363.0
2025-05-23,404.493,422.473,403.623,410.493,235574.0
2025-05-26,407.303,408.493,385.493,386.493,309551.0
2025-05-27,381.373,386.493,374.373,377.903,230275.0
2025-05-28,377.903,378.443,367.563,368.373,177754.0
2025-05-29,365.083,371.493,360.573,366.623,192061.0
2025-05-30,362.513,364.293,356.793,357.793,190560.0
2025-06-03,356.743,363.483,354.493,361.493,181893.0
2025-06-04,364.993,369.813,363.643,366.013,146904.0
2025-06-05,367.883,368.233,361.523,366.243,108613.0
2025-06-06,366.493,367.873,362.993,365.453,89698.0
2025-06-09,361.613,361.903,350.603,353.633,255091.0
2025-06-10,355.093,360.493,353.723,358.623,171786.0
2025-06-11,359.503,371.473,359.503,367.483,203107.0
2025-06-12,365.383,365.383,358.503,358.733,144047.0
2025-06-13,354.993,355.403,346.983,351.493,210240.0
2025-06-16,351.483,352.533,346.293,349.923,102284.0
2025-06-17,349.493,351.893,347.893,349.233,70045.0
2025-06-18,348.313,354.693,347.463,352.443,102897.0
2025-06-19,349.523,350.783,345.843,345.993,100381.0
2025-06-20,345.523,348.463,345.293,345.743,73538.0
2025-06-23,342.343,345.203,339.093,343.693,94593.0
2025-06-24,346.723,351.693,346.723,348.873,144713.0
2025-06-25,351.483,355.223,348.513,354.763,125738.0
2025-06-26,349.803,349.803,342.323,342.933,204932.0
2025-06-27,339.493,342.213,338.933,339.733,138617.0
2025-06-30,339.733,339.733,334.083,337.403,144003.0
2025-07-01,335.793,338.843,334.283,336.833,88518.0
2025-07-02,337.493,339.353,334.423,336.153,93270.0
2025-07-03,336.473,340.743,336.163,340.053,123498.0
2025-07-04,338.043,340.483,335.263,336.493,104104.0
2025-07-07,334.693,335.983,333.933,334.083,88208.0
2025-07-08,332.493,335.273,331.213,332.373,116918.0
2025-07-09,332.393,333.703,331.273,331.293,121633.0
2025-07-10,331.303,331.583,324.343,326.723,210022.0
2025-07-11,325.393,332.343,324.513,329.403,168270.0
2025-07-14,329.403,329.403,323.053,323.983,172309.0
2025-07-15,323.693,330.493,323.493,328.543,162791.0
2025-07-16,328.553,331.403,328.553,329.213,110758.0
2025-07-17,330.493,334.213,329.593,333.513,156891.0
2025-07-18,334.623,334.993,330.743,334.603,136866.0
2025-07-21,333.483,339.613,332.753,339.613,153945.0
2025-07-22,340.493,347.503,338.703,347.183,214164.0
2025-07-23,347.583,348.493,342.493,343.563,158907.0
2025-07-24,343.573,352.033,343.123,348.213,189063.0
2025-07-25,346.493,346.893,340.493,343.423,157041.0
2025-07-28,343.423,344.593,341.023,342.493,117057.0
2025-07-29,345.497,346.967,338.777,343.727,387360.0
2025-07-30,333.617,342.947,330.827,335.567,524834.0
2025-07-31,334.067,334.067,324.467,325.187,599499.0
2025-08-01,324.317,328.187,322.547,326.867,362337.0
2025-08-04,321.467,324.887,317.177,324.107,412937.0
2025-08-05,324.107,325.097,320.807,324.047,338350.0
2025-08-06,324.047,324.467,321.167,322.517,305620.0
2025-08-07,322.277,328.757,321.947,325.457,428763.0
2025-08-08,324.467,324.557,321.197,321.257,326615.0
2025-08-11,321.107,326.447,319.157,326.027,356698.0
2025-08-12,325.667,328.757,323.567,326.477,312195.0
2025-08-13,328.337,332.417,326.987,329.957,459830.0
2025-08-14,331.577,331.967,326.837,328.577,419548.0
2025-08-15,327.017,329.387,325.427,327.677,361353.0
2025-08-18,326.447,337.937,326.447,334.577,619252.0
2025-08-19,335.477,336.227,331.007,332.357,389735.0
2025-08-20,331.007,334.247,327.497,334.217,385053.0
2025-08-21,332.867,335.957,330.467,330.767,449464.0
2025-08-22,330.797,342.377,330.797,341.447,763120.0
2025-08-25,343.397,346.937,340.397,344.297,611628.0
2025-08-26,344.717,353.537,341.597,350.717,692916.0
2025-08-27,351.347,351.647,341.447,341.507,689747.0
2025-08-28,337.637,340.037,330.797,337.427,762522.0
2025-08-29,336.107,359.237,333.827,351.647,1144902.0
2025-09-01,334.967,343.907,334.967,338.567,1329867.0
2025-09-02,335.837,342.767,335.267,339.527,773224.0
2025-09-03,340.967,341.657,330.497,331.097,735223.0
2025-09-04,329.237,330.737,320.597,321.467,815741.0
2025-09-05,321.047,331.967,318.797,331.247,787524.0
2025-09-08,327.917,330.857,325.997,328.217,555923.0
2025-09-09,327.467,331.067,325.277,325.937,381636.0
2025-09-10,326.027,328.817,324.527,325.067,322369.0
2025-09-11,325.217,329.267,324.137,329.237,537781.0
2025-09-12,329.267,332.207,327.167,327.197,455910.0
2025-09-15,327.467,342.017,327.467,335.567,974804.0
2025-09-16,336.467,336.467,331.127,332.867,533160.0
2025-09-17,334.067,345.467,334.067,342.437,981240.0
2025-09-18,342.437,347.867,335.147,338.597,934014.0
2025-09-19,338.867,341.867,336.467,336.737,472977.0
2025-09-22,336.077,336.197,330.917,333.437,491559.0
2025-09-23,331.817,332.537,323.387,326.267,650963.0
2025-09-24,324.467,326.957,321.467,326.597,548162.0
2025-09-25,325.487,335.867,324.077,331.967,693482.0
2025-09-26,331.817,343.157,330.467,331.337,756612.0
2025-09-29,330.467,336.887,328.637,335.297,613984.0
2025-09-30,334.037,339.407,332.747,337.097,567756.0
2025-10-09,335.477,346.907,333.677,341.267,1008722.0
2025-10-10,341.117,341.117,332.207,332.837,590103.0
2025-10-13,324.467,327.407,321.767,326.537,744430.0
2025-10-14,329.507,337.547,326.327,327.437,767786.0
2025-10-15,328.817,331.997,325.967,330.767,475791.0
2025-10-16,330.467,337.367,328.997,330.347,523096.0
2025-10-17,329.267,329.357,322.247,322.757,625725.0
2025-10-20,325.127,326.357,321.707,323.027,355615.0
2025-10-21,323.537,324.677,322.187,323.747,299074.0
2025-10-22,321.767,322.427,319.577,320.807,357874.0
2025-10-23,319.367,320.657,315.467,320.537,378603.0
2025-10-24,321.407,322.577,320.297,320.747,305543.0
2025-10-27,321.467,324.377,321.107,321.497,345988.0
2025-10-28,321.527,322.427,319.967,320.627,265416.0
2025-10-29,320.657,325.007,318.467,323.027,397340.0
2025-10-30,321.467,324.047,319.967,320.297,358989.0
2025-10-31,312.467,313.427,309.467,311.837,637053.0
2025-11-03,311.837,312.437,304.967,308.267,551670.0
2025-11-04,306.467,308.087,302.597,302.867,435017.0
2025-11-05,299.447,299.447,293.657,296.867,587215.0
2025-11-06,296.207,302.717,295.667,302.027,402004.0
2025-11-07,300.467,303.917,299.957,301.067,322561.0
2025-11-10,301.517,310.517,301.517,307.637,554877.0
2025-11-11,307.967,308.807,303.887,305.597,319858.0
2025-11-12,305.867,306.437,302.087,302.777,260643.0
2025-11-13,300.497,310.967,300.497,308.957,579990.0
2025-11-14,306.467,310.967,304.457,304.577,342985.0
2025-11-17,302.867,305.237,301.217,303.707,207248.0
2025-11-18,302.087,303.017,297.527,298.937,304756.0
2025-11-19,298.667,299.447,294.497,294.977,348292.0
2025-11-20,294.977,295.967,289.967,290.297,391811.0
2025-11-21,286.937,292.637,284.567,287.567,451713.0
2025-11-24,288.767,292.697,286.067,291.257,327302.0
2025-11-25,291.467,295.607,290.567,291.197,277489.0
2025-11-26,293.717,295.787,292.817,294.737,306577.0
2025-11-27,293.267,294.947,292.127,292.337,202280.0
2025-11-28,293.267,295.157,292.067,294.977,219351.0
2025-12-01,295.637,298.367,294.887,296.777,233713.0
2025-12-02,298.727,302.867,298.217,299.327,359217.0
2025-12-03,299.387,299.417,294.137,294.617,231573.0
2025-12-04,294.227,295.337,292.067,295.187,166142.0
2025-12-05,295.337,298.127,293.597,297.407,211618.0
2025-12-08,298.097,300.917,298.097,299.057,247805.0
2025-12-09,298.097,299.447,296.567,297.557,163227.0
2025-12-10,296.267,299.417,294.167,298.877,198402.0
2025-12-11,300.407,300.827,297.017,298.157,250908.0
2025-12-12,298.067,302.567,296.417,300.467,554621.0
2025-12-15,299.117,300.947,296.057,296.057,293301.0
2025-12-16,295.967,296.567,291.887,292.217,258768.0
2025-12-17,292.967,296.567,290.507,295.097,272825.0
2025-12-18,292.637,293.267,289.967,290.057,252797.0
2025-12-19,291.467,295.277,290.657,292.157,272068.0
2025-12-22,293.567,295.547,292.217,292.577,206235.0
2025-12-23,292.967,295.967,292.967,293.897,236617.0
2025-12-24,293.867,293.867,291.617,292.727,192810.0
2025-12-25,292.757,295.157,291.827,293.987,182202.0
2025-12-26,295.307,313.817,295.217,309.497,1020959.0
2025-12-29,310.967,313.367,308.267,310.097,519167.0
2025-12-30,307.247,309.917,305.687,308.717,318756.0
2025-12-31,309.407,310.067,301.607,302.627,402859.0
2026-01-05,304.667,307.907,303.167,303.797,382625.0
2026-01-06,304.127,310.967,303.827,309.437,521785.0
2026-01-07,309.347,309.347,300.647,302.267,560849.0
2026-01-08,301.067,301.067,298.457,300.107,300655.0
2026-01-09,300.617,303.317,300.167,300.497,350341.0
2026-01-12,300.497,303.467,298.367,301.877,425257.0
2026-01-13,306.467,308.267,300.107,301.037,498723.0
2026-01-14,299.897,302.687,295.997,297.767,514750.0
2026-01-15,297.707,299.387,296.267,296.477,295635.0
2026-01-16,299.567,301.787,296.267,297.047,384588.0
2026-01-19,299.897,301.367,296.777,298.037,334927.0
2026-01-20,298.127,298.247,293.507,293.687,389149.0
2026-01-21,291.497,294.287,291.467,291.767,308334.0
2026-01-22,293.627,294.857,291.137,291.827,291014.0
2026-01-23,292.187,292.547,289.997,290.417,383303.0
2026-01-26,290.417,290.447,286.967,287.357,375460.0
2026-01-27,287.477,288.437,284.867,284.897,362981.0
2026-01-28,284.867,289.967,279.497,289.487,715566.0
2026-01-29,287.447,288.227,284.297,286.397,371825.0
2026-01-30,286.277,286.277,281.567,282.137,329176.0
2026-02-02,273.467,276.737,270.377,270.617,646974.0
2026-02-03,271.067,271.667,267.107,271.577,377827.0
2026-02-04,270.437,277.457,268.817,276.887,376505.0
2026-02-05,274.967,283.157,274.457,279.797,354240.0
2026-02-06,277.637,281.447,276.467,278.927,247088.0
2026-02-09,280.967,281.417,278.957,279.647,208180.0
2026-02-10,279.467,284.177,278.987,281.897,267605.0
2026-02-11,282.107,288.317,282.107,286.307,396950.0
2026-02-12,286.337,286.517,282.707,282.947,230313.0
2026-02-13,279.617,282.737,279.107,280.277,217339.0
2026-02-24,285.407,285.437,281.297,282.077,206445.0
2026-02-25,282.137,287.837,282.137,283.817,324780.0
2026-02-26,283.667,283.667,278.297,279.017,291019.0
2026-02-27,277.667,279.287,276.767,277.427,219341.0
2026-03-02,273.467,301.217,272.627,299.837,1435137.0
2026-03-03,298.637,300.437,291.437,295.097,865741.0
2026-03-04,295.067,299.867,290.567,297.437,700969.0
2026-03-05,299.867,299.927,291.137,292.877,552440.0
2026-03-06,297.467,297.467,289.217,290.327,503540.0
2026-03-09,290.327,303.467,288.467,302.027,1093409.0
2026-03-10,301.007,301.937,297.707,299.267,507462.0
2026-03-11,299.717,310.487,296.477,307.127,903744.0
2026-03-12,307.157,311.537,305.567,306.767,502524.0
2026-03-13,306.467,311.837,304.367,308.477,519765.0
2026-03-16,308.477,324.467,305.837,323.327,1087814.0
2026-03-17,323.357,329.447,317.597,318.077,841389.0
2026-03-18,317.927,317.927,309.617,314.537,617996.0
2026-03-19,312.437,321.107,310.877,316.397,531059.0
2026-03-20,315.467,322.817,314.147,318.557,628783.0
2026-03-23,321.077,344.927,319.007,332.357,1782446.0
2026-03-24,334.667,334.667,324.257,329.387,921446.0
2026-03-25,329.627,332.447,325.307,329.267,662665.0
2026-03-26,329.327,332.507,317.567,318.887,828121.0
2026-03-27,321.437,327.137,317.717,325.367,658455.0
2026-03-30,319.997,333.467,319.217,327.617,727557.0
2026-03-31,330.467,334.937,324.767,325.217,588659.0
2026-04-01,327.167,328.967,316.577,317.417,715198.0
2026-04-02,316.937,319.907,310.967,314.417,604349.0
2026-04-03,314.867,316.367,306.467,306.497,491745.0
2026-04-07,307.967,308.777,301.817,303.407,379697.0
2026-04-08,304.967,313.307,303.797,313.127,562818.0
2026-04-09,310.097,310.097,305.897,306.557,379063.0
2026-04-10,307.637,316.067,306.557,314.477,605731.0
2026-04-13,314.177,324.437,311.897,322.217,663136.0
2026-04-14,318.467,322.037,316.967,320.927,543343.0
2026-04-15,320.927,323.777,316.967,318.557,428719.0
2026-04-16,319.307,327.377,319.307,326.087,643661.0
2026-04-17,324.437,325.847,318.827,320.807,442048.0
2026-04-20,320.807,321.317,317.327,318.197,383677.0
2026-04-21,318.197,319.037,313.457,314.057,432258.0
2026-04-22,312.797,316.607,311.267,314.327,343733.0
2026-04-23,314.177,314.237,306.497,309.407,492164.0
2026-04-24,309.197,309.197,305.567,307.847,337739.0
2026-04-27,309.467,321.467,309.107,316.487,601670.0
2026-04-28,315.017,319.367,313.487,313.907,361550.0
2026-04-29,313.877,326.387,312.467,325.667,1056558.0
2026-04-30,323.087,325.817,316.577,318.407,600979.0
2026-05-06,314.567,315.137,310.067,311.717,670487.0
2026-05-07,312.617,313.247,309.497,310.847,468846.0
2026-05-08,310.877,312.467,308.867,309.527,382158.0
2026-05-11,309.527,311.657,306.467,310.787,482810.0
2026-05-12,309.377,309.767,306.767,307.157,353441.0
2026-05-13,307.157,307.217,302.897,305.267,456194.0
2026-05-14,306.467,309.467,304.817,305.657,339180.0
2026-05-15,303.467,303.557,298.247,298.367,466217.0
2026-05-18,295.487,297.287,292.367,292.997,354613.0
2026-05-19,292.997,297.707,290.867,297.467,296184.0
2026-05-20,295.367,295.937,289.367,289.547,415010.0
2026-05-21,289.697,298.067,289.697,289.997,373950.0
2026-05-22,290.117,292.037,287.297,290.717,268592.0
2026-05-25,294.467,301.097,294.467,297.347,405995.0
2026-05-26,296.867,300.227,292.997,299.117,386524.0
2026-05-27,297.467,301.277,293.447,295.127,362374.0
2026-05-28,295.127,297.437,291.557,297.107,314590.0
2026-05-29,306.167,307.967,297.857,298.007,606294.0
2026-06-01,298.007,298.127,290.267,290.417,445981.0
2026-06-02,297.467,300.107,292.397,299.747,554964.0
2026-06-03,297.467,297.467,292.967,293.927,370434.0
2026-06-04,290.267,292.637,288.767,289.787,318712.0
2026-06-05,290.027,291.467,286.367,288.497,339969.0
2026-06-08,282.467,285.527,280.367,283.037,316844.0
2026-06-09,283.127,285.227,279.557,285.137,281927.0
2026-06-10,282.467,282.467,279.767,280.397,241287.0
2026-06-11,279.767,281.867,276.107,278.867,315087.0
2026-06-12,279.167,284.807,277.217,284.267,385352.0
2026-06-15,284.297,285.167,280.667,281.927,312979.0
2026-06-16,280.517,280.967,277.967,278.387,336019.0
2026-06-17,276.467,277.367,270.467,271.877,495267.0
2026-06-18,270.467,277.457,267.707,273.857,435790.0
2026-06-22,270.467,273.167,263.267,272.237,637242.0
2026-06-23,270.197,274.427,263.717,264.467,466217.0
2026-06-24,262.967,263.567,257.807,259.367,455735.0
2026-06-25,257.867,260.897,253.487,256.067,556432.0
2026-06-26,253.997,254.867,244.067,244.067,663208.0
2026-06-29,244.067,252.317,242.267,248.387,523707.0
2026-06-30,248.207,251.117,245.207,248.567,382043.0
2026-07-01,249.167,254.417,245.117,251.447,503177.0
2026-07-02,255.167,266.477,255.167,260.177,825046.0
2026-07-03,260.657,276.107,260.267,274.877,838982.0
2026-07-06,275.027,276.317,269.297,272.087,485828.0
2026-07-07,272.447,275.897,267.077,268.247,389470.0
2026-07-08,267.497,274.487,265.307,272.867,403809.0
2026-07-09,268.967,272.777,266.867,270.077,377393.0
2026-07-10,269.987,281.957,264.107,279.467,709332.0
2026-07-13,276.467,276.467,269.807,270.407,424585.0
2026-07-14,270.137,281.507,268.967,280.007,547075.0
2026-07-15,278.417,289.907,277.817,284.747,514154.0
2026-07-16,284.687,293.747,282.917,291.887,607204.0
2026-07-17,291.887,297.317,285.167,289.877,687346.0
2026-07-20,289.937,295.307,287.777,291.227,439890.0
2026-07-21,291.257,299.867,289.517,292.367,671593.0
2026-07-22,287.357,288.467,280.997,284.177,603550.0
2026-07-23,281.777,288.077,279.497,287.417,338014.0
2026-07-24,284.057,288.707,283.397,285.137,243034.0
2026-07-27,286.427,289.067,284.057,286.667,265332.0
2026-07-28,285.527,293.297,285.527,289.517,364015.0
2026-07-29,290.117,298.277,288.767,294.017,514457.0
2026-07-30,294.227,299.447,293.717,298.067,480361.0
2026-07-31,291.701,298.121,289.931,297.851,436131.0
2026-08-03,298.631,300.311,292.841,293.891,363897.0
2026-08-04,293.891,294.011,282.941,283.991,667715.0
2026-08-05,283.781,284.081,277.991,283.001,515598.0
2026-08-06,282.041,283.991,278.231,278.891,367372.0
2026-08-07,279.851,281.381,276.191,280.661,407016.0
2026-08-10,280.661,285.941,278.741,283.991,385737.0
2026-08-11,284.081,285.521,280.331,280.901,242228.0
2026-08-12,280.541,283.961,278.741,281.771,208188.0
2026-08-13,281.651,282.641,279.641,279.671,226654.0
2026-08-14,278.441,279.581,276.611,277.241,205856.0
2026-08-17,277.241,281.861,276.371,280.181,246255.0
2026-08-18,280.181,281.681,278.231,279.131,206369.0
2026-08-19,279.131,279.131,275.861,276.521,219606.0
2026-08-20,277.691,283.541,277.211,281.981,358074.0
2026-08-21,281.591,283.781,279.701,281.951,178862.0
2026-08-24,280.571,285.011,278.741,282.521,273647.0
2026-08-25,282.011,285.041,280.271,284.621,274502.0
2026-08-26,284.141,290.231,283.721,286.811,282823.0
2026-08-27,285.641,287.081,284.051,285.011,177014.0
2026-08-28,284.681,287.981,283.241,287.501,250318.0
2026-08-31,285.221,288.161,274.841,275.141,640400.0
2026-09-01,275.741,280.121,275.291,276.671,288589.0
2026-09-02,275.981,277.541,270.341,270.941,346800.0
2026-09-03,271.421,274.121,271.421,272.471,203734.0
2026-09-04,272.681,276.191,272.321,272.741,203431.0
2026-09-07,271.211,272.561,269.141,270.071,219265.0
2026-09-08,269.711,270.641,266.831,270.251,197267.0
2026-09-09,270.251,270.281,267.041,268.181,181858.0
2026-09-10,265.871,266.111,260.981,261.101,330732.0
2026-09-11,260.051,263.981,258.521,262.541,272935.0
2026-09-14,262.571,268.391,261.791,266.831,289599.0
2026-09-15,267.791,268.511,263.141,263.441,193562.0
2026-09-16,262.871,264.191,260.891,262.421,176423.0
2026-09-17,261.941,267.221,259.871,265.451,261479.0
2026-09-18,262.541,264.551,260.351,263.441,299925.0
2026-09-21,263.351,266.411,262.871,266.201,248322.0
2026-09-22,267.311,272.141,266.921,270.281,336847.0
2026-09-23,268.541,270.191,267.521,268.091,173155.0
2026-09-24,267.641,268.601,263.231,263.561,182216.0
