date,open,high,low,close,volume
2016-01-04,307.096,308.053,287.956,288.435,604672.0
2016-01-05,285.085,294.177,282.692,293.22,876024.0
2016-01-06,292.741,302.79,291.784,300.397,724044.0
2016-01-07,298.005,298.005,280.778,282.692,228042.0
2016-01-08,290.349,297.048,282.214,292.263,896717.0
2016-01-11,289.87,297.048,285.564,286.521,737036.0
2016-01-12,287.956,289.87,281.735,286.999,521574.0
2016-01-13,287.478,290.349,282.214,283.171,429509.0
2016-01-14,277.429,286.521,275.036,285.085,514590.0
2016-01-15,284.606,284.606,271.208,271.687,588313.0
2016-01-18,270.251,274.079,267.859,271.687,375630.0
2016-01-19,271.687,279.821,270.73,278.386,441345.0
2016-01-20,276.95,278.864,273.122,274.558,390489.0
2016-01-21,273.601,276.95,269.294,269.773,338668.0
2016-01-22,271.208,273.122,266.902,270.251,303675.0
2016-01-25,271.208,273.122,269.773,272.165,246941.0
2016-01-26,270.73,271.208,253.025,253.982,444943.0
2016-01-27,256.375,256.375,256.375,256.375,2770.0
2016-01-28,261.638,274.558,254.939,256.853,890259.0
2016-01-29,253.025,261.16,244.412,258.767,665822.0
2016-02-01,256.853,257.81,249.197,251.111,390964.0
2016-02-02,252.068,256.375,251.59,254.939,337477.0
2016-02-03,252.547,254.461,250.154,253.982,254504.0
2016-02-04,253.504,259.246,253.504,255.896,375307.0
2016-02-05,256.375,260.203,255.418,256.853,304333.0
2016-02-15,251.59,253.982,249.197,252.547,368548.0
2016-02-16,253.504,261.16,253.025,259.724,477660.0
2016-02-17,261.16,263.074,259.246,262.117,480368.0
2016-02-18,266.423,279.821,266.423,268.337,893462.0
2016-02-19,266.423,267.38,264.031,265.945,395050.0
2016-02-22,267.859,273.122,266.902,270.251,472261.0
2016-02-23,269.773,271.687,264.509,266.423,411690.0
2016-02-24,265.945,268.816,264.509,267.859,352192.0
2016-02-25,267.859,268.337,248.24,252.068,618653.0
2016-02-26,253.982,254.939,249.676,253.025,390211.0
2016-02-29,252.547,252.547,243.455,246.804,464048.0
2016-03-01,248.718,251.59,246.326,250.154,374985.0
2016-03-02,250.154,262.595,249.676,261.16,857361.0
2016-03-03,260.203,266.902,260.203,261.638,665919.0
2016-03-04,261.16,275.515,259.724,265.466,1271251.0
2016-03-07,267.38,272.644,265.466,267.38,625925.0
2016-03-08,267.38,268.816,259.724,265.466,579339.0
2016-03-09,262.117,262.595,260.203,261.16,259134.0
2016-03-10,262.595,263.552,259.724,260.203,254639.0
2016-03-11,259.246,260.681,256.853,260.203,266101.0
2016-03-14,263.552,268.816,263.074,265.466,452200.0
2016-03-15,265.945,268.337,264.031,265.945,346465.0
2016-03-16,267.859,267.859,261.16,263.074,295221.0
2016-03-17,263.074,268.816,262.595,266.902,385215.0
2016-03-18,267.38,271.208,266.423,269.773,736151.0
2016-03-21,272.165,277.907,269.773,275.036,920394.0
2016-03-22,273.122,275.036,270.251,270.73,608972.0
2016-03-23,270.251,274.079,269.773,271.687,439135.0
2016-03-24,270.251,270.73,264.988,265.466,475271.0
2016-03-25,265.466,267.38,265.466,267.38,224187.0
2016-03-28,268.337,269.294,264.509,266.423,330865.0
2016-03-29,266.423,266.902,262.117,263.074,245236.0
2016-03-30,264.509,271.208,264.509,271.208,573264.0
2016-03-31,271.208,272.644,269.773,270.73,428355.0
2016-04-01,269.773,272.165,267.38,272.165,367214.0
2016-04-05,271.687,275.036,267.859,274.558,758686.0
2016-04-06,273.601,274.558,271.687,273.122,463976.0
2016-04-07,274.079,274.558,269.294,269.294,369207.0
2016-04-08,268.816,269.294,265.466,267.859,328490.0
2016-04-11,269.294,277.907,269.294,275.036,824523.0
2016-04-12,275.036,276.95,272.165,273.601,380509.0
2016-04-13,274.558,286.521,274.558,279.343,1184534.0
2016-04-14,279.821,281.257,277.429,280.778,426196.0
2016-04-15,279.343,280.778,275.515,276.95,716643.0
2016-04-18,274.558,275.036,268.816,270.251,708050.0
2016-04-19,271.208,271.687,268.337,270.73,377297.0
2016-04-20,271.208,271.687,258.289,263.074,801319.0
2016-04-21,261.638,264.988,260.203,261.638,388428.0
2016-04-22,261.16,262.595,260.203,262.117,260276.0
2016-04-25,261.638,262.117,258.767,260.681,191328.0
2016-04-26,260.681,262.595,259.724,261.638,200041.0
2016-04-27,261.638,262.595,259.724,260.203,214381.0
2016-04-28,260.203,261.16,255.418,258.289,341715.0
2016-04-29,257.81,258.767,254.939,255.896,456220.0
2016-05-03,255.896,260.203,254.939,259.724,360353.0
2016-05-04,258.767,260.681,257.81,259.724,268885.0
2016-05-05,259.246,260.203,257.81,259.246,253738.0
2016-05-06,259.246,259.724,254.461,254.939,334684.0
2016-05-09,254.461,254.461,247.283,248.24,449576.0
2016-05-10,248.24,249.676,245.847,248.24,302302.0
2016-05-11,248.718,250.154,247.283,248.24,239828.0
2016-05-12,245.847,248.24,244.412,247.761,283543.0
2016-05-13,247.283,251.111,246.326,248.24,240383.0
2016-05-16,247.761,249.197,245.369,248.718,215260.0
2016-05-17,249.197,249.676,246.326,247.761,210736.0
2016-05-18,247.283,247.283,243.933,245.369,352425.0
2016-05-19,245.369,246.804,244.412,244.89,219219.0
2016-05-20,244.412,245.847,242.976,245.369,184538.0
2016-05-23,245.847,246.804,245.369,246.326,176618.0
2016-05-24,246.326,246.804,244.89,245.369,186596.0
2016-05-25,245.369,248.24,245.369,245.847,212998.0
2016-05-26,245.847,246.804,243.933,246.804,200677.0
2016-05-27,246.326,246.804,244.412,245.369,278719.0
2016-05-30,244.412,245.369,243.455,243.933,289550.0
2016-05-31,244.412,250.154,243.455,250.154,554782.0
2016-06-01,249.676,250.154,248.718,249.197,320675.0
2016-06-02,248.718,249.676,248.24,248.718,230096.0
2016-06-03,249.197,249.676,247.761,249.197,259886.0
2016-06-06,249.197,249.676,247.761,248.718,229135.0
2016-06-07,248.718,249.197,247.761,248.24,168108.0
2016-06-08,248.24,248.24,245.847,246.804,222286.0
2016-06-13,245.847,245.847,242.976,242.976,324780.0
2016-06-14,248.718,252.068,248.24,250.633,822973.0
2016-06-15,247.283,252.068,246.326,251.59,659334.0
2016-06-16,250.633,251.111,248.24,248.718,395594.0
2016-06-17,248.718,250.154,248.24,248.718,299196.0
2016-06-20,249.197,249.197,245.847,246.804,246342.0
2016-06-21,247.761,248.24,245.847,245.847,267302.0
2016-06-22,246.326,247.283,245.847,247.283,176248.0
2016-06-23,246.804,247.283,245.847,246.326,192337.0
2016-06-24,246.804,247.283,243.455,244.89,309337.0
2016-06-27,244.412,246.804,243.933,246.804,219120.0
2016-06-28,246.326,247.283,245.369,247.283,249315.0
2016-06-29,247.283,251.111,247.283,249.197,386742.0
2016-06-30,249.197,249.197,247.761,248.718,246188.0
2016-07-01,248.24,249.676,247.761,248.24,213107.0
2016-07-04,247.761,251.111,247.761,250.633,477111.0
2016-07-05,250.633,257.81,250.154,253.504,858698.0
2016-07-06,252.547,253.025,250.633,252.068,391273.0
2016-07-07,251.59,252.547,251.111,252.547,285900.0
2016-07-08,253.025,253.025,251.111,252.068,215413.0
2016-07-11,252.068,253.982,251.59,252.068,350657.0
2016-07-12,252.068,255.418,251.59,254.939,527153.0
2016-07-13,254.461,257.332,254.461,256.375,646363.0
2016-07-14,256.375,256.853,254.461,255.896,279114.0
2016-07-15,254.939,256.375,254.461,254.939,365172.0
2016-07-18,254.461,254.461,252.068,252.547,319186.0
2016-07-19,252.547,253.982,252.068,252.547,222082.0
2016-07-20,253.504,254.461,253.025,253.025,242449.0
2016-07-21,253.504,254.939,253.025,253.504,229994.0
2016-07-22,253.025,253.982,252.068,252.547,199150.0
2016-07-25,252.547,253.982,251.59,253.982,211910.0
2016-07-26,253.504,254.939,253.025,254.939,259653.0
2016-07-27,254.461,256.375,249.676,250.633,566831.0
2016-07-28,250.154,252.068,249.676,251.59,284356.0
2016-07-29,251.111,251.59,250.154,251.111,193006.0
2016-08-01,251.111,251.111,248.718,250.154,278196.0
2016-08-02,249.676,250.633,249.197,250.633,143684.0
2016-08-03,250.154,250.633,249.676,250.154,174689.0
2016-08-04,250.633,251.111,249.676,250.633,145341.0
2016-08-05,250.154,251.111,249.676,250.633,148098.0
2016-08-08,250.633,252.068,249.676,252.068,182954.0
2016-08-09,251.59,253.504,251.59,253.025,221888.0
2016-08-10,252.547,254.461,252.547,253.025,319487.0
2016-08-11,253.025,254.939,251.59,252.068,334124.0
2016-08-12,252.547,253.982,251.59,253.982,296785.0
2016-08-15,253.982,259.246,253.504,258.767,911077.0
2016-08-16,258.767,263.552,258.289,259.724,954038.0
2016-08-17,260.203,262.117,258.289,259.246,484153.0
2016-08-18,258.289,261.16,258.289,259.724,364589.0
2016-08-19,259.724,262.117,257.332,262.117,560713.0
2016-08-22,262.117,266.902,259.724,265.466,976333.0
2016-08-23,264.509,265.466,263.074,264.988,551389.0
2016-08-24,264.509,264.988,261.16,262.117,351435.0
2016-08-25,260.681,262.117,259.724,261.638,382425.0
2016-08-26,262.595,263.074,260.681,262.117,384995.0
2016-08-29,261.638,263.552,260.681,261.638,226667.0
2016-08-30,261.16,262.595,260.681,261.16,203003.0
2016-08-31,261.16,261.638,258.767,260.203,311037.0
2016-09-01,259.724,260.203,258.767,258.767,188716.0
2016-09-02,258.767,259.724,258.289,258.767,188453.0
2016-09-05,259.246,263.552,259.246,261.638,372767.0
2016-09-06,263.074,271.208,262.117,268.337,1273427.0
2016-09-07,267.38,282.692,267.38,276.95,2176481.0
2016-09-08,275.515,278.864,273.122,275.515,753629.0
2016-09-09,275.515,281.735,274.558,275.993,852331.0
2016-09-12,272.165,278.386,269.773,273.601,864437.0
2016-09-13,275.036,278.864,269.773,273.601,535881.0
2016-09-14,272.644,273.122,269.773,271.687,349589.0
2016-09-19,271.208,277.429,271.208,275.993,511176.0
2016-09-20,275.036,276.95,271.687,272.644,327067.0
2016-09-21,273.122,279.343,272.644,275.993,564716.0
2016-09-22,275.993,278.864,275.515,276.472,324482.0
2016-09-23,275.993,281.257,275.515,280.778,706689.0
2016-09-26,279.343,287.478,278.864,279.821,859877.0
2016-09-27,278.386,286.042,277.907,285.564,807295.0
2016-09-28,283.171,285.085,281.257,281.735,320344.0
2016-09-29,282.214,283.649,278.386,279.343,331890.0
2016-09-30,280.778,282.214,278.864,279.821,278691.0
2016-10-10,280.3,282.214,275.036,277.907,670485.0
2016-10-11,277.429,279.343,276.472,277.907,345781.0
2016-10-12,277.907,277.907,274.079,274.558,345497.0
2016-10-13,275.993,277.429,273.122,275.515,485649.0
2016-10-14,275.036,276.472,272.165,274.558,385113.0
2016-10-17,274.558,275.036,272.165,273.122,411096.0
2016-10-18,272.644,279.343,272.644,278.864,662312.0
2016-10-19,278.386,278.864,274.558,275.036,438216.0
2016-10-20,275.515,275.993,272.644,273.122,405370.0
2016-10-21,273.122,281.257,272.165,275.993,979329.0
2016-10-24,275.993,280.778,275.036,277.907,585113.0
2016-10-25,277.907,279.821,275.515,276.95,405898.0
2016-10-26,276.95,277.429,273.601,275.036,365108.0
2016-10-27,274.558,275.036,272.644,274.079,240281.0
2016-10-28,274.079,275.993,271.687,272.644,307693.0
2016-10-31,272.644,277.429,270.73,276.95,577662.0
2016-11-01,276.472,276.472,274.558,275.036,238165.0
2016-11-02,274.558,276.472,272.644,273.601,254151.0
2016-11-03,272.165,275.515,271.687,273.601,354543.0
2016-11-04,273.122,275.993,273.122,274.558,395491.0
2016-11-07,274.079,276.472,274.079,274.558,242686.0
2016-11-08,275.515,276.472,274.079,275.515,308678.0
2016-11-09,275.515,278.386,274.079,275.993,640565.0
2016-11-10,278.864,290.827,278.864,286.042,1402500.0
2016-11-11,286.042,293.698,284.128,289.392,1133105.0
2016-11-14,288.435,300.397,286.999,294.177,1315824.0
2016-11-15,294.655,295.134,287.478,289.87,857467.0
2016-11-16,288.913,289.87,285.564,288.435,470037.0
2016-11-17,287.478,291.306,285.564,289.87,418167.0
2016-11-18,291.784,294.177,286.042,286.999,525167.0
2016-11-21,286.521,290.349,285.564,288.435,400229.0
2016-11-22,288.435,290.827,286.999,290.349,469782.0
2016-11-23,290.349,291.306,287.956,288.435,348922.0
2016-11-24,287.956,291.306,286.521,287.478,316103.0
2016-11-25,287.956,290.349,286.042,287.956,506522.0
2016-11-28,288.913,293.22,288.435,292.263,873406.0
2016-11-29,291.306,296.569,289.87,293.698,1049201.0
2016-11-30,292.263,292.263,284.128,286.042,854370.0
2016-12-01,285.564,286.521,284.128,286.521,528639.0
2016-12-02,286.042,286.042,280.778,281.257,695338.0
2016-12-05,278.386,280.3,275.515,276.472,514359.0
2016-12-06,276.95,279.343,275.993,276.472,411208.0
2016-12-07,276.95,280.3,275.993,279.821,419270.0
2016-12-08,281.735,284.128,279.821,281.257,472524.0
2016-12-09,280.778,282.214,279.343,281.257,241937.0
2016-12-12,280.778,283.171,272.165,273.122,491234.0
2016-12-13,272.644,274.079,268.816,273.122,344203.0
2016-12-14,273.122,275.993,271.687,274.558,329263.0
2016-12-15,273.601,276.95,272.644,275.993,288228.0
2016-12-16,275.036,277.429,274.558,276.95,180478.0
2016-12-19,276.472,276.95,274.079,275.036,224340.0
2016-12-20,275.036,275.515,271.687,272.644,194282.0
2016-12-21,273.122,274.558,272.644,274.079,195841.0
2016-12-22,274.079,275.036,272.644,274.558,250908.0
2016-12-23,274.558,274.558,271.208,272.644,195271.0
2016-12-26,272.644,273.601,270.73,273.122,172549.0
2016-12-27,274.558,276.472,274.079,274.558,257748.0
2016-12-28,274.079,275.036,273.122,274.558,145504.0
2016-12-29,274.558,278.864,273.601,277.907,339475.0
2016-12-30,276.95,277.907,275.036,275.515,187623.0
2017-01-03,275.993,277.429,274.558,275.515,392801.0
2017-01-04,275.993,277.429,275.036,277.429,242942.0
2017-01-05,277.429,283.649,276.472,280.778,653566.0
2017-01-06,279.821,280.778,278.386,279.343,240788.0
2017-01-09,279.343,282.692,279.343,281.257,307444.0
2017-01-10,282.692,283.171,280.3,280.778,175447.0
2017-01-11,280.778,282.214,278.386,278.386,192443.0
2017-01-12,278.864,279.821,276.472,276.472,179619.0
2017-01-13,276.95,277.907,274.079,274.558,198321.0
2017-01-16,274.558,275.036,266.423,270.73,351102.0
2017-01-17,270.73,272.644,269.773,272.644,171674.0
2017-01-18,272.165,274.079,270.73,272.644,198766.0
2017-01-19,272.165,274.079,271.208,272.165,161178.0
2017-01-20,271.687,274.558,271.208,274.558,146515.0
2017-01-23,274.079,278.864,273.601,276.95,319343.0
2017-01-24,276.95,278.864,275.515,278.386,274767.0
2017-01-25,276.95,278.864,275.036,275.993,220564.0
2017-01-26,275.993,277.429,275.036,275.993,174611.0
2017-02-03,275.993,276.472,273.122,274.079,169813.0
2017-02-06,274.558,278.386,274.079,277.429,262423.0
2017-02-07,277.429,282.214,276.95,279.821,623391.0
2017-02-08,279.343,280.3,276.472,280.3,341225.0
2017-02-09,280.3,283.649,279.343,281.257,566743.0
2017-02-10,281.257,297.526,280.778,289.392,1406553.0
2017-02-13,288.913,291.306,286.521,287.956,791871.0
2017-02-14,288.435,288.913,284.606,287.478,619061.0
2017-02-15,287.478,288.435,283.171,284.128,493978.0
2017-02-16,283.649,288.435,283.649,286.999,451284.0
2017-02-17,286.042,288.435,283.171,284.128,324816.0
2017-02-20,284.606,291.784,284.128,290.827,812545.0
2017-02-21,290.827,291.784,287.478,289.87,417688.0
2017-02-22,289.87,294.655,288.435,293.22,895157.0
2017-02-23,293.698,300.876,291.784,293.22,1189014.0
2017-02-24,292.741,295.612,290.349,295.134,599086.0
2017-02-27,294.177,297.526,288.913,289.392,602958.0
2017-02-28,289.87,290.827,288.435,289.87,250100.0
2017-03-01,290.349,292.263,288.435,289.392,337380.0
2017-03-02,289.87,297.526,288.435,289.87,620172.0
2017-03-03,289.87,290.827,286.521,287.956,600472.0
2017-03-06,287.956,290.349,287.478,288.913,476351.0
2017-03-07,288.913,291.306,287.956,291.306,518241.0
2017-03-08,292.263,293.22,288.913,289.392,497721.0
2017-03-09,288.913,289.392,284.128,286.042,429740.0
2017-03-10,286.042,289.87,286.042,286.999,482207.0
2017-03-13,287.956,290.827,286.521,290.349,528492.0
2017-03-14,289.87,291.306,287.478,287.956,358690.0
2017-03-15,287.956,292.741,286.521,292.263,596863.0
2017-03-16,294.177,294.177,290.349,292.741,447516.0
2017-03-17,293.22,294.177,288.435,288.913,375107.0
2017-03-20,288.913,290.349,286.999,289.87,280654.0
2017-03-21,288.913,289.87,286.521,287.956,343754.0
2017-03-22,286.042,292.741,285.564,289.392,605243.0
2017-03-23,287.956,289.87,286.042,288.913,397389.0
2017-03-24,288.435,293.22,286.521,292.263,677602.0
2017-03-27,292.741,293.698,288.913,289.392,477245.0
2017-03-28,288.435,291.306,288.435,289.392,333304.0
2017-03-29,289.392,294.177,286.042,290.827,923172.0
2017-03-30,289.87,296.091,288.435,290.349,960720.0
2017-03-31,287.956,288.435,286.042,286.999,640622.0
2017-04-05,297.526,299.919,288.913,289.87,1089062.0
2017-04-06,289.87,293.698,288.435,292.263,795972.0
2017-04-07,292.741,293.698,290.349,291.784,594112.0
2017-04-10,290.827,294.177,290.349,291.306,600877.0
2017-04-11,291.784,300.876,291.306,299.44,1731021.0
2017-04-12,298.483,298.483,293.698,294.177,981862.0
2017-04-13,294.177,295.134,292.741,294.177,474531.0
2017-04-14,294.177,295.134,286.999,287.478,812009.0
2017-04-17,287.956,287.956,282.214,284.606,591552.0
2017-04-18,284.606,285.564,281.735,281.735,421368.0
2017-04-19,281.257,282.214,275.515,277.429,601036.0
2017-04-20,277.907,278.864,275.036,277.429,491567.0
2017-04-21,277.907,278.386,275.993,276.95,281905.0
2017-04-24,276.95,277.429,271.208,271.208,490892.0
2017-04-25,271.687,274.558,271.208,272.165,273198.0
2017-04-26,273.122,274.558,272.165,273.601,233650.0
2017-04-27,273.601,275.515,269.294,274.558,410090.0
2017-04-28,273.601,274.558,271.687,273.122,405172.0
2017-05-02,272.644,274.558,271.687,274.079,268110.0
2017-05-03,273.601,275.515,273.122,273.601,282985.0
2017-05-04,273.601,275.515,271.687,273.122,353864.0
2017-05-05,272.644,272.644,267.859,268.337,474503.0
2017-05-08,266.423,268.816,264.988,265.945,311543.0
2017-05-09,265.466,268.337,265.466,267.859,246122.0
2017-05-10,267.859,269.294,261.638,261.638,420317.0
2017-05-11,260.681,262.595,255.418,261.638,436838.0
2017-05-12,260.681,263.074,260.203,262.595,224064.0
2017-05-15,264.031,264.509,261.16,261.638,221317.0
2017-05-16,261.16,263.552,259.246,263.552,329624.0
2017-05-17,263.552,266.423,262.595,265.945,395227.0
2017-05-18,264.509,265.466,261.638,263.074,276706.0
2017-05-19,262.117,263.552,261.638,262.595,185611.0
2017-05-22,274.558,274.558,262.117,264.031,1067681.0
2017-05-23,264.031,264.509,260.203,260.681,429111.0
2017-05-24,259.724,264.988,257.81,264.988,399521.0
2017-05-25,266.423,269.294,264.988,268.337,545988.0
2017-05-26,268.337,271.687,267.38,268.337,410608.0
2017-05-31,268.816,270.251,267.859,268.337,309301.0
2017-06-01,268.337,268.816,266.423,266.902,263847.0
2017-06-02,266.902,268.816,264.988,268.337,230843.0
2017-06-05,268.337,269.294,267.38,268.337,213905.0
2017-06-06,268.337,268.816,267.859,268.816,127869.0
2017-06-07,268.337,271.208,268.337,271.208,319089.0
2017-06-08,270.73,271.208,269.773,269.773,235199.0
2017-06-09,269.773,272.165,269.294,271.687,397908.0
2017-06-12,270.251,270.73,268.337,268.337,309002.0
2017-06-13,268.337,270.251,268.337,269.294,204240.0
2017-06-14,269.294,269.773,268.337,268.816,201670.0
2017-06-15,268.337,269.773,267.859,269.294,192169.0
2017-06-16,268.816,269.294,268.337,268.337,130649.0
2017-06-19,268.816,269.773,268.337,269.773,186204.0
2017-06-20,269.773,269.773,268.816,268.816,159026.0
2017-06-21,269.773,270.251,268.816,269.773,225550.0
2017-06-22,269.294,272.644,269.294,269.773,439778.0
2017-06-23,269.294,270.73,268.337,269.773,313645.0
2017-06-26,269.773,277.429,269.773,275.036,723552.0
2017-06-27,273.601,275.036,273.122,274.079,355498.0
2017-06-28,274.079,275.993,273.601,274.558,273188.0
2017-06-29,274.558,275.515,274.079,275.036,254653.0
2017-06-30,274.079,274.079,271.687,273.122,314556.0
2017-07-03,273.122,274.558,272.644,274.558,211668.0
2017-07-04,274.558,274.558,272.644,273.601,240995.0
2017-07-05,273.122,274.079,271.687,274.079,298075.0
2017-07-06,274.079,274.079,272.644,273.601,230291.0
2017-07-07,273.122,274.558,273.122,274.079,270584.0
2017-07-10,273.601,277.429,273.601,276.472,563941.0
2017-07-11,275.993,276.95,274.558,274.558,308883.0
2017-07-12,274.558,275.036,272.165,273.601,389034.0
2017-07-13,273.601,277.429,273.601,276.95,508719.0
2017-07-14,276.95,278.386,275.515,278.386,452290.0
2017-07-17,282.692,282.692,272.644,276.95,1101400.0
2017-07-18,275.993,281.735,275.515,281.735,765191.0
2017-07-19,281.735,286.521,281.257,286.042,1010227.0
2017-07-20,286.042,286.999,284.128,285.085,538136.0
2017-07-21,284.606,293.22,284.128,287.478,738213.0
2017-07-24,287.956,290.827,286.521,288.913,579678.0
2017-07-25,288.913,288.913,282.692,285.085,622172.0
2017-07-26,284.606,286.521,282.692,284.128,412703.0
2017-07-27,284.606,285.564,282.214,284.128,405589.0
2017-07-28,283.649,284.128,281.735,282.214,308205.0
2017-07-31,283.171,287.956,282.214,287.478,558554.0
2017-08-01,287.956,290.349,286.521,288.435,577442.0
2017-08-02,287.956,289.87,286.042,287.478,395028.0
2017-08-03,287.478,292.741,286.999,292.741,768817.0
2017-08-04,292.263,295.612,291.306,291.784,749908.0
2017-08-07,292.263,296.569,289.392,295.134,579341.0
2017-08-08,295.134,296.091,290.827,292.263,464744.0
2017-08-09,292.741,296.091,290.827,294.177,654042.0
2017-08-10,292.741,294.177,287.956,289.87,516869.0
2017-08-11,288.435,289.392,280.778,281.257,677906.0
2017-08-14,281.257,285.564,281.257,285.085,340725.0
2017-08-15,284.606,285.085,282.692,283.649,269771.0
2017-08-16,283.649,284.128,282.214,283.649,196285.0
2017-08-17,284.128,285.564,283.171,285.085,290388.0
2017-08-18,284.128,284.606,282.214,283.171,302851.0
2017-08-21,284.128,286.999,284.128,286.521,337483.0
2017-08-22,286.999,287.478,285.564,286.521,203154.0
2017-08-23,286.521,286.999,284.606,285.564,186594.0
2017-08-24,285.564,286.521,284.606,286.042,228627.0
2017-08-25,286.042,288.435,284.128,287.956,367851.0
2017-08-28,287.478,290.349,287.478,289.392,375785.0
2017-08-29,289.392,290.349,287.956,288.913,293620.0
2017-08-30,287.478,287.478,283.649,287.478,535624.0
2017-08-31,285.564,286.999,283.171,285.085,666924.0
2017-09-01,284.128,286.042,284.128,286.042,479748.0
2017-09-04,285.085,286.042,284.128,285.085,329350.0
2017-09-05,285.085,285.564,283.649,284.128,316532.0
2017-09-06,284.128,286.042,283.649,285.564,322406.0
2017-09-07,285.564,286.042,284.128,284.606,288261.0
2017-09-08,284.606,285.564,283.649,284.128,215652.0
2017-09-11,284.128,285.564,283.171,285.085,318795.0
2017-09-12,285.085,286.521,284.128,285.564,522493.0
2017-09-13,285.085,286.042,284.606,285.085,248472.0
2017-09-14,285.085,286.521,284.606,285.564,329895.0
2017-09-15,285.564,286.999,285.085,286.042,343842.0
2017-09-18,286.042,286.999,285.564,286.521,302960.0
2017-09-19,286.521,286.521,284.128,284.606,369367.0
2017-09-20,284.606,285.085,283.171,283.649,252134.0
2017-09-21,283.649,284.128,282.214,282.214,261078.0
2017-09-22,282.214,282.214,279.821,280.3,291009.0
2017-09-25,280.3,280.3,276.95,277.429,246390.0
2017-09-26,277.429,279.343,277.429,278.386,232074.0
2017-09-27,278.386,280.778,277.907,279.821,189411.0
2017-09-28,279.821,280.3,278.864,279.343,172524.0
2017-09-29,279.821,280.778,278.864,279.821,199126.0
2017-10-09,282.692,286.999,282.692,286.042,665784.0
2017-10-10,286.521,291.306,285.564,289.392,799675.0
2017-10-11,288.913,290.349,286.999,289.87,464303.0
2017-10-12,289.392,289.87,287.956,289.87,302115.0
2017-10-13,289.392,292.741,288.435,291.306,459492.0
2017-10-16,291.306,292.263,288.913,289.392,406190.0
2017-10-17,288.913,291.306,288.435,289.392,253893.0
2017-10-18,289.392,289.87,286.042,286.521,328130.0
2017-10-19,286.521,286.999,281.735,282.214,329266.0
2017-10-20,282.214,284.606,281.257,283.649,199911.0
2017-10-23,284.606,287.478,282.692,286.999,351439.0
2017-10-24,287.956,288.435,285.085,286.999,222842.0
2017-10-25,286.999,289.87,285.564,289.392,410525.0
2017-10-26,288.913,291.784,287.956,290.827,528958.0
2017-10-27,289.87,290.827,287.956,288.435,327091.0
2017-10-30,288.435,289.392,283.171,285.564,415510.0
2017-10-31,285.564,287.956,285.085,287.478,322132.0
2017-11-01,287.478,288.435,285.564,286.042,394856.0
2017-11-02,286.042,286.042,280.778,280.778,465280.0
2017-11-03,281.257,282.214,277.907,279.343,359582.0
2017-11-06,279.821,282.692,277.907,282.214,307665.0
2017-11-07,282.214,283.649,281.257,283.171,278948.0
2017-11-08,283.171,284.128,282.214,283.649,330223.0
2017-11-09,283.171,284.606,282.214,283.649,210004.0
2017-11-10,283.171,286.521,282.214,285.564,473278.0
2017-11-13,285.085,286.999,283.171,284.606,356124.0
2017-11-14,284.128,284.606,280.778,281.257,369877.0
2017-11-15,281.257,282.692,279.821,280.3,222052.0
2017-11-16,280.3,281.257,279.343,280.3,214790.0
2017-11-17,279.821,283.171,277.907,278.386,515351.0
2017-11-20,277.907,277.907,274.079,277.429,386438.0
2017-11-21,276.95,280.3,276.472,280.3,308087.0
2017-11-22,279.821,280.3,278.386,279.343,262638.0
2017-11-23,278.864,281.257,276.472,276.472,297475.0
2017-11-24,275.993,277.907,275.036,276.472,200211.0
2017-11-27,275.993,276.95,275.036,275.515,169876.0
2017-11-28,275.515,276.95,275.036,276.472,180291.0
2017-11-29,276.95,280.3,275.036,279.343,335126.0
2017-11-30,278.386,278.864,275.515,275.993,271252.0
2017-12-01,275.993,277.429,275.515,276.472,167409.0
2017-12-04,275.993,276.472,274.558,275.036,226102.0
2017-12-05,275.036,275.036,267.38,268.337,510177.0
2017-12-06,267.859,268.816,266.423,268.816,310791.0
2017-12-07,268.816,269.773,267.859,268.816,215515.0
2017-12-08,268.337,269.773,267.38,268.816,202941.0
2017-12-11,268.337,270.73,267.859,270.251,285328.0
2017-12-12,270.251,271.687,267.859,268.337,219722.0
2017-12-13,268.337,269.294,267.859,269.294,151216.0
2017-12-14,268.816,273.122,268.337,270.73,335846.0
2017-12-15,269.773,270.251,268.337,269.294,202532.0
2017-12-18,268.816,270.73,268.337,269.773,154921.0
2017-12-19,269.773,271.208,269.294,270.73,173610.0
2017-12-20,270.73,271.208,268.337,268.816,161104.0
2017-12-21,269.294,270.73,267.38,269.773,239789.0
2017-12-22,270.251,270.251,268.337,268.816,174083.0
2017-12-25,269.294,271.687,268.816,269.773,260596.0
2017-12-26,270.251,282.692,268.816,280.3,985284.0
2017-12-27,278.386,280.778,275.993,276.472,656081.0
2017-12-28,276.95,282.214,275.036,278.864,541222.0
2017-12-29,278.386,280.3,277.429,279.343,262245.0
2018-01-02,278.386,285.085,278.386,283.171,663218.0
2018-01-03,282.692,283.171,281.257,282.214,427466.0
2018-01-04,281.735,281.735,278.864,281.257,412948.0
2018-01-05,280.778,287.478,279.343,284.128,896498.0
2018-01-08,283.649,291.306,282.692,288.435,1043005.0
2018-01-09,288.435,289.87,285.564,286.999,415452.0
2018-01-10,287.478,288.435,284.128,286.521,383301.0
2018-01-11,286.042,286.042,282.692,284.606,352731.0
2018-01-12,284.128,285.564,283.171,283.171,269220.0
2018-01-15,283.171,284.128,279.343,280.3,481723.0
2018-01-16,281.257,284.606,279.821,284.606,506533.0
2018-01-17,284.606,285.085,280.3,283.649,564421.0
2018-01-18,283.171,286.042,281.735,286.042,433835.0
2018-01-19,288.913,290.349,286.042,286.042,708817.0
2018-01-22,286.042,288.435,283.171,288.435,553113.0
2018-01-23,287.956,289.392,286.042,287.956,508148.0
2018-01-24,287.956,288.913,285.085,286.999,452135.0
2018-01-25,286.521,290.827,285.564,288.913,780557.0
2018-01-26,287.956,289.392,286.521,286.999,494830.0
2018-01-29,286.999,288.913,282.214,283.171,592245.0
2018-01-30,281.257,283.171,279.821,280.778,388855.0
2018-01-31,280.778,281.735,279.343,280.3,345407.0
2018-02-01,280.3,280.778,272.165,273.601,663755.0
2018-02-02,273.601,275.515,269.294,274.558,390343.0
2018-02-05,271.687,276.95,271.208,276.472,317486.0
2018-02-06,273.601,275.993,269.773,269.773,477450.0
2018-02-07,272.165,275.036,266.423,270.73,411596.0
2018-02-08,269.773,273.601,268.816,272.644,357822.0
2018-02-09,268.337,269.773,261.638,264.031,554807.0
2018-02-12,264.988,267.38,264.509,266.902,217888.0
2018-02-13,268.337,270.251,267.38,268.337,197163.0
2018-02-14,267.859,268.816,266.902,268.337,165957.0
2018-02-22,269.294,271.208,269.294,270.251,249279.0
2018-02-23,270.251,271.208,269.294,270.251,152462.0
2018-02-26,270.73,274.079,270.73,272.644,308989.0
2018-02-27,272.644,273.122,270.251,270.73,227826.0
2018-02-28,270.251,270.73,267.859,270.251,180663.0
2018-03-01,268.816,270.73,268.337,270.251,240586.0
2018-03-02,269.294,270.251,268.816,268.816,183373.0
2018-03-05,268.816,269.773,268.337,269.294,141455.0
2018-03-06,269.294,272.165,268.816,271.687,299394.0
2018-03-07,271.208,274.079,270.73,271.687,298511.0
2018-03-08,271.208,272.644,270.73,272.165,176707.0
2018-03-09,272.644,272.644,271.208,272.644,212735.0
2018-03-12,273.122,273.601,272.165,273.601,262384.0
2018-03-13,273.601,274.079,271.208,271.687,221498.0
2018-03-14,271.687,271.687,270.251,270.73,152995.0
2018-03-15,270.251,271.208,268.816,269.773,163347.0
2018-03-16,269.773,270.73,269.294,269.773,133700.0
2018-03-19,269.773,270.251,268.816,269.294,106393.0
2018-03-20,268.816,269.294,267.38,268.816,157341.0
2018-03-21,268.816,270.251,268.337,268.816,151901.0
2018-03-22,268.337,269.294,267.38,267.859,160957.0
2018-03-23,264.031,267.38,258.289,267.38,682774.0
2018-03-26,263.552,265.945,261.638,265.466,214419.0
2018-03-27,266.902,267.38,265.466,266.423,202199.0
2018-03-28,264.988,265.945,264.031,265.945,171881.0
2018-03-29,265.466,268.337,265.466,266.902,238311.0
2018-03-30,268.337,268.816,266.423,266.902,152065.0
2018-04-02,268.816,268.816,266.902,267.859,237520.0
2018-04-03,265.466,266.902,264.988,266.902,209693.0
2018-04-04,267.38,268.337,265.466,266.423,197136.0
2018-04-09,265.945,266.423,263.074,264.031,272221.0
2018-04-10,264.509,266.423,264.031,265.945,197952.0
2018-04-11,266.423,266.902,265.466,266.423,206452.0
2018-04-12,265.945,266.423,264.509,264.988,143836.0
2018-04-13,265.945,266.423,264.509,264.988,115947.0
2018-04-16,265.945,267.38,264.509,264.988,244262.0
2018-04-17,265.466,265.945,263.552,264.031,161703.0
2018-04-18,265.466,265.466,262.595,264.509,185621.0
2018-04-19,264.509,265.466,264.031,264.988,156355.0
2018-04-20,264.988,264.988,262.117,263.552,239848.0
2018-04-23,263.074,264.031,262.117,263.552,161436.0
2018-04-24,263.074,265.945,262.595,265.466,241139.0
2018-04-25,264.988,265.466,264.031,265.466,141088.0
2018-04-26,264.988,265.945,263.552,264.509,165228.0
2018-04-27,264.509,266.423,263.552,266.423,229645.0
2018-05-02,265.945,267.38,264.988,266.902,265052.0
2018-05-03,265.945,268.337,265.466,267.859,275982.0
2018-05-04,267.38,268.337,266.902,267.859,162777.0
2018-05-07,267.859,269.773,267.859,269.294,260222.0
2018-05-08,268.816,269.294,267.859,268.337,210199.0
2018-05-09,268.816,269.294,267.859,268.816,181827.0
2018-05-10,268.816,269.773,268.816,269.773,197181.0
2018-05-11,270.251,270.251,268.337,268.337,183956.0
2018-05-14,268.337,269.294,267.859,268.337,172364.0
2018-05-15,268.816,272.644,268.337,272.165,460117.0
2018-05-16,271.687,271.687,269.773,270.251,232502.0
2018-05-17,270.251,270.73,268.816,269.294,162915.0
2018-05-18,269.773,271.208,268.816,270.73,157421.0
2018-05-21,271.687,272.644,270.73,271.687,221383.0
2018-05-22,271.687,272.165,270.251,271.687,154302.0
2018-05-23,271.208,271.687,269.773,269.773,147223.0
2018-05-24,269.294,270.251,268.816,268.816,121746.0
2018-05-25,268.816,269.294,267.859,268.337,123897.0
2018-05-28,268.337,268.337,266.423,266.902,145435.0
2018-05-29,266.902,267.38,265.466,265.466,134471.0
2018-05-30,264.031,264.031,260.203,261.16,320143.0
2018-05-31,261.638,264.988,260.203,264.988,322591.0
2018-06-01,264.509,267.859,262.595,266.902,348797.0
2018-06-04,266.423,267.859,264.509,266.902,203390.0
2018-06-05,266.902,266.902,264.031,266.423,160827.0
2018-06-06,265.945,267.38,264.031,266.423,134252.0
2018-06-07,266.902,267.859,266.423,266.902,132520.0
2018-06-08,266.423,266.423,262.595,263.552,165816.0
2018-06-11,263.074,264.031,261.638,262.117,143111.0
2018-06-12,262.595,267.38,262.117,266.902,274790.0
2018-06-13,266.423,266.423,264.509,264.988,136602.0
2018-06-14,264.509,266.423,263.074,264.988,145991.0
2018-06-15,264.988,264.988,262.595,264.509,160055.0
2018-06-19,262.117,263.074,255.418,257.81,497083.0
2018-06-20,256.853,260.203,256.375,258.767,191136.0
2018-06-21,258.767,262.117,257.81,258.289,183756.0
2018-06-22,257.332,261.638,256.375,261.16,193308.0
2018-06-25,262.117,262.595,260.681,261.16,168485.0
2018-06-26,259.724,261.16,258.289,260.681,138126.0
2018-06-27,260.203,262.595,259.724,260.203,142840.0
2018-06-28,259.724,261.16,258.289,258.767,133443.0
2018-06-29,259.246,262.595,258.767,262.117,142309.0
2018-07-02,261.638,264.031,258.289,259.724,183829.0
2018-07-03,258.767,261.16,258.767,261.16,160205.0
2018-07-04,260.681,261.16,258.767,259.246,130460.0
2018-07-05,258.767,259.724,256.853,258.767,180971.0
2018-07-06,258.289,259.246,253.025,255.896,257689.0
2018-07-09,255.896,258.767,255.418,258.767,154658.0
2018-07-10,258.767,258.767,257.332,258.289,112999.0
2018-07-11,256.853,256.853,253.504,255.896,157594.0
2018-07-12,254.939,258.767,254.461,258.289,171348.0
2018-07-13,258.289,258.767,257.332,257.81,119617.0
2018-07-16,257.81,259.246,257.332,258.289,127877.0
2018-07-17,258.289,258.289,255.896,257.332,126286.0
2018-07-18,257.81,258.767,257.332,257.332,108806.0
2018-07-19,256.853,258.289,256.375,257.332,86580.0
2018-07-20,256.853,258.767,255.418,257.81,172036.0
2018-07-23,257.332,260.681,257.332,260.203,254242.0
2018-07-24,260.203,267.38,259.724,264.031,597295.0
2018-07-25,262.595,268.816,262.117,265.945,439330.0
2018-07-26,264.988,267.38,264.031,264.509,224547.0
2018-07-27,264.509,265.945,264.031,264.988,151728.0
2018-07-30,265.466,266.902,263.552,264.031,215761.0
2018-07-31,264.988,265.945,264.031,265.466,192656.0
2018-08-01,265.466,267.859,262.595,263.074,301838.0
2018-08-02,261.638,262.595,255.896,260.681,335973.0
2018-08-03,260.203,261.16,258.767,258.767,153666.0
2018-08-06,258.767,260.681,256.853,257.332,187203.0
2018-08-07,257.81,264.988,257.332,264.509,353199.0
2018-08-08,264.031,264.988,262.117,263.074,261775.0
2018-08-09,263.552,266.423,262.117,264.988,288361.0
2018-08-10,264.509,265.466,264.031,264.988,162617.0
2018-08-13,264.031,265.466,261.638,265.466,202085.0
2018-08-14,264.988,265.466,264.031,264.988,121109.0
2018-08-15,264.988,265.466,262.595,262.595,141368.0
2018-08-16,260.681,263.074,260.203,261.638,122012.0
2018-08-17,262.595,263.074,259.724,259.724,147624.0
2018-08-20,260.681,263.074,259.724,262.117,180654.0
2018-08-21,262.117,264.031,261.638,263.074,146505.0
2018-08-22,263.074,263.552,262.117,262.595,146022.0
2018-08-23,262.595,264.509,262.117,263.552,203945.0
2018-08-24,264.031,264.509,263.074,264.031,219000.0
2018-08-27,264.509,265.945,264.031,265.945,269135.0
2018-08-28,265.945,265.945,264.509,264.988,162237.0
2018-08-29,265.466,265.466,263.552,264.509,120207.0
2018-08-30,264.509,264.509,261.16,262.117,200494.0
2018-08-31,260.203,260.681,258.289,260.203,249471.0
2018-09-03,259.246,259.246,256.375,258.289,169005.0
2018-09-04,257.81,259.246,257.332,258.767,162573.0
2018-09-05,258.289,258.289,254.461,255.418,229768.0
2018-09-06,254.939,256.375,253.025,253.504,191826.0
2018-09-07,253.982,255.418,252.068,253.025,170899.0
2018-09-10,253.025,253.504,251.111,251.59,127882.0
2018-09-11,251.59,253.025,250.633,253.025,121495.0
2018-09-12,252.547,253.025,251.59,252.547,72709.0
2018-09-13,253.025,253.982,252.068,253.025,93795.0
2018-09-14,253.504,253.504,251.111,252.068,129471.0
2018-09-17,251.59,252.068,248.718,249.197,130068.0
2018-09-18,249.197,251.111,247.283,251.111,180787.0
2018-09-19,250.633,253.504,250.154,253.025,156318.0
2018-09-20,252.547,253.504,252.068,252.547,97764.0
2018-09-21,253.025,254.939,252.547,254.939,149446.0
2018-09-25,253.982,254.461,253.025,253.982,99967.0
2018-09-26,253.982,255.896,253.504,253.982,157589.0
2018-09-27,254.461,254.939,253.025,253.504,124668.0
2018-09-28,253.982,254.939,253.504,253.982,137450.0
2018-10-08,252.547,253.025,248.24,248.718,204947.0
2018-10-09,248.718,249.676,247.761,248.718,144736.0
2018-10-10,248.24,250.154,248.24,249.197,112859.0
2018-10-11,246.326,246.326,232.928,234.842,329839.0
2018-10-12,233.885,234.842,228.621,232.928,262834.0
2018-10-15,233.885,234.363,230.535,230.535,146980.0
2018-10-16,231.014,233.406,228.621,230.535,128554.0
2018-10-17,231.492,232.449,230.057,231.014,125228.0
2018-10-18,230.535,231.014,227.664,228.143,147451.0
2018-10-19,227.186,231.014,225.75,230.535,191144.0
2018-10-22,231.014,237.713,230.057,235.799,281528.0
2018-10-23,235.799,236.277,232.449,233.406,156021.0
2018-10-24,232.449,235.799,231.492,233.885,126616.0
2018-10-25,231.014,233.406,228.621,233.406,136306.0
2018-10-26,233.885,235.799,233.406,233.885,127746.0
2018-10-29,231.971,232.449,230.535,231.014,137484.0
2018-10-30,230.057,233.406,229.578,232.928,131311.0
2018-10-31,232.928,236.277,232.928,234.842,161047.0
2018-11-01,236.277,239.148,235.799,237.234,248831.0
2018-11-02,239.148,240.584,238.191,240.105,221976.0
2018-11-05,240.105,241.062,238.67,240.584,163293.0
2018-11-06,240.105,241.062,238.191,240.584,139726.0
2018-11-07,240.584,241.062,239.148,239.627,143441.0
2018-11-08,240.105,241.541,239.627,239.627,120001.0
2018-11-09,239.627,239.627,237.234,237.713,149853.0
2018-11-12,237.713,246.326,237.234,245.369,332561.0
2018-11-13,243.933,249.197,243.455,247.761,315247.0
2018-11-14,248.24,252.068,247.761,248.718,279683.0
2018-11-15,249.676,253.982,249.197,252.547,295283.0
2018-11-16,253.025,254.461,251.111,253.504,254028.0
2018-11-19,253.982,254.939,252.547,253.982,235738.0
2018-11-20,253.982,253.982,249.676,250.633,237572.0
2018-11-21,250.154,251.111,248.718,250.154,199728.0
2018-11-22,251.111,253.504,250.633,252.068,166405.0
2018-11-23,253.504,253.504,244.89,245.369,214616.0
2018-11-26,243.455,247.761,242.976,245.847,136774.0
2018-11-27,246.804,248.24,246.326,246.804,133732.0
2018-11-28,248.24,249.676,247.283,247.761,112053.0
2018-11-29,248.718,249.676,244.89,245.369,125001.0
2018-11-30,245.369,245.847,242.976,244.89,168632.0
2018-12-03,247.761,252.068,247.761,251.111,284406.0
2018-12-04,252.547,254.461,250.633,254.461,260979.0
2018-12-05,252.547,254.461,251.59,253.504,188185.0
2018-12-06,253.504,253.504,249.676,249.676,206127.0
2018-12-07,248.718,253.982,248.24,253.025,195253.0
2018-12-10,251.59,252.547,248.718,248.718,145952.0
2018-12-11,249.197,250.154,247.761,248.24,104835.0
2018-12-12,248.718,249.676,248.24,249.197,95223.0
2018-12-13,249.676,252.547,248.24,252.547,190337.0
2018-12-14,251.59,253.504,250.154,250.633,160396.0
2018-12-17,250.154,252.068,248.24,252.068,154460.0
2018-12-18,251.111,251.59,247.761,249.197,166706.0
2018-12-19,249.197,251.59,248.718,249.676,124927.0
2018-12-20,248.718,250.633,247.283,247.761,168588.0
2018-12-21,247.283,250.154,245.847,249.676,169619.0
2018-12-24,249.676,250.633,248.718,250.633,108207.0
2018-12-25,249.676,249.676,243.933,247.761,149285.0
2018-12-26,247.283,248.24,244.89,246.326,92914.0
2018-12-27,248.24,249.197,245.369,246.326,97792.0
2018-12-28,246.326,246.326,244.412,245.369,110640.0
2019-01-02,245.847,246.326,241.062,241.062,157442.0
2019-01-03,240.584,244.89,240.105,243.455,175761.0
2019-01-04,242.498,246.326,241.541,245.369,129800.0
2019-01-07,246.326,248.24,245.847,247.761,188333.0
2019-01-08,248.24,250.154,247.283,248.718,173362.0
2019-01-09,249.197,251.111,248.24,249.197,149264.0
2019-01-10,250.154,250.154,247.761,248.24,111416.0
2019-01-11,248.24,249.197,246.326,248.718,114253.0
2019-01-14,249.197,251.111,248.24,249.676,182716.0
2019-01-15,249.676,251.111,248.718,250.154,162666.0
2019-01-16,250.633,252.068,249.676,250.154,156766.0
2019-01-17,250.633,251.59,249.197,250.633,152511.0
2019-01-18,250.633,252.547,250.154,252.068,201302.0
2019-01-21,253.025,253.504,251.111,251.59,149798.0
2019-01-22,252.068,253.025,251.59,252.068,168448.0
2019-01-23,252.068,252.547,250.154,251.111,128288.0
2019-01-24,251.59,253.504,250.154,253.025,159988.0
2019-01-25,253.025,254.461,252.547,253.982,170477.0
2019-01-28,254.461,255.896,251.111,251.59,158284.0
2019-01-29,253.025,253.982,250.633,253.504,179623.0
2019-01-30,252.547,253.982,250.633,252.068,163986.0
2019-01-31,252.068,254.461,251.59,253.025,194444.0
2019-02-01,253.504,254.461,250.633,254.461,202625.0
2019-02-11,254.461,259.724,254.461,259.246,287800.0
2019-02-12,259.724,262.117,258.767,260.203,250691.0
2019-02-13,261.16,264.031,260.681,263.074,299201.0
2019-02-14,263.074,265.945,262.595,264.988,289200.0
2019-02-15,264.988,265.945,264.031,264.031,234749.0
2019-02-18,264.031,270.251,263.552,269.773,372808.0
2019-02-19,269.773,270.73,266.902,268.337,239933.0
2019-02-20,268.816,269.773,266.423,268.337,208513.0
2019-02-21,268.337,269.294,265.466,268.337,257118.0
2019-02-22,267.38,271.687,266.423,271.208,328183.0
2019-02-25,271.208,278.386,271.208,278.386,660067.0
2019-02-26,277.907,280.778,275.036,276.95,639031.0
2019-02-27,277.907,279.821,274.079,275.515,394702.0
2019-02-28,276.472,276.95,274.079,275.993,342120.0
2019-03-01,276.95,277.907,275.036,277.429,357839.0
2019-03-04,277.907,286.042,277.429,281.257,809602.0
2019-03-05,280.778,285.085,280.3,284.606,482751.0
2019-03-06,286.521,286.521,283.649,286.042,536709.0
2019-03-07,286.521,286.999,283.649,285.085,569992.0
2019-03-08,283.171,283.171,272.644,274.558,791385.0
2019-03-11,274.079,280.778,274.079,280.3,503822.0
2019-03-12,281.735,286.521,281.735,283.649,562099.0
2019-03-13,284.128,284.606,279.343,280.3,368967.0
2019-03-14,280.778,283.171,277.429,278.386,390359.0
2019-03-15,278.864,290.349,278.864,289.392,1088640.0
2019-03-18,291.784,298.962,290.349,296.569,921422.0
2019-03-19,293.698,295.612,289.87,291.784,485916.0
2019-03-20,292.263,297.048,289.87,293.698,517675.0
2019-03-21,295.134,296.569,290.827,293.22,415090.0
2019-03-22,293.698,294.177,291.306,293.698,340982.0
2019-03-25,291.306,296.091,289.392,291.784,450021.0
2019-03-26,292.263,293.698,285.564,287.478,551845.0
2019-03-27,287.956,290.827,282.214,289.392,423217.0
2019-03-28,288.435,288.913,283.649,284.606,273174.0
2019-03-29,284.128,289.392,282.692,289.392,349291.0
2019-04-01,291.784,298.483,291.784,296.569,697875.0
2019-04-02,299.44,301.354,297.526,298.483,591552.0
2019-04-03,298.962,317.145,298.962,314.274,1426039.0
2019-04-04,315.231,318.58,312.36,316.666,1010712.0
2019-04-08,328.151,340.592,327.194,336.764,2084267.0
2019-04-09,337.242,341.549,330.543,335.807,1216669.0
2019-04-10,333.414,346.334,331.022,339.156,1146697.0
2019-04-11,339.156,341.549,333.414,333.893,879404.0
2019-04-12,332.457,336.764,327.672,331.022,820523.0
2019-04-15,338.199,341.07,324.801,325.758,890391.0
2019-04-16,324.801,331.5,324.323,330.543,723338.0
2019-04-17,332.936,334.371,329.108,332.457,612478.0
2019-04-18,331.979,338.199,327.672,330.065,571272.0
2019-04-19,329.586,333.414,327.672,329.586,410346.0
2019-04-22,331.022,331.5,320.016,321.93,678695.0
2019-04-23,323.366,323.844,320.494,320.973,491108.0
2019-04-24,323.366,323.844,319.059,320.973,384590.0
2019-04-25,321.452,321.452,310.446,311.403,637755.0
2019-04-26,309.967,312.36,306.139,307.575,493110.0
2019-04-29,307.575,315.231,307.575,311.403,589077.0
2019-04-30,312.36,314.752,309.967,311.881,440777.0
2019-05-06,304.704,308.532,294.177,299.44,730773.0
2019-05-07,299.919,306.618,299.919,304.704,788588.0
2019-05-08,299.919,305.182,298.005,301.354,507309.0
2019-05-09,299.919,300.876,295.134,295.134,371873.0
2019-05-10,297.526,303.747,292.741,303.268,509298.0
2019-05-13,299.919,303.747,299.44,302.79,350407.0
2019-05-14,313.795,320.973,311.403,317.145,1156345.0
2019-05-15,319.059,321.93,317.623,320.016,702571.0
2019-05-16,321.452,330.543,319.537,329.108,931241.0
2019-05-17,329.108,330.543,320.016,320.016,902638.0
2019-05-20,321.452,322.887,317.623,319.537,651003.0
2019-05-21,318.58,327.194,318.58,322.887,684452.0
2019-05-22,323.366,326.715,323.366,325.28,502421.0
2019-05-23,323.844,326.715,320.973,321.93,612519.0
2019-05-24,322.887,331.022,322.887,330.543,888000.0
2019-05-27,331.5,336.764,326.715,332.936,846219.0
2019-05-28,332.457,334.85,326.715,331.022,808707.0
2019-05-29,328.629,330.543,326.715,327.194,444788.0
2019-05-30,326.237,329.586,324.323,327.194,415532.0
2019-05-31,326.237,332.936,325.758,331.979,613692.0
2019-06-03,332.457,333.893,325.758,328.629,470257.0
2019-06-04,326.237,329.586,324.801,327.672,446804.0
2019-06-05,329.108,331.5,327.672,327.672,416861.0
2019-06-06,329.108,329.586,323.366,324.801,448563.0
2019-06-10,325.28,327.194,324.323,325.28,378471.0
2019-06-11,325.758,336.764,325.758,335.328,761205.0
2019-06-12,335.328,338.199,334.85,335.807,508363.0
2019-06-13,334.85,345.855,333.893,344.42,824425.0
2019-06-14,344.898,346.812,339.635,340.592,606704.0
2019-06-17,342.027,347.291,340.113,345.377,546515.0
2019-06-18,345.377,348.726,342.984,347.291,508515.0
2019-06-19,350.64,353.99,348.726,349.683,540561.0
2019-06-20,347.769,359.254,347.769,356.861,687878.0
2019-06-21,357.339,360.211,355.425,359.254,607897.0
2019-06-24,359.732,361.168,355.904,360.211,522620.0
2019-06-25,360.689,361.646,355.904,361.168,554720.0
2019-06-26,359.254,363.082,357.818,361.646,474454.0
2019-06-27,361.646,365.474,361.646,365.474,513966.0
2019-06-28,365.474,377.915,362.125,362.603,779017.0
2019-07-01,365.474,366.91,350.162,353.511,1545925.0
2019-07-02,353.511,354.468,348.726,351.119,759644.0
2019-07-03,352.554,353.033,349.205,351.119,500292.0
2019-07-04,350.162,352.076,342.984,344.898,512058.0
2019-07-05,347.291,348.248,343.941,345.377,307176.0
2019-07-08,345.855,346.334,334.85,337.721,521714.0
2019-07-09,337.721,341.549,336.764,340.113,337811.0
2019-07-10,341.549,342.027,334.371,335.807,338626.0
2019-07-11,336.764,339.635,335.807,336.285,326884.0
2019-07-12,337.721,343.463,335.807,342.984,410150.0
2019-07-15,351.119,358.297,344.898,358.297,908967.0
2019-07-16,358.297,368.824,357.339,367.867,863832.0
2019-07-17,366.431,372.652,364.996,367.388,734599.0
2019-07-18,367.867,372.652,367.388,368.345,681350.0
2019-07-19,370.738,373.609,368.345,371.216,469354.0
2019-07-22,373.13,374.087,363.56,368.824,604231.0
2019-07-23,373.13,375.044,367.867,369.781,483508.0
2019-07-24,370.738,377.915,370.259,377.915,704202.0
2019-07-25,377.915,378.872,373.609,375.044,422832.0
2019-07-26,375.523,383.657,373.13,383.657,761341.0
2019-07-29,384.614,384.614,364.996,367.867,1021556.0
2019-07-30,367.867,374.087,366.91,369.781,578752.0
2019-07-31,370.259,372.652,368.345,370.259,427989.0
2019-08-01,369.781,370.738,366.91,368.345,402048.0
2019-08-02,362.125,364.517,356.382,359.732,692366.0
2019-08-05,360.923,360.923,351.832,352.31,538387.0
2019-08-06,347.047,348.482,338.434,347.525,612719.0
2019-08-07,350.396,351.832,345.133,346.568,364522.0
2019-08-08,347.525,350.396,345.611,348.482,298300.0
2019-08-09,349.439,350.875,341.783,343.219,383677.0
2019-08-12,342.74,351.353,338.912,351.353,428970.0
2019-08-13,348.482,348.482,343.697,345.611,284720.0
2019-08-14,350.396,351.353,344.176,345.133,394286.0
2019-08-15,337.477,343.219,335.563,342.262,425414.0
2019-08-16,342.262,347.047,340.348,342.262,341049.0
2019-08-19,345.611,349.439,342.74,348.961,428527.0
2019-08-20,348.961,352.31,347.525,350.396,363950.0
2019-08-21,348.961,350.396,346.09,346.568,259902.0
2019-08-22,347.525,348.004,342.74,346.09,226551.0
2019-08-23,346.09,353.746,344.654,351.832,407753.0
2019-08-26,345.611,346.09,340.348,342.74,502605.0
2019-08-27,344.654,349.439,343.697,345.611,425410.0
2019-08-28,346.568,347.525,343.697,344.654,291780.0
2019-08-29,346.09,346.568,341.305,342.74,328509.0
2019-08-30,344.176,346.568,339.391,339.869,343570.0
2019-09-02,342.262,359.966,339.869,357.574,926567.0
2019-09-03,359.009,365.23,356.138,363.316,688210.0
2019-09-04,363.316,367.144,360.923,365.708,563751.0
2019-09-05,367.622,374.322,363.794,369.536,730473.0
2019-09-06,372.886,373.843,369.536,372.886,462744.0
2019-09-09,376.236,376.236,368.579,370.015,507879.0
2019-09-10,370.972,372.408,366.665,371.929,453446.0
2019-09-11,372.886,372.886,367.622,371.929,387766.0
2019-09-12,372.886,372.886,367.622,370.972,328320.0
2019-09-16,372.886,372.886,365.708,366.665,341813.0
2019-09-17,365.23,367.622,359.488,361.88,413038.0
2019-09-18,363.794,366.187,362.359,366.187,296907.0
2019-09-19,366.187,366.187,361.88,364.751,252546.0
2019-09-20,365.708,371.929,363.794,369.058,419479.0
2019-09-23,367.622,368.101,357.095,360.923,457380.0
2019-09-24,359.966,364.751,358.531,361.88,256634.0
2019-09-25,361.402,365.708,358.052,362.837,311426.0
2019-09-26,362.837,365.708,358.052,359.009,279345.0
2019-09-27,359.966,361.402,357.095,358.531,166640.0
2019-09-30,357.095,364.273,357.095,359.009,219020.0
2019-10-08,362.359,375.279,359.966,374.322,820893.0
2019-10-09,373.843,374.8,370.015,374.322,423190.0
2019-10-10,374.322,377.671,370.493,376.236,424591.0
2019-10-11,376.236,378.628,372.886,377.671,366334.0
2019-10-14,378.628,380.542,374.8,377.193,435681.0
2019-10-15,374.322,376.236,369.058,374.8,606734.0
2019-10-16,375.757,379.107,371.45,374.322,318262.0
2019-10-17,375.757,376.236,370.972,372.408,240393.0
2019-10-18,372.886,374.8,366.665,370.493,269317.0
2019-10-21,367.622,369.536,365.708,368.101,249899.0
2019-10-22,368.579,370.493,367.144,370.493,209624.0
2019-10-23,369.058,373.843,368.579,371.45,270871.0
2019-10-24,371.929,373.365,366.187,366.665,204776.0
2019-10-25,368.101,373.843,368.101,373.843,303386.0
2019-10-28,373.843,378.15,372.408,374.322,278013.0
2019-10-29,374.322,375.279,368.579,370.493,223551.0
2019-10-30,369.058,369.536,361.88,365.708,330378.0
2019-10-31,368.579,368.579,361.88,366.187,312410.0
2019-11-01,366.187,372.408,361.88,370.015,336653.0
2019-11-04,370.015,372.408,367.144,370.015,271840.0
2019-11-05,370.015,371.929,367.144,370.015,268471.0
2019-11-06,368.579,380.064,368.579,375.757,698934.0
2019-11-07,376.714,378.15,374.8,377.193,288837.0
2019-11-08,379.107,379.585,371.929,371.929,308580.0
2019-11-11,373.365,373.843,362.837,363.316,428850.0
2019-11-12,364.273,369.058,363.316,367.622,255727.0
2019-11-13,370.015,370.972,366.665,370.015,246975.0
2019-11-14,371.929,381.021,371.45,376.236,693184.0
2019-11-15,378.628,379.585,371.929,372.886,347107.0
2019-11-18,371.929,379.107,370.972,379.107,481938.0
2019-11-19,381.021,381.499,377.671,380.542,415966.0
2019-11-20,381.021,381.021,375.279,376.236,312545.0
2019-11-21,375.279,375.757,371.45,372.886,253455.0
2019-11-22,374.322,377.671,367.622,370.015,336785.0
2019-11-25,369.536,378.15,369.058,378.15,365027.0
2019-11-26,377.193,378.628,373.365,378.628,441021.0
2019-11-27,376.236,380.064,373.843,376.236,355283.0
2019-11-28,378.15,379.107,371.929,372.408,291739.0
2019-11-29,372.408,376.236,369.536,370.972,219641.0
2019-12-02,371.45,374.322,369.058,371.45,270567.0
2019-12-03,370.015,372.886,367.622,372.886,239968.0
2019-12-04,371.929,371.929,369.536,370.972,177669.0
2019-12-05,372.408,378.15,370.015,375.279,364608.0
2019-12-06,373.843,376.714,372.886,374.322,317026.0
2019-12-09,375.757,376.714,372.408,374.8,237963.0
2019-12-10,374.322,374.8,372.408,374.322,257485.0
2019-12-11,375.279,393.462,374.8,391.548,1478903.0
2019-12-12,392.505,392.983,386.763,387.241,630099.0
2019-12-13,388.677,391.069,384.37,388.677,632285.0
2019-12-16,390.591,391.548,384.37,387.72,466769.0
2019-12-17,389.155,392.505,386.284,390.591,531681.0
2019-12-18,392.983,396.811,389.634,394.897,530479.0
2019-12-19,394.897,398.725,392.983,396.811,418759.0
2019-12-20,394.419,397.29,392.505,392.983,367699.0
2019-12-23,392.983,402.075,390.112,392.026,520468.0
2019-12-24,392.026,394.897,391.548,393.94,258921.0
2019-12-25,393.94,399.682,392.505,398.725,329037.0
2019-12-26,399.204,401.596,395.376,398.247,323118.0
2019-12-27,398.247,401.118,397.768,399.204,378225.0
2019-12-30,399.204,403.032,396.811,401.118,497447.0
2019-12-31,402.075,405.903,401.118,405.903,408967.0
2020-01-02,409.253,418.344,407.817,414.995,720292.0
2020-01-03,416.43,417.387,412.124,413.559,315395.0
2020-01-06,411.167,414.516,400.639,404.467,603319.0
2020-01-07,404.467,408.296,403.989,405.903,342502.0
2020-01-08,404.946,404.946,398.247,399.682,355293.0
2020-01-09,402.553,405.424,401.118,404.467,344164.0
2020-01-10,404.946,406.381,401.118,405.424,349044.0
2020-01-13,406.381,407.338,400.161,404.467,397198.0
2020-01-14,404.946,407.338,403.032,404.467,278579.0
2020-01-15,403.989,403.989,398.247,401.118,315932.0
2020-01-16,401.596,407.817,401.118,404.946,597451.0
2020-01-17,405.903,414.995,404.946,414.995,590020.0
2020-01-20,414.995,415.952,410.21,414.516,391646.0
2020-01-21,414.516,414.995,399.682,399.682,543433.0
2020-01-22,398.247,406.381,386.763,404.946,542024.0
2020-01-23,398.725,401.596,384.37,387.72,462998.0
2020-02-03,357.574,357.574,357.574,357.574,163957.0
2020-02-04,342.74,368.101,342.74,365.708,805256.0
2020-02-05,364.273,375.279,364.273,365.708,479139.0
2020-02-06,366.665,375.757,361.402,372.408,450033.0
2020-02-07,370.972,374.322,369.058,371.929,366645.0
2020-02-10,371.45,386.763,369.058,383.892,470706.0
2020-02-11,382.935,390.591,381.978,385.327,354339.0
2020-02-12,382.935,387.241,381.499,383.413,314384.0
2020-02-13,381.978,392.505,381.021,386.763,503285.0
2020-02-14,384.37,388.198,383.413,386.763,251982.0
2020-02-17,387.72,393.462,386.284,392.505,315245.0
2020-02-18,392.505,393.462,388.198,391.069,254449.0
2020-02-19,389.634,394.419,389.155,390.112,251926.0
2020-02-20,390.112,394.897,388.198,393.94,385676.0
2020-02-21,393.94,400.161,392.505,397.29,333255.0
2020-02-24,396.811,400.161,391.069,392.983,368072.0
2020-02-25,382.935,392.505,380.064,386.284,454857.0
2020-02-26,383.413,394.419,382.935,388.677,486246.0
2020-02-27,391.069,403.51,391.069,401.118,711048.0
2020-02-28,397.768,401.118,385.806,386.763,692495.0
2020-03-02,389.634,414.038,388.198,409.253,999231.0
2020-03-03,415.952,418.823,398.247,404.467,908443.0
2020-03-04,402.075,407.338,397.29,405.903,670186.0
2020-03-05,406.86,408.774,402.075,406.381,503623.0
2020-03-06,403.51,403.51,396.811,398.725,524841.0
2020-03-09,393.462,393.94,381.978,381.978,712969.0
2020-03-10,377.193,387.72,375.757,384.849,555649.0
2020-03-11,385.806,386.763,379.585,379.585,384832.0
2020-03-12,376.714,376.714,368.579,370.972,459906.0
2020-03-13,350.396,371.929,350.396,363.794,525116.0
2020-03-16,366.187,367.622,345.611,346.568,692173.0
2020-03-17,345.611,353.746,344.654,351.832,522613.0
2020-03-18,353.267,360.445,347.047,347.047,517365.0
2020-03-19,346.09,356.617,338.912,346.568,819987.0
2020-03-20,350.396,355.181,346.09,353.746,550032.0
2020-03-23,349.439,357.574,346.09,355.66,516196.0
2020-03-24,357.574,362.359,352.31,358.052,614263.0
2020-03-25,364.273,366.665,357.574,360.923,544888.0
2020-03-26,360.445,364.751,357.574,363.794,434318.0
2020-03-27,366.187,373.843,363.794,371.45,586374.0
2020-03-30,367.622,372.886,366.665,371.45,379370.0
2020-03-31,366.187,367.622,357.095,358.531,757426.0
2020-04-01,354.224,359.966,353.267,353.746,484175.0
2020-04-02,351.832,358.052,350.396,357.095,364460.0
2020-04-03,357.574,363.316,357.095,361.402,408669.0
2020-04-07,368.579,377.193,366.187,375.279,719595.0
2020-04-08,375.279,379.107,373.365,378.15,459620.0
2020-04-09,378.628,380.064,376.236,378.15,304501.0
2020-04-10,381.021,393.462,380.542,384.37,779089.0
2020-04-13,389.155,402.075,389.155,397.29,924217.0
2020-04-14,400.161,403.989,395.854,399.204,729811.0
2020-04-15,399.682,400.639,389.155,392.505,615841.0
2020-04-16,387.72,392.505,387.72,391.069,347180.0
2020-04-17,392.026,400.639,392.026,393.94,581983.0
2020-04-20,396.811,400.161,393.94,395.376,397837.0
2020-04-21,393.94,395.376,385.806,389.634,491530.0
2020-04-22,390.112,390.591,385.327,388.677,287096.0
2020-04-23,390.591,392.026,381.978,381.978,579806.0
2020-04-24,383.892,389.634,380.542,382.456,437814.0
2020-04-27,382.935,385.327,376.236,381.021,417690.0
2020-04-28,382.456,385.327,376.236,382.456,379116.0
2020-04-29,382.456,385.806,378.15,383.892,312030.0
2020-04-30,388.677,394.419,387.72,392.505,521439.0
2020-05-06,390.112,401.596,390.112,400.639,807599.0
2020-05-07,401.118,407.817,397.768,406.381,848814.0
2020-05-08,405.903,418.823,405.424,416.43,975284.0
2020-05-11,417.866,423.608,416.909,418.823,935524.0
2020-05-12,421.215,427.914,416.909,419.78,803636.0
2020-05-13,418.344,422.651,414.516,421.694,539435.0
2020-05-14,418.823,420.737,414.516,414.995,549688.0
2020-05-15,417.387,419.78,411.645,413.559,423034.0
2020-05-18,416.909,418.823,411.645,414.995,385128.0
2020-05-19,417.387,423.608,415.952,418.823,509788.0
2020-05-20,419.78,420.258,412.124,413.081,394249.0
2020-05-21,414.995,415.952,402.553,403.989,469117.0
2020-05-22,403.989,404.946,391.069,394.419,528270.0
2020-05-25,395.376,399.682,392.505,396.811,353923.0
2020-05-26,397.29,400.161,394.897,397.29,480764.0
2020-05-27,397.768,399.204,390.112,393.462,398556.0
2020-05-28,393.94,400.161,389.155,392.505,403654.0
2020-05-29,392.026,394.419,387.72,391.069,508828.0
2020-06-01,394.419,401.118,393.94,399.682,585700.0
2020-06-02,400.161,402.075,394.897,397.768,412501.0
2020-06-03,398.725,403.989,394.419,395.854,493048.0
2020-06-04,394.897,396.811,392.026,392.983,315791.0
2020-06-05,393.462,394.897,388.198,390.112,259793.0
2020-06-08,393.94,394.897,388.198,389.634,409384.0
2020-06-09,391.069,395.376,390.112,393.462,498452.0
2020-06-10,392.983,394.419,388.677,392.026,450892.0
2020-06-11,392.026,397.768,389.155,392.505,610446.0
2020-06-12,386.763,387.241,381.978,385.327,699556.0
2020-06-15,384.849,385.806,379.585,380.064,407671.0
2020-06-16,382.935,394.419,381.499,393.462,700925.0
2020-06-17,392.505,394.897,388.677,392.505,332912.0
2020-06-18,392.983,393.94,390.112,392.983,270674.0
2020-06-19,393.462,395.854,391.069,393.94,390358.0
2020-06-22,393.94,394.419,387.72,388.677,387679.0
2020-06-23,387.72,391.548,384.37,386.284,597000.0
2020-06-24,386.284,389.155,383.892,385.327,350184.0
2020-06-29,382.935,385.327,381.978,383.413,319309.0
2020-06-30,385.327,395.376,385.327,393.94,516545.0
2020-07-01,397.29,420.258,396.333,416.43,1331981.0
2020-07-02,420.737,432.221,416.43,429.35,1450317.0
2020-07-03,429.828,443.705,427.914,431.742,1346682.0
2020-07-06,445.141,446.098,431.742,438.92,1640774.0
2020-07-07,445.619,459.496,445.619,453.754,1796840.0
2020-07-08,448.012,452.318,440.834,451.361,1074190.0
2020-07-09,451.361,457.582,449.447,454.711,826962.0
2020-07-10,453.754,465.716,449.926,455.668,871431.0
2020-07-13,454.711,473.851,454.711,470.023,1028454.0
2020-07-14,468.109,468.109,454.711,460.453,902838.0
2020-07-15,478.636,494.427,473.851,481.029,1673590.0
2020-07-16,488.206,495.862,468.109,470.501,1238597.0
2020-07-17,473.851,483.9,465.238,476.243,1038729.0
2020-07-20,483.421,515.481,483.421,512.61,1774119.0
2020-07-21,515.002,515.002,501.604,513.088,1073403.0
2020-07-22,512.131,513.088,503.518,506.389,771256.0
2020-07-23,502.561,507.346,487.249,502.083,1008740.0
2020-07-24,498.255,504.475,477.679,480.55,1068481.0
2020-07-27,483.421,492.513,476.243,479.593,657522.0
2020-07-28,485.335,491.556,477.679,484.378,721157.0
2020-07-29,478.636,490.12,473.851,488.206,844270.0
2020-07-30,489.642,494.427,479.593,480.55,733308.0
2020-07-31,482.464,491.077,473.851,481.507,730993.0
2020-08-03,482.943,495.384,482.464,491.556,752876.0
2020-08-04,494.427,494.905,484.378,490.12,695333.0
2020-08-05,486.771,487.728,479.114,483.421,500103.0
2020-08-06,485.335,485.335,474.329,478.157,497533.0
2020-08-07,474.808,483.421,470.501,478.636,498963.0
2020-08-10,476.722,485.335,474.808,484.378,525680.0
2020-08-11,483.421,487.249,477.2,478.157,523367.0
2020-08-12,475.286,478.636,459.974,469.544,713077.0
2020-08-13,470.98,476.243,468.109,470.98,351167.0
2020-08-14,471.458,473.851,463.802,473.372,315594.0
2020-08-17,473.372,489.163,473.372,486.771,753490.0
2020-08-18,488.685,495.862,485.335,493.948,633540.0
2020-08-19,491.077,494.905,486.292,492.034,526417.0
2020-08-20,490.12,495.384,483.421,485.335,417748.0
2020-08-21,492.513,492.991,479.593,485.335,450845.0
2020-08-24,492.034,512.131,490.12,497.298,1132264.0
2020-08-25,499.69,513.567,496.341,505.911,977870.0
2020-08-26,506.389,509.26,492.034,494.427,673733.0
2020-08-27,494.427,497.298,489.642,494.905,372084.0
2020-08-28,492.991,502.561,486.771,501.126,521075.0
2020-08-31,505.911,515.002,493.948,493.948,692442.0
2020-09-01,493.948,501.126,493.47,498.255,461873.0
2020-09-02,498.255,499.69,485.814,493.948,553214.0
2020-09-03,494.427,512.131,492.034,497.776,813333.0
2020-09-04,489.163,495.384,485.335,492.034,463773.0
2020-09-07,491.077,494.427,476.722,478.636,468851.0
2020-09-08,478.636,485.335,475.286,483.9,377104.0
2020-09-09,478.636,479.593,467.63,469.544,549548.0
2020-09-10,473.372,475.765,468.109,468.587,408413.0
2020-09-11,468.109,472.894,466.195,469.066,339284.0
2020-09-14,471.458,473.372,467.152,472.415,372609.0
2020-09-15,470.98,484.378,467.63,483.421,593701.0
2020-09-16,481.029,486.771,477.2,482.943,365968.0
2020-09-17,483.421,496.819,481.029,493.47,755693.0
2020-09-18,492.513,497.776,489.163,496.819,588588.0
2020-09-21,497.776,504.475,492.991,496.819,510227.0
2020-09-22,492.034,495.862,486.292,487.249,440979.0
2020-09-23,490.12,493.47,482.943,484.378,328445.0
2020-09-24,482.943,484.378,472.415,473.851,390489.0
2020-09-25,475.765,476.722,470.98,474.808,275334.0
2020-09-28,475.765,478.636,470.023,471.458,284685.0
2020-09-29,474.808,474.808,467.63,469.544,403108.0
2020-09-30,467.152,483.421,466.673,474.329,494793.0
2020-10-09,484.378,495.862,483.421,484.378,567033.0
2020-10-12,484.378,502.083,482.464,499.212,794202.0
2020-10-13,495.862,500.169,491.077,497.298,440525.0
2020-10-14,494.427,504.475,492.991,504.475,629290.0
2020-10-15,507.346,511.174,497.776,499.212,792283.0
2020-10-16,499.69,513.088,499.212,510.696,879377.0
2020-10-19,511.174,513.088,497.776,499.69,718431.0
2020-10-20,502.083,503.997,491.077,497.298,633663.0
2020-10-21,498.733,501.126,492.513,499.212,410218.0
2020-10-22,497.776,497.776,484.857,487.728,451579.0
2020-10-23,487.249,488.685,468.109,469.544,946895.0
2020-10-26,467.63,472.415,459.496,469.544,401992.0
2020-10-27,470.501,471.937,461.41,465.238,503147.0
2020-10-28,465.716,466.195,453.754,460.931,561200.0
2020-10-29,455.189,462.367,452.797,459.496,540792.0
2020-10-30,459.974,461.41,445.141,450.404,719762.0
2020-11-02,452.797,454.232,440.355,442.748,907429.0
2020-11-03,445.619,450.404,441.312,444.184,864443.0
2020-11-04,443.705,448.49,440.355,447.533,539983.0
2020-11-05,448.969,453.754,446.576,451.361,715644.0
2020-11-06,450.404,454.711,447.533,454.711,679096.0
2020-11-09,458.06,463.324,455.189,459.974,818479.0
2020-11-10,461.41,461.41,454.232,456.146,514527.0
2020-11-11,456.146,472.415,454.711,467.152,959626.0
2020-11-12,467.152,468.109,459.017,463.802,633497.0
2020-11-13,462.367,462.367,449.926,453.275,652294.0
2020-11-16,453.754,467.63,453.275,466.673,900180.0
2020-11-17,466.673,474.808,463.324,466.673,647615.0
2020-11-18,469.544,471.458,464.759,466.673,426912.0
2020-11-19,463.802,466.673,457.582,465.238,426996.0
2020-11-20,465.238,471.937,463.802,470.501,573308.0
2020-11-23,473.372,486.292,471.937,481.029,794975.0
2020-11-24,483.9,490.12,480.071,484.378,740512.0
2020-11-25,487.249,489.163,480.071,481.986,534287.0
2020-11-26,482.943,483.9,475.286,482.464,391947.0
2020-11-27,483.9,493.47,482.464,492.513,676298.0
2020-11-30,498.255,519.309,496.819,505.911,1748185.0
2020-12-01,508.303,547.062,508.303,547.062,2906864.0
2020-12-02,562.853,592.042,556.633,592.042,4913832.0
2020-12-03,589.171,595.392,577.208,580.079,3163636.0
2020-12-04,589.65,592.999,576.73,585.343,2145224.0
2020-12-07,590.128,626.973,584.386,614.053,2915339.0
2020-12-08,604.005,607.354,573.859,580.079,2612247.0
2020-12-09,584.386,589.171,568.595,570.031,1664923.0
2020-12-10,569.552,572.902,561.896,566.681,1320340.0
2020-12-11,567.16,573.38,549.455,559.982,1479545.0
2020-12-14,559.025,559.504,545.627,552.804,1020170.0
2020-12-15,557.59,573.38,540.842,550.89,1489977.0
2020-12-16,550.89,554.719,541.799,547.541,1201426.0
2020-12-17,546.105,556.154,539.885,555.197,1298824.0
2020-12-18,551.369,552.326,536.535,545.627,1474364.0
2020-12-21,537.492,554.24,534.621,550.89,1040863.0
2020-12-22,547.062,566.681,542.756,548.498,1420335.0
2020-12-23,548.498,557.111,541.799,546.584,1041571.0
2020-12-24,545.627,548.976,530.315,531.75,981624.0
2020-12-25,532.229,544.67,529.836,539.885,831189.0
2020-12-28,539.406,556.633,537.971,550.89,1229624.0
2020-12-29,546.584,550.412,539.406,540.363,805446.0
2020-12-30,540.363,584.386,539.885,578.165,1886569.0
2020-12-31,574.816,577.208,563.332,570.031,1277562.0
2021-01-04,574.816,591.564,572.423,585.343,1668366.0
2021-01-05,584.386,612.618,576.251,610.704,1941317.0
2021-01-06,608.311,622.666,602.091,609.747,1487826.0
2021-01-07,608.79,650.42,608.79,647.549,2253942.0
2021-01-08,648.984,665.732,625.538,663.818,2100616.0
2021-01-11,663.34,691.571,638.457,643.242,2599320.0
2021-01-12,636.065,669.082,632.237,661.904,1748477.0
2021-01-13,671.474,718.368,671.474,701.62,3239127.0
2021-01-14,684.872,694.442,641.328,643.721,2696945.0
2021-01-15,641.807,675.302,640.85,660.468,2111335.0
2021-01-18,657.597,665.732,630.323,657.597,1739868.0
2021-01-19,660.468,676.738,639.414,639.893,1322824.0
2021-01-20,638.936,649.941,635.108,637.979,1079074.0
2021-01-21,658.554,673.388,644.678,652.334,2029952.0
2021-01-22,646.592,666.689,636.065,655.683,1599111.0
2021-01-25,659.99,682.001,642.285,679.609,2121030.0
2021-01-26,666.689,668.125,643.721,649.463,1605048.0
2021-01-27,645.635,681.044,640.85,677.216,1868212.0
2021-01-28,660.947,676.738,653.291,663.818,1252092.0
2021-01-29,670.996,699.228,666.689,691.571,2466098.0
2021-02-01,692.528,749.949,682.958,746.121,2185961.0
2021-02-02,736.551,772.439,734.159,756.648,2275719.0
2021-02-03,759.519,771.004,739.422,756.648,1827597.0
2021-02-04,746.6,750.906,699.228,716.454,2101071.0
2021-02-05,725.545,740.858,683.915,684.872,2115001.0
2021-02-08,706.884,743.729,706.884,743.729,1611509.0
2021-02-09,766.218,808.327,760.476,800.192,3373375.0
2021-02-10,801.149,822.204,786.316,809.284,2254354.0
2021-02-18,837.994,842.301,776.267,780.574,2401480.0
2021-02-19,782.966,806.413,763.826,794.45,2156364.0
2021-02-22,783.445,784.402,760.955,761.912,1951596.0
2021-02-23,747.078,781.052,743.729,764.783,1382698.0
2021-02-24,769.568,775.789,750.906,752.82,1406679.0
2021-02-25,763.347,787.751,737.987,785.359,1815581.0
2021-02-26,765.261,785.359,753.299,784.402,1495995.0
2021-03-01,790.622,847.565,774.832,847.565,2158448.0
2021-03-02,842.779,854.742,824.118,833.209,1694572.0
2021-03-03,823.639,845.172,815.505,840.387,1233165.0
2021-03-04,828.424,828.424,766.218,774.832,2522937.0
2021-03-05,742.293,758.084,719.803,743.25,1839532.0
2021-03-08,744.207,762.39,687.743,691.093,2175475.0
2021-03-09,682.001,702.099,648.027,690.614,1769537.0
2021-03-10,698.271,704.491,677.695,688.222,1046635.0
2021-03-11,694.921,729.373,693.964,719.803,1370686.0
2021-03-12,721.717,723.631,703.056,714.061,899557.0
2021-03-15,706.405,712.626,693.007,699.228,811331.0
2021-03-16,704.491,713.583,689.657,693.485,837099.0
2021-03-17,684.872,704.013,681.523,699.706,692114.0
2021-03-18,703.534,715.018,694.442,706.884,807245.0
2021-03-19,692.528,701.142,679.13,684.394,937903.0
2021-03-22,682.48,728.895,680.566,717.411,1277029.0
2021-03-23,719.803,721.239,693.964,701.142,805456.0
2021-03-24,695.878,702.577,656.162,663.34,1479487.0
2021-03-25,658.554,668.603,656.162,662.383,666470.0
2021-03-26,668.125,687.265,666.211,680.566,834144.0
2021-03-29,680.566,690.136,668.125,683.915,646986.0
2021-03-30,685.829,706.884,685.829,701.62,896069.0
2021-03-31,718.368,718.368,681.523,704.491,1359833.0
2021-04-01,703.056,737.03,700.663,721.717,1378642.0
2021-04-02,722.196,728.895,710.712,721.717,818387.0
2021-04-06,722.196,726.981,709.755,717.889,626918.0
2021-04-07,723.153,732.723,708.798,732.723,926498.0
2021-04-08,728.416,734.637,723.153,726.981,593974.0
2021-04-09,727.938,732.244,696.835,711.669,1005912.0
2021-04-12,704.491,707.362,664.775,669.56,1424152.0
2021-04-13,665.732,682.001,662.383,679.609,692575.0
2021-04-14,675.781,693.964,675.302,686.308,675459.0
2021-04-15,684.872,687.265,670.996,685.829,442275.0
2021-04-16,690.614,692.528,675.302,685.829,505888.0
2021-04-19,680.087,693.485,673.388,692.05,892102.0
2021-04-20,687.743,696.835,678.652,689.657,752880.0
2021-04-21,684.394,686.786,676.738,679.609,466170.0
2021-04-22,680.087,683.437,672.91,677.695,484887.0
2021-04-23,675.302,691.093,672.91,684.394,598202.0
2021-04-26,682.958,689.179,664.775,665.732,979884.0
2021-04-27,662.383,665.732,647.07,662.383,720574.0
2021-04-28,660.468,669.56,657.597,665.732,391595.0
2021-04-29,667.646,671.953,660.947,664.775,444347.0
2021-04-30,670.039,671.953,652.334,661.425,571512.0
2021-05-06,659.99,659.99,636.543,649.463,828409.0
2021-05-07,650.42,663.818,640.371,640.85,677166.0
2021-05-10,636.065,636.065,614.053,626.495,992193.0
2021-05-11,618.36,629.844,611.182,628.887,704745.0
2021-05-12,622.188,626.973,614.532,622.666,558066.0
2021-05-13,616.446,619.795,609.747,611.661,482474.0
2021-05-14,614.053,626.973,609.747,625.538,620941.0
2021-05-17,625.059,644.199,623.145,631.28,735262.0
2021-05-18,631.28,632.715,619.795,622.188,418053.0
2021-05-19,618.838,626.973,613.575,616.924,402413.0
2021-05-20,620.752,632.237,610.704,613.575,710527.0
2021-05-21,614.053,616.446,593.478,596.349,901573.0
2021-05-24,597.784,604.962,589.65,604.483,684629.0
2021-05-25,604.962,609.268,592.999,608.311,728717.0
2021-05-26,608.311,629.844,608.311,626.973,1125315.0
2021-05-27,624.58,633.194,615.489,627.93,710482.0
2021-05-28,627.93,628.409,613.575,619.317,599030.0
2021-05-31,620.274,622.666,604.483,610.704,703223.0
2021-06-01,610.704,621.231,606.876,618.838,667060.0
2021-06-02,622.666,628.409,605.919,606.876,675819.0
2021-06-03,606.876,607.833,596.349,596.349,634906.0
2021-06-04,593.956,594.913,585.343,586.778,783940.0
2021-06-07,586.778,590.607,583.429,589.65,410324.0
2021-06-08,587.735,588.692,579.601,581.036,593510.0
2021-06-09,578.165,582.95,568.117,576.251,786367.0
2021-06-10,574.816,580.558,570.031,570.031,668878.0
2021-06-11,576.251,576.73,554.24,559.504,1276857.0
2021-06-15,556.633,558.068,546.105,546.584,714404.0
2021-06-16,545.627,550.412,536.535,537.971,575491.0
2021-06-17,534.621,539.406,531.75,533.186,760562.0
2021-06-18,535.1,537.014,525.53,536.535,880627.0
2021-06-21,535.578,535.578,527.922,528.879,697769.0
2021-06-22,529.836,545.627,529.358,538.449,1153709.0
2021-06-23,538.449,539.406,530.315,533.186,706103.0
2021-06-24,533.186,535.1,526.965,529.836,601301.0
2021-06-25,531.75,552.326,528.879,547.541,1373938.0
2021-06-28,547.541,547.541,533.186,534.143,1144179.0
2021-06-29,534.143,537.971,528.401,535.578,766580.0
2021-06-30,541.32,543.713,530.793,538.449,708416.0
2021-07-01,538.928,540.363,529.836,531.75,603480.0
2021-07-02,530.793,531.272,517.874,520.745,853730.0
2021-07-05,519.788,520.266,503.518,510.217,1002168.0
2021-07-06,510.217,521.702,508.782,519.309,731198.0
2021-07-07,521.223,526.487,515.002,519.788,641269.0
2021-07-08,519.309,521.223,509.739,511.174,677064.0
2021-07-09,508.782,524.094,506.389,521.702,749745.0
2021-07-12,526.487,528.879,513.567,513.567,873845.0
2021-07-13,511.653,518.831,506.389,515.959,687360.0
2021-07-14,515.002,515.002,498.255,499.212,1203156.0
2021-07-15,499.212,508.303,493.948,507.346,980101.0
2021-07-16,504.954,504.954,498.255,500.169,683450.0
2021-07-19,498.255,498.733,484.378,492.991,1104903.0
2021-07-20,488.206,500.169,485.814,496.819,663616.0
2021-07-21,496.819,503.997,489.163,490.12,930925.0
2021-07-22,488.206,511.653,487.249,503.04,1946268.0
2021-07-23,503.04,511.174,500.169,502.561,1162075.0
2021-07-26,499.69,501.126,475.286,483.421,1196337.0
2021-07-27,481.986,486.292,466.673,467.152,1037721.0
2021-07-28,466.673,468.587,457.582,466.195,742042.0
2021-07-29,470.023,472.415,464.759,468.109,610071.0
2021-07-30,467.63,477.679,461.888,475.765,696500.0
2021-08-02,475.765,512.131,467.152,512.131,1975755.0
2021-08-03,513.088,527.922,508.303,516.917,2589198.0
2021-08-04,516.438,542.277,512.61,527.922,2252700.0
2021-08-05,526.965,535.1,519.788,526.008,1518131.0
2021-08-06,519.788,527.444,513.567,520.745,1013747.0
2021-08-09,520.745,551.369,518.831,545.627,2118964.0
2021-08-10,544.67,552.805,533.186,549.455,2301313.0
2021-08-11,552.805,561.418,542.277,542.756,1861537.0
2021-08-12,542.277,542.277,528.879,532.707,1373658.0
2021-08-13,532.707,539.885,526.965,532.707,1013457.0
2021-08-16,532.707,534.621,521.223,522.18,999238.0
2021-08-17,521.223,527.922,512.131,513.567,974118.0
2021-08-18,513.567,521.223,509.26,520.745,946325.0
2021-08-19,517.874,518.352,497.776,498.733,1738332.0
2021-08-20,494.905,502.083,492.034,498.733,836350.0
2021-08-23,498.733,506.868,498.733,503.997,923778.0
2021-08-24,505.911,505.911,496.819,500.169,863492.0
2021-08-25,501.604,501.604,494.427,495.862,825205.0
2021-08-26,496.819,498.255,488.206,489.642,1062802.0
2021-08-27,488.206,497.298,481.029,492.513,833491.0
2021-08-30,489.642,489.642,468.109,472.415,2457686.0
2021-08-31,479.114,495.862,476.243,488.685,1914841.0
2021-09-01,491.077,526.487,485.335,526.487,2987346.0
2021-09-02,544.191,544.67,527.444,537.014,3825253.0
2021-09-03,531.272,537.971,521.702,524.573,2288593.0
2021-09-06,527.444,548.498,526.965,541.799,2836296.0
2021-09-07,542.277,545.627,532.707,544.191,2035564.0
2021-09-08,541.32,541.32,530.315,532.707,2015083.0
2021-09-09,531.272,550.412,529.836,540.363,2170730.0
2021-09-10,540.363,556.154,534.143,553.283,2661234.0
2021-09-13,556.633,556.633,542.756,547.541,1814858.0
2021-09-14,545.148,547.541,526.008,528.879,2024129.0
2021-09-15,526.008,533.186,522.18,527.444,1041878.0
2021-09-16,525.53,535.1,523.137,532.707,1314076.0
2021-09-17,531.75,532.707,523.137,527.922,829561.0
2021-09-22,517.874,520.266,510.217,511.653,1214543.0
2021-09-23,515.002,528.879,515.002,522.659,1033452.0
2021-09-24,520.266,520.266,506.389,506.868,880540.0
2021-09-27,503.997,504.475,490.599,493.47,982056.0
2021-09-28,495.862,501.604,494.905,498.733,584265.0
2021-09-29,494.427,501.126,491.556,496.819,608307.0
2021-09-30,500.169,510.217,500.169,506.389,808919.0
2021-10-08,508.303,513.088,501.604,510.217,838558.0
2021-10-11,508.782,511.174,503.518,504.475,662677.0
2021-10-12,502.561,502.561,487.728,491.556,927890.0
2021-10-13,489.642,494.427,488.206,492.991,452328.0
2021-10-14,492.513,495.862,489.163,492.034,412926.0
2021-10-15,492.513,492.991,485.335,486.292,470623.0
2021-10-18,486.292,489.163,481.029,488.685,430651.0
2021-10-19,488.685,495.862,485.814,495.384,605511.0
2021-10-20,495.384,495.862,485.814,488.206,573728.0
2021-10-21,488.685,490.599,484.857,488.206,383917.0
2021-10-22,487.728,498.255,485.814,496.819,825796.0
2021-10-25,494.427,494.905,489.163,491.556,540014.0
2021-10-26,491.556,495.384,488.685,490.12,442231.0
2021-10-27,488.685,489.163,477.679,479.114,685707.0
2021-10-28,478.636,478.636,463.802,466.195,814629.0
2021-10-29,458.539,464.759,448.969,460.453,822927.0
2021-11-01,460.453,463.802,453.275,459.017,590256.0
2021-11-02,459.974,462.367,444.184,447.055,1037464.0
2021-11-03,446.576,449.926,443.705,446.576,521077.0
2021-11-04,448.012,448.969,444.662,448.49,492011.0
2021-11-05,447.533,454.232,444.662,450.404,607663.0
2021-11-08,451.361,455.668,450.883,452.797,442436.0
2021-11-09,453.275,454.711,446.576,448.012,463905.0
2021-11-10,447.055,447.055,438.441,442.269,740787.0
2021-11-11,440.834,449.447,439.877,448.49,702883.0
2021-11-12,448.49,448.969,440.355,442.269,664113.0
2021-11-15,440.834,444.184,440.355,442.748,436910.0
2021-11-16,442.748,445.141,439.877,440.834,427770.0
2021-11-17,440.355,442.748,437.484,441.791,408632.0
2021-11-18,442.269,442.269,438.92,440.834,375391.0
2021-11-19,440.355,441.791,437.006,441.312,669021.0
2021-11-22,441.312,448.49,440.834,445.619,750715.0
2021-11-23,445.619,455.189,443.705,455.189,1054641.0
2021-11-24,454.711,454.711,449.447,451.361,587179.0
2021-11-25,451.361,453.275,448.012,450.883,424256.0
2021-11-26,449.926,450.883,447.533,448.012,365868.0
2021-11-29,444.184,445.619,441.791,443.226,417063.0
2021-11-30,443.705,447.533,443.226,445.619,394963.0
2021-12-01,447.533,453.275,446.098,450.883,600437.0
2021-12-02,450.404,473.372,448.969,467.63,1709269.0
2021-12-03,464.281,468.587,459.496,465.716,950439.0
2021-12-06,466.673,473.372,460.931,461.888,795441.0
2021-12-07,466.673,477.679,465.716,476.243,1561835.0
2021-12-08,473.851,474.329,468.109,474.329,866944.0
2021-12-09,472.894,476.243,471.458,472.894,752444.0
2021-12-10,470.98,471.937,464.759,465.238,744852.0
2021-12-13,469.066,480.55,467.63,472.415,1091936.0
2021-12-14,469.066,469.066,464.281,465.716,651912.0
2021-12-15,465.716,469.544,464.281,464.759,442017.0
2021-12-16,464.281,468.109,463.802,466.673,450463.0
2021-12-17,467.63,470.023,465.238,465.238,425905.0
2021-12-20,463.802,468.109,459.017,461.888,593237.0
2021-12-21,461.888,465.716,460.931,463.802,452907.0
2021-12-22,462.367,462.367,456.146,457.582,625231.0
2021-12-23,457.582,457.582,452.797,457.103,485964.0
2021-12-24,456.146,457.103,452.797,452.797,357596.0
2021-12-27,454.232,458.06,454.232,455.189,328573.0
2021-12-28,456.146,459.974,455.189,459.496,424205.0
2021-12-29,459.017,459.017,453.754,455.189,391568.0
2021-12-30,454.232,455.668,452.797,453.275,366828.0
2021-12-31,453.754,456.146,453.754,454.711,263420.0
2022-01-04,454.711,457.103,453.275,456.625,442458.0
2022-01-05,457.103,460.931,455.668,459.017,726192.0
2022-01-06,457.103,467.63,456.625,466.673,1216266.0
2022-01-07,465.716,481.986,464.281,478.636,1994929.0
2022-01-10,481.507,485.814,475.286,478.636,1022666.0
2022-01-11,478.636,481.507,472.415,475.286,812107.0
2022-01-12,474.808,475.286,468.109,472.415,627905.0
2022-01-13,470.98,475.765,468.587,469.066,652205.0
2022-01-14,468.587,470.98,464.759,469.544,579596.0
2022-01-17,469.544,470.98,466.195,469.066,401395.0
2022-01-18,469.066,477.679,465.238,477.2,950772.0
2022-01-19,475.286,483.421,474.329,478.157,855706.0
2022-01-20,476.243,480.55,470.501,476.243,732773.0
2022-01-21,474.329,477.2,469.066,470.98,472058.0
2022-01-24,472.415,472.894,465.716,467.63,325063.0
2022-01-25,466.195,467.63,451.84,451.84,561108.0
2022-01-26,451.84,457.582,451.84,456.146,287286.0
2022-01-27,455.189,455.668,448.49,449.447,346845.0
2022-01-28,450.404,453.275,445.619,448.969,310300.0
2022-02-07,453.275,460.453,451.84,458.539,408793.0
2022-02-08,465.716,474.329,462.845,470.98,790189.0
2022-02-09,470.501,474.329,468.109,472.415,632665.0
2022-02-10,471.937,473.372,468.109,470.98,399031.0
2022-02-11,469.066,477.2,468.109,474.808,797264.0
2022-02-14,472.894,472.894,463.802,465.238,500001.0
2022-02-15,464.759,469.066,464.281,468.109,271136.0
2022-02-16,469.544,473.851,468.587,470.023,364665.0
2022-02-17,470.023,470.501,465.716,467.152,273372.0
2022-02-18,463.802,468.587,462.845,468.587,277091.0
2022-02-21,468.109,468.109,464.759,466.673,264131.0
2022-02-22,464.281,464.281,456.625,457.103,467200.0
2022-02-23,461.41,464.281,458.539,461.41,368271.0
2022-02-24,459.974,461.41,448.969,452.318,599705.0
2022-02-25,453.275,456.146,451.84,453.275,358287.0
2022-02-28,451.361,452.318,446.576,448.49,470098.0
2022-03-01,448.969,451.84,448.969,450.883,243523.0
2022-03-02,449.447,452.318,448.012,452.318,228704.0
2022-03-03,453.275,455.189,451.361,454.232,299889.0
2022-03-04,453.275,453.275,448.969,450.883,271160.0
2022-03-07,448.012,449.447,446.576,447.533,354266.0
2022-03-08,447.055,448.969,433.178,435.57,578569.0
2022-03-09,437.484,438.441,410.21,425.522,568101.0
2022-03-10,431.742,435.092,429.35,432.221,390444.0
2022-03-11,431.264,439.398,424.565,438.92,424122.0
2022-03-14,436.049,441.312,434.613,436.527,352823.0
2022-03-15,436.049,436.049,420.258,421.694,483062.0
2022-03-16,427.436,433.178,416.909,431.264,516215.0
2022-03-17,435.092,438.92,433.178,434.135,460749.0
2022-03-18,431.742,436.049,427.914,433.656,349171.0
2022-03-21,432.699,434.613,427.914,431.742,312021.0
2022-03-22,428.393,434.135,427.914,433.656,314431.0
2022-03-23,434.135,435.57,432.221,435.092,230711.0
2022-03-24,433.656,433.656,429.35,429.828,236007.0
2022-03-25,431.264,431.264,425.522,426.957,226990.0
2022-03-28,426.0,427.914,419.301,426.0,208959.0
2022-03-29,426.0,426.957,421.694,424.086,179255.0
2022-03-30,425.043,433.656,424.565,433.178,334532.0
2022-03-31,430.785,433.656,428.393,429.35,302779.0
2022-04-01,427.436,430.307,424.565,429.828,265387.0
2022-04-06,428.393,441.791,426.479,439.398,550135.0
2022-04-07,437.484,439.398,432.221,432.221,432984.0
2022-04-08,434.613,457.582,433.178,453.275,1538924.0
2022-04-11,451.361,451.361,441.791,444.662,768469.0
2022-04-12,442.748,448.49,439.398,445.619,612798.0
2022-04-13,441.791,442.748,435.092,436.527,491364.0
2022-04-14,436.527,443.705,436.049,439.877,410217.0
2022-04-15,437.484,441.312,429.828,431.264,450111.0
2022-04-18,427.914,429.35,422.651,425.522,306181.0
2022-04-19,425.043,428.393,424.086,426.0,248898.0
2022-04-20,426.0,427.436,420.258,421.215,320118.0
2022-04-21,421.694,421.694,411.645,412.602,374598.0
2022-04-22,410.688,414.995,406.86,412.602,251050.0
2022-04-25,405.903,408.296,392.505,392.505,469124.0
2022-04-26,394.419,395.854,383.892,385.327,349772.0
2022-04-27,374.322,390.112,372.886,389.155,652437.0
2022-04-28,386.763,388.677,374.8,380.064,518792.0
2022-04-29,381.499,390.591,378.15,389.155,554779.0
2022-05-05,389.155,396.811,387.72,394.897,457385.0
2022-05-06,389.155,392.983,388.198,388.677,266871.0
2022-05-09,388.677,391.548,385.806,386.763,202061.0
2022-05-10,385.806,389.634,380.064,388.198,358318.0
2022-05-11,388.677,395.376,387.241,389.634,456865.0
2022-05-12,388.198,391.069,385.806,389.155,290439.0
2022-05-13,389.634,396.333,389.634,392.026,421915.0
2022-05-16,394.419,397.29,391.069,392.026,340277.0
2022-05-17,392.026,392.026,386.763,390.591,269484.0
2022-05-18,391.069,391.069,387.72,388.198,261868.0
2022-05-19,384.37,386.763,382.935,386.284,290699.0
2022-05-20,386.763,393.462,386.284,392.505,469873.0
2022-05-23,392.505,393.462,390.591,392.983,296110.0
2022-05-24,393.462,395.376,383.413,384.37,429940.0
2022-05-25,383.413,386.763,383.413,386.763,234164.0
2022-05-26,387.72,399.682,387.241,396.333,741597.0
2022-05-27,397.768,398.725,392.983,395.854,440304.0
2022-05-30,396.811,397.768,391.548,392.983,293549.0
2022-05-31,393.462,395.854,392.026,395.376,298475.0
2022-06-01,395.854,396.333,393.462,395.854,293574.0
2022-06-02,395.854,401.118,394.897,400.639,384329.0
2022-06-06,400.639,403.032,399.204,402.553,418293.0
2022-06-07,402.553,404.946,399.204,401.118,348893.0
2022-06-08,401.118,402.075,395.376,399.682,415945.0
2022-06-09,399.682,401.118,394.897,396.811,283508.0
2022-06-10,395.376,398.247,393.94,397.768,345368.0
2022-06-13,394.419,405.424,393.94,400.639,604735.0
2022-06-14,398.247,403.989,394.419,403.51,499403.0
2022-06-15,405.424,410.688,403.989,405.903,742504.0
2022-06-16,406.86,408.296,402.075,402.553,490003.0
2022-06-17,399.682,402.553,397.768,400.639,422184.0
2022-06-20,400.639,403.989,399.204,403.989,403448.0
2022-06-21,402.553,404.467,399.682,402.553,305654.0
2022-06-22,402.553,402.553,396.333,396.333,393534.0
2022-06-23,395.854,398.725,394.897,398.725,296500.0
2022-06-24,400.161,400.161,395.376,397.29,396368.0
2022-06-27,396.333,405.903,396.333,403.032,776715.0
2022-06-28,403.51,406.381,402.553,406.381,477225.0
2022-06-29,405.903,410.21,403.032,403.032,598872.0
2022-06-30,403.51,407.817,403.032,406.381,432831.0
2022-07-01,407.817,432.221,407.817,420.737,1665330.0
2022-07-04,423.608,424.565,417.866,420.258,871490.0
2022-07-05,418.344,420.258,410.21,414.995,735353.0
2022-07-06,413.081,413.559,408.774,411.645,472226.0
2022-07-07,410.688,414.038,410.688,413.559,464202.0
2022-07-08,414.995,417.866,413.559,414.995,485181.0
2022-07-11,414.995,415.473,410.21,412.124,333249.0
2022-07-12,411.167,413.081,408.774,409.253,309911.0
2022-07-13,411.645,416.43,408.774,413.081,367121.0
2022-07-14,411.645,411.645,409.253,409.731,264555.0
2022-07-15,407.338,407.338,398.725,399.204,598310.0
2022-07-18,399.204,405.424,397.768,404.467,296006.0
2022-07-19,403.989,405.424,401.596,404.946,210587.0
2022-07-20,406.86,417.387,405.424,416.43,703952.0
2022-07-21,428.871,435.57,422.651,422.651,1359122.0
2022-07-22,422.172,426.957,420.258,424.086,694352.0
2022-07-25,426.0,431.264,426.0,427.436,590520.0
2022-07-26,428.393,429.35,425.043,426.479,379196.0
2022-07-27,425.522,426.0,423.129,424.086,296998.0
2022-07-28,424.565,427.436,424.086,425.043,303279.0
2022-07-29,424.086,426.479,420.258,420.737,451312.0
2022-08-01,420.737,424.086,418.823,422.651,254561.0
2022-08-02,420.737,421.215,414.038,417.387,523749.0
2022-08-03,416.909,420.258,409.253,410.688,349547.0
2022-08-04,411.167,413.559,409.253,412.602,223360.0
2022-08-05,412.602,416.43,411.645,416.43,210905.0
2022-08-08,416.43,417.866,414.516,415.952,150442.0
2022-08-09,415.952,415.952,412.602,413.081,201577.0
2022-08-10,413.081,414.516,412.124,412.602,157371.0
2022-08-11,413.081,420.258,413.081,419.78,302922.0
2022-08-12,419.301,422.172,418.344,421.694,232830.0
2022-08-15,420.737,423.129,419.301,421.215,212439.0
2022-08-16,421.215,423.129,420.737,421.215,190802.0
2022-08-17,421.694,422.651,416.909,420.737,185823.0
2022-08-18,420.258,420.258,415.473,416.909,234204.0
2022-08-19,416.43,418.344,414.038,414.995,248368.0
2022-08-22,414.038,415.473,412.602,415.473,246051.0
2022-08-23,414.516,414.516,412.602,413.081,230400.0
2022-08-24,414.038,414.516,407.338,408.296,287001.0
2022-08-25,408.296,409.731,404.467,407.817,206213.0
2022-08-26,407.817,408.774,406.381,406.381,147384.0
2022-08-29,403.032,406.86,401.596,405.903,153505.0
2022-08-30,406.381,409.253,405.424,406.381,130163.0
2022-08-31,406.381,406.86,402.553,403.032,216344.0
2022-09-01,403.032,407.817,403.032,405.424,182976.0
2022-09-02,405.424,406.86,404.946,405.424,135860.0
2022-09-05,405.424,406.381,403.989,405.424,164078.0
2022-09-06,405.903,410.21,405.903,408.774,154763.0
2022-09-07,408.296,408.774,406.86,407.338,109302.0
2022-09-08,407.338,408.774,406.381,408.296,129762.0
2022-09-09,407.817,415.473,407.817,414.516,382214.0
2022-09-13,414.516,417.387,413.081,414.038,175042.0
2022-09-14,411.645,415.473,410.21,412.602,182131.0
2022-09-15,414.038,414.995,409.253,411.645,239674.0
2022-09-16,411.645,412.602,403.032,403.51,272474.0
2022-09-19,403.51,406.86,401.118,404.946,219261.0
2022-09-20,404.946,407.338,403.989,403.989,104833.0
2022-09-21,403.989,408.774,402.553,406.86,189975.0
2022-09-22,406.381,408.296,404.946,406.86,167164.0
2022-09-23,405.903,409.731,404.946,405.903,145649.0
2022-09-26,405.424,405.903,397.768,398.725,214730.0
2022-09-27,398.725,402.553,397.768,402.553,131153.0
2022-09-28,402.553,403.032,393.94,394.419,181362.0
2022-09-29,396.333,397.768,390.112,392.026,160003.0
2022-09-30,391.548,394.897,390.591,392.026,134634.0
2022-10-10,392.026,396.811,391.069,392.026,127342.0
2022-10-11,392.505,394.419,391.069,393.462,110436.0
2022-10-12,393.94,405.424,392.983,405.424,314996.0
2022-10-13,405.424,409.731,403.51,407.817,224838.0
2022-10-14,408.296,410.688,407.338,407.817,195161.0
2022-10-17,408.296,408.774,405.903,405.903,231537.0
2022-10-18,407.338,407.817,401.596,402.075,244681.0
2022-10-19,401.596,403.032,397.768,397.768,167576.0
2022-10-20,398.247,400.161,395.854,396.333,152740.0
2022-10-21,396.333,399.682,393.94,394.897,164171.0
2022-10-24,394.897,397.768,388.677,390.112,293114.0
2022-10-25,391.069,393.94,385.327,392.026,176053.0
2022-10-26,392.505,396.811,392.505,393.94,159550.0
2022-10-27,395.854,396.811,393.94,394.419,130076.0
2022-10-28,394.419,395.376,387.72,389.634,161206.0
2022-10-31,388.677,388.677,381.021,382.935,227715.0
2022-11-01,383.413,390.112,382.456,390.112,315747.0
2022-11-02,389.155,392.026,386.763,390.591,255908.0
2022-11-03,390.112,390.591,387.72,389.634,162374.0
2022-11-04,389.634,394.897,389.155,393.94,266616.0
2022-11-07,393.94,395.854,392.505,394.897,204743.0
2022-11-08,395.376,395.854,392.505,393.94,148132.0
2022-11-09,394.419,394.897,392.983,393.462,117844.0
2022-11-10,392.983,393.462,389.634,392.026,193348.0
2022-11-11,396.333,402.553,394.419,400.161,498138.0
2022-11-14,400.161,406.86,400.161,402.553,670430.0
2022-11-15,401.596,405.424,400.639,404.467,281193.0
2022-11-16,405.424,406.381,401.118,402.075,194817.0
2022-11-17,402.075,402.553,398.725,401.118,187935.0
2022-11-18,401.596,402.075,397.768,398.247,186882.0
2022-11-21,398.247,398.247,394.897,395.854,188662.0
2022-11-22,396.333,401.118,394.897,397.768,260383.0
2022-11-23,397.768,403.51,396.333,400.639,278099.0
2022-11-24,401.118,403.51,400.161,402.075,180754.0
2022-11-25,401.118,405.424,399.682,403.989,308363.0
2022-11-28,402.075,402.553,397.29,399.204,209755.0
2022-11-29,401.118,409.731,400.639,409.731,548942.0
2022-11-30,408.774,409.731,404.946,406.381,292291.0
2022-12-01,408.774,409.253,404.467,404.946,268323.0
2022-12-02,404.467,405.903,402.553,403.989,211864.0
2022-12-05,404.467,413.081,404.467,412.124,471596.0
2022-12-06,412.124,412.602,408.774,410.688,224893.0
2022-12-07,409.253,411.167,406.86,408.296,253772.0
2022-12-08,410.21,410.688,407.338,408.774,206360.0
2022-12-09,408.296,414.995,406.86,412.602,556978.0
2022-12-12,411.645,412.124,404.946,405.424,354329.0
2022-12-13,405.424,406.86,403.51,405.903,180027.0
2022-12-14,405.424,407.338,404.467,405.424,148732.0
2022-12-15,404.467,405.903,401.118,401.596,180452.0
2022-12-16,400.639,405.424,400.161,403.51,177683.0
2022-12-19,402.075,403.989,394.897,395.854,212523.0
2022-12-20,395.854,396.811,392.505,393.462,185845.0
2022-12-21,393.462,395.854,392.026,392.983,142707.0
2022-12-22,393.94,395.376,389.155,389.634,197554.0
2022-12-23,389.634,391.548,387.241,388.677,136632.0
2022-12-26,389.155,391.548,389.155,391.069,104116.0
2022-12-27,392.026,392.983,391.069,392.505,92290.0
2022-12-28,393.462,393.462,388.198,388.677,179081.0
2022-12-29,387.72,388.198,385.806,386.284,138012.0
2022-12-30,385.327,388.677,385.327,387.241,130103.0
2023-01-03,387.241,389.634,385.327,389.155,187334.0
2023-01-04,389.634,392.983,388.198,391.548,165811.0
2023-01-05,392.505,392.983,391.548,392.505,140215.0
2023-01-06,392.983,392.983,391.548,392.026,113939.0
2023-01-09,392.026,395.854,392.026,395.376,197773.0
2023-01-10,395.376,395.376,392.983,393.94,130986.0
2023-01-11,394.419,396.333,392.983,395.376,183419.0
2023-01-12,395.376,395.854,392.505,393.462,135240.0
2023-01-13,393.462,400.161,392.983,399.682,293283.0
2023-01-16,401.118,405.424,399.682,403.989,323892.0
2023-01-17,403.032,405.424,402.075,404.467,220658.0
2023-01-18,404.946,407.817,403.51,403.989,191333.0
2023-01-19,404.467,404.946,402.553,403.989,154768.0
2023-01-20,404.467,406.381,403.989,406.381,205148.0
2023-01-30,408.296,410.688,406.86,407.817,303400.0
2023-01-31,407.338,408.774,404.946,405.424,258860.0
2023-02-01,406.86,407.338,403.989,407.338,243332.0
2023-02-02,407.817,408.296,403.989,404.467,243404.0
2023-02-03,404.467,404.467,399.682,402.075,241905.0
2023-02-06,404.467,405.903,400.639,401.596,285295.0
2023-02-07,402.075,402.553,400.639,402.075,204390.0
2023-02-08,402.553,403.989,400.639,401.118,164620.0
2023-02-09,402.075,406.381,400.639,405.903,313720.0
2023-02-10,405.903,418.823,405.424,416.909,1410597.0
2023-02-13,417.866,441.791,417.866,435.57,1947621.0
2023-02-14,436.049,438.92,430.307,437.963,919660.0
2023-02-15,437.006,441.312,435.57,438.441,774118.0
2023-02-16,437.006,438.441,426.957,429.35,694992.0
2023-02-17,429.828,438.92,429.828,434.135,661236.0
2023-02-20,435.092,458.06,434.613,456.146,1793766.0
2023-02-21,456.146,461.888,449.926,455.668,1003372.0
2023-02-22,453.275,457.103,450.883,454.232,586556.0
2023-02-23,454.232,455.668,450.883,453.275,418843.0
2023-02-24,453.275,453.754,446.576,448.969,489891.0
2023-02-27,446.576,451.84,445.619,448.012,417920.0
2023-02-28,448.012,449.926,444.184,448.012,367029.0
2023-03-01,448.012,453.754,446.576,452.318,495092.0
2023-03-02,450.883,456.146,450.404,454.711,426137.0
2023-03-03,452.797,455.668,452.318,455.189,343434.0
2023-03-06,455.189,455.189,447.533,449.447,816544.0
2023-03-07,448.012,452.318,444.662,445.141,425756.0
2023-03-08,443.705,446.576,441.791,445.619,290553.0
2023-03-09,446.098,446.576,437.963,439.398,365918.0
2023-03-10,438.92,440.355,433.656,434.613,368540.0
2023-03-13,434.613,441.312,434.135,437.006,314243.0
2023-03-14,439.877,439.877,430.307,431.742,304813.0
2023-03-15,434.135,440.355,432.221,437.006,290307.0
2023-03-16,437.006,438.92,428.393,429.828,378110.0
2023-03-17,432.699,437.006,431.742,433.178,289169.0
2023-03-20,434.613,443.705,431.742,432.699,541907.0
2023-03-21,433.178,435.57,429.828,431.264,290344.0
2023-03-22,432.699,434.135,429.828,430.785,229713.0
2023-03-23,430.307,430.785,426.0,429.35,318572.0
2023-03-24,429.828,430.307,421.215,425.043,413645.0
2023-03-27,425.043,425.522,420.258,422.172,286701.0
2023-03-28,422.651,425.522,420.737,421.215,220330.0
2023-03-29,423.129,423.129,419.301,421.694,224639.0
2023-03-30,423.608,425.522,417.866,422.172,307314.0
2023-03-31,423.608,427.914,422.172,424.086,342905.0
2023-04-03,425.522,437.006,423.608,434.613,554551.0
2023-04-04,434.613,436.049,431.742,435.092,336748.0
2023-04-06,434.613,437.006,432.221,435.57,249001.0
2023-04-07,437.006,437.006,432.221,432.699,190051.0
2023-04-10,433.178,434.135,429.828,430.785,186018.0
2023-04-11,431.742,433.178,428.393,433.178,202407.0
2023-04-12,435.092,435.57,429.828,430.785,249140.0
2023-04-13,430.307,431.742,427.914,428.871,194212.0
2023-04-14,428.871,429.828,425.522,426.957,305628.0
2023-04-17,427.914,434.613,426.479,433.656,331783.0
2023-04-18,434.135,439.877,432.699,435.57,420281.0
2023-04-19,436.527,437.006,433.178,433.656,235728.0
2023-04-20,432.699,435.092,430.785,433.656,193082.0
2023-04-21,434.135,439.877,427.436,428.393,452560.0
2023-04-24,428.393,428.871,414.995,416.43,496713.0
2023-04-25,417.866,422.172,414.516,418.823,314519.0
2023-04-26,418.344,421.215,416.43,419.301,172239.0
2023-04-27,419.78,423.608,417.387,423.129,216925.0
2023-04-28,423.129,437.484,422.651,437.006,491708.0
2023-05-04,436.527,443.226,434.135,441.791,475203.0
2023-05-05,443.705,443.705,438.441,441.791,383254.0
2023-05-08,442.269,444.662,439.877,442.748,406003.0
2023-05-09,443.705,448.012,440.834,441.312,450755.0
2023-05-10,441.791,443.705,437.963,439.398,272453.0
2023-05-11,440.834,441.791,437.963,438.441,176342.0
2023-05-12,438.441,440.355,434.613,434.613,179029.0
2023-05-15,434.613,437.006,428.871,435.092,266315.0
2023-05-16,435.57,435.57,431.742,432.699,191917.0
2023-05-17,433.178,437.963,431.264,434.135,206107.0
2023-05-18,435.092,437.963,433.656,436.049,182751.0
2023-05-19,435.57,436.049,428.393,428.871,252050.0
2023-05-22,426.479,429.35,424.565,428.393,253512.0
2023-05-23,428.393,429.828,426.0,426.0,170731.0
2023-05-24,425.522,425.522,417.866,418.344,316972.0
2023-05-25,418.344,421.215,417.387,420.258,175652.0
2023-05-26,420.258,423.129,417.866,422.651,148974.0
2023-05-29,426.0,428.393,421.215,423.608,255144.0
2023-05-30,426.0,434.613,421.215,425.522,553379.0
2023-05-31,426.957,430.785,423.129,429.828,454217.0
2023-06-01,430.785,434.135,427.436,430.785,488122.0
2023-06-02,432.221,437.484,430.785,436.049,502066.0
2023-06-05,437.963,437.963,434.135,436.527,357699.0
2023-06-06,436.049,437.963,431.264,431.742,306631.0
2023-06-07,432.221,433.656,429.828,430.307,187836.0
2023-06-08,431.264,435.57,428.393,435.57,310883.0
2023-06-09,435.092,436.527,433.178,436.527,226377.0
2023-06-12,436.049,437.963,433.656,435.092,224857.0
2023-06-13,434.613,436.049,433.178,435.57,166747.0
2023-06-14,436.527,444.662,435.57,442.269,520253.0
2023-06-15,442.269,445.619,440.355,444.662,410917.0
2023-06-16,444.662,448.969,443.226,446.098,394161.0
2023-06-19,447.055,448.012,444.184,445.619,257254.0
2023-06-20,445.619,448.969,444.662,447.533,270725.0
2023-06-21,447.055,447.533,443.705,443.705,246962.0
2023-06-26,443.705,447.533,440.834,441.791,311681.0
2023-06-27,442.748,445.141,440.834,444.662,247588.0
2023-06-28,445.141,447.055,443.226,446.576,214273.0
2023-06-29,449.447,451.84,446.098,449.926,376897.0
2023-06-30,447.533,450.404,443.705,449.926,429678.0
2023-07-03,449.926,451.84,446.576,449.447,319659.0
2023-07-04,448.969,451.84,446.576,448.012,261899.0
2023-07-05,448.012,448.969,445.619,446.576,189882.0
2023-07-06,445.619,447.055,443.226,445.619,210984.0
2023-07-07,446.098,451.84,443.705,448.012,242749.0
2023-07-10,449.447,449.447,444.184,445.141,198216.0
2023-07-11,445.141,449.447,443.226,449.447,226597.0
2023-07-12,449.447,451.361,443.705,444.662,204038.0
2023-07-13,446.098,447.533,444.662,447.055,147720.0
2023-07-14,447.055,460.931,446.576,458.06,681251.0
2023-07-17,457.103,464.281,455.668,461.888,437966.0
2023-07-18,461.888,466.673,458.06,464.759,422372.0
2023-07-19,463.802,467.152,463.324,465.238,337214.0
2023-07-20,465.238,467.63,459.974,460.931,523225.0
2023-07-21,463.054,463.054,456.355,458.269,400959.0
2023-07-24,461.14,461.14,454.441,457.791,329423.0
2023-07-25,459.226,471.189,458.748,470.232,768802.0
2023-07-26,470.232,470.71,462.576,464.968,425217.0
2023-07-27,465.925,467.361,462.576,463.533,346086.0
2023-07-28,463.054,470.71,462.097,470.232,443061.0
2023-07-31,471.189,475.495,468.796,471.189,425845.0
2023-08-01,471.667,473.581,467.839,469.753,341896.0
2023-08-02,470.232,475.495,468.796,473.581,493553.0
2023-08-03,472.146,475.017,468.796,474.06,319974.0
2023-08-04,474.06,478.845,469.275,469.753,324428.0
2023-08-07,468.796,469.753,463.533,467.839,291693.0
2023-08-08,467.839,468.318,463.533,465.925,235533.0
2023-08-09,464.011,465.447,459.705,462.576,355179.0
2023-08-10,461.619,464.968,461.14,464.49,170771.0
2023-08-11,464.49,464.968,453.006,453.963,338528.0
2023-08-14,450.613,452.049,446.306,451.57,275197.0
2023-08-15,452.527,457.312,449.656,455.398,262317.0
2023-08-16,454.92,455.398,450.613,452.527,170599.0
2023-08-17,450.613,452.527,447.742,451.57,273507.0
2023-08-18,451.092,452.049,446.306,446.306,196618.0
2023-08-21,445.349,448.221,441.043,442.0,218683.0
2023-08-22,442.957,445.828,439.129,443.435,232153.0
2023-08-23,443.435,444.392,439.129,439.607,220593.0
2023-08-24,439.607,442.0,436.258,436.736,237188.0
2023-08-25,436.258,439.607,432.908,436.736,220101.0
2023-08-28,451.57,452.527,444.392,445.828,423798.0
2023-08-29,445.349,447.263,442.0,442.478,355243.0
2023-08-30,442.957,446.306,442.478,443.435,212890.0
2023-08-31,450.135,459.705,447.263,450.613,651664.0
2023-09-01,450.613,464.49,449.656,463.533,697169.0
2023-09-04,463.533,477.888,463.533,474.538,1083120.0
2023-09-05,475.974,479.802,472.146,478.366,1035038.0
2023-09-06,477.409,477.409,470.232,475.495,612025.0
2023-09-07,476.452,481.237,471.667,472.624,431650.0
2023-09-08,472.624,472.624,467.361,470.71,296037.0
2023-09-11,472.146,475.974,470.71,474.538,373530.0
2023-09-12,475.495,475.495,470.71,471.667,269658.0
2023-09-13,471.667,473.581,467.839,469.753,220368.0
2023-09-14,471.189,473.103,467.839,471.667,324851.0
2023-09-15,471.189,473.581,467.839,469.275,371571.0
2023-09-18,469.275,470.71,466.882,468.318,239999.0
2023-09-19,468.796,471.189,466.882,470.232,263068.0
2023-09-20,469.753,472.624,466.404,470.71,332086.0
2023-09-21,470.232,473.103,468.796,469.753,275266.0
2023-09-22,469.275,472.624,467.361,471.667,290968.0
2023-09-25,471.189,472.624,468.796,470.232,284046.0
2023-09-26,471.667,475.017,470.71,472.624,253459.0
2023-09-27,472.146,475.017,470.71,471.189,240807.0
2023-09-28,470.71,472.146,467.839,469.275,253617.0
2023-10-09,467.361,474.538,466.404,471.667,328353.0
2023-10-10,474.06,474.06,461.619,462.576,454474.0
2023-10-11,463.054,468.318,461.619,462.097,306546.0
2023-10-12,463.054,465.447,462.097,463.054,194455.0
2023-10-13,462.576,463.533,457.791,460.183,254315.0
2023-10-16,461.14,461.619,455.877,457.312,227975.0
2023-10-17,458.269,459.226,454.92,457.312,182540.0
2023-10-18,457.312,458.748,452.527,453.006,186292.0
2023-10-19,451.092,454.441,446.785,447.263,224811.0
2023-10-20,447.263,448.699,443.914,444.871,190425.0
2023-10-23,444.871,446.306,440.564,442.0,220138.0
2023-10-24,443.914,446.785,437.693,439.607,307759.0
2023-10-25,450.135,455.398,446.785,451.092,608812.0
2023-10-26,450.135,453.963,446.785,453.006,279430.0
2023-10-27,453.006,460.662,451.57,460.183,283456.0
2023-10-30,458.748,459.226,450.613,455.398,389307.0
2023-10-31,457.791,460.183,447.742,448.699,498763.0
2023-11-01,450.135,450.135,441.043,442.0,458815.0
2023-11-02,441.521,446.306,440.564,442.957,313769.0
2023-11-03,445.349,452.527,442.957,449.178,353000.0
2023-11-06,451.57,452.049,444.392,450.135,385415.0
2023-11-07,450.135,452.049,448.699,451.092,240588.0
2023-11-08,451.092,452.527,447.742,448.221,211392.0
2023-11-09,448.699,452.049,447.742,450.613,206620.0
2023-11-10,449.656,451.57,447.742,449.178,146552.0
2023-11-13,449.656,450.135,446.785,449.178,152194.0
2023-11-14,448.221,452.049,447.742,451.57,184922.0
2023-11-15,453.006,455.877,451.57,455.398,216562.0
2023-11-16,454.92,457.312,453.484,455.398,224216.0
2023-11-17,454.92,454.92,450.613,452.049,175142.0
2023-11-20,452.527,453.484,447.742,452.527,196597.0
2023-11-21,453.484,456.834,450.135,450.135,259253.0
2023-11-22,449.656,451.092,445.349,445.349,221795.0
2023-11-23,445.349,452.049,445.349,450.613,180817.0
2023-11-24,450.613,451.57,448.221,450.613,144219.0
2023-11-27,449.656,452.527,445.349,451.092,224528.0
2023-11-28,451.092,451.092,447.263,448.221,233959.0
2023-11-29,449.656,450.613,445.349,445.349,210240.0
2023-11-30,446.306,451.57,444.871,450.135,260197.0
2023-12-01,450.135,451.092,447.263,447.742,218063.0
2023-12-04,448.699,451.092,447.263,450.135,201593.0
2023-12-05,449.178,449.178,444.392,444.871,241743.0
2023-12-06,444.392,447.263,441.521,444.871,177153.0
2023-12-07,445.349,450.135,444.392,448.699,238157.0
2023-12-08,448.699,454.92,444.392,444.871,281616.0
2023-12-11,443.914,446.785,439.607,445.828,282659.0
2023-12-12,446.306,448.221,443.914,446.306,131151.0
2023-12-13,446.785,446.785,441.043,441.043,193015.0
2023-12-14,441.521,443.914,438.172,439.129,212350.0
2023-12-15,440.564,444.392,438.65,438.65,185030.0
2023-12-18,439.129,441.521,433.387,439.607,195497.0
2023-12-19,439.607,443.914,436.736,443.435,198853.0
2023-12-20,444.392,450.135,442.957,446.785,357719.0
2023-12-21,447.263,450.613,442.957,450.135,356389.0
2023-12-22,450.613,452.049,448.699,450.613,283439.0
2023-12-25,449.656,453.963,449.178,453.484,248767.0
2023-12-26,453.484,454.441,448.221,450.613,180363.0
2023-12-27,450.613,454.92,448.699,454.441,228873.0
2023-12-28,455.398,456.355,453.484,455.877,283769.0
2023-12-29,454.92,457.312,453.484,453.963,231132.0
2024-01-02,454.92,460.662,452.049,458.748,369054.0
2024-01-03,458.269,461.14,457.312,460.662,224629.0
2024-01-04,460.662,461.14,457.312,460.183,216022.0
2024-01-05,459.705,462.576,456.834,458.269,227565.0
2024-01-08,457.312,459.226,455.398,455.877,229329.0
2024-01-09,455.398,458.269,452.527,457.312,296244.0
2024-01-10,455.877,459.705,454.92,456.834,257981.0
2024-01-11,457.312,459.705,452.527,457.312,255440.0
2024-01-12,455.398,460.662,454.92,456.834,245693.0
2024-01-15,455.877,461.14,454.441,460.183,264687.0
2024-01-16,459.705,470.71,458.748,470.71,640807.0
2024-01-17,470.71,486.023,470.232,478.366,1070318.0
2024-01-18,475.974,481.716,473.103,480.759,830609.0
2024-01-19,480.759,486.98,476.931,480.759,645970.0
2024-01-22,480.28,482.673,470.71,473.103,600054.0
2024-01-23,472.146,481.237,468.318,478.366,616542.0
2024-01-24,477.888,490.329,477.409,486.501,675271.0
2024-01-25,485.544,489.372,482.673,488.415,650721.0
2024-01-26,488.415,493.2,486.98,490.329,568564.0
2024-01-29,490.808,497.985,490.329,494.157,692287.0
2024-01-30,492.722,499.421,490.329,494.157,674612.0
2024-01-31,492.722,494.157,484.108,486.023,578036.0
2024-02-01,484.108,489.372,481.716,486.023,542089.0
2024-02-02,486.98,497.985,484.587,493.2,802017.0
2024-02-05,493.2,501.813,490.808,497.507,850882.0
2024-02-06,495.114,514.254,492.722,514.254,1042615.0
2024-02-07,514.733,516.168,505.163,510.905,950106.0
2024-02-08,509.469,516.647,506.12,511.862,737737.0
2024-02-19,512.819,520.475,507.555,520.475,758363.0
2024-02-20,519.996,532.916,516.168,531.481,658197.0
2024-02-21,529.088,536.266,525.739,526.217,651990.0
2024-02-22,524.782,531.002,523.346,531.002,478341.0
2024-02-23,530.524,533.873,517.604,522.868,729432.0
2024-02-26,524.782,529.088,521.911,524.782,522281.0
2024-02-27,524.303,528.61,520.954,524.782,487974.0
2024-02-28,523.825,524.303,512.34,514.254,751205.0
2024-02-29,512.819,525.739,512.34,524.303,571480.0
2024-03-01,525.26,531.481,521.911,524.303,500584.0
2024-03-04,522.389,528.61,521.911,524.303,407297.0
2024-03-05,523.825,526.696,520.954,525.739,353730.0
2024-03-06,526.217,540.572,524.782,536.744,799733.0
2024-03-07,537.223,542.965,534.83,535.309,475415.0
2024-03-08,535.309,537.701,526.696,529.567,600498.0
2024-03-11,529.088,532.916,517.125,521.911,611986.0
2024-03-12,520.475,520.954,509.948,514.254,558497.0
2024-03-13,513.776,516.647,506.598,507.077,633909.0
2024-03-14,508.034,521.432,507.555,518.561,785649.0
2024-03-15,518.082,521.432,512.34,514.254,451633.0
2024-03-18,514.733,526.217,513.776,523.346,590540.0
2024-03-19,521.432,524.782,517.125,517.125,341600.0
2024-03-20,516.168,519.039,510.905,513.297,365178.0
2024-03-21,514.254,515.211,509.469,510.905,329295.0
2024-03-22,509.469,516.168,508.991,510.905,502054.0
2024-03-25,512.34,529.088,511.383,521.911,757728.0
2024-03-26,520.475,528.61,519.518,527.174,567728.0
2024-03-27,527.174,530.524,520.475,520.475,380848.0
2024-03-28,520.475,528.61,516.647,525.739,367443.0
2024-03-29,528.131,534.352,523.346,534.352,625411.0
2024-04-01,536.266,552.056,536.266,548.707,825115.0
2024-04-02,549.185,553.492,543.443,547.75,421682.0
2024-04-03,547.75,548.228,543.443,547.271,328990.0
2024-04-08,541.529,559.713,541.529,555.884,651206.0
2024-04-09,554.449,561.627,548.228,549.664,405832.0
2024-04-10,550.142,568.326,550.142,562.105,756662.0
2024-04-11,559.713,585.552,557.32,577.896,1065546.0
2024-04-12,577.896,580.767,571.675,574.546,478095.0
2024-04-15,574.068,586.509,571.675,584.116,841671.0
2024-04-16,580.767,583.159,569.761,575.503,623199.0
2024-04-17,574.546,589.858,567.847,588.901,850275.0
2024-04-18,586.509,597.515,579.81,582.681,663958.0
2024-04-19,577.896,586.03,576.939,582.202,407727.0
2024-04-22,580.767,584.116,560.67,563.541,913477.0
2024-04-23,563.541,564.976,548.707,551.578,675013.0
2024-04-24,553.013,554.927,545.836,552.535,604778.0
2024-04-25,550.142,555.884,548.228,550.142,398201.0
2024-04-26,548.707,554.927,543.922,553.97,636906.0
2024-04-29,553.97,559.234,547.75,548.228,591425.0
2024-04-30,549.185,550.621,537.701,548.707,808212.0
2024-05-06,549.185,564.498,538.18,561.627,1128195.0
2024-05-07,557.799,563.541,552.056,557.799,663791.0
2024-05-08,557.32,557.32,551.578,553.013,342242.0
2024-05-09,552.535,581.724,552.056,575.982,974695.0
2024-05-10,575.025,575.982,565.455,571.675,496338.0
2024-05-13,568.326,574.546,563.062,569.283,509226.0
2024-05-14,568.326,573.589,557.799,558.756,556910.0
2024-05-15,555.884,563.541,555.406,556.841,360965.0
2024-05-16,556.363,559.713,552.056,553.492,345170.0
2024-05-17,552.535,554.927,537.223,542.486,665424.0
2024-05-20,542.486,548.228,536.266,545.357,571830.0
2024-05-21,543.443,548.707,539.615,545.836,316676.0
2024-05-22,545.357,546.314,537.701,539.137,371285.0
2024-05-23,537.223,540.094,528.61,531.002,542277.0
2024-05-24,531.481,541.051,529.567,536.266,462252.0
2024-05-27,533.873,540.094,532.916,538.658,341352.0
2024-05-28,539.137,541.529,530.524,531.959,336643.0
2024-05-29,530.524,531.959,524.782,525.739,371109.0
2024-05-30,525.26,526.217,517.125,518.082,568128.0
2024-05-31,519.518,526.696,519.039,525.739,499631.0
2024-06-03,524.303,531.481,523.346,528.131,470984.0
2024-06-04,526.696,535.787,523.346,534.83,423996.0
2024-06-05,534.352,535.787,519.996,520.954,487934.0
2024-06-06,519.996,526.696,517.125,523.825,510578.0
2024-06-07,522.868,533.873,521.911,529.567,466559.0
2024-06-11,528.61,531.002,516.647,522.868,477264.0
2024-06-12,520.954,530.524,518.561,527.653,336480.0
2024-06-13,527.174,528.61,518.561,519.996,288119.0
2024-06-14,518.561,527.653,518.561,523.346,329326.0
2024-06-17,523.825,526.217,512.819,514.254,430785.0
2024-06-18,514.254,523.825,506.598,520.954,588671.0
2024-06-19,520.954,521.911,513.776,516.647,283707.0
2024-06-20,515.211,520.475,511.862,513.776,276298.0
2024-06-21,513.776,521.432,513.297,519.039,412750.0
2024-06-24,519.518,524.303,512.819,514.254,436402.0
2024-06-25,513.776,521.911,512.819,516.168,430504.0
2024-06-26,514.254,516.647,509.469,514.733,317469.0
2024-06-27,514.254,514.254,501.813,502.292,631085.0
2024-06-28,501.335,513.297,501.335,508.991,553547.0
2024-07-01,510.426,515.69,507.077,514.733,404476.0
2024-07-02,516.647,518.561,497.028,506.598,710826.0
2024-07-03,503.727,505.163,492.722,493.679,539335.0
2024-07-04,494.636,496.55,489.851,492.722,392175.0
2024-07-05,492.722,496.071,489.372,495.114,274560.0
2024-07-08,494.157,494.636,488.415,489.372,336941.0
2024-07-09,488.415,498.464,485.066,496.55,489955.0
2024-07-10,494.636,496.071,490.329,491.765,379024.0
2024-07-11,494.157,509.948,494.157,505.641,521251.0
2024-07-12,502.77,505.163,497.028,497.507,316455.0
2024-07-15,495.593,499.421,492.722,494.636,263849.0
2024-07-16,494.636,495.114,487.937,488.894,306014.0
2024-07-17,489.372,490.329,480.28,484.108,405304.0
2024-07-18,483.151,487.458,480.759,484.587,293687.0
2024-07-19,484.587,491.286,481.716,490.808,369073.0
2024-07-22,490.329,491.286,482.194,484.108,347108.0
2024-07-23,483.63,486.501,476.931,476.931,292298.0
2024-07-24,476.452,479.802,474.06,475.495,418843.0
2024-07-25,474.06,475.017,464.011,467.361,633781.0
2024-07-26,468.318,481.237,467.839,479.802,538183.0
2024-07-29,478.845,479.802,475.017,475.974,285160.0
2024-07-30,474.06,475.017,466.882,471.667,293566.0
2024-07-31,472.624,481.237,468.796,478.845,399460.0
2024-08-01,479.802,483.151,476.931,477.888,353542.0
2024-08-02,475.974,476.931,470.71,471.667,266829.0
2024-08-05,470.71,475.017,466.404,466.882,360507.0
2024-08-06,468.318,471.189,465.447,468.796,300170.0
2024-08-07,467.361,473.581,467.361,469.753,274356.0
2024-08-08,468.796,471.189,465.447,467.361,255693.0
2024-08-09,468.318,476.452,465.447,466.404,448922.0
2024-08-12,466.404,468.796,463.533,466.404,260801.0
2024-08-13,465.925,468.796,458.748,464.968,405962.0
2024-08-14,464.968,465.447,458.269,458.748,255225.0
2024-08-15,457.791,467.839,456.355,467.361,465357.0
2024-08-16,467.361,472.146,465.925,466.882,386743.0
2024-08-19,466.882,478.845,465.925,478.845,506952.0
2024-08-20,480.28,481.237,472.624,475.017,349166.0
2024-08-21,472.624,475.974,464.49,466.404,374405.0
2024-08-22,465.447,468.318,461.14,462.097,264382.0
2024-08-23,462.576,470.232,461.14,467.839,300637.0
2024-08-26,467.839,470.71,461.619,465.925,306453.0
2024-08-27,465.925,467.361,459.705,461.14,253959.0
2024-08-28,459.705,463.533,458.269,460.662,320126.0
2024-08-29,458.748,461.14,456.355,456.355,375433.0
2024-08-30,457.312,464.011,447.742,459.226,790477.0
2024-09-02,458.748,460.183,450.613,450.613,581622.0
2024-09-03,450.613,452.049,445.828,449.656,523899.0
2024-09-04,447.742,448.221,443.435,445.349,462219.0
2024-09-05,445.828,448.699,443.435,444.871,372393.0
2024-09-06,444.392,446.306,441.043,441.521,292715.0
2024-09-09,440.564,441.043,433.387,435.779,434900.0
2024-09-10,436.736,440.086,432.43,439.129,391040.0
2024-09-11,437.215,443.914,435.779,443.435,392992.0
2024-09-12,443.914,448.699,437.215,437.693,373004.0
2024-09-13,436.736,438.172,431.951,431.951,349447.0
2024-09-18,432.43,441.521,430.516,440.086,390328.0
2024-09-19,442.478,448.699,439.129,445.349,601999.0
2024-09-20,444.392,444.392,437.215,442.478,484642.0
2024-09-23,443.435,449.656,442.478,448.699,514630.0
2024-09-24,449.656,463.054,448.221,462.576,837213.0
2024-09-25,468.796,480.28,466.882,468.318,952172.0
2024-09-26,468.318,483.63,466.404,483.63,726261.0
2024-09-27,486.98,506.12,486.98,497.985,1160428.0
2024-09-30,509.469,522.389,496.55,519.518,1881813.0
2024-10-08,555.406,555.406,508.991,523.346,2157995.0
2024-10-09,513.297,514.254,486.501,486.501,1732009.0
2024-10-10,487.458,507.555,486.501,497.985,1282371.0
2024-10-11,497.985,497.985,485.544,488.415,704305.0
2024-10-14,490.329,497.985,488.894,496.55,774720.0
2024-10-15,497.028,497.507,486.023,486.501,706818.0
2024-10-16,484.108,488.415,480.759,483.151,500853.0
2024-10-17,483.151,486.98,477.888,478.366,524342.0
2024-10-18,479.802,493.2,478.845,488.415,944510.0
2024-10-21,489.372,491.286,482.194,484.108,750684.0
2024-10-22,484.108,487.458,482.194,484.587,561398.0
2024-10-23,485.066,490.329,482.673,488.415,756873.0
2024-10-24,486.98,492.722,485.066,486.501,726459.0
2024-10-25,486.501,488.415,484.108,485.066,670416.0
2024-10-28,485.544,488.415,481.716,488.415,612053.0
2024-10-29,488.894,489.851,478.366,479.323,851617.0
2024-10-30,478.366,487.937,477.888,482.673,642847.0
2024-10-31,484.108,495.593,482.194,489.372,1196548.0
2024-11-01,489.851,502.77,487.458,497.985,1221863.0
2024-11-04,502.292,503.727,493.679,501.813,969992.0
2024-11-05,501.813,510.905,498.464,510.426,1165146.0
2024-11-06,510.905,515.69,507.077,509.948,1037639.0
2024-11-07,507.555,518.082,506.12,518.082,805525.0
2024-11-08,519.996,521.432,510.905,512.34,844777.0
2024-11-11,512.819,514.733,504.684,510.426,841947.0
2024-11-12,510.905,515.211,503.727,505.163,673758.0
2024-11-13,503.249,507.555,502.292,506.12,468476.0
2024-11-14,506.598,507.555,498.942,499.899,461512.0
2024-11-15,498.464,500.856,491.765,492.243,594455.0
2024-11-18,493.2,497.985,489.372,490.808,611691.0
2024-11-19,490.808,494.636,488.415,494.157,430244.0
2024-11-20,494.636,498.942,491.765,495.593,534514.0
2024-11-21,494.636,497.507,493.2,496.071,340015.0
2024-11-22,494.636,496.55,487.937,487.937,482887.0
2024-11-25,487.458,496.55,486.98,489.372,586231.0
2024-11-26,488.415,489.851,484.587,486.023,347113.0
2024-11-27,484.587,495.593,484.108,495.593,494628.0
2024-11-28,494.157,495.593,489.851,490.329,407976.0
2024-11-29,489.851,493.2,488.894,490.808,424747.0
2024-12-02,489.851,492.722,488.894,491.286,541224.0
2024-12-03,491.286,494.157,488.415,491.765,439588.0
2024-12-04,491.286,492.243,488.894,490.329,371205.0
2024-12-05,488.415,495.114,484.587,494.636,767564.0
2024-12-06,493.679,496.55,491.765,493.2,640639.0
2024-12-09,493.679,495.593,489.372,491.286,514345.0
2024-12-10,497.985,505.641,496.071,499.421,1295262.0
2024-12-11,499.421,503.249,497.507,500.378,521143.0
2024-12-12,500.856,503.249,497.985,503.249,483450.0
2024-12-13,502.292,502.292,495.593,496.071,611693.0
2024-12-16,496.071,497.507,489.851,491.286,549014.0
2024-12-17,491.286,496.071,489.851,492.243,385036.0
2024-12-18,492.243,495.114,490.808,491.286,324705.0
2024-12-19,489.851,492.243,487.458,492.243,330082.0
2024-12-20,491.765,493.679,487.458,487.458,465481.0
2024-12-23,487.937,496.55,486.501,495.593,844596.0
2024-12-24,494.636,503.727,493.679,503.249,888574.0
2024-12-25,503.727,503.727,498.464,500.856,383138.0
2024-12-26,501.813,502.77,497.985,501.813,378102.0
2024-12-27,502.292,504.206,494.157,495.114,703563.0
2024-12-30,494.157,500.378,493.679,499.899,566919.0
2024-12-31,499.421,509.948,498.464,502.77,977067.0
2025-01-02,501.813,506.12,488.415,491.765,736927.0
2025-01-03,492.243,498.942,490.329,492.722,654320.0
2025-01-06,492.243,496.071,489.851,495.114,504089.0
2025-01-07,493.2,500.378,486.023,489.851,672949.0
2025-01-08,489.372,491.765,482.673,488.894,527994.0
2025-01-09,487.937,488.894,481.237,485.066,477344.0
2025-01-10,484.587,486.98,478.845,478.845,300731.0
2025-01-13,477.409,480.28,471.667,473.103,416227.0
2025-01-14,473.581,496.071,472.146,495.593,881717.0
2025-01-15,494.157,503.249,494.157,498.464,746984.0
2025-01-16,499.899,513.776,499.899,508.034,1038249.0
2025-01-17,507.555,509.948,501.813,508.034,515769.0
2025-01-20,509.469,514.733,504.684,505.163,379167.0
2025-01-21,507.077,507.555,499.421,503.727,493845.0
2025-01-22,503.249,503.249,495.114,497.985,367978.0
2025-01-23,500.856,501.813,495.593,496.55,459189.0
2025-01-24,496.071,504.206,495.114,502.77,458042.0
2025-01-27,508.034,511.862,505.163,507.077,531747.0
2025-02-05,503.727,506.12,490.329,490.808,754507.0
2025-02-06,490.808,491.765,486.023,490.329,615166.0
2025-02-07,489.372,494.636,484.108,494.157,820514.0
2025-02-10,495.593,503.249,494.636,496.071,714555.0
2025-02-11,497.028,499.899,494.157,496.071,421336.0
2025-02-12,496.071,498.942,492.243,494.636,516846.0
2025-02-13,494.636,496.071,489.851,490.329,513700.0
2025-02-14,490.329,502.77,489.372,502.292,1084426.0
2025-02-17,503.727,509.469,497.507,504.684,843027.0
2025-02-18,504.684,507.555,497.507,498.464,652747.0
2025-02-19,497.985,508.991,497.028,508.512,749102.0
2025-02-20,508.034,511.383,505.641,510.905,717708.0
2025-02-21,511.862,515.69,506.12,508.512,831299.0
2025-02-24,516.647,526.217,513.776,521.432,1577064.0
2025-02-25,516.647,524.303,513.776,515.69,963298.0
2025-02-26,515.69,523.346,514.733,521.432,984447.0
2025-02-27,523.825,556.363,523.825,545.357,2163307.0
2025-02-28,545.836,551.578,538.18,539.615,1330093.0
2025-03-03,539.615,553.97,539.615,545.357,1361907.0
2025-03-04,540.572,545.357,534.352,534.83,1025968.0
2025-03-05,536.744,563.541,536.744,551.578,1986396.0
2025-03-06,549.664,553.492,543.443,550.621,1147017.0
2025-03-07,546.314,553.492,545.836,553.013,917730.0
2025-03-10,554.927,568.326,553.013,558.277,1037168.0
2025-03-11,551.578,559.234,549.185,554.927,661847.0
2025-03-12,555.406,555.406,548.228,550.142,548829.0
2025-03-13,548.707,551.578,540.094,545.357,864650.0
2025-03-14,544.879,546.793,538.658,544.879,622263.0
2025-03-17,546.793,547.271,542.486,543.443,420155.0
2025-03-18,543.922,546.793,540.094,545.836,518385.0
2025-03-19,544.879,548.228,542.008,543.443,329825.0
2025-03-20,544.4,545.357,538.658,540.572,436746.0
2025-03-21,539.615,546.793,537.223,540.572,503751.0
2025-03-24,539.615,546.793,537.701,540.572,609007.0
2025-03-25,531.481,537.701,521.911,531.002,1195578.0
2025-03-26,529.567,531.959,524.303,525.739,494986.0
2025-03-27,525.26,526.217,519.518,520.954,476623.0
2025-03-28,521.432,522.389,514.254,516.168,493237.0
2025-03-31,518.082,523.825,515.69,516.647,578298.0
2025-04-01,518.082,519.996,511.862,515.69,405231.0
2025-04-02,515.69,525.739,514.733,521.432,554972.0
2025-04-03,519.039,523.825,516.647,518.082,418669.0
2025-04-07,501.335,501.335,482.194,482.194,818364.0
2025-04-08,487.458,489.372,482.194,488.894,747049.0
2025-04-09,486.501,503.249,479.802,499.899,795338.0
2025-04-10,501.335,512.819,498.942,510.905,626325.0
2025-04-11,506.12,519.039,503.249,516.647,556747.0
2025-04-14,520.954,526.696,513.776,514.733,472484.0
2025-04-15,514.733,515.69,509.469,512.819,270541.0
2025-04-16,509.469,511.862,504.206,508.512,356556.0
2025-04-17,508.034,512.34,506.598,508.512,206361.0
2025-04-18,507.077,510.905,506.598,508.991,230075.0
2025-04-21,507.077,518.082,505.641,516.647,392131.0
2025-04-22,517.125,518.561,513.297,513.297,241812.0
2025-04-23,513.776,518.082,512.34,515.69,262446.0
2025-04-24,515.211,516.647,511.383,512.34,216918.0
2025-04-25,513.297,513.297,508.512,510.905,189387.0
2025-04-28,512.34,512.819,506.598,507.077,157318.0
2025-04-29,505.641,507.077,503.249,505.163,183539.0
2025-04-30,514.254,519.039,506.598,507.555,615131.0
2025-05-06,511.383,526.217,510.905,522.389,657844.0
2025-05-07,525.26,527.174,515.69,517.604,521632.0
2025-05-08,518.082,522.868,515.69,520.475,337790.0
2025-05-09,520.954,522.389,516.647,521.911,361203.0
2025-05-12,523.825,525.739,521.432,525.26,349201.0
2025-05-13,528.131,529.088,520.954,522.389,498474.0
2025-05-14,521.911,522.868,517.125,520.475,469300.0
2025-05-15,519.996,521.432,510.905,511.383,474473.0
2025-05-16,510.426,512.819,508.991,510.905,250193.0
2025-05-19,511.383,512.819,508.034,510.426,336427.0
2025-05-20,510.426,511.383,508.034,508.991,320299.0
2025-05-21,509.948,511.383,508.512,508.991,283709.0
2025-05-22,508.512,508.512,503.727,504.206,407341.0
2025-05-23,504.206,506.12,500.378,500.378,343334.0
2025-05-26,498.942,501.335,497.507,500.378,358148.0
2025-05-27,500.856,501.813,497.028,498.464,207144.0
2025-05-28,498.942,500.378,496.071,497.028,326665.0
2025-05-29,496.55,500.856,496.55,498.942,400436.0
2025-05-30,498.942,499.899,495.114,497.985,363845.0
2025-06-03,497.028,497.985,492.722,493.679,505959.0
2025-06-04,494.157,495.114,493.2,494.157,272904.0
2025-06-05,494.157,495.114,491.765,492.243,359861.0
2025-06-06,492.243,496.55,491.765,494.157,419880.0
2025-06-09,494.636,496.071,493.679,494.636,344359.0
2025-06-10,494.636,497.028,492.243,495.114,470463.0
2025-06-11,495.593,501.335,494.636,499.899,578908.0
2025-06-12,499.899,501.335,497.507,498.942,272131.0
2025-06-13,498.464,499.899,497.028,497.507,338825.0
2025-06-16,497.507,498.464,495.593,497.028,285631.0
2025-06-17,497.507,500.856,497.028,499.899,318425.0
2025-06-18,499.421,500.856,497.985,498.942,194573.0
2025-06-19,498.942,499.421,492.722,496.071,372730.0
2025-06-20,495.114,496.55,494.157,494.157,213222.0
2025-06-23,492.722,496.071,492.243,495.114,246480.0
2025-06-24,496.071,500.856,495.593,500.856,385150.0
2025-06-25,500.378,503.727,499.899,503.727,386821.0
2025-06-26,503.727,504.684,500.856,501.813,367012.0
2025-06-27,503.727,503.727,501.335,502.292,320577.0
2025-06-30,502.292,505.641,501.813,502.77,294605.0
2025-07-01,502.77,505.163,502.292,502.77,310612.0
2025-07-02,503.727,510.905,502.77,507.077,644693.0
2025-07-03,507.555,508.034,504.206,505.641,355565.0
2025-07-04,504.684,506.12,502.292,502.77,408865.0
2025-07-07,503.249,503.727,500.378,503.249,221971.0
2025-07-08,503.727,512.819,503.249,508.991,608808.0
2025-07-09,508.034,509.469,505.641,506.598,324463.0
2025-07-10,506.598,508.512,505.641,508.512,262647.0
2025-07-11,508.991,511.383,507.555,509.469,405442.0
2025-07-14,509.469,513.297,509.469,511.862,372454.0
2025-07-15,511.383,513.297,507.077,509.948,318986.0
2025-07-16,509.948,511.383,508.991,510.905,242255.0
2025-07-17,511.383,513.776,511.383,511.862,347433.0
2025-07-18,512.34,513.297,509.469,511.862,381415.0
2025-07-21,520.475,530.045,516.168,529.088,1466684.0
2025-07-22,532.438,564.498,527.653,558.277,2947560.0
2025-07-23,558.277,558.277,535.309,536.266,2742689.0
2025-07-24,536.266,540.572,534.352,540.572,1406299.0
2025-07-25,541.051,541.051,532.916,533.873,1102433.0
2025-07-28,533.873,533.873,528.131,531.959,978322.0
2025-07-29,535.309,535.787,530.045,533.395,680525.0
2025-07-30,531.481,532.916,528.61,530.045,625410.0
2025-07-31,530.524,531.002,521.911,522.868,804307.0
2025-08-01,523.825,524.782,517.125,519.518,719768.0
2025-08-04,518.082,520.475,516.647,519.518,433827.0
2025-08-05,520.475,521.432,519.039,521.432,456935.0
2025-08-06,521.432,527.653,520.475,527.174,622942.0
2025-08-07,528.131,529.567,523.346,525.739,614501.0
2025-08-08,524.782,533.395,524.303,531.481,954083.0
2025-08-11,533.873,534.83,529.567,531.959,587332.0
2025-08-12,531.959,532.438,528.61,529.567,481737.0
2025-08-13,529.567,530.524,528.61,529.567,475854.0
2025-08-14,530.045,531.959,525.26,526.217,589915.0
2025-08-15,525.739,530.045,524.782,530.045,483062.0
2025-08-18,531.002,532.916,529.088,530.045,764837.0
2025-08-19,529.567,530.524,525.739,526.696,602541.0
2025-08-20,527.174,530.045,525.739,530.045,462766.0
2025-08-21,531.002,533.395,529.088,530.524,660438.0
2025-08-22,530.045,531.959,529.088,531.959,564384.0
2025-08-25,532.916,537.701,532.916,537.701,1055284.0
2025-08-26,537.701,538.18,533.873,537.701,631816.0
2025-08-27,536.744,538.658,528.61,528.61,1054483.0
2025-08-28,528.61,531.481,521.432,529.567,736947.0
2025-08-29,529.567,532.916,522.389,522.868,1258386.0
2025-09-01,529.088,537.701,524.303,525.26,2308737.0
2025-09-02,528.61,529.088,520.954,525.739,1104388.0
2025-09-03,526.217,532.438,519.996,521.911,1041427.0
2025-09-04,521.911,522.868,514.254,518.082,913463.0
2025-09-05,518.082,521.432,516.647,519.518,734070.0
2025-09-08,520.954,525.739,519.039,523.825,1149041.0
2025-09-09,523.825,527.653,522.389,524.782,938255.0
2025-09-10,524.303,524.782,519.518,520.475,672969.0
2025-09-11,519.518,522.868,517.604,522.868,619450.0
2025-09-12,523.346,524.303,517.125,518.561,1279535.0
2025-09-15,518.561,519.996,516.647,519.518,630027.0
2025-09-16,519.039,524.303,518.082,523.346,1028144.0
2025-09-17,524.782,540.572,523.825,540.094,2696657.0
2025-09-18,541.529,543.922,530.524,535.309,2131656.0
2025-09-19,532.438,542.486,531.002,541.529,1618237.0
2025-09-22,541.529,542.486,535.787,540.572,1023075.0
2025-09-23,540.572,545.836,535.787,544.4,1635889.0
2025-09-24,544.879,553.013,542.486,552.056,1482244.0
2025-09-25,551.099,551.578,541.529,541.529,1124485.0
2025-09-26,541.529,550.142,541.529,543.922,1002421.0
2025-09-29,542.486,553.013,538.658,551.578,1155173.0
2025-09-30,551.578,557.799,549.185,554.449,933748.0
2025-10-09,556.363,556.841,548.228,555.884,1086969.0
2025-10-10,553.97,561.627,552.056,553.97,917405.0
2025-10-13,544.4,555.406,540.572,555.406,1088080.0
2025-10-14,556.841,575.025,556.363,558.756,1878383.0
2025-10-15,559.713,571.197,557.799,570.24,1642562.0
2025-10-16,568.326,572.154,564.976,566.412,946448.0
2025-10-17,564.976,565.933,548.707,551.099,1194210.0
2025-10-20,556.841,560.191,551.099,554.449,806356.0
2025-10-21,555.884,562.105,553.492,560.191,761481.0
2025-10-22,559.234,565.933,558.277,561.627,664735.0
2025-10-23,558.277,559.713,552.535,559.234,633874.0
2025-10-24,559.234,564.498,558.756,560.191,510835.0
2025-10-27,561.148,568.326,555.406,558.277,1083741.0
2025-10-28,556.841,556.841,549.664,550.621,783763.0
2025-10-29,550.621,554.449,547.75,553.492,572333.0
2025-10-30,554.927,561.148,553.97,555.406,717009.0
2025-10-31,555.406,567.847,555.406,562.105,1212353.0
2025-11-03,564.498,567.847,560.67,567.369,893589.0
2025-11-04,566.89,572.154,561.627,564.019,667897.0
2025-11-05,567.847,573.589,562.584,572.154,966676.0
2025-11-06,573.111,585.073,571.675,584.116,1471870.0
2025-11-07,581.724,587.466,578.853,584.116,780529.0
2025-11-10,585.552,587.466,572.632,578.374,1045490.0
2025-11-11,577.896,579.81,573.589,575.025,510309.0
2025-11-12,575.025,575.025,566.89,569.283,659727.0
2025-11-13,568.326,572.632,567.847,570.718,484731.0
2025-11-14,569.283,570.718,565.455,565.933,476576.0
2025-11-17,565.933,567.369,557.799,558.277,659858.0
2025-11-18,558.756,559.234,552.535,553.97,514608.0
2025-11-19,553.97,558.277,553.492,556.363,411622.0
2025-11-20,556.841,557.799,553.013,553.492,338425.0
2025-11-21,549.664,551.099,542.965,545.357,826162.0
2025-11-24,546.793,551.578,544.4,548.707,670939.0
2025-11-25,550.142,553.013,547.75,551.578,516377.0
2025-11-26,552.056,562.105,551.578,561.148,716022.0
2025-11-27,559.713,560.191,553.013,554.449,522855.0
2025-11-28,553.97,559.234,553.97,557.799,335217.0
2025-12-01,558.756,559.713,554.449,557.799,362706.0
2025-12-02,557.32,563.062,555.884,562.584,444475.0
2025-12-03,563.062,570.24,562.584,565.933,486714.0
2025-12-04,565.455,574.546,564.498,573.589,662590.0
2025-12-05,573.111,586.03,572.154,584.595,989596.0
2025-12-08,585.073,585.552,577.417,581.724,704511.0
2025-12-09,580.288,584.595,575.025,577.417,726416.0
2025-12-10,576.939,586.03,575.503,585.552,666457.0
2025-12-11,586.03,588.901,579.331,580.288,488169.0
2025-12-12,579.331,587.466,578.853,586.03,708008.0
2025-12-15,584.595,585.073,579.331,581.245,458131.0
2025-12-16,580.288,580.288,568.326,571.675,649100.0
2025-12-17,572.154,577.417,569.283,575.503,430894.0
2025-12-18,574.068,576.939,570.718,572.632,320220.0
2025-12-19,573.111,577.896,572.632,573.589,362778.0
2025-12-22,575.503,576.46,568.326,572.632,471245.0
2025-12-23,573.111,576.939,567.847,575.025,511626.0
2025-12-24,574.546,579.331,572.632,575.503,370684.0
2025-12-25,575.503,578.374,574.068,574.546,306798.0
2025-12-26,573.589,581.724,573.111,581.245,479770.0
2025-12-29,581.245,581.724,574.068,576.939,551666.0
2025-12-30,575.025,585.552,573.111,580.288,568628.0
2025-12-31,582.681,585.073,579.331,584.116,517760.0
2026-01-05,584.595,588.901,583.159,586.987,790954.0
2026-01-06,588.423,599.907,586.509,593.687,1207857.0
2026-01-07,593.687,593.687,582.681,584.116,928683.0
2026-01-08,582.681,584.116,575.503,579.331,884040.0
2026-01-09,581.724,592.251,579.81,590.815,986497.0
2026-01-12,595.122,618.09,595.122,605.171,1500716.0
2026-01-13,608.52,613.784,600.386,602.3,835409.0
2026-01-14,603.257,606.128,592.729,592.729,1167787.0
2026-01-15,591.294,599.429,591.294,595.601,545377.0
2026-01-16,596.558,609.956,591.772,599.429,1436067.0
2026-01-19,597.036,608.52,596.079,605.649,790772.0
2026-01-20,606.128,612.827,600.386,610.913,779708.0
2026-01-21,608.042,617.612,602.3,610.434,915242.0
2026-01-22,610.913,612.348,604.214,605.171,874530.0
2026-01-23,606.128,623.832,602.778,605.171,1624695.0
2026-01-26,605.649,612.827,599.907,601.343,1344059.0
2026-01-27,601.821,605.649,597.036,600.386,814977.0
2026-01-28,601.343,604.692,590.337,598.472,1209329.0
2026-01-29,598.472,604.692,591.294,600.864,1293689.0
2026-01-30,599.907,607.085,592.251,600.386,740352.0
2026-02-02,599.907,606.606,592.251,594.165,991122.0
2026-02-03,597.993,628.617,596.079,628.139,2122379.0
2026-02-04,623.832,632.924,623.832,632.446,1205670.0
2026-02-05,628.617,631.01,623.354,629.096,843041.0
2026-02-06,625.268,631.967,618.569,627.182,799072.0
2026-02-09,636.752,648.715,635.795,640.58,1151647.0
2026-02-10,640.102,646.801,632.446,643.93,786483.0
2026-02-11,643.93,653.021,642.494,647.279,681551.0
2026-02-12,648.236,656.371,644.887,652.543,711440.0
2026-02-13,649.672,649.672,638.188,640.102,839292.0
2026-02-24,645.365,665.462,644.887,657.806,1239188.0
2026-02-25,655.414,659.242,650.15,654.935,897277.0
2026-02-26,656.849,666.898,654.935,659.242,877836.0
2026-02-27,658.763,662.113,653.5,658.763,772837.0
2026-03-02,651.107,665.941,650.629,656.371,840386.0
2026-03-03,655.892,658.763,637.709,638.188,1161822.0
2026-03-04,633.403,641.059,631.967,638.666,674110.0
2026-03-05,643.93,655.892,642.016,645.844,703164.0
2026-03-06,644.408,654.457,640.58,652.064,548262.0
2026-03-09,644.887,646.322,621.918,628.139,1101375.0
2026-03-10,634.36,653.5,634.36,648.236,912711.0
2026-03-11,648.715,651.107,638.666,649.672,711627.0
2026-03-12,646.801,648.236,623.354,626.703,1253929.0
2026-03-13,624.789,631.01,617.612,619.047,651463.0
2026-03-16,618.09,619.047,605.649,608.52,724269.0
2026-03-17,611.391,617.133,604.692,604.692,718481.0
2026-03-18,608.042,608.042,595.122,603.735,706463.0
2026-03-19,598.95,601.821,586.509,589.858,876336.0
2026-03-20,591.772,598.95,587.944,587.944,649306.0
2026-03-23,579.81,584.116,565.455,568.804,1030702.0
2026-03-24,575.503,583.159,571.197,582.202,850513.0
2026-03-25,586.987,594.644,586.509,591.294,625141.0
2026-03-26,592.251,593.687,583.159,586.03,502495.0
2026-03-27,579.81,593.208,577.896,587.466,462324.0
2026-03-30,582.681,584.595,576.939,580.767,677311.0
2026-03-31,591.294,600.864,588.901,592.251,1017709.0
2026-04-01,603.257,608.52,598.95,606.128,958063.0
2026-04-02,602.3,604.692,585.073,588.901,1005164.0
2026-04-03,589.858,590.815,581.724,585.552,423220.0
2026-04-07,584.595,586.509,577.896,578.853,632595.0
2026-04-08,594.644,605.649,594.644,603.735,1100494.0
2026-04-09,597.036,603.735,594.644,599.907,618549.0
2026-04-10,603.257,608.042,597.515,599.907,627640.0
2026-04-13,597.036,599.907,592.251,597.036,581357.0
2026-04-14,600.386,602.778,592.251,596.558,638769.0
2026-04-15,600.864,603.257,594.644,596.079,617579.0
2026-04-16,596.079,596.558,566.412,573.111,2696822.0
2026-04-17,571.197,571.197,565.455,566.89,981803.0
2026-04-20,566.89,571.197,561.627,570.24,941901.0
2026-04-21,570.24,575.503,568.326,571.675,746357.0
2026-04-22,569.761,570.718,564.498,566.412,781050.0
2026-04-23,566.412,570.24,563.541,563.541,587390.0
2026-04-24,561.627,564.498,558.756,563.062,536817.0
2026-04-27,563.062,564.498,558.756,560.191,618151.0
2026-04-28,559.234,570.718,558.277,567.847,954304.0
2026-04-29,562.584,570.718,553.013,568.804,1386649.0
2026-04-30,566.412,572.154,560.191,561.148,1214656.0
2026-05-06,564.498,565.455,555.406,564.498,1106296.0
2026-05-07,564.498,570.718,560.67,566.412,989017.0
2026-05-08,565.933,565.933,551.578,553.013,1413083.0
2026-05-11,556.841,584.595,556.841,574.068,2832191.0
2026-05-12,575.025,575.503,555.406,555.884,1871061.0
2026-05-13,556.363,560.67,551.099,557.799,983550.0
2026-05-14,557.32,557.32,544.4,544.4,1184819.0
2026-05-15,544.4,547.75,540.094,541.051,786077.0
2026-05-18,540.094,540.572,528.131,530.524,866864.0
2026-05-19,530.045,531.481,524.782,528.131,621293.0
2026-05-20,528.131,530.045,521.911,527.653,609749.0
2026-05-21,527.653,542.486,527.653,528.61,1047014.0
2026-05-22,530.045,531.959,523.346,530.045,660557.0
2026-05-25,532.438,539.615,530.045,538.658,750230.0
2026-05-26,536.744,539.615,533.395,536.744,636952.0
2026-05-27,536.266,536.266,525.26,527.653,774239.0
2026-05-28,525.739,529.088,519.518,525.739,549060.0
2026-05-29,525.739,532.916,525.26,525.739,707670.0
2026-06-01,524.303,528.61,522.389,526.217,591147.0
2026-06-02,525.26,525.739,518.082,521.432,587216.0
2026-06-03,522.389,531.481,519.518,527.653,721190.0
2026-06-04,526.217,538.658,525.26,534.352,857081.0
2026-06-05,533.395,543.922,532.916,540.572,1060948.0
2026-06-08,542.008,556.841,540.572,548.707,1580683.0
2026-06-09,546.314,547.75,537.223,545.357,914821.0
2026-06-10,542.486,544.4,531.002,533.873,741154.0
2026-06-11,531.959,535.309,522.868,529.567,690001.0
2026-06-12,532.916,538.658,530.045,532.438,701011.0
2026-06-15,541.529,548.228,541.529,545.836,1014677.0
2026-06-16,546.793,547.271,542.965,543.443,643190.0
2026-06-17,542.486,548.228,541.051,545.836,597215.0
2026-06-18,545.836,547.75,538.18,543.443,643214.0
2026-06-22,540.094,554.449,535.309,551.099,1034321.0
2026-06-23,553.013,553.013,532.438,533.873,880340.0
2026-06-24,533.395,535.787,526.696,528.61,732347.0
2026-06-25,530.045,542.008,529.567,531.959,788194.0
2026-06-26,530.524,537.701,528.131,530.524,716331.0
2026-06-29,527.653,530.524,512.34,525.739,975777.0
2026-06-30,524.303,527.174,512.819,514.254,963222.0
2026-07-01,513.297,519.039,508.034,515.69,757628.0
2026-07-02,511.862,521.432,510.905,514.733,669999.0
2026-07-03,518.561,525.739,518.082,523.825,821060.0
2026-07-06,524.303,531.481,522.868,529.567,789638.0
2026-07-07,535.309,546.793,534.83,535.787,1111284.0
2026-07-08,532.916,532.916,521.432,522.868,732928.0
2026-07-09,522.389,522.389,515.211,520.475,641843.0
2026-07-10,520.475,531.481,518.082,528.131,714743.0
2026-07-13,526.696,527.174,514.254,515.211,642186.0
2026-07-14,515.211,521.911,512.819,521.911,504268.0
2026-07-15,520.954,535.787,520.475,532.916,790439.0
2026-07-16,531.959,534.352,527.653,529.088,398398.0
2026-07-17,528.61,530.524,522.868,524.782,512075.0
2026-07-20,526.217,534.83,521.911,533.873,676505.0
2026-07-21,534.352,541.051,532.916,538.18,708212.0
2026-07-22,538.18,540.572,535.309,540.572,496607.0
2026-07-23,539.615,550.142,536.744,548.707,573649.0
2026-07-24,546.793,548.228,542.008,543.922,438410.0
2026-07-27,544.4,549.185,542.486,547.271,455534.0
2026-07-28,545.357,552.056,544.879,551.099,485772.0
2026-07-29,550.621,557.32,549.664,554.449,467156.0
2026-07-30,553.013,561.148,552.056,560.191,598238.0
2026-07-31,558.277,558.277,552.056,553.97,496007.0
2026-08-03,553.97,555.884,550.142,551.099,524100.0
2026-08-04,550.142,551.578,538.18,541.529,719370.0
2026-08-05,541.529,544.4,538.658,539.137,600115.0
2026-08-06,539.615,542.965,535.787,538.18,465940.0
2026-08-07,538.18,539.615,533.873,535.787,535506.0
2026-08-10,535.787,539.615,532.438,536.744,499528.0
2026-08-11,535.309,536.266,528.61,529.088,661852.0
2026-08-12,529.567,530.045,526.217,529.567,474035.0
2026-08-13,529.567,530.045,523.346,523.825,587086.0
2026-08-14,523.346,524.303,519.996,521.911,334879.0
2026-08-17,524.303,524.303,519.518,521.911,347189.0
2026-08-18,521.911,523.346,520.954,521.911,396738.0
2026-08-19,521.911,522.389,518.561,519.039,395792.0
2026-08-20,519.518,526.696,519.518,526.217,419752.0
2026-08-21,525.739,526.217,521.911,523.346,299790.0
2026-08-24,522.868,532.916,522.389,528.61,689732.0
2026-08-25,527.174,530.524,526.217,528.61,290603.0
2026-08-26,529.088,530.045,527.653,529.088,295735.0
2026-08-27,528.131,530.045,524.303,529.567,436880.0
2026-08-28,523.825,523.825,514.254,516.647,968125.0
2026-08-31,515.211,516.647,509.948,510.426,731288.0
2026-09-01,510.905,513.297,510.426,512.34,458066.0
2026-09-02,510.426,511.383,505.163,505.641,515156.0
2026-09-03,505.641,507.555,504.684,505.641,348440.0
2026-09-04,505.641,508.991,505.641,507.077,312369.0
2026-09-07,506.598,508.512,506.12,508.034,232669.0
2026-09-08,508.512,512.34,508.034,509.948,366327.0
2026-09-09,509.948,509.948,507.077,508.991,284774.0
2026-09-10,508.512,508.991,506.12,506.598,235001.0
2026-09-11,505.641,506.12,500.856,502.292,316634.0
2026-09-14,500.856,502.77,500.378,502.292,160130.0
2026-09-15,501.335,502.292,498.464,499.421,244456.0
2026-09-16,497.985,498.942,483.63,487.937,953805.0
2026-09-17,486.501,488.415,483.151,485.066,378002.0
2026-09-18,484.587,487.458,484.108,486.98,255885.0
2026-09-21,486.501,486.98,484.108,486.98,305041.0
2026-09-22,487.458,488.415,485.066,485.544,296804.0
2026-09-23,485.066,485.544,482.194,482.194,433048.0
2026-09-24,481.237,482.194,479.323,479.323,285821.0
2026-09-28,478.366,478.845,472.146,472.624,478517.0
2026-09-29,472.146,473.103,469.275,470.71,501583.0
