date,open,high,low,close,volume
2016-01-04,284.38,284.86,257.42,258.22,144328.0
2016-01-05,253.1,267.98,249.98,267.66,236910.0
2016-01-06,267.42,271.34,264.46,268.54,111731.0
2016-01-07,264.22,264.22,246.7,248.38,31114.0
2016-01-08,256.38,260.46,245.9,255.98,175404.0
2016-01-11,253.02,258.46,240.3,242.3,180411.0
2016-01-12,245.74,246.78,238.78,239.74,162453.0
2016-01-13,242.7,243.74,234.7,236.38,118070.0
2016-01-14,232.22,243.26,229.9,243.18,178946.0
2016-01-15,242.78,242.78,230.7,234.62,156583.0
2016-01-18,229.98,237.34,229.1,234.38,126649.0
2016-01-19,228.3,236.94,218.7,236.78,510705.0
2016-01-20,232.22,234.86,225.5,225.9,276622.0
2016-01-21,222.3,225.5,216.3,216.38,227322.0
2016-01-22,220.3,220.3,211.1,216.06,182654.0
2016-01-25,217.9,220.94,216.7,218.86,128927.0
2016-01-26,216.7,216.7,200.78,201.9,187902.0
2016-01-27,205.1,210.7,198.06,208.14,235336.0
2016-01-28,205.98,208.14,202.78,204.06,141590.0
2016-01-29,203.98,223.1,203.98,220.7,265286.0
2016-02-01,219.42,222.94,216.3,218.62,137444.0
2016-02-02,219.58,227.42,217.9,224.78,132966.0
2016-02-03,222.7,225.42,221.1,223.02,81619.0
2016-02-04,223.58,229.5,223.58,225.66,117091.0
2016-02-05,226.78,227.5,223.5,223.66,51098.0
2016-02-15,215.18,225.58,215.18,224.86,84140.0
2016-02-16,225.58,231.66,225.58,229.9,121803.0
2016-02-17,228.38,230.46,226.46,230.06,102066.0
2016-02-18,234.86,236.14,221.1,221.82,317555.0
2016-02-19,220.14,221.1,216.46,218.3,235652.0
2016-02-22,222.62,234.7,220.78,232.22,392527.0
2016-02-23,232.22,233.9,227.26,229.18,260803.0
2016-02-24,236.86,248.06,236.7,239.5,370183.0
2016-02-25,240.3,240.3,223.82,228.3,295929.0
2016-02-26,232.22,239.02,229.1,237.02,238588.0
2016-02-29,234.3,234.3,225.1,230.22,196324.0
2016-03-01,230.22,239.98,228.38,238.54,182528.0
2016-03-02,241.82,247.26,238.38,246.54,249140.0
2016-03-03,245.66,246.38,241.42,242.06,181227.0
2016-03-04,242.3,250.3,241.5,248.22,311027.0
2016-03-07,248.46,258.46,245.5,247.42,196266.0
2016-03-08,247.5,247.74,236.54,245.5,137116.0
2016-03-09,240.7,245.1,238.78,240.78,92871.0
2016-03-10,240.94,244.94,237.26,237.58,79955.0
2016-03-11,235.58,240.46,234.46,237.9,70171.0
2016-03-14,240.94,247.58,240.54,243.66,109435.0
2016-03-15,245.02,251.9,244.14,245.18,115198.0
2016-03-16,246.06,247.5,240.94,241.98,95355.0
2016-03-17,245.02,249.82,242.7,248.3,115447.0
2016-03-18,250.06,257.66,249.9,255.42,202805.0
2016-03-21,256.86,267.58,256.86,267.5,273414.0
2016-03-22,265.9,266.22,261.18,262.46,152244.0
2016-03-23,267.58,269.18,260.3,263.42,134124.0
2016-03-24,260.38,260.94,255.26,256.62,136750.0
2016-03-25,256.14,258.7,250.86,253.42,141774.0
2016-03-28,255.18,260.78,250.38,252.94,128762.0
2016-03-29,252.62,252.62,245.98,247.1,153536.0
2016-03-30,249.9,257.58,249.66,257.1,158811.0
2016-03-31,258.78,262.14,254.38,254.86,129960.0
2016-04-01,254.86,257.1,251.18,252.3,86994.0
2016-04-05,252.3,259.74,252.3,259.5,122718.0
2016-04-06,257.1,259.9,255.82,259.18,102822.0
2016-04-07,259.26,260.14,253.74,253.9,123511.0
2016-04-08,252.38,255.74,250.7,253.58,115879.0
2016-04-11,254.7,259.42,254.7,256.46,184725.0
2016-04-12,256.86,257.5,251.34,251.5,127172.0
2016-04-13,253.9,258.78,252.3,257.34,196769.0
2016-04-14,259.34,259.9,255.74,257.82,109006.0
2016-04-15,257.9,259.74,256.3,259.5,84517.0
2016-04-18,258.06,258.06,253.66,255.5,96171.0
2016-04-19,255.42,257.02,253.18,253.9,90842.0
2016-04-20,254.86,255.66,242.62,249.98,221648.0
2016-04-21,244.3,253.02,244.14,251.9,163468.0
2016-04-22,251.9,258.7,250.38,257.66,113462.0
2016-04-25,258.22,259.26,251.34,257.98,120126.0
2016-04-26,256.46,258.7,252.7,255.58,62985.0
2016-04-27,255.66,257.74,253.18,253.58,53734.0
2016-04-28,253.82,254.22,248.3,251.1,82279.0
2016-04-29,250.3,253.82,249.26,252.06,63487.0
2016-05-03,252.22,261.82,252.22,259.34,142782.0
2016-05-04,259.02,263.34,258.3,261.26,124534.0
2016-05-05,260.54,266.3,260.46,265.34,117413.0
2016-05-06,265.18,265.34,255.58,255.9,117389.0
2016-05-09,254.7,255.58,249.98,252.14,74471.0
2016-05-10,252.06,257.26,252.06,254.7,74406.0
2016-05-11,255.98,261.58,255.98,257.74,108395.0
2016-05-12,255.98,264.86,254.06,264.62,136457.0
2016-05-13,264.3,265.5,260.46,262.3,109585.0
2016-05-16,262.3,272.14,261.9,271.98,151374.0
2016-05-17,272.3,273.9,269.18,270.3,133714.0
2016-05-18,270.58,270.58,257.5,263.26,175324.0
2016-05-19,261.1,265.66,260.02,260.74,90739.0
2016-05-20,258.46,264.46,257.86,261.22,76506.0
2016-05-23,262.9,264.46,261.1,262.42,96283.0
2016-05-24,262.9,266.98,260.74,264.1,113037.0
2016-05-25,265.66,268.78,262.3,262.42,128061.0
2016-05-26,264.1,265.66,257.26,261.1,161742.0
2016-05-27,260.86,263.86,259.3,259.9,125913.0
2016-05-30,258.7,261.46,257.5,259.78,137933.0
2016-05-31,259.9,268.06,258.7,267.22,258093.0
2016-06-01,265.78,268.9,265.3,267.7,189948.0
2016-06-02,267.7,268.06,262.3,265.42,159535.0
2016-06-03,265.3,272.62,264.34,270.46,199215.0
2016-06-06,270.34,271.42,266.86,267.94,179596.0
2016-06-07,267.94,269.38,266.26,267.46,152678.0
2016-06-08,267.34,268.18,265.42,265.9,170740.0
2016-06-13,265.66,267.46,259.9,259.9,188382.0
2016-06-14,260.26,264.46,259.9,263.5,127834.0
2016-06-15,258.94,268.3,258.82,267.34,191329.0
2016-06-16,265.9,267.46,263.5,264.46,108612.0
2016-06-17,265.3,270.46,264.94,267.34,155155.0
2016-06-20,267.34,271.9,264.46,269.98,144175.0
2016-06-21,270.58,271.78,267.22,267.94,128480.0
2016-06-22,267.82,270.22,266.26,269.74,76120.0
2016-06-23,269.5,270.94,266.62,267.94,70788.0
2016-06-24,267.1,271.3,260.14,265.9,166134.0
2016-06-27,263.5,269.5,263.26,268.54,118336.0
2016-06-28,268.18,269.74,266.5,268.78,110917.0
2016-06-29,270.58,272.5,268.78,270.34,164765.0
2016-06-30,270.34,274.18,269.5,271.42,148107.0
2016-07-01,271.54,283.78,271.42,281.86,321317.0
2016-07-04,281.26,301.9,278.62,297.82,457448.0
2016-07-05,297.82,297.82,293.5,294.34,227226.0
2016-07-06,294.58,306.7,290.86,303.1,365882.0
2016-07-07,301.9,303.22,298.3,299.74,165132.0
2016-07-08,302.5,302.62,298.18,300.82,131133.0
2016-07-11,303.82,303.82,293.86,294.82,204889.0
2016-07-12,295.66,302.38,294.82,301.18,177633.0
2016-07-13,305.26,305.26,300.22,301.66,148702.0
2016-07-14,301.66,304.42,299.62,303.82,111245.0
2016-07-15,305.5,317.5,305.5,316.42,316378.0
2016-07-18,316.3,317.38,309.22,312.1,209623.0
2016-07-19,311.98,315.7,304.18,306.7,217227.0
2016-07-20,307.66,311.5,305.5,307.42,116399.0
2016-07-21,307.9,319.42,307.9,315.58,226450.0
2016-07-22,316.3,316.42,309.1,311.38,166366.0
2016-07-25,308.74,313.66,308.14,309.34,153236.0
2016-07-26,310.06,319.54,310.06,319.3,218778.0
2016-07-27,319.78,332.86,310.54,317.62,481535.0
2016-07-28,319.78,328.9,317.86,327.58,292058.0
2016-07-29,325.66,329.02,319.66,324.1,176217.0
2016-08-01,323.86,323.86,311.5,313.18,225110.0
2016-08-02,311.02,316.42,308.5,311.5,136293.0
2016-08-03,311.5,320.38,310.54,319.9,169467.0
2016-08-04,319.9,321.82,314.5,319.9,91135.0
2016-08-05,319.54,323.26,316.18,316.42,124111.0
2016-08-08,316.42,319.66,310.42,318.82,92685.0
2016-08-09,318.34,323.62,316.66,321.7,91276.0
2016-08-10,321.7,323.86,316.3,316.66,107476.0
2016-08-11,317.14,321.46,314.86,315.34,98773.0
2016-08-12,317.26,321.1,314.98,320.98,116064.0
2016-08-15,323.62,330.7,320.14,326.26,204934.0
2016-08-16,329.26,332.5,323.62,324.58,165201.0
2016-08-17,328.78,337.78,326.74,331.9,245231.0
2016-08-18,333.82,335.5,324.7,327.46,185894.0
2016-08-19,326.98,327.46,323.26,324.7,120583.0
2016-08-22,324.7,328.18,319.9,320.26,115613.0
2016-08-23,319.06,327.1,319.06,324.58,106205.0
2016-08-24,324.58,329.02,322.3,328.3,140779.0
2016-08-25,328.18,328.18,322.9,327.7,100947.0
2016-08-26,328.9,330.1,324.58,325.78,73008.0
2016-08-29,326.02,326.98,322.3,323.5,89016.0
2016-08-30,324.1,324.46,312.46,313.54,203842.0
2016-08-31,312.7,315.7,311.86,314.86,99274.0
2016-09-01,315.1,318.46,313.42,313.54,69654.0
2016-09-02,312.34,313.3,304.3,305.62,173573.0
2016-09-05,307.9,310.78,305.62,310.06,88124.0
2016-09-06,310.06,319.54,307.9,318.22,150630.0
2016-09-07,318.22,319.66,314.5,317.5,106554.0
2016-09-08,316.42,316.78,314.14,314.98,58491.0
2016-09-09,314.98,314.98,308.02,308.74,101684.0
2016-09-12,302.02,307.9,300.34,301.9,113407.0
2016-09-13,302.74,306.58,302.74,303.34,55647.0
2016-09-14,303.34,310.9,302.02,310.42,107324.0
2016-09-19,310.3,316.9,309.58,311.98,113448.0
2016-09-20,312.58,312.58,307.9,309.58,63054.0
2016-09-21,309.82,310.18,307.9,308.62,40433.0
2016-09-22,309.46,313.3,309.22,310.3,83635.0
2016-09-23,310.3,310.3,306.7,308.14,63779.0
2016-09-26,307.54,307.54,300.82,301.9,80724.0
2016-09-27,301.42,304.06,298.18,303.1,79441.0
2016-09-28,304.3,304.66,300.22,300.7,51398.0
2016-09-29,302.26,305.38,301.3,304.54,62300.0
2016-09-30,305.14,312.34,304.54,307.54,84473.0
2016-10-10,307.66,311.02,296.86,299.5,277383.0
2016-10-11,297.1,301.54,297.1,300.7,131749.0
2016-10-12,301.3,313.9,300.82,313.9,252404.0
2016-10-13,315.34,319.78,313.42,315.58,237534.0
2016-10-14,316.3,319.42,314.5,315.82,106963.0
2016-10-17,315.82,317.26,308.86,310.3,106537.0
2016-10-18,311.26,313.3,309.7,312.7,79751.0
2016-10-19,315.1,319.18,312.7,313.9,144404.0
2016-10-20,317.38,318.94,313.9,316.54,116851.0
2016-10-21,317.38,319.3,314.62,317.74,78318.0
2016-10-24,317.5,320.74,313.78,316.06,156112.0
2016-10-25,315.1,316.78,309.7,311.62,186548.0
2016-10-26,310.66,314.26,309.46,311.86,137381.0
2016-10-27,312.58,312.58,310.06,311.98,69099.0
2016-10-28,311.02,313.18,311.02,312.82,85863.0
2016-10-31,312.94,312.94,307.06,308.38,110746.0
2016-11-01,308.38,311.26,308.38,310.54,60132.0
2016-11-02,311.5,312.22,307.66,308.02,99440.0
2016-11-03,308.14,308.86,306.34,308.5,80733.0
2016-11-04,308.5,311.74,306.7,307.3,118595.0
2016-11-07,306.82,307.78,304.06,304.18,110395.0
2016-11-08,305.98,308.02,304.06,307.9,107931.0
2016-11-09,307.78,307.9,298.18,302.02,154474.0
2016-11-10,305.26,307.9,301.9,305.14,172319.0
2016-11-11,305.98,306.1,301.9,303.22,103368.0
2016-11-14,303.22,305.86,302.86,304.3,120943.0
2016-11-15,305.26,306.1,303.46,305.98,118480.0
2016-11-16,306.1,310.18,306.1,308.74,169488.0
2016-11-17,308.62,308.74,303.1,306.34,87097.0
2016-11-18,305.74,307.18,305.14,306.34,61412.0
2016-11-21,307.18,308.5,305.02,306.34,108744.0
2016-11-22,307.66,307.66,303.82,304.3,111016.0
2016-11-23,305.5,306.7,302.62,305.86,164145.0
2016-11-24,305.62,308.5,303.1,305.86,126164.0
2016-11-25,304.06,309.7,304.06,309.34,163095.0
2016-11-28,313.18,317.26,311.02,313.66,270638.0
2016-11-29,312.7,324.46,311.5,318.22,364631.0
2016-11-30,318.1,322.78,313.3,313.9,234505.0
2016-12-01,317.26,319.9,312.46,318.7,208261.0
2016-12-02,318.7,319.3,314.26,315.94,130729.0
2016-12-05,316.18,320.86,314.62,318.94,210707.0
2016-12-06,320.5,325.18,318.58,319.42,225009.0
2016-12-07,319.18,321.34,313.9,316.06,180313.0
2016-12-08,315.82,317.86,311.14,312.7,159694.0
2016-12-09,313.3,317.38,313.3,315.7,142752.0
2016-12-12,315.46,316.66,302.14,303.46,237497.0
2016-12-13,305.02,306.34,300.7,303.7,226010.0
2016-12-14,304.06,304.54,300.46,300.94,102648.0
2016-12-15,300.7,302.86,297.34,301.54,91527.0
2016-12-16,297.1,302.5,297.1,299.38,136724.0
2016-12-19,298.9,299.98,292.9,294.46,97857.0
2016-12-20,294.34,294.34,290.02,291.46,83059.0
2016-12-21,291.34,295.18,290.86,291.82,94631.0
2016-12-22,291.82,293.14,288.46,288.82,100174.0
2016-12-23,289.9,296.62,285.22,293.02,190549.0
2016-12-26,292.54,292.54,286.42,289.54,95379.0
2016-12-27,296.02,297.22,291.7,292.3,130728.0
2016-12-28,295.3,301.54,294.82,298.06,204873.0
2016-12-29,297.82,301.18,296.86,299.38,97666.0
2016-12-30,301.54,302.74,299.38,299.62,68290.0
2017-01-03,301.3,306.58,299.26,304.78,133312.0
2017-01-04,304.3,305.62,302.02,303.82,206740.0
2017-01-05,303.82,306.1,299.26,305.5,188674.0
2017-01-06,305.74,307.18,302.14,303.1,163845.0
2017-01-09,300.82,308.02,300.1,305.02,167260.0
2017-01-10,305.5,311.62,305.26,308.86,230811.0
2017-01-11,311.14,313.42,308.62,308.74,238922.0
2017-01-12,307.78,309.1,302.86,305.5,106423.0
2017-01-13,307.18,309.58,304.54,306.7,138623.0
2017-01-16,306.22,307.9,301.06,303.82,168336.0
2017-01-17,306.1,307.78,303.22,307.54,179202.0
2017-01-18,306.58,314.62,306.58,313.9,308553.0
2017-01-19,314.02,315.82,312.1,313.78,161050.0
2017-01-20,313.66,316.18,312.22,315.34,93054.0
2017-01-23,315.94,319.78,314.62,316.66,115632.0
2017-01-24,317.5,323.26,316.9,322.3,198165.0
2017-01-25,321.1,329.98,320.5,326.62,185100.0
2017-01-26,327.22,329.86,324.46,327.46,112372.0
2017-02-03,329.26,331.9,326.62,330.58,179643.0
2017-02-06,330.58,333.94,324.34,325.9,186634.0
2017-02-07,327.1,327.7,322.3,324.1,118859.0
2017-02-08,325.06,333.58,322.3,332.86,136921.0
2017-02-09,332.5,335.5,330.34,330.58,108455.0
2017-02-10,331.42,331.66,328.3,328.42,125860.0
2017-02-13,329.74,341.5,329.5,339.58,196332.0
2017-02-14,339.1,341.5,336.58,338.86,109140.0
2017-02-15,341.26,341.86,337.54,339.22,121626.0
2017-02-16,341.62,349.3,338.14,348.82,226267.0
2017-02-17,348.7,366.7,347.5,351.94,349618.0
2017-02-20,356.62,361.42,353.02,357.7,276830.0
2017-02-21,359.5,361.66,352.42,357.7,164883.0
2017-02-22,357.82,361.42,354.82,359.26,144355.0
2017-02-23,361.18,366.1,357.1,360.58,205129.0
2017-02-24,359.02,360.46,352.06,352.78,144932.0
2017-02-27,352.06,356.38,347.74,349.06,131778.0
2017-02-28,348.34,351.46,347.26,349.66,102728.0
2017-03-01,350.02,355.66,348.7,350.38,135795.0
2017-03-02,351.22,357.1,351.22,355.9,131959.0
2017-03-03,355.9,361.66,351.82,361.3,110667.0
2017-03-06,361.9,364.18,359.5,360.46,138749.0
2017-03-07,362.02,370.9,360.46,361.9,199374.0
2017-03-08,367.66,367.9,360.46,360.94,116166.0
2017-03-09,360.7,364.06,359.5,361.18,93158.0
2017-03-10,361.18,370.3,360.34,368.62,190072.0
2017-03-13,368.5,379.18,368.02,376.06,205429.0
2017-03-14,376.3,378.1,371.5,373.66,113288.0
2017-03-15,375.1,375.22,372.34,373.3,74103.0
2017-03-16,376.3,379.66,375.34,377.86,137717.0
2017-03-17,378.1,381.94,375.58,375.82,120610.0
2017-03-20,375.82,381.1,373.3,376.06,75348.0
2017-03-21,376.3,382.06,373.06,382.06,143971.0
2017-03-22,378.7,394.18,378.22,392.5,197723.0
2017-03-23,391.9,395.26,390.1,392.38,118404.0
2017-03-24,392.02,415.06,390.94,405.34,292614.0
2017-03-27,407.14,413.02,401.62,403.3,172727.0
2017-03-28,402.34,409.3,400.66,403.42,126546.0
2017-03-29,403.9,411.94,402.58,403.9,144002.0
2017-03-30,402.34,405.7,386.26,394.54,250486.0
2017-03-31,394.3,400.54,394.06,396.7,172475.0
2017-04-05,398.5,410.26,395.02,396.7,386274.0
2017-04-06,396.94,401.98,395.5,398.86,210225.0
2017-04-07,398.62,404.02,397.9,402.58,171825.0
2017-04-10,402.58,407.02,398.14,402.82,116265.0
2017-04-11,402.82,404.14,393.1,399.34,194550.0
2017-04-12,399.58,404.14,394.18,398.5,135027.0
2017-04-13,398.62,403.42,396.22,402.46,139556.0
2017-04-14,410.5,416.74,403.78,405.22,276923.0
2017-04-17,407.5,413.5,404.86,409.3,182432.0
2017-04-18,413.38,425.98,410.98,424.54,366464.0
2017-04-19,430.06,432.7,421.66,426.94,232475.0
2017-04-20,428.5,451.54,426.82,444.34,432075.0
2017-04-21,445.9,459.1,437.62,449.5,288330.0
2017-04-24,450.82,456.58,434.02,446.26,262617.0
2017-04-25,448.3,470.86,446.14,464.5,358843.0
2017-04-26,464.5,471.7,458.74,465.1,288146.0
2017-04-27,461.5,462.1,439.78,454.3,367964.0
2017-04-28,448.42,452.74,436.78,452.74,274940.0
2017-05-02,440.62,449.26,433.9,443.38,160516.0
2017-05-03,442.06,451.9,440.02,445.78,180779.0
2017-05-04,449.5,463.66,441.1,460.9,227965.0
2017-05-05,460.9,467.26,456.46,457.9,174096.0
2017-05-08,462.7,462.7,440.26,441.1,245000.0
2017-05-09,442.9,452.62,437.02,451.66,228405.0
2017-05-10,447.22,482.5,447.22,475.3,402866.0
2017-05-11,471.34,481.9,470.14,478.18,283203.0
2017-05-12,478.18,486.34,471.94,480.7,180436.0
2017-05-15,481.18,495.82,481.18,495.82,277156.0
2017-05-16,497.2,511.96,489.64,510.16,478877.0
2017-05-17,508.0,508.18,485.5,487.84,669088.0
2017-05-18,484.78,495.4,475.6,494.14,457291.0
2017-05-19,494.32,508.0,486.04,499.54,392315.0
2017-05-22,498.1,524.92,495.04,523.66,519290.0
2017-05-23,523.12,539.5,519.34,527.44,635395.0
2017-05-24,521.5,527.26,513.76,523.84,413059.0
2017-05-25,520.6,525.64,503.68,512.68,478146.0
2017-05-26,514.48,517.18,497.2,502.42,572660.0
2017-05-31,502.6,508.36,487.3,498.1,571971.0
2017-06-01,498.1,535.18,497.2,524.2,837975.0
2017-06-02,525.1,531.58,516.28,522.58,463138.0
2017-06-05,517.9,533.2,517.54,524.92,307236.0
2017-06-06,524.2,536.8,519.34,536.26,392907.0
2017-06-07,536.98,557.14,536.98,553.0,611332.0
2017-06-08,552.82,559.48,547.24,553.18,456848.0
2017-06-09,559.3,589.72,559.3,583.06,784171.0
2017-06-12,575.86,585.04,563.26,573.7,698624.0
2017-06-13,566.5,582.7,561.28,574.06,553280.0
2017-06-14,573.34,573.34,548.32,548.5,801898.0
2017-06-15,548.14,553.0,537.7,545.98,685694.0
2017-06-16,549.4,553.18,537.34,552.82,698396.0
2017-06-19,553.9,556.24,542.74,547.42,456556.0
2017-06-20,552.1,553.18,541.84,546.52,396797.0
2017-06-21,548.32,582.16,546.7,581.8,1075489.0
2017-06-22,581.44,590.62,576.94,582.88,964615.0
2017-06-23,588.1,598.36,580.9,591.7,747462.0
2017-06-26,596.56,606.82,592.24,597.64,822391.0
2017-06-27,599.62,599.62,583.24,591.34,682593.0
2017-06-28,586.48,596.38,579.1,583.6,639546.0
2017-06-29,586.3,606.1,586.3,606.1,711942.0
2017-06-30,597.1,605.92,593.68,602.5,433872.0
2017-07-03,602.14,602.14,577.3,583.42,604941.0
2017-07-04,579.28,581.44,556.06,564.88,897115.0
2017-07-05,562.0,578.38,557.86,574.6,564807.0
2017-07-06,571.9,585.22,563.26,576.4,565152.0
2017-07-07,572.26,572.26,561.64,563.44,418317.0
2017-07-10,561.64,562.18,543.1,550.48,541222.0
2017-07-11,554.08,574.96,552.64,572.08,686750.0
2017-07-12,575.68,577.66,550.48,555.88,562587.0
2017-07-13,558.58,568.3,554.08,562.9,495408.0
2017-07-14,568.66,569.2,558.4,563.44,304299.0
2017-07-17,565.6,565.6,534.64,557.14,490712.0
2017-07-18,546.7,556.6,529.06,540.76,681116.0
2017-07-19,542.74,562.9,540.94,560.56,574521.0
2017-07-20,561.1,566.5,554.8,561.1,399975.0
2017-07-21,569.38,583.96,568.3,571.72,671325.0
2017-07-24,576.94,576.94,557.14,569.38,462475.0
2017-07-25,575.14,580.18,569.38,570.46,355430.0
2017-07-26,578.38,578.38,555.7,556.42,422396.0
2017-07-27,559.3,564.34,546.88,560.74,275822.0
2017-07-28,561.1,562.9,553.72,558.76,204547.0
2017-07-31,558.94,566.5,549.04,561.1,318743.0
2017-08-01,562.54,564.88,551.56,555.7,284599.0
2017-08-02,555.7,562.36,551.56,554.26,273177.0
2017-08-03,555.7,556.6,535.54,537.52,499491.0
2017-08-04,537.7,542.92,525.46,536.44,343181.0
2017-08-07,536.26,545.8,528.16,541.84,229336.0
2017-08-08,541.3,546.34,534.1,535.18,202845.0
2017-08-09,535.54,549.58,532.84,544.54,332926.0
2017-08-10,544.54,562.72,543.46,554.62,423746.0
2017-08-11,551.2,561.82,545.62,547.24,263813.0
2017-08-14,546.7,563.98,543.1,563.8,520605.0
2017-08-15,565.42,575.86,561.28,570.82,446423.0
2017-08-16,568.66,597.1,566.14,590.44,742237.0
2017-08-17,592.78,594.94,580.9,587.2,376636.0
2017-08-18,581.8,591.34,579.46,581.98,214951.0
2017-08-21,584.14,588.46,572.26,580.0,332497.0
2017-08-22,581.26,590.26,581.08,584.5,275224.0
2017-08-23,589.18,589.18,576.4,579.64,143175.0
2017-08-24,578.92,583.24,569.02,570.1,294352.0
2017-08-25,570.64,582.7,570.64,580.0,216542.0
2017-08-28,582.88,599.8,582.34,597.28,510120.0
2017-08-29,600.16,603.04,591.7,595.3,262308.0
2017-08-30,597.46,600.7,592.42,594.76,203460.0
2017-08-31,597.1,601.06,583.24,599.8,309665.0
2017-09-01,599.98,619.78,599.98,614.02,608953.0
2017-09-04,614.56,641.56,610.06,639.76,597397.0
2017-09-05,635.08,643.36,628.24,635.26,294313.0
2017-09-06,636.34,636.34,620.68,628.06,296931.0
2017-09-07,625.36,627.34,611.86,618.34,267930.0
2017-09-08,616.0,623.56,612.22,615.64,223832.0
2017-09-11,619.06,627.34,602.86,607.9,351950.0
2017-09-12,611.5,613.84,597.1,610.42,391180.0
2017-09-13,610.42,616.36,602.5,616.0,210896.0
2017-09-14,617.08,617.08,605.02,605.2,191648.0
2017-09-15,613.12,613.48,605.74,607.72,179738.0
2017-09-18,612.04,617.08,599.26,599.62,397072.0
2017-09-19,604.12,604.3,592.42,598.72,197797.0
2017-09-20,598.9,602.14,595.66,599.62,195084.0
2017-09-21,605.92,614.74,599.98,614.2,342927.0
2017-09-22,614.2,616.18,603.4,610.96,268191.0
2017-09-25,612.58,612.94,588.1,594.94,284960.0
2017-09-26,591.88,595.3,580.9,587.74,236479.0
2017-09-27,583.96,591.16,583.6,583.6,364562.0
2017-09-28,584.32,594.4,583.6,587.38,277389.0
2017-09-29,588.46,597.28,587.02,597.1,258151.0
2017-10-09,608.98,611.5,596.38,599.44,507439.0
2017-10-10,602.5,609.7,597.28,604.48,339905.0
2017-10-11,605.74,643.18,605.74,643.18,827590.0
2017-10-12,643.9,650.38,637.78,647.5,441501.0
2017-10-13,654.52,661.54,643.9,651.1,316763.0
2017-10-16,665.68,684.94,654.88,677.02,507922.0
2017-10-17,673.6,683.5,662.8,670.9,402017.0
2017-10-18,675.4,683.68,662.26,683.68,322565.0
2017-10-19,682.96,689.08,669.1,670.18,248743.0
2017-10-20,670.18,670.9,657.4,661.9,200560.0
2017-10-23,662.8,674.5,660.1,663.7,201875.0
2017-10-24,661.0,666.94,654.7,664.78,194028.0
2017-10-25,668.56,687.1,664.96,685.48,302000.0
2017-10-26,670.18,685.66,667.3,672.34,388250.0
2017-10-27,674.5,681.34,661.54,669.1,300531.0
2017-10-30,674.5,695.74,674.5,683.5,437443.0
2017-10-31,685.48,728.14,685.48,728.14,559299.0
2017-11-01,731.2,731.74,710.5,716.8,478012.0
2017-11-02,716.26,722.92,701.5,716.26,251327.0
2017-11-03,723.1,735.88,719.5,722.2,325278.0
2017-11-06,716.26,759.1,716.26,739.3,523193.0
2017-11-07,736.78,756.94,734.8,743.08,391315.0
2017-11-08,742.72,759.1,724.54,735.7,468785.0
2017-11-09,740.74,770.98,735.16,764.5,352801.0
2017-11-10,764.32,792.94,755.5,786.64,432349.0
2017-11-13,786.46,804.28,778.18,795.1,358778.0
2017-11-14,795.64,806.98,771.7,771.7,488306.0
2017-11-15,762.7,765.94,721.12,734.62,920012.0
2017-11-16,728.86,759.1,721.66,753.7,623534.0
2017-11-17,750.1,755.5,730.66,737.5,470760.0
2017-11-20,742.9,770.44,727.96,769.0,524628.0
2017-11-21,766.84,786.28,761.98,782.14,571199.0
2017-11-22,786.1,790.24,748.3,770.98,558342.0
2017-11-23,771.7,772.6,705.1,705.1,683763.0
2017-11-24,708.7,716.08,681.52,696.1,629147.0
2017-11-27,704.56,708.7,672.88,691.6,404355.0
2017-11-28,697.0,709.24,690.7,708.16,330515.0
2017-11-29,715.9,721.12,699.52,710.86,362562.0
2017-11-30,707.8,707.8,679.9,687.28,415569.0
2017-12-01,687.1,698.44,677.92,696.1,274364.0
2017-12-04,695.02,721.3,689.98,712.12,322261.0
2017-12-05,708.52,726.52,703.3,708.34,292385.0
2017-12-06,713.02,717.52,690.7,703.3,296132.0
2017-12-07,704.2,704.2,683.14,687.82,290324.0
2017-12-08,684.22,709.78,684.04,708.7,326043.0
2017-12-11,710.5,730.3,710.5,729.76,393501.0
2017-12-12,731.2,738.76,718.6,720.4,262528.0
2017-12-13,720.4,732.46,715.18,730.48,298692.0
2017-12-14,733.72,734.98,715.36,721.66,293541.0
2017-12-15,721.3,724.18,699.7,704.2,257764.0
2017-12-18,700.42,705.46,690.34,698.44,201218.0
2017-12-19,703.84,709.78,697.0,705.64,240948.0
2017-12-20,708.34,709.78,696.64,701.5,281225.0
2017-12-21,702.94,746.86,701.68,739.3,606539.0
2017-12-22,740.92,746.14,733.9,740.56,244284.0
2017-12-25,741.46,744.16,728.5,741.82,240811.0
2017-12-26,740.02,741.1,714.46,736.78,350502.0
2017-12-27,731.38,736.78,702.58,704.56,331255.0
2017-12-28,704.92,719.14,704.56,715.9,212947.0
2017-12-29,712.3,731.02,712.3,723.1,278138.0
2018-01-02,728.32,734.8,715.0,725.44,242668.0
2018-01-03,725.8,750.1,725.8,734.62,461041.0
2018-01-04,740.92,751.9,734.62,750.1,421046.0
2018-01-05,750.1,750.1,735.34,737.14,339316.0
2018-01-08,737.14,756.4,735.52,755.5,420681.0
2018-01-09,757.3,764.5,746.32,757.3,338418.0
2018-01-10,763.96,777.1,756.94,770.26,455704.0
2018-01-11,773.68,787.0,767.74,775.3,319409.0
2018-01-12,779.26,794.74,770.08,791.86,363777.0
2018-01-15,793.3,798.88,777.1,787.72,392886.0
2018-01-16,786.1,809.32,783.94,787.72,403520.0
2018-01-17,788.8,792.76,748.3,765.58,454655.0
2018-01-18,772.6,772.96,748.3,751.9,395608.0
2018-01-19,751.72,756.4,738.4,746.5,303485.0
2018-01-22,745.6,770.98,744.7,769.0,361192.0
2018-01-23,773.68,799.42,773.68,780.7,420093.0
2018-01-24,787.9,789.7,759.1,759.1,419925.0
2018-01-25,767.2,777.1,756.4,764.32,361962.0
2018-01-26,760.9,770.44,756.22,760.54,231618.0
2018-01-29,764.5,767.2,732.1,733.9,459419.0
2018-01-30,731.74,743.44,716.44,733.9,277015.0
2018-01-31,735.7,744.7,729.4,739.3,209623.0
2018-02-01,744.52,754.6,731.02,735.34,301168.0
2018-02-02,739.12,747.76,735.7,744.52,243624.0
2018-02-05,735.7,742.72,721.48,722.92,365325.0
2018-02-06,701.86,708.7,661.9,680.08,692115.0
2018-02-07,697.9,709.24,674.5,676.3,465443.0
2018-02-08,679.72,716.26,678.1,714.64,498384.0
2018-02-09,689.8,701.68,678.1,693.58,450790.0
2018-02-12,704.92,727.24,694.12,721.66,397619.0
2018-02-13,730.48,741.82,724.18,727.06,250267.0
2018-02-14,731.74,739.66,717.16,731.2,188522.0
2018-02-22,744.7,750.1,735.34,749.02,248290.0
2018-02-23,755.5,764.5,749.02,758.74,263540.0
2018-02-26,763.78,805.54,763.78,795.1,624764.0
2018-02-27,804.1,820.3,777.1,787.0,521030.0
2018-02-28,779.08,798.52,777.46,787.36,269404.0
2018-03-01,780.52,818.5,778.18,818.32,530295.0
2018-03-02,813.64,816.7,790.06,791.5,368528.0
2018-03-05,794.38,803.2,779.8,790.42,234505.0
2018-03-06,795.1,805.9,788.44,796.9,194411.0
2018-03-07,795.1,795.1,762.7,769.9,309861.0
2018-03-08,771.16,791.5,761.44,785.38,262229.0
2018-03-09,793.66,814.9,783.94,808.24,435254.0
2018-03-12,814.9,823.72,802.48,812.2,294323.0
2018-03-13,812.2,813.1,797.08,805.72,213974.0
2018-03-14,800.86,807.34,787.72,794.2,206143.0
2018-03-15,788.8,806.98,787.9,796.72,196989.0
2018-03-16,794.38,794.92,769.72,770.98,331141.0
2018-03-19,771.88,794.74,771.88,786.1,226091.0
2018-03-20,777.82,792.4,775.12,787.9,165519.0
2018-03-21,797.44,818.5,792.76,805.18,401111.0
2018-03-22,808.96,823.54,798.34,799.78,283783.0
2018-03-23,761.26,791.86,750.64,791.32,527766.0
2018-03-26,786.1,796.0,760.18,793.12,295129.0
2018-03-27,796.54,818.5,796.54,813.64,355808.0
2018-03-28,795.28,800.14,773.14,777.64,439962.0
2018-03-29,782.14,782.14,744.7,768.1,302681.0
2018-03-30,768.46,776.92,760.54,764.5,176236.0
2018-04-02,767.74,777.1,750.64,756.04,228243.0
2018-04-03,754.78,769.72,748.12,765.4,244114.0
2018-04-04,765.58,772.6,752.26,760.9,175034.0
2018-04-09,760.9,768.46,750.1,753.52,153670.0
2018-04-10,761.62,777.82,754.24,777.82,234527.0
2018-04-11,786.1,794.2,773.5,776.38,203407.0
2018-04-12,782.68,786.1,760.9,764.14,134224.0
2018-04-13,772.24,777.1,762.88,768.82,109941.0
2018-04-16,768.1,775.12,748.66,754.6,232909.0
2018-04-17,747.4,753.7,681.34,704.92,1002660.0
2018-04-18,713.92,718.78,678.1,705.46,880888.0
2018-04-19,718.06,734.08,718.06,727.6,353505.0
2018-04-20,729.4,734.44,704.02,711.04,349767.0
2018-04-23,724.54,741.1,716.98,724.54,371270.0
2018-04-24,723.1,737.5,718.96,735.34,363113.0
2018-04-25,728.5,740.92,726.7,733.0,261410.0
2018-04-26,735.34,735.7,701.14,705.1,338141.0
2018-04-27,711.58,721.3,705.64,714.1,255045.0
2018-05-02,732.1,737.14,714.28,725.26,430682.0
2018-05-03,720.76,731.38,715.9,728.5,229502.0
2018-05-04,723.1,732.28,719.86,727.24,191691.0
2018-05-07,726.7,734.98,716.26,728.32,243700.0
2018-05-08,732.1,739.3,723.1,735.88,310905.0
2018-05-09,737.5,738.94,729.76,734.26,177939.0
2018-05-10,735.88,749.2,733.9,749.2,262784.0
2018-05-11,753.52,756.4,740.2,740.74,219074.0
2018-05-14,755.14,777.1,754.78,771.34,471803.0
2018-05-15,777.1,778.9,768.1,774.76,219720.0
2018-05-16,770.8,778.9,764.5,766.3,202515.0
2018-05-17,768.1,772.24,755.5,767.92,188569.0
2018-05-18,766.3,767.74,751.72,762.7,160868.0
2018-05-21,766.3,783.94,766.3,777.1,186951.0
2018-05-22,779.8,781.06,769.0,778.54,142062.0
2018-05-23,780.88,783.4,760.0,763.24,193898.0
2018-05-24,758.02,762.16,738.4,748.48,265507.0
2018-05-25,746.32,746.32,723.1,724.9,351173.0
2018-05-28,696.1,733.9,691.24,725.98,424493.0
2018-05-29,720.4,736.24,715.9,726.52,251237.0
2018-05-30,725.98,725.98,707.62,713.74,271622.0
2018-05-31,721.3,741.64,720.94,734.8,322752.0
2018-06-01,735.52,735.52,719.5,726.88,148658.0
2018-06-04,732.1,737.14,725.62,734.26,212088.0
2018-06-05,736.6,753.7,730.3,750.82,267915.0
2018-06-06,751.0,760.72,741.64,747.94,234317.0
2018-06-07,753.34,753.34,741.1,746.68,146316.0
2018-06-08,747.76,749.02,728.5,733.0,181315.0
2018-06-11,725.44,736.96,715.9,735.7,221965.0
2018-06-12,730.3,742.72,727.78,742.72,209943.0
2018-06-13,738.4,738.76,728.5,729.4,145846.0
2018-06-14,726.88,736.42,721.66,722.2,133115.0
2018-06-15,728.14,728.14,714.1,714.46,174987.0
2018-06-19,705.1,715.9,693.94,704.74,389595.0
2018-06-20,703.66,715.54,701.5,710.86,167504.0
2018-06-21,709.96,713.56,692.5,695.92,230514.0
2018-06-22,697.0,701.14,682.6,700.6,139354.0
2018-06-25,706.18,708.16,693.76,694.84,109672.0
2018-06-26,694.84,707.26,688.54,705.1,210706.0
2018-06-27,706.72,715.54,686.92,693.4,211948.0
2018-06-28,687.46,696.64,672.7,673.24,267119.0
2018-06-29,674.14,700.6,674.14,698.44,215063.0
2018-07-02,696.64,708.52,679.36,685.3,159490.0
2018-07-03,685.3,694.48,654.7,668.2,439477.0
2018-07-04,668.2,673.24,640.3,641.92,344175.0
2018-07-05,642.46,652.54,622.12,631.84,345285.0
2018-07-06,641.38,644.08,588.46,615.1,486225.0
2018-07-09,624.1,661.72,623.74,659.02,379703.0
2018-07-10,666.04,677.38,661.9,672.52,313046.0
2018-07-11,650.74,666.76,644.08,663.7,246960.0
2018-07-12,663.52,692.14,662.08,685.3,362705.0
2018-07-13,688.9,697.18,685.48,692.32,211281.0
2018-07-16,692.32,705.1,684.22,690.7,158007.0
2018-07-17,686.38,690.52,666.76,679.36,188532.0
2018-07-18,682.96,695.38,676.3,676.3,130312.0
2018-07-19,681.88,697.18,681.88,691.96,257242.0
2018-07-20,688.9,698.08,684.4,694.84,222270.0
2018-07-23,685.3,695.74,676.66,691.42,300849.0
2018-07-24,684.4,697.0,676.66,693.4,402456.0
2018-07-25,694.84,695.74,673.6,677.38,328648.0
2018-07-26,691.6,691.6,665.68,666.4,211727.0
2018-07-27,669.1,670.18,656.14,659.02,178401.0
2018-07-30,654.7,665.14,630.04,647.5,365673.0
2018-07-31,643.0,658.84,643.0,652.54,266166.0
2018-08-01,662.98,662.98,621.76,627.34,318464.0
2018-08-02,597.28,623.74,594.04,604.48,580301.0
2018-08-03,597.28,606.64,550.3,570.64,768255.0
2018-08-06,570.1,579.64,555.7,571.36,418081.0
2018-08-07,568.48,573.7,555.34,573.16,439190.0
2018-08-08,581.8,581.8,553.54,556.24,457921.0
2018-08-09,561.1,608.8,555.7,608.8,656326.0
2018-08-10,610.6,612.58,598.18,606.1,435221.0
2018-08-13,600.7,610.6,593.68,609.7,348477.0
2018-08-14,605.92,606.1,592.6,595.48,248648.0
2018-08-15,595.66,597.28,571.18,577.12,279491.0
2018-08-16,570.1,603.58,566.5,588.46,383815.0
2018-08-17,597.82,603.4,577.84,581.62,244318.0
2018-08-20,596.2,605.74,587.02,599.08,296221.0
2018-08-21,601.6,624.1,596.56,624.1,543842.0
2018-08-22,624.1,624.1,606.82,610.24,196084.0
2018-08-23,609.7,621.4,604.66,612.4,152992.0
2018-08-24,610.6,610.6,597.82,598.9,167623.0
2018-08-27,605.38,621.76,600.52,619.6,286682.0
2018-08-28,617.26,621.94,606.1,608.8,243981.0
2018-08-29,607.9,614.38,602.86,612.58,168423.0
2018-08-30,609.52,610.6,591.88,596.2,289488.0
2018-08-31,589.9,601.6,585.76,596.2,220948.0
2018-09-03,597.28,602.5,586.66,591.7,167401.0
2018-09-04,596.2,608.8,590.08,604.84,243622.0
2018-09-05,598.9,616.9,596.56,611.14,326489.0
2018-09-06,604.66,614.38,591.88,593.5,267796.0
2018-09-07,594.4,604.66,568.3,573.7,423923.0
2018-09-10,565.06,565.24,550.48,556.78,267931.0
2018-09-11,558.94,563.44,554.8,557.68,166455.0
2018-09-12,555.7,557.68,505.12,510.52,881565.0
2018-09-13,519.7,533.2,509.62,524.2,610619.0
2018-09-14,532.84,535.54,524.38,529.78,360941.0
2018-09-17,526.9,532.3,517.9,528.52,266651.0
2018-09-18,532.3,535.0,505.48,526.54,482460.0
2018-09-19,516.1,537.34,516.1,531.76,635722.0
2018-09-20,530.5,535.18,523.3,525.64,429718.0
2018-09-21,526.9,552.64,520.6,550.84,550540.0
2018-09-25,544.0,546.52,538.6,544.9,273581.0
2018-09-26,545.08,570.1,540.4,552.1,831649.0
2018-09-27,548.14,553.18,543.1,547.78,503510.0
2018-09-28,551.92,552.1,536.26,547.42,358018.0
2018-10-08,526.9,526.9,495.76,495.76,1054025.0
2018-10-09,486.76,497.2,473.44,479.02,821517.0
2018-10-10,479.74,485.5,469.48,479.92,493184.0
2018-10-11,461.92,469.3,450.76,458.68,798059.0
2018-10-12,462.82,480.1,459.58,473.62,754962.0
2018-10-15,477.58,485.14,470.2,472.18,419183.0
2018-10-16,473.8,480.82,464.08,466.96,246605.0
2018-10-17,476.5,480.1,462.64,476.5,261514.0
2018-10-18,473.26,476.5,463.0,465.7,334628.0
2018-10-19,465.7,469.3,431.32,462.1,817800.0
2018-10-22,453.1,487.66,446.44,482.98,1275638.0
2018-10-23,476.5,476.5,446.8,456.34,998331.0
2018-10-24,453.1,466.24,453.1,460.66,519903.0
2018-10-25,442.3,463.36,440.5,457.6,541847.0
2018-10-26,469.12,472.72,461.38,468.58,476118.0
2018-10-29,469.48,475.96,457.6,461.92,488200.0
2018-10-30,465.7,466.42,446.08,454.9,365002.0
2018-10-31,459.4,466.6,454.0,465.7,350255.0
2018-11-01,482.62,500.62,476.68,488.38,901939.0
2018-11-02,534.1,534.28,519.7,534.28,1582592.0
2018-11-05,534.1,542.92,529.24,538.24,944304.0
2018-11-06,540.94,540.94,517.72,526.9,501255.0
2018-11-07,527.8,534.1,517.0,518.62,443757.0
2018-11-08,524.38,525.28,514.3,515.02,298178.0
2018-11-09,516.1,516.28,501.88,504.4,403469.0
2018-11-12,506.56,534.1,503.86,530.14,596318.0
2018-11-13,516.1,542.74,514.3,537.7,562622.0
2018-11-14,535.9,537.7,521.86,525.1,406868.0
2018-11-15,521.14,532.3,519.7,531.58,289846.0
2018-11-16,533.92,560.56,529.06,548.5,605668.0
2018-11-19,546.7,563.26,543.1,556.96,513039.0
2018-11-20,537.7,537.7,508.54,511.06,1067215.0
2018-11-21,503.14,515.56,491.8,507.46,481692.0
2018-11-22,510.52,514.66,506.02,512.14,224849.0
2018-11-23,507.28,509.8,494.5,504.58,399567.0
2018-11-26,498.46,509.44,498.46,506.02,192929.0
2018-11-27,498.1,499.18,487.3,493.06,377694.0
2018-11-28,495.4,513.76,490.54,511.06,447895.0
2018-11-29,521.32,522.94,500.26,503.86,360224.0
2018-11-30,503.14,519.88,499.9,519.16,337677.0
2018-12-03,563.26,568.12,541.3,556.6,984262.0
2018-12-04,556.06,558.22,541.66,548.68,388900.0
2018-12-05,535.9,547.24,530.86,542.2,302611.0
2018-12-06,521.86,529.24,513.94,518.8,623794.0
2018-12-07,517.9,527.62,517.9,521.68,234751.0
2018-12-10,513.04,520.6,501.34,512.14,317582.0
2018-12-11,505.48,513.76,504.94,513.76,292635.0
2018-12-12,518.98,525.46,515.92,523.84,422539.0
2018-12-13,524.56,538.42,521.86,537.7,459441.0
2018-12-14,537.7,540.4,530.32,533.56,294556.0
2018-12-17,526.0,533.2,522.04,529.42,188695.0
2018-12-18,522.04,531.94,517.0,520.06,260162.0
2018-12-19,520.24,524.56,514.48,518.8,177715.0
2018-12-20,516.82,521.86,511.96,514.84,245934.0
2018-12-21,512.14,514.84,496.48,499.0,304159.0
2018-12-24,499.36,508.9,496.84,501.52,143532.0
2018-12-25,493.6,502.42,485.5,500.26,200162.0
2018-12-26,501.52,504.22,494.5,496.48,149603.0
2018-12-27,508.9,509.26,494.5,494.5,230156.0
2018-12-28,498.28,502.06,489.46,493.78,163799.0
2019-01-02,494.68,500.26,489.46,491.8,190109.0
2019-01-03,489.64,493.24,477.4,485.86,250165.0
2019-01-04,482.8,502.6,478.48,496.48,308261.0
2019-01-07,503.5,519.16,502.06,518.98,511259.0
2019-01-08,518.98,529.24,510.7,519.7,298116.0
2019-01-09,529.06,543.1,521.14,536.44,481812.0
2019-01-10,535.9,546.16,531.04,540.04,348536.0
2019-01-11,541.84,549.94,531.94,542.2,252082.0
2019-01-14,535.54,542.02,532.3,534.46,199129.0
2019-01-15,536.8,561.46,533.38,559.84,459859.0
2019-01-16,561.1,564.34,553.72,555.34,299587.0
2019-01-17,558.94,565.96,552.64,553.36,239281.0
2019-01-18,558.76,563.62,552.46,560.38,260384.0
2019-01-21,557.5,569.38,546.34,557.5,332637.0
2019-01-22,557.5,557.5,543.1,544.9,277975.0
2019-01-23,535.9,549.76,535.54,540.58,210026.0
2019-01-24,547.6,556.6,539.5,549.58,284329.0
2019-01-25,550.12,560.2,546.7,557.5,276717.0
2019-01-28,560.74,578.38,558.94,561.28,394286.0
2019-01-29,560.38,560.74,544.54,553.36,320674.0
2019-01-30,550.48,557.5,544.0,544.18,216757.0
2019-01-31,546.52,573.7,545.08,570.64,416215.0
2019-02-01,576.22,597.82,570.64,597.64,453919.0
2019-02-11,598.9,624.1,594.4,614.02,413906.0
2019-02-12,614.74,620.5,607.54,611.32,244219.0
2019-02-13,611.5,634.9,611.32,621.76,447268.0
2019-02-14,621.94,630.04,616.54,623.2,247290.0
2019-02-15,620.32,620.32,602.5,604.84,495348.0
2019-02-18,613.3,636.16,607.72,631.84,447302.0
2019-02-19,635.8,660.1,629.68,636.7,585413.0
2019-02-20,642.28,651.1,629.68,641.56,318487.0
2019-02-21,640.66,657.58,630.76,642.1,394670.0
2019-02-22,641.2,661.9,638.5,661.9,419927.0
2019-02-25,672.34,697.9,672.34,686.02,832148.0
2019-02-26,678.1,679.0,656.14,666.58,662271.0
2019-02-27,652.54,662.44,636.88,643.9,609021.0
2019-02-28,643.54,653.8,639.22,651.1,307038.0
2019-03-01,663.7,665.14,642.82,654.52,351935.0
2019-03-04,662.8,693.94,662.8,677.2,887259.0
2019-03-05,670.9,679.54,666.4,674.14,489665.0
2019-03-06,684.58,696.64,674.68,686.02,753092.0
2019-03-07,683.5,683.68,658.66,662.8,604224.0
2019-03-08,649.3,671.98,634.0,649.3,599655.0
2019-03-11,643.9,670.54,641.74,669.1,493266.0
2019-03-12,668.38,684.94,666.22,680.08,608455.0
2019-03-13,677.56,678.1,652.9,654.7,480311.0
2019-03-14,654.34,661.9,645.7,653.44,271689.0
2019-03-15,656.5,681.7,651.1,675.4,474255.0
2019-03-18,668.2,687.28,661.9,687.28,486956.0
2019-03-19,685.3,685.3,674.68,681.34,277027.0
2019-03-20,681.16,681.16,660.1,665.14,357032.0
2019-03-21,667.66,667.66,660.1,662.62,333055.0
2019-03-22,665.5,666.4,645.7,652.9,443430.0
2019-03-25,641.92,649.12,638.5,640.3,378688.0
2019-03-26,647.5,652.0,634.9,640.66,355117.0
2019-03-27,647.86,653.8,635.98,650.56,279367.0
2019-03-28,643.36,652.54,638.5,640.3,234674.0
2019-03-29,636.34,662.62,636.34,661.36,445592.0
2019-04-01,667.66,695.2,667.3,693.4,806141.0
2019-04-02,699.7,700.42,682.78,688.72,367736.0
2019-04-03,691.24,691.6,676.12,686.38,371450.0
2019-04-04,678.1,683.5,670.9,673.96,573969.0
2019-04-08,670.9,685.3,660.1,669.46,485953.0
2019-04-09,664.24,672.7,660.1,666.22,439862.0
2019-04-10,661.9,666.22,655.06,661.0,393450.0
2019-04-11,656.5,661.9,642.64,644.98,409198.0
2019-04-12,648.94,654.16,645.16,651.1,237374.0
2019-04-15,660.1,667.3,641.92,642.46,461601.0
2019-04-16,640.3,652.9,624.1,652.9,562030.0
2019-04-17,652.0,659.2,647.5,652.72,358968.0
2019-04-18,652.9,653.26,644.44,646.78,172735.0
2019-04-19,647.14,660.1,642.46,658.3,259926.0
2019-04-22,641.2,655.06,636.7,644.8,563518.0
2019-04-23,649.3,649.48,626.08,626.44,559664.0
2019-04-24,627.52,631.3,599.98,617.26,726433.0
2019-04-25,620.68,629.68,607.9,612.22,479594.0
2019-04-26,602.5,610.96,600.52,602.5,502626.0
2019-04-29,602.5,617.8,593.68,606.64,401315.0
2019-04-30,609.52,620.86,602.86,618.34,326554.0
2019-05-06,586.3,591.34,573.34,573.88,656104.0
2019-05-07,573.88,589.72,565.6,581.26,540095.0
2019-05-08,570.64,582.7,563.44,567.76,322941.0
2019-05-09,562.72,569.74,549.04,552.64,354088.0
2019-05-10,562.0,571.54,535.36,566.5,551015.0
2019-05-13,552.1,552.1,516.1,521.14,1029612.0
2019-05-14,523.3,542.38,521.32,534.46,847646.0
2019-05-15,547.24,555.7,544.54,548.14,549116.0
2019-05-16,552.1,553.9,538.78,545.44,415716.0
2019-05-17,549.76,555.34,530.14,534.46,500021.0
2019-05-20,535.9,536.8,510.16,515.92,749519.0
2019-05-21,512.32,532.66,512.32,526.9,563499.0
2019-05-22,479.2,515.92,477.22,499.36,1589444.0
2019-05-23,485.5,489.1,471.1,472.18,1585531.0
2019-05-24,474.52,494.14,473.08,484.96,1086821.0
2019-05-27,482.8,495.58,473.08,493.6,1053757.0
2019-05-28,490.54,499.54,487.3,497.74,899832.0
2019-05-29,491.08,495.58,488.74,491.26,561005.0
2019-05-30,489.1,498.82,482.08,494.32,713531.0
2019-05-31,490.0,493.78,486.76,488.02,706878.0
2019-06-03,489.1,499.9,488.02,496.3,918221.0
2019-06-04,494.86,495.4,481.9,485.14,668247.0
2019-06-05,490.54,490.9,475.06,480.46,620193.0
2019-06-06,480.28,481.36,464.8,467.5,746487.0
2019-06-10,472.18,496.48,470.74,490.18,1032731.0
2019-06-11,493.6,511.24,486.4,509.8,1108078.0
2019-06-12,508.54,508.54,499.0,502.06,633103.0
2019-06-13,502.06,506.2,494.68,503.32,555982.0
2019-06-14,500.8,508.72,493.42,498.1,656545.0
2019-06-17,494.14,497.2,483.88,484.96,676715.0
2019-06-18,484.96,494.14,484.96,490.36,443019.0
2019-06-19,531.4,534.1,511.24,515.2,1494771.0
2019-06-20,520.6,533.92,512.32,529.42,1047340.0
2019-06-21,531.76,542.56,523.66,534.1,961333.0
2019-06-24,524.38,528.88,518.98,524.02,674083.0
2019-06-25,524.2,527.44,505.84,512.5,840908.0
2019-06-26,508.54,520.42,506.02,516.64,474177.0
2019-06-27,522.4,538.6,520.6,537.34,1033784.0
2019-06-28,538.6,542.2,529.06,537.34,620823.0
2019-07-01,568.3,580.9,555.34,578.02,1252291.0
2019-07-02,573.7,576.76,564.52,568.48,791323.0
2019-07-03,563.8,563.98,546.88,551.56,796769.0
2019-07-04,551.56,558.4,543.1,546.52,581364.0
2019-07-05,544.72,552.46,543.1,547.6,444653.0
2019-07-08,542.56,543.1,525.1,531.94,738478.0
2019-07-09,528.7,533.56,517.9,520.96,734515.0
2019-07-10,526.72,532.3,522.22,525.46,463062.0
2019-07-11,531.4,535.9,525.46,527.08,440074.0
2019-07-12,527.08,530.68,521.14,526.36,356679.0
2019-07-15,523.3,531.58,509.62,529.6,614474.0
2019-07-16,527.08,528.7,522.4,522.76,333210.0
2019-07-17,519.7,529.96,514.3,525.1,411046.0
2019-07-18,519.7,519.88,510.88,511.96,602250.0
2019-07-19,512.68,523.3,512.68,517.54,352367.0
2019-07-22,537.7,560.74,530.5,554.8,1840296.0
2019-07-23,555.34,565.24,552.28,563.98,1054666.0
2019-07-24,561.1,567.58,556.6,560.92,825030.0
2019-07-25,560.2,592.96,559.3,585.4,1382308.0
2019-07-26,583.96,608.62,578.74,595.3,1006564.0
2019-07-29,595.3,600.7,587.74,596.38,574429.0
2019-07-30,599.8,608.98,587.74,588.46,605939.0
2019-07-31,588.1,599.62,580.36,596.56,635981.0
2019-08-01,590.08,598.9,583.96,593.68,511753.0
2019-08-02,570.1,579.28,563.8,574.06,862409.0
2019-08-05,570.28,576.04,556.42,557.68,722341.0
2019-08-06,545.8,564.52,538.06,557.5,818050.0
2019-08-07,562.72,566.32,556.78,558.04,430774.0
2019-08-08,558.94,565.24,551.74,561.1,454651.0
2019-08-09,559.3,560.56,537.34,546.52,724034.0
2019-08-12,547.6,579.28,547.6,577.12,632514.0
2019-08-13,570.46,574.42,555.7,562.18,600458.0
2019-08-14,579.1,584.68,565.42,566.5,689186.0
2019-08-15,553.9,581.98,548.68,577.84,586393.0
2019-08-16,575.14,591.34,572.98,581.08,578665.0
2019-08-19,587.2,609.7,586.84,603.94,737758.0
2019-08-20,607.54,616.0,597.82,601.78,457079.0
2019-08-21,600.7,616.0,598.72,609.7,479907.0
2019-08-22,614.2,624.46,608.26,613.3,490527.0
2019-08-23,613.3,618.7,608.44,611.14,352490.0
2019-08-26,591.88,599.62,587.2,592.6,652061.0
2019-08-27,596.56,615.82,594.04,604.84,591294.0
2019-08-28,605.74,606.1,592.6,599.8,368839.0
2019-08-29,598.9,601.6,589.36,590.26,338739.0
2019-08-30,599.26,608.8,593.68,597.46,518804.0
2019-09-02,597.46,612.94,593.68,607.9,402234.0
2019-09-03,607.9,640.84,606.1,640.12,723413.0
2019-09-04,638.68,639.22,623.74,636.16,409805.0
2019-09-05,638.5,652.0,632.56,635.98,435755.0
2019-09-06,643.36,658.12,636.52,650.92,501356.0
2019-09-09,656.5,674.14,656.5,665.68,574235.0
2019-09-10,665.68,674.14,652.36,669.28,446605.0
2019-09-11,666.4,668.2,643.9,652.9,453603.0
2019-09-12,657.58,663.7,651.1,661.9,276572.0
2019-09-16,670.72,673.78,654.7,661.9,402828.0
2019-09-17,658.12,658.12,640.48,645.7,357132.0
2019-09-18,646.24,649.66,640.84,648.58,273291.0
2019-09-19,651.1,661.54,648.94,661.0,294021.0
2019-09-20,661.54,666.04,656.5,660.28,322794.0
2019-09-23,658.3,660.46,645.88,653.62,301434.0
2019-09-24,656.32,661.72,648.22,654.52,307351.0
2019-09-25,650.74,651.46,634.9,635.98,364871.0
2019-09-26,640.3,649.48,632.02,638.5,352981.0
2019-09-27,638.5,643.9,633.46,638.32,280396.0
2019-09-30,634.54,639.94,620.86,622.3,296074.0
2019-10-10,587.2,599.8,568.84,597.1,1694385.0
2019-10-11,590.08,598.9,584.14,593.14,844110.0
2019-10-14,604.66,606.1,594.58,598.36,761100.0
2019-10-15,597.28,597.46,583.24,586.48,439828.0
2019-10-16,590.98,603.94,586.66,592.96,464911.0
2019-10-17,593.5,598.72,587.74,597.64,346787.0
2019-10-18,599.8,600.52,585.4,588.82,344625.0
2019-10-21,598.54,618.52,597.1,609.88,777528.0
2019-10-22,614.2,616.9,603.22,611.5,413303.0
2019-10-23,613.3,615.82,605.74,611.14,328896.0
2019-10-24,612.94,614.74,607.9,613.84,253416.0
2019-10-25,610.42,623.38,604.48,621.58,351978.0
2019-10-28,624.46,634.36,618.88,631.3,432578.0
2019-10-29,631.84,637.6,625.0,626.62,377570.0
2019-10-30,629.14,631.84,621.22,626.44,289346.0
2019-10-31,626.62,630.22,620.14,623.2,258343.0
2019-11-01,621.4,636.7,620.5,633.1,371046.0
2019-11-04,634.9,637.06,629.14,632.2,296493.0
2019-11-05,634.18,648.4,634.18,640.3,438041.0
2019-11-06,644.8,651.1,640.66,645.16,316178.0
2019-11-07,646.6,651.64,637.78,647.14,298359.0
2019-11-08,653.62,672.7,653.62,660.1,592083.0
2019-11-11,657.4,666.4,650.92,656.5,417557.0
2019-11-12,660.1,666.22,644.62,653.44,361704.0
2019-11-13,652.54,656.86,647.5,656.68,284245.0
2019-11-14,644.08,647.5,628.78,641.56,964944.0
2019-11-15,638.5,644.62,631.12,631.3,532563.0
2019-11-18,626.62,642.82,626.62,636.7,341980.0
2019-11-19,638.32,659.02,636.52,652.72,406624.0
2019-11-20,652.9,656.5,643.36,647.32,264923.0
2019-11-21,645.7,648.4,633.1,643.18,329993.0
2019-11-22,645.34,646.78,615.46,616.72,541258.0
2019-11-25,611.5,619.6,597.64,611.68,509918.0
2019-11-26,613.48,623.56,607.9,616.9,382820.0
2019-11-27,613.3,616.54,606.28,613.12,281999.0
2019-11-28,612.04,615.82,608.62,612.4,171240.0
2019-11-29,609.34,611.14,599.98,606.28,257518.0
2019-12-02,611.14,611.86,595.48,600.34,332871.0
2019-12-03,597.28,599.8,590.98,599.44,299643.0
2019-12-04,600.34,600.34,586.48,590.26,451482.0
2019-12-05,594.94,602.14,591.88,601.24,462239.0
2019-12-06,600.34,604.84,595.48,603.94,358134.0
2019-12-09,602.5,603.94,590.08,593.32,563313.0
2019-12-10,593.5,593.5,583.24,591.52,457237.0
2019-12-11,593.5,612.4,592.6,605.2,694006.0
2019-12-12,605.56,605.56,597.28,601.24,387578.0
2019-12-13,620.5,621.22,608.08,615.1,656292.0
2019-12-16,618.7,624.28,613.66,619.24,540446.0
2019-12-17,619.24,636.7,613.66,630.76,689371.0
2019-12-18,627.7,645.7,626.62,636.7,575878.0
2019-12-19,635.08,639.4,619.96,627.16,413378.0
2019-12-20,625.9,628.06,617.8,620.68,308083.0
2019-12-23,617.08,618.7,605.56,606.28,383207.0
2019-12-24,603.94,615.64,603.94,613.3,239927.0
2019-12-25,612.4,626.26,610.78,620.68,302764.0
2019-12-26,622.48,627.52,619.42,623.38,186279.0
2019-12-27,623.38,627.16,616.18,616.9,302899.0
2019-12-30,615.1,628.6,609.88,627.34,388684.0
2019-12-31,622.66,632.74,622.66,630.22,303717.0
2020-01-02,633.1,659.56,627.16,651.28,749842.0
2020-01-03,651.1,658.3,647.32,655.96,479009.0
2020-01-06,652.9,673.06,644.98,660.28,589125.0
2020-01-07,661.0,670.18,655.96,660.1,314561.0
2020-01-08,653.08,667.12,651.1,654.34,360490.0
2020-01-09,661.18,666.94,655.24,664.6,378909.0
2020-01-10,661.36,664.78,653.08,659.38,364427.0
2020-01-13,666.4,679.9,661.9,675.04,508552.0
2020-01-14,681.16,681.7,668.2,677.38,377194.0
2020-01-15,676.66,706.9,671.26,701.5,599459.0
2020-01-16,697.9,705.1,691.78,703.3,458343.0
2020-01-17,694.12,698.8,681.7,682.96,480210.0
2020-01-20,681.7,700.96,679.9,691.06,488033.0
2020-01-21,682.96,689.98,668.74,670.72,492151.0
2020-01-22,667.3,703.3,663.88,699.88,554185.0
2020-01-23,689.08,703.66,673.06,688.9,570624.0
2020-02-03,624.1,656.5,624.1,625.36,842329.0
2020-02-04,631.66,658.12,631.3,656.14,642323.0
2020-02-05,658.3,690.7,651.64,672.7,735558.0
2020-02-06,672.88,684.04,660.28,679.9,500356.0
2020-02-07,670.9,679.9,661.54,674.5,467803.0
2020-02-10,671.26,673.6,661.9,671.44,452661.0
2020-02-11,673.6,686.2,663.34,680.98,518129.0
2020-02-12,678.1,690.88,671.44,688.9,443682.0
2020-02-13,687.1,700.6,681.88,688.18,456287.0
2020-02-14,684.22,702.58,677.2,684.22,537126.0
2020-02-17,681.7,711.22,681.7,709.6,660871.0
2020-02-18,708.34,708.34,693.58,703.84,510121.0
2020-02-19,705.28,734.08,699.16,727.96,982808.0
2020-02-20,725.08,745.24,723.1,739.12,690398.0
2020-02-21,739.12,762.52,734.98,750.1,820724.0
2020-02-24,742.9,753.52,734.08,743.8,612974.0
2020-02-25,724.72,735.7,706.72,731.2,757623.0
2020-02-26,720.76,727.42,702.4,705.1,683805.0
2020-02-27,708.7,717.52,692.5,703.3,516604.0
2020-02-28,685.3,701.5,668.74,670.9,658688.0
2020-03-02,670.54,692.14,658.48,681.7,948810.0
2020-03-03,692.5,706.0,679.9,686.2,795899.0
2020-03-04,679.9,685.66,667.3,680.44,594338.0
2020-03-05,695.2,697.9,677.02,692.14,599223.0
2020-03-06,683.5,686.56,672.34,674.86,482672.0
2020-03-09,665.14,665.32,642.1,643.54,824201.0
2020-03-10,635.08,663.16,635.08,660.1,589911.0
2020-03-11,666.4,666.4,649.3,650.38,401468.0
2020-03-12,638.5,641.74,630.4,632.74,476429.0
2020-03-13,607.9,625.9,584.14,617.62,713952.0
2020-03-16,620.14,620.5,578.74,582.7,741183.0
2020-03-17,582.16,591.7,543.28,563.26,923419.0
2020-03-18,570.1,586.3,562.9,562.9,701733.0
2020-03-19,562.9,568.3,540.58,563.44,779805.0
2020-03-20,573.52,576.58,555.52,564.34,576836.0
2020-03-23,545.26,548.14,529.96,530.14,681959.0
2020-03-24,549.22,549.4,526.9,542.02,608331.0
2020-03-25,556.96,567.4,555.16,560.2,627535.0
2020-03-26,560.2,560.2,547.42,550.66,428422.0
2020-03-27,561.1,561.82,550.12,552.1,447083.0
2020-03-30,541.3,541.3,527.98,535.54,534868.0
2020-03-31,542.74,550.3,541.84,543.1,396359.0
2020-04-01,546.7,564.52,542.56,562.54,736792.0
2020-04-02,560.92,589.0,559.48,589.0,794235.0
2020-04-03,591.7,601.06,583.24,594.94,700597.0
2020-04-07,607.0,611.5,590.08,601.24,743036.0
2020-04-08,598.0,598.0,587.02,591.52,440123.0
2020-04-09,592.96,594.04,579.1,582.52,489981.0
2020-04-10,581.08,581.08,564.52,570.1,402788.0
2020-04-13,562.9,569.38,559.48,565.78,275933.0
2020-04-14,572.62,585.04,571.72,584.86,538630.0
2020-04-15,586.3,589.0,579.46,581.44,323626.0
2020-04-16,577.3,583.06,574.6,582.7,274524.0
2020-04-17,587.92,592.96,584.14,585.22,408855.0
2020-04-20,586.3,598.9,585.22,596.56,436979.0
2020-04-21,594.04,594.04,575.86,580.72,505536.0
2020-04-22,575.5,585.94,572.26,580.54,248339.0
2020-04-23,585.04,585.04,577.48,579.1,226487.0
2020-04-24,578.92,581.62,572.26,576.04,267002.0
2020-04-27,592.24,605.74,589.0,600.34,811016.0
2020-04-28,602.86,606.46,584.5,598.9,504013.0
2020-04-29,597.1,601.96,593.14,601.96,269962.0
2020-04-30,606.1,621.4,604.3,617.98,510924.0
2020-05-06,607.9,622.12,606.1,620.5,592047.0
2020-05-07,620.5,628.78,608.8,609.34,377644.0
2020-05-08,615.28,625.54,613.48,614.02,342267.0
2020-05-11,616.18,621.58,612.94,617.26,384722.0
2020-05-12,618.52,619.96,612.22,619.78,293004.0
2020-05-13,616.9,619.06,613.3,617.8,184934.0
2020-05-14,615.64,615.64,601.6,602.68,356144.0
2020-05-15,602.5,606.1,592.6,596.74,410569.0
2020-05-18,592.6,592.6,574.96,579.1,599299.0
2020-05-19,584.14,588.1,577.48,587.2,444318.0
2020-05-20,584.5,584.68,578.38,581.44,289566.0
2020-05-21,587.02,587.02,572.08,573.88,301195.0
2020-05-22,580.72,591.88,575.14,580.18,524123.0
2020-05-25,551.74,554.98,534.1,544.54,852734.0
2020-05-26,545.08,560.2,545.08,551.74,504573.0
2020-05-27,551.92,556.78,548.32,550.66,276971.0
2020-05-28,550.3,554.44,542.38,552.28,280537.0
2020-05-29,553.0,554.8,545.08,547.96,397048.0
2020-06-01,550.3,572.08,550.3,570.1,640902.0
2020-06-02,568.3,574.96,561.28,568.66,470341.0
2020-06-03,570.46,571.9,564.7,567.58,318409.0
2020-06-04,567.58,570.82,563.26,569.02,314401.0
2020-06-05,569.02,571.72,565.06,571.36,262113.0
2020-06-08,571.36,588.64,571.18,582.16,470575.0
2020-06-09,585.22,586.12,576.58,580.0,277116.0
2020-06-10,581.8,581.8,573.34,580.54,326778.0
2020-06-11,577.3,579.28,567.04,570.64,454454.0
2020-06-12,559.3,576.4,556.42,572.26,451691.0
2020-06-15,564.52,569.92,562.72,563.08,330684.0
2020-06-16,570.1,574.78,563.26,568.3,354937.0
2020-06-17,571.54,584.5,563.62,584.5,612444.0
2020-06-18,584.5,597.28,579.46,593.5,619090.0
2020-06-19,591.52,601.06,587.56,596.74,565106.0
2020-06-22,596.74,601.96,587.56,589.54,507237.0
2020-06-23,587.74,594.4,580.54,593.68,475302.0
2020-06-24,593.86,602.5,590.08,598.36,406526.0
2020-06-29,593.14,593.5,580.9,583.06,430522.0
2020-06-30,587.74,599.98,586.66,599.8,507268.0
2020-07-01,602.32,633.1,600.16,631.66,1134802.0
2020-07-02,636.7,652.9,629.14,648.94,1002239.0
2020-07-03,645.7,656.14,637.42,654.34,702007.0
2020-07-06,658.66,702.4,658.48,689.98,1084252.0
2020-07-07,701.5,719.14,683.5,690.7,1157908.0
2020-07-08,690.52,696.46,680.98,691.6,777203.0
2020-07-09,695.74,751.18,689.98,743.98,1307431.0
2020-07-10,730.3,735.34,715.0,718.78,865508.0
2020-07-13,717.7,737.5,710.5,730.84,900980.0
2020-07-14,727.42,729.4,701.5,711.4,831015.0
2020-07-15,712.48,721.84,701.5,702.04,740301.0
2020-07-16,701.5,713.56,665.5,679.72,974379.0
2020-07-17,679.72,691.78,674.5,685.48,609828.0
2020-07-20,690.7,691.24,671.98,684.04,506928.0
2020-07-21,688.0,692.5,670.72,677.92,659800.0
2020-07-22,695.74,714.1,687.1,702.76,901255.0
2020-07-23,690.7,699.52,673.6,690.7,776829.0
2020-07-24,676.3,685.84,656.14,658.84,789560.0
2020-07-27,681.7,719.32,681.7,719.32,1604993.0
2020-07-28,738.76,738.76,700.6,714.46,1141029.0
2020-07-29,710.5,738.76,704.92,733.9,1064419.0
2020-07-30,733.9,736.6,720.94,724.72,576872.0
2020-07-31,723.1,733.54,706.9,719.32,753060.0
2020-08-03,725.08,755.5,725.08,747.04,1067539.0
2020-08-04,747.22,760.54,737.68,754.24,764622.0
2020-08-05,759.1,761.62,737.5,755.68,592916.0
2020-08-06,755.68,755.68,734.8,744.16,492717.0
2020-08-07,739.12,760.9,733.0,750.46,754535.0
2020-08-10,739.3,746.14,726.34,736.78,524032.0
2020-08-11,743.08,779.98,743.08,761.8,1099507.0
2020-08-12,764.5,781.42,758.74,773.5,957054.0
2020-08-13,775.48,777.82,758.74,767.02,554638.0
2020-08-14,760.0,782.14,756.04,770.62,538824.0
2020-08-17,764.5,782.5,759.28,774.22,826263.0
2020-08-18,774.22,774.22,745.6,756.76,743389.0
2020-08-19,755.14,760.72,737.14,740.02,668358.0
2020-08-20,739.84,747.04,731.74,734.08,432422.0
2020-08-21,744.52,746.5,726.34,731.2,376436.0
2020-08-24,737.32,755.14,735.34,748.3,526930.0
2020-08-25,747.22,752.8,740.92,744.34,351538.0
2020-08-26,741.28,747.4,729.04,731.92,310979.0
2020-08-27,731.74,735.7,716.26,719.32,412648.0
2020-08-28,720.4,741.1,716.44,736.78,461777.0
2020-08-31,738.4,744.7,727.06,727.06,394392.0
2020-09-01,726.88,742.9,726.16,734.26,321539.0
2020-09-02,733.9,748.66,719.5,745.06,529158.0
2020-09-03,745.6,758.38,741.1,745.06,442050.0
2020-09-04,730.3,737.14,722.2,734.8,412487.0
2020-09-07,726.88,732.28,708.52,708.52,543978.0
2020-09-08,711.4,718.6,701.14,706.9,423209.0
2020-09-09,700.78,712.3,687.82,703.3,404687.0
2020-09-10,710.5,713.38,696.28,699.7,287601.0
2020-09-11,699.52,706.9,688.9,704.74,320156.0
2020-09-14,705.1,710.5,699.34,710.5,294877.0
2020-09-15,710.5,731.38,706.9,731.02,327232.0
2020-09-16,730.3,731.92,716.44,727.96,299136.0
2020-09-17,720.22,723.64,705.46,707.8,278000.0
2020-09-18,713.92,713.92,701.5,713.02,252678.0
2020-09-21,717.34,717.34,705.1,706.18,196714.0
2020-09-22,702.94,709.78,700.24,702.4,186094.0
2020-09-23,707.62,717.34,706.36,712.3,270357.0
2020-09-24,708.7,718.6,706.9,715.72,306035.0
2020-09-25,715.54,723.1,700.24,702.76,266483.0
2020-09-28,701.68,712.66,700.78,709.24,251782.0
2020-09-29,711.4,730.48,708.34,723.28,337801.0
2020-09-30,724.9,740.02,723.1,739.48,434577.0
2020-10-09,750.1,751.18,732.1,740.2,339391.0
2020-10-12,740.56,749.74,734.98,748.66,405110.0
2020-10-13,748.66,764.5,746.5,756.76,338164.0
2020-10-14,756.76,760.9,741.28,755.5,296683.0
2020-10-15,753.7,767.74,751.36,762.7,369631.0
2020-10-16,756.04,760.9,742.0,746.14,230403.0
2020-10-19,751.0,766.48,748.84,760.36,345317.0
2020-10-20,761.8,769.0,752.8,760.54,225186.0
2020-10-21,755.86,766.66,754.42,760.18,211275.0
2020-10-22,757.66,787.0,755.14,758.02,561602.0
2020-10-23,758.02,784.66,754.06,758.2,459333.0
2020-10-26,764.86,828.76,759.1,823.72,1338373.0
2020-10-27,814.9,860.8,810.22,849.1,1077916.0
2020-10-28,846.22,876.1,834.7,849.28,884571.0
2020-10-29,841.9,873.58,841.9,861.52,582417.0
2020-10-30,872.5,889.24,857.74,861.7,574298.0
2020-11-02,860.8,879.16,859.9,874.66,467704.0
2020-11-03,876.46,880.06,863.14,874.66,417210.0
2020-11-04,880.78,908.5,875.56,891.94,442601.0
2020-11-05,911.74,923.8,908.5,919.66,601989.0
2020-11-06,917.5,946.84,909.76,937.48,537628.0
2020-11-09,931.0,954.76,917.5,924.7,687835.0
2020-11-10,917.86,942.34,909.76,931.36,479377.0
2020-11-11,924.34,935.5,905.08,905.08,454882.0
2020-11-12,917.68,932.8,907.42,917.5,426364.0
2020-11-13,899.5,917.14,877.9,904.9,631453.0
2020-11-16,934.78,934.78,899.14,921.1,470580.0
2020-11-17,921.1,926.5,881.32,894.82,569460.0
2020-11-18,895.0,905.8,859.72,878.8,623353.0
2020-11-19,895.0,922.0,878.8,919.3,468789.0
2020-11-20,919.48,921.1,900.04,910.84,353574.0
2020-11-23,917.5,919.3,884.92,895.18,420869.0
2020-11-24,895.18,896.8,873.94,883.84,358800.0
2020-11-25,878.44,895.54,874.48,874.48,273719.0
2020-11-26,883.66,886.9,859.9,882.04,265792.0
2020-11-27,891.4,903.28,867.46,899.5,397770.0
2020-11-30,894.1,897.88,874.84,875.56,353228.0
2020-12-01,879.7,886.54,864.4,872.14,416642.0
2020-12-02,872.5,875.74,859.9,860.44,305902.0
2020-12-03,865.48,877.54,854.68,872.5,325369.0
2020-12-04,866.02,881.5,866.02,879.16,307253.0
2020-12-07,863.5,872.86,837.22,859.9,503950.0
2020-12-08,862.6,867.1,839.74,850.54,502852.0
2020-12-09,854.5,856.84,837.4,840.28,352552.0
2020-12-10,845.32,879.52,834.34,863.5,434982.0
2020-12-11,865.66,870.7,840.1,853.96,456454.0
2020-12-14,854.14,886.9,853.06,878.8,510182.0
2020-12-15,886.9,903.1,878.8,894.28,485532.0
2020-12-16,887.8,894.28,874.84,881.5,367432.0
2020-12-17,876.82,882.76,856.66,861.16,387467.0
2020-12-18,858.1,879.34,855.22,879.34,568843.0
2020-12-21,872.32,874.48,838.48,866.92,479046.0
2020-12-22,863.14,876.46,857.74,860.26,326904.0
2020-12-23,852.7,894.1,850.0,877.18,531273.0
2020-12-24,882.4,908.5,882.4,901.66,599399.0
2020-12-25,906.34,915.7,894.1,904.0,438999.0
2020-12-28,887.44,905.62,887.44,899.5,423222.0
2020-12-29,902.02,908.5,861.88,892.48,455530.0
2020-12-30,887.08,911.38,881.14,898.6,461890.0
2020-12-31,883.3,938.02,883.3,926.68,1189437.0
2021-01-04,919.3,965.2,898.06,949.9,1577934.0
2021-01-05,944.5,1039.54,942.7,1039.54,1471561.0
2021-01-06,1052.5,1103.26,1039.9,1051.06,1317527.0
2021-01-07,1061.5,1123.6,1055.74,1102.72,936097.0
2021-01-08,1101.1,1113.7,1056.46,1085.62,855450.0
2021-01-11,1097.68,1157.08,1094.62,1115.5,1293371.0
2021-01-12,1116.22,1161.4,1115.68,1156.0,841412.0
2021-01-13,1147.9,1159.42,1115.5,1131.88,720995.0
2021-01-14,1117.66,1127.92,1075.9,1083.82,624065.0
2021-01-15,1089.94,1150.96,1089.94,1113.7,572560.0
2021-01-18,1101.28,1153.3,1080.76,1129.54,459471.0
2021-01-19,1130.26,1172.92,1130.26,1144.12,482539.0
2021-01-20,1128.28,1143.94,1119.1,1140.7,462393.0
2021-01-21,1144.84,1215.76,1144.3,1191.1,746409.0
2021-01-22,1205.5,1275.34,1196.5,1254.82,686165.0
2021-01-25,1256.08,1322.14,1215.04,1271.2,629224.0
2021-01-26,1254.64,1266.34,1218.1,1225.3,484004.0
2021-01-27,1226.2,1309.54,1204.42,1296.94,596291.0
2021-01-28,1268.5,1268.5,1172.56,1204.6,846186.0
2021-01-29,1198.3,1222.06,1160.68,1187.5,622610.0
2021-02-01,1198.12,1214.5,1156.9,1199.38,502356.0
2021-02-02,1199.38,1242.58,1196.5,1214.14,452638.0
2021-02-03,1214.14,1250.32,1117.66,1131.7,733881.0
2021-02-04,1151.68,1181.02,1131.7,1147.54,635136.0
2021-02-05,1148.26,1156.9,1098.58,1127.02,565122.0
2021-02-08,1126.66,1156.36,1104.7,1131.34,531110.0
2021-02-09,1148.62,1199.2,1137.28,1178.5,556881.0
2021-02-10,1178.5,1250.5,1156.54,1241.5,556860.0
2021-02-18,1241.68,1263.1,1152.4,1157.08,700399.0
2021-02-19,1144.3,1172.92,1124.86,1163.74,416276.0
2021-02-22,1158.7,1158.7,1093.9,1109.02,668893.0
2021-02-23,1107.4,1129.72,1081.48,1103.98,444846.0
2021-02-24,1115.14,1115.86,1047.28,1062.58,698422.0
2021-02-25,1082.74,1104.7,1070.5,1079.14,365980.0
2021-02-26,1043.5,1072.12,1031.8,1053.58,476523.0
2021-03-01,1092.1,1126.3,1091.38,1101.64,497895.0
2021-03-02,1102.9,1143.94,1102.9,1122.88,467381.0
2021-03-03,1123.6,1132.06,1093.9,1127.74,258309.0
2021-03-04,1112.26,1112.98,1086.34,1096.6,272111.0
2021-03-05,1079.14,1130.26,1055.74,1101.1,490157.0
2021-03-08,1115.5,1135.66,1058.98,1063.3,461497.0
2021-03-09,1055.2,1055.2,1005.7,1016.14,659482.0
2021-03-10,1033.78,1051.24,1024.78,1031.62,333476.0
2021-03-11,1040.08,1084.9,1026.04,1072.66,366170.0
2021-03-12,1077.7,1083.1,1048.0,1057.9,197074.0
2021-03-15,1025.68,1046.92,996.88,1025.32,413001.0
2021-03-16,1024.6,1032.7,967.54,1012.9,503589.0
2021-03-17,1012.9,1032.7,996.34,1016.5,245559.0
2021-03-18,1035.76,1037.2,1019.2,1033.78,200554.0
2021-03-19,1016.68,1060.96,1008.94,1016.5,234683.0
2021-03-22,1001.74,1016.5,979.78,1007.86,328726.0
2021-03-23,1009.3,1016.5,982.3,994.9,260374.0
2021-03-24,990.4,1003.0,971.86,975.64,276951.0
2021-03-25,972.94,982.84,947.56,960.52,360017.0
2021-03-26,969.52,1034.5,963.94,1014.7,362430.0
2021-03-29,1025.86,1049.62,1014.7,1017.4,298325.0
2021-03-30,1023.34,1070.14,1012.54,1048.36,365313.0
2021-03-31,1049.8,1070.68,1037.38,1059.7,231248.0
2021-04-01,1060.06,1072.66,1049.62,1067.08,185646.0
2021-04-02,1075.36,1093.0,1052.5,1070.5,314695.0
2021-04-06,1081.12,1087.6,1054.3,1067.8,201120.0
2021-04-07,1061.5,1082.74,1048.0,1058.08,187327.0
2021-04-08,1048.18,1098.58,1045.12,1088.68,249360.0
2021-04-09,1088.5,1088.5,1047.28,1052.68,210922.0
2021-04-12,1052.5,1057.0,1013.08,1019.38,189946.0
2021-04-13,1019.38,1040.98,1011.46,1025.5,160830.0
2021-04-14,1039.72,1054.48,1018.3,1037.56,227532.0
2021-04-15,1038.46,1070.5,1032.7,1067.98,219851.0
2021-04-16,1069.6,1090.3,1055.2,1080.04,254640.0
2021-04-19,1126.3,1179.4,1126.3,1155.28,686762.0
2021-04-20,1155.46,1183.9,1137.1,1176.7,397065.0
2021-04-21,1176.16,1179.4,1151.5,1169.5,223319.0
2021-04-22,1181.38,1215.04,1160.86,1185.34,374514.0
2021-04-23,1188.94,1213.42,1181.74,1191.64,271316.0
2021-04-26,1192.18,1216.12,1175.62,1205.5,340038.0
2021-04-27,1192.9,1192.9,1158.7,1178.86,350652.0
2021-04-28,1178.5,1212.88,1178.5,1203.34,230442.0
2021-04-29,1198.3,1212.52,1183.9,1198.3,170813.0
2021-04-30,1198.3,1203.34,1174.9,1183.54,175820.0
2021-05-06,1171.12,1203.7,1164.1,1167.7,218713.0
2021-05-07,1186.96,1187.5,1120.9,1121.26,263114.0
2021-05-10,1122.88,1169.5,1121.98,1144.3,243465.0
2021-05-11,1133.5,1149.34,1106.14,1143.4,220180.0
2021-05-12,1144.48,1181.38,1137.82,1160.5,257868.0
2021-05-13,1145.74,1151.5,1130.44,1135.12,201160.0
2021-05-14,1140.52,1152.4,1113.34,1145.92,269447.0
2021-05-17,1149.7,1188.94,1149.7,1179.4,313760.0
2021-05-18,1174.9,1187.5,1167.34,1176.7,161689.0
2021-05-19,1165.9,1178.5,1156.9,1164.1,150868.0
2021-05-20,1160.5,1196.5,1158.34,1183.36,231837.0
2021-05-21,1190.74,1209.1,1180.66,1205.5,232726.0
2021-05-24,1207.3,1228.36,1191.64,1223.5,255527.0
2021-05-25,1223.5,1239.7,1213.78,1229.08,335517.0
2021-05-26,1228.9,1232.5,1209.1,1226.74,201203.0
2021-05-27,1219.9,1221.7,1191.1,1211.98,318285.0
2021-05-28,1212.7,1237.9,1200.1,1219.9,252654.0
2021-05-31,1217.92,1230.7,1202.44,1230.34,235383.0
2021-06-01,1220.26,1254.64,1192.9,1210.54,325169.0
2021-06-02,1202.62,1212.7,1151.5,1177.06,473231.0
2021-06-03,1176.34,1184.98,1152.22,1155.1,302369.0
2021-06-04,1154.74,1181.56,1131.16,1168.06,260837.0
2021-06-07,1164.1,1166.08,1133.5,1154.92,312945.0
2021-06-08,1158.7,1166.8,1135.84,1141.78,244101.0
2021-06-09,1141.78,1150.78,1130.98,1147.72,159099.0
2021-06-10,1142.5,1178.14,1136.2,1177.06,304765.0
2021-06-11,1183.9,1217.74,1161.76,1183.9,373478.0
2021-06-15,1173.1,1176.34,1138.9,1160.86,308289.0
2021-06-16,1156.9,1160.5,1112.08,1124.14,321403.0
2021-06-17,1120.9,1147.0,1112.8,1132.42,207754.0
2021-06-18,1132.42,1180.48,1130.08,1147.0,316260.0
2021-06-21,1147.18,1159.6,1115.68,1142.86,285533.0
2021-06-22,1144.3,1152.4,1120.9,1146.82,255198.0
2021-06-23,1147.9,1159.6,1122.52,1146.1,286820.0
2021-06-24,1165.54,1216.3,1147.0,1209.1,578100.0
2021-06-25,1207.3,1215.4,1182.82,1211.08,435113.0
2021-06-28,1206.4,1207.12,1172.02,1204.42,476152.0
2021-06-29,1204.06,1215.4,1190.38,1192.36,390737.0
2021-06-30,1192.54,1229.8,1182.64,1228.9,442455.0
2021-07-01,1235.92,1241.5,1210.54,1240.42,384726.0
2021-07-02,1219.9,1221.7,1187.68,1187.86,409530.0
2021-07-05,1185.7,1194.88,1149.7,1168.96,339355.0
2021-07-06,1165.9,1178.86,1143.22,1159.06,359483.0
2021-07-07,1156.72,1187.86,1150.6,1179.76,260907.0
2021-07-08,1166.08,1183.9,1153.84,1166.98,333810.0
2021-07-09,1165.9,1173.28,1135.3,1154.38,372911.0
2021-07-12,1154.38,1199.74,1127.56,1194.7,524351.0
2021-07-13,1193.8,1207.3,1181.74,1195.24,255159.0
2021-07-14,1194.7,1206.22,1163.74,1187.32,269654.0
2021-07-15,1180.48,1216.3,1166.44,1208.02,357183.0
2021-07-16,1214.5,1215.4,1191.1,1201.9,264326.0
2021-07-19,1190.2,1216.3,1170.04,1208.74,307934.0
2021-07-20,1195.24,1240.42,1189.66,1218.64,302141.0
2021-07-21,1235.56,1310.62,1224.4,1282.54,819199.0
2021-07-22,1295.5,1322.14,1272.64,1283.44,487051.0
2021-07-23,1288.3,1303.6,1256.44,1281.1,432572.0
2021-07-26,1327.9,1335.82,1210.72,1239.7,859928.0
2021-07-27,1234.84,1235.74,1158.7,1160.68,907078.0
2021-07-28,1147.9,1186.78,1124.32,1165.9,465785.0
2021-07-29,1192.18,1213.6,1183.0,1199.92,421493.0
2021-07-30,1191.46,1192.36,1146.82,1165.9,500368.0
2021-08-02,1145.38,1181.92,1138.9,1170.04,370528.0
2021-08-03,1160.14,1172.38,1147.9,1155.82,374013.0
2021-08-04,1154.56,1183.36,1139.26,1177.06,414709.0
2021-08-05,1166.08,1169.14,1145.74,1155.82,289641.0
2021-08-06,1148.08,1154.74,1121.98,1132.24,439969.0
2021-08-09,1132.6,1145.74,1115.68,1139.26,367181.0
2021-08-10,1132.96,1145.74,1120.9,1144.3,343858.0
2021-08-11,1155.1,1174.9,1146.1,1147.54,430323.0
2021-08-12,1147.72,1154.38,1115.86,1122.7,413775.0
2021-08-13,1117.3,1121.62,1080.94,1087.6,637712.0
2021-08-16,1081.3,1095.7,1073.74,1089.04,309123.0
2021-08-17,1088.5,1088.86,1039.9,1056.28,463642.0
2021-08-18,1049.08,1066.9,1027.66,1057.72,315572.0
2021-08-19,1054.3,1075.0,1042.6,1056.28,300690.0
2021-08-20,1048.9,1051.24,1006.6,1032.16,503825.0
2021-08-23,1029.1,1069.78,1017.94,1058.26,333525.0
2021-08-24,1059.52,1071.94,1048.9,1057.9,251570.0
2021-08-25,1057.9,1073.74,1045.66,1070.68,247074.0
2021-08-26,1066.0,1067.8,1039.9,1040.26,190020.0
2021-08-27,1030.9,1051.42,998.14,1016.5,548340.0
2021-08-30,1014.7,1016.5,983.2,998.5,664477.0
2021-08-31,1002.1,1012.0,984.64,993.1,311701.0
2021-09-01,996.7,1026.94,978.16,1025.68,586326.0
2021-09-02,1021.54,1021.54,985.9,993.28,603058.0
2021-09-03,988.06,994.36,962.32,993.1,407991.0
2021-09-06,985.9,1034.14,983.2,1029.64,524125.0
2021-09-07,1029.64,1031.8,1011.46,1020.46,341515.0
2021-09-08,1020.64,1025.86,1009.3,1021.0,323338.0
2021-09-09,1020.82,1030.0,996.88,1003.18,297280.0
2021-09-10,1000.3,1041.7,997.78,1034.86,459627.0
2021-09-13,1036.66,1079.5,1025.14,1064.92,486997.0
2021-09-14,1064.74,1068.52,1043.32,1046.38,223385.0
2021-09-15,1039.9,1073.74,1030.9,1051.78,232393.0
2021-09-16,1045.12,1061.5,1033.96,1043.86,165667.0
2021-09-17,1042.96,1064.74,1039.9,1059.52,179149.0
2021-09-22,1044.76,1055.56,1013.26,1023.7,263578.0
2021-09-23,1023.52,1032.7,987.16,1000.3,378821.0
2021-09-24,1000.48,1027.48,996.7,1012.54,264183.0
2021-09-27,1010.38,1055.92,996.88,1039.36,391649.0
2021-09-28,1036.84,1063.3,1024.06,1050.7,284427.0
2021-09-29,1045.3,1067.8,1032.7,1057.9,218962.0
2021-09-30,1061.5,1075.54,1051.06,1057.9,227403.0
2021-10-08,1075.9,1098.22,1065.82,1084.54,382577.0
2021-10-11,1097.5,1120.0,1086.7,1096.6,315470.0
2021-10-12,1096.42,1103.98,1071.58,1081.84,196968.0
2021-10-13,1080.94,1099.3,1067.08,1074.46,271491.0
2021-10-14,1076.08,1100.56,1074.46,1081.12,207280.0
2021-10-15,1081.12,1085.26,1066.9,1074.1,172149.0
2021-10-18,1074.28,1077.34,1036.3,1050.88,269763.0
2021-10-19,1050.88,1072.48,1047.1,1065.82,166270.0
2021-10-20,1058.98,1082.74,1045.48,1048.36,196356.0
2021-10-21,1048.9,1062.4,1036.48,1062.4,195672.0
2021-10-22,1066.9,1066.9,1043.5,1065.82,176701.0
2021-10-25,1068.7,1070.5,1019.38,1044.04,422972.0
2021-10-26,1039.9,1042.96,1021.9,1032.7,320820.0
2021-10-27,1030.9,1030.9,1013.08,1018.3,211831.0
2021-10-28,1016.5,1029.64,1002.64,1005.16,269739.0
2021-10-29,1005.16,1021.54,997.6,1008.58,278050.0
2021-11-01,1003.18,1024.96,996.7,1022.26,241884.0
2021-11-02,1022.26,1022.44,991.3,992.56,337200.0
2021-11-03,992.56,1000.84,977.62,985.0,219837.0
2021-11-04,985.72,992.02,976.9,980.86,204575.0
2021-11-05,976.9,1003.0,975.64,994.54,249183.0
2021-11-08,999.76,1002.1,970.06,986.8,262899.0
2021-11-09,978.7,1010.38,971.5,1007.5,312159.0
2021-11-10,1007.68,1016.32,995.8,1004.8,293570.0
2021-11-11,1004.98,1015.96,993.1,1009.3,235487.0
2021-11-12,1011.1,1017.4,1009.3,1015.06,192328.0
2021-11-15,1017.4,1019.38,1003.0,1011.1,155371.0
2021-11-16,1011.64,1012.18,991.3,997.6,247639.0
2021-11-17,995.98,995.98,986.08,988.6,229638.0
2021-11-18,988.6,988.6,968.8,971.14,295857.0
2021-11-19,971.32,980.32,967.54,976.72,279976.0
2021-11-22,976.36,987.52,968.26,977.44,361973.0
2021-11-23,977.8,979.6,932.08,940.9,837779.0
2021-11-24,949.72,980.68,943.78,961.6,602590.0
2021-11-25,961.78,964.3,939.28,945.04,347641.0
2021-11-26,942.7,946.84,920.56,928.3,559655.0
2021-11-29,917.5,925.96,914.08,924.16,359405.0
2021-11-30,928.3,943.6,924.7,943.42,332682.0
2021-12-01,942.34,942.88,932.08,935.86,215800.0
2021-12-02,934.96,935.32,915.7,921.64,379972.0
2021-12-03,922.9,941.44,917.68,939.1,292402.0
2021-12-06,948.1,974.92,947.74,955.12,495321.0
2021-12-07,958.9,976.0,958.9,973.3,400364.0
2021-12-08,974.74,1002.46,964.84,998.14,491147.0
2021-12-09,989.5,1067.8,989.5,1044.76,887344.0
2021-12-10,1040.26,1045.84,1021.9,1030.9,460784.0
2021-12-13,1034.86,1063.3,1028.2,1029.64,383628.0
2021-12-14,1037.38,1053.4,1028.74,1039.54,282714.0
2021-12-15,1030.9,1037.92,1003.54,1003.9,362140.0
2021-12-16,1006.78,1014.7,987.7,1008.04,265970.0
2021-12-17,1002.1,1015.06,990.76,1006.6,241939.0
2021-12-20,1002.1,1010.2,988.6,992.56,196413.0
2021-12-21,992.38,1006.6,989.14,996.52,178396.0
2021-12-22,1000.66,1005.16,980.5,984.28,247836.0
2021-12-23,984.46,992.02,975.82,980.32,215577.0
2021-12-24,976.0,985.9,962.5,977.8,247926.0
2021-12-27,982.3,983.74,965.38,979.42,176611.0
2021-12-28,979.6,1023.7,976.72,1012.72,327258.0
2021-12-29,1007.86,1021.54,992.2,1003.36,262272.0
2021-12-30,1003.72,1022.8,992.92,992.92,205799.0
2021-12-31,1001.74,1013.8,983.2,1009.66,283782.0
2022-01-04,1021.9,1021.9,998.68,1011.28,239136.0
2022-01-05,1007.5,1007.5,983.74,991.84,229581.0
2022-01-06,986.98,990.76,965.74,967.36,252298.0
2022-01-07,967.54,980.32,962.5,965.56,184302.0
2022-01-10,961.24,978.34,951.88,972.94,225874.0
2022-01-11,971.5,976.54,960.34,962.5,201172.0
2022-01-12,961.6,967.72,939.64,954.4,324066.0
2022-01-13,955.3,962.5,931.9,934.06,271283.0
2022-01-14,934.06,942.88,929.2,937.3,173157.0
2022-01-17,938.74,953.5,937.3,949.9,182090.0
2022-01-18,950.08,1007.68,947.74,981.04,455415.0
2022-01-19,981.22,1001.2,962.68,970.78,316781.0
2022-01-20,975.46,976.54,957.64,963.4,176454.0
2022-01-21,963.76,964.66,944.5,958.72,238910.0
2022-01-24,949.9,965.74,941.08,949.72,246329.0
2022-01-25,946.3,956.2,935.68,936.4,189762.0
2022-01-26,936.4,958.72,936.4,954.04,172125.0
2022-01-27,957.46,958.9,923.62,936.04,289647.0
2022-01-28,936.04,942.7,913.9,922.18,226468.0
2022-02-07,930.82,931.54,892.3,894.28,329602.0
2022-02-08,892.3,904.9,882.22,900.22,265859.0
2022-02-09,896.08,914.8,895.9,913.54,221892.0
2022-02-10,913.72,919.66,899.5,913.72,190122.0
2022-02-11,903.1,912.82,892.3,895.9,266717.0
2022-02-14,891.94,897.52,880.42,892.3,156697.0
2022-02-15,892.12,901.48,889.06,899.68,135413.0
2022-02-16,900.04,904.72,893.38,895.72,113140.0
2022-02-17,890.68,900.4,890.14,897.52,128950.0
2022-02-18,895.18,905.62,890.5,904.9,135237.0
2022-02-21,902.56,927.94,900.58,925.96,225386.0
2022-02-22,922.9,923.62,904.9,910.84,159512.0
2022-02-23,928.3,954.4,922.9,948.1,547624.0
2022-02-24,940.54,952.78,920.38,931.72,217887.0
2022-02-25,931.72,952.78,931.54,936.4,222761.0
2022-02-28,934.42,940.9,913.18,935.5,169370.0
2022-03-01,935.5,940.54,919.3,923.26,194553.0
2022-03-02,921.1,927.04,909.22,917.5,137215.0
2022-03-03,923.44,924.52,908.14,910.48,104009.0
2022-03-04,903.64,907.24,886.9,891.76,228737.0
2022-03-07,885.64,885.64,851.98,858.1,332594.0
2022-03-08,858.1,870.52,841.9,852.7,186375.0
2022-03-09,852.7,856.3,793.3,842.08,381883.0
2022-03-10,856.48,868.36,844.78,859.9,248170.0
2022-03-11,847.3,885.82,831.82,882.94,313067.0
2022-03-14,873.94,883.84,840.28,841.54,237220.0
2022-03-15,830.74,841.0,806.44,810.22,316685.0
2022-03-16,820.3,832.9,777.1,823.0,520231.0
2022-03-17,841.9,865.3,829.3,857.74,437404.0
2022-03-18,849.1,850.9,834.34,848.56,271454.0
2022-03-21,852.7,852.88,828.58,831.1,242415.0
2022-03-22,828.22,838.3,822.1,831.46,192365.0
2022-03-23,831.64,852.34,830.2,844.6,197639.0
2022-03-24,839.74,839.92,819.94,823.36,172607.0
2022-03-25,820.48,823.0,800.5,806.98,216123.0
2022-03-28,793.3,796.9,782.68,787.9,207882.0
2022-03-29,788.62,794.02,769.9,787.9,333615.0
2022-03-30,796.54,818.14,788.26,809.5,320434.0
2022-03-31,805.72,812.02,799.42,805.9,167409.0
2022-04-01,796.9,817.6,795.46,809.68,170418.0
2022-04-06,801.94,810.76,798.34,804.82,139854.0
2022-04-07,800.5,807.7,791.5,791.5,110404.0
2022-04-08,796.36,798.52,769.9,777.1,272104.0
2022-04-11,777.1,778.9,734.98,740.38,348573.0
2022-04-12,741.1,757.48,722.92,757.3,401980.0
2022-04-13,749.74,781.78,745.06,763.96,361638.0
2022-04-14,774.22,787.54,757.84,780.34,370370.0
2022-04-15,773.5,791.5,768.82,786.64,178209.0
2022-04-18,805.9,823.9,799.78,819.22,657584.0
2022-04-19,816.88,820.66,808.06,815.26,311624.0
2022-04-20,816.7,834.52,809.5,815.8,278748.0
2022-04-21,810.04,818.14,793.48,802.48,295196.0
2022-04-22,801.4,810.04,796.18,802.3,305598.0
2022-04-25,796.9,799.78,778.9,778.9,365058.0
2022-04-26,780.7,799.6,774.94,779.08,296571.0
2022-04-27,770.08,823.36,769.54,814.9,523770.0
2022-04-28,814.9,821.56,797.08,803.56,337458.0
2022-04-29,807.7,844.24,800.14,832.72,535907.0
2022-05-05,756.22,766.3,756.22,756.22,1178749.0
2022-05-06,714.28,722.2,687.46,694.3,2452130.0
2022-05-09,679.9,702.94,676.3,695.74,1270720.0
2022-05-10,683.5,692.14,669.1,688.0,946390.0
2022-05-11,687.1,717.7,676.3,705.64,1384699.0
2022-05-12,693.58,694.84,677.38,682.78,1454922.0
2022-05-13,682.96,683.5,628.06,645.34,2204445.0
2022-05-16,645.34,664.6,645.34,655.78,1309396.0
2022-05-17,649.3,663.7,632.38,647.32,1267679.0
2022-05-18,647.32,678.1,635.08,667.3,1563886.0
2022-05-19,653.26,667.3,649.84,663.34,785438.0
2022-05-20,665.68,676.3,662.44,669.1,869991.0
2022-05-23,669.28,679.72,665.86,671.26,773900.0
2022-05-24,671.8,674.14,645.88,646.78,793077.0
2022-05-25,646.78,654.34,640.48,651.28,565207.0
2022-05-26,654.34,666.22,651.1,659.92,723332.0
2022-05-27,688.9,694.12,663.34,669.64,1287772.0
2022-05-30,669.1,680.98,666.04,677.92,798070.0
2022-05-31,676.3,686.56,673.42,685.3,692182.0
2022-06-01,686.02,691.42,678.46,686.2,623284.0
2022-06-02,683.86,684.58,673.24,677.92,545259.0
2022-06-06,676.3,715.72,674.5,711.58,1247861.0
2022-06-07,713.74,714.1,699.7,712.12,601413.0
2022-06-08,712.66,756.22,712.66,726.52,1282517.0
2022-06-09,727.42,727.96,705.1,707.26,638298.0
2022-06-10,699.7,712.48,698.98,708.88,488344.0
2022-06-13,714.1,714.1,691.78,700.42,541374.0
2022-06-14,689.8,703.66,681.7,700.6,405791.0
2022-06-15,699.34,730.66,698.08,724.72,812878.0
2022-06-16,724.72,728.14,712.3,715.72,429126.0
2022-06-17,708.88,713.38,696.1,706.0,647332.0
2022-06-20,723.1,733.0,715.9,718.06,694683.0
2022-06-21,718.06,743.98,713.56,737.14,954209.0
2022-06-22,737.5,740.2,714.82,715.18,591494.0
2022-06-23,714.46,719.86,706.0,719.86,432068.0
2022-06-24,720.4,728.5,713.02,726.52,572934.0
2022-06-27,728.5,742.9,720.94,729.94,627909.0
2022-06-28,729.04,747.94,722.2,743.44,626745.0
2022-06-29,743.44,758.92,733.9,735.7,621688.0
2022-06-30,735.7,742.0,733.72,735.7,630571.0
2022-07-01,735.88,743.26,726.34,728.5,514823.0
2022-07-04,730.3,731.38,719.5,724.72,487587.0
2022-07-05,728.32,743.8,715.9,737.32,730899.0
2022-07-06,730.3,731.2,706.0,713.2,715284.0
2022-07-07,711.4,711.4,692.5,695.56,734626.0
2022-07-08,695.2,704.74,693.4,698.26,404956.0
2022-07-11,696.46,696.82,674.86,676.48,598095.0
2022-07-12,676.3,681.88,666.4,669.1,380954.0
2022-07-13,670.36,677.2,666.4,674.68,322602.0
2022-07-14,672.52,678.82,668.2,673.42,294335.0
2022-07-15,667.66,670.72,653.44,654.52,594084.0
2022-07-18,653.26,661.18,647.5,658.48,424975.0
2022-07-19,658.3,663.34,654.7,657.76,355735.0
2022-07-20,661.72,663.16,653.8,658.48,427935.0
2022-07-21,658.3,658.3,653.08,653.08,361863.0
2022-07-22,652.9,655.42,646.78,649.84,296323.0
2022-07-25,650.2,668.02,642.1,665.86,526483.0
2022-07-26,661.54,667.66,660.1,665.68,320955.0
2022-07-27,665.86,680.44,661.9,672.34,396815.0
2022-07-28,672.34,684.04,668.56,673.24,408102.0
2022-07-29,671.98,675.58,656.5,659.02,374369.0
2022-08-01,656.5,659.02,648.04,656.32,227829.0
2022-08-02,649.3,649.3,628.96,633.28,509838.0
2022-08-03,633.46,648.4,633.46,639.76,352271.0
2022-08-04,642.1,646.24,639.04,646.24,222821.0
2022-08-05,646.78,670.0,643.72,669.1,490826.0
2022-08-08,669.1,677.56,666.04,669.64,349218.0
2022-08-09,667.84,673.96,664.6,671.98,337623.0
2022-08-10,671.98,678.1,662.98,674.32,391723.0
2022-08-11,677.92,688.9,677.38,684.04,504344.0
2022-08-12,684.22,689.98,675.58,685.48,518736.0
2022-08-15,674.32,674.32,643.72,656.5,1623248.0
2022-08-16,652.0,657.04,648.94,649.66,688535.0
2022-08-17,650.2,654.88,644.08,653.8,479175.0
2022-08-18,652.18,652.18,646.6,647.5,383052.0
2022-08-19,647.5,649.12,640.48,641.56,462920.0
2022-08-22,638.68,645.52,634.36,641.92,423629.0
2022-08-23,639.58,644.26,634.9,638.86,351184.0
2022-08-24,638.5,638.86,624.1,628.24,642143.0
2022-08-25,628.42,629.5,611.68,614.02,680811.0
2022-08-26,615.64,628.42,610.78,622.84,533704.0
2022-08-29,616.54,623.2,612.94,623.2,361385.0
2022-08-30,621.4,626.8,618.7,620.86,271347.0
2022-08-31,620.14,625.0,616.9,621.76,354560.0
2022-09-01,620.32,624.64,617.8,618.7,315608.0
2022-09-02,619.24,620.32,612.94,615.1,262828.0
2022-09-05,614.92,614.92,589.9,595.12,720354.0
2022-09-06,595.66,607.0,590.08,603.76,562060.0
2022-09-07,600.7,606.28,595.12,598.0,435321.0
2022-09-08,599.26,603.58,592.42,599.8,398821.0
2022-09-09,599.08,607.9,597.1,605.74,443767.0
2022-09-13,607.54,618.16,607.36,617.26,558434.0
2022-09-14,609.7,613.66,606.28,610.6,352421.0
2022-09-15,611.5,618.16,602.68,605.92,408220.0
2022-09-16,627.7,636.7,615.64,620.5,1157651.0
2022-09-19,615.28,623.92,602.5,617.8,532512.0
2022-09-20,618.52,630.94,615.64,628.24,498628.0
2022-09-21,627.7,636.34,620.68,628.42,456445.0
2022-09-22,624.1,634.72,616.54,616.72,433541.0
2022-09-23,614.92,616.0,600.7,607.0,487608.0
2022-09-26,601.24,608.8,599.08,603.94,348585.0
2022-09-27,604.3,614.56,601.6,614.2,330106.0
2022-09-28,611.5,632.38,610.42,625.9,741447.0
2022-09-29,627.52,632.92,625.0,631.48,488332.0
2022-09-30,628.06,636.52,624.82,631.66,415771.0
2022-10-10,631.66,631.66,607.0,607.9,475814.0
2022-10-11,607.9,618.52,599.08,611.5,322503.0
2022-10-12,609.7,612.76,597.1,612.76,382797.0
2022-10-13,607.72,623.2,603.04,615.1,339930.0
2022-10-14,619.24,634.9,612.4,629.14,544783.0
2022-10-17,625.0,648.58,621.4,647.32,612672.0
2022-10-18,647.68,648.94,637.78,643.0,394320.0
2022-10-19,641.56,641.56,626.8,626.98,349938.0
2022-10-20,624.1,639.76,623.38,632.2,349590.0
2022-10-21,632.56,634.54,624.28,627.34,229183.0
2022-10-24,626.62,631.84,614.2,616.9,365916.0
2022-10-25,613.3,614.92,602.5,606.46,343959.0
2022-10-26,607.9,618.34,606.46,612.58,318774.0
2022-10-27,613.3,626.8,610.42,621.76,364754.0
2022-10-28,619.6,619.96,590.08,595.3,799359.0
2022-10-31,570.28,601.06,566.5,595.66,784491.0
2022-11-01,594.94,603.76,586.66,603.4,398901.0
2022-11-02,598.54,616.9,598.36,611.5,515792.0
2022-11-03,607.9,614.02,602.5,611.68,332390.0
2022-11-04,609.7,627.7,608.26,624.46,570378.0
2022-11-07,620.68,626.8,618.34,621.04,357712.0
2022-11-08,620.14,620.32,611.68,616.36,304936.0
2022-11-09,613.3,617.08,603.4,605.56,319411.0
2022-11-10,602.5,605.2,598.18,600.34,263089.0
2022-11-11,616.36,625.0,603.58,620.68,655618.0
2022-11-14,620.86,634.9,620.86,634.72,629945.0
2022-11-15,634.0,656.5,628.06,656.14,899182.0
2022-11-16,654.88,658.3,648.58,649.66,497212.0
2022-11-17,651.1,653.98,641.2,652.36,362666.0
2022-11-18,653.8,677.38,653.08,668.02,888624.0
2022-11-21,663.34,672.52,646.96,669.82,609378.0
2022-11-22,665.5,669.46,653.62,658.12,348375.0
2022-11-23,659.2,665.14,641.2,647.68,374304.0
2022-11-24,649.3,650.74,643.54,645.7,196123.0
2022-11-25,645.7,650.74,639.58,640.3,232385.0
2022-11-28,618.7,641.92,615.64,630.76,404537.0
2022-11-29,630.94,656.5,630.94,653.62,420180.0
2022-11-30,652.72,665.14,646.24,651.28,371433.0
2022-12-01,663.7,670.36,656.68,661.0,381121.0
2022-12-02,656.86,664.78,656.86,659.2,237553.0
2022-12-05,669.1,687.46,660.46,685.84,788563.0
2022-12-06,682.06,711.94,681.34,698.26,808711.0
2022-12-07,698.08,703.3,688.36,692.5,354191.0
2022-12-08,690.7,695.38,683.5,690.7,345999.0
2022-12-09,689.8,715.9,688.0,705.82,640499.0
2022-12-12,705.1,713.92,700.6,703.12,465357.0
2022-12-13,702.58,713.92,702.58,707.26,310578.0
2022-12-14,707.8,725.98,705.64,713.92,466705.0
2022-12-15,714.1,717.88,703.66,712.48,286213.0
2022-12-16,705.82,723.1,701.86,702.22,284113.0
2022-12-19,713.56,713.56,696.46,699.7,301657.0
2022-12-20,701.32,703.12,678.28,686.2,471980.0
2022-12-21,686.56,695.02,682.06,689.98,208267.0
2022-12-22,695.56,709.42,692.5,696.1,288722.0
2022-12-23,696.1,712.84,688.9,707.44,306545.0
2022-12-26,707.44,717.7,703.48,712.66,276617.0
2022-12-27,713.74,718.78,702.22,705.28,324946.0
2022-12-28,705.82,706.0,688.0,696.1,378824.0
2022-12-29,690.7,701.5,684.94,700.6,331507.0
2022-12-30,703.3,710.32,697.72,708.34,297998.0
2023-01-03,706.9,713.02,696.28,701.32,300608.0
2023-01-04,698.98,704.56,684.4,694.66,345958.0
2023-01-05,694.66,707.98,693.4,702.4,376571.0
2023-01-06,702.4,702.4,690.16,691.6,271466.0
2023-01-09,687.1,692.5,678.28,679.36,454191.0
2023-01-10,679.54,688.36,663.52,684.22,447534.0
2023-01-11,683.32,683.32,672.7,676.12,350216.0
2023-01-12,676.12,680.8,669.28,671.98,280309.0
2023-01-13,672.7,690.7,671.62,689.62,347173.0
2023-01-16,689.26,714.64,686.02,708.16,584594.0
2023-01-17,708.7,718.6,707.44,709.6,285820.0
2023-01-18,708.7,725.98,706.9,716.98,380380.0
2023-01-19,716.62,748.3,714.1,746.32,615355.0
2023-01-20,743.98,768.1,743.08,745.24,469366.0
2023-01-30,752.08,778.18,749.74,751.0,510443.0
2023-01-31,751.0,762.34,725.98,729.4,494704.0
2023-02-01,729.58,743.8,725.98,736.6,327069.0
2023-02-02,736.42,754.78,731.92,739.12,353843.0
2023-02-03,737.5,747.94,727.24,744.7,349943.0
2023-02-06,742.9,760.0,736.24,741.46,498205.0
2023-02-07,743.08,762.52,742.18,754.78,553709.0
2023-02-08,755.14,755.32,743.98,748.3,320581.0
2023-02-09,744.34,765.4,739.3,763.24,382055.0
2023-02-10,763.24,763.42,739.3,744.7,403994.0
2023-02-13,740.74,745.6,729.4,742.9,345028.0
2023-02-14,742.9,743.62,731.02,735.34,239805.0
2023-02-15,732.46,738.76,726.16,735.34,256272.0
2023-02-16,735.16,777.46,735.16,757.12,1050073.0
2023-02-17,749.92,758.02,741.28,741.28,454479.0
2023-02-20,732.1,785.2,729.4,780.7,923026.0
2023-02-21,780.7,800.14,772.78,781.78,611728.0
2023-02-22,779.08,785.92,766.3,771.16,424493.0
2023-02-23,771.34,774.4,758.56,763.42,286157.0
2023-02-24,763.96,774.58,757.3,762.34,282331.0
2023-02-27,759.46,765.4,752.08,754.06,262679.0
2023-02-28,766.12,783.76,762.7,774.94,422214.0
2023-03-01,774.94,802.3,773.5,800.68,666088.0
2023-03-02,796.9,810.04,789.7,793.3,420749.0
2023-03-03,795.1,796.72,781.6,792.76,285898.0
2023-03-06,794.56,809.14,791.68,802.3,347939.0
2023-03-07,801.4,816.16,780.52,784.66,373176.0
2023-03-08,782.5,787.9,770.26,786.1,324065.0
2023-03-09,786.1,787.72,770.08,773.86,349158.0
2023-03-10,770.08,781.78,760.9,764.68,404164.0
2023-03-13,757.3,792.58,756.76,789.88,520131.0
2023-03-14,789.7,795.1,778.54,784.3,390504.0
2023-03-15,793.12,819.94,784.84,787.54,717822.0
2023-03-16,780.88,789.88,765.4,768.28,415925.0
2023-03-17,775.3,818.5,774.94,810.4,946185.0
2023-03-20,810.4,852.7,810.22,826.78,1120275.0
2023-03-21,822.28,835.78,812.74,822.1,453716.0
2023-03-22,822.1,855.94,821.92,854.5,721256.0
2023-03-23,850.0,894.1,846.4,890.5,1049297.0
2023-03-24,890.5,894.28,864.22,886.9,674000.0
2023-03-27,876.1,918.22,858.46,869.08,1020359.0
2023-03-28,868.18,868.18,841.54,848.2,673982.0
2023-03-29,848.2,867.28,832.72,854.5,494972.0
2023-03-30,850.72,852.7,817.06,832.9,705868.0
2023-03-31,834.52,866.38,827.14,851.98,612882.0
2023-04-03,856.3,869.8,822.82,847.84,914916.0
2023-04-04,846.4,915.16,840.1,892.48,1111949.0
2023-04-06,868.9,893.02,864.94,873.58,761112.0
2023-04-07,874.3,926.5,874.3,904.54,784733.0
2023-04-10,947.92,963.22,884.02,895.0,1023651.0
2023-04-11,885.28,910.12,870.52,882.94,589569.0
2023-04-12,881.68,924.34,881.68,918.76,654572.0
2023-04-13,907.24,916.6,892.3,897.7,438488.0
2023-04-14,895.54,897.16,859.9,886.18,682535.0
2023-04-17,863.32,885.1,841.54,875.2,754625.0
2023-04-18,873.4,882.4,848.2,867.82,546393.0
2023-04-19,866.74,879.7,854.68,860.98,466695.0
2023-04-20,860.98,868.0,814.36,833.26,1367787.0
2023-04-21,829.3,841.0,798.7,799.06,891762.0
2023-04-24,804.64,818.5,782.14,790.6,588258.0
2023-04-25,789.7,794.56,749.38,758.2,1034495.0
2023-04-26,758.56,764.5,739.84,751.9,716751.0
2023-04-27,750.1,776.02,748.3,766.3,481494.0
2023-04-28,759.82,770.8,754.24,763.6,435613.0
2023-05-04,762.7,763.6,742.9,753.7,429395.0
2023-05-05,753.16,758.38,725.98,733.18,605513.0
2023-05-08,735.52,752.98,725.98,730.66,514451.0
2023-05-09,731.2,739.3,718.06,731.2,397604.0
2023-05-10,730.3,742.9,726.88,739.3,333926.0
2023-05-11,739.66,744.34,732.28,736.96,238828.0
2023-05-12,737.68,742.0,718.6,722.2,331062.0
2023-05-15,722.74,724.9,706.9,720.58,414279.0
2023-05-16,723.28,726.52,711.4,722.2,313996.0
2023-05-17,718.6,719.32,709.96,714.1,265899.0
2023-05-18,714.28,726.16,705.1,723.64,393148.0
2023-05-19,726.7,742.36,715.0,737.86,483080.0
2023-05-22,739.3,751.72,733.0,742.54,314084.0
2023-05-23,742.54,762.7,741.64,756.94,450154.0
2023-05-24,751.9,752.98,741.1,744.7,255378.0
2023-05-25,743.8,751.0,719.32,725.8,442214.0
2023-05-26,730.3,737.68,716.98,734.62,348414.0
2023-05-29,734.62,738.76,703.3,708.7,577366.0
2023-05-30,708.7,730.12,705.1,729.58,376374.0
2023-05-31,729.76,735.34,719.5,724.18,257120.0
2023-06-01,724.72,751.9,716.62,742.9,507622.0
2023-06-02,742.9,746.14,735.34,743.08,296013.0
2023-06-05,743.26,755.14,737.68,744.7,341780.0
2023-06-06,744.7,747.94,724.72,724.9,311117.0
2023-06-07,724.18,730.3,717.7,721.66,244922.0
2023-06-08,720.4,726.7,714.28,718.6,185684.0
2023-06-09,719.5,720.22,661.72,679.18,1186535.0
2023-06-12,675.58,682.78,658.48,668.2,813858.0
2023-06-13,670.0,704.38,666.76,701.14,781269.0
2023-06-14,699.7,709.24,693.94,697.36,462297.0
2023-06-15,697.54,706.36,688.9,698.62,369680.0
2023-06-16,704.38,734.98,694.48,729.22,625822.0
2023-06-19,729.22,755.14,722.38,747.4,704937.0
2023-06-20,745.96,756.4,737.68,750.82,505903.0
2023-06-21,747.76,747.76,729.58,729.58,395455.0
2023-06-26,720.76,728.5,705.1,705.82,423554.0
2023-06-27,709.06,717.7,705.28,710.5,347781.0
2023-06-28,711.4,712.66,688.0,704.02,369919.0
2023-06-29,703.84,709.42,694.12,697.36,259115.0
2023-06-30,697.54,701.86,689.62,692.68,342204.0
2023-07-03,692.86,702.76,692.14,697.9,346354.0
2023-07-04,696.82,728.68,693.4,719.32,582922.0
2023-07-05,717.88,718.6,706.9,713.56,293648.0
2023-07-06,710.14,717.88,702.94,706.54,278128.0
2023-07-07,700.6,701.32,688.18,696.1,231790.0
2023-07-10,699.88,709.96,693.4,709.6,263892.0
2023-07-11,708.7,715.36,706.54,712.3,208076.0
2023-07-12,712.48,720.94,704.2,713.92,299861.0
2023-07-13,713.92,725.8,713.92,724.54,256819.0
2023-07-14,723.46,731.2,718.6,720.4,224811.0
2023-07-17,719.5,720.4,708.52,712.48,169352.0
2023-07-18,711.76,716.62,708.7,709.96,170717.0
2023-07-19,709.06,714.1,707.08,713.92,135276.0
2023-07-20,719.86,722.38,705.1,705.46,185099.0
2023-07-21,703.3,707.8,696.28,698.26,146683.0
2023-07-24,696.82,699.16,685.3,689.8,194826.0
2023-07-25,697.9,723.1,697.18,717.52,365992.0
2023-07-26,715.9,719.32,707.98,710.68,174767.0
2023-07-27,710.68,731.38,710.5,721.12,301694.0
2023-07-28,717.7,740.92,716.8,736.06,374944.0
2023-07-31,740.38,762.7,740.38,750.46,452361.0
2023-08-01,750.46,756.58,738.04,744.7,264396.0
2023-08-02,744.7,748.48,736.24,738.58,160862.0
2023-08-03,736.24,744.52,731.56,736.24,193944.0
2023-08-04,741.28,759.64,741.28,754.6,348024.0
2023-08-07,754.42,774.4,749.2,755.14,384304.0
2023-08-08,756.94,760.0,746.5,750.64,173045.0
2023-08-09,746.86,754.6,743.8,744.34,133692.0
2023-08-10,742.9,754.6,742.9,748.3,141068.0
2023-08-11,747.94,751.54,728.68,731.38,288138.0
2023-08-14,726.7,726.88,716.98,725.98,187467.0
2023-08-15,725.98,732.1,716.26,723.46,204481.0
2023-08-16,723.28,723.28,703.66,704.02,228999.0
2023-08-17,703.48,720.94,699.7,715.9,181998.0
2023-08-18,716.44,724.9,706.0,706.9,168904.0
2023-08-21,709.06,734.8,708.7,715.36,316680.0
2023-08-22,721.3,732.82,713.38,730.12,262269.0
2023-08-23,728.5,735.7,711.76,711.94,270956.0
2023-08-24,715.0,720.94,705.1,712.12,182755.0
2023-08-25,706.72,708.16,691.6,695.74,254663.0
2023-08-28,727.24,731.38,705.1,709.42,373131.0
2023-08-29,707.8,735.34,704.02,733.18,294234.0
2023-08-30,733.18,739.3,725.26,734.8,239541.0
2023-08-31,733.36,738.22,727.42,731.74,137784.0
2023-09-01,731.56,741.1,726.7,736.6,182718.0
2023-09-04,739.3,748.3,738.58,741.28,276551.0
2023-09-05,738.94,746.68,734.62,736.24,239584.0
2023-09-06,734.08,739.3,721.3,729.76,243389.0
2023-09-07,729.76,729.76,712.3,714.1,227249.0
2023-09-08,714.28,716.62,707.26,708.34,162795.0
2023-09-11,708.7,717.7,705.1,708.7,269223.0
2023-09-12,709.06,712.12,701.86,704.56,210378.0
2023-09-13,704.74,705.1,690.7,694.84,316079.0
2023-09-14,694.66,698.44,691.42,695.02,191118.0
2023-09-15,697.9,698.8,676.3,682.6,335845.0
2023-09-18,679.9,690.88,676.12,681.52,200909.0
2023-09-19,681.88,682.24,667.66,670.0,357424.0
2023-09-20,670.0,673.6,666.58,672.88,168770.0
2023-09-21,674.14,676.84,668.2,671.26,135381.0
2023-09-22,671.08,695.92,669.82,694.3,302880.0
2023-09-25,694.3,696.82,688.9,691.6,178381.0
2023-09-26,692.5,710.32,691.96,699.52,341075.0
2023-09-27,695.92,699.88,691.06,698.8,148174.0
2023-09-28,698.8,706.36,697.54,705.1,194514.0
2023-10-09,704.92,711.4,693.94,708.88,218527.0
2023-10-10,712.66,713.56,702.76,705.28,164097.0
2023-10-11,705.28,715.0,705.28,711.94,180791.0
2023-10-12,715.0,721.3,710.14,719.5,210843.0
2023-10-13,716.62,721.3,710.5,716.08,162492.0
2023-10-16,715.18,715.18,702.58,704.56,148581.0
2023-10-17,707.8,715.36,703.84,707.62,145755.0
2023-10-18,707.44,709.42,701.5,703.12,125515.0
2023-10-19,701.32,704.74,694.48,695.02,132760.0
2023-10-20,693.58,696.1,683.14,685.12,147115.0
2023-10-23,701.5,712.48,692.5,705.1,382144.0
2023-10-24,703.66,708.7,691.06,706.36,285297.0
2023-10-25,723.1,739.12,721.66,731.56,447794.0
2023-10-26,726.7,733.9,722.38,732.82,246674.0
2023-10-27,731.92,749.92,727.6,742.9,344520.0
2023-10-30,741.64,762.7,737.32,754.78,364811.0
2023-10-31,754.6,756.94,744.52,752.8,224206.0
2023-11-01,753.52,755.32,742.9,747.76,207965.0
2023-11-02,747.04,752.26,741.64,742.36,145799.0
2023-11-03,744.7,750.28,740.38,741.28,164708.0
2023-11-06,742.9,765.58,742.9,761.44,345642.0
2023-11-07,760.72,768.28,756.22,760.18,253424.0
2023-11-08,756.76,772.24,755.32,766.66,255360.0
2023-11-09,765.58,776.2,759.64,763.96,244293.0
2023-11-10,760.9,771.7,755.5,765.94,175802.0
2023-11-13,767.2,773.14,761.08,767.02,184447.0
2023-11-14,765.58,770.44,752.8,753.52,234207.0
2023-11-15,761.8,765.22,748.48,756.4,191412.0
2023-11-16,753.7,758.92,744.7,744.7,171762.0
2023-11-17,743.8,749.74,737.86,739.48,198332.0
2023-11-20,739.3,745.78,735.16,740.92,179573.0
2023-11-21,741.64,751.18,739.66,742.36,175027.0
2023-11-22,742.54,744.16,732.28,736.6,125945.0
2023-11-23,736.6,743.8,730.48,742.0,128442.0
2023-11-24,750.1,751.0,736.78,741.28,150740.0
2023-11-27,741.28,741.46,728.5,731.74,174932.0
2023-11-28,729.94,735.52,728.68,731.74,123269.0
2023-11-29,731.74,734.62,724.54,727.06,124957.0
2023-11-30,723.64,728.14,720.76,722.92,130609.0
2023-12-01,723.82,735.7,717.7,735.7,202543.0
2023-12-04,737.5,744.52,724.54,724.9,198810.0
2023-12-05,716.8,724.54,704.74,705.1,224489.0
2023-12-06,704.56,709.6,697.0,701.5,170697.0
2023-12-07,701.5,701.86,690.7,692.32,247689.0
2023-12-08,692.5,700.06,684.4,684.4,428556.0
2023-12-11,684.76,713.2,681.88,711.94,412224.0
2023-12-12,708.88,711.4,699.88,709.06,248031.0
2023-12-13,708.34,709.06,697.9,699.7,178588.0
2023-12-14,701.5,704.38,695.2,696.46,137704.0
2023-12-15,696.46,701.14,692.68,696.28,113719.0
2023-12-18,693.76,703.48,688.72,693.22,126942.0
2023-12-19,691.06,696.46,687.1,696.46,131522.0
2023-12-20,696.28,698.26,685.66,687.1,156263.0
2023-12-21,684.76,692.14,683.68,688.54,178766.0
2023-12-22,686.92,688.54,679.9,685.3,194133.0
2023-12-25,683.32,693.04,681.88,689.62,163162.0
2023-12-26,689.62,691.24,685.48,687.1,163093.0
2023-12-27,686.38,691.96,685.3,689.62,167172.0
2023-12-28,689.62,709.24,686.92,706.0,294559.0
2023-12-29,705.28,722.2,703.12,721.66,332343.0
2024-01-02,720.94,720.94,695.2,704.56,384246.0
2024-01-03,699.34,703.3,687.46,691.78,304836.0
2024-01-04,690.7,691.06,673.42,683.14,340313.0
2024-01-05,679.18,689.62,675.22,680.44,234766.0
2024-01-08,680.26,680.26,660.1,666.94,303620.0
2024-01-09,666.58,666.94,644.26,657.4,413645.0
2024-01-10,653.44,654.52,640.3,643.0,292050.0
2024-01-11,643.0,658.3,640.48,652.18,324031.0
2024-01-12,649.84,653.44,643.18,644.44,290265.0
2024-01-15,645.7,648.04,639.4,645.7,288362.0
2024-01-16,645.16,649.3,639.94,648.76,227740.0
2024-01-17,651.64,659.02,650.2,654.34,359275.0
2024-01-18,648.58,670.9,644.08,666.04,432608.0
2024-01-19,663.7,671.26,661.9,666.94,276198.0
2024-01-22,666.4,668.74,648.22,652.72,314734.0
2024-01-23,652.72,656.32,638.68,650.02,330313.0
2024-01-24,649.48,661.54,639.94,661.54,267174.0
2024-01-25,661.54,675.94,658.12,673.78,277308.0
2024-01-26,674.14,677.02,663.7,667.3,256807.0
2024-01-29,670.54,674.86,662.98,663.7,185241.0
2024-01-30,672.16,685.3,669.1,669.46,388196.0
2024-01-31,666.4,675.4,652.18,671.26,308749.0
2024-02-01,668.2,676.3,657.58,670.54,256941.0
2024-02-02,670.36,676.3,633.46,656.14,335162.0
2024-02-05,648.58,665.5,641.56,656.5,377249.0
2024-02-06,651.1,687.1,649.66,682.6,417534.0
2024-02-07,683.14,697.0,677.38,689.44,376516.0
2024-02-08,699.7,708.52,691.06,702.4,414607.0
2024-02-19,719.68,723.1,699.7,705.1,378765.0
2024-02-20,698.44,709.6,695.92,707.08,262659.0
2024-02-21,701.68,717.34,699.88,708.34,321610.0
2024-02-22,713.02,720.58,710.68,714.46,262065.0
2024-02-23,715.54,720.22,708.7,719.32,278107.0
2024-02-26,718.96,723.46,713.2,713.92,272814.0
2024-02-27,710.68,725.8,706.0,725.8,385887.0
2024-02-28,727.6,738.04,717.7,717.7,423925.0
2024-02-29,713.38,728.86,712.3,725.8,347575.0
2024-03-01,725.44,742.36,721.84,738.94,470802.0
2024-03-04,739.12,746.5,720.04,726.7,517399.0
2024-03-05,722.74,759.1,717.88,736.06,694961.0
2024-03-06,726.7,726.7,714.64,716.26,522810.0
2024-03-07,715.0,720.76,704.2,707.8,372159.0
2024-03-08,708.52,711.76,697.18,707.44,335910.0
2024-03-11,704.02,714.1,701.5,712.3,347382.0
2024-03-12,712.48,716.44,706.0,715.0,403847.0
2024-03-13,714.82,720.04,708.34,708.88,353514.0
2024-03-14,706.54,710.86,696.64,699.16,328459.0
2024-03-15,698.62,698.62,689.8,695.38,413389.0
2024-03-18,697.54,700.06,691.78,699.88,403869.0
2024-03-19,697.9,700.96,694.48,696.46,330921.0
2024-03-20,694.3,699.34,692.68,699.16,325440.0
2024-03-21,699.7,701.86,695.38,697.18,300981.0
2024-03-22,696.1,696.1,683.68,685.84,357877.0
2024-03-25,685.3,698.8,681.88,684.4,297496.0
2024-03-26,678.1,682.6,673.06,679.0,274264.0
2024-03-27,679.0,687.1,673.24,680.8,299124.0
2024-03-28,678.28,689.26,675.94,682.6,280732.0
2024-03-29,680.26,685.12,672.7,675.58,295148.0
2024-04-01,676.48,690.7,676.48,688.0,394809.0
2024-04-02,689.98,690.34,673.6,676.12,346442.0
2024-04-03,676.12,677.2,665.14,668.74,343147.0
2024-04-08,668.38,670.9,664.24,665.5,227591.0
2024-04-09,665.14,671.62,660.28,669.82,256287.0
2024-04-10,669.82,669.82,655.96,657.94,263664.0
2024-04-11,655.78,662.98,653.26,659.02,207557.0
2024-04-12,661.9,663.16,652.0,653.26,249327.0
2024-04-15,648.04,662.98,648.04,658.12,308070.0
2024-04-16,657.4,674.14,655.24,664.78,486558.0
2024-04-17,665.86,675.22,656.5,674.68,397382.0
2024-04-18,672.88,678.46,669.1,672.16,366002.0
2024-04-19,670.18,676.12,662.08,674.5,334379.0
2024-04-22,667.3,692.5,666.76,688.0,627859.0
2024-04-23,688.9,690.16,678.1,683.5,346462.0
2024-04-24,682.24,683.68,673.96,681.88,309600.0
2024-04-25,679.54,684.76,674.14,684.22,318441.0
2024-04-26,682.06,689.26,680.8,688.36,466844.0
2024-04-29,688.18,698.08,682.78,695.38,489537.0
2024-04-30,695.02,695.02,689.44,692.68,236633.0
2024-05-06,699.88,706.36,697.9,704.38,445451.0
2024-05-07,702.76,706.0,700.6,702.04,225354.0
2024-05-08,702.22,702.22,685.84,686.02,422879.0
2024-05-09,685.84,693.76,685.48,691.6,218767.0
2024-05-10,691.96,698.8,689.08,693.76,283422.0
2024-05-13,691.78,697.72,684.76,694.66,221327.0
2024-05-14,694.66,702.94,694.12,700.24,241352.0
2024-05-15,700.24,705.1,694.3,694.48,210766.0
2024-05-16,696.46,698.26,690.52,692.32,231438.0
2024-05-17,692.5,703.12,690.7,703.12,214622.0
2024-05-20,703.12,714.82,702.22,706.54,298027.0
2024-05-21,710.5,711.76,702.4,705.46,249133.0
2024-05-22,701.86,709.42,701.86,707.44,156926.0
2024-05-23,706.18,713.2,695.38,697.54,206130.0
2024-05-24,697.18,702.4,695.38,697.54,171170.0
2024-05-27,697.54,699.7,685.66,699.34,253465.0
2024-05-28,697.54,703.66,694.48,699.52,137925.0
2024-05-29,699.52,703.12,697.54,701.5,154515.0
2024-05-30,698.8,703.3,695.02,700.78,140112.0
2024-05-31,701.5,703.12,698.98,699.88,150474.0
2024-06-03,701.86,702.76,695.2,700.78,179986.0
2024-06-04,698.8,715.9,698.62,706.0,259617.0
2024-06-05,706.9,718.42,706.36,714.46,337711.0
2024-06-06,712.3,717.34,706.0,709.06,212835.0
2024-06-07,709.06,717.7,703.12,709.06,243998.0
2024-06-11,705.46,716.44,705.1,715.9,209564.0
2024-06-12,714.28,719.5,704.2,704.74,285472.0
2024-06-13,703.12,703.48,687.46,697.54,343521.0
2024-06-14,696.1,708.7,694.66,705.64,222064.0
2024-06-17,702.58,712.12,690.16,692.5,351692.0
2024-06-18,693.04,699.52,690.34,697.18,166685.0
2024-06-19,698.8,699.52,693.04,693.04,133568.0
2024-06-20,691.06,693.04,676.48,682.6,302426.0
2024-06-21,680.26,687.1,678.64,686.2,136140.0
2024-06-24,685.12,685.12,675.76,678.46,209074.0
2024-06-25,678.46,681.88,665.68,669.46,210119.0
2024-06-26,670.9,673.42,664.6,671.62,217687.0
2024-06-27,671.8,671.98,661.9,665.68,180629.0
2024-06-28,664.96,672.34,663.88,669.28,181627.0
2024-07-01,669.64,670.18,660.28,667.48,160453.0
2024-07-02,667.48,670.36,653.44,655.06,306422.0
2024-07-03,655.6,658.3,650.38,655.96,185850.0
2024-07-04,655.78,662.44,645.7,648.4,239819.0
2024-07-05,646.78,650.38,641.2,649.84,156550.0
2024-07-08,649.84,652.0,634.9,640.84,214069.0
2024-07-09,638.5,642.64,632.38,642.28,290273.0
2024-07-10,641.02,647.86,637.06,642.46,208487.0
2024-07-11,649.66,658.3,645.7,654.7,289079.0
2024-07-12,655.6,655.6,648.4,653.44,173734.0
2024-07-15,652.54,655.42,648.4,653.44,135822.0
2024-07-16,652.54,658.3,649.66,657.4,186670.0
2024-07-17,657.22,661.54,652.54,657.94,188167.0
2024-07-18,655.6,655.6,646.06,653.26,212389.0
2024-07-19,653.26,659.74,650.38,658.3,210241.0
2024-07-22,658.66,662.62,654.7,659.56,188283.0
2024-07-23,657.4,658.3,645.34,645.34,227201.0
2024-07-24,644.8,646.42,634.36,640.66,215102.0
2024-07-25,638.5,640.84,633.46,640.3,183613.0
2024-07-26,640.3,644.98,636.88,644.8,187788.0
2024-07-29,644.8,645.52,635.08,636.88,187007.0
2024-07-30,636.52,636.52,620.5,628.96,359028.0
2024-07-31,625.9,638.68,622.84,636.16,449685.0
2024-08-01,636.34,638.14,628.78,630.76,315119.0
2024-08-02,626.08,630.22,623.38,623.74,289399.0
2024-08-05,620.86,624.82,607.36,608.44,461210.0
2024-08-06,611.5,615.1,608.62,612.04,257511.0
2024-08-07,611.5,613.3,605.02,608.26,265708.0
2024-08-08,606.46,609.88,596.38,609.52,364182.0
2024-08-09,609.52,612.22,601.42,602.5,218030.0
2024-08-12,600.7,603.04,599.62,601.24,163721.0
2024-08-13,601.96,603.4,598.9,601.6,180813.0
2024-08-14,601.24,605.38,599.62,603.4,164620.0
2024-08-15,601.78,608.62,600.88,607.0,195196.0
2024-08-16,607.0,611.86,606.46,608.62,222362.0
2024-08-19,595.84,601.6,590.26,593.68,610220.0
2024-08-20,593.5,594.4,584.5,588.82,332087.0
2024-08-21,588.82,593.14,588.1,590.44,177212.0
2024-08-22,590.62,591.52,584.14,584.86,169285.0
2024-08-23,584.14,591.7,583.06,590.8,172015.0
2024-08-26,593.14,593.32,583.24,587.74,200204.0
2024-08-27,586.48,587.02,580.9,583.42,153665.0
2024-08-28,582.34,586.12,581.44,584.5,123991.0
2024-08-29,583.42,586.48,581.08,583.96,195710.0
2024-08-30,583.6,598.0,581.62,593.86,371371.0
2024-09-02,592.24,592.6,583.96,583.96,218001.0
2024-09-03,582.34,589.36,581.98,588.1,197814.0
2024-09-04,586.3,592.6,584.68,590.62,184831.0
2024-09-05,590.8,591.7,587.38,589.54,187408.0
2024-09-06,589.18,590.44,583.24,583.6,140628.0
2024-09-09,582.88,583.06,568.48,568.84,330155.0
2024-09-10,569.92,578.56,563.44,578.2,280469.0
2024-09-11,575.14,578.2,572.26,576.04,162024.0
2024-09-12,576.22,580.0,567.58,567.76,199981.0
2024-09-13,567.76,569.92,563.44,564.34,171472.0
2024-09-18,564.7,565.96,557.68,565.24,201371.0
2024-09-19,566.86,570.64,559.84,565.96,273412.0
2024-09-20,566.5,569.74,561.64,569.02,242693.0
2024-09-23,568.84,572.98,567.58,569.2,176577.0
2024-09-24,571.9,583.96,569.02,583.96,409033.0
2024-09-25,591.34,609.7,591.34,597.28,665837.0
2024-09-26,597.28,620.86,597.1,620.86,619064.0
2024-09-27,634.9,657.22,634.72,647.32,1054625.0
2024-09-30,671.26,694.66,663.7,694.12,1426073.0
2024-10-08,752.26,752.26,694.3,721.84,2274300.0
2024-10-09,712.3,712.3,679.18,679.9,1189689.0
2024-10-10,675.58,692.32,672.7,677.56,790535.0
2024-10-11,674.14,674.68,639.4,646.24,891878.0
2024-10-14,646.24,666.4,644.08,660.46,1096891.0
2024-10-15,660.82,670.0,639.94,640.48,886973.0
2024-10-16,632.38,634.9,618.34,621.94,875208.0
2024-10-17,625.18,628.78,616.36,616.72,696249.0
2024-10-18,615.1,646.6,611.86,632.56,999984.0
2024-10-21,667.3,679.72,653.08,666.04,2188494.0
2024-10-22,665.5,670.72,653.08,668.02,825399.0
2024-10-23,668.2,673.6,663.88,669.1,712447.0
2024-10-24,666.22,667.3,659.2,664.78,520313.0
2024-10-25,664.78,672.7,659.56,670.0,637222.0
2024-10-28,661.72,663.88,654.7,663.88,757095.0
2024-10-29,664.06,668.74,658.3,662.62,577099.0
2024-10-30,658.84,659.2,649.3,653.08,565877.0
2024-10-31,652.72,658.3,641.38,654.88,564802.0
2024-11-01,651.46,658.3,648.4,655.06,468641.0
2024-11-04,655.24,670.9,653.26,670.9,652972.0
2024-11-05,670.9,681.52,665.86,678.46,790511.0
2024-11-06,678.46,682.06,670.9,675.4,762275.0
2024-11-07,670.9,686.2,667.48,685.84,646359.0
2024-11-08,689.08,695.38,678.82,681.7,714886.0
2024-11-11,679.54,710.5,674.14,704.74,1080826.0
2024-11-12,706.9,706.9,688.9,691.96,733160.0
2024-11-13,690.16,699.34,685.3,696.46,597571.0
2024-11-14,696.64,701.5,680.8,682.24,512331.0
2024-11-15,682.24,693.94,678.1,678.1,498724.0
2024-11-18,681.7,683.68,663.88,665.86,566350.0
2024-11-19,665.86,673.42,660.82,672.52,386985.0
2024-11-20,671.8,675.94,668.74,672.7,273774.0
2024-11-21,672.88,672.88,665.86,668.92,257343.0
2024-11-22,668.74,670.0,652.9,653.26,375540.0
2024-11-25,653.08,654.16,641.74,645.52,327553.0
2024-11-26,645.7,650.56,644.62,645.52,181484.0
2024-11-27,644.08,653.26,643.0,653.26,280959.0
2024-11-28,652.9,655.6,648.4,649.3,252513.0
2024-11-29,651.28,657.58,646.42,654.34,282653.0
2024-12-02,652.9,658.3,651.28,657.04,451052.0
2024-12-03,654.88,656.5,649.3,652.72,319601.0
2024-12-04,651.82,652.0,646.24,646.96,266565.0
2024-12-05,646.96,648.94,643.0,647.86,255385.0
2024-12-06,651.1,664.6,651.1,664.42,560277.0
2024-12-09,664.6,684.76,661.18,675.76,707477.0
2024-12-10,704.56,706.18,687.64,688.36,1080024.0
2024-12-11,688.36,690.7,677.2,680.08,476081.0
2024-12-12,680.26,682.6,676.3,681.34,379419.0
2024-12-13,678.28,678.28,667.3,667.48,540361.0
2024-12-16,669.28,672.34,656.14,660.1,399771.0
2024-12-17,660.1,668.02,657.58,661.9,327590.0
2024-12-18,667.48,675.4,667.12,670.9,407450.0
2024-12-19,663.88,672.7,662.44,671.62,301415.0
2024-12-20,671.08,672.16,666.4,668.74,312762.0
2024-12-23,668.74,672.52,663.7,665.86,391766.0
2024-12-24,665.5,672.34,661.36,666.22,413838.0
2024-12-25,667.3,677.92,664.78,675.4,532228.0
2024-12-26,676.66,680.08,669.28,679.9,503498.0
2024-12-27,681.7,682.42,670.9,671.98,345618.0
2024-12-30,670.0,674.68,669.1,671.26,288680.0
2024-12-31,671.8,672.16,659.38,665.5,511077.0
2025-01-02,663.34,663.34,642.28,645.7,489232.0
2025-01-03,646.78,648.94,629.5,631.84,429863.0
2025-01-06,632.02,632.92,620.5,622.66,389216.0
2025-01-07,622.84,625.36,620.5,624.28,293223.0
2025-01-08,623.38,623.56,608.44,618.52,390032.0
2025-01-09,616.9,624.28,614.74,619.24,282786.0
2025-01-10,619.06,621.58,613.3,613.3,211258.0
2025-01-13,609.52,618.7,608.08,610.96,264246.0
2025-01-14,611.86,623.56,608.98,623.38,493002.0
2025-01-15,623.56,623.56,615.1,618.7,327651.0
2025-01-16,619.42,625.18,616.0,619.24,275257.0
2025-01-17,617.26,623.56,615.1,620.5,215102.0
2025-01-20,623.56,626.62,620.86,621.94,301355.0
2025-01-21,624.28,625.36,620.5,623.92,229567.0
2025-01-22,623.92,627.34,617.44,625.18,325267.0
2025-01-23,630.4,633.82,624.28,628.24,351262.0
2025-01-24,625.9,636.16,625.0,635.26,373733.0
2025-01-27,637.24,639.4,633.64,635.44,268623.0
2025-02-05,644.8,656.5,639.94,652.9,704038.0
2025-02-06,651.1,661.0,646.78,659.56,562969.0
2025-02-07,659.56,671.26,659.2,668.74,812889.0
2025-02-10,668.74,675.4,664.96,671.8,553157.0
2025-02-11,672.7,681.34,668.92,674.86,589687.0
2025-02-12,674.68,674.68,663.7,669.28,552004.0
2025-02-13,669.1,669.1,658.3,661.72,452335.0
2025-02-14,661.54,686.2,660.1,680.62,683746.0
2025-02-17,686.74,687.1,678.1,681.34,452273.0
2025-02-18,680.98,700.96,678.46,690.7,1053079.0
2025-02-19,688.9,694.66,683.68,693.4,514035.0
2025-02-20,692.32,702.76,688.54,690.52,394611.0
2025-02-21,690.7,702.76,690.34,701.32,640663.0
2025-02-24,691.78,703.12,682.6,686.2,1103666.0
2025-02-25,679.18,679.18,668.2,672.7,743264.0
2025-02-26,672.7,676.12,667.84,674.68,494811.0
2025-02-27,673.96,678.1,662.62,670.0,483799.0
2025-02-28,669.82,673.06,654.7,655.42,429248.0
2025-03-03,656.32,667.66,656.32,662.26,353727.0
2025-03-04,660.64,670.0,658.3,668.2,391544.0
2025-03-05,667.3,676.12,666.58,673.78,369645.0
2025-03-06,676.12,720.58,675.4,717.7,1792938.0
2025-03-07,708.16,726.16,706.54,716.98,1029249.0
2025-03-10,713.92,721.12,701.68,718.24,663769.0
2025-03-11,709.78,715.36,703.3,709.24,513788.0
2025-03-12,709.96,718.42,706.9,711.94,408676.0
2025-03-13,708.7,719.14,702.94,709.78,391959.0
2025-03-14,706.18,713.74,704.74,713.2,459028.0
2025-03-17,711.94,716.8,709.42,713.2,342187.0
2025-03-18,718.6,722.38,710.5,713.56,337288.0
2025-03-19,713.56,717.7,708.88,712.3,267416.0
2025-03-20,712.48,713.74,685.3,686.92,717862.0
2025-03-21,686.2,687.82,675.58,676.84,355063.0
2025-03-24,677.02,683.32,670.18,678.28,272458.0
2025-03-25,678.28,679.9,673.96,675.22,170583.0
2025-03-26,678.28,678.46,669.28,670.9,228278.0
2025-03-27,670.9,676.84,667.66,672.34,228978.0
2025-03-28,672.16,673.96,670.0,670.36,143849.0
2025-03-31,669.1,672.52,655.42,665.5,352168.0
2025-04-01,665.86,666.58,656.68,661.18,326592.0
2025-04-02,661.72,661.9,656.68,658.84,227390.0
2025-04-03,655.06,657.94,649.3,651.28,319971.0
2025-04-07,627.7,631.12,599.98,614.92,740912.0
2025-04-08,616.0,628.78,608.44,618.52,574018.0
2025-04-09,616.72,622.3,610.24,619.96,652885.0
2025-04-10,624.46,634.36,621.4,631.84,492102.0
2025-04-11,627.7,631.66,620.32,625.9,419223.0
2025-04-14,631.3,635.8,628.78,629.5,305306.0
2025-04-15,629.5,630.4,622.48,627.34,239012.0
2025-04-16,626.08,626.08,617.08,623.38,307634.0
2025-04-17,620.5,623.2,619.6,620.68,273242.0
2025-04-18,620.5,623.92,617.26,623.56,208472.0
2025-04-21,627.34,641.56,625.0,632.74,428671.0
2025-04-22,631.3,632.92,623.2,625.72,322237.0
2025-04-23,628.24,629.32,623.74,625.54,307322.0
2025-04-24,626.26,627.88,620.14,622.84,326178.0
2025-04-25,622.66,622.84,619.24,620.14,333327.0
2025-04-28,620.14,621.22,617.26,617.98,263723.0
2025-04-29,617.98,620.5,615.46,619.42,178708.0
2025-04-30,619.6,622.48,618.7,620.68,231297.0
2025-05-06,623.2,631.84,622.3,631.84,388268.0
2025-05-07,635.8,639.76,628.42,632.02,345008.0
2025-05-08,629.14,634.9,628.96,633.46,263582.0
2025-05-09,633.46,633.46,626.62,628.6,221948.0
2025-05-12,631.12,634.0,628.6,633.82,342352.0
2025-05-13,639.76,640.12,630.04,631.66,311527.0
2025-05-14,631.84,636.34,629.5,635.08,318259.0
2025-05-15,634.54,634.54,630.04,631.12,200996.0
2025-05-16,629.5,632.38,626.8,631.3,169305.0
2025-05-19,631.48,632.38,627.88,630.76,194152.0
2025-05-20,631.236,633.036,627.636,632.676,258778.0
2025-05-21,632.676,641.316,631.416,638.076,303614.0
2025-05-22,636.636,637.716,633.396,635.016,193578.0
2025-05-23,634.656,636.456,631.596,632.676,237553.0
2025-05-26,632.676,634.296,630.156,633.756,189369.0
2025-05-27,632.136,632.676,628.716,631.416,185945.0
2025-05-28,631.236,632.676,629.436,629.616,161162.0
2025-05-29,630.696,635.556,629.616,634.476,236107.0
2025-05-30,632.856,633.396,630.336,631.776,152289.0
2025-06-03,630.156,632.856,628.176,630.156,215928.0
2025-06-04,630.876,634.656,630.336,633.936,200058.0
2025-06-05,634.656,638.976,633.036,638.076,265595.0
2025-06-06,639.336,641.136,635.016,639.336,232926.0
2025-06-09,639.696,641.136,635.736,637.536,363016.0
2025-06-10,637.536,637.716,628.896,631.776,393118.0
2025-06-11,631.776,634.476,630.156,631.596,332891.0
2025-06-12,631.056,631.056,626.016,629.256,383732.0
2025-06-13,627.816,628.356,623.856,625.116,376609.0
2025-06-16,622.596,625.296,618.816,622.056,456678.0
2025-06-17,620.616,623.316,619.356,622.596,205254.0
2025-06-18,622.596,623.316,619.536,623.136,185746.0
2025-06-19,621.876,622.596,616.836,619.536,305405.0
2025-06-20,617.376,619.356,615.756,616.116,208001.0
2025-06-23,612.336,617.736,611.796,617.196,198879.0
2025-06-24,618.276,622.956,617.016,622.416,281276.0
2025-06-25,623.136,626.196,620.976,626.016,320566.0
2025-06-26,625.836,629.076,621.156,622.056,314808.0
2025-06-27,622.056,626.556,621.516,622.956,282154.0
2025-06-30,611.976,625.476,611.976,624.576,442301.0
2025-07-01,622.236,622.776,618.276,620.976,328065.0
2025-07-02,620.436,621.696,618.276,620.616,212872.0
2025-07-03,620.256,625.116,619.716,624.216,326892.0
2025-07-04,624.396,625.836,622.056,622.416,299226.0
2025-07-07,622.596,622.596,618.636,619.176,229587.0
2025-07-08,619.356,623.136,619.356,622.596,256150.0
2025-07-09,622.776,625.296,621.336,623.676,326503.0
2025-07-10,623.316,626.916,621.336,625.476,304835.0
2025-07-11,625.656,630.336,625.656,627.636,489184.0
2025-07-14,627.636,627.996,624.396,625.116,286367.0
2025-07-15,625.116,628.536,622.776,628.176,462288.0
2025-07-16,626.016,626.736,623.676,624.396,366518.0
2025-07-17,624.396,629.076,623.136,628.356,448502.0
2025-07-18,629.256,632.316,627.996,629.616,429856.0
2025-07-21,630.876,634.656,629.616,631.956,445394.0
2025-07-22,631.776,638.436,629.796,636.636,636593.0
2025-07-23,636.816,643.836,633.036,634.296,657323.0
2025-07-24,633.936,640.956,633.396,640.956,486126.0
2025-07-25,642.396,644.196,640.056,641.316,386553.0
2025-07-28,642.936,644.196,637.716,640.056,464196.0
2025-07-29,638.436,640.056,633.756,639.516,443797.0
2025-07-30,639.336,641.856,633.936,638.256,483652.0
2025-07-31,637.356,637.896,629.436,631.236,542431.0
2025-08-01,634.116,657.516,631.236,649.416,1305644.0
2025-08-04,642.936,650.136,636.096,639.696,1141282.0
2025-08-05,641.316,654.456,641.316,653.376,1076301.0
2025-08-06,652.836,659.676,651.216,652.476,799404.0
2025-08-07,653.016,661.476,649.236,650.136,656133.0
2025-08-08,651.036,651.576,643.116,643.296,512567.0
2025-08-11,643.836,646.896,641.856,644.736,493794.0
2025-08-12,649.056,658.956,648.336,651.936,668916.0
2025-08-13,652.836,659.136,651.576,656.796,655170.0
2025-08-14,656.436,659.136,649.236,650.856,573268.0
2025-08-15,650.496,657.516,650.316,657.516,566379.0
2025-08-18,658.416,674.436,658.236,665.796,1093845.0
2025-08-19,665.796,668.496,661.836,662.916,577845.0
2025-08-20,661.836,668.856,658.416,668.856,602425.0
2025-08-21,670.476,678.936,666.336,671.376,700483.0
2025-08-22,669.936,686.136,668.316,685.056,998030.0
2025-08-25,692.076,693.336,680.016,686.676,1021059.0
2025-08-26,683.616,691.896,681.276,688.476,672901.0
2025-08-27,693.336,706.296,680.196,680.736,1177366.0
2025-08-28,680.016,688.836,672.636,686.676,907168.0
2025-08-29,686.676,693.876,684.336,686.496,865002.0
2025-09-01,687.036,689.196,679.836,686.136,699327.0
2025-09-02,684.876,686.856,670.116,676.956,753069.0
2025-09-03,677.136,681.276,661.116,663.636,648237.0
2025-09-04,665.256,666.696,646.176,652.836,749056.0
2025-09-05,652.836,659.316,647.256,658.596,557236.0
2025-09-08,658.776,677.676,658.776,671.376,749521.0
2025-09-09,671.376,671.376,665.436,668.676,454187.0
2025-09-10,670.836,678.036,664.536,669.036,495452.0
2025-09-11,668.676,681.456,666.876,681.456,690172.0
2025-09-12,683.076,689.016,678.756,678.936,704978.0
2025-09-15,678.756,681.456,671.016,674.256,490990.0
2025-09-16,672.816,682.716,671.016,681.096,521356.0
2025-09-17,681.096,682.716,672.276,678.936,480062.0
2025-09-18,678.936,703.236,676.056,681.996,1191373.0
2025-09-19,681.996,684.516,677.316,678.216,574498.0
2025-09-22,677.136,679.296,669.036,672.816,560417.0
2025-09-23,672.816,677.316,663.276,670.656,585407.0
2025-09-24,668.676,684.156,665.796,682.896,805147.0
2025-09-25,683.436,692.436,681.276,687.756,764545.0
2025-09-26,686.856,689.556,675.516,677.316,551668.0
2025-09-29,677.316,688.836,669.216,687.396,659294.0
2025-09-30,687.396,699.456,684.876,692.796,785014.0
2025-10-09,697.836,749.496,697.836,740.496,2910955.0
2025-10-10,740.676,753.276,731.496,743.016,1920925.0
2025-10-13,722.136,736.896,714.396,733.116,1541999.0
2025-10-14,735.996,758.676,727.536,731.136,1399432.0
2025-10-15,728.616,741.216,718.716,733.296,1023012.0
2025-10-16,730.416,748.596,723.036,733.836,1001571.0
2025-10-17,732.936,746.436,719.976,727.716,1161803.0
2025-10-20,742.656,744.636,709.536,715.116,1279132.0
2025-10-21,715.116,722.856,712.596,719.076,751995.0
2025-10-22,714.216,737.436,707.916,735.096,1003215.0
2025-10-23,733.296,739.236,722.316,734.376,704130.0
2025-10-24,734.376,741.936,729.876,731.856,715806.0
2025-10-27,737.976,749.676,733.476,742.836,947477.0
2025-10-28,736.536,739.956,725.736,726.276,747509.0
2025-10-29,728.436,734.556,726.816,732.936,505885.0
2025-10-30,731.676,743.736,728.436,730.596,751046.0
2025-10-31,728.436,738.696,723.036,724.296,733807.0
2025-11-03,724.476,729.336,709.716,719.436,590340.0
2025-11-04,718.536,719.976,699.816,704.856,628534.0
2025-11-05,698.916,701.976,691.716,699.636,582252.0
2025-11-06,703.236,707.736,701.436,705.036,450628.0
2025-11-07,700.536,702.696,696.936,697.296,396812.0
2025-11-10,697.476,707.736,697.476,705.216,413663.0
2025-11-11,705.216,708.276,701.796,703.596,365490.0
2025-11-12,700.536,703.056,692.616,698.376,373169.0
2025-11-13,697.836,707.736,697.116,703.056,377034.0
2025-11-14,699.636,701.076,696.216,696.216,364409.0
2025-11-17,694.236,695.676,680.916,680.916,631420.0
2025-11-18,680.736,686.856,679.476,685.776,338439.0
2025-11-19,685.776,688.836,677.676,680.196,284587.0
2025-11-20,683.976,685.056,676.416,676.776,228812.0
2025-11-21,671.916,678.936,669.036,669.396,410856.0
2025-11-24,670.836,674.256,667.236,670.116,406304.0
2025-11-25,674.436,680.196,671.916,672.456,454322.0
2025-11-26,672.996,674.076,669.936,670.836,299289.0
2025-11-27,672.096,672.996,667.416,667.776,297374.0
2025-11-28,667.776,673.176,666.156,672.996,255311.0
2025-12-01,672.816,683.076,671.376,683.076,423579.0
2025-12-02,681.816,684.876,678.936,681.996,253690.0
2025-12-03,681.456,682.536,676.776,678.756,208616.0
2025-12-04,678.036,682.536,676.956,678.936,184382.0
2025-12-05,678.936,679.476,670.116,673.896,397511.0
2025-12-08,675.336,684.516,675.156,680.376,424773.0
2025-12-09,679.836,680.196,671.556,672.456,351850.0
2025-12-10,672.456,674.616,668.136,672.636,247831.0
2025-12-11,673.176,674.436,660.936,661.836,425618.0
2025-12-12,661.836,667.056,656.976,665.976,491281.0
2025-12-15,662.196,664.896,654.636,654.996,434887.0
2025-12-16,654.636,654.996,647.616,649.056,354465.0
2025-12-17,649.056,658.056,648.336,655.896,269612.0
2025-12-18,653.916,658.236,652.836,654.996,217351.0
2025-12-19,656.256,660.936,656.256,658.056,251168.0
2025-12-22,659.136,661.476,656.076,657.336,339661.0
2025-12-23,657.516,660.576,653.736,657.156,302355.0
2025-12-24,656.436,662.736,654.996,660.576,314941.0
2025-12-25,660.756,666.696,660.036,665.976,361135.0
2025-12-26,665.796,673.176,664.716,669.396,401721.0
2025-12-29,669.396,670.656,664.176,665.436,305911.0
2025-12-30,663.816,671.556,662.916,669.936,270171.0
2025-12-31,669.936,671.196,665.976,669.756,330214.0
2026-01-05,670.476,674.796,670.296,672.636,543031.0
2026-01-06,673.176,679.836,671.196,679.656,503623.0
2026-01-07,680.916,681.816,672.636,673.896,503242.0
2026-01-08,672.816,676.596,670.296,672.816,403194.0
2026-01-09,672.276,678.036,670.836,677.316,466105.0
2026-01-12,681.636,706.116,681.276,702.156,1177043.0
2026-01-13,705.936,706.476,686.496,688.296,899391.0
2026-01-14,690.996,708.636,690.996,698.376,1089643.0
2026-01-15,695.136,700.356,692.076,695.856,556221.0
2026-01-16,698.196,699.096,686.136,690.636,651375.0
2026-01-19,690.636,695.316,687.936,690.816,459179.0
2026-01-20,691.716,694.596,683.256,693.156,553129.0
2026-01-21,709.176,726.456,705.216,719.436,1892094.0
2026-01-22,721.236,722.856,708.816,710.256,858979.0
2026-01-23,710.256,716.376,707.196,707.736,743424.0
2026-01-26,709.536,716.376,699.096,714.216,982147.0
2026-01-27,712.236,713.316,705.036,706.836,574297.0
2026-01-28,707.916,714.396,705.576,709.176,606173.0
2026-01-29,709.176,716.916,706.116,712.236,760728.0
2026-01-30,708.276,711.696,693.876,696.576,716842.0
2026-02-02,696.036,705.216,694.776,701.616,699191.0
2026-02-03,701.616,706.116,687.756,706.116,658925.0
2026-02-04,701.616,708.096,695.136,707.376,477906.0
2026-02-05,701.436,720.516,700.716,717.636,922449.0
2026-02-06,714.036,721.416,713.316,720.156,586497.0
2026-02-09,723.036,723.756,714.936,718.356,509719.0
2026-02-10,718.536,728.076,715.836,724.116,523966.0
2026-02-11,723.216,724.836,715.296,715.836,414714.0
2026-02-12,715.476,720.516,714.576,717.456,381721.0
2026-02-13,715.836,721.236,712.236,715.476,317704.0
2026-02-24,719.076,724.656,713.496,714.756,381461.0
2026-02-25,714.396,717.816,705.936,707.376,535259.0
2026-02-26,706.296,708.456,694.236,700.716,657404.0
2026-02-27,697.836,698.736,693.156,698.556,399166.0
2026-03-02,690.816,698.016,687.216,693.516,484190.0
2026-03-03,693.876,695.676,677.136,678.216,741356.0
2026-03-04,673.176,682.536,671.736,677.316,427896.0
2026-03-05,683.616,688.656,683.436,686.316,368056.0
2026-03-06,681.456,692.256,680.916,691.896,272439.0
2026-03-09,683.616,694.056,680.556,693.516,412952.0
2026-03-10,696.036,697.296,691.536,696.396,310388.0
2026-03-11,696.756,703.236,693.876,702.336,382859.0
2026-03-12,700.176,707.376,698.736,707.196,345862.0
2026-03-13,703.056,708.996,701.796,707.556,367074.0
2026-03-16,707.196,709.356,701.976,704.316,314161.0
2026-03-17,705.216,709.536,699.996,701.796,348725.0
2026-03-18,701.616,712.236,693.876,711.696,494308.0
2026-03-19,706.836,708.636,692.976,695.136,433232.0
2026-03-20,695.496,701.796,693.696,696.036,315698.0
2026-03-23,684.156,692.076,671.736,672.816,479521.0
2026-03-24,679.476,681.276,664.716,677.676,418668.0
2026-03-25,677.676,687.576,676.416,686.676,315977.0
2026-03-26,685.776,690.636,675.696,679.296,287777.0
2026-03-27,673.896,683.436,673.176,678.936,197710.0
2026-03-30,672.636,682.716,665.436,682.176,348653.0
2026-03-31,678.936,684.876,677.316,680.196,233407.0
2026-04-01,686.136,687.756,681.996,685.596,211749.0
2026-04-02,685.596,688.116,676.236,679.836,242198.0
2026-04-03,681.456,684.336,676.056,677.496,196364.0
2026-04-07,677.496,681.636,671.196,676.236,281594.0
2026-04-08,682.536,690.276,680.556,688.476,345766.0
2026-04-09,683.076,688.116,680.736,686.316,238773.0
2026-04-10,688.476,710.436,687.576,703.416,622901.0
2026-04-13,699.816,720.516,698.016,720.336,642490.0
2026-04-14,721.956,742.476,721.956,735.276,1243152.0
2026-04-15,734.736,735.636,725.016,730.236,575623.0
2026-04-16,731.856,737.256,727.536,736.356,479349.0
2026-04-17,735.456,740.136,722.136,728.976,798901.0
2026-04-20,759.216,767.856,751.836,753.816,1334411.0
2026-04-21,753.636,756.336,739.056,739.776,729407.0
2026-04-22,736.716,743.736,734.016,737.976,485982.0
2026-04-23,735.636,746.976,732.936,735.456,496834.0
2026-04-24,738.876,744.636,732.036,737.436,405259.0
2026-04-27,736.536,751.656,735.816,744.096,500328.0
2026-04-28,744.816,765.876,738.876,756.336,766107.0
2026-04-29,753.636,768.036,749.856,759.216,585983.0
2026-04-30,758.136,795.756,754.896,785.856,1175309.0
2026-05-06,792.876,800.256,776.856,781.356,930106.0
2026-05-07,779.196,788.736,772.716,779.916,630231.0
2026-05-08,778.476,778.476,766.236,772.536,576552.0
2026-05-11,777.036,796.116,765.696,769.116,946135.0
2026-05-12,769.116,771.816,754.536,754.716,790012.0
2026-05-13,753.636,757.056,740.856,753.456,721892.0
2026-05-14,755.256,759.936,734.736,734.736,691964.0
2026-05-15,737.976,746.076,726.996,728.796,618546.0
2026-05-18,729.336,735.096,722.136,726.636,487055.0
2026-05-19,723.936,734.016,718.536,733.476,528476.0
2026-05-20,732.936,749.136,730.416,732.036,564306.0
2026-05-21,737.256,742.836,714.936,715.476,623098.0
2026-05-22,718.536,721.056,709.356,719.076,418305.0
2026-05-25,722.316,729.336,719.256,726.996,479258.0
2026-05-26,724.836,737.256,711.696,722.136,663439.0
2026-05-27,720.696,731.856,712.416,715.836,582351.0
2026-05-28,711.516,712.236,690.276,699.816,889979.0
2026-05-29,704.136,707.736,688.836,696.216,751809.0
2026-06-01,696.216,699.816,686.316,687.216,707627.0
2026-06-02,688.116,703.416,686.136,699.636,747356.0
2026-06-03,696.036,706.836,691.176,699.996,585573.0
2026-06-04,697.296,702.696,694.236,697.476,412574.0
2026-06-05,699.996,713.676,695.316,709.176,761527.0
2026-06-08,698.736,706.116,687.936,691.536,681107.0
2026-06-09,696.396,701.076,689.736,694.956,542694.0
2026-06-10,689.736,695.136,688.116,692.976,444842.0
2026-06-11,689.736,691.536,681.816,685.776,513304.0
2026-06-12,690.636,698.196,688.296,690.456,662501.0
2026-06-15,696.936,704.136,692.436,698.916,546377.0
2026-06-16,700.176,732.756,696.936,725.736,1057855.0
2026-06-17,719.436,737.796,716.736,728.616,805756.0
2026-06-18,723.396,735.456,712.236,727.536,824633.0
2026-06-22,725.736,738.336,711.516,737.076,916410.0
2026-06-23,731.316,738.336,710.616,711.516,689675.0
2026-06-24,711.336,766.956,704.496,758.676,1671709.0
2026-06-25,756.336,785.856,755.256,766.056,1475231.0
2026-06-26,765.696,770.196,744.636,745.896,784932.0
2026-06-29,749.136,762.816,730.596,739.956,1011854.0
2026-06-30,740.136,780.816,739.776,761.736,1233722.0
2026-07-01,772.896,797.016,754.896,758.676,1445911.0
2026-07-02,750.216,773.076,741.936,751.116,974041.0
2026-07-03,754.536,769.476,748.236,758.136,933776.0
2026-07-06,760.656,763.176,737.436,755.076,918683.0
2026-07-07,750.036,772.896,747.696,755.616,876801.0
2026-07-08,760.656,774.156,759.216,764.436,1061956.0
2026-07-09,756.336,783.516,755.436,783.156,1091917.0
2026-07-10,779.736,791.616,765.876,766.236,1156138.0
2026-07-13,761.736,762.276,741.036,743.556,939634.0
2026-07-14,741.396,753.096,737.976,750.576,661921.0
2026-07-15,746.436,765.876,743.556,759.936,654280.0
2026-07-16,753.996,771.816,751.836,760.296,696975.0
2026-07-17,760.476,767.136,736.896,742.836,961181.0
2026-07-20,752.376,772.896,749.496,763.176,1012328.0
2026-07-21,768.756,780.816,749.136,778.116,1307423.0
2026-07-22,771.096,791.976,760.836,787.476,1218622.0
2026-07-23,786.756,794.136,779.736,789.996,909009.0
2026-07-24,783.336,790.176,771.816,784.956,781489.0
2026-07-27,810.876,831.756,797.196,811.956,2899344.0
2026-07-28,804.216,812.136,795.936,796.656,1194714.0
2026-07-29,802.416,803.316,772.176,789.456,1263005.0
2026-07-30,786.756,795.756,778.476,787.296,988175.0
2026-07-31,796.836,830.136,786.216,823.836,1715574.0
2026-08-03,824.736,851.376,821.316,829.236,1533759.0
2026-08-04,834.276,844.536,821.856,841.476,1144505.0
2026-08-05,837.336,848.136,833.376,838.056,1050263.0
2026-08-06,831.756,832.836,814.296,820.236,1017034.0
2026-08-07,816.816,820.416,809.616,816.456,855704.0
2026-08-10,815.016,823.656,806.196,820.056,922271.0
2026-08-11,816.816,830.676,799.176,800.796,1062285.0
2026-08-12,800.616,808.896,797.916,802.596,772194.0
2026-08-13,803.136,808.176,788.016,788.016,936951.0
2026-08-14,787.296,790.716,767.856,773.976,987041.0
2026-08-17,774.516,779.736,771.816,777.756,628489.0
2026-08-18,776.136,779.556,768.576,779.376,568941.0
2026-08-19,777.036,777.396,761.196,766.056,764347.0
2026-08-20,768.936,776.136,766.956,769.296,481725.0
2026-08-21,766.596,777.036,764.436,775.236,463215.0
2026-08-24,774.876,785.136,765.156,770.736,770809.0
2026-08-25,767.676,788.376,766.056,781.536,649120.0
2026-08-26,781.716,783.516,777.216,782.076,418033.0
2026-08-27,782.076,792.156,778.836,791.256,546467.0
2026-08-28,789.636,793.956,786.216,787.836,458803.0
2026-08-31,784.416,800.436,782.436,800.256,569123.0
2026-09-01,799.716,807.276,796.656,802.596,439766.0
2026-09-02,797.556,802.776,789.276,789.276,443589.0
2026-09-03,790.536,794.136,783.336,785.676,380124.0
2026-09-04,795.216,800.076,780.636,783.696,371608.0
2026-09-07,784.056,789.276,775.956,783.696,427223.0
2026-09-08,782.076,782.256,733.836,761.736,1852061.0
2026-09-09,761.376,765.696,756.516,763.536,645001.0
2026-09-10,760.296,763.716,755.616,759.216,373420.0
2026-09-11,753.636,759.576,749.136,754.536,433789.0
2026-09-14,750.936,758.316,747.336,752.916,264980.0
2026-09-15,752.916,754.356,744.276,745.896,298958.0
2026-09-16,744.816,746.256,735.816,743.016,419289.0
2026-09-17,742.116,744.096,737.436,740.136,331201.0
2026-09-18,743.916,750.756,742.296,748.956,449652.0
2026-09-21,749.856,750.936,737.436,742.476,578970.0
2026-09-22,747.156,755.796,746.616,753.276,521385.0
2026-09-23,753.456,753.636,748.776,752.016,277964.0
2026-09-24,750.216,752.376,743.196,743.376,247915.0
