date,open,high,low,close,volume
2016-01-04,20.2,21.17,19.0,19.62,1533407.0
2016-01-05,19.35,20.34,18.58,19.5,1624083.0
2016-01-06,19.36,19.6,18.81,19.51,1244261.0
2016-01-07,19.26,19.26,17.57,17.63,316123.0
2016-01-08,18.08,18.28,16.21,17.03,1536062.0
2016-01-11,16.47,16.5,15.33,15.33,1518530.0
2016-01-12,15.27,16.8,15.08,16.18,1405773.0
2016-01-13,16.1,17.12,15.78,16.2,1160567.0
2016-01-14,15.6,17.49,15.51,17.49,1471695.0
2016-01-15,17.11,17.42,16.41,16.6,970282.0
2016-01-18,16.45,17.06,16.37,16.71,757322.0
2016-01-19,16.93,17.35,16.5,17.18,912712.0
2016-01-20,17.0,17.14,16.2,16.4,866212.0
2016-01-21,16.13,16.65,15.8,15.82,684784.0
2016-01-22,16.11,16.18,15.58,15.91,468611.0
2016-01-25,16.09,16.19,15.83,15.97,362214.0
2016-01-26,15.8,15.83,14.37,14.38,652801.0
2016-01-27,14.49,14.59,13.38,14.22,726844.0
2016-01-28,13.98,14.57,13.8,13.8,518813.0
2016-01-29,13.92,14.56,13.84,14.42,557289.0
2016-02-01,14.44,14.45,13.87,14.1,349315.0
2016-02-02,14.2,15.5,14.14,15.03,679399.0
2016-02-03,15.0,15.62,14.72,15.27,720891.0
2016-02-04,15.27,15.54,15.1,15.28,464941.0
2016-02-05,15.31,15.43,14.94,14.95,346812.0
2016-02-15,14.31,14.85,14.31,14.64,358956.0
2016-02-16,14.74,15.56,14.71,15.19,498782.0
2016-02-17,15.15,15.58,15.1,15.42,437895.0
2016-02-18,15.5,15.98,15.31,15.35,511054.0
2016-02-19,15.39,15.47,14.89,15.07,512914.0
2016-02-22,15.45,15.61,15.23,15.4,678282.0
2016-02-23,15.48,15.62,15.14,15.34,477176.0
2016-02-24,15.35,15.44,14.87,15.21,435047.0
2016-02-25,15.2,15.2,13.69,13.77,693791.0
2016-02-26,13.92,14.25,13.72,14.0,439395.0
2016-02-29,14.18,14.49,13.61,13.93,823238.0
2016-03-01,14.09,15.32,13.96,14.99,1283504.0
2016-03-02,14.87,16.49,14.87,16.49,1777449.0
2016-03-03,16.7,17.2,16.15,16.33,1733171.0
2016-03-04,16.0,17.85,15.93,16.42,1932652.0
2016-03-07,16.69,17.07,16.18,16.58,921841.0
2016-03-08,16.42,16.42,15.37,16.03,861285.0
2016-03-09,15.49,15.74,15.35,15.41,524857.0
2016-03-10,15.47,15.58,14.55,14.67,693164.0
2016-03-11,14.41,14.65,14.2,14.45,452398.0
2016-03-14,14.59,15.11,14.59,14.91,576267.0
2016-03-15,14.82,14.89,14.46,14.67,400704.0
2016-03-16,14.71,14.94,14.49,14.56,325316.0
2016-03-17,14.72,15.26,14.55,15.13,677221.0
2016-03-18,15.11,16.21,15.11,15.88,1005020.0
2016-03-21,16.06,16.17,15.71,16.05,708916.0
2016-03-22,15.95,15.95,15.53,15.63,551419.0
2016-03-23,15.54,15.72,15.3,15.61,436554.0
2016-03-24,15.4,15.7,15.16,15.36,472215.0
2016-03-25,15.38,15.59,15.21,15.46,327720.0
2016-03-28,15.43,15.48,14.99,15.03,518016.0
2016-03-29,15.13,15.19,14.67,14.7,373210.0
2016-03-30,14.89,15.16,14.88,15.15,420112.0
2016-03-31,15.19,15.33,15.0,15.05,394579.0
2016-04-01,15.05,15.08,14.75,14.99,327434.0
2016-04-05,15.0,15.78,15.0,15.6,745722.0
2016-04-06,15.56,15.56,15.27,15.44,524220.0
2016-04-07,15.45,15.55,15.11,15.12,412807.0
2016-04-08,15.0,15.01,14.64,14.83,510435.0
2016-04-11,15.06,15.35,15.0,15.16,539433.0
2016-04-12,15.18,15.21,14.87,14.9,358764.0
2016-04-13,15.07,15.5,15.0,15.28,791154.0
2016-04-14,15.4,15.46,15.2,15.4,415192.0
2016-04-15,15.47,15.56,15.2,15.28,377599.0
2016-04-18,15.15,15.15,14.9,14.95,387878.0
2016-04-19,15.06,15.07,14.91,15.01,245317.0
2016-04-20,15.01,15.05,14.03,14.41,628616.0
2016-04-21,14.3,14.52,14.21,14.23,300295.0
2016-04-22,14.25,14.45,14.16,14.43,268999.0
2016-04-25,14.3,14.33,14.17,14.23,209852.0
2016-04-26,14.25,14.32,14.16,14.32,195375.0
2016-04-27,14.34,14.4,14.24,14.25,228701.0
2016-04-28,14.27,14.3,14.05,14.18,233656.0
2016-04-29,14.17,14.31,14.07,14.21,205560.0
2016-05-03,14.25,14.54,14.21,14.51,317898.0
2016-05-04,14.5,14.6,14.36,14.45,288488.0
2016-05-05,14.42,14.57,14.39,14.56,252676.0
2016-05-06,14.61,14.66,14.24,14.24,412670.0
2016-05-09,14.23,14.23,13.76,13.84,363947.0
2016-05-10,13.83,13.95,13.73,13.8,188674.0
2016-05-11,13.9,14.28,13.8,14.15,415685.0
2016-05-12,13.98,14.04,13.75,13.93,278987.0
2016-05-13,13.93,14.04,13.8,13.83,185437.0
2016-05-16,13.78,13.87,13.67,13.87,184710.0
2016-05-17,13.88,13.93,13.7,13.8,167305.0
2016-05-18,13.89,14.24,13.72,13.96,524225.0
2016-05-19,13.9,14.06,13.81,13.88,211569.0
2016-05-20,13.88,13.92,13.79,13.92,170076.0
2016-05-23,13.94,14.11,13.93,14.0,276688.0
2016-05-24,14.0,14.0,13.8,13.81,193555.0
2016-05-25,13.88,13.93,13.73,13.75,157866.0
2016-05-26,13.8,13.86,13.5,13.7,183512.0
2016-05-27,13.68,13.78,13.61,13.7,181857.0
2016-05-30,13.65,13.76,13.56,13.73,143110.0
2016-05-31,13.71,14.22,13.71,14.18,472919.0
2016-06-01,14.14,14.25,14.08,14.1,247222.0
2016-06-02,14.14,14.44,14.13,14.19,295787.0
2016-06-03,14.26,14.29,14.13,14.25,232338.0
2016-06-06,14.29,14.96,14.29,14.74,609936.0
2016-06-07,14.56,14.77,14.47,14.57,261028.0
2016-06-08,14.59,14.62,14.3,14.37,244816.0
2016-06-13,14.16,14.21,13.78,13.78,281464.0
2016-06-14,13.79,13.92,13.67,13.84,191648.0
2016-06-15,13.65,14.08,13.65,13.98,245419.0
2016-06-16,13.91,14.26,13.86,14.08,254590.0
2016-06-17,14.13,14.45,14.06,14.34,346624.0
2016-06-20,14.95,15.15,14.71,14.72,688864.0
2016-06-21,14.77,14.82,14.42,14.45,422354.0
2016-06-22,14.45,14.63,14.39,14.59,225254.0
2016-06-23,14.59,14.6,14.37,14.48,186859.0
2016-06-24,14.54,14.63,13.94,14.22,365961.0
2016-06-27,14.18,14.45,14.16,14.42,342866.0
2016-06-28,14.29,14.73,14.25,14.66,425315.0
2016-06-29,14.65,14.74,14.45,14.59,282072.0
2016-06-30,14.61,14.7,14.48,14.51,204969.0
2016-07-01,14.56,14.69,14.51,14.57,280543.0
2016-07-04,14.44,15.0,14.36,14.9,573464.0
2016-07-05,14.9,15.12,14.82,14.97,466862.0
2016-07-06,15.14,15.33,14.83,14.9,604688.0
2016-07-07,14.82,15.09,14.81,14.98,429018.0
2016-07-08,14.95,15.01,14.77,14.93,230358.0
2016-07-11,14.92,15.06,14.79,14.96,371145.0
2016-07-12,14.93,15.63,14.75,15.48,698653.0
2016-07-13,15.53,15.76,15.41,15.51,577938.0
2016-07-14,15.52,15.7,15.4,15.6,389325.0
2016-07-15,15.76,16.2,15.69,15.89,653390.0
2016-07-18,15.78,16.21,15.76,15.93,433646.0
2016-07-19,15.94,16.06,15.56,15.71,316641.0
2016-07-20,15.68,15.83,15.5,15.54,228612.0
2016-07-21,15.56,15.81,15.51,15.62,279424.0
2016-07-22,15.64,15.74,15.25,15.34,372928.0
2016-07-25,15.29,15.6,15.27,15.39,295748.0
2016-07-26,15.35,15.89,15.31,15.79,324672.0
2016-07-27,15.82,16.2,15.26,15.49,711839.0
2016-07-28,15.49,15.63,15.21,15.58,422043.0
2016-07-29,15.52,15.72,15.43,15.59,252127.0
2016-08-01,15.52,15.53,14.96,15.09,348517.0
2016-08-02,15.08,15.25,14.99,15.22,211251.0
2016-08-03,15.16,15.59,15.11,15.54,295938.0
2016-08-04,15.44,15.69,15.31,15.64,314248.0
2016-08-05,15.78,16.14,15.63,15.77,617612.0
2016-08-08,15.73,16.13,15.66,16.01,535494.0
2016-08-09,16.04,16.24,15.81,15.94,466999.0
2016-08-10,15.92,15.95,15.55,15.63,375627.0
2016-08-11,15.59,15.7,15.52,15.56,224637.0
2016-08-12,15.52,16.65,15.5,16.48,983287.0
2016-08-15,16.54,17.54,16.46,17.32,1590593.0
2016-08-16,17.23,17.53,16.93,17.01,1014698.0
2016-08-17,16.94,16.95,16.5,16.66,572987.0
2016-08-18,16.66,17.76,16.61,16.93,1060597.0
2016-08-19,16.77,16.87,16.57,16.62,400504.0
2016-08-22,16.68,16.98,16.19,16.33,511635.0
2016-08-23,16.44,17.01,16.36,16.56,588529.0
2016-08-24,16.61,16.8,16.41,16.54,377753.0
2016-08-25,16.42,16.5,16.15,16.32,525921.0
2016-08-26,16.34,16.49,16.26,16.36,254806.0
2016-08-29,16.42,16.79,16.26,16.63,445624.0
2016-08-30,16.56,16.68,16.47,16.52,271669.0
2016-08-31,16.56,16.92,16.47,16.69,496690.0
2016-09-01,16.69,16.74,16.21,16.22,468462.0
2016-09-02,16.16,16.36,15.92,16.03,388016.0
2016-09-05,16.06,16.11,15.94,16.02,162896.0
2016-09-06,16.03,16.23,15.87,16.17,214359.0
2016-09-07,16.21,16.4,16.1,16.11,255673.0
2016-09-08,16.07,16.28,16.07,16.14,147395.0
2016-09-09,16.17,16.2,15.83,15.92,243097.0
2016-09-12,15.71,15.75,15.52,15.68,321676.0
2016-09-13,15.72,15.74,15.51,15.6,157454.0
2016-09-14,15.6,15.74,15.42,15.7,206270.0
2016-09-19,15.72,15.97,15.72,15.88,182163.0
2016-09-20,15.88,15.92,15.71,15.74,135665.0
2016-09-21,15.76,16.06,15.73,16.0,207208.0
2016-09-22,16.11,16.44,16.06,16.24,465821.0
2016-09-23,16.22,16.33,16.09,16.25,214016.0
2016-09-26,16.22,16.23,15.84,15.84,214612.0
2016-09-27,15.79,16.15,15.74,16.01,197401.0
2016-09-28,16.01,16.07,15.83,15.97,135791.0
2016-09-29,15.97,16.3,15.97,16.14,185205.0
2016-09-30,16.13,16.34,16.08,16.24,141642.0
2016-10-10,15.87,15.87,15.17,15.67,544338.0
2016-10-11,15.67,15.74,15.56,15.63,255611.0
2016-10-12,15.64,15.78,15.54,15.77,212060.0
2016-10-13,15.72,16.3,15.62,16.26,484369.0
2016-10-14,16.28,16.76,16.08,16.66,595982.0
2016-10-17,16.65,16.88,16.52,16.63,473612.0
2016-10-18,16.58,17.24,16.56,17.2,637952.0
2016-10-19,17.21,17.46,17.12,17.46,687449.0
2016-10-20,17.38,17.61,17.28,17.54,452700.0
2016-10-21,17.46,17.78,17.23,17.77,577488.0
2016-10-24,17.66,17.91,17.17,17.18,387455.0
2016-10-25,17.16,17.36,17.12,17.27,236577.0
2016-10-26,17.26,17.31,16.96,17.16,230072.0
2016-10-27,17.08,17.5,17.01,17.22,278419.0
2016-10-28,17.14,17.38,17.04,17.05,186621.0
2016-10-31,17.16,17.18,16.86,17.13,109337.0
2016-11-01,17.1,17.3,17.04,17.27,152696.0
2016-11-02,17.25,17.25,16.69,16.75,277730.0
2016-11-03,16.76,17.04,16.71,16.82,177055.0
2016-11-04,16.86,17.04,16.74,16.8,140474.0
2016-11-07,16.86,16.89,16.69,16.72,100521.0
2016-11-08,16.79,16.9,16.69,16.74,126139.0
2016-11-09,16.77,16.94,16.49,16.77,232504.0
2016-11-10,16.91,17.23,16.82,17.04,239562.0
2016-11-11,17.06,17.13,16.93,17.07,148947.0
2016-11-14,17.05,17.21,16.79,16.86,194494.0
2016-11-15,16.89,17.1,16.77,16.94,164234.0
2016-11-16,16.94,16.97,16.74,16.76,156962.0
2016-11-17,16.73,16.73,16.57,16.64,139834.0
2016-11-18,16.73,16.98,16.66,16.73,173308.0
2016-11-21,16.77,17.44,16.71,17.32,397576.0
2016-11-22,17.41,17.56,17.18,17.22,240633.0
2016-11-23,17.22,18.46,17.22,17.95,798559.0
2016-11-24,17.76,19.51,17.69,19.05,958162.0
2016-11-25,19.05,20.71,19.05,19.77,1138261.0
2016-11-28,19.96,20.57,19.31,19.61,846508.0
2016-11-29,19.48,20.36,19.32,19.56,812145.0
2016-11-30,19.81,19.96,19.17,19.56,497146.0
2016-12-01,19.56,20.42,19.51,20.32,945005.0
2016-12-02,20.16,20.36,19.52,19.56,471466.0
2016-12-05,19.16,19.16,17.88,18.04,928677.0
2016-12-06,18.04,18.25,17.81,17.92,382053.0
2016-12-07,17.95,18.33,17.72,18.23,273479.0
2016-12-08,18.23,18.31,17.96,17.97,214866.0
2016-12-09,17.93,18.69,17.92,18.47,360300.0
2016-12-12,18.51,18.67,17.62,17.67,391818.0
2016-12-13,17.69,17.94,17.36,17.68,459593.0
2016-12-14,17.76,17.88,17.33,17.33,351044.0
2016-12-15,17.29,17.46,17.06,17.21,302804.0
2016-12-16,17.29,17.49,17.15,17.39,288809.0
2016-12-19,17.31,17.42,17.04,17.16,212183.0
2016-12-20,17.16,17.23,16.98,17.04,170237.0
2016-12-21,17.11,17.22,17.03,17.14,199077.0
2016-12-22,17.09,17.22,16.89,17.16,224415.0
2016-12-23,17.16,17.17,16.76,16.77,198245.0
2016-12-26,16.65,16.87,16.44,16.82,164024.0
2016-12-27,16.77,17.1,16.66,16.96,193119.0
2016-12-28,16.96,16.96,16.65,16.68,156727.0
2016-12-29,16.69,16.81,16.6,16.63,179946.0
2016-12-30,16.69,16.81,16.6,16.65,148335.0
2017-01-03,16.68,16.98,16.66,16.91,154328.0
2017-01-04,16.87,17.03,16.86,17.02,160584.0
2017-01-05,17.04,17.16,17.0,17.08,164285.0
2017-01-06,17.1,17.12,16.92,16.97,117014.0
2017-01-09,16.97,17.11,16.94,17.07,125739.0
2017-01-10,17.12,17.43,17.07,17.21,204774.0
2017-01-11,17.15,17.41,17.02,17.05,193662.0
2017-01-12,17.07,17.12,16.84,16.87,152556.0
2017-01-13,17.07,17.07,16.52,16.55,190412.0
2017-01-16,16.5,16.56,15.84,16.21,247494.0
2017-01-17,16.22,16.58,16.19,16.57,201550.0
2017-01-18,16.59,16.86,16.47,16.76,151814.0
2017-01-19,16.66,16.81,16.62,16.65,75079.0
2017-01-20,16.67,16.81,16.65,16.78,106242.0
2017-01-23,16.93,16.97,16.8,16.89,117437.0
2017-01-24,16.86,16.92,16.69,16.74,102450.0
2017-01-25,16.76,16.79,16.67,16.74,85522.0
2017-01-26,16.76,16.91,16.74,16.9,110024.0
2017-02-03,16.89,17.0,16.77,16.83,82316.0
2017-02-06,16.9,16.93,16.43,16.58,200790.0
2017-02-07,16.58,16.68,16.47,16.55,96080.0
2017-02-08,16.51,16.74,16.5,16.73,104709.0
2017-02-09,16.73,17.74,16.73,17.4,564415.0
2017-02-10,17.38,17.52,17.23,17.36,218564.0
2017-02-13,17.35,17.48,17.27,17.4,172636.0
2017-02-14,17.44,17.58,17.26,17.36,160545.0
2017-02-15,17.36,17.41,17.09,17.1,204443.0
2017-02-16,17.04,17.28,17.01,17.17,170229.0
2017-02-17,17.21,17.34,16.9,16.97,186091.0
2017-02-20,17.0,17.61,16.94,17.59,395705.0
2017-02-21,17.63,17.91,17.48,17.63,333543.0
2017-02-22,17.64,17.73,17.48,17.63,191145.0
2017-02-23,17.58,17.58,17.34,17.46,201966.0
2017-02-24,17.42,17.65,17.36,17.59,162030.0
2017-02-27,17.61,17.61,17.29,17.38,179584.0
2017-02-28,17.41,17.46,17.28,17.39,131459.0
2017-03-01,17.46,17.76,17.39,17.71,339851.0
2017-03-02,17.72,17.79,17.55,17.55,151167.0
2017-03-03,17.52,17.59,17.39,17.54,131179.0
2017-03-06,17.56,18.01,17.56,17.93,343817.0
2017-03-07,17.93,18.22,17.82,18.01,308853.0
2017-03-08,18.01,18.17,17.86,18.05,306553.0
2017-03-09,18.06,18.09,17.76,17.8,193754.0
2017-03-10,17.84,18.08,17.77,17.91,243965.0
2017-03-13,17.91,18.55,17.7,18.36,525252.0
2017-03-14,18.31,18.81,18.19,18.36,408174.0
2017-03-15,18.41,18.8,18.31,18.51,357304.0
2017-03-16,18.59,18.81,18.37,18.57,268000.0
2017-03-17,18.58,18.74,17.95,18.02,402864.0
2017-03-20,17.77,18.0,17.5,17.68,423919.0
2017-03-21,17.69,17.94,17.67,17.83,200270.0
2017-03-22,17.68,17.75,17.45,17.52,254795.0
2017-03-23,17.57,17.7,17.47,17.62,207726.0
2017-03-24,17.57,17.94,17.55,17.91,293623.0
2017-03-27,17.89,18.09,17.78,18.03,210475.0
2017-03-28,18.06,18.37,17.9,17.92,319696.0
2017-03-29,17.94,18.06,17.62,17.77,153759.0
2017-03-30,17.78,17.87,17.54,17.73,228256.0
2017-03-31,17.69,17.9,17.65,17.86,154724.0
2017-04-05,18.74,19.43,18.21,18.29,707632.0
2017-04-06,18.17,18.71,18.16,18.59,461679.0
2017-04-07,18.58,18.75,18.27,18.45,341702.0
2017-04-10,18.61,19.86,18.54,19.79,1244205.0
2017-04-11,19.84,20.6,19.09,20.39,1060765.0
2017-04-12,21.74,22.4,20.92,21.21,1890906.0
2017-04-13,21.23,21.55,20.48,21.06,914164.0
2017-04-14,20.88,21.05,20.23,20.25,640167.0
2017-04-17,20.23,20.23,19.72,20.02,456391.0
2017-04-18,20.11,20.54,19.99,20.02,398848.0
2017-04-19,19.83,19.97,19.26,19.86,453386.0
2017-04-20,19.91,20.43,19.82,20.05,413679.0
2017-04-21,20.24,20.59,19.99,20.01,314327.0
2017-04-24,19.86,19.88,19.37,19.49,308364.0
2017-04-25,19.49,19.79,19.35,19.37,300090.0
2017-04-26,19.42,19.7,19.29,19.64,241189.0
2017-04-27,19.64,19.66,19.02,19.31,374685.0
2017-04-28,19.31,19.56,19.09,19.38,204038.0
2017-05-02,19.36,19.39,19.07,19.14,244944.0
2017-05-03,19.16,19.5,19.11,19.24,254373.0
2017-05-04,19.11,19.28,19.02,19.06,217524.0
2017-05-05,18.94,19.0,18.49,18.49,306116.0
2017-05-08,18.38,18.46,18.0,18.08,275024.0
2017-05-09,18.06,18.41,18.03,18.3,163726.0
2017-05-10,18.34,18.82,18.29,18.33,257344.0
2017-05-11,18.35,18.7,18.18,18.63,232557.0
2017-05-12,18.56,19.08,18.52,18.91,267150.0
2017-05-15,18.96,19.16,18.74,18.87,254992.0
2017-05-16,18.82,19.01,18.56,18.99,243285.0
2017-05-17,19.07,19.25,19.0,19.09,227213.0
2017-05-18,18.93,20.56,18.82,20.36,712635.0
2017-05-19,20.01,20.22,19.73,19.9,369107.0
2017-05-22,19.74,20.21,19.66,19.75,270710.0
2017-05-23,19.81,19.84,19.24,19.59,273098.0
2017-05-24,19.36,19.66,19.17,19.32,247361.0
2017-05-25,19.51,20.19,19.32,20.09,497721.0
2017-05-26,20.06,20.65,20.02,20.09,431952.0
2017-05-31,20.56,20.91,20.24,20.32,449055.0
2017-06-01,20.1,20.64,20.1,20.36,322616.0
2017-06-02,20.29,20.54,19.89,20.33,283940.0
2017-06-05,20.26,20.41,19.99,20.07,243216.0
2017-06-06,20.04,20.78,19.89,20.76,441517.0
2017-06-07,20.46,21.43,20.41,21.27,584849.0
2017-06-08,21.44,21.73,21.09,21.33,484120.0
2017-06-09,21.3,21.7,21.26,21.38,315863.0
2017-06-12,21.26,21.74,20.91,20.95,438982.0
2017-06-13,20.9,21.32,20.72,21.27,355497.0
2017-06-14,21.1,21.11,20.55,20.59,413882.0
2017-06-15,20.58,20.75,20.39,20.67,244269.0
2017-06-16,20.66,20.81,20.55,20.57,191123.0
2017-06-19,20.71,21.19,20.71,21.02,306116.0
2017-06-20,20.96,21.11,20.81,21.0,254688.0
2017-06-21,21.19,21.44,20.95,21.4,303826.0
2017-06-22,21.41,21.63,20.94,20.96,377498.0
2017-06-23,20.95,21.45,20.81,21.41,430934.0
2017-06-26,21.53,22.31,21.52,22.25,716958.0
2017-06-27,22.26,22.35,21.92,22.34,436704.0
2017-06-28,22.26,22.55,21.87,21.9,355361.0
2017-06-29,22.05,22.34,21.84,21.86,288942.0
2017-06-30,21.76,22.04,21.57,21.62,312115.0
2017-07-03,21.79,22.1,21.42,21.52,379292.0
2017-07-04,21.53,21.53,20.57,20.66,558295.0
2017-07-05,20.72,20.92,20.39,20.84,346279.0
2017-07-06,20.87,21.14,20.54,20.61,336900.0
2017-07-07,20.63,20.93,20.58,20.79,271860.0
2017-07-10,20.69,20.95,20.61,20.9,243314.0
2017-07-11,21.01,21.21,20.87,20.98,283592.0
2017-07-12,21.07,21.54,20.96,21.44,431333.0
2017-07-13,21.46,21.46,21.12,21.2,270644.0
2017-07-14,21.42,21.54,21.15,21.46,252100.0
2017-07-17,21.48,21.52,20.36,20.64,474509.0
2017-07-18,20.56,20.78,20.33,20.57,304922.0
2017-07-19,20.65,21.04,20.54,21.03,290757.0
2017-07-20,20.85,21.61,20.85,21.39,301979.0
2017-07-21,21.28,21.53,20.91,20.92,271337.0
2017-07-24,20.89,21.08,20.71,20.75,273631.0
2017-07-25,20.7,20.84,20.22,20.25,380882.0
2017-07-26,20.26,20.41,19.88,20.1,290775.0
2017-07-27,20.09,20.63,19.96,20.46,210790.0
2017-07-28,20.51,20.57,20.32,20.38,132836.0
2017-07-31,20.38,20.42,20.02,20.18,234600.0
2017-08-01,20.23,20.5,19.98,20.36,217543.0
2017-08-02,20.35,20.35,19.87,19.91,428495.0
2017-08-03,19.93,20.07,19.73,19.82,244356.0
2017-08-04,19.9,20.0,19.68,19.69,169659.0
2017-08-07,19.7,19.85,19.58,19.7,197262.0
2017-08-08,19.77,19.96,19.68,19.94,176772.0
2017-08-09,19.92,19.95,19.79,19.87,117250.0
2017-08-10,19.92,20.08,19.72,19.96,184673.0
2017-08-11,19.84,19.96,19.56,19.58,164960.0
2017-08-14,19.6,19.82,19.33,19.8,223042.0
2017-08-15,19.75,19.85,19.65,19.74,106516.0
2017-08-16,19.76,20.11,19.71,20.02,266296.0
2017-08-17,20.04,20.07,19.83,19.94,142727.0
2017-08-18,19.85,20.23,19.8,20.15,241760.0
2017-08-21,20.15,20.28,20.04,20.2,162091.0
2017-08-22,19.92,20.2,19.88,19.92,232289.0
2017-08-23,19.93,19.95,19.56,19.68,185145.0
2017-08-24,19.7,19.83,19.64,19.67,87193.0
2017-08-25,19.67,19.92,19.57,19.9,174123.0
2017-08-28,19.94,20.26,19.86,20.13,279154.0
2017-08-29,20.15,20.21,19.91,19.99,162278.0
2017-08-30,20.02,20.18,19.89,20.0,144885.0
2017-08-31,19.96,20.08,19.66,19.73,204209.0
2017-09-01,19.65,19.83,19.53,19.63,221285.0
2017-09-04,19.65,19.65,19.28,19.37,370269.0
2017-09-05,19.34,19.53,19.34,19.47,166702.0
2017-09-06,19.44,19.69,19.38,19.61,168160.0
2017-09-07,19.67,20.41,19.63,20.18,630589.0
2017-09-08,20.14,20.45,19.99,20.29,355303.0
2017-09-11,20.38,20.61,20.19,20.21,273429.0
2017-09-12,20.16,20.28,19.88,19.92,245929.0
2017-09-13,20.0,20.18,19.82,20.09,155272.0
2017-09-14,20.06,20.61,19.91,20.43,489093.0
2017-09-15,20.33,21.16,20.29,20.64,659237.0
2017-09-18,20.75,21.19,20.54,20.95,412087.0
2017-09-19,20.96,21.48,20.63,20.72,504468.0
2017-09-20,20.71,20.79,20.42,20.64,197872.0
2017-09-21,20.65,20.84,20.46,20.53,173326.0
2017-09-22,20.52,20.63,20.34,20.44,149713.0
2017-09-25,20.16,20.21,19.06,19.28,644169.0
2017-09-26,19.26,19.45,19.14,19.28,195947.0
2017-09-27,19.32,19.38,19.13,19.27,152075.0
2017-09-28,19.24,19.32,18.81,18.9,225167.0
2017-09-29,18.89,19.11,18.88,19.04,138544.0
2017-10-09,19.47,19.69,19.32,19.37,321469.0
2017-10-10,19.42,19.53,19.12,19.19,258677.0
2017-10-11,19.25,19.25,18.92,18.96,263118.0
2017-10-12,19.01,19.04,18.76,18.92,173698.0
2017-10-13,18.93,19.15,18.89,19.05,143710.0
2017-10-16,19.02,19.11,18.91,19.08,148417.0
2017-10-17,19.12,19.12,18.82,18.87,152842.0
2017-10-18,18.86,19.0,18.85,18.87,103153.0
2017-10-19,18.87,18.87,18.46,18.6,188676.0
2017-10-20,18.6,19.03,18.57,18.94,140841.0
2017-10-23,18.96,19.04,18.76,18.91,120295.0
2017-10-24,18.9,19.32,18.87,19.2,301276.0
2017-10-25,19.17,19.45,19.1,19.24,161081.0
2017-10-26,19.18,19.37,19.11,19.2,146033.0
2017-10-27,19.27,19.47,19.18,19.24,180137.0
2017-10-30,19.34,19.36,18.97,19.11,173850.0
2017-10-31,19.06,19.06,18.74,18.93,237566.0
2017-11-01,18.93,19.36,18.84,19.02,262720.0
2017-11-02,19.0,19.32,18.96,19.29,170910.0
2017-11-03,19.26,19.26,18.87,18.98,117935.0
2017-11-06,19.04,19.06,18.65,18.81,135805.0
2017-11-07,18.88,19.18,18.64,18.97,220270.0
2017-11-08,18.98,19.06,18.81,18.86,141386.0
2017-11-09,18.85,19.49,18.84,19.4,342697.0
2017-11-10,19.44,19.45,19.16,19.41,224324.0
2017-11-13,19.41,19.6,19.24,19.34,193279.0
2017-11-14,19.41,19.54,19.16,19.41,172644.0
2017-11-15,19.39,19.46,19.22,19.33,131687.0
2017-11-16,19.35,19.9,19.27,19.77,285018.0
2017-11-17,19.74,20.04,19.46,19.87,332729.0
2017-11-20,19.84,20.08,19.57,20.02,214267.0
2017-11-21,20.16,20.91,20.09,20.74,489714.0
2017-11-22,20.72,20.98,20.32,20.4,328908.0
2017-11-23,20.59,20.86,20.24,20.29,330174.0
2017-11-24,20.29,20.62,19.94,20.61,328767.0
2017-11-27,20.5,20.74,20.18,20.58,185385.0
2017-11-28,20.56,20.71,20.04,20.17,178987.0
2017-11-29,20.19,21.11,19.82,21.05,507030.0
2017-11-30,20.96,20.96,19.98,20.28,343972.0
2017-12-01,20.27,20.49,20.08,20.18,234017.0
2017-12-04,20.13,20.27,19.96,19.99,157184.0
2017-12-05,19.99,20.29,19.98,20.04,180264.0
2017-12-06,20.02,20.11,19.48,19.51,289441.0
2017-12-07,19.5,19.84,19.25,19.27,212835.0
2017-12-08,19.27,19.63,19.22,19.55,146349.0
2017-12-11,19.76,19.84,19.37,19.54,139444.0
2017-12-12,19.56,19.73,19.26,19.29,125543.0
2017-12-13,19.29,19.5,19.26,19.42,86532.0
2017-12-14,19.47,19.62,19.39,19.43,114630.0
2017-12-15,19.5,19.5,19.18,19.23,161540.0
2017-12-18,19.21,19.42,19.17,19.23,110876.0
2017-12-19,19.24,19.84,19.24,19.68,158835.0
2017-12-20,19.71,19.78,19.37,19.74,129234.0
2017-12-21,19.64,20.44,19.61,20.2,302627.0
2017-12-22,20.14,20.34,20.08,20.17,107736.0
2017-12-25,20.46,21.0,20.24,20.28,366696.0
2017-12-26,20.3,20.67,20.26,20.57,177512.0
2017-12-27,20.47,20.57,19.91,19.97,168167.0
2017-12-28,20.07,20.49,19.87,20.37,212235.0
2017-12-29,20.28,20.43,20.22,20.32,191104.0
2018-01-02,20.28,21.24,20.28,20.99,474236.0
2018-01-03,20.96,21.82,20.96,21.43,572079.0
2018-01-04,21.51,21.64,21.06,21.51,321503.0
2018-01-05,21.29,22.59,21.29,22.25,822149.0
2018-01-08,22.35,23.56,22.31,22.89,841734.0
2018-01-09,22.76,23.18,22.54,22.92,329057.0
2018-01-10,22.76,23.24,22.23,22.51,356191.0
2018-01-11,22.65,22.66,22.06,22.21,328575.0
2018-01-12,22.4,22.86,22.14,22.39,292732.0
2018-01-15,22.65,23.09,22.36,22.51,392673.0
2018-01-16,23.06,24.69,22.96,24.69,989301.0
2018-01-17,25.06,26.11,24.64,25.46,1252809.0
2018-01-18,25.27,25.45,24.75,25.12,549104.0
2018-01-19,24.97,25.77,24.64,24.72,596635.0
2018-01-22,24.73,25.61,24.71,25.16,470686.0
2018-01-23,25.4,27.06,25.21,26.44,756813.0
2018-01-24,26.16,26.66,25.56,25.75,536182.0
2018-01-25,25.71,26.87,24.92,26.04,596466.0
2018-01-26,25.81,27.57,25.77,26.81,707176.0
2018-01-29,26.81,27.51,26.24,26.76,534973.0
2018-01-30,26.58,27.14,25.61,25.86,530128.0
2018-01-31,26.04,27.26,25.54,26.54,656072.0
2018-02-01,26.61,27.26,26.31,26.61,531454.0
2018-02-02,25.91,27.76,25.2,27.63,676682.0
2018-02-05,27.21,28.16,27.06,28.14,515796.0
2018-02-06,27.5,27.86,25.94,26.36,682873.0
2018-02-07,27.06,27.26,23.8,23.81,934291.0
2018-02-08,23.56,24.12,22.95,23.29,548448.0
2018-02-09,22.56,22.95,21.17,21.86,777860.0
2018-02-12,21.91,22.75,21.53,22.54,533407.0
2018-02-13,22.81,23.97,22.61,23.46,443726.0
2018-02-14,23.46,24.11,23.17,23.96,237670.0
2018-02-22,24.46,24.54,23.66,24.07,383200.0
2018-02-23,24.26,24.85,23.86,24.49,298815.0
2018-02-26,24.46,24.51,22.69,23.87,497712.0
2018-02-27,23.83,23.83,22.44,22.67,648896.0
2018-02-28,22.42,23.33,22.02,22.63,663666.0
2018-03-01,22.36,22.92,22.06,22.44,317371.0
2018-03-02,22.28,22.91,22.05,22.69,330111.0
2018-03-05,22.91,23.51,22.7,22.85,362210.0
2018-03-06,23.01,23.77,22.17,23.77,536503.0
2018-03-07,23.46,23.92,23.26,23.29,310629.0
2018-03-08,23.25,23.83,23.16,23.6,300117.0
2018-03-09,23.64,24.2,23.49,23.74,341697.0
2018-03-12,23.89,23.89,22.56,22.8,699574.0
2018-03-13,22.71,22.88,22.48,22.49,256788.0
2018-03-14,22.7,23.2,22.6,22.94,376450.0
2018-03-15,22.95,23.42,22.87,23.03,292641.0
2018-03-16,22.98,23.74,22.89,23.22,291556.0
2018-03-19,23.14,23.14,22.62,22.78,196894.0
2018-03-20,22.56,22.71,22.33,22.6,166856.0
2018-03-21,22.71,23.26,22.64,22.82,267689.0
2018-03-22,22.86,22.96,22.07,22.19,272451.0
2018-03-23,21.48,22.01,21.07,21.8,356835.0
2018-03-26,21.26,21.86,21.26,21.71,213887.0
2018-03-27,22.16,22.36,21.55,21.86,280938.0
2018-03-28,21.66,22.16,21.37,21.76,202622.0
2018-03-29,21.79,23.25,21.36,22.9,566404.0
2018-03-30,22.84,22.84,22.38,22.56,292112.0
2018-04-02,22.55,23.21,22.44,22.51,300428.0
2018-04-03,22.16,22.67,21.88,22.21,212097.0
2018-04-04,22.17,22.66,22.06,22.24,216043.0
2018-04-09,22.22,22.43,21.94,22.1,225398.0
2018-04-10,22.29,22.86,22.14,22.72,309540.0
2018-04-11,22.86,23.62,22.72,23.24,421616.0
2018-04-12,23.16,23.61,23.04,23.1,259220.0
2018-04-13,23.55,23.84,23.19,23.24,286781.0
2018-04-16,23.12,23.56,22.26,22.51,338085.0
2018-04-17,22.56,22.75,22.1,22.2,249484.0
2018-04-18,22.49,22.88,22.17,22.54,363409.0
2018-04-19,22.66,22.99,22.47,22.82,227490.0
2018-04-20,22.69,22.86,22.21,22.4,218621.0
2018-04-23,22.4,22.58,21.42,21.92,316896.0
2018-04-24,22.16,23.08,22.16,22.55,588577.0
2018-04-25,22.34,22.79,22.26,22.67,230149.0
2018-04-26,22.96,23.03,22.31,22.39,194533.0
2018-04-27,22.56,22.67,21.66,22.27,304104.0
2018-05-02,22.42,22.79,22.24,22.56,208377.0
2018-05-03,22.56,22.59,22.21,22.55,235476.0
2018-05-04,22.55,22.94,22.37,22.85,259238.0
2018-05-07,22.85,23.46,22.71,23.31,303560.0
2018-05-08,23.38,24.32,23.37,23.99,425798.0
2018-05-09,24.18,24.18,23.68,23.94,299248.0
2018-05-10,24.04,24.93,23.94,24.55,362085.0
2018-05-11,24.58,24.83,24.08,24.27,265167.0
2018-05-14,24.27,24.64,24.24,24.53,212105.0
2018-05-15,24.52,24.65,23.84,24.27,254109.0
2018-05-16,24.18,24.31,23.8,23.97,216012.0
2018-05-17,24.0,24.5,23.99,24.06,261989.0
2018-05-18,24.07,24.57,23.69,24.45,224161.0
2018-05-21,24.57,24.67,24.03,24.1,280651.0
2018-05-22,24.2,24.22,23.48,23.63,327060.0
2018-05-23,23.53,23.57,23.05,23.39,251760.0
2018-05-24,23.42,23.48,23.14,23.46,155923.0
2018-05-25,23.46,23.49,22.94,23.03,198263.0
2018-05-28,23.04,23.26,22.84,22.9,131633.0
2018-05-29,22.86,22.95,22.22,22.64,308130.0
2018-05-30,22.33,22.38,21.96,21.99,183076.0
2018-05-31,22.16,22.58,21.68,22.57,317532.0
2018-06-01,22.38,23.14,22.28,22.65,270700.0
2018-06-04,22.75,23.56,22.65,23.46,420315.0
2018-06-05,23.29,23.7,23.26,23.61,255521.0
2018-06-06,23.53,23.73,23.17,23.28,235120.0
2018-06-07,23.33,23.81,23.28,23.63,255921.0
2018-06-08,23.66,23.74,23.01,23.23,210158.0
2018-06-11,23.02,24.01,23.0,23.66,294887.0
2018-06-12,23.69,24.18,23.51,23.98,243268.0
2018-06-13,23.89,24.46,23.68,23.93,316943.0
2018-06-14,23.82,24.15,23.48,23.56,203899.0
2018-06-15,23.54,24.45,23.54,23.95,414903.0
2018-06-19,23.68,23.68,22.71,22.85,448286.0
2018-06-20,22.83,23.5,22.68,23.33,246784.0
2018-06-21,23.33,24.3,23.23,23.5,328195.0
2018-06-22,23.62,24.08,23.19,24.08,265024.0
2018-06-25,24.27,24.37,22.48,22.56,473476.0
2018-06-26,21.88,21.97,21.06,21.56,538480.0
2018-06-27,21.59,21.64,19.94,20.3,464864.0
2018-06-28,19.97,20.56,19.55,19.68,327669.0
2018-06-29,19.59,20.65,19.59,20.43,298743.0
2018-07-02,20.38,20.39,18.75,19.03,555562.0
2018-07-03,19.13,19.3,18.14,19.17,510213.0
2018-07-04,18.95,19.27,18.56,18.59,217108.0
2018-07-05,18.59,18.92,18.38,18.58,176699.0
2018-07-06,18.75,18.76,17.88,18.46,326600.0
2018-07-09,18.59,19.15,18.48,19.12,264254.0
2018-07-10,19.21,19.74,19.01,19.5,296604.0
2018-07-11,19.04,19.06,18.52,18.82,233472.0
2018-07-12,18.82,19.44,18.78,19.33,244729.0
2018-07-13,19.68,19.89,19.11,19.48,263709.0
2018-07-16,19.48,19.49,18.84,19.13,213649.0
2018-07-17,19.06,19.06,18.58,18.8,216839.0
2018-07-18,18.82,18.95,18.5,18.54,215644.0
2018-07-19,18.73,18.79,18.25,18.4,216617.0
2018-07-20,18.44,19.0,18.08,18.76,412556.0
2018-07-23,18.57,19.66,18.5,19.53,432608.0
2018-07-24,19.66,20.38,19.64,20.01,433154.0
2018-07-25,20.16,20.18,19.73,19.94,189551.0
2018-07-26,20.11,20.29,19.45,19.58,182918.0
2018-07-27,19.66,19.93,19.39,19.69,134255.0
2018-07-30,19.71,20.03,19.41,19.68,128922.0
2018-07-31,19.64,20.43,19.58,20.4,374487.0
2018-08-01,20.06,20.14,19.41,19.48,331481.0
2018-08-02,19.33,19.33,18.38,18.75,283096.0
2018-08-03,18.78,18.85,18.07,18.1,232750.0
2018-08-06,17.96,18.09,17.3,17.48,286506.0
2018-08-07,17.54,18.03,17.41,17.99,258317.0
2018-08-08,18.03,18.23,17.49,17.53,202295.0
2018-08-09,17.57,18.48,17.48,18.22,339845.0
2018-08-10,18.55,19.16,18.55,18.65,380874.0
2018-08-13,18.39,18.39,17.98,18.2,264706.0
2018-08-14,18.28,18.49,17.95,18.36,214792.0
2018-08-15,18.34,18.35,17.83,17.88,144386.0
2018-08-16,17.77,18.12,17.46,18.01,157581.0
2018-08-17,18.18,18.5,17.9,18.02,163307.0
2018-08-20,18.24,18.68,18.04,18.53,215604.0
2018-08-21,18.58,18.66,18.31,18.51,196594.0
2018-08-22,18.39,18.51,18.27,18.41,126266.0
2018-08-23,18.48,18.6,18.19,18.35,112563.0
2018-08-24,18.35,18.35,17.88,18.02,201594.0
2018-08-27,18.02,18.77,18.02,18.77,294042.0
2018-08-28,18.73,18.96,18.65,18.78,148306.0
2018-08-29,18.78,19.15,18.76,18.89,172706.0
2018-08-30,18.84,19.11,18.65,18.68,141891.0
2018-08-31,18.6,19.47,18.44,19.38,314388.0
2018-09-03,19.21,19.6,18.89,19.08,257160.0
2018-09-04,19.08,19.41,18.7,19.33,250669.0
2018-09-05,19.15,19.2,18.66,18.66,171207.0
2018-09-06,18.68,18.79,17.93,18.15,215105.0
2018-09-07,18.13,18.56,18.04,18.28,178212.0
2018-09-10,18.23,18.72,18.23,18.51,207409.0
2018-09-11,18.52,18.73,18.31,18.34,143750.0
2018-09-12,18.28,18.45,18.08,18.25,127285.0
2018-09-13,18.51,18.56,18.29,18.51,94996.0
2018-09-14,18.64,19.18,18.44,19.08,240043.0
2018-09-17,18.89,19.24,18.79,18.87,166275.0
2018-09-18,18.72,19.21,18.68,19.1,172162.0
2018-09-19,19.1,20.67,19.08,20.41,571827.0
2018-09-20,20.23,20.78,20.16,20.57,440894.0
2018-09-21,20.5,21.39,20.07,21.26,467577.0
2018-09-25,20.38,20.4,19.74,20.09,470276.0
2018-09-26,20.08,20.5,19.83,20.12,311927.0
2018-09-27,20.07,20.17,19.84,19.96,179525.0
2018-09-28,20.03,20.44,19.96,20.07,219158.0
2018-10-08,19.46,19.52,18.87,19.03,288118.0
2018-10-09,18.92,19.13,18.69,18.81,171133.0
2018-10-10,18.86,19.07,18.49,19.03,170975.0
2018-10-11,18.58,18.68,17.38,17.48,320364.0
2018-10-12,17.38,18.31,17.38,18.22,258791.0
2018-10-15,18.27,18.49,17.82,17.88,182662.0
2018-10-16,18.01,18.2,17.59,17.69,143562.0
2018-10-17,17.98,18.15,17.49,17.87,143177.0
2018-10-18,17.77,17.8,17.39,17.62,125572.0
2018-10-19,17.71,18.38,17.47,18.28,214799.0
2018-10-22,18.47,19.69,18.44,19.36,401615.0
2018-10-23,19.53,19.54,18.61,18.77,240533.0
2018-10-24,18.77,19.53,18.71,18.99,250945.0
2018-10-25,18.5,19.86,18.37,19.85,405968.0
2018-10-26,19.91,20.86,19.55,19.87,362386.0
2018-10-29,20.14,20.23,19.08,19.43,226287.0
2018-10-30,19.7,20.27,19.24,20.02,238019.0
2018-10-31,20.01,20.45,19.71,20.18,187119.0
2018-11-01,20.88,21.26,20.24,20.33,327484.0
2018-11-02,20.89,20.89,19.67,20.13,520154.0
2018-11-05,20.03,20.03,19.5,19.71,227769.0
2018-11-06,19.71,19.9,19.48,19.81,171709.0
2018-11-07,19.8,19.96,19.51,19.61,131135.0
2018-11-08,19.78,19.91,19.39,19.48,142839.0
2018-11-09,19.38,19.54,19.07,19.11,145884.0
2018-11-12,19.03,19.43,19.0,19.37,96863.0
2018-11-13,19.09,19.81,19.04,19.69,167575.0
2018-11-14,19.83,20.13,19.68,20.04,243898.0
2018-11-15,19.99,20.2,19.88,20.1,132060.0
2018-11-16,20.08,20.33,19.68,20.08,216527.0
2018-11-19,20.18,20.88,20.18,20.81,360549.0
2018-11-20,20.63,21.18,20.19,20.32,216443.0
2018-11-21,20.02,20.83,20.02,20.58,218616.0
2018-11-22,20.58,20.69,20.05,20.09,171848.0
2018-11-23,20.09,20.14,19.73,19.8,120335.0
2018-11-26,19.98,20.13,19.67,19.91,110716.0
2018-11-27,19.91,19.97,19.59,19.75,93398.0
2018-11-28,19.76,20.33,19.71,20.22,155456.0
2018-11-29,20.35,20.73,19.83,19.9,121282.0
2018-11-30,19.89,20.22,19.67,20.22,88762.0
2018-12-03,20.67,20.67,19.86,20.33,294314.0
2018-12-04,20.29,20.3,19.56,19.81,264728.0
2018-12-05,19.56,19.93,19.48,19.82,140236.0
2018-12-06,19.49,19.78,19.44,19.57,116061.0
2018-12-07,19.54,19.81,19.51,19.59,82829.0
2018-12-10,19.42,19.6,19.29,19.34,88362.0
2018-12-11,19.32,19.74,19.23,19.72,102680.0
2018-12-12,20.04,20.15,19.9,19.97,182281.0
2018-12-13,20.14,20.59,20.12,20.39,283828.0
2018-12-14,20.31,20.6,19.89,19.97,192455.0
2018-12-17,20.08,20.21,19.76,20.12,133522.0
2018-12-18,19.9,20.08,19.39,19.47,163596.0
2018-12-19,19.62,19.92,19.3,19.3,128730.0
2018-12-20,19.36,19.63,18.78,18.89,188879.0
2018-12-21,18.81,18.87,18.14,18.38,257934.0
2018-12-24,18.23,18.38,17.98,18.32,169755.0
2018-12-25,18.36,18.55,18.06,18.47,151219.0
2018-12-26,18.48,18.52,18.27,18.42,86694.0
2018-12-27,18.6,18.85,18.22,18.33,125662.0
2018-12-28,18.33,18.73,18.3,18.73,153856.0
2019-01-02,18.68,18.7,18.16,18.21,137120.0
2019-01-03,18.13,18.48,18.13,18.31,99177.0
2019-01-04,18.23,18.77,18.13,18.75,167989.0
2019-01-07,18.98,19.33,18.92,19.0,231667.0
2019-01-08,19.1,19.12,18.83,19.02,127685.0
2019-01-09,19.28,19.34,18.98,19.03,159269.0
2019-01-10,18.83,19.01,18.77,18.79,107226.0
2019-01-11,18.94,19.09,18.82,19.06,107053.0
2019-01-14,18.89,19.06,18.63,18.77,99122.0
2019-01-15,18.71,19.16,18.38,19.12,149444.0
2019-01-16,18.98,19.22,18.94,19.09,94531.0
2019-01-17,19.68,19.93,19.47,19.5,388623.0
2019-01-18,19.61,19.8,19.38,19.77,193926.0
2019-01-21,19.73,19.95,19.6,19.76,129802.0
2019-01-22,19.69,19.96,19.56,19.59,157190.0
2019-01-23,19.64,19.92,19.53,19.75,150224.0
2019-01-24,19.87,19.87,19.46,19.78,114888.0
2019-01-25,19.87,20.22,19.78,20.06,200373.0
2019-01-28,20.09,20.38,19.67,19.81,189939.0
2019-01-29,19.66,20.24,19.66,20.2,159263.0
2019-01-30,20.2,20.63,20.1,20.29,232947.0
2019-01-31,20.48,20.66,20.31,20.65,180861.0
2019-02-01,20.78,20.81,19.97,20.4,184317.0
2019-02-11,20.2,20.73,20.14,20.69,186200.0
2019-02-12,20.59,21.11,20.34,20.73,240277.0
2019-02-13,20.74,21.43,20.62,21.27,244270.0
2019-02-14,21.22,21.47,21.01,21.23,222916.0
2019-02-15,21.17,21.23,20.58,20.59,210488.0
2019-02-18,20.88,21.45,20.88,21.43,255782.0
2019-02-19,22.18,22.26,21.33,21.5,720875.0
2019-02-20,21.52,22.94,21.52,22.63,858632.0
2019-02-21,22.76,22.85,22.19,22.43,434226.0
2019-02-22,22.22,22.44,21.89,22.33,386311.0
2019-02-25,22.34,23.43,22.18,23.21,782495.0
2019-02-26,23.16,23.2,22.44,22.5,552236.0
2019-02-27,22.52,23.36,22.52,22.89,619930.0
2019-02-28,22.88,23.06,22.48,22.58,264798.0
2019-03-01,22.63,22.71,22.09,22.6,345746.0
2019-03-04,22.65,24.04,22.65,23.33,794808.0
2019-03-05,23.54,23.96,23.02,23.2,534687.0
2019-03-06,23.2,23.27,22.78,23.08,412739.0
2019-03-07,23.03,23.03,22.41,22.61,455664.0
2019-03-08,22.38,22.49,22.0,22.11,295663.0
2019-03-11,21.82,22.43,21.39,22.38,354918.0
2019-03-12,22.43,22.71,22.32,22.66,382775.0
2019-03-13,22.43,23.06,22.43,22.97,406735.0
2019-03-14,23.04,23.22,22.39,22.52,224748.0
2019-03-15,22.42,23.03,22.42,22.73,264403.0
2019-03-18,22.83,23.71,22.46,23.63,465064.0
2019-03-19,23.67,23.94,23.13,23.26,341470.0
2019-03-20,23.3,24.23,23.0,24.02,527237.0
2019-03-21,24.03,24.41,23.73,23.9,328721.0
2019-03-22,23.76,24.08,23.38,24.0,216849.0
2019-03-25,23.68,23.68,23.06,23.25,398241.0
2019-03-26,23.38,23.9,23.05,23.55,397020.0
2019-03-27,23.57,23.93,23.36,23.79,248312.0
2019-03-28,23.6,24.0,23.54,23.68,192145.0
2019-03-29,23.66,24.46,23.54,24.42,473061.0
2019-04-01,24.58,25.31,24.51,24.68,477354.0
2019-04-02,24.86,24.9,24.46,24.66,306629.0
2019-04-03,24.77,25.09,24.42,24.97,284877.0
2019-04-04,24.97,25.58,24.9,25.28,344710.0
2019-04-08,25.48,25.95,25.03,25.2,313026.0
2019-04-09,25.37,25.51,24.88,25.29,302847.0
2019-04-10,25.3,25.33,24.64,24.77,232520.0
2019-04-11,24.77,25.1,24.02,24.08,285790.0
2019-04-12,24.22,24.44,23.83,24.01,182101.0
2019-04-15,24.38,24.79,24.03,24.07,368489.0
2019-04-16,24.18,24.57,23.83,24.55,335375.0
2019-04-17,24.54,24.54,24.0,24.13,264268.0
2019-04-18,24.1,24.2,23.96,24.13,162390.0
2019-04-19,24.11,24.25,23.97,24.13,148101.0
2019-04-22,23.88,23.88,23.11,23.13,356655.0
2019-04-23,23.13,23.61,23.11,23.26,192402.0
2019-04-24,23.45,23.66,23.27,23.53,185854.0
2019-04-25,23.39,23.66,23.06,23.16,131141.0
2019-04-26,23.08,23.38,22.74,22.82,159033.0
2019-04-29,22.98,23.25,22.71,23.22,209243.0
2019-04-30,22.81,23.47,22.58,23.38,202112.0
2019-05-06,22.78,22.98,21.29,22.01,335538.0
2019-05-07,22.2,22.63,21.88,22.45,204968.0
2019-05-08,22.17,22.66,22.04,22.36,180843.0
2019-05-09,22.14,22.43,21.74,21.85,155751.0
2019-05-10,22.13,22.49,21.5,22.48,174570.0
2019-05-13,22.14,22.38,21.85,22.38,128796.0
2019-05-14,21.98,22.81,21.88,22.43,257008.0
2019-05-15,22.57,22.88,22.34,22.7,162056.0
2019-05-16,22.54,23.34,22.54,22.94,225567.0
2019-05-17,22.94,23.01,22.38,22.49,121584.0
2019-05-20,22.38,23.32,22.29,22.95,249421.0
2019-05-21,22.94,23.19,22.65,22.71,175180.0
2019-05-22,22.65,23.17,22.38,22.98,275784.0
2019-05-23,22.78,22.8,22.44,22.67,142456.0
2019-05-24,22.66,23.26,22.63,23.05,257485.0
2019-05-27,23.0,23.25,22.75,23.25,178479.0
2019-05-28,23.13,23.73,23.1,23.71,336749.0
2019-05-29,23.44,23.56,23.03,23.33,120995.0
2019-05-30,23.36,23.36,22.8,23.01,95399.0
2019-05-31,22.96,23.43,22.86,23.1,181043.0
2019-06-03,23.13,23.33,22.83,22.86,152937.0
2019-06-04,22.88,23.26,22.59,22.78,187103.0
2019-06-05,23.03,23.24,22.69,22.81,174101.0
2019-06-06,22.81,22.88,22.25,22.39,159131.0
2019-06-10,22.47,22.83,22.42,22.61,102281.0
2019-06-11,22.68,23.15,22.68,23.0,140416.0
2019-06-12,23.01,23.24,22.72,22.95,171960.0
2019-06-13,22.86,22.9,22.48,22.62,107754.0
2019-06-14,22.76,23.08,22.48,22.56,150134.0
2019-06-17,22.5,22.65,22.4,22.41,67836.0
2019-06-18,22.48,22.48,22.06,22.08,114921.0
2019-06-19,22.49,22.55,21.94,22.06,129931.0
2019-06-20,22.1,22.55,21.99,22.33,138787.0
2019-06-21,22.48,22.67,22.31,22.66,143172.0
2019-06-24,22.55,22.66,22.27,22.4,89851.0
2019-06-25,22.41,22.49,22.08,22.45,78020.0
2019-06-26,22.37,22.43,22.16,22.22,52708.0
2019-06-27,22.26,22.64,22.22,22.4,109196.0
2019-06-28,22.42,22.45,22.21,22.28,53586.0
2019-07-01,22.48,22.93,22.3,22.88,235550.0
2019-07-02,22.77,23.04,22.53,22.98,179157.0
2019-07-03,22.89,23.44,22.77,23.26,181775.0
2019-07-04,23.33,23.86,23.28,23.43,171624.0
2019-07-05,23.58,23.59,23.17,23.37,108506.0
2019-07-08,23.23,23.49,22.77,23.12,93978.0
2019-07-09,23.13,23.39,22.97,23.13,95469.0
2019-07-10,23.41,23.47,23.01,23.12,91533.0
2019-07-11,23.451,23.451,22.651,22.681,145049.0
2019-07-12,22.661,23.301,22.621,23.151,166197.0
2019-07-15,23.081,23.441,22.791,23.141,109923.0
2019-07-16,23.161,23.221,22.921,22.931,105685.0
2019-07-17,22.951,23.391,22.891,23.201,102570.0
2019-07-18,23.291,23.291,22.871,23.031,60238.0
2019-07-19,23.191,23.751,23.191,23.541,149637.0
2019-07-22,23.501,23.911,23.391,23.701,163969.0
2019-07-23,23.581,23.701,23.051,23.271,143561.0
2019-07-24,23.311,23.351,23.101,23.171,110969.0
2019-07-25,23.101,23.191,22.961,23.151,88745.0
2019-07-26,22.971,23.291,22.971,23.201,68642.0
2019-07-29,23.071,23.381,23.071,23.101,75165.0
2019-07-30,23.231,23.431,23.081,23.281,81856.0
2019-07-31,23.101,23.121,22.741,22.781,154381.0
2019-08-01,22.651,22.781,22.081,22.171,194270.0
2019-08-02,21.751,22.111,21.361,21.961,189560.0
2019-08-05,21.691,21.831,21.501,21.521,147764.0
2019-08-06,21.451,21.751,21.161,21.561,173121.0
2019-08-07,21.671,21.941,21.671,21.821,92211.0
2019-08-08,21.811,21.921,21.731,21.871,80214.0
2019-08-09,21.701,21.741,21.141,21.481,223425.0
2019-08-12,21.471,21.851,21.381,21.671,92875.0
2019-08-13,21.601,21.831,21.381,21.551,77525.0
2019-08-14,21.811,21.821,21.281,21.311,80210.0
2019-08-15,21.151,21.771,21.051,21.691,98041.0
2019-08-16,21.691,21.871,21.561,21.581,56279.0
2019-08-19,22.751,23.241,22.401,22.761,485514.0
2019-08-20,22.761,23.101,22.611,22.781,168838.0
2019-08-21,22.701,22.711,22.181,22.251,169047.0
2019-08-22,22.361,22.431,22.121,22.261,181277.0
2019-08-23,22.281,22.561,22.191,22.511,155549.0
2019-08-26,21.991,22.531,21.871,22.511,137336.0
2019-08-27,22.501,22.771,22.251,22.571,259132.0
2019-08-28,22.701,22.711,22.451,22.591,75242.0
2019-08-29,22.461,22.591,21.841,21.871,202433.0
2019-08-30,22.141,22.141,21.801,21.901,82769.0
2019-09-02,21.981,22.061,21.731,21.841,90824.0
2019-09-03,21.801,21.991,21.681,21.751,115398.0
2019-09-04,21.841,22.301,21.751,22.211,181280.0
2019-09-05,22.211,22.681,22.171,22.231,175977.0
2019-09-06,22.431,22.441,22.051,22.181,103588.0
2019-09-09,22.271,22.491,22.151,22.331,151309.0
2019-09-10,22.441,22.441,22.141,22.201,82473.0
2019-09-11,22.251,22.311,21.951,22.241,107460.0
2019-09-12,22.341,22.731,22.331,22.481,145005.0
2019-09-16,22.451,22.491,22.281,22.361,71006.0
2019-09-17,22.231,22.351,21.981,22.071,84453.0
2019-09-18,22.211,22.271,21.971,21.981,91785.0
2019-09-19,22.061,22.091,21.811,21.871,73109.0
2019-09-20,21.961,22.091,21.751,22.051,168957.0
2019-09-23,21.991,22.001,21.601,21.721,67112.0
2019-09-24,21.811,21.841,21.611,21.641,74403.0
2019-09-25,21.561,21.641,21.411,21.411,76401.0
2019-09-26,21.411,21.531,21.231,21.271,147391.0
2019-09-27,21.211,21.321,21.061,21.151,103260.0
2019-09-30,21.071,21.421,21.071,21.141,96664.0
2019-10-08,21.131,21.791,21.111,21.681,154974.0
2019-10-09,21.531,22.141,21.491,21.911,144257.0
2019-10-10,21.981,22.211,21.891,21.971,99264.0
2019-10-11,22.241,22.271,21.951,22.141,100903.0
2019-10-14,22.201,22.531,22.131,22.351,192303.0
2019-10-15,22.451,22.451,22.061,22.111,62057.0
2019-10-16,22.251,22.701,22.191,22.291,144698.0
2019-10-17,22.291,22.321,21.851,22.041,123551.0
2019-10-18,22.121,22.301,21.591,21.751,113522.0
2019-10-21,21.751,22.091,21.751,21.931,64220.0
2019-10-22,22.101,22.151,21.771,21.911,55937.0
2019-10-23,21.911,21.991,21.681,21.811,64886.0
2019-10-24,21.841,21.991,21.651,21.861,62237.0
2019-10-25,21.951,22.051,21.661,21.871,89684.0
2019-10-28,21.841,21.981,21.561,21.671,106649.0
2019-10-29,21.741,21.791,21.471,21.511,89337.0
2019-10-30,21.481,21.621,21.051,21.181,158630.0
2019-10-31,21.181,21.301,20.791,20.871,161890.0
2019-11-01,20.871,21.211,20.701,21.091,84996.0
2019-11-04,21.241,21.311,21.021,21.191,96598.0
2019-11-05,21.271,21.431,20.961,21.301,118547.0
2019-11-06,21.291,21.311,20.961,21.051,67721.0
2019-11-07,21.021,21.151,20.971,21.031,57997.0
2019-11-08,21.041,21.121,20.821,20.861,97299.0
2019-11-11,20.761,20.921,20.651,20.671,87332.0
2019-11-12,20.851,20.911,20.611,20.791,67962.0
2019-11-13,20.721,20.801,20.431,20.531,86478.0
2019-11-14,20.621,20.621,20.351,20.411,86310.0
2019-11-15,20.521,20.631,20.311,20.451,78541.0
2019-11-18,20.451,20.521,20.181,20.281,86371.0
2019-11-19,20.281,20.661,20.251,20.621,56626.0
2019-11-20,20.401,20.661,20.401,20.441,46069.0
2019-11-21,20.381,20.621,20.331,20.551,58513.0
2019-11-22,20.641,20.681,20.361,20.481,66799.0
2019-11-25,20.541,21.031,20.451,20.931,139761.0
2019-11-26,21.071,21.181,20.851,21.181,170968.0
2019-11-27,21.031,21.121,20.581,20.721,89829.0
2019-11-28,20.751,20.771,20.391,20.481,65272.0
2019-11-29,20.361,20.541,20.191,20.261,76629.0
2019-12-02,20.341,20.531,20.271,20.511,38582.0
2019-12-03,20.331,20.841,20.331,20.781,77270.0
2019-12-04,20.741,20.831,20.601,20.781,65497.0
2019-12-05,20.871,20.901,20.701,20.791,69222.0
2019-12-06,20.851,20.931,20.721,20.921,61595.0
2019-12-09,21.051,21.481,21.031,21.211,123451.0
2019-12-10,21.201,21.211,21.041,21.051,54397.0
2019-12-11,21.051,21.391,21.051,21.181,89384.0
2019-12-12,21.241,21.291,21.051,21.151,93701.0
2019-12-13,21.301,21.381,21.211,21.231,207858.0
2019-12-16,21.231,21.631,21.181,21.551,172454.0
2019-12-17,21.571,22.171,21.451,21.801,196039.0
2019-12-18,21.801,22.201,21.801,22.001,153475.0
2019-12-19,22.001,22.201,21.951,22.021,109657.0
2019-12-20,22.161,22.431,22.041,22.151,136635.0
2019-12-23,22.301,22.311,21.901,21.971,123866.0
2019-12-24,21.871,21.981,21.571,21.771,54678.0
2019-12-25,21.771,21.771,21.531,21.691,43169.0
2019-12-26,21.741,22.141,21.741,22.021,68857.0
2019-12-27,22.031,22.121,21.811,21.911,95274.0
2019-12-30,21.931,22.151,21.791,22.131,134659.0
2019-12-31,22.131,22.171,21.911,22.021,111056.0
2020-01-02,22.141,22.611,22.141,22.481,161554.0
2020-01-03,22.601,22.631,22.261,22.481,97179.0
2020-01-06,22.301,22.461,21.861,22.061,154833.0
2020-01-07,22.131,22.261,22.051,22.191,76762.0
2020-01-08,21.961,22.121,21.481,21.631,174327.0
2020-01-09,21.861,22.001,21.761,21.951,97393.0
2020-01-10,22.011,22.041,21.731,21.781,89615.0
2020-01-13,21.791,21.901,21.671,21.821,94906.0
2020-01-14,21.861,21.951,21.571,21.641,115518.0
2020-01-15,21.571,21.631,21.351,21.371,105551.0
2020-01-16,21.451,21.501,21.051,21.171,144726.0
2020-01-17,21.301,21.311,20.811,21.021,156972.0
2020-01-20,21.021,21.021,20.741,20.811,138302.0
2020-01-21,20.731,20.851,20.451,20.541,165890.0
2020-01-22,20.441,20.831,20.401,20.781,151293.0
2020-01-23,20.611,20.711,20.201,20.281,174811.0
2020-02-03,18.471,18.671,18.471,18.471,232357.0
2020-02-04,18.051,18.581,18.051,18.531,249538.0
2020-02-05,18.551,18.841,18.301,18.721,178948.0
2020-02-06,18.891,18.891,18.511,18.761,157507.0
2020-02-07,18.591,18.671,18.401,18.611,199481.0
2020-02-10,18.571,19.251,18.451,19.161,181531.0
2020-02-11,19.231,19.461,19.061,19.321,119771.0
2020-02-12,19.321,19.461,19.201,19.391,92450.0
2020-02-13,19.491,20.051,19.431,19.751,190622.0
2020-02-14,19.821,20.351,19.741,20.201,168788.0
2020-02-17,20.141,20.351,20.051,20.221,144545.0
2020-02-18,20.181,20.201,19.841,20.091,136563.0
2020-02-19,20.101,20.301,19.921,20.151,116329.0
2020-02-20,20.151,20.231,19.991,20.161,116256.0
2020-02-21,20.161,20.221,19.951,20.151,118284.0
2020-02-24,20.051,20.101,19.751,19.811,141154.0
2020-02-25,19.661,20.041,19.571,19.621,148148.0
2020-02-26,19.451,20.281,19.451,19.861,170493.0
2020-02-27,19.901,20.031,19.601,19.621,102398.0
2020-02-28,19.451,20.061,19.231,19.491,177424.0
2020-03-02,19.451,20.791,19.451,20.671,366139.0
2020-03-03,20.781,20.951,20.291,20.681,213938.0
2020-03-04,20.831,21.581,20.651,21.461,300846.0
2020-03-05,21.361,21.421,21.001,21.351,155271.0
2020-03-06,21.111,21.351,20.831,20.871,90753.0
2020-03-09,20.301,20.811,20.271,20.491,130483.0
2020-03-10,20.551,21.131,20.291,20.571,105086.0
2020-03-11,20.811,20.811,20.331,20.351,78676.0
2020-03-12,20.201,20.231,19.811,19.981,106391.0
2020-03-13,19.261,19.861,19.191,19.671,102126.0
2020-03-16,19.831,19.831,18.911,19.111,147612.0
2020-03-17,19.051,19.461,18.781,18.921,136697.0
2020-03-18,19.031,19.141,18.631,18.671,104715.0
2020-03-19,18.561,18.771,18.101,18.361,96092.0
2020-03-20,18.761,19.101,18.451,19.091,223142.0
2020-03-23,18.561,18.601,18.251,18.381,103269.0
2020-03-24,18.531,18.801,18.471,18.621,94119.0
2020-03-25,18.921,19.321,18.661,19.301,152782.0
2020-03-26,19.071,19.171,18.951,19.001,55755.0
2020-03-27,19.161,19.431,18.981,18.991,127506.0
2020-03-30,18.651,18.921,18.511,18.581,87652.0
2020-03-31,18.691,18.891,18.451,18.631,56365.0
2020-04-01,18.741,18.791,18.541,18.651,82034.0
2020-04-02,18.521,18.761,18.471,18.761,50360.0
2020-04-03,18.771,18.771,18.541,18.601,50371.0
2020-04-07,18.831,18.931,18.761,18.871,76594.0
2020-04-08,18.851,18.851,18.631,18.761,44083.0
2020-04-09,18.881,18.951,18.741,18.751,46046.0
2020-04-10,18.901,18.911,18.641,18.741,67348.0
2020-04-13,18.731,18.861,18.661,18.801,79032.0
2020-04-14,18.711,18.941,18.691,18.871,120112.0
2020-04-15,18.861,18.971,18.661,18.871,84759.0
2020-04-16,18.841,18.901,18.661,18.791,74442.0
2020-04-17,18.951,19.101,18.741,18.931,121987.0
2020-04-20,18.991,18.991,18.711,18.931,96226.0
2020-04-21,18.861,19.141,18.761,18.761,105510.0
2020-04-22,18.671,18.831,18.581,18.761,66959.0
2020-04-23,18.951,19.401,18.851,19.321,153627.0
2020-04-24,19.401,19.421,19.171,19.301,105843.0
2020-04-27,19.381,19.441,19.051,19.101,72814.0
2020-04-28,19.281,19.631,18.771,19.101,101420.0
2020-04-29,18.851,19.571,18.791,19.521,127947.0
2020-04-30,19.431,19.601,19.271,19.271,109924.0
2020-05-06,19.031,19.151,18.861,18.971,146994.0
2020-05-07,18.891,18.971,18.761,18.781,86036.0
2020-05-08,18.781,18.901,18.721,18.811,103692.0
2020-05-11,18.891,18.951,18.781,18.881,67807.0
2020-05-12,18.911,18.911,18.731,18.781,50090.0
2020-05-13,18.731,18.841,18.621,18.771,49134.0
2020-05-14,18.751,18.751,18.431,18.451,81527.0
2020-05-15,18.551,18.701,18.501,18.531,52560.0
2020-05-18,18.481,18.651,18.381,18.541,65448.0
2020-05-19,18.631,18.691,18.511,18.561,61052.0
2020-05-20,18.591,18.601,18.461,18.491,38946.0
2020-05-21,18.581,18.611,18.481,18.511,51510.0
2020-05-22,18.471,18.491,18.151,18.151,64018.0
2020-05-25,18.151,18.391,18.071,18.331,33919.0
2020-05-26,18.311,18.391,18.261,18.381,27144.0
2020-05-27,18.311,18.401,18.241,18.271,37586.0
2020-05-28,18.311,18.671,18.291,18.341,55399.0
2020-05-29,18.351,18.391,18.161,18.181,105731.0
2020-06-08,18.991,19.631,18.751,19.041,265885.0
2020-06-09,19.051,19.271,18.951,19.131,113740.0
2020-06-10,19.151,19.191,18.841,18.861,119085.0
2020-06-11,18.891,19.031,18.671,18.681,101255.0
2020-06-12,18.451,18.621,18.361,18.551,138171.0
2020-06-15,18.531,18.851,18.531,18.541,136985.0
2020-06-16,18.701,18.911,18.631,18.831,117892.0
2020-06-17,18.961,18.961,18.631,18.701,68863.0
2020-06-18,18.701,18.901,18.651,18.871,77142.0
2020-06-19,18.831,18.921,18.691,18.821,134944.0
2020-06-22,18.781,18.941,18.691,18.691,98109.0
2020-06-23,18.701,18.751,18.511,18.591,85594.0
2020-06-24,18.651,19.031,18.621,18.841,128005.0
2020-06-29,18.801,18.831,18.531,18.531,93567.0
2020-06-30,18.661,18.691,18.481,18.591,128783.0
2020-07-01,18.591,19.601,18.491,19.411,358738.0
2020-07-02,19.261,19.841,19.251,19.701,356006.0
2020-07-03,19.771,20.031,19.471,19.721,275597.0
2020-07-06,20.021,21.461,20.001,21.451,436340.0
2020-07-07,21.551,22.151,20.811,20.921,576680.0
2020-07-08,20.731,20.921,20.261,20.711,500349.0
2020-07-09,20.701,22.021,20.551,21.281,520495.0
2020-07-10,21.051,22.151,20.951,22.001,690244.0
2020-07-13,22.141,22.511,21.281,21.951,555658.0
2020-07-14,21.621,21.851,20.981,21.141,465404.0
2020-07-15,21.251,21.401,20.301,20.321,372497.0
2020-07-16,20.461,20.831,20.121,20.161,266934.0
2020-07-17,20.181,20.571,19.951,20.471,189352.0
2020-07-20,20.611,21.051,20.351,20.921,212264.0
2020-07-21,20.931,21.001,20.651,20.821,179237.0
2020-07-22,20.831,21.111,20.591,21.031,200155.0
2020-07-23,20.792,20.792,20.222,20.352,258317.0
2020-07-24,20.262,20.522,19.822,20.042,193657.0
2020-07-27,20.052,20.202,19.722,19.802,106853.0
2020-07-28,19.902,20.132,19.582,20.042,165051.0
2020-07-29,20.062,20.232,19.912,20.182,106435.0
2020-07-30,20.182,20.182,19.922,20.032,152753.0
2020-07-31,20.032,20.202,19.862,20.022,157285.0
2020-08-03,20.082,20.502,20.032,20.442,255339.0
2020-08-04,20.372,20.682,20.172,20.472,308292.0
2020-08-05,20.362,20.382,20.032,20.112,167608.0
2020-08-06,20.162,20.262,19.942,20.152,147692.0
2020-08-07,20.072,20.102,19.692,19.812,146728.0
2020-08-10,19.842,20.162,19.802,20.152,159312.0
2020-08-11,20.262,20.302,19.842,19.842,145097.0
2020-08-12,19.822,20.112,19.672,20.072,159022.0
2020-08-13,19.992,20.182,19.972,19.982,79118.0
2020-08-14,19.992,20.362,19.822,20.282,181889.0
2020-08-17,20.282,20.722,20.242,20.412,228640.0
2020-08-18,20.372,20.402,20.072,20.182,158310.0
2020-08-19,20.212,20.232,19.982,20.022,122235.0
2020-08-20,20.032,20.112,19.872,19.912,91192.0
2020-08-21,20.032,20.132,19.912,20.072,89331.0
2020-08-24,20.132,20.262,19.912,20.002,115792.0
2020-08-25,19.912,20.032,19.802,19.872,117869.0
2020-08-26,19.842,19.842,19.412,19.482,166678.0
2020-08-27,19.482,19.632,19.192,19.372,110851.0
2020-08-28,19.342,19.652,19.262,19.552,104747.0
2020-08-31,19.522,19.742,19.362,19.662,114519.0
2020-09-01,19.472,19.502,19.292,19.402,67420.0
2020-09-02,19.402,19.962,19.262,19.722,179880.0
2020-09-03,19.362,19.592,19.362,19.422,108705.0
2020-09-04,19.312,19.502,19.232,19.432,82707.0
2020-09-07,19.382,19.632,19.262,19.262,100141.0
2020-09-08,19.282,19.412,19.202,19.362,99361.0
2020-09-09,19.242,19.332,19.142,19.142,92365.0
2020-09-10,19.182,19.492,19.052,19.132,113409.0
2020-09-11,19.082,19.112,18.972,19.012,78906.0
2020-09-14,19.012,19.082,18.802,18.882,77037.0
2020-09-15,18.882,18.902,18.662,18.712,125348.0
2020-09-16,18.622,18.722,18.462,18.572,135637.0
2020-09-17,18.612,18.662,18.432,18.462,118144.0
2020-09-18,18.462,18.982,18.412,18.952,177905.0
2020-09-21,18.982,18.982,18.762,18.812,81070.0
2020-09-22,18.762,18.872,18.572,18.582,73088.0
2020-09-24,18.612,18.882,18.392,18.552,105991.0
2020-09-25,18.562,18.642,18.262,18.302,69749.0
2020-09-28,18.392,18.562,18.232,18.272,88901.0
2020-09-29,18.392,18.422,18.162,18.172,83057.0
2020-09-30,18.192,18.252,17.962,18.112,88521.0
2020-10-09,18.152,18.272,18.132,18.142,91487.0
2020-10-12,18.562,19.112,18.562,18.722,353173.0
2020-10-13,18.762,18.762,18.512,18.692,173947.0
2020-10-14,18.722,18.722,18.322,18.342,152932.0
2020-10-15,18.452,18.492,18.322,18.352,79211.0
2020-10-16,18.302,18.392,18.212,18.342,100870.0
2020-10-19,18.402,18.642,18.142,18.222,145893.0
2020-10-20,18.182,18.292,18.012,18.272,95773.0
2020-10-21,18.282,18.342,18.142,18.242,67926.0
2020-10-22,18.242,18.312,18.162,18.262,62842.0
2020-10-23,18.242,18.322,18.192,18.262,75176.0
2020-10-26,18.262,18.312,18.082,18.142,68466.0
2020-10-27,18.142,18.152,17.992,18.022,69028.0
2020-10-28,18.022,18.022,17.622,17.662,154121.0
2020-10-29,17.522,17.622,17.372,17.482,128110.0
2020-10-30,17.462,17.602,16.982,17.022,151793.0
2020-11-02,17.042,17.142,16.672,16.732,150700.0
2020-11-03,16.792,17.392,16.692,17.252,183218.0
2020-11-04,17.302,17.342,17.062,17.142,93131.0
2020-11-05,17.162,17.462,17.152,17.452,114609.0
2020-11-06,17.512,17.552,17.322,17.502,70315.0
2020-11-09,17.562,17.752,17.512,17.682,122270.0
2020-11-10,17.762,17.882,17.542,17.592,87838.0
2020-11-11,17.482,17.922,17.482,17.842,114463.0
2020-11-12,17.852,17.882,17.582,17.582,63414.0
2020-11-13,17.672,17.672,17.282,17.392,62954.0
2020-11-16,17.412,17.582,17.362,17.522,67569.0
2020-11-17,17.472,18.092,17.452,17.952,198716.0
2020-11-18,17.932,18.042,17.772,17.982,98598.0
2020-11-19,17.962,18.132,17.822,17.862,94636.0
2020-11-20,17.862,17.872,17.502,17.652,122188.0
2020-11-23,17.582,17.752,17.472,17.662,118597.0
2020-11-24,17.632,17.762,17.502,17.552,93183.0
2020-11-25,17.612,17.812,17.422,17.442,104552.0
2020-11-26,17.382,17.492,17.142,17.192,139469.0
2020-11-27,17.212,17.632,17.202,17.432,158443.0
2020-11-30,17.512,17.902,17.512,17.622,226775.0
2020-12-01,17.572,17.612,17.232,17.552,224067.0
2020-12-02,17.712,17.792,17.542,17.542,214431.0
2020-12-03,17.612,17.652,17.322,17.392,203230.0
2020-12-04,17.402,17.432,16.952,17.072,284780.0
2020-12-07,17.082,17.142,16.802,16.832,183673.0
2020-12-08,16.832,16.892,16.712,16.782,127853.0
2020-12-09,16.812,16.842,16.662,16.682,120204.0
2020-12-10,16.672,16.772,16.662,16.702,90266.0
2020-12-11,16.712,16.722,16.282,16.382,198011.0
2020-12-14,16.382,16.582,16.272,16.482,107404.0
2020-12-15,16.482,16.482,16.332,16.422,65321.0
2020-12-16,16.442,16.592,16.362,16.502,80708.0
2020-12-17,16.492,16.552,16.332,16.532,85201.0
2020-12-18,16.522,16.612,16.432,16.432,70292.0
2020-12-21,16.412,16.432,16.142,16.262,111989.0
2020-12-22,16.242,16.452,16.142,16.192,99456.0
2020-12-23,16.312,16.312,16.072,16.132,83049.0
2020-12-24,16.112,16.182,15.962,16.022,72042.0
2020-12-25,16.012,16.012,15.782,15.942,78915.0
2020-12-28,15.912,15.912,15.652,15.672,103845.0
2020-12-29,15.672,16.062,15.622,16.032,120467.0
2020-12-30,15.942,16.082,15.912,15.942,61482.0
2020-12-31,15.942,16.292,15.882,16.252,108866.0
2021-01-04,16.112,16.152,15.822,15.892,164494.0
2021-01-05,15.862,15.902,15.562,15.902,159518.0
2021-01-06,15.772,16.052,15.752,15.912,131576.0
2021-01-07,15.922,16.122,15.812,15.972,128476.0
2021-01-08,15.842,16.372,15.832,16.232,180035.0
2021-01-11,16.232,16.442,16.042,16.212,166241.0
2021-01-12,16.212,16.302,15.892,16.082,134400.0
2021-01-13,16.052,16.082,15.802,15.912,165229.0
2021-01-14,15.862,16.312,15.862,16.162,143650.0
2021-01-15,16.162,16.392,16.062,16.182,140709.0
2021-01-18,16.192,16.352,16.072,16.272,142271.0
2021-01-19,16.212,16.812,16.112,16.612,291373.0
2021-01-20,16.552,16.612,16.192,16.262,181612.0
2021-01-21,16.222,16.292,16.052,16.112,139925.0
2021-01-22,16.142,16.142,15.762,15.772,149682.0
2021-01-25,15.712,15.732,15.532,15.592,134998.0
2021-01-26,15.582,15.712,15.212,15.342,135485.0
2021-01-27,15.272,15.492,15.132,15.232,140562.0
2021-01-28,15.132,15.222,14.852,14.892,157079.0
2021-01-29,14.892,14.992,14.782,14.782,101830.0
2021-02-01,14.802,14.932,14.622,14.842,110163.0
2021-02-02,14.912,15.122,14.712,14.782,138053.0
2021-02-03,14.812,14.822,14.462,14.602,121457.0
2021-02-04,14.562,14.732,14.382,14.662,119987.0
2021-02-05,14.672,14.932,14.672,14.812,101222.0
2021-02-08,14.792,14.942,14.682,14.722,99861.0
2021-02-09,14.732,14.802,14.472,14.792,89617.0
2021-02-10,14.732,14.872,14.582,14.742,107840.0
2021-02-18,14.872,15.212,14.872,15.102,142709.0
2021-02-19,15.042,15.462,15.012,15.432,169603.0
2021-02-22,15.502,15.882,15.462,15.702,191268.0
2021-02-23,15.642,15.712,15.422,15.472,131691.0
2021-02-24,15.532,15.732,15.462,15.572,151641.0
2021-02-25,15.512,16.832,15.502,16.462,705340.0
2021-02-26,16.272,16.312,15.812,15.822,359274.0
2021-03-01,15.812,16.222,15.682,16.012,203309.0
2021-03-02,15.992,16.242,15.812,15.892,146260.0
2021-03-03,15.762,16.042,15.762,15.872,116001.0
2021-03-04,15.822,16.052,15.742,15.772,106828.0
2021-03-05,15.682,15.852,15.532,15.682,106765.0
2021-03-08,15.722,15.812,15.542,15.542,92671.0
2021-03-09,15.542,15.792,15.422,15.492,122239.0
2021-03-10,15.572,15.702,15.452,15.492,80169.0
2021-03-11,15.612,15.642,15.472,15.512,90501.0
2021-03-12,15.482,15.792,15.382,15.602,127212.0
2021-03-15,15.582,15.642,15.402,15.482,111591.0
2021-03-16,15.482,15.912,15.422,15.862,188868.0
2021-03-17,15.772,15.912,15.612,15.672,135370.0
2021-03-18,15.622,15.712,15.492,15.502,109447.0
2021-03-19,15.462,15.502,15.132,15.302,164643.0
2021-03-22,15.162,15.732,15.152,15.652,163838.0
2021-03-23,15.762,15.882,15.592,15.662,161914.0
2021-03-24,15.612,15.762,15.542,15.572,115169.0
2021-03-25,15.652,15.682,15.482,15.532,103265.0
2021-03-26,15.562,15.612,15.452,15.492,104022.0
2021-03-29,15.472,15.512,15.292,15.462,96956.0
2021-03-30,15.372,15.462,15.212,15.232,124868.0
2021-03-31,15.212,15.272,15.132,15.232,104776.0
2021-04-01,15.302,15.332,15.182,15.232,70586.0
2021-04-02,15.212,15.432,15.202,15.272,86850.0
2021-04-06,15.312,15.342,15.212,15.222,68964.0
2021-04-07,15.222,15.342,15.172,15.262,100152.0
2021-04-08,15.242,15.272,15.022,15.022,130924.0
2021-04-09,15.072,15.102,15.012,15.062,59631.0
2021-04-12,15.062,15.122,15.002,15.042,80600.0
2021-04-13,15.132,15.132,14.842,14.912,101101.0
2021-04-14,14.882,15.012,14.872,14.952,67812.0
2021-04-15,14.892,14.982,14.842,14.972,76424.0
2021-04-16,14.972,15.162,14.922,15.142,82922.0
2021-04-19,15.152,15.232,15.042,15.202,85064.0
2021-04-20,15.122,15.142,14.952,15.012,119647.0
2021-04-21,15.012,15.082,14.902,14.992,73683.0
2021-04-22,15.042,15.182,14.972,14.982,96278.0
2021-04-23,14.982,14.982,14.822,14.842,98977.0
2021-04-26,14.842,14.892,14.672,14.672,82900.0
2021-04-27,14.652,14.752,14.612,14.632,68797.0
2021-04-28,14.682,14.702,14.612,14.672,61586.0
2021-04-29,14.672,14.782,14.642,14.702,57727.0
2021-04-30,14.672,14.742,14.472,14.582,114376.0
2021-05-06,14.562,14.762,14.522,14.572,91106.0
2021-05-07,14.572,14.652,14.532,14.552,105266.0
2021-05-10,14.592,14.602,14.412,14.562,85052.0
2021-05-11,14.542,14.702,14.472,14.592,82767.0
2021-05-12,14.602,14.632,14.472,14.502,101232.0
2021-05-13,14.482,14.612,14.452,14.512,106273.0
2021-05-14,14.512,14.702,14.512,14.682,100387.0
2021-05-17,14.672,14.902,14.642,14.812,121232.0
2021-05-18,14.772,14.842,14.712,14.762,84434.0
2021-05-19,14.752,14.762,14.572,14.642,73955.0
2021-05-20,14.572,14.622,14.422,14.452,173412.0
2021-05-21,14.472,14.512,14.372,14.382,98595.0
2021-05-24,14.382,14.452,14.262,14.392,117042.0
2021-05-25,14.412,14.682,14.342,14.642,171347.0
2021-05-26,14.682,14.942,14.662,14.842,193560.0
2021-05-27,14.862,14.872,14.732,14.872,177432.0
2021-05-28,14.782,14.862,14.612,14.642,140315.0
2021-05-31,14.642,14.662,14.492,14.562,90466.0
2021-06-01,14.542,14.632,14.492,14.542,104936.0
2021-06-02,14.542,14.582,14.442,14.522,141188.0
2021-06-03,14.522,14.642,14.422,14.422,159685.0
2021-06-04,14.462,14.492,14.362,14.392,127304.0
2021-06-07,14.382,14.382,14.272,14.272,140764.0
2021-06-08,14.292,14.342,14.252,14.282,141191.0
2021-06-09,14.292,14.342,14.242,14.272,120679.0
2021-06-10,14.262,14.272,14.172,14.172,150683.0
2021-06-11,14.182,14.222,14.102,14.172,181571.0
2021-06-15,14.182,14.192,13.872,13.922,202534.0
2021-06-16,13.932,14.082,13.912,14.012,155935.0
2021-06-17,13.962,14.092,13.902,14.062,167150.0
2021-06-18,14.062,14.072,13.822,13.842,162628.0
2021-06-21,13.832,14.022,13.762,14.002,176841.0
2021-06-22,13.992,14.092,13.932,13.992,105731.0
2021-06-23,13.972,14.022,13.902,13.922,92907.0
2021-06-24,13.922,13.972,13.862,13.902,86490.0
2021-06-25,13.912,13.982,13.882,13.982,88599.0
2021-06-28,13.982,14.012,13.902,13.952,102656.0
2021-06-29,13.982,14.082,13.882,13.902,171337.0
2021-06-30,13.912,13.992,13.852,13.912,103640.0
2021-07-01,14.142,14.562,14.092,14.422,407322.0
2021-07-02,14.422,14.592,14.222,14.282,313877.0
2021-07-05,14.322,14.362,14.062,14.162,204182.0
2021-07-06,14.192,14.702,14.132,14.612,462624.0
2021-07-07,14.632,14.722,14.352,14.422,292944.0
2021-07-08,14.402,14.452,14.122,14.212,310860.0
2021-07-09,14.172,14.312,14.122,14.252,206837.0
2021-07-12,14.322,14.382,14.002,14.052,313191.0
2021-07-13,14.072,14.172,14.022,14.062,173082.0
2021-07-14,14.062,14.102,13.932,13.972,201097.0
2021-07-15,13.972,14.062,13.922,14.032,162073.0
2021-07-16,13.992,14.122,13.942,14.112,221164.0
2021-07-19,14.092,14.112,13.972,14.032,183665.0
2021-07-20,13.982,14.032,13.862,13.982,141464.0
2021-07-21,14.012,14.082,13.982,14.002,133185.0
2021-07-22,14.012,14.162,13.932,14.162,204968.0
2021-07-23,14.162,14.162,13.982,14.002,163532.0
2021-07-26,13.972,13.972,13.772,13.842,210952.0
2021-07-27,13.812,13.882,13.372,13.422,329008.0
2021-07-28,13.397,13.437,13.217,13.247,263441.0
2021-07-29,13.287,13.337,13.087,13.107,197707.0
2021-07-30,13.067,13.087,12.867,12.947,159335.0
2021-08-02,12.897,13.067,12.607,12.997,258802.0
2021-08-03,12.907,13.057,12.877,12.917,190181.0
2021-08-04,12.927,12.927,12.747,12.767,168148.0
2021-08-05,12.907,13.177,12.847,12.977,231245.0
2021-08-06,12.847,12.917,12.757,12.857,218331.0
2021-08-09,12.877,13.427,12.827,13.207,357550.0
2021-08-10,13.197,13.307,13.067,13.237,167144.0
2021-08-11,13.397,13.977,13.397,13.797,587965.0
2021-08-12,13.797,13.847,13.537,13.587,249664.0
2021-08-13,13.537,13.627,13.447,13.567,134142.0
2021-08-16,13.567,13.907,13.537,13.817,264385.0
2021-08-17,13.767,14.027,13.707,13.807,251687.0
2021-08-18,13.757,13.967,13.607,13.897,210856.0
2021-08-19,13.817,13.857,13.507,13.577,200029.0
2021-08-20,13.577,13.707,13.507,13.627,183182.0
2021-08-23,13.657,13.767,13.607,13.667,122027.0
2021-08-24,13.687,14.027,13.667,13.987,352091.0
2021-08-25,13.997,14.047,13.747,13.817,220993.0
2021-08-26,13.767,13.857,13.617,13.677,202294.0
2021-08-27,13.607,13.647,13.547,13.627,138261.0
2021-08-30,13.607,13.607,13.197,13.377,288737.0
2021-08-31,13.327,13.657,13.307,13.547,403489.0
2021-09-01,13.457,14.087,13.427,13.987,513873.0
2021-09-02,13.957,14.117,13.917,14.017,281338.0
2021-09-03,13.937,14.107,13.817,14.067,256805.0
2021-09-06,14.147,14.227,13.907,13.947,293911.0
2021-09-07,14.387,14.567,14.047,14.227,647709.0
2021-09-08,14.187,14.187,13.977,14.047,295094.0
2021-09-09,14.017,14.067,13.887,14.027,230164.0
2021-09-10,13.987,14.287,13.987,14.007,292446.0
2021-09-13,14.007,14.477,13.897,14.327,433506.0
2021-09-14,14.367,14.437,13.927,13.947,361138.0
2021-09-15,13.907,14.297,13.787,14.297,501609.0
2021-09-16,14.237,14.377,14.067,14.107,303571.0
2021-09-17,14.037,14.487,14.037,14.297,429293.0
2021-09-22,14.097,15.367,14.067,15.367,1169072.0
2021-09-23,15.587,16.447,15.587,15.947,1569454.0
2021-09-24,15.927,16.247,15.647,15.857,798246.0
2021-09-27,15.737,16.107,15.117,15.667,743897.0
2021-09-28,15.887,16.737,15.887,16.457,749571.0
2021-09-29,16.457,16.767,16.187,16.467,726720.0
2021-09-30,16.607,17.187,16.277,16.527,760168.0
2021-10-08,16.797,16.887,16.287,16.517,535382.0
2021-10-11,16.487,16.997,16.377,16.417,534026.0
2021-10-12,16.447,16.977,16.287,16.407,666725.0
2021-10-13,16.387,16.667,15.957,16.367,642543.0
2021-10-14,16.417,16.487,15.547,15.707,566000.0
2021-10-15,15.757,15.987,15.537,15.627,412829.0
2021-10-18,15.507,15.647,15.217,15.557,490346.0
2021-10-19,15.517,15.717,15.167,15.477,358797.0
2021-10-20,15.397,15.587,15.227,15.307,309098.0
2021-10-21,15.477,15.697,15.207,15.527,474608.0
2021-10-22,15.677,16.097,15.247,15.337,658091.0
2021-10-25,14.827,15.487,14.737,15.067,559524.0
2021-10-26,15.247,15.247,14.817,14.877,319032.0
2021-10-27,14.937,14.977,14.637,14.787,288283.0
2021-10-28,14.687,14.787,14.477,14.547,362208.0
2021-10-29,14.547,14.587,13.917,14.017,745635.0
2021-11-01,14.007,14.007,13.577,13.627,600265.0
2021-11-02,13.737,13.737,13.137,13.237,708061.0
2021-11-03,13.257,13.557,13.077,13.427,489811.0
2021-11-04,13.417,13.417,13.187,13.267,348273.0
2021-11-05,13.287,13.307,13.057,13.097,383327.0
2021-11-08,13.127,13.187,12.987,13.007,320293.0
2021-11-09,13.007,13.107,12.947,13.007,312445.0
2021-11-10,13.057,13.527,12.937,13.467,922331.0
2021-11-11,13.547,14.457,13.507,14.457,956987.0
2021-11-12,14.677,15.017,14.257,14.737,1541740.0
2021-11-15,14.657,14.717,14.247,14.527,596847.0
2021-11-16,14.367,14.727,14.357,14.557,422120.0
2021-11-17,14.527,14.667,14.407,14.557,286769.0
2021-11-18,14.597,14.737,14.337,14.407,323066.0
2021-11-19,14.377,15.487,14.337,15.097,1113464.0
2021-11-22,14.987,14.987,14.587,14.687,442383.0
2021-11-23,14.687,15.237,14.617,14.997,418780.0
2021-11-24,14.957,15.787,14.907,15.667,789893.0
2021-11-25,15.647,15.787,15.417,15.497,234160.0
2021-11-26,15.457,15.737,15.137,15.487,367379.0
2021-11-29,15.237,15.447,15.167,15.237,257291.0
2021-11-30,15.187,15.317,14.887,15.037,417337.0
2021-12-01,14.987,15.707,14.987,15.637,541353.0
2021-12-02,15.467,15.957,15.417,15.787,469778.0
2021-12-03,15.657,16.137,15.637,15.977,392844.0
2021-12-06,16.437,16.987,16.097,16.117,828365.0
2021-12-07,16.577,16.847,16.047,16.117,591942.0
2021-12-08,16.197,16.407,15.677,16.367,506027.0
2021-12-09,16.387,16.867,16.337,16.657,545123.0
2021-12-10,16.487,16.597,16.137,16.207,373685.0
2021-12-13,16.197,16.367,16.007,16.127,420003.0
2021-12-14,15.917,16.087,15.647,16.007,431553.0
2021-12-15,15.937,16.427,15.887,16.107,275081.0
2021-12-16,16.017,16.197,15.827,16.127,243328.0
2021-12-17,16.227,16.357,15.927,16.097,268575.0
2021-12-20,16.187,16.557,16.067,16.267,394473.0
2021-12-21,16.307,16.837,16.307,16.707,530351.0
2021-12-22,16.637,16.787,16.387,16.587,403755.0
2021-12-23,16.637,16.737,16.287,16.397,257947.0
2021-12-24,16.347,16.737,16.107,16.577,290546.0
2021-12-27,16.537,17.137,16.537,16.767,375236.0
2021-12-28,16.657,16.837,16.337,16.757,367506.0
2021-12-29,16.757,16.827,16.507,16.577,199232.0
2021-12-30,16.547,16.667,16.387,16.537,205862.0
2021-12-31,16.337,17.137,16.337,16.927,386980.0
2022-01-04,16.837,17.097,16.697,16.937,278375.0
2022-01-05,16.937,17.677,16.897,17.067,526406.0
2022-01-06,16.927,17.167,16.727,16.977,350968.0
2022-01-07,16.887,17.847,16.887,17.707,540123.0
2022-01-10,17.587,17.857,17.227,17.667,549177.0
2022-01-11,17.627,18.617,17.587,17.937,710828.0
2022-01-12,17.767,17.767,17.177,17.607,391202.0
2022-01-13,17.587,17.857,16.737,16.797,577428.0
2022-01-14,16.797,16.807,16.217,16.427,638774.0
2022-01-17,16.437,16.877,16.397,16.687,342372.0
2022-01-18,16.637,17.687,16.627,17.347,431571.0
2022-01-19,17.737,18.007,17.287,17.447,417200.0
2022-01-20,17.697,17.967,17.287,17.387,500233.0
2022-01-21,17.397,17.547,16.977,17.257,307763.0
2022-01-24,17.327,17.617,16.877,17.537,290846.0
2022-01-25,17.387,17.527,16.987,17.057,217285.0
2022-01-26,17.367,17.367,16.757,16.987,226682.0
2022-01-27,16.887,17.437,16.817,17.157,322117.0
2022-01-28,17.197,17.427,16.957,17.137,268056.0
2022-02-07,17.137,17.697,17.087,17.617,377778.0
2022-02-08,17.587,17.777,17.427,17.527,235262.0
2022-02-09,17.577,17.997,17.467,17.767,354735.0
2022-02-10,17.617,17.997,17.187,17.847,324318.0
2022-02-11,17.857,18.107,17.587,17.757,260597.0
2022-02-14,17.577,17.697,16.857,17.427,496930.0
2022-02-15,17.347,17.747,17.197,17.307,308825.0
2022-02-16,17.347,17.637,17.027,17.387,210240.0
2022-02-17,17.397,17.417,17.017,17.067,166707.0
2022-02-18,17.067,17.867,17.007,17.837,427680.0
2022-02-21,17.787,17.887,17.447,17.697,271685.0
2022-02-22,17.617,17.937,17.357,17.767,267775.0
2022-02-23,17.637,17.737,17.247,17.437,358544.0
2022-02-24,17.287,17.587,17.037,17.407,438418.0
2022-02-25,17.387,17.887,17.027,17.227,351299.0
2022-02-28,17.057,17.247,16.867,17.137,318751.0
2022-03-01,17.027,17.567,17.027,17.507,346602.0
2022-03-02,17.557,17.887,17.367,17.637,311918.0
2022-03-03,17.577,18.357,17.537,18.177,568584.0
2022-03-04,18.177,18.337,17.907,18.167,264184.0
2022-03-07,18.267,18.677,18.147,18.327,413754.0
2022-03-08,18.207,18.497,18.087,18.187,298948.0
2022-03-09,18.287,18.307,17.187,17.687,376738.0
2022-03-10,17.977,17.987,17.517,17.547,334631.0
2022-03-11,17.367,17.887,17.037,17.797,338895.0
2022-03-14,17.797,18.587,17.587,17.777,352625.0
2022-03-15,17.677,17.777,16.357,16.357,783065.0
2022-03-16,16.087,17.087,15.577,16.797,730874.0
2022-03-17,17.167,17.367,16.777,16.977,508445.0
2022-03-18,16.767,17.787,16.687,17.557,447118.0
2022-03-21,17.257,17.417,16.737,17.097,401119.0
2022-03-22,17.027,17.867,16.847,17.637,593210.0
2022-03-23,17.527,18.587,17.447,18.137,567682.0
2022-03-24,17.867,18.247,17.837,18.007,323681.0
2022-03-25,18.007,18.267,17.697,17.867,229223.0
2022-03-28,17.847,18.587,17.787,18.247,280671.0
2022-03-29,18.177,18.347,17.867,18.097,231925.0
2022-03-30,18.147,18.947,18.117,18.627,534451.0
2022-03-31,18.567,19.087,18.487,18.747,473699.0
2022-04-01,18.607,19.187,18.337,19.077,610297.0
2022-04-06,19.577,20.167,19.027,19.867,823812.0
2022-04-07,19.387,19.837,19.137,19.257,477436.0
2022-04-08,19.377,20.177,18.767,19.867,536561.0
2022-04-11,19.587,20.087,19.197,19.857,552331.0
2022-04-12,19.687,20.037,18.917,19.237,465508.0
2022-04-13,19.157,19.807,18.587,19.347,413660.0
2022-04-14,19.347,20.557,19.197,20.257,664580.0
2022-04-15,20.017,21.287,20.017,20.597,675141.0
2022-04-18,20.467,20.747,19.787,19.867,337483.0
2022-04-19,19.857,20.287,19.437,19.867,353593.0
2022-04-20,19.747,19.937,18.687,18.927,562787.0
2022-04-21,18.817,19.487,18.787,18.967,407501.0
2022-04-22,18.787,19.907,18.537,19.867,583824.0
2022-04-25,19.597,20.087,19.147,19.247,346691.0
2022-04-26,19.247,19.887,19.107,19.497,399668.0
2022-04-27,19.397,19.737,18.537,19.057,497335.0
2022-04-28,18.837,19.667,18.667,19.387,585757.0
2022-04-29,19.277,20.027,18.587,19.257,679862.0
2022-05-05,19.297,19.677,17.737,18.287,870757.0
2022-05-06,17.807,18.237,17.167,17.367,540029.0
2022-05-09,17.267,17.637,17.117,17.437,311130.0
2022-05-10,17.157,17.487,16.807,17.327,633378.0
2022-05-11,17.317,17.567,16.697,16.847,774319.0
2022-05-12,16.717,16.927,16.387,16.597,496828.0
2022-05-13,16.587,17.227,16.517,17.107,638579.0
2022-05-16,17.447,17.647,16.867,17.327,654416.0
2022-05-17,17.177,17.647,17.017,17.187,445161.0
2022-05-18,17.187,17.417,16.867,17.157,345113.0
2022-05-19,16.887,17.347,16.847,17.227,314262.0
2022-05-20,17.367,17.427,16.447,16.907,907036.0
2022-05-23,16.757,16.887,16.097,16.237,791484.0
2022-05-24,16.277,16.817,16.157,16.537,664948.0
2022-05-25,16.417,16.727,16.237,16.557,288480.0
2022-05-26,16.567,16.937,16.477,16.717,496496.0
2022-05-27,16.717,16.717,16.347,16.507,355826.0
2022-05-30,16.437,16.587,16.087,16.187,421426.0
2022-05-31,16.137,16.337,15.877,16.087,661503.0
2022-06-01,16.037,16.407,15.967,16.297,449934.0
2022-06-02,16.287,16.367,16.007,16.107,345268.0
2022-06-06,15.987,15.987,15.487,15.757,854008.0
2022-06-07,15.687,15.937,15.647,15.907,423848.0
2022-06-08,15.787,15.887,15.577,15.847,382937.0
2022-06-09,15.847,16.247,15.777,16.127,415260.0
2022-06-10,16.127,16.167,15.787,15.947,457608.0
2022-06-13,15.827,15.877,15.167,15.287,690776.0
2022-06-14,15.147,15.507,15.077,15.457,485744.0
2022-06-15,15.467,16.247,15.357,15.937,802585.0
2022-06-16,15.927,16.127,15.767,15.887,536089.0
2022-06-17,15.807,16.027,15.727,15.797,478045.0
2022-06-20,15.937,16.287,15.707,16.037,686946.0
2022-06-21,15.987,16.567,15.967,16.127,698605.0
2022-06-22,16.177,16.327,15.867,15.887,315359.0
2022-06-23,15.937,16.387,15.747,16.287,487336.0
2022-06-24,16.287,16.417,16.017,16.137,360843.0
2022-06-27,16.087,16.127,15.857,15.997,549073.0
2022-06-28,15.937,16.177,15.707,15.827,515846.0
2022-06-29,15.847,16.727,15.837,16.547,1083019.0
2022-06-30,16.547,17.177,16.417,17.017,718515.0
2022-07-01,17.007,17.237,16.867,17.027,459208.0
2022-07-04,17.017,17.067,16.697,16.927,620105.0
2022-07-05,16.977,17.037,16.577,16.697,427563.0
2022-07-06,16.647,16.837,16.277,16.387,357747.0
2022-07-07,16.387,16.577,16.187,16.257,310790.0
2022-07-08,16.257,16.597,16.137,16.387,364594.0
2022-07-11,16.317,16.707,16.187,16.267,360886.0
2022-07-12,16.267,16.637,16.237,16.507,298259.0
2022-07-13,16.517,17.017,16.487,16.597,605323.0
2022-07-14,16.467,16.687,16.037,16.517,532277.0
2022-07-15,16.257,16.687,15.827,15.827,630426.0
2022-07-18,15.817,16.487,15.517,16.317,678754.0
2022-07-19,16.327,16.437,16.067,16.327,309454.0
2022-07-20,16.307,16.437,16.117,16.317,255158.0
2022-07-21,16.217,16.357,15.817,15.867,403277.0
2022-07-22,15.807,15.937,15.697,15.797,228271.0
2022-07-25,15.807,16.407,15.787,16.117,402600.0
2022-07-26,16.087,17.217,16.037,17.167,881627.0
2022-07-27,17.257,17.287,16.707,17.167,671350.0
2022-07-28,17.187,17.317,16.887,17.167,475365.0
2022-07-29,17.137,17.687,16.987,17.287,578416.0
2022-08-01,17.187,17.287,16.727,16.847,412225.0
2022-08-02,16.787,17.007,16.597,16.757,357686.0
2022-08-03,16.867,16.987,16.267,16.427,418175.0
2022-08-04,16.427,16.607,16.137,16.357,257072.0
2022-08-05,16.387,16.637,16.227,16.477,203683.0
2022-08-08,16.547,16.837,16.267,16.287,227708.0
2022-08-09,16.237,16.587,15.887,16.327,225172.0
2022-08-10,16.337,16.607,16.167,16.467,231203.0
2022-08-11,16.487,16.947,16.477,16.817,306058.0
2022-08-12,16.767,17.327,16.577,17.177,338639.0
2022-08-15,17.107,17.427,16.867,16.907,242079.0
2022-08-16,16.947,17.127,16.787,16.997,186607.0
2022-08-17,16.997,18.217,16.837,18.057,580579.0
2022-08-18,18.047,18.047,17.637,17.887,300522.0
2022-08-19,17.787,19.087,17.757,18.497,515893.0
2022-08-22,18.387,18.777,18.127,18.537,436063.0
2022-08-23,18.527,18.797,18.157,18.387,335189.0
2022-08-24,18.277,18.547,18.157,18.307,275048.0
2022-08-25,18.377,18.917,18.377,18.797,350935.0
2022-08-26,18.657,18.947,18.537,18.737,221816.0
2022-08-29,18.537,18.737,18.177,18.657,249699.0
2022-08-30,18.537,19.037,18.477,18.877,262752.0
2022-08-31,19.027,19.247,18.637,18.747,320695.0
2022-09-01,18.627,19.437,18.587,18.787,478292.0
2022-09-02,18.797,18.867,18.407,18.627,238642.0
2022-09-05,18.647,19.127,18.337,18.967,310685.0
2022-09-06,18.887,19.547,18.777,19.047,552174.0
2022-09-07,18.907,19.207,18.737,19.137,288269.0
2022-09-08,19.217,19.347,18.827,18.967,186650.0
2022-09-09,19.057,19.777,18.927,19.747,724806.0
2022-09-13,19.577,19.787,19.247,19.457,385125.0
2022-09-14,19.317,20.307,19.317,19.907,517347.0
2022-09-15,19.937,20.927,19.807,20.337,751195.0
2022-09-16,20.217,20.627,19.737,20.007,715105.0
2022-09-19,19.917,20.817,19.627,20.647,619692.0
2022-09-20,20.537,20.787,19.827,20.287,530022.0
2022-09-21,20.027,20.687,20.007,20.327,502630.0
2022-09-22,20.137,20.297,19.447,19.737,611039.0
2022-09-23,19.757,20.297,19.697,19.907,459286.0
2022-09-26,19.927,20.747,19.927,20.267,463898.0
2022-09-27,20.407,20.707,19.937,20.307,497883.0
2022-09-28,20.207,20.477,19.877,20.007,227081.0
2022-09-29,20.007,20.137,19.487,19.887,229217.0
2022-09-30,20.147,20.847,19.727,20.467,466180.0
2022-10-10,20.597,21.527,20.597,21.097,662408.0
2022-10-11,20.857,21.557,20.697,21.017,436957.0
2022-10-12,21.127,21.527,20.887,21.207,408065.0
2022-10-13,20.927,21.057,19.967,20.717,509539.0
2022-10-14,20.557,21.107,19.627,19.797,585243.0
2022-10-17,19.397,19.827,18.857,19.677,735908.0
2022-10-18,19.627,19.947,19.047,19.357,497452.0
2022-10-19,19.307,19.707,19.197,19.567,214212.0
2022-10-20,19.407,19.717,19.167,19.267,272305.0
2022-10-21,19.277,19.847,19.257,19.417,422329.0
2022-10-24,19.247,19.247,18.737,18.807,349684.0
2022-10-25,18.787,18.927,18.537,18.627,254135.0
2022-10-26,18.727,18.777,17.827,18.107,738442.0
2022-10-27,18.027,18.607,18.027,18.387,351830.0
2022-10-28,18.317,18.617,18.047,18.167,368666.0
2022-10-31,17.927,18.147,17.007,17.237,852678.0
2022-11-01,17.247,17.427,16.627,16.987,786216.0
2022-11-02,16.947,17.717,16.837,17.527,567089.0
2022-11-03,17.507,17.677,17.087,17.137,379054.0
2022-11-04,17.147,18.077,17.147,17.927,439455.0
2022-11-07,17.837,18.097,17.607,17.857,294217.0
2022-11-08,17.747,18.577,17.697,18.147,429008.0
2022-11-09,18.407,19.157,17.937,18.037,603192.0
2022-11-10,17.927,18.377,17.627,18.057,358064.0
2022-11-11,18.427,19.447,18.237,18.927,1070283.0
2022-11-14,19.327,19.697,18.417,18.807,1211852.0
2022-11-15,18.707,19.277,18.367,19.047,691964.0
2022-11-16,19.027,19.087,18.427,18.547,484765.0
2022-11-17,18.377,18.677,18.217,18.507,454190.0
2022-11-18,18.507,18.657,18.197,18.377,381697.0
2022-11-21,18.247,18.567,17.967,18.487,440431.0
2022-11-22,18.587,18.867,18.247,18.407,487034.0
2022-11-23,18.397,18.507,18.267,18.447,340491.0
2022-11-24,18.647,18.897,18.157,18.427,489888.0
2022-11-25,18.467,19.577,18.427,19.267,1184415.0
2022-11-28,18.947,19.317,18.827,19.057,526821.0
2022-11-29,20.237,20.527,19.127,20.047,1275564.0
2022-11-30,19.647,19.977,19.207,19.427,1112152.0
2022-12-01,19.487,19.877,18.957,19.117,1141394.0
2022-12-02,18.967,19.047,18.427,18.747,658052.0
2022-12-19,19.127,19.127,17.797,18.077,1282644.0
2022-12-20,17.917,18.227,17.627,17.857,546355.0
2022-12-21,17.747,17.927,17.427,17.487,459266.0
2022-12-22,17.587,17.667,17.107,17.237,540868.0
2022-12-23,17.117,17.307,17.087,17.187,379842.0
2022-12-26,17.187,17.367,16.797,16.847,623255.0
2022-12-27,16.857,17.117,16.797,16.877,554273.0
2022-12-28,16.827,17.257,16.687,17.167,672891.0
2022-12-29,17.047,17.097,16.667,16.827,546059.0
2022-12-30,16.777,16.927,16.517,16.757,539906.0
2023-01-03,16.787,17.137,16.737,16.947,707426.0
2023-01-04,16.927,17.867,16.777,17.677,991227.0
2023-01-05,17.697,17.927,17.467,17.777,594369.0
2023-01-06,17.927,18.017,17.537,17.647,563510.0
2023-01-09,17.737,18.317,17.717,17.827,845015.0
2023-01-10,17.897,18.207,17.737,18.007,440323.0
2023-01-11,18.047,18.927,17.947,18.717,913456.0
2023-01-12,18.627,18.807,18.107,18.357,544981.0
2023-01-13,18.227,18.567,18.147,18.337,311092.0
2023-01-16,18.407,18.557,18.037,18.497,451784.0
2023-01-17,18.497,18.697,18.207,18.417,308726.0
2023-01-18,18.427,18.577,18.237,18.457,266419.0
2023-01-19,18.347,18.837,18.267,18.797,365668.0
2023-01-20,18.777,18.827,18.507,18.577,252188.0
2023-01-30,18.797,18.817,18.437,18.527,639961.0
2023-01-31,18.457,19.137,18.297,18.977,678740.0
2023-02-01,18.977,18.977,18.337,18.547,680585.0
2023-02-02,18.487,18.637,18.327,18.367,425580.0
2023-02-03,18.267,18.317,18.067,18.077,307468.0
2023-02-06,18.017,18.017,17.637,17.787,456813.0
2023-02-07,17.817,18.227,17.817,18.087,466908.0
2023-02-08,18.027,18.497,18.007,18.357,409998.0
2023-02-09,18.357,18.987,18.327,18.877,579548.0
2023-02-10,18.827,19.207,18.707,18.937,392675.0
2023-02-13,18.947,19.127,18.677,18.907,453913.0
2023-02-14,19.077,19.217,18.957,19.017,358215.0
2023-02-15,19.027,19.047,18.627,18.727,358028.0
2023-02-16,18.727,19.087,18.487,18.577,221969.0
2023-02-17,18.587,18.877,18.447,18.627,213446.0
2023-02-20,18.567,19.157,18.557,19.107,418943.0
2023-02-21,19.307,19.517,18.797,18.917,327096.0
2023-02-22,18.757,18.947,18.627,18.707,184453.0
2023-02-23,18.657,18.797,18.547,18.647,247991.0
2023-02-24,18.687,18.747,18.437,18.577,159366.0
2023-02-27,18.537,19.207,18.537,18.777,371662.0
2023-02-28,18.827,19.107,18.647,18.957,340235.0
2023-03-01,19.017,19.407,18.897,19.297,544775.0
2023-03-02,19.277,19.447,19.117,19.207,299500.0
2023-03-03,19.207,19.267,18.957,18.997,239218.0
2023-03-06,18.957,18.967,18.707,18.827,267873.0
2023-03-07,18.867,18.927,18.427,18.497,358008.0
2023-03-08,18.527,18.657,18.367,18.497,224461.0
2023-03-09,18.497,18.727,18.387,18.657,201990.0
2023-03-10,18.607,18.637,18.247,18.297,237068.0
2023-03-13,18.227,18.397,18.047,18.127,343054.0
2023-03-14,18.107,18.257,17.877,17.957,275330.0
2023-03-15,18.067,18.087,17.897,17.967,226340.0
2023-03-16,17.907,18.027,17.687,17.727,248135.0
2023-03-17,17.817,18.177,17.757,17.977,408592.0
2023-03-20,18.057,18.207,17.707,17.747,278264.0
2023-03-21,17.747,17.777,17.447,17.617,325593.0
2023-03-22,17.637,18.167,17.627,18.047,377801.0
2023-03-23,17.977,18.187,17.847,17.947,303608.0
2023-03-24,18.027,18.027,17.377,17.607,459047.0
2023-03-27,17.577,17.587,17.267,17.357,337679.0
2023-03-28,17.407,17.437,17.077,17.227,391877.0
2023-03-29,17.227,17.527,17.227,17.367,313291.0
2023-03-30,17.367,17.787,17.247,17.667,289339.0
2023-03-31,17.657,18.107,17.627,17.747,369937.0
2023-04-03,17.797,18.527,17.757,18.177,460844.0
2023-04-04,18.177,18.337,18.047,18.117,306649.0
2023-04-06,18.077,18.387,18.027,18.127,237485.0
2023-04-07,18.167,19.397,18.167,18.997,791014.0
2023-04-10,18.937,19.207,18.877,19.127,430218.0
2023-04-11,18.937,19.417,18.807,19.287,539416.0
2023-04-12,19.257,19.627,19.117,19.327,337729.0
2023-04-13,19.277,19.427,19.107,19.337,242349.0
2023-04-14,19.277,19.377,19.027,19.117,229565.0
2023-04-17,19.107,19.267,18.907,19.227,313427.0
2023-04-18,19.247,19.577,19.047,19.287,244145.0
2023-04-19,19.287,19.297,18.787,18.877,399480.0
2023-04-20,18.877,18.977,18.327,18.797,544837.0
2023-04-21,18.897,19.127,18.647,18.687,283175.0
2023-04-24,18.627,18.627,18.027,18.127,459823.0
2023-04-25,18.207,18.237,17.727,17.897,329461.0
2023-04-26,17.737,17.827,17.437,17.617,348427.0
2023-04-27,17.617,18.107,17.497,17.957,292708.0
2023-04-28,17.987,18.087,17.627,17.787,324474.0
2023-05-04,17.627,17.747,17.307,17.497,353077.0
2023-05-05,17.457,18.207,17.397,18.107,533150.0
2023-05-08,17.897,18.397,17.477,18.297,559651.0
2023-05-09,18.197,19.027,18.127,18.497,593578.0
2023-05-10,18.517,18.707,17.927,18.097,416651.0
2023-05-11,18.077,18.207,17.857,17.897,274977.0
2023-05-12,17.917,18.237,17.817,17.927,274367.0
2023-05-15,17.907,17.937,17.567,17.887,259753.0
2023-05-16,17.887,17.987,17.687,17.737,193144.0
2023-05-17,17.717,17.977,17.637,17.707,217837.0
2023-05-18,17.787,17.877,17.377,17.477,431998.0
2023-05-19,17.427,17.497,17.137,17.227,280888.0
2023-05-22,17.157,17.257,16.987,17.217,317521.0
2023-05-23,17.137,17.377,17.037,17.227,301560.0
2023-05-24,17.127,17.167,16.627,16.677,464892.0
2023-05-25,16.567,16.857,16.467,16.707,345527.0
2023-05-26,16.697,16.987,16.617,16.887,275041.0
2023-05-29,16.857,17.177,16.817,16.977,227145.0
2023-05-30,16.957,17.227,16.487,17.187,456317.0
2023-05-31,17.207,17.317,16.917,17.037,230925.0
2023-06-01,16.977,17.077,16.767,16.827,247325.0
2023-06-02,16.837,17.507,16.837,17.417,453700.0
2023-06-05,17.277,17.327,17.017,17.097,296933.0
2023-06-06,17.087,17.727,17.037,17.307,471194.0
2023-06-07,17.367,17.777,17.337,17.427,361794.0
2023-06-08,17.407,18.057,17.237,17.867,530757.0
2023-06-09,17.857,17.857,17.557,17.687,246119.0
2023-06-12,17.607,18.007,17.507,17.797,351262.0
2023-06-13,17.787,18.257,17.777,18.037,294412.0
2023-06-14,18.047,18.207,17.857,17.907,315399.0
2023-06-15,17.877,18.167,17.847,18.007,257265.0
2023-06-16,17.987,18.157,17.687,17.797,418640.0
2023-06-19,17.977,18.057,17.567,17.697,424206.0
2023-06-20,17.587,17.717,17.417,17.527,346665.0
2023-06-21,17.417,17.547,17.227,17.247,189519.0
2023-06-26,17.107,17.147,16.907,17.027,308464.0
2023-06-27,17.107,17.957,16.957,17.907,462049.0
2023-06-28,18.027,18.047,17.587,17.767,217443.0
2023-06-29,17.707,17.777,17.387,17.517,148241.0
2023-06-30,17.547,17.747,17.377,17.387,194673.0
2023-07-03,17.407,17.487,17.247,17.287,334841.0
2023-07-04,17.207,17.287,16.817,17.057,445798.0
2023-07-05,17.007,17.137,16.957,17.077,193315.0
2023-07-06,17.007,17.177,16.937,17.067,216318.0
2023-07-07,17.027,17.147,16.887,16.977,178876.0
2023-07-10,16.987,17.037,16.757,16.877,192645.0
2023-07-11,17.067,17.147,16.627,16.697,344549.0
2023-07-12,16.627,16.657,16.177,16.307,526020.0
2023-07-13,16.317,16.407,16.217,16.377,294815.0
2023-07-14,16.377,16.467,16.137,16.337,328824.0
2023-07-17,16.277,16.437,16.237,16.387,152961.0
2023-07-18,16.387,16.637,16.327,16.537,274505.0
2023-07-19,16.517,17.057,16.467,16.817,515088.0
2023-07-20,16.797,17.047,16.737,16.927,381363.0
2023-07-21,16.897,16.997,16.817,16.887,214985.0
2023-07-24,16.927,17.027,16.607,16.787,255327.0
2023-07-25,17.247,17.737,17.247,17.707,891021.0
2023-07-26,17.647,17.897,17.477,17.767,437872.0
2023-07-27,17.567,17.997,17.467,17.777,484322.0
2023-07-28,17.957,18.407,17.787,18.347,576467.0
2023-07-31,18.487,19.297,18.427,18.607,814526.0
2023-08-01,18.487,18.807,18.297,18.397,619145.0
2023-08-02,18.407,18.657,18.337,18.467,366844.0
2023-08-03,18.517,18.917,18.257,18.757,579563.0
2023-08-04,18.977,19.417,18.797,18.827,477719.0
2023-08-07,18.677,18.777,18.157,18.317,682166.0
2023-08-08,18.357,18.397,17.887,17.987,567928.0
2023-08-09,18.057,18.357,17.877,18.077,528334.0
2023-08-10,18.017,18.197,17.917,17.977,385089.0
2023-08-11,18.077,18.257,17.687,17.857,363940.0
2023-08-14,17.647,18.257,17.427,18.077,528735.0
2023-08-15,18.087,18.217,17.927,18.177,350214.0
2023-08-16,18.097,18.687,18.027,18.337,404052.0
2023-08-17,18.277,18.397,18.137,18.307,230969.0
2023-08-18,18.357,18.577,18.217,18.257,256308.0
2023-08-21,18.157,18.157,17.807,17.827,244576.0
2023-08-22,17.957,18.017,17.707,17.917,205206.0
2023-08-23,17.987,18.137,17.817,17.867,196731.0
2023-08-24,17.947,17.947,17.467,17.677,341003.0
2023-08-25,17.707,18.357,17.567,18.137,351196.0
2023-08-28,19.017,19.457,18.417,18.657,809695.0
2023-08-29,18.547,19.137,18.457,19.037,661349.0
2023-08-30,18.887,19.517,18.887,19.167,628648.0
2023-08-31,19.117,19.157,17.927,18.017,970759.0
2023-09-01,18.387,18.817,18.067,18.477,619575.0
2023-09-04,18.687,18.897,18.267,18.307,578484.0
2023-09-05,18.237,18.237,17.817,17.927,462125.0
2023-09-06,17.927,18.267,17.727,18.207,344862.0
2023-09-07,18.117,18.347,18.017,18.077,321044.0
2023-09-08,18.017,18.147,17.857,18.137,146379.0
2023-09-11,18.077,18.137,17.457,17.737,693963.0
2023-09-12,17.607,17.607,17.157,17.347,1017749.0
2023-09-13,17.257,17.447,17.197,17.367,502714.0
2023-09-14,17.357,17.557,17.297,17.327,753970.0
2023-09-15,17.387,17.407,17.137,17.157,427571.0
2023-09-18,17.167,17.177,16.907,17.067,391276.0
2023-09-19,17.047,17.227,16.987,17.187,248533.0
2023-09-20,17.117,17.267,17.067,17.117,194370.0
2023-09-21,17.127,17.327,17.087,17.107,256994.0
2023-09-22,17.027,17.147,17.017,17.117,263032.0
2023-09-25,17.047,17.057,16.767,16.937,392952.0
2023-09-26,16.927,16.957,16.727,16.787,237739.0
2023-09-27,16.807,16.857,16.647,16.687,210470.0
2023-09-28,16.727,16.807,16.607,16.747,226379.0
2023-10-09,16.717,16.717,16.407,16.517,284788.0
2023-10-10,16.507,16.587,16.357,16.377,187309.0
2023-10-11,16.387,16.467,16.207,16.307,323175.0
2023-10-12,16.357,16.637,16.297,16.487,297004.0
2023-10-13,16.397,16.667,16.357,16.587,239075.0
2023-10-16,16.587,16.867,16.317,16.387,221592.0
2023-10-17,16.337,16.467,16.167,16.377,248708.0
2023-10-18,16.317,16.467,16.267,16.327,162455.0
2023-10-19,16.247,16.267,16.027,16.027,258315.0
2023-10-20,15.987,16.297,15.797,16.137,295011.0
2023-10-23,16.067,16.247,15.907,15.997,240025.0
2023-10-24,16.017,16.337,16.017,16.327,219152.0
2023-10-25,16.387,16.537,15.857,15.947,394335.0
2023-10-26,15.857,15.927,15.667,15.777,251964.0
2023-10-27,15.697,15.767,15.337,15.587,528673.0
2023-10-30,15.457,15.517,14.927,15.237,788726.0
2023-10-31,15.237,15.547,15.207,15.397,524415.0
2023-11-01,15.377,15.477,15.287,15.357,319018.0
2023-11-02,15.307,15.457,15.197,15.217,366628.0
2023-11-03,15.237,15.317,15.067,15.127,338878.0
2023-11-06,15.147,15.547,15.107,15.407,528675.0
2023-11-07,15.457,15.607,15.247,15.337,399084.0
2023-11-08,15.287,15.567,15.257,15.437,334727.0
2023-11-09,15.467,15.597,15.377,15.437,356527.0
2023-11-10,15.387,15.417,15.157,15.237,272696.0
2023-11-13,15.207,15.287,15.067,15.237,271692.0
2023-11-14,15.227,15.457,15.217,15.337,341390.0
2023-11-15,15.457,15.487,15.117,15.167,535477.0
2023-11-16,15.127,15.217,14.837,15.137,448778.0
2023-11-17,15.077,15.207,15.007,15.157,240652.0
2023-11-20,15.177,15.227,14.977,15.007,405880.0
2023-11-21,15.087,15.397,15.047,15.217,583756.0
2023-11-22,15.157,15.307,15.027,15.027,321101.0
2023-11-23,15.187,15.467,14.997,15.457,733226.0
2023-11-24,15.697,15.817,15.387,15.487,561866.0
2023-11-27,15.457,15.457,15.157,15.397,405579.0
2023-11-28,15.357,15.387,15.187,15.237,190389.0
2023-11-29,15.177,15.347,14.807,14.837,426245.0
2023-11-30,14.807,14.857,14.627,14.777,538384.0
2023-12-01,14.657,14.747,14.507,14.617,424271.0
2023-12-04,14.567,14.657,14.267,14.327,527275.0
2023-12-05,14.297,14.317,13.957,13.977,552685.0
2023-12-06,13.987,14.227,13.797,14.137,434848.0
2023-12-07,14.087,14.217,14.047,14.087,296424.0
2023-12-08,14.077,14.087,13.887,13.937,368334.0
2023-12-11,13.867,13.867,13.547,13.727,643589.0
2023-12-12,13.877,14.267,13.747,14.157,907512.0
2023-12-13,13.977,14.097,13.757,13.807,516853.0
2023-12-14,13.807,13.957,13.767,13.777,265701.0
2023-12-15,13.937,14.267,13.867,13.987,790755.0
2023-12-18,13.957,14.257,13.817,13.977,514458.0
2023-12-19,13.917,14.007,13.697,13.777,338969.0
2023-12-20,13.777,13.857,13.637,13.637,227192.0
2023-12-21,13.577,13.807,13.547,13.767,315775.0
2023-12-22,13.727,13.807,13.637,13.747,250446.0
2023-12-25,13.737,13.837,13.677,13.717,229724.0
2023-12-26,13.687,13.817,13.457,13.477,289557.0
2023-12-27,13.437,13.667,13.387,13.617,314153.0
2023-12-28,13.557,13.887,13.497,13.857,330895.0
2023-12-29,13.847,13.927,13.717,13.887,342418.0
2024-01-02,13.887,13.887,13.287,13.307,1038695.0
2024-01-03,13.287,13.397,13.217,13.277,507537.0
2024-01-04,13.237,13.257,13.017,13.127,650507.0
2024-01-05,13.087,13.227,12.987,13.027,631755.0
2024-01-08,13.067,13.097,12.817,12.867,522827.0
2024-01-09,12.867,13.097,12.787,12.997,488169.0
2024-01-10,12.947,13.117,12.897,12.997,407461.0
2024-01-11,12.977,13.007,12.817,12.927,486728.0
2024-01-12,12.867,13.037,12.847,12.897,403735.0
2024-01-15,12.887,13.027,12.757,12.987,434838.0
2024-01-16,12.937,13.047,12.827,12.947,325801.0
2024-01-17,12.917,12.927,12.667,12.667,394632.0
2024-01-18,12.617,12.797,12.467,12.757,486419.0
2024-01-19,12.727,12.917,12.707,12.787,415144.0
2024-01-22,12.757,12.837,12.447,12.507,493003.0
2024-01-23,12.507,12.587,12.387,12.507,451439.0
2024-01-24,12.547,12.737,12.467,12.737,480089.0
2024-01-25,12.777,13.337,12.747,13.297,910861.0
2024-01-26,13.287,13.637,13.267,13.517,1151382.0
2024-01-29,13.757,13.907,13.567,13.637,1022863.0
2024-01-30,13.637,13.677,13.337,13.367,598228.0
2024-01-31,13.317,13.477,13.077,13.127,584524.0
2024-02-01,13.007,13.227,12.977,13.007,499709.0
2024-02-02,13.017,13.397,12.817,13.157,647048.0
2024-02-05,13.047,13.087,12.617,12.697,707087.0
2024-02-06,12.627,13.237,12.547,13.147,703055.0
2024-02-07,13.107,13.117,12.777,12.927,740524.0
2024-02-08,13.027,13.477,13.027,13.477,870438.0
2024-02-19,13.517,13.517,13.037,13.317,947381.0
2024-02-20,13.337,13.737,13.297,13.407,736524.0
2024-02-21,13.257,13.857,13.067,13.727,864819.0
2024-02-22,13.597,13.707,13.517,13.647,455156.0
2024-02-23,13.627,13.817,13.597,13.747,540486.0
2024-02-26,13.657,13.707,13.487,13.537,441420.0
2024-02-27,13.467,13.717,13.447,13.717,373507.0
2024-02-28,13.727,13.907,13.557,13.557,562557.0
2024-02-29,13.517,13.807,13.507,13.777,487297.0
2024-03-01,13.767,13.777,13.517,13.637,518257.0
2024-03-04,13.557,13.567,13.187,13.277,819274.0
2024-03-05,13.187,13.337,13.047,13.297,673623.0
2024-03-06,13.227,13.287,13.057,13.087,482424.0
2024-03-07,13.097,13.157,12.937,12.937,513777.0
2024-03-08,12.917,12.977,12.757,12.817,478397.0
2024-03-11,12.817,13.087,12.807,13.087,562734.0
2024-03-12,13.227,13.767,13.097,13.637,1228381.0
2024-03-13,13.607,13.637,13.417,13.477,626308.0
2024-03-14,13.487,13.887,13.467,13.757,694463.0
2024-03-15,13.747,14.027,13.647,13.757,540676.0
2024-03-18,13.757,13.957,13.577,13.877,686468.0
2024-03-19,14.027,14.097,13.837,13.847,723958.0
2024-03-20,13.847,13.947,13.657,13.767,486357.0
2024-03-21,13.737,14.007,13.717,13.837,459112.0
2024-03-22,13.797,13.807,13.637,13.687,395101.0
2024-03-25,13.677,14.197,13.587,13.977,751195.0
2024-03-26,13.957,14.377,13.897,14.277,865079.0
2024-03-27,14.267,14.267,13.917,14.007,569877.0
2024-03-28,13.967,14.127,13.907,14.017,493940.0
2024-03-29,13.927,14.007,13.727,13.807,421854.0
2024-04-01,13.757,13.987,13.737,13.837,488493.0
2024-04-02,13.817,13.817,13.357,13.397,882581.0
2024-04-03,13.337,13.567,13.317,13.407,508032.0
2024-04-08,13.367,13.667,13.337,13.367,579167.0
2024-04-09,13.387,13.397,13.097,13.157,472926.0
2024-04-10,13.137,13.147,12.677,12.747,736706.0
2024-04-11,12.647,12.907,12.567,12.787,486912.0
2024-04-12,12.737,12.847,12.507,12.537,434003.0
2024-04-15,12.487,12.717,12.407,12.627,510211.0
2024-04-16,12.537,12.887,12.427,12.827,708241.0
2024-04-17,12.727,12.907,12.697,12.837,562600.0
2024-04-18,12.757,12.847,12.627,12.707,482026.0
2024-04-19,12.627,12.687,12.527,12.597,432717.0
2024-04-22,12.577,12.647,11.957,12.147,1753999.0
2024-04-23,12.127,12.207,12.027,12.057,877621.0
2024-04-24,12.057,12.077,11.807,11.967,863752.0
2024-04-25,11.917,12.147,11.887,12.067,718979.0
2024-04-26,12.047,12.667,11.987,12.627,1540455.0
2024-04-29,12.537,13.327,12.507,13.187,1554540.0
2024-04-30,13.157,13.157,12.737,12.827,1264647.0
2024-05-06,13.067,13.287,13.007,13.067,1406782.0
2024-05-07,12.997,13.427,12.947,13.317,1126511.0
2024-05-08,13.237,13.267,12.977,13.007,644138.0
2024-05-09,13.077,13.427,13.067,13.287,980787.0
2024-05-10,13.327,14.177,13.327,14.177,2172174.0
2024-05-13,14.057,14.177,13.827,13.957,1413024.0
2024-05-14,13.987,14.437,13.927,14.287,1265287.0
2024-05-15,14.237,15.237,14.207,14.507,1903996.0
2024-05-16,14.457,15.107,14.287,14.787,2283219.0
2024-05-17,14.897,15.777,14.307,15.757,3353397.0
2024-05-20,15.337,15.917,14.937,15.147,2642155.0
2024-05-21,15.037,15.267,14.817,14.927,1446164.0
2024-05-22,14.867,15.537,14.777,14.847,1901490.0
2024-05-23,14.677,14.807,14.547,14.717,1257479.0
2024-05-24,14.597,14.607,14.367,14.407,774784.0
2024-05-27,14.397,14.577,14.127,14.537,878745.0
2024-05-28,14.677,14.827,14.307,14.337,852106.0
2024-05-29,14.437,14.557,14.307,14.457,823072.0
2024-05-30,14.327,14.387,13.957,14.007,1067182.0
2024-05-31,14.007,14.247,13.967,14.007,713913.0
2024-06-03,14.017,14.407,13.907,14.237,867393.0
2024-06-04,14.257,14.527,14.107,14.447,939831.0
2024-06-05,14.417,14.417,14.127,14.137,479236.0
2024-06-06,14.137,14.377,14.057,14.257,587892.0
2024-06-07,14.217,14.527,14.207,14.347,583291.0
2024-06-11,14.287,14.597,14.127,14.397,741550.0
2024-06-12,14.347,14.397,14.187,14.227,382717.0
2024-06-13,14.267,14.327,13.977,14.067,479323.0
2024-06-14,13.977,14.457,13.937,14.357,602428.0
2024-06-17,14.257,14.287,13.917,14.077,564946.0
2024-06-18,14.037,14.227,13.907,13.987,453753.0
2024-06-19,13.947,13.987,13.667,13.757,668066.0
2024-06-20,13.707,13.727,13.417,13.467,642678.0
2024-06-21,13.507,13.557,13.417,13.507,562899.0
2024-06-24,13.407,13.417,13.197,13.227,536500.0
2024-06-25,13.227,13.707,13.097,13.517,817831.0
2024-06-26,13.407,13.507,13.337,13.417,393186.0
2024-06-27,13.427,13.547,13.157,13.157,547777.0
2024-06-28,13.147,13.417,13.107,13.147,537347.0
2024-07-01,13.117,13.917,13.117,13.827,1016688.0
2024-07-02,13.727,14.017,13.587,13.617,609786.0
2024-07-03,13.637,14.017,13.487,13.787,791653.0
2024-07-04,13.777,13.807,13.487,13.507,463810.0
2024-07-05,13.477,13.577,13.267,13.367,420757.0
2024-07-08,13.347,13.437,13.047,13.087,500950.0
2024-07-09,13.067,13.167,12.987,13.097,421559.0
2024-07-10,12.957,13.147,12.807,13.037,481021.0
2024-07-11,13.127,13.207,13.037,13.167,455023.0
2024-07-12,13.167,13.907,13.167,13.647,1229051.0
2024-07-15,13.697,13.867,13.577,13.617,560138.0
2024-07-16,13.567,13.977,13.457,13.807,713993.0
2024-07-17,13.797,14.247,13.787,13.937,694731.0
2024-07-18,13.947,14.237,13.857,14.187,623355.0
2024-07-19,14.117,14.137,13.777,13.867,606702.0
2024-07-22,13.887,13.917,13.637,13.707,597541.0
2024-07-23,13.757,13.837,13.597,13.597,480401.0
2024-07-24,13.567,13.697,13.197,13.247,716692.0
2024-07-25,13.237,13.617,13.227,13.417,477731.0
2024-07-26,13.347,13.577,13.237,13.377,545263.0
2024-07-29,13.257,13.287,12.787,12.877,997552.0
2024-07-30,12.807,12.997,12.797,12.897,539731.0
2024-07-31,12.867,13.507,12.787,13.467,1056846.0
2024-08-01,13.427,13.487,13.107,13.137,632009.0
2024-08-02,13.057,13.257,13.037,13.097,510836.0
2024-08-05,13.027,13.627,13.007,13.257,1075986.0
2024-08-06,13.307,13.577,13.307,13.507,686708.0
2024-08-07,13.437,13.677,13.257,13.567,774461.0
2024-08-08,13.647,13.877,13.407,13.597,878784.0
2024-08-09,13.497,13.967,13.457,13.747,833630.0
2024-08-12,13.677,13.747,13.417,13.447,436893.0
2024-08-13,13.407,13.547,13.347,13.487,359408.0
2024-08-14,13.477,13.527,13.327,13.387,286593.0
2024-08-15,13.367,13.607,13.287,13.537,404676.0
2024-08-16,13.537,13.647,13.427,13.527,305329.0
2024-08-19,13.477,13.717,13.447,13.567,382103.0
2024-08-20,13.557,13.617,13.447,13.517,271589.0
2024-08-21,13.477,13.717,13.357,13.667,397461.0
2024-08-22,13.697,13.877,13.687,13.777,452350.0
2024-08-23,13.757,14.007,13.687,13.927,449371.0
2024-08-26,13.927,14.147,13.827,14.087,434133.0
2024-08-27,14.027,14.077,13.687,13.757,455157.0
2024-08-28,13.707,13.787,13.467,13.497,373582.0
2024-08-29,13.427,13.627,13.377,13.567,310194.0
2024-08-30,13.527,14.407,13.517,13.907,974103.0
2024-09-02,13.787,13.817,13.497,13.507,597015.0
2024-09-03,13.437,13.807,13.397,13.727,539184.0
2024-09-04,13.637,13.937,13.457,13.477,509909.0
2024-09-05,13.577,13.807,13.507,13.707,462125.0
2024-09-06,13.647,13.727,13.577,13.607,253388.0
2024-09-09,13.557,13.627,13.377,13.487,266503.0
2024-09-10,13.497,13.567,13.077,13.237,490764.0
2024-09-11,13.157,13.527,13.097,13.427,419569.0
2024-09-12,13.407,13.537,13.297,13.317,252562.0
2024-09-13,13.367,13.537,13.297,13.487,346110.0
2024-09-18,13.527,14.037,13.487,13.867,556192.0
2024-09-19,13.927,14.347,13.927,14.177,797638.0
2024-09-20,13.887,14.337,13.877,14.257,681800.0
2024-09-23,14.157,14.447,14.117,14.327,505459.0
2024-09-24,14.657,14.787,14.007,14.357,1149044.0
2024-09-25,14.277,14.777,14.207,14.277,1246790.0
2024-09-26,14.157,15.237,14.127,15.237,1821223.0
2024-09-27,15.517,16.047,15.347,15.897,2091697.0
2024-09-30,16.777,16.977,16.007,16.927,2646376.0
2024-10-08,18.097,18.117,15.977,16.627,3915856.0
2024-10-09,16.007,16.027,15.437,15.437,1708074.0
2024-10-10,15.187,15.567,14.767,15.137,2115242.0
2024-10-11,15.007,15.567,14.957,15.307,1435493.0
2024-10-14,15.627,15.997,15.477,15.837,2049806.0
2024-10-15,15.677,16.027,15.517,15.707,1218780.0
2024-10-16,15.877,16.217,15.687,16.117,1896823.0
2024-10-17,16.227,16.227,15.287,15.297,1566409.0
2024-10-18,15.167,15.627,14.897,15.427,1307171.0
2024-10-21,15.827,15.927,15.577,15.777,1419646.0
2024-10-22,15.677,15.927,15.627,15.747,946216.0
2024-10-23,15.727,15.847,15.647,15.757,992145.0
2024-10-24,15.727,15.847,15.537,15.557,894789.0
2024-10-25,15.527,15.867,15.497,15.617,986409.0
2024-10-28,15.627,15.937,15.537,15.837,1133846.0
2024-10-29,15.797,16.157,15.577,15.597,1160047.0
2024-10-30,15.567,15.797,15.507,15.667,890033.0
2024-10-31,15.607,16.437,15.477,15.967,1868563.0
2024-11-01,16.097,16.527,16.007,16.247,1614976.0
2024-11-04,16.477,16.477,15.907,16.257,1179310.0
2024-11-05,16.257,16.767,16.127,16.537,1947906.0
2024-11-06,16.587,17.677,16.307,17.077,2491117.0
2024-11-07,16.777,17.417,16.777,17.357,2426871.0
2024-11-08,17.497,17.547,16.647,16.687,2324511.0
2024-11-11,16.517,16.627,16.267,16.487,1387102.0
2024-11-12,16.487,16.717,16.277,16.417,1195327.0
2024-11-13,16.337,16.497,16.227,16.347,680520.0
2024-11-14,16.527,16.577,15.897,15.897,1296154.0
2024-11-15,15.807,15.927,15.477,15.487,1007911.0
2024-11-18,15.617,15.867,15.507,15.597,991484.0
2024-11-19,15.587,15.607,15.337,15.607,809108.0
2024-11-20,15.537,15.717,15.477,15.697,736425.0
2024-11-21,15.637,15.727,15.517,15.577,551616.0
2024-11-22,15.497,15.617,15.187,15.207,694028.0
2024-11-25,15.227,15.497,15.057,15.337,778116.0
2024-11-26,15.287,15.967,15.277,15.737,1254992.0
2024-11-27,15.677,16.177,15.577,16.067,1308051.0
2024-11-28,15.977,17.047,15.957,16.477,2363287.0
2024-11-29,16.297,16.647,16.217,16.457,1537027.0
2024-12-02,16.367,17.087,16.337,16.767,1983645.0
2024-12-03,16.677,16.857,16.477,16.527,1583195.0
2024-12-04,16.457,16.517,16.087,16.137,1258636.0
2024-12-05,16.067,16.147,15.897,16.027,1042469.0
2024-12-06,16.017,16.147,15.957,16.047,905240.0
2024-12-09,15.987,16.027,15.737,15.797,915016.0
2024-12-10,16.297,16.377,15.857,15.897,1516865.0
2024-12-11,15.837,16.077,15.737,15.917,833642.0
2024-12-12,15.897,15.967,15.777,15.927,901552.0
2024-12-13,15.827,15.847,15.557,15.567,1144104.0
2024-12-16,15.587,15.677,15.397,15.467,652615.0
2024-12-17,15.437,15.507,15.297,15.307,593645.0
2024-12-18,15.377,15.417,15.287,15.337,530817.0
2024-12-19,15.177,15.327,15.167,15.327,581176.0
2024-12-20,15.307,15.397,15.247,15.357,458142.0
2024-12-23,15.357,15.387,15.037,15.057,705701.0
2024-12-24,15.027,15.127,15.007,15.107,486762.0
2024-12-25,15.097,15.127,14.797,14.907,730491.0
2024-12-26,14.867,14.917,14.807,14.827,522238.0
2024-12-27,14.827,15.067,14.827,15.027,700528.0
2024-12-30,14.957,14.967,14.837,14.877,563602.0
2024-12-31,14.897,15.257,14.887,14.917,1140742.0
2025-01-02,14.997,15.227,14.557,14.667,1087826.0
2025-01-03,14.627,14.747,14.417,14.467,728422.0
2025-01-06,14.387,14.517,14.297,14.507,519464.0
2025-01-07,14.477,14.547,14.317,14.537,478182.0
2025-01-08,14.477,14.517,14.247,14.457,555450.0
2025-01-09,14.407,14.717,14.397,14.617,604787.0
2025-01-10,14.607,14.747,14.507,14.507,440851.0
2025-01-13,14.447,14.827,14.377,14.767,697460.0
2025-01-14,14.797,14.927,14.727,14.897,614248.0
2025-01-15,14.877,14.887,14.717,14.767,428113.0
2025-01-16,14.767,14.887,14.657,14.717,442514.0
2025-01-17,14.527,15.067,14.477,14.887,999111.0
2025-01-20,14.857,14.957,14.757,14.837,433000.0
2025-01-21,14.867,15.167,14.707,14.897,959675.0
2025-01-22,14.797,14.847,14.467,14.497,785878.0
2025-01-23,14.597,14.817,14.547,14.607,748191.0
2025-01-24,14.577,14.687,14.537,14.607,417051.0
2025-01-27,14.637,14.767,14.457,14.457,449687.0
2025-02-05,14.507,14.507,14.257,14.327,511777.0
2025-02-06,14.287,14.427,14.257,14.377,404256.0
2025-02-07,14.357,14.617,14.327,14.507,738108.0
2025-02-10,14.467,14.597,14.407,14.517,726057.0
2025-02-11,14.517,14.547,14.257,14.287,846349.0
2025-02-12,14.267,14.477,14.077,14.477,1248078.0
2025-02-13,14.377,14.587,14.327,14.387,1152413.0
2025-02-14,14.387,14.417,14.267,14.357,552391.0
2025-02-17,14.347,14.527,14.307,14.487,758874.0
2025-02-18,14.457,14.487,14.157,14.167,749534.0
2025-02-19,14.137,14.217,14.057,14.197,540333.0
2025-02-20,14.157,14.177,14.027,14.037,553288.0
2025-02-21,14.047,14.117,13.937,13.977,788241.0
2025-02-24,13.987,14.347,13.937,14.297,1337441.0
2025-02-25,14.227,14.337,14.147,14.267,520987.0
2025-02-26,14.277,14.477,14.277,14.467,835434.0
2025-02-27,14.427,14.727,14.407,14.617,894048.0
2025-02-28,14.577,14.727,14.467,14.497,843234.0
2025-03-03,14.547,14.777,14.537,14.677,734013.0
2025-03-04,14.617,14.657,14.417,14.597,493335.0
2025-03-05,14.577,14.577,14.267,14.417,663888.0
2025-03-06,14.427,14.697,14.377,14.647,802758.0
2025-03-07,14.577,14.577,14.397,14.417,544559.0
2025-03-10,14.457,14.457,14.217,14.237,581146.0
2025-03-11,14.167,14.177,14.077,14.157,513526.0
2025-03-12,14.157,14.167,14.067,14.107,401684.0
2025-03-13,14.107,14.137,14.037,14.107,437659.0
2025-03-14,14.117,14.287,14.097,14.277,753784.0
2025-03-17,14.297,14.447,14.287,14.377,635893.0
2025-03-18,14.377,14.397,14.277,14.327,482123.0
2025-03-19,14.327,14.327,14.217,14.247,407052.0
2025-03-20,14.247,14.297,14.137,14.157,438753.0
2025-03-21,14.137,14.177,14.077,14.137,472554.0
2025-03-24,14.117,14.187,14.027,14.067,514787.0
2025-03-25,14.077,14.157,14.007,14.117,360778.0
2025-03-26,14.097,14.207,14.087,14.107,365898.0
2025-03-27,14.087,14.197,14.017,14.157,451565.0
2025-03-28,14.137,14.237,14.117,14.207,426993.0
2025-03-31,14.197,14.207,13.827,13.847,786153.0
2025-04-01,13.837,14.057,13.837,14.027,541739.0
2025-04-02,13.997,14.047,13.897,14.017,305102.0
2025-04-03,13.977,14.357,13.937,14.307,1021619.0
2025-04-07,14.037,14.167,13.557,13.787,1015369.0
2025-04-08,13.787,14.207,13.737,14.167,939384.0
2025-04-09,14.077,14.527,13.967,14.497,1092160.0
2025-04-10,14.397,14.677,14.247,14.537,989075.0
2025-04-11,14.437,14.477,14.277,14.347,520181.0
2025-04-14,14.297,14.357,14.207,14.317,506296.0
2025-04-15,14.317,14.317,14.177,14.287,409712.0
2025-04-16,14.247,14.447,14.237,14.397,481281.0
2025-04-17,14.337,14.777,14.327,14.547,1075981.0
2025-04-18,14.537,14.627,14.497,14.597,551341.0
2025-04-21,14.517,14.607,14.407,14.507,415155.0
2025-04-22,14.497,14.577,14.447,14.507,423869.0
2025-04-23,14.497,14.527,14.357,14.367,476945.0
2025-04-24,14.377,14.497,14.307,14.427,427601.0
2025-04-25,14.407,14.707,14.027,14.047,1629227.0
2025-04-28,14.007,14.037,13.727,13.767,1102844.0
2025-04-29,13.777,13.827,13.737,13.777,413055.0
2025-04-30,13.827,13.947,13.777,13.827,526371.0
2025-05-06,13.827,13.847,13.757,13.837,551471.0
2025-05-07,14.027,14.087,13.897,13.937,919987.0
2025-05-08,13.887,13.947,13.847,13.867,720720.0
2025-05-09,13.867,13.877,13.647,13.687,952499.0
2025-05-12,13.707,13.717,13.667,13.717,488124.0
2025-05-13,13.737,13.757,13.697,13.727,392736.0
2025-05-14,13.727,13.797,13.657,13.747,602384.0
2025-05-15,13.727,13.757,13.667,13.677,374961.0
2025-05-16,13.677,13.697,13.547,13.587,590162.0
2025-05-19,13.567,13.727,13.557,13.657,438801.0
2025-05-20,13.647,13.687,13.617,13.667,362339.0
2025-05-21,13.657,13.667,13.557,13.567,550781.0
2025-05-22,13.557,13.567,13.407,13.447,598581.0
2025-05-23,13.407,13.477,13.377,13.387,387184.0
2025-05-26,13.377,13.417,13.297,13.367,454492.0
2025-05-27,13.367,13.407,13.357,13.377,251911.0
2025-05-28,13.377,13.477,13.337,13.407,388104.0
2025-05-29,13.387,13.437,13.357,13.417,312212.0
2025-05-30,13.387,13.427,13.327,13.357,365815.0
2025-06-03,13.317,13.347,13.247,13.267,577562.0
2025-06-04,13.267,13.317,13.257,13.297,341280.0
2025-06-05,13.297,13.377,13.277,13.317,374172.0
2025-06-06,13.327,13.377,13.297,13.337,343047.0
2025-06-09,13.347,13.407,13.287,13.367,389080.0
2025-06-10,13.367,13.427,13.277,13.307,465517.0
2025-06-11,13.297,13.377,13.287,13.357,373351.0
2025-06-12,13.347,13.347,13.287,13.307,317488.0
2025-06-13,13.277,13.297,13.167,13.187,491441.0
2025-06-16,13.197,13.627,13.197,13.597,1621668.0
2025-06-17,13.567,13.577,13.427,13.457,527482.0
2025-06-18,13.457,13.477,13.297,13.337,411490.0
2025-06-19,13.307,13.327,13.177,13.187,419968.0
2025-06-20,13.197,13.247,13.127,13.207,412463.0
2025-06-23,13.147,13.267,13.107,13.237,404933.0
2025-06-24,13.237,13.387,13.197,13.377,470570.0
2025-06-25,13.377,13.437,13.337,13.427,454270.0
2025-06-26,13.427,13.497,13.387,13.417,425121.0
2025-06-27,13.417,13.497,13.397,13.397,373654.0
2025-06-30,13.397,13.487,13.377,13.447,325364.0
2025-07-01,13.447,13.467,13.307,13.307,498302.0
2025-07-02,13.327,13.407,13.277,13.397,506460.0
2025-07-03,13.387,13.487,13.357,13.377,470354.0
2025-07-04,13.397,13.427,13.357,13.377,323321.0
2025-07-07,13.387,13.677,13.367,13.637,1278339.0
2025-07-08,13.617,13.697,13.577,13.647,738919.0
2025-07-09,13.647,13.737,13.617,13.657,551831.0
2025-07-10,13.667,13.977,13.637,13.927,1083640.0
2025-07-11,13.927,13.967,13.827,13.847,610838.0
2025-07-14,13.847,13.877,13.697,13.707,509667.0
2025-07-15,13.717,13.737,13.537,13.607,719160.0
2025-07-16,13.607,13.647,13.497,13.537,609257.0
2025-07-17,13.55,13.6,13.55,13.57,465634.0
2025-07-18,13.58,13.73,13.57,13.68,527384.0
2025-07-21,13.68,13.73,13.64,13.71,421473.0
2025-07-22,13.72,13.88,13.63,13.87,743985.0
2025-07-23,13.86,14.01,13.8,13.83,670560.0
2025-07-24,13.8,14.13,13.78,14.04,1014104.0
2025-07-25,14.02,14.27,14.0,14.25,1168227.0
2025-07-28,14.2,14.3,14.03,14.26,785296.0
2025-07-29,14.22,14.3,14.14,14.22,464577.0
2025-07-30,14.2,14.36,14.06,14.09,848536.0
2025-07-31,14.05,14.09,13.54,13.57,1542789.0
2025-08-01,13.57,13.6,13.52,13.53,517477.0
2025-08-04,13.53,13.57,13.49,13.56,395975.0
2025-08-05,13.56,13.67,13.55,13.65,533264.0
2025-08-06,13.62,13.67,13.59,13.65,306089.0
2025-08-07,13.62,13.77,13.59,13.74,516436.0
2025-08-08,13.73,13.76,13.69,13.74,299055.0
2025-08-11,13.81,13.87,13.75,13.76,396160.0
2025-08-12,13.77,13.81,13.7,13.74,356511.0
2025-08-13,13.76,13.78,13.69,13.71,346952.0
2025-08-14,13.72,13.96,13.71,13.77,726705.0
2025-08-15,13.77,14.06,13.76,14.04,945165.0
2025-08-18,14.03,14.07,13.9,13.92,744186.0
2025-08-19,13.97,14.1,13.96,14.05,766217.0
2025-08-20,14.0,14.12,13.95,14.11,602752.0
2025-08-21,14.08,14.14,14.03,14.05,429381.0
2025-08-22,14.05,14.08,13.97,14.04,446973.0
2025-08-25,14.07,14.57,14.06,14.28,1854810.0
2025-08-26,14.21,14.26,14.15,14.21,560252.0
2025-08-27,14.18,14.21,13.89,13.89,702267.0
2025-08-28,13.95,13.98,13.76,13.93,550808.0
2025-08-29,14.02,14.11,13.97,14.02,628831.0
2025-09-01,14.17,14.32,13.99,14.22,1112193.0
2025-09-02,14.21,14.28,13.99,14.11,606449.0
2025-09-03,14.11,14.14,13.89,13.9,488439.0
2025-09-04,13.93,13.97,13.82,13.93,559431.0
2025-09-05,13.92,13.96,13.83,13.96,469065.0
2025-09-08,14.11,14.32,14.07,14.18,1015361.0
2025-09-09,14.19,14.49,14.15,14.44,1046560.0
2025-09-10,14.38,14.44,14.32,14.4,544785.0
2025-09-11,14.35,14.38,14.25,14.32,554360.0
2025-09-12,14.3,14.48,14.28,14.33,698357.0
2025-09-15,14.27,14.6,14.19,14.57,974490.0
2025-09-16,14.5,14.61,14.37,14.54,693229.0
2025-09-17,14.52,14.56,14.39,14.49,431349.0
2025-09-18,14.45,14.47,14.04,14.1,862551.0
2025-09-19,14.1,14.45,14.02,14.41,926391.0
2025-09-22,14.3,14.45,14.16,14.37,571972.0
2025-09-23,14.3,14.33,14.15,14.26,507457.0
2025-09-24,14.22,14.66,14.19,14.49,839374.0
2025-09-25,14.5,14.51,14.35,14.45,464815.0
2025-09-26,14.4,15.03,14.38,14.82,1227673.0
2025-09-29,14.79,14.86,14.62,14.81,573579.0
2025-09-30,14.81,15.08,14.72,15.04,947345.0
2025-10-09,15.15,15.15,14.55,14.97,1179765.0
2025-10-10,14.86,15.07,14.83,15.05,708850.0
2025-10-13,14.82,15.06,14.72,14.97,678465.0
2025-10-14,14.95,15.32,14.92,15.14,927701.0
2025-10-15,15.1,15.32,14.97,15.08,614115.0
2025-10-16,15.06,15.15,14.99,15.14,522017.0
2025-10-17,15.09,15.31,15.03,15.04,496159.0
2025-10-20,15.08,15.1,14.79,14.82,553122.0
2025-10-21,14.82,14.92,14.77,14.9,387268.0
2025-10-22,14.88,15.05,14.74,14.75,424760.0
2025-10-23,14.82,14.82,14.5,14.62,422441.0
2025-10-24,14.61,14.65,14.35,14.37,576025.0
2025-10-27,14.39,14.44,14.31,14.35,428307.0
2025-10-28,14.37,14.38,14.13,14.27,648793.0
2025-10-29,14.24,14.34,14.22,14.3,293159.0
2025-10-30,14.31,14.34,14.14,14.17,437103.0
2025-10-31,14.24,14.47,14.2,14.32,597663.0
2025-11-03,14.32,14.39,14.18,14.23,403008.0
2025-11-04,14.22,14.29,14.14,14.18,310596.0
2025-11-05,14.12,14.21,14.09,14.15,279401.0
2025-11-06,14.17,14.22,14.11,14.13,294859.0
2025-11-07,14.12,14.32,14.08,14.19,424058.0
2025-11-10,14.16,14.47,14.14,14.46,586094.0
2025-11-11,14.43,14.65,14.39,14.57,585749.0
2025-11-12,14.59,14.74,14.57,14.61,443473.0
2025-11-13,14.6,14.69,14.5,14.64,378799.0
2025-11-14,14.62,14.82,14.54,14.56,440279.0
2025-11-17,14.55,14.65,14.53,14.61,341643.0
2025-11-18,14.6,14.6,14.33,14.41,376462.0
2025-11-19,14.4,14.43,14.15,14.26,413280.0
2025-11-20,14.26,14.77,14.21,14.53,976772.0
2025-11-21,14.42,14.68,14.4,14.46,666661.0
2025-11-24,14.45,14.7,14.29,14.32,629509.0
2025-11-25,14.29,14.53,14.2,14.48,443970.0
2025-11-26,14.45,14.51,14.2,14.31,435447.0
2025-11-27,14.25,14.54,13.92,14.38,811488.0
2025-11-28,14.35,14.38,14.07,14.13,667502.0
2025-12-01,14.07,14.34,14.07,14.24,608868.0
2025-12-02,14.24,14.4,14.15,14.31,356552.0
2025-12-03,14.3,14.41,14.24,14.26,326180.0
2025-12-04,14.27,14.51,14.25,14.29,320053.0
2025-12-05,14.23,14.29,13.9,14.11,776942.0
2025-12-08,14.07,14.13,14.03,14.08,333269.0
2025-12-09,14.06,14.06,13.68,13.71,844892.0
2025-12-10,13.68,14.0,13.55,13.84,861702.0
2025-12-11,13.8,13.88,13.71,13.75,538455.0
2025-12-12,13.83,13.89,13.74,13.79,488367.0
2025-12-15,13.71,13.8,13.65,13.71,288071.0
2025-12-16,13.71,13.82,13.56,13.6,382135.0
2025-12-17,13.57,13.65,13.47,13.63,413117.0
2025-12-18,13.59,13.62,13.51,13.54,347924.0
2025-12-19,13.54,13.69,13.5,13.58,474718.0
2025-12-22,13.57,13.61,13.46,13.58,681422.0
2025-12-23,13.55,13.7,13.53,13.63,512296.0
2025-12-24,13.63,13.77,13.62,13.63,391648.0
2025-12-25,13.75,13.75,13.58,13.64,371810.0
2025-12-26,13.6,13.71,13.59,13.66,348272.0
2025-12-29,13.66,13.67,13.47,13.49,577866.0
2025-12-30,13.46,13.5,13.35,13.42,515003.0
2025-12-31,13.49,13.58,13.4,13.51,566723.0
2026-01-05,13.53,14.1,13.53,13.89,1447672.0
2026-01-06,13.87,14.02,13.83,13.89,705547.0
2026-01-07,13.91,13.91,13.71,13.75,563069.0
2026-01-08,13.72,14.03,13.65,13.95,798232.0
2026-01-09,13.95,14.18,13.91,14.05,744636.0
2026-01-12,14.01,14.19,13.95,14.0,670581.0
2026-01-13,13.99,14.21,13.98,14.1,720595.0
2026-01-14,14.1,14.16,13.89,13.9,925792.0
2026-01-15,13.94,14.42,13.93,14.2,950792.0
2026-01-16,14.26,14.28,13.93,13.95,764059.0
2026-01-19,13.91,14.28,13.84,14.12,714805.0
2026-01-20,14.13,14.97,14.12,14.8,1711039.0
2026-01-21,14.7,14.87,14.57,14.63,729174.0
2026-01-22,14.63,15.08,14.59,14.81,1117960.0
2026-01-23,14.77,14.87,14.67,14.74,691501.0
2026-01-26,14.73,14.85,14.57,14.66,766289.0
2026-01-27,14.65,14.85,14.52,14.7,669575.0
2026-01-28,14.74,15.07,14.66,14.94,810541.0
2026-01-29,14.88,15.85,14.88,15.75,1473919.0
2026-01-30,15.67,15.73,15.3,15.44,823989.0
2026-02-02,15.05,15.34,14.87,14.95,976541.0
2026-02-03,15.07,15.32,14.9,15.0,666330.0
2026-02-04,15.02,15.87,14.93,15.74,1111111.0
2026-02-05,15.69,15.92,15.65,15.79,680437.0
2026-02-06,15.73,15.81,15.43,15.5,591676.0
2026-02-09,15.51,15.97,15.48,15.57,986548.0
2026-02-10,15.57,15.58,15.15,15.36,712146.0
2026-02-11,15.28,15.37,15.14,15.27,422236.0
2026-02-12,15.3,15.43,15.16,15.26,396464.0
2026-02-13,15.3,15.37,15.14,15.2,371633.0
2026-02-24,15.22,15.35,14.99,15.01,529772.0
2026-02-25,15.09,15.53,15.08,15.32,837339.0
2026-02-26,15.37,15.42,14.81,14.87,811789.0
2026-02-27,14.9,14.95,14.68,14.78,538909.0
2026-03-02,14.61,14.86,14.58,14.72,491508.0
2026-03-03,14.7,14.96,14.66,14.75,673104.0
2026-03-04,14.67,14.8,14.39,14.63,678291.0
2026-03-05,14.68,14.74,14.41,14.5,438164.0
2026-03-06,14.45,14.6,14.39,14.57,294940.0
2026-03-09,14.42,14.45,14.15,14.29,631248.0
2026-03-10,14.34,14.37,14.19,14.24,639603.0
2026-03-11,14.22,14.5,14.19,14.43,549779.0
2026-03-12,14.42,14.48,14.27,14.36,315077.0
2026-03-13,14.39,14.8,14.38,14.47,636798.0
2026-03-16,14.52,14.85,14.48,14.53,664150.0
2026-03-17,14.6,14.9,14.55,14.61,678657.0
2026-03-18,14.61,14.65,14.27,14.35,553966.0
2026-03-19,14.28,14.34,13.98,14.04,353670.0
2026-03-20,14.04,14.14,13.9,13.9,347992.0
2026-03-23,13.78,13.85,13.58,13.63,478823.0
2026-03-24,13.75,13.75,13.59,13.73,357661.0
2026-03-25,13.75,13.84,13.68,13.8,373421.0
2026-03-26,13.77,13.83,13.53,13.56,421536.0
2026-03-27,13.48,13.57,13.45,13.51,439402.0
2026-03-30,13.4,13.67,13.28,13.47,772388.0
2026-03-31,13.5,13.57,13.27,13.28,779402.0
2026-04-01,13.37,13.4,13.21,13.28,739375.0
2026-04-02,13.23,13.24,12.98,13.01,622035.0
2026-04-03,13.02,13.05,12.74,12.8,588556.0
2026-04-07,12.77,12.83,12.67,12.71,463765.0
2026-04-08,12.82,12.96,12.78,12.95,546749.0
2026-04-09,12.89,12.9,12.75,12.87,457104.0
2026-04-10,12.91,12.95,12.85,12.86,488335.0
2026-04-13,12.81,12.99,12.77,12.98,495835.0
2026-04-14,13.02,13.41,12.97,13.34,1003592.0
2026-04-15,13.31,13.62,13.22,13.41,824096.0
2026-04-16,13.37,13.55,13.35,13.4,358459.0
2026-04-17,13.42,13.87,13.37,13.72,848472.0
2026-04-20,13.64,13.76,13.48,13.57,455838.0
2026-04-21,13.57,13.67,13.4,13.47,407053.0
2026-04-22,13.47,13.53,13.37,13.52,387663.0
2026-04-23,13.5,13.57,13.43,13.49,307914.0
2026-04-24,13.47,13.48,13.21,13.23,512876.0
2026-04-27,13.23,13.42,13.18,13.34,392800.0
2026-04-28,13.35,13.54,13.33,13.52,423290.0
2026-04-29,13.47,13.86,13.44,13.7,574691.0
2026-04-30,13.74,13.79,13.45,13.57,566936.0
2026-05-06,13.74,14.01,13.68,13.92,1077091.0
2026-05-07,13.92,14.16,13.88,14.13,791938.0
2026-05-08,14.14,14.48,14.1,14.3,934108.0
2026-05-11,14.35,14.86,14.22,14.59,994468.0
2026-05-12,14.59,14.9,14.46,14.54,1097581.0
2026-05-13,14.47,14.58,14.29,14.41,676005.0
2026-05-14,14.44,14.5,14.11,14.12,517858.0
2026-05-15,14.12,14.16,13.86,13.94,534396.0
2026-05-18,13.87,13.91,13.47,13.57,780053.0
2026-05-19,13.59,13.97,13.57,13.91,859467.0
2026-05-20,13.92,13.94,13.54,13.81,578298.0
2026-05-21,13.76,13.9,13.38,13.42,616114.0
2026-05-22,13.42,13.5,13.25,13.35,451275.0
2026-05-25,13.3,13.68,13.28,13.51,556915.0
2026-05-26,13.46,13.59,13.35,13.57,419328.0
2026-05-27,13.55,13.55,13.11,13.21,869636.0
2026-05-28,13.2,13.44,13.17,13.26,512086.0
2026-05-29,13.32,13.93,13.32,13.69,1132183.0
2026-06-01,13.58,14.02,13.48,13.97,819354.0
2026-06-02,13.96,14.05,13.7,13.81,597408.0
2026-06-03,13.76,13.81,13.44,13.64,641256.0
2026-06-04,13.57,13.71,13.34,13.5,483630.0
2026-06-05,13.53,13.92,13.3,13.32,718973.0
2026-06-08,13.25,13.37,12.99,13.11,544479.0
2026-06-09,13.11,13.21,12.56,13.11,1215469.0
2026-06-10,12.99,13.21,12.91,13.05,496197.0
2026-06-11,13.0,13.22,12.91,13.14,358754.0
2026-06-12,13.13,13.24,12.98,13.03,594515.0
2026-06-15,13.07,13.17,12.84,12.88,527437.0
2026-06-16,12.87,12.87,12.4,12.43,1006574.0
2026-06-17,12.44,12.49,12.3,12.4,566267.0
2026-06-18,12.35,12.4,12.08,12.12,614098.0
2026-06-22,12.07,12.17,11.86,12.12,817947.0
2026-06-23,12.08,12.22,11.82,11.87,826408.0
2026-06-24,11.87,11.88,11.55,11.61,996815.0
2026-06-25,11.57,11.77,11.47,11.56,848151.0
2026-06-26,11.59,11.66,11.4,11.41,737253.0
2026-06-29,11.39,11.52,11.16,11.39,856577.0
2026-06-30,11.37,11.41,11.19,11.3,786731.0
2026-07-01,11.32,11.57,11.28,11.44,786188.0
2026-07-02,11.44,11.62,11.37,11.49,792388.0
2026-07-03,11.49,11.57,11.42,11.52,695004.0
2026-07-06,11.5,11.65,11.43,11.59,587694.0
2026-07-07,11.57,11.59,11.28,11.32,564138.0
2026-07-08,11.32,11.39,11.2,11.34,471667.0
2026-07-09,11.31,11.37,11.2,11.26,468453.0
2026-07-10,11.37,11.58,11.19,11.49,970174.0
2026-07-13,11.43,11.47,11.16,11.19,735571.0
2026-07-14,11.2,11.23,11.09,11.2,497329.0
2026-07-15,11.17,11.68,11.14,11.54,1054823.0
2026-07-16,11.5,11.69,11.47,11.64,900765.0
2026-07-17,11.63,11.84,11.47,11.53,797373.0
2026-07-20,11.53,11.91,11.53,11.84,1048095.0
2026-07-21,11.822,12.012,11.772,11.842,873960.0
2026-07-22,11.832,12.192,11.772,12.182,832103.0
2026-07-23,12.112,12.132,11.912,11.972,630874.0
2026-07-24,11.922,11.972,11.682,11.682,717762.0
2026-07-27,11.682,11.872,11.662,11.772,417575.0
2026-07-28,11.762,11.902,11.702,11.862,457755.0
2026-07-29,11.852,12.262,11.842,12.072,1236159.0
2026-07-30,12.062,12.232,11.862,11.942,888515.0
2026-07-31,11.832,11.962,11.762,11.872,917681.0
2026-08-03,11.862,12.022,11.732,11.972,811013.0
2026-08-04,11.962,12.002,11.712,11.742,1296889.0
2026-08-05,11.722,11.812,11.622,11.802,824750.0
2026-08-06,11.752,12.002,11.682,11.912,885733.0
2026-08-07,11.892,11.992,11.732,11.942,1011204.0
2026-08-10,11.962,12.252,11.952,12.122,1181598.0
2026-08-11,12.152,12.232,12.092,12.152,533420.0
2026-08-12,12.122,12.622,12.102,12.532,1372519.0
2026-08-13,12.512,12.662,12.312,12.542,1157203.0
2026-08-14,12.482,12.562,12.352,12.522,562764.0
2026-08-17,12.452,12.512,12.302,12.462,482446.0
2026-08-18,12.462,12.602,12.372,12.392,554479.0
2026-08-19,12.402,12.572,12.302,12.442,840886.0
2026-08-20,12.432,12.782,12.392,12.562,931494.0
2026-08-21,12.532,12.552,12.202,12.382,795757.0
2026-08-24,12.372,12.412,12.062,12.162,741487.0
2026-08-25,12.122,12.202,12.032,12.102,840585.0
2026-08-26,12.072,12.302,12.052,12.212,757525.0
2026-08-27,12.212,12.232,12.062,12.102,617754.0
2026-08-28,12.082,12.382,12.032,12.082,1464011.0
2026-08-31,12.302,12.302,11.412,11.452,3899058.0
2026-09-01,11.382,11.472,11.322,11.372,1477430.0
2026-09-02,11.322,11.462,11.242,11.412,1303502.0
2026-09-03,11.422,11.902,11.412,11.752,2154582.0
2026-09-04,11.762,12.112,11.732,11.892,1404302.0
2026-09-07,11.862,11.942,11.752,11.812,872550.0
2026-09-08,11.812,11.952,11.802,11.872,733950.0
2026-09-09,11.862,11.862,11.692,11.742,570825.0
2026-09-10,11.722,11.932,11.682,11.802,578256.0
2026-09-11,11.722,11.782,11.572,11.682,665114.0
2026-09-14,11.622,11.702,11.542,11.672,410959.0
2026-09-15,11.672,11.722,11.602,11.632,314312.0
2026-09-16,11.602,11.672,11.482,11.652,405858.0
2026-09-17,11.612,11.652,11.522,11.592,608707.0
2026-09-18,11.592,12.022,11.552,11.992,1198268.0
2026-09-21,11.892,12.392,11.762,12.302,1719323.0
2026-09-22,12.212,12.362,12.132,12.192,1233489.0
2026-09-23,12.142,12.462,12.132,12.172,1582877.0
2026-09-24,12.102,12.262,12.002,12.102,839958.0
2026-09-28,12.092,12.142,11.962,12.112,1002238.0
2026-09-29,12.242,12.632,12.192,12.512,1744654.0
