date,open,high,low,close,volume
2016-01-04,625.266,629.137,567.81,567.81,553506.0
2016-01-05,521.482,550.755,511.806,537.086,860089.0
2016-01-06,542.771,562.488,518.096,552.327,938953.0
2016-01-07,532.127,532.127,497.29,497.29,296312.0
2016-01-08,504.548,522.692,469.228,502.129,925725.0
2016-01-11,482.775,525.716,478.542,483.985,861788.0
2016-01-12,498.5,520.515,487.735,505.274,947024.0
2016-01-13,506.725,508.177,478.421,479.025,702386.0
2016-01-14,462.212,526.805,455.68,520.878,1353672.0
2016-01-15,513.015,514.951,491.363,500.556,907843.0
2016-01-18,498.5,535.756,498.5,520.636,950418.0
2016-01-19,522.692,546.884,512.41,539.505,1049150.0
2016-01-20,522.45,532.611,509.265,517.37,944527.0
2016-01-21,508.177,527.168,494.145,494.508,694583.0
2016-01-22,501.645,505.153,475.639,499.71,645002.0
2016-01-25,498.5,503.943,490.033,494.025,517220.0
2016-01-26,488.823,490.88,446.608,450.237,706687.0
2016-01-27,450.237,469.712,434.028,464.389,861377.0
2016-01-28,456.527,459.672,440.923,445.036,560390.0
2016-01-29,443.826,474.913,442.858,467.655,767294.0
2016-02-01,465.599,465.599,447.455,456.406,537476.0
2016-02-02,460.398,491.242,457.978,478.542,718745.0
2016-02-03,467.655,483.743,464.994,478.058,489642.0
2016-02-04,480.961,499.71,480.356,487.009,627178.0
2016-02-05,482.775,490.517,472.977,473.098,475236.0
2016-02-15,451.93,474.429,451.93,468.502,360789.0
2016-02-16,474.308,515.193,473.34,505.879,899011.0
2016-02-17,500.919,507.572,495.234,504.427,563215.0
2016-02-18,510.838,526.563,501.04,502.492,627742.0
2016-02-19,499.468,515.434,497.411,507.33,515495.0
2016-02-22,513.62,517.249,500.435,515.676,781842.0
2016-02-23,516.402,516.402,494.992,502.129,548561.0
2016-02-24,499.105,506.846,484.59,498.379,478440.0
2016-02-25,494.992,496.081,448.665,448.665,767343.0
2016-02-26,451.568,456.406,436.81,447.334,463765.0
2016-02-29,442.254,442.254,402.7,402.7,761712.0
2016-03-01,402.7,431.246,392.66,418.666,771673.0
2016-03-02,416.126,445.882,410.199,439.955,874917.0
2016-03-03,439.834,455.922,436.81,438.625,790077.0
2016-03-04,433.061,438.141,406.449,415.038,722776.0
2016-03-07,425.198,447.213,423.626,428.101,648841.0
2016-03-08,423.263,446.85,404.151,442.858,874939.0
2016-03-09,431.851,441.044,427.013,429.795,518965.0
2016-03-10,429.674,436.81,412.86,418.062,496745.0
2016-03-11,409.594,424.593,406.57,421.086,411273.0
2016-03-14,429.553,456.648,425.682,443.947,951277.0
2016-03-15,442.858,446.487,432.698,433.907,539655.0
2016-03-16,445.278,446.487,422.416,428.464,657053.0
2016-03-17,430.883,471.163,429.553,471.163,1671764.0
2016-03-18,475.397,518.096,471.284,518.096,1757740.0
2016-03-21,543.255,567.084,532.369,545.795,2119258.0
2016-03-22,527.409,539.626,521.966,531.522,1206070.0
2016-03-23,530.071,569.866,527.893,565.028,1546806.0
2016-03-24,548.094,573.495,539.626,540.231,1542976.0
2016-03-25,533.578,542.046,519.063,530.675,881707.0
2016-03-28,534.909,539.385,517.975,521.966,712270.0
2016-03-29,519.184,533.457,507.935,518.942,887179.0
2016-03-30,526.321,551.722,523.055,545.312,1314791.0
2016-03-31,543.255,549.303,535.756,537.207,889244.0
2016-04-01,533.578,534.425,511.685,521.482,707619.0
2016-04-05,521.482,555.351,516.523,542.529,935264.0
2016-04-06,537.207,539.505,529.345,535.998,595922.0
2016-04-07,539.143,539.989,519.063,519.063,580721.0
2016-04-08,513.378,525.111,505.274,515.434,590475.0
2016-04-11,531.038,538.417,524.506,524.99,827635.0
2016-04-12,530.554,539.626,517.975,539.626,828795.0
2016-04-13,549.303,569.866,545.674,549.908,1347721.0
2016-04-14,554.988,563.577,547.005,557.77,729494.0
2016-04-15,569.987,571.923,545.674,549.182,617312.0
2016-04-18,532.949,534.038,514.225,521.845,1079828.0
2016-04-19,524.023,530.99,512.701,521.41,892119.0
2016-04-20,521.192,524.24,470.897,479.824,1644932.0
2016-04-21,477.211,482.872,460.011,461.97,1022673.0
2016-04-22,455.656,480.042,454.35,477.647,1049644.0
2016-05-03,477.647,506.604,455.656,501.814,1474632.0
2016-05-04,496.807,505.08,490.275,492.017,891228.0
2016-05-05,489.622,498.984,488.097,495.718,670802.0
2016-05-06,496.807,502.685,467.631,468.502,990864.0
2016-05-09,460.011,463.059,438.673,444.552,973426.0
2016-05-10,444.552,450.866,440.851,446.076,585481.0
2016-05-11,448.906,450.431,433.665,434.972,703446.0
2016-05-12,427.351,436.714,421.037,435.625,668874.0
2016-05-13,431.488,441.504,424.303,430.4,605094.0
2016-05-16,430.4,444.334,426.263,441.939,654894.0
2016-05-17,442.375,471.986,431.706,451.084,1264074.0
2016-05-18,440.415,443.246,425.174,434.754,839879.0
2016-05-19,434.754,458.704,434.319,439.544,969707.0
2016-05-20,433.665,454.567,432.795,454.132,1006168.0
2016-05-23,452.826,461.099,450.431,454.35,974578.0
2016-05-24,446.076,450.866,439.109,444.77,698734.0
2016-05-25,450.866,457.616,442.375,443.681,828077.0
2016-05-26,444.552,455.003,430.835,450.866,926167.0
2016-05-27,446.947,448.253,439.544,442.157,691469.0
2016-05-30,435.625,445.858,433.665,437.802,551947.0
2016-05-31,439.109,481.348,439.109,481.348,2063949.0
2016-06-01,492.017,495.936,480.695,481.348,1908415.0
2016-06-02,477.211,490.492,475.034,487.444,1275067.0
2016-06-03,488.315,527.289,482.219,503.338,2115397.0
2016-06-06,503.121,510.959,496.589,503.338,1177683.0
2016-06-07,503.556,504.863,493.758,496.807,900646.0
2016-06-08,492.888,494.194,483.961,488.315,876635.0
2016-06-13,478.735,486.573,448.906,449.124,1213771.0
2016-06-14,446.729,452.608,440.851,450.648,816071.0
2016-06-15,445.641,476.122,445.205,465.672,1187640.0
2016-06-16,461.97,466.76,453.043,455.438,740372.0
2016-06-17,457.616,473.292,457.18,460.011,894322.0
2016-06-20,457.18,461.752,449.342,456.962,613448.0
2016-06-21,464.147,483.961,456.091,460.664,1300774.0
2016-06-22,456.527,477.864,451.519,477.211,1078330.0
2016-06-23,477.211,478.082,464.147,472.639,935368.0
2016-06-24,468.502,481.13,451.301,464.801,1249898.0
2016-06-27,461.752,478.3,461.752,476.993,979012.0
2016-06-28,472.203,490.275,465.889,483.307,1399274.0
2016-06-29,483.743,487.662,478.3,479.388,1016726.0
2016-06-30,480.042,494.847,480.042,485.92,1196440.0
2016-07-01,485.92,490.057,476.122,479.388,799723.0
2016-07-04,472.857,513.789,472.203,497.46,1548639.0
2016-07-05,494.194,501.161,492.017,495.283,956140.0
2016-07-06,494.629,495.283,487.227,491.363,814661.0
2016-07-07,488.533,492.017,478.953,485.702,840168.0
2016-07-08,485.92,492.017,483.09,485.267,741032.0
2016-07-11,488.097,492.234,481.348,481.566,743095.0
2016-07-12,481.783,498.766,479.388,495.283,1332778.0
2016-07-13,495.936,507.693,493.323,495.718,1547747.0
2016-07-14,495.718,496.589,488.533,491.581,668492.0
2016-07-15,483.743,485.92,456.962,461.752,2064943.0
2016-07-18,456.962,458.704,450.213,455.003,912077.0
2016-07-19,455.656,460.881,453.696,459.357,626709.0
2016-07-20,458.922,463.494,454.35,455.438,596684.0
2016-07-21,456.309,462.406,455.438,456.962,621332.0
2016-07-22,455.003,456.962,447.818,448.253,735073.0
2016-07-25,447.818,455.874,445.858,451.084,480308.0
2016-07-26,451.084,460.881,449.124,456.527,536926.0
2016-07-27,458.269,458.486,424.956,434.319,1057016.0
2016-07-28,434.101,439.98,427.787,432.359,563219.0
2016-07-29,434.101,435.407,426.045,428.222,375211.0
2016-08-01,424.956,424.956,408.844,413.417,659579.0
2016-08-02,414.07,417.118,412.11,414.941,345154.0
2016-08-03,412.981,415.594,408.844,411.675,379578.0
2016-08-04,412.11,423.868,410.369,417.771,554287.0
2016-08-05,417.336,418.642,412.11,414.288,393336.0
2016-08-08,413.199,432.795,409.933,429.529,821381.0
2016-08-09,427.134,430.4,423.868,429.964,424477.0
2016-08-10,429.964,433.23,426.263,426.698,440631.0
2016-08-11,426.045,432.577,423.868,424.521,464358.0
2016-08-12,424.303,427.351,414.07,427.134,600642.0
2016-08-15,426.045,469.591,424.956,469.591,2842724.0
2016-08-16,466.325,472.639,461.752,462.841,1447285.0
2016-08-17,463.494,469.373,452.172,455.874,1080103.0
2016-08-18,454.35,464.147,453.043,456.745,845809.0
2016-08-19,455.003,457.18,451.737,453.696,503060.0
2016-08-22,453.696,458.704,438.673,439.326,719032.0
2016-08-23,437.585,443.463,435.843,439.544,474320.0
2016-08-24,441.068,446.076,437.367,439.544,555291.0
2016-08-25,435.19,435.19,427.569,432.795,680875.0
2016-08-26,434.754,445.641,432.359,433.012,711765.0
2016-08-29,433.883,439.109,431.924,435.843,324590.0
2016-08-30,437.802,443.246,433.665,437.367,479833.0
2016-08-31,437.367,441.721,432.795,441.068,524784.0
2016-09-01,441.068,441.504,433.665,433.665,404360.0
2016-09-02,430.4,439.98,429.746,433.665,360030.0
2016-09-05,435.625,439.762,432.359,433.665,321046.0
2016-09-06,432.795,444.987,427.351,441.939,726665.0
2016-09-07,441.068,442.81,436.06,436.714,461170.0
2016-09-08,435.843,440.851,434.101,436.931,399632.0
2016-09-09,435.843,437.149,430.182,430.4,436764.0
2016-09-12,422.344,423.65,416.465,416.683,677567.0
2016-09-13,419.949,420.82,415.594,418.425,290137.0
2016-09-14,416.03,427.787,413.417,418.207,432233.0
2016-09-19,418.207,426.045,417.989,420.82,316274.0
2016-09-20,420.82,421.255,417.554,419.513,216033.0
2016-09-21,419.295,423.868,418.86,420.166,317013.0
2016-09-22,423.868,424.521,416.9,418.86,343745.0
2016-09-23,420.166,421.255,417.118,417.989,218623.0
2016-09-26,416.247,422.344,412.981,413.635,394731.0
2016-09-27,413.417,419.513,412.981,418.86,288962.0
2016-09-28,418.86,419.949,415.376,417.554,236322.0
2016-09-29,418.425,423.215,417.118,419.295,388925.0
2016-09-30,417.336,420.602,416.683,419.513,226029.0
2016-10-10,423.65,432.577,420.384,429.311,642783.0
2016-10-11,429.311,429.529,424.739,427.134,344062.0
2016-10-12,425.392,427.569,423.215,424.739,260082.0
2016-10-13,426.045,429.746,424.956,426.263,388816.0
2016-10-14,424.739,426.045,418.207,421.908,351931.0
2016-10-17,421.037,422.126,414.505,415.376,349437.0
2016-10-18,416.247,430.835,415.812,426.045,637900.0
2016-10-19,426.916,427.134,421.255,422.344,419188.0
2016-10-20,422.779,423.432,419.295,421.255,309489.0
2016-10-21,421.473,427.134,418.86,420.82,453937.0
2016-10-24,421.037,437.585,418.642,428.875,974426.0
2016-10-25,428.222,428.658,425.174,426.698,421987.0
2016-10-26,425.174,430.182,423.868,425.827,373612.0
2016-10-27,426.045,433.448,425.174,429.311,551232.0
2016-10-28,432.141,446.076,429.964,431.053,1174223.0
2016-10-31,425.827,428.44,422.344,426.263,370237.0
2016-11-01,426.698,431.27,425.392,429.746,415797.0
2016-11-02,428.658,432.577,423.432,423.868,496769.0
2016-11-03,421.69,441.286,420.602,430.4,944455.0
2016-11-04,429.311,438.891,428.005,430.4,712333.0
2016-11-07,430.4,433.665,424.303,426.916,411539.0
2016-11-08,430.4,433.012,427.569,429.529,434202.0
2016-11-09,430.4,431.488,416.683,421.69,608023.0
2016-11-10,427.351,431.706,424.739,427.787,578067.0
2016-11-11,428.005,444.116,428.005,439.544,1494685.0
2016-11-14,439.326,461.535,438.673,449.995,1797828.0
2016-11-15,447.818,452.39,441.286,449.56,779767.0
2016-11-16,449.56,461.97,445.205,445.858,1221952.0
2016-11-17,443.899,445.858,438.891,443.681,540849.0
2016-11-18,442.375,446.729,438.673,439.762,421925.0
2016-11-21,437.802,448.689,436.931,439.762,508228.0
2016-11-22,440.415,464.147,437.149,464.147,1337675.0
2016-11-23,466.978,471.768,456.091,457.616,1805252.0
2016-11-24,454.785,465.454,451.301,454.785,1087205.0
2016-11-25,454.785,461.752,443.463,459.793,1052679.0
2016-11-28,461.97,468.502,456.091,457.616,1022163.0
2016-11-29,455.003,468.067,447.818,463.059,1469728.0
2016-11-30,459.793,491.363,458.922,474.598,2162049.0
2016-12-01,470.897,477.211,468.72,476.34,1040072.0
2016-12-02,475.905,483.09,460.011,461.317,1114190.0
2016-12-05,453.261,466.76,445.641,449.342,998526.0
2016-12-06,449.995,452.826,435.407,437.802,865965.0
2016-12-07,437.149,439.98,435.843,439.544,511612.0
2016-12-08,440.415,440.851,429.964,430.617,646677.0
2016-12-09,429.746,434.754,426.045,431.488,685614.0
2016-12-12,430.182,430.182,394.692,396.652,1299053.0
2016-12-13,394.692,400.571,387.507,394.257,667365.0
2016-12-14,394.474,401.659,390.12,394.474,565402.0
2016-12-15,393.821,401.877,391.862,397.305,476213.0
2016-12-16,397.305,412.11,395.781,402.313,560319.0
2016-12-19,400.135,400.789,393.168,394.692,394609.0
2016-12-20,395.781,397.958,392.297,395.563,298035.0
2016-12-21,397.74,400.135,394.91,397.523,388796.0
2016-12-22,397.523,397.523,391.209,392.95,307159.0
2016-12-23,391.209,393.821,375.75,376.403,654391.0
2016-12-26,370.524,380.758,365.734,379.233,495784.0
2016-12-27,377.056,380.104,375.314,376.403,273233.0
2016-12-28,376.621,379.016,372.702,374.226,243321.0
2016-12-29,373.573,377.492,371.178,371.613,289279.0
2016-12-30,370.96,374.879,370.524,371.178,231035.0
2017-01-03,372.702,377.274,372.484,374.443,386457.0
2017-01-04,372.702,379.451,370.524,379.016,602927.0
2017-01-05,379.233,381.411,375.968,377.709,367126.0
2017-01-06,378.798,379.233,373.79,374.226,286287.0
2017-01-09,374.443,375.968,371.613,374.879,268948.0
2017-01-10,374.008,375.532,372.702,372.702,255657.0
2017-01-11,371.178,374.008,364.863,368.129,417944.0
2017-01-12,367.258,371.613,367.258,367.694,287943.0
2017-01-13,368.347,370.524,359.638,360.073,429526.0
2017-01-16,360.944,362.904,324.801,337.647,682803.0
2017-01-17,336.559,357.461,331.333,350.711,730574.0
2017-01-18,346.574,350.711,343.526,344.832,374824.0
2017-01-19,343.308,347.663,340.478,345.268,279844.0
2017-01-20,345.268,358.114,343.744,351.147,489931.0
2017-01-23,352.888,355.283,350.929,353.106,310878.0
2017-01-24,352.888,353.106,346.574,348.534,250113.0
2017-01-25,346.792,351.147,346.574,348.316,218271.0
2017-01-26,348.098,352.235,347.663,349.187,231036.0
2017-02-03,349.84,350.276,340.478,342.002,299176.0
2017-02-06,341.567,348.098,340.478,345.486,276605.0
2017-02-07,343.526,344.832,339.825,341.784,250390.0
2017-02-08,341.131,352.453,339.825,351.582,545943.0
2017-02-09,349.187,354.848,348.752,351.8,435022.0
2017-02-10,351.364,357.243,350.276,352.235,480470.0
2017-02-13,352.017,376.403,350.276,367.476,958608.0
2017-02-14,364.21,366.17,360.291,362.904,440099.0
2017-02-15,362.251,375.968,362.033,362.686,711376.0
2017-02-16,361.815,367.258,358.332,365.299,396382.0
2017-02-17,365.299,375.75,363.993,364.21,643916.0
2017-02-20,362.904,367.258,356.59,367.041,527088.0
2017-02-21,367.041,374.879,364.21,370.742,573526.0
2017-02-22,369.436,372.266,365.734,368.565,386733.0
2017-02-23,369.653,369.653,363.122,366.388,347340.0
2017-02-24,366.388,371.831,364.21,366.17,375305.0
2017-02-27,365.299,366.17,359.638,360.509,360292.0
2017-02-28,359.856,364.863,359.203,362.468,208101.0
2017-03-01,362.904,368.347,361.162,364.21,322096.0
2017-03-02,365.952,369.436,359.42,360.073,366552.0
2017-03-03,357.461,359.203,355.283,356.808,302220.0
2017-03-06,355.283,363.557,355.283,361.815,412915.0
2017-03-07,363.339,363.557,358.985,360.727,328930.0
2017-03-08,361.38,361.598,354.412,355.501,390950.0
2017-03-09,356.372,356.372,347.663,349.622,363890.0
2017-03-10,349.84,351.8,348.752,350.929,233657.0
2017-03-13,350.493,352.017,344.832,350.929,244254.0
2017-03-14,350.929,352.453,347.01,348.098,243787.0
2017-03-15,347.663,352.671,343.962,348.969,437827.0
2017-03-16,348.534,354.195,347.663,353.106,440582.0
2017-03-17,354.63,361.38,348.534,348.752,672499.0
2017-03-20,347.01,347.881,342.437,346.139,399540.0
2017-03-21,347.663,347.663,343.308,344.615,217724.0
2017-03-22,342.22,343.744,338.736,339.172,313184.0
2017-03-23,340.042,343.308,336.123,339.389,257597.0
2017-03-24,339.389,346.574,337.647,342.655,312558.0
2017-03-27,343.526,346.357,340.478,341.784,307235.0
2017-03-28,341.567,343.962,341.131,342.22,156248.0
2017-03-29,342.873,343.962,337.647,337.865,259600.0
2017-03-30,336.777,337.212,327.196,327.632,440666.0
2017-03-31,326.979,331.333,326.543,328.721,265548.0
2017-04-05,328.503,332.857,323.931,331.769,411970.0
2017-04-06,331.769,331.769,328.503,328.938,261518.0
2017-04-07,328.938,330.245,325.455,325.89,299979.0
2017-04-10,327.632,327.632,320.229,321.318,339795.0
2017-04-11,320.665,325.455,318.705,324.584,368855.0
2017-04-12,324.801,328.721,322.624,324.801,345109.0
2017-04-13,324.366,328.503,323.713,325.455,205897.0
2017-04-14,324.801,331.333,324.148,328.067,361837.0
2017-04-17,326.979,327.414,319.358,321.1,303432.0
2017-04-18,321.666,321.927,305.99,308.08,433875.0
2017-04-19,306.774,306.774,295.016,299.458,439938.0
2017-04-20,297.368,303.9,296.061,301.287,432346.0
2017-04-21,299.98,302.071,293.449,294.494,366244.0
2017-04-24,293.449,293.449,277.772,282.475,524581.0
2017-04-25,282.998,289.53,281.953,282.998,343134.0
2017-04-26,282.736,287.962,280.124,284.304,340310.0
2017-04-27,282.998,299.719,274.376,294.494,870320.0
2017-04-28,291.881,294.232,290.052,293.449,347583.0
2017-05-02,292.926,294.494,290.052,291.358,240479.0
2017-05-03,290.313,294.232,288.223,291.62,295787.0
2017-05-04,290.836,292.142,284.304,284.827,366639.0
2017-05-05,281.953,283.52,274.637,274.637,500750.0
2017-05-08,271.24,296.061,270.718,289.007,1099708.0
2017-05-09,287.701,296.584,285.872,296.061,849941.0
2017-05-10,293.971,296.845,285.61,285.61,561546.0
2017-05-11,282.998,294.494,281.169,290.836,601119.0
2017-05-12,288.484,292.142,283.782,288.223,512797.0
2017-05-15,288.746,290.836,279.079,281.169,482387.0
2017-05-16,279.862,288.223,274.114,288.223,555267.0
2017-05-17,287.178,316.702,286.394,298.413,1762145.0
2017-05-18,294.755,308.08,293.971,303.116,1141409.0
2017-05-19,304.422,305.729,293.449,295.016,669299.0
2017-05-22,293.71,300.764,291.358,292.926,577677.0
2017-05-23,291.881,298.935,291.358,292.404,575133.0
2017-05-24,290.836,300.764,284.565,300.764,918281.0
2017-05-25,299.98,315.918,295.539,309.125,1337213.0
2017-05-26,306.251,312.26,304.422,306.512,785638.0
2017-05-31,311.477,319.576,308.603,311.477,1202337.0
2017-06-01,309.125,317.486,301.287,303.116,859910.0
2017-06-02,303.116,327.414,301.287,320.36,1428742.0
2017-06-05,317.225,327.937,317.225,322.45,1165990.0
2017-06-06,320.099,325.585,318.531,321.405,638676.0
2017-06-07,322.189,336.559,320.36,332.378,1267563.0
2017-06-08,331.595,337.081,328.982,331.072,741945.0
2017-06-09,331.856,333.946,325.585,328.198,722632.0
2017-06-12,325.585,328.459,321.144,323.756,578091.0
2017-06-13,323.234,333.685,322.45,330.027,783032.0
2017-06-14,329.766,329.766,323.234,323.234,544060.0
2017-06-15,322.45,336.036,321.927,330.027,1013316.0
2017-06-16,329.504,333.424,326.63,328.721,433930.0
2017-06-19,326.892,332.117,326.63,330.811,420331.0
2017-06-20,330.811,335.252,323.234,323.234,771728.0
2017-06-21,324.801,327.153,312.26,317.225,945938.0
2017-06-22,315.134,320.882,311.215,311.477,651332.0
2017-06-23,310.431,313.305,303.116,310.693,621307.0
2017-06-26,310.693,318.008,309.386,317.747,650411.0
2017-06-27,317.747,331.333,316.702,326.108,1072021.0
2017-06-28,324.279,325.847,320.099,325.063,491423.0
2017-06-29,325.847,332.117,322.711,324.801,805975.0
2017-06-30,321.927,322.45,314.873,317.486,633172.0
2017-07-03,317.486,327.937,315.918,326.108,735344.0
2017-07-04,326.108,327.675,320.36,324.54,561736.0
2017-07-05,324.801,328.459,319.576,326.108,683182.0
2017-07-06,325.585,326.369,316.441,319.053,637241.0
2017-07-07,318.792,323.495,316.179,319.837,507988.0
2017-07-10,317.486,320.621,311.738,311.738,639549.0
2017-07-11,310.954,315.134,308.864,309.125,483707.0
2017-07-12,309.125,313.044,297.368,309.909,821343.0
2017-07-13,308.341,311.999,305.467,308.08,423326.0
2017-07-14,307.296,313.044,305.206,306.774,459524.0
2017-07-17,293.449,293.449,276.466,276.466,1147254.0
2017-07-18,272.808,285.088,269.934,280.124,788039.0
2017-07-19,278.817,286.394,275.682,286.394,708597.0
2017-07-20,288.484,298.935,287.439,289.53,878218.0
2017-07-21,288.484,291.358,284.827,286.394,428601.0
2017-07-24,285.088,289.007,281.953,285.61,469563.0
2017-07-25,284.043,289.268,284.043,285.088,401133.0
2017-07-26,285.088,286.656,281.43,282.736,363032.0
2017-07-27,282.998,308.864,281.43,305.467,1588397.0
2017-07-28,300.764,303.377,297.368,299.458,871414.0
2017-07-31,296.845,310.954,294.494,304.161,1021738.0
2017-08-01,302.593,314.873,301.287,314.351,1174060.0
2017-08-02,312.26,325.585,311.215,317.225,1452248.0
2017-08-03,317.225,348.577,314.089,339.433,3639298.0
2017-08-04,339.694,349.622,335.514,344.92,2344624.0
2017-08-07,342.829,358.245,339.955,342.307,2125856.0
2017-08-08,340.478,355.109,338.388,350.929,2199040.0
2017-08-09,348.316,349.622,338.649,341.523,1514494.0
2017-08-10,339.694,349.884,336.82,341.523,1448220.0
2017-08-11,337.865,348.839,333.946,338.649,1668173.0
2017-08-14,339.694,357.461,338.649,354.848,2252771.0
2017-08-15,353.542,357.199,347.271,350.406,1407132.0
2017-08-16,350.406,378.363,348.316,372.353,3009372.0
2017-08-17,368.957,381.498,367.128,370.786,2285940.0
2017-08-18,367.389,370.786,359.29,360.857,1445710.0
2017-08-21,359.551,363.731,354.325,363.731,1173666.0
2017-08-22,360.073,365.299,355.371,356.938,1046111.0
2017-08-23,357.722,359.028,344.397,347.271,1470009.0
2017-08-24,346.748,351.451,341.784,348.577,1174896.0
2017-08-25,347.532,367.912,346.226,367.912,2081592.0
2017-08-28,370.002,403.184,366.083,390.642,3510878.0
2017-08-29,386.462,394.039,382.543,388.552,1623863.0
2017-08-30,388.552,398.219,385.417,387.246,1497585.0
2017-08-31,385.94,393.778,385.94,391.165,1116831.0
2017-09-01,392.21,407.886,386.723,402.4,1897141.0
2017-09-04,400.048,405.274,394.039,396.913,1387207.0
2017-09-05,395.345,399.003,386.723,386.723,1138623.0
2017-09-06,386.985,397.436,384.894,395.345,1156165.0
2017-09-07,396.652,413.112,387.507,387.768,2159852.0
2017-09-08,386.462,389.597,379.669,383.066,1222019.0
2017-09-11,382.543,389.859,380.453,387.246,886619.0
2017-09-12,388.291,396.39,380.453,380.453,1551231.0
2017-09-13,380.453,386.201,378.624,385.678,806542.0
2017-09-14,385.678,391.426,382.02,384.111,840373.0
2017-09-15,382.804,392.21,380.714,385.678,1069233.0
2017-09-18,384.372,396.913,383.849,396.913,1438562.0
2017-09-19,397.697,399.264,383.066,383.849,1158291.0
2017-09-20,382.804,385.94,376.011,379.146,1212048.0
2017-09-21,380.453,382.804,361.641,362.947,1478605.0
2017-09-22,360.857,367.128,353.019,363.731,1009656.0
2017-09-25,362.425,362.947,348.577,351.974,761083.0
2017-09-26,353.28,362.947,350.929,362.686,870499.0
2017-09-27,361.38,365.038,359.29,362.164,672264.0
2017-09-28,360.857,364.776,360.857,361.119,543180.0
2017-09-29,362.425,370.263,362.425,364.776,668289.0
2017-10-09,377.317,380.191,368.957,370.263,956709.0
2017-10-10,370.263,377.056,368.957,376.795,800618.0
2017-10-11,376.534,380.714,372.092,372.615,678007.0
2017-10-12,371.831,373.398,360.857,366.083,619654.0
2017-10-13,366.344,372.876,361.119,370.002,618166.0
2017-10-16,365.821,372.876,355.109,357.461,885395.0
2017-10-17,356.938,358.245,349.884,351.713,673332.0
2017-10-18,353.542,359.551,351.19,351.974,723821.0
2017-10-19,350.668,353.542,339.172,339.694,730346.0
2017-10-20,339.955,347.01,337.343,345.181,491203.0
2017-10-23,345.442,348.577,344.92,347.794,301068.0
2017-10-24,347.794,353.28,343.352,353.28,514119.0
2017-10-25,350.929,354.325,348.577,353.542,368274.0
2017-10-26,353.28,359.812,350.145,353.28,673501.0
2017-10-27,351.974,358.245,350.929,351.451,510026.0
2017-10-30,349.884,350.145,322.711,324.801,1246727.0
2017-10-31,323.495,329.243,320.099,326.369,650193.0
2017-11-01,326.63,329.504,318.792,319.576,688144.0
2017-11-02,319.576,328.459,315.918,323.495,816828.0
2017-11-03,322.189,328.459,319.576,326.108,641017.0
2017-11-06,326.108,330.027,319.837,327.414,535762.0
2017-11-07,326.369,339.433,325.847,338.126,905302.0
2017-11-08,336.559,360.073,334.469,351.19,1403032.0
2017-11-09,348.316,358.767,346.748,352.235,783074.0
2017-11-10,352.496,363.209,347.271,358.767,1050560.0
2017-11-13,358.767,367.389,355.632,360.857,962906.0
2017-11-14,358.767,360.857,350.929,353.28,774786.0
2017-11-15,350.929,359.551,344.92,344.92,757743.0
2017-11-16,343.613,352.496,342.046,343.091,580841.0
2017-11-17,346.226,355.109,336.559,339.433,920933.0
2017-11-20,336.036,337.343,322.711,336.298,710843.0
2017-11-21,336.82,362.686,335.514,359.551,1530490.0
2017-11-22,357.722,367.389,355.371,367.389,1368146.0
2017-11-23,363.993,372.092,350.406,352.496,1117081.0
2017-11-24,354.064,362.686,348.577,356.677,758446.0
2017-11-27,353.542,365.299,346.226,355.109,1142954.0
2017-11-28,353.542,363.731,346.226,363.731,998480.0
2017-11-29,361.902,366.083,353.28,363.993,992581.0
2017-11-30,360.857,373.398,358.245,359.028,1228530.0
2017-12-01,357.461,375.489,356.677,374.966,1652789.0
2017-12-04,370.263,378.363,367.912,371.569,1208210.0
2017-12-05,370.002,376.534,359.028,366.605,1181234.0
2017-12-06,364.776,374.705,359.29,373.921,1213906.0
2017-12-07,370.524,375.489,361.641,361.902,947885.0
2017-12-08,361.38,370.002,359.29,361.641,906975.0
2017-12-11,363.209,370.786,361.641,369.479,1181697.0
2017-12-12,368.957,371.569,359.028,359.028,853910.0
2017-12-13,359.028,363.993,353.542,356.938,726986.0
2017-12-14,357.983,358.245,342.046,345.703,1252972.0
2017-12-15,344.136,348.055,342.046,344.136,560054.0
2017-12-18,343.352,347.794,335.775,340.478,577365.0
2017-12-19,340.739,350.929,340.739,350.145,809749.0
2017-12-20,347.01,348.055,338.388,339.955,680491.0
2017-12-21,337.865,344.658,333.424,340.478,613110.0
2017-12-22,339.433,344.658,338.388,340.478,386904.0
2017-12-25,340.739,342.568,326.892,327.414,762560.0
2017-12-26,327.414,333.424,326.892,332.378,410960.0
2017-12-27,331.333,333.946,324.801,330.55,467859.0
2017-12-28,329.766,343.874,328.459,341.262,890342.0
2017-12-29,340.217,344.136,337.604,341.784,449516.0
2018-01-02,343.352,346.487,339.433,343.091,508378.0
2018-01-03,343.874,351.713,341.0,349.361,931473.0
2018-01-04,347.01,347.794,341.523,344.397,630312.0
2018-01-05,343.613,349.884,342.829,344.658,644892.0
2018-01-08,343.091,353.28,339.172,348.316,1024281.0
2018-01-09,348.577,350.406,341.523,343.091,616235.0
2018-01-10,342.046,346.226,338.388,343.091,577215.0
2018-01-11,341.784,353.28,336.298,350.929,1326782.0
2018-01-12,351.19,355.371,347.01,349.1,958017.0
2018-01-15,345.965,345.965,330.288,333.162,929592.0
2018-01-16,332.378,333.946,325.324,333.424,940088.0
2018-01-17,334.73,354.848,333.162,347.794,1779427.0
2018-01-18,346.487,351.974,344.136,346.748,810574.0
2018-01-19,347.532,368.434,345.181,360.073,1969921.0
2018-01-22,360.335,389.597,356.938,378.624,2405368.0
2018-01-23,376.534,388.291,374.443,386.462,1933129.0
2018-01-24,384.372,424.869,382.543,421.211,3989853.0
2018-01-25,420.95,444.204,414.418,420.95,3757187.0
2018-01-26,425.392,436.365,419.383,431.662,2468342.0
2018-01-29,428.527,433.23,417.815,423.563,2187352.0
2018-01-30,422.257,430.356,413.896,418.337,1649444.0
2018-01-31,413.112,413.635,395.345,402.922,2474351.0
2018-02-01,405.796,413.112,394.039,399.264,2177750.0
2018-02-02,391.165,409.977,387.507,399.264,2264916.0
2018-02-05,392.994,405.274,388.291,401.616,1562398.0
2018-02-06,389.597,408.409,370.263,373.921,2301577.0
2018-02-07,384.633,396.913,373.398,384.372,2495142.0
2018-02-08,377.84,387.768,375.227,378.363,1441061.0
2018-02-09,363.993,368.434,341.0,341.0,2456638.0
2018-02-12,342.568,350.668,332.64,346.487,1702372.0
2018-02-13,347.271,356.938,343.613,344.397,1393436.0
2018-02-14,341.784,344.397,335.514,338.388,979472.0
2018-02-22,344.136,358.506,341.784,353.803,1374946.0
2018-02-23,354.064,356.416,347.01,351.451,1030999.0
2018-02-26,359.29,370.524,353.019,367.389,1626227.0
2018-02-27,366.605,370.786,363.209,366.344,1459368.0
2018-02-28,360.073,372.615,357.461,363.731,1422072.0
2018-03-01,357.983,374.443,356.416,373.398,1832373.0
2018-03-02,367.912,373.137,359.551,360.073,1399626.0
2018-03-05,362.686,367.389,359.551,366.083,890954.0
2018-03-06,368.695,375.489,367.128,370.002,1497213.0
2018-03-07,367.128,372.876,363.209,364.515,855710.0
2018-03-08,362.947,367.389,361.641,363.993,608942.0
2018-03-09,364.515,396.913,364.254,395.084,2718956.0
2018-03-12,397.958,407.886,394.3,399.264,2030688.0
2018-03-13,400.31,407.364,393.255,396.652,1645575.0
2018-03-14,394.039,407.103,392.994,399.526,1652466.0
2018-03-15,395.345,415.725,394.039,415.202,1959779.0
2018-03-16,416.77,433.23,409.193,409.977,2661045.0
2018-03-19,424.085,432.707,416.509,422.779,2259618.0
2018-03-20,417.554,425.914,409.977,424.085,1578914.0
2018-03-21,421.473,428.266,406.319,406.58,1571520.0
2018-03-22,408.409,414.157,400.832,404.751,1288079.0
2018-03-23,387.507,399.003,373.66,382.282,1917548.0
2018-03-26,379.93,413.635,379.669,412.851,1953693.0
2018-03-27,416.77,431.14,409.977,430.617,2304329.0
2018-03-28,421.473,428.266,418.076,422.779,1389681.0
2018-03-29,426.437,435.059,419.905,429.311,1560442.0
2018-03-30,433.491,447.339,426.176,445.771,2014489.0
2018-04-02,444.987,449.952,431.662,433.753,1864944.0
2018-04-03,426.176,430.879,419.644,428.266,1400164.0
2018-04-04,429.311,432.446,414.418,418.337,1199784.0
2018-04-09,417.815,433.753,413.635,425.131,1341464.0
2018-04-10,423.563,432.969,416.77,431.401,1246697.0
2018-04-11,430.356,435.581,420.428,421.995,1157593.0
2018-04-12,419.121,427.221,411.022,412.067,924180.0
2018-04-13,417.292,426.437,413.896,420.166,1047469.0
2018-04-16,417.554,434.014,416.247,431.14,1375690.0
2018-04-17,436.888,438.456,411.544,423.824,1499859.0
2018-04-18,424.085,463.59,416.247,452.617,2511233.0
2018-04-19,448.854,454.184,443.838,447.914,1466694.0
2018-04-20,444.465,450.108,425.34,425.34,1716223.0
2018-04-23,427.221,434.118,406.841,418.442,1580079.0
2018-04-24,419.069,453.871,416.561,449.168,2179951.0
2018-04-25,444.778,449.168,441.33,446.659,1289275.0
2018-04-26,447.6,451.676,437.881,442.584,1369511.0
2018-04-27,447.287,461.082,441.957,453.244,2181370.0
2018-05-02,455.438,468.293,451.676,455.438,1813863.0
2018-05-03,450.422,482.402,441.016,478.953,2358445.0
2018-05-04,474.877,476.758,467.352,469.861,1392134.0
2018-05-07,473.936,485.223,472.055,478.953,1539228.0
2018-05-08,478.953,486.164,474.564,483.342,1277793.0
2018-05-09,482.402,484.283,472.996,475.191,1114400.0
2018-05-10,474.564,478.639,466.412,477.072,1328791.0
2018-05-11,475.818,477.385,458.574,458.574,1281636.0
2018-05-14,457.006,468.606,455.125,460.141,1339891.0
2018-05-15,458.887,466.725,453.871,464.844,1310915.0
2018-05-16,461.709,464.217,455.438,457.947,961338.0
2018-05-17,458.26,461.082,447.6,449.795,964663.0
2018-05-18,448.541,469.547,447.914,466.725,1466585.0
2018-05-21,466.725,476.131,463.59,471.115,1425975.0
2018-05-22,469.861,471.428,462.336,468.92,958517.0
2018-05-23,465.471,471.742,454.498,455.752,1143376.0
2018-05-24,455.752,460.141,452.303,455.125,919785.0
2018-05-25,454.498,459.828,448.541,448.541,1097808.0
2018-05-28,446.346,448.541,436.94,440.075,1185361.0
2018-05-29,438.508,445.092,430.67,438.508,1267756.0
2018-05-30,432.551,437.567,413.739,414.68,1688905.0
2018-05-31,419.383,425.026,414.993,420.01,1288240.0
2018-06-01,416.247,426.594,415.307,417.815,1138165.0
2018-06-04,420.323,430.042,417.188,422.831,1089539.0
2018-06-05,421.264,431.61,420.01,429.102,1201899.0
2018-06-06,427.221,429.415,418.755,420.637,1009643.0
2018-06-07,423.458,428.161,418.755,419.069,897399.0
2018-06-08,413.739,414.053,393.36,401.825,1611033.0
2018-06-11,399.317,411.858,398.063,407.468,1062901.0
2018-06-12,408.096,424.713,407.782,420.95,1272909.0
2018-06-13,419.696,424.085,413.739,414.68,809278.0
2018-06-14,414.68,427.221,413.425,419.696,920718.0
2018-06-15,418.442,422.831,410.29,416.247,946222.0
2018-06-19,411.544,415.307,381.132,392.419,1464231.0
2018-06-20,392.419,401.198,386.462,393.987,1231102.0
2018-06-21,389.597,393.987,375.802,376.743,1242747.0
2018-06-22,372.353,390.538,371.099,385.835,1180384.0
2018-06-25,387.716,392.733,378.937,380.819,875172.0
2018-06-26,375.489,399.63,373.921,394.927,1317384.0
2018-06-27,395.241,398.063,388.97,393.673,988796.0
2018-06-28,393.987,404.333,391.479,394.3,1207084.0
2018-06-29,394.927,419.696,394.3,417.188,1754186.0
2018-07-02,414.68,416.247,403.706,411.544,1212819.0
2018-07-03,414.366,423.145,400.884,418.128,1549943.0
2018-07-04,414.68,414.68,395.241,399.944,1390356.0
2018-07-05,397.436,406.841,396.181,400.257,1001792.0
2018-07-06,402.138,420.323,399.317,408.096,1645782.0
2018-07-09,411.231,418.442,407.782,417.501,1089999.0
2018-07-10,417.188,419.383,410.29,415.307,855311.0
2018-07-11,404.96,409.663,391.479,400.257,1295531.0
2018-07-12,400.257,419.069,399.944,414.68,1431009.0
2018-07-13,413.112,414.68,404.96,409.036,1057964.0
2018-07-16,413.112,414.366,406.528,412.171,939348.0
2018-07-17,409.35,414.366,404.647,414.053,937997.0
2018-07-18,414.053,420.01,406.841,407.155,1106424.0
2018-07-19,406.214,417.188,405.901,411.544,1007304.0
2018-07-20,411.544,435.372,406.528,427.221,2115971.0
2018-07-23,427.221,437.254,424.085,436.94,1692376.0
2018-07-24,443.524,459.828,438.508,439.762,2112206.0
2018-07-25,439.762,444.465,437.254,439.762,919075.0
2018-07-26,438.194,440.389,425.026,429.415,1304071.0
2018-07-27,427.534,432.237,425.967,427.534,795050.0
2018-07-30,427.221,431.61,419.069,422.518,855590.0
2018-07-31,422.518,426.907,420.637,425.34,828023.0
2018-08-01,426.594,430.67,414.68,415.307,1109752.0
2018-08-02,412.798,416.247,395.868,401.511,1432727.0
2018-08-03,402.138,409.977,397.436,399.317,887871.0
2018-08-06,396.495,407.468,396.495,399.944,990285.0
2018-08-07,402.138,413.739,398.69,412.485,1339118.0
2018-08-08,409.35,410.604,394.927,396.495,1058912.0
2018-08-09,396.495,413.739,395.554,409.036,1371370.0
2018-08-10,408.096,414.68,403.706,409.977,920046.0
2018-08-13,405.274,414.366,402.138,414.053,1079632.0
2018-08-14,412.798,413.112,405.587,408.409,713861.0
2018-08-15,407.155,408.409,396.495,398.69,758089.0
2018-08-16,392.419,406.841,388.97,399.63,1124043.0
2018-08-17,402.766,404.333,391.479,392.419,753159.0
2018-08-20,391.479,403.079,390.538,403.079,875812.0
2018-08-21,400.571,410.29,399.63,404.333,924432.0
2018-08-22,402.452,405.587,398.69,400.884,529813.0
2018-08-23,402.138,412.485,401.511,409.977,1224311.0
2018-08-24,407.468,412.798,404.333,407.782,851295.0
2018-08-27,409.663,421.577,409.35,417.501,1253149.0
2018-08-28,417.188,419.383,414.053,416.247,607522.0
2018-08-29,415.307,416.561,409.35,411.544,636198.0
2018-08-30,412.171,413.425,405.901,406.841,527422.0
2018-08-31,406.214,408.409,400.571,401.825,595730.0
2018-09-03,401.511,404.96,393.046,404.02,837474.0
2018-09-04,402.138,409.35,396.808,405.901,998231.0
2018-09-05,403.393,405.901,394.927,396.181,787130.0
2018-09-06,394.927,400.571,393.673,398.376,675479.0
2018-09-07,397.436,404.647,387.716,391.165,1027683.0
2018-09-10,386.776,387.089,352.601,352.601,2427428.0
2018-09-11,344.449,350.406,334.416,345.076,1685552.0
2018-09-12,343.195,349.152,339.433,343.822,983087.0
2018-09-13,348.839,350.72,342.882,345.703,813281.0
2018-09-14,346.017,347.271,329.713,330.968,1346599.0
2018-09-17,329.713,334.416,326.265,332.535,920198.0
2018-09-18,330.654,339.746,330.654,338.806,971364.0
2018-09-19,336.611,349.466,331.595,343.822,1395077.0
2018-09-20,342.568,345.703,340.06,341.314,571870.0
2018-09-21,342.568,359.812,340.06,355.736,1519592.0
2018-09-25,351.347,354.169,348.525,349.779,760457.0
2018-09-26,351.033,359.185,348.525,353.855,1122005.0
2018-09-27,352.287,354.169,349.779,350.093,682011.0
2018-09-28,351.66,357.617,350.72,356.677,870491.0
2018-10-08,345.703,348.525,335.357,336.298,932296.0
2018-10-09,337.865,339.433,331.595,335.043,768980.0
2018-10-10,338.806,345.703,336.611,341.941,1095138.0
2018-10-11,328.459,337.552,318.426,322.502,1503147.0
2018-10-12,323.129,340.373,322.502,335.984,1303532.0
2018-10-15,336.611,339.119,330.654,335.984,833942.0
2018-10-16,337.238,344.449,330.34,333.789,921211.0
2018-10-17,339.119,351.974,335.043,348.525,1586957.0
2018-10-18,344.449,356.677,343.195,347.585,1474966.0
2018-10-19,342.568,376.429,341.628,373.607,2025362.0
2018-10-22,380.819,410.604,380.505,410.604,2995101.0
2018-10-23,414.68,414.68,394.3,399.003,2402366.0
2018-10-24,395.868,405.587,392.106,394.3,2132463.0
2018-10-25,379.878,404.02,378.937,400.571,1923755.0
2018-10-26,397.436,399.63,381.759,383.327,1563566.0
2018-10-29,385.208,391.479,377.997,383.954,1331742.0
2018-10-30,383.64,411.544,377.683,393.36,2648133.0
2018-10-31,390.224,397.436,381.446,391.792,1499800.0
2018-11-01,395.868,413.112,391.479,391.792,2092348.0
2018-11-02,407.468,412.171,401.511,410.604,2314616.0
2018-11-05,408.409,419.383,398.69,409.35,1754272.0
2018-11-06,405.274,411.544,399.003,406.841,972668.0
2018-11-07,405.274,416.874,401.511,409.036,1397939.0
2018-11-08,414.366,416.561,388.03,388.657,1660952.0
2018-11-09,386.462,395.868,385.521,390.851,1246060.0
2018-11-12,390.851,408.723,389.284,407.155,1499480.0
2018-11-13,401.511,422.518,400.571,412.798,1964829.0
2018-11-14,409.663,422.518,405.901,410.604,1424884.0
2018-11-15,411.231,446.032,410.604,437.567,2476105.0
2018-11-16,434.745,455.438,434.118,439.762,2308229.0
2018-11-19,441.643,445.405,433.491,441.33,1359733.0
2018-11-20,436.94,438.821,420.95,423.458,1644663.0
2018-11-21,421.264,427.534,417.815,425.34,1087535.0
2018-11-22,424.713,424.713,410.917,417.815,1301280.0
2018-11-23,414.68,416.874,398.376,405.587,1301236.0
2018-11-26,405.587,409.35,401.511,406.841,687701.0
2018-11-27,409.036,411.858,401.198,405.901,837167.0
2018-11-28,402.138,418.442,401.198,417.501,1233998.0
2018-11-29,420.323,422.518,400.571,400.571,1203708.0
2018-11-30,399.317,408.096,393.987,405.901,976903.0
2018-12-03,427.221,431.61,417.815,420.637,1731213.0
2018-12-04,417.815,426.594,417.188,425.653,931897.0
2018-12-05,417.815,422.518,415.62,418.442,876895.0
2018-12-06,414.366,414.366,403.393,404.647,1000985.0
2018-12-07,406.841,409.35,403.706,404.647,532340.0
2018-12-10,402.766,408.409,399.63,405.274,687678.0
2018-12-11,406.214,409.663,404.333,407.782,517019.0
2018-12-12,409.663,412.798,406.214,408.409,600718.0
2018-12-13,409.977,422.518,406.841,419.069,1240556.0
2018-12-14,417.188,417.188,407.782,407.782,776971.0
2018-12-17,406.528,410.604,402.452,407.468,674176.0
2018-12-18,404.647,409.036,397.436,401.825,819430.0
2018-12-19,402.766,404.96,394.614,398.063,754243.0
2018-12-20,397.436,405.274,392.733,402.452,1003181.0
2018-12-21,399.003,401.511,392.419,396.808,827774.0
2018-12-24,395.868,398.376,392.733,396.808,604884.0
2018-12-25,389.597,392.733,377.997,387.403,1015216.0
2018-12-26,385.521,390.224,380.505,383.954,620305.0
2018-12-27,390.851,391.479,377.056,377.37,808663.0
2018-12-28,378.937,389.284,378.624,383.327,695295.0
2019-01-02,383.327,383.327,373.921,375.489,710183.0
2019-01-03,375.489,389.284,375.489,379.878,1061826.0
2019-01-04,374.548,410.917,374.234,404.96,2076575.0
2019-01-07,402.138,409.35,399.63,405.901,1465678.0
2019-01-08,403.079,408.409,400.571,403.706,863626.0
2019-01-09,404.96,415.62,403.079,403.079,1321286.0
2019-01-10,401.198,404.02,395.554,396.181,823437.0
2019-01-11,397.436,403.079,396.181,400.884,584348.0
2019-01-14,403.393,404.647,395.241,396.808,528511.0
2019-01-15,395.868,412.171,395.868,411.544,1307665.0
2019-01-16,411.544,413.425,404.647,405.901,880299.0
2019-01-17,406.841,407.155,399.317,399.63,692468.0
2019-01-18,401.511,408.409,400.257,407.782,863756.0
2019-01-21,408.723,415.62,406.214,407.782,952482.0
2019-01-22,406.528,408.723,402.138,403.706,555008.0
2019-01-23,403.706,406.214,401.511,404.333,366023.0
2019-01-24,404.647,415.307,403.079,409.35,1018934.0
2019-01-25,409.35,416.247,406.841,409.35,1020433.0
2019-01-28,414.68,417.501,406.214,408.096,960299.0
2019-01-29,405.274,405.901,396.495,400.884,948519.0
2019-01-30,398.69,403.393,394.614,394.614,665079.0
2019-01-31,398.376,412.171,397.122,407.468,1228011.0
2019-02-01,411.544,421.577,409.977,420.323,1521655.0
2019-02-11,420.637,428.788,417.815,427.534,1432703.0
2019-02-12,427.221,429.729,421.891,424.713,1215962.0
2019-02-13,425.653,448.227,423.772,442.27,2162145.0
2019-02-14,440.702,442.27,435.372,438.821,1143088.0
2019-02-15,438.194,439.135,428.161,429.102,1238041.0
2019-02-18,432.864,457.633,432.551,457.633,2078628.0
2019-02-19,457.947,476.131,450.108,455.438,2477508.0
2019-02-20,454.184,461.709,448.541,457.319,1403861.0
2019-02-21,454.811,502.781,452.303,484.596,4250846.0
2019-02-22,489.613,532.566,479.893,532.566,4364631.0
2019-02-25,585.553,585.553,568.308,585.553,3013244.0
2019-02-26,631.014,643.869,612.516,615.338,8109633.0
2019-02-27,620.354,635.717,581.163,598.407,5910889.0
2019-02-28,587.12,627.252,570.19,618.473,4815474.0
2019-03-01,625.684,674.281,606.872,659.232,5633271.0
2019-03-04,673.34,715.04,643.555,660.799,5927730.0
2019-03-05,644.496,673.34,640.734,671.146,3590157.0
2019-03-06,662.367,721.31,658.605,700.617,5275614.0
2019-03-07,688.703,708.456,662.367,672.713,5421957.0
2019-03-08,630.387,653.902,607.5,609.067,4969906.0
2019-03-11,612.83,636.344,603.11,628.506,3022486.0
2019-03-12,627.252,665.816,625.684,641.047,4301585.0
2019-03-13,637.285,637.912,610.008,613.143,3294586.0
2019-03-14,607.5,626.311,596.84,612.516,2683492.0
2019-03-15,618.473,622.862,603.737,607.5,2207586.0
2019-03-18,605.305,632.582,589.001,630.074,2887764.0
2019-03-19,624.43,630.701,613.77,618.473,2002925.0
2019-03-20,619.1,637.285,615.024,626.938,2594294.0
2019-03-21,630.387,659.859,623.489,638.539,3631851.0
2019-03-22,635.404,641.361,612.516,626.311,2289149.0
2019-03-25,609.067,615.338,591.823,593.077,2678649.0
2019-03-26,598.407,602.797,572.698,579.282,2292097.0
2019-03-27,584.298,589.001,570.817,581.163,2010925.0
2019-03-28,575.206,585.866,568.622,568.622,2146316.0
2019-03-29,573.952,612.202,571.13,611.575,3904923.0
2019-04-01,614.084,658.605,605.932,638.852,4234455.0
2019-04-02,639.166,678.67,634.463,645.123,4505304.0
2019-04-03,631.641,665.189,630.387,658.605,3615190.0
2019-04-04,663.308,668.638,645.123,648.258,2579388.0
2019-04-08,656.096,656.723,618.473,633.836,2818824.0
2019-04-09,630.701,639.793,619.1,627.879,2066123.0
2019-04-10,622.549,623.489,597.153,606.245,2936578.0
2019-04-11,604.051,614.084,593.077,603.737,2189155.0
2019-04-12,604.678,611.575,600.288,604.678,1643041.0
2019-04-15,618.787,621.922,583.985,585.239,2190389.0
2019-04-16,580.85,604.991,576.774,604.364,2110530.0
2019-04-17,598.094,604.364,594.645,597.153,1452126.0
2019-04-18,595.899,604.051,593.391,595.585,1109637.0
2019-04-19,599.661,610.008,596.84,607.5,1523275.0
2019-04-22,613.77,617.532,588.061,591.196,1759990.0
2019-04-23,589.628,608.127,581.79,594.331,1674349.0
2019-04-24,594.331,604.051,588.061,601.856,1438343.0
2019-04-25,599.034,604.051,575.206,576.46,1748266.0
2019-04-26,571.444,588.374,569.249,574.266,1599693.0
2019-04-29,564.546,567.995,520.966,525.355,3065216.0
2019-04-30,525.355,532.566,513.441,517.83,1697807.0
2019-05-06,475.818,492.435,466.412,466.412,2871043.0
2019-05-07,470.488,477.072,459.514,475.504,2283237.0
2019-05-08,463.276,485.851,460.455,475.818,1673005.0
2019-05-09,468.293,483.656,467.979,475.818,1622293.0
2019-05-10,485.223,510.306,478.012,506.857,3098632.0
2019-05-13,496.197,499.646,485.223,489.613,1719686.0
2019-05-14,488.672,497.765,487.105,488.672,1564046.0
2019-05-15,494.629,500.586,490.867,498.078,1670856.0
2019-05-16,498.078,498.078,486.791,492.121,1331402.0
2019-05-17,492.748,493.062,462.649,468.92,1794868.0
2019-05-20,467.666,484.596,462.336,478.326,1572859.0
2019-05-21,476.445,492.121,474.877,486.791,1474134.0
2019-05-22,484.283,489.926,472.996,479.392,1364493.0
2019-05-23,477.134,489.174,469.234,477.887,1597620.0
2019-05-24,479.016,482.402,474.877,476.006,1168581.0
2019-05-27,479.392,496.322,476.006,492.184,2506958.0
2019-05-28,489.174,497.075,487.293,495.57,1964890.0
2019-05-29,491.055,501.966,489.174,495.57,1617575.0
2019-05-30,489.926,492.184,479.768,486.54,1402758.0
2019-05-31,486.164,488.798,480.521,480.521,1001271.0
2019-06-03,486.54,491.808,479.016,480.144,1218125.0
2019-06-04,478.639,480.897,472.996,476.758,1113990.0
2019-06-05,483.53,486.164,476.382,478.263,1208080.0
2019-06-06,476.382,481.649,464.719,466.224,1298343.0
2019-06-10,467.352,471.491,452.303,462.461,1349010.0
2019-06-11,463.214,500.461,462.461,498.204,3210280.0
2019-06-12,493.313,495.946,486.917,488.421,1876366.0
2019-06-13,488.421,495.946,486.54,489.926,1497193.0
2019-06-14,489.926,492.936,474.877,475.253,1334828.0
2019-06-17,476.006,481.649,471.115,476.006,914065.0
2019-06-18,477.134,484.659,470.362,481.649,1062581.0
2019-06-19,510.996,514.758,488.798,488.798,3021389.0
2019-06-20,488.421,528.679,488.421,517.391,4013383.0
2019-06-21,526.045,541.094,522.283,533.193,3775233.0
2019-06-24,534.322,535.451,520.401,524.164,1968295.0
2019-06-25,523.035,528.679,507.986,522.659,2171712.0
2019-06-26,508.738,518.52,506.857,512.5,1284164.0
2019-06-27,516.639,530.183,516.639,518.52,1789280.0
2019-06-28,516.263,519.273,507.986,514.382,1218440.0
2019-07-01,533.946,538.084,526.797,530.936,2680347.0
2019-07-02,530.183,531.312,523.035,525.669,1386843.0
2019-07-03,523.787,523.787,510.619,513.253,1490678.0
2019-07-04,515.51,520.778,511.372,515.887,1083138.0
2019-07-05,515.51,519.273,510.996,518.144,991594.0
2019-07-08,512.877,517.015,492.184,493.689,1765384.0
2019-07-09,495.57,499.332,488.421,496.699,1231358.0
2019-07-10,495.57,497.451,488.421,490.679,817710.0
2019-07-11,495.194,500.461,489.174,491.431,972996.0
2019-07-12,492.56,501.213,489.174,499.332,1038877.0
2019-07-15,501.59,535.074,497.451,526.797,2970924.0
2019-07-16,523.787,533.57,522.283,530.936,2049885.0
2019-07-17,530.56,552.005,528.679,541.47,3171757.0
2019-07-18,537.332,554.639,536.203,539.966,2719535.0
2019-07-19,548.995,567.431,545.609,561.035,2690051.0
2019-07-22,562.916,566.302,535.451,538.461,2529401.0
2019-07-23,542.599,550.5,538.837,548.243,1827235.0
2019-07-24,550.124,555.767,541.47,544.857,2389093.0
2019-07-25,542.223,551.253,540.342,550.876,1540500.0
2019-07-26,550.5,550.5,541.094,545.233,1207098.0
2019-07-29,542.223,543.728,531.312,535.074,1511232.0
2019-07-30,536.956,560.658,535.451,550.876,2718128.0
2019-07-31,548.619,552.757,544.104,552.005,1475959.0
2019-08-01,548.619,552.005,538.837,547.866,1604033.0
2019-08-02,531.312,537.332,525.292,534.322,2180249.0
2019-08-05,527.55,534.322,509.867,513.253,2247500.0
2019-08-06,500.085,517.015,490.303,508.362,2605084.0
2019-08-07,510.243,510.619,495.57,496.699,1477874.0
2019-08-08,509.114,513.253,502.342,503.095,1596095.0
2019-08-09,507.609,509.114,494.441,497.075,1218356.0
2019-08-12,501.966,519.649,501.966,519.273,2006504.0
2019-08-13,510.996,512.877,507.609,510.243,1200516.0
2019-08-14,521.53,523.035,510.996,511.748,1555067.0
2019-08-15,499.332,519.273,496.699,518.144,1681878.0
2019-08-16,515.134,534.698,515.134,524.54,2566389.0
2019-08-19,533.193,576.46,530.183,576.46,4837679.0
2019-08-20,584.361,584.361,561.035,563.668,3614270.0
2019-08-21,562.54,567.054,559.906,561.035,1848749.0
2019-08-22,562.916,566.678,558.401,564.421,1598809.0
2019-08-23,565.926,580.223,559.153,559.906,2287615.0
2019-08-26,546.361,555.767,544.48,548.995,2126199.0
2019-08-27,553.51,578.341,551.253,564.421,3042289.0
2019-08-28,559.906,563.292,553.886,555.767,1557652.0
2019-08-29,557.649,561.787,550.5,551.629,1254028.0
2019-08-30,559.53,565.173,541.094,548.995,1835738.0
2019-09-02,548.619,576.836,548.243,569.688,3004519.0
2019-09-03,569.312,571.193,561.787,568.183,1958068.0
2019-09-04,567.054,596.024,565.173,587.747,3578265.0
2019-09-05,605.054,643.43,605.054,608.44,5517431.0
2019-09-06,619.351,621.608,605.43,617.846,2942466.0
2019-09-09,631.39,632.895,617.846,625.371,3444357.0
2019-09-10,621.608,638.163,611.826,623.113,3009519.0
2019-09-11,629.509,634.776,619.351,622.361,2643599.0
2019-09-12,626.499,630.262,612.579,627.252,2197804.0
2019-09-16,629.133,629.885,612.202,616.717,1894401.0
2019-09-17,613.707,615.212,590.757,595.272,2504201.0
2019-09-18,598.658,599.034,585.49,590.757,1530522.0
2019-09-19,594.896,600.163,587.747,600.163,1766233.0
2019-09-20,596.024,597.906,587.747,593.015,1567949.0
2019-09-23,587.747,588.5,578.718,584.737,1622944.0
2019-09-24,586.619,598.658,582.104,587.371,1985794.0
2019-09-25,582.104,590.005,578.341,583.232,1619706.0
2019-09-26,585.866,588.876,566.302,569.312,2171737.0
2019-09-27,571.945,578.341,569.312,577.213,1199574.0
2019-09-30,575.708,578.341,558.777,560.658,1157330.0
2019-10-08,562.916,566.678,556.52,560.282,1146029.0
2019-10-09,554.262,565.926,550.5,565.926,1147243.0
2019-10-10,565.173,572.322,562.163,571.193,1456900.0
2019-10-11,572.322,588.5,564.797,580.599,2328024.0
2019-10-14,588.123,601.668,582.104,586.995,2549924.0
2019-10-15,590.757,598.282,582.104,589.252,1865145.0
2019-10-16,591.51,597.906,583.232,583.985,1455130.0
2019-10-17,582.104,589.252,576.836,579.47,1063165.0
2019-10-18,581.727,583.985,561.411,562.163,1633335.0
2019-10-21,563.668,564.421,553.134,560.282,1158871.0
2019-10-22,561.411,567.431,559.53,567.431,1032414.0
2019-10-23,568.559,571.193,558.401,560.282,1087518.0
2019-10-24,560.658,570.064,558.777,563.292,1081930.0
2019-10-25,561.787,573.45,555.015,571.945,1577590.0
2019-10-28,589.252,608.816,577.589,601.668,3792743.0
2019-10-29,594.519,594.896,574.955,575.708,2319122.0
2019-10-30,572.698,578.341,567.431,568.559,1315206.0
2019-10-31,570.44,573.827,564.044,565.926,1002408.0
2019-11-01,563.292,577.589,561.787,574.955,1362313.0
2019-11-04,577.213,584.361,572.698,576.46,1323014.0
2019-11-05,576.46,590.757,575.332,582.48,1959538.0
2019-11-06,580.223,581.727,568.183,571.569,1325923.0
2019-11-07,568.559,577.965,567.431,574.203,908264.0
2019-11-08,579.846,583.232,570.817,571.569,1337141.0
2019-11-11,565.173,566.678,551.253,553.886,1512853.0
2019-11-12,552.381,555.015,542.223,551.253,1291771.0
2019-11-13,547.866,550.124,543.352,547.114,824933.0
2019-11-14,547.866,551.629,541.47,548.243,1003740.0
2019-11-15,547.866,549.748,528.679,529.431,1580666.0
2019-11-18,529.807,538.461,527.926,536.203,1023284.0
2019-11-19,535.827,548.243,533.946,547.866,1281809.0
2019-11-20,545.609,547.866,533.193,534.698,1116771.0
2019-11-21,531.312,539.589,529.807,536.579,660782.0
2019-11-22,536.203,544.104,530.56,532.065,1071836.0
2019-11-25,529.807,531.312,522.283,529.055,1006295.0
2019-11-26,530.936,532.065,524.164,527.174,754024.0
2019-11-27,524.54,526.045,519.649,520.778,802096.0
2019-11-28,520.401,524.164,518.896,522.283,591374.0
2019-11-29,521.53,530.56,519.273,525.669,901129.0
2019-12-02,532.441,536.579,526.421,527.926,1119708.0
2019-12-03,523.787,532.817,521.906,532.065,882617.0
2019-12-04,527.926,530.56,526.045,530.56,782858.0
2019-12-05,533.193,544.857,532.441,542.599,2052589.0
2019-12-06,540.718,545.985,538.461,543.352,1179793.0
2019-12-09,545.985,545.985,537.332,538.837,994987.0
2019-12-10,536.579,543.728,534.698,542.599,1136510.0
2019-12-11,542.599,547.866,539.213,540.718,1328840.0
2019-12-12,540.342,546.738,539.589,540.718,1108809.0
2019-12-13,550.124,585.49,548.619,575.708,4791536.0
2019-12-16,574.579,591.51,570.064,583.985,3461963.0
2019-12-17,585.114,617.093,580.599,596.401,4328141.0
2019-12-18,594.143,604.678,591.51,592.638,2822484.0
2019-12-19,592.638,596.024,582.48,587.371,1996599.0
2019-12-20,590.757,597.153,580.223,580.599,2310112.0
2019-12-23,580.599,586.995,567.431,567.431,1882512.0
2019-12-24,570.817,576.46,569.312,576.084,1162351.0
2019-12-25,574.579,583.609,570.817,576.084,1332583.0
2019-12-26,576.836,588.5,574.579,587.371,1639551.0
2019-12-27,588.123,593.015,569.312,571.193,2420216.0
2019-12-30,567.054,608.816,565.173,598.658,3669271.0
2019-12-31,595.272,601.668,592.262,597.906,2081343.0
2020-01-02,610.321,613.331,600.163,602.797,3016043.0
2020-01-03,602.42,612.579,600.163,606.559,1892723.0
2020-01-06,601.292,623.489,600.163,612.202,2689109.0
2020-01-07,612.202,615.965,601.292,611.826,2020087.0
2020-01-08,606.183,606.183,588.876,589.252,2092825.0
2020-01-09,602.42,610.321,601.292,606.935,2065533.0
2020-01-10,617.846,620.103,607.311,610.698,2581244.0
2020-01-13,600.163,613.707,594.519,613.707,2204026.0
2020-01-14,614.836,617.846,600.539,601.668,1617495.0
2020-01-15,599.787,605.054,595.272,597.153,1227334.0
2020-01-16,599.034,600.163,594.519,595.272,931874.0
2020-01-17,598.658,606.559,596.024,597.153,1135910.0
2020-01-20,596.777,608.44,596.777,607.688,1492426.0
2020-01-21,603.549,604.678,588.876,591.51,1722311.0
2020-01-22,587.747,604.678,582.104,601.668,1888975.0
2020-01-23,591.51,597.906,565.173,571.945,2444972.0
2020-02-03,515.134,515.134,515.134,515.134,361203.0
2020-02-04,493.689,522.659,493.689,514.382,3163301.0
2020-02-05,518.144,538.837,512.877,526.045,2510474.0
2020-02-06,523.787,560.282,520.401,554.639,3604743.0
2020-02-07,548.243,558.025,545.985,554.639,2267481.0
2020-02-10,552.381,565.173,548.995,557.649,1752240.0
2020-02-11,562.54,566.302,552.005,552.381,1465764.0
2020-02-12,548.619,571.945,548.619,568.559,2315963.0
2020-02-13,565.173,571.193,553.51,555.391,1793530.0
2020-02-14,557.649,601.292,555.015,580.223,4275733.0
2020-02-17,599.034,607.688,589.252,603.173,4114007.0
2020-02-18,599.787,606.559,590.757,596.777,2520140.0
2020-02-19,595.272,613.707,593.391,597.529,2839203.0
2020-02-20,601.668,656.974,597.153,656.974,4794105.0
2020-02-21,691.588,721.687,678.42,700.617,7966523.0
2020-02-24,690.083,725.449,684.439,706.637,5275289.0
2020-02-25,691.964,762.696,674.281,755.171,6379795.0
2020-02-26,738.241,764.577,704.004,709.271,5873584.0
2020-02-27,717.924,737.112,701.746,718.677,4134497.0
2020-02-28,689.33,701.746,647.192,657.351,5711879.0
2020-03-02,673.905,702.875,661.865,688.578,4604522.0
2020-03-03,708.142,732.597,689.33,698.736,4298307.0
2020-03-04,697.984,731.469,688.954,731.469,4199614.0
2020-03-05,737.112,782.636,717.172,763.449,6029906.0
2020-03-06,742.003,750.657,725.449,725.825,3577782.0
2020-03-09,700.241,716.419,668.261,681.429,4763155.0
2020-03-10,693.093,726.954,675.034,719.429,4383228.0
2020-03-11,714.162,716.795,683.687,688.202,3274860.0
2020-03-12,679.925,695.35,673.529,685.944,2833131.0
2020-03-13,654.717,693.093,650.955,679.172,4015042.0
2020-03-16,670.519,678.796,618.222,624.242,4252991.0
2020-03-17,644.182,649.073,615.212,635.905,3210659.0
2020-03-18,640.42,653.212,610.321,612.579,3289019.0
2020-03-19,620.103,641.925,608.816,634.024,3483067.0
2020-03-20,640.42,644.182,623.113,639.668,2503254.0
2020-03-23,617.47,627.252,606.559,607.688,2287452.0
2020-03-24,622.737,634.4,604.302,632.143,2758469.0
2020-03-25,644.182,653.212,634.776,639.668,3164924.0
2020-03-26,632.895,641.172,627.252,628.757,1668375.0
2020-03-27,637.786,647.945,628.757,630.638,2074626.0
2020-03-30,614.084,625.747,607.311,619.351,1800253.0
2020-03-31,627.252,627.252,607.688,608.44,1609576.0
2020-04-01,605.054,621.608,602.797,609.193,1582558.0
2020-04-02,609.569,630.638,609.193,629.885,1934677.0
2020-04-03,623.489,625.371,613.331,615.212,1552487.0
2020-04-07,630.638,640.42,628.004,635.529,2360240.0
2020-04-08,629.509,638.915,629.133,634.4,1371525.0
2020-04-09,648.697,674.657,648.697,661.113,3490227.0
2020-04-10,674.281,674.281,646.064,649.073,3044294.0
2020-04-13,644.182,669.766,640.796,669.766,2364837.0
2020-04-14,669.014,688.578,662.242,678.043,3068790.0
2020-04-15,672.4,678.42,655.093,656.222,2427733.0
2020-04-16,653.588,672.4,652.083,665.628,2068866.0
2020-04-17,673.529,682.558,666.756,668.261,2678493.0
2020-04-20,668.638,679.925,664.875,670.519,1685547.0
2020-04-21,665.251,665.628,647.945,658.479,1880075.0
2020-04-22,651.707,662.994,650.578,659.984,1557752.0
2020-04-23,659.984,660.737,648.697,649.45,1271065.0
2020-04-24,649.45,654.341,634.776,637.41,1581927.0
2020-04-27,639.668,646.064,632.143,633.272,1356463.0
2020-04-28,643.806,662.994,638.539,652.836,2740120.0
2020-04-29,649.45,669.766,647.945,662.242,1953266.0
2020-04-30,669.014,693.093,666.004,690.835,2906978.0
2020-05-06,679.925,698.36,677.291,697.608,2499949.0
2020-05-07,693.845,699.489,683.687,687.073,1712024.0
2020-05-08,694.221,713.033,690.083,696.855,2647392.0
2020-05-11,694.974,704.38,685.192,691.212,1868459.0
2020-05-12,692.34,696.479,679.172,689.33,1288661.0
2020-05-13,685.944,694.598,683.311,691.212,1174428.0
2020-05-14,686.321,689.33,677.291,677.667,1255429.0
2020-05-15,683.311,687.449,678.043,678.42,1086825.0
2020-05-18,678.043,692.34,671.271,682.934,1614241.0
2020-05-19,693.845,700.241,690.459,691.588,1591316.0
2020-05-20,689.33,691.212,676.538,679.925,1258916.0
2020-05-21,684.289,685.643,665.327,668.487,1533815.0
2020-05-22,667.133,669.841,645.01,646.364,1736694.0
2020-05-25,646.816,650.428,639.592,643.656,1110198.0
2020-05-26,647.719,659.909,647.267,656.297,1491861.0
2020-05-27,655.394,655.394,643.204,648.17,1098265.0
2020-05-28,649.976,666.681,645.913,655.846,1929887.0
2020-05-29,649.073,654.491,645.01,649.073,1241351.0
2020-06-01,669.39,710.023,669.39,702.8,4051409.0
2020-06-02,696.479,706.863,690.61,698.736,2348540.0
2020-06-03,704.606,712.281,691.061,694.221,2574609.0
2020-06-04,700.542,704.606,691.964,694.221,1545104.0
2020-06-05,696.479,700.994,683.386,699.639,2128776.0
2020-06-08,699.188,702.8,688.804,690.158,1604705.0
2020-06-09,691.964,733.5,691.513,715.441,3995624.0
2020-06-10,713.184,721.31,708.217,719.504,2002836.0
2020-06-11,714.99,747.948,713.184,719.504,3784165.0
2020-06-12,703.251,740.724,698.736,733.952,3955943.0
2020-06-15,740.724,771.425,733.5,738.467,4696225.0
2020-06-16,749.754,761.944,739.821,750.657,2958863.0
2020-06-17,750.205,752.914,735.758,747.045,2165595.0
2020-06-18,747.045,780.906,744.336,770.973,3413248.0
2020-06-19,766.91,844.565,766.458,825.151,5033270.0
2020-06-22,832.375,887.907,827.408,860.818,5150885.0
2020-06-23,857.206,891.067,852.24,891.067,4105510.0
2020-06-24,896.033,898.291,859.463,871.653,3972450.0
2020-06-29,859.463,868.042,837.792,840.953,4070772.0
2020-06-30,850.434,924.477,848.176,917.704,5034168.0
2020-07-01,908.675,924.477,894.227,919.51,3777696.0
2020-07-02,921.316,1006.646,907.32,994.456,5558449.0
2020-07-03,995.359,1064.436,982.266,1035.089,6477531.0
2020-07-06,1048.634,1132.158,1040.507,1125.386,7065356.0
2020-07-07,1131.706,1133.512,1062.63,1070.305,6186423.0
2020-07-08,1087.01,1176.854,1085.655,1176.854,5406811.0
2020-07-09,1167.825,1277.986,1138.93,1231.935,6458102.0
2020-07-10,1186.336,1206.652,1160.601,1162.859,5372058.0
2020-07-13,1145.702,1274.826,1133.964,1221.1,5584334.0
2020-07-14,1210.715,1323.134,1188.593,1314.556,6098026.0
2020-07-15,1314.105,1343.451,1254.509,1270.762,5116369.0
2020-07-16,1249.543,1305.075,1144.348,1147.057,6353932.0
2020-07-17,1164.213,1181.821,1075.723,1118.162,5998573.0
2020-07-20,1156.989,1192.205,1125.386,1170.534,4955148.0
2020-07-21,1170.534,1204.395,1158.344,1173.243,3337410.0
2020-07-22,1174.146,1263.087,1174.146,1210.715,4768179.0
2020-07-23,1197.623,1249.543,1184.078,1248.64,4946598.0
2020-07-24,1228.775,1232.838,1133.061,1134.867,6027185.0
2020-07-27,1136.673,1157.441,1105.52,1127.192,3804887.0
2020-07-28,1161.053,1161.956,1112.293,1129.449,3284567.0
2020-07-29,1120.419,1213.424,1114.099,1211.167,4814257.0
2020-07-30,1210.264,1210.264,1180.015,1184.53,3131479.0
2020-07-31,1191.302,1240.965,1187.69,1209.813,3909435.0
2020-08-03,1232.838,1263.539,1204.846,1258.121,4239866.0
2020-08-04,1255.412,1263.539,1226.969,1234.192,3179228.0
2020-08-05,1224.711,1282.049,1215.682,1254.961,3440294.0
2020-08-06,1260.378,1329.906,1228.775,1300.109,4265314.0
2020-08-07,1247.285,1278.889,1196.72,1221.551,4705861.0
2020-08-10,1189.044,1240.965,1174.146,1202.137,3703228.0
2020-08-11,1202.137,1219.745,1136.673,1142.993,3888313.0
2020-08-12,1142.993,1158.344,1089.267,1119.968,3922415.0
2020-08-13,1134.415,1156.989,1124.031,1130.352,2690759.0
2020-08-14,1125.386,1155.183,1123.128,1149.314,2130912.0
2020-08-17,1174.597,1217.036,1152.474,1187.69,4483350.0
2020-08-18,1179.563,1208.007,1176.403,1188.141,2539947.0
2020-08-19,1184.078,1194.462,1135.318,1141.639,3080310.0
2020-08-20,1134.415,1163.761,1129.9,1142.542,2348480.0
2020-08-21,1159.247,1188.593,1155.635,1186.336,3279599.0
2020-08-24,1202.137,1206.201,1140.736,1176.403,3346692.0
2020-08-25,1174.146,1247.285,1174.146,1199.88,4593401.0
2020-08-26,1188.593,1195.365,1141.187,1147.057,3802412.0
2020-08-27,1146.605,1169.179,1140.736,1157.892,2189206.0
2020-08-28,1146.154,1208.007,1134.867,1194.462,3936775.0
2020-08-31,1206.201,1232.838,1184.981,1186.787,4010513.0
2020-09-01,1186.336,1196.72,1167.373,1192.656,2221476.0
2020-09-02,1193.108,1227.42,1181.821,1217.488,4272348.0
2020-09-03,1215.682,1233.29,1185.884,1194.462,3643951.0
2020-09-04,1161.956,1182.724,1157.441,1175.5,2148254.0
2020-09-07,1168.276,1175.951,1107.778,1116.356,3917030.0
2020-09-08,1123.58,1147.96,1101.006,1134.867,2983929.0
2020-09-09,1120.871,1129.9,1080.689,1087.461,2945451.0
2020-09-10,1098.748,1110.035,1049.085,1053.149,2680155.0
2020-09-11,1048.634,1069.402,1044.119,1064.887,1972561.0
2020-09-14,1073.014,1082.043,1057.663,1071.659,1748301.0
2020-09-15,1071.659,1079.335,1059.921,1076.174,1610937.0
2020-09-16,1071.208,1082.043,1050.44,1058.566,1807953.0
2020-09-17,1050.891,1079.335,1035.992,1065.339,2162310.0
2020-09-18,1065.79,1156.989,1057.212,1134.415,4984635.0
2020-09-21,1156.989,1163.761,1109.132,1109.584,3280106.0
2020-09-22,1098.748,1140.736,1095.588,1103.263,2486341.0
2020-09-23,1103.715,1110.035,1087.461,1095.136,1596155.0
2020-09-24,1089.719,1106.423,1075.723,1077.98,1711937.0
2020-09-25,1083.398,1102.36,1078.883,1090.17,1673755.0
2020-09-28,1083.398,1092.428,1076.626,1083.398,1154117.0
2020-09-29,1091.525,1110.938,1089.719,1098.748,1663212.0
2020-09-30,1105.52,1110.035,1082.043,1088.816,1332426.0
2020-10-09,1111.39,1129.449,1106.423,1117.259,1850057.0
2020-10-12,1128.094,1188.593,1121.774,1183.627,3626168.0
2020-10-13,1166.019,1188.593,1162.407,1184.981,2343422.0
2020-10-14,1178.66,1183.175,1163.761,1174.597,1556797.0
2020-10-15,1175.5,1197.171,1166.019,1166.922,1643185.0
2020-10-16,1164.213,1184.981,1164.213,1178.66,1578491.0
2020-10-19,1223.808,1224.711,1177.306,1178.209,2662700.0
2020-10-20,1179.112,1218.842,1178.209,1213.424,2649678.0
2020-10-21,1215.23,1215.682,1185.433,1195.365,1802025.0
2020-10-22,1184.078,1201.234,1163.761,1183.627,1934488.0
2020-10-23,1184.981,1189.947,1142.993,1142.993,1608702.0
2020-10-26,1139.833,1140.736,1084.752,1104.166,2483321.0
2020-10-27,1096.039,1110.035,1094.233,1104.166,1304907.0
2020-10-28,1101.006,1113.196,1090.622,1104.617,1650810.0
2020-10-29,1093.782,1117.71,1089.267,1105.972,1873138.0
2020-10-30,1101.909,1109.584,1058.115,1061.275,2216718.0
2020-11-02,1063.533,1086.558,1055.406,1067.596,1620045.0
2020-11-03,1071.659,1123.128,1071.659,1102.812,2505100.0
2020-11-04,1102.812,1107.778,1082.946,1099.2,1489749.0
2020-11-05,1123.128,1141.187,1116.356,1133.512,2568407.0
2020-11-06,1132.158,1148.863,1121.322,1143.445,2566596.0
2020-11-09,1152.474,1250.897,1145.702,1221.1,4976593.0
2020-11-10,1224.711,1240.062,1202.589,1209.813,3351616.0
2020-11-11,1204.395,1209.813,1147.96,1151.12,3192197.0
2020-11-12,1155.635,1167.373,1143.896,1154.732,1525108.0
2020-11-13,1140.284,1140.736,1116.356,1132.609,1846812.0
2020-11-16,1146.154,1146.605,1121.774,1142.542,1352636.0
2020-11-17,1136.673,1141.639,1109.584,1141.639,1642766.0
2020-11-18,1142.542,1162.407,1138.93,1148.411,1940357.0
2020-11-19,1134.867,1183.175,1122.677,1171.888,2293720.0
2020-11-20,1166.019,1178.66,1156.538,1167.373,1475076.0
2020-11-23,1159.247,1221.1,1151.12,1194.914,3537628.0
2020-11-24,1190.85,1201.686,1177.757,1184.53,1869732.0
2020-11-25,1193.559,1210.264,1164.664,1164.664,1970441.0
2020-11-26,1169.179,1190.399,1165.116,1175.951,1603029.0
2020-11-27,1179.563,1210.715,1173.243,1210.715,2357849.0
2020-11-30,1224.711,1324.037,1220.197,1247.285,7048939.0
2020-12-01,1242.771,1341.193,1239.159,1333.97,5934118.0
2020-12-02,1328.552,1340.742,1286.564,1300.109,4562378.0
2020-12-03,1292.885,1335.324,1287.919,1324.037,3280127.0
2020-12-04,1305.526,1307.332,1268.956,1286.113,2985108.0
2020-12-07,1301.012,1301.012,1256.767,1258.572,2144658.0
2020-12-08,1265.796,1290.176,1258.572,1272.117,2032886.0
2020-12-09,1272.117,1280.695,1211.167,1211.167,3526752.0
2020-12-10,1211.618,1227.872,1203.492,1212.521,2131434.0
2020-12-11,1219.745,1222.905,1180.466,1200.783,2245268.0
2020-12-14,1202.137,1212.973,1184.078,1206.201,1673878.0
2020-12-15,1198.525,1222.454,1189.496,1211.167,1654953.0
2020-12-16,1210.715,1210.715,1184.981,1186.336,1539095.0
2020-12-17,1185.884,1246.382,1184.981,1238.707,3171901.0
2020-12-18,1228.775,1235.095,1212.07,1220.197,1672064.0
2020-12-21,1211.167,1257.669,1194.011,1251.349,2491196.0
2020-12-22,1238.256,1246.834,1193.559,1194.011,2401110.0
2020-12-23,1194.462,1229.226,1194.011,1208.458,2070593.0
2020-12-24,1204.846,1226.517,1198.074,1203.492,1360582.0
2020-12-25,1196.72,1231.484,1181.369,1217.036,2076573.0
2020-12-28,1215.23,1269.859,1197.623,1243.674,2721738.0
2020-12-29,1252.703,1290.176,1246.834,1251.349,2656113.0
2020-12-30,1256.767,1313.653,1243.674,1311.847,3654981.0
2020-12-31,1332.164,1440.519,1331.261,1405.304,5124712.0
2021-01-04,1437.81,1484.764,1390.856,1459.481,4753363.0
2021-01-05,1436.004,1495.6,1418.848,1469.865,4343684.0
2021-01-06,1479.798,1537.588,1473.026,1500.115,3451764.0
2021-01-07,1496.503,1572.803,1481.604,1572.352,3800119.0
2021-01-08,1574.609,1584.09,1515.916,1536.233,3574477.0
2021-01-11,1553.389,1555.647,1477.541,1496.954,3260141.0
2021-01-12,1499.212,1729.467,1499.212,1729.467,5475892.0
2021-01-13,1707.796,1786.353,1689.737,1760.168,4861275.0
2021-01-14,1725.855,1725.855,1647.749,1654.521,3752196.0
2021-01-15,1653.618,1697.863,1585.896,1632.85,3432782.0
2021-01-18,1626.529,1760.619,1623.369,1711.408,3347527.0
2021-01-19,1707.796,1750.686,1661.745,1677.998,2961310.0
2021-01-20,1712.311,1754.298,1682.513,1696.509,2757281.0
2021-01-21,1706.893,1836.468,1702.378,1797.189,3874405.0
2021-01-22,1779.13,1800.349,1741.657,1782.29,3133269.0
2021-01-25,1811.636,1837.371,1757.459,1791.771,3415284.0
2021-01-26,1766.488,1766.488,1658.133,1659.036,4134623.0
2021-01-27,1681.158,1712.311,1661.293,1685.222,2569396.0
2021-01-28,1659.036,1688.834,1637.816,1640.074,2752711.0
2021-01-29,1662.196,1681.61,1527.203,1594.926,3960243.0
2021-02-01,1616.597,1665.808,1603.955,1625.626,2451385.0
2021-02-02,1639.622,1673.935,1611.179,1669.42,2496447.0
2021-02-03,1654.07,1662.196,1589.508,1601.246,2642309.0
2021-02-04,1579.575,1627.432,1559.259,1603.504,2189554.0
2021-02-05,1622.014,1648.2,1592.668,1602.601,1914609.0
2021-02-08,1614.339,1642.331,1554.744,1623.82,2105165.0
2021-02-09,1624.272,1738.497,1609.373,1728.564,3507620.0
2021-02-10,1734.885,1752.944,1704.184,1743.463,2455296.0
2021-02-18,1807.122,1819.312,1699.218,1704.184,3041722.0
2021-02-19,1676.192,1698.315,1624.272,1668.065,2771892.0
2021-02-22,1668.065,1668.065,1519.528,1524.043,4465949.0
2021-02-23,1520.883,1555.195,1502.824,1520.431,2198850.0
2021-02-24,1520.431,1533.073,1463.545,1479.798,2657414.0
2021-02-25,1495.6,1500.115,1432.393,1435.553,2542642.0
2021-02-26,1382.73,1415.236,1374.152,1377.312,2666232.0
2021-03-01,1395.823,1425.62,1386.793,1420.203,2153681.0
2021-03-02,1424.717,1435.553,1378.215,1393.114,1996310.0
2021-03-03,1400.789,1442.777,1390.405,1441.422,2074022.0
2021-03-04,1418.848,1418.848,1353.383,1365.573,2917881.0
2021-03-05,1336.679,1413.43,1332.164,1391.308,2731960.0
2021-03-08,1400.789,1411.173,1306.429,1306.429,2976504.0
2021-03-09,1300.56,1317.716,1244.577,1248.64,3278948.0
2021-03-10,1280.244,1289.273,1259.475,1261.281,1952509.0
2021-03-11,1268.505,1318.619,1261.281,1296.948,2171990.0
2021-03-12,1301.463,1310.041,1266.248,1277.083,2057802.0
2021-03-15,1269.408,1269.859,1227.42,1239.61,1808120.0
2021-03-16,1259.927,1259.927,1216.133,1234.192,1549589.0
2021-03-17,1229.226,1255.864,1219.294,1241.416,1535358.0
2021-03-18,1248.64,1298.754,1243.222,1280.695,2596500.0
2021-03-19,1255.412,1258.572,1222.905,1231.484,1922100.0
2021-03-22,1241.868,1274.374,1228.323,1252.252,1838636.0
2021-03-23,1251.8,1259.927,1212.07,1231.484,1923290.0
2021-03-24,1220.648,1262.184,1218.391,1227.872,2049522.0
2021-03-25,1213.424,1248.188,1199.428,1235.095,1695968.0
2021-03-26,1245.028,1287.016,1243.674,1274.374,2666896.0
2021-03-29,1273.923,1296.045,1256.767,1259.475,1806242.0
2021-03-30,1254.058,1276.632,1242.771,1267.602,1372136.0
2021-03-31,1263.087,1263.539,1227.872,1236.45,1386863.0
2021-04-01,1247.737,1282.049,1236.901,1278.889,1849181.0
2021-04-02,1299.657,1322.683,1296.948,1309.138,2386359.0
2021-04-06,1319.974,1330.809,1283.404,1297.4,1517262.0
2021-04-07,1278.889,1282.501,1256.315,1264.442,1580704.0
2021-04-08,1256.315,1289.273,1248.188,1274.374,1418614.0
2021-04-09,1269.859,1277.535,1249.091,1255.412,1073043.0
2021-04-12,1256.767,1271.214,1212.521,1217.939,1605496.0
2021-04-13,1222.002,1243.674,1217.939,1226.517,1296413.0
2021-04-14,1234.644,1288.37,1231.935,1287.016,2057631.0
2021-04-15,1270.311,1294.691,1268.054,1294.239,1381111.0
2021-04-16,1296.948,1306.881,1272.117,1295.594,1399281.0
2021-04-19,1285.661,1371.443,1275.729,1365.573,2877403.0
2021-04-20,1349.772,1375.957,1347.063,1350.223,1868420.0
2021-04-21,1335.776,1373.249,1333.97,1356.995,1269480.0
2021-04-22,1375.506,1402.143,1360.156,1383.181,1633340.0
2021-04-23,1378.215,1452.258,1374.152,1431.941,2521035.0
2021-04-26,1450.452,1459.481,1398.531,1406.207,2567584.0
2021-04-27,1364.67,1400.789,1330.809,1369.637,3059493.0
2021-04-28,1360.607,1454.064,1358.35,1439.165,2317616.0
2021-04-29,1436.004,1484.313,1432.393,1450.0,2261600.0
2021-04-30,1445.937,1481.604,1440.519,1461.287,1727811.0
2021-05-06,1455.87,1463.996,1395.371,1418.848,1951785.0
2021-05-07,1431.941,1435.101,1360.607,1368.734,1614686.0
2021-05-10,1366.928,1373.7,1338.485,1359.704,1376235.0
2021-05-11,1347.063,1404.852,1333.067,1389.953,1713750.0
2021-05-12,1369.185,1384.084,1360.156,1380.924,1135110.0
2021-05-13,1360.156,1403.046,1356.544,1382.73,1140029.0
2021-05-14,1400.789,1580.93,1398.983,1558.807,4533815.0
2021-05-17,1536.233,1574.609,1531.718,1555.195,3163581.0
2021-05-18,1554.292,1609.373,1549.778,1559.259,2182176.0
2021-05-19,1551.132,1635.559,1549.778,1595.829,2297210.0
2021-05-20,1603.955,1652.264,1594.926,1618.403,2302025.0
2021-05-21,1622.014,1622.014,1557.904,1562.87,2277526.0
2021-05-24,1603.955,1634.656,1590.411,1601.698,2293172.0
2021-05-25,1603.955,1734.433,1601.246,1720.437,3681035.0
2021-05-26,1734.885,1744.817,1692.897,1704.184,2424144.0
2021-05-27,1705.268,1731.273,1664.092,1710.685,2310737.0
2021-05-28,1704.184,1763.779,1679.804,1704.726,2784336.0
2021-05-31,1690.098,1731.273,1667.343,1731.273,2328290.0
2021-06-01,1715.02,1724.771,1674.928,1707.435,2131901.0
2021-06-02,1710.685,1723.688,1657.049,1668.427,2104028.0
2021-06-03,1674.928,1738.858,1674.928,1680.346,2666024.0
2021-06-04,1666.26,1740.483,1656.508,1689.014,2994961.0
2021-06-07,1687.931,1720.437,1660.842,1698.766,2243388.0
2021-06-08,1687.931,1722.604,1672.761,1680.888,2138615.0
2021-06-09,1676.553,1693.348,1629.419,1655.424,2137573.0
2021-06-10,1660.3,1742.108,1659.758,1703.642,3168016.0
2021-06-11,1715.561,1730.731,1693.89,1707.976,2539991.0
2021-06-15,1707.976,1716.103,1655.424,1679.804,1910801.0
2021-06-16,1672.219,1691.181,1568.74,1570.365,3830795.0
2021-06-17,1573.074,1631.586,1573.074,1615.874,2359380.0
2021-06-18,1628.335,1670.594,1614.791,1646.756,2132171.0
2021-06-21,1665.176,1692.265,1654.34,1667.343,2024753.0
2021-06-22,1676.012,1681.971,1639.713,1664.634,1462617.0
2021-06-23,1669.51,1700.933,1650.548,1685.764,1980095.0
2021-06-24,1687.931,1697.683,1655.424,1660.842,1648187.0
2021-06-25,1671.677,1807.122,1656.508,1780.033,4871876.0
2021-06-28,1785.451,1791.41,1752.402,1784.367,2649544.0
2021-06-29,1782.742,1782.742,1718.27,1728.564,2420876.0
2021-06-30,1739.399,1801.162,1730.189,1784.909,2582297.0
2021-07-01,1836.919,1843.962,1694.974,1696.599,3531828.0
2021-07-02,1689.014,1689.014,1605.581,1618.583,3282944.0
2021-07-05,1613.165,1632.669,1591.494,1623.459,1950734.0
2021-07-06,1624.543,1639.171,1590.953,1636.462,2130202.0
2021-07-07,1606.664,1675.47,1605.581,1659.758,2289475.0
2021-07-08,1677.095,1748.61,1677.095,1698.766,3399633.0
2021-07-09,1682.513,1725.313,1668.968,1714.478,2096197.0
2021-07-12,1750.235,1828.251,1715.561,1795.744,4508550.0
2021-07-13,1780.575,1798.995,1746.443,1759.445,2167412.0
2021-07-14,1750.235,1788.159,1735.607,1750.235,1944698.0
2021-07-15,1742.108,1816.874,1735.607,1801.162,2628816.0
2021-07-16,1814.165,1821.75,1758.362,1769.197,2365988.0
2021-07-19,1754.569,1784.909,1744.817,1773.531,1511340.0
2021-07-20,1754.027,1791.41,1749.151,1767.572,1204853.0
2021-07-21,1784.367,1892.722,1777.324,1860.758,3706942.0
2021-07-22,1871.593,1915.477,1847.213,1909.517,3061140.0
2021-07-23,1910.059,1963.695,1845.046,1856.965,3704324.0
2021-07-26,1871.593,1875.927,1769.197,1786.534,3469323.0
2021-07-27,1823.375,1829.334,1672.219,1686.847,3262217.0
2021-07-28,1674.386,1703.1,1600.163,1660.3,2976611.0
2021-07-29,1715.02,1766.488,1700.392,1746.984,3288425.0
2021-07-30,1726.397,1738.858,1678.179,1690.64,2171747.0
2021-08-02,1693.348,1842.879,1671.677,1797.911,3620731.0
2021-08-03,1790.868,1864.008,1782.742,1808.747,2991645.0
2021-08-04,1801.704,1843.962,1780.575,1827.167,2218573.0
2021-08-05,1828.793,1828.793,1762.696,1779.491,2041567.0
2021-08-06,1777.866,1823.917,1777.866,1792.494,1647063.0
2021-08-09,1779.491,1838.545,1773.531,1810.372,2242187.0
2021-08-10,1796.286,1835.294,1769.197,1834.21,2523806.0
2021-08-11,1836.919,1849.38,1785.992,1794.119,1951506.0
2021-08-12,1785.451,1796.286,1736.691,1745.359,1922758.0
2021-08-13,1731.273,1777.866,1726.397,1750.777,1271960.0
2021-08-16,1751.319,1796.286,1745.901,1752.402,1770362.0
2021-08-17,1741.025,1795.203,1683.055,1686.847,2859724.0
2021-08-18,1703.642,1839.628,1677.637,1807.663,4559161.0
2021-08-19,1807.663,1817.957,1730.731,1746.443,3239069.0
2021-08-20,1738.316,1771.906,1685.222,1710.144,2540795.0
2021-08-23,1715.561,1739.941,1693.89,1716.645,1654203.0
2021-08-24,1716.645,1789.785,1696.599,1751.319,2634518.0
2021-08-25,1742.108,1742.65,1699.85,1717.187,1712897.0
2021-08-26,1712.311,1733.982,1685.764,1686.847,1782440.0
2021-08-27,1679.804,1708.518,1672.219,1687.931,1340909.0
2021-08-30,1699.308,1703.642,1629.961,1661.925,2268280.0
2021-08-31,1650.006,1701.475,1633.753,1685.222,2433945.0
2021-09-01,1676.012,1780.033,1653.257,1728.022,3746785.0
2021-09-02,1715.02,1757.82,1707.435,1728.022,2175635.0
2021-09-03,1788.159,1798.453,1702.559,1703.1,2939773.0
2021-09-06,1683.596,1823.375,1678.179,1795.744,4646168.0
2021-09-07,1783.283,1893.264,1774.615,1861.299,4246770.0
2021-09-08,1855.882,1999.452,1850.464,1920.353,4135628.0
2021-09-09,1915.477,1941.482,1882.97,1918.728,1987842.0
2021-09-10,1923.604,1984.824,1918.186,1929.021,2619173.0
2021-09-13,1937.148,2002.161,1935.523,1967.488,2530003.0
2021-09-14,1979.407,1993.493,1904.641,1926.313,2581823.0
2021-09-15,1947.984,1947.984,1888.388,1921.437,1706942.0
2021-09-16,1929.563,1932.272,1826.084,1854.798,2195665.0
2021-09-17,1854.798,1902.474,1839.086,1888.388,1399441.0
2021-09-22,1850.464,1893.264,1842.879,1869.426,1058159.0
2021-09-23,1899.765,1931.73,1854.798,1868.342,1730172.0
2021-09-24,1860.216,1906.267,1855.882,1867.259,1232022.0
2021-09-27,1874.844,1908.976,1782.742,1793.035,2758941.0
2021-09-28,1810.372,1892.181,1795.744,1866.717,2221979.0
2021-09-29,1859.674,1860.758,1807.122,1833.127,1467155.0
2021-09-30,1847.755,1885.679,1819.041,1870.509,1392954.0
2021-10-08,1896.515,1925.771,1855.882,1882.429,1509779.0
2021-10-11,1881.345,1918.728,1866.717,1872.677,1192236.0
2021-10-12,1850.464,1852.631,1750.235,1784.367,2413653.0
2021-10-13,1776.24,1820.124,1754.569,1807.122,1148320.0
2021-10-14,1806.58,1815.79,1785.992,1801.704,807570.0
2021-10-15,1769.197,1853.173,1764.863,1843.421,1479946.0
2021-10-18,1850.464,1864.55,1809.83,1829.334,1591332.0
2021-10-19,1828.793,1855.882,1808.747,1819.582,1353967.0
2021-10-20,1828.793,1853.173,1814.165,1821.208,1106716.0
2021-10-21,1822.291,1839.628,1791.41,1827.167,1261393.0
2021-10-22,1832.585,1836.919,1807.663,1809.289,966589.0
2021-10-25,1810.372,1855.882,1794.119,1847.213,1599072.0
2021-10-26,1838.545,1864.008,1834.21,1845.588,1323369.0
2021-10-27,1839.628,1845.046,1774.615,1790.868,1831647.0
2021-10-28,1780.575,1797.911,1750.777,1758.362,1391215.0
2021-10-29,1752.944,1801.704,1748.61,1790.868,1321863.0
2021-11-01,1775.157,1796.286,1769.197,1775.157,1032835.0
2021-11-02,1771.906,1779.491,1706.893,1742.108,1673417.0
2021-11-03,1752.944,1781.658,1745.901,1766.488,1117607.0
2021-11-04,1782.742,1806.038,1768.114,1772.99,1070337.0
2021-11-05,1764.321,1795.744,1760.529,1781.658,969142.0
2021-11-08,1784.367,1836.378,1782.2,1813.623,1574916.0
2021-11-09,1815.248,1827.167,1798.453,1822.833,1032316.0
2021-11-10,1811.998,1834.752,1801.704,1829.876,1097271.0
2021-11-11,1834.21,1934.439,1833.669,1923.604,3179946.0
2021-11-12,1916.019,1953.401,1913.852,1927.938,1546947.0
2021-11-15,1927.938,1956.652,1914.935,1922.52,1240530.0
2021-11-16,1924.687,1938.232,1887.305,1893.264,1318847.0
2021-11-17,1916.561,1934.439,1900.307,1912.768,890844.0
2021-11-18,1910.059,1917.102,1874.302,1887.846,839491.0
2021-11-19,1882.429,1941.482,1877.011,1916.561,1428304.0
2021-11-22,1920.895,1964.237,1912.768,1951.234,1678942.0
2021-11-23,1950.151,1978.865,1937.69,1942.024,1363053.0
2021-11-24,1938.773,1955.027,1913.852,1920.353,1076646.0
2021-11-25,1926.313,1930.647,1892.181,1899.224,895672.0
2021-11-26,1893.806,1905.725,1873.76,1890.013,883170.0
2021-11-29,1872.677,1896.515,1869.968,1894.348,1001045.0
2021-11-30,1901.933,1924.145,1873.218,1885.137,918619.0
2021-12-01,1882.97,1904.1,1864.008,1890.555,922120.0
2021-12-02,1883.512,1907.892,1878.094,1903.016,925246.0
2021-12-03,1908.434,1912.768,1850.464,1897.598,1331098.0
2021-12-06,1894.889,1991.326,1894.348,1920.353,2647529.0
2021-12-07,1953.401,1956.11,1907.35,1929.021,1366795.0
2021-12-08,1950.692,1973.989,1927.938,1965.862,1393956.0
2021-12-09,1970.196,2067.175,1955.027,2025.458,2646421.0
2021-12-10,2010.288,2021.123,1994.576,2007.579,1510271.0
2021-12-13,2057.423,2140.314,2044.962,2074.218,2641813.0
2021-12-14,2074.218,2108.891,2066.091,2083.97,1276814.0
2021-12-15,2083.97,2137.606,2078.01,2103.474,1376025.0
2021-12-16,2121.352,2126.77,2076.385,2109.433,977136.0
2021-12-17,2102.932,2123.519,2063.382,2063.382,1481750.0
2021-12-20,2066.633,2102.932,2034.668,2043.878,1512291.0
2021-12-21,2043.878,2059.048,2009.746,2050.379,1066823.0
2021-12-22,2040.086,2056.339,2027.625,2031.959,669789.0
2021-12-23,2035.21,2045.503,2011.371,2038.46,813694.0
2021-12-24,2038.46,2074.218,2022.749,2029.792,762916.0
2021-12-27,2054.714,2054.714,2002.703,2011.371,788464.0
2021-12-28,2022.749,2049.296,2011.371,2048.754,986587.0
2021-12-29,2047.129,2047.671,1972.364,1975.614,1274313.0
2021-12-30,1975.072,2034.668,1953.943,2015.164,1327516.0
2021-12-31,2028.167,2031.417,2003.245,2018.956,793779.0
2022-01-04,2026.541,2028.167,1945.275,1951.234,1388634.0
2022-01-05,1956.11,1969.655,1884.596,1908.434,1917219.0
2022-01-06,1888.93,1890.013,1843.962,1848.297,1998639.0
2022-01-07,1860.758,1863.466,1833.127,1836.919,1215737.0
2022-01-10,1823.917,1846.671,1815.248,1825.0,1088338.0
2022-01-11,1817.415,1836.378,1812.539,1817.957,893460.0
2022-01-12,1828.793,1839.628,1801.704,1832.043,1213729.0
2022-01-13,1834.21,1843.421,1769.197,1770.823,1610760.0
2022-01-14,1746.984,1780.033,1742.65,1754.027,1251405.0
2022-01-17,1755.653,1804.413,1755.111,1790.868,1225401.0
2022-01-18,1794.661,1820.124,1780.033,1800.62,1133414.0
2022-01-19,1832.043,1847.213,1784.909,1804.413,1483438.0
2022-01-20,1796.286,1850.464,1777.324,1835.836,1715073.0
2022-01-21,1830.418,1838.003,1795.203,1809.289,1025776.0
2022-01-24,1794.661,1819.041,1765.947,1774.073,1078118.0
2022-01-25,1747.526,1769.739,1723.688,1726.939,1404188.0
2022-01-26,1752.402,1778.949,1724.23,1778.949,1345790.0
2022-01-27,1763.779,1784.909,1730.189,1731.815,1163350.0
2022-01-28,1759.445,1763.238,1706.351,1707.435,1112060.0
2022-02-07,1753.486,1770.823,1736.691,1754.027,1229368.0
2022-02-08,1754.027,1762.154,1700.933,1749.151,1264105.0
2022-02-09,1751.319,1782.2,1737.774,1778.407,1192718.0
2022-02-10,1783.825,1790.327,1733.982,1749.693,1312559.0
2022-02-11,1743.734,1767.03,1721.521,1727.48,1224639.0
2022-02-14,1704.184,1716.103,1465.802,1497.767,5488675.0
2022-02-15,1465.802,1497.225,1453.883,1490.724,2749549.0
2022-02-16,1506.977,1528.648,1490.724,1496.683,2074721.0
2022-02-17,1483.139,1517.271,1478.263,1499.934,1420360.0
2022-02-18,1488.557,1491.266,1463.093,1475.554,1771748.0
2022-02-21,1470.678,1476.638,1417.584,1425.169,3633193.0
2022-02-22,1403.498,1410.541,1375.325,1383.452,2502259.0
2022-02-23,1399.705,1441.422,1383.452,1438.713,2676884.0
2022-02-24,1417.584,1451.174,1398.08,1422.46,2338316.0
2022-02-25,1446.84,1476.096,1433.296,1439.797,2350372.0
2022-02-28,1428.961,1462.551,1422.46,1457.134,1884733.0
2022-03-01,1465.802,1501.018,1456.592,1495.058,2728678.0
2022-03-02,1479.347,1483.681,1468.511,1477.721,1123371.0
2022-03-03,1482.597,1492.891,1447.923,1457.134,1455123.0
2022-03-04,1441.422,1463.635,1407.29,1417.042,1920698.0
2022-03-07,1398.622,1399.705,1345.528,1356.363,2494210.0
2022-03-08,1363.948,1382.368,1330.358,1355.28,2229400.0
2022-03-09,1362.865,1367.74,1261.552,1322.773,3214849.0
2022-03-10,1361.239,1380.743,1336.859,1338.485,2719643.0
2022-03-11,1313.021,1365.573,1257.76,1341.193,4062661.0
2022-03-14,1308.687,1322.231,1281.598,1281.598,2418177.0
2022-03-15,1254.509,1309.229,1243.674,1245.299,3357902.0
2022-03-16,1265.345,1389.953,1233.922,1374.242,5466488.0
2022-03-17,1406.207,1443.047,1381.827,1408.374,5617217.0
2022-03-18,1400.789,1422.46,1373.7,1416.5,2780825.0
2022-03-21,1411.083,1411.083,1357.989,1365.573,2883179.0
2022-03-22,1357.447,1392.662,1347.153,1369.366,1769956.0
2022-03-23,1376.409,1389.412,1366.115,1376.409,1472350.0
2022-03-24,1367.74,1398.622,1352.029,1381.827,1840421.0
2022-03-25,1378.034,1386.703,1340.652,1341.193,1748652.0
2022-03-28,1310.312,1352.029,1300.018,1335.234,1541132.0
2022-03-29,1340.11,1350.945,1314.646,1318.981,1033941.0
2022-03-30,1335.234,1421.376,1330.9,1421.376,3520017.0
2022-03-31,1407.29,1407.29,1376.409,1381.285,2108911.0
2022-04-01,1374.242,1438.171,1370.449,1421.918,2791168.0
2022-04-06,1405.123,1420.835,1391.037,1414.875,1704404.0
2022-04-07,1405.123,1440.88,1389.412,1389.953,1934747.0
2022-04-08,1389.953,1436.004,1382.368,1421.918,2159817.0
2022-04-11,1403.498,1404.04,1346.611,1347.153,2491409.0
2022-04-12,1344.986,1442.506,1343.902,1427.878,3076923.0
2022-04-13,1406.207,1449.549,1398.622,1413.792,2349526.0
2022-04-14,1436.004,1482.055,1423.544,1461.468,2989752.0
2022-04-15,1443.589,1488.557,1438.713,1465.802,2103918.0
2022-04-18,1433.296,1446.84,1398.622,1429.503,1907583.0
2022-04-19,1422.46,1447.923,1408.916,1413.792,1412020.0
2022-04-20,1416.392,1426.794,1344.227,1352.679,2734165.0
2022-04-21,1335.776,1394.288,1333.825,1357.88,2403235.0
2022-04-22,1346.828,1394.938,1342.927,1368.282,2050650.0
2022-04-25,1319.522,1391.687,1303.269,1356.58,3374015.0
2022-04-26,1354.629,1401.439,1324.723,1361.781,3386017.0
2022-04-27,1350.079,1433.295,1345.528,1420.293,3827277.0
2022-04-28,1399.489,1409.891,1366.982,1381.285,2418651.0
2022-04-29,1420.293,1510.661,1384.536,1493.758,5044526.0
2022-05-05,1463.202,1488.557,1450.849,1469.053,2519567.0
2022-05-06,1430.045,1448.249,1410.541,1412.491,2179166.0
2022-05-09,1392.337,1433.295,1391.687,1410.541,1339861.0
2022-05-10,1394.938,1447.598,1389.086,1439.147,2253886.0
2022-05-11,1439.147,1511.311,1431.995,1463.202,3794937.0
2022-05-12,1450.199,1505.46,1447.598,1474.254,2194966.0
2022-05-13,1489.857,1494.408,1457.35,1477.504,1520960.0
2022-05-16,1493.758,1504.16,1451.499,1459.951,1518007.0
2022-05-17,1459.951,1480.755,1448.249,1474.904,1387187.0
2022-05-18,1484.656,1488.557,1452.799,1460.601,1698599.0
2022-05-19,1436.546,1458.651,1430.695,1454.1,1538775.0
2022-05-20,1466.452,1512.612,1466.452,1498.309,3350107.0
2022-05-23,1490.507,1502.86,1470.353,1493.758,1738904.0
2022-05-24,1488.557,1498.959,1444.348,1448.249,2047009.0
2022-05-25,1454.1,1459.301,1435.896,1459.301,1388438.0
2022-05-26,1458.001,1491.807,1433.946,1472.303,1964134.0
2022-05-27,1483.356,1491.807,1446.298,1454.1,1632035.0
2022-05-30,1459.301,1464.502,1441.097,1445.648,1305754.0
2022-05-31,1444.998,1494.408,1435.896,1484.656,2732800.0
2022-06-01,1483.356,1510.661,1472.303,1491.157,2142553.0
2022-06-02,1478.805,1504.16,1466.452,1497.008,1748413.0
2022-06-06,1502.21,1573.074,1482.706,1569.823,3972070.0
2022-06-07,1555.52,1601.68,1554.87,1563.972,3228045.0
2022-06-08,1573.074,1589.327,1532.766,1569.823,2629804.0
2022-06-09,1576.325,1610.131,1558.771,1563.322,3049848.0
2022-06-10,1547.719,1595.829,1536.016,1588.677,3051902.0
2022-06-13,1558.771,1584.776,1534.716,1552.27,2583917.0
2022-06-14,1527.565,1635.487,1482.706,1608.181,4397581.0
2022-06-15,1615.333,1742.108,1610.782,1657.591,7890019.0
2022-06-16,1654.34,1654.991,1583.476,1585.426,4179376.0
2022-06-17,1569.823,1617.283,1556.17,1601.03,3124095.0
2022-06-20,1594.528,1631.586,1589.327,1606.231,1998024.0
2022-06-21,1614.682,1617.933,1573.074,1585.426,1813428.0
2022-06-22,1590.628,1601.68,1560.071,1560.071,1792103.0
2022-06-23,1562.022,1639.387,1558.771,1630.286,3283725.0
2022-06-24,1635.487,1660.842,1612.082,1647.839,2496951.0
2022-06-27,1672.544,1702.45,1660.192,1677.745,2795919.0
2022-06-28,1677.745,1710.902,1649.139,1690.098,1944556.0
2022-06-29,1677.095,1701.15,1626.385,1628.985,2535962.0
2022-06-30,1646.539,1687.497,1634.837,1664.092,2317304.0
2022-07-01,1666.693,1686.197,1638.087,1651.74,1495664.0
2022-07-04,1651.74,1680.346,1619.233,1680.346,1974406.0
2022-07-05,1681.646,1693.999,1632.236,1653.04,2244581.0
2022-07-06,1649.79,1650.44,1596.479,1616.633,1984746.0
2022-07-07,1612.082,1628.335,1599.729,1612.732,1214486.0
2022-07-08,1621.834,1624.434,1543.168,1549.019,3023683.0
2022-07-11,1539.267,1543.168,1517.813,1526.915,1682796.0
2022-07-12,1536.016,1546.419,1506.11,1517.163,1818321.0
2022-07-13,1511.961,1526.915,1500.909,1507.411,1548278.0
2022-07-14,1500.259,1515.862,1489.207,1493.108,1477843.0
2022-07-15,1489.857,1513.912,1467.753,1469.053,1681500.0
2022-07-18,1495.058,1540.567,1495.058,1524.314,2101363.0
2022-07-19,1521.063,1537.317,1508.061,1527.565,1330812.0
2022-07-20,1533.416,1537.317,1515.212,1522.364,1081839.0
2022-07-21,1514.562,1524.964,1504.81,1505.46,1086576.0
2022-07-22,1509.361,1526.915,1498.959,1514.562,1130472.0
2022-07-25,1514.562,1515.212,1470.353,1476.204,1398057.0
2022-07-26,1482.706,1495.708,1467.102,1482.706,889782.0
2022-07-27,1476.204,1482.706,1467.102,1471.653,1025126.0
2022-07-28,1483.356,1517.163,1483.356,1489.857,1608643.0
2022-07-29,1491.807,1498.309,1456.7,1459.301,1299900.0
2022-08-01,1456.05,1456.05,1411.841,1430.045,1919794.0
2022-08-02,1410.541,1424.844,1373.483,1393.637,2019910.0
2022-08-03,1393.637,1417.042,1375.434,1378.034,1695927.0
2022-08-04,1386.486,1401.439,1379.985,1392.987,1381856.0
2022-08-05,1400.139,1433.295,1387.786,1428.745,1789550.0
2022-08-08,1415.092,1428.094,1411.841,1421.593,1048378.0
2022-08-09,1422.243,1429.395,1412.491,1417.692,1032533.0
2022-08-10,1417.042,1428.094,1391.687,1398.838,1339393.0
2022-08-11,1413.792,1511.311,1407.94,1507.411,4543458.0
2022-08-12,1488.557,1513.912,1477.504,1504.81,2191012.0
2022-08-15,1485.306,1525.614,1482.706,1502.21,1381222.0
2022-08-16,1508.061,1513.262,1498.309,1500.909,957790.0
2022-08-17,1500.909,1543.168,1485.956,1532.766,2311513.0
2022-08-18,1521.713,1532.116,1513.912,1513.912,1182093.0
2022-08-19,1515.862,1527.565,1500.909,1501.559,1076958.0
2022-08-22,1498.309,1506.76,1482.055,1486.606,1254464.0
2022-08-23,1485.306,1519.763,1476.204,1491.157,1420897.0
2022-08-24,1486.606,1530.815,1465.802,1470.353,1943779.0
2022-08-25,1475.554,1502.21,1463.852,1495.708,1504682.0
2022-08-26,1494.408,1494.408,1461.251,1468.403,1324155.0
2022-08-29,1443.047,1459.301,1437.196,1452.149,1026640.0
2022-08-30,1453.45,1461.251,1422.243,1440.447,1350641.0
2022-08-31,1430.045,1480.755,1428.094,1456.05,1667694.0
2022-09-01,1446.298,1457.35,1431.995,1435.246,937966.0
2022-09-02,1446.298,1452.799,1419.643,1436.546,892838.0
2022-09-05,1426.144,1439.797,1420.293,1437.846,728669.0
2022-09-06,1443.047,1470.353,1440.447,1467.102,1414990.0
2022-09-07,1458.001,1463.852,1448.249,1454.1,869646.0
2022-09-08,1462.551,1474.904,1456.7,1457.35,1043262.0
2022-09-09,1461.251,1501.559,1456.05,1485.956,1866476.0
2022-09-13,1495.058,1510.011,1485.306,1486.606,1140803.0
2022-09-14,1465.152,1479.455,1456.05,1467.102,1051333.0
2022-09-15,1478.805,1498.309,1452.149,1465.802,1394099.0
2022-09-16,1456.05,1465.802,1264.261,1309.12,6882529.0
2022-09-19,1281.165,1285.065,1252.559,1257.11,2806398.0
2022-09-20,1263.611,1282.465,1251.258,1266.862,1789546.0
2022-09-21,1251.909,1253.209,1221.352,1241.506,2340389.0
2022-09-22,1219.402,1238.906,1212.901,1219.402,2002263.0
2022-09-23,1216.151,1233.055,1199.248,1209.65,1681130.0
2022-09-26,1192.747,1214.851,1185.595,1192.096,1643916.0
2022-09-27,1199.248,1212.901,1190.146,1212.25,1461164.0
2022-09-28,1201.198,1211.6,1173.243,1174.543,1829959.0
2022-09-29,1188.196,1194.047,1166.091,1170.642,1557086.0
2022-09-30,1176.493,1188.846,1157.639,1158.29,1281509.0
2022-10-10,1158.29,1165.441,1132.284,1137.485,1287965.0
2022-10-11,1144.637,1163.491,1129.684,1143.336,1315065.0
2022-10-12,1139.436,1178.444,1129.684,1177.793,1716494.0
2022-10-13,1160.24,1179.094,1157.639,1164.141,1256004.0
2022-10-14,1179.744,1212.25,1173.893,1191.446,2362150.0
2022-10-17,1182.344,1207.7,1177.143,1201.848,1452239.0
2022-10-18,1211.6,1214.201,1188.196,1194.697,1255581.0
2022-10-19,1192.096,1197.948,1166.091,1166.091,1491768.0
2022-10-20,1157.639,1197.297,1152.438,1171.292,1663694.0
2022-10-21,1202.499,1207.7,1171.942,1175.193,1872831.0
2022-10-24,1173.243,1205.749,1118.631,1123.833,3242994.0
2022-10-25,1111.48,1117.981,1020.461,1023.062,5446459.0
2022-10-26,1027.613,1060.77,1014.61,1036.715,3852984.0
2022-10-27,1036.715,1088.725,1034.114,1056.219,3435851.0
2022-10-28,1041.916,1055.569,1004.208,1012.01,2648982.0
2022-10-31,1004.858,1043.216,1002.258,1027.613,1957692.0
2022-11-01,1027.613,1065.971,1020.461,1065.971,3334801.0
2022-11-02,1054.918,1086.775,1047.767,1069.221,3165460.0
2022-11-03,1052.968,1068.571,1051.018,1060.12,1651824.0
2022-11-04,1056.219,1148.538,1056.219,1130.334,4725072.0
2022-11-07,1119.932,1143.336,1116.031,1134.885,2218536.0
2022-11-08,1135.535,1140.736,1119.282,1129.684,1388170.0
2022-11-09,1127.733,1137.485,1118.631,1119.932,1393530.0
2022-11-10,1106.929,1130.334,1098.477,1122.532,1831724.0
2022-11-11,1171.942,1211.6,1148.538,1181.694,5276411.0
2022-11-14,1196.647,1221.352,1182.995,1188.846,3855750.0
2022-11-15,1186.245,1265.561,1177.793,1251.909,4362496.0
2022-11-16,1244.757,1255.159,1215.501,1220.052,2932293.0
2022-11-17,1212.25,1222.002,1195.997,1222.002,1913388.0
2022-11-18,1221.352,1226.553,1194.697,1195.997,1756100.0
2022-11-21,1182.995,1183.645,1151.138,1169.992,2049948.0
2022-11-22,1173.243,1199.248,1169.342,1178.444,1809041.0
2022-11-23,1173.893,1192.096,1165.441,1174.543,1182014.0
2022-11-24,1199.248,1201.198,1168.042,1169.992,1102469.0
2022-11-25,1167.391,1196.647,1166.091,1177.793,1329645.0
2022-11-28,1143.987,1150.488,1126.433,1147.887,1880110.0
2022-11-29,1156.989,1241.506,1155.039,1223.303,4028304.0
2022-11-30,1215.501,1229.804,1207.049,1215.501,1995145.0
2022-12-01,1251.258,1296.768,1249.958,1249.958,3659992.0
2022-12-02,1250.608,1266.211,1228.504,1243.457,1853206.0
2022-12-05,1267.512,1305.87,1262.311,1304.569,3556049.0
2022-12-06,1293.517,1344.227,1291.567,1311.071,2552980.0
2022-12-07,1306.52,1331.875,1288.966,1307.17,1819780.0
2022-12-08,1311.721,1318.222,1300.018,1313.021,1495886.0
2022-12-09,1313.021,1361.131,1301.969,1350.729,2803555.0
2022-12-12,1339.026,1342.277,1298.068,1298.718,1902925.0
2022-12-13,1299.368,1314.321,1297.418,1300.668,924323.0
2022-12-14,1306.52,1329.274,1300.018,1321.473,1289290.0
2022-12-15,1308.47,1316.272,1288.966,1292.867,1245406.0
2022-12-16,1285.715,1298.068,1278.564,1287.016,1265524.0
2022-12-19,1291.567,1309.12,1231.104,1244.757,2269367.0
2022-12-20,1244.757,1250.608,1218.102,1228.504,1282918.0
2022-12-21,1231.754,1253.859,1229.804,1238.256,1080798.0
2022-12-22,1251.258,1270.112,1235.005,1244.757,1259258.0
2022-12-23,1232.405,1264.261,1229.154,1249.958,963725.0
2022-12-26,1253.209,1257.11,1226.553,1249.958,1084472.0
2022-12-27,1264.911,1285.065,1249.958,1277.264,1759408.0
2022-12-28,1268.812,1283.765,1264.261,1268.812,1087661.0
2022-12-29,1259.06,1276.614,1242.807,1272.063,1052446.0
2022-12-30,1275.963,1289.616,1272.713,1274.013,996149.0
2023-01-03,1260.36,1270.112,1209.0,1265.561,2251739.0
2023-01-04,1260.36,1290.266,1257.76,1270.762,1300907.0
2023-01-05,1287.016,1339.676,1285.065,1337.076,3153216.0
2023-01-06,1332.525,1352.029,1326.024,1337.076,1669262.0
2023-01-09,1348.128,1400.139,1345.528,1382.585,2489792.0
2023-01-10,1380.635,1410.541,1371.533,1378.034,1821270.0
2023-01-11,1387.136,1413.792,1368.932,1372.183,1533638.0
2023-01-12,1380.635,1390.387,1365.682,1384.536,1125178.0
2023-01-13,1391.037,1426.794,1381.285,1426.794,2117860.0
2023-01-16,1431.995,1534.716,1430.045,1476.854,4385628.0
2023-01-17,1469.703,1500.259,1465.802,1495.058,1827773.0
2023-01-18,1476.204,1513.262,1476.204,1486.606,1367117.0
2023-01-19,1485.306,1530.815,1476.204,1530.165,1899054.0
2023-01-20,1526.264,1527.565,1501.559,1523.014,1504011.0
2023-01-30,1570.473,1578.275,1489.207,1501.559,2524456.0
2023-01-31,1502.86,1515.212,1464.502,1474.904,2001233.0
2023-02-01,1484.006,1531.465,1469.703,1531.465,2000132.0
2023-02-02,1539.267,1545.118,1488.557,1488.557,2670149.0
2023-02-03,1479.455,1498.309,1465.152,1480.755,1461973.0
2023-02-06,1456.05,1463.852,1407.29,1437.846,2091384.0
2023-02-07,1446.298,1453.45,1436.546,1449.549,1080976.0
2023-02-08,1449.549,1452.799,1423.544,1425.494,1122943.0
2023-02-09,1423.544,1463.852,1420.943,1459.301,1535034.0
2023-02-10,1454.1,1461.901,1432.645,1441.097,1073331.0
2023-02-13,1433.295,1457.35,1426.794,1454.75,1155853.0
2023-02-14,1458.001,1460.601,1430.695,1445.648,937972.0
2023-02-15,1443.047,1448.899,1419.643,1420.943,1198102.0
2023-02-16,1423.544,1460.601,1397.538,1413.792,2256336.0
2023-02-17,1404.69,1417.042,1372.833,1374.784,1563464.0
2023-02-20,1387.786,1448.899,1383.235,1442.397,2196908.0
2023-02-21,1435.246,1461.901,1434.596,1451.499,1387650.0
2023-02-22,1441.097,1449.549,1418.342,1426.794,1179010.0
2023-02-23,1425.494,1457.35,1425.494,1430.045,1319901.0
2023-02-24,1433.295,1435.246,1365.682,1371.533,2764277.0
2023-02-27,1352.679,1367.632,1339.026,1353.979,1220632.0
2023-02-28,1363.731,1375.434,1350.079,1372.833,1071220.0
2023-03-01,1372.833,1404.04,1365.032,1396.238,1755123.0
2023-03-02,1389.086,1394.938,1378.684,1382.585,918192.0
2023-03-03,1391.687,1407.29,1374.784,1400.789,1230575.0
2023-03-06,1399.489,1399.489,1368.282,1375.434,1196200.0
2023-03-07,1369.583,1378.034,1316.272,1316.922,2414698.0
2023-03-08,1316.272,1325.374,1307.17,1322.123,1143909.0
2023-03-09,1324.073,1327.324,1303.919,1313.021,1187760.0
2023-03-10,1301.319,1324.073,1300.018,1305.219,1203697.0
2023-03-13,1297.418,1322.123,1297.418,1319.522,1028447.0
2023-03-14,1314.321,1319.522,1287.016,1311.071,1120041.0
2023-03-15,1322.773,1335.776,1313.671,1313.671,1105883.0
2023-03-16,1306.52,1314.971,1290.917,1294.817,1196962.0
2023-03-17,1313.021,1348.778,1313.021,1333.175,2252594.0
2023-03-20,1328.624,1341.627,1307.82,1311.721,1593085.0
2023-03-21,1319.522,1332.525,1310.42,1324.723,1337358.0
2023-03-22,1322.773,1327.974,1231.754,1248.008,5159513.0
2023-03-23,1231.754,1285.715,1229.804,1283.765,2833338.0
2023-03-24,1305.219,1332.525,1300.668,1328.624,3293770.0
2023-03-27,1317.572,1384.536,1317.572,1353.329,3661212.0
2023-03-28,1341.627,1349.428,1298.718,1308.47,2178111.0
2023-03-29,1313.021,1322.773,1301.319,1311.071,1344564.0
2023-03-30,1310.42,1322.773,1288.966,1315.622,1531143.0
2023-03-31,1313.021,1322.123,1297.418,1314.971,1680317.0
2023-04-03,1316.272,1511.311,1314.971,1500.909,9340107.0
2023-04-04,1508.061,1562.672,1471.653,1488.557,6342572.0
2023-04-06,1456.7,1470.353,1423.544,1444.998,3700880.0
2023-04-07,1452.799,1498.959,1434.596,1472.303,3333930.0
2023-04-10,1490.507,1503.51,1422.243,1428.745,3128824.0
2023-04-11,1439.797,1462.551,1410.541,1427.444,2663732.0
2023-04-12,1442.397,1485.306,1426.794,1454.1,3136660.0
2023-04-13,1437.196,1443.698,1407.94,1415.092,2272568.0
2023-04-14,1415.742,1426.794,1396.888,1416.392,1880560.0
2023-04-17,1404.69,1447.598,1404.69,1431.995,2992301.0
2023-04-18,1430.955,1450.459,1416.912,1423.934,2582802.0
2023-04-19,1413.011,1417.692,1395.068,1397.408,2362169.0
2023-04-20,1396.628,1420.033,1380.245,1419.253,2466300.0
2023-04-21,1409.891,1413.792,1344.357,1345.918,3338189.0
2023-04-24,1308.47,1316.272,1252.299,1265.561,4728879.0
2023-04-25,1265.561,1282.725,1246.838,1271.803,2742465.0
2023-04-26,1261.661,1267.902,1241.376,1254.639,2082213.0
2023-04-27,1249.958,1253.859,1214.851,1240.596,2837098.0
2023-04-28,1246.057,1292.867,1242.937,1272.583,2701298.0
2023-05-04,1260.88,1275.703,1244.497,1263.221,2148450.0
2023-05-05,1264.781,1296.768,1258.54,1265.561,3055662.0
2023-05-08,1261.661,1292.867,1239.036,1274.923,3603943.0
2023-05-09,1278.824,1376.344,1262.441,1310.03,7206104.0
2023-05-10,1288.966,1300.669,1261.661,1274.923,3375762.0
2023-05-11,1273.363,1284.285,1267.122,1270.242,1834056.0
2023-05-12,1265.561,1270.242,1234.355,1235.915,2359488.0
2023-05-15,1230.454,1273.363,1220.312,1271.803,2469200.0
2023-05-16,1269.462,1278.824,1253.859,1256.98,1690145.0
2023-05-17,1250.738,1262.441,1243.717,1251.518,1366136.0
2023-05-18,1251.518,1260.1,1239.036,1244.497,1532614.0
2023-05-19,1238.256,1252.299,1229.674,1241.376,1290839.0
2023-05-22,1242.157,1252.299,1235.915,1248.398,1184708.0
2023-05-23,1249.178,1249.958,1234.355,1235.135,1103844.0
2023-05-24,1228.114,1234.355,1213.291,1213.291,1798139.0
2023-05-25,1207.83,1219.532,1179.744,1195.347,2568678.0
2023-05-26,1195.347,1205.489,1185.985,1198.468,1252597.0
2023-05-29,1195.347,1201.588,1150.098,1157.119,3264339.0
2023-05-30,1154.779,1158.68,1118.111,1143.076,3586647.0
2023-05-31,1138.395,1142.296,1110.31,1111.09,2936247.0
2023-06-01,1111.09,1139.956,1107.969,1125.133,2614688.0
2023-06-02,1125.133,1153.218,1123.572,1150.098,2372385.0
2023-06-05,1146.197,1150.878,1136.835,1143.076,1491338.0
2023-06-06,1140.736,1150.098,1120.452,1122.012,1956850.0
2023-06-07,1124.353,1146.977,1124.353,1132.154,1736205.0
2023-06-08,1127.473,1154.779,1119.672,1145.417,1993055.0
2023-06-09,1141.516,1142.296,1119.672,1127.473,2290531.0
2023-06-12,1122.012,1129.034,1109.53,1122.012,2126002.0
2023-06-13,1118.111,1144.637,1118.111,1138.395,2341515.0
2023-06-14,1140.736,1154.779,1127.473,1129.814,2432372.0
2023-06-15,1132.934,1162.58,1130.594,1160.24,3931120.0
2023-06-16,1164.141,1179.744,1151.658,1176.623,3394753.0
2023-06-19,1175.843,1180.524,1160.24,1166.481,2604701.0
2023-06-20,1162.58,1183.645,1160.24,1167.261,2332800.0
2023-06-21,1164.141,1169.602,1132.934,1132.934,2453883.0
2023-06-26,1116.551,1127.473,1107.969,1110.31,2124669.0
2023-06-27,1110.31,1126.693,1109.53,1122.012,1402170.0
2023-06-28,1121.232,1123.572,1103.288,1117.331,1493220.0
2023-06-29,1113.43,1119.672,1107.969,1110.31,1379507.0
2023-06-30,1107.969,1136.055,1106.409,1125.133,2049650.0
2023-07-03,1129.814,1150.878,1124.353,1144.637,1937520.0
2023-07-04,1140.736,1147.757,1132.934,1144.637,1543013.0
2023-07-05,1141.516,1141.516,1127.473,1128.253,1209021.0
2023-07-06,1125.133,1132.934,1116.551,1117.331,1326506.0
2023-07-07,1113.43,1125.133,1107.969,1111.09,1740801.0
2023-07-10,1116.551,1129.034,1113.43,1116.551,1395999.0
2023-07-11,1118.892,1124.353,1114.211,1123.572,1240160.0
2023-07-12,1122.792,1129.034,1107.189,1109.53,1749097.0
2023-07-13,1115.771,1150.098,1114.991,1147.757,4049041.0
2023-07-14,1143.076,1151.658,1139.956,1141.516,1700330.0
2023-07-17,1137.615,1137.615,1122.012,1128.253,1345235.0
2023-07-18,1129.814,1139.956,1126.693,1133.715,1156918.0
2023-07-19,1129.034,1139.956,1127.473,1138.395,1201509.0
2023-07-20,1144.637,1147.757,1125.913,1126.693,1446584.0
2023-07-21,1122.012,1135.275,1119.672,1125.913,1262649.0
2023-07-24,1118.111,1125.913,1114.991,1116.551,1243442.0
2023-07-25,1172.722,1208.61,1157.899,1195.347,8265865.0
2023-07-26,1185.985,1189.886,1164.921,1175.063,3468211.0
2023-07-27,1181.304,1185.985,1159.46,1161.8,2215562.0
2023-07-28,1157.119,1292.867,1153.218,1276.484,10512915.0
2023-07-31,1296.768,1320.953,1268.682,1271.803,8878070.0
2023-08-01,1256.199,1291.307,1249.178,1258.54,4611943.0
2023-08-02,1253.859,1315.492,1251.518,1278.824,5157661.0
2023-08-03,1294.427,1340.457,1271.803,1337.336,6824017.0
2023-08-04,1382.585,1413.792,1339.676,1340.457,11552852.0
2023-08-07,1306.91,1333.435,1298.328,1322.513,5190368.0
2023-08-08,1309.25,1347.478,1277.264,1313.931,5235445.0
2023-08-09,1305.349,1338.116,1305.349,1310.03,2972261.0
2023-08-10,1306.91,1343.577,1306.91,1341.237,4335257.0
2023-08-11,1320.953,1321.733,1272.583,1274.923,5833319.0
2023-08-14,1242.157,1272.583,1236.695,1256.98,3453465.0
2023-08-15,1249.958,1310.03,1249.958,1305.349,4802575.0
2023-08-16,1280.384,1327.974,1271.803,1285.845,4107085.0
2023-08-17,1276.484,1292.867,1253.079,1283.505,3674175.0
2023-08-18,1285.065,1312.371,1269.462,1271.022,3055414.0
2023-08-21,1248.398,1257.76,1212.511,1215.631,4272099.0
2023-08-22,1226.553,1255.419,1212.511,1239.036,3267280.0
2023-08-23,1226.553,1232.795,1214.071,1214.071,2001232.0
2023-08-24,1224.993,1259.32,1221.092,1235.915,3049335.0
2023-08-25,1242.157,1262.441,1239.036,1249.178,2794987.0
2023-08-28,1452.799,1452.799,1290.526,1296.768,11969649.0
2023-08-29,1277.264,1341.237,1262.441,1317.052,6788413.0
2023-08-30,1302.229,1307.69,1279.604,1282.725,4054001.0
2023-08-31,1281.165,1291.307,1255.419,1255.419,2781441.0
2023-09-01,1264.781,1281.165,1256.98,1264.001,2270338.0
2023-09-04,1269.462,1279.604,1253.079,1273.363,2313356.0
2023-09-05,1264.781,1265.561,1253.079,1256.98,1725334.0
2023-09-06,1250.738,1251.518,1232.015,1244.497,2008972.0
2023-09-07,1242.157,1254.639,1234.355,1237.476,1782047.0
2023-09-08,1234.355,1246.057,1224.993,1240.596,1474619.0
2023-09-11,1240.596,1261.661,1228.894,1251.518,2285210.0
2023-09-12,1246.057,1246.838,1233.575,1234.355,1489527.0
2023-09-13,1232.015,1238.256,1211.73,1217.192,1628437.0
2023-09-14,1221.092,1224.213,1211.73,1219.532,1173508.0
2023-09-15,1223.433,1229.674,1213.291,1217.972,1362365.0
2023-09-18,1211.73,1228.114,1201.588,1218.752,1295227.0
2023-09-19,1216.411,1220.312,1204.709,1211.73,1221512.0
2023-09-20,1208.61,1216.411,1203.929,1207.049,970491.0
2023-09-21,1203.929,1214.071,1181.304,1183.645,1732893.0
2023-09-22,1178.964,1234.355,1178.964,1231.234,2858320.0
2023-09-25,1218.752,1218.752,1199.248,1203.149,1736819.0
2023-09-26,1202.368,1208.61,1198.468,1200.808,1101226.0
2023-09-27,1199.248,1209.39,1197.688,1201.588,1204064.0
2023-09-28,1207.049,1210.17,1199.248,1203.149,1020500.0
2023-10-09,1193.787,1203.929,1179.744,1196.907,1339213.0
2023-10-10,1203.929,1213.291,1196.907,1197.688,1141528.0
2023-10-11,1204.709,1214.851,1197.688,1205.489,1381747.0
2023-10-12,1230.454,1233.575,1211.73,1216.411,1663004.0
2023-10-13,1203.929,1208.61,1193.787,1197.688,1192366.0
2023-10-16,1198.468,1200.028,1180.524,1184.425,1290502.0
2023-10-17,1186.765,1209.39,1182.084,1197.688,1515680.0
2023-10-18,1187.545,1199.248,1184.425,1189.106,1074030.0
2023-10-19,1183.645,1205.489,1183.645,1185.205,1741288.0
2023-10-20,1171.942,1193.787,1168.042,1184.425,1304164.0
2023-10-23,1176.623,1181.304,1139.176,1151.658,1961021.0
2023-10-24,1157.119,1196.127,1153.218,1186.765,2410383.0
2023-10-25,1196.907,1197.688,1178.184,1180.524,1727812.0
2023-10-26,1172.722,1178.964,1163.361,1175.063,1327067.0
2023-10-27,1165.701,1198.468,1163.361,1192.226,1823655.0
2023-10-30,1184.425,1206.269,1182.084,1202.368,1924073.0
2023-10-31,1198.468,1217.192,1195.347,1208.61,1773755.0
2023-11-01,1214.851,1225.773,1200.808,1202.368,1214711.0
2023-11-02,1205.489,1211.73,1191.446,1191.446,1159270.0
2023-11-03,1196.127,1220.312,1194.567,1215.631,1857262.0
2023-11-06,1238.256,1260.1,1228.114,1249.178,3426303.0
2023-11-07,1240.596,1249.178,1235.135,1239.816,2135179.0
2023-11-08,1239.036,1244.497,1223.433,1232.015,1687787.0
2023-11-09,1232.015,1239.816,1228.114,1229.674,1133652.0
2023-11-10,1224.213,1233.575,1217.192,1221.092,1199589.0
2023-11-13,1222.653,1225.773,1215.631,1221.872,1144866.0
2023-11-14,1224.213,1246.838,1221.092,1230.454,2094393.0
2023-11-15,1243.717,1248.398,1227.334,1229.674,1676611.0
2023-11-16,1226.553,1231.234,1209.39,1210.17,1393874.0
2023-11-17,1209.39,1214.851,1203.149,1210.95,1075429.0
2023-11-20,1210.17,1210.95,1191.446,1207.049,1314325.0
2023-11-21,1211.73,1223.433,1203.149,1203.149,1579497.0
2023-11-22,1199.248,1205.489,1187.545,1187.545,1254261.0
2023-11-23,1187.545,1192.226,1180.524,1191.446,990125.0
2023-11-24,1189.886,1189.886,1175.843,1178.184,1048540.0
2023-11-27,1172.722,1177.403,1164.141,1173.503,1035228.0
2023-11-28,1171.942,1178.184,1165.701,1172.722,914778.0
2023-11-29,1174.283,1176.623,1156.339,1158.68,991342.0
2023-11-30,1161.8,1168.822,1155.559,1159.46,957279.0
2023-12-01,1159.46,1169.602,1147.757,1165.701,1281620.0
2023-12-04,1164.141,1177.403,1157.899,1165.701,1183503.0
2023-12-05,1163.361,1163.361,1146.197,1146.977,1189256.0
2023-12-06,1144.637,1151.658,1138.395,1141.516,1144145.0
2023-12-07,1137.615,1150.878,1134.495,1145.417,1086575.0
2023-12-08,1144.637,1150.098,1136.835,1138.395,1146095.0
2023-12-11,1132.934,1160.24,1119.672,1154.779,2025994.0
2023-12-12,1148.538,1155.559,1144.637,1149.318,1013974.0
2023-12-13,1147.757,1147.757,1123.572,1123.572,1245173.0
2023-12-14,1130.594,1136.835,1119.672,1121.232,950403.0
2023-12-15,1125.133,1136.055,1119.672,1123.572,1060131.0
2023-12-18,1119.672,1132.154,1118.111,1122.012,1063940.0
2023-12-19,1121.232,1128.253,1114.211,1122.792,1081583.0
2023-12-20,1122.792,1125.133,1097.827,1098.607,1386244.0
2023-12-21,1093.926,1111.87,1086.125,1103.288,1260294.0
2023-12-22,1100.948,1110.31,1090.806,1100.948,1162806.0
2023-12-25,1098.607,1103.288,1094.707,1098.607,678999.0
2023-12-26,1098.607,1100.948,1082.224,1085.345,859582.0
2023-12-27,1085.345,1089.245,1032.294,1064.28,2342975.0
2023-12-28,1058.819,1117.331,1056.479,1106.409,2523412.0
2023-12-29,1102.508,1118.111,1101.728,1112.65,1520285.0
2024-01-02,1112.65,1113.43,1093.146,1093.926,1064376.0
2024-01-03,1094.707,1098.607,1075.203,1086.905,1213635.0
2024-01-04,1086.125,1086.905,1062.72,1067.401,1374692.0
2024-01-05,1065.841,1079.103,1048.677,1053.358,1433099.0
2024-01-08,1047.897,1058.039,1033.854,1036.975,1419888.0
2024-01-09,1036.975,1049.457,1029.173,1039.315,1188095.0
2024-01-10,1033.854,1046.337,1024.492,1029.953,1119933.0
2024-01-11,1028.393,1051.798,1022.152,1044.776,1590514.0
2024-01-12,1039.315,1044.776,1027.613,1027.613,1277011.0
2024-01-15,1022.152,1037.755,1016.691,1018.251,1189663.0
2024-01-16,1015.13,1028.393,1000.307,1026.053,1813376.0
2024-01-17,1017.471,1019.031,987.045,987.045,1874319.0
2024-01-18,978.463,1022.152,975.342,1017.471,2794326.0
2024-01-19,1008.889,1015.911,1002.648,1008.109,1448930.0
2024-01-22,1005.768,1014.35,976.903,985.484,2034770.0
2024-01-23,986.265,1019.031,981.584,1008.889,2173214.0
2024-01-24,1015.911,1061.16,996.407,1052.578,3567731.0
2024-01-25,1039.315,1072.082,1033.854,1058.819,3201998.0
2024-01-26,1051.018,1059.599,1038.535,1040.876,2395878.0
2024-01-29,1040.876,1047.897,1017.471,1017.471,1709190.0
2024-01-30,1009.669,1023.712,995.626,997.187,1592304.0
2024-01-31,994.066,1007.329,987.825,990.945,1583445.0
2024-02-01,986.265,1022.932,985.484,1007.329,2008944.0
2024-02-02,1004.988,1012.79,960.519,988.605,2435755.0
2024-02-05,976.903,1002.648,940.235,979.243,2862609.0
2024-02-06,968.321,1053.358,962.86,1047.117,3376731.0
2024-02-07,1034.634,1052.578,1033.074,1041.656,2872257.0
2024-02-08,1054.918,1068.181,1049.457,1052.578,2748025.0
2024-02-19,1058.819,1058.819,1033.854,1049.457,1991514.0
2024-02-20,1045.557,1067.401,1040.876,1058.039,2165076.0
2024-02-21,1049.457,1116.551,1044.776,1079.884,4185012.0
2024-02-22,1070.522,1095.487,1068.181,1088.465,2535117.0
2024-02-23,1090.026,1095.487,1082.224,1088.465,2053785.0
2024-02-26,1088.465,1090.806,1073.642,1074.422,2034038.0
2024-02-27,1090.026,1111.87,1086.125,1111.09,3461022.0
2024-02-28,1124.353,1137.615,1080.664,1081.444,4248433.0
2024-02-29,1080.664,1114.991,1078.323,1112.65,3145819.0
2024-03-01,1108.749,1122.792,1096.267,1109.53,2853508.0
2024-03-04,1105.629,1107.189,1090.026,1096.267,1943817.0
2024-03-05,1091.586,1099.388,1086.905,1089.245,1683969.0
2024-03-06,1088.465,1107.969,1086.125,1093.146,1858425.0
2024-03-07,1090.026,1100.168,1074.422,1075.983,1975334.0
2024-03-08,1076.763,1083.004,1067.401,1075.203,1344551.0
2024-03-11,1077.543,1093.146,1072.082,1093.146,2082205.0
2024-03-12,1097.827,1115.771,1092.366,1106.409,2887106.0
2024-03-13,1104.849,1105.629,1086.905,1091.586,1953198.0
2024-03-14,1087.685,1099.388,1073.642,1080.664,1640365.0
2024-03-15,1080.664,1086.905,1068.961,1083.004,1657301.0
2024-03-18,1086.125,1114.991,1083.784,1107.189,3225804.0
2024-03-19,1101.728,1101.728,1086.905,1086.905,2052849.0
2024-03-20,1085.345,1092.366,1079.884,1087.685,1545079.0
2024-03-21,1090.806,1114.211,1090.806,1097.047,2932438.0
2024-03-22,1093.146,1093.926,1074.422,1074.422,2143480.0
2024-03-25,1061.94,1072.082,1043.216,1044.776,2070163.0
2024-03-26,1043.216,1051.018,1033.074,1042.436,1442902.0
2024-03-27,1039.315,1040.095,1015.13,1015.13,1564381.0
2024-03-28,1012.79,1036.195,1012.79,1022.152,1507826.0
2024-03-29,1018.251,1023.712,1012.79,1022.932,1142306.0
2024-04-01,1034.634,1042.436,1033.854,1038.535,1434979.0
2024-04-02,1038.535,1040.095,1024.492,1027.613,1197352.0
2024-04-03,1025.272,1028.393,1015.911,1016.691,1087907.0
2024-04-08,1008.109,1008.889,993.286,994.846,1436062.0
2024-04-09,995.626,1004.208,993.286,1001.088,897314.0
2024-04-10,1001.088,1001.868,980.023,986.265,1233379.0
2024-04-11,979.243,990.945,975.342,978.463,1190300.0
2024-04-12,980.023,982.364,958.959,961.299,1385027.0
2024-04-15,962.08,1007.329,960.519,988.605,2566215.0
2024-04-16,980.803,994.066,968.321,972.222,1739267.0
2024-04-17,976.122,997.187,972.222,994.846,1976849.0
2024-04-18,990.945,1012.01,984.704,990.165,2218064.0
2024-04-19,983.924,992.506,977.683,979.243,1261704.0
2024-04-22,980.803,994.846,978.463,983.144,1041480.0
2024-04-23,985.484,995.626,984.704,990.945,1081515.0
2024-04-24,990.165,993.286,982.364,991.726,1149046.0
2024-04-25,987.825,994.066,976.903,983.924,1200561.0
2024-04-26,1007.329,1050.238,996.407,1043.996,4877064.0
2024-04-29,1038.535,1064.28,1033.074,1054.138,4181879.0
2024-04-30,1046.337,1057.259,1037.755,1038.535,2034359.0
2024-05-06,1056.479,1079.103,1051.018,1054.138,2972697.0
2024-05-07,1051.018,1055.699,1044.776,1048.677,1623536.0
2024-05-08,1047.117,1048.677,1028.393,1031.514,1431148.0
2024-05-09,1032.294,1047.897,1032.294,1040.876,1408171.0
2024-05-10,1041.656,1049.457,1033.854,1043.216,1593608.0
2024-05-13,1037.755,1045.557,1022.932,1035.415,1622576.0
2024-05-14,1035.415,1042.436,1029.173,1038.535,1423154.0
2024-05-15,1042.436,1043.216,1010.449,1012.01,1985982.0
2024-05-16,1016.691,1036.975,1011.23,1020.591,1967218.0
2024-05-17,1016.691,1041.656,1015.911,1040.095,1842245.0
2024-05-20,1035.415,1057.259,1033.854,1042.436,2158011.0
2024-05-21,1038.535,1049.457,1033.854,1037.755,1358674.0
2024-05-22,1035.415,1043.216,1032.294,1038.535,1149878.0
2024-05-23,1033.854,1034.634,1012.01,1015.911,1621191.0
2024-05-24,1012.79,1017.471,995.626,997.967,1373055.0
2024-05-27,997.187,1010.449,994.066,1008.889,1123950.0
2024-05-28,1004.208,1012.01,997.187,997.967,892250.0
2024-05-29,997.967,1005.768,990.945,994.846,827952.0
2024-05-30,990.165,995.626,987.045,990.945,871857.0
2024-05-31,995.626,1002.648,988.605,988.605,1015521.0
2024-06-03,982.364,987.825,973.782,980.023,1279313.0
2024-06-04,979.243,989.385,976.903,987.045,1175316.0
2024-06-05,985.484,993.286,980.803,984.704,981507.0
2024-06-06,985.484,990.165,975.342,976.903,1225253.0
2024-06-07,980.023,984.704,953.498,969.101,1500355.0
2024-06-11,963.64,973.782,960.519,965.98,1027172.0
2024-06-12,965.2,980.803,962.86,970.661,1121418.0
2024-06-13,970.661,976.903,967.541,969.881,927012.0
2024-06-14,967.541,988.605,958.959,983.144,2337721.0
2024-06-17,973.782,985.484,971.441,983.144,1265781.0
2024-06-18,983.924,990.945,981.584,986.265,1265352.0
2024-06-19,987.045,987.045,969.101,971.441,1041772.0
2024-06-20,970.661,971.441,951.938,951.938,1477666.0
2024-06-21,952.718,960.519,944.916,951.938,1174194.0
2024-06-24,944.916,954.278,941.015,941.015,1113826.0
2024-06-25,939.455,944.136,918.391,920.731,1523402.0
2024-06-26,918.391,935.554,912.93,932.434,1193790.0
2024-06-27,926.972,927.753,905.128,905.128,1284323.0
2024-06-28,903.568,912.93,827.892,844.276,4166152.0
2024-07-01,838.034,857.538,826.332,837.254,2408741.0
2024-07-02,838.814,845.056,818.53,821.651,2214498.0
2024-07-03,822.431,830.233,800.587,820.871,2719517.0
2024-07-04,818.53,828.672,810.729,810.729,1506043.0
2024-07-05,809.168,822.431,805.268,816.97,1458826.0
2024-07-08,812.289,815.41,795.126,797.466,1644105.0
2024-07-09,799.026,816.97,790.445,810.729,2138943.0
2024-07-10,805.268,823.991,802.927,809.949,1524608.0
2024-07-11,823.991,846.616,818.53,834.134,2540237.0
2024-07-12,832.573,837.254,825.552,828.672,1276222.0
2024-07-15,824.772,831.793,821.651,826.332,988324.0
2024-07-16,827.112,838.034,823.211,835.694,1339593.0
2024-07-17,835.694,846.616,833.353,839.595,1507446.0
2024-07-18,837.254,846.616,829.453,842.715,1484562.0
2024-07-19,838.034,859.099,838.034,855.198,1791080.0
2024-07-22,867.68,870.801,845.056,854.418,1939132.0
2024-07-23,848.957,852.857,827.112,827.892,1589709.0
2024-07-24,826.332,829.453,809.168,811.509,1618385.0
2024-07-25,809.168,826.332,806.828,821.651,1464041.0
2024-07-26,822.431,851.297,820.871,841.155,1627670.0
2024-07-29,837.254,841.155,831.013,831.793,911294.0
2024-07-30,828.672,834.914,823.991,830.233,1048107.0
2024-07-31,831.793,909.029,830.233,889.525,4844677.0
2024-08-01,878.603,887.965,873.922,877.042,2455328.0
2024-08-02,873.141,884.844,857.538,861.439,1789986.0
2024-08-05,855.198,882.503,854.418,857.538,2095202.0
2024-08-06,868.461,872.361,848.957,859.099,1588950.0
2024-08-07,855.978,865.34,848.957,853.638,1214322.0
2024-08-08,850.517,869.241,845.056,852.857,1593420.0
2024-08-09,857.538,859.879,836.474,836.474,1553363.0
2024-08-12,841.935,854.418,838.034,843.495,1401138.0
2024-08-13,844.276,857.538,837.254,856.758,1428034.0
2024-08-14,851.297,859.099,850.517,851.297,1242392.0
2024-08-15,848.957,865.34,848.176,852.857,2335212.0
2024-08-16,848.176,851.297,841.155,845.056,1328058.0
2024-08-19,843.495,855.978,841.935,848.176,1132544.0
2024-08-20,848.176,852.077,839.595,841.155,1216429.0
2024-08-21,837.254,844.276,834.134,840.375,782955.0
2024-08-22,843.495,845.836,814.63,815.41,1691114.0
2024-08-23,816.19,830.233,815.41,823.991,1355242.0
2024-08-26,823.991,833.353,821.651,826.332,945201.0
2024-08-27,823.991,825.552,813.849,816.97,824313.0
2024-08-28,814.63,820.871,809.168,817.75,839135.0
2024-08-29,815.41,834.914,814.63,831.013,1353469.0
2024-08-30,831.013,875.482,827.892,862.999,3452666.0
2024-09-02,858.318,861.439,831.013,831.793,2016130.0
2024-09-03,827.892,841.935,827.112,836.474,1308935.0
2024-09-04,828.672,845.056,827.892,836.474,1125029.0
2024-09-05,837.254,855.198,837.254,851.297,1488531.0
2024-09-06,862.999,869.241,842.715,844.276,2165132.0
2024-09-09,838.034,851.297,833.353,843.495,1309104.0
2024-09-10,844.276,847.396,827.892,841.155,1225407.0
2024-09-11,838.034,845.056,836.474,841.935,940124.0
2024-09-12,841.935,846.616,834.134,835.694,968416.0
2024-09-13,835.694,842.715,830.233,830.233,968291.0
2024-09-18,831.793,837.254,824.772,834.134,928580.0
2024-09-19,840.375,883.284,836.474,859.879,3454169.0
2024-09-20,852.077,861.439,849.737,859.879,1719761.0
2024-09-23,860.659,865.34,853.638,857.538,1094177.0
2024-09-24,873.922,954.278,858.318,953.498,8212806.0
2024-09-25,981.584,1019.031,969.101,989.385,9169734.0
2024-09-26,976.903,1135.275,976.122,1120.452,10933873.0
2024-09-27,1171.942,1340.457,1153.999,1340.457,18026542.0
2024-09-30,1540.957,1604.15,1515.212,1604.15,15369516.0
2024-10-08,1920.895,1920.895,1796.849,1920.895,13667678.0
2024-10-09,1892.809,2282.888,1784.367,1963.023,34623506.0
2024-10-10,1900.611,1936.498,1574.504,1623.654,23863267.0
2024-10-11,1542.518,1697.769,1542.518,1647.059,14583066.0
2024-10-14,1631.456,1705.571,1494.148,1664.222,16536439.0
2024-10-15,1604.15,1679.046,1590.888,1593.228,11437951.0
2024-10-16,1552.66,1664.222,1552.66,1610.392,11287698.0
2024-10-17,1621.314,1653.3,1569.823,1572.944,10250686.0
2024-10-18,1568.263,1883.447,1546.419,1810.892,24874025.0
2024-10-21,1729.756,1806.992,1725.075,1756.281,16843057.0
2024-10-22,1744.579,1835.857,1736.777,1785.927,12709582.0
2024-10-23,1805.431,1870.965,1758.622,1777.346,13998658.0
2024-10-24,1752.38,1799.19,1728.976,1751.6,8835484.0
2024-10-25,1756.281,1842.879,1736.777,1791.388,11503090.0
2024-10-28,1774.225,1810.112,1767.984,1788.268,7618521.0
2024-10-29,1800.75,1825.715,1744.579,1750.82,9054298.0
2024-10-30,1728.976,1753.941,1683.726,1703.23,8453141.0
2024-10-31,1704.011,1931.817,1689.188,1829.616,19478776.0
2024-11-01,1799.19,1911.533,1794.509,1814.793,15831916.0
2024-11-04,1814.793,1970.825,1796.849,1953.661,14909581.0
2024-11-05,1971.605,2252.462,1901.391,2154.162,20848157.0
2024-11-06,2176.007,2321.896,2048.841,2083.168,20553706.0
2024-11-07,2029.337,2360.904,2029.337,2360.904,21388769.0
2024-11-08,2438.92,2438.92,2206.433,2223.596,18256953.0
2024-11-11,2173.666,2297.711,2173.666,2259.484,10566847.0
2024-11-12,2260.264,2292.25,2173.666,2232.178,11009865.0
2024-11-13,2205.653,2257.923,2159.623,2218.915,8398931.0
2024-11-14,2204.873,2237.639,2158.063,2158.843,7428857.0
2024-11-15,2153.382,2169.765,2016.854,2019.975,11396456.0
2024-11-18,2017.634,2087.849,1956.002,2035.578,9686997.0
2024-11-19,2043.38,2136.219,2021.535,2124.516,10048143.0
2024-11-20,2091.75,2136.219,2080.047,2101.111,7156019.0
2024-11-21,2087.849,2200.972,2084.728,2157.283,9635016.0
2024-11-22,2138.559,2178.347,2027.776,2041.039,9245169.0
2024-11-25,2030.117,2055.862,1956.782,1999.691,7117160.0
2024-11-26,1999.691,2047.28,1978.626,1981.747,5321035.0
2024-11-27,1970.825,2087.849,1959.903,2080.827,8603075.0
2024-11-28,2080.827,2090.969,2028.557,2031.677,6177662.0
2024-11-29,2031.677,2273.527,2031.677,2147.141,13252220.0
2024-12-02,2111.253,2188.489,2103.452,2162.744,8277176.0
2024-12-03,2154.162,2200.972,2119.835,2154.942,7141623.0
2024-12-04,2134.658,2178.347,2112.034,2121.396,5763574.0
2024-12-05,2113.594,2186.929,2110.473,2164.304,6311507.0
2024-12-06,2158.063,2239.2,2138.559,2192.39,8999560.0
2024-12-09,2171.326,2215.795,2142.46,2168.985,5740585.0
2024-12-10,2360.904,2360.904,2188.489,2204.873,13897989.0
2024-12-11,2193.17,2227.497,2155.723,2177.567,6475469.0
2024-12-12,2173.666,2228.277,2156.503,2197.851,6578230.0
2024-12-13,2172.106,2172.106,2075.366,2080.827,9012205.0
2024-12-16,2064.444,2066.784,2013.734,2029.337,5658129.0
2024-12-17,2026.996,2070.685,2021.535,2039.479,4710760.0
2024-12-18,2048.841,2060.543,2025.436,2034.018,3273522.0
2024-12-19,2000.471,2052.742,1991.109,2037.138,3508311.0
2024-12-20,2037.919,2087.069,2030.897,2057.423,4390279.0
2024-12-23,2040.259,2079.267,2028.557,2041.039,3523176.0
2024-12-24,2042.6,2074.586,2030.117,2071.465,3935739.0
2024-12-25,2074.586,2077.707,2036.358,2056.642,3210913.0
2024-12-26,2055.862,2069.125,2042.6,2054.302,2826093.0
2024-12-27,2055.082,2140.9,2045.72,2091.75,6766872.0
2024-12-30,2080.047,2139.339,2074.586,2139.339,5837462.0
2024-12-31,2127.637,2141.68,2033.238,2034.798,6539326.0
2025-01-02,2016.074,2022.315,1855.361,1892.029,8937697.0
2025-01-03,1886.568,1892.029,1803.871,1803.871,6621088.0
2025-01-06,1782.807,1814.793,1767.984,1778.906,4233747.0
2025-01-07,1785.147,1818.694,1768.764,1815.573,4215494.0
2025-01-08,1798.41,1818.694,1733.657,1780.466,5778178.0
2025-01-09,1774.225,1804.651,1762.523,1775.005,2992003.0
2025-01-10,1775.005,1790.608,1727.415,1727.415,3352471.0
2025-01-13,1694.649,1763.303,1694.649,1746.139,3368406.0
2025-01-14,1769.544,1884.227,1753.941,1881.887,8798740.0
2025-01-15,1857.702,1866.284,1832.737,1839.758,4489054.0
2025-01-16,1857.702,1890.469,1820.254,1845.219,4473025.0
2025-01-17,1834.297,1872.525,1828.836,1849.12,3635276.0
2025-01-20,1875.646,1889.688,1840.538,1854.581,4143183.0
2025-01-21,1877.206,1891.249,1835.077,1881.107,4366911.0
2025-01-22,1863.163,1876.426,1843.659,1867.064,3596647.0
2025-01-23,1924.015,1986.428,1871.745,1871.745,8530899.0
2025-01-24,1859.262,1908.412,1858.482,1899.83,4729397.0
2025-01-27,1899.83,1904.511,1809.332,1810.112,4614557.0
2025-02-05,1838.198,1842.099,1806.992,1814.013,3134682.0
2025-02-06,1806.211,1882.667,1797.63,1868.624,4783466.0
2025-02-07,1856.922,1977.066,1854.581,1914.653,9336072.0
2025-02-10,1914.653,1932.597,1895.15,1919.334,4937143.0
2025-02-11,1915.434,1915.434,1875.646,1888.128,4067322.0
2025-02-12,1881.107,1946.64,1880.326,1934.938,5046452.0
2025-02-13,1916.214,1954.442,1901.391,1905.292,5508430.0
2025-02-14,1895.15,1920.895,1885.007,1909.973,3962256.0
2025-02-17,1936.498,1949.761,1905.292,1921.675,4793367.0
2025-02-18,1908.412,1913.873,1836.638,1840.538,5138123.0
2025-02-19,1838.198,1889.688,1835.077,1878.766,4209937.0
2025-02-20,1870.965,1879.546,1853.021,1859.262,2958360.0
2025-02-21,1865.503,1933.377,1841.319,1920.115,7552709.0
2025-02-24,1910.753,1934.157,1883.447,1902.171,4873934.0
2025-02-25,1873.305,1896.71,1863.943,1869.404,3459575.0
2025-02-26,1877.206,1931.037,1862.383,1924.015,6228897.0
2025-02-27,1908.412,1922.455,1867.064,1902.951,5763511.0
2025-02-28,1887.348,1911.533,1828.836,1832.737,4677474.0
2025-03-03,1832.737,1849.9,1797.63,1810.892,3473314.0
2025-03-04,1797.63,1821.815,1792.169,1813.233,2219291.0
2025-03-05,1810.892,1828.836,1796.849,1813.233,2677567.0
2025-03-06,1831.176,1906.852,1830.396,1887.348,7120487.0
2025-03-07,1867.844,1873.305,1840.538,1846.78,3888683.0
2025-03-10,1842.879,1848.34,1821.034,1835.857,2239749.0
2025-03-11,1810.892,1845.219,1807.772,1844.439,2375561.0
2025-03-12,1850.68,1896.71,1842.879,1862.383,4167681.0
2025-03-13,1853.801,1872.525,1828.056,1842.099,2876501.0
2025-03-14,1851.461,1980.967,1847.56,1926.356,10796204.0
2025-03-17,1907.632,1920.115,1889.688,1899.05,4692484.0
2025-03-18,1916.994,1921.675,1893.589,1902.951,2682559.0
2025-03-19,1902.171,1912.313,1888.908,1895.15,2813603.0
2025-03-20,1897.49,1898.27,1868.624,1877.986,2506707.0
2025-03-21,1870.184,1885.788,1832.737,1835.857,3308993.0
2025-03-24,1835.077,1839.758,1809.332,1835.857,2626628.0
2025-03-25,1838.198,1839.758,1806.992,1809.332,2070916.0
2025-03-26,1813.233,1832.737,1811.673,1812.453,1656005.0
2025-03-27,1806.992,1834.297,1797.63,1813.233,2047425.0
2025-03-28,1817.914,1828.836,1806.992,1814.793,1791405.0
2025-03-31,1800.75,1813.233,1767.203,1782.026,2631446.0
2025-04-01,1789.828,1797.63,1748.48,1752.38,2979505.0
2025-04-02,1752.38,1787.488,1748.48,1771.104,2236954.0
2025-04-03,1751.6,1787.488,1750.04,1771.884,1944456.0
2025-04-07,1658.761,1693.869,1438.757,1528.475,8468046.0
2025-04-08,1554.22,1592.448,1537.057,1557.341,5205690.0
2025-04-09,1538.617,1639.257,1504.29,1619.753,6151753.0
2025-04-10,1658.761,1672.804,1618.193,1619.753,5204106.0
2025-04-11,1608.051,1648.619,1606.491,1625.995,3181844.0
2025-04-14,1636.137,1645.499,1624.434,1627.555,2363680.0
2025-04-15,1622.874,1622.874,1604.93,1615.072,1687248.0
2025-04-16,1608.051,1617.413,1583.866,1610.392,1982697.0
2025-04-17,1601.03,1619.753,1597.909,1604.93,1556376.0
2025-04-18,1601.03,1629.896,1597.909,1622.874,1954427.0
2025-04-21,1608.831,1645.499,1606.491,1634.576,1948439.0
2025-04-22,1627.555,1643.158,1623.654,1628.335,1681166.0
2025-04-23,1640.038,1650.96,1629.115,1633.796,2185046.0
2025-04-24,1632.236,1641.598,1615.853,1622.874,1796597.0
2025-04-25,1630.676,1650.18,1624.434,1640.038,2662966.0
2025-04-28,1636.137,1640.818,1623.654,1629.115,1568217.0
2025-04-29,1629.115,1636.137,1620.534,1623.654,1363576.0
2025-04-30,1626.775,1647.839,1618.973,1629.896,1913051.0
2025-05-06,1640.038,1669.684,1633.016,1662.662,3281601.0
2025-05-07,1741.458,1786.707,1671.244,1682.946,6512921.0
2025-05-08,1670.464,1693.869,1666.563,1680.606,2677465.0
2025-05-09,1679.826,1684.507,1645.499,1650.18,2203757.0
2025-05-12,1668.123,1739.118,1654.861,1719.614,5248646.0
2025-05-13,1733.657,1733.657,1696.209,1698.549,3206485.0
2025-05-14,1696.209,1841.319,1679.826,1782.807,8840209.0
2025-05-15,1753.941,1764.863,1725.855,1727.415,4158058.0
2025-05-16,1722.734,1739.118,1703.23,1704.791,2299942.0
2025-05-19,1701.67,1714.153,1684.507,1702.45,1719714.0
2025-05-20,1708.692,1718.834,1698.549,1704.011,1977812.0
2025-05-21,1699.33,1713.373,1690.748,1693.088,1962405.0
2025-05-22,1686.847,1697.769,1677.485,1681.386,1615666.0
2025-05-23,1675.925,1693.088,1644.719,1646.279,2706667.0
2025-05-26,1640.818,1652.52,1637.697,1647.839,1592372.0
2025-05-27,1647.839,1651.74,1634.576,1639.257,1283460.0
2025-05-28,1643.938,1646.279,1622.094,1624.434,1320527.0
2025-05-29,1627.555,1661.102,1624.434,1651.74,2179626.0
2025-05-30,1643.158,1643.938,1625.995,1633.796,1558466.0
2025-06-03,1622.874,1654.08,1619.753,1636.917,1681364.0
2025-06-04,1636.137,1673.584,1629.896,1658.761,2470884.0
2025-06-05,1661.102,1683.726,1652.52,1673.584,2383024.0
2025-06-06,1673.584,1678.265,1653.3,1654.861,1707078.0
2025-06-09,1664.222,1708.692,1663.442,1699.33,3942525.0
2025-06-10,1693.869,1701.67,1645.499,1661.102,2956596.0
2025-06-11,1667.343,1733.657,1662.662,1701.67,4647897.0
2025-06-12,1687.627,1747.699,1686.847,1714.153,4027992.0
2025-06-13,1700.89,1713.373,1684.507,1689.188,3089201.0
2025-06-16,1689.188,1723.515,1689.188,1720.394,2694928.0
2025-06-17,1721.954,1724.295,1708.692,1718.834,1999927.0
2025-06-18,1712.592,1716.493,1686.847,1702.45,1990721.0
2025-06-19,1698.549,1699.33,1652.52,1657.981,2626455.0
2025-06-20,1663.442,1667.343,1639.257,1640.818,1639367.0
2025-06-23,1632.236,1665.003,1625.995,1657.981,1997781.0
2025-06-24,1663.442,1749.26,1657.981,1726.635,6091340.0
2025-06-25,1732.876,1931.817,1726.635,1897.49,14426468.0
2025-06-26,1860.042,1880.326,1823.375,1829.616,9530584.0
2025-06-27,1831.957,1909.192,1819.474,1822.595,8263584.0
2025-06-30,1823.375,1835.077,1798.41,1829.616,4434661.0
2025-07-01,1827.276,1828.836,1794.509,1810.112,3104074.0
2025-07-02,1810.892,1821.815,1789.048,1796.849,2538284.0
2025-07-03,1799.19,1818.694,1796.849,1810.112,2872658.0
2025-07-04,1803.871,1855.361,1789.828,1803.871,5203312.0
2025-07-07,1792.949,1813.233,1792.169,1799.97,2496617.0
2025-07-08,1798.41,1840.538,1796.849,1831.176,4178849.0
2025-07-09,1831.957,1846.78,1808.552,1814.013,3394849.0
2025-07-10,1807.772,1845.999,1803.871,1831.176,3907103.0
2025-07-11,1842.099,1943.519,1824.155,1886.568,10988631.0
2025-07-14,1895.15,1895.15,1860.823,1867.844,4191571.0
2025-07-15,1867.844,1892.809,1849.12,1860.823,3652497.0
2025-07-16,1866.284,1874.865,1839.758,1852.241,2614532.0
2025-07-17,1850.68,1870.184,1847.56,1866.284,2816150.0
2025-07-18,1866.284,1874.085,1849.9,1860.042,2630520.0
2025-07-21,1833.517,1858.482,1807.772,1846.78,4796391.0
2025-07-22,1854.581,1879.546,1839.758,1861.603,4570954.0
2025-07-23,1877.986,1922.455,1869.404,1874.865,8038893.0
2025-07-24,1866.284,1932.597,1861.603,1922.455,7128599.0
2025-07-25,1940.399,1950.541,1891.249,1896.71,4710020.0
2025-07-28,1899.05,1932.597,1891.249,1906.852,3946332.0
2025-07-29,1893.589,1911.533,1864.723,1911.533,4110596.0
2025-07-30,1906.072,1916.994,1866.284,1882.667,3985599.0
2025-07-31,1871.745,1900.611,1827.276,1837.418,4434649.0
2025-08-01,1835.077,1856.142,1824.155,1832.737,2666164.0
2025-08-04,1820.254,1847.56,1819.474,1846.78,2060185.0
2025-08-05,1855.361,1869.404,1843.659,1868.624,2786412.0
2025-08-06,1864.723,1873.305,1854.581,1868.624,2099509.0
2025-08-07,1873.305,1885.788,1853.021,1861.603,2771975.0
2025-08-08,1855.361,1856.142,1835.077,1835.077,2356087.0
2025-08-11,1832.737,1895.15,1832.737,1881.887,4649608.0
2025-08-12,1880.326,1903.731,1870.965,1896.71,3657654.0
2025-08-13,1909.192,1959.903,1886.568,1942.739,8357734.0
2025-08-14,1942.739,1982.527,1924.796,1925.576,7567901.0
2025-08-15,1921.675,2147.141,1920.115,2112.814,16970798.0
2025-08-18,2129.977,2285.229,2073.026,2197.851,16382484.0
2025-08-19,2161.964,2198.631,2118.275,2123.736,9022578.0
2025-08-20,2103.452,2137.779,2078.487,2137.779,6654322.0
2025-08-21,2159.623,2166.645,2101.892,2115.934,5071351.0
2025-08-22,2108.133,2209.553,2108.133,2197.851,9070640.0
2025-08-25,2231.398,2281.328,2191.61,2227.497,10192545.0
2025-08-26,2207.213,2241.54,2196.291,2204.092,5315570.0
2025-08-27,2204.873,2244.661,2146.361,2147.921,7910275.0
2025-08-28,2143.24,2206.433,2119.835,2206.433,7424374.0
2025-08-29,2217.355,2315.655,2188.489,2280.548,11324704.0
2025-09-01,2271.186,2291.47,2228.277,2263.384,6503521.0
2025-09-02,2253.242,2255.583,2179.907,2197.851,7750720.0
2025-09-03,2215.795,2239.2,2079.267,2102.672,8001157.0
2025-09-04,2096.43,2129.197,2045.72,2069.905,7404168.0
2025-09-05,2078.487,2107.353,2045.72,2100.331,5005652.0
2025-09-08,2084.728,2109.693,2072.246,2086.288,3972249.0
2025-09-09,2086.288,2105.012,2062.884,2068.345,3917382.0
2025-09-10,2072.246,2097.991,2062.884,2068.345,3130555.0
2025-09-11,2057.423,2176.787,2048.061,2152.602,7044542.0
2025-09-12,2144.8,2181.468,2124.516,2127.637,4848188.0
2025-09-15,2127.637,2175.227,2120.615,2147.921,4538579.0
2025-09-16,2151.822,2205.653,2128.417,2186.929,5601416.0
2025-09-17,2179.127,2248.561,2170.546,2225.937,6805608.0
2025-09-18,2201.752,2201.752,2100.331,2121.396,9178318.0
2025-09-19,2113.594,2133.878,2096.43,2096.43,4290828.0
2025-09-22,2096.43,2129.197,2096.43,2122.956,3243423.0
2025-09-23,2097.991,2099.551,2030.117,2062.884,5378856.0
2025-09-24,2053.522,2110.473,2044.94,2088.629,4443358.0
2025-09-25,2084.728,2115.154,2080.827,2090.189,3587728.0
2025-09-26,2082.388,2094.87,2057.423,2058.203,3034211.0
2025-09-29,2056.642,2244.661,2052.742,2176.787,11086841.0
2025-09-30,2155.723,2175.227,2132.318,2140.9,5721847.0
2025-10-09,2094.09,2137.779,2068.345,2112.814,6099472.0
2025-10-10,2102.672,2131.538,2054.302,2060.543,6029855.0
2025-10-13,1988.769,2037.919,1984.868,2023.876,4119214.0
2025-10-14,2030.117,2065.224,1984.868,1987.988,4157998.0
2025-10-15,2002.811,2023.876,1986.428,2017.634,3021398.0
2025-10-16,2008.273,2024.656,1999.691,2008.273,2377814.0
2025-10-17,2006.712,2023.876,1960.683,1964.584,3095666.0
2025-10-20,1995.01,2002.031,1964.584,1977.066,2282606.0
2025-10-21,1984.868,2018.415,1978.626,2003.592,2974160.0
2025-10-22,1991.889,1995.01,1974.726,1984.868,1776224.0
2025-10-23,1987.988,2012.953,1969.265,2012.173,2503845.0
2025-10-24,2017.634,2045.72,2009.053,2045.72,3578518.0
2025-10-27,2080.827,2088.629,2048.061,2056.642,4751975.0
2025-10-28,2041.819,2084.728,2038.699,2053.522,3503684.0
2025-10-29,2046.5,2115.154,2044.16,2091.75,5442583.0
2025-10-30,2076.146,2079.267,2023.096,2024.656,4676083.0
2025-10-31,2036.358,2043.38,2014.514,2014.514,2499029.0
2025-11-03,2013.734,2021.535,1987.208,2019.195,2201174.0
2025-11-04,2007.492,2012.953,1991.109,1995.79,1895090.0
2025-11-05,1982.527,2004.372,1976.286,1995.79,1665933.0
2025-11-06,1996.57,2028.557,1996.57,2015.294,2398456.0
2025-11-07,1997.35,2000.471,1983.307,1986.428,2024228.0
2025-11-10,1984.868,2016.074,1984.088,2006.712,2137426.0
2025-11-11,2005.932,2009.833,1969.265,1970.045,2499582.0
2025-11-12,1970.045,1977.066,1936.498,1951.321,2094237.0
2025-11-13,1943.519,1986.428,1943.519,1985.648,2295320.0
2025-11-14,1967.704,1973.946,1938.058,1939.619,2028105.0
2025-11-17,1937.278,1948.98,1931.817,1937.278,1486185.0
2025-11-18,1936.498,1951.321,1933.377,1935.718,1507223.0
2025-11-19,1934.938,1945.08,1909.973,1923.235,1750690.0
2025-11-20,1952.881,1959.903,1902.171,1902.951,2188140.0
2025-11-21,1888.128,1903.731,1839.758,1842.879,3036576.0
2025-11-24,1850.68,1867.844,1839.758,1853.021,1733268.0
2025-11-25,1857.702,1868.624,1849.12,1852.241,1944435.0
2025-11-26,1852.241,1860.823,1843.659,1845.999,1688908.0
2025-11-27,1845.219,1868.624,1839.758,1842.879,1937378.0
2025-11-28,1842.099,1851.461,1824.155,1850.68,1790869.0
2025-12-01,1836.638,1845.999,1807.772,1826.496,3075251.0
2025-12-02,1821.815,1823.375,1787.488,1789.048,2342667.0
2025-12-03,1793.729,1803.871,1755.501,1759.402,2243828.0
2025-12-04,1760.962,1787.488,1754.721,1771.884,1800087.0
2025-12-05,1768.764,1875.646,1765.643,1843.659,5480686.0
2025-12-08,1881.887,1914.653,1861.603,1869.404,5772388.0
2025-12-09,1850.68,1868.624,1831.957,1841.319,2697168.0
2025-12-10,1835.857,1854.581,1816.353,1842.099,2249149.0
2025-12-11,1846.78,1847.56,1806.992,1806.992,1938096.0
2025-12-12,1810.892,1842.879,1808.552,1821.034,2261272.0
2025-12-15,1804.651,1838.198,1796.849,1807.772,1866631.0
2025-12-16,1799.97,1814.013,1785.927,1789.048,1875025.0
2025-12-17,1789.048,1852.241,1777.346,1826.496,3418178.0
2025-12-18,1819.474,1831.176,1806.992,1808.552,1893200.0
2025-12-19,1809.332,1842.879,1806.211,1819.474,1936654.0
2025-12-22,1817.914,1834.297,1814.793,1825.715,1600989.0
2025-12-23,1824.155,1838.198,1814.013,1821.034,1849650.0
2025-12-24,1815.573,1845.219,1813.233,1835.077,2161645.0
2025-12-25,1831.176,1853.021,1827.276,1845.999,2172053.0
2025-12-26,1845.999,1901.391,1837.418,1867.064,4319282.0
2025-12-29,1864.723,1866.284,1842.879,1846.78,2214027.0
2025-12-30,1842.099,1868.624,1835.857,1853.021,2247939.0
2025-12-31,1853.021,1867.064,1833.517,1833.517,1992395.0
2026-01-05,1836.638,1877.986,1835.857,1877.986,3565234.0
2026-01-06,1872.525,2004.372,1870.184,1984.088,9060921.0
2026-01-07,1966.144,1973.165,1917.774,1938.838,5193860.0
2026-01-08,1920.115,1920.115,1887.348,1897.49,4013454.0
2026-01-09,1897.49,1925.576,1896.71,1907.632,3409884.0
2026-01-12,1902.171,1979.407,1898.27,1979.407,7006227.0
2026-01-13,1998.911,2012.953,1929.476,1935.718,5734424.0
2026-01-14,1925.576,2030.897,1925.576,1953.661,9371079.0
2026-01-15,1913.873,1938.058,1890.469,1902.171,4963534.0
2026-01-16,1920.115,1931.037,1884.227,1888.908,3251692.0
2026-01-19,1881.887,1883.447,1854.581,1858.482,2997355.0
2026-01-20,1857.702,1870.965,1844.439,1853.801,2585704.0
2026-01-21,1853.021,1860.823,1838.978,1843.659,2307018.0
2026-01-22,1843.659,1860.042,1838.198,1843.659,2157398.0
2026-01-23,1847.56,1854.581,1838.978,1842.879,2589457.0
2026-01-26,1838.978,1876.426,1829.616,1843.659,4255350.0
2026-01-27,1841.319,1842.879,1798.41,1811.673,3164758.0
2026-01-28,1811.673,1821.034,1801.53,1802.311,2551353.0
2026-01-29,1792.949,1842.879,1771.884,1830.396,4177875.0
2026-01-30,1827.276,1827.276,1794.509,1796.069,2698550.0
2026-02-02,1789.048,1823.375,1776.565,1782.807,2397881.0
2026-02-03,1794.509,1798.41,1778.906,1796.069,1799504.0
2026-02-04,1788.268,1828.836,1782.026,1810.892,2975684.0
2026-02-05,1799.97,1829.616,1796.849,1814.013,2720392.0
2026-02-06,1802.311,1812.453,1792.169,1792.949,1978229.0
2026-02-09,1804.651,1815.573,1797.63,1815.573,2088064.0
2026-02-10,1813.233,1826.496,1807.772,1810.892,1522516.0
2026-02-11,1807.772,1814.793,1798.41,1801.53,1494661.0
2026-02-12,1799.97,1801.53,1792.169,1792.949,1533620.0
2026-02-13,1796.069,1805.431,1769.544,1770.324,2054685.0
2026-02-24,1779.686,1785.927,1767.203,1773.445,1412138.0
2026-02-25,1778.126,1810.892,1775.005,1799.19,2559644.0
2026-02-26,1795.289,1796.069,1775.005,1780.466,1891532.0
2026-02-27,1777.346,1793.729,1770.324,1782.026,1766812.0
2026-03-02,1761.742,1766.423,1733.657,1737.557,2826772.0
2026-03-03,1735.997,1767.203,1711.812,1713.373,2907619.0
2026-03-04,1696.989,1706.351,1659.542,1665.003,2885489.0
2026-03-05,1689.188,1690.748,1662.662,1670.464,2128068.0
2026-03-06,1663.442,1713.373,1660.322,1707.131,2338196.0
2026-03-09,1675.145,1689.968,1665.003,1681.386,1973014.0
2026-03-10,1696.209,1707.131,1683.726,1691.528,1611210.0
2026-03-11,1690.748,1709.472,1682.946,1700.11,1803025.0
2026-03-12,1693.088,1704.791,1682.946,1691.528,1517371.0
2026-03-13,1686.847,1699.33,1668.123,1671.244,1766135.0
2026-03-16,1670.464,1681.386,1658.761,1679.826,1447071.0
2026-03-17,1686.847,1746.919,1683.726,1707.131,4200422.0
2026-03-18,1698.549,1706.351,1687.627,1703.23,1857579.0
2026-03-19,1689.968,1710.252,1682.946,1689.188,2174638.0
2026-03-20,1679.046,1680.606,1601.81,1601.81,4774624.0
2026-03-23,1568.263,1589.327,1551.099,1555.0,3141250.0
2026-03-24,1575.284,1582.306,1550.319,1567.483,2088912.0
2026-03-25,1565.922,1597.129,1564.362,1577.625,2251418.0
2026-03-26,1570.603,1571.384,1515.212,1516.772,2794390.0
2026-03-27,1501.949,1537.837,1498.829,1523.794,1814800.0
2026-03-30,1501.169,1519.113,1494.148,1512.872,1584573.0
2026-03-31,1512.872,1536.276,1495.708,1498.829,1692907.0
2026-04-01,1523.014,1530.035,1513.652,1522.234,1729787.0
2026-04-02,1515.992,1516.772,1482.446,1487.907,1797448.0
2026-04-03,1493.368,1497.269,1466.842,1466.842,1383924.0
2026-04-07,1469.183,1476.984,1456.7,1464.502,1233648.0
2026-04-08,1499.609,1553.44,1491.807,1545.638,3911372.0
2026-04-09,1519.113,1519.893,1500.389,1503.51,2104108.0
2026-04-10,1524.574,1621.314,1524.574,1566.703,5970106.0
2026-04-13,1547.979,1604.93,1546.419,1586.207,3459852.0
2026-04-14,1600.249,1607.271,1572.944,1597.129,2689218.0
2026-04-15,1608.051,1611.952,1569.823,1573.724,2181632.0
2026-04-16,1580.746,1604.93,1574.504,1590.107,2361668.0
2026-04-17,1581.526,1597.129,1569.823,1588.547,2157491.0
2026-04-20,1589.327,1604.15,1579.185,1597.129,2155679.0
2026-04-21,1596.349,1603.37,1579.185,1588.547,1729478.0
2026-04-22,1582.306,1621.314,1579.185,1607.271,2839824.0
2026-04-23,1601.03,1611.172,1576.845,1584.646,2339842.0
2026-04-24,1581.526,1581.526,1558.121,1569.823,1787523.0
2026-04-27,1580.746,1608.831,1576.065,1591.668,2222896.0
2026-04-28,1585.426,1629.115,1585.426,1605.711,3494785.0
2026-04-29,1594.788,1618.193,1593.228,1613.512,2479666.0
2026-04-30,1612.732,1667.343,1608.051,1621.314,3626370.0
2026-05-06,1624.434,1673.584,1624.434,1659.542,4274764.0
2026-05-07,1671.244,1675.145,1636.137,1650.18,3378852.0
2026-05-08,1640.038,1650.96,1623.654,1631.456,2320830.0
2026-05-11,1628.335,1698.549,1627.555,1693.088,5811921.0
2026-05-12,1682.166,1718.053,1672.024,1692.308,4099231.0
2026-05-13,1680.606,1689.968,1656.421,1677.485,3750097.0
2026-05-14,1678.265,1686.847,1606.491,1607.271,3864283.0
2026-05-15,1606.491,1618.973,1567.483,1572.164,3695445.0
2026-05-18,1562.022,1594.008,1558.901,1575.284,2211135.0
2026-05-19,1576.065,1589.327,1544.858,1585.426,2679894.0
2026-05-20,1576.065,1586.207,1562.802,1567.483,1857497.0
2026-05-21,1581.526,1673.584,1579.965,1591.668,7221721.0
2026-05-22,1590.107,1600.249,1543.298,1554.22,4295945.0
2026-05-25,1571.384,1612.732,1560.461,1583.086,3357935.0
2026-05-26,1568.263,1615.072,1560.461,1597.129,4221819.0
2026-05-27,1577.625,1608.051,1560.461,1562.802,3260433.0
2026-05-28,1555.0,1558.121,1512.092,1530.035,3414909.0
2026-05-29,1530.815,1572.164,1527.695,1527.695,3719590.0
2026-06-01,1519.113,1536.276,1503.51,1512.872,2445990.0
2026-06-02,1508.191,1522.234,1487.907,1508.191,2668462.0
2026-06-03,1499.609,1531.596,1487.907,1508.191,2940305.0
2026-06-04,1498.829,1520.673,1480.105,1494.928,2243926.0
2026-06-05,1496.488,1511.311,1476.204,1477.765,2553013.0
2026-06-08,1459.041,1486.346,1413.792,1415.352,3484450.0
2026-06-09,1416.132,1431.735,1398.188,1427.834,2258590.0
2026-06-10,1419.253,1433.295,1402.089,1420.033,2328147.0
2026-06-11,1409.891,1427.834,1376.344,1387.266,2570704.0
2026-06-12,1397.408,1455.14,1388.046,1437.196,4736928.0
2026-06-15,1437.196,1552.66,1433.295,1506.63,6256219.0
2026-06-16,1491.807,1551.099,1491.027,1524.574,4580802.0
2026-06-17,1518.333,1534.716,1504.29,1518.333,2749209.0
2026-06-18,1511.311,1524.574,1478.545,1484.006,3296850.0
2026-06-22,1472.303,1668.903,1472.303,1668.903,11039470.0
2026-06-23,1644.719,1739.898,1635.357,1663.442,11032420.0
2026-06-24,1663.442,1689.968,1601.03,1607.271,7087475.0
2026-06-25,1596.349,1715.713,1596.349,1679.826,9040008.0
2026-06-26,1665.783,1684.507,1594.788,1598.689,6228008.0
2026-06-29,1614.292,1639.257,1587.767,1601.03,5037985.0
2026-06-30,1589.327,1637.697,1572.944,1622.874,4303483.0
2026-07-01,1618.193,1746.139,1609.611,1706.351,9497600.0
2026-07-02,1693.088,1710.252,1647.839,1650.18,5755075.0
2026-07-03,1667.343,1690.748,1647.839,1675.925,4301366.0
2026-07-06,1701.67,1709.472,1663.442,1685.287,3936552.0
2026-07-07,1672.804,1675.145,1605.711,1615.853,4037390.0
2026-07-08,1609.611,1651.74,1597.909,1603.37,2881916.0
2026-07-09,1598.689,1643.938,1594.008,1639.257,3442101.0
2026-07-10,1624.434,1632.236,1601.03,1608.051,3282905.0
2026-07-13,1595.569,1618.193,1563.582,1580.746,3283868.0
2026-07-14,1584.646,1591.668,1530.035,1562.022,3272565.0
2026-07-15,1556.561,1622.874,1548.759,1604.15,3839558.0
2026-07-16,1589.327,1601.03,1570.603,1579.185,2613534.0
2026-07-17,1576.845,1627.555,1567.483,1569.823,4515339.0
2026-07-20,1577.625,1626.775,1577.625,1607.271,3831378.0
2026-07-21,1610.392,1629.115,1585.426,1615.853,4269491.0
2026-07-22,1601.03,1607.271,1585.426,1599.469,2571839.0
2026-07-23,1597.129,1628.335,1586.987,1615.072,2826203.0
2026-07-24,1599.469,1599.469,1546.419,1546.419,3090371.0
2026-07-27,1540.177,1568.263,1535.496,1565.922,1945254.0
2026-07-28,1548.759,1563.582,1544.858,1547.979,1677200.0
2026-07-29,1545.638,1601.03,1538.617,1585.426,3082897.0
2026-07-30,1577.625,1615.853,1574.504,1592.448,3006388.0
2026-07-31,1591.668,1633.796,1586.207,1606.491,3424840.0
2026-08-03,1593.228,1599.469,1579.965,1594.008,2004512.0
2026-08-04,1600.249,1604.15,1585.426,1597.129,2077503.0
2026-08-05,1598.689,1631.456,1591.668,1621.314,3470692.0
2026-08-06,1608.831,1620.534,1585.426,1594.008,2712284.0
2026-08-07,1589.327,1592.448,1572.164,1591.668,2523204.0
2026-08-10,1592.448,1604.93,1586.207,1595.569,1949808.0
2026-08-11,1588.547,1599.469,1579.965,1580.746,1796454.0
2026-08-12,1577.625,1584.646,1571.384,1579.965,1836475.0
2026-08-13,1579.965,1608.831,1574.504,1576.065,2781782.0
2026-08-14,1572.164,1578.405,1550.319,1551.88,2460466.0
2026-08-17,1547.979,1562.022,1536.276,1560.461,1708553.0
2026-08-18,1552.66,1554.22,1529.255,1533.156,2129601.0
2026-08-19,1528.475,1541.738,1493.368,1494.148,2304758.0
2026-08-20,1498.049,1508.971,1487.907,1499.609,1451434.0
2026-08-21,1494.928,1514.432,1486.346,1508.191,1586479.0
2026-08-24,1504.29,1528.475,1494.148,1508.971,1851756.0
2026-08-25,1508.971,1512.872,1496.488,1509.751,1301221.0
2026-08-26,1506.63,1562.802,1505.07,1543.298,3306661.0
2026-08-27,1534.716,1565.922,1532.376,1563.582,3241999.0
2026-08-28,1558.121,1564.362,1547.979,1547.979,1803083.0
2026-08-31,1543.298,1551.88,1519.893,1545.638,2131970.0
2026-09-01,1542.518,1565.922,1537.837,1546.419,2092186.0
2026-09-02,1535.496,1544.078,1507.411,1508.191,2030531.0
2026-09-03,1514.432,1537.837,1512.092,1515.992,1736437.0
2026-09-04,1521.453,1550.319,1520.673,1526.915,2518649.0
2026-09-07,1526.915,1533.156,1508.971,1514.432,1587147.0
2026-09-08,1513.652,1518.333,1501.169,1502.73,1412741.0
2026-09-09,1502.73,1513.652,1496.488,1508.191,1159690.0
2026-09-10,1506.63,1517.553,1499.609,1512.872,1335636.0
2026-09-11,1499.609,1499.609,1458.261,1461.381,2382048.0
2026-09-14,1451.239,1459.821,1447.338,1454.36,946347.0
2026-09-15,1452.019,1459.821,1450.459,1450.459,851868.0
2026-09-16,1450.459,1474.644,1441.877,1467.622,1352856.0
2026-09-17,1458.261,1466.842,1442.657,1444.218,1315708.0
2026-09-18,1453.58,1469.963,1452.019,1466.062,1515612.0
2026-09-21,1466.842,1495.708,1466.062,1491.027,1847165.0
2026-09-22,1495.708,1510.531,1486.346,1497.269,1847022.0
2026-09-23,1491.027,1496.488,1484.006,1487.907,1056663.0
2026-09-24,1480.885,1486.346,1457.48,1459.041,1184076.0
