date,open,high,low,close,volume
2017-08-24,100.126,100.126,92.0,99.487,2782.0
2017-08-25,99.487,99.838,99.001,99.809,2889.0
2017-08-28,99.817,99.988,99.79,99.979,2725.0
2017-08-29,99.98,99.98,99.753,99.773,530.0
2017-08-30,99.783,99.9,99.735,99.877,410.0
2017-08-31,98.853,100.0,98.853,99.998,1115.0
2017-09-01,99.815,99.99,99.815,99.866,266.0
2017-09-04,99.867,99.988,99.867,99.878,185.0
2017-09-05,99.277,99.889,99.277,99.87,46.0
2017-09-06,99.849,100.0,99.83,99.871,826.0
2017-09-07,99.71,99.999,99.71,99.822,426.0
2017-09-08,99.751,99.99,99.751,99.961,365.0
2017-09-11,99.97,100.01,99.816,99.998,862.0
2017-09-12,99.951,100.03,99.951,99.962,236.0
2017-09-13,99.935,100.038,99.935,99.995,198.0
2017-09-14,99.408,100.069,99.408,100.009,347.0
2017-09-15,99.73,100.198,99.73,100.195,170.0
2017-09-18,100.041,100.298,100.041,100.276,680.0
2017-09-19,100.03,100.276,100.03,100.121,212.0
2017-09-20,100.124,100.32,100.124,100.225,717.0
2017-09-21,100.119,100.35,100.119,100.28,515.0
2017-09-22,100.103,100.51,100.103,100.454,1421.0
2017-09-25,100.126,100.6,100.126,100.546,1108.0
2017-09-26,100.2,100.501,100.2,100.34,2363.0
2017-09-27,100.207,100.413,100.206,100.315,1009.0
2017-09-28,100.318,100.445,100.318,100.428,932.0
2017-09-29,100.2,100.2,99.921,100.01,355.0
2017-10-09,100.2,100.2,100.111,100.136,1019.0
2017-10-10,100.133,100.2,100.133,100.2,597.0
2017-10-11,100.167,100.172,98.001,99.994,357.0
2017-10-12,99.997,100.12,99.007,99.99,756.0
2017-10-13,99.99,100.168,99.664,99.914,932.0
2017-10-16,99.911,99.911,99.502,99.901,1849.0
2017-10-17,99.898,99.898,99.564,99.601,1064.0
2017-10-18,99.604,99.998,99.6,99.65,372.0
2017-10-19,99.653,99.836,99.6,99.836,1156.0
2017-10-20,99.833,99.833,99.522,99.741,834.0
2017-10-23,99.629,99.856,99.629,99.7,1207.0
2017-10-24,99.55,99.68,99.55,99.668,1045.0
2017-10-25,99.551,99.7,99.5,99.66,390.0
2017-10-26,99.5,99.608,99.408,99.608,1302.0
2017-10-27,99.308,99.7,99.308,99.6,1348.0
2017-10-30,99.597,99.6,98.64,99.4,191.0
2017-10-31,99.4,99.65,99.1,99.386,1017.0
2017-11-01,99.389,99.4,99.156,99.4,1070.0
2017-11-02,99.203,99.3,99.203,99.3,1183.0
2017-11-03,99.2,99.298,99.2,99.2,664.0
2017-11-06,99.2,99.215,99.2,99.214,961.0
2017-11-07,99.214,99.215,99.214,99.215,2086.0
2017-11-08,99.1,99.215,99.001,99.2,518.0
2017-11-09,99.01,99.1,98.5,99.098,1076.0
2017-11-10,99.095,99.095,98.58,98.676,1173.0
2017-11-13,98.9,98.9,98.504,98.7,1520.0
2017-11-14,98.7,98.98,98.502,98.98,865.0
2017-11-15,98.977,98.977,97.922,98.288,138.0
2017-11-16,98.288,98.398,98.0,98.0,3808.0
2017-11-17,98.01,98.19,98.01,98.183,499.0
2017-11-20,98.998,98.998,98.2,98.213,1366.0
2017-11-21,98.213,98.359,98.213,98.231,1379.0
2017-11-22,98.234,99.5,98.039,98.048,544.0
2017-11-23,98.051,98.999,97.964,98.88,272.0
2017-11-24,98.88,99.997,98.059,98.2,539.0
2017-11-27,98.197,98.871,98.15,98.697,1313.0
2017-11-28,98.697,98.697,98.1,98.1,1002.0
2017-11-29,97.834,98.001,97.1,97.454,870.0
2017-11-30,97.451,98.0,97.27,97.822,390.0
2017-12-01,97.825,98.19,97.77,97.996,476.0
2017-12-04,97.999,98.088,97.901,97.993,237.0
2017-12-05,98.0,98.247,97.831,97.994,1554.0
2017-12-06,97.997,98.04,97.834,97.85,736.0
2017-12-07,97.853,98.011,97.704,98.002,604.0
2017-12-08,97.866,98.0,97.802,97.802,302.0
2017-12-11,97.805,98.048,97.614,97.805,477.0
2017-12-12,97.808,97.999,97.75,97.9,1437.0
2017-12-13,97.897,97.949,97.806,97.949,1716.0
2017-12-14,97.946,98.0,97.903,97.903,1213.0
2017-12-15,97.906,98.037,97.8,97.801,327.0
2017-12-18,97.825,97.999,97.825,97.9,754.0
2017-12-19,97.903,97.984,97.813,97.85,1617.0
2017-12-20,97.853,98.498,97.853,98.15,469.0
2017-12-21,98.147,98.46,97.962,98.148,565.0
2017-12-22,98.15,98.383,98.126,98.155,2476.0
2017-12-25,98.164,98.228,98.011,98.16,524.0
2017-12-26,98.163,98.394,98.001,98.25,212.0
2017-12-27,98.247,98.481,98.113,98.113,1130.0
2017-12-28,98.116,98.25,97.05,97.05,228.0
2017-12-29,97.502,98.4,97.502,98.116,366.0
2018-01-02,98.119,98.2,98.002,98.2,1070.0
2018-01-03,98.203,98.203,98.101,98.16,754.0
2018-01-04,98.11,98.161,98.081,98.161,1364.0
2018-01-05,98.164,98.477,97.501,98.078,564.0
2018-01-08,98.075,98.342,97.851,97.986,365.0
2018-01-09,97.98,98.294,97.855,98.124,775.0
2018-01-10,98.12,98.12,97.93,98.004,361.0
2018-01-11,98.001,98.001,97.621,97.742,327.0
2018-01-12,97.751,97.888,97.751,97.755,130.0
2018-01-15,97.758,97.889,97.65,97.8,97.0
2018-01-16,97.803,97.859,97.731,97.859,935.0
2018-01-17,97.856,97.856,97.6,97.634,22.0
2018-01-18,97.653,97.779,97.551,97.702,332.0
2018-01-19,97.641,97.997,97.641,97.997,126.0
2018-01-22,97.987,98.499,97.714,98.456,138.0
2018-01-23,98.2,98.399,98.2,98.25,860.0
2018-01-24,98.244,98.396,98.061,98.25,3013.0
2018-01-25,98.242,98.39,97.502,97.816,628.0
2018-01-26,98.001,98.456,98.001,98.027,1209.0
2018-01-29,98.036,98.279,98.0,98.01,1062.0
2018-01-30,98.013,98.339,97.852,97.861,970.0
2018-01-31,97.864,98.054,97.763,98.053,244.0
2018-02-01,98.056,98.171,97.851,97.966,988.0
2018-02-02,97.978,98.168,97.931,98.168,139.0
2018-02-05,98.165,98.299,98.1,98.17,478.0
2018-02-06,98.173,98.2,97.951,98.001,116.0
2018-02-07,98.103,98.249,98.1,98.201,341.0
2018-02-08,98.2,98.896,98.2,98.342,140.0
2018-02-09,98.28,98.488,98.28,98.4,171.0
2018-02-12,98.399,98.947,98.251,98.251,115.0
2018-02-13,98.421,98.58,98.263,98.282,7.0
2018-02-14,98.285,98.9,98.285,98.891,147.0
2018-02-22,98.844,98.879,98.6,98.6,28.0
2018-02-23,98.371,98.959,98.371,98.6,284.0
2018-02-26,98.98,100.56,98.98,99.345,724.0
2018-02-27,99.348,100.3,99.348,99.5,425.0
2018-02-28,99.4,99.499,99.4,99.467,994.0
2018-03-01,99.401,99.401,99.111,99.392,143.0
2018-03-02,99.06,99.392,99.06,99.292,282.0
2018-03-05,99.08,99.301,99.06,99.201,27.0
2018-03-06,99.011,99.255,99.011,99.255,227.0
2018-03-07,99.26,99.26,99.032,99.2,2078.0
2018-03-08,99.0,99.124,99.0,99.072,455.0
2018-03-09,99.072,99.194,99.005,99.08,256.0
2018-03-12,99.08,99.2,99.029,99.092,200.0
2018-03-13,99.089,99.17,99.004,99.05,54.0
2018-03-14,99.0,99.065,98.952,98.978,141.0
2018-03-15,98.988,99.03,98.988,99.019,52.0
2018-03-16,99.022,99.091,98.995,99.03,143.0
2018-03-19,99.03,99.25,99.03,99.17,47.0
2018-03-20,99.075,99.2,99.075,99.2,65.0
2018-03-21,99.203,99.36,99.12,99.184,62.0
2018-03-22,99.185,100.202,99.185,99.39,49.0
2018-03-23,99.61,100.0,99.5,99.99,190.0
2018-03-26,99.99,100.296,99.55,99.7,44.0
2018-03-27,99.47,99.99,99.47,99.56,28.0
2018-03-28,99.563,99.76,99.563,99.668,17.0
2018-03-29,99.671,99.991,99.282,99.331,353.0
2018-03-30,99.334,100.094,99.334,99.565,242.0
2018-04-02,99.568,99.79,99.334,99.769,287.0
2018-04-03,99.772,100.16,99.621,99.78,236.0
2018-04-04,99.783,99.88,99.518,99.879,261.0
2018-04-09,99.703,100.226,99.703,100.226,139.0
2018-04-10,100.101,100.151,100.101,100.151,133.0
2018-04-11,100.082,100.251,100.082,100.251,92.0
2018-04-12,100.254,100.3,100.248,100.296,75.0
2018-04-13,100.288,100.29,100.286,100.29,33.0
2018-04-16,100.223,100.4,100.222,100.4,7.0
2018-04-17,100.4,100.699,100.131,100.699,77.0
2018-04-18,100.702,101.2,100.596,101.001,100.0
2018-04-19,101.331,102.35,101.33,101.6,55.0
2018-04-20,101.597,101.8,101.597,101.621,17.0
2018-04-23,101.031,101.7,101.031,101.6,30.0
2018-04-24,101.5,101.7,101.5,101.7,69.0
2018-04-25,101.601,101.601,101.6,101.6,14.0
2018-04-26,101.6,101.6,101.6,101.6,2.0
2018-04-27,101.6,101.8,101.6,101.6,5.0
2018-05-02,101.089,101.091,101.088,101.091,3.0
2018-05-03,101.094,101.11,101.0,101.11,16.0
2018-05-04,101.186,101.186,101.186,101.186,3.0
2018-05-07,101.189,101.203,101.189,101.203,7.0
2018-05-08,101.206,101.206,101.011,101.011,24.0
2018-05-09,101.008,101.008,100.7,100.77,131.0
2018-05-10,100.61,100.61,100.6,100.6,130.0
2018-05-11,100.7,100.7,100.7,100.7,209.0
2018-05-14,101.7,101.7,100.206,100.206,61.0
2018-05-15,100.209,101.2,100.209,100.401,68.0
2018-05-16,100.4,100.5,100.4,100.5,18.0
2018-05-17,100.4,100.6,100.4,100.6,121.0
2018-05-18,100.627,100.7,100.405,100.6,104.0
2018-05-21,100.603,101.7,100.603,100.7,101.0
2018-05-22,100.7,100.9,100.7,100.9,126.0
2018-05-23,100.9,100.9,100.9,100.9,22.0
2018-05-24,101.1,101.156,101.1,101.143,78.0
2018-05-25,100.9,101.2,100.9,101.081,53.0
2018-05-28,101.084,102.576,101.084,101.559,176.0
2018-05-29,101.694,101.697,101.598,101.634,190.0
2018-05-30,101.65,110.901,101.65,101.8,207.0
2018-05-31,101.803,102.0,101.6,101.791,383.0
2018-06-01,101.794,101.794,101.6,101.704,80.0
2018-06-04,101.542,101.642,101.542,101.642,32.0
2018-06-05,101.342,101.424,101.342,101.424,7.0
2018-06-06,101.267,101.467,101.267,101.466,20.0
2018-06-07,101.4,101.425,101.267,101.267,3.0
2018-06-08,101.264,101.264,100.59,101.109,56.0
2018-06-11,100.9,101.478,100.9,101.362,46.0
2018-06-12,101.359,101.386,100.452,101.344,203.0
2018-06-13,101.173,101.174,101.101,101.101,44.0
2018-06-14,101.098,101.17,100.35,101.161,31.0
2018-06-15,101.164,101.361,101.164,101.261,36.0
2018-06-19,101.261,101.7,101.101,101.103,76.0
2018-06-20,101.106,101.499,101.106,101.3,32.0
2018-06-21,101.3,101.7,101.3,101.6,89.0
2018-06-22,101.301,101.9,101.301,101.788,69.0
2018-06-25,101.785,102.198,101.301,102.0,74.0
2018-06-26,101.9,101.9,101.9,101.9,15.0
2018-06-27,101.9,102.0,101.601,101.601,26.0
2018-06-28,101.604,102.199,101.604,101.9,27.0
2018-06-29,101.903,102.2,101.459,102.2,340.0
2018-07-02,102.203,102.7,102.203,102.396,168.0
2018-07-03,102.399,102.8,102.399,102.796,96.0
2018-07-04,102.793,102.793,102.5,102.5,11.0
2018-07-05,102.5,102.502,102.5,102.5,15.0
2018-07-06,102.497,102.5,102.497,102.5,19.0
2018-07-09,102.3,102.3,102.21,102.3,105.0
2018-07-10,102.16,102.4,102.1,102.374,53.0
2018-07-11,102.3,102.3,102.14,102.157,9.0
2018-07-12,102.166,102.507,102.166,102.4,46.0
2018-07-13,102.397,102.41,102.286,102.401,24.0
2018-07-16,102.413,102.799,102.413,102.74,34.0
2018-07-17,102.79,102.889,102.79,102.88,6.0
2018-07-18,103.015,103.015,102.727,102.728,37.0
2018-07-19,102.725,102.999,102.671,102.999,11.0
2018-07-20,103.187,103.2,103.1,103.1,34.0
2018-07-23,103.002,103.002,102.6,102.8,53.0
2018-07-24,102.601,102.799,102.601,102.614,6.0
2018-07-25,102.611,102.611,102.401,102.5,14.0
2018-07-26,102.4,102.589,102.4,102.589,12.0
2018-07-27,102.901,102.901,102.5,102.649,21.0
2018-07-30,102.652,102.652,102.599,102.6,15.0
2018-07-31,102.488,102.7,102.488,102.699,5.0
2018-08-01,102.79,102.85,102.698,102.698,16.0
2018-08-02,102.708,104.213,102.708,103.2,54.0
2018-08-03,102.845,103.3,102.845,103.3,4.0
2018-08-06,103.303,103.689,103.111,103.689,31.0
2018-08-07,103.201,103.799,103.201,103.26,7.0
2018-08-08,102.812,103.256,102.812,102.839,24.0
2018-08-09,102.839,103.16,102.7,102.851,8.0
2018-08-10,102.631,102.933,102.631,102.905,7.0
2018-08-13,102.894,102.894,102.341,102.341,33.0
2018-08-14,102.67,102.67,102.541,102.541,5.0
2018-08-15,102.7,102.887,102.7,102.885,18.0
2018-08-16,102.408,103.08,102.309,102.605,8.0
2018-08-20,101.751,101.752,101.751,101.751,5.0
2018-08-21,102.405,102.405,101.751,101.951,7.0
2018-08-22,101.752,101.93,101.716,101.74,316.0
2018-08-23,102.0,102.2,101.999,102.2,244.0
2018-08-24,102.201,102.6,102.0,102.005,250.0
2018-08-27,102.5,102.5,102.222,102.227,164.0
2018-08-28,103.233,103.233,102.0,102.218,408.0
2018-08-29,102.5,103.25,102.296,102.333,1404.0
2018-08-30,102.48,102.496,102.3,102.496,1036.0
2018-08-31,101.464,102.596,101.464,102.577,352.0
2018-09-03,102.575,102.76,102.268,102.39,338.0
2018-09-04,102.1,102.4,101.93,102.381,798.0
2018-09-05,102.201,102.6,102.165,102.3,280.0
2018-09-06,101.398,102.193,101.398,102.188,261.0
2018-09-07,102.05,102.177,102.049,102.157,220.0
2018-09-10,102.104,102.18,102.1,102.11,205.0
2018-09-11,101.911,102.05,101.441,101.887,884.0
2018-09-12,101.75,101.87,101.599,101.771,168.0
2018-09-13,101.771,102.178,101.733,101.751,399.0
2018-09-14,101.781,102.035,101.781,101.98,274.0
2018-09-17,102.11,102.2,101.919,102.101,249.0
2018-09-18,102.101,102.252,102.101,102.184,209.0
2018-09-19,102.436,102.436,102.168,102.168,525.0
2018-09-20,102.43,102.43,101.899,101.97,3866.0
2018-09-21,101.889,101.9,101.808,101.819,376.0
2018-09-25,102.34,102.34,101.851,101.99,514.0
2018-09-26,102.4,102.4,101.91,102.03,741.0
2018-09-27,102.033,102.146,102.033,102.14,626.0
2018-09-28,102.299,102.373,102.239,102.373,634.0
2018-10-08,102.1,102.413,102.1,102.407,265.0
2018-10-09,102.108,102.533,102.108,102.532,554.0
2018-10-10,102.54,102.546,102.458,102.47,538.0
2018-10-11,102.5,102.639,102.5,102.639,523.0
2018-10-12,102.82,102.824,102.685,102.814,819.0
2018-10-15,102.806,102.809,102.806,102.806,1247.0
2018-10-16,102.837,102.84,102.836,102.84,1072.0
2018-10-17,102.915,102.917,102.9,102.916,668.0
2018-10-18,102.891,102.986,102.89,102.893,1542.0
2018-10-19,102.98,103.36,102.779,103.068,1098.0
2018-10-22,102.95,102.953,102.95,102.95,1541.0
2018-10-23,102.799,102.914,102.797,102.897,401.0
2018-10-24,103.65,103.65,102.603,102.99,1223.0
2018-10-25,103.17,103.18,103.169,103.169,920.0
2018-10-26,102.901,103.183,102.9,103.183,1043.0
2018-10-29,102.878,103.195,102.878,103.195,1130.0
2018-10-30,103.91,103.91,103.35,103.431,968.0
2018-10-31,103.4,103.402,103.4,103.402,1066.0
2018-11-01,103.471,103.7,103.47,103.471,733.0
2018-11-02,103.47,103.47,103.42,103.42,1023.0
2018-11-05,102.7,103.568,102.7,103.293,666.0
2018-11-06,102.718,103.865,102.718,103.461,968.0
2018-11-07,103.491,103.583,103.491,103.583,989.0
2018-11-08,103.815,103.901,103.815,103.9,1015.0
2018-11-09,103.8,103.83,103.8,103.83,986.0
2018-11-12,104.18,104.18,103.871,103.871,1117.0
2018-11-13,103.813,103.888,103.811,103.875,804.0
2018-11-14,103.981,104.249,103.98,104.203,10669.0
2018-11-15,104.345,104.518,104.02,104.511,16358.0
2018-11-16,104.56,104.782,104.56,104.708,18383.0
2018-11-19,104.918,105.218,104.833,104.843,4164.0
2018-11-20,104.645,104.8,104.645,104.736,19226.0
2018-11-21,104.9,104.9,104.697,104.743,16187.0
2018-11-22,105.808,105.808,104.674,104.674,18558.0
2018-11-23,104.77,104.771,104.502,104.684,16327.0
2018-11-26,104.598,104.646,104.482,104.498,11776.0
2018-11-27,104.298,104.507,104.298,104.507,15958.0
2018-11-28,104.52,104.563,104.52,104.545,10880.0
2018-11-29,104.61,104.996,104.61,104.752,10393.0
2018-11-30,104.705,104.752,101.645,104.587,12670.0
2018-12-03,104.587,104.741,104.4,104.737,12576.0
2018-12-04,104.778,104.976,104.778,104.966,9478.0
2018-12-05,105.199,105.72,105.004,105.223,14353.0
2018-12-06,105.228,105.48,105.202,105.339,14719.0
2018-12-07,105.255,105.409,105.255,105.38,7533.0
2018-12-10,105.38,105.82,105.35,105.499,14500.0
2018-12-11,105.548,105.658,105.548,105.65,3710.0
2018-12-12,105.654,105.696,105.504,105.685,1414.0
2018-12-13,105.413,105.555,105.25,105.335,940.0
2018-12-14,105.02,105.3,104.729,104.982,1977.0
2018-12-17,105.102,105.102,104.9,104.91,12605.0
2018-12-18,104.66,104.91,104.6,104.746,2694.0
2018-12-19,104.777,104.885,104.77,104.885,6463.0
2018-12-20,105.25,105.25,105.03,105.195,12120.0
2018-12-21,105.198,105.56,105.195,105.422,15552.0
2018-12-24,105.316,105.415,105.209,105.25,8526.0
2018-12-25,105.25,105.4,105.15,105.306,11817.0
2018-12-26,105.438,105.536,105.349,105.536,4488.0
2018-12-27,105.536,105.68,105.406,105.658,17165.0
2018-12-28,105.711,106.3,105.711,106.134,44686.0
2019-01-02,105.9,106.193,105.688,106.08,34564.0
2019-01-03,106.08,106.257,106.08,106.257,3386.0
2019-01-04,106.28,106.44,106.0,106.119,2113.0
2019-01-07,106.09,106.116,105.91,106.007,642.0
2019-01-08,106.04,106.123,106.0,106.092,1347.0
2019-01-09,106.121,106.182,106.075,106.172,935.0
2019-01-10,106.185,106.285,106.182,106.191,595.0
2019-01-11,106.191,106.201,106.141,106.184,1095.0
2019-01-14,106.213,106.226,106.1,106.144,1199.0
2019-01-15,106.104,106.155,106.059,106.1,701.0
2019-01-16,106.108,106.594,106.108,106.352,1668.0
2019-01-17,106.58,106.58,106.48,106.539,1289.0
2019-01-18,106.5,106.512,106.43,106.44,1136.0
2019-01-21,106.4,106.411,106.195,106.3,971.0
2019-01-22,106.19,106.34,106.19,106.319,2062.0
2019-01-23,106.28,106.3,106.198,106.221,334.0
2019-01-24,106.201,106.279,106.167,106.263,368.0
2019-01-25,106.263,106.263,106.083,106.113,1010.0
2019-01-28,106.064,106.12,106.01,106.109,1678.0
2019-01-29,106.063,106.184,106.063,106.181,1233.0
2019-01-30,106.25,106.289,106.25,106.269,411.0
2019-01-31,106.3,106.415,106.3,106.351,591.0
2019-02-01,106.451,106.554,106.419,106.456,534.0
2019-02-11,106.456,106.641,106.4,106.641,1205.0
2019-02-12,106.645,106.79,106.645,106.72,647.0
2019-02-13,106.721,106.815,106.721,106.779,2638.0
2019-02-14,106.78,106.818,106.075,106.651,1263.0
2019-02-15,106.67,106.9,106.67,106.779,3373.0
2019-02-18,106.748,106.748,106.675,106.676,7593.0
2019-02-19,106.6,106.61,106.42,106.587,10333.0
2019-02-20,106.585,106.585,106.428,106.475,5892.0
2019-02-21,106.47,106.472,106.354,106.401,4360.0
2019-02-22,106.39,106.39,106.159,106.234,1603.0
2019-02-25,106.2,106.261,106.0,106.114,4309.0
2019-02-26,106.015,106.015,105.68,105.8,2527.0
2019-02-27,105.808,106.009,105.808,106.0,3639.0
2019-02-28,106.069,106.069,106.0,106.01,1205.0
2019-03-01,106.011,106.106,105.885,105.96,1422.0
2019-03-04,105.76,105.985,105.7,105.947,2933.0
2019-03-05,105.85,105.901,105.8,105.84,1621.0
2019-03-06,105.73,105.924,105.73,105.833,2176.0
2019-03-07,105.838,106.192,105.838,106.176,3006.0
2019-03-08,106.189,106.4,106.181,106.236,9455.0
2019-03-11,106.378,106.378,106.218,106.232,1585.0
2019-03-12,106.233,106.41,106.233,106.317,4021.0
2019-03-13,106.241,106.398,106.241,106.373,447.0
2019-03-14,106.4,106.422,106.357,106.357,906.0
2019-03-15,106.35,106.395,106.307,106.394,524.0
2019-03-18,106.354,106.406,105.6,106.347,2184.0
2019-03-19,106.152,106.5,106.152,106.401,602.0
2019-03-20,106.45,106.533,106.45,106.489,294.0
2019-03-21,106.43,106.49,106.43,106.486,537.0
2019-03-22,106.488,106.66,106.488,106.66,713.0
2019-03-25,106.76,106.999,106.76,106.889,666.0
2019-03-26,106.891,107.18,106.85,107.128,851.0
2019-03-27,107.128,107.173,107.032,107.09,868.0
2019-03-28,107.001,107.088,106.99,106.99,154.0
2019-03-29,107.279,107.279,106.733,106.88,2629.0
2019-04-01,106.568,106.899,106.568,106.782,780.0
2019-04-02,106.77,106.77,106.34,106.429,4377.0
2019-04-03,106.68,106.68,106.001,106.02,645.0
2019-04-04,105.849,105.921,105.706,105.725,1500.0
2019-04-08,105.699,105.7,105.2,105.5,12190.0
2019-04-09,105.505,105.7,105.505,105.533,818.0
2019-04-10,104.7,105.698,104.7,105.351,1135.0
2019-04-11,105.351,105.651,105.351,105.565,1547.0
2019-04-12,105.48,105.559,105.401,105.42,1568.0
2019-04-15,105.25,105.25,104.733,104.86,1633.0
2019-04-16,104.84,104.84,104.51,104.62,758.0
2019-04-17,105.588,105.588,104.501,104.895,1148.0
2019-04-18,104.563,104.811,104.563,104.801,740.0
2019-04-19,104.9,104.99,104.889,104.911,1124.0
2019-04-22,104.9,104.9,104.659,104.707,1092.0
2019-04-23,104.581,104.648,104.461,104.539,1430.0
2019-04-24,104.448,104.686,104.448,104.45,382.0
2019-04-25,104.45,104.88,104.252,104.529,853.0
2019-04-26,104.53,104.65,104.53,104.645,689.0
2019-04-29,104.548,104.645,104.435,104.49,834.0
2019-04-30,104.491,104.799,104.491,104.796,384.0
2019-05-06,104.896,105.2,104.896,105.09,1014.0
2019-05-07,105.17,105.2,105.022,105.128,445.0
2019-05-08,105.199,105.299,105.199,105.212,350.0
2019-05-09,105.311,105.379,105.3,105.35,732.0
2019-05-10,105.36,105.595,105.263,105.53,874.0
2019-05-13,105.63,105.997,105.63,105.949,1098.0
2019-05-14,105.95,105.99,105.798,105.81,520.0
2019-05-15,105.721,105.805,105.522,105.804,426.0
2019-05-16,105.88,105.899,105.801,105.87,823.0
2019-05-17,105.891,105.999,105.871,105.994,727.0
2019-05-20,105.988,106.076,105.909,106.006,420.0
2019-05-21,106.006,106.05,105.301,105.786,901.0
2019-05-22,105.786,105.786,105.62,105.699,734.0
2019-05-23,105.695,105.776,105.562,105.721,661.0
2019-05-24,105.626,105.72,105.626,105.651,265.0
2019-05-27,105.551,105.551,105.045,105.32,591.0
2019-05-28,105.488,105.577,105.363,105.543,331.0
2019-05-29,105.557,105.72,105.557,105.72,628.0
2019-05-30,105.72,105.827,105.72,105.826,587.0
2019-05-31,105.859,106.12,105.859,105.917,413.0
2019-06-03,106.017,106.199,106.0,106.114,510.0
2019-06-04,106.116,106.325,106.115,106.324,1051.0
2019-06-05,106.324,106.474,106.225,106.473,668.0
2019-06-06,106.473,106.658,106.422,106.496,833.0
2019-06-10,106.48,106.48,106.28,106.401,567.0
2019-06-11,106.31,106.31,105.952,106.161,2602.0
2019-06-12,106.16,106.19,106.062,106.14,299.0
2019-06-13,106.145,106.287,106.145,106.275,414.0
2019-06-14,106.283,106.44,106.283,106.44,701.0
2019-06-17,106.44,106.53,106.44,106.512,627.0
2019-06-18,106.464,106.472,106.389,106.41,445.0
2019-06-19,106.35,106.399,106.001,106.353,872.0
2019-06-20,106.4,106.48,106.4,106.402,599.0
2019-06-21,106.396,106.444,106.3,106.401,726.0
2019-06-24,106.4,106.461,106.35,106.37,404.0
2019-06-25,106.371,106.549,106.371,106.444,766.0
2019-06-26,106.411,106.411,106.391,106.392,238.0
2019-06-27,106.45,106.45,106.213,106.35,424.0
2019-06-28,106.358,106.468,106.28,106.436,1198.0
2019-07-01,106.408,106.519,106.335,106.501,855.0
2019-07-02,106.565,106.699,106.229,106.595,3680.0
2019-07-03,106.715,107.0,106.601,106.796,590.0
2019-07-04,106.82,107.071,106.796,107.07,722.0
2019-07-05,106.72,117.0,106.72,106.89,6200.0
2019-07-08,106.886,106.886,106.684,106.815,930.0
2019-07-09,107.299,107.315,106.817,106.911,792.0
2019-07-10,106.899,106.976,106.859,106.862,599.0
2019-07-11,107.017,107.018,106.875,106.913,1007.0
2019-07-12,106.979,106.979,106.907,106.919,787.0
2019-07-15,107.019,107.199,106.957,106.99,967.0
2019-07-16,106.962,107.021,106.952,106.961,601.0
2019-07-17,106.999,106.999,106.963,106.98,968.0
2019-07-18,107.019,107.056,107.019,107.055,738.0
2019-07-19,107.12,107.199,107.069,107.076,480.0
2019-07-22,107.13,107.249,107.0,107.131,964.0
2019-07-23,107.161,107.223,107.16,107.175,715.0
2019-07-24,107.168,107.216,107.117,107.137,702.0
2019-07-25,107.071,107.095,106.698,107.031,349.0
2019-07-26,107.0,107.139,107.0,107.059,411.0
2019-07-29,107.014,107.05,106.91,107.002,657.0
2019-07-30,106.828,106.978,106.808,106.978,752.0
2019-07-31,106.978,107.14,106.978,107.139,812.0
2019-08-01,107.152,107.201,107.152,107.17,471.0
2019-08-02,107.576,107.576,107.27,107.441,747.0
2019-08-05,107.52,107.955,107.519,107.838,1160.0
2019-08-06,108.335,108.338,108.012,108.098,1245.0
2019-08-07,108.094,108.5,107.958,108.0,635.0
2019-08-08,108.0,108.299,107.821,108.12,415.0
2019-08-09,108.148,108.543,108.11,108.52,339.0
2019-08-12,108.542,108.542,108.22,108.439,310.0
2019-08-13,108.44,108.919,108.337,108.55,580.0
2019-08-14,108.551,109.003,108.479,108.61,1387.0
2019-08-15,108.501,108.898,108.42,108.566,559.0
2019-08-16,108.566,108.6,108.374,108.43,579.0
2019-08-19,108.231,108.446,108.23,108.289,565.0
2019-08-20,108.218,108.35,108.179,108.199,346.0
2019-08-21,108.009,108.399,108.001,108.141,637.0
2019-08-22,108.04,108.141,108.01,108.101,698.0
2019-08-23,107.801,108.06,107.801,107.986,896.0
2019-08-26,108.05,108.223,108.05,108.22,1261.0
2019-08-27,108.2,108.2,107.82,108.085,945.0
2019-08-28,108.089,108.159,108.085,108.132,1023.0
2019-08-29,108.131,108.267,108.01,108.232,1476.0
2019-08-30,108.04,108.232,108.04,108.159,1285.0
2019-09-02,108.101,108.195,108.0,108.05,553.0
2019-09-03,108.061,108.24,108.02,108.051,525.0
2019-09-04,108.05,108.09,108.05,108.061,756.0
2019-09-05,108.13,108.151,108.019,108.141,970.0
2019-09-06,108.133,108.41,107.9,108.39,667.0
2019-09-09,108.103,108.35,108.1,108.221,496.0
2019-09-10,108.22,108.22,108.11,108.121,254.0
2019-09-11,108.003,108.166,108.003,108.13,557.0
2019-09-12,108.101,108.11,107.999,107.999,445.0
2019-09-16,107.999,107.999,107.8,107.852,944.0
2019-09-17,107.857,108.02,107.857,107.919,437.0
2019-09-18,107.83,107.979,107.83,107.841,375.0
2019-09-19,107.839,107.901,107.788,107.799,413.0
2019-09-20,107.781,107.813,107.781,107.813,235.0
2019-09-23,107.83,107.891,107.638,107.825,539.0
2019-09-24,107.803,107.856,107.76,107.799,418.0
2019-09-25,107.799,107.801,107.768,107.79,263.0
2019-09-26,107.735,107.742,107.51,107.53,218.0
2019-09-27,107.51,107.63,107.424,107.424,132.0
2019-09-30,107.422,107.583,107.254,107.43,411.0
2019-10-08,107.4,107.539,107.4,107.539,491.0
2019-10-09,107.602,107.72,107.602,107.701,548.0
2019-10-10,107.719,107.768,107.65,107.72,498.0
2019-10-11,107.53,107.661,107.519,107.598,180.0
2019-10-14,107.598,107.601,107.406,107.535,419.0
2019-10-15,107.625,107.625,107.453,107.524,206.0
2019-10-16,107.49,107.52,107.482,107.491,117.0
2019-10-17,107.49,107.511,107.471,107.51,161.0
2019-10-18,107.66,107.66,107.4,107.419,370.0
2019-10-21,107.419,107.419,107.249,107.25,227.0
2019-10-22,107.171,107.171,107.119,107.12,349.0
2019-10-23,107.163,107.163,107.14,107.141,180.0
2019-10-24,107.64,107.64,107.176,107.176,202.0
2019-10-25,107.175,107.175,107.111,107.122,413.0
2019-10-28,107.122,107.122,106.92,106.921,461.0
2019-10-29,106.723,106.916,106.6,106.649,444.0
2019-10-30,106.7,106.7,106.499,106.5,121.0
2019-10-31,106.7,106.7,106.511,106.651,408.0
2019-11-01,106.7,106.845,106.7,106.741,509.0
2019-11-04,106.551,106.741,106.551,106.674,560.0
2019-11-05,106.603,106.8,106.603,106.8,652.0
2019-11-06,106.76,106.949,106.76,106.901,344.0
2019-11-07,106.9,106.98,106.86,106.88,383.0
2019-11-08,106.86,106.86,106.71,106.715,800.0
2019-11-11,106.801,106.995,106.717,106.881,1320.0
2019-11-12,106.923,106.996,106.923,106.948,649.0
2019-11-13,107.049,107.097,107.049,107.096,754.0
2019-11-14,107.144,107.249,107.096,107.212,966.0
2019-11-15,107.215,107.299,107.17,107.241,496.0
2019-11-18,107.268,107.458,107.079,107.442,963.0
2019-11-19,107.376,107.639,107.376,107.541,1003.0
2019-11-20,107.55,107.639,107.55,107.606,1168.0
2019-11-21,107.556,107.648,107.51,107.6,879.0
2019-11-22,107.55,107.598,107.503,107.565,516.0
2019-11-25,107.516,107.563,107.403,107.447,294.0
2019-11-26,107.412,107.548,107.412,107.491,1302.0
2019-11-27,107.581,107.68,107.521,107.569,403.0
2019-11-28,107.569,107.66,107.569,107.601,248.0
2019-11-29,107.552,107.68,107.552,107.6,594.0
2019-12-02,107.55,107.75,107.528,107.691,25429.0
2019-12-03,107.641,107.707,107.542,107.672,10529.0
2019-12-04,107.673,107.9,107.673,107.823,727.0
2019-12-05,107.823,107.9,107.823,107.876,167.0
2019-12-06,107.841,107.87,107.629,107.845,184.0
2019-12-09,107.83,107.939,107.83,107.839,49.0
2019-12-10,107.709,107.839,107.709,107.72,122.0
2019-12-11,107.726,107.79,107.719,107.748,248.0
2019-12-12,107.726,107.795,107.726,107.795,177.0
2019-12-13,107.781,107.782,107.686,107.723,460.0
2019-12-16,107.689,107.799,107.689,107.695,343.0
2019-12-17,107.7,107.7,107.5,107.5,289.0
2019-12-18,107.452,107.74,107.452,107.5,403.0
2019-12-19,107.452,107.764,107.402,107.53,7352.0
2019-12-20,107.763,108.004,107.506,107.705,7993.0
2019-12-23,107.755,108.132,107.755,108.13,1614.0
2019-12-24,108.178,108.319,108.178,108.21,3892.0
2019-12-25,108.26,108.399,108.226,108.31,3198.0
2019-12-26,108.309,108.455,108.309,108.449,2867.0
2019-12-27,108.39,108.461,108.351,108.451,3113.0
2019-12-30,108.39,108.49,108.3,108.444,239.0
2019-12-31,108.39,108.489,108.39,108.47,297.0
2020-01-02,108.352,108.453,108.35,108.351,616.0
2020-01-03,108.301,108.48,108.27,108.359,148.0
2020-01-06,108.408,108.547,108.286,108.5,261.0
2020-01-07,108.549,108.549,108.368,108.434,111.0
2020-01-08,108.434,108.54,108.352,108.438,331.0
2020-01-09,108.438,108.625,108.388,108.459,5661.0
2020-01-10,108.509,108.876,108.457,108.874,23625.0
2020-01-13,108.864,108.888,108.802,108.831,275.0
2020-01-14,108.831,108.85,108.737,108.741,361.0
2020-01-15,108.741,108.87,108.741,108.777,172.0
2020-01-16,108.731,108.81,108.731,108.75,155.0
2020-01-17,108.75,108.844,108.75,108.835,371.0
2020-01-20,108.835,108.947,108.788,108.947,223.0
2020-01-21,108.947,109.4,108.941,109.2,1238.0
2020-01-22,109.25,109.74,109.04,109.33,364.0
2020-01-23,109.38,109.76,109.38,109.663,530.0
2020-02-03,110.003,111.501,110.0,110.935,496.0
2020-02-04,110.73,110.994,110.72,110.845,204.0
2020-02-05,110.84,110.879,110.689,110.873,138.0
2020-02-06,110.688,110.977,110.688,110.875,176.0
2020-02-07,110.87,111.115,110.87,111.03,258.0
2020-02-10,111.03,111.245,111.03,111.222,518.0
2020-02-11,111.25,113.579,111.173,111.304,1250.0
2020-02-12,111.254,111.385,111.248,111.301,478.0
2020-02-13,111.25,111.25,111.107,111.189,329.0
2020-02-14,111.14,111.183,111.102,111.177,201.0
2020-02-17,111.122,111.122,110.811,110.996,308.0
2020-02-18,111.0,111.002,110.6,110.78,476.0
2020-02-19,110.82,110.829,110.75,110.754,431.0
2020-02-20,110.75,110.787,110.542,110.6,297.0
2020-02-21,110.609,110.888,110.609,110.811,479.0
2020-02-24,110.821,111.15,110.821,111.042,376.0
2020-02-25,111.09,111.245,111.05,111.05,375.0
2020-02-26,111.1,111.238,111.061,111.141,325.0
2020-02-27,111.141,111.39,111.141,111.349,393.0
2020-02-28,111.39,112.499,111.35,111.7,1005.0
2020-03-02,111.75,111.899,111.7,111.71,575.0
2020-03-03,111.709,111.71,111.421,111.701,510.0
2020-03-04,111.716,111.923,111.716,111.901,822.0
2020-03-05,111.914,112.198,111.914,112.12,600.0
2020-03-06,112.1,112.56,112.1,112.545,451.0
2020-03-09,112.601,114.51,112.601,113.948,3870.0
2020-03-10,113.899,113.9,112.953,113.074,2559.0
2020-03-11,113.1,113.1,112.8,113.086,1513.0
2020-03-12,113.136,113.6,112.91,113.282,3295.0
2020-03-13,113.29,113.6,112.105,112.378,2345.0
2020-03-16,112.428,112.79,112.191,112.389,1491.0
2020-03-17,112.339,112.389,111.3,111.973,986.0
2020-03-18,111.81,112.099,111.68,112.035,1117.0
2020-03-19,111.985,112.077,111.718,111.73,883.0
2020-03-20,111.726,111.77,111.581,111.7,1665.0
2020-03-23,112.01,112.4,112.01,112.29,1631.0
2020-03-24,112.282,112.76,112.05,112.476,1636.0
2020-03-25,112.47,112.57,112.222,112.485,1333.0
2020-03-26,112.485,112.7,112.46,112.651,2982.0
2020-03-27,112.6,113.0,112.515,112.677,3291.0
2020-03-30,112.65,112.84,112.631,112.705,3126.0
2020-03-31,112.605,112.815,112.6,112.815,2899.0
2020-04-01,112.828,112.999,112.828,112.97,2908.0
2020-04-02,112.81,113.13,112.81,112.933,2882.0
2020-04-03,112.916,113.047,112.91,112.934,2438.0
2020-04-07,112.984,113.462,112.961,113.394,2675.0
2020-04-08,113.444,113.669,113.403,113.61,2923.0
2020-04-09,113.682,113.692,113.4,113.493,3322.0
2020-04-10,113.49,113.655,113.3,113.381,3203.0
2020-04-13,113.38,113.488,113.217,113.467,3447.0
2020-04-14,113.5,113.582,113.391,113.429,2862.0
2020-04-15,113.5,113.584,113.5,113.572,2264.0
2020-04-16,113.622,113.97,113.57,113.877,2421.0
2020-04-17,113.877,114.135,113.708,113.778,2526.0
2020-04-20,113.781,114.02,113.385,113.431,3919.0
2020-04-21,113.46,113.478,113.345,113.43,1662.0
2020-04-22,113.478,113.762,113.435,113.714,3557.0
2020-04-23,113.66,114.356,113.6,114.26,3575.0
2020-04-24,114.313,114.79,114.232,114.532,3937.0
2020-04-27,114.4,114.705,114.2,114.504,4460.0
2020-04-28,114.4,114.7,114.322,114.634,4798.0
2020-04-29,114.6,114.9,114.568,114.749,3394.0
2020-04-30,114.602,114.7,114.405,114.501,4498.0
2020-05-06,114.551,114.551,114.23,114.289,4056.0
2020-05-07,114.289,114.289,113.7,113.755,4300.0
2020-05-08,113.989,113.989,113.2,113.472,7292.0
2020-05-11,113.581,113.581,112.913,112.922,7424.0
2020-05-12,112.921,113.249,112.921,113.235,6558.0
2020-05-13,113.021,113.35,112.954,112.979,7505.0
2020-05-14,112.985,113.048,112.555,112.928,8492.0
2020-05-15,112.935,113.142,112.768,113.132,9347.0
2020-05-18,112.942,113.097,112.616,112.637,6826.0
2020-05-19,112.52,112.822,112.349,112.784,6701.0
2020-05-20,112.699,112.992,112.695,112.989,6911.0
2020-05-21,112.766,113.104,112.766,113.039,6041.0
2020-05-22,113.155,113.566,113.085,113.564,8607.0
2020-05-25,113.514,113.514,113.12,113.203,8066.0
2020-05-26,113.251,113.331,112.648,112.786,6599.0
2020-05-27,112.8,112.93,112.63,112.784,7698.0
2020-05-28,112.765,113.166,112.762,113.109,8620.0
2020-05-29,113.03,113.16,112.688,112.733,7540.0
2020-06-01,112.783,112.783,112.36,112.401,7071.0
2020-06-02,112.498,112.498,111.922,112.063,8588.0
2020-06-03,112.013,112.013,111.596,111.872,6630.0
2020-06-04,111.9,111.922,111.494,111.499,7576.0
2020-06-05,111.55,111.64,111.329,111.403,7019.0
2020-06-08,111.402,111.782,111.332,111.781,7628.0
2020-06-09,111.83,111.952,111.752,111.761,7346.0
2020-06-10,111.791,111.964,111.637,111.731,7057.0
2020-06-11,111.805,112.249,111.805,112.223,9808.0
2020-06-12,112.39,112.75,112.255,112.318,7115.0
2020-06-15,112.46,112.647,112.28,112.619,6957.0
2020-06-16,112.2,112.2,111.76,111.787,8620.0
2020-06-17,111.837,111.837,111.456,111.694,6397.0
2020-06-18,111.98,111.98,111.418,111.513,11495.0
2020-06-19,111.543,111.608,111.43,111.54,10812.0
2020-06-22,111.54,111.621,111.43,111.56,8663.0
2020-06-23,111.491,111.57,110.9,111.01,6521.0
2020-06-24,111.2,111.558,111.143,111.52,7831.0
2020-06-29,111.499,111.595,111.405,111.566,5882.0
2020-06-30,111.5,111.533,111.35,111.463,6541.0
2020-07-01,111.5,111.6,111.47,111.566,4917.0
2020-07-02,111.5,111.962,111.405,111.716,8040.0
2020-07-03,111.501,111.681,111.374,111.6,6205.0
2020-07-06,111.435,111.435,110.481,110.585,5995.0
2020-07-07,110.43,110.43,110.041,110.116,5566.0
2020-07-08,110.2,110.2,109.747,109.756,5178.0
2020-07-09,109.755,109.756,109.161,109.567,10859.0
2020-07-10,109.78,110.011,109.65,109.839,10943.0
2020-07-13,109.8,109.812,109.504,109.651,8603.0
2020-07-14,109.815,110.138,109.815,110.088,9012.0
2020-07-15,110.081,110.499,109.8,110.483,8464.0
2020-07-16,110.309,110.782,110.309,110.744,10255.0
2020-07-17,110.748,110.77,110.362,110.445,8189.0
2020-07-20,110.395,110.401,110.118,110.334,6754.0
2020-07-21,110.844,110.844,110.27,110.393,8108.0
2020-07-22,110.412,111.11,110.29,111.077,8002.0
2020-07-23,111.0,111.29,110.95,111.208,9668.0
2020-07-24,111.21,111.424,111.152,111.393,9134.0
2020-07-27,111.25,111.474,111.204,111.445,6444.0
2020-07-28,111.435,111.435,111.1,111.151,6828.0
2020-07-29,111.35,111.35,110.89,110.983,6622.0
2020-07-30,110.9,110.91,110.71,110.763,5668.0
2020-07-31,110.77,110.77,110.336,110.361,7204.0
2020-08-03,110.368,110.451,110.133,110.442,7118.0
2020-08-04,110.44,110.552,110.36,110.463,5918.0
2020-08-05,110.45,110.674,110.45,110.606,5740.0
2020-08-06,110.405,110.674,110.405,110.646,6498.0
2020-08-07,110.64,110.69,110.45,110.51,6549.0
2020-08-10,110.52,110.62,110.45,110.616,6274.0
2020-08-11,110.616,110.639,110.467,110.488,6740.0
2020-08-12,110.515,110.789,110.215,110.314,6722.0
2020-08-13,110.313,110.597,110.312,110.597,6902.0
2020-08-14,110.597,110.768,110.572,110.636,4881.0
2020-08-17,110.637,110.76,110.636,110.726,4165.0
2020-08-18,110.724,110.792,110.716,110.758,3363.0
2020-08-19,110.74,110.758,110.56,110.579,4913.0
2020-08-20,110.55,110.615,110.31,110.322,7295.0
2020-08-21,110.372,110.4,110.308,110.359,4795.0
2020-08-24,110.369,110.437,110.142,110.341,5942.0
2020-08-25,110.34,110.341,109.96,110.033,7628.0
2020-08-26,110.043,110.116,109.848,109.889,5836.0
2020-08-27,109.889,110.014,109.88,109.956,7104.0
2020-08-28,110.006,110.006,109.618,109.645,6955.0
2020-08-31,109.631,109.812,109.518,109.724,7638.0
2020-09-01,109.8,110.191,109.7,110.117,6959.0
2020-09-02,110.107,110.107,109.848,109.962,5936.0
2020-09-03,109.962,110.273,109.723,110.266,8397.0
2020-09-04,110.216,110.408,110.16,110.291,11500.0
2020-09-07,110.339,110.36,109.971,110.048,11450.0
2020-09-08,110.139,110.45,109.99,110.397,11032.0
2020-09-09,110.172,110.687,110.172,110.683,12264.0
2020-09-10,110.65,110.78,110.458,110.746,11195.0
2020-09-11,110.769,110.769,110.177,110.183,11196.0
2020-09-14,109.922,110.031,109.76,109.797,7131.0
2020-09-15,109.78,110.217,109.733,110.212,10725.0
2020-09-16,110.0,110.35,110.0,110.25,7603.0
2020-09-17,110.102,110.378,110.102,110.195,13716.0
2020-09-18,110.11,110.471,110.11,110.216,10892.0
2020-09-21,110.166,110.729,110.166,110.718,9576.0
2020-09-22,110.6,112.933,110.6,110.898,12916.0
2020-09-23,110.8,110.898,110.558,110.653,13437.0
2020-09-24,110.68,110.807,110.527,110.605,11139.0
2020-09-25,110.61,110.611,110.421,110.453,12511.0
2020-09-28,110.453,110.6,110.248,110.594,11252.0
2020-09-29,110.566,110.594,110.34,110.403,11346.0
2020-09-30,110.403,110.55,110.137,110.188,9897.0
2020-10-09,110.03,110.085,109.941,110.04,11424.0
2020-10-12,110.06,110.06,109.684,109.74,7217.0
2020-10-13,109.739,109.88,109.7,109.787,9099.0
2020-10-14,109.79,109.847,109.629,109.687,7556.0
2020-10-15,109.693,109.766,109.537,109.603,5478.0
2020-10-16,109.603,109.849,109.603,109.824,6712.0
2020-10-19,109.799,110.081,109.631,110.062,7350.0
2020-10-20,110.009,110.123,109.81,109.858,6200.0
2020-10-21,109.859,109.982,109.755,109.887,8817.0
2020-10-22,109.978,110.242,109.958,110.016,6015.0
2020-10-23,109.982,110.028,109.907,109.956,4302.0
2020-10-26,109.956,109.999,109.808,109.813,5054.0
2020-10-27,109.813,110.104,109.8,110.076,6387.0
2020-10-28,110.091,110.249,109.917,110.059,5593.0
2020-10-29,110.06,110.376,110.06,110.121,6750.0
2020-10-30,110.122,110.315,110.077,110.104,4771.0
2020-11-02,110.105,111.008,110.071,110.332,6970.0
2020-11-03,110.35,110.39,110.212,110.286,6924.0
2020-11-04,110.279,110.4,110.194,110.284,7494.0
2020-11-05,110.283,110.477,110.201,110.27,7256.0
2020-11-06,110.271,110.517,110.196,110.259,5411.0
2020-11-09,110.259,110.316,109.988,110.05,8988.0
2020-11-10,110.0,110.125,109.95,110.014,6606.0
2020-11-11,110.015,110.147,109.904,109.97,7074.0
2020-11-12,109.97,110.124,109.9,110.018,7845.0
2020-11-13,110.012,110.061,109.601,109.692,6528.0
2020-11-16,109.692,109.939,109.59,109.8,4144.0
2020-11-17,109.8,109.88,109.748,109.829,4620.0
2020-11-18,109.852,109.887,109.56,109.622,6213.0
2020-11-19,109.6,109.6,109.398,109.508,4981.0
2020-11-20,109.448,109.503,109.32,109.448,6500.0
2020-11-23,109.501,109.63,109.501,109.583,5723.0
2020-11-24,109.562,109.61,109.513,109.541,7460.0
2020-11-25,109.529,109.631,109.46,109.575,5640.0
2020-11-26,109.578,109.661,109.56,109.564,7690.0
2020-11-27,109.555,109.757,109.478,109.53,5121.0
2020-11-30,109.533,109.69,109.532,109.682,5259.0
2020-12-01,109.683,109.691,109.55,109.61,4329.0
2020-12-02,109.61,109.61,109.524,109.551,4802.0
2020-12-03,109.551,109.637,109.501,109.528,5273.0
2020-12-04,109.529,110.1,109.529,109.9,7480.0
2020-12-07,109.85,109.98,109.708,109.751,6484.0
2020-12-08,109.78,110.089,109.78,110.089,9026.0
2020-12-09,110.089,110.158,109.892,109.985,4346.0
2020-12-10,109.985,110.0,109.882,109.956,6346.0
2020-12-11,109.956,109.956,109.73,109.785,7425.0
2020-12-14,109.809,109.843,109.601,109.63,5724.0
2020-12-15,109.662,109.738,109.628,109.66,6479.0
2020-12-16,109.679,109.695,109.63,109.665,5861.0
2020-12-17,109.666,109.8,109.555,109.574,5017.0
2020-12-18,109.58,109.644,109.542,109.575,3063.0
2020-12-21,109.576,109.62,109.55,109.559,3867.0
2020-12-22,109.599,109.85,109.54,109.766,5235.0
2020-12-23,109.803,109.998,109.792,109.832,4985.0
2020-12-24,109.832,109.988,109.805,109.841,4449.0
2020-12-25,109.842,109.987,109.84,109.976,7030.0
2020-12-28,109.989,110.147,109.988,110.0,6532.0
2020-12-29,110.044,110.25,110.044,110.189,5846.0
2020-12-30,110.19,110.33,110.068,110.249,4948.0
2020-12-31,110.255,110.38,110.1,110.105,5080.0
2021-01-04,110.105,110.238,109.938,110.038,9359.0
2021-01-05,110.038,110.268,110.038,110.21,4222.0
2021-01-06,110.211,110.475,110.191,110.44,5771.0
2021-01-07,110.441,110.48,110.361,110.426,4336.0
2021-01-08,110.518,110.73,110.35,110.446,6069.0
2021-01-11,110.351,110.446,110.3,110.411,6622.0
2021-01-12,110.415,110.499,110.348,110.47,4707.0
2021-01-13,110.47,110.815,110.47,110.718,4513.0
2021-01-14,110.72,110.958,110.72,110.869,4624.0
2021-01-15,110.875,111.099,110.86,111.032,7743.0
2021-01-18,111.055,111.055,110.743,110.777,7527.0
2021-01-19,110.6,110.776,110.6,110.671,7325.0
2021-01-20,110.685,110.899,110.685,110.886,5627.0
2021-01-21,110.886,111.019,110.811,110.892,7263.0
2021-01-22,110.9,111.186,110.899,111.118,4258.0
2021-01-25,111.119,111.219,111.02,111.068,5755.0
2021-01-26,111.0,111.18,110.591,110.62,4675.0
2021-01-27,110.653,110.838,110.48,110.533,4343.0
2021-01-28,110.555,110.682,110.375,110.496,3610.0
2021-01-29,110.45,110.507,110.242,110.282,3888.0
2021-02-01,110.38,110.649,110.322,110.615,6177.0
2021-02-02,110.649,110.835,110.5,110.76,9561.0
2021-02-03,110.772,110.819,110.631,110.672,8207.0
2021-02-04,110.673,110.798,110.555,110.663,8873.0
2021-02-05,110.651,110.735,110.23,110.349,7025.0
2021-02-08,110.415,110.532,110.009,110.126,6922.0
2021-02-09,110.159,110.296,110.087,110.208,8095.0
2021-02-10,110.248,110.549,110.162,110.47,5145.0
2021-02-18,110.4,110.482,110.281,110.373,5513.0
2021-02-19,110.34,110.672,110.34,110.464,6836.0
2021-02-22,110.43,110.443,110.065,110.36,8765.0
2021-02-23,110.267,110.588,110.26,110.53,7080.0
2021-02-24,110.572,110.71,110.497,110.57,6223.0
2021-02-25,110.57,110.589,110.354,110.546,7988.0
2021-02-26,110.6,110.64,110.281,110.445,8556.0
2021-03-01,110.427,110.445,110.222,110.28,9026.0
2021-03-02,110.235,110.675,110.129,110.615,9651.0
2021-03-03,110.6,110.662,110.426,110.475,5303.0
2021-03-04,110.491,110.598,110.4,110.466,7366.0
2021-03-05,110.46,110.67,110.411,110.599,8102.0
2021-03-08,110.551,110.739,110.51,110.728,6833.0
2021-03-09,110.714,110.955,110.608,110.761,7945.0
2021-03-10,110.731,110.95,110.634,110.862,5217.0
2021-03-11,110.815,110.857,110.581,110.731,9423.0
2021-03-12,110.761,110.799,110.671,110.697,7190.0
2021-03-15,110.697,110.697,110.57,110.621,6637.0
2021-03-16,110.621,110.67,110.532,110.554,8945.0
2021-03-17,110.556,110.648,110.494,110.507,9467.0
2021-03-18,110.507,110.507,110.27,110.33,15867.0
2021-03-19,110.33,110.49,110.28,110.452,9450.0
2021-03-22,110.46,110.608,110.46,110.544,9147.0
2021-03-23,110.541,110.6,110.484,110.574,10295.0
2021-03-24,110.6,110.769,110.6,110.702,9488.0
2021-03-25,110.702,110.798,110.6,110.747,13988.0
2021-03-26,110.757,110.793,110.658,110.662,18191.0
2021-03-29,110.662,110.736,110.546,110.642,9520.0
2021-03-30,110.628,110.844,110.628,110.729,15598.0
2021-03-31,110.73,110.992,110.685,110.934,10440.0
2021-04-01,111.0,111.0,110.774,110.815,8097.0
2021-04-02,110.875,110.982,110.765,110.821,7956.0
2021-04-06,110.741,110.865,110.72,110.793,11091.0
2021-04-07,110.765,110.889,110.765,110.828,9088.0
2021-04-08,110.83,110.875,110.692,110.724,7130.0
2021-04-09,110.724,110.81,110.711,110.798,10432.0
2021-04-12,110.8,111.03,110.76,111.021,7512.0
2021-04-13,111.01,111.3,111.01,111.3,9963.0
2021-04-14,111.3,111.444,111.218,111.37,8011.0
2021-04-15,111.399,111.493,111.21,111.215,9929.0
2021-04-16,111.215,111.805,111.115,111.573,12031.0
2021-04-19,111.619,111.749,111.465,111.515,10490.0
2021-04-20,111.516,111.699,111.486,111.599,9494.0
2021-04-21,111.616,111.616,111.512,111.605,9203.0
2021-04-22,111.616,111.653,111.46,111.538,8270.0
2021-04-23,111.533,112.0,111.51,111.825,15984.0
2021-04-26,111.81,111.958,111.51,111.698,12399.0
2021-04-27,111.648,112.0,111.52,111.597,14472.0
2021-04-28,111.58,111.729,111.26,111.304,12108.0
2021-04-29,111.253,111.643,111.253,111.449,5890.0
2021-04-30,111.449,111.749,111.363,111.66,6211.0
2021-05-06,111.673,111.825,111.619,111.638,8280.0
2021-05-07,111.639,111.802,111.533,111.616,8630.0
2021-05-10,111.575,111.698,111.57,111.618,9700.0
2021-05-11,111.668,111.9,111.57,111.842,15707.0
2021-05-12,111.84,112.0,111.801,111.822,11945.0
2021-05-13,111.82,111.82,111.632,111.746,12190.0
2021-05-14,111.72,111.896,111.696,111.801,9971.0
2021-05-17,111.751,111.962,111.627,111.772,10668.0
2021-05-18,111.772,111.848,111.653,111.722,8749.0
2021-05-19,111.722,111.999,111.722,111.968,8416.0
2021-05-20,112.018,112.2,111.982,112.181,29087.0
2021-05-21,112.231,112.598,112.18,112.5,10761.0
2021-05-24,112.51,112.7,112.51,112.6,8408.0
2021-05-25,112.6,112.62,112.434,112.541,8675.0
2021-05-26,112.53,112.775,112.412,112.715,10650.0
2021-05-27,112.697,112.759,112.455,112.471,9906.0
2021-05-28,112.48,112.529,112.352,112.479,8854.0
2021-05-31,112.471,112.499,112.1,112.392,13546.0
2021-06-01,112.402,112.598,112.402,112.5,9118.0
2021-06-02,112.513,112.7,112.51,112.658,9177.0
2021-06-03,112.608,112.777,112.5,112.745,8006.0
2021-06-04,112.742,112.742,112.43,112.552,19247.0
2021-06-07,112.5,112.58,112.36,112.374,9540.0
2021-06-08,112.395,112.478,112.355,112.366,6376.0
2021-06-09,112.5,112.5,112.26,112.378,9998.0
2021-06-10,112.378,112.558,112.372,112.382,12542.0
2021-06-11,112.41,112.423,112.245,112.275,11537.0
2021-06-15,112.3,112.3,111.96,112.087,11305.0
2021-06-16,112.051,112.296,111.965,112.217,9018.0
2021-06-17,112.171,112.25,112.031,112.058,9739.0
2021-06-18,112.011,112.325,112.01,112.232,9463.0
2021-06-21,112.249,112.4,112.234,112.358,8615.0
2021-06-22,112.398,112.443,112.225,112.299,8993.0
2021-06-23,112.301,112.38,112.231,112.273,7809.0
2021-06-24,112.228,112.527,112.228,112.328,8621.0
2021-06-25,112.374,112.549,112.3,112.443,13011.0
2021-06-28,112.407,112.57,112.363,112.402,8490.0
2021-06-29,112.374,112.599,112.278,112.547,11523.0
2021-06-30,112.597,112.777,112.505,112.72,9953.0
2021-07-01,112.705,112.945,112.674,112.811,14983.0
2021-07-02,112.83,112.97,112.773,112.866,10938.0
2021-07-05,112.825,113.06,112.747,112.861,9695.0
2021-07-06,112.82,112.988,112.754,112.9,12984.0
2021-07-07,112.9,113.1,112.9,113.03,11462.0
2021-07-08,113.08,113.444,113.08,113.4,10838.0
2021-07-09,113.449,113.739,113.449,113.606,16388.0
2021-07-12,113.6,113.717,113.56,113.64,5742.0
2021-07-13,113.69,114.16,113.628,114.132,12477.0
2021-07-14,114.092,114.44,114.0,114.33,10900.0
2021-07-15,114.38,114.38,113.875,113.886,16441.0
2021-07-16,113.85,114.06,113.775,113.94,12010.0
2021-07-19,113.94,113.99,113.822,113.895,10508.0
2021-07-20,113.89,114.2,113.85,114.101,9575.0
2021-07-21,114.151,114.2,114.051,114.18,8828.0
2021-07-22,114.18,114.285,114.081,114.15,11453.0
2021-07-23,114.1,114.266,114.1,114.203,10024.0
2021-07-26,114.203,114.452,114.17,114.361,12636.0
2021-07-27,114.312,114.519,114.265,114.417,11506.0
2021-07-28,114.368,114.59,114.15,114.461,10729.0
2021-07-29,114.411,114.411,114.295,114.364,12822.0
2021-07-30,114.364,114.63,114.364,114.564,9344.0
2021-08-02,114.631,115.265,114.631,114.851,12001.0
2021-08-03,114.801,115.2,114.801,115.115,8629.0
2021-08-04,115.065,115.24,114.903,114.942,8770.0
2021-08-05,114.938,115.1,114.938,114.997,12519.0
2021-08-06,114.972,115.047,114.951,115.013,7524.0
2021-08-09,115.013,115.013,114.616,114.664,10740.0
2021-08-10,114.615,114.615,114.45,114.55,9269.0
2021-08-11,114.5,114.5,114.15,114.217,10082.0
2021-08-12,114.17,114.441,114.17,114.389,13562.0
2021-08-13,114.288,114.499,114.288,114.485,8153.0
2021-08-16,114.497,114.551,114.435,114.479,9789.0
2021-08-17,114.479,114.566,114.43,114.53,9060.0
2021-08-18,114.54,114.832,114.437,114.784,9322.0
2021-08-19,114.79,114.87,114.779,114.833,8696.0
2021-08-20,114.834,114.878,114.783,114.805,9355.0
2021-08-23,114.755,114.848,114.691,114.756,6660.0
2021-08-24,114.707,114.95,114.702,114.882,6567.0
2021-08-25,114.85,115.16,114.809,114.895,7846.0
2021-08-26,114.89,114.89,114.4,114.504,8956.0
2021-08-27,114.643,114.692,114.469,114.606,9114.0
2021-08-30,114.557,114.655,114.556,114.63,6530.0
2021-08-31,114.64,114.739,114.585,114.718,8302.0
2021-09-01,114.672,115.049,114.672,115.004,10266.0
2021-09-02,115.008,115.008,114.852,114.95,8180.0
2021-09-03,114.95,115.04,114.87,115.0,7797.0
2021-09-06,115.0,115.108,114.852,114.962,8292.0
2021-09-07,114.921,114.989,114.9,114.9,8360.0
2021-09-08,114.9,114.9,114.756,114.79,8435.0
2021-09-09,114.749,114.832,114.707,114.747,5555.0
2021-09-10,114.697,114.8,114.696,114.743,8966.0
2021-09-13,114.74,114.793,114.562,114.592,8659.0
2021-09-14,114.551,114.587,114.474,114.477,10922.0
2021-09-15,114.476,114.61,114.302,114.352,9011.0
2021-09-16,114.362,114.505,114.22,114.486,9649.0
2021-09-17,114.415,114.75,114.415,114.639,7807.0
2021-09-22,114.631,114.745,114.589,114.736,5097.0
2021-09-23,114.736,114.796,114.703,114.738,6644.0
2021-09-24,114.748,114.785,114.708,114.713,5459.0
2021-09-27,114.709,114.845,114.663,114.781,8577.0
2021-09-28,114.731,114.816,114.68,114.714,5242.0
2021-09-29,114.714,114.999,114.664,114.928,5160.0
2021-09-30,114.766,115.0,114.766,114.93,9199.0
2021-10-08,114.923,114.923,114.7,114.702,5666.0
2021-10-11,114.699,114.752,114.619,114.62,9929.0
2021-10-12,114.66,114.66,114.285,114.395,8228.0
2021-10-13,114.37,114.55,114.37,114.37,9089.0
2021-10-14,114.347,114.588,114.345,114.432,10264.0
2021-10-15,114.468,114.468,114.355,114.417,9213.0
2021-10-18,114.417,114.417,114.0,114.009,8845.0
2021-10-19,114.059,114.059,113.8,113.941,10519.0
2021-10-20,113.991,114.1,113.905,114.044,9997.0
2021-10-21,113.995,114.249,113.995,114.173,9151.0
2021-10-22,114.1,114.35,114.1,114.223,6735.0
2021-10-25,114.15,114.32,114.105,114.211,5709.0
2021-10-26,114.211,114.318,114.211,114.316,9559.0
2021-10-27,114.262,114.43,114.262,114.371,6835.0
2021-10-28,114.321,114.417,114.321,114.393,15757.0
2021-10-29,114.4,114.569,114.4,114.523,7554.0
2021-11-01,114.529,114.685,114.529,114.672,8380.0
2021-11-02,114.67,114.94,114.623,114.914,11776.0
2021-11-03,114.915,115.26,114.865,115.105,9621.0
2021-11-04,115.105,115.105,114.9,115.035,6574.0
2021-11-05,115.04,115.25,115.04,115.109,7631.0
2021-11-08,115.116,115.22,115.07,115.191,7263.0
2021-11-09,115.15,115.153,114.973,115.114,6454.0
2021-11-10,115.115,115.242,114.925,114.997,8220.0
2021-11-11,114.99,115.088,114.579,114.794,9502.0
2021-11-12,114.794,114.897,114.745,114.869,10223.0
2021-11-15,114.844,115.185,114.748,115.053,5439.0
2021-11-16,114.95,115.233,114.95,115.191,5897.0
2021-11-17,115.191,115.208,115.001,115.066,7134.0
2021-11-18,115.141,115.395,115.141,115.29,8379.0
2021-11-19,115.257,115.435,115.108,115.144,8113.0
2021-11-22,115.144,115.298,115.14,115.217,7288.0
2021-11-23,115.249,115.249,115.047,115.224,6940.0
2021-11-24,115.219,115.395,115.219,115.253,7358.0
2021-11-25,115.258,115.336,115.258,115.33,6974.0
2021-11-26,115.335,115.632,115.335,115.609,8368.0
2021-11-29,115.605,115.605,115.535,115.553,7130.0
2021-11-30,115.553,115.553,115.327,115.418,9168.0
2021-12-01,115.42,115.421,115.311,115.32,6948.0
2021-12-02,115.32,115.48,115.312,115.44,6940.0
2021-12-03,115.405,115.49,115.35,115.394,7925.0
2021-12-06,115.41,115.661,115.41,115.545,10148.0
2021-12-07,115.56,115.611,115.431,115.432,9160.0
2021-12-08,115.405,115.482,115.405,115.457,9236.0
2021-12-09,115.45,115.45,115.3,115.316,8630.0
2021-12-10,115.305,115.5,115.305,115.486,9267.0
2021-12-13,115.495,115.536,115.309,115.32,8539.0
2021-12-14,115.32,115.734,115.32,115.619,11046.0
2021-12-15,115.619,115.619,115.374,115.547,11372.0
2021-12-16,115.545,115.597,115.417,115.482,10394.0
2021-12-17,115.485,115.715,115.377,115.6,10762.0
2021-12-20,115.606,115.65,115.553,115.555,7571.0
2021-12-21,115.55,115.564,115.505,115.554,7723.0
2021-12-22,115.55,115.752,115.512,115.67,10140.0
2021-12-23,115.67,115.894,115.67,115.889,13900.0
2021-12-24,115.855,115.893,115.831,115.889,5938.0
2021-12-27,115.901,116.15,115.89,116.071,13240.0
2021-12-28,116.076,116.18,115.982,116.031,11924.0
2021-12-29,116.026,116.079,115.641,116.015,10563.0
2021-12-30,116.015,116.265,116.01,116.227,9656.0
2021-12-31,116.22,116.29,116.177,116.195,8297.0
2022-01-04,116.2,116.4,116.14,116.355,10059.0
2022-01-05,116.355,116.358,116.31,116.32,8062.0
2022-01-06,116.32,116.32,116.17,116.181,7169.0
2022-01-07,116.18,116.531,116.131,116.203,13123.0
2022-01-10,116.206,116.368,116.206,116.319,11243.0
2022-01-11,116.324,116.429,116.285,116.298,8544.0
2022-01-12,116.295,116.353,116.242,116.251,8678.0
2022-01-13,116.253,116.393,116.253,116.381,9000.0
2022-01-14,116.391,116.579,116.391,116.534,5859.0
2022-01-17,116.431,116.73,116.43,116.561,8048.0
2022-01-18,116.565,116.867,116.565,116.838,12570.0
2022-01-19,116.915,118.006,116.915,117.145,10894.0
2022-01-20,116.75,117.09,116.75,117.013,9760.0
2022-01-21,117.063,117.35,117.05,117.306,11722.0
2022-01-24,117.313,117.653,117.313,117.612,9028.0
2022-01-25,117.4,117.7,117.4,117.59,11723.0
2022-01-26,117.542,117.566,117.021,117.071,14806.0
2022-01-27,117.122,117.286,116.891,116.994,9955.0
2022-01-28,117.002,117.314,117.002,117.039,9387.0
2022-02-07,117.091,117.091,116.84,117.037,11400.0
2022-02-08,117.043,117.356,117.041,117.167,10521.0
2022-02-09,117.162,117.287,117.063,117.173,10391.0
2022-02-10,117.173,117.356,117.114,117.197,7501.0
2022-02-11,117.195,117.195,116.747,116.761,13241.0
2022-02-14,116.765,116.9,116.505,116.535,14994.0
2022-02-15,116.496,116.7,116.449,116.625,11418.0
2022-02-16,116.605,116.747,116.591,116.672,8841.0
2022-02-17,116.699,116.847,116.699,116.751,9513.0
2022-02-18,116.774,116.88,116.713,116.736,10414.0
2022-02-21,116.736,116.741,116.519,116.52,7832.0
2022-02-22,116.405,116.452,116.322,116.324,9011.0
2022-02-23,116.333,116.528,116.331,116.524,10566.0
2022-02-24,116.551,116.75,116.501,116.615,12828.0
2022-02-25,116.568,116.687,116.565,116.687,8409.0
2022-02-28,116.643,116.84,116.643,116.794,9306.0
2022-03-01,116.792,116.792,116.501,116.522,5489.0
2022-03-02,116.522,116.572,116.403,116.499,12363.0
2022-03-03,116.484,116.533,116.216,116.267,9914.0
2022-03-04,116.271,116.346,116.055,116.221,13510.0
2022-03-07,116.217,116.411,116.13,116.384,11776.0
2022-03-08,116.429,116.546,116.283,116.495,10343.0
2022-03-09,116.544,116.544,116.066,116.125,10841.0
2022-03-10,116.111,116.353,116.11,116.345,15642.0
2022-03-11,116.23,116.631,116.23,116.618,10752.0
2022-03-14,116.731,117.229,116.731,117.188,10761.0
2022-03-15,117.138,117.238,116.801,116.849,10196.0
2022-03-16,117.138,117.208,116.55,116.732,8953.0
2022-03-17,116.724,116.733,116.605,116.65,8742.0
2022-03-18,116.65,116.832,116.65,116.828,8590.0
2022-03-21,116.815,116.815,116.401,116.685,8932.0
2022-03-22,116.681,116.681,116.618,116.627,7683.0
2022-03-23,116.62,116.675,116.508,116.667,10052.0
2022-03-24,116.669,116.713,116.617,116.696,9319.0
2022-03-25,116.695,116.9,116.675,116.886,7263.0
2022-03-28,116.904,117.01,116.884,116.918,10273.0
2022-03-29,116.95,116.991,116.925,116.96,8195.0
2022-03-30,116.965,117.069,116.965,117.037,9555.0
2022-03-31,117.044,117.087,116.842,116.882,10191.0
2022-04-01,116.832,117.068,116.792,117.067,6859.0
2022-04-06,117.065,117.255,116.972,117.174,10301.0
2022-04-07,117.224,117.29,117.17,117.243,8958.0
2022-04-08,117.255,117.52,117.255,117.48,9059.0
2022-04-11,117.53,117.78,117.395,117.401,9506.0
2022-04-12,117.401,117.571,117.4,117.463,8470.0
2022-04-13,117.463,117.493,117.319,117.371,8176.0
2022-04-14,117.397,117.56,117.351,117.51,8624.0
2022-04-15,117.56,117.56,117.352,117.361,6348.0
2022-04-18,117.345,117.35,117.107,117.177,5056.0
2022-04-19,117.148,117.19,117.054,117.078,7848.0
2022-04-20,117.068,117.07,116.884,116.908,11550.0
2022-04-21,116.894,117.112,116.894,117.102,10369.0
2022-04-22,117.1,117.34,117.053,117.082,7419.0
2022-04-25,117.054,117.399,117.05,117.203,9214.0
2022-04-26,117.19,117.38,117.189,117.305,9291.0
2022-04-27,117.3,117.309,117.193,117.225,10685.0
2022-04-28,117.275,117.275,117.05,117.078,9663.0
2022-04-29,117.077,117.3,117.031,117.204,15231.0
2022-05-05,117.204,117.25,117.095,117.174,10301.0
2022-05-06,117.164,117.222,117.116,117.124,12548.0
2022-05-09,117.12,117.285,117.116,117.251,12032.0
2022-05-10,117.301,117.45,117.301,117.449,14398.0
2022-05-11,117.45,117.499,117.311,117.334,12632.0
2022-05-12,117.21,117.447,117.21,117.433,12285.0
2022-05-13,117.484,117.539,117.429,117.475,11619.0
2022-05-16,117.475,117.525,117.228,117.41,12062.0
2022-05-17,117.456,117.456,117.401,117.447,11491.0
2022-05-18,117.401,117.52,117.398,117.49,13632.0
2022-05-19,117.529,117.59,117.45,117.472,9695.0
2022-05-20,117.472,117.522,117.425,117.486,11828.0
2022-05-23,117.512,117.628,117.512,117.615,11973.0
2022-05-24,117.665,117.729,117.594,117.718,5986.0
2022-05-25,117.67,117.9,117.67,117.855,12003.0
2022-05-26,117.859,118.195,117.859,118.1,15839.0
2022-05-27,118.05,118.28,118.05,118.12,14485.0
2022-05-30,118.13,118.135,117.95,117.976,13741.0
2022-05-31,117.954,117.998,117.75,117.783,14159.0
2022-06-01,117.771,117.869,117.737,117.85,18435.0
2022-06-02,117.85,117.9,117.725,117.755,15170.0
2022-06-06,117.713,117.79,117.654,117.689,19746.0
2022-06-07,117.65,117.699,117.64,117.696,23409.0
2022-06-08,117.704,117.779,117.683,117.712,22664.0
2022-06-09,117.716,117.898,117.712,117.89,22765.0
2022-06-10,117.894,118.0,117.83,117.851,19335.0
2022-06-13,117.848,118.0,117.652,117.927,23322.0
2022-06-14,117.92,117.925,117.682,117.756,27772.0
2022-06-15,117.724,117.8,117.652,117.762,21867.0
2022-06-16,117.721,117.859,117.583,117.69,19002.0
2022-06-17,117.684,117.777,117.605,117.73,25246.0
2022-06-20,117.713,117.78,117.615,117.669,28869.0
2022-06-21,117.63,117.717,117.621,117.688,28077.0
2022-06-22,117.688,117.8,117.679,117.76,33997.0
2022-06-23,117.772,117.8,117.71,117.738,32392.0
2022-06-24,117.738,117.832,117.7,117.714,37150.0
2022-06-27,117.664,117.664,117.392,117.424,38460.0
2022-06-28,117.375,117.464,117.374,117.443,38201.0
2022-06-29,117.433,117.55,117.393,117.417,33073.0
2022-06-30,117.393,117.658,117.393,117.565,38706.0
2022-07-01,117.566,117.65,117.521,117.6,36116.0
2022-07-04,117.645,117.645,117.36,117.426,40171.0
2022-07-05,117.376,117.476,117.376,117.426,39950.0
2022-07-06,117.435,117.578,117.435,117.575,33303.0
2022-07-07,117.578,117.699,117.47,117.699,27716.0
2022-07-08,117.651,117.69,117.6,117.648,30260.0
2022-07-11,117.649,117.799,117.638,117.772,39438.0
2022-07-12,117.799,117.808,117.739,117.788,30670.0
2022-07-13,117.788,117.989,117.788,117.907,41658.0
2022-07-14,117.907,117.956,117.863,117.917,36511.0
2022-07-15,117.921,118.103,117.921,118.069,31318.0
2022-07-18,118.069,118.166,117.872,117.976,35291.0
2022-07-19,117.982,117.982,117.859,117.912,33120.0
2022-07-20,117.943,118.041,117.862,117.959,32567.0
2022-07-21,117.977,121.5,117.977,118.094,31155.0
2022-07-22,118.101,118.144,118.06,118.143,24311.0
2022-07-25,118.148,118.323,118.047,118.186,47397.0
2022-07-26,118.186,118.34,118.137,118.31,33581.0
2022-07-27,118.31,118.474,118.269,118.377,36188.0
2022-07-28,118.38,118.425,118.35,118.36,37991.0
2022-07-29,118.377,118.777,118.32,118.774,36939.0
2022-08-01,118.774,118.914,118.63,118.9,26339.0
2022-08-02,118.851,119.17,118.851,119.035,36102.0
2022-08-03,119.035,119.05,118.79,119.032,44626.0
2022-08-04,119.001,119.264,119.001,119.192,34348.0
2022-08-05,119.242,119.242,119.103,119.12,28174.0
2022-08-08,119.071,119.119,118.8,118.992,30910.0
2022-08-09,118.984,119.042,118.889,118.908,27600.0
2022-08-10,118.908,119.212,118.898,119.104,37443.0
2022-08-11,119.108,119.14,118.9,118.96,40386.0
2022-08-12,118.958,119.042,118.85,118.873,38200.0
2022-08-15,118.923,119.5,118.923,119.423,30333.0
2022-08-16,119.44,119.98,119.44,119.612,45149.0
2022-08-17,119.66,119.66,119.56,119.615,36386.0
2022-08-18,119.65,119.794,119.578,119.793,47539.0
2022-08-19,119.769,119.984,119.743,119.976,37593.0
2022-08-22,119.982,120.059,119.84,119.872,34042.0
2022-08-23,119.875,119.904,119.824,119.88,36144.0
2022-08-24,119.89,119.923,119.83,119.884,33298.0
2022-08-25,119.837,119.884,119.73,119.763,32246.0
2022-08-26,119.74,119.8,119.623,119.631,28287.0
2022-08-29,119.597,119.789,119.582,119.725,52256.0
2022-08-30,119.74,119.96,119.74,119.88,36401.0
2022-08-31,119.921,119.979,119.833,119.891,38283.0
2022-09-01,119.891,120.08,119.677,119.984,51518.0
2022-09-02,119.969,120.22,119.969,120.177,37030.0
2022-09-05,120.034,120.795,120.034,120.1,28007.0
2022-09-06,120.106,120.2,119.964,120.01,38988.0
2022-09-07,120.0,120.018,119.964,120.001,31055.0
2022-09-08,119.968,120.0,119.9,119.925,34584.0
2022-09-09,119.94,119.996,119.901,119.954,18797.0
2022-09-13,119.911,119.95,119.717,119.824,22755.0
2022-09-14,119.797,119.797,119.66,119.69,36375.0
2022-09-15,119.676,119.84,119.644,119.701,33444.0
2022-09-16,119.748,119.749,119.413,119.475,31737.0
2022-09-19,119.473,119.587,119.472,119.577,36573.0
2022-09-20,119.577,119.85,119.577,119.848,29543.0
2022-09-21,119.85,119.93,119.82,119.925,40415.0
2022-09-22,119.905,119.948,119.85,119.91,41470.0
2022-09-23,119.91,119.91,119.6,119.643,28036.0
2022-09-26,119.848,119.848,119.01,119.069,44619.0
2022-09-27,119.045,119.272,118.92,119.096,26190.0
2022-09-28,119.055,119.212,119.055,119.127,36290.0
2022-09-29,119.177,119.271,118.358,118.824,27989.0
2022-09-30,118.774,118.979,118.701,118.901,32107.0
2022-10-10,118.901,119.293,118.901,119.262,24574.0
2022-10-11,119.263,119.425,119.263,119.346,20896.0
2022-10-12,119.299,119.373,119.202,119.264,33026.0
2022-10-13,119.314,119.368,119.225,119.323,26178.0
2022-10-14,119.289,119.616,119.288,119.525,30274.0
2022-10-17,119.497,119.67,119.439,119.541,29584.0
2022-10-18,119.541,119.646,119.338,119.548,36748.0
2022-10-19,119.591,119.644,119.538,119.643,32821.0
2022-10-20,119.644,119.687,119.439,119.455,30378.0
2022-10-21,119.505,119.711,119.478,119.576,38311.0
2022-10-24,119.528,119.693,119.455,119.648,35326.0
2022-10-25,119.633,119.68,119.542,119.619,30632.0
2022-10-26,119.57,119.657,119.013,119.622,47894.0
2022-10-27,119.631,119.897,119.631,119.87,32459.0
2022-10-28,119.89,120.041,119.885,119.98,29467.0
2022-10-31,120.003,120.274,120.003,120.258,50466.0
2022-11-01,120.269,120.269,120.033,120.081,28758.0
2022-11-02,120.035,120.14,119.761,119.791,24628.0
2022-11-03,119.841,120.013,119.792,119.998,24557.0
2022-11-04,119.998,120.045,119.646,119.821,36706.0
2022-11-07,119.831,119.971,119.83,119.902,33360.0
2022-11-08,119.852,120.0,119.852,119.968,33070.0
2022-11-09,120.007,120.197,119.921,120.08,11697.0
2022-11-10,120.031,120.109,119.923,120.049,28550.0
2022-11-11,120.02,120.088,119.665,119.766,27221.0
2022-11-14,119.716,119.716,119.1,119.129,20739.0
2022-11-15,119.079,119.101,118.932,118.999,34623.0
2022-11-16,118.961,119.13,118.629,118.648,36345.0
2022-11-17,118.652,119.1,118.652,119.0,46584.0
2022-11-18,119.0,119.246,118.922,118.966,41118.0
2022-11-21,118.966,119.199,118.966,119.176,38756.0
2022-11-22,119.2,119.25,118.9,119.006,33699.0
2022-11-23,119.01,119.24,119.01,119.232,51087.0
2022-11-24,119.298,119.638,119.298,119.53,52848.0
2022-11-25,119.524,119.549,119.306,119.326,29116.0
2022-11-28,119.48,119.48,119.004,119.02,37023.0
2022-11-29,118.971,119.016,118.538,118.587,45453.0
2022-11-30,118.62,118.789,118.62,118.737,37647.0
2022-12-01,118.728,118.884,118.498,118.86,36485.0
2022-12-02,118.856,118.99,118.856,118.957,46230.0
2022-12-05,118.95,118.989,118.8,118.849,63499.0
2022-12-06,118.82,118.829,118.509,118.589,48838.0
2022-12-07,118.589,118.637,118.477,118.613,54268.0
2022-12-08,118.671,118.918,118.671,118.901,57312.0
2022-12-09,118.848,118.898,118.702,118.761,30804.0
2022-12-12,118.771,118.858,118.771,118.781,43430.0
2022-12-13,118.809,118.809,118.522,118.593,42347.0
2022-12-14,118.621,118.94,118.621,118.888,31793.0
2022-12-15,118.891,118.998,118.816,118.921,34509.0
2022-12-16,118.871,119.034,118.834,118.937,33275.0
2022-12-19,118.987,119.194,118.987,119.149,25157.0
2022-12-20,119.1,119.199,118.99,119.08,41408.0
2022-12-21,119.12,119.145,118.964,119.133,33971.0
2022-12-22,119.135,119.171,119.086,119.137,23911.0
2022-12-23,119.13,119.176,119.092,119.122,40208.0
2022-12-26,119.132,119.222,118.982,119.037,31335.0
2022-12-27,119.037,119.151,119.0,119.008,22866.0
2022-12-28,119.058,119.07,119.01,119.032,18821.0
2022-12-29,119.035,119.2,119.034,119.171,49390.0
2022-12-30,119.22,119.394,119.18,119.333,18568.0
2023-01-03,119.32,119.383,119.28,119.34,26486.0
2023-01-04,119.343,119.5,119.343,119.439,30266.0
2023-01-05,119.446,119.529,119.39,119.441,33427.0
2023-01-06,119.444,119.444,119.252,119.291,48962.0
2023-01-09,119.327,119.415,119.291,119.349,29737.0
2023-01-10,119.335,119.349,119.256,119.256,41753.0
2023-01-11,119.245,119.255,119.087,119.12,33780.0
2023-01-12,119.155,119.2,119.12,119.152,47677.0
2023-01-13,119.145,119.145,119.08,119.133,41485.0
2023-01-16,119.086,119.086,118.911,118.913,12650.0
2023-01-17,118.95,119.0,118.925,118.942,9728.0
2023-01-18,118.978,119.059,118.85,118.866,41329.0
2023-01-19,118.885,118.965,118.828,118.829,53794.0
2023-01-20,118.891,118.979,118.891,118.969,24619.0
2023-01-30,118.953,119.055,118.86,119.049,23776.0
2023-01-31,119.099,119.142,119.022,119.127,46967.0
2023-02-01,119.14,119.208,119.059,119.137,38932.0
2023-02-02,119.136,119.229,119.116,119.201,28740.0
2023-02-03,119.211,119.315,119.211,119.305,69852.0
2023-02-06,119.355,119.355,119.297,119.31,32426.0
2023-02-07,119.29,119.36,119.203,119.285,32732.0
2023-02-08,119.292,119.35,119.2,119.228,42771.0
2023-02-09,119.278,119.311,119.23,119.241,125553.0
2023-02-10,119.28,119.358,119.28,119.328,26938.0
2023-02-13,119.338,119.399,119.338,119.355,31260.0
2023-02-14,119.356,119.405,119.32,119.375,26318.0
2023-02-15,119.379,119.382,119.315,119.33,16570.0
2023-02-16,119.335,119.428,119.2,119.341,60724.0
2023-02-17,119.37,119.431,119.334,119.377,15456.0
2023-02-20,119.382,119.415,119.341,119.349,29136.0
2023-02-21,119.34,119.351,119.32,119.329,16480.0
2023-02-22,119.329,119.395,119.329,119.353,28858.0
2023-02-23,119.361,119.375,119.352,119.36,37264.0
2023-02-24,119.38,119.38,119.342,119.344,27413.0
2023-02-27,119.342,119.359,119.275,119.32,26066.0
2023-02-28,119.343,119.343,119.29,119.303,33503.0
2023-03-01,119.349,119.349,119.304,119.324,26557.0
2023-03-02,119.324,119.355,119.209,119.295,29092.0
2023-03-03,119.29,119.3,119.252,119.277,45820.0
2023-03-06,119.31,119.48,119.31,119.436,24260.0
2023-03-07,119.479,119.587,119.439,119.573,22226.0
2023-03-08,119.62,119.699,119.575,119.698,24639.0
2023-03-09,119.7,119.71,119.657,119.696,35823.0
2023-03-10,119.7,119.78,119.646,119.74,18646.0
2023-03-13,119.74,119.8,119.7,119.78,23750.0
2023-03-14,119.753,119.855,119.749,119.819,19853.0
2023-03-15,119.82,119.826,119.76,119.769,24094.0
2023-03-16,119.776,119.91,119.776,119.886,24975.0
2023-03-17,119.886,119.964,119.871,119.962,29322.0
2023-03-20,119.961,120.03,119.95,119.999,17958.0
2023-03-21,120.006,120.042,119.8,119.827,31656.0
2023-03-22,119.783,119.877,119.719,119.877,33288.0
2023-03-23,119.877,119.919,119.804,119.853,26263.0
2023-03-24,119.853,119.884,119.801,119.815,33021.0
2023-03-27,119.829,119.883,119.791,119.853,30443.0
2023-03-28,119.854,119.89,119.814,119.845,30850.0
2023-03-29,119.845,119.929,119.8,119.92,62080.0
2023-03-30,119.906,120.023,119.772,119.798,23236.0
2023-03-31,119.848,119.92,119.83,119.852,41514.0
2023-04-03,119.9,119.901,119.862,119.874,41310.0
2023-04-04,119.875,119.921,119.875,119.917,83945.0
2023-04-06,119.92,119.984,119.92,119.938,72305.0
2023-04-07,119.95,120.048,119.95,120.02,60654.0
2023-04-10,120.022,120.09,120.022,120.09,81044.0
2023-04-11,120.091,120.18,120.091,120.099,45804.0
2023-04-12,120.141,120.245,120.112,120.224,66650.0
2023-04-13,120.273,120.274,120.232,120.254,57227.0
2023-04-14,120.269,120.269,120.135,120.194,54648.0
2023-04-17,120.194,120.23,120.14,120.186,57118.0
2023-04-18,120.181,120.217,120.136,120.214,35358.0
2023-04-19,120.22,120.4,120.22,120.33,57137.0
2023-04-20,120.325,120.42,120.2,120.239,42035.0
2023-04-21,120.263,120.409,120.263,120.407,63657.0
2023-04-24,120.422,120.538,120.422,120.51,45599.0
2023-04-25,120.558,120.558,120.51,120.525,39333.0
2023-04-26,120.526,120.575,120.486,120.573,91850.0
2023-04-27,120.6,120.82,120.6,120.664,79322.0
2023-04-28,120.714,120.895,120.679,120.749,63136.0
2023-05-04,120.826,121.0,120.826,120.964,41463.0
2023-05-05,121.009,121.165,121.009,121.165,58506.0
2023-05-08,121.998,121.998,120.989,121.035,55394.0
2023-05-09,121.029,121.166,120.985,121.149,40956.0
2023-05-10,121.134,121.335,121.134,121.311,54385.0
2023-05-11,121.412,121.548,121.41,121.487,29977.0
2023-05-12,121.498,121.537,121.331,121.365,35941.0
2023-05-15,121.37,121.48,121.355,121.36,43507.0
2023-05-16,121.376,121.376,121.263,121.316,47358.0
2023-05-17,121.36,121.42,121.302,121.305,48228.0
2023-05-18,121.399,121.399,121.08,121.296,27972.0
2023-05-19,121.311,121.43,121.31,121.427,33974.0
2023-05-22,121.39,121.49,121.377,121.453,44920.0
2023-05-23,121.46,121.73,121.46,121.708,59215.0
2023-05-24,121.729,121.743,121.58,121.667,55428.0
2023-05-25,121.666,121.666,121.525,121.564,46397.0
2023-05-26,121.565,121.613,121.321,121.352,63929.0
2023-05-29,121.358,121.46,121.324,121.459,42139.0
2023-05-30,121.462,121.525,121.45,121.465,69094.0
2023-05-31,121.469,121.52,121.469,121.504,35566.0
2023-06-01,121.563,121.68,121.563,121.654,45998.0
2023-06-02,121.7,121.701,121.566,121.579,39382.0
2023-06-05,121.56,121.653,121.545,121.626,53131.0
2023-06-06,121.651,121.76,121.651,121.76,46145.0
2023-06-07,121.758,121.87,121.71,121.869,53962.0
2023-06-08,121.867,121.889,121.801,121.844,47363.0
2023-06-09,121.856,122.023,121.841,121.977,42128.0
2023-06-12,121.97,122.08,121.97,122.058,44398.0
2023-06-13,122.099,122.282,122.072,122.279,53574.0
2023-06-14,122.399,122.61,122.282,122.598,54915.0
2023-06-15,122.548,122.598,122.22,122.245,43652.0
2023-06-16,122.0,122.118,121.72,121.794,51001.0
2023-06-19,121.826,121.913,121.725,121.888,35417.0
2023-06-20,121.87,121.899,121.771,121.866,13496.0
2023-06-21,121.87,122.077,121.87,122.01,61584.0
2023-06-26,122.01,122.21,122.01,122.169,44786.0
2023-06-27,122.163,122.164,121.91,121.972,48967.0
2023-06-28,121.972,122.058,121.966,121.989,51347.0
2023-06-29,121.988,122.05,121.939,122.031,14362.0
2023-06-30,122.056,122.268,122.05,122.262,27968.0
2023-07-03,122.31,122.337,122.158,122.203,83528.0
2023-07-04,122.2,122.3,122.153,122.217,42762.0
2023-07-05,122.25,122.251,122.168,122.233,47124.0
2023-07-06,122.237,122.309,122.237,122.276,41824.0
2023-07-07,122.273,122.311,122.266,122.309,52519.0
2023-07-10,122.307,122.341,122.265,122.331,38774.0
2023-07-11,122.35,122.499,122.35,122.426,37391.0
2023-07-12,122.44,122.475,122.399,122.447,30680.0
2023-07-13,122.445,122.456,122.36,122.395,22918.0
2023-07-14,122.396,122.396,122.327,122.346,26761.0
2023-07-17,122.359,122.464,122.359,122.463,36282.0
2023-07-18,122.48,122.65,122.476,122.638,17875.0
2023-07-19,122.644,122.67,122.566,122.614,21550.0
2023-07-20,122.617,122.635,122.545,122.623,40626.0
2023-07-21,122.672,122.785,122.672,122.771,30756.0
2023-07-24,122.784,122.873,122.783,122.854,30726.0
2023-07-25,122.721,122.721,122.334,122.392,38412.0
2023-07-26,122.392,122.525,122.37,122.51,30509.0
2023-07-27,122.545,122.672,122.545,122.644,32295.0
2023-07-28,122.68,122.725,122.539,122.603,33394.0
2023-07-31,122.59,122.59,122.3,122.454,26995.0
2023-08-01,122.506,122.601,122.475,122.545,34057.0
2023-08-02,122.594,122.655,122.562,122.651,30283.0
2023-08-03,122.657,122.742,122.656,122.714,51052.0
2023-08-04,122.717,122.85,122.601,122.715,34556.0
2023-08-07,122.75,122.792,122.723,122.758,26507.0
2023-08-08,122.752,122.808,122.752,122.795,11776.0
2023-08-09,122.838,122.839,122.804,122.835,25833.0
2023-08-10,122.84,122.845,122.789,122.819,30896.0
2023-08-11,122.82,122.841,122.797,122.836,30889.0
2023-08-14,122.881,122.967,122.879,122.949,31843.0
2023-08-15,122.965,123.3,122.965,123.279,24617.0
2023-08-16,123.329,123.55,123.329,123.475,28746.0
2023-08-17,123.483,123.573,123.387,123.465,33510.0
2023-08-18,123.415,123.56,123.33,123.54,22747.0
2023-08-21,123.59,123.845,123.571,123.819,26468.0
2023-08-22,123.819,123.848,123.653,123.675,23708.0
2023-08-23,123.669,123.779,123.63,123.663,33677.0
2023-08-24,123.652,123.675,123.591,123.636,45245.0
2023-08-25,123.652,123.692,123.56,123.579,27030.0
2023-08-28,123.202,123.497,122.56,123.491,54680.0
2023-08-29,123.491,123.492,123.216,123.271,27928.0
2023-08-30,123.271,123.384,123.183,123.342,31539.0
2023-08-31,123.38,123.439,123.368,123.427,27278.0
2023-09-01,123.423,123.423,123.264,123.304,21597.0
2023-09-04,123.101,123.17,122.92,122.942,27812.0
2023-09-05,122.992,123.018,122.945,123.012,25201.0
2023-09-06,123.05,123.069,122.865,122.869,23348.0
2023-09-07,122.869,122.877,122.751,122.76,23193.0
2023-09-08,122.8,122.891,122.751,122.848,30233.0
2023-09-11,122.821,122.844,122.73,122.835,27190.0
2023-09-12,122.911,122.92,122.83,122.866,28595.0
2023-09-13,122.856,123.05,122.841,122.98,35203.0
2023-09-14,122.97,123.12,122.951,123.109,24899.0
2023-09-15,123.112,123.139,122.922,122.971,26330.0
2023-09-18,122.922,122.95,122.741,122.79,29938.0
2023-09-19,122.795,122.839,122.77,122.796,33647.0
2023-09-20,122.8,122.834,122.745,122.766,24072.0
2023-09-21,122.772,122.841,122.744,122.798,29910.0
2023-09-22,122.847,122.85,122.631,122.635,30453.0
2023-09-25,122.635,122.685,122.438,122.48,25859.0
2023-09-26,122.48,122.48,122.22,122.389,11440.0
2023-09-27,122.38,122.429,122.282,122.376,4942.0
2023-09-28,122.5,122.735,122.495,122.689,25909.0
2023-10-09,122.706,122.82,122.706,122.72,28892.0
2023-10-10,122.729,122.81,122.709,122.738,23599.0
2023-10-11,122.689,122.75,122.52,122.525,23768.0
2023-10-12,122.4,122.588,122.352,122.552,20715.0
2023-10-13,122.602,122.742,122.542,122.703,33328.0
2023-10-16,122.78,122.848,122.75,122.803,42009.0
2023-10-17,122.818,122.818,122.718,122.731,19321.0
2023-10-18,122.75,122.78,122.703,122.704,23655.0
2023-10-19,122.703,122.703,122.519,122.519,20207.0
2023-10-20,122.521,122.763,122.521,122.701,19930.0
2023-10-23,122.804,122.844,122.746,122.831,19886.0
2023-10-24,122.764,122.765,122.661,122.681,20176.0
2023-10-25,122.659,122.809,122.61,122.799,25837.0
2023-10-26,122.828,122.888,122.81,122.831,17155.0
2023-10-27,122.831,122.89,122.8,122.841,20552.0
2023-10-30,122.842,122.917,122.822,122.89,24353.0
2023-10-31,122.901,123.12,122.901,123.05,21035.0
2023-11-01,123.06,123.18,123.06,123.176,30003.0
2023-11-02,123.181,123.304,123.181,123.297,25452.0
2023-11-03,123.3,123.394,123.203,123.285,24195.0
2023-11-06,123.288,123.309,123.162,123.272,25895.0
2023-11-07,123.299,123.418,123.275,123.336,20609.0
2023-11-08,123.319,123.356,123.229,123.344,25132.0
2023-11-09,123.339,123.38,123.307,123.351,22001.0
2023-11-10,123.352,123.402,123.331,123.368,23828.0
2023-11-13,123.365,123.426,123.339,123.423,19163.0
2023-11-14,123.385,123.471,123.329,123.352,20097.0
2023-11-15,123.323,123.399,123.3,123.316,19838.0
2023-11-16,123.317,123.455,123.317,123.414,20823.0
2023-11-17,123.45,123.483,123.4,123.464,23355.0
2023-11-20,123.464,123.478,123.429,123.461,18564.0
2023-11-21,123.461,123.503,123.403,123.488,23524.0
2023-11-22,123.488,123.488,123.419,123.421,21617.0
2023-11-23,123.403,123.403,123.25,123.254,23643.0
2023-11-24,123.262,123.339,123.26,123.272,23967.0
2023-11-27,123.243,123.296,123.2,123.234,24923.0
2023-11-28,123.331,123.347,123.27,123.325,27881.0
2023-11-29,123.325,123.368,123.287,123.288,21159.0
2023-11-30,123.288,123.384,123.288,123.332,24626.0
2023-12-01,123.336,123.49,123.336,123.442,26517.0
2023-12-04,123.49,123.49,123.35,123.375,24435.0
2023-12-05,123.373,123.391,123.337,123.38,23659.0
2023-12-06,123.378,123.393,123.325,123.335,29455.0
2023-12-07,123.377,123.419,123.311,123.381,29052.0
2023-12-08,123.382,123.462,123.382,123.429,24331.0
2023-12-11,123.488,123.688,123.488,123.657,33476.0
2023-12-12,123.66,123.725,123.572,123.598,43419.0
2023-12-13,123.648,123.926,123.648,123.75,29601.0
2023-12-14,123.752,123.82,123.717,123.741,33554.0
2023-12-15,123.741,123.823,123.702,123.82,25558.0
2023-12-18,123.87,123.923,123.84,123.905,25041.0
2023-12-19,123.881,123.939,123.836,123.917,24880.0
2023-12-20,123.917,123.917,123.86,123.871,35459.0
2023-12-21,123.86,124.011,123.803,123.926,14636.0
2023-12-22,124.0,124.064,123.975,124.018,5367.0
2023-12-25,124.051,124.14,123.993,124.12,32568.0
2023-12-26,124.164,124.25,124.13,124.178,26889.0
2023-12-27,124.228,124.321,124.222,124.276,29288.0
2023-12-28,124.34,124.468,124.158,124.276,6374.0
2023-12-29,124.324,124.515,124.324,124.502,34607.0
2024-01-02,124.547,124.731,124.414,124.73,26744.0
2024-01-03,124.715,124.749,124.401,124.411,39898.0
2024-01-04,124.461,124.68,124.45,124.659,3071.0
2024-01-05,124.661,125.019,124.561,125.017,3544.0
2024-01-08,125.004,125.123,124.791,124.83,26185.0
2024-01-09,124.815,125.0,124.789,124.982,8244.0
2024-01-10,124.995,124.995,124.88,124.941,16762.0
2024-01-11,124.884,124.927,124.784,124.862,39070.0
2024-01-12,124.852,124.922,124.711,124.729,27545.0
2024-01-15,124.71,124.753,124.673,124.748,41671.0
2024-01-16,124.748,124.768,124.697,124.711,24578.0
2024-01-17,124.71,124.859,124.691,124.858,51466.0
2024-01-18,124.878,125.246,124.876,124.95,12777.0
2024-01-19,124.94,125.055,124.902,125.016,17694.0
2024-01-22,125.064,125.245,124.905,125.127,15594.0
2024-01-23,125.136,125.156,125.0,125.066,17570.0
2024-01-24,125.045,125.148,124.989,125.079,30138.0
2024-01-25,125.045,125.11,124.956,125.089,21893.0
2024-01-26,125.19,125.225,125.086,125.18,16171.0
2024-01-29,125.162,125.3,125.142,125.25,55107.0
2024-01-30,125.375,126.0,125.375,125.599,19103.0
2024-01-31,125.891,125.9,125.655,125.804,31097.0
2024-02-01,125.819,125.919,125.732,125.817,59843.0
2024-02-02,125.817,125.817,125.733,125.79,38222.0
2024-02-05,126.234,126.234,125.79,125.985,10326.0
2024-02-06,125.96,125.966,125.594,125.657,9362.0
2024-02-07,125.58,125.764,125.259,125.727,13351.0
2024-02-08,126.008,126.008,125.707,125.9,32701.0
2024-02-19,125.898,125.975,125.768,125.923,20791.0
2024-02-20,125.921,126.08,125.877,126.009,25068.0
2024-02-21,126.059,126.101,125.991,126.094,34278.0
2024-02-22,126.1,126.109,126.034,126.071,26613.0
2024-02-23,126.267,126.267,126.011,126.252,35797.0
2024-02-26,126.254,126.382,126.224,126.353,23867.0
2024-02-27,126.575,126.579,126.448,126.54,24239.0
2024-02-28,126.436,126.9,126.426,126.702,23738.0
2024-02-29,126.719,126.969,126.719,126.904,19547.0
2024-03-01,126.69,126.949,126.4,126.438,11630.0
2024-03-04,126.47,126.609,126.371,126.596,17737.0
2024-03-05,126.603,126.662,126.581,126.623,30650.0
2024-03-06,127.018,127.03,126.801,127.027,28567.0
2024-03-07,127.306,127.364,126.901,127.161,22069.0
2024-03-08,127.178,127.251,127.101,127.132,28678.0
2024-03-11,127.131,127.174,127.0,127.005,5301.0
2024-03-12,126.884,126.884,126.505,126.52,32802.0
2024-03-13,126.503,126.503,126.054,126.47,17813.0
2024-03-14,126.521,126.579,126.303,126.428,39707.0
2024-03-15,126.522,126.619,126.45,126.574,33055.0
2024-03-18,126.633,126.692,126.606,126.681,81571.0
2024-03-19,126.829,126.976,126.752,126.965,7550.0
2024-03-20,126.899,126.923,126.805,126.826,35052.0
2024-03-21,126.8,126.873,126.6,126.826,31154.0
2024-03-22,127.02,127.02,126.789,126.82,21007.0
2024-03-25,126.777,126.79,126.579,126.645,22923.0
2024-03-26,126.662,126.704,126.612,126.664,24401.0
2024-03-27,126.686,126.77,126.631,126.75,8001.0
2024-03-28,126.875,126.91,126.75,126.773,3176.0
2024-03-29,126.783,126.934,126.715,126.914,27951.0
2024-04-01,126.839,126.841,126.719,126.762,26603.0
2024-04-02,126.818,126.841,126.762,126.816,43906.0
2024-04-03,126.986,127.086,126.844,127.083,30964.0
2024-04-08,127.101,127.165,126.971,127.135,38908.0
2024-04-09,127.177,127.31,127.177,127.275,40459.0
2024-04-10,127.237,127.242,127.053,127.178,20866.0
2024-04-11,127.178,127.203,127.152,127.159,35363.0
2024-04-12,127.263,127.425,127.263,127.394,25054.0
2024-04-15,127.418,127.573,127.4,127.51,31018.0
2024-04-16,127.51,127.523,127.445,127.521,25675.0
2024-04-17,127.598,127.6,127.515,127.566,26192.0
2024-04-18,127.581,127.795,127.58,127.785,26489.0
2024-04-19,127.8,127.894,127.755,127.814,44915.0
2024-04-22,127.831,127.905,127.789,127.902,21973.0
2024-04-23,127.956,128.203,127.956,128.199,37475.0
2024-04-24,127.922,128.199,127.557,127.627,30050.0
2024-04-25,127.693,127.793,127.633,127.689,25800.0
2024-04-26,127.754,127.788,127.388,127.393,27039.0
2024-04-29,127.391,127.391,126.12,126.777,8307.0
2024-04-30,126.89,127.249,126.89,127.244,14715.0
2024-05-06,127.25,127.429,127.044,127.336,8936.0
2024-05-07,127.496,127.705,127.34,127.655,24421.0
2024-05-08,127.733,127.978,127.7,127.781,21601.0
2024-05-09,127.663,127.689,127.575,127.6,21054.0
2024-05-10,127.527,127.624,127.393,127.425,22347.0
2024-05-13,127.549,127.69,127.525,127.69,31535.0
2024-05-14,127.74,127.869,127.692,127.753,33087.0
2024-05-15,127.754,127.829,127.645,127.664,30460.0
2024-05-16,127.671,127.693,127.53,127.58,21328.0
2024-05-17,127.389,127.492,127.38,127.41,22128.0
2024-05-20,127.558,127.644,127.467,127.633,11518.0
2024-05-21,127.633,127.675,127.54,127.551,19371.0
2024-05-22,127.568,127.649,127.568,127.647,28988.0
2024-05-23,127.731,127.795,127.652,127.791,31996.0
2024-05-24,127.802,127.896,127.71,127.736,28699.0
2024-05-27,127.731,127.731,127.652,127.714,30207.0
2024-05-28,127.808,127.88,127.766,127.878,27076.0
2024-05-29,127.988,128.0,127.911,127.984,19026.0
2024-05-30,127.983,127.992,127.916,127.991,24045.0
2024-05-31,127.767,127.82,127.691,127.798,34730.0
2024-06-03,127.82,127.895,127.803,127.879,48184.0
2024-06-04,127.938,127.97,127.832,127.888,32298.0
2024-06-05,127.987,128.037,127.926,128.029,31084.0
2024-06-06,128.112,128.154,128.031,128.066,24210.0
2024-06-07,128.136,128.174,128.067,128.168,16311.0
2024-06-11,128.168,128.227,128.159,128.186,25506.0
2024-06-12,128.186,128.22,128.125,128.138,22737.0
2024-06-13,128.222,128.235,128.146,128.234,26028.0
2024-06-14,128.297,128.322,128.258,128.301,19031.0
2024-06-17,128.362,128.385,128.323,128.372,31515.0
2024-06-18,128.379,128.495,128.379,128.489,17863.0
2024-06-19,128.465,128.545,128.4,128.512,22137.0
2024-06-20,128.612,128.612,128.44,128.61,20361.0
2024-06-21,128.603,128.603,128.448,128.509,30436.0
2024-06-24,128.499,128.768,128.415,128.624,24360.0
2024-06-25,128.653,128.788,128.653,128.764,28968.0
2024-06-26,128.77,128.869,128.77,128.819,23774.0
2024-06-27,128.809,129.0,128.809,128.984,20317.0
2024-06-28,129.085,129.142,128.905,129.13,27041.0
2024-07-01,129.151,129.37,128.57,128.72,12577.0
2024-07-02,128.713,128.99,128.5,128.925,45472.0
2024-07-03,128.941,129.077,128.905,129.036,28451.0
2024-07-04,129.05,129.11,128.96,129.09,27107.0
2024-07-05,129.078,129.078,128.77,128.85,28176.0
2024-07-08,128.669,128.669,128.383,128.474,32732.0
2024-07-09,128.694,128.793,128.694,128.792,33922.0
2024-07-10,128.789,128.85,128.696,128.787,43918.0
2024-07-11,128.828,128.901,128.765,128.872,28394.0
2024-07-12,128.963,129.107,128.874,129.033,25584.0
2024-07-15,129.038,129.18,129.036,129.14,25521.0
2024-07-16,129.112,129.304,128.976,129.113,77992.0
2024-07-17,129.145,129.263,129.145,129.255,29061.0
2024-07-18,129.255,129.267,129.155,129.179,24851.0
2024-07-19,129.228,129.279,129.158,129.209,49162.0
2024-07-22,129.321,129.48,129.3,129.472,27592.0
2024-07-23,129.535,129.729,129.534,129.706,23110.0
2024-07-24,129.799,129.829,129.646,129.819,29242.0
2024-07-25,129.807,129.979,129.788,129.836,28174.0
2024-07-26,129.981,130.045,129.893,130.043,11567.0
2024-07-29,130.045,130.16,130.045,130.139,28253.0
2024-07-30,130.197,130.315,129.855,130.203,26475.0
2024-07-31,130.29,130.485,130.219,130.356,31216.0
2024-08-01,130.4,130.636,130.287,130.568,22079.0
2024-08-02,130.678,130.741,130.416,130.585,21258.0
2024-08-05,130.748,130.974,130.63,130.949,36361.0
2024-08-06,130.403,130.663,130.36,130.514,31532.0
2024-08-07,130.565,130.865,130.565,130.853,26106.0
2024-08-08,130.652,130.768,130.341,130.425,46754.0
2024-08-09,130.182,130.228,130.083,130.161,40108.0
2024-08-12,129.716,129.99,129.311,129.312,26159.0
2024-08-13,129.591,129.79,129.363,129.705,30951.0
2024-08-14,129.967,130.264,129.92,130.129,53196.0
2024-08-15,130.129,130.377,129.915,129.971,21927.0
2024-08-16,130.078,130.16,129.95,130.088,40975.0
2024-08-19,130.111,130.29,130.0,130.285,51633.0
2024-08-20,130.287,130.296,130.188,130.232,71388.0
2024-08-21,130.24,130.28,130.04,130.091,28779.0
2024-08-22,130.258,130.378,130.156,130.356,40233.0
2024-08-23,130.379,130.415,130.204,130.412,28889.0
2024-08-26,130.413,130.484,130.308,130.421,42598.0
2024-08-27,130.314,130.394,130.109,130.157,32678.0
2024-08-28,130.169,130.372,130.045,130.313,37396.0
2024-08-29,130.325,130.402,130.142,130.158,29312.0
2024-08-30,130.207,130.241,129.973,130.142,31459.0
2024-09-02,130.33,130.428,130.193,130.382,48114.0
2024-09-03,130.444,130.58,130.351,130.547,59773.0
2024-09-04,130.637,130.772,130.588,130.627,29475.0
2024-09-05,130.762,130.83,130.701,130.77,33566.0
2024-09-06,130.73,130.811,130.659,130.772,35350.0
2024-09-09,130.771,130.882,130.716,130.872,28140.0
2024-09-10,130.887,131.1,130.887,131.022,34180.0
2024-09-11,131.031,131.237,131.031,131.199,13963.0
2024-09-12,131.247,131.289,131.052,131.093,21514.0
2024-09-13,131.317,131.365,131.206,131.347,18432.0
2024-09-18,131.621,131.621,131.416,131.562,22781.0
2024-09-19,131.781,131.797,131.462,131.484,65667.0
2024-09-20,131.584,131.707,131.565,131.693,36692.0
2024-09-23,131.73,131.815,131.68,131.758,33961.0
2024-09-24,131.953,131.953,131.122,131.289,29416.0
2024-09-25,131.269,131.709,130.63,131.706,26274.0
2024-09-26,131.81,131.85,131.318,131.346,23759.0
2024-09-27,130.75,130.95,129.701,130.263,18146.0
2024-09-30,129.2,129.99,128.0,129.767,40203.0
2024-10-08,128.674,130.195,128.674,129.941,26626.0
2024-10-09,130.116,130.27,129.951,130.197,37073.0
2024-10-10,130.197,130.768,130.001,130.765,26151.0
2024-10-11,130.835,130.877,130.575,130.674,39984.0
2024-10-14,130.788,130.8,130.65,130.684,35037.0
2024-10-15,130.709,130.866,130.64,130.86,55008.0
2024-10-16,130.89,130.997,130.772,130.857,44518.0
2024-10-17,130.875,131.077,130.804,131.06,83681.0
2024-10-18,131.303,131.303,130.828,131.001,54058.0
2024-10-21,130.975,131.034,130.892,131.012,39488.0
2024-10-22,131.013,131.067,130.905,130.929,24857.0
2024-10-23,130.854,130.869,130.514,130.683,20561.0
2024-10-24,130.751,130.828,130.62,130.64,32137.0
2024-10-25,130.642,130.647,130.507,130.561,32472.0
2024-10-28,130.655,130.655,130.481,130.506,35595.0
2024-10-29,130.555,130.698,130.462,130.695,21021.0
2024-10-30,130.7,130.74,130.626,130.686,33875.0
2024-10-31,130.696,130.725,130.62,130.716,31118.0
2024-11-01,130.75,130.953,130.75,130.919,17388.0
2024-11-04,130.991,131.0,130.891,130.938,30556.0
2024-11-05,131.0,131.005,130.899,130.994,29311.0
2024-11-06,131.003,131.184,131.003,131.078,16731.0
2024-11-07,131.129,131.182,131.078,131.106,28861.0
2024-11-08,131.173,131.3,131.101,131.284,25656.0
2024-11-11,131.33,131.366,131.303,131.324,19907.0
2024-11-12,131.388,131.6,131.352,131.6,24675.0
2024-11-13,131.596,131.677,131.53,131.588,40699.0
2024-11-14,131.53,131.57,131.48,131.562,27058.0
2024-11-15,131.585,131.67,131.53,131.625,32713.0
2024-11-18,131.623,131.623,131.389,131.41,67204.0
2024-11-19,131.4,131.525,131.29,131.467,15297.0
2024-11-20,131.522,131.582,131.47,131.532,49107.0
2024-11-21,131.539,131.69,131.518,131.683,28920.0
2024-11-22,131.785,131.785,131.684,131.762,35871.0
2024-11-25,131.727,131.951,131.719,131.926,36088.0
2024-11-26,131.965,132.117,131.943,132.1,28986.0
2024-11-27,132.067,132.154,131.967,131.975,24380.0
2024-11-28,131.982,132.17,131.975,132.164,19711.0
2024-11-29,132.26,132.362,132.103,132.309,38416.0
2024-12-02,132.49,132.61,132.361,132.605,36576.0
2024-12-03,132.677,132.75,132.627,132.716,47640.0
2024-12-04,132.716,133.065,132.716,133.003,32013.0
2024-12-05,132.953,133.17,132.816,133.131,27693.0
2024-12-06,133.075,133.169,132.929,132.972,81177.0
2024-12-09,133.004,133.143,132.994,133.138,34133.0
2024-12-10,133.054,134.031,133.054,133.907,71178.0
2024-12-11,133.84,134.147,133.667,134.128,44283.0
2024-12-12,134.23,134.666,134.23,134.403,53296.0
2024-12-13,134.766,134.932,134.523,134.877,43913.0
2024-12-16,134.975,135.42,134.975,135.395,42033.0
2024-12-17,135.15,135.21,135.0,135.107,70465.0
2024-12-18,135.217,135.368,134.271,134.821,95790.0
2024-12-19,134.838,134.951,134.6,134.687,64289.0
2024-12-20,135.109,135.38,134.88,135.32,154044.0
2024-12-23,135.777,135.796,135.35,135.499,68047.0
2024-12-24,135.35,135.58,135.154,135.223,59421.0
2024-12-25,135.264,135.303,134.878,135.073,35740.0
2024-12-26,135.099,135.184,134.994,135.031,37457.0
2024-12-27,135.255,135.525,135.254,135.506,41241.0
2024-12-30,135.535,135.599,135.291,135.303,16411.0
2024-12-31,135.629,135.662,135.455,135.554,32170.0
2025-01-02,135.943,136.339,135.791,136.248,45282.0
2025-01-03,136.615,136.722,136.207,136.569,41041.0
2025-01-06,136.59,136.69,136.469,136.654,36826.0
2025-01-07,136.58,136.623,136.448,136.477,21061.0
2025-01-08,136.473,136.565,136.4,136.463,35549.0
2025-01-09,136.531,136.541,136.27,136.28,28454.0
2025-01-10,135.706,136.142,135.674,136.129,45175.0
2025-01-13,136.084,136.15,135.899,136.057,33461.0
2025-01-14,136.024,136.22,135.897,136.196,23873.0
2025-01-15,136.342,136.506,136.31,136.443,19924.0
2025-01-16,136.347,136.467,136.113,136.274,36462.0
2025-01-17,136.341,136.399,136.146,136.186,121518.0
2025-01-20,136.003,136.186,136.002,136.044,85856.0
2025-01-21,136.03,136.229,136.01,136.159,20866.0
2025-01-22,136.251,136.355,136.17,136.219,111348.0
2025-01-23,136.212,136.212,136.065,136.151,148631.0
2025-01-24,136.122,136.215,135.851,136.005,156958.0
2025-01-27,136.14,136.535,136.13,136.514,60612.0
2025-02-05,136.519,136.58,136.32,136.578,155981.0
2025-02-06,136.63,136.703,136.532,136.659,110820.0
2025-02-07,136.701,136.747,136.588,136.605,153623.0
2025-02-10,136.536,136.538,136.44,136.474,167378.0
2025-02-11,136.43,136.578,136.405,136.512,62959.0
2025-02-12,136.558,136.563,136.47,136.51,68662.0
2025-02-13,136.51,136.549,136.428,136.476,133195.0
2025-02-14,136.445,136.447,136.19,136.262,166831.0
2025-02-17,136.256,136.256,135.879,135.889,29251.0
2025-02-18,135.866,135.943,135.4,135.761,176844.0
2025-02-19,135.859,135.959,135.7,135.899,173722.0
2025-02-20,135.906,135.925,135.564,135.764,151282.0
2025-02-21,135.58,135.699,135.389,135.487,163368.0
2025-02-24,135.306,135.395,134.771,134.89,172149.0
2025-02-25,135.158,135.331,134.66,134.997,28427.0
2025-02-26,135.115,135.457,135.115,135.346,175506.0
2025-02-27,135.295,135.336,135.086,135.108,185219.0
2025-02-28,135.1,136.1,134.95,135.315,23356.0
2025-03-03,135.283,135.5,135.151,135.492,166323.0
2025-03-04,135.595,135.753,135.37,135.445,22262.0
2025-03-05,135.478,135.588,135.435,135.468,155145.0
2025-03-06,135.37,135.379,135.077,135.129,168750.0
2025-03-07,135.077,135.077,134.564,134.75,29238.0
2025-03-10,134.542,134.789,134.4,134.455,37935.0
2025-03-11,134.46,134.537,133.86,133.937,27253.0
2025-03-12,133.8,134.5,133.521,134.446,172291.0
2025-03-13,134.267,134.474,134.123,134.308,29679.0
2025-03-14,134.155,134.282,133.88,134.101,37399.0
2025-03-17,133.966,134.018,133.666,133.699,23726.0
2025-03-18,133.65,133.845,133.581,133.682,28981.0
2025-03-19,133.778,133.88,133.744,133.797,15617.0
2025-03-20,134.0,134.432,134.0,134.351,31390.0
2025-03-21,134.403,134.432,134.204,134.349,22759.0
2025-03-24,134.268,134.303,134.089,134.202,107852.0
2025-03-25,134.573,134.591,134.443,134.522,58093.0
2025-03-26,134.421,134.652,134.269,134.632,18606.0
2025-03-27,134.624,134.715,134.589,134.686,26822.0
2025-03-28,134.576,134.685,134.5,134.507,24064.0
2025-03-31,134.501,134.657,134.458,134.489,33028.0
2025-04-01,134.551,134.636,134.411,134.509,36362.0
2025-04-02,134.524,134.72,134.513,134.702,43622.0
2025-04-03,135.299,135.546,134.994,135.518,33503.0
2025-04-07,136.497,136.497,136.02,136.398,38428.0
2025-04-08,136.125,136.213,135.918,135.993,54515.0
2025-04-09,136.12,136.338,136.0,136.092,30589.0
2025-04-10,136.0,136.14,135.702,136.107,74001.0
2025-04-11,136.229,136.293,136.021,136.084,27658.0
2025-04-14,135.997,136.088,135.852,136.084,165458.0
2025-04-15,136.104,136.193,136.084,136.177,73978.0
2025-04-16,136.217,136.4,136.217,136.359,162333.0
2025-04-17,136.36,136.397,136.281,136.325,182426.0
2025-04-18,136.314,136.379,136.18,136.248,162689.0
2025-04-21,136.246,136.248,136.098,136.107,25386.0
2025-04-22,136.138,136.24,136.138,136.239,40676.0
2025-04-23,136.129,136.138,135.985,136.1,30394.0
2025-04-24,136.171,136.185,136.003,136.018,93908.0
2025-04-25,136.1,136.157,136.028,136.096,125705.0
2025-04-28,136.142,136.218,136.117,136.186,40502.0
2025-04-29,136.29,136.524,136.264,136.502,29479.0
2025-04-30,136.44,136.576,136.397,136.546,25847.0
2025-05-06,136.52,136.55,136.421,136.5,16319.0
2025-05-07,136.562,136.562,136.291,136.386,141903.0
2025-05-08,136.434,136.628,136.434,136.494,92664.0
2025-05-09,136.55,136.62,136.53,136.592,169586.0
2025-05-12,136.479,136.563,136.342,136.454,20109.0
2025-05-13,136.192,136.299,136.0,136.284,26176.0
2025-05-14,136.31,136.315,136.15,136.175,147480.0
2025-05-15,136.183,136.228,136.123,136.149,24552.0
2025-05-16,136.045,136.132,136.001,136.048,19687.0
2025-05-19,136.068,136.138,136.048,136.124,113339.0
2025-05-20,136.24,136.253,136.151,136.205,72267.0
2025-05-21,136.208,136.254,136.183,136.249,25837.0
2025-05-22,136.215,136.255,136.185,136.21,21383.0
2025-05-23,136.16,136.21,136.074,136.203,23457.0
2025-05-26,136.282,136.282,136.184,136.228,42036.0
2025-05-27,136.217,136.24,136.169,136.186,28655.0
2025-05-28,136.162,136.196,136.121,136.145,9807.0
2025-05-29,136.071,136.162,135.972,136.008,39526.0
2025-05-30,136.14,136.159,136.065,136.124,156779.0
2025-06-03,136.189,136.189,136.085,136.146,104790.0
2025-06-04,136.214,136.214,136.144,136.197,19519.0
2025-06-05,136.198,136.266,136.143,136.23,107259.0
2025-06-06,136.3,136.341,136.259,136.339,153549.0
2025-06-09,136.455,136.54,136.347,136.497,292156.0
2025-06-10,136.504,136.569,136.504,136.551,562360.0
2025-06-11,136.601,136.68,136.567,136.662,365515.0
2025-06-12,136.678,136.682,136.599,136.653,457896.0
2025-06-13,136.653,136.7,136.59,136.647,338833.0
2025-06-16,136.655,136.695,136.618,136.68,342682.0
2025-06-17,136.688,136.82,136.638,136.811,559023.0
2025-06-18,136.8,136.82,136.745,136.803,605922.0
2025-06-19,136.876,136.876,136.79,136.829,688683.0
2025-06-20,136.76,136.866,136.76,136.863,819505.0
2025-06-23,136.863,136.903,136.83,136.832,406761.0
2025-06-24,136.828,136.828,136.769,136.773,688229.0
2025-06-25,136.7,136.817,136.642,136.65,562944.0
2025-06-26,136.641,136.7,136.6,136.651,179274.0
2025-06-27,136.674,136.79,136.663,136.784,600212.0
2025-06-30,136.75,136.75,136.635,136.636,303264.0
2025-07-01,136.669,136.728,136.659,136.728,380392.0
2025-07-02,136.797,136.88,136.788,136.88,642623.0
2025-07-03,136.88,136.919,136.834,136.904,608899.0
2025-07-04,136.915,136.948,136.891,136.923,529157.0
2025-07-07,136.903,136.944,136.903,136.938,561853.0
2025-07-08,136.937,136.937,136.832,136.867,379431.0
2025-07-09,136.84,136.949,136.8,136.832,304051.0
2025-07-10,136.857,136.857,136.61,136.66,538806.0
2025-07-11,136.655,136.682,136.491,136.608,233512.0
2025-07-14,136.578,136.578,136.408,136.505,233196.0
2025-07-15,136.598,136.75,136.555,136.737,398381.0
2025-07-16,136.767,136.798,136.7,136.748,621008.0
2025-07-17,136.748,136.778,136.68,136.747,455440.0
2025-07-18,136.73,136.73,136.625,136.666,749791.0
2025-07-21,136.65,136.65,136.456,136.54,454465.0
2025-07-22,136.566,136.613,136.405,136.409,596709.0
2025-07-23,136.302,136.408,136.101,136.344,311357.0
2025-07-24,136.281,136.281,135.996,135.999,556043.0
2025-07-25,135.971,136.071,135.821,135.824,237392.0
2025-07-28,136.119,136.197,135.941,136.173,376467.0
2025-07-29,136.06,136.168,135.85,135.857,549107.0
2025-07-30,135.948,136.094,135.77,136.083,214600.0
2025-07-31,136.193,136.358,136.14,136.346,399151.0
2025-08-01,136.253,136.42,136.15,136.342,520269.0
2025-08-04,136.43,136.53,136.33,136.345,485940.0
2025-08-05,136.341,136.396,136.238,136.361,354105.0
2025-08-06,136.365,136.46,136.34,136.439,489485.0
2025-08-07,136.503,136.56,136.41,136.478,437989.0
2025-08-08,136.57,136.57,136.457,136.531,658046.0
2025-08-11,136.551,136.553,136.25,136.262,511344.0
2025-08-12,136.205,136.329,136.072,136.154,190842.0
2025-08-13,136.11,136.234,136.027,136.22,552991.0
2025-08-14,136.25,136.25,135.993,136.072,192586.0
2025-08-15,136.19,136.19,136.027,136.046,515098.0
2025-08-18,135.922,135.99,135.511,135.563,211584.0
2025-08-19,135.582,135.665,135.5,135.621,343474.0
2025-08-20,135.748,135.804,135.443,135.489,783200.0
2025-08-21,135.534,135.55,135.342,135.52,294586.0
2025-08-22,135.573,135.71,135.43,135.469,90271.0
2025-08-25,135.515,135.74,135.43,135.684,198559.0
2025-08-26,135.816,135.836,135.68,135.775,169666.0
2025-08-27,135.775,135.87,135.701,135.865,179199.0
2025-08-28,135.865,135.865,135.56,135.568,247614.0
2025-08-29,135.608,135.686,135.554,135.612,590411.0
2025-09-01,135.61,135.732,135.562,135.719,383547.0
2025-09-02,135.733,135.776,135.655,135.726,209460.0
2025-09-03,135.79,135.88,135.73,135.84,409815.0
2025-09-04,135.91,136.177,135.902,136.12,286688.0
2025-09-05,136.07,136.07,135.69,135.731,240853.0
2025-09-08,135.7,135.712,135.563,135.597,202174.0
2025-09-09,135.63,135.651,135.511,135.531,242319.0
2025-09-10,135.519,135.545,135.185,135.229,320109.0
2025-09-11,135.32,135.394,135.12,135.301,172163.0
2025-09-12,135.233,135.555,135.233,135.525,232527.0
2025-09-15,135.601,135.65,135.533,135.623,347952.0
2025-09-16,135.61,135.726,135.35,135.687,308135.0
2025-09-17,135.775,135.888,135.666,135.866,362383.0
2025-09-18,135.839,135.866,135.735,135.838,310865.0
2025-09-19,135.862,135.926,135.547,135.651,215367.0
2025-09-22,135.624,135.858,135.611,135.66,86876.0
2025-09-23,135.65,135.667,135.391,135.485,311727.0
2025-09-24,135.615,135.615,135.24,135.268,337717.0
2025-09-25,135.269,135.269,135.0,135.226,133457.0
2025-09-26,135.35,135.458,135.289,135.419,59440.0
2025-09-29,135.449,135.496,135.256,135.354,243711.0
2025-09-30,135.528,135.645,135.384,135.614,147995.0
2025-10-09,135.69,135.797,135.562,135.744,326256.0
2025-10-10,135.808,135.859,135.66,135.675,253625.0
2025-10-13,135.876,135.94,135.691,135.807,291334.0
2025-10-14,135.75,136.042,135.667,136.039,390591.0
2025-10-15,136.05,136.05,135.917,135.969,331538.0
2025-10-16,136.04,136.086,135.97,136.074,248718.0
2025-10-17,136.129,136.287,136.114,136.286,256402.0
2025-10-20,136.268,136.268,135.994,136.039,408612.0
2025-10-21,135.96,136.057,135.949,136.031,401996.0
2025-10-22,136.097,136.097,135.975,136.046,404081.0
2025-10-23,136.121,136.121,135.938,135.946,337832.0
2025-10-24,135.936,135.961,135.874,135.882,485577.0
2025-10-27,135.84,136.049,135.78,136.032,672103.0
2025-10-28,136.26,136.439,136.215,136.419,493251.0
2025-10-29,136.418,136.477,136.316,136.419,694760.0
2025-10-30,136.419,136.587,136.362,136.565,504358.0
2025-10-31,136.609,136.688,136.569,136.647,347486.0
2025-11-03,136.647,136.679,136.613,136.666,600315.0
2025-11-04,136.72,136.72,136.641,136.714,542653.0
2025-11-05,136.813,136.863,136.689,136.712,302820.0
2025-11-06,136.703,136.719,136.532,136.572,561481.0
2025-11-07,136.613,136.63,136.533,136.546,437542.0
2025-11-10,136.51,136.559,136.459,136.493,603336.0
2025-11-11,136.52,136.543,136.415,136.418,451815.0
2025-11-12,136.46,136.529,136.423,136.521,601692.0
2025-11-13,136.521,136.524,136.394,136.427,395819.0
2025-11-14,136.45,136.505,136.44,136.501,295203.0
2025-11-17,136.543,136.627,136.502,136.613,82844.0
2025-11-18,136.676,136.679,136.582,136.643,441348.0
2025-11-19,136.525,136.624,136.525,136.588,327844.0
2025-11-20,136.546,136.646,136.546,136.624,390089.0
2025-11-21,136.628,136.67,136.541,136.597,245943.0
2025-11-24,136.587,136.634,136.527,136.611,157044.0
2025-11-25,136.595,136.598,136.48,136.491,468376.0
2025-11-26,136.495,136.497,136.182,136.185,173995.0
2025-11-27,136.31,136.31,136.179,136.2,163665.0
2025-11-28,136.231,136.257,136.147,136.221,319677.0
2025-12-01,136.26,136.356,136.165,136.341,190596.0
2025-12-02,136.359,136.359,136.245,136.264,434557.0
2025-12-03,136.28,136.358,136.264,136.329,371634.0
2025-12-04,136.16,136.21,135.901,135.908,68794.0
2025-12-05,135.965,136.195,135.954,136.143,493386.0
2025-12-08,136.16,136.22,136.044,136.137,494488.0
2025-12-09,136.28,136.348,136.201,136.339,326353.0
2025-12-10,136.256,136.419,136.256,136.332,343113.0
2025-12-11,136.396,136.476,136.361,136.465,299099.0
2025-12-12,136.558,136.558,136.304,136.372,197207.0
2025-12-15,136.238,136.334,136.044,136.099,102888.0
2025-12-16,136.094,136.191,136.073,136.119,363226.0
2025-12-17,136.319,136.319,136.167,136.271,349912.0
2025-12-18,136.21,136.371,136.009,136.301,467631.0
2025-12-19,136.338,136.386,136.299,136.385,350459.0
2025-12-22,136.431,136.433,136.196,136.253,185824.0
2025-12-23,136.276,136.603,136.2,136.574,386210.0
2025-12-24,136.462,136.56,136.462,136.494,472718.0
2025-12-25,136.559,136.56,136.501,136.536,491143.0
2025-12-26,136.543,136.581,136.436,136.468,457391.0
2025-12-29,136.465,136.465,135.994,136.061,62189.0
2025-12-30,136.115,136.14,135.943,136.006,402847.0
2025-12-31,136.044,136.086,135.856,136.021,536951.0
2026-01-05,136.099,136.102,135.917,135.936,524170.0
2026-01-06,135.893,135.893,135.704,135.754,190074.0
2026-01-07,135.731,135.831,135.621,135.721,386045.0
2026-01-08,135.726,135.937,135.719,135.927,208953.0
2026-01-09,135.991,136.103,135.881,136.053,57046.0
2026-01-12,136.053,136.164,135.966,136.066,34103.0
2026-01-13,136.013,136.203,136.013,136.179,31188.0
2026-01-14,136.25,136.253,136.086,136.237,325177.0
2026-01-15,136.3,136.486,136.243,136.34,156128.0
2026-01-16,136.359,136.459,136.274,136.425,48058.0
2026-01-19,136.518,136.521,136.396,136.459,331370.0
2026-01-20,136.493,136.742,136.46,136.72,355575.0
2026-01-21,136.625,136.867,136.625,136.843,242783.0
2026-01-22,136.823,136.823,136.727,136.769,279631.0
2026-01-23,136.724,136.85,136.715,136.77,535324.0
2026-01-26,136.798,136.887,136.675,136.827,77686.0
2026-01-27,136.815,136.873,136.71,136.778,526870.0
2026-01-28,136.788,136.871,136.74,136.863,458023.0
2026-01-29,136.963,137.069,136.903,136.923,432636.0
2026-01-30,136.919,137.087,136.919,136.986,494424.0
2026-02-02,136.989,137.089,136.945,136.993,416748.0
2026-02-03,136.992,136.993,136.898,136.973,445546.0
2026-02-04,136.986,137.003,136.489,136.925,564512.0
2026-02-05,136.989,137.111,136.908,137.109,292821.0
2026-02-06,137.205,137.237,137.136,137.22,401436.0
2026-02-09,137.136,137.278,137.135,137.278,470738.0
2026-02-10,137.274,137.326,137.246,137.309,554809.0
2026-02-11,137.333,137.418,137.332,137.397,142699.0
2026-02-12,137.451,137.519,137.393,137.501,20748.0
2026-02-13,137.579,137.592,137.333,137.451,61125.0
2026-02-24,137.444,137.491,137.415,137.44,255689.0
2026-02-25,137.45,137.482,137.206,137.224,274135.0
2026-02-26,137.223,137.223,137.006,137.044,79145.0
2026-02-27,137.123,137.204,137.023,137.194,504737.0
2026-03-02,137.208,137.372,137.208,137.362,176491.0
2026-03-03,137.364,137.443,137.338,137.426,549088.0
2026-03-04,137.428,137.45,137.363,137.437,187873.0
2026-03-05,137.493,137.559,137.405,137.436,578321.0
2026-03-06,137.464,137.497,137.433,137.48,541188.0
2026-03-09,137.453,137.453,137.091,137.156,389008.0
2026-03-10,137.226,137.253,137.08,137.189,653547.0
2026-03-11,137.178,137.187,137.108,137.183,649015.0
2026-03-12,137.183,137.254,137.139,137.242,647699.0
2026-03-13,137.241,137.272,137.181,137.226,651179.0
2026-03-16,137.143,137.157,136.947,136.975,225550.0
2026-03-17,137.037,137.05,136.995,137.041,738423.0
2026-03-18,137.08,137.235,137.024,137.229,47916.0
2026-03-19,137.162,137.311,137.124,137.279,385365.0
2026-03-20,137.267,137.276,137.112,137.133,225350.0
2026-03-23,137.133,137.155,136.98,136.997,55259.0
2026-03-24,137.092,137.12,136.989,137.104,582925.0
2026-03-25,137.104,137.268,137.104,137.184,506535.0
2026-03-26,137.187,137.293,137.187,137.279,333294.0
2026-03-27,137.26,137.326,137.241,137.27,370282.0
2026-03-30,137.36,137.431,137.284,137.429,122561.0
2026-03-31,137.431,137.489,137.411,137.458,538081.0
2026-04-01,137.454,137.454,137.28,137.303,364908.0
2026-04-02,137.309,137.39,137.255,137.368,713797.0
2026-04-03,137.363,137.434,137.35,137.374,197616.0
2026-04-07,137.374,137.481,137.371,137.427,616109.0
2026-04-08,137.355,137.432,137.314,137.415,204276.0
2026-04-09,137.429,137.53,137.415,137.489,383277.0
2026-04-10,137.492,137.533,137.436,137.505,418751.0
2026-04-13,137.516,137.603,137.495,137.597,255090.0
2026-04-14,137.597,137.883,137.597,137.81,454630.0
2026-04-15,137.764,137.862,137.702,137.829,289180.0
2026-04-16,137.329,137.941,137.329,137.846,452432.0
2026-04-17,137.843,138.047,137.829,138.042,566136.0
2026-04-20,138.076,138.176,138.046,138.053,210288.0
2026-04-21,138.064,138.174,138.064,138.114,406313.0
2026-04-22,138.232,138.335,138.191,138.285,542130.0
2026-04-23,138.259,138.271,138.147,138.192,477190.0
2026-04-24,138.146,138.253,138.066,138.085,299177.0
2026-04-27,137.963,138.058,137.768,137.796,101116.0
2026-04-28,137.904,138.02,137.857,137.988,113821.0
2026-04-29,137.994,138.063,137.944,138.063,476695.0
2026-04-30,138.089,138.132,137.993,138.064,274570.0
2026-05-06,138.063,138.063,137.832,137.936,109064.0
2026-05-07,137.967,138.006,137.907,137.952,328205.0
2026-05-08,138.047,138.107,138.004,138.04,117634.0
2026-05-11,138.033,138.101,137.926,138.093,137626.0
2026-05-12,138.084,138.238,138.064,138.22,205573.0
2026-05-13,138.198,138.304,138.18,138.274,53058.0
2026-05-14,138.274,138.315,138.185,138.234,77345.0
2026-05-15,138.234,138.315,138.233,138.278,231287.0
2026-05-18,138.274,138.376,138.142,138.36,476651.0
2026-05-19,138.407,138.544,138.364,138.51,574926.0
2026-05-20,138.494,138.58,138.446,138.511,160848.0
2026-05-21,138.514,138.579,138.348,138.386,204402.0
2026-05-22,138.414,138.431,138.32,138.339,459617.0
2026-05-25,138.384,138.398,138.317,138.393,269782.0
2026-05-26,138.409,138.461,138.396,138.457,234497.0
2026-05-27,138.534,138.657,138.516,138.649,416965.0
2026-05-28,138.744,138.854,138.678,138.839,375300.0
2026-05-29,138.787,138.915,138.746,138.872,96185.0
2026-06-01,138.88,138.995,138.805,138.955,93115.0
2026-06-02,138.925,139.02,138.915,139.004,103269.0
2026-06-03,138.946,138.985,138.909,138.942,273288.0
2026-06-04,138.942,139.019,138.815,138.997,397208.0
2026-06-05,139.022,139.033,138.899,138.935,192955.0
2026-06-08,138.925,138.933,138.704,138.763,217973.0
2026-06-09,138.753,138.765,138.605,138.614,503967.0
2026-06-10,138.672,138.712,138.509,138.517,500305.0
2026-06-11,138.513,138.517,138.365,138.375,290604.0
2026-06-12,138.43,138.47,138.345,138.446,534708.0
2026-06-15,138.494,138.589,138.443,138.535,53920.0
2026-06-16,138.563,138.705,138.536,138.702,234636.0
2026-06-17,138.701,138.839,138.671,138.835,432164.0
2026-06-18,138.835,138.878,138.796,138.848,457150.0
2026-06-22,138.785,138.838,138.715,138.825,100651.0
2026-06-23,138.81,138.83,138.649,138.651,342832.0
2026-06-24,138.693,138.819,138.693,138.776,221470.0
2026-06-25,138.833,138.983,138.795,138.876,72565.0
2026-06-26,138.89,138.957,138.869,138.929,126224.0
2026-06-29,139.019,139.11,139.019,139.103,120068.0
2026-06-30,139.122,139.143,138.979,138.987,110394.0
2026-07-01,138.982,138.982,138.783,138.794,353919.0
2026-07-02,138.815,138.913,138.779,138.899,457291.0
2026-07-03,138.882,138.911,138.831,138.864,201198.0
2026-07-06,138.899,138.981,138.896,138.975,144011.0
2026-07-07,138.943,139.011,138.943,138.992,224840.0
2026-07-08,138.992,139.07,138.934,139.051,314119.0
2026-07-09,139.077,139.108,139.007,139.082,208306.0
2026-07-10,139.033,139.093,139.027,139.07,377226.0
2026-07-13,139.045,139.119,139.033,139.051,401461.0
2026-07-14,139.013,139.068,138.956,139.026,133525.0
2026-07-15,139.034,139.077,139.023,139.067,134674.0
2026-07-16,139.043,139.063,138.983,139.055,282646.0
2026-07-17,139.119,139.122,139.033,139.099,37299.0
2026-07-20,139.041,139.117,139.012,139.099,156206.0
2026-07-21,139.088,139.128,139.069,139.117,118156.0
2026-07-22,139.113,139.251,139.091,139.229,78550.0
2026-07-23,139.283,139.306,139.16,139.215,308181.0
2026-07-24,139.215,139.306,139.195,139.296,433195.0
2026-07-27,139.295,139.339,139.268,139.304,106665.0
2026-07-28,139.303,139.328,139.258,139.282,323748.0
2026-07-29,139.263,139.347,139.258,139.289,175123.0
2026-07-30,139.332,139.41,139.29,139.398,395561.0
2026-07-31,139.348,139.529,139.348,139.511,56886.0
2026-08-03,139.536,139.623,139.483,139.512,175693.0
2026-08-04,139.511,139.601,139.487,139.583,155657.0
2026-08-05,139.603,139.636,139.583,139.59,340881.0
2026-08-06,139.595,139.616,139.533,139.581,293579.0
2026-08-07,139.581,139.656,139.551,139.646,397376.0
2026-08-10,139.645,139.702,139.603,139.702,476833.0
2026-08-11,139.703,139.727,139.655,139.659,144664.0
2026-08-12,139.664,139.685,139.627,139.667,117401.0
2026-08-13,139.683,139.75,139.681,139.729,99035.0
2026-08-14,139.776,139.896,139.747,139.885,406800.0
2026-08-17,139.893,139.903,139.859,139.889,386118.0
2026-08-18,139.904,140.035,139.904,140.004,380833.0
2026-08-19,140.004,140.037,139.941,139.954,418056.0
2026-08-20,139.939,139.939,139.802,139.838,483464.0
2026-08-21,139.843,139.904,139.843,139.898,419222.0
2026-08-24,139.881,139.988,139.877,139.981,167671.0
2026-08-25,139.984,140.019,139.957,139.986,201769.0
2026-08-26,139.982,139.982,139.911,139.916,229268.0
2026-08-27,139.915,139.951,139.733,139.736,99634.0
2026-08-28,139.734,139.802,139.696,139.789,74540.0
2026-08-31,139.789,139.827,139.764,139.827,366251.0
2026-09-01,139.876,139.931,139.848,139.916,351704.0
2026-09-02,139.949,139.949,139.864,139.92,404883.0
2026-09-03,139.921,140.009,139.883,139.994,60042.0
2026-09-04,139.998,140.03,139.972,140.011,129373.0
2026-09-07,140.011,140.045,139.984,140.022,422432.0
2026-09-08,140.024,140.046,140.003,140.023,484708.0
2026-09-09,140.023,140.067,140.003,140.059,98610.0
2026-09-10,140.058,140.071,139.998,140.019,233788.0
2026-09-11,140.019,140.046,139.973,139.985,182882.0
2026-09-14,139.957,140.035,139.957,139.991,436149.0
2026-09-15,140.019,140.062,140.015,140.053,262339.0
2026-09-16,140.081,140.099,140.034,140.08,329108.0
2026-09-17,140.097,140.129,140.066,140.103,176185.0
2026-09-18,140.15,140.15,140.097,140.146,400723.0
2026-09-21,140.146,140.189,140.143,140.164,262708.0
2026-09-22,140.159,140.241,140.156,140.228,231317.0
2026-09-23,140.228,140.245,140.211,140.212,126300.0
2026-09-24,140.246,140.272,140.227,140.272,731509.0
2026-09-28,140.279,140.302,140.223,140.243,240588.0
2026-09-29,140.228,140.309,140.208,140.307,51000.0
