date,open,high,low,close,volume
2013-03-25,94.11,94.11,93.424,94.018,46249.0
2013-03-26,94.01,94.31,94.01,94.259,29732.0
2013-03-27,94.258,94.307,94.201,94.235,37400.0
2013-03-28,94.24,94.35,94.214,94.341,47058.0
2013-03-29,94.34,94.446,94.33,94.443,23638.0
2013-04-01,94.443,94.56,94.443,94.555,33907.0
2013-04-02,94.562,94.752,94.562,94.732,60449.0
2013-04-03,94.839,95.039,94.838,94.975,52188.0
2013-04-08,94.98,95.01,94.72,94.901,49017.0
2013-04-09,94.91,94.925,94.839,94.877,52027.0
2013-04-10,94.89,94.912,94.882,94.906,55964.0
2013-04-11,94.91,94.92,94.901,94.912,62331.0
2013-04-12,94.914,94.994,94.914,94.962,32170.0
2013-04-15,95.0,95.078,95.0,95.035,38669.0
2013-04-16,95.11,95.206,95.08,95.126,58424.0
2013-04-17,95.18,95.29,95.153,95.211,69382.0
2013-04-18,95.211,95.225,94.712,94.969,51255.0
2013-04-19,94.826,94.9,94.61,94.72,47575.0
2013-04-22,94.675,94.7,94.441,94.469,45338.0
2013-04-23,94.41,94.765,94.41,94.755,50416.0
2013-04-24,94.75,94.908,94.61,94.764,44135.0
2013-04-25,94.764,94.908,94.715,94.899,70460.0
2013-04-26,94.901,95.11,94.901,94.967,62735.0
2013-05-02,95.01,95.168,95.01,95.107,57509.0
2013-05-03,95.201,95.217,95.09,95.113,60391.0
2013-05-06,95.11,95.175,95.02,95.091,53761.0
2013-05-07,95.118,95.16,95.062,95.14,57144.0
2013-05-08,95.2,95.2,95.11,95.13,74555.0
2013-05-09,95.14,95.145,95.109,95.129,70532.0
2013-05-10,95.124,95.19,95.114,95.162,84503.0
2013-05-13,95.16,95.161,95.089,95.131,54418.0
2013-05-14,95.143,95.143,95.11,95.123,58989.0
2013-05-15,95.122,95.126,95.075,95.084,71361.0
2013-05-16,95.084,95.099,94.96,94.961,90090.0
2013-05-17,95.01,95.119,94.981,95.066,70864.0
2013-05-20,95.06,95.08,94.93,95.038,73534.0
2013-05-21,95.019,95.045,94.91,94.96,94072.0
2013-05-22,94.965,94.999,94.945,94.981,86697.0
2013-05-23,94.991,95.025,94.93,94.974,97745.0
2013-05-24,94.981,95.013,94.979,94.99,72952.0
2013-05-27,94.999,95.11,94.999,95.094,92681.0
2013-05-28,95.1,95.19,95.072,95.1,86570.0
2013-05-29,95.111,95.12,95.062,95.095,91710.0
2013-05-30,95.09,95.17,95.06,95.121,86998.0
2013-05-31,95.12,95.21,95.11,95.113,79604.0
2013-06-03,95.175,95.175,95.07,95.099,91586.0
2013-06-04,95.093,95.149,95.065,95.095,80708.0
2013-06-05,95.082,95.115,95.06,95.07,116934.0
2013-06-06,95.07,95.094,95.052,95.073,155120.0
2013-06-07,95.08,95.15,95.046,95.096,160578.0
2013-06-13,95.098,95.157,95.061,95.101,155559.0
2013-06-14,95.11,95.15,95.051,95.06,112053.0
2013-06-17,95.051,95.075,94.993,95.031,117988.0
2013-06-18,95.032,95.047,94.94,94.978,114005.0
2013-06-19,94.951,95.015,94.59,94.661,89283.0
2013-06-20,94.692,94.699,92.89,93.75,63175.0
2013-06-21,93.7,94.119,93.7,93.921,96270.0
2013-06-24,93.98,94.39,93.391,93.949,80438.0
2013-06-25,94.04,94.577,93.959,94.514,75956.0
2013-06-26,94.45,95.39,94.45,94.923,85533.0
2013-06-27,94.956,95.203,94.956,95.023,126224.0
2013-06-28,95.056,95.188,94.92,95.058,108476.0
2013-07-01,95.086,95.144,94.957,95.051,76341.0
2013-07-02,95.089,95.098,95.03,95.058,71865.0
2013-07-03,95.058,95.08,94.958,95.001,65937.0
2013-07-04,95.001,95.022,94.961,94.998,47679.0
2013-07-05,95.027,95.08,94.991,95.058,48185.0
2013-07-08,95.061,95.118,95.061,95.095,47814.0
2013-07-09,95.11,95.11,94.821,94.965,34423.0
2013-07-10,94.98,95.03,94.901,94.903,49400.0
2013-07-11,94.898,94.92,94.191,94.329,36793.0
2013-07-12,94.34,94.473,94.088,94.175,42024.0
2013-07-15,94.176,94.294,94.126,94.277,54235.0
2013-07-16,94.275,94.275,94.125,94.22,56794.0
2013-07-17,94.22,94.24,94.008,94.047,45014.0
2013-07-18,94.04,94.119,93.903,94.035,48857.0
2013-07-19,94.011,94.27,94.011,94.064,42097.0
2013-07-22,94.064,94.091,93.993,93.996,48813.0
2013-07-23,94.005,94.03,93.97,94.004,85910.0
2013-07-24,94.009,94.02,93.822,93.893,49320.0
2013-07-25,93.84,93.899,93.601,93.84,65361.0
2013-07-26,93.878,94.44,93.877,93.909,34624.0
2013-07-29,93.94,94.148,93.935,93.97,54246.0
2013-07-30,93.97,94.58,93.97,94.085,52811.0
2013-07-31,94.135,94.3,94.1,94.272,78347.0
2013-08-01,94.291,94.39,94.27,94.371,78904.0
2013-08-02,94.44,94.49,94.152,94.17,49201.0
2013-08-05,94.182,94.249,94.137,94.17,82713.0
2013-08-06,94.186,94.238,94.145,94.18,83455.0
2013-08-07,94.23,94.23,93.79,93.836,52913.0
2013-08-08,93.886,93.9,93.593,93.68,52926.0
2013-08-09,93.64,93.831,93.625,93.651,63742.0
2013-08-12,93.65,93.728,93.491,93.53,63488.0
2013-08-13,93.54,93.587,93.346,93.36,62007.0
2013-08-14,93.36,93.398,93.081,93.091,57542.0
2013-08-15,93.091,93.14,92.87,93.122,55832.0
2013-08-16,93.125,93.35,93.118,93.327,56622.0
2013-08-19,93.339,93.339,92.878,92.894,45911.0
2013-08-20,92.894,92.989,92.61,92.937,39249.0
2013-08-21,92.924,93.115,92.79,92.971,49473.0
2013-08-22,92.978,93.04,92.89,92.892,54664.0
2013-08-23,92.973,93.225,92.901,93.148,39264.0
2013-08-26,93.148,93.488,93.14,93.193,43823.0
2013-08-27,93.27,94.19,93.19,93.196,61134.0
2013-08-28,93.206,93.228,92.79,92.856,51266.0
2013-08-29,92.862,93.21,92.86,92.905,80603.0
2013-08-30,92.94,93.03,92.911,93.027,72010.0
2013-09-02,92.98,93.111,92.97,93.014,45724.0
2013-09-03,93.01,93.02,92.888,92.963,69573.0
2013-09-04,92.963,92.99,92.902,92.904,77782.0
2013-09-05,92.895,92.92,92.83,92.847,93549.0
2013-09-06,92.857,92.929,92.79,92.795,72015.0
2013-09-09,92.778,92.829,92.7,92.714,40180.0
2013-09-10,92.721,92.74,92.62,92.627,50955.0
2013-09-11,92.61,92.61,92.12,92.292,17552.0
2013-09-12,92.17,92.475,92.17,92.241,37016.0
2013-09-13,92.288,92.353,92.236,92.301,48953.0
2013-09-16,92.39,92.67,92.318,92.598,48784.0
2013-09-17,92.411,92.848,92.411,92.649,63926.0
2013-09-18,92.649,92.875,92.619,92.797,49673.0
2013-09-23,92.801,93.093,92.49,92.838,79473.0
2013-09-24,92.87,92.889,92.6,92.678,93052.0
2013-09-25,92.71,92.899,92.49,92.777,86193.0
2013-09-26,92.74,93.169,92.74,93.019,95830.0
2013-09-27,92.99,93.075,92.94,92.981,74784.0
2013-09-30,92.982,93.105,92.981,93.028,52715.0
2013-10-08,93.031,93.29,93.031,93.076,42488.0
2013-10-09,93.083,93.392,92.49,93.149,33148.0
2013-10-10,93.149,93.239,92.961,93.091,23281.0
2013-10-11,93.17,93.2,93.01,93.077,25213.0
2013-10-14,93.077,93.077,92.79,92.895,36848.0
2013-10-15,92.906,93.88,92.81,92.881,82705.0
2013-10-16,92.886,93.035,92.845,92.959,69197.0
2013-10-17,92.967,92.97,92.626,92.763,66613.0
2013-10-18,92.763,92.878,92.695,92.774,114404.0
2013-10-21,92.768,92.825,92.71,92.744,76921.0
2013-10-22,92.681,92.74,92.624,92.699,70318.0
2013-10-23,92.692,92.777,92.671,92.74,69208.0
2013-10-24,92.69,92.765,92.544,92.577,90266.0
2013-10-25,92.56,92.619,92.453,92.482,85836.0
2013-10-28,92.658,92.658,92.292,92.467,91371.0
2013-10-29,92.578,92.665,92.337,92.379,79246.0
2013-10-30,92.386,92.461,92.279,92.328,137011.0
2013-10-31,92.405,92.688,92.361,92.627,160060.0
2013-11-01,92.63,92.821,92.63,92.707,102552.0
2013-11-04,92.718,92.856,92.432,92.592,65790.0
2013-11-05,92.613,92.658,92.3,92.465,78854.0
2013-11-06,92.471,92.498,92.092,92.188,117606.0
2013-11-07,92.189,92.21,91.545,91.709,33889.0
2013-11-08,91.623,91.81,91.211,91.326,27324.0
2013-11-11,91.04,91.328,90.701,90.89,38263.0
2013-11-12,90.91,91.672,90.89,91.103,42079.0
2013-11-13,91.103,91.29,90.604,90.681,47305.0
2013-11-14,90.691,91.178,90.66,91.046,55150.0
2013-11-15,91.146,91.172,90.498,90.674,43482.0
2013-11-18,90.675,90.719,90.477,90.504,55313.0
2013-11-19,90.583,90.9,90.505,90.79,58837.0
2013-11-20,90.836,91.085,90.695,90.87,75476.0
2013-11-21,90.97,91.17,90.89,91.06,94056.0
2013-11-22,91.073,91.54,91.073,91.413,92939.0
2013-11-25,91.445,91.564,91.291,91.332,92810.0
2013-11-26,91.48,91.513,91.153,91.29,191172.0
2013-11-27,91.33,91.605,91.32,91.501,162909.0
2013-11-28,91.49,91.65,91.39,91.504,193556.0
2013-11-29,91.534,91.805,91.504,91.507,174654.0
2013-12-02,91.51,91.578,90.0,90.82,147101.0
2013-12-03,90.88,91.209,90.71,91.176,132170.0
2013-12-04,91.29,91.735,91.14,91.268,199898.0
2013-12-05,91.22,91.6,91.22,91.361,145501.0
2013-12-06,91.458,91.499,91.29,91.314,136217.0
2013-12-09,91.323,91.42,91.012,91.098,64263.0
2013-12-10,91.045,91.065,90.841,90.861,79052.0
2013-12-11,90.73,91.055,90.73,90.855,58720.0
2013-12-12,90.89,91.27,90.85,91.105,60444.0
2013-12-13,91.12,91.39,91.071,91.137,83875.0
2013-12-16,91.358,91.369,90.995,91.041,61492.0
2013-12-17,91.178,91.19,90.984,90.997,81480.0
2013-12-18,91.041,91.055,90.84,90.914,91914.0
2013-12-19,90.887,90.966,90.755,90.766,67237.0
2013-12-20,90.815,90.919,90.771,90.79,54078.0
2013-12-23,90.813,91.023,90.706,90.907,67033.0
2013-12-24,90.948,91.33,90.853,90.883,52544.0
2013-12-25,90.895,91.1,90.895,90.979,59598.0
2013-12-26,91.03,91.239,90.942,91.037,24859.0
2013-12-27,91.045,91.18,90.901,90.933,37522.0
2013-12-30,90.925,91.249,90.925,90.943,58882.0
2013-12-31,90.95,91.192,90.911,91.168,28073.0
2014-01-02,91.103,91.2,90.93,90.996,8231.0
2014-01-03,90.988,91.02,90.72,90.741,3865.0
2014-01-06,90.78,90.79,90.529,90.553,2547.0
2014-01-07,90.579,90.79,90.579,90.723,1908.0
2014-01-08,90.595,91.007,90.592,90.986,3087.0
2014-01-09,90.99,91.13,90.891,90.891,2754.0
2014-01-10,91.009,91.01,90.901,90.957,9261.0
2014-01-13,91.289,91.72,90.941,91.07,6262.0
2014-01-14,91.082,91.082,90.948,90.989,5813.0
2014-01-15,90.971,91.068,90.891,91.064,6646.0
2014-01-16,91.339,91.42,90.958,91.062,9780.0
2014-01-17,91.061,91.088,90.89,90.92,9014.0
2014-01-20,91.059,91.059,90.806,90.869,13714.0
2014-01-21,90.99,91.29,90.89,91.218,12265.0
2014-01-22,91.31,91.625,91.223,91.51,11271.0
2014-01-23,91.51,91.71,91.51,91.584,21732.0
2014-01-24,91.584,91.584,91.441,91.516,11093.0
2014-01-27,91.516,91.95,91.191,91.935,21442.0
2014-01-28,91.89,91.94,91.758,91.891,15232.0
2014-01-29,91.891,91.94,90.899,91.855,7523.0
2014-01-30,91.726,91.95,91.726,91.89,5409.0
2014-02-07,91.89,92.049,91.818,91.951,6096.0
2014-02-10,91.955,92.09,91.951,91.96,14454.0
2014-02-11,91.96,92.04,91.19,92.012,11936.0
2014-02-12,92.029,92.083,92.011,92.013,14477.0
2014-02-13,92.04,92.07,91.794,92.06,18480.0
2014-02-14,92.06,92.2,92.06,92.2,19656.0
2014-02-17,92.2,92.203,92.1,92.165,26794.0
2014-02-18,92.176,92.46,92.094,92.21,32327.0
2014-02-19,92.16,92.495,92.141,92.457,14603.0
2014-02-20,92.459,92.49,92.298,92.39,15546.0
2014-02-21,92.39,92.44,92.22,92.251,14559.0
2014-02-24,92.223,92.48,92.223,92.415,21001.0
2014-02-25,92.415,92.626,92.415,92.623,36751.0
2014-02-26,92.656,92.872,92.556,92.623,30022.0
2014-02-27,92.688,92.96,92.688,92.859,30647.0
2014-02-28,92.87,92.96,92.79,92.823,26196.0
2014-03-03,92.79,92.894,92.698,92.751,23783.0
2014-03-04,92.712,92.836,92.306,92.39,11815.0
2014-03-05,92.34,92.669,92.315,92.339,22839.0
2014-03-06,92.38,92.5,92.256,92.413,19734.0
2014-03-07,92.14,92.59,92.14,92.36,11063.0
2014-03-10,92.39,92.423,92.281,92.356,22082.0
2014-03-11,82.667,92.49,82.667,92.425,13427.0
2014-03-12,92.505,92.56,92.39,92.432,32680.0
2014-03-13,92.48,92.702,92.297,92.7,13292.0
2014-03-14,92.5,92.99,92.5,92.741,9256.0
2014-03-17,92.749,92.985,92.749,92.842,16785.0
2014-03-18,92.826,92.88,92.638,92.654,17508.0
2014-03-19,92.69,92.761,92.56,92.578,23416.0
2014-03-20,92.5,92.632,92.49,92.528,25722.0
2014-03-21,92.579,92.873,92.479,92.739,20676.0
2014-03-24,92.54,92.809,92.54,92.747,26380.0
2014-03-25,92.807,92.807,92.636,92.694,31553.0
2014-03-26,92.695,92.757,92.648,92.689,23224.0
2014-03-27,92.648,92.692,92.592,92.664,33287.0
2014-03-28,92.49,92.685,92.473,92.502,23517.0
2014-03-31,92.529,92.551,92.4,92.449,24529.0
2014-04-01,92.391,92.478,91.892,92.398,19594.0
2014-04-02,92.35,92.515,92.286,92.312,17841.0
2014-04-03,92.306,92.402,92.223,92.309,19294.0
2014-04-04,91.901,92.363,91.901,92.212,21206.0
2014-04-08,91.89,92.288,91.89,92.287,18452.0
2014-04-09,92.24,92.42,92.24,92.379,23611.0
2014-04-10,92.191,92.599,92.191,92.487,24047.0
2014-04-11,92.49,92.808,92.49,92.744,13750.0
2014-04-14,92.685,92.952,92.685,92.841,18105.0
2014-04-15,92.79,93.36,92.79,93.166,20354.0
2014-04-16,93.137,93.233,92.841,92.856,22902.0
2014-04-17,93.188,93.69,93.09,93.419,14534.0
2014-04-18,93.398,93.77,93.358,93.442,21665.0
2014-04-21,93.54,93.75,93.391,93.572,20424.0
2014-04-22,93.495,93.64,92.901,93.176,23489.0
2014-04-23,93.19,93.437,92.985,93.236,25861.0
2014-04-24,93.089,93.25,92.829,92.909,17357.0
2014-04-25,93.183,93.346,92.896,93.199,28847.0
2014-04-28,93.04,93.459,92.91,93.058,16648.0
2014-04-29,93.048,93.589,92.993,93.175,19368.0
2014-04-30,93.1,93.57,93.1,93.512,17829.0
2014-05-05,93.47,93.725,93.47,93.646,21252.0
2014-05-06,93.69,93.848,93.669,93.733,26562.0
2014-05-07,93.733,93.861,93.57,93.59,32349.0
2014-05-08,93.608,93.786,93.518,93.746,29666.0
2014-05-09,93.746,94.22,93.746,94.102,38124.0
2014-05-12,94.14,94.177,93.69,94.01,45821.0
2014-05-13,94.04,94.17,93.963,93.977,58093.0
2014-05-14,93.98,94.129,93.597,93.85,34213.0
2014-05-15,93.89,94.009,93.736,93.935,42225.0
2014-05-16,93.841,94.04,93.841,93.942,38319.0
2014-05-19,93.948,94.043,93.834,93.878,67095.0
2014-05-20,93.792,93.98,93.792,93.893,62494.0
2014-05-21,93.891,94.02,93.802,93.84,66375.0
2014-05-22,93.56,94.078,93.56,93.964,55575.0
2014-05-23,93.971,94.1,93.916,94.034,62868.0
2014-05-26,94.005,94.441,94.005,94.158,64008.0
2014-05-27,94.174,94.54,94.174,94.437,52471.0
2014-05-28,94.45,94.52,94.402,94.44,105048.0
2014-05-29,94.47,94.73,94.47,94.609,51263.0
2014-05-30,94.786,95.59,94.291,94.717,71259.0
2014-06-03,94.741,94.88,94.641,94.88,70236.0
2014-06-04,94.88,95.386,94.84,95.291,49304.0
2014-06-05,95.303,95.356,94.666,94.681,20584.0
2014-06-06,94.723,94.88,94.492,94.752,68883.0
2014-06-09,94.8,94.8,94.6,94.787,49136.0
2014-06-10,94.787,94.969,94.73,94.768,67680.0
2014-06-11,94.753,94.899,94.73,94.85,68003.0
2014-06-12,94.77,94.905,94.5,94.669,71685.0
2014-06-13,94.645,94.728,94.55,94.626,86024.0
2014-06-16,94.67,95.048,94.67,95.025,65251.0
2014-06-17,95.051,95.244,94.762,94.813,69082.0
2014-06-18,94.87,94.942,94.678,94.826,72243.0
2014-06-19,94.865,94.878,94.701,94.79,106498.0
2014-06-20,94.795,95.032,94.701,94.879,99770.0
2014-06-23,94.86,95.001,94.842,94.889,146234.0
2014-06-24,94.913,95.29,94.84,95.134,129163.0
2014-06-25,94.965,95.168,94.895,95.104,96730.0
2014-06-26,95.147,95.147,94.893,94.91,85205.0
2014-06-27,94.92,94.982,94.812,94.831,87140.0
2014-06-30,94.846,94.94,94.49,94.776,38441.0
2014-07-01,94.826,94.826,94.601,94.676,28458.0
2014-07-02,94.676,94.721,94.572,94.598,28576.0
2014-07-03,94.601,94.66,94.556,94.614,28267.0
2014-07-04,94.604,94.68,94.55,94.612,27851.0
2014-07-07,94.64,94.656,94.561,94.57,23802.0
2014-07-08,94.556,94.604,94.158,94.227,17648.0
2014-07-09,94.29,94.366,93.892,93.935,16011.0
2014-07-10,93.922,94.005,93.56,93.573,18212.0
2014-07-11,93.626,94.44,93.572,94.302,14592.0
2014-07-14,94.3,94.537,94.24,94.408,17265.0
2014-07-15,94.408,94.529,94.29,94.33,17501.0
2014-07-16,94.291,94.333,93.911,94.094,16395.0
2014-07-17,93.996,94.038,93.711,93.785,19589.0
2014-07-18,93.69,93.88,93.554,93.753,14076.0
2014-07-21,93.69,93.88,93.69,93.805,21240.0
2014-07-22,93.77,94.04,93.77,93.895,36004.0
2014-07-23,93.9,93.968,93.73,93.904,20606.0
2014-07-24,93.952,93.952,93.85,93.864,37968.0
2014-07-25,94.001,94.09,93.901,94.027,25740.0
2014-07-28,94.01,94.08,94.0,94.024,35833.0
2014-07-29,94.0,94.04,93.89,94.0,40319.0
2014-07-30,94.011,94.19,93.98,94.176,32153.0
2014-07-31,94.06,94.286,94.06,94.196,19827.0
2014-08-01,94.11,94.89,94.11,94.685,14016.0
2014-08-04,94.64,94.88,94.3,94.693,12994.0
2014-08-05,94.641,94.878,94.641,94.774,21284.0
2014-08-06,94.775,94.933,94.75,94.871,44359.0
2014-08-07,94.847,94.92,94.611,94.696,39939.0
2014-08-08,94.7,94.865,94.7,94.792,35485.0
2014-08-11,94.72,94.908,94.72,94.837,50599.0
2014-08-12,94.791,94.884,94.72,94.77,46616.0
2014-08-13,94.77,95.112,94.67,94.844,53973.0
2014-08-14,94.892,95.29,94.816,94.905,39024.0
2014-08-15,94.823,95.086,94.823,95.031,50895.0
2014-08-18,94.94,95.088,94.909,94.964,66801.0
2014-08-19,94.956,94.986,94.885,94.927,106258.0
2014-08-20,94.89,94.981,94.845,94.888,92949.0
2014-08-21,94.891,94.92,94.798,94.83,91178.0
2014-08-22,94.831,94.87,94.775,94.803,124559.0
2014-08-25,94.79,94.849,94.79,94.802,135096.0
2014-08-26,94.813,95.186,94.793,94.878,70137.0
2014-08-27,94.87,94.992,94.59,94.799,84379.0
2014-08-28,94.85,94.904,94.791,94.862,83980.0
2014-08-29,94.812,94.942,94.812,94.883,75403.0
2014-09-01,94.85,94.962,94.85,94.94,96055.0
2014-09-02,94.92,95.039,94.89,94.906,65393.0
2014-09-03,94.915,94.961,94.872,94.885,84219.0
2014-09-04,94.885,94.907,94.851,94.864,101347.0
2014-09-05,94.865,94.896,94.841,94.862,85248.0
2014-09-09,94.882,94.975,94.864,94.891,76646.0
2014-09-10,94.897,94.917,94.79,94.826,71796.0
2014-09-11,94.825,94.87,94.792,94.814,75125.0
2014-09-12,94.829,94.846,94.77,94.792,120881.0
2014-09-15,94.826,94.902,94.797,94.886,89114.0
2014-09-16,94.893,94.91,94.61,94.87,73768.0
2014-09-17,94.906,94.931,94.83,94.889,77640.0
2014-09-18,94.885,95.486,94.812,95.38,48210.0
2014-09-19,95.412,95.889,95.202,95.482,51441.0
2014-09-22,95.425,96.492,95.372,95.583,61123.0
2014-09-23,95.68,95.887,95.56,95.842,53527.0
2014-09-24,95.621,96.18,95.131,95.378,23473.0
2014-09-25,95.408,95.59,95.211,95.426,26381.0
2014-09-26,95.43,95.474,94.99,95.35,29653.0
2014-09-29,95.415,95.757,95.363,95.587,48535.0
2014-09-30,95.612,96.086,95.601,96.028,44050.0
2014-10-08,96.69,96.873,94.99,95.969,25722.0
2014-10-09,95.97,96.12,95.91,96.002,69352.0
2014-10-10,96.019,96.36,95.19,95.958,84731.0
2014-10-13,96.009,96.289,95.99,96.043,54838.0
2014-10-14,96.07,96.88,96.07,96.746,19762.0
2014-10-15,96.94,97.464,96.89,97.118,22952.0
2014-10-16,97.103,97.486,97.103,97.421,57696.0
2014-10-17,97.19,97.789,97.19,97.69,33762.0
2014-10-20,97.73,98.5,97.612,97.866,51646.0
2014-10-21,97.795,98.12,97.6,97.621,27486.0
2014-10-22,97.869,97.869,96.97,97.112,28047.0
2014-10-23,97.138,97.297,97.09,97.227,106781.0
2014-10-24,97.09,97.768,97.09,97.27,46037.0
2014-10-27,97.345,97.72,97.058,97.193,129037.0
2014-10-28,97.258,97.7,97.258,97.568,52014.0
2014-10-29,97.59,97.886,97.515,97.814,99397.0
2014-10-30,97.814,97.939,97.498,97.729,68984.0
2014-10-31,97.741,97.888,97.641,97.695,61239.0
2014-11-03,97.793,98.23,97.711,97.913,46247.0
2014-11-04,97.955,98.546,97.955,98.429,56407.0
2014-11-05,98.468,98.751,98.391,98.699,74303.0
2014-11-06,98.677,98.86,98.095,98.441,36962.0
2014-11-07,98.455,98.953,98.441,98.869,68920.0
2014-11-10,98.848,99.275,98.79,99.155,84274.0
2014-11-11,99.17,99.727,98.99,99.081,38239.0
2014-11-12,99.191,99.409,99.013,99.047,47143.0
2014-11-13,99.092,99.092,98.642,98.828,41492.0
2014-11-14,98.691,98.82,98.44,98.693,121392.0
2014-11-17,98.791,98.791,98.301,98.357,131694.0
2014-11-18,98.37,98.745,98.35,98.731,141873.0
2014-11-19,98.72,98.876,98.301,98.491,183793.0
2014-11-20,98.59,98.649,98.391,98.485,205286.0
2014-11-21,98.48,98.689,98.27,98.533,105241.0
2014-11-24,98.89,99.65,97.99,98.746,117684.0
2014-11-25,98.893,99.09,98.713,98.881,51034.0
2014-11-26,98.881,99.07,98.69,98.86,117646.0
2014-11-27,98.902,99.02,98.87,98.933,114989.0
2014-11-28,99.08,99.128,98.839,98.985,83593.0
2014-12-01,98.952,99.366,98.893,99.11,60819.0
2014-12-02,99.1,99.286,98.89,98.942,98023.0
2014-12-03,98.93,98.95,98.112,98.213,35752.0
2014-12-04,98.21,98.46,96.901,97.778,98681.0
2014-12-05,97.769,97.769,97.1,97.426,63610.0
2014-12-08,97.69,97.72,97.107,97.195,99060.0
2014-12-09,96.902,97.42,96.709,97.149,50594.0
2014-12-10,97.19,97.685,97.072,97.35,122561.0
2014-12-11,97.361,97.759,97.34,97.427,196687.0
2014-12-12,97.44,97.716,97.402,97.564,295963.0
2014-12-15,97.56,97.759,97.416,97.68,296056.0
2014-12-16,97.621,97.881,97.621,97.797,282163.0
2014-12-17,97.797,98.386,97.646,98.31,200272.0
2014-12-18,98.34,98.45,97.739,98.011,206661.0
2014-12-19,98.001,98.35,97.93,98.076,276207.0
2014-12-22,98.09,98.165,97.867,98.095,244310.0
2014-12-23,98.103,98.505,97.91,98.28,347173.0
2014-12-24,98.588,99.276,98.4,98.568,126947.0
2014-12-25,98.593,98.878,98.5,98.514,352140.0
2014-12-26,98.579,98.746,98.245,98.394,369967.0
2014-12-29,98.492,98.65,98.311,98.393,325773.0
2014-12-30,98.44,98.59,98.12,98.155,386978.0
2014-12-31,98.278,98.44,98.022,98.288,170909.0
2015-01-05,98.286,98.374,98.142,98.186,21728.0
2015-01-06,98.053,98.29,98.053,98.252,16614.0
2015-01-07,98.22,98.435,98.22,98.382,57835.0
2015-01-08,98.489,98.489,98.288,98.408,91999.0
2015-01-09,98.416,98.718,98.379,98.605,76539.0
2015-01-12,98.588,98.883,98.52,98.88,74098.0
2015-01-13,98.841,99.188,98.737,99.118,89036.0
2015-01-14,99.141,99.266,99.118,99.232,74153.0
2015-01-15,99.59,99.659,99.24,99.547,68892.0
2015-01-16,99.44,100.386,99.44,100.107,45617.0
2015-01-19,100.09,101.305,100.089,100.433,36653.0
2015-01-20,99.25,100.875,99.25,100.438,51972.0
2015-01-21,100.584,100.584,100.42,100.505,107539.0
2015-01-22,100.568,100.712,100.44,100.533,78538.0
2015-01-23,100.541,100.67,100.49,100.583,145966.0
2015-01-26,100.667,100.769,100.59,100.71,141887.0
2015-01-27,100.64,100.885,100.64,100.809,133017.0
2015-01-28,100.809,101.069,100.691,100.739,180515.0
2015-01-29,100.504,100.99,100.504,100.579,87964.0
2015-01-30,100.59,100.669,100.14,100.203,98527.0
2015-02-02,100.29,100.48,100.192,100.347,122450.0
2015-02-03,100.322,100.64,100.322,100.563,50356.0
2015-02-04,100.588,100.768,100.588,100.721,101217.0
2015-02-05,100.821,100.98,100.79,100.923,199291.0
2015-02-06,100.938,101.889,100.89,101.342,4913.0
2015-02-09,101.345,101.774,100.99,101.485,28168.0
2015-02-10,101.51,101.53,100.589,100.83,29628.0
2015-02-11,101.189,101.456,100.691,101.377,26260.0
2015-02-12,101.49,101.84,101.4,101.663,39895.0
2015-02-13,101.63,101.889,101.63,101.852,191147.0
2015-02-16,101.858,102.076,101.223,101.567,33206.0
2015-02-17,101.726,101.828,101.442,101.788,21161.0
2015-02-25,101.84,101.842,101.713,101.794,118964.0
2015-02-26,101.985,102.29,101.59,101.597,149498.0
2015-02-27,101.561,101.709,101.561,101.619,91356.0
2015-03-02,101.635,101.68,101.222,101.297,36813.0
2015-03-03,101.265,101.425,101.215,101.249,65814.0
2015-03-04,101.17,101.411,101.17,101.325,95170.0
2015-03-05,101.327,101.349,101.121,101.146,92747.0
2015-03-06,101.111,101.246,101.092,101.112,38431.0
2015-03-09,101.091,101.152,100.601,100.765,38809.0
2015-03-10,100.969,101.09,100.591,100.637,26651.0
2015-03-11,100.839,101.29,100.592,101.19,40329.0
2015-03-12,101.19,101.504,101.001,101.193,32719.0
2015-03-13,101.212,101.352,101.1,101.107,71394.0
2015-03-16,101.39,101.39,101.02,101.105,208716.0
2015-03-17,101.031,101.256,101.031,101.168,101521.0
2015-03-18,101.171,101.425,101.115,101.144,88522.0
2015-03-19,101.145,101.365,101.128,101.146,60086.0
2015-03-20,101.159,101.254,101.144,101.163,128026.0
2015-03-23,101.172,101.311,101.172,101.233,101047.0
2015-03-24,101.274,101.421,101.191,101.232,126109.0
2015-03-25,101.251,101.351,101.2,101.242,77121.0
2015-03-26,101.243,101.265,101.182,101.213,176386.0
2015-03-27,101.213,101.245,101.05,101.13,86630.5
2015-03-30,101.13,101.182,100.593,100.628,75509.0
2015-03-31,100.642,100.68,99.804,99.936,90504.0
2015-04-01,100.09,100.323,100.084,100.309,85698.0
2015-04-02,100.331,100.56,100.331,100.51,138896.0
2015-04-03,100.562,100.62,100.345,100.389,94896.0
2015-04-07,100.361,100.389,100.241,100.314,112842.0
2015-04-08,100.31,100.416,100.091,100.145,42462.0
2015-04-09,100.001,100.233,100.001,100.219,203174.0
2015-04-10,100.232,100.31,100.208,100.277,199937.0
2015-04-13,100.3,100.356,100.275,100.356,57727.0
2015-04-14,100.356,100.55,100.315,100.533,33207.0
2015-04-15,100.587,100.843,100.442,100.502,58811.0
2015-04-16,100.502,101.89,100.502,101.187,30579.0
2015-04-17,100.778,101.688,100.778,101.203,95520.0
2015-04-20,101.291,101.638,101.29,101.55,32967.0
2015-04-21,101.669,102.81,101.556,101.607,77044.0
2015-04-22,101.89,101.902,101.492,101.832,65555.0
2015-04-23,101.838,101.838,101.61,101.727,40963.0
2015-04-24,101.727,101.74,101.531,101.54,84775.0
2015-04-27,101.559,101.839,101.54,101.83,99996.0
2015-04-28,101.8,101.951,101.8,101.949,48547.0
2015-04-29,101.742,102.33,101.49,101.989,65412.0
2015-04-30,101.89,102.19,101.89,102.12,48759.0
2015-05-04,102.33,102.34,101.69,101.802,34969.0
2015-05-05,101.94,102.04,101.711,101.758,52122.0
2015-05-06,101.731,101.76,101.291,101.345,27832.0
2015-05-07,101.291,101.548,101.29,101.548,44164.0
2015-05-08,101.646,101.946,101.61,101.919,59683.0
2015-05-11,101.92,102.136,101.915,102.088,31498.0
2015-05-12,102.16,102.16,101.99,102.07,60054.0
2015-05-13,102.09,102.11,101.969,102.022,54757.0
2015-05-14,102.035,102.377,102.035,102.247,30458.0
2015-05-15,102.307,102.434,102.241,102.262,55070.0
2015-05-18,102.271,102.373,102.27,102.29,99637.0
2015-05-19,102.215,102.289,102.041,102.083,44912.0
2015-05-20,102.278,102.278,101.875,101.975,23974.0
2015-05-21,101.936,102.036,101.606,101.836,34133.0
2015-05-22,101.888,102.26,101.888,101.93,66163.0
2015-05-25,101.99,101.99,101.596,101.925,36943.0
2015-05-26,101.927,101.97,101.788,101.904,93759.0
2015-05-27,101.8,102.34,101.77,101.796,130923.0
2015-05-28,101.89,102.088,101.713,101.819,280075.0
2015-05-29,101.81,101.81,100.993,101.201,62704.0
2015-06-01,101.376,101.89,100.391,100.69,65704.0
2015-06-02,100.66,101.29,100.512,100.86,78274.0
2015-06-03,100.81,101.491,100.81,101.485,107687.0
2015-06-04,101.49,101.888,101.301,101.58,69348.0
2015-06-05,101.54,102.4,101.503,101.941,126671.0
2015-06-08,101.893,102.689,101.889,102.041,59052.0
2015-06-09,102.28,102.31,101.79,101.829,106516.0
2015-06-10,101.978,102.0,101.495,101.583,38586.0
2015-06-11,101.545,101.976,101.24,101.63,263930.0
2015-06-12,101.63,101.88,101.49,101.5,172356.0
2015-06-15,101.5,101.502,101.054,101.089,50684.0
2015-06-16,101.34,101.34,100.69,101.086,72797.0
2015-06-17,101.001,101.17,99.89,100.94,45547.0
2015-06-18,101.23,101.288,100.794,101.011,132692.0
2015-06-19,101.011,101.09,100.95,101.088,65884.0
2015-06-23,101.03,101.549,101.03,101.282,70294.0
2015-06-24,101.282,101.555,101.28,101.546,156070.0
2015-06-25,101.556,101.684,101.09,101.09,121915.0
2015-06-26,101.209,101.691,100.621,100.685,136295.0
2015-06-29,101.26,101.862,100.415,100.84,71258.0
2015-06-30,100.802,100.915,100.71,100.778,59485.0
2015-07-01,100.778,101.04,100.6,100.96,6560.0
2015-07-02,100.95,100.95,100.69,100.713,3876.0
2015-07-03,100.661,101.854,100.661,100.797,4004.0
2015-07-06,100.81,101.49,100.81,101.48,5231.0
2015-07-07,101.132,102.2,101.132,102.189,17908.0
2015-07-08,102.201,102.806,102.201,102.708,11099.0
2015-07-09,102.491,102.611,101.981,102.543,4781.0
2015-07-10,102.676,102.676,101.495,101.932,2907.0
2015-07-13,101.89,102.19,101.89,102.074,21578.0
2015-07-14,102.07,102.374,101.69,101.97,32095.0
2015-07-15,102.045,102.686,101.69,102.223,39241.0
2015-07-16,102.222,112.89,102.058,102.79,31873.0
2015-07-17,102.79,103.886,102.721,103.495,14537.0
2015-07-20,103.201,103.624,103.2,103.291,10794.0
2015-07-21,103.585,103.585,103.191,103.25,19255.0
2015-07-22,103.26,103.292,102.89,103.206,30123.0
2015-07-23,103.25,103.373,103.19,103.34,21473.0
2015-07-24,103.05,103.374,102.919,102.933,21398.0
2015-07-27,103.063,103.064,102.693,102.989,12620.0
2015-07-28,103.019,103.69,102.911,103.264,21110.0
2015-07-29,103.27,105.89,103.264,103.611,16475.0
2015-07-30,103.478,104.09,102.843,103.156,44192.0
2015-07-31,103.168,103.168,102.924,103.07,58232.0
2015-08-03,103.06,103.69,102.89,103.283,35316.0
2015-08-04,102.69,103.609,102.65,103.072,72125.0
2015-08-05,103.29,103.45,103.083,103.313,94868.0
2015-08-06,103.291,103.545,103.212,103.512,65617.0
2015-08-07,103.54,103.84,103.54,103.579,60369.0
2015-08-10,103.41,103.881,103.4,103.553,17158.0
2015-08-11,103.53,103.724,103.43,103.483,26476.0
2015-08-12,103.48,103.552,103.19,103.412,26406.0
2015-08-13,103.385,103.63,103.223,103.298,48469.0
2015-08-14,103.34,103.405,103.22,103.248,33614.0
2015-08-17,103.215,103.279,102.83,102.908,12781.0
2015-08-18,102.989,102.989,102.49,102.525,26995.0
2015-08-19,102.439,102.59,102.439,102.588,153487.0
2015-08-20,102.53,102.628,102.521,102.576,173871.0
2015-08-21,102.49,102.68,102.49,102.603,51376.0
2015-08-24,102.478,102.99,102.478,102.773,34663.0
2015-08-25,102.674,103.009,102.674,102.89,86529.0
2015-08-26,102.7,103.178,102.695,102.99,102462.0
2015-08-27,103.088,103.271,102.903,103.268,74265.0
2015-08-28,103.182,103.54,102.99,103.422,21280.0
2015-08-31,103.422,103.92,103.342,103.656,153936.0
2015-09-01,103.74,104.04,103.676,104.02,94819.0
2015-09-02,103.99,104.27,103.889,104.005,28987.0
2015-09-07,103.998,104.803,103.47,103.909,82456.0
2015-09-08,103.885,103.91,103.492,103.529,103619.0
2015-09-09,103.525,103.627,103.525,103.557,133255.0
2015-09-10,103.581,103.581,103.33,103.34,56820.0
2015-09-11,103.389,103.47,103.024,103.104,94782.0
2015-09-14,103.099,103.279,103.099,103.279,119552.0
2015-09-15,103.3,103.416,103.204,103.318,128676.0
2015-09-16,103.315,103.49,103.211,103.29,123281.0
2015-09-17,103.24,103.388,103.24,103.262,176434.0
2015-09-18,103.289,103.289,103.207,103.248,133179.0
2015-09-21,103.29,103.31,103.249,103.267,193669.0
2015-09-22,103.268,103.286,103.19,103.195,206110.0
2015-09-23,103.2,103.215,103.191,103.211,383464.0
2015-09-24,103.211,103.222,103.181,103.205,284192.0
2015-09-25,103.21,103.21,103.138,103.168,359103.0
2015-09-28,103.161,103.3,101.09,103.191,162973.0
2015-09-29,103.19,103.32,103.181,103.319,52569.0
2015-09-30,103.407,103.616,103.32,103.581,20715.0
2015-10-08,103.6,103.6,103.308,103.469,5105.0
2015-10-09,103.58,104.059,102.79,103.75,7774.0
2015-10-12,103.44,104.339,103.44,104.33,9991.0
2015-10-13,104.165,104.688,104.165,104.192,8792.0
2015-10-14,104.289,104.672,104.211,104.513,21369.0
2015-10-15,104.729,104.729,104.32,104.341,11153.0
2015-10-16,104.28,104.32,103.84,103.906,11569.0
2015-10-19,103.902,104.0,103.812,103.954,23046.0
2015-10-20,103.98,104.486,103.98,104.479,8413.0
2015-10-21,104.45,104.53,104.193,104.389,19215.0
2015-10-22,104.388,104.398,104.2,104.296,11025.0
2015-10-23,104.297,104.623,104.277,104.429,6273.0
2015-10-26,104.17,104.594,104.17,104.554,20454.0
2015-10-27,104.69,104.78,104.562,104.74,20026.0
2015-10-28,104.74,105.109,104.74,104.93,9277.0
2015-10-29,104.89,104.974,104.59,104.638,16681.0
2015-10-30,104.62,104.727,104.6,104.695,12889.0
2015-11-02,104.695,104.864,104.628,104.726,17442.0
2015-11-03,104.44,104.71,104.44,104.663,11901.0
2015-11-04,104.654,104.654,104.246,104.296,10718.0
2015-11-05,104.325,104.325,104.15,104.282,10473.0
2015-11-06,104.284,104.284,104.03,104.112,9418.0
2015-11-09,104.111,104.111,102.39,103.104,10008.0
2015-11-10,103.378,103.454,103.06,103.391,7498.0
2015-11-11,103.416,103.815,103.378,103.807,20221.0
2015-11-12,103.79,103.99,103.664,103.903,17129.0
2015-11-13,103.94,104.005,103.853,103.893,21357.0
2015-11-16,103.92,103.989,103.83,103.922,9226.0
2015-11-17,103.922,104.04,103.834,104.04,16546.0
2015-11-18,104.039,104.04,103.835,103.843,45763.0
2015-11-19,103.825,103.908,103.791,103.902,15244.0
2015-11-20,103.86,103.987,103.853,103.913,7884.0
2015-11-23,103.891,103.964,103.82,103.912,13140.0
2015-11-24,103.908,104.221,103.899,104.158,13798.0
2015-11-25,104.158,104.338,104.112,104.163,23546.0
2015-11-26,104.163,104.537,104.163,104.385,18069.0
2015-11-27,104.423,104.461,104.29,104.333,31329.0
2015-11-30,104.325,104.558,104.29,104.468,10364.0
2015-12-01,104.471,104.482,104.273,104.323,6195.0
2015-12-02,104.423,104.63,104.42,104.49,8585.0
2015-12-03,104.528,104.574,104.463,104.525,16425.0
2015-12-04,104.608,104.636,104.446,104.506,20103.0
2015-12-07,104.501,104.638,104.501,104.561,19823.0
2015-12-08,104.561,104.639,104.515,104.615,17791.0
2015-12-09,104.615,104.64,104.592,104.601,16472.0
2015-12-10,104.603,104.713,104.602,104.647,17788.0
2015-12-11,104.619,104.68,104.619,104.649,23498.0
2015-12-14,104.65,104.65,104.503,104.52,43593.0
2015-12-15,104.467,104.618,104.467,104.594,12988.0
2015-12-16,104.579,104.682,104.511,104.675,21863.0
2015-12-17,104.675,104.768,104.635,104.711,26893.0
2015-12-18,104.69,105.061,104.44,104.99,31002.0
2015-12-21,105.096,105.436,105.059,105.411,7482.0
2015-12-22,105.409,105.412,105.3,105.349,10318.0
2015-12-23,105.342,105.49,105.23,105.391,10749.0
2015-12-24,105.401,105.59,105.363,105.538,8204.0
2015-12-25,105.581,105.619,105.46,105.49,9967.0
2015-12-28,105.491,106.076,105.49,105.955,26079.0
2015-12-29,106.065,106.07,105.772,105.888,13420.0
2015-12-30,105.803,105.87,105.66,105.857,18645.0
2015-12-31,105.854,106.087,105.692,105.735,10176.0
2016-01-04,105.777,105.798,105.284,105.436,1392.0
2016-01-05,105.433,105.436,105.301,105.33,1419.0
2016-01-06,105.292,105.41,105.292,105.365,5583.0
2016-01-07,105.36,105.513,105.36,105.481,3824.0
2016-01-08,105.454,105.75,105.452,105.74,2114.0
2016-01-11,105.74,105.868,105.74,105.79,3545.0
2016-01-12,105.832,106.09,105.832,106.082,2049.0
2016-01-13,106.09,106.24,106.03,106.214,3892.0
2016-01-14,106.344,106.422,105.96,106.075,3612.0
2016-01-15,106.077,106.265,106.076,106.178,3742.0
2016-01-18,106.116,106.191,96.063,106.059,7044.0
2016-01-19,106.039,106.077,105.59,105.77,4394.0
2016-01-20,105.78,105.811,105.546,105.733,4012.0
2016-01-21,105.698,106.038,105.67,105.987,2273.0
2016-01-22,106.035,106.09,105.925,106.002,3471.0
2016-01-25,105.963,105.963,105.773,105.857,3620.0
2016-01-26,105.811,105.963,105.774,105.918,3819.0
2016-01-27,105.808,105.91,105.702,105.719,5041.0
2016-01-28,105.717,105.72,105.552,105.646,7459.0
2016-01-29,105.62,105.768,105.615,105.696,14477.0
2016-02-01,105.728,105.728,105.691,105.694,12610.0
2016-02-02,105.701,105.963,105.621,105.679,8438.0
2016-02-03,105.696,105.808,105.623,105.8,5010.0
2016-02-04,105.799,105.805,105.714,105.764,12850.0
2016-02-05,105.798,105.84,105.759,105.795,13727.0
2016-02-15,105.848,106.002,105.809,106.0,19569.0
2016-02-16,105.98,106.089,105.9,105.996,14792.0
2016-02-17,105.99,105.999,105.9,105.999,33757.0
2016-02-18,105.963,105.989,105.891,105.932,9981.0
2016-02-19,105.925,106.063,105.924,106.029,26856.0
2016-02-22,106.03,106.29,105.998,106.025,29424.0
2016-02-23,106.001,106.098,106.001,106.087,15157.0
2016-02-24,106.14,106.267,106.054,106.256,14591.0
2016-02-25,106.27,106.349,106.09,106.169,13212.0
2016-02-26,106.235,106.267,106.165,106.252,19309.0
2016-02-29,106.238,106.363,106.237,106.263,11638.0
2016-03-01,106.265,106.446,106.259,106.42,5303.0
2016-03-02,106.52,106.588,106.401,106.46,4712.0
2016-03-03,106.093,106.411,106.093,106.388,13394.0
2016-03-04,106.381,106.45,96.39,106.325,23550.0
2016-03-07,106.17,106.359,106.17,106.289,22611.0
2016-03-08,106.291,106.347,106.289,106.311,38239.0
2016-03-09,106.32,106.43,106.32,106.39,19494.0
2016-03-10,106.39,106.54,106.362,106.529,18817.0
2016-03-11,106.54,106.901,106.54,106.827,12189.0
2016-03-14,106.79,107.186,106.539,106.562,12470.0
2016-03-15,106.563,106.62,106.405,106.526,30701.0
2016-03-16,106.54,106.73,106.531,106.711,19810.0
2016-03-17,106.72,106.809,106.687,106.71,28769.0
2016-03-18,106.69,106.752,106.64,106.709,33573.0
2016-03-21,106.66,106.7,106.542,106.604,27834.0
2016-03-22,106.61,106.755,106.61,106.72,24236.0
2016-03-23,106.715,106.9,106.69,106.84,22554.0
2016-03-24,106.85,107.09,106.84,107.084,19296.0
2016-03-25,107.11,107.27,107.06,107.205,36019.0
2016-03-28,107.195,107.88,107.192,107.247,11570.0
2016-03-29,107.214,107.476,107.21,107.289,15087.0
2016-03-30,107.29,107.385,107.278,107.35,24566.0
2016-03-31,107.37,107.439,107.22,107.32,8272.0
2016-04-01,107.379,107.649,107.319,107.632,3080.0
2016-04-05,107.633,107.739,107.418,107.468,15761.0
2016-04-06,107.493,107.531,107.451,107.5,8712.0
2016-04-07,107.5,107.569,107.4,107.413,12236.0
2016-04-08,107.39,107.463,107.381,107.41,36383.0
2016-04-11,107.4,107.439,107.38,107.413,3199.0
2016-04-12,107.397,107.431,107.37,107.386,12128.0
2016-04-13,107.343,107.377,107.19,107.198,11174.0
2016-04-14,107.193,107.264,106.945,107.04,13400.0
2016-04-15,107.087,107.087,106.975,107.034,16534.0
2016-04-18,107.034,107.151,107.034,107.104,3405.0
2016-04-19,107.105,107.174,107.105,107.15,17107.0
2016-04-20,107.115,107.13,106.984,107.019,10353.0
2016-04-21,106.886,106.888,106.465,106.543,4936.0
2016-04-22,106.561,106.591,106.494,106.515,5412.0
2016-04-25,106.477,106.477,105.91,105.92,5691.0
2016-04-26,105.92,106.1,105.897,106.089,16841.0
2016-04-27,106.086,106.238,106.084,106.187,20562.0
2016-04-28,106.239,106.535,106.239,106.534,5093.0
2016-04-29,106.534,106.59,106.52,106.579,68825.0
2016-05-03,106.581,106.642,106.58,106.642,20076.0
2016-05-04,106.63,106.674,106.59,106.62,7275.0
2016-05-05,106.635,106.7,106.635,106.693,12321.0
2016-05-06,106.689,106.689,106.543,106.623,9870.0
2016-05-09,106.626,106.804,106.626,106.711,5542.0
2016-05-10,106.766,106.885,106.766,106.872,13103.0
2016-05-11,106.879,106.948,106.879,106.937,8902.0
2016-05-12,106.927,107.133,106.915,107.132,3134.0
2016-05-13,106.989,107.216,106.989,107.194,8445.0
2016-05-16,107.179,107.315,106.89,106.916,7538.0
2016-05-17,106.897,107.018,106.897,106.934,19671.0
2016-05-18,106.932,106.94,106.79,106.822,16192.0
2016-05-19,106.771,106.801,106.671,106.725,9698.0
2016-05-20,106.715,106.876,106.715,106.87,4385.0
2016-05-23,106.734,106.934,106.733,106.776,8129.0
2016-05-24,106.75,106.8,106.735,106.789,1835.0
2016-05-25,106.784,106.863,106.761,106.843,9666.0
2016-05-26,106.833,106.833,106.736,106.773,2619.0
2016-05-27,106.79,106.823,106.74,106.786,22577.0
2016-05-30,106.789,106.808,106.702,106.743,15113.0
2016-05-31,106.701,106.783,106.701,106.781,15822.0
2016-06-01,106.77,106.805,106.695,106.794,4938.0
2016-06-02,106.79,106.79,106.623,106.69,9458.0
2016-06-03,106.621,106.722,106.621,106.645,26439.0
2016-06-06,106.645,106.676,106.641,106.661,9183.0
2016-06-07,106.664,106.731,106.647,106.684,13217.0
2016-06-08,106.673,106.796,106.673,106.787,3131.0
2016-06-13,106.77,106.827,106.695,106.8,3352.0
2016-06-14,106.748,106.998,106.734,106.968,2070.0
2016-06-15,106.925,107.024,106.923,106.982,7661.0
2016-06-16,106.98,107.073,106.98,107.067,3250.0
2016-06-17,107.02,107.149,107.002,107.113,2980.0
2016-06-20,107.076,107.093,106.85,107.013,3915.0
2016-06-21,107.01,107.087,106.931,107.027,5733.0
2016-06-22,107.075,107.131,107.075,107.092,7264.0
2016-06-23,107.104,107.16,107.104,107.146,6089.0
2016-06-24,107.161,107.36,107.161,107.313,6516.0
2016-06-27,107.303,107.556,107.303,107.544,4054.0
2016-06-28,107.562,107.67,107.516,107.52,8883.0
2016-06-29,107.49,107.49,107.293,107.44,4091.0
2016-06-30,107.419,107.47,107.29,107.449,6856.0
2016-07-01,107.455,107.787,107.455,107.74,4998.0
2016-07-04,107.81,107.81,107.73,107.74,5586.0
2016-07-05,107.719,107.775,107.719,107.747,4237.0
2016-07-06,107.747,108.108,107.728,107.882,2153.0
2016-07-07,107.904,108.096,107.841,107.991,3408.0
2016-07-08,108.06,108.1,107.882,107.888,8211.0
2016-07-11,107.892,107.9,107.792,107.852,10955.0
2016-07-12,107.84,107.88,107.74,107.807,7639.0
2016-07-13,107.778,107.797,107.739,107.751,8705.0
2016-07-14,107.748,107.798,107.741,107.781,14184.0
2016-07-15,107.781,107.918,107.781,107.916,6741.0
2016-07-18,107.872,107.967,107.872,107.943,10673.0
2016-07-19,107.943,108.038,107.942,108.019,11973.0
2016-07-20,108.042,108.12,108.04,108.086,13128.0
2016-07-21,108.216,108.216,108.093,108.15,24598.0
2016-07-22,108.197,108.197,108.09,108.13,36043.0
2016-07-25,108.096,108.188,108.096,108.117,16719.0
2016-07-26,108.117,108.188,108.117,108.187,21706.0
2016-07-27,108.213,108.213,108.169,108.208,40183.0
2016-07-28,108.19,108.279,108.15,108.237,29264.0
2016-07-29,108.285,108.31,108.21,108.31,23243.0
2016-08-01,108.295,108.54,108.295,108.539,5251.0
2016-08-02,108.485,108.67,108.485,108.506,13983.0
2016-08-03,108.509,108.565,108.309,108.517,22987.0
2016-08-04,108.549,108.556,108.442,108.461,16689.0
2016-08-05,108.443,108.631,108.443,108.608,25824.0
2016-08-08,108.67,108.79,108.626,108.68,34323.0
2016-08-09,108.678,108.864,108.678,108.864,44242.0
2016-08-10,108.889,109.488,108.888,109.017,39355.0
2016-08-11,109.045,109.092,108.895,108.95,29491.0
2016-08-12,108.953,108.999,108.842,108.926,25654.0
2016-08-15,108.923,109.0,108.67,108.762,14171.0
2016-08-16,108.875,108.93,108.755,108.913,10950.0
2016-08-17,108.89,108.978,108.877,108.935,9263.0
2016-08-18,108.936,108.941,108.849,108.869,8589.0
2016-08-19,108.907,108.907,108.73,108.736,14903.0
2016-08-22,108.725,108.856,108.695,108.84,10997.0
2016-08-23,108.857,108.857,108.37,108.778,28195.0
2016-08-24,108.778,108.835,108.541,108.566,42604.0
2016-08-25,108.612,108.612,108.523,108.571,43321.0
2016-08-26,108.61,108.705,108.576,108.698,47620.0
2016-08-29,108.704,108.779,108.658,108.74,32895.0
2016-08-30,108.732,108.758,108.609,108.679,37862.0
2016-08-31,108.7,108.749,108.478,108.687,31081.0
2016-09-01,108.69,108.737,108.497,108.551,14905.0
2016-09-02,108.601,108.601,108.512,108.541,8424.0
2016-09-05,108.578,108.588,108.529,108.563,11488.0
2016-09-06,108.572,108.572,108.404,108.411,9832.0
2016-09-07,108.418,108.469,108.4,108.446,17429.0
2016-09-08,108.44,108.496,108.44,108.49,13101.0
2016-09-09,108.47,108.664,108.47,108.656,14810.0
2016-09-12,108.58,108.58,108.145,108.522,9410.0
2016-09-13,108.522,108.588,108.475,108.575,35354.0
2016-09-14,108.611,108.758,108.578,108.674,30607.0
2016-09-19,108.73,108.73,108.661,108.701,34088.0
2016-09-20,108.718,108.787,108.698,108.762,41204.0
2016-09-21,108.803,108.818,108.698,108.744,29770.0
2016-09-22,108.769,108.769,108.699,108.74,38309.0
2016-09-23,108.75,108.777,108.713,108.763,36574.0
2016-09-26,108.766,108.82,108.76,108.793,22974.0
2016-09-27,108.793,108.85,108.793,108.811,44841.0
2016-09-28,108.809,108.88,108.807,108.879,39331.0
2016-09-29,108.841,109.45,108.841,108.984,52015.0
2016-09-30,109.082,109.168,109.0,109.047,19180.0
2016-10-10,109.035,109.089,109.012,109.065,6882.0
2016-10-11,109.071,109.188,109.046,109.087,20478.0
2016-10-12,109.122,109.137,109.032,109.088,22252.0
2016-10-13,109.084,109.159,109.061,109.117,26311.0
2016-10-14,109.133,109.22,109.117,109.207,25524.0
2016-10-17,109.327,109.328,109.253,109.305,26837.0
2016-10-18,109.325,109.33,109.295,109.32,22623.0
2016-10-19,109.311,109.413,109.309,109.364,26323.0
2016-10-20,109.448,109.538,109.423,109.497,32677.0
2016-10-21,109.561,109.675,109.498,109.652,27411.0
2016-10-24,109.825,109.89,109.623,109.647,22238.0
2016-10-25,109.673,109.68,109.527,109.538,27578.0
2016-10-26,109.517,109.552,109.316,109.384,28149.0
2016-10-27,109.399,109.522,109.02,109.223,34442.0
2016-10-28,109.251,109.425,109.251,109.414,32601.0
2016-10-31,109.414,109.42,109.22,109.353,27721.0
2016-11-01,109.388,109.648,109.33,109.391,31251.0
2016-11-02,109.435,109.435,109.24,109.301,31589.0
2016-11-03,109.31,109.38,109.304,109.369,34479.0
2016-11-04,109.37,109.539,109.361,109.501,31878.0
2016-11-07,109.482,109.554,109.31,109.384,38716.0
2016-11-08,109.384,109.408,109.02,109.377,33097.0
2016-11-09,109.367,109.449,109.3,109.405,33329.0
2016-11-10,109.405,109.405,109.312,109.342,44785.0
2016-11-11,109.25,109.365,109.25,109.359,39822.0
2016-11-14,109.329,109.385,108.941,109.071,42929.0
2016-11-15,108.901,108.988,108.764,108.8,43634.0
2016-11-16,108.804,108.927,108.77,108.813,32348.0
2016-11-17,108.813,108.813,108.51,108.618,38898.0
2016-11-18,108.61,108.624,108.39,108.391,42826.0
2016-11-21,108.419,108.48,108.363,108.464,55152.0
2016-11-22,108.464,108.616,108.464,108.583,59201.0
2016-11-23,108.612,108.9,108.59,108.651,41439.0
2016-11-24,108.651,108.651,108.401,108.444,84122.0
2016-11-25,108.414,108.515,108.113,108.187,42067.0
2016-11-28,108.171,108.388,108.156,108.208,73152.0
2016-11-29,108.196,108.328,107.494,107.595,53952.0
2016-11-30,107.676,107.83,107.5,107.584,46023.0
2016-12-01,107.591,107.65,107.55,107.567,109803.0
2016-12-02,107.571,107.787,107.567,107.594,91159.0
2016-12-05,107.617,107.668,107.541,107.554,84224.0
2016-12-06,107.508,107.59,107.408,107.431,70502.0
2016-12-07,107.41,107.44,107.3,107.388,42920.0
2016-12-08,107.413,107.688,107.4,107.474,52558.0
2016-12-09,107.493,107.718,107.29,107.423,40081.0
2016-12-12,107.423,107.488,106.605,106.627,41418.0
2016-12-13,106.514,106.67,106.101,106.288,34114.0
2016-12-14,106.341,106.341,105.902,105.92,27945.0
2016-12-15,105.858,105.858,102.935,104.075,29631.0
2016-12-16,104.09,104.89,104.09,104.534,37799.0
2016-12-19,104.508,105.699,104.279,105.173,46045.0
2016-12-20,104.79,105.34,104.561,105.072,46408.0
2016-12-21,105.89,105.946,105.216,105.774,39248.0
2016-12-22,105.777,106.24,105.573,106.039,37616.0
2016-12-23,106.05,106.05,105.74,105.767,41716.0
2016-12-26,105.785,105.98,105.66,105.769,46181.0
2016-12-27,105.702,105.957,105.7,105.886,57193.0
2016-12-28,106.329,106.329,105.891,106.13,54976.0
2016-12-29,106.206,106.586,106.206,106.571,54012.0
2016-12-30,106.605,106.89,106.572,106.609,27574.0
2017-01-03,106.69,106.69,106.565,106.606,6823.0
2017-01-04,106.61,106.67,106.441,106.479,6768.0
2017-01-05,106.48,106.688,106.34,106.505,8986.0
2017-01-06,106.5,106.69,106.29,106.503,13258.0
2017-01-09,106.504,106.59,106.452,106.552,8632.0
2017-01-10,106.655,106.655,106.55,106.595,17546.0
2017-01-11,106.597,106.684,106.501,106.55,10748.0
2017-01-12,106.598,106.741,106.55,106.616,9132.0
2017-01-13,106.639,106.666,106.593,106.644,9300.0
2017-01-16,106.646,106.781,106.26,106.274,5041.0
2017-01-17,106.274,106.864,106.235,106.319,13865.0
2017-01-18,106.356,106.483,106.34,106.43,15952.0
2017-01-19,106.431,106.69,106.431,106.615,14928.0
2017-01-20,106.575,106.788,106.49,106.771,8281.0
2017-01-23,106.791,107.05,106.791,107.039,6647.0
2017-01-24,107.041,107.85,106.7,106.772,8034.0
2017-01-25,106.716,106.717,106.491,106.593,8165.0
2017-01-26,106.598,106.788,106.56,106.766,5639.0
2017-02-03,106.653,106.763,106.653,106.717,17229.0
2017-02-06,106.718,106.785,106.59,106.605,14583.0
2017-02-07,106.626,106.675,106.57,106.585,32065.0
2017-02-08,106.588,106.589,106.56,106.564,42249.0
2017-02-09,106.564,106.592,106.465,106.489,5533.0
2017-02-10,106.489,106.505,106.181,106.189,4052.0
2017-02-13,106.379,106.379,106.122,106.262,4283.0
2017-02-14,106.31,106.327,106.26,106.276,37619.0
2017-02-15,106.276,106.508,106.2,106.49,12198.0
2017-02-16,106.481,106.736,106.411,106.719,7206.0
2017-02-17,106.71,106.848,106.648,106.671,9410.0
2017-02-20,106.715,106.746,106.59,106.606,10026.0
2017-02-21,106.657,106.785,106.606,106.658,25359.0
2017-02-22,106.712,106.86,106.639,106.79,28079.0
2017-02-23,106.769,107.289,106.716,106.961,7984.0
2017-02-24,107.067,107.168,106.065,106.814,26911.0
2017-02-27,106.84,106.938,106.838,106.902,37468.0
2017-02-28,106.811,107.134,106.79,107.021,23385.0
2017-03-01,107.021,107.165,107.01,107.049,26937.0
2017-03-02,107.017,107.108,106.846,106.854,32838.0
2017-03-03,106.94,107.05,106.859,106.91,32065.0
2017-03-06,106.94,106.94,106.803,106.811,76991.0
2017-03-07,106.836,106.927,106.793,106.833,21146.0
2017-03-08,106.849,106.866,106.826,106.841,32968.0
2017-03-09,106.84,106.851,106.77,106.77,15776.0
2017-03-10,106.711,106.818,105.891,106.49,6654.0
2017-03-13,106.421,106.705,106.291,106.347,7627.0
2017-03-14,106.427,106.628,106.35,106.549,13184.0
2017-03-15,106.549,106.626,106.413,106.444,18782.0
2017-03-16,106.451,107.064,106.451,106.772,15591.0
2017-03-17,106.83,106.945,106.64,106.793,26406.0
2017-03-20,106.74,106.91,106.74,106.829,20499.0
2017-03-21,106.819,106.819,106.558,106.67,40454.0
2017-03-22,106.671,106.756,106.609,106.662,35133.0
2017-03-23,106.651,106.769,106.629,106.71,34647.0
2017-03-24,106.71,106.971,106.684,106.923,28226.0
2017-03-27,106.873,107.078,106.873,106.979,28449.0
2017-03-28,107.09,107.091,105.989,106.809,43831.0
2017-03-29,106.796,106.94,106.104,106.821,46783.0
2017-03-30,106.82,107.016,106.428,106.516,36700.0
2017-03-31,106.566,106.925,106.566,106.713,30365.0
2017-04-05,106.726,106.902,106.69,106.7,21898.0
2017-04-06,106.776,106.839,106.712,106.788,20243.0
2017-04-07,106.81,106.9,106.764,106.831,26811.0
2017-04-10,106.803,106.889,106.794,106.878,26035.0
2017-04-11,106.811,106.92,106.796,106.815,34111.0
2017-04-12,106.813,106.851,106.76,106.789,28622.0
2017-04-13,106.809,106.839,106.719,106.806,29761.0
2017-04-14,106.83,106.86,106.811,106.83,31326.0
2017-04-17,106.83,106.83,106.484,106.587,10569.0
2017-04-18,106.513,106.57,106.302,106.49,40356.0
2017-04-19,106.453,106.51,106.29,106.346,22097.0
2017-04-20,106.398,106.454,106.14,106.278,14681.0
2017-04-21,106.428,106.428,106.108,106.164,18415.0
2017-04-24,106.123,106.123,105.906,105.924,21564.0
2017-04-25,105.925,106.033,105.49,105.958,16473.0
2017-04-26,105.901,106.104,105.901,105.973,20903.0
2017-04-27,105.955,106.025,105.74,105.837,18400.0
2017-04-28,105.896,105.99,105.851,105.879,17873.0
2017-05-02,105.938,106.103,105.881,105.94,65972.0
2017-05-03,105.94,105.94,105.79,105.799,76713.0
2017-05-04,105.8,105.8,105.415,105.478,73450.0
2017-05-05,105.42,105.468,105.29,105.363,80639.0
2017-05-08,105.346,105.39,105.05,105.09,66156.0
2017-05-09,105.186,105.19,105.045,105.12,74351.0
2017-05-10,105.13,105.13,104.603,104.712,58933.0
2017-05-11,104.672,104.886,104.627,104.834,67952.0
2017-05-12,104.744,105.015,104.584,104.79,59283.0
2017-05-15,104.835,105.02,104.79,104.923,68001.0
2017-05-16,104.728,104.99,104.69,104.771,70420.0
2017-05-17,104.751,104.888,104.61,104.695,54960.0
2017-05-18,104.611,104.92,104.611,104.879,74279.0
2017-05-19,104.87,104.881,104.39,104.528,76591.0
2017-05-22,104.656,104.656,104.401,104.426,77946.0
2017-05-23,104.486,104.584,104.359,104.4,79650.0
2017-05-24,104.372,104.736,104.372,104.599,80735.0
2017-05-25,104.599,105.189,104.599,105.09,86671.0
2017-05-26,104.971,105.198,104.901,104.939,36074.0
2017-05-31,104.941,105.191,104.941,105.124,76162.0
2017-06-01,105.084,105.499,105.084,105.403,94995.0
2017-06-02,105.311,105.739,105.311,105.619,96224.0
2017-06-05,105.622,105.901,105.591,105.712,70397.0
2017-06-06,105.724,105.978,105.475,105.62,69512.0
2017-06-07,105.615,105.81,105.405,105.536,73789.0
2017-06-08,105.551,105.657,105.395,105.447,86305.0
2017-06-09,105.447,105.708,105.309,105.58,53669.0
2017-06-12,105.521,105.976,105.512,105.743,80149.0
2017-06-13,105.805,105.988,105.74,105.785,84222.0
2017-06-14,105.789,105.945,105.788,105.893,108792.0
2017-06-15,105.911,106.15,105.903,105.998,115706.0
2017-06-16,105.991,106.3,105.757,105.851,84909.0
2017-06-19,105.832,106.119,105.801,106.007,137647.0
2017-06-20,106.043,106.301,105.965,106.068,163726.0
2017-06-21,106.168,106.168,105.886,105.886,130459.0
2017-06-22,105.889,105.939,105.25,105.709,117949.0
2017-06-23,105.884,105.887,105.64,105.707,145463.0
2017-06-26,105.678,105.97,105.61,105.786,116061.0
2017-06-27,105.796,106.147,105.796,105.978,138624.0
2017-06-28,105.958,106.139,105.929,105.931,159499.0
2017-06-29,105.961,106.089,105.8,105.802,112254.0
2017-06-30,105.75,105.873,105.6,105.618,92026.0
2017-07-03,105.719,105.788,105.646,105.709,99762.0
2017-07-04,105.711,105.798,105.599,105.778,80441.0
2017-07-05,105.741,105.765,105.613,105.693,72939.0
2017-07-06,105.54,105.989,105.523,105.882,94484.0
2017-07-07,105.84,105.977,105.791,105.869,79787.0
2017-07-10,105.891,105.918,105.72,105.747,56466.0
2017-07-11,105.717,105.852,105.717,105.8,58552.0
2017-07-12,105.766,105.921,105.766,105.796,87871.0
2017-07-13,105.776,105.876,105.692,105.707,101599.0
2017-07-14,105.741,105.827,105.662,105.678,60785.0
2017-07-17,105.768,105.84,105.664,105.728,66906.0
2017-07-18,105.728,105.732,105.391,105.447,76041.0
2017-07-19,105.489,105.643,105.444,105.522,102728.0
2017-07-20,105.515,105.722,105.515,105.598,111925.0
2017-07-21,105.598,105.724,105.598,105.634,112272.0
2017-07-24,105.611,105.704,105.51,105.577,97034.0
2017-07-25,105.595,105.64,105.475,105.53,91923.0
2017-07-26,105.541,105.568,105.501,105.534,98009.0
2017-07-27,105.451,105.64,105.451,105.562,158983.0
2017-07-28,105.56,105.64,105.542,105.566,88996.0
2017-07-31,105.571,105.647,105.56,105.57,101965.0
2017-08-01,105.56,105.682,105.56,105.654,83845.0
2017-08-02,105.656,105.677,105.617,105.659,103253.0
2017-08-03,105.66,105.692,105.601,105.66,110673.0
2017-08-04,105.665,105.79,105.644,105.783,83598.0
2017-08-07,105.772,105.985,105.29,105.759,41593.0
2017-08-08,105.731,105.846,105.491,105.65,49649.0
2017-08-09,105.695,105.729,105.592,105.654,61497.0
2017-08-10,105.66,105.696,105.629,105.666,72445.0
2017-08-11,105.669,105.76,105.604,105.755,73430.0
2017-08-14,105.767,105.826,105.729,105.804,64589.0
2017-08-15,105.828,106.029,105.805,105.989,59310.0
2017-08-16,105.991,106.028,105.728,105.731,42656.0
2017-08-17,105.81,105.89,105.74,105.834,68852.0
2017-08-18,105.862,105.884,105.791,105.853,71383.0
2017-08-21,105.815,105.875,105.768,105.814,60846.0
2017-08-22,105.802,105.835,105.778,105.817,79375.0
2017-08-23,105.817,105.952,105.817,105.89,65179.0
2017-08-24,105.876,105.984,105.855,105.883,74517.0
2017-08-25,105.856,105.911,105.843,105.908,67297.0
2017-08-28,105.908,105.921,105.85,105.876,27447.0
2017-08-29,105.881,105.889,105.8,105.853,63492.0
2017-08-30,105.852,105.876,105.78,105.826,69096.0
2017-08-31,105.835,105.836,105.771,105.781,66157.0
2017-09-01,105.788,105.859,105.78,105.841,21475.0
2017-09-04,105.821,105.924,105.816,105.884,57552.0
2017-09-05,105.878,105.878,105.79,105.813,53323.0
2017-09-06,105.824,105.923,105.758,105.884,52796.0
2017-09-07,105.935,105.935,105.879,105.933,60926.0
2017-09-08,105.935,106.14,105.928,106.041,44473.0
2017-09-11,106.067,106.14,106.04,106.058,72527.0
2017-09-12,106.054,106.171,105.895,106.034,47757.0
2017-09-13,106.028,106.049,105.903,105.934,65332.0
2017-09-14,105.972,106.023,105.918,106.002,44774.0
2017-09-15,106.011,106.049,105.938,105.98,38360.0
2017-09-18,105.97,106.001,105.852,105.904,14692.0
2017-09-19,105.937,105.937,105.648,105.911,27061.0
2017-09-20,105.911,105.932,105.761,105.784,17671.0
2017-09-21,105.789,105.818,105.718,105.746,24856.0
2017-09-22,105.76,105.8,105.702,105.778,13686.0
2017-09-25,105.79,105.84,105.765,105.834,6779.0
2017-09-26,105.834,105.861,105.763,105.855,3849.0
2017-09-27,105.855,105.855,105.726,105.775,4076.0
2017-09-28,105.78,105.874,105.78,105.798,3841.0
2017-09-29,105.805,105.874,105.75,105.76,1388.0
2017-10-09,105.788,105.788,105.71,105.74,1779.0
2017-10-10,105.74,105.84,105.735,105.77,2850.0
2017-10-11,105.781,105.87,105.76,105.783,4335.0
2017-10-12,105.8,105.839,105.742,105.755,3847.0
2017-10-13,105.755,105.782,105.74,105.747,2397.0
2017-10-16,105.721,105.74,105.651,105.673,1531.0
2017-10-17,105.678,105.705,105.651,105.665,885.0
2017-10-18,105.661,105.661,105.496,105.506,567.0
2017-10-19,105.57,105.64,105.498,105.59,949.0
2017-10-20,105.595,105.651,105.543,105.605,219.0
2017-10-23,105.605,105.605,105.498,105.55,275.0
2017-10-24,105.556,105.585,105.512,105.543,243.0
2017-10-25,105.55,105.555,105.5,105.505,25469.0
2017-10-26,105.497,105.497,105.192,105.399,38676.0
2017-10-27,105.257,105.484,105.201,105.241,10790.0
2017-10-30,105.192,105.268,104.973,105.023,47014.0
2017-10-31,105.116,105.278,105.048,105.164,47034.0
2017-11-01,105.25,105.25,105.145,105.147,28865.0
2017-11-02,105.413,105.413,105.092,105.104,8271.0
2017-11-03,105.13,105.13,104.533,104.893,35765.0
2017-11-06,104.9,105.035,104.692,104.989,2664.0
2017-11-07,104.989,105.118,104.82,105.094,3648.0
2017-11-08,105.124,105.42,105.01,105.256,4231.0
2017-11-09,105.29,105.34,105.21,105.242,4129.0
2017-11-10,105.339,105.84,105.242,105.41,4407.0
2017-11-13,105.39,105.49,105.091,105.097,7698.0
2017-11-14,105.097,105.84,104.779,104.968,14075.0
2017-11-15,104.995,105.07,104.89,105.019,17621.0
2017-11-16,105.07,105.205,105.05,105.141,17969.0
2017-11-17,105.141,105.254,104.906,105.178,17646.0
2017-11-20,105.178,105.259,104.947,105.081,16429.0
2017-11-21,105.187,105.344,104.969,105.034,14894.0
2017-11-22,104.99,105.03,104.803,104.834,14557.0
2017-11-23,104.641,104.855,104.641,104.724,8836.0
2017-11-24,104.724,104.889,104.7,104.809,11811.0
2017-11-27,104.726,105.029,104.726,104.94,6281.0
2017-11-28,104.889,105.185,104.795,105.008,17143.0
2017-11-29,105.008,105.188,104.953,105.131,19613.0
2017-11-30,105.078,105.34,105.04,105.085,21847.0
2017-12-01,105.184,105.342,104.99,105.215,24747.0
2017-12-04,105.32,105.489,105.206,105.363,30408.0
2017-12-05,105.32,105.64,105.32,105.5,26725.0
2017-12-06,105.638,105.767,97.895,104.776,25036.0
2017-12-07,105.42,105.42,105.29,105.342,45509.0
2017-12-08,105.293,105.48,105.09,105.261,22627.0
2017-12-11,104.988,105.376,104.988,105.242,39577.0
2017-12-12,105.29,105.396,105.12,105.19,21808.0
2017-12-13,105.012,105.369,105.012,105.201,27809.0
2017-12-14,105.335,105.339,105.215,105.233,13400.0
2017-12-15,105.112,105.54,105.112,105.259,30661.0
2017-12-18,105.3,105.56,105.29,105.327,18601.0
2017-12-19,105.41,105.567,105.355,105.416,25424.0
2017-12-20,105.485,105.51,105.354,105.41,19409.0
2017-12-21,105.478,105.496,105.298,105.392,20217.0
2017-12-22,105.226,105.496,105.226,105.434,18595.0
2017-12-25,105.434,105.555,105.396,105.462,17604.0
2017-12-26,105.428,105.685,105.428,105.481,25431.0
2017-12-27,105.441,105.6,105.4,105.495,25709.0
2017-12-28,105.589,105.589,104.956,105.088,4544.0
2017-12-29,105.378,105.378,105.045,105.276,1788.0
2018-01-02,105.496,105.496,105.339,105.41,2481.0
2018-01-03,105.41,105.551,105.346,105.454,1733.0
2018-01-04,105.42,105.477,105.411,105.474,4769.0
2018-01-05,105.476,105.491,105.44,105.483,908.0
2018-01-08,105.483,105.569,105.48,105.546,830.0
2018-01-09,105.547,105.573,105.546,105.567,1565.0
2018-01-10,105.628,105.63,105.533,105.559,6710.0
2018-01-11,105.559,105.559,105.431,105.461,466.0
2018-01-12,105.52,105.591,105.44,105.557,1754.0
2018-01-15,105.496,105.51,105.43,105.432,1156.0
2018-01-16,105.449,105.571,105.422,105.435,1677.0
2018-01-17,105.435,105.487,105.29,105.421,822.0
2018-01-18,105.469,105.469,105.301,105.304,772.0
2018-01-19,105.344,105.46,105.301,105.447,1358.0
2018-01-22,105.346,106.256,105.346,105.535,1684.0
2018-01-23,105.46,105.61,105.435,105.576,2207.0
2018-01-24,105.577,106.047,105.499,105.705,1704.0
2018-01-25,105.681,105.876,105.621,105.798,2027.0
2018-01-26,105.787,105.95,105.787,105.827,1739.0
2018-01-29,105.825,105.953,105.825,105.882,1250.0
2018-01-30,105.882,105.918,105.823,105.876,738.0
2018-01-31,105.876,105.876,105.589,105.735,2080.0
2018-02-01,105.627,105.775,105.627,105.758,282.0
2018-02-02,105.653,105.81,105.653,105.81,4942.0
2018-02-05,105.876,105.893,105.821,105.886,3683.0
2018-02-06,105.952,106.104,105.866,105.872,4565.0
2018-02-07,105.811,105.952,105.809,105.937,6800.0
2018-02-08,105.937,105.983,105.885,105.929,8777.0
2018-02-09,105.933,106.484,105.931,106.279,2721.0
2018-02-12,106.264,106.405,106.18,106.404,2497.0
2018-02-13,106.271,106.41,106.262,106.402,4771.0
2018-02-14,106.403,106.411,106.26,106.41,3517.0
2018-02-22,106.334,106.477,106.25,106.259,4093.0
2018-02-23,106.18,106.318,106.18,106.218,5301.0
2018-02-26,106.181,106.31,106.181,106.263,13750.0
2018-02-27,106.279,106.482,106.279,106.384,12562.0
2018-02-28,106.385,106.564,106.378,106.536,12669.0
2018-03-01,106.606,106.887,106.54,106.79,14666.0
2018-03-02,106.79,106.896,106.788,106.866,17231.0
2018-03-05,106.885,107.065,106.829,106.885,19170.0
2018-03-06,106.88,106.937,106.791,106.889,11922.0
2018-03-07,106.788,106.887,106.714,106.827,6382.0
2018-03-08,106.947,106.947,106.794,106.86,18306.0
2018-03-09,106.871,106.94,106.745,106.751,10641.0
2018-03-12,106.763,106.959,106.733,106.733,17867.0
2018-03-13,106.744,106.76,106.696,106.703,28907.0
2018-03-14,106.713,106.787,106.653,106.654,28136.0
2018-03-15,106.685,106.706,106.607,106.669,7475.0
2018-03-16,106.698,106.739,106.653,106.705,15677.0
2018-03-19,106.75,106.97,106.708,106.742,9281.0
2018-03-20,106.713,106.783,106.71,106.719,38944.0
2018-03-21,106.72,106.739,106.719,106.721,47778.0
2018-03-22,106.723,106.733,106.718,106.722,54212.0
2018-03-23,106.725,106.985,106.721,106.94,12484.0
2018-03-26,106.933,107.668,106.933,107.387,9502.0
2018-03-27,107.086,107.506,107.061,107.229,7244.0
2018-03-28,107.207,107.42,107.14,107.178,16146.0
2018-03-29,107.225,107.248,106.695,106.899,4538.0
2018-03-30,107.05,107.193,107.011,107.103,13269.0
2018-04-02,107.092,107.156,107.07,107.084,36205.0
2018-04-03,107.093,107.274,107.093,107.196,6435.0
2018-04-04,107.205,107.277,107.196,107.224,19593.0
2018-04-09,107.227,107.423,107.227,107.382,1345.0
2018-04-10,107.482,107.482,107.367,107.396,1837.0
2018-04-11,107.399,107.54,107.396,107.407,7002.0
2018-04-12,107.405,107.49,107.405,107.476,5127.0
2018-04-13,107.476,107.776,107.476,107.666,973.0
2018-04-16,107.887,108.008,107.737,107.976,1743.0
2018-04-17,107.887,108.037,107.841,107.894,1359.0
2018-04-18,107.947,108.884,107.947,108.384,1452.0
2018-04-19,108.392,108.44,108.103,108.154,1412.0
2018-04-20,108.043,108.117,107.971,108.005,5192.0
2018-04-23,108.027,108.244,107.912,107.995,4698.0
2018-04-24,107.995,108.198,107.995,108.142,6329.0
2018-04-25,108.154,108.529,108.154,108.234,10004.0
2018-04-26,108.234,108.318,108.184,108.201,14634.0
2018-04-27,108.201,108.449,108.058,108.249,25858.0
2018-05-02,108.257,108.285,108.093,108.165,19186.0
2018-05-03,108.195,108.39,108.187,108.318,18586.0
2018-05-04,108.326,108.643,108.056,108.191,18581.0
2018-05-07,108.228,108.268,108.101,108.192,10669.0
2018-05-08,108.188,108.19,108.082,108.092,18985.0
2018-05-09,108.092,108.094,107.816,107.897,17186.0
2018-05-10,107.936,107.949,107.87,107.901,23330.0
2018-05-11,107.896,108.011,107.887,107.973,21514.0
2018-05-14,107.995,108.04,107.96,107.979,17524.0
2018-05-15,108.005,108.008,107.942,107.956,19779.0
2018-05-16,107.961,108.011,107.94,107.977,15872.0
2018-05-17,107.97,107.976,107.926,107.934,21439.0
2018-05-18,107.935,107.996,107.935,107.937,17727.0
2018-05-21,107.94,107.979,107.907,107.953,17500.0
2018-05-22,107.953,108.08,107.952,108.006,17160.0
2018-05-23,108.01,108.115,108.01,108.104,10214.0
2018-05-24,108.106,108.227,108.106,108.185,7345.0
2018-05-25,108.185,108.39,108.176,108.383,6434.0
2018-05-28,108.344,108.43,108.175,108.2,5367.0
2018-05-29,108.19,108.279,108.031,108.062,2110.0
2018-05-30,108.062,108.381,107.981,108.028,3546.0
2018-05-31,108.07,108.139,107.99,108.039,4528.0
2018-06-01,108.09,108.138,108.005,108.079,5917.0
2018-06-04,108.078,108.163,108.041,108.163,18088.0
2018-06-05,108.156,108.19,107.893,108.044,11969.0
2018-06-06,108.057,108.089,107.989,108.037,5487.0
2018-06-07,107.99,108.04,107.981,108.008,8675.0
2018-06-08,108.039,108.135,108.006,108.021,10738.0
2018-06-11,108.06,108.184,108.06,108.135,8669.0
2018-06-12,108.123,108.149,107.94,107.97,9708.0
2018-06-13,108.05,108.079,107.941,107.983,6630.0
2018-06-14,108.006,108.167,107.982,107.987,8706.0
2018-06-15,108.082,108.178,108.04,108.046,7653.0
2018-06-19,108.131,108.34,108.032,108.308,2749.0
2018-06-20,108.29,108.3,108.17,108.293,2758.0
2018-06-21,108.164,108.381,108.164,108.23,1575.0
2018-06-22,108.23,108.339,108.194,108.306,1605.0
2018-06-25,108.307,108.487,108.302,108.452,3792.0
2018-06-26,108.44,108.586,108.44,108.5,4095.0
2018-06-27,108.503,108.586,108.39,108.437,11315.0
2018-06-28,108.442,108.577,108.095,108.129,8704.0
2018-06-29,108.145,108.78,108.145,108.746,12571.0
2018-07-02,108.74,108.79,108.517,108.732,9821.0
2018-07-03,108.884,108.884,108.591,108.663,6031.0
2018-07-04,108.7,109.04,108.627,108.89,8184.0
2018-07-05,108.99,109.036,108.77,108.886,5153.0
2018-07-06,108.651,108.89,108.651,108.881,4192.0
2018-07-09,108.881,109.14,108.793,108.825,14244.0
2018-07-10,108.84,108.888,108.63,108.731,15711.0
2018-07-11,108.782,108.8,108.69,108.696,14166.0
2018-07-12,108.699,109.09,108.595,108.663,13618.0
2018-07-13,108.72,108.84,108.65,108.788,18492.0
2018-07-16,108.84,109.048,108.771,108.987,14123.0
2018-07-17,108.79,109.643,108.79,109.133,17863.0
2018-07-18,109.09,109.326,109.03,109.171,22353.0
2018-07-19,109.013,109.457,109.012,109.288,14883.0
2018-07-20,109.29,110.235,109.04,109.24,22135.0
2018-07-23,108.99,109.44,108.99,109.349,15963.0
2018-07-24,109.29,109.379,108.88,109.102,17885.0
2018-07-25,109.102,109.17,108.915,109.115,16992.0
2018-07-26,108.9,109.31,108.89,109.3,6798.0
2018-07-27,109.256,109.409,109.04,109.129,15482.0
2018-07-30,109.255,109.39,109.145,109.2,17284.0
2018-07-31,109.338,109.338,109.211,109.308,15789.0
2018-08-01,109.34,109.621,109.297,109.6,15995.0
2018-08-02,109.65,109.886,109.54,109.687,24763.0
2018-08-03,109.69,109.99,109.69,109.783,8844.0
2018-08-06,109.88,109.957,109.591,109.86,23813.0
2018-08-07,109.889,109.977,109.71,109.925,16342.0
2018-08-08,110.04,110.06,109.787,109.81,16130.0
2018-08-09,109.86,109.88,109.656,109.667,11951.0
2018-08-10,109.652,109.709,109.406,109.54,10527.0
2018-08-13,109.54,109.636,109.344,109.4,10429.0
2018-08-14,109.4,109.687,109.354,109.65,11486.0
2018-08-15,109.791,109.791,109.292,109.311,11542.0
2018-08-16,109.378,109.383,109.242,109.272,9508.0
2018-08-17,109.262,109.372,107.927,108.524,3444.0
2018-08-20,108.671,108.671,108.39,108.569,7529.0
2018-08-21,108.571,108.625,108.365,108.574,8536.0
2018-08-22,108.565,108.767,108.49,108.627,6989.0
2018-08-23,108.628,108.87,108.56,108.741,8652.0
2018-08-24,108.79,108.973,108.79,108.904,8978.0
2018-08-27,108.956,109.077,108.831,108.868,4187.0
2018-08-28,108.99,109.112,108.812,109.026,5430.0
2018-08-29,109.269,109.269,108.903,109.18,4190.0
2018-08-30,109.18,109.319,109.092,109.171,6900.0
2018-08-31,109.238,109.369,109.209,109.349,4875.0
2018-09-03,109.349,109.463,109.091,109.2,3546.0
2018-09-04,109.192,109.288,109.031,109.031,1010.0
2018-09-05,109.031,109.205,109.02,109.168,439.0
2018-09-06,109.135,109.236,108.892,109.123,3787.0
2018-09-07,109.006,109.245,109.006,109.032,4763.0
2018-09-10,109.032,110.643,108.713,109.05,2959.0
2018-09-11,109.05,109.15,108.737,108.841,1811.0
2018-09-12,108.89,109.033,108.8,109.022,553.0
2018-09-13,109.022,109.035,108.913,108.993,2763.0
2018-09-14,108.892,109.085,108.848,108.972,9295.0
2018-09-17,108.999,109.139,108.911,108.973,10837.0
2018-09-18,108.943,109.002,108.92,108.94,6432.0
2018-09-19,108.99,109.104,108.905,108.978,6351.0
2018-09-20,109.09,109.187,108.985,109.014,6425.0
2018-09-21,109.014,109.209,109.014,109.15,9951.0
2018-09-25,109.081,109.32,109.081,109.148,24325.0
2018-09-26,109.15,109.289,109.138,109.265,28346.0
2018-09-27,109.265,109.376,109.191,109.318,28661.0
2018-09-28,109.383,109.639,109.383,109.618,34886.0
2018-10-08,109.587,109.99,109.453,109.89,48609.0
2018-10-09,109.706,110.19,109.706,109.885,43735.0
2018-10-10,109.7,109.985,109.322,109.436,29349.0
2018-10-11,109.436,109.91,109.436,109.828,44017.0
2018-10-12,109.671,110.089,109.671,109.957,43672.0
2018-10-15,110.59,110.59,109.97,110.089,43374.0
2018-10-16,109.793,110.488,109.792,110.079,4759.0
2018-10-17,109.68,110.369,109.68,110.14,24721.0
2018-10-18,110.145,110.39,110.145,110.37,26884.0
2018-10-19,110.38,110.49,110.29,110.403,27646.0
2018-10-22,110.37,110.39,110.142,110.218,27368.0
2018-10-23,110.216,110.388,110.144,110.244,42136.0
2018-10-24,110.151,110.333,110.151,110.265,42048.0
2018-10-25,110.309,110.643,110.09,110.188,23293.0
2018-10-26,110.188,110.24,110.079,110.186,23667.0
2018-10-29,110.237,110.324,110.156,110.198,19361.0
2018-10-30,110.221,110.243,110.091,110.157,20827.0
2018-10-31,110.104,110.204,110.104,110.195,25380.0
2018-11-01,110.196,110.284,110.195,110.28,21399.0
2018-11-02,110.14,110.388,109.945,110.061,26341.0
2018-11-05,110.23,110.285,110.093,110.221,29582.0
2018-11-06,110.258,110.388,110.232,110.335,25612.0
2018-11-07,110.32,110.517,110.32,110.51,26556.0
2018-11-08,110.51,110.717,110.51,110.656,17091.0
2018-11-09,110.645,110.755,110.558,110.591,23521.0
2018-11-12,110.6,110.839,110.6,110.822,19835.0
2018-11-13,110.822,110.945,110.641,110.716,24469.0
2018-11-14,110.963,110.963,110.716,110.927,24733.0
2018-11-15,110.927,112.89,110.927,111.319,12398.0
2018-11-16,111.19,111.662,111.19,111.438,10863.0
2018-11-19,111.438,111.534,111.38,111.395,20433.0
2018-11-20,111.39,111.41,111.11,111.155,14378.0
2018-11-21,111.105,111.316,111.102,111.219,13886.0
2018-11-22,111.24,111.38,111.14,111.15,14017.0
2018-11-23,111.155,111.189,110.547,110.581,15897.0
2018-11-26,110.589,110.684,110.555,110.575,21978.0
2018-11-27,110.577,110.75,110.574,110.608,16902.0
2018-11-28,110.615,110.705,110.584,110.612,14424.0
2018-11-29,110.64,110.64,110.585,110.615,17499.0
2018-11-30,110.622,110.766,110.621,110.645,18471.0
2018-12-03,110.603,110.782,106.073,110.73,10338.0
2018-12-04,110.735,111.139,110.735,111.065,6680.0
2018-12-05,111.079,111.341,111.067,111.331,11963.0
2018-12-06,111.388,111.663,111.388,111.587,6321.0
2018-12-07,111.587,111.638,111.485,111.541,4124.0
2018-12-10,111.609,111.89,111.59,111.722,5484.0
2018-12-11,111.741,111.879,111.741,111.878,4523.0
2018-12-12,111.88,111.936,111.83,111.897,14214.0
2018-12-13,111.884,111.906,111.691,111.709,23014.0
2018-12-14,111.701,111.701,111.508,111.555,24968.0
2018-12-17,111.561,111.679,111.561,111.65,11276.0
2018-12-18,111.391,111.74,111.39,111.74,8548.0
2018-12-19,111.755,111.89,111.69,111.885,4996.0
2018-12-20,111.885,111.976,111.622,111.694,6793.0
2018-12-21,111.701,111.952,111.701,111.937,16339.0
2018-12-24,111.941,112.638,111.871,111.921,4632.0
2018-12-25,111.93,111.989,110.898,111.872,7773.0
2018-12-26,111.878,111.907,111.782,111.859,13622.0
2018-12-27,111.793,111.93,111.709,111.898,13573.0
2018-12-28,111.941,112.49,111.941,112.483,5173.0
2019-01-02,112.475,112.48,111.908,112.157,5354.0
2019-01-03,112.158,112.59,112.158,112.21,11034.0
2019-01-04,112.379,112.49,112.31,112.417,10511.0
2019-01-07,112.371,112.539,112.371,112.528,5143.0
2019-01-08,112.521,112.529,112.42,112.512,5191.0
2019-01-09,112.512,112.53,112.421,112.514,8140.0
2019-01-10,112.514,112.572,112.491,112.507,7197.0
2019-01-11,112.507,112.507,112.45,112.461,9590.0
2019-01-14,112.461,112.464,112.343,112.36,5259.0
2019-01-15,112.362,112.439,112.362,112.394,11259.0
2019-01-16,112.394,112.54,112.346,112.489,10844.0
2019-01-17,112.44,112.579,112.44,112.561,6489.0
2019-01-18,112.557,112.61,112.488,112.493,4047.0
2019-01-21,112.242,112.484,112.242,112.37,5584.0
2019-01-22,112.341,112.407,112.341,112.405,7104.0
2019-01-23,112.408,112.449,112.313,112.378,6278.0
2019-01-24,112.291,112.427,112.289,112.415,4285.0
2019-01-25,112.37,112.447,112.37,112.411,4598.0
2019-01-28,112.411,112.414,112.318,112.388,7481.0
2019-01-29,112.389,112.474,112.388,112.46,7067.0
2019-01-30,112.46,112.55,112.46,112.544,7071.0
2019-01-31,112.545,112.679,112.545,112.614,6956.0
2019-02-01,112.614,112.789,112.614,112.72,4987.0
2019-02-11,112.72,112.878,112.691,112.832,7638.0
2019-02-12,112.832,112.982,112.831,112.899,6134.0
2019-02-13,112.94,112.978,112.9,112.922,7544.0
2019-02-14,112.905,112.969,112.83,112.834,12355.0
2019-02-15,112.848,112.958,112.848,112.958,9290.0
2019-02-18,112.957,113.389,112.802,112.829,17912.0
2019-02-19,112.829,112.829,112.64,112.773,9620.0
2019-02-20,112.76,112.825,112.711,112.813,28085.0
2019-02-21,112.813,112.818,112.75,112.771,25024.0
2019-02-22,112.766,112.797,112.691,112.696,16155.0
2019-02-25,112.68,112.68,112.291,112.45,11770.0
2019-02-26,112.2,112.44,112.125,112.146,11989.0
2019-02-27,112.16,112.544,112.16,112.489,12990.0
2019-02-28,112.489,112.489,112.311,112.334,7971.0
2019-03-01,112.335,112.39,112.256,112.312,12847.0
2019-03-04,112.19,112.305,112.09,112.253,9400.0
2019-03-05,112.153,112.338,112.153,112.202,9667.0
2019-03-06,112.202,112.202,112.098,112.128,22422.0
2019-03-07,112.128,112.268,112.109,112.247,23504.0
2019-03-08,112.318,112.48,112.245,112.378,21391.0
2019-03-11,112.37,112.439,112.27,112.283,20534.0
2019-03-12,112.276,112.348,112.225,112.32,24157.0
2019-03-13,112.323,112.365,112.22,112.333,15306.0
2019-03-14,112.221,112.331,112.221,112.257,18475.0
2019-03-15,112.259,112.275,112.23,112.256,29288.0
2019-03-18,112.255,112.271,112.214,112.243,14835.0
2019-03-19,112.22,112.287,112.22,112.253,13279.0
2019-03-20,112.265,112.334,112.257,112.284,12440.0
2019-03-21,112.291,112.351,112.282,112.289,19925.0
2019-03-22,112.295,112.398,112.295,112.374,15330.0
2019-03-25,112.457,112.599,112.393,112.583,14034.0
2019-03-26,112.583,112.816,112.583,112.746,14940.0
2019-03-27,112.74,112.74,112.648,112.658,19122.0
2019-03-28,112.718,112.787,112.709,112.766,28186.0
2019-03-29,112.766,112.808,112.693,112.752,6855.0
2019-04-01,112.752,112.778,112.614,112.629,9352.0
2019-04-02,112.63,112.639,112.585,112.611,11043.0
2019-04-03,112.637,112.637,112.292,112.346,5833.0
2019-04-04,112.346,112.347,112.279,112.314,7628.0
2019-04-08,112.29,112.29,111.892,112.024,7514.0
2019-04-09,112.024,112.082,112.006,112.032,3799.0
2019-04-10,111.79,111.988,111.63,111.666,6381.0
2019-04-11,111.791,112.086,111.69,112.067,11348.0
2019-04-12,112.067,112.095,111.603,111.951,5485.0
2019-04-15,111.916,111.916,111.64,111.763,7066.0
2019-04-16,111.76,111.762,111.672,111.675,9370.0
2019-04-17,111.675,111.79,111.648,111.747,8528.0
2019-04-18,111.745,111.788,111.682,111.749,12266.0
2019-04-19,111.75,111.906,111.75,111.848,11600.0
2019-04-22,111.811,111.919,111.8,111.917,7938.0
2019-04-23,111.9,111.9,111.712,111.819,12352.0
2019-04-24,111.76,111.879,111.604,111.677,4422.0
2019-04-25,111.73,111.822,111.685,111.806,11196.0
2019-04-26,111.807,112.006,111.806,111.897,6807.0
2019-04-29,111.99,111.99,111.697,111.729,7065.0
2019-04-30,111.743,111.987,111.743,111.974,5524.0
2019-05-06,112.02,112.474,111.957,111.99,7956.0
2019-05-07,112.006,112.252,112.006,112.233,9426.0
2019-05-08,112.23,112.38,112.133,112.227,7724.0
2019-05-09,112.31,112.31,112.208,112.27,12685.0
2019-05-10,112.269,112.35,112.064,112.275,6321.0
2019-05-13,112.291,112.38,112.291,112.375,18126.0
2019-05-14,112.374,112.42,112.252,112.277,9803.0
2019-05-15,112.274,112.279,112.085,112.272,12410.0
2019-05-16,112.26,112.361,112.26,112.311,10372.0
2019-05-17,112.315,112.55,112.315,112.473,12059.0
2019-05-20,112.473,112.538,112.383,112.466,10416.0
2019-05-21,112.436,112.497,112.343,112.375,9281.0
2019-05-22,112.373,112.392,112.3,112.348,9342.0
2019-05-23,112.389,112.501,112.371,112.465,6254.0
2019-05-24,112.495,112.637,112.495,112.551,9790.0
2019-05-27,112.46,112.559,112.266,112.344,8436.0
2019-05-28,112.344,112.534,112.344,112.502,12308.0
2019-05-29,112.502,112.591,112.501,112.586,6459.0
2019-05-30,112.59,112.814,112.551,112.71,7487.0
2019-05-31,112.75,112.971,112.741,112.846,11051.0
2019-06-03,112.846,112.94,112.846,112.886,12013.0
2019-06-04,112.792,112.915,112.792,112.891,10878.0
2019-06-05,112.882,112.946,112.881,112.946,11682.0
2019-06-06,112.94,112.951,112.88,112.882,9611.0
2019-06-10,113.0,113.0,112.705,112.818,8630.0
2019-06-11,112.817,112.817,112.59,112.622,8850.0
2019-06-12,112.652,112.747,112.622,112.684,8164.0
2019-06-13,112.69,112.731,112.648,112.684,9017.0
2019-06-14,112.712,112.889,112.701,112.834,10775.0
2019-06-17,112.89,112.92,112.856,112.893,11843.0
2019-06-18,112.933,112.941,112.91,112.919,9423.0
2019-06-19,112.82,112.991,112.818,112.951,11083.0
2019-06-20,112.978,113.388,112.914,112.98,14120.0
2019-06-21,113.015,113.165,112.81,113.093,18190.0
2019-06-24,113.093,113.169,113.015,113.047,11286.0
2019-06-25,112.99,113.112,112.99,113.079,12914.0
2019-06-26,113.067,113.072,113.06,113.065,14308.0
2019-06-27,113.073,113.086,113.036,113.037,12063.0
2019-06-28,113.049,113.086,113.035,113.053,15251.0
2019-07-01,112.911,113.084,112.911,113.074,11575.0
2019-07-02,113.071,113.219,113.071,113.209,10152.0
2019-07-03,113.27,113.642,113.27,113.589,8217.0
2019-07-04,113.494,113.494,113.389,113.44,12055.0
2019-07-05,113.425,113.465,113.355,113.417,9463.0
2019-07-08,113.417,113.682,113.35,113.403,5192.0
2019-07-09,113.356,113.497,113.356,113.47,7242.0
2019-07-10,113.643,113.743,113.292,113.401,9742.0
2019-07-11,113.401,113.41,113.29,113.404,14128.0
2019-07-12,113.346,113.419,113.346,113.403,11333.0
2019-07-15,113.441,113.525,113.392,113.443,8677.0
2019-07-16,113.442,113.485,113.371,113.446,10332.0
2019-07-17,113.446,113.475,113.43,113.445,6010.0
2019-07-18,113.445,113.505,113.405,113.492,12047.0
2019-07-19,113.502,113.61,113.443,113.527,6417.0
2019-07-22,113.511,113.55,113.502,113.532,6421.0
2019-07-23,113.533,113.591,113.533,113.572,7845.0
2019-07-24,113.571,113.588,113.512,113.56,6962.0
2019-07-25,113.542,113.563,113.53,113.531,9550.0
2019-07-26,113.552,113.568,113.531,113.551,14991.0
2019-07-29,113.551,113.644,113.525,113.537,9253.0
2019-07-30,113.501,113.539,113.49,113.531,8355.0
2019-07-31,113.561,113.608,113.545,113.58,8669.0
2019-08-01,113.6,113.646,113.6,113.646,12855.0
2019-08-02,113.695,113.837,113.695,113.83,8777.0
2019-08-05,113.839,114.59,113.839,114.18,6011.0
2019-08-06,122.89,122.89,114.177,114.384,8244.0
2019-08-07,114.373,114.373,114.003,114.022,5732.0
2019-08-08,113.896,114.08,113.896,114.036,9945.0
2019-08-09,114.059,114.346,114.059,114.317,6483.0
2019-08-12,114.317,114.889,114.235,114.53,10606.0
2019-08-13,114.84,114.84,114.509,114.519,11569.0
2019-08-14,114.49,114.59,114.202,114.4,6636.0
2019-08-15,114.425,114.631,114.373,114.416,5613.0
2019-08-16,114.428,114.428,114.308,114.318,5686.0
2019-08-19,114.34,114.39,114.12,114.122,11511.0
2019-08-20,114.139,114.155,114.09,114.11,12613.0
2019-08-21,114.1,114.182,114.02,114.155,7913.0
2019-08-22,114.083,114.174,114.083,114.123,10525.0
2019-08-23,114.14,114.149,113.89,113.917,7609.0
2019-08-26,114.032,114.149,114.032,114.148,13721.0
2019-08-27,114.148,114.169,114.097,114.11,7171.0
2019-08-28,114.131,114.167,114.121,114.13,7423.0
2019-08-29,114.13,114.166,114.091,114.16,11171.0
2019-08-30,114.16,114.164,114.066,114.081,12582.0
2019-09-02,114.081,114.126,113.97,114.039,8631.0
2019-09-03,114.04,114.04,113.89,113.937,9810.0
2019-09-04,113.965,114.028,113.89,113.941,13891.0
2019-09-05,113.991,114.06,113.947,114.05,11765.0
2019-09-06,114.081,114.441,114.081,114.431,5511.0
2019-09-09,114.453,114.453,114.261,114.321,5334.0
2019-09-10,114.069,114.324,114.069,114.272,2219.0
2019-09-11,114.19,114.317,114.181,114.211,4478.0
2019-09-12,114.209,114.289,114.01,114.089,6430.0
2019-09-16,114.09,114.153,113.948,114.074,6257.0
2019-09-17,114.107,114.189,114.035,114.122,10834.0
2019-09-18,114.072,114.133,114.072,114.076,8017.0
2019-09-19,114.102,114.119,114.05,114.1,8651.0
2019-09-20,114.106,114.169,114.101,114.158,3444.0
2019-09-23,114.16,114.279,114.148,114.219,4328.0
2019-09-24,114.261,114.289,114.155,114.17,2591.0
2019-09-25,114.171,114.22,114.138,114.172,2641.0
2019-09-26,114.175,114.194,114.111,114.144,2227.0
2019-09-27,114.145,114.154,114.021,114.051,4298.0
2019-09-30,114.09,114.369,114.09,114.289,1689.0
2019-10-08,114.266,114.288,114.164,114.241,6183.0
2019-10-09,114.321,114.358,114.301,114.354,4757.0
2019-10-10,114.354,114.354,114.249,114.259,7204.0
2019-10-11,114.239,114.249,114.141,114.194,3543.0
2019-10-14,114.191,114.194,114.121,114.151,5492.0
2019-10-15,114.151,114.201,114.151,114.181,3105.0
2019-10-16,114.192,114.22,114.132,114.17,2035.0
2019-10-17,114.223,114.228,114.17,114.221,3032.0
2019-10-18,114.22,114.248,114.138,114.146,3840.0
2019-10-21,114.12,114.161,113.851,113.908,3647.0
2019-10-22,113.932,114.061,113.932,114.001,2404.0
2019-10-23,114.004,114.069,113.979,114.041,2691.0
2019-10-24,114.06,114.085,113.975,114.057,3572.0
2019-10-25,114.157,114.185,114.029,114.105,1242.0
2019-10-28,114.045,114.045,113.891,113.917,5266.0
2019-10-29,113.916,113.917,113.8,113.85,1428.0
2019-10-30,113.85,113.856,113.801,113.802,5708.0
2019-10-31,113.858,113.869,113.82,113.85,4824.0
2019-11-01,113.872,113.95,113.865,113.911,3650.0
2019-11-04,113.841,113.91,113.84,113.846,3832.0
2019-11-05,113.846,113.989,113.846,113.95,3065.0
2019-11-06,113.915,114.171,113.915,114.101,2384.0
2019-11-07,114.101,114.209,114.0,114.021,2843.0
2019-11-08,114.005,114.024,113.892,113.969,4871.0
2019-11-11,113.969,114.179,113.969,114.119,10935.0
2019-11-12,114.151,114.28,114.145,114.16,4804.0
2019-11-13,114.162,114.185,112.977,114.173,10531.0
2019-11-14,114.125,114.205,114.1,114.113,9203.0
2019-11-15,114.116,114.228,114.116,114.211,6838.0
2019-11-18,114.225,114.68,114.225,114.528,4744.0
2019-11-19,114.53,114.655,114.53,114.585,9005.0
2019-11-20,114.585,114.589,114.44,114.521,16700.0
2019-11-21,114.552,114.67,114.523,114.593,8531.0
2019-11-22,114.601,114.601,114.493,114.563,11554.0
2019-11-25,114.549,114.549,114.44,114.46,12307.0
2019-11-26,114.463,114.507,114.415,114.45,12445.0
2019-11-27,114.435,114.547,114.435,114.489,9981.0
2019-11-28,114.553,114.553,114.486,114.486,17251.0
2019-11-29,114.489,114.682,114.489,114.665,9132.0
2019-12-02,114.665,114.889,114.566,114.824,1232.0
2019-12-03,114.827,115.888,114.491,114.91,7973.0
2019-12-04,114.909,114.959,114.89,114.891,6544.0
2019-12-05,114.888,114.894,114.69,114.871,6405.0
2019-12-06,114.871,114.89,114.795,114.85,5919.0
2019-12-09,114.839,114.901,114.678,114.679,5626.0
2019-12-10,114.676,114.729,114.565,114.609,2325.0
2019-12-11,114.612,114.669,114.594,114.646,6454.0
2019-12-12,114.646,114.686,114.636,114.648,5189.0
2019-12-13,114.636,114.689,114.597,114.651,5421.0
2019-12-16,114.65,114.677,114.621,114.636,5574.0
2019-12-17,114.639,114.653,114.579,114.58,2941.0
2019-12-18,114.579,114.62,114.511,114.612,4352.0
2019-12-19,114.609,114.678,114.565,114.642,2887.0
2019-12-20,114.642,114.864,114.639,114.772,5771.0
2019-12-23,114.785,115.009,114.785,114.916,5244.0
2019-12-24,114.939,115.29,114.939,115.246,4062.0
2019-12-25,115.246,115.321,115.18,115.21,4420.0
2019-12-26,115.21,115.52,115.207,115.359,4282.0
2019-12-27,115.362,115.596,115.362,115.587,1129.0
2019-12-30,115.586,115.586,115.34,115.527,456.0
2019-12-31,115.527,116.096,115.492,115.741,3668.0
2020-01-02,115.491,115.689,115.215,115.267,3560.0
2020-01-03,115.271,115.328,115.141,115.156,3820.0
2020-01-06,115.16,115.348,115.12,115.281,9477.0
2020-01-07,115.27,115.281,115.196,115.226,7155.0
2020-01-08,115.24,115.376,115.237,115.359,5075.0
2020-01-09,115.32,115.471,115.254,115.464,12481.0
2020-01-10,115.414,115.597,115.35,115.586,5229.0
2020-01-13,115.589,115.635,115.54,115.589,4931.0
2020-01-14,115.54,115.743,115.49,115.679,5656.0
2020-01-15,115.595,115.805,115.589,115.73,4564.0
2020-01-16,115.775,115.775,115.507,115.538,4721.0
2020-01-17,115.518,115.725,115.518,115.65,5271.0
2020-01-20,115.602,115.728,115.602,115.704,4910.0
2020-01-21,115.728,116.27,115.715,116.27,5328.0
2020-01-22,115.92,116.492,115.891,115.991,5430.0
2020-01-23,115.991,116.819,115.991,116.689,3910.0
2020-02-03,116.705,122.708,116.705,118.487,8002.0
2020-02-04,118.596,118.605,116.89,117.226,5179.0
2020-02-05,117.273,117.586,117.07,117.415,4734.0
2020-02-06,117.415,117.415,116.968,117.065,4725.0
2020-02-07,117.068,117.38,117.068,117.256,3047.0
2020-02-10,117.28,117.46,117.28,117.459,2321.0
2020-02-11,117.409,117.59,117.392,117.532,3036.0
2020-02-12,117.555,117.555,117.29,117.412,5631.0
2020-02-13,117.363,117.374,117.218,117.237,5775.0
2020-02-14,117.237,117.275,117.225,117.233,4965.0
2020-02-17,117.233,117.233,117.045,117.056,5459.0
2020-02-18,116.99,117.056,116.898,117.033,4826.0
2020-02-19,117.004,117.09,117.004,117.059,5271.0
2020-02-20,117.02,117.08,116.784,116.914,6576.0
2020-02-21,116.97,117.05,116.931,117.033,5462.0
2020-02-24,117.04,117.266,117.04,117.26,4070.0
2020-02-25,117.283,117.759,117.118,117.191,5069.0
2020-02-26,117.241,117.241,117.092,117.205,3546.0
2020-02-27,117.202,117.371,117.09,117.328,4797.0
2020-02-28,117.39,118.279,117.375,117.854,6396.0
2020-03-02,117.864,117.878,117.591,117.639,4471.0
2020-03-03,117.291,117.663,117.291,117.661,5193.0
2020-03-04,117.708,117.89,117.708,117.84,4847.0
2020-03-05,117.839,117.99,117.81,117.866,7519.0
2020-03-06,117.828,118.105,117.828,118.03,6012.0
2020-03-09,118.129,119.223,118.129,118.863,8298.0
2020-03-10,118.871,119.14,118.292,118.494,5538.0
2020-03-11,118.494,118.544,118.192,118.493,2069.0
2020-03-12,118.495,118.89,118.493,118.591,5907.0
2020-03-13,118.889,118.889,117.984,118.102,3853.0
2020-03-16,118.155,118.79,117.911,117.957,4739.0
2020-03-17,117.946,117.954,117.629,117.681,2799.0
2020-03-18,117.591,117.685,117.459,117.681,7211.0
2020-03-19,117.541,117.822,117.308,117.369,9217.0
2020-03-20,117.371,117.614,117.371,117.591,7043.0
2020-03-23,117.75,118.196,117.75,118.187,10572.0
2020-03-24,118.18,118.288,117.941,118.202,10537.0
2020-03-25,118.199,118.247,118.09,118.221,9690.0
2020-03-26,118.194,118.58,118.194,118.487,9184.0
2020-03-27,118.539,118.835,118.5,118.69,6387.0
2020-03-30,118.69,118.858,118.69,118.848,6475.0
2020-03-31,118.558,119.1,118.558,119.083,9636.0
2020-04-01,119.205,120.03,119.205,119.315,8776.0
2020-04-02,119.314,119.481,119.155,119.161,9928.0
2020-04-03,119.167,119.3,119.075,119.103,8869.0
2020-04-07,119.199,119.888,119.199,119.752,9072.0
2020-04-08,119.802,120.475,119.802,120.275,9851.0
2020-04-09,120.51,120.687,120.023,120.415,8816.0
2020-04-10,120.465,120.48,119.976,120.174,9463.0
2020-04-13,120.174,120.365,120.076,120.348,11034.0
2020-04-14,120.366,120.414,120.347,120.388,9715.0
2020-04-15,120.5,120.983,120.49,120.977,8150.0
2020-04-16,120.975,121.201,120.77,120.853,10579.0
2020-04-17,120.85,121.033,120.701,120.774,9220.0
2020-04-20,120.774,120.89,120.69,120.765,7251.0
2020-04-21,120.765,120.881,120.65,120.829,6329.0
2020-04-22,120.901,121.286,120.901,121.283,5943.0
2020-04-23,121.255,121.75,121.255,121.678,6382.0
2020-04-24,121.657,122.08,121.523,121.754,11036.0
2020-04-27,121.749,121.918,121.711,121.786,8877.0
2020-04-28,121.786,121.929,121.695,121.919,5903.0
2020-04-29,122.7,122.7,121.94,122.288,9157.0
2020-04-30,122.19,122.329,122.13,122.325,7130.0
2020-05-06,122.317,122.375,122.06,122.066,7672.0
2020-05-07,122.058,122.058,121.193,121.337,9633.0
2020-05-08,121.338,121.338,121.14,121.175,7972.0
2020-05-11,121.1,121.199,120.75,120.903,10741.0
2020-05-12,120.89,121.237,120.839,121.078,9965.0
2020-05-13,121.213,121.213,120.931,121.01,6475.0
2020-05-14,121.01,121.269,120.798,121.214,9056.0
2020-05-15,121.27,121.46,121.216,121.426,9913.0
2020-05-18,121.425,121.425,120.978,120.992,9448.0
2020-05-19,120.79,120.95,120.74,120.8,10048.0
2020-05-20,120.74,120.78,120.29,120.398,8484.0
2020-05-21,120.398,120.624,120.331,120.424,8044.0
2020-05-22,120.425,120.999,120.425,120.97,8302.0
2020-05-25,120.5,120.999,120.5,120.648,7527.0
2020-05-26,120.69,120.698,119.791,119.969,10681.0
2020-05-27,119.925,120.186,119.56,119.677,10756.0
2020-05-28,119.69,120.06,119.69,119.918,7681.0
2020-05-29,119.918,120.054,119.781,119.782,5598.0
2020-06-01,119.827,119.859,119.54,119.611,6948.0
2020-06-02,119.59,119.59,118.94,119.028,8289.0
2020-06-03,118.89,118.89,118.605,118.716,9944.0
2020-06-04,118.736,118.826,118.539,118.591,7567.0
2020-06-05,118.59,118.685,118.451,118.458,7704.0
2020-06-08,118.389,118.859,118.341,118.779,7729.0
2020-06-09,118.767,119.15,118.767,118.849,10090.0
2020-06-10,118.842,119.012,118.53,118.541,8401.0
2020-06-11,118.586,118.799,118.56,118.716,6556.0
2020-06-12,118.84,119.126,118.826,118.901,16049.0
2020-06-15,118.89,119.09,118.8,119.039,8995.0
2020-06-16,118.76,118.76,118.318,118.362,11159.0
2020-06-17,118.362,118.38,117.89,117.9,8588.0
2020-06-18,118.099,118.24,117.821,117.861,9045.0
2020-06-19,118.01,118.01,117.598,117.69,8041.0
2020-06-22,117.752,117.847,117.607,117.832,8371.0
2020-06-23,117.816,117.83,117.29,117.291,9721.0
2020-06-24,117.517,117.818,117.51,117.788,8959.0
2020-06-29,117.812,118.088,117.773,118.035,7524.0
2020-06-30,118.03,118.03,117.778,117.886,10676.0
2020-07-01,118.006,118.14,117.91,118.048,8172.0
2020-07-02,118.048,118.332,117.899,118.184,11332.0
2020-07-03,118.17,118.177,117.975,118.035,6871.0
2020-07-06,117.9,117.9,117.29,117.306,11628.0
2020-07-07,116.989,117.22,116.49,116.988,9008.0
2020-07-08,116.99,117.184,116.592,116.765,6235.0
2020-07-09,116.764,116.884,116.589,116.777,13875.0
2020-07-10,116.784,117.196,116.784,117.143,8487.0
2020-07-13,117.093,117.69,116.59,116.83,10535.0
2020-07-14,116.999,117.5,116.999,117.29,14257.0
2020-07-15,117.02,117.539,117.014,117.507,10165.0
2020-07-16,117.469,118.253,117.413,117.906,16332.0
2020-07-17,117.907,118.19,117.593,117.691,12415.0
2020-07-20,117.608,117.741,116.89,117.433,13870.0
2020-07-21,117.41,117.782,117.29,117.659,10676.0
2020-07-22,117.689,118.099,117.51,118.092,10239.0
2020-07-23,118.101,118.458,117.878,118.382,12160.0
2020-07-24,118.381,118.448,118.056,118.251,12468.0
2020-07-27,118.221,118.419,118.2,118.38,10345.0
2020-07-28,118.375,118.375,118.056,118.138,13258.0
2020-07-29,118.13,118.138,117.995,118.002,8432.0
2020-07-30,117.89,117.93,117.812,117.875,11206.0
2020-07-31,117.816,117.845,117.627,117.646,9523.0
2020-08-03,117.55,117.586,116.59,117.546,6755.0
2020-08-04,117.528,117.588,117.403,117.561,7136.0
2020-08-05,117.578,117.78,117.578,117.616,8505.0
2020-08-06,117.502,117.58,117.413,117.511,7012.0
2020-08-07,117.462,117.587,117.396,117.506,6574.0
2020-08-10,117.48,117.559,117.431,117.501,5216.0
2020-08-11,117.49,117.503,117.391,117.478,6784.0
2020-08-12,117.475,117.48,116.99,117.056,7085.0
2020-08-13,117.056,117.269,116.973,117.168,8025.0
2020-08-14,117.117,117.315,117.051,117.191,6208.0
2020-08-17,117.22,117.339,117.193,117.319,5045.0
2020-08-18,117.291,117.397,117.222,117.397,5260.0
2020-08-19,117.31,117.41,117.275,117.28,8944.0
2020-08-20,117.319,117.32,116.988,117.012,3893.0
2020-08-21,117.0,117.17,116.991,117.034,3286.0
2020-08-24,116.992,117.062,116.992,117.01,2818.0
2020-08-25,117.01,117.025,116.74,116.756,5435.0
2020-08-26,116.76,116.829,116.622,116.635,4752.0
2020-08-27,116.662,116.662,116.37,116.375,4813.0
2020-08-28,116.33,116.393,116.262,116.293,6853.0
2020-08-31,116.309,116.4,116.244,116.378,6105.0
2020-09-01,116.45,116.795,116.402,116.743,5770.0
2020-09-02,116.739,116.771,116.59,116.605,5140.0
2020-09-03,116.556,116.587,116.37,116.582,2796.0
2020-09-04,116.567,116.568,116.38,116.386,7177.0
2020-09-07,116.43,116.51,116.101,116.102,6103.0
2020-09-08,116.092,116.347,116.055,116.318,5814.0
2020-09-09,116.318,116.549,116.318,116.431,7175.0
2020-09-10,116.431,116.72,116.398,116.667,6257.0
2020-09-11,116.703,116.788,116.532,116.596,4011.0
2020-09-14,116.597,116.597,116.241,116.385,7229.0
2020-09-15,116.35,116.635,116.345,116.516,8582.0
2020-09-16,116.546,116.613,116.497,116.565,5699.0
2020-09-17,116.58,116.681,116.566,116.6,6390.0
2020-09-18,116.55,116.892,116.516,116.604,6214.0
2020-09-21,116.62,116.989,116.597,116.948,6893.0
2020-09-22,116.95,117.151,116.884,117.107,6107.0
2020-09-23,117.108,117.188,116.992,117.072,4009.0
2020-09-24,117.115,117.143,116.966,116.971,5572.0
2020-09-25,116.97,117.012,116.753,116.845,6298.0
2020-09-28,116.844,116.853,116.601,116.744,6075.0
2020-09-29,116.695,116.735,116.621,116.636,6041.0
2020-09-30,116.646,116.867,116.555,116.59,4207.0
2020-10-09,116.59,116.591,116.391,116.413,3332.0
2020-10-12,116.413,116.576,116.296,116.49,6811.0
2020-10-13,116.49,116.589,116.257,116.326,4682.0
2020-10-14,116.298,116.441,116.282,116.319,4636.0
2020-10-15,116.31,116.406,116.14,116.181,5649.0
2020-10-16,116.193,116.463,116.193,116.371,5136.0
2020-10-19,116.417,116.64,116.324,116.619,4368.0
2020-10-20,116.589,116.73,116.499,116.661,5112.0
2020-10-21,116.672,116.87,116.542,116.768,4122.0
2020-10-22,116.752,116.931,116.752,116.891,3579.0
2020-10-23,116.891,116.948,116.709,116.713,3527.0
2020-10-26,116.705,116.793,116.59,116.6,3961.0
2020-10-27,116.591,116.891,116.59,116.832,5905.0
2020-10-28,116.881,116.971,116.68,116.765,4336.0
2020-10-29,116.815,116.858,116.698,116.71,5673.0
2020-10-30,116.713,116.886,116.711,116.851,6248.0
2020-11-02,116.851,117.189,116.851,117.067,3020.0
2020-11-03,117.08,117.192,116.97,117.026,2961.0
2020-11-04,117.085,117.128,115.478,117.104,5926.0
2020-11-05,117.073,117.09,116.972,116.973,2041.0
2020-11-06,116.975,116.975,116.512,116.806,5645.0
2020-11-09,116.756,116.855,116.496,116.624,6631.0
2020-11-10,116.504,116.789,116.504,116.658,4862.0
2020-11-11,116.625,116.79,116.619,116.642,7033.0
2020-11-12,116.642,116.646,116.325,116.591,6212.0
2020-11-13,116.541,116.629,116.264,116.332,7373.0
2020-11-16,116.332,116.561,116.332,116.536,5101.0
2020-11-17,116.54,116.767,116.411,116.469,6731.0
2020-11-18,116.491,116.496,116.29,116.302,3379.0
2020-11-19,116.311,116.311,116.208,116.237,3114.0
2020-11-20,116.224,116.29,116.071,116.237,6259.0
2020-11-23,116.251,116.55,116.251,116.547,2750.0
2020-11-24,116.501,116.612,116.41,116.414,3768.0
2020-11-25,116.414,116.492,116.335,116.475,2048.0
2020-11-26,116.493,116.547,116.425,116.441,4416.0
2020-11-27,116.443,116.502,116.387,116.394,4409.0
2020-11-30,116.394,116.679,116.344,116.676,7746.0
2020-12-01,116.67,116.67,116.46,116.489,6647.0
2020-12-02,116.505,116.531,116.424,116.523,6672.0
2020-12-03,116.508,116.522,116.395,116.432,5155.0
2020-12-04,116.426,116.635,116.426,116.625,5861.0
2020-12-07,116.619,116.761,116.544,116.558,6041.0
2020-12-08,116.558,116.63,116.558,116.608,5381.0
2020-12-09,116.614,116.655,116.592,116.654,6596.0
2020-12-10,116.551,116.665,116.551,116.653,3063.0
2020-12-11,116.637,116.653,116.468,116.513,5921.0
2020-12-14,116.513,116.52,116.364,116.405,4637.0
2020-12-15,116.479,116.675,116.41,116.608,7178.0
2020-12-16,116.612,116.711,116.598,116.674,5981.0
2020-12-17,116.741,116.769,116.613,116.626,5846.0
2020-12-18,116.593,116.64,116.54,116.556,4401.0
2020-12-21,116.543,116.739,116.492,116.699,6051.0
2020-12-22,116.686,116.943,116.686,116.918,6375.0
2020-12-23,116.918,117.024,116.898,116.988,4401.0
2020-12-24,116.982,117.119,116.96,117.011,6025.0
2020-12-25,117.011,117.206,116.977,117.141,6667.0
2020-12-28,117.141,117.29,117.011,117.021,8468.0
2020-12-29,117.14,117.157,116.973,117.09,5753.0
2020-12-30,117.092,117.27,117.085,117.156,5814.0
2020-12-31,117.202,117.263,117.113,117.202,5948.0
2021-01-04,117.018,117.205,116.988,117.014,5806.0
2021-01-05,117.014,117.158,116.993,117.132,5650.0
2021-01-06,117.133,117.44,117.133,117.383,7279.0
2021-01-07,117.39,117.486,117.37,117.454,5541.0
2021-01-08,117.455,117.49,117.356,117.399,5561.0
2021-01-11,117.489,117.489,117.256,117.282,5319.0
2021-01-12,117.285,117.441,117.265,117.408,6306.0
2021-01-13,117.412,117.667,117.412,117.647,5939.0
2021-01-14,117.695,117.99,117.69,117.898,7162.0
2021-01-15,117.91,117.916,117.703,117.75,5160.0
2021-01-18,117.771,117.8,117.545,117.582,2676.0
2021-01-19,117.54,117.59,117.307,117.358,3692.0
2021-01-20,117.4,117.559,117.359,117.553,6964.0
2021-01-21,117.52,117.71,117.48,117.7,7248.0
2021-01-22,117.69,117.755,117.54,117.755,6071.0
2021-01-25,117.69,117.766,117.608,117.758,6296.0
2021-01-26,117.595,117.702,117.31,117.342,7014.0
2021-01-27,117.294,117.437,117.257,117.37,3919.0
2021-01-28,117.32,117.385,117.206,117.276,6709.0
2021-01-29,117.276,117.335,116.847,117.3,8939.0
2021-02-01,117.292,117.499,117.211,117.419,7030.0
2021-02-02,117.419,117.723,117.367,117.481,7977.0
2021-02-03,117.485,117.66,117.42,117.556,4422.0
2021-02-04,117.556,117.662,117.453,117.528,4798.0
2021-02-05,117.488,117.497,117.325,117.337,6248.0
2021-02-08,117.295,117.347,116.99,117.197,5982.0
2021-02-09,117.197,117.208,117.02,117.184,7071.0
2021-02-10,117.151,117.477,117.085,117.356,4304.0
2021-02-18,117.361,117.361,117.22,117.239,5693.0
2021-02-19,117.23,117.289,117.195,117.255,6491.0
2021-02-22,117.25,117.321,117.142,117.309,5580.0
2021-02-23,117.26,117.44,117.26,117.439,5046.0
2021-02-24,117.44,117.669,117.44,117.661,4780.0
2021-02-25,117.661,117.677,117.567,117.646,6296.0
2021-02-26,117.55,117.65,117.373,117.398,5008.0
2021-03-01,117.39,117.415,117.355,117.393,4845.0
2021-03-02,117.393,117.884,117.338,117.873,5980.0
2021-03-03,117.788,117.975,117.661,117.794,8136.0
2021-03-04,117.791,117.809,117.696,117.742,6382.0
2021-03-05,117.695,117.884,117.605,117.881,9589.0
2021-03-08,117.838,117.888,117.703,117.88,4723.0
2021-03-09,117.77,117.878,117.704,117.744,6934.0
2021-03-10,117.694,117.828,117.615,117.819,6962.0
2021-03-11,117.85,117.85,117.694,117.734,5846.0
2021-03-12,117.69,117.835,117.592,117.744,8189.0
2021-03-15,117.751,117.751,117.64,117.681,6080.0
2021-03-16,117.67,117.67,117.505,117.517,5164.0
2021-03-17,117.524,117.63,117.524,117.563,3908.0
2021-03-18,117.513,117.577,117.49,117.508,7149.0
2021-03-19,117.495,117.579,117.442,117.484,8561.0
2021-03-22,117.461,117.547,117.461,117.5,8184.0
2021-03-23,117.49,117.578,117.488,117.529,4503.0
2021-03-24,117.557,117.684,117.54,117.68,6022.0
2021-03-25,117.65,117.808,117.63,117.775,6504.0
2021-03-26,117.775,117.823,117.596,117.61,7204.0
2021-03-29,117.61,117.64,117.547,117.6,3224.0
2021-03-30,117.572,117.823,117.572,117.792,3582.0
2021-03-31,117.79,117.852,117.685,117.824,8366.0
2021-04-01,117.825,117.909,117.729,117.79,3070.0
2021-04-02,117.789,118.056,117.725,117.972,7049.0
2021-04-06,117.922,117.922,117.791,117.894,5369.0
2021-04-07,117.881,117.95,117.787,117.877,5008.0
2021-04-08,117.877,117.884,117.711,117.719,6765.0
2021-04-09,117.646,117.748,117.646,117.715,6156.0
2021-04-12,117.715,118.036,117.7,117.939,5763.0
2021-04-13,117.891,118.24,117.891,118.203,4336.0
2021-04-14,118.209,118.422,118.113,118.163,4787.0
2021-04-15,118.21,118.281,118.133,118.169,2782.0
2021-04-16,118.119,118.28,118.07,118.229,3821.0
2021-04-19,118.242,118.282,118.098,118.151,6721.0
2021-04-20,118.155,118.259,118.155,118.212,2864.0
2021-04-21,118.162,118.446,118.162,118.445,3866.0
2021-04-22,118.445,118.445,118.207,118.347,4814.0
2021-04-23,118.37,118.688,118.296,118.636,3037.0
2021-04-26,118.646,118.646,118.451,118.471,3580.0
2021-04-27,118.427,118.56,118.342,118.373,4769.0
2021-04-28,118.316,118.373,118.174,118.288,3670.0
2021-04-29,118.288,118.458,118.206,118.342,7717.0
2021-04-30,118.35,118.515,118.293,118.49,6363.0
2021-05-06,118.49,118.739,118.317,118.523,4231.0
2021-05-07,118.517,118.589,118.355,118.477,3714.0
2021-05-10,118.481,118.587,118.472,118.54,5451.0
2021-05-11,118.55,118.99,118.55,118.782,7017.0
2021-05-12,118.786,118.827,118.703,118.79,2821.0
2021-05-13,118.79,118.79,118.553,118.616,6298.0
2021-05-14,118.592,118.678,118.59,118.629,5702.0
2021-05-17,118.628,118.842,118.589,118.777,8042.0
2021-05-18,118.85,118.866,118.621,118.746,4473.0
2021-05-19,118.746,118.978,118.697,118.949,5415.0
2021-05-20,118.891,119.17,118.771,119.119,6897.0
2021-05-21,119.131,119.268,119.003,119.241,6402.0
2021-05-24,119.191,119.407,119.043,119.267,7438.0
2021-05-25,119.269,119.269,118.968,119.057,7563.0
2021-05-26,119.055,119.156,118.94,119.115,6206.0
2021-05-27,119.116,119.117,119.02,119.024,5576.0
2021-05-28,119.03,119.068,118.898,119.022,6082.0
2021-05-31,119.03,119.03,118.67,118.792,10437.0
2021-06-01,118.81,119.036,118.792,118.961,7670.0
2021-06-02,118.95,118.95,118.87,118.875,6609.0
2021-06-03,118.875,118.909,118.748,118.856,5903.0
2021-06-04,118.856,118.942,118.826,118.905,7820.0
2021-06-07,118.89,118.89,118.761,118.766,6695.0
2021-06-08,118.778,118.908,118.767,118.786,6514.0
2021-06-09,118.79,118.79,118.74,118.75,6765.0
2021-06-10,118.75,118.82,118.75,118.778,6141.0
2021-06-11,118.752,118.807,118.578,118.602,7827.0
2021-06-15,118.587,118.61,118.502,118.58,9333.0
2021-06-16,118.579,118.827,118.441,118.827,9298.0
2021-06-17,118.79,118.858,118.702,118.763,6652.0
2021-06-18,118.763,118.878,118.708,118.858,5647.0
2021-06-21,118.849,119.167,118.838,119.117,5879.0
2021-06-22,119.08,119.08,118.996,119.051,6065.0
2021-06-23,119.038,119.059,118.966,119.02,5642.0
2021-06-24,119.058,119.058,118.909,118.937,6864.0
2021-06-25,118.903,119.008,118.901,118.981,5808.0
2021-06-28,118.98,119.208,118.931,119.121,6533.0
2021-06-29,119.088,119.278,118.97,119.268,6531.0
2021-06-30,119.238,119.589,119.188,119.413,7784.0
2021-07-01,119.363,119.589,119.32,119.375,12702.0
2021-07-02,119.33,119.482,119.327,119.357,8017.0
2021-07-05,119.31,119.526,119.308,119.372,5719.0
2021-07-06,119.372,119.436,119.325,119.408,5798.0
2021-07-07,119.42,119.669,119.333,119.545,9063.0
2021-07-08,119.55,119.74,119.55,119.727,7080.0
2021-07-09,119.724,119.779,119.651,119.777,7911.0
2021-07-12,119.777,119.824,119.614,119.802,2373.0
2021-07-13,119.881,120.176,119.84,120.102,5869.0
2021-07-14,120.102,120.208,119.9,120.169,9828.0
2021-07-15,120.12,120.163,119.88,119.912,8898.0
2021-07-16,119.91,120.038,119.863,119.99,9682.0
2021-07-19,119.95,120.04,119.941,120.004,11355.0
2021-07-20,120.025,120.284,119.97,120.094,9026.0
2021-07-21,120.052,120.27,120.052,120.211,8285.0
2021-07-22,120.162,120.261,120.101,120.231,8809.0
2021-07-23,120.281,120.287,120.169,120.276,10173.0
2021-07-26,120.276,120.695,120.276,120.591,9059.0
2021-07-27,120.542,120.879,120.31,120.746,10713.0
2021-07-28,120.795,120.873,120.3,120.611,10659.0
2021-07-29,120.611,120.702,120.5,120.536,10600.0
2021-07-30,120.536,120.756,120.486,120.716,8776.0
2021-08-02,120.69,121.11,120.69,121.06,9034.0
2021-08-03,121.06,121.14,120.936,121.001,8613.0
2021-08-04,120.951,121.051,120.9,120.924,6281.0
2021-08-05,120.891,120.94,120.8,120.874,10476.0
2021-08-06,120.874,120.944,119.828,120.909,8961.0
2021-08-09,120.949,120.949,120.605,120.621,9232.0
2021-08-10,120.615,120.668,120.49,120.505,8542.0
2021-08-11,120.505,120.554,120.29,120.383,12448.0
2021-08-12,120.334,120.565,120.334,120.49,6764.0
2021-08-13,120.433,120.82,120.423,120.722,8199.0
2021-08-16,120.719,120.868,120.672,120.717,8046.0
2021-08-17,120.713,120.989,120.655,120.915,9178.0
2021-08-18,120.91,121.075,120.789,120.992,10050.0
2021-08-19,121.029,121.129,120.942,120.978,7505.0
2021-08-20,120.964,121.153,120.946,121.056,13697.0
2021-08-23,121.007,121.106,120.948,120.982,8517.0
2021-08-24,120.943,120.98,120.699,120.93,9720.0
2021-08-25,120.88,121.125,120.805,120.975,8184.0
2021-08-26,120.943,121.025,120.518,120.667,7159.0
2021-08-27,120.815,120.815,120.61,120.705,8837.0
2021-08-30,120.68,120.826,120.578,120.75,10404.0
2021-08-31,120.75,120.93,120.75,120.923,8780.0
2021-09-01,120.89,121.046,120.88,120.99,9963.0
2021-09-02,120.955,121.03,120.915,120.983,7665.0
2021-09-03,120.982,121.025,120.934,121.018,6991.0
2021-09-06,120.97,121.033,120.897,120.914,7605.0
2021-09-07,120.88,120.9,120.8,120.818,13875.0
2021-09-08,120.819,120.834,120.78,120.783,9662.0
2021-09-09,120.79,120.823,120.748,120.797,6211.0
2021-09-10,120.798,120.853,120.765,120.795,7501.0
2021-09-13,120.779,120.809,120.747,120.749,8733.0
2021-09-14,120.756,120.769,120.655,120.682,6495.0
2021-09-15,120.7,120.785,120.66,120.705,7877.0
2021-09-16,120.58,120.679,120.472,120.54,8150.0
2021-09-17,120.59,120.659,120.49,120.648,8021.0
2021-09-22,120.625,120.816,120.625,120.711,5989.0
2021-09-23,120.761,120.985,120.746,120.876,5922.0
2021-09-24,120.848,120.952,120.848,120.865,6119.0
2021-09-27,120.875,120.925,120.85,120.861,6650.0
2021-09-28,120.851,120.988,120.809,120.879,5218.0
2021-09-29,120.87,121.228,120.833,121.181,7575.0
2021-09-30,121.101,121.384,121.101,121.239,5707.0
2021-10-08,121.238,121.287,120.982,121.038,6332.0
2021-10-11,121.04,121.078,120.823,120.88,7184.0
2021-10-12,120.88,120.97,120.69,120.696,5637.0
2021-10-13,120.7,120.746,120.63,120.65,5306.0
2021-10-14,120.667,120.725,120.647,120.679,5899.0
2021-10-15,120.72,120.72,120.496,120.66,8525.0
2021-10-18,120.662,120.662,120.094,120.282,6644.0
2021-10-19,120.289,120.32,120.174,120.27,6787.0
2021-10-20,120.285,120.338,120.235,120.31,5029.0
2021-10-21,120.32,120.494,120.291,120.488,6838.0
2021-10-22,120.351,120.49,120.3,120.343,7460.0
2021-10-25,120.392,120.392,120.294,120.37,6025.0
2021-10-26,120.42,120.488,120.357,120.463,4946.0
2021-10-27,120.478,120.529,120.474,120.499,5459.0
2021-10-28,120.46,120.512,120.44,120.479,6472.0
2021-10-29,120.53,120.58,120.477,120.576,4830.0
2021-11-01,120.57,120.67,120.531,120.667,8255.0
2021-11-02,120.621,120.778,120.617,120.768,6076.0
2021-11-03,120.752,120.922,120.742,120.866,6849.0
2021-11-04,120.866,120.875,120.805,120.822,6897.0
2021-11-05,120.872,121.049,120.872,120.95,6184.0
2021-11-08,120.95,121.226,120.95,121.063,5358.0
2021-11-09,121.063,121.069,120.875,120.955,6557.0
2021-11-10,120.961,121.128,120.961,121.118,4268.0
2021-11-11,121.129,121.138,121.056,121.083,6663.0
2021-11-12,121.033,121.075,120.891,120.945,8340.0
2021-11-15,121.029,121.052,120.924,121.039,5141.0
2021-11-16,121.039,121.133,121.039,121.087,4544.0
2021-11-17,121.084,121.155,121.04,121.089,8810.0
2021-11-18,121.081,121.26,121.081,121.171,8248.0
2021-11-19,121.178,121.288,121.066,121.098,4813.0
2021-11-22,121.098,121.178,121.098,121.146,6879.0
2021-11-23,121.153,121.156,121.121,121.148,6367.0
2021-11-24,121.155,121.268,121.155,121.239,6387.0
2021-11-25,121.213,121.38,121.213,121.31,7333.0
2021-11-26,121.315,121.708,121.314,121.564,4039.0
2021-11-29,121.56,121.588,121.391,121.401,7270.0
2021-11-30,121.402,121.451,121.36,121.419,6897.0
2021-12-01,121.426,121.469,121.349,121.36,6891.0
2021-12-02,121.39,121.39,121.29,121.294,1984.0
2021-12-03,121.294,121.327,121.119,121.12,1130.0
2021-12-06,121.179,121.435,121.179,121.371,3924.0
2021-12-07,121.376,121.412,121.314,121.314,1855.0
2021-12-08,121.314,121.363,121.314,121.345,596.0
2021-12-09,121.348,121.388,121.279,121.3,1561.0
2021-12-10,121.305,121.398,121.3,121.379,1132.0
2021-12-13,121.379,121.411,121.353,121.375,918.0
2021-12-14,121.378,121.767,121.378,121.572,6110.0
2021-12-15,121.573,121.687,121.529,121.583,2090.0
2021-12-16,121.633,121.633,121.535,121.544,667.0
2021-12-17,121.544,121.729,121.544,121.72,1340.0
2021-12-20,121.712,121.789,121.632,121.696,820.0
2021-12-21,121.646,121.664,121.596,121.645,596.0
2021-12-22,121.642,121.748,121.599,121.719,1766.0
2021-12-23,121.726,121.829,121.67,121.749,694.0
2021-12-24,121.701,121.903,121.701,121.74,1874.0
2021-12-27,121.74,121.914,121.74,121.851,1528.0
2021-12-28,121.82,121.929,121.801,121.911,359.0
2021-12-29,121.861,122.02,121.861,121.942,1442.0
2021-12-30,121.948,122.289,121.948,122.262,4845.0
2021-12-31,122.26,122.45,122.252,122.369,1400.0
2022-01-04,122.319,122.325,122.173,122.308,666.0
2022-01-05,122.308,122.308,122.149,122.173,1186.0
2022-01-06,122.173,122.173,122.053,122.104,819.0
2022-01-07,122.104,122.153,122.096,122.114,1149.0
2022-01-10,122.114,122.258,122.11,122.258,1695.0
2022-01-11,122.258,122.507,122.25,122.43,1101.0
2022-01-12,122.445,122.478,122.356,122.478,1044.0
2022-01-13,122.47,122.489,122.344,122.463,586.0
2022-01-14,122.463,122.759,122.463,122.759,1673.0
2022-01-17,122.642,122.904,122.642,122.722,2276.0
2022-01-18,122.74,123.121,122.726,123.088,2320.0
2022-01-19,123.129,123.262,122.997,123.028,2956.0
2022-01-20,123.045,123.054,122.959,123.006,2118.0
2022-01-21,123.008,123.324,123.008,123.316,1980.0
2022-01-24,123.356,123.889,123.356,123.765,2572.0
2022-01-25,123.49,123.888,123.49,123.732,1948.0
2022-01-26,123.683,123.732,123.077,123.149,7885.0
2022-01-27,123.159,123.289,123.07,123.096,5093.0
2022-01-28,123.105,123.359,123.096,123.354,6357.0
2022-02-07,123.36,123.389,123.175,123.243,6386.0
2022-02-08,123.25,123.444,123.243,123.394,5116.0
2022-02-09,123.4,123.629,123.351,123.461,4104.0
2022-02-10,123.448,123.587,123.411,123.577,4585.0
2022-02-11,123.527,123.527,123.009,123.036,5706.0
2022-02-14,123.015,123.07,122.924,122.925,4158.0
2022-02-15,122.913,122.959,122.814,122.927,4269.0
2022-02-16,122.923,123.042,122.881,123.024,3898.0
2022-02-17,122.91,123.128,122.91,123.035,4145.0
2022-02-18,122.98,123.084,122.915,122.957,6181.0
2022-02-21,122.913,122.913,122.643,122.675,4070.0
2022-02-22,122.623,122.696,122.549,122.606,5317.0
2022-02-23,122.606,122.74,122.596,122.739,4491.0
2022-02-24,122.715,122.841,122.715,122.783,4154.0
2022-02-25,122.814,122.879,122.549,122.86,3836.0
2022-02-28,122.86,122.988,122.811,122.903,3691.0
2022-03-01,122.903,122.904,122.674,122.684,2712.0
2022-03-02,122.687,122.687,122.582,122.627,4013.0
2022-03-03,122.621,122.82,122.58,122.633,4075.0
2022-03-04,122.585,122.669,122.522,122.573,5456.0
2022-03-07,122.57,122.978,122.556,122.838,5724.0
2022-03-08,122.84,123.029,122.836,122.965,4860.0
2022-03-09,122.974,123.015,122.591,122.69,5101.0
2022-03-10,122.645,122.96,122.645,122.742,4326.0
2022-03-11,122.738,122.999,122.648,122.969,5250.0
2022-03-14,122.972,123.34,122.972,123.33,7096.0
2022-03-15,123.33,123.379,122.832,122.864,6132.0
2022-03-16,123.26,123.26,122.681,122.8,5260.0
2022-03-17,122.793,122.897,122.762,122.824,4233.0
2022-03-18,122.824,123.05,122.824,122.995,5645.0
2022-03-21,122.995,123.068,122.869,122.945,4131.0
2022-03-22,122.896,122.896,122.75,122.8,4856.0
2022-03-23,122.798,123.107,122.75,122.841,5213.0
2022-03-24,122.832,123.06,122.78,122.945,4795.0
2022-03-25,122.984,123.19,122.946,123.05,2856.0
2022-03-28,123.1,123.24,123.046,123.055,5090.0
2022-03-29,123.09,123.28,122.992,122.997,4707.0
2022-03-30,122.997,123.087,122.949,122.967,4969.0
2022-03-31,122.954,123.078,122.848,122.866,5483.0
2022-04-01,122.866,123.056,122.866,123.024,3605.0
2022-04-06,123.059,123.28,123.059,123.14,8062.0
2022-04-07,123.14,123.379,123.14,123.285,7395.0
2022-04-08,123.29,123.549,123.285,123.456,5497.0
2022-04-11,123.456,123.537,123.178,123.2,6419.0
2022-04-12,123.213,123.445,123.204,123.247,5575.0
2022-04-13,123.247,123.376,123.152,123.284,6448.0
2022-04-14,123.334,123.69,123.333,123.485,7667.0
2022-04-15,123.485,123.558,123.343,123.373,3987.0
2022-04-18,123.373,123.373,123.2,123.225,2977.0
2022-04-19,123.24,123.349,123.226,123.274,5353.0
2022-04-20,123.324,123.324,123.134,123.31,5294.0
2022-04-21,123.31,123.339,123.195,123.2,6702.0
2022-04-22,123.2,123.295,123.15,123.168,5282.0
2022-04-25,123.168,123.291,123.153,123.175,4872.0
2022-04-26,123.178,123.284,123.175,123.247,7470.0
2022-04-27,123.237,123.293,123.19,123.206,8026.0
2022-04-28,123.213,123.289,123.124,123.138,7428.0
2022-04-29,123.138,123.288,123.118,123.269,10277.0
2022-05-05,123.269,123.313,123.219,123.27,7518.0
2022-05-06,123.27,123.469,123.09,123.175,9585.0
2022-05-09,123.179,123.29,123.179,123.257,7827.0
2022-05-10,123.289,123.539,123.258,123.519,7882.0
2022-05-11,123.569,123.569,123.391,123.422,10141.0
2022-05-12,123.391,123.641,123.376,123.49,9786.0
2022-05-13,123.51,123.725,123.503,123.598,8846.0
2022-05-16,123.548,123.646,123.541,123.583,9331.0
2022-05-17,123.566,123.8,123.566,123.732,10403.0
2022-05-18,123.76,124.035,123.688,123.93,10570.0
2022-05-19,123.979,124.083,123.67,123.826,10157.0
2022-05-20,123.79,123.95,123.664,123.757,9312.0
2022-05-23,123.71,123.91,123.71,123.812,8506.0
2022-05-24,123.811,124.16,123.771,123.874,10354.0
2022-05-25,123.924,124.12,123.865,123.974,8826.0
2022-05-26,124.024,124.234,124.018,124.206,9971.0
2022-05-27,124.206,124.254,123.928,123.99,6802.0
2022-05-30,123.941,124.039,123.816,123.84,10068.0
2022-05-31,123.84,123.889,123.656,123.721,8451.0
2022-06-01,123.695,123.829,123.606,123.685,12282.0
2022-06-02,123.73,123.73,123.614,123.664,11282.0
2022-06-06,123.664,123.72,123.634,123.705,10435.0
2022-06-07,123.74,123.74,123.676,123.699,9755.0
2022-06-08,123.69,123.729,123.649,123.669,9477.0
2022-06-09,123.654,123.69,123.654,123.69,15360.0
2022-06-10,123.694,123.769,123.6,123.644,9794.0
2022-06-13,123.604,123.639,123.594,123.638,18676.0
2022-06-14,123.632,123.632,123.51,123.577,14226.0
2022-06-15,123.58,123.661,123.451,123.52,18154.0
2022-06-16,123.561,123.632,123.47,123.515,14469.0
2022-06-17,123.525,123.66,123.522,123.62,10360.0
2022-06-20,123.62,123.623,123.527,123.604,18861.0
2022-06-21,123.598,123.66,123.564,123.587,19802.0
2022-06-22,123.62,123.719,123.614,123.682,20473.0
2022-06-23,123.684,123.708,123.635,123.682,17851.0
2022-06-24,123.686,123.764,123.615,123.689,18781.0
2022-06-27,123.669,123.669,123.471,123.497,15933.0
2022-06-28,123.48,123.689,123.48,123.512,18696.0
2022-06-29,123.559,123.686,123.51,123.611,18280.0
2022-06-30,123.566,123.72,123.525,123.615,18878.0
2022-07-01,123.615,123.86,123.594,123.797,19107.0
2022-07-04,123.797,123.83,123.522,123.576,18134.0
2022-07-05,123.576,123.67,123.436,123.458,20128.0
2022-07-06,123.455,123.555,123.455,123.495,18150.0
2022-07-07,123.496,123.539,123.493,123.503,16991.0
2022-07-08,123.537,123.537,123.434,123.446,15768.0
2022-07-11,123.48,123.55,123.408,123.491,21185.0
2022-07-12,123.542,123.59,123.51,123.567,18004.0
2022-07-13,123.615,123.746,123.56,123.643,14529.0
2022-07-14,123.693,123.748,123.643,123.742,17042.0
2022-07-15,123.751,123.945,123.751,123.918,25101.0
2022-07-18,123.907,123.93,123.71,123.829,24288.0
2022-07-19,123.795,123.86,123.704,123.781,22267.0
2022-07-20,123.735,123.84,123.731,123.832,25316.0
2022-07-21,123.831,123.97,123.831,123.905,23721.0
2022-07-22,123.905,124.026,123.862,123.998,20490.0
2022-07-25,123.907,124.032,123.891,124.019,24852.0
2022-07-26,124.066,124.25,123.995,124.147,24250.0
2022-07-27,124.147,124.289,124.129,124.156,22543.0
2022-07-28,124.161,124.265,124.107,124.13,23495.0
2022-07-29,124.118,124.7,124.118,124.389,26313.0
2022-08-01,124.389,124.588,124.361,124.584,19065.0
2022-08-02,124.584,124.779,124.54,124.767,27242.0
2022-08-03,124.758,124.782,124.616,124.723,28683.0
2022-08-04,124.723,125.005,124.723,124.875,28363.0
2022-08-05,124.875,124.875,124.68,124.685,25034.0
2022-08-08,124.7,124.758,124.66,124.71,15164.0
2022-08-09,124.71,124.788,124.599,124.624,22511.0
2022-08-10,124.634,124.828,124.624,124.677,35008.0
2022-08-11,124.684,124.74,124.607,124.642,20068.0
2022-08-12,124.634,124.732,124.623,124.645,21984.0
2022-08-15,124.695,127.89,124.695,125.095,26739.0
2022-08-16,125.139,125.367,125.139,125.274,19516.0
2022-08-17,125.273,125.323,125.224,125.304,30688.0
2022-08-18,125.3,125.47,125.262,125.39,21631.0
2022-08-19,125.39,125.511,125.351,125.479,28603.0
2022-08-22,125.461,125.655,125.359,125.485,20172.0
2022-08-23,125.463,125.574,125.395,125.395,18695.0
2022-08-24,125.396,125.467,125.357,125.365,19789.0
2022-08-25,125.412,125.429,125.28,125.281,26560.0
2022-08-26,125.281,125.281,125.19,125.222,25405.0
2022-08-29,125.225,125.347,125.12,125.23,17613.0
2022-08-30,125.238,125.43,125.232,125.346,20117.0
2022-08-31,125.354,125.415,125.312,125.398,30075.0
2022-09-01,125.389,125.435,125.348,125.411,32015.0
2022-09-02,125.42,125.657,125.402,125.565,31422.0
2022-09-05,125.461,125.77,125.461,125.619,31597.0
2022-09-06,125.639,125.755,125.547,125.575,27940.0
2022-09-07,125.575,125.701,125.404,125.581,32553.0
2022-09-08,125.569,125.595,125.451,125.533,31109.0
2022-09-09,125.512,125.625,125.401,125.422,23555.0
2022-09-13,125.385,125.42,125.291,125.316,12440.0
2022-09-14,125.32,125.365,125.189,125.203,33422.0
2022-09-15,125.204,125.29,125.156,125.198,31893.0
2022-09-16,125.178,125.197,124.99,125.083,24105.0
2022-09-19,125.041,125.19,125.036,125.098,13947.0
2022-09-20,125.098,125.277,125.089,125.242,30717.0
2022-09-21,125.261,125.348,125.214,125.268,27407.0
2022-09-22,125.307,125.318,125.249,125.265,30746.0
2022-09-23,125.22,125.261,125.11,125.138,31788.0
2022-09-26,125.214,125.214,124.79,124.836,31614.0
2022-09-27,124.788,124.89,124.603,124.838,23055.0
2022-09-28,124.838,124.879,124.791,124.795,30719.0
2022-09-29,124.746,124.831,124.543,124.574,31354.0
2022-09-30,124.575,124.67,124.524,124.67,31806.0
2022-10-10,124.66,124.92,124.66,124.88,23061.0
2022-10-11,124.93,125.082,124.83,125.049,22298.0
2022-10-12,125.049,125.092,124.745,124.961,32067.0
2022-10-13,124.975,125.05,124.928,125.048,26592.0
2022-10-14,125.048,125.787,125.009,125.34,34742.0
2022-10-17,125.339,125.339,125.14,125.155,31835.0
2022-10-18,125.157,125.195,125.018,125.136,35190.0
2022-10-19,125.146,125.249,125.106,125.229,31138.0
2022-10-20,125.23,125.25,125.106,125.139,31034.0
2022-10-21,125.184,125.255,125.113,125.154,36384.0
2022-10-24,125.154,125.333,125.13,125.265,27223.0
2022-10-25,125.269,125.269,125.096,125.187,26622.0
2022-10-26,125.187,125.267,125.137,125.193,33508.0
2022-10-27,125.239,125.36,125.194,125.284,22981.0
2022-10-28,125.29,125.515,125.29,125.465,24361.0
2022-10-31,125.427,125.593,125.427,125.558,27150.0
2022-11-01,125.608,125.608,125.39,125.427,16774.0
2022-11-02,125.416,125.461,125.022,125.31,27185.0
2022-11-03,125.31,125.466,125.28,125.427,22911.0
2022-11-04,125.203,125.465,125.203,125.303,31681.0
2022-11-07,125.353,125.354,125.298,125.302,43830.0
2022-11-08,125.3,125.333,125.264,125.331,34086.0
2022-11-09,125.303,125.435,125.303,125.4,6569.0
2022-11-10,125.405,125.449,125.29,125.309,31894.0
2022-11-11,125.291,125.358,124.932,125.057,24344.0
2022-11-14,125.057,125.057,124.642,124.711,15152.0
2022-11-15,124.661,124.661,124.399,124.57,32215.0
2022-11-16,124.568,124.69,124.36,124.371,19734.0
2022-11-17,124.371,124.535,124.32,124.53,34534.0
2022-11-18,124.52,124.679,124.395,124.46,54753.0
2022-11-21,124.477,124.75,124.477,124.699,27177.0
2022-11-22,124.69,124.995,124.559,124.753,44123.0
2022-11-23,124.745,125.073,124.745,124.973,40484.0
2022-11-24,125.023,125.223,125.023,125.133,64315.0
2022-11-25,125.134,125.182,124.89,124.89,46294.0
2022-11-28,125.08,125.08,124.636,124.653,44704.0
2022-11-29,124.64,124.652,124.202,124.304,16277.0
2022-11-30,124.31,124.44,124.31,124.398,17332.0
2022-12-01,124.348,124.509,124.203,124.472,54378.0
2022-12-02,124.521,124.565,124.476,124.511,50966.0
2022-12-05,124.472,124.533,124.422,124.454,67647.0
2022-12-06,124.405,124.452,124.296,124.321,95077.0
2022-12-07,124.352,124.359,124.237,124.245,30263.0
2022-12-08,124.253,124.508,124.253,124.431,54384.0
2022-12-09,124.405,124.5,124.291,124.321,46866.0
2022-12-12,124.346,124.37,124.307,124.342,78992.0
2022-12-13,124.354,124.355,124.01,124.045,71261.0
2022-12-14,124.045,124.36,124.045,124.31,22518.0
2022-12-15,124.346,124.47,124.3,124.391,25463.0
2022-12-16,124.343,124.439,124.29,124.359,24714.0
2022-12-19,124.409,124.59,124.409,124.547,30428.0
2022-12-20,124.56,124.659,124.551,124.559,43231.0
2022-12-21,124.559,124.559,124.389,124.489,24450.0
2022-12-22,124.489,124.551,124.489,124.53,27380.0
2022-12-23,124.539,124.579,124.523,124.568,53922.0
2022-12-26,124.57,124.618,124.474,124.517,28208.0
2022-12-27,124.516,124.685,124.5,124.531,30010.0
2022-12-28,124.58,124.724,124.54,124.716,23895.0
2022-12-29,124.716,124.844,124.69,124.787,41049.0
2022-12-30,124.837,125.182,124.79,124.994,2179.0
2023-01-03,125.044,125.105,124.946,124.957,64776.0
2023-01-04,124.944,125.28,124.921,125.178,29465.0
2023-01-05,125.178,125.223,125.086,125.111,35761.0
2023-01-06,125.161,125.161,124.841,124.847,31533.0
2023-01-09,124.846,124.909,124.834,124.85,27688.0
2023-01-10,124.847,124.863,124.745,124.775,34059.0
2023-01-11,124.775,124.775,124.608,124.64,34832.0
2023-01-12,124.628,124.711,124.628,124.675,43170.0
2023-01-13,124.71,124.724,124.625,124.703,55751.0
2023-01-16,124.676,124.677,124.57,124.6,16720.0
2023-01-17,124.6,124.622,124.581,124.609,34600.0
2023-01-18,124.621,124.7,124.56,124.59,43955.0
2023-01-19,124.59,124.62,124.56,124.619,49355.0
2023-01-20,124.668,124.747,124.621,124.744,4361.0
2023-01-30,124.744,124.784,124.681,124.744,44877.0
2023-01-31,124.744,124.796,124.62,124.728,37368.0
2023-02-01,124.731,124.814,124.721,124.777,33848.0
2023-02-02,124.777,124.877,124.758,124.862,23496.0
2023-02-03,124.862,124.93,124.862,124.908,34394.0
2023-02-06,124.909,124.957,124.791,124.846,21820.0
2023-02-07,124.858,124.873,124.817,124.865,49729.0
2023-02-08,124.889,124.95,124.865,124.908,77599.0
2023-02-09,124.91,124.94,124.877,124.918,58704.0
2023-02-10,124.919,124.974,124.919,124.969,44569.0
2023-02-13,124.989,125.018,124.969,124.979,34659.0
2023-02-14,124.971,125.007,124.936,124.983,87311.0
2023-02-15,124.987,125.032,124.943,124.989,52530.0
2023-02-16,124.99,125.03,124.939,124.977,15263.0
2023-02-17,124.99,125.024,124.946,124.992,34858.0
2023-02-20,125.034,125.042,124.89,124.898,30785.0
2023-02-21,124.898,124.898,124.848,124.857,47602.0
2023-02-22,124.866,124.939,124.866,124.882,13636.0
2023-02-23,124.881,124.92,124.87,124.88,36937.0
2023-02-24,124.928,124.928,124.88,124.883,23678.0
2023-02-27,124.883,124.922,124.811,124.862,24690.0
2023-02-28,124.911,124.911,124.813,124.844,37093.0
2023-03-01,124.846,124.881,124.846,124.853,62552.0
2023-03-02,124.867,124.901,124.85,124.881,5544.0
2023-03-03,124.88,124.891,124.843,124.864,18943.0
2023-03-06,124.851,124.958,124.851,124.953,23218.0
2023-03-07,124.953,125.059,124.946,125.053,5842.0
2023-03-08,125.056,125.153,125.008,125.122,18116.0
2023-03-09,125.125,125.159,125.125,125.141,17066.0
2023-03-10,125.151,125.232,125.12,125.19,30005.0
2023-03-13,125.148,125.236,125.148,125.185,18028.0
2023-03-14,125.185,125.247,125.162,125.228,33108.0
2023-03-15,125.196,125.228,125.186,125.197,21349.0
2023-03-16,125.202,125.265,125.202,125.256,21689.0
2023-03-17,125.232,125.357,125.207,125.326,23759.0
2023-03-20,125.376,125.454,125.29,125.411,29706.0
2023-03-21,125.461,125.461,125.29,125.349,25054.0
2023-03-22,125.318,125.39,125.243,125.343,32170.0
2023-03-23,125.302,125.384,125.297,125.317,30417.0
2023-03-24,125.297,125.359,125.24,125.263,38251.0
2023-03-27,125.263,125.305,125.174,125.273,10455.0
2023-03-28,125.275,125.319,125.275,125.297,19520.0
2023-03-29,125.339,125.347,125.258,125.325,44493.0
2023-03-30,125.29,125.4,125.29,125.36,18134.0
2023-03-31,125.41,125.44,125.36,125.37,33838.0
2023-04-03,125.371,125.42,125.341,125.36,66325.0
2023-04-04,125.34,125.404,125.311,125.404,40258.0
2023-04-06,125.4,125.45,125.389,125.444,38497.0
2023-04-07,125.428,125.48,125.416,125.477,37441.0
2023-04-10,125.477,125.67,125.464,125.587,25760.0
2023-04-11,125.587,125.765,125.538,125.632,38753.0
2023-04-12,125.631,125.682,125.631,125.665,16850.0
2023-04-13,125.665,125.715,125.615,125.636,30850.0
2023-04-14,125.656,125.656,125.587,125.601,20276.0
2023-04-17,125.6,125.635,125.554,125.573,29356.0
2023-04-18,125.564,125.633,125.559,125.626,45828.0
2023-04-19,125.625,125.796,125.625,125.702,17699.0
2023-04-20,125.691,125.713,125.612,125.682,28781.0
2023-04-21,125.682,125.747,125.682,125.741,24726.0
2023-04-24,125.739,125.865,125.728,125.774,35063.0
2023-04-25,125.776,125.824,125.752,125.784,31477.0
2023-04-26,125.784,125.819,125.754,125.785,28067.0
2023-04-27,125.8,125.98,125.8,125.968,20789.0
2023-04-28,125.982,126.06,125.923,126.025,24639.0
2023-05-04,126.075,126.175,126.026,126.137,19461.0
2023-05-05,126.137,126.402,126.088,126.369,24226.0
2023-05-08,126.365,126.4,126.263,126.305,7382.0
2023-05-09,126.353,126.46,126.291,126.353,20516.0
2023-05-10,126.357,126.53,126.357,126.523,25766.0
2023-05-11,126.64,126.788,126.575,126.701,33491.0
2023-05-12,126.699,126.77,126.593,126.63,13655.0
2023-05-15,126.639,126.822,126.639,126.7,15318.0
2023-05-16,126.698,126.7,126.61,126.63,23216.0
2023-05-17,126.637,126.676,126.582,126.618,34685.0
2023-05-18,126.618,126.618,126.417,126.578,29491.0
2023-05-19,126.563,126.67,126.538,126.664,13746.0
2023-05-22,126.666,126.831,126.665,126.825,40847.0
2023-05-23,126.86,127.191,126.826,127.15,24308.0
2023-05-24,127.19,127.191,126.972,127.073,34021.0
2023-05-25,127.076,127.076,126.869,126.91,32659.0
2023-05-26,126.95,127.039,126.89,126.904,47512.0
2023-05-29,126.858,126.976,126.69,126.934,23610.0
2023-05-30,126.95,127.08,126.95,127.04,33462.0
2023-05-31,127.04,127.191,127.04,127.108,37618.0
2023-06-01,127.062,127.238,127.062,127.216,28477.0
2023-06-02,127.231,127.245,126.966,127.038,32985.0
2023-06-05,126.99,127.189,126.99,127.169,8265.0
2023-06-06,127.169,127.237,127.169,127.218,23186.0
2023-06-07,127.266,127.347,127.224,127.343,32481.0
2023-06-08,127.343,127.35,127.24,127.283,28282.0
2023-06-09,127.242,127.408,127.242,127.36,13942.0
2023-06-12,127.387,127.449,127.342,127.434,33844.0
2023-06-13,127.435,127.619,127.435,127.58,31430.0
2023-06-14,127.583,127.709,127.583,127.675,34686.0
2023-06-15,127.67,127.674,122.67,127.327,23959.0
2023-06-16,127.228,127.395,126.941,127.048,26094.0
2023-06-19,127.072,127.187,127.049,127.086,14489.0
2023-06-20,127.036,127.135,127.036,127.112,23121.0
2023-06-21,127.12,127.253,127.12,127.25,8069.0
2023-06-26,127.257,127.332,127.257,127.329,17688.0
2023-06-27,127.329,127.34,127.159,127.253,18489.0
2023-06-28,127.251,127.295,127.251,127.275,18874.0
2023-06-29,127.278,127.317,127.241,127.241,24742.0
2023-06-30,127.29,127.422,127.282,127.419,17665.0
2023-07-03,127.469,127.535,127.391,127.479,33780.0
2023-07-04,127.479,127.596,127.43,127.457,1938.0
2023-07-05,127.461,127.648,127.461,127.646,2447.0
2023-07-06,127.655,127.737,127.596,127.689,7248.0
2023-07-07,127.657,127.738,127.657,127.702,12351.0
2023-07-10,127.701,127.73,127.601,127.694,38836.0
2023-07-11,127.689,127.743,127.689,127.71,15704.0
2023-07-12,127.714,127.728,127.661,127.707,27915.0
2023-07-13,127.698,127.717,127.657,127.689,22041.0
2023-07-14,127.691,127.691,127.601,127.648,38272.0
2023-07-17,127.648,127.759,127.648,127.74,19564.0
2023-07-18,127.744,127.848,127.744,127.822,18657.0
2023-07-19,127.832,127.948,127.822,127.856,26977.0
2023-07-20,127.856,127.856,127.808,127.853,18669.0
2023-07-21,127.902,127.988,127.853,127.986,20426.0
2023-07-24,127.959,128.076,127.939,128.022,19778.0
2023-07-25,127.872,127.872,127.69,127.691,32774.0
2023-07-26,127.69,127.718,127.49,127.715,49935.0
2023-07-27,127.728,127.836,127.725,127.827,29896.0
2023-07-28,127.81,127.888,127.67,127.736,40530.0
2023-07-31,127.726,127.726,127.391,127.617,38139.0
2023-08-01,127.62,127.77,127.62,127.711,38412.0
2023-08-02,127.712,127.761,127.707,127.716,35022.0
2023-08-03,127.72,127.789,127.72,127.773,28023.0
2023-08-04,127.773,127.923,127.724,127.817,8637.0
2023-08-07,127.867,127.886,127.849,127.873,31109.0
2023-08-08,127.876,127.909,127.866,127.9,23325.0
2023-08-09,127.95,127.95,127.85,127.925,25941.0
2023-08-10,127.916,127.94,127.853,127.874,28507.0
2023-08-11,127.874,127.931,127.874,127.912,32870.0
2023-08-14,127.927,128.011,127.927,127.978,32210.0
2023-08-15,127.978,128.369,127.978,128.251,18317.0
2023-08-16,128.27,128.39,128.27,128.322,40170.0
2023-08-17,128.342,128.368,128.201,128.28,50072.0
2023-08-18,128.28,128.372,128.235,128.347,33130.0
2023-08-21,128.363,128.484,128.363,128.468,32990.0
2023-08-22,128.468,128.505,128.19,128.394,35735.0
2023-08-23,128.396,128.437,128.358,128.381,32232.0
2023-08-24,128.351,128.411,128.324,128.35,34923.0
2023-08-25,128.357,128.4,128.275,128.287,26396.0
2023-08-28,128.065,128.162,126.745,128.122,36151.0
2023-08-29,128.141,128.27,127.919,127.96,27171.0
2023-08-30,127.911,128.283,127.9,128.213,37123.0
2023-08-31,128.215,128.275,128.205,128.239,29511.0
2023-09-01,128.195,128.2,128.089,128.098,29137.0
2023-09-04,128.02,128.02,127.681,127.778,26614.0
2023-09-05,127.855,127.887,127.801,127.873,34148.0
2023-09-06,127.879,127.934,127.743,127.773,45076.0
2023-09-07,127.771,127.771,127.595,127.612,27480.0
2023-09-08,127.665,127.739,127.652,127.717,29664.0
2023-09-11,127.717,127.774,127.662,127.717,28002.0
2023-09-12,127.717,127.808,127.709,127.74,17140.0
2023-09-13,127.778,127.925,127.76,127.874,35354.0
2023-09-14,127.84,127.967,127.84,127.941,38508.0
2023-09-15,127.94,127.96,127.856,127.875,25571.0
2023-09-18,127.825,127.825,127.69,127.733,29555.0
2023-09-19,127.762,127.762,127.703,127.718,25879.0
2023-09-20,127.718,127.729,127.655,127.666,22783.0
2023-09-21,127.666,127.785,127.617,127.763,26749.0
2023-09-22,127.763,127.79,127.658,127.668,26261.0
2023-09-25,127.667,127.79,127.639,127.641,31232.0
2023-09-26,127.594,127.653,127.457,127.492,33886.0
2023-09-27,127.493,127.539,127.191,127.194,3745.0
2023-09-28,127.542,127.85,127.48,127.772,27356.0
2023-10-09,127.773,127.939,127.754,127.883,23688.0
2023-10-10,127.846,127.899,127.783,127.789,27877.0
2023-10-11,127.75,127.772,127.5,127.549,23312.0
2023-10-12,127.499,127.57,127.35,127.53,34944.0
2023-10-13,127.534,127.667,127.534,127.639,25687.0
2023-10-16,127.689,127.79,127.631,127.653,47490.0
2023-10-17,127.623,127.627,127.556,127.588,40160.0
2023-10-18,127.588,127.613,127.547,127.563,28848.0
2023-10-19,127.517,127.543,126.116,127.328,42310.0
2023-10-20,127.328,127.469,127.328,127.43,29304.0
2023-10-23,127.49,127.565,127.488,127.552,35683.0
2023-10-24,127.522,127.537,127.434,127.49,27500.0
2023-10-25,127.491,127.669,127.422,127.644,19847.0
2023-10-26,127.646,127.811,127.646,127.8,28836.0
2023-10-27,127.8,127.865,127.723,127.74,27313.0
2023-10-30,127.737,127.959,127.737,127.916,26887.0
2023-10-31,127.891,128.013,127.891,127.956,27278.0
2023-11-01,128.04,128.04,127.941,127.983,27528.0
2023-11-02,127.986,128.093,127.973,128.081,27548.0
2023-11-03,128.071,128.182,127.995,128.072,29496.0
2023-11-06,128.07,128.07,127.981,128.035,29974.0
2023-11-07,128.035,128.1,128.035,128.07,29705.0
2023-11-08,128.085,128.085,127.993,128.083,28572.0
2023-11-09,128.128,128.155,128.061,128.09,39085.0
2023-11-10,128.091,128.128,128.053,128.095,28517.0
2023-11-13,128.094,128.324,128.058,128.253,46505.0
2023-11-14,128.251,128.251,128.146,128.242,29665.0
2023-11-15,128.242,128.257,128.196,128.239,31885.0
2023-11-16,128.22,128.335,128.22,128.315,27902.0
2023-11-17,128.316,128.36,128.262,128.327,28266.0
2023-11-20,128.356,128.356,128.245,128.257,33507.0
2023-11-21,128.225,128.24,128.154,128.196,27321.0
2023-11-22,128.196,128.196,128.021,128.045,28070.0
2023-11-23,128.06,128.06,127.82,127.88,27811.0
2023-11-24,127.928,128.069,127.9,127.976,26883.0
2023-11-27,127.93,128.03,127.895,127.957,30525.0
2023-11-28,127.96,128.116,127.89,127.945,36535.0
2023-11-29,127.946,127.965,127.891,127.897,43993.0
2023-11-30,127.91,128.032,127.9,127.991,31820.0
2023-12-01,128.041,128.19,128.035,128.09,46148.0
2023-12-04,128.09,128.149,127.984,127.995,44993.0
2023-12-05,127.997,128.014,127.957,127.981,22145.0
2023-12-06,127.981,128.014,127.933,127.963,34370.0
2023-12-07,127.963,128.042,127.945,128.034,34286.0
2023-12-08,128.129,128.158,128.078,128.1,32707.0
2023-12-11,128.155,128.321,128.155,128.285,30451.0
2023-12-12,128.285,128.323,128.244,128.273,33835.0
2023-12-13,128.291,128.504,128.291,128.455,22260.0
2023-12-14,128.461,128.461,128.31,128.331,18697.0
2023-12-15,128.359,128.463,128.342,128.448,33805.0
2023-12-18,128.464,128.59,128.464,128.555,32852.0
2023-12-19,128.562,128.572,128.52,128.542,34199.0
2023-12-20,128.544,128.589,128.443,128.451,33343.0
2023-12-21,128.453,128.529,128.411,128.5,29682.0
2023-12-22,128.591,128.707,128.553,128.677,14535.0
2023-12-25,128.727,128.819,128.676,128.785,10951.0
2023-12-26,128.79,129.005,128.757,128.887,19286.0
2023-12-27,128.949,129.049,128.949,129.016,31812.0
2023-12-28,129.069,129.29,128.997,129.135,7875.0
2023-12-29,129.152,129.277,129.152,129.253,26287.0
2024-01-02,129.254,129.254,128.92,129.142,31664.0
2024-01-03,129.105,129.137,129.045,129.107,41739.0
2024-01-04,129.095,129.284,129.061,129.21,4005.0
2024-01-05,129.208,129.482,129.173,129.347,3307.0
2024-01-08,129.334,129.589,129.25,129.313,30614.0
2024-01-09,129.312,129.376,129.3,129.334,29256.0
2024-01-10,129.359,129.377,129.286,129.317,22250.0
2024-01-11,129.318,129.366,129.259,129.35,27339.0
2024-01-12,129.389,129.389,129.144,129.307,26873.0
2024-01-15,129.307,129.346,129.257,129.263,61964.0
2024-01-16,129.221,129.249,129.17,129.172,46331.0
2024-01-17,129.154,129.269,129.154,129.269,42925.0
2024-01-18,129.305,129.447,129.224,129.24,42701.0
2024-01-19,129.33,129.465,129.33,129.465,50477.0
2024-01-22,129.467,129.59,129.438,129.527,30624.0
2024-01-23,129.527,129.527,129.392,129.449,31376.0
2024-01-24,129.401,129.488,129.386,129.402,14214.0
2024-01-25,129.454,129.611,129.454,129.572,16875.0
2024-01-26,129.64,129.737,129.637,129.665,40995.0
2024-01-29,129.665,129.715,129.644,129.711,30873.0
2024-01-30,129.906,130.198,129.808,130.057,36493.0
2024-01-31,130.16,130.28,130.008,130.09,25205.0
2024-02-01,130.01,130.067,129.834,129.968,34043.0
2024-02-02,129.953,129.98,129.921,129.956,40738.0
2024-02-05,130.212,130.28,130.059,130.114,34413.0
2024-02-06,130.035,130.06,129.86,129.913,42677.0
2024-02-07,129.859,130.12,129.635,129.851,15312.0
2024-02-08,130.085,130.09,129.892,130.09,25645.0
2024-02-19,130.009,130.068,129.916,130.05,38908.0
2024-02-20,130.038,130.11,130.02,130.092,35983.0
2024-02-21,130.142,130.317,130.05,130.175,29469.0
2024-02-22,130.175,130.247,130.121,130.233,26980.0
2024-02-23,130.37,130.468,130.277,130.399,36790.0
2024-02-26,130.389,130.456,130.3,130.411,25915.0
2024-02-27,130.441,130.502,130.418,130.449,28539.0
2024-02-28,130.415,130.487,130.388,130.46,25255.0
2024-02-29,130.471,130.529,130.47,130.511,54219.0
2024-03-01,130.49,130.514,130.42,130.43,52223.0
2024-03-04,130.397,130.456,130.315,130.435,43927.0
2024-03-05,130.417,130.468,130.391,130.44,41925.0
2024-03-06,130.53,130.624,130.47,130.62,37172.0
2024-03-07,130.845,130.845,130.632,130.736,37630.0
2024-03-08,130.734,130.763,130.61,130.683,43724.0
2024-03-11,130.586,130.682,130.561,130.598,42286.0
2024-03-12,130.498,130.55,130.398,130.471,41780.0
2024-03-13,130.359,130.445,130.264,130.434,39384.0
2024-03-14,130.403,130.403,130.303,130.361,34673.0
2024-03-15,130.389,130.493,130.382,130.444,41887.0
2024-03-18,130.434,130.57,130.424,130.567,41509.0
2024-03-19,130.57,130.682,130.57,130.673,34378.0
2024-03-20,130.667,130.684,130.624,130.649,67407.0
2024-03-21,130.599,130.681,130.514,130.673,35896.0
2024-03-22,130.73,130.79,130.673,130.706,38493.0
2024-03-25,130.57,130.666,130.548,130.642,41118.0
2024-03-26,130.595,130.634,130.588,130.627,31516.0
2024-03-27,130.622,130.702,130.611,130.681,40304.0
2024-03-28,130.738,130.738,130.646,130.665,2827.0
2024-03-29,130.697,130.823,130.669,130.813,40632.0
2024-04-01,130.815,130.816,130.706,130.768,30373.0
2024-04-02,130.768,130.82,130.768,130.816,37738.0
2024-04-03,130.866,130.96,130.858,130.953,34318.0
2024-04-08,130.953,131.148,130.942,131.12,31544.0
2024-04-09,131.12,131.263,131.072,131.245,41409.0
2024-04-10,131.177,131.29,131.148,131.259,52895.0
2024-04-11,131.26,131.347,131.258,131.284,39365.0
2024-04-12,131.327,131.489,131.327,131.459,39987.0
2024-04-15,131.465,131.535,131.432,131.44,30803.0
2024-04-16,131.44,131.44,131.278,131.367,38683.0
2024-04-17,131.367,131.432,131.367,131.402,34128.0
2024-04-18,131.45,131.519,131.382,131.508,31451.0
2024-04-19,131.569,131.626,131.569,131.596,68993.0
2024-04-22,131.61,131.68,131.61,131.677,30708.0
2024-04-23,131.688,131.869,131.683,131.867,29838.0
2024-04-24,131.675,131.867,131.458,131.508,34713.0
2024-04-25,131.516,131.672,131.516,131.603,31794.0
2024-04-26,131.655,131.73,131.37,131.379,28061.0
2024-04-29,131.515,131.515,130.402,130.819,10692.0
2024-04-30,130.96,131.23,130.96,131.202,36085.0
2024-05-06,131.207,131.415,130.948,131.415,18296.0
2024-05-07,131.532,131.685,131.435,131.581,29758.0
2024-05-08,131.581,131.624,131.569,131.605,28353.0
2024-05-09,131.54,131.55,131.449,131.486,41169.0
2024-05-10,131.478,131.514,131.444,131.462,29335.0
2024-05-13,131.502,131.609,131.49,131.606,27803.0
2024-05-14,131.639,131.716,131.611,131.681,38968.0
2024-05-15,131.687,131.741,131.621,131.68,34142.0
2024-05-16,131.668,131.668,131.546,131.616,33005.0
2024-05-17,131.518,131.6,131.417,131.517,38343.0
2024-05-20,131.592,131.68,131.52,131.679,33931.0
2024-05-21,131.687,131.687,131.588,131.609,32296.0
2024-05-22,131.622,131.67,131.612,131.667,33810.0
2024-05-23,131.7,131.768,131.7,131.761,34495.0
2024-05-24,131.789,131.796,131.728,131.764,32052.0
2024-05-27,131.763,131.763,131.694,131.73,35643.0
2024-05-28,131.747,131.811,131.733,131.806,30882.0
2024-05-29,131.856,131.89,131.819,131.878,28917.0
2024-05-30,131.876,131.938,131.875,131.931,28778.0
2024-05-31,131.87,131.949,131.87,131.908,35903.0
2024-06-03,131.915,132.05,131.913,132.05,43246.0
2024-06-04,132.03,132.089,132.014,132.082,35781.0
2024-06-05,132.048,132.239,132.048,132.121,33142.0
2024-06-06,132.123,132.16,132.049,132.095,28371.0
2024-06-07,132.105,132.145,132.098,132.144,32798.0
2024-06-11,132.144,132.188,132.108,132.144,26420.0
2024-06-12,132.133,132.174,132.101,132.126,25551.0
2024-06-13,132.128,132.167,132.127,132.139,28111.0
2024-06-14,132.155,132.169,132.123,132.16,33934.0
2024-06-17,132.162,132.218,132.161,132.217,27625.0
2024-06-18,132.217,132.272,132.217,132.254,28487.0
2024-06-19,132.256,132.313,132.061,132.281,53157.0
2024-06-20,132.366,132.4,132.314,132.396,30529.0
2024-06-21,132.399,132.399,132.282,132.327,29703.0
2024-06-24,132.327,132.415,132.221,132.41,28418.0
2024-06-25,132.405,132.51,132.404,132.452,38625.0
2024-06-26,132.485,132.567,132.485,132.552,35230.0
2024-06-27,132.564,132.702,132.564,132.693,31055.0
2024-06-28,132.728,132.836,132.723,132.789,49050.0
2024-07-01,132.82,132.87,132.45,132.562,8915.0
2024-07-02,132.529,132.688,132.221,132.685,34446.0
2024-07-03,132.707,132.929,132.707,132.897,40451.0
2024-07-04,132.922,132.922,132.797,132.824,64538.0
2024-07-05,132.825,132.872,132.67,132.718,45067.0
2024-07-08,132.578,132.578,132.301,132.451,46433.0
2024-07-09,132.525,132.622,132.525,132.619,34476.0
2024-07-10,132.619,132.712,132.569,132.705,40662.0
2024-07-11,132.704,132.715,132.618,132.698,44301.0
2024-07-12,132.725,132.837,132.725,132.806,32251.0
2024-07-15,132.82,132.874,132.806,132.858,34516.0
2024-07-16,132.86,132.884,132.753,132.857,32254.0
2024-07-17,132.861,132.919,132.83,132.889,38830.0
2024-07-18,132.896,132.897,132.807,132.848,18601.0
2024-07-19,132.851,132.945,132.851,132.94,38215.0
2024-07-22,133.082,133.29,132.98,133.231,30731.0
2024-07-23,133.354,133.38,133.253,133.376,45656.0
2024-07-24,133.387,133.432,133.32,133.378,40589.0
2024-07-25,133.378,133.478,133.371,133.398,35684.0
2024-07-26,133.414,133.471,133.393,133.457,18868.0
2024-07-29,133.47,133.47,133.408,133.434,34882.0
2024-07-30,133.439,133.486,133.394,133.454,38542.0
2024-07-31,133.52,133.64,133.491,133.551,32067.0
2024-08-01,133.644,133.89,133.54,133.777,24949.0
2024-08-02,133.86,134.178,133.848,133.978,25648.0
2024-08-05,133.984,134.14,133.88,134.029,38029.0
2024-08-06,133.806,133.851,133.491,133.83,27544.0
2024-08-07,133.824,134.1,133.824,134.021,39797.0
2024-08-08,133.99,133.99,133.688,133.901,40429.0
2024-08-09,133.712,133.737,133.615,133.716,29740.0
2024-08-12,133.44,133.639,133.09,133.094,48832.0
2024-08-13,133.208,133.558,133.099,133.499,56401.0
2024-08-14,133.648,133.879,133.573,133.626,36982.0
2024-08-15,133.626,133.726,133.441,133.49,24381.0
2024-08-16,133.475,133.555,133.41,133.467,36548.0
2024-08-19,133.553,133.553,133.418,133.526,41832.0
2024-08-20,133.528,133.528,133.461,133.504,40906.0
2024-08-21,133.503,133.53,133.345,133.357,52970.0
2024-08-22,133.558,133.635,133.391,133.633,21531.0
2024-08-23,133.623,133.836,133.62,133.834,39433.0
2024-08-26,133.83,133.89,133.709,133.836,31747.0
2024-08-27,133.722,133.836,133.719,133.746,41563.0
2024-08-28,133.725,133.796,133.66,133.791,48146.0
2024-08-29,133.791,133.845,133.71,133.717,35408.0
2024-08-30,133.742,133.768,133.554,133.675,32779.0
2024-09-02,133.918,134.04,133.719,133.996,43363.0
2024-09-03,134.047,134.18,133.949,134.179,42128.0
2024-09-04,134.258,134.376,134.14,134.227,42708.0
2024-09-05,134.298,134.388,134.298,134.313,34083.0
2024-09-06,134.296,134.399,134.228,134.358,32606.0
2024-09-09,134.358,134.609,134.358,134.431,10826.0
2024-09-10,134.481,134.569,134.432,134.549,30735.0
2024-09-11,134.55,134.773,134.547,134.756,24002.0
2024-09-12,134.756,134.802,134.538,134.541,15217.0
2024-09-13,134.68,134.778,134.638,134.735,14481.0
2024-09-18,134.869,134.869,134.735,134.769,11386.0
2024-09-19,134.795,134.81,134.545,134.585,26325.0
2024-09-20,134.627,134.709,134.616,134.684,26995.0
2024-09-23,134.718,134.795,134.696,134.714,20696.0
2024-09-24,134.796,134.858,134.405,134.562,23423.0
2024-09-25,134.345,134.93,134.192,134.887,17573.0
2024-09-26,135.031,135.031,134.72,134.78,18483.0
2024-09-27,134.57,134.57,134.091,134.2,9873.0
2024-09-30,132.89,133.778,131.54,133.734,29722.0
2024-10-08,132.939,133.992,132.939,133.68,18848.0
2024-10-09,133.799,134.39,133.691,133.96,24818.0
2024-10-10,133.91,134.37,133.892,134.288,13708.0
2024-10-11,134.375,134.469,134.24,134.36,33894.0
2024-10-14,134.374,134.47,134.31,134.338,32374.0
2024-10-15,134.379,134.379,134.319,134.374,32637.0
2024-10-16,134.424,134.437,134.357,134.393,46099.0
2024-10-17,134.396,134.59,134.317,134.581,52197.0
2024-10-18,134.65,134.67,134.287,134.427,72249.0
2024-10-21,134.427,134.476,134.314,134.409,34468.0
2024-10-22,134.405,134.44,134.19,134.215,17004.0
2024-10-23,134.175,134.212,133.956,134.076,44680.0
2024-10-24,134.089,134.214,134.089,134.13,40460.0
2024-10-25,134.131,134.14,134.059,134.118,48924.0
2024-10-28,134.166,134.218,134.122,134.145,31677.0
2024-10-29,134.172,134.289,134.16,134.282,17659.0
2024-10-30,134.49,134.49,134.266,134.325,19408.0
2024-10-31,134.331,134.332,134.235,134.314,16582.0
2024-11-01,134.418,134.525,134.367,134.521,10652.0
2024-11-04,134.582,134.603,134.52,134.58,14599.0
2024-11-05,134.564,134.618,134.516,134.568,22315.0
2024-11-06,134.573,134.69,134.573,134.619,10041.0
2024-11-07,134.647,134.77,134.647,134.739,20181.0
2024-11-08,134.621,134.795,134.621,134.792,44914.0
2024-11-11,134.815,134.849,134.767,134.83,12833.0
2024-11-12,134.855,135.04,134.855,135.021,18063.0
2024-11-13,135.017,135.039,134.97,135.02,21947.0
2024-11-14,135.023,135.03,134.947,135.027,17297.0
2024-11-15,135.032,135.215,135.032,135.125,10855.0
2024-11-18,135.111,135.112,134.926,135.05,37385.0
2024-11-19,135.048,135.077,134.948,135.019,10371.0
2024-11-20,135.065,135.124,135.063,135.114,16014.0
2024-11-21,135.129,135.205,135.115,135.201,33598.0
2024-11-22,135.245,135.251,135.179,135.227,37658.0
2024-11-25,135.227,135.341,135.134,135.34,13868.0
2024-11-26,135.34,135.39,135.261,135.313,31489.0
2024-11-27,135.29,135.312,135.246,135.254,23838.0
2024-11-28,135.253,135.357,135.253,135.352,29668.0
2024-11-29,135.395,135.437,135.328,135.429,26459.0
2024-12-02,135.577,135.748,135.429,135.734,23929.0
2024-12-03,135.769,135.818,135.697,135.707,32736.0
2024-12-04,135.71,135.855,135.71,135.828,33480.0
2024-12-05,135.825,135.881,135.71,135.858,21527.0
2024-12-06,135.856,135.88,135.811,135.815,76784.0
2024-12-09,135.816,135.865,135.815,135.827,24478.0
2024-12-10,135.77,136.284,135.741,136.263,46065.0
2024-12-11,136.24,136.306,136.04,136.272,31006.0
2024-12-12,136.301,136.518,136.301,136.453,34696.0
2024-12-13,136.76,136.987,136.76,136.945,37769.0
2024-12-16,137.044,137.294,137.042,137.053,20894.0
2024-12-17,136.994,136.994,136.807,136.853,99246.0
2024-12-18,136.915,137.054,136.597,136.845,19936.0
2024-12-19,136.861,136.959,136.861,136.89,34594.0
2024-12-20,137.081,137.39,137.08,137.327,22046.0
2024-12-23,137.395,137.492,137.209,137.251,39287.0
2024-12-24,137.22,137.275,137.138,137.143,30995.0
2024-12-25,137.144,137.181,136.843,136.885,20638.0
2024-12-26,136.915,136.977,136.877,136.887,28753.0
2024-12-27,137.01,137.189,136.956,137.178,29039.0
2024-12-30,137.157,137.16,136.845,136.893,18093.0
2024-12-31,137.04,137.136,136.901,137.106,23833.0
2025-01-02,137.25,137.328,137.15,137.301,27487.0
2025-01-03,137.36,137.689,137.36,137.677,21161.0
2025-01-06,137.697,137.889,137.491,137.679,31543.0
2025-01-07,137.683,137.683,137.343,137.448,15614.0
2025-01-08,137.4,137.565,137.4,137.493,34266.0
2025-01-09,137.441,137.491,137.16,137.188,26075.0
2025-01-10,136.84,137.177,136.551,137.099,15031.0
2025-01-13,137.092,137.092,136.791,136.929,32960.0
2025-01-14,136.909,137.019,136.75,137.001,23460.0
2025-01-15,137.14,137.235,137.129,137.157,37847.0
2025-01-16,137.119,137.215,137.006,137.133,26141.0
2025-01-17,137.183,137.183,137.056,137.068,24902.0
2025-01-20,137.018,137.11,136.975,137.079,82198.0
2025-01-21,136.976,137.116,136.976,137.109,10240.0
2025-01-22,137.19,137.237,137.178,137.2,124685.0
2025-01-23,137.149,137.155,136.983,137.036,126339.0
2025-01-24,137.032,137.032,136.802,136.894,154365.0
2025-01-27,137.012,137.389,137.012,137.386,118679.0
2025-02-05,137.321,137.378,137.052,137.349,104712.0
2025-02-06,137.363,137.502,137.312,137.484,110857.0
2025-02-07,137.508,137.549,137.39,137.401,158454.0
2025-02-10,137.355,137.355,137.148,137.171,151570.0
2025-02-11,137.155,137.227,137.086,137.138,52802.0
2025-02-12,137.148,137.231,137.128,137.14,28326.0
2025-02-13,137.142,137.143,137.059,137.117,152223.0
2025-02-14,137.116,137.116,136.805,136.816,144112.0
2025-02-17,136.808,136.808,136.62,136.722,15595.0
2025-02-18,136.712,136.712,136.371,136.527,157012.0
2025-02-19,136.551,136.709,136.505,136.707,146661.0
2025-02-20,136.708,136.708,136.4,136.473,58578.0
2025-02-21,136.37,136.563,136.17,136.34,157081.0
2025-02-24,136.24,136.29,135.821,135.954,158630.0
2025-02-25,136.069,136.346,135.802,136.143,18767.0
2025-02-26,136.183,136.333,136.097,136.155,145746.0
2025-02-27,136.166,136.24,136.056,136.097,153011.0
2025-02-28,136.076,136.23,135.922,136.144,20762.0
2025-03-03,136.18,136.526,136.102,136.49,156581.0
2025-03-04,136.602,136.753,136.323,136.484,21393.0
2025-03-05,136.47,136.564,136.433,136.436,149918.0
2025-03-06,136.426,136.426,136.229,136.307,149712.0
2025-03-07,136.176,136.176,135.89,136.027,18771.0
2025-03-10,135.889,135.985,135.776,135.795,23009.0
2025-03-11,135.825,135.841,135.417,135.471,12963.0
2025-03-12,135.42,136.023,135.265,135.963,183836.0
2025-03-13,135.89,136.14,135.82,135.981,20625.0
2025-03-14,135.881,136.018,135.631,135.956,52481.0
2025-03-17,135.828,135.834,135.661,135.669,12210.0
2025-03-18,135.652,135.846,135.619,135.77,23671.0
2025-03-19,135.77,135.888,135.63,135.682,32373.0
2025-03-20,135.802,135.94,135.79,135.855,37766.0
2025-03-21,135.902,135.902,135.796,135.802,13837.0
2025-03-24,135.77,135.795,135.68,135.734,14798.0
2025-03-25,135.905,135.96,135.81,135.907,40245.0
2025-03-26,135.897,136.073,135.834,136.066,8144.0
2025-03-27,136.07,136.148,135.992,136.117,11059.0
2025-03-28,136.108,136.193,136.035,136.087,9230.0
2025-03-31,136.083,136.184,136.05,136.077,90483.0
2025-04-01,136.121,136.174,136.046,136.07,70994.0
2025-04-02,136.068,136.195,136.024,136.172,18733.0
2025-04-03,136.36,136.72,136.295,136.684,21176.0
2025-04-07,137.035,137.16,136.926,137.107,23109.0
2025-04-08,136.942,137.63,136.825,136.993,68766.0
2025-04-09,137.08,137.128,136.882,137.074,22420.0
2025-04-10,136.99,137.238,136.845,137.208,98584.0
2025-04-11,137.296,137.375,137.173,137.255,86298.0
2025-04-14,137.213,137.22,137.112,137.133,194777.0
2025-04-15,137.139,137.19,137.121,137.136,14094.0
2025-04-16,137.14,137.285,137.12,137.254,176795.0
2025-04-17,137.247,137.296,137.151,137.166,126369.0
2025-04-18,137.165,137.191,137.09,137.107,178050.0
2025-04-21,137.107,137.126,136.96,136.989,7962.0
2025-04-22,136.993,137.063,136.993,137.04,45982.0
2025-04-23,137.018,137.018,136.87,136.911,9591.0
2025-04-24,136.95,136.98,136.786,136.793,117553.0
2025-04-25,136.87,136.962,136.824,136.919,12027.0
2025-04-28,136.928,136.953,136.873,136.881,102934.0
2025-04-29,136.908,137.07,136.908,137.066,74728.0
2025-04-30,137.082,137.19,137.031,137.173,20061.0
2025-05-06,137.16,137.16,137.057,137.098,187147.0
2025-05-07,137.139,137.185,137.042,137.06,44691.0
2025-05-08,137.162,137.349,137.16,137.34,48415.0
2025-05-09,137.352,137.44,137.279,137.3,17149.0
2025-05-12,137.242,137.335,137.165,137.235,15726.0
2025-05-13,137.18,137.2,137.107,137.141,21606.0
2025-05-14,137.139,137.19,137.011,137.025,13478.0
2025-05-15,137.021,137.06,136.921,136.927,10882.0
2025-05-16,136.917,136.917,136.792,136.833,10243.0
2025-05-19,136.833,136.927,136.833,136.902,11215.0
2025-05-20,136.97,137.021,136.891,136.949,10686.0
2025-05-21,136.9,136.96,136.9,136.934,6659.0
2025-05-22,136.96,137.001,136.918,136.933,6494.0
2025-05-23,136.955,137.048,136.915,137.039,7615.0
2025-05-26,137.04,137.105,137.002,137.036,52579.0
2025-05-27,137.043,137.076,136.971,136.984,66876.0
2025-05-28,137.003,137.003,136.938,136.991,32829.0
2025-05-29,136.974,136.984,136.82,136.833,12326.0
2025-05-30,136.933,137.002,136.903,136.966,23656.0
2025-06-03,137.019,137.02,136.925,136.959,158852.0
2025-06-04,136.974,137.051,136.965,137.049,234587.0
2025-06-05,137.048,137.15,137.006,137.116,113705.0
2025-06-06,137.18,137.235,137.174,137.231,152139.0
2025-06-09,137.247,137.282,137.24,137.28,121585.0
2025-06-10,137.305,137.316,137.251,137.296,221953.0
2025-06-11,137.314,137.34,137.24,137.289,141283.0
2025-06-12,137.288,137.308,137.241,137.259,103178.0
2025-06-13,137.259,137.291,137.25,137.288,192043.0
2025-06-16,137.296,137.355,137.291,137.319,137211.0
2025-06-17,137.303,137.485,137.303,137.473,131917.0
2025-06-18,137.49,137.501,137.456,137.489,14264.0
2025-06-19,137.492,137.524,137.483,137.495,11456.0
2025-06-20,137.503,137.53,137.471,137.52,5534.0
2025-06-23,137.518,137.565,137.463,137.491,10042.0
2025-06-24,137.491,137.52,137.418,137.438,280304.0
2025-06-25,137.438,137.48,137.401,137.402,196281.0
2025-06-26,137.402,137.5,137.401,137.44,271713.0
2025-06-27,137.44,137.565,137.44,137.535,197700.0
2025-06-30,137.538,137.551,137.366,137.471,78009.0
2025-07-01,137.484,137.532,137.479,137.521,130705.0
2025-07-02,137.522,137.608,137.522,137.601,221222.0
2025-07-03,137.62,137.648,137.583,137.619,190406.0
2025-07-04,137.634,137.659,137.626,137.652,191611.0
2025-07-07,137.655,137.675,137.608,137.631,94947.0
2025-07-08,137.623,137.623,137.509,137.521,103800.0
2025-07-09,137.53,137.548,137.507,137.519,204550.0
2025-07-10,137.525,137.525,137.425,137.427,241126.0
2025-07-11,137.423,137.425,137.33,137.389,28346.0
2025-07-14,137.39,137.39,137.287,137.317,14642.0
2025-07-15,137.34,137.461,137.34,137.457,217189.0
2025-07-16,137.462,137.506,137.446,137.466,137680.0
2025-07-17,137.442,137.46,137.408,137.458,10799.0
2025-07-18,137.458,137.469,137.398,137.446,11338.0
2025-07-21,137.446,137.47,137.341,137.359,69880.0
2025-07-22,137.363,137.92,137.276,137.285,96063.0
2025-07-23,137.225,137.281,137.081,137.231,41098.0
2025-07-24,137.192,137.214,136.961,136.964,113994.0
2025-07-25,136.97,137.09,136.945,136.995,62686.0
2025-07-28,137.091,137.205,137.03,137.128,145640.0
2025-07-29,137.143,137.143,136.944,136.954,73632.0
2025-07-30,136.968,137.104,136.903,137.093,116716.0
2025-07-31,137.096,137.219,137.069,137.203,119712.0
2025-08-01,137.184,137.252,137.085,137.211,162478.0
2025-08-04,137.242,137.89,137.175,137.183,235391.0
2025-08-05,137.143,137.234,137.102,137.227,84474.0
2025-08-06,137.22,137.273,137.129,137.241,117942.0
2025-08-07,137.28,137.387,137.266,137.341,95938.0
2025-08-08,137.54,137.624,137.324,137.398,133447.0
2025-08-11,137.399,137.399,137.207,137.231,124355.0
2025-08-12,137.238,137.256,137.151,137.203,12510.0
2025-08-13,137.19,137.345,137.135,137.301,93018.0
2025-08-14,137.3,137.3,137.154,137.248,81088.0
2025-08-15,137.27,137.29,137.205,137.235,11732.0
2025-08-18,137.26,137.332,136.893,136.937,65279.0
2025-08-19,136.96,136.969,136.907,136.948,28820.0
2025-08-20,137.012,137.064,136.86,136.886,15865.0
2025-08-21,136.89,136.966,136.818,136.948,11547.0
2025-08-22,136.99,137.008,136.84,136.911,106106.0
2025-08-25,136.914,137.042,136.841,137.03,67599.0
2025-08-26,137.03,137.055,136.996,137.036,21903.0
2025-08-27,137.047,137.088,137.003,137.074,120517.0
2025-08-28,137.088,137.088,136.997,137.006,97128.0
2025-08-29,137.002,137.05,136.96,137.038,150720.0
2025-09-01,137.03,137.15,136.993,137.149,17948.0
2025-09-02,137.156,137.207,137.125,137.147,206377.0
2025-09-03,137.188,137.309,137.151,137.292,106698.0
2025-09-04,137.325,137.412,137.325,137.378,70465.0
2025-09-05,137.369,137.369,137.138,137.169,170921.0
2025-09-08,137.18,137.18,137.09,137.141,152067.0
2025-09-09,137.14,137.25,137.102,137.121,189836.0
2025-09-10,137.14,137.142,137.02,137.045,205134.0
2025-09-11,137.073,137.2,137.024,137.146,87079.0
2025-09-12,137.148,137.225,137.146,137.191,179192.0
2025-09-15,137.254,137.334,137.2,137.28,125685.0
2025-09-16,137.69,137.694,137.056,137.365,142363.0
2025-09-17,137.395,137.529,137.33,137.522,74286.0
2025-09-18,137.499,137.5,137.418,137.43,14795.0
2025-09-19,137.43,137.464,137.22,137.275,22424.0
2025-09-22,137.29,137.6,137.269,137.387,46207.0
2025-09-23,137.44,137.44,137.141,137.262,20503.0
2025-09-24,137.313,137.313,137.128,137.144,17124.0
2025-09-25,137.082,137.133,136.957,137.092,10940.0
2025-09-26,137.12,137.243,137.1,137.196,13670.0
2025-09-29,137.25,137.278,137.144,137.161,8548.0
2025-09-30,137.17,137.38,137.161,137.368,9344.0
2025-10-09,137.38,137.484,137.289,137.463,207224.0
2025-10-10,137.474,137.535,137.424,137.433,9361.0
2025-10-13,137.459,137.505,137.43,137.474,145693.0
2025-10-14,137.45,137.55,137.35,137.521,275776.0
2025-10-15,137.52,137.52,137.448,137.48,139224.0
2025-10-16,137.48,137.525,137.479,137.486,16115.0
2025-10-17,137.513,137.589,137.498,137.586,272471.0
2025-10-20,137.535,137.549,137.444,137.462,192456.0
2025-10-21,137.461,137.508,137.418,137.482,168418.0
2025-10-22,137.482,137.538,137.473,137.508,54490.0
2025-10-23,137.509,137.543,137.453,137.468,14635.0
2025-10-24,137.467,137.504,137.455,137.459,132531.0
2025-10-27,137.421,137.539,137.377,137.506,22130.0
2025-10-28,137.668,137.786,137.616,137.785,127528.0
2025-10-29,137.735,137.98,137.696,137.901,20539.0
2025-10-30,137.969,138.039,137.918,138.014,118846.0
2025-10-31,138.063,138.12,137.999,138.03,107682.0
2025-11-03,138.033,138.067,137.945,137.968,207629.0
2025-11-04,137.99,137.99,137.9,137.961,11606.0
2025-11-05,138.014,138.021,137.952,137.966,120721.0
2025-11-06,137.967,137.985,137.875,137.9,224263.0
2025-11-07,137.928,137.952,137.9,137.929,86362.0
2025-11-10,137.929,137.938,137.88,137.925,24369.0
2025-11-11,137.919,138.018,137.919,137.942,70718.0
2025-11-12,138.006,138.006,137.96,138.0,115655.0
2025-11-13,138.0,138.006,137.928,137.944,40391.0
2025-11-14,137.944,137.97,137.905,137.927,109408.0
2025-11-17,137.927,137.985,137.927,137.953,169897.0
2025-11-18,137.953,137.98,137.926,137.961,163019.0
2025-11-19,137.962,137.972,137.9,137.919,7313.0
2025-11-20,137.918,138.026,137.904,137.992,8750.0
2025-11-21,138.008,138.035,137.924,137.954,22211.0
2025-11-24,137.949,138.003,137.94,137.97,25788.0
2025-11-25,137.97,138.007,137.95,137.973,12705.0
2025-11-26,137.985,137.985,137.818,137.821,8553.0
2025-11-27,137.823,137.84,137.777,137.813,176208.0
2025-11-28,137.814,137.87,137.801,137.868,54604.0
2025-12-01,137.866,137.939,137.814,137.915,6955.0
2025-12-02,137.926,137.933,137.87,137.88,138482.0
2025-12-03,137.88,137.951,137.86,137.892,21602.0
2025-12-04,137.891,137.892,137.723,137.751,7206.0
2025-12-05,137.756,137.851,137.74,137.823,80403.0
2025-12-08,137.846,137.846,137.745,137.808,10304.0
2025-12-09,137.851,137.901,137.849,137.885,46431.0
2025-12-10,137.869,137.919,137.86,137.906,34187.0
2025-12-11,137.928,138.011,137.912,138.0,71021.0
2025-12-12,138.088,138.088,137.91,137.961,121593.0
2025-12-15,137.932,137.964,137.892,137.902,9522.0
2025-12-16,137.875,137.951,137.868,137.876,77847.0
2025-12-17,137.893,137.973,137.86,137.969,86837.0
2025-12-18,137.976,138.082,137.937,138.053,15296.0
2025-12-19,138.09,138.138,138.061,138.127,20448.0
2025-12-22,138.13,138.138,138.012,138.055,32913.0
2025-12-23,138.051,138.305,138.047,138.292,112949.0
2025-12-24,138.241,138.268,138.183,138.234,27781.0
2025-12-25,138.234,138.266,138.172,138.187,24865.0
2025-12-26,138.194,138.285,138.194,138.279,21476.0
2025-12-29,138.261,138.309,138.064,138.11,64110.0
2025-12-30,138.11,138.136,138.042,138.087,22818.0
2025-12-31,138.093,138.098,138.019,138.09,17226.0
2026-01-05,138.084,138.084,137.948,137.959,12972.0
2026-01-06,137.959,137.964,137.786,137.854,112357.0
2026-01-07,137.795,137.864,137.696,137.777,167378.0
2026-01-08,137.844,137.903,137.774,137.898,39895.0
2026-01-09,137.898,137.903,137.804,137.887,12286.0
2026-01-12,137.865,138.019,137.765,137.956,16725.0
2026-01-13,137.974,138.009,137.918,137.996,8034.0
2026-01-14,138.022,138.149,137.922,138.087,150378.0
2026-01-15,138.087,138.198,138.036,138.142,12254.0
2026-01-16,138.112,138.264,138.112,138.232,28525.0
2026-01-19,138.278,138.284,138.21,138.223,194803.0
2026-01-20,138.244,138.319,138.219,138.312,131432.0
2026-01-21,138.315,138.339,138.247,138.309,7478.0
2026-01-22,138.274,138.338,138.274,138.296,326892.0
2026-01-23,138.277,138.392,138.265,138.343,185941.0
2026-01-26,138.346,138.374,138.305,138.316,14382.0
2026-01-27,138.318,138.37,138.302,138.329,206811.0
2026-01-28,138.31,138.358,138.309,138.351,20130.0
2026-01-29,138.358,138.5,138.346,138.437,174755.0
2026-01-30,138.438,138.491,138.4,138.423,9467.0
2026-02-02,138.443,138.471,138.394,138.426,203063.0
2026-02-03,138.408,138.489,138.369,138.475,17589.0
2026-02-04,138.494,138.494,138.43,138.46,201750.0
2026-02-05,138.46,138.546,138.429,138.544,7987.0
2026-02-06,138.594,138.594,138.507,138.58,12868.0
2026-02-09,138.574,138.671,138.537,138.666,8479.0
2026-02-10,138.674,138.686,138.573,138.663,5421.0
2026-02-11,138.669,138.737,138.662,138.727,6064.0
2026-02-12,138.723,138.792,138.697,138.785,6040.0
2026-02-13,138.884,138.904,138.764,138.839,18809.0
2026-02-24,138.829,138.879,138.798,138.855,10633.0
2026-02-25,138.855,138.855,138.731,138.739,9877.0
2026-02-26,138.739,138.747,138.591,138.604,8914.0
2026-02-27,138.604,138.695,138.589,138.692,116101.0
2026-03-02,138.693,138.813,138.693,138.813,8054.0
2026-03-03,138.813,138.819,138.764,138.802,15663.0
2026-03-04,138.819,138.934,138.796,138.923,6088.0
2026-03-05,138.924,138.927,138.827,138.864,102599.0
2026-03-06,138.867,138.907,138.867,138.9,257192.0
2026-03-09,138.902,138.906,138.714,138.731,97514.0
2026-03-10,138.756,138.789,138.674,138.739,23681.0
2026-03-11,138.726,138.749,138.683,138.729,36833.0
2026-03-12,138.693,138.759,138.692,138.733,51026.0
2026-03-13,138.751,138.794,138.72,138.766,13807.0
2026-03-16,138.769,138.794,138.659,138.672,148540.0
2026-03-17,138.682,138.718,138.664,138.674,27101.0
2026-03-18,138.684,138.813,138.624,138.812,13928.0
2026-03-19,138.804,138.898,138.766,138.888,244510.0
2026-03-20,138.882,138.882,138.839,138.847,188748.0
2026-03-23,138.817,138.921,138.761,138.794,25126.0
2026-03-24,138.794,138.794,138.744,138.758,29171.0
2026-03-25,138.746,138.875,138.731,138.802,103562.0
2026-03-26,138.795,138.904,138.777,138.856,25678.0
2026-03-27,138.86,138.945,138.837,138.941,117229.0
2026-03-30,138.95,139.051,138.95,139.029,108977.0
2026-03-31,139.051,139.083,139.0,139.069,26502.0
2026-04-01,139.068,139.068,138.935,138.95,90957.0
2026-04-02,138.958,139.008,138.908,138.975,28037.0
2026-04-03,138.982,139.06,138.982,139.041,15423.0
2026-04-07,139.041,139.077,139.016,139.024,18288.0
2026-04-08,139.005,139.005,138.865,138.952,70776.0
2026-04-09,138.952,139.011,138.92,138.969,25511.0
2026-04-10,138.969,138.98,138.939,138.971,40741.0
2026-04-13,138.977,139.023,138.945,139.007,30418.0
2026-04-14,139.011,139.063,138.985,139.033,51408.0
2026-04-15,139.015,139.174,139.013,139.166,33118.0
2026-04-16,139.171,139.262,139.133,139.252,29215.0
2026-04-17,139.251,139.328,139.251,139.319,23830.0
2026-04-20,139.321,139.36,139.285,139.304,56866.0
2026-04-21,139.288,139.343,139.268,139.299,7982.0
2026-04-22,139.339,139.408,139.331,139.402,29608.0
2026-04-23,139.402,139.407,139.335,139.402,50750.0
2026-04-24,139.409,139.495,139.404,139.464,48984.0
2026-04-27,139.406,139.42,139.253,139.266,30849.0
2026-04-28,139.325,139.404,139.307,139.385,84554.0
2026-04-29,139.395,139.464,139.377,139.464,41704.0
2026-04-30,139.466,139.496,139.435,139.438,172006.0
2026-05-06,139.365,139.435,139.282,139.376,48190.0
2026-05-07,139.376,139.447,139.354,139.385,54616.0
2026-05-08,139.413,139.465,139.413,139.465,200995.0
2026-05-11,139.461,139.495,139.359,139.476,36146.0
2026-05-12,139.493,139.551,139.455,139.528,32192.0
2026-05-13,139.528,139.574,139.527,139.564,20414.0
2026-05-14,139.574,139.585,139.542,139.576,15545.0
2026-05-15,139.611,139.661,139.579,139.639,18514.0
2026-05-18,139.641,139.701,139.565,139.691,18273.0
2026-05-19,139.687,139.834,139.687,139.812,37188.0
2026-05-20,139.813,139.864,139.799,139.843,15078.0
2026-05-21,139.84,139.856,139.746,139.756,20175.0
2026-05-22,139.758,139.78,139.713,139.769,10516.0
2026-05-25,139.767,139.767,139.71,139.741,16152.0
2026-05-26,139.741,139.8,139.741,139.795,10171.0
2026-05-27,139.797,139.872,139.796,139.867,72578.0
2026-05-28,139.892,139.983,139.888,139.982,18554.0
2026-05-29,139.975,140.069,139.953,140.064,66250.0
2026-06-01,140.063,140.091,140.04,140.069,27166.0
2026-06-02,140.068,140.09,140.035,140.045,29173.0
2026-06-03,140.046,140.073,140.013,140.029,34290.0
2026-06-04,140.03,140.09,139.978,140.069,35412.0
2026-06-05,140.077,140.13,140.046,140.065,29553.0
2026-06-08,140.042,140.054,139.916,139.974,20336.0
2026-06-09,139.976,140.004,139.896,139.91,30226.0
2026-06-10,139.898,139.944,139.841,139.843,27309.0
2026-06-11,139.843,139.845,139.702,139.703,25459.0
2026-06-12,139.699,139.791,139.699,139.728,27540.0
2026-06-15,139.785,139.785,139.638,139.755,21902.0
2026-06-16,139.756,139.884,139.725,139.874,50600.0
2026-06-17,139.875,139.927,139.844,139.913,20260.0
2026-06-18,139.925,140.007,139.91,139.996,44534.0
2026-06-22,139.996,140.042,139.915,140.028,85941.0
2026-06-23,140.023,140.023,139.923,139.937,25436.0
2026-06-24,139.937,140.0,139.919,139.998,51554.0
2026-06-25,140.08,140.081,139.987,140.016,24147.0
2026-06-26,140.029,140.105,140.019,140.101,11854.0
2026-06-29,140.122,140.228,140.122,140.225,18959.0
2026-06-30,140.228,140.232,140.146,140.172,31562.0
2026-07-01,140.161,140.161,139.979,140.017,53722.0
2026-07-02,140.017,140.086,139.971,140.075,30623.0
2026-07-03,140.03,140.079,140.021,140.075,137244.0
2026-07-06,140.074,140.148,140.062,140.133,37606.0
2026-07-07,140.13,140.154,140.09,140.128,48534.0
2026-07-08,140.093,140.187,140.093,140.179,314106.0
2026-07-09,140.18,140.193,140.144,140.151,96245.0
2026-07-10,140.152,140.173,140.14,140.162,188520.0
2026-07-13,140.162,140.197,140.145,140.155,138857.0
2026-07-14,140.165,140.195,140.118,140.178,51834.0
2026-07-15,140.178,140.202,140.148,140.199,34878.0
2026-07-16,140.199,140.202,140.145,140.169,35007.0
2026-07-17,140.168,140.22,140.149,140.192,33700.0
2026-07-20,140.192,140.21,140.123,140.195,43703.0
2026-07-21,140.194,140.208,140.165,140.204,196830.0
2026-07-22,140.202,140.295,140.18,140.279,68477.0
2026-07-23,140.28,140.36,140.225,140.247,192811.0
2026-07-24,140.249,140.279,140.22,140.254,57626.0
2026-07-27,140.254,140.268,140.198,140.221,42748.0
2026-07-28,140.223,140.241,140.191,140.212,50936.0
2026-07-29,140.201,140.23,140.182,140.207,74226.0
2026-07-30,140.203,140.24,140.198,140.233,72295.0
2026-07-31,140.23,140.352,140.23,140.35,16707.0
2026-08-03,140.373,140.428,140.32,140.337,113217.0
2026-08-04,140.337,140.389,140.336,140.371,30847.0
2026-08-05,140.384,140.411,140.364,140.38,106502.0
2026-08-06,140.391,140.41,140.363,140.395,162068.0
2026-08-07,140.395,140.466,140.374,140.466,228398.0
2026-08-10,140.48,140.497,140.422,140.481,61330.0
2026-08-11,140.48,140.483,140.445,140.45,52086.0
2026-08-12,140.45,140.48,140.406,140.464,95334.0
2026-08-13,140.484,140.52,140.46,140.511,192976.0
2026-08-14,140.513,140.565,140.509,140.56,110966.0
2026-08-17,140.561,140.635,140.556,140.597,37391.0
2026-08-18,140.597,140.679,140.593,140.663,366275.0
2026-08-19,140.665,140.693,140.63,140.649,62279.0
2026-08-20,140.646,140.646,140.577,140.615,113131.0
2026-08-21,140.615,140.649,140.598,140.635,13204.0
2026-08-24,140.635,140.676,140.581,140.67,19457.0
2026-08-25,140.672,140.719,140.663,140.682,82908.0
2026-08-26,140.683,140.708,140.58,140.588,34307.0
2026-08-27,140.588,140.603,140.505,140.514,68461.0
2026-08-28,140.517,140.517,140.46,140.492,183885.0
2026-08-31,140.496,140.513,140.462,140.494,42060.0
2026-09-01,140.523,140.576,140.503,140.567,195502.0
2026-09-02,140.567,140.578,140.524,140.546,355571.0
2026-09-03,140.58,140.613,140.565,140.61,287152.0
2026-09-04,140.606,140.62,140.597,140.601,336476.0
2026-09-07,140.615,140.619,140.585,140.602,214284.0
2026-09-08,140.603,140.61,140.562,140.59,186855.0
2026-09-09,140.596,140.604,140.564,140.591,286867.0
2026-09-10,140.59,140.591,140.549,140.565,155309.0
2026-09-11,140.56,140.565,140.513,140.526,193313.0
2026-09-14,140.507,140.587,140.507,140.553,328228.0
2026-09-15,140.556,140.594,140.556,140.583,253641.0
2026-09-16,140.585,140.609,140.568,140.606,316173.0
2026-09-17,140.62,140.636,140.601,140.63,235156.0
2026-09-18,140.66,140.691,140.613,140.67,531364.0
2026-09-21,140.625,140.719,140.625,140.672,90194.0
2026-09-22,140.672,140.717,140.627,140.709,378298.0
2026-09-23,140.695,140.718,140.659,140.664,431533.0
2026-09-24,140.683,140.718,140.668,140.715,431128.0
