date,open,high,low,close,volume
2017-01-18,0.989,0.989,0.969,0.977,345604.0
2017-01-19,0.978,0.99,0.978,0.989,257716.0
2017-01-20,0.989,0.99,0.986,0.988,50980.0
2017-01-23,0.988,0.989,0.986,0.988,13739.0
2017-01-24,0.989,0.992,0.987,0.989,17937.0
2017-01-25,0.99,1.004,0.99,1.001,84078.0
2017-01-26,1.01,1.01,1.005,1.01,53064.0
2017-02-03,1.003,1.008,1.0,1.007,39162.0
2017-02-06,1.009,1.01,1.006,1.009,26081.0
2017-02-07,1.01,1.023,1.01,1.018,25637.0
2017-02-08,1.02,1.023,1.017,1.019,9855.0
2017-02-09,1.025,1.033,1.025,1.03,81221.0
2017-02-10,1.034,1.037,1.032,1.035,91944.0
2017-02-13,1.041,1.043,1.036,1.042,16788.0
2017-02-14,1.044,1.049,1.043,1.049,43500.0
2017-02-15,1.052,1.066,1.049,1.058,36564.0
2017-02-16,1.061,1.066,1.058,1.06,51844.0
2017-02-17,1.061,1.069,1.061,1.065,63312.0
2017-02-20,1.068,1.095,1.068,1.092,62736.0
2017-02-21,1.102,1.102,1.074,1.077,45083.0
2017-02-22,1.08,1.092,1.079,1.087,75113.0
2017-02-23,1.092,1.094,1.087,1.088,37801.0
2017-02-24,1.087,1.087,1.071,1.075,33417.0
2017-02-27,1.071,1.071,1.057,1.06,31838.0
2017-02-28,1.067,1.067,1.061,1.061,14671.0
2017-03-01,1.062,1.066,1.061,1.064,15897.0
2017-03-02,1.077,1.081,1.071,1.077,13698.0
2017-03-03,1.073,1.073,1.062,1.064,21901.0
2017-03-06,1.064,1.075,1.063,1.065,7491.0
2017-03-07,1.065,1.065,1.056,1.061,11100.0
2017-03-08,1.062,1.065,1.061,1.062,18264.0
2017-03-09,1.071,1.072,1.069,1.071,19658.0
2017-03-10,1.07,1.071,1.065,1.071,5620.0
2017-03-13,1.071,1.072,1.069,1.071,17504.0
2017-03-14,1.083,1.086,1.08,1.083,21692.0
2017-03-15,1.083,1.083,1.078,1.08,5468.0
2017-03-16,1.079,1.088,1.079,1.087,12827.0
2017-03-17,1.095,1.1,1.09,1.096,16082.0
2017-03-20,1.096,1.114,1.096,1.111,15386.0
2017-03-21,1.113,1.121,1.113,1.12,18880.0
2017-03-22,1.091,1.1,1.09,1.093,28127.0
2017-03-23,1.094,1.098,1.084,1.085,14262.0
2017-03-24,1.087,1.093,1.087,1.092,10023.0
2017-03-27,1.092,1.092,1.084,1.085,12051.0
2017-03-28,1.088,1.099,1.087,1.098,7687.0
2017-03-29,1.098,1.114,1.089,1.102,8711.0
2017-03-30,1.104,1.108,1.098,1.099,9249.0
2017-03-31,1.099,1.111,1.087,1.107,12498.0
2017-04-05,1.109,1.115,1.109,1.111,7899.0
2017-04-06,1.112,1.115,1.098,1.102,12983.0
2017-04-07,1.102,1.107,1.097,1.103,14006.0
2017-04-10,1.103,1.113,1.103,1.109,6750.0
2017-04-11,1.111,1.118,1.111,1.113,8945.0
2017-04-12,1.113,1.113,1.108,1.11,7932.0
2017-04-13,1.11,1.114,1.109,1.111,3839.0
2017-04-14,1.111,1.111,1.103,1.107,3357.0
2017-04-17,1.1,1.115,1.1,1.106,3774.0
2017-04-18,1.112,1.112,1.106,1.109,2125.0
2017-04-19,1.109,1.109,1.104,1.105,3985.0
2017-04-20,1.105,1.112,1.105,1.111,4305.0
2017-04-21,1.118,1.125,1.117,1.125,12099.0
2017-04-24,1.127,1.144,1.127,1.141,16734.0
2017-04-25,1.16,1.16,1.146,1.158,10570.0
2017-04-26,1.166,1.193,1.165,1.186,23783.0
2017-04-27,1.172,1.185,1.161,1.175,30301.0
2017-04-28,1.18,1.19,1.175,1.181,10650.0
2017-05-02,1.181,1.197,1.18,1.187,24843.0
2017-05-03,1.19,1.192,1.184,1.187,12715.0
2017-05-04,1.187,1.189,1.171,1.181,24213.0
2017-05-05,1.181,1.181,1.164,1.167,33776.0
2017-05-08,1.179,1.194,1.176,1.19,34050.0
2017-05-09,1.196,1.232,1.193,1.227,74771.0
2017-05-10,1.224,1.255,1.22,1.231,98258.0
2017-05-11,1.239,1.24,1.228,1.233,61661.0
2017-05-12,1.233,1.235,1.227,1.234,55208.0
2017-05-15,1.241,1.283,1.239,1.269,83414.0
2017-05-16,1.253,1.256,1.246,1.248,111416.0
2017-05-17,1.264,1.279,1.261,1.273,145411.0
2017-05-18,1.242,1.265,1.24,1.256,196427.0
2017-05-19,1.26,1.26,1.247,1.249,171529.0
2017-05-22,1.263,1.307,1.263,1.3,187145.0
2017-05-23,1.319,1.41,1.319,1.338,239892.0
2017-05-24,1.318,1.32,1.292,1.293,223842.0
2017-05-25,1.279,1.289,1.268,1.288,243387.0
2017-05-26,1.289,1.29,1.269,1.271,223827.0
2017-05-31,1.262,1.262,1.236,1.246,207679.0
2017-06-01,1.234,1.255,1.215,1.254,155395.0
2017-06-02,1.272,1.276,1.247,1.252,150692.0
2017-06-05,1.251,1.257,1.246,1.248,71005.0
2017-06-06,1.253,1.269,1.253,1.266,99167.0
2017-06-07,1.257,1.263,1.247,1.253,141894.0
2017-06-08,1.266,1.276,1.261,1.275,134925.0
2017-06-09,1.305,1.333,1.305,1.319,205293.0
2017-06-12,1.279,1.284,1.271,1.281,221274.0
2017-06-13,1.276,1.279,1.27,1.274,148128.0
2017-06-14,1.268,1.268,1.26,1.261,111822.0
2017-06-15,1.253,1.253,1.233,1.24,150369.0
2017-06-16,1.225,1.239,1.225,1.238,86563.0
2017-06-19,1.238,1.248,1.236,1.247,75332.0
2017-06-20,1.278,1.284,1.271,1.274,136247.0
2017-06-21,1.263,1.27,1.26,1.26,73110.0
2017-06-22,1.286,1.292,1.272,1.281,130469.0
2017-06-23,1.282,1.288,1.282,1.288,67922.0
2017-06-26,1.295,1.305,1.294,1.303,93496.0
2017-06-27,1.302,1.313,1.296,1.309,104988.0
2017-06-28,1.288,1.309,1.281,1.296,289172.0
2017-06-29,1.305,1.305,1.296,1.302,194960.0
2017-06-30,1.276,1.284,1.276,1.284,180168.0
2017-07-03,1.269,1.272,1.261,1.27,180274.0
2017-07-04,1.263,1.27,1.242,1.248,200445.0
2017-07-05,1.244,1.267,1.239,1.261,104019.0
2017-07-06,1.275,1.275,1.266,1.271,130880.0
2017-07-07,1.262,1.269,1.256,1.266,98743.0
2017-07-10,1.265,1.266,1.258,1.261,103687.0
2017-07-11,1.268,1.287,1.268,1.287,97044.0
2017-07-12,1.295,1.301,1.29,1.294,110516.0
2017-07-13,1.31,1.322,1.31,1.322,151380.0
2017-07-14,1.321,1.321,1.314,1.316,121658.0
2017-07-17,1.331,1.34,1.327,1.33,123808.0
2017-07-18,1.328,1.328,1.321,1.322,117244.0
2017-07-19,1.341,1.368,1.34,1.363,127210.0
2017-07-20,1.363,1.363,1.346,1.347,155277.0
2017-07-21,1.346,1.357,1.342,1.356,105055.0
2017-07-24,1.35,1.361,1.346,1.36,73351.0
2017-07-25,1.372,1.376,1.368,1.372,92030.0
2017-07-26,1.372,1.373,1.369,1.371,88987.0
2017-07-27,1.395,1.41,1.395,1.41,133109.0
2017-07-28,1.393,1.41,1.385,1.405,164195.0
2017-07-31,1.426,1.457,1.421,1.455,336913.0
2017-08-01,1.434,1.465,1.432,1.46,390847.0
2017-08-02,1.446,1.453,1.438,1.448,308008.0
2017-08-03,1.41,1.419,1.406,1.407,396074.0
2017-08-04,1.415,1.425,1.408,1.412,254947.0
2017-08-07,1.425,1.435,1.42,1.431,198361.0
2017-08-08,1.458,1.465,1.456,1.459,213525.0
2017-08-09,1.461,1.464,1.448,1.449,246913.0
2017-08-10,1.45,1.452,1.439,1.441,142236.0
2017-08-11,1.393,1.4,1.381,1.39,313383.0
2017-08-14,1.398,1.432,1.393,1.431,193332.0
2017-08-15,1.419,1.419,1.399,1.4,292571.0
2017-08-16,1.405,1.414,1.4,1.402,182534.0
2017-08-17,1.433,1.433,1.41,1.415,183864.0
2017-08-18,1.393,1.4,1.392,1.393,161750.0
2017-08-21,1.399,1.406,1.395,1.399,111193.0
2017-08-22,1.411,1.425,1.411,1.424,148007.0
2017-08-23,1.436,1.446,1.428,1.431,116549.0
2017-08-24,1.441,1.443,1.43,1.43,101729.0
2017-08-25,1.429,1.433,1.42,1.431,90788.0
2017-08-28,1.413,1.413,1.403,1.405,206825.0
2017-08-29,1.383,1.386,1.372,1.385,200816.0
2017-08-30,1.394,1.399,1.386,1.398,88414.0
2017-08-31,1.412,1.414,1.405,1.409,80543.0
2017-09-01,1.412,1.415,1.404,1.407,80670.0
2017-09-04,1.409,1.411,1.388,1.393,92428.0
2017-09-05,1.391,1.395,1.39,1.394,60582.0
2017-09-06,1.387,1.394,1.385,1.394,79198.0
2017-09-07,1.393,1.393,1.381,1.382,77522.0
2017-09-08,1.394,1.397,1.392,1.395,86894.0
2017-09-11,1.389,1.409,1.388,1.408,98567.0
2017-09-12,1.425,1.429,1.418,1.423,102773.0
2017-09-13,1.432,1.433,1.426,1.427,90558.0
2017-09-14,1.44,1.448,1.436,1.447,135342.0
2017-09-15,1.444,1.45,1.441,1.45,97425.0
2017-09-18,1.447,1.479,1.442,1.471,120327.0
2017-09-19,1.484,1.507,1.483,1.5,157586.0
2017-09-20,1.487,1.506,1.482,1.499,131802.0
2017-09-21,1.485,1.487,1.478,1.48,164066.0
2017-09-22,1.465,1.476,1.463,1.476,102054.0
2017-09-25,1.478,1.484,1.465,1.467,73469.0
2017-09-26,1.425,1.445,1.423,1.441,136586.0
2017-09-27,1.434,1.441,1.43,1.439,90865.0
2017-09-28,1.445,1.453,1.445,1.447,81924.0
2017-09-29,1.447,1.455,1.445,1.454,54968.0
2017-10-09,1.488,1.495,1.476,1.478,134078.0
2017-10-10,1.486,1.49,1.481,1.489,107679.0
2017-10-11,1.504,1.524,1.497,1.52,145185.0
2017-10-12,1.521,1.543,1.521,1.534,168900.0
2017-10-13,1.496,1.508,1.494,1.505,273044.0
2017-10-16,1.505,1.517,1.504,1.516,259290.0
2017-10-17,1.533,1.535,1.528,1.534,213377.0
2017-10-18,1.522,1.531,1.517,1.526,181143.0
2017-10-19,1.539,1.539,1.529,1.53,223161.0
2017-10-20,1.506,1.522,1.504,1.519,348666.0
2017-10-23,1.504,1.513,1.494,1.499,297835.0
2017-10-24,1.488,1.491,1.482,1.485,254053.0
2017-10-25,1.485,1.496,1.48,1.495,183336.0
2017-10-26,1.47,1.473,1.465,1.467,340652.0
2017-10-27,1.442,1.448,1.439,1.446,372748.0
2017-10-30,1.455,1.46,1.447,1.458,191188.0
2017-10-31,1.46,1.46,1.448,1.456,193709.0
2017-11-01,1.473,1.48,1.468,1.479,213826.0
2017-11-02,1.482,1.49,1.48,1.489,141186.0
2017-11-03,1.482,1.492,1.476,1.486,275589.0
2017-11-06,1.485,1.489,1.465,1.486,271282.0
2017-11-07,1.505,1.514,1.505,1.512,226289.0
2017-11-08,1.515,1.52,1.508,1.51,261657.0
2017-11-09,1.51,1.515,1.506,1.509,168169.0
2017-11-10,1.508,1.51,1.504,1.506,188234.0
2017-11-13,1.507,1.507,1.5,1.503,191513.0
2017-11-14,1.508,1.514,1.502,1.511,189332.0
2017-11-15,1.494,1.495,1.477,1.482,213425.0
2017-11-16,1.484,1.49,1.48,1.488,150239.0
2017-11-17,1.52,1.523,1.516,1.521,272634.0
2017-11-20,1.537,1.54,1.532,1.539,248234.0
2017-11-21,1.551,1.574,1.551,1.568,297421.0
2017-11-22,1.59,1.596,1.57,1.576,206114.0
2017-11-23,1.576,1.598,1.566,1.57,227738.0
2017-11-24,1.573,1.579,1.565,1.576,162266.0
2017-11-27,1.578,1.595,1.578,1.586,215252.0
2017-11-28,1.563,1.563,1.545,1.549,208980.0
2017-11-29,1.555,1.558,1.541,1.547,116150.0
2017-11-30,1.495,1.525,1.495,1.516,275782.0
2017-12-01,1.498,1.502,1.49,1.492,350113.0
2017-12-04,1.473,1.502,1.468,1.496,340955.0
2017-12-05,1.457,1.467,1.45,1.453,411365.0
2017-12-06,1.447,1.453,1.421,1.426,375152.0
2017-12-07,1.443,1.457,1.437,1.454,266685.0
2017-12-08,1.468,1.482,1.466,1.481,260685.0
2017-12-11,1.482,1.49,1.472,1.488,296051.0
2017-12-12,1.5,1.505,1.48,1.481,286724.0
2017-12-13,1.477,1.485,1.467,1.484,221925.0
2017-12-14,1.505,1.506,1.492,1.494,146907.0
2017-12-15,1.484,1.484,1.469,1.47,157561.0
2017-12-18,1.484,1.488,1.48,1.486,204298.0
2017-12-19,1.508,1.525,1.507,1.521,293525.0
2017-12-20,1.511,1.515,1.495,1.512,107373.0
2017-12-21,1.512,1.515,1.508,1.513,109126.0
2017-12-22,1.528,1.531,1.525,1.526,125043.0
2017-12-25,1.529,1.53,1.519,1.523,66161.0
2017-12-26,1.523,1.524,1.517,1.519,70172.0
2017-12-27,1.508,1.511,1.495,1.499,163937.0
2017-12-28,1.505,1.511,1.502,1.507,120486.0
2017-12-29,1.497,1.497,1.49,1.495,132271.0
2018-01-02,1.495,1.509,1.492,1.507,103354.0
2018-01-03,1.554,1.556,1.536,1.539,232032.0
2018-01-04,1.547,1.561,1.54,1.56,244507.0
2018-01-05,1.564,1.565,1.551,1.552,153712.0
2018-01-08,1.578,1.59,1.577,1.589,200463.0
2018-01-09,1.599,1.609,1.599,1.608,182057.0
2018-01-10,1.611,1.619,1.604,1.616,238506.0
2018-01-11,1.599,1.599,1.586,1.591,201868.0
2018-01-12,1.594,1.611,1.592,1.608,431629.0
2018-01-15,1.611,1.616,1.597,1.6,446063.0
2018-01-16,1.604,1.613,1.596,1.611,211964.0
2018-01-17,1.601,1.601,1.588,1.59,328744.0
2018-01-18,1.6,1.607,1.597,1.601,151407.0
2018-01-19,1.596,1.601,1.586,1.589,273479.0
2018-01-22,1.592,1.596,1.589,1.595,206273.0
2018-01-23,1.593,1.609,1.593,1.608,197613.0
2018-01-24,1.626,1.631,1.613,1.625,212673.0
2018-01-25,1.626,1.632,1.62,1.63,235316.0
2018-01-26,1.631,1.645,1.628,1.641,184434.0
2018-01-29,1.675,1.678,1.647,1.653,263779.0
2018-01-30,1.64,1.64,1.627,1.63,203200.0
2018-01-31,1.601,1.622,1.598,1.611,186080.0
2018-02-01,1.619,1.625,1.614,1.624,183464.0
2018-02-02,1.584,1.608,1.573,1.606,308280.0
2018-02-05,1.537,1.551,1.531,1.547,413866.0
2018-02-06,1.488,1.49,1.44,1.445,612393.0
2018-02-07,1.484,1.498,1.452,1.458,530019.0
2018-02-08,1.455,1.455,1.432,1.443,495362.0
2018-02-09,1.374,1.385,1.349,1.378,487388.0
2018-02-12,1.396,1.429,1.393,1.426,166182.0
2018-02-13,1.457,1.459,1.435,1.44,209655.0
2018-02-14,1.462,1.485,1.46,1.484,174852.0
2018-02-22,1.538,1.553,1.538,1.547,291166.0
2018-02-23,1.552,1.564,1.552,1.557,167845.0
2018-02-26,1.584,1.586,1.571,1.582,216356.0
2018-02-27,1.589,1.59,1.567,1.571,180962.0
2018-02-28,1.534,1.536,1.526,1.532,272330.0
2018-03-01,1.524,1.551,1.521,1.55,119820.0
2018-03-02,1.524,1.535,1.519,1.525,164586.0
2018-03-05,1.528,1.537,1.517,1.52,146962.0
2018-03-06,1.542,1.55,1.535,1.549,182356.0
2018-03-07,1.55,1.55,1.521,1.522,510156.0
2018-03-08,1.542,1.56,1.542,1.559,178098.0
2018-03-09,1.562,1.576,1.562,1.572,134583.0
2018-03-12,1.592,1.6,1.592,1.597,157737.0
2018-03-13,1.6,1.606,1.597,1.599,152538.0
2018-03-14,1.572,1.572,1.567,1.568,167688.0
2018-03-15,1.575,1.589,1.575,1.589,148710.0
2018-03-16,1.61,1.611,1.606,1.609,161541.0
2018-03-19,1.608,1.616,1.606,1.611,103295.0
2018-03-20,1.58,1.602,1.576,1.601,121792.0
2018-03-21,1.61,1.617,1.589,1.592,147218.0
2018-03-22,1.589,1.592,1.558,1.564,476127.0
2018-03-23,1.464,1.513,1.458,1.485,539384.0
2018-03-26,1.465,1.501,1.464,1.5,299191.0
2018-03-27,1.534,1.538,1.509,1.515,784680.0
2018-03-28,1.484,1.484,1.464,1.467,542350.0
2018-03-29,1.435,1.455,1.431,1.452,696391.0
2018-03-30,1.45,1.453,1.444,1.451,282779.0
2018-04-02,1.454,1.47,1.448,1.451,182928.0
2018-04-03,1.419,1.431,1.419,1.424,277059.0
2018-04-04,1.411,1.416,1.402,1.405,437514.0
2018-04-09,1.404,1.419,1.391,1.414,190034.0
2018-04-10,1.42,1.448,1.412,1.446,363358.0
2018-04-11,1.456,1.456,1.43,1.437,364519.0
2018-04-12,1.437,1.444,1.422,1.426,181572.0
2018-04-13,1.433,1.436,1.416,1.428,180249.0
2018-04-16,1.414,1.414,1.399,1.403,144468.0
2018-04-17,1.405,1.412,1.388,1.39,319460.0
2018-04-18,1.42,1.421,1.406,1.415,300552.0
2018-04-19,1.424,1.431,1.421,1.424,182902.0
2018-04-20,1.416,1.419,1.402,1.407,123631.0
2018-04-23,1.4,1.404,1.397,1.404,93572.0
2018-04-24,1.395,1.411,1.393,1.409,113790.0
2018-04-25,1.384,1.384,1.376,1.383,209935.0
2018-04-26,1.375,1.375,1.353,1.357,215024.0
2018-04-27,1.383,1.398,1.381,1.398,199177.0
2018-05-02,1.419,1.426,1.408,1.422,448232.0
2018-05-03,1.415,1.421,1.412,1.42,91847.0
2018-05-04,1.422,1.426,1.414,1.417,91755.0
2018-05-07,1.435,1.435,1.427,1.429,164555.0
2018-05-08,1.449,1.462,1.448,1.457,200131.0
2018-05-09,1.469,1.473,1.466,1.468,161110.0
2018-05-10,1.469,1.478,1.468,1.477,105631.0
2018-05-11,1.498,1.498,1.49,1.492,122973.0
2018-05-14,1.495,1.497,1.485,1.489,163725.0
2018-05-15,1.5,1.502,1.488,1.491,116365.0
2018-05-16,1.482,1.482,1.472,1.475,147963.0
2018-05-17,1.51,1.516,1.502,1.502,214189.0
2018-05-18,1.493,1.499,1.492,1.498,77212.0
2018-05-21,1.485,1.496,1.482,1.493,137382.0
2018-05-22,1.46,1.466,1.454,1.457,193948.0
2018-05-23,1.457,1.461,1.45,1.452,58594.0
2018-05-24,1.454,1.458,1.452,1.456,85410.0
2018-05-25,1.453,1.455,1.449,1.45,198801.0
2018-05-28,1.458,1.47,1.456,1.469,102084.0
2018-05-29,1.469,1.469,1.455,1.458,61004.0
2018-05-30,1.45,1.458,1.442,1.443,150641.0
2018-05-31,1.445,1.457,1.445,1.457,78205.0
2018-06-01,1.459,1.459,1.448,1.454,54165.0
2018-06-04,1.486,1.494,1.485,1.493,160840.0
2018-06-05,1.522,1.53,1.522,1.526,221363.0
2018-06-06,1.532,1.539,1.532,1.535,144528.0
2018-06-07,1.548,1.55,1.543,1.549,167543.0
2018-06-08,1.537,1.537,1.523,1.525,176793.0
2018-06-11,1.532,1.547,1.532,1.546,161942.0
2018-06-12,1.558,1.56,1.551,1.554,146581.0
2018-06-13,1.57,1.572,1.564,1.565,169752.0
2018-06-14,1.555,1.563,1.543,1.545,281528.0
2018-06-15,1.579,1.582,1.576,1.579,235561.0
2018-06-19,1.563,1.566,1.526,1.533,377942.0
2018-06-20,1.535,1.555,1.535,1.55,239332.0
2018-06-21,1.558,1.563,1.553,1.556,183791.0
2018-06-22,1.538,1.561,1.531,1.561,186666.0
2018-06-25,1.55,1.55,1.532,1.535,136210.0
2018-06-26,1.484,1.503,1.477,1.497,210179.0
2018-06-27,1.5,1.502,1.478,1.48,110787.0
2018-06-28,1.459,1.472,1.452,1.454,135838.0
2018-06-29,1.472,1.498,1.472,1.494,177167.0
2018-07-02,1.491,1.491,1.466,1.467,133358.0
2018-07-03,1.486,1.496,1.48,1.494,260732.0
2018-07-04,1.48,1.483,1.468,1.471,143274.0
2018-07-05,1.471,1.476,1.466,1.469,80840.0
2018-07-06,1.478,1.493,1.475,1.485,188510.0
2018-07-09,1.505,1.524,1.505,1.522,194083.0
2018-07-10,1.539,1.54,1.517,1.53,150368.0
2018-07-11,1.51,1.51,1.494,1.495,224459.0
2018-07-12,1.495,1.514,1.495,1.514,228164.0
2018-07-13,1.53,1.533,1.523,1.526,173495.0
2018-07-16,1.524,1.525,1.517,1.522,124837.0
2018-07-17,1.523,1.523,1.516,1.518,52687.0
2018-07-18,1.538,1.538,1.527,1.53,128324.0
2018-07-19,1.524,1.538,1.523,1.532,97779.0
2018-07-20,1.518,1.527,1.514,1.525,140272.0
2018-07-23,1.518,1.522,1.511,1.513,87582.0
2018-07-24,1.514,1.522,1.513,1.52,156741.0
2018-07-25,1.52,1.521,1.513,1.515,71668.0
2018-07-26,1.539,1.541,1.527,1.528,225137.0
2018-07-27,1.534,1.537,1.527,1.536,118349.0
2018-07-30,1.499,1.512,1.499,1.503,114791.0
2018-07-31,1.487,1.487,1.476,1.481,132867.0
2018-08-01,1.488,1.489,1.482,1.485,59955.0
2018-08-02,1.47,1.47,1.444,1.451,193615.0
2018-08-03,1.437,1.448,1.433,1.444,176568.0
2018-08-06,1.438,1.449,1.435,1.44,113764.0
2018-08-07,1.437,1.458,1.432,1.456,175142.0
2018-08-08,1.453,1.453,1.441,1.441,112154.0
2018-08-09,1.429,1.443,1.424,1.441,167106.0
2018-08-10,1.42,1.429,1.411,1.416,175809.0
2018-08-13,1.4,1.41,1.4,1.409,129313.0
2018-08-14,1.399,1.399,1.375,1.38,259944.0
2018-08-15,1.351,1.356,1.335,1.34,281684.0
2018-08-16,1.31,1.321,1.299,1.315,1939739.0
2018-08-17,1.328,1.329,1.302,1.304,1219887.0
2018-08-20,1.319,1.336,1.316,1.333,760619.0
2018-08-21,1.348,1.353,1.345,1.352,1129482.0
2018-08-22,1.355,1.362,1.348,1.361,278427.0
2018-08-23,1.362,1.366,1.354,1.363,337750.0
2018-08-24,1.347,1.347,1.34,1.346,167958.0
2018-08-27,1.351,1.36,1.348,1.36,439925.0
2018-08-28,1.385,1.386,1.379,1.383,369919.0
2018-08-29,1.376,1.379,1.369,1.37,733860.0
2018-08-30,1.374,1.377,1.365,1.366,145468.0
2018-08-31,1.333,1.334,1.326,1.328,116434.0
2018-09-03,1.33,1.331,1.322,1.325,130979.0
2018-09-04,1.326,1.345,1.324,1.342,825737.0
2018-09-05,1.323,1.323,1.316,1.318,448465.0
2018-09-06,1.289,1.305,1.28,1.284,323927.0
2018-09-07,1.272,1.274,1.255,1.268,399914.0
2018-09-10,1.266,1.266,1.247,1.248,269501.0
2018-09-11,1.238,1.238,1.22,1.226,300789.0
2018-09-12,1.24,1.24,1.23,1.231,217205.0
2018-09-13,1.252,1.258,1.246,1.255,162910.0
2018-09-14,1.286,1.29,1.281,1.289,223807.0
2018-09-17,1.28,1.28,1.27,1.27,197210.0
2018-09-18,1.257,1.284,1.251,1.278,123778.0
2018-09-19,1.26,1.273,1.258,1.269,166875.0
2018-09-20,1.292,1.294,1.281,1.283,128782.0
2018-09-21,1.299,1.324,1.298,1.322,263836.0
2018-09-25,1.295,1.295,1.286,1.293,82044.0
2018-09-26,1.297,1.309,1.297,1.301,411217.0
2018-09-27,1.304,1.307,1.298,1.299,308759.0
2018-09-28,1.308,1.313,1.304,1.305,296719.0
2018-10-08,1.228,1.24,1.222,1.224,347736.0
2018-10-09,1.22,1.222,1.212,1.214,169962.0
2018-10-10,1.208,1.209,1.194,1.198,385403.0
2018-10-11,1.15,1.15,1.123,1.138,507396.0
2018-10-12,1.15,1.174,1.144,1.17,343015.0
2018-10-15,1.19,1.19,1.158,1.158,660198.0
2018-10-16,1.161,1.164,1.14,1.147,490390.0
2018-10-17,1.179,1.18,1.171,1.174,382120.0
2018-10-18,1.161,1.161,1.145,1.145,188684.0
2018-10-19,1.126,1.16,1.121,1.156,222282.0
2018-10-22,1.146,1.189,1.139,1.184,534673.0
2018-10-23,1.178,1.178,1.128,1.132,533018.0
2018-10-24,1.135,1.14,1.122,1.123,348513.0
2018-10-25,1.077,1.096,1.07,1.095,306937.0
2018-10-26,1.106,1.108,1.087,1.087,249861.0
2018-10-29,1.095,1.1,1.077,1.088,427256.0
2018-10-30,1.06,1.088,1.059,1.075,844396.0
2018-10-31,1.079,1.109,1.075,1.094,713143.0
2018-11-01,1.116,1.137,1.115,1.12,576798.0
2018-11-02,1.179,1.205,1.179,1.204,674809.0
2018-11-05,1.182,1.184,1.161,1.167,1242158.0
2018-11-06,1.17,1.173,1.158,1.167,1030510.0
2018-11-07,1.173,1.192,1.164,1.169,1139051.0
2018-11-08,1.192,1.203,1.185,1.185,1675380.0
2018-11-09,1.15,1.156,1.145,1.148,441704.0
2018-11-12,1.138,1.143,1.126,1.141,399365.0
2018-11-13,1.1,1.138,1.091,1.128,822506.0
2018-11-14,1.122,1.134,1.112,1.122,828802.0
2018-11-15,1.142,1.155,1.137,1.151,642671.0
2018-11-16,1.173,1.174,1.155,1.157,644239.0
2018-11-19,1.151,1.161,1.149,1.154,379663.0
2018-11-20,1.135,1.143,1.122,1.123,503289.0
2018-11-21,1.11,1.128,1.102,1.126,583989.0
2018-11-22,1.136,1.14,1.124,1.131,747930.0
2018-11-23,1.13,1.131,1.103,1.107,674095.0
2018-11-26,1.108,1.123,1.107,1.118,1534737.0
2018-11-27,1.133,1.134,1.125,1.131,410612.0
2018-11-28,1.133,1.158,1.133,1.156,511721.0
2018-11-29,1.17,1.17,1.147,1.148,950486.0
2018-11-30,1.145,1.154,1.142,1.15,582761.0
2018-12-03,1.197,1.199,1.178,1.182,903955.0
2018-12-04,1.182,1.183,1.171,1.178,1304148.0
2018-12-05,1.152,1.165,1.152,1.158,349178.0
2018-12-06,1.144,1.144,1.125,1.128,571810.0
2018-12-07,1.139,1.145,1.137,1.139,356979.0
2018-12-10,1.13,1.131,1.118,1.121,573513.0
2018-12-11,1.126,1.129,1.121,1.125,1118670.0
2018-12-12,1.135,1.139,1.133,1.138,640492.0
2018-12-13,1.145,1.15,1.14,1.149,629294.0
2018-12-14,1.143,1.143,1.128,1.13,1856598.0
2018-12-17,1.13,1.132,1.122,1.127,240398.0
2018-12-18,1.11,1.113,1.103,1.107,460931.0
2018-12-19,1.106,1.106,1.083,1.086,441075.0
2018-12-20,1.066,1.074,1.06,1.069,557153.0
2018-12-21,1.059,1.068,1.054,1.068,965772.0
2018-12-24,1.059,1.063,1.055,1.06,370829.0
2018-12-25,1.05,1.05,1.041,1.046,507252.0
2018-12-26,1.05,1.052,1.043,1.044,281673.0
2018-12-27,1.075,1.079,1.05,1.053,440294.0
2018-12-28,1.058,1.062,1.035,1.054,277129.0
2019-01-02,1.056,1.056,1.029,1.03,342841.0
2019-01-03,1.031,1.04,1.029,1.031,494344.0
2019-01-04,1.007,1.039,1.007,1.038,420802.0
2019-01-07,1.065,1.068,1.06,1.068,336792.0
2019-01-08,1.076,1.08,1.074,1.076,220277.0
2019-01-09,1.085,1.107,1.085,1.097,916027.0
2019-01-10,1.116,1.117,1.102,1.111,435287.0
2019-01-11,1.115,1.123,1.115,1.119,141453.0
2019-01-14,1.109,1.112,1.091,1.094,130902.0
2019-01-15,1.091,1.107,1.09,1.107,268985.0
2019-01-16,1.108,1.108,1.099,1.102,232388.0
2019-01-17,1.114,1.122,1.108,1.109,315369.0
2019-01-18,1.118,1.13,1.118,1.129,374512.0
2019-01-21,1.135,1.149,1.135,1.143,586224.0
2019-01-22,1.142,1.145,1.127,1.13,185131.0
2019-01-23,1.121,1.13,1.113,1.114,463329.0
2019-01-24,1.12,1.121,1.11,1.117,440794.0
2019-01-25,1.124,1.148,1.124,1.147,305563.0
2019-01-28,1.163,1.164,1.146,1.149,272590.0
2019-01-29,1.147,1.149,1.14,1.148,183550.0
2019-01-30,1.142,1.15,1.14,1.145,330219.0
2019-01-31,1.165,1.177,1.165,1.174,668685.0
2019-02-01,1.182,1.195,1.182,1.194,260877.0
2019-02-11,1.193,1.205,1.184,1.205,324777.0
2019-02-12,1.202,1.211,1.202,1.209,680840.0
2019-02-13,1.218,1.221,1.213,1.22,292331.0
2019-02-14,1.217,1.218,1.206,1.211,779526.0
2019-02-15,1.21,1.21,1.188,1.19,321823.0
2019-02-18,1.195,1.209,1.195,1.208,362350.0
2019-02-19,1.208,1.208,1.189,1.19,546122.0
2019-02-20,1.203,1.209,1.193,1.198,867753.0
2019-02-21,1.2,1.213,1.198,1.203,546264.0
2019-02-22,1.198,1.213,1.194,1.211,351228.0
2019-02-25,1.226,1.241,1.217,1.24,1304558.0
2019-02-26,1.241,1.244,1.226,1.227,1181912.0
2019-02-27,1.228,1.237,1.223,1.225,285693.0
2019-02-28,1.226,1.24,1.226,1.231,994411.0
2019-03-01,1.236,1.246,1.23,1.236,999973.0
2019-03-04,1.242,1.26,1.234,1.251,690041.0
2019-03-05,1.248,1.264,1.245,1.263,353235.0
2019-03-06,1.281,1.294,1.281,1.289,424467.0
2019-03-07,1.28,1.281,1.266,1.271,1230430.0
2019-03-08,1.239,1.253,1.226,1.238,1073795.0
2019-03-11,1.239,1.251,1.235,1.248,717725.0
2019-03-12,1.268,1.27,1.259,1.26,622248.0
2019-03-13,1.262,1.262,1.241,1.242,434109.0
2019-03-14,1.245,1.25,1.238,1.241,405747.0
2019-03-15,1.242,1.252,1.241,1.25,705373.0
2019-03-18,1.253,1.272,1.249,1.27,308794.0
2019-03-19,1.27,1.274,1.261,1.264,218151.0
2019-03-20,1.269,1.269,1.256,1.263,343480.0
2019-03-21,1.255,1.261,1.248,1.249,729773.0
2019-03-22,1.253,1.26,1.248,1.249,386633.0
2019-03-25,1.225,1.226,1.213,1.215,242555.0
2019-03-26,1.224,1.228,1.216,1.219,327563.0
2019-03-27,1.225,1.238,1.225,1.238,270834.0
2019-03-28,1.231,1.235,1.229,1.23,876668.0
2019-03-29,1.237,1.26,1.234,1.256,426741.0
2019-04-01,1.271,1.285,1.271,1.28,378531.0
2019-04-02,1.289,1.29,1.28,1.282,852473.0
2019-04-03,1.283,1.302,1.282,1.3,290267.0
2019-04-04,1.297,1.3,1.28,1.287,953022.0
2019-04-08,1.307,1.328,1.299,1.312,723820.0
2019-04-09,1.316,1.325,1.315,1.325,449426.0
2019-04-10,1.319,1.329,1.31,1.328,873481.0
2019-04-11,1.324,1.331,1.315,1.317,197284.0
2019-04-12,1.311,1.311,1.301,1.302,294608.0
2019-04-15,1.326,1.326,1.315,1.315,368947.0
2019-04-16,1.298,1.325,1.298,1.324,749223.0
2019-04-17,1.325,1.325,1.313,1.313,143314.0
2019-04-18,1.317,1.317,1.304,1.306,443900.0
2019-04-19,1.306,1.316,1.306,1.316,82098.0
2019-04-22,1.32,1.322,1.296,1.297,374469.0
2019-04-23,1.3,1.309,1.3,1.305,140390.0
2019-04-24,1.317,1.322,1.309,1.318,298317.0
2019-04-25,1.313,1.315,1.296,1.298,341710.0
2019-04-26,1.299,1.305,1.298,1.301,114364.0
2019-04-29,1.303,1.309,1.3,1.306,227832.0
2019-04-30,1.309,1.315,1.302,1.31,305905.0
2019-05-06,1.286,1.289,1.261,1.283,316772.0
2019-05-07,1.284,1.301,1.284,1.3,174606.0
2019-05-08,1.272,1.296,1.27,1.285,891341.0
2019-05-09,1.276,1.282,1.258,1.258,476097.0
2019-05-10,1.268,1.283,1.263,1.275,865087.0
2019-05-13,1.269,1.269,1.256,1.259,71068.0
2019-05-14,1.235,1.25,1.233,1.238,275166.0
2019-05-15,1.247,1.271,1.247,1.263,806589.0
2019-05-16,1.261,1.277,1.261,1.272,87394.0
2019-05-17,1.266,1.269,1.243,1.245,361616.0
2019-05-20,1.23,1.23,1.208,1.212,346968.0
2019-05-21,1.18,1.202,1.175,1.196,323789.0
2019-05-22,1.195,1.199,1.17,1.175,225442.0
2019-05-23,1.163,1.164,1.146,1.152,224785.0
2019-05-24,1.149,1.161,1.145,1.152,281125.0
2019-05-27,1.129,1.143,1.126,1.137,414487.0
2019-05-28,1.138,1.154,1.138,1.15,123175.0
2019-05-29,1.142,1.142,1.125,1.126,411466.0
2019-05-30,1.124,1.134,1.117,1.133,578625.0
2019-05-31,1.129,1.13,1.119,1.12,277574.0
2019-06-03,1.116,1.12,1.114,1.12,215799.0
2019-06-04,1.112,1.112,1.096,1.098,331108.0
2019-06-05,1.119,1.131,1.115,1.117,230088.0
2019-06-06,1.11,1.113,1.1,1.103,152547.0
2019-06-10,1.126,1.13,1.121,1.129,157545.0
2019-06-11,1.145,1.157,1.145,1.156,167257.0
2019-06-12,1.165,1.167,1.154,1.155,141658.0
2019-06-13,1.15,1.154,1.141,1.149,223246.0
2019-06-14,1.15,1.159,1.15,1.153,82663.0
2019-06-17,1.148,1.157,1.146,1.148,254167.0
2019-06-18,1.149,1.15,1.143,1.149,240670.0
2019-06-19,1.181,1.183,1.17,1.176,228140.0
2019-06-20,1.18,1.198,1.177,1.197,755510.0
2019-06-21,1.199,1.204,1.183,1.189,311905.0
2019-06-24,1.191,1.2,1.183,1.194,171876.0
2019-06-25,1.191,1.195,1.173,1.175,165005.0
2019-06-26,1.165,1.18,1.161,1.177,83329.0
2019-06-27,1.192,1.2,1.192,1.2,139229.0
2019-06-28,1.208,1.21,1.201,1.206,161112.0
2019-07-01,1.226,1.251,1.221,1.242,458884.0
2019-07-02,1.244,1.246,1.239,1.24,223085.0
2019-07-03,1.242,1.242,1.231,1.231,107593.0
2019-07-04,1.239,1.241,1.233,1.234,147093.0
2019-07-05,1.238,1.238,1.228,1.235,122323.0
2019-07-08,1.224,1.251,1.212,1.213,118914.0
2019-07-09,1.212,1.212,1.197,1.199,103665.0
2019-07-10,1.213,1.22,1.206,1.21,108984.0
2019-07-11,1.218,1.218,1.206,1.208,98031.0
2019-07-12,1.207,1.21,1.203,1.204,119037.0
2019-07-15,1.208,1.208,1.191,1.203,199553.0
2019-07-16,1.211,1.215,1.211,1.215,141574.0
2019-07-17,1.214,1.217,1.206,1.215,154452.0
2019-07-18,1.213,1.215,1.205,1.206,318207.0
2019-07-19,1.204,1.216,1.204,1.215,98206.0
2019-07-22,1.209,1.214,1.207,1.209,58414.0
2019-07-23,1.212,1.215,1.211,1.215,44958.0
2019-07-24,1.235,1.257,1.235,1.242,262150.0
2019-07-25,1.249,1.253,1.24,1.252,185727.0
2019-07-26,1.242,1.247,1.234,1.243,162449.0
2019-07-29,1.239,1.239,1.233,1.235,381847.0
2019-07-30,1.236,1.249,1.233,1.245,450708.0
2019-07-31,1.238,1.238,1.215,1.219,322148.0
2019-08-01,1.212,1.227,1.212,1.217,595860.0
2019-08-02,1.186,1.192,1.182,1.189,172029.0
2019-08-05,1.175,1.175,1.15,1.15,1171083.0
2019-08-06,1.119,1.15,1.116,1.136,456168.0
2019-08-07,1.138,1.139,1.121,1.127,389688.0
2019-08-08,1.135,1.148,1.135,1.145,227294.0
2019-08-09,1.159,1.163,1.146,1.149,168132.0
2019-08-12,1.155,1.157,1.15,1.156,94671.0
2019-08-13,1.146,1.148,1.132,1.137,134090.0
2019-08-14,1.172,1.172,1.159,1.163,255891.0
2019-08-15,1.135,1.16,1.135,1.156,195280.0
2019-08-16,1.16,1.17,1.157,1.168,277147.0
2019-08-19,1.185,1.222,1.185,1.219,943223.0
2019-08-20,1.223,1.25,1.223,1.237,506109.0
2019-08-21,1.225,1.227,1.219,1.22,345376.0
2019-08-22,1.224,1.225,1.215,1.215,203592.0
2019-08-23,1.206,1.222,1.201,1.219,441836.0
2019-08-26,1.171,1.2,1.171,1.181,738062.0
2019-08-27,1.186,1.205,1.186,1.198,481327.0
2019-08-28,1.194,1.196,1.187,1.192,315583.0
2019-08-29,1.195,1.198,1.19,1.192,319054.0
2019-08-30,1.215,1.219,1.202,1.204,340126.0
2019-09-02,1.21,1.232,1.21,1.222,245640.0
2019-09-03,1.222,1.234,1.22,1.231,331930.0
2019-09-04,1.218,1.257,1.216,1.255,363511.0
2019-09-05,1.255,1.268,1.245,1.25,535334.0
2019-09-06,1.263,1.265,1.249,1.252,336691.0
2019-09-09,1.261,1.262,1.255,1.257,455900.0
2019-09-10,1.258,1.26,1.246,1.248,929129.0
2019-09-11,1.251,1.268,1.247,1.262,326022.0
2019-09-12,1.275,1.279,1.267,1.276,472841.0
2019-09-16,1.276,1.276,1.26,1.261,309214.0
2019-09-17,1.259,1.261,1.235,1.243,436276.0
2019-09-18,1.257,1.257,1.25,1.253,154058.0
2019-09-19,1.257,1.259,1.252,1.256,114425.0
2019-09-20,1.258,1.266,1.258,1.265,133732.0
2019-09-23,1.264,1.264,1.251,1.252,220840.0
2019-09-24,1.246,1.247,1.241,1.246,583357.0
2019-09-25,1.225,1.232,1.216,1.218,356611.0
2019-09-26,1.231,1.236,1.217,1.219,294638.0
2019-09-27,1.218,1.228,1.218,1.227,48069.0
2019-09-30,1.206,1.216,1.201,1.209,276600.0
2019-10-08,1.207,1.22,1.203,1.211,152116.0
2019-10-09,1.192,1.192,1.182,1.183,361945.0
2019-10-10,1.192,1.193,1.184,1.189,292051.0
2019-10-11,1.198,1.21,1.193,1.207,231455.0
2019-10-14,1.227,1.23,1.217,1.219,258108.0
2019-10-15,1.22,1.224,1.215,1.222,142507.0
2019-10-16,1.236,1.24,1.23,1.231,192416.0
2019-10-17,1.241,1.249,1.238,1.241,162772.0
2019-10-18,1.244,1.246,1.234,1.237,126386.0
2019-10-21,1.225,1.226,1.218,1.225,138396.0
2019-10-22,1.231,1.235,1.229,1.23,81407.0
2019-10-23,1.227,1.227,1.213,1.213,152095.0
2019-10-24,1.213,1.221,1.211,1.215,113909.0
2019-10-25,1.223,1.228,1.22,1.227,289030.0
2019-10-28,1.249,1.249,1.237,1.247,264754.0
2019-10-29,1.255,1.259,1.24,1.241,219930.0
2019-10-30,1.237,1.243,1.234,1.238,108705.0
2019-10-31,1.242,1.249,1.242,1.245,219395.0
2019-11-01,1.24,1.249,1.239,1.249,95402.0
2019-11-04,1.255,1.257,1.253,1.257,152771.0
2019-11-05,1.272,1.28,1.27,1.277,355777.0
2019-11-06,1.288,1.289,1.272,1.277,249626.0
2019-11-07,1.281,1.281,1.273,1.275,99158.0
2019-11-08,1.293,1.295,1.286,1.288,193873.0
2019-11-11,1.285,1.288,1.28,1.28,160688.0
2019-11-12,1.277,1.301,1.277,1.298,246567.0
2019-11-13,1.292,1.3,1.284,1.294,128592.0
2019-11-14,1.284,1.286,1.264,1.269,508679.0
2019-11-15,1.271,1.273,1.266,1.272,231328.0
2019-11-18,1.271,1.293,1.271,1.289,327579.0
2019-11-19,1.287,1.295,1.282,1.292,320520.0
2019-11-20,1.29,1.29,1.283,1.283,159108.0
2019-11-21,1.268,1.271,1.262,1.265,204448.0
2019-11-22,1.277,1.282,1.265,1.266,409271.0
2019-11-25,1.285,1.298,1.285,1.29,382372.0
2019-11-26,1.309,1.31,1.299,1.3,331640.0
2019-11-27,1.313,1.318,1.31,1.314,465663.0
2019-11-28,1.325,1.338,1.322,1.334,343078.0
2019-11-29,1.335,1.335,1.314,1.319,485551.0
2019-12-02,1.322,1.33,1.319,1.322,285257.0
2019-12-03,1.311,1.318,1.303,1.316,377187.0
2019-12-04,1.308,1.315,1.306,1.31,257905.0
2019-12-05,1.315,1.32,1.312,1.314,146990.0
2019-12-06,1.324,1.335,1.324,1.334,396003.0
2019-12-09,1.336,1.339,1.33,1.332,348356.0
2019-12-10,1.327,1.329,1.321,1.328,476761.0
2019-12-11,1.329,1.335,1.327,1.333,172509.0
2019-12-12,1.348,1.355,1.348,1.353,570347.0
2019-12-13,1.365,1.38,1.365,1.372,409279.0
2019-12-16,1.372,1.381,1.368,1.375,294584.0
2019-12-17,1.387,1.399,1.386,1.389,511401.0
2019-12-18,1.395,1.399,1.389,1.391,384739.0
2019-12-19,1.396,1.399,1.394,1.396,284987.0
2019-12-20,1.401,1.412,1.401,1.406,311087.0
2019-12-23,1.413,1.423,1.413,1.42,554827.0
2019-12-24,1.427,1.446,1.427,1.44,820826.0
2019-12-25,1.438,1.438,1.424,1.427,361567.0
2019-12-26,1.427,1.449,1.426,1.447,624032.0
2019-12-27,1.453,1.476,1.453,1.474,490515.0
2019-12-30,1.452,1.452,1.437,1.445,737677.0
2019-12-31,1.429,1.429,1.415,1.424,790136.0
2020-01-02,1.43,1.468,1.426,1.466,536651.0
2020-01-03,1.484,1.493,1.469,1.479,701463.0
2020-01-06,1.459,1.462,1.446,1.45,870896.0
2020-01-07,1.459,1.477,1.459,1.474,548524.0
2020-01-08,1.459,1.47,1.45,1.453,543917.0
2020-01-09,1.475,1.496,1.475,1.49,728650.0
2020-01-10,1.5,1.543,1.498,1.528,570496.0
2020-01-13,1.528,1.543,1.514,1.542,598227.0
2020-01-14,1.557,1.561,1.522,1.524,652025.0
2020-01-15,1.515,1.538,1.507,1.529,342528.0
2020-01-16,1.521,1.521,1.503,1.511,712189.0
2020-01-17,1.515,1.517,1.504,1.505,390061.0
2020-01-20,1.516,1.52,1.51,1.514,419727.0
2020-01-21,1.5,1.501,1.482,1.483,402967.0
2020-01-22,1.472,1.507,1.462,1.498,939108.0
2020-01-23,1.482,1.482,1.435,1.454,738168.0
2020-02-03,1.382,1.429,1.377,1.416,751445.0
2020-02-04,1.443,1.503,1.443,1.481,836959.0
2020-02-05,1.504,1.518,1.496,1.514,987530.0
2020-02-06,1.502,1.535,1.479,1.529,1154708.0
2020-02-07,1.518,1.521,1.505,1.517,1000161.0
2020-02-10,1.497,1.517,1.493,1.515,653057.0
2020-02-11,1.515,1.515,1.5,1.507,1250840.0
2020-02-12,1.507,1.523,1.501,1.52,1305450.0
2020-02-13,1.534,1.536,1.521,1.529,1010454.0
2020-02-14,1.524,1.535,1.519,1.524,750296.0
2020-02-17,1.52,1.555,1.52,1.546,1001111.0
2020-02-18,1.544,1.547,1.525,1.53,556416.0
2020-02-19,1.53,1.53,1.51,1.512,948383.0
2020-02-20,1.53,1.535,1.52,1.526,690945.0
2020-02-21,1.508,1.519,1.506,1.517,1037789.0
2020-02-24,1.488,1.489,1.478,1.48,1074665.0
2020-02-25,1.455,1.493,1.455,1.486,1146702.0
2020-02-26,1.453,1.47,1.453,1.459,1279657.0
2020-02-27,1.462,1.463,1.455,1.456,725915.0
2020-02-28,1.429,1.453,1.428,1.431,920225.0
2020-03-02,1.431,1.448,1.421,1.445,1421622.0
2020-03-03,1.469,1.469,1.443,1.446,1240488.0
2020-03-04,1.437,1.437,1.425,1.435,672795.0
2020-03-05,1.455,1.472,1.443,1.47,1111650.0
2020-03-06,1.453,1.459,1.445,1.448,641262.0
2020-03-09,1.408,1.408,1.387,1.391,1458631.0
2020-03-10,1.39,1.43,1.379,1.429,837012.0
2020-03-11,1.43,1.431,1.403,1.404,716371.0
2020-03-12,1.376,1.379,1.362,1.369,729548.0
2020-03-13,1.28,1.38,1.277,1.365,1078480.0
2020-03-16,1.356,1.357,1.306,1.312,680906.0
2020-03-17,1.324,1.344,1.29,1.306,938036.0
2020-03-18,1.304,1.332,1.278,1.281,620518.0
2020-03-19,1.292,1.307,1.26,1.299,896227.0
2020-03-20,1.318,1.355,1.318,1.352,826369.0
2020-03-23,1.308,1.356,1.294,1.321,769641.0
2020-03-24,1.365,1.376,1.337,1.366,976180.0
2020-03-25,1.41,1.429,1.405,1.408,910034.0
2020-03-26,1.403,1.419,1.399,1.414,488525.0
2020-03-27,1.437,1.44,1.41,1.414,670044.0
2020-03-30,1.407,1.417,1.387,1.414,482799.0
2020-03-31,1.431,1.433,1.424,1.43,323824.0
2020-04-01,1.425,1.439,1.381,1.386,646293.0
2020-04-02,1.38,1.416,1.38,1.413,425864.0
2020-04-03,1.41,1.415,1.4,1.4,240653.0
2020-04-07,1.427,1.437,1.426,1.434,579352.0
2020-04-08,1.426,1.426,1.412,1.414,320741.0
2020-04-09,1.416,1.422,1.408,1.41,284153.0
2020-04-10,1.41,1.414,1.401,1.402,551413.0
2020-04-13,1.403,1.404,1.386,1.388,359165.0
2020-04-14,1.402,1.42,1.401,1.417,355334.0
2020-04-15,1.421,1.429,1.42,1.421,365505.0
2020-04-16,1.428,1.448,1.425,1.448,442460.0
2020-04-17,1.481,1.498,1.476,1.48,1020382.0
2020-04-20,1.476,1.49,1.47,1.48,477330.0
2020-04-21,1.479,1.481,1.454,1.466,420038.0
2020-04-22,1.45,1.482,1.449,1.481,562375.0
2020-04-23,1.485,1.486,1.469,1.47,518032.0
2020-04-24,1.451,1.464,1.444,1.452,702800.0
2020-04-27,1.461,1.475,1.46,1.47,335180.0
2020-04-28,1.47,1.496,1.463,1.489,582379.0
2020-04-29,1.48,1.493,1.476,1.487,329000.0
2020-04-30,1.5,1.515,1.5,1.509,461388.0
2020-05-06,1.474,1.507,1.471,1.502,440301.0
2020-05-07,1.495,1.509,1.491,1.493,339565.0
2020-05-08,1.502,1.504,1.495,1.499,383409.0
2020-05-11,1.51,1.535,1.51,1.517,448532.0
2020-05-12,1.521,1.529,1.517,1.523,293152.0
2020-05-13,1.518,1.536,1.513,1.53,619416.0
2020-05-14,1.538,1.542,1.527,1.529,371279.0
2020-05-15,1.536,1.54,1.516,1.518,515104.0
2020-05-18,1.527,1.54,1.524,1.533,360199.0
2020-05-19,1.581,1.588,1.568,1.582,1276070.0
2020-05-20,1.588,1.6,1.588,1.599,340083.0
2020-05-21,1.596,1.597,1.579,1.58,704993.0
2020-05-22,1.565,1.565,1.526,1.556,955071.0
2020-05-25,1.545,1.545,1.51,1.541,574087.0
2020-05-26,1.551,1.585,1.551,1.583,496943.0
2020-05-27,1.578,1.586,1.556,1.563,381517.0
2020-05-28,1.56,1.569,1.536,1.546,536342.0
2020-05-29,1.546,1.564,1.541,1.549,411970.0
2020-06-01,1.585,1.604,1.571,1.602,522642.0
2020-06-02,1.607,1.61,1.593,1.596,602088.0
2020-06-03,1.625,1.635,1.614,1.624,597943.0
2020-06-04,1.645,1.655,1.642,1.653,567137.0
2020-06-05,1.652,1.655,1.638,1.653,449456.0
2020-06-08,1.667,1.671,1.646,1.652,658092.0
2020-06-09,1.658,1.661,1.65,1.656,550788.0
2020-06-10,1.657,1.686,1.653,1.685,503906.0
2020-06-11,1.692,1.726,1.688,1.694,728708.0
2020-06-12,1.637,1.683,1.637,1.672,727873.0
2020-06-15,1.67,1.679,1.635,1.637,482837.0
2020-06-16,1.679,1.706,1.679,1.705,634987.0
2020-06-17,1.715,1.741,1.708,1.732,785804.0
2020-06-18,1.733,1.771,1.733,1.767,706216.0
2020-06-19,1.769,1.798,1.76,1.766,950255.0
2020-06-22,1.765,1.773,1.756,1.762,767888.0
2020-06-23,1.772,1.828,1.769,1.818,1335686.0
2020-06-24,1.835,1.882,1.832,1.869,1341704.0
2020-06-29,1.829,1.859,1.812,1.831,1155658.0
2020-06-30,1.846,1.855,1.834,1.845,868871.0
2020-07-01,1.846,1.848,1.83,1.831,849389.0
2020-07-02,1.836,1.854,1.836,1.849,730239.0
2020-07-03,1.863,1.88,1.841,1.875,1138077.0
2020-07-06,1.88,1.914,1.88,1.901,1090992.0
2020-07-07,1.923,1.974,1.923,1.927,857015.0
2020-07-08,1.916,1.957,1.9,1.953,1307079.0
2020-07-09,2.006,2.036,1.993,2.014,1477302.0
2020-07-10,2.014,2.058,1.992,2.023,1268058.0
2020-07-13,2.021,2.04,2.001,2.037,1224513.0
2020-07-14,2.0,2.007,1.955,1.976,1460350.0
2020-07-15,1.987,1.995,1.916,1.936,1694251.0
2020-07-16,1.93,1.94,1.849,1.851,1758440.0
2020-07-17,1.865,1.904,1.859,1.899,1086837.0
2020-07-20,1.911,1.93,1.874,1.893,1284036.0
2020-07-21,1.95,2.014,1.948,2.009,1745582.0
2020-07-22,1.988,2.017,1.976,2.006,1065486.0
2020-07-23,1.978,1.999,1.963,1.978,1110534.0
2020-07-24,1.959,1.961,1.878,1.88,1243853.0
2020-07-27,1.901,1.905,1.86,1.877,1054972.0
2020-07-28,1.918,1.938,1.907,1.927,898943.0
2020-07-29,1.917,1.95,1.916,1.947,780979.0
2020-07-30,1.962,1.982,1.937,1.938,783951.0
2020-07-31,1.953,1.974,1.945,1.955,720187.0
2020-08-03,1.958,1.964,1.939,1.963,1692336.0
2020-08-04,1.993,2.016,1.976,2.007,2044392.0
2020-08-05,2.016,2.027,2.004,2.023,927380.0
2020-08-06,2.032,2.054,2.003,2.019,856015.0
2020-08-07,2.025,2.027,1.912,1.959,1729395.0
2020-08-10,1.915,1.931,1.89,1.922,1651818.0
2020-08-11,1.933,1.958,1.909,1.915,841635.0
2020-08-12,1.912,1.922,1.868,1.917,1005916.0
2020-08-13,1.954,1.959,1.927,1.931,742295.0
2020-08-14,1.91,1.938,1.906,1.937,592194.0
2020-08-17,1.931,1.944,1.906,1.932,929091.0
2020-08-18,1.95,1.953,1.938,1.951,670889.0
2020-08-19,1.959,1.976,1.954,1.955,527321.0
2020-08-20,1.955,1.958,1.94,1.95,426944.0
2020-08-21,1.971,2.0,1.969,1.992,530117.0
2020-08-24,2.02,2.062,2.02,2.061,733808.0
2020-08-25,2.079,2.114,2.06,2.085,1029623.0
2020-08-26,2.12,2.145,2.113,2.144,1193965.0
2020-08-27,2.16,2.161,2.13,2.16,910933.0
2020-08-28,2.128,2.143,2.116,2.141,1073812.0
2020-08-31,2.151,2.165,2.129,2.13,1081283.0
2020-09-01,2.09,2.117,2.08,2.105,876536.0
2020-09-02,2.158,2.161,2.122,2.158,1426085.0
2020-09-03,2.149,2.149,2.105,2.111,1100317.0
2020-09-04,2.025,2.047,2.016,2.043,1588519.0
2020-09-07,2.037,2.047,1.974,1.977,1424681.0
2020-09-08,1.999,2.007,1.941,1.982,1372765.0
2020-09-09,1.925,1.958,1.916,1.928,1225073.0
2020-09-10,1.961,1.978,1.955,1.962,1187440.0
2020-09-11,1.945,1.97,1.936,1.967,955093.0
2020-09-14,1.981,2.005,1.971,2.004,859319.0
2020-09-15,2.005,2.015,1.993,2.014,993252.0
2020-09-16,2.028,2.029,2.0,2.016,798325.0
2020-09-17,2.003,2.009,1.968,1.97,880708.0
2020-09-18,1.966,1.993,1.952,1.982,1038467.0
2020-09-21,1.972,1.975,1.951,1.952,633495.0
2020-09-22,1.952,1.973,1.945,1.948,857941.0
2020-09-23,1.956,1.963,1.941,1.95,829860.0
2020-09-24,1.94,1.945,1.916,1.921,618280.0
2020-09-25,1.932,1.94,1.897,1.903,596651.0
2020-09-28,1.92,1.935,1.912,1.929,612543.0
2020-09-29,1.953,1.967,1.95,1.958,590628.0
2020-09-30,1.961,1.983,1.956,1.967,505102.0
2020-10-09,2.058,2.069,2.041,2.043,977431.0
2020-10-12,2.068,2.095,2.06,2.094,600981.0
2020-10-13,2.105,2.118,2.1,2.112,584350.0
2020-10-14,2.131,2.136,2.117,2.126,899563.0
2020-10-15,2.11,2.115,2.066,2.07,831409.0
2020-10-16,2.082,2.096,2.074,2.078,478578.0
2020-10-19,2.097,2.108,2.09,2.097,360947.0
2020-10-20,2.089,2.095,2.076,2.092,361580.0
2020-10-21,2.106,2.133,2.106,2.112,394891.0
2020-10-22,2.098,2.104,2.079,2.1,412483.0
2020-10-23,2.093,2.095,2.073,2.078,383480.0
2020-10-26,2.089,2.089,2.044,2.08,480751.0
2020-10-27,2.075,2.127,2.072,2.125,664430.0
2020-10-28,2.146,2.205,2.146,2.199,1006877.0
2020-10-29,2.152,2.234,2.148,2.206,1262873.0
2020-10-30,2.199,2.206,2.132,2.144,1218392.0
2020-11-02,2.158,2.164,2.123,2.152,1276220.0
2020-11-03,2.164,2.18,2.156,2.174,1204936.0
2020-11-04,2.12,2.172,2.085,2.157,1633085.0
2020-11-05,2.239,2.253,2.2,2.233,1708432.0
2020-11-06,2.245,2.245,2.195,2.201,833153.0
2020-11-09,2.244,2.299,2.235,2.27,1120805.0
2020-11-10,2.22,2.22,2.177,2.19,1484017.0
2020-11-11,2.11,2.138,2.056,2.076,2731926.0
2020-11-12,2.108,2.109,2.091,2.093,1210511.0
2020-11-13,2.114,2.135,2.088,2.13,1678815.0
2020-11-16,2.149,2.149,2.111,2.123,1186584.0
2020-11-17,2.112,2.119,2.08,2.089,1043302.0
2020-11-18,2.084,2.098,2.079,2.08,664276.0
2020-11-19,2.07,2.079,2.05,2.076,781064.0
2020-11-20,2.081,2.102,2.071,2.095,1386976.0
2020-11-23,2.111,2.145,2.11,2.141,1331686.0
2020-11-24,2.145,2.149,2.123,2.132,1150318.0
2020-11-25,2.16,2.167,2.112,2.124,1620404.0
2020-11-26,2.12,2.141,2.112,2.137,1142209.0
2020-11-27,2.135,2.161,2.131,2.158,789574.0
2020-11-30,2.142,2.15,2.11,2.116,1009485.0
2020-12-01,2.092,2.111,2.08,2.108,706361.0
2020-12-02,2.108,2.109,2.062,2.072,1338222.0
2020-12-03,2.074,2.084,2.066,2.082,781134.0
2020-12-04,2.088,2.113,2.085,2.106,878508.0
2020-12-07,2.1,2.103,2.069,2.085,1077480.0
2020-12-08,2.086,2.098,2.075,2.091,669114.0
2020-12-09,2.104,2.119,2.093,2.094,857096.0
2020-12-10,2.076,2.084,2.072,2.076,668988.0
2020-12-11,2.1,2.104,2.088,2.095,730031.0
2020-12-14,2.08,2.086,2.054,2.056,855453.0
2020-12-15,2.049,2.054,2.023,2.035,1139390.0
2020-12-16,2.041,2.066,2.029,2.063,1243127.0
2020-12-17,2.08,2.096,2.075,2.09,762327.0
2020-12-18,2.099,2.1,2.081,2.083,661338.0
2020-12-21,2.075,2.089,2.068,2.07,1547493.0
2020-12-22,2.079,2.084,2.056,2.06,793546.0
2020-12-23,2.056,2.094,2.044,2.094,1341072.0
2020-12-24,2.063,2.063,2.002,2.014,2261208.0
2020-12-25,1.984,2.0,1.966,1.996,1471816.0
2020-12-28,1.996,2.005,1.96,1.969,1331680.0
2020-12-29,1.97,1.984,1.95,1.974,1524266.0
2020-12-30,2.005,2.053,2.002,2.053,1524391.0
2020-12-31,2.084,2.097,2.075,2.095,1202484.0
2021-01-04,2.074,2.12,2.058,2.086,1548055.0
2021-01-05,2.07,2.07,2.041,2.066,1525589.0
2021-01-06,2.112,2.129,2.108,2.126,1358603.0
2021-01-07,2.081,2.103,2.072,2.085,1471144.0
2021-01-08,2.083,2.086,2.066,2.078,1300606.0
2021-01-11,2.112,2.123,2.094,2.099,1442765.0
2021-01-12,2.08,2.097,2.077,2.095,1026517.0
2021-01-13,2.09,2.109,2.086,2.096,1053502.0
2021-01-14,2.123,2.162,2.111,2.158,1559464.0
2021-01-15,2.171,2.215,2.155,2.185,1505114.0
2021-01-18,2.173,2.243,2.164,2.242,1671610.0
2021-01-19,2.281,2.351,2.212,2.25,3463202.0
2021-01-20,2.297,2.363,2.252,2.354,3605696.0
2021-01-21,2.37,2.408,2.317,2.336,3425592.0
2021-01-22,2.338,2.367,2.33,2.358,2576857.0
2021-01-25,2.38,2.494,2.375,2.482,2997937.0
2021-01-26,2.477,2.496,2.418,2.43,2766365.0
2021-01-27,2.441,2.459,2.35,2.417,3014915.0
2021-01-28,2.344,2.382,2.315,2.317,3368940.0
2021-01-29,2.352,2.38,2.294,2.329,3767480.0
2021-02-01,2.336,2.384,2.319,2.373,2758137.0
2021-02-02,2.411,2.456,2.411,2.43,2545786.0
2021-02-03,2.43,2.455,2.399,2.427,1859640.0
2021-02-04,2.437,2.479,2.406,2.458,3422396.0
2021-02-05,2.491,2.514,2.462,2.465,2477346.0
2021-02-08,2.499,2.505,2.463,2.474,1911681.0
2021-02-09,2.47,2.473,2.446,2.459,1829617.0
2021-02-10,2.499,2.58,2.491,2.57,2738253.0
2021-02-18,2.618,2.65,2.552,2.565,2351921.0
2021-02-19,2.545,2.547,2.496,2.535,1800804.0
2021-02-22,2.57,2.577,2.482,2.493,2385041.0
2021-02-23,2.435,2.48,2.427,2.456,2356328.0
2021-02-24,2.454,2.474,2.327,2.354,3827171.0
2021-02-25,2.385,2.425,2.352,2.401,3170085.0
2021-02-26,2.28,2.31,2.271,2.272,3849170.0
2021-03-01,2.31,2.316,2.291,2.31,1808379.0
2021-03-02,2.357,2.39,2.313,2.338,2532498.0
2021-03-03,2.319,2.361,2.306,2.357,1391707.0
2021-03-04,2.309,2.314,2.253,2.257,2471932.0
2021-03-05,2.185,2.24,2.158,2.221,3586732.0
2021-03-08,2.238,2.238,2.119,2.124,3286240.0
2021-03-09,2.09,2.154,2.018,2.075,5319862.0
2021-03-10,2.171,2.199,2.153,2.155,3531638.0
2021-03-11,2.151,2.222,2.15,2.205,3754051.0
2021-03-12,2.252,2.259,2.215,2.217,2569975.0
2021-03-15,2.193,2.198,2.111,2.123,2897343.0
2021-03-16,2.148,2.174,2.144,2.152,1938226.0
2021-03-17,2.141,2.178,2.136,2.155,1867545.0
2021-03-18,2.184,2.234,2.183,2.229,2334780.0
2021-03-19,2.18,2.196,2.143,2.146,3065029.0
2021-03-22,2.154,2.189,2.153,2.165,1783270.0
2021-03-23,2.178,2.18,2.125,2.129,2077702.0
2021-03-24,2.131,2.152,2.084,2.087,2064147.0
2021-03-25,2.014,2.033,1.987,2.023,4373195.0
2021-03-26,2.015,2.061,2.007,2.044,3584237.0
2021-03-29,2.038,2.038,1.98,1.99,3789260.0
2021-03-30,2.017,2.044,1.996,2.018,3250848.0
2021-03-31,2.045,2.06,2.029,2.037,1950807.0
2021-04-01,2.062,2.11,2.061,2.106,2736941.0
2021-04-02,2.134,2.136,2.111,2.119,1321374.0
2021-04-06,2.12,2.121,2.093,2.103,1361797.0
2021-04-07,2.131,2.139,2.085,2.087,1876549.0
2021-04-08,2.055,2.084,2.045,2.079,1943946.0
2021-04-09,2.091,2.103,2.041,2.045,1737241.0
2021-04-12,2.06,2.085,2.037,2.053,2543508.0
2021-04-13,2.06,2.076,2.028,2.031,2621954.0
2021-04-14,2.054,2.07,2.047,2.063,1973401.0
2021-04-15,2.051,2.054,2.017,2.034,2098497.0
2021-04-16,2.036,2.063,2.028,2.057,2519542.0
2021-04-19,2.048,2.082,2.038,2.063,2895214.0
2021-04-20,2.042,2.048,2.032,2.035,2916473.0
2021-04-21,2.009,2.013,1.997,2.003,2966240.0
2021-04-22,2.015,2.018,1.999,2.012,2718029.0
2021-04-23,2.02,2.054,2.018,2.042,2581823.0
2021-04-26,2.061,2.09,2.06,2.064,2379393.0
2021-04-27,2.059,2.078,2.046,2.072,1900927.0
2021-04-28,2.078,2.093,2.07,2.079,2197787.0
2021-04-29,2.093,2.101,2.079,2.087,2352200.0
2021-04-30,2.06,2.062,2.028,2.034,3450230.0
2021-05-06,2.004,2.004,1.992,2.0,3033680.0
2021-05-07,2.005,2.006,1.948,1.954,4654646.0
2021-05-10,1.945,1.951,1.899,1.905,3919279.0
2021-05-11,1.863,1.886,1.822,1.882,4678938.0
2021-05-12,1.885,1.913,1.873,1.903,4355607.0
2021-05-13,1.87,1.888,1.865,1.876,2833674.0
2021-05-14,1.837,1.848,1.813,1.838,7751844.0
2021-05-17,1.853,1.867,1.841,1.861,6904272.0
2021-05-18,1.866,1.888,1.865,1.886,4056395.0
2021-05-19,1.89,1.902,1.89,1.898,3712155.0
2021-05-20,1.9,1.909,1.89,1.899,4053418.0
2021-05-21,1.925,1.929,1.898,1.907,3830292.0
2021-05-24,1.891,1.903,1.881,1.898,3156966.0
2021-05-25,1.9,1.943,1.897,1.942,3448091.0
2021-05-26,1.95,1.982,1.949,1.972,3598964.0
2021-05-27,1.967,1.971,1.951,1.962,2923306.0
2021-05-28,1.96,1.969,1.935,1.938,2540688.0
2021-05-31,1.948,1.982,1.935,1.971,3512762.0
2021-06-01,1.98,2.051,1.98,2.04,5731851.0
2021-06-02,2.046,2.066,2.015,2.03,5139667.0
2021-06-03,2.018,2.018,1.964,1.966,6645060.0
2021-06-04,1.921,1.935,1.913,1.919,8034849.0
2021-06-07,1.931,1.931,1.902,1.905,4381281.0
2021-06-08,1.901,1.905,1.88,1.884,4482542.0
2021-06-09,1.883,1.892,1.876,1.877,4320930.0
2021-06-10,1.88,1.899,1.873,1.874,5985825.0
2021-06-11,1.887,1.889,1.875,1.876,3631645.0
2021-06-15,1.894,1.895,1.864,1.875,3090963.0
2021-06-16,1.862,1.866,1.849,1.852,3472650.0
2021-06-17,1.847,1.855,1.839,1.847,3642596.0
2021-06-18,1.862,1.884,1.861,1.884,3219472.0
2021-06-21,1.871,1.872,1.852,1.86,3000071.0
2021-06-22,1.863,1.865,1.835,1.837,4352789.0
2021-06-23,1.847,1.868,1.84,1.867,2976499.0
2021-06-24,1.876,1.896,1.874,1.888,3187940.0
2021-06-25,1.908,1.938,1.902,1.937,5024513.0
2021-06-28,1.959,1.964,1.935,1.942,4218900.0
2021-06-29,1.945,1.953,1.918,1.919,3792702.0
2021-06-30,1.949,1.954,1.927,1.932,3287697.0
2021-07-01,1.922,1.929,1.915,1.921,1951629.0
2021-07-02,1.909,1.91,1.863,1.865,5306729.0
2021-07-05,1.847,1.848,1.81,1.815,6840634.0
2021-07-06,1.815,1.822,1.796,1.819,8733012.0
2021-07-07,1.79,1.799,1.779,1.78,11990008.0
2021-07-08,1.77,1.77,1.716,1.724,13574955.0
2021-07-09,1.703,1.744,1.666,1.734,16336708.0
2021-07-12,1.756,1.764,1.731,1.741,7879277.0
2021-07-13,1.747,1.808,1.736,1.796,10909616.0
2021-07-14,1.803,1.81,1.793,1.797,5844996.0
2021-07-15,1.803,1.828,1.797,1.818,6285765.0
2021-07-16,1.816,1.824,1.799,1.806,5564601.0
2021-07-19,1.785,1.786,1.752,1.766,7075317.0
2021-07-20,1.756,1.778,1.747,1.752,6682755.0
2021-07-21,1.761,1.776,1.746,1.757,5547721.0
2021-07-22,1.77,1.798,1.77,1.787,5531374.0
2021-07-23,1.789,1.789,1.758,1.76,4427623.0
2021-07-26,1.679,1.698,1.642,1.645,13035366.0
2021-07-27,1.6,1.62,1.546,1.547,14269546.0
2021-07-28,1.545,1.578,1.506,1.552,13141023.0
2021-07-29,1.615,1.651,1.606,1.641,11934246.0
2021-07-30,1.61,1.63,1.583,1.592,9769581.0
2021-08-02,1.59,1.615,1.57,1.613,8796721.0
2021-08-03,1.613,1.614,1.571,1.604,10600794.0
2021-08-04,1.583,1.634,1.573,1.606,9316371.0
2021-08-05,1.608,1.628,1.577,1.578,7204869.0
2021-08-06,1.588,1.597,1.58,1.586,4952293.0
2021-08-09,1.556,1.604,1.551,1.586,6789826.0
2021-08-10,1.607,1.639,1.606,1.629,6153251.0
2021-08-11,1.628,1.635,1.615,1.616,5270055.0
2021-08-12,1.607,1.617,1.597,1.601,5549741.0
2021-08-13,1.587,1.589,1.565,1.566,6543552.0
2021-08-16,1.553,1.564,1.54,1.543,4948971.0
2021-08-17,1.533,1.535,1.5,1.507,6291914.0
2021-08-18,1.507,1.524,1.503,1.515,6172893.0
2021-08-19,1.52,1.529,1.479,1.48,7291800.0
2021-08-20,1.46,1.469,1.435,1.462,9915815.0
2021-08-23,1.468,1.503,1.468,1.474,6326206.0
2021-08-24,1.499,1.531,1.499,1.528,7584549.0
2021-08-25,1.58,1.597,1.551,1.555,8291884.0
2021-08-26,1.55,1.564,1.525,1.526,5083368.0
2021-08-27,1.516,1.56,1.511,1.512,4739444.0
2021-08-30,1.516,1.525,1.493,1.496,5517678.0
2021-08-31,1.498,1.527,1.467,1.524,7014563.0
2021-09-01,1.531,1.537,1.493,1.516,9726096.0
2021-09-02,1.55,1.577,1.541,1.553,8589024.0
2021-09-03,1.548,1.548,1.521,1.532,6429882.0
2021-09-06,1.529,1.557,1.524,1.553,5499401.0
2021-09-07,1.56,1.595,1.553,1.579,7286365.0
2021-09-08,1.589,1.603,1.579,1.584,8820271.0
2021-09-09,1.549,1.549,1.512,1.515,12055486.0
2021-09-10,1.526,1.536,1.518,1.521,7106655.0
2021-09-13,1.5,1.5,1.478,1.48,8997964.0
2021-09-14,1.482,1.494,1.466,1.468,9688505.0
2021-09-15,1.45,1.465,1.442,1.447,8232995.0
2021-09-16,1.447,1.447,1.411,1.415,12204469.0
2021-09-17,1.412,1.445,1.411,1.438,11507899.0
2021-09-22,1.405,1.419,1.401,1.416,4310677.0
2021-09-23,1.435,1.44,1.414,1.417,8688122.0
2021-09-24,1.417,1.432,1.405,1.406,10208697.0
2021-09-27,1.409,1.423,1.39,1.393,14469109.0
2021-09-28,1.412,1.441,1.407,1.427,12880409.0
2021-09-29,1.402,1.404,1.383,1.4,16204948.0
2021-09-30,1.385,1.386,1.372,1.382,16418715.0
2021-10-08,1.452,1.455,1.433,1.444,12961671.0
2021-10-11,1.468,1.52,1.468,1.506,14674177.0
2021-10-12,1.483,1.52,1.477,1.492,13696944.0
2021-10-13,1.491,1.518,1.485,1.512,7055500.0
2021-10-14,1.529,1.54,1.518,1.528,5564027.0
2021-10-15,1.523,1.524,1.5,1.509,11091583.0
2021-10-18,1.515,1.534,1.484,1.501,10446905.0
2021-10-19,1.509,1.533,1.508,1.522,7699315.0
2021-10-20,1.56,1.592,1.56,1.569,11635309.0
2021-10-21,1.565,1.581,1.55,1.556,10765165.0
2021-10-22,1.563,1.578,1.556,1.573,8952785.0
2021-10-25,1.565,1.577,1.558,1.571,9852067.0
2021-10-26,1.568,1.568,1.535,1.539,10511996.0
2021-10-27,1.5,1.509,1.491,1.496,12843799.0
2021-10-28,1.495,1.523,1.491,1.495,8739905.0
2021-10-29,1.495,1.498,1.482,1.483,9626515.0
2021-11-01,1.462,1.469,1.454,1.458,11009920.0
2021-11-02,1.496,1.503,1.465,1.466,10258196.0
2021-11-03,1.451,1.469,1.45,1.468,10543999.0
2021-11-04,1.484,1.495,1.48,1.484,8453790.0
2021-11-05,1.47,1.475,1.46,1.463,9010700.0
2021-11-08,1.454,1.454,1.439,1.443,7899417.0
2021-11-09,1.456,1.46,1.441,1.444,7199389.0
2021-11-10,1.442,1.463,1.44,1.458,8305819.0
2021-11-11,1.459,1.491,1.458,1.49,12455182.0
2021-11-12,1.515,1.521,1.497,1.5,11282097.0
2021-11-15,1.516,1.519,1.502,1.503,7876577.0
2021-11-16,1.505,1.536,1.504,1.528,11996109.0
2021-11-17,1.531,1.533,1.518,1.523,7884306.0
2021-11-18,1.489,1.495,1.475,1.479,13831730.0
2021-11-19,1.439,1.455,1.433,1.452,18022200.0
2021-11-22,1.451,1.46,1.446,1.447,10089877.0
2021-11-23,1.432,1.438,1.43,1.434,8421719.0
2021-11-24,1.432,1.444,1.428,1.44,10990675.0
2021-11-25,1.44,1.448,1.435,1.441,7824909.0
2021-11-26,1.434,1.435,1.416,1.417,10584800.0
2021-11-29,1.4,1.416,1.397,1.399,11374845.0
2021-11-30,1.399,1.403,1.381,1.387,9367510.0
2021-12-01,1.38,1.393,1.38,1.391,7376434.0
2021-12-02,1.38,1.386,1.375,1.385,7777260.0
2021-12-03,1.377,1.377,1.371,1.372,9195840.0
2021-12-06,1.32,1.34,1.311,1.321,15785550.0
2021-12-07,1.351,1.355,1.331,1.342,12034004.0
2021-12-08,1.352,1.354,1.34,1.341,8192316.0
2021-12-09,1.345,1.352,1.34,1.348,9508487.0
2021-12-10,1.341,1.349,1.339,1.341,5878657.0
2021-12-13,1.348,1.368,1.348,1.356,10400729.0
2021-12-14,1.345,1.348,1.333,1.333,9752203.0
2021-12-15,1.337,1.34,1.322,1.324,6592883.0
2021-12-16,1.319,1.319,1.308,1.311,9595798.0
2021-12-17,1.305,1.305,1.278,1.282,11613942.0
2021-12-20,1.281,1.281,1.245,1.249,13190369.0
2021-12-21,1.235,1.251,1.232,1.25,13732262.0
2021-12-22,1.275,1.277,1.241,1.243,14650048.0
2021-12-23,1.243,1.265,1.235,1.249,12848185.0
2021-12-24,1.256,1.26,1.24,1.244,7761275.0
2021-12-27,1.25,1.259,1.248,1.255,6572067.0
2021-12-28,1.25,1.254,1.232,1.237,14561696.0
2021-12-29,1.23,1.23,1.21,1.214,15359055.0
2021-12-30,1.207,1.218,1.197,1.204,14251933.0
2021-12-31,1.248,1.265,1.243,1.264,18345718.0
2022-01-04,1.252,1.258,1.237,1.24,13376617.0
2022-01-05,1.221,1.223,1.202,1.204,15050640.0
2022-01-06,1.201,1.215,1.195,1.209,15651705.0
2022-01-07,1.234,1.241,1.226,1.239,20161201.0
2022-01-10,1.242,1.271,1.235,1.257,18718859.0
2022-01-11,1.258,1.264,1.247,1.249,18587610.0
2022-01-12,1.285,1.326,1.283,1.323,27921973.0
2022-01-13,1.335,1.337,1.301,1.308,20809042.0
2022-01-14,1.277,1.305,1.271,1.291,20688061.0
2022-01-17,1.298,1.304,1.284,1.29,12688837.0
2022-01-18,1.293,1.306,1.271,1.277,15969200.0
2022-01-19,1.275,1.284,1.251,1.255,19115511.0
2022-01-20,1.262,1.32,1.259,1.317,30759138.0
2022-01-21,1.301,1.331,1.298,1.315,24604453.0
2022-01-24,1.293,1.296,1.285,1.287,20253073.0
2022-01-25,1.27,1.279,1.25,1.251,21153294.0
2022-01-26,1.258,1.271,1.237,1.257,22764509.0
2022-01-27,1.225,1.235,1.202,1.208,27096632.0
2022-01-28,1.209,1.215,1.196,1.213,19678922.0
2022-02-07,1.269,1.269,1.246,1.249,22703854.0
2022-02-08,1.24,1.243,1.222,1.235,16823773.0
2022-02-09,1.266,1.284,1.26,1.279,25062447.0
2022-02-10,1.297,1.301,1.275,1.286,21059460.0
2022-02-11,1.278,1.292,1.27,1.275,18848131.0
2022-02-14,1.263,1.263,1.251,1.254,15211433.0
2022-02-15,1.253,1.262,1.241,1.247,19612479.0
2022-02-16,1.267,1.273,1.258,1.26,19388420.0
2022-02-17,1.26,1.273,1.252,1.261,14701578.0
2022-02-18,1.256,1.28,1.25,1.256,17530225.0
2022-02-21,1.22,1.233,1.212,1.215,29241268.0
2022-02-22,1.199,1.206,1.181,1.182,26688175.0
2022-02-23,1.186,1.203,1.185,1.202,17476762.0
2022-02-24,1.182,1.184,1.146,1.16,25793369.0
2022-02-25,1.174,1.18,1.141,1.147,24605128.0
2022-02-28,1.149,1.152,1.128,1.145,18815108.0
2022-03-01,1.147,1.171,1.146,1.17,16507274.0
2022-03-02,1.163,1.174,1.158,1.159,13067842.0
2022-03-03,1.159,1.165,1.144,1.149,14136393.0
2022-03-04,1.116,1.118,1.105,1.106,23628846.0
2022-03-07,1.081,1.09,1.06,1.086,21207194.0
2022-03-08,1.075,1.086,1.041,1.05,25303250.0
2022-03-09,1.058,1.064,1.016,1.052,25995485.0
2022-03-10,1.084,1.086,1.054,1.055,21052258.0
2022-03-11,0.991,1.029,0.97,1.02,37745290.0
2022-03-14,0.977,0.983,0.943,0.945,32835882.0
2022-03-15,0.897,0.935,0.863,0.865,48906790.0
2022-03-16,0.897,0.952,0.867,0.952,59231472.0
2022-03-17,1.047,1.047,1.01,1.022,66811097.0
2022-03-18,0.996,1.043,0.991,1.022,42871125.0
2022-03-21,1.047,1.049,1.004,1.007,30981611.0
2022-03-22,1.005,1.039,1.004,1.034,29548945.0
2022-03-23,1.065,1.109,1.063,1.082,47036163.0
2022-03-24,1.07,1.092,1.05,1.052,32288668.0
2022-03-25,1.046,1.053,0.998,0.999,43749244.0
2022-03-28,1.01,1.046,0.997,1.023,38164442.0
2022-03-29,1.038,1.059,1.036,1.052,25380128.0
2022-03-30,1.073,1.079,1.055,1.064,22942044.0
2022-03-31,1.055,1.06,1.038,1.041,15636514.0
2022-04-01,1.01,1.032,1.001,1.031,20010899.0
2022-04-06,1.05,1.064,1.048,1.06,15149006.0
2022-04-07,1.047,1.073,1.035,1.037,17498582.0
2022-04-08,1.029,1.031,1.012,1.019,15811439.0
2022-04-11,1.015,1.016,0.98,0.981,14543875.0
2022-04-12,0.998,1.015,0.982,1.014,21491474.0
2022-04-13,0.998,1.02,0.994,1.008,17042101.0
2022-04-14,1.026,1.029,1.008,1.009,14176277.0
2022-04-15,0.998,0.998,0.992,0.994,5051699.0
2022-04-18,0.981,0.989,0.981,0.983,6892785.0
2022-04-19,0.981,0.991,0.973,0.977,13504899.0
2022-04-20,0.984,0.989,0.974,0.975,13785689.0
2022-04-21,0.955,0.961,0.932,0.938,17834134.0
2022-04-22,0.912,0.947,0.908,0.933,20158485.0
2022-04-25,0.919,0.947,0.905,0.906,23358502.0
2022-04-26,0.925,0.959,0.923,0.937,24501549.0
2022-04-27,0.929,0.962,0.926,0.954,31702458.0
2022-04-28,0.971,0.974,0.959,0.967,18157929.0
2022-04-29,0.976,1.064,0.974,1.064,38930263.0
2022-05-05,1.052,1.062,1.04,1.041,21218196.0
2022-05-06,1.0,1.011,0.988,0.994,19584662.0
2022-05-09,0.972,0.979,0.97,0.972,7896269.0
2022-05-10,0.945,0.999,0.939,0.972,26775873.0
2022-05-11,0.97,1.018,0.967,0.99,31798867.0
2022-05-12,0.972,0.994,0.968,0.97,23390703.0
2022-05-13,0.994,1.009,0.99,1.004,21675735.0
2022-05-16,1.03,1.034,0.999,1.004,21017467.0
2022-05-17,1.026,1.052,1.019,1.048,27678940.0
2022-05-18,1.052,1.058,1.036,1.043,22001080.0
2022-05-19,1.007,1.018,1.002,1.013,20962086.0
2022-05-20,1.038,1.041,1.03,1.035,17092547.0
2022-05-23,1.03,1.031,1.016,1.021,13864984.0
2022-05-24,1.016,1.025,0.99,0.991,16956112.0
2022-05-25,0.99,1.002,0.987,0.998,15069100.0
2022-05-26,1.003,1.004,0.986,0.994,12888586.0
2022-05-27,1.048,1.052,1.018,1.024,19068174.0
2022-05-30,1.039,1.048,1.034,1.047,17236420.0
2022-05-31,1.046,1.083,1.043,1.071,21056813.0
2022-06-01,1.072,1.088,1.063,1.067,14989744.0
2022-06-02,1.054,1.063,1.052,1.059,10932521.0
2022-06-06,1.07,1.086,1.062,1.084,14989696.0
2022-06-07,1.097,1.125,1.096,1.108,20360206.0
2022-06-08,1.133,1.17,1.133,1.169,27044347.0
2022-06-09,1.218,1.221,1.157,1.161,29676758.0
2022-06-10,1.139,1.19,1.132,1.183,26371832.0
2022-06-13,1.158,1.174,1.13,1.138,24680246.0
2022-06-14,1.11,1.132,1.092,1.126,33143941.0
2022-06-15,1.144,1.165,1.142,1.146,25708885.0
2022-06-16,1.165,1.174,1.118,1.12,25730675.0
2022-06-17,1.11,1.147,1.109,1.14,24953465.0
2022-06-20,1.138,1.151,1.124,1.142,20862683.0
2022-06-21,1.149,1.164,1.138,1.16,19774354.0
2022-06-22,1.164,1.168,1.133,1.134,17387462.0
2022-06-23,1.142,1.166,1.132,1.164,22255297.0
2022-06-24,1.174,1.201,1.171,1.196,22596812.0
2022-06-27,1.209,1.256,1.205,1.207,39680020.0
2022-06-28,1.2,1.212,1.174,1.206,30408053.0
2022-06-29,1.187,1.205,1.176,1.179,18108957.0
2022-06-30,1.183,1.197,1.164,1.167,24051450.0
2022-07-01,1.174,1.176,1.149,1.157,10234797.0
2022-07-04,1.16,1.186,1.153,1.181,18984991.0
2022-07-05,1.195,1.208,1.176,1.184,18454285.0
2022-07-06,1.188,1.193,1.153,1.163,16428861.0
2022-07-07,1.159,1.171,1.142,1.163,17938168.0
2022-07-08,1.183,1.187,1.169,1.172,14965764.0
2022-07-11,1.161,1.163,1.121,1.123,19771009.0
2022-07-12,1.111,1.12,1.1,1.106,16302114.0
2022-07-13,1.115,1.123,1.106,1.114,15637452.0
2022-07-14,1.116,1.128,1.111,1.114,13512763.0
2022-07-15,1.102,1.109,1.079,1.081,17258343.0
2022-07-18,1.085,1.11,1.075,1.109,18813689.0
2022-07-19,1.106,1.109,1.091,1.098,12595093.0
2022-07-20,1.119,1.13,1.117,1.122,16737172.0
2022-07-21,1.114,1.121,1.103,1.111,14915271.0
2022-07-22,1.122,1.128,1.108,1.111,9617763.0
2022-07-25,1.105,1.105,1.086,1.092,12157892.0
2022-07-26,1.099,1.122,1.095,1.116,13245872.0
2022-07-27,1.106,1.108,1.094,1.096,9182066.0
2022-07-28,1.104,1.106,1.092,1.099,12991607.0
2022-07-29,1.097,1.098,1.036,1.04,25514967.0
2022-08-01,1.023,1.045,1.021,1.037,14389708.0
2022-08-02,1.021,1.022,1.001,1.009,16506061.0
2022-08-03,1.026,1.034,1.009,1.013,18709289.0
2022-08-04,1.04,1.048,1.035,1.047,14392407.0
2022-08-05,1.056,1.058,1.039,1.048,12420166.0
2022-08-08,1.034,1.042,1.028,1.029,10655512.0
2022-08-09,1.027,1.033,1.018,1.027,12115104.0
2022-08-10,1.023,1.025,1.002,1.006,12203848.0
2022-08-11,1.019,1.036,1.015,1.035,14048485.0
2022-08-12,1.039,1.043,1.032,1.037,10515835.0
2022-08-15,1.028,1.044,1.027,1.034,10008352.0
2022-08-16,1.041,1.043,1.01,1.018,12669620.0
2022-08-17,1.025,1.032,1.013,1.027,14696407.0
2022-08-18,1.032,1.034,1.018,1.019,8174622.0
2022-08-19,1.017,1.035,1.015,1.022,10867788.0
2022-08-22,1.017,1.031,1.015,1.024,8700938.0
2022-08-23,1.027,1.032,1.024,1.027,8880268.0
2022-08-24,1.033,1.034,1.015,1.015,8503678.0
2022-08-25,1.029,1.082,1.026,1.078,18397700.0
2022-08-26,1.104,1.108,1.079,1.082,19567110.0
2022-08-29,1.066,1.098,1.056,1.09,16196040.0
2022-08-30,1.094,1.095,1.069,1.077,15646669.0
2022-08-31,1.062,1.107,1.058,1.087,22547144.0
2022-09-01,1.082,1.101,1.064,1.065,18887924.0
2022-09-02,1.071,1.077,1.053,1.063,13606953.0
2022-09-05,1.054,1.057,1.039,1.048,12930640.0
2022-09-06,1.053,1.055,1.04,1.046,11486131.0
2022-09-07,1.031,1.041,1.027,1.04,11343230.0
2022-09-08,1.044,1.046,1.027,1.028,9212773.0
2022-09-09,1.027,1.05,1.025,1.047,14547675.0
2022-09-13,1.054,1.057,1.046,1.047,8279274.0
2022-09-14,1.025,1.034,1.023,1.026,10774192.0
2022-09-15,1.029,1.033,1.024,1.026,8710486.0
2022-09-16,1.02,1.028,1.017,1.017,10015952.0
2022-09-19,1.012,1.015,0.995,0.995,13641868.0
2022-09-20,1.005,1.022,1.003,1.016,11456064.0
2022-09-21,1.008,1.01,0.997,0.999,9962713.0
2022-09-22,0.98,0.991,0.976,0.98,12160904.0
2022-09-23,0.98,0.984,0.968,0.969,10997627.0
2022-09-26,0.96,0.996,0.959,0.977,18571894.0
2022-09-27,0.983,0.992,0.971,0.99,16207087.0
2022-09-28,0.981,0.985,0.97,0.97,12027680.0
2022-09-29,0.987,0.991,0.959,0.963,14625604.0
2022-09-30,0.961,0.975,0.943,0.948,16307746.0
2022-10-10,0.951,0.96,0.94,0.94,14575037.0
2022-10-11,0.942,0.944,0.92,0.924,15431397.0
2022-10-12,0.918,0.952,0.905,0.944,21289873.0
2022-10-13,0.93,0.941,0.921,0.922,14971553.0
2022-10-14,0.936,0.958,0.931,0.942,20571321.0
2022-10-17,0.93,0.941,0.925,0.938,12934956.0
2022-10-18,0.958,0.966,0.946,0.953,17583566.0
2022-10-19,0.95,0.954,0.926,0.927,12872106.0
2022-10-20,0.906,0.934,0.904,0.917,20144452.0
2022-10-21,0.923,0.929,0.911,0.912,13660421.0
2022-10-24,0.9,0.913,0.86,0.863,25591918.0
2022-10-25,0.86,0.896,0.833,0.855,39471367.0
2022-10-26,0.855,0.882,0.853,0.854,24408285.0
2022-10-27,0.88,0.885,0.855,0.857,17410457.0
2022-10-28,0.85,0.859,0.815,0.816,21265164.0
2022-10-31,0.816,0.848,0.812,0.824,25659394.0
2022-11-01,0.835,0.887,0.832,0.871,31448124.0
2022-11-02,0.858,0.884,0.856,0.879,24067181.0
2022-11-03,0.864,0.881,0.86,0.864,13344064.0
2022-11-04,0.872,0.944,0.871,0.921,40055397.0
2022-11-07,0.914,0.949,0.91,0.927,27352294.0
2022-11-08,0.928,0.931,0.909,0.912,14325698.0
2022-11-09,0.915,0.922,0.895,0.896,11203121.0
2022-11-10,0.883,0.893,0.882,0.883,12320576.0
2022-11-11,0.942,0.947,0.919,0.924,27026231.0
2022-11-14,0.948,0.949,0.912,0.923,21377288.0
2022-11-15,0.924,0.982,0.921,0.976,32792738.0
2022-11-16,0.983,0.999,0.969,0.973,20736548.0
2022-11-17,0.973,0.98,0.951,0.979,15248775.0
2022-11-18,1.0,1.017,0.978,0.981,21123061.0
2022-11-21,0.965,0.97,0.952,0.963,12741038.0
2022-11-22,0.963,0.966,0.933,0.936,14387116.0
2022-11-23,0.94,0.959,0.936,0.956,15722872.0
2022-11-24,0.963,0.971,0.947,0.947,9983939.0
2022-11-25,0.951,0.951,0.935,0.94,8740721.0
2022-11-28,0.915,0.933,0.911,0.925,12882261.0
2022-11-29,0.943,0.978,0.941,0.974,18460025.0
2022-11-30,0.978,0.992,0.976,0.985,13402374.0
2022-12-01,1.03,1.042,1.012,1.014,19573269.0
2022-12-02,1.014,1.029,1.009,1.012,11214676.0
2022-12-05,1.049,1.074,1.036,1.068,19395737.0
2022-12-06,1.047,1.074,1.045,1.047,14147077.0
2022-12-07,1.053,1.074,1.033,1.036,19096051.0
2022-12-08,1.033,1.059,1.028,1.056,16290703.0
2022-12-09,1.068,1.086,1.055,1.08,19327072.0
2022-12-12,1.067,1.077,1.048,1.048,14225177.0
2022-12-13,1.044,1.067,1.042,1.053,13469958.0
2022-12-14,1.06,1.068,1.049,1.06,11320621.0
2022-12-15,1.056,1.058,1.033,1.033,10878536.0
2022-12-16,1.029,1.053,1.021,1.041,14241753.0
2022-12-19,1.048,1.075,1.038,1.043,15062317.0
2022-12-20,1.036,1.036,1.007,1.012,11360869.0
2022-12-21,1.019,1.024,1.01,1.01,6921722.0
2022-12-22,1.036,1.06,1.031,1.058,13081962.0
2022-12-23,1.041,1.061,1.041,1.05,7959934.0
2022-12-26,1.042,1.044,1.031,1.031,4032699.0
2022-12-27,1.044,1.05,1.037,1.05,3550799.0
2022-12-28,1.052,1.069,1.051,1.052,10026910.0
2022-12-29,1.036,1.047,1.032,1.04,8021307.0
2022-12-30,1.058,1.065,1.04,1.041,9306606.0
2023-01-03,1.031,1.057,1.017,1.052,13880185.0
2023-01-04,1.068,1.104,1.062,1.103,18991997.0
2023-01-05,1.146,1.163,1.125,1.128,21051445.0
2023-01-06,1.14,1.148,1.119,1.125,15047425.0
2023-01-09,1.146,1.16,1.135,1.157,15605869.0
2023-01-10,1.151,1.151,1.131,1.147,11569586.0
2023-01-11,1.159,1.18,1.153,1.158,15036628.0
2023-01-12,1.161,1.166,1.123,1.126,16762166.0
2023-01-13,1.138,1.146,1.124,1.146,13688205.0
2023-01-16,1.158,1.163,1.131,1.136,14998314.0
2023-01-17,1.143,1.159,1.137,1.142,11430833.0
2023-01-18,1.138,1.154,1.133,1.148,9898644.0
2023-01-19,1.13,1.147,1.126,1.14,11010717.0
2023-01-20,1.156,1.183,1.154,1.176,13566896.0
2023-01-30,1.202,1.206,1.154,1.161,22481841.0
2023-01-31,1.159,1.171,1.125,1.127,17765496.0
2023-02-01,1.143,1.168,1.132,1.163,19037692.0
2023-02-02,1.178,1.182,1.165,1.17,13117416.0
2023-02-03,1.156,1.157,1.132,1.147,17789704.0
2023-02-06,1.125,1.126,1.106,1.11,20941063.0
2023-02-07,1.119,1.141,1.116,1.128,15831272.0
2023-02-08,1.13,1.132,1.106,1.114,15078110.0
2023-02-09,1.107,1.145,1.106,1.144,15684566.0
2023-02-10,1.136,1.142,1.108,1.11,16282432.0
2023-02-13,1.097,1.12,1.087,1.111,17635522.0
2023-02-14,1.119,1.12,1.106,1.107,8751702.0
2023-02-15,1.109,1.111,1.086,1.096,15877316.0
2023-02-16,1.106,1.137,1.103,1.115,25083779.0
2023-02-17,1.116,1.126,1.095,1.096,14197758.0
2023-02-20,1.092,1.106,1.081,1.104,17505657.0
2023-02-21,1.096,1.098,1.062,1.069,23107170.0
2023-02-22,1.057,1.067,1.046,1.053,19433940.0
2023-02-23,1.053,1.071,1.049,1.059,20598730.0
2023-02-24,1.055,1.055,1.04,1.041,13586652.0
2023-02-27,1.031,1.054,1.028,1.034,20911219.0
2023-02-28,1.045,1.052,1.026,1.034,18588242.0
2023-03-01,1.036,1.08,1.033,1.079,28012416.0
2023-03-02,1.065,1.072,1.058,1.061,15689083.0
2023-03-03,1.079,1.085,1.067,1.079,15939580.0
2023-03-06,1.073,1.083,1.066,1.076,13068752.0
2023-03-07,1.075,1.096,1.057,1.061,20913053.0
2023-03-08,1.05,1.054,1.04,1.044,12863713.0
2023-03-09,1.047,1.05,1.038,1.04,10976829.0
2023-03-10,1.018,1.02,0.995,0.997,21753392.0
2023-03-13,1.0,1.027,1.0,1.014,20518783.0
2023-03-14,1.009,1.018,0.995,1.002,15145880.0
2023-03-15,1.02,1.03,1.009,1.009,13996222.0
2023-03-16,1.0,1.018,0.998,1.0,14851138.0
2023-03-17,1.019,1.028,1.014,1.019,13739528.0
2023-03-20,1.017,1.021,1.002,1.004,9962340.0
2023-03-21,1.009,1.014,1.003,1.014,10212852.0
2023-03-22,1.024,1.036,1.024,1.026,10770390.0
2023-03-23,1.021,1.056,1.021,1.055,17371040.0
2023-03-24,1.059,1.081,1.056,1.059,15151335.0
2023-03-27,1.06,1.062,1.04,1.052,15252862.0
2023-03-28,1.05,1.062,1.044,1.054,12960659.0
2023-03-29,1.1,1.105,1.085,1.087,20329300.0
2023-03-30,1.096,1.1,1.082,1.093,10310955.0
2023-03-31,1.11,1.12,1.106,1.112,12598494.0
2023-04-03,1.112,1.113,1.101,1.104,10940981.0
2023-04-04,1.095,1.096,1.077,1.087,11804586.0
2023-04-06,1.073,1.088,1.07,1.084,12938582.0
2023-04-07,1.095,1.105,1.092,1.105,5574321.0
2023-04-10,1.104,1.108,1.098,1.099,3547466.0
2023-04-11,1.1,1.109,1.083,1.085,9943965.0
2023-04-12,1.085,1.085,1.065,1.066,10963137.0
2023-04-13,1.049,1.057,1.037,1.051,14677598.0
2023-04-14,1.062,1.068,1.051,1.056,8812452.0
2023-04-17,1.05,1.076,1.048,1.073,14022938.0
2023-04-18,1.073,1.074,1.064,1.065,7113504.0
2023-04-19,1.066,1.067,1.056,1.057,6532592.0
2023-04-20,1.055,1.065,1.053,1.056,6752719.0
2023-04-21,1.048,1.051,1.029,1.03,9104468.0
2023-04-24,1.032,1.039,1.013,1.015,10003241.0
2023-04-25,1.015,1.016,0.991,1.002,13163940.0
2023-04-26,0.999,1.025,0.996,1.014,14283802.0
2023-04-27,1.008,1.012,1.002,1.006,9223712.0
2023-04-28,1.014,1.026,1.008,1.015,8409582.0
2023-05-04,1.004,1.011,1.0,1.004,9475330.0
2023-05-05,1.01,1.021,1.008,1.015,9667219.0
2023-05-08,1.015,1.022,1.007,1.012,7759359.0
2023-05-09,1.01,1.011,0.997,0.997,7579352.0
2023-05-10,0.996,1.0,0.99,0.999,8726283.0
2023-05-11,1.003,1.009,0.993,0.994,6804038.0
2023-05-12,1.01,1.017,1.006,1.009,8836606.0
2023-05-15,1.004,1.033,1.002,1.028,13652453.0
2023-05-16,1.039,1.041,1.026,1.028,5952418.0
2023-05-17,1.031,1.041,1.026,1.03,6403674.0
2023-05-18,1.028,1.035,1.023,1.027,7317688.0
2023-05-19,1.011,1.014,1.005,1.009,8062893.0
2023-05-22,1.01,1.03,1.006,1.026,13197837.0
2023-05-23,1.025,1.032,1.011,1.012,5201841.0
2023-05-24,1.008,1.011,1.002,1.003,7361540.0
2023-05-25,1.003,1.003,0.983,0.991,9232746.0
2023-05-26,0.986,0.992,0.983,0.991,3722192.0
2023-05-29,1.005,1.007,0.984,0.987,8239793.0
2023-05-30,0.985,0.996,0.981,0.995,8526220.0
2023-05-31,0.984,0.986,0.967,0.97,9909616.0
2023-06-01,0.975,0.996,0.974,0.98,14959005.0
2023-06-02,0.999,1.015,0.999,1.012,12041834.0
2023-06-05,1.012,1.021,1.007,1.017,10063988.0
2023-06-06,1.019,1.027,1.006,1.007,9284155.0
2023-06-07,1.029,1.031,1.015,1.019,9568391.0
2023-06-08,1.015,1.02,1.006,1.016,7026812.0
2023-06-09,1.024,1.027,1.015,1.026,7522174.0
2023-06-12,1.028,1.029,1.019,1.027,5469412.0
2023-06-13,1.023,1.048,1.023,1.045,8729552.0
2023-06-14,1.048,1.058,1.035,1.036,8702127.0
2023-06-15,1.055,1.061,1.051,1.059,10175625.0
2023-06-16,1.068,1.086,1.067,1.076,10859312.0
2023-06-19,1.07,1.071,1.05,1.054,8084578.0
2023-06-20,1.058,1.067,1.043,1.046,7568820.0
2023-06-21,1.028,1.03,1.019,1.019,10196043.0
2023-06-26,1.008,1.018,1.005,1.006,8096900.0
2023-06-27,1.008,1.023,1.008,1.02,7312688.0
2023-06-28,1.02,1.022,1.008,1.016,7448326.0
2023-06-29,1.013,1.014,1.002,1.003,6463267.0
2023-06-30,1.0,1.003,0.997,0.999,9316488.0
2023-07-03,1.003,1.02,1.003,1.02,9290487.0
2023-07-04,1.018,1.03,1.013,1.023,7754197.0
2023-07-05,1.023,1.027,1.011,1.012,4683820.0
2023-07-06,1.009,1.019,0.997,1.001,9455241.0
2023-07-07,0.997,1.015,0.991,1.005,11908481.0
2023-07-10,1.027,1.028,1.01,1.013,8710833.0
2023-07-11,1.025,1.026,1.018,1.022,7371774.0
2023-07-12,1.028,1.038,1.024,1.028,9079549.0
2023-07-13,1.051,1.059,1.048,1.057,13151594.0
2023-07-14,1.066,1.07,1.051,1.055,9590594.0
2023-07-17,1.05,1.05,1.035,1.038,4225439.0
2023-07-18,1.042,1.049,1.028,1.029,6633980.0
2023-07-19,1.014,1.032,1.01,1.031,10057615.0
2023-07-20,1.032,1.046,1.022,1.023,9688051.0
2023-07-21,1.021,1.039,1.02,1.029,11290329.0
2023-07-24,1.014,1.029,1.012,1.015,7265565.0
2023-07-25,1.05,1.06,1.045,1.059,13151890.0
2023-07-26,1.054,1.061,1.051,1.059,5967024.0
2023-07-27,1.071,1.075,1.063,1.069,8742454.0
2023-07-28,1.061,1.098,1.061,1.093,14148653.0
2023-07-31,1.12,1.134,1.109,1.118,18932190.0
2023-08-01,1.125,1.139,1.105,1.108,15295597.0
2023-08-02,1.109,1.116,1.088,1.089,14111161.0
2023-08-03,1.077,1.098,1.076,1.095,13570815.0
2023-08-04,1.114,1.118,1.094,1.1,11615004.0
2023-08-07,1.094,1.107,1.088,1.1,6325380.0
2023-08-08,1.085,1.091,1.08,1.082,7916009.0
2023-08-09,1.075,1.089,1.074,1.082,6762989.0
2023-08-10,1.079,1.089,1.077,1.088,6634845.0
2023-08-11,1.1,1.1,1.078,1.079,7830717.0
2023-08-14,1.061,1.068,1.055,1.065,9049708.0
2023-08-15,1.063,1.072,1.06,1.066,8141925.0
2023-08-16,1.055,1.061,1.049,1.049,7626470.0
2023-08-17,1.033,1.066,1.033,1.064,15143331.0
2023-08-18,1.052,1.057,1.034,1.035,9697501.0
2023-08-21,1.033,1.033,1.012,1.013,9614318.0
2023-08-22,1.022,1.034,1.008,1.028,11731153.0
2023-08-23,1.026,1.038,1.02,1.024,9215132.0
2023-08-24,1.034,1.057,1.033,1.052,10267485.0
2023-08-25,1.04,1.043,1.034,1.036,7965144.0
2023-08-28,1.08,1.086,1.047,1.049,13508065.0
2023-08-29,1.055,1.07,1.05,1.064,9658589.0
2023-08-30,1.077,1.08,1.063,1.064,8332646.0
2023-08-31,1.07,1.074,1.056,1.057,7224322.0
2023-09-01,1.064,1.069,1.06,1.067,3447402.0
2023-09-04,1.081,1.089,1.075,1.087,7879909.0
2023-09-05,1.083,1.086,1.071,1.073,5757647.0
2023-09-06,1.069,1.07,1.058,1.066,6226250.0
2023-09-07,1.068,1.068,1.049,1.05,6499928.0
2023-09-08,1.039,1.042,1.032,1.035,4259182.0
2023-09-11,1.033,1.047,1.032,1.04,7319594.0
2023-09-12,1.037,1.044,1.031,1.039,5557075.0
2023-09-13,1.041,1.044,1.031,1.033,5044818.0
2023-09-14,1.034,1.039,1.027,1.035,5527952.0
2023-09-15,1.037,1.043,1.029,1.034,7796394.0
2023-09-18,1.027,1.033,1.022,1.024,5320168.0
2023-09-19,1.025,1.026,1.015,1.019,5753729.0
2023-09-20,1.017,1.019,1.01,1.011,4951861.0
2023-09-21,1.006,1.006,0.995,0.995,7429954.0
2023-09-22,0.992,1.02,0.992,1.019,10701151.0
2023-09-25,1.017,1.019,1.006,1.007,4380363.0
2023-09-26,1.008,1.01,1.002,1.003,5790661.0
2023-09-27,1.002,1.013,1.002,1.006,5518179.0
2023-09-28,1.007,1.009,0.998,0.999,5741361.0
2023-10-09,1.008,1.016,1.002,1.012,5761897.0
2023-10-10,1.02,1.033,1.017,1.02,8379069.0
2023-10-11,1.032,1.039,1.03,1.032,6120063.0
2023-10-12,1.042,1.045,1.04,1.041,5148848.0
2023-10-13,1.021,1.025,1.008,1.012,6676526.0
2023-10-16,1.01,1.011,0.999,1.002,5409240.0
2023-10-17,1.009,1.01,1.003,1.005,4642651.0
2023-10-18,1.001,1.003,0.995,1.0,4943483.0
2023-10-19,0.992,0.995,0.985,0.986,5526709.0
2023-10-20,0.98,0.984,0.976,0.977,5168799.0
2023-10-23,0.971,0.974,0.962,0.969,3149433.0
2023-10-24,0.974,0.98,0.962,0.969,8671471.0
2023-10-25,0.99,0.998,0.976,0.978,9049039.0
2023-10-26,0.974,0.983,0.967,0.977,6498231.0
2023-10-27,0.979,0.999,0.978,0.994,8851560.0
2023-10-30,0.986,0.999,0.985,0.995,7946747.0
2023-10-31,0.99,0.991,0.977,0.981,7493090.0
2023-11-01,0.985,0.985,0.97,0.976,6328746.0
2023-11-02,0.986,0.995,0.978,0.98,7013245.0
2023-11-03,0.988,1.004,0.985,1.003,8301051.0
2023-11-06,1.018,1.025,1.016,1.02,8375406.0
2023-11-07,1.014,1.02,1.008,1.01,5033417.0
2023-11-08,1.01,1.018,1.005,1.007,5603199.0
2023-11-09,1.007,1.012,1.002,1.005,4805657.0
2023-11-10,0.999,0.999,0.99,0.992,4507572.0
2023-11-13,0.997,1.003,0.988,0.998,5288698.0
2023-11-14,1.003,1.006,0.995,0.998,5247836.0
2023-11-15,1.018,1.021,1.01,1.019,9686389.0
2023-11-16,1.029,1.029,1.011,1.016,8221871.0
2023-11-17,0.995,1.0,0.988,0.993,9213384.0
2023-11-20,0.997,1.006,0.994,1.003,6288072.0
2023-11-21,1.012,1.018,1.0,1.002,6413124.0
2023-11-22,1.0,1.008,0.996,0.998,4868073.0
2023-11-23,1.002,1.006,0.997,1.005,5109259.0
2023-11-24,1.004,1.004,0.996,0.996,3312316.0
2023-11-27,0.999,0.999,0.989,0.998,4162563.0
2023-11-28,0.995,0.996,0.985,0.989,4239500.0
2023-11-29,0.993,0.994,0.974,0.977,5616283.0
2023-11-30,0.979,0.988,0.977,0.988,5254810.0
2023-12-01,0.989,0.99,0.979,0.983,5625715.0
2023-12-04,0.985,0.986,0.966,0.967,6589880.0
2023-12-05,0.967,0.968,0.946,0.947,6466485.0
2023-12-06,0.948,0.97,0.947,0.96,6453834.0
2023-12-07,0.957,0.957,0.943,0.95,4703566.0
2023-12-08,0.951,0.96,0.945,0.953,6743594.0
2023-12-11,0.945,0.95,0.934,0.947,7103690.0
2023-12-12,0.949,0.962,0.948,0.961,6235025.0
2023-12-13,0.957,0.962,0.948,0.949,3570800.0
2023-12-14,0.96,0.965,0.947,0.948,4381241.0
2023-12-15,0.957,0.975,0.955,0.962,10286669.0
2023-12-18,0.958,0.967,0.956,0.96,4561972.0
2023-12-19,0.957,0.962,0.95,0.958,4736238.0
2023-12-20,0.968,0.972,0.961,0.963,5022516.0
2023-12-21,0.952,0.968,0.952,0.966,4327234.0
2023-12-22,0.972,0.975,0.901,0.908,21551819.0
2023-12-25,0.917,0.924,0.913,0.923,5087371.0
2023-12-26,0.922,0.924,0.918,0.921,1927324.0
2023-12-27,0.934,0.936,0.925,0.929,7743840.0
2023-12-28,0.926,0.954,0.926,0.949,9814472.0
2023-12-29,0.945,0.95,0.937,0.939,6090505.0
2024-01-02,0.948,0.957,0.934,0.935,5521957.0
2024-01-03,0.929,0.933,0.926,0.931,4508123.0
2024-01-04,0.938,0.941,0.932,0.938,4525409.0
2024-01-05,0.933,0.939,0.92,0.924,5217183.0
2024-01-08,0.921,0.922,0.902,0.904,5751586.0
2024-01-09,0.909,0.915,0.9,0.901,5859252.0
2024-01-10,0.899,0.909,0.892,0.893,6285676.0
2024-01-11,0.894,0.919,0.894,0.915,7895923.0
2024-01-12,0.91,0.922,0.907,0.911,5133294.0
2024-01-15,0.907,0.912,0.898,0.902,5937491.0
2024-01-16,0.896,0.904,0.882,0.889,6623345.0
2024-01-17,0.882,0.884,0.851,0.852,10943135.0
2024-01-18,0.855,0.869,0.853,0.866,10838686.0
2024-01-19,0.861,0.871,0.843,0.844,8945429.0
2024-01-22,0.85,0.855,0.821,0.827,9444761.0
2024-01-23,0.834,0.867,0.832,0.854,14857092.0
2024-01-24,0.874,0.88,0.858,0.875,13305400.0
2024-01-25,0.88,0.902,0.877,0.899,10715850.0
2024-01-26,0.895,0.898,0.875,0.881,9204603.0
2024-01-29,0.886,0.897,0.88,0.881,7482144.0
2024-01-30,0.867,0.87,0.85,0.851,9326075.0
2024-01-31,0.847,0.854,0.83,0.831,10832274.0
2024-02-01,0.837,0.862,0.833,0.846,13223267.0
2024-02-02,0.86,0.873,0.839,0.849,12775624.0
2024-02-05,0.839,0.861,0.835,0.849,13018088.0
2024-02-06,0.851,0.893,0.85,0.89,17830276.0
2024-02-07,0.897,0.904,0.876,0.88,14879433.0
2024-02-08,0.876,0.882,0.867,0.869,13471435.0
2024-02-19,0.89,0.895,0.883,0.889,7927392.0
2024-02-20,0.895,0.896,0.878,0.886,6016233.0
2024-02-21,0.88,0.925,0.877,0.912,16508926.0
2024-02-22,0.911,0.916,0.899,0.913,9350077.0
2024-02-23,0.912,0.929,0.911,0.92,9042259.0
2024-02-26,0.913,0.918,0.905,0.906,7327193.0
2024-02-27,0.906,0.909,0.891,0.906,10791992.0
2024-02-28,0.918,0.919,0.894,0.894,11744004.0
2024-02-29,0.889,0.903,0.888,0.899,10857927.0
2024-03-01,0.892,0.903,0.887,0.9,12389443.0
2024-03-04,0.903,0.907,0.894,0.897,10199148.0
2024-03-05,0.881,0.885,0.869,0.872,13177316.0
2024-03-06,0.87,0.895,0.869,0.885,12917951.0
2024-03-07,0.887,0.89,0.869,0.869,9405835.0
2024-03-08,0.875,0.887,0.874,0.882,10091616.0
2024-03-11,0.882,0.893,0.88,0.892,8825834.0
2024-03-12,0.899,0.928,0.895,0.927,20354130.0
2024-03-13,0.929,0.939,0.927,0.93,10507065.0
2024-03-14,0.935,0.946,0.922,0.924,11234321.0
2024-03-15,0.913,0.92,0.903,0.913,8773066.0
2024-03-18,0.913,0.928,0.911,0.928,10641882.0
2024-03-19,0.923,0.927,0.916,0.917,7292563.0
2024-03-20,0.917,0.925,0.91,0.923,10262722.0
2024-03-21,0.94,0.946,0.933,0.939,12751324.0
2024-03-22,0.925,0.927,0.905,0.913,12156609.0
2024-03-25,0.915,0.922,0.91,0.911,7170126.0
2024-03-26,0.915,0.93,0.909,0.929,9758008.0
2024-03-27,0.918,0.925,0.91,0.916,7266437.0
2024-03-28,0.918,0.941,0.915,0.93,11471650.0
2024-03-29,0.93,0.937,0.928,0.932,3486889.0
2024-04-01,0.936,0.945,0.935,0.945,4218557.0
2024-04-02,0.949,0.951,0.94,0.943,7410527.0
2024-04-03,0.945,0.947,0.932,0.934,5641413.0
2024-04-08,0.929,0.942,0.924,0.933,6424034.0
2024-04-09,0.935,0.945,0.932,0.936,5571806.0
2024-04-10,0.945,0.968,0.942,0.963,14595862.0
2024-04-11,0.95,0.966,0.948,0.964,9758005.0
2024-04-12,0.958,0.965,0.945,0.946,8570079.0
2024-04-15,0.933,0.935,0.924,0.932,8921636.0
2024-04-16,0.924,0.927,0.907,0.91,8986290.0
2024-04-17,0.912,0.918,0.903,0.909,10190988.0
2024-04-18,0.906,0.921,0.903,0.915,8493108.0
2024-04-19,0.908,0.909,0.894,0.903,10790849.0
2024-04-22,0.915,0.935,0.912,0.932,11465446.0
2024-04-23,0.95,0.966,0.946,0.965,13031205.0
2024-04-24,0.977,1.0,0.975,0.999,13821595.0
2024-04-25,0.993,1.008,0.984,0.992,11668276.0
2024-04-26,0.997,1.032,0.997,1.027,14301183.0
2024-04-29,1.027,1.042,1.018,1.019,13669818.0
2024-04-30,1.022,1.025,1.009,1.01,9614821.0
2024-05-06,1.055,1.086,1.052,1.084,16076108.0
2024-05-07,1.076,1.08,1.059,1.063,9856815.0
2024-05-08,1.063,1.077,1.049,1.052,11894556.0
2024-05-09,1.056,1.073,1.054,1.069,11319632.0
2024-05-10,1.078,1.083,1.062,1.076,14373034.0
2024-05-13,1.067,1.102,1.066,1.099,14816209.0
2024-05-14,1.115,1.124,1.11,1.114,13089095.0
2024-05-15,1.11,1.12,1.108,1.116,9415198.0
2024-05-16,1.128,1.13,1.114,1.123,14593956.0
2024-05-17,1.141,1.159,1.141,1.148,15654373.0
2024-05-20,1.154,1.16,1.148,1.149,9631853.0
2024-05-21,1.145,1.146,1.116,1.118,12013828.0
2024-05-22,1.118,1.129,1.109,1.119,10087533.0
2024-05-23,1.111,1.112,1.091,1.096,15097743.0
2024-05-24,1.092,1.104,1.075,1.078,13831176.0
2024-05-27,1.085,1.099,1.067,1.095,12491318.0
2024-05-28,1.098,1.113,1.09,1.097,10249492.0
2024-05-29,1.085,1.088,1.058,1.062,13704463.0
2024-05-30,1.059,1.073,1.049,1.052,12363286.0
2024-05-31,1.066,1.076,1.046,1.048,10122340.0
2024-06-03,1.053,1.071,1.053,1.067,12453396.0
2024-06-04,1.061,1.072,1.057,1.072,9447533.0
2024-06-05,1.068,1.086,1.066,1.069,11091713.0
2024-06-06,1.081,1.087,1.064,1.068,10875020.0
2024-06-07,1.079,1.08,1.055,1.06,10690929.0
2024-06-11,1.053,1.071,1.05,1.066,11881884.0
2024-06-12,1.062,1.068,1.054,1.056,10100222.0
2024-06-13,1.067,1.069,1.057,1.062,9707118.0
2024-06-14,1.064,1.069,1.06,1.065,9515501.0
2024-06-17,1.057,1.071,1.046,1.063,10400063.0
2024-06-18,1.061,1.068,1.05,1.052,10258395.0
2024-06-19,1.059,1.084,1.054,1.081,12139050.0
2024-06-20,1.085,1.089,1.071,1.075,7510417.0
2024-06-21,1.066,1.067,1.045,1.054,10350524.0
2024-06-24,1.046,1.047,1.034,1.036,7100438.0
2024-06-25,1.048,1.059,1.041,1.044,10858187.0
2024-06-26,1.041,1.059,1.039,1.056,8380054.0
2024-06-27,1.048,1.049,1.025,1.028,9907718.0
2024-06-28,1.018,1.033,1.016,1.019,9324397.0
2024-07-01,1.015,1.018,1.007,1.018,3743892.0
2024-07-02,1.015,1.029,1.008,1.011,8931251.0
2024-07-03,1.018,1.036,1.017,1.035,10732871.0
2024-07-04,1.05,1.059,1.043,1.048,8343007.0
2024-07-05,1.051,1.054,1.037,1.044,7438033.0
2024-07-08,1.043,1.045,1.026,1.027,6781509.0
2024-07-09,1.026,1.042,1.022,1.037,9372357.0
2024-07-10,1.049,1.059,1.041,1.045,10671753.0
2024-07-11,1.052,1.066,1.049,1.065,12260828.0
2024-07-12,1.078,1.093,1.075,1.093,11037602.0
2024-07-15,1.083,1.089,1.071,1.072,8161396.0
2024-07-16,1.06,1.062,1.05,1.056,9022114.0
2024-07-17,1.059,1.062,1.044,1.056,10185961.0
2024-07-18,1.04,1.052,1.038,1.049,9195197.0
2024-07-19,1.041,1.043,1.031,1.032,9044985.0
2024-07-22,1.036,1.058,1.036,1.055,12207996.0
2024-07-23,1.058,1.059,1.035,1.036,8157087.0
2024-07-24,1.036,1.044,1.02,1.022,9889766.0
2024-07-25,1.019,1.019,0.995,0.997,12568255.0
2024-07-26,1.003,1.009,0.993,1.001,12046554.0
2024-07-29,1.012,1.024,1.009,1.022,13395540.0
2024-07-30,1.015,1.015,0.998,1.002,10417014.0
2024-07-31,1.0,1.026,0.993,1.023,15924389.0
2024-08-01,1.017,1.025,1.013,1.019,10371327.0
2024-08-02,1.004,1.012,0.99,0.993,12335491.0
2024-08-05,0.98,1.002,0.965,0.973,21259053.0
2024-08-06,0.992,0.999,0.978,0.987,13356844.0
2024-08-07,0.993,1.013,0.993,1.01,14793313.0
2024-08-08,1.001,1.023,0.995,1.01,14801104.0
2024-08-09,1.026,1.034,1.018,1.019,13804926.0
2024-08-12,1.022,1.025,1.011,1.023,9283450.0
2024-08-13,1.029,1.039,1.026,1.033,11892351.0
2024-08-14,1.036,1.037,1.015,1.016,8937218.0
2024-08-15,1.011,1.026,1.006,1.008,16497105.0
2024-08-16,1.024,1.041,1.022,1.037,14388683.0
2024-08-19,1.049,1.059,1.043,1.045,11588481.0
2024-08-20,1.051,1.052,1.036,1.037,7029842.0
2024-08-21,1.016,1.028,1.011,1.024,9760287.0
2024-08-22,1.037,1.042,1.029,1.041,8767700.0
2024-08-23,1.033,1.044,1.032,1.042,9051655.0
2024-08-26,1.047,1.052,1.036,1.045,11284729.0
2024-08-27,1.014,1.015,1.003,1.013,15690673.0
2024-08-28,1.008,1.011,1.001,1.005,7534708.0
2024-08-29,0.994,1.011,0.992,1.011,9935510.0
2024-08-30,1.015,1.041,1.013,1.036,12502730.0
2024-09-02,1.03,1.034,1.012,1.013,6315989.0
2024-09-03,1.016,1.027,1.016,1.021,6221274.0
2024-09-04,1.014,1.022,1.011,1.014,5807899.0
2024-09-05,1.017,1.023,1.011,1.013,7260191.0
2024-09-06,1.016,1.017,1.001,1.001,7511983.0
2024-09-09,0.999,1.004,0.994,0.994,6184279.0
2024-09-10,0.998,1.002,0.991,0.998,9285902.0
2024-09-11,0.989,0.996,0.981,0.982,11664767.0
2024-09-12,0.992,1.003,0.991,0.999,15845035.0
2024-09-13,1.001,1.009,0.994,0.995,9593837.0
2024-09-18,1.005,1.007,0.996,1.001,4668337.0
2024-09-19,1.005,1.039,1.004,1.038,19127918.0
2024-09-20,1.038,1.054,1.031,1.037,20068589.0
2024-09-23,1.038,1.052,1.034,1.035,12351369.0
2024-09-24,1.06,1.085,1.05,1.084,22857687.0
2024-09-25,1.124,1.127,1.082,1.087,26016532.0
2024-09-26,1.106,1.162,1.1,1.161,36565046.0
2024-09-27,1.203,1.235,1.199,1.218,21339206.0
2024-09-30,1.281,1.317,1.248,1.306,72515523.0
2024-10-08,1.432,1.432,1.256,1.305,111986462.0
2024-10-09,1.298,1.312,1.228,1.253,83569852.0
2024-10-10,1.28,1.31,1.278,1.288,52030582.0
2024-10-11,1.289,1.29,1.237,1.246,23506876.0
2024-10-14,1.275,1.291,1.246,1.278,43818483.0
2024-10-15,1.268,1.273,1.21,1.212,38328919.0
2024-10-16,1.2,1.229,1.197,1.215,34418113.0
2024-10-17,1.226,1.246,1.207,1.207,30481212.0
2024-10-18,1.2,1.266,1.19,1.244,59917115.0
2024-10-21,1.243,1.246,1.21,1.215,37644748.0
2024-10-22,1.222,1.228,1.211,1.219,24138186.0
2024-10-23,1.226,1.257,1.22,1.244,30517379.0
2024-10-24,1.228,1.229,1.21,1.214,19241015.0
2024-10-25,1.219,1.229,1.214,1.218,22618347.0
2024-10-28,1.222,1.231,1.214,1.228,19849449.0
2024-10-29,1.243,1.256,1.235,1.238,23557679.0
2024-10-30,1.228,1.236,1.213,1.218,18580497.0
2024-10-31,1.218,1.228,1.21,1.212,19119845.0
2024-11-01,1.216,1.233,1.208,1.218,21543652.0
2024-11-04,1.226,1.231,1.216,1.224,15317950.0
2024-11-05,1.216,1.251,1.215,1.247,25910620.0
2024-11-06,1.243,1.248,1.219,1.225,32528753.0
2024-11-07,1.224,1.26,1.22,1.259,35696159.0
2024-11-08,1.285,1.291,1.245,1.247,28744486.0
2024-11-11,1.218,1.239,1.206,1.23,34690965.0
2024-11-12,1.225,1.239,1.19,1.194,38552413.0
2024-11-13,1.181,1.188,1.175,1.186,22599511.0
2024-11-14,1.178,1.202,1.165,1.166,26603527.0
2024-11-15,1.174,1.183,1.161,1.166,27011772.0
2024-11-18,1.179,1.188,1.164,1.173,23290953.0
2024-11-19,1.182,1.186,1.171,1.181,18668023.0
2024-11-20,1.178,1.191,1.176,1.185,22960213.0
2024-11-21,1.185,1.191,1.181,1.182,17117761.0
2024-11-22,1.171,1.176,1.14,1.141,24622050.0
2024-11-25,1.145,1.148,1.128,1.132,18361458.0
2024-11-26,1.13,1.15,1.13,1.14,17373887.0
2024-11-27,1.14,1.164,1.133,1.163,19813710.0
2024-11-28,1.16,1.164,1.147,1.149,15715166.0
2024-11-29,1.152,1.168,1.143,1.146,25275847.0
2024-12-02,1.146,1.165,1.145,1.156,20566176.0
2024-12-03,1.162,1.173,1.152,1.166,21762343.0
2024-12-04,1.167,1.176,1.163,1.167,14359804.0
2024-12-05,1.159,1.162,1.152,1.154,10195034.0
2024-12-06,1.161,1.181,1.155,1.177,18853924.0
2024-12-09,1.17,1.184,1.168,1.175,11933642.0
2024-12-10,1.245,1.26,1.212,1.214,42262865.0
2024-12-11,1.218,1.223,1.194,1.197,19803630.0
2024-12-12,1.202,1.231,1.197,1.228,25911466.0
2024-12-13,1.21,1.214,1.198,1.199,15427708.0
2024-12-16,1.197,1.2,1.175,1.178,11969748.0
2024-12-17,1.173,1.188,1.164,1.171,17387031.0
2024-12-18,1.186,1.19,1.18,1.183,12147580.0
2024-12-19,1.171,1.191,1.166,1.19,14291731.0
2024-12-20,1.179,1.192,1.176,1.186,13325106.0
2024-12-23,1.189,1.193,1.172,1.177,12872078.0
2024-12-24,1.183,1.193,1.179,1.19,11460910.0
2024-12-25,1.188,1.192,1.184,1.185,3725250.0
2024-12-26,1.187,1.187,1.183,1.186,2485391.0
2024-12-27,1.184,1.188,1.174,1.18,12209701.0
2024-12-30,1.18,1.185,1.171,1.178,9924205.0
2024-12-31,1.171,1.182,1.165,1.166,12329708.0
2025-01-02,1.169,1.178,1.155,1.162,15369820.0
2025-01-03,1.17,1.183,1.158,1.166,14997157.0
2025-01-06,1.174,1.175,1.163,1.165,9977889.0
2025-01-07,1.145,1.153,1.119,1.124,25308852.0
2025-01-08,1.125,1.136,1.108,1.118,16685469.0
2025-01-09,1.116,1.132,1.114,1.122,11361809.0
2025-01-10,1.125,1.13,1.105,1.106,10643458.0
2025-01-13,1.095,1.097,1.082,1.091,10210447.0
2025-01-14,1.096,1.13,1.095,1.124,17684865.0
2025-01-15,1.118,1.133,1.115,1.126,9253099.0
2025-01-16,1.137,1.153,1.126,1.138,13968481.0
2025-01-17,1.135,1.141,1.129,1.139,10578980.0
2025-01-20,1.16,1.189,1.16,1.18,17679724.0
2025-01-21,1.187,1.19,1.171,1.182,13757724.0
2025-01-22,1.17,1.171,1.147,1.148,11257013.0
2025-01-23,1.16,1.166,1.141,1.143,12781021.0
2025-01-24,1.15,1.178,1.15,1.174,16531841.0
2025-01-27,1.19,1.203,1.187,1.195,13832555.0
2025-02-05,1.25,1.26,1.232,1.245,23810185.0
2025-02-06,1.243,1.259,1.238,1.258,13707579.0
2025-02-07,1.261,1.294,1.256,1.286,19969071.0
2025-02-10,1.292,1.335,1.291,1.327,21811706.0
2025-02-11,1.341,1.346,1.309,1.313,18165713.0
2025-02-12,1.327,1.352,1.317,1.348,23146832.0
2025-02-13,1.361,1.424,1.358,1.382,38370403.0
2025-02-14,1.376,1.425,1.373,1.424,33075250.0
2025-02-17,1.464,1.492,1.41,1.445,49829927.0
2025-02-18,1.445,1.5,1.442,1.468,38931405.0
2025-02-19,1.458,1.475,1.447,1.468,27840585.0
2025-02-20,1.445,1.446,1.409,1.427,35579863.0
2025-02-21,1.475,1.509,1.462,1.506,33256922.0
2025-02-24,1.518,1.538,1.49,1.513,33125459.0
2025-02-25,1.438,1.469,1.428,1.445,35148762.0
2025-02-26,1.46,1.527,1.46,1.526,35828549.0
2025-02-27,1.526,1.537,1.473,1.502,38922038.0
2025-02-28,1.491,1.491,1.423,1.424,29520332.0
2025-03-03,1.443,1.473,1.426,1.434,35579993.0
2025-03-04,1.412,1.453,1.402,1.448,33598106.0
2025-03-05,1.461,1.485,1.451,1.483,30560600.0
2025-03-06,1.536,1.576,1.536,1.574,31636634.0
2025-03-07,1.565,1.611,1.552,1.566,43438319.0
2025-03-10,1.553,1.57,1.51,1.525,35640877.0
2025-03-11,1.48,1.524,1.475,1.505,39195933.0
2025-03-12,1.536,1.538,1.49,1.493,29013746.0
2025-03-13,1.503,1.505,1.462,1.476,29055655.0
2025-03-14,1.5,1.543,1.489,1.537,35155136.0
2025-03-17,1.548,1.556,1.53,1.541,24687577.0
2025-03-18,1.595,1.597,1.579,1.595,25059540.0
2025-03-19,1.588,1.6,1.576,1.59,25100625.0
2025-03-20,1.578,1.579,1.53,1.531,31175336.0
2025-03-21,1.527,1.545,1.493,1.504,35414572.0
2025-03-24,1.505,1.509,1.49,1.509,23043564.0
2025-03-25,1.498,1.51,1.47,1.472,27673552.0
2025-03-26,1.479,1.495,1.476,1.483,19928265.0
2025-03-27,1.488,1.511,1.47,1.492,25225430.0
2025-03-28,1.501,1.509,1.47,1.481,24315555.0
2025-03-31,1.462,1.47,1.437,1.449,24672899.0
2025-04-01,1.459,1.476,1.452,1.464,27666315.0
2025-04-02,1.458,1.475,1.445,1.456,20413120.0
2025-04-03,1.419,1.44,1.412,1.421,28702577.0
2025-04-07,1.298,1.35,1.279,1.279,24473489.0
2025-04-08,1.27,1.282,1.212,1.239,54663957.0
2025-04-09,1.195,1.261,1.182,1.244,56998995.0
2025-04-10,1.295,1.328,1.276,1.281,52667940.0
2025-04-11,1.26,1.294,1.245,1.272,53848802.0
2025-04-14,1.296,1.31,1.281,1.288,32135380.0
2025-04-15,1.31,1.315,1.292,1.298,25904885.0
2025-04-16,1.284,1.287,1.253,1.264,24911116.0
2025-04-17,1.262,1.292,1.261,1.282,27405019.0
2025-04-18,1.272,1.276,1.268,1.273,4921864.0
2025-04-21,1.27,1.282,1.268,1.281,6789591.0
2025-04-22,1.281,1.299,1.271,1.292,25588136.0
2025-04-23,1.334,1.348,1.326,1.342,23656642.0
2025-04-24,1.343,1.345,1.313,1.316,19172564.0
2025-04-25,1.336,1.361,1.336,1.343,23289360.0
2025-04-28,1.35,1.35,1.331,1.345,12966802.0
2025-04-29,1.344,1.354,1.332,1.334,16835076.0
2025-04-30,1.342,1.35,1.331,1.348,17723526.0
2025-05-06,1.382,1.406,1.379,1.406,21222562.0
2025-05-07,1.439,1.444,1.391,1.395,23912820.0
2025-05-08,1.385,1.412,1.382,1.395,19712030.0
2025-05-09,1.403,1.406,1.385,1.39,16325441.0
2025-05-12,1.42,1.425,1.404,1.419,19717792.0
2025-05-13,1.439,1.44,1.409,1.411,17302296.0
2025-05-14,1.426,1.451,1.425,1.45,24279075.0
2025-05-15,1.452,1.457,1.431,1.434,15820462.0
2025-05-16,1.41,1.422,1.407,1.414,15032882.0
2025-05-19,1.402,1.421,1.385,1.414,16921910.0
2025-05-20,1.419,1.433,1.411,1.429,15563507.0
2025-05-21,1.431,1.438,1.426,1.427,14458078.0
2025-05-22,1.42,1.422,1.402,1.402,15980914.0
2025-05-23,1.408,1.421,1.4,1.4,14257174.0
2025-05-26,1.402,1.403,1.379,1.382,11729344.0
2025-05-27,1.379,1.393,1.369,1.39,13553599.0
2025-05-28,1.386,1.389,1.366,1.366,12763019.0
2025-05-29,1.371,1.397,1.369,1.389,22901329.0
2025-05-30,1.374,1.374,1.35,1.354,13998841.0
2025-06-03,1.358,1.369,1.358,1.363,12385185.0
2025-06-04,1.366,1.384,1.364,1.378,11755112.0
2025-06-05,1.396,1.4,1.387,1.396,12963411.0
2025-06-06,1.4,1.401,1.384,1.388,9281164.0
2025-06-09,1.399,1.424,1.399,1.413,15307583.0
2025-06-10,1.42,1.422,1.396,1.403,11924462.0
2025-06-11,1.413,1.425,1.412,1.421,10545102.0
2025-06-12,1.407,1.411,1.397,1.399,9605366.0
2025-06-13,1.39,1.393,1.369,1.37,11178997.0
2025-06-16,1.367,1.385,1.365,1.384,8405590.0
2025-06-17,1.395,1.401,1.387,1.392,8468856.0
2025-06-18,1.388,1.39,1.369,1.374,7406094.0
2025-06-19,1.37,1.373,1.345,1.347,8864448.0
2025-06-20,1.355,1.357,1.346,1.349,6452807.0
2025-06-23,1.344,1.362,1.338,1.361,9574980.0
2025-06-24,1.371,1.387,1.37,1.384,11202903.0
2025-06-25,1.394,1.404,1.389,1.403,11258263.0
2025-06-26,1.39,1.393,1.381,1.385,10905165.0
2025-06-27,1.394,1.4,1.386,1.389,10994692.0
2025-06-30,1.389,1.39,1.377,1.383,9526977.0
2025-07-01,1.38,1.385,1.379,1.384,2582264.0
2025-07-02,1.39,1.392,1.37,1.375,9604474.0
2025-07-03,1.373,1.374,1.346,1.353,13922814.0
2025-07-04,1.345,1.359,1.336,1.347,13164720.0
2025-07-07,1.34,1.351,1.331,1.346,11907855.0
2025-07-08,1.354,1.37,1.353,1.368,13227096.0
2025-07-09,1.368,1.369,1.346,1.35,10941819.0
2025-07-10,1.346,1.35,1.341,1.348,10004363.0
2025-07-11,1.348,1.37,1.348,1.361,15251207.0
2025-07-14,1.35,1.36,1.345,1.354,9658300.0
2025-07-15,1.357,1.392,1.356,1.387,21408499.0
2025-07-16,1.409,1.432,1.404,1.408,23405948.0
2025-07-17,1.401,1.411,1.389,1.4,15774405.0
2025-07-18,1.418,1.424,1.409,1.415,13503294.0
2025-07-21,1.435,1.438,1.423,1.431,12142425.0
2025-07-22,1.433,1.439,1.422,1.433,11361480.0
2025-07-23,1.448,1.485,1.442,1.48,21000895.0
2025-07-24,1.48,1.491,1.474,1.485,14001931.0
2025-07-25,1.475,1.475,1.454,1.456,11629624.0
2025-07-28,1.466,1.478,1.462,1.471,12001614.0
2025-07-29,1.46,1.462,1.444,1.456,11192120.0
2025-07-30,1.445,1.463,1.435,1.441,15145775.0
2025-07-31,1.433,1.45,1.424,1.432,19285227.0
2025-08-01,1.44,1.447,1.431,1.435,14212112.0
2025-08-04,1.413,1.435,1.407,1.435,15052372.0
2025-08-05,1.439,1.441,1.427,1.439,13130798.0
2025-08-06,1.437,1.46,1.436,1.45,12283342.0
2025-08-07,1.457,1.459,1.44,1.45,12377475.0
2025-08-08,1.444,1.45,1.431,1.431,9477636.0
2025-08-11,1.44,1.441,1.429,1.436,10319436.0
2025-08-12,1.429,1.436,1.423,1.428,9761522.0
2025-08-13,1.451,1.489,1.45,1.486,20910039.0
2025-08-14,1.502,1.512,1.482,1.485,19659963.0
2025-08-15,1.47,1.482,1.466,1.48,14257545.0
2025-08-18,1.487,1.506,1.486,1.493,17993563.0
2025-08-19,1.487,1.497,1.479,1.488,14196151.0
2025-08-20,1.474,1.485,1.47,1.484,14545347.0
2025-08-21,1.479,1.481,1.465,1.468,11794939.0
2025-08-22,1.483,1.496,1.478,1.489,14812489.0
2025-08-25,1.52,1.557,1.52,1.552,23317424.0
2025-08-26,1.532,1.545,1.53,1.531,12379037.0
2025-08-27,1.53,1.536,1.501,1.504,17778247.0
2025-08-28,1.49,1.491,1.469,1.481,17414329.0
2025-08-29,1.485,1.49,1.473,1.484,18357227.0
2025-09-01,1.536,1.547,1.529,1.542,23537026.0
2025-09-02,1.545,1.553,1.529,1.538,16378307.0
2025-09-03,1.55,1.557,1.519,1.523,13688555.0
2025-09-04,1.536,1.539,1.504,1.506,14313894.0
2025-09-05,1.511,1.537,1.508,1.537,11303112.0
2025-09-08,1.54,1.575,1.539,1.572,20637438.0
2025-09-09,1.576,1.6,1.573,1.586,19378959.0
2025-09-10,1.608,1.635,1.605,1.612,25016823.0
2025-09-11,1.595,1.616,1.584,1.615,20203540.0
2025-09-12,1.66,1.667,1.641,1.642,22704530.0
2025-09-15,1.639,1.668,1.636,1.65,18585146.0
2025-09-16,1.661,1.674,1.65,1.67,17535373.0
2025-09-17,1.684,1.726,1.68,1.723,23603340.0
2025-09-18,1.725,1.753,1.669,1.686,41185647.0
2025-09-19,1.694,1.708,1.675,1.686,22671761.0
2025-09-22,1.679,1.691,1.67,1.675,18314505.0
2025-09-23,1.68,1.682,1.642,1.656,18525386.0
2025-09-24,1.648,1.724,1.646,1.72,31289814.0
2025-09-25,1.738,1.752,1.718,1.733,26484064.0
2025-09-26,1.711,1.725,1.701,1.701,17862602.0
2025-09-29,1.702,1.733,1.702,1.732,23371200.0
2025-09-30,1.741,1.756,1.727,1.755,22880653.0
2025-10-09,1.762,1.768,1.73,1.742,29464462.0
2025-10-10,1.719,1.722,1.68,1.687,23223695.0
2025-10-13,1.619,1.661,1.608,1.636,34140531.0
2025-10-14,1.655,1.665,1.594,1.599,31247234.0
2025-10-15,1.62,1.642,1.605,1.639,22303763.0
2025-10-16,1.633,1.642,1.607,1.617,16882505.0
2025-10-17,1.614,1.615,1.571,1.573,16429747.0
2025-10-20,1.614,1.632,1.611,1.621,19881536.0
2025-10-21,1.658,1.668,1.646,1.65,16683468.0
2025-10-22,1.628,1.631,1.609,1.62,14174375.0
2025-10-23,1.611,1.652,1.602,1.646,20218414.0
2025-10-24,1.664,1.669,1.649,1.656,15350237.0
2025-10-27,1.685,1.694,1.675,1.694,16170791.0
2025-10-28,1.696,1.697,1.667,1.668,15600946.0
2025-10-29,1.681,1.691,1.675,1.689,9665643.0
2025-10-30,1.684,1.698,1.657,1.661,21897859.0
2025-10-31,1.661,1.668,1.635,1.636,14010882.0
2025-11-03,1.638,1.643,1.619,1.638,14403080.0
2025-11-04,1.635,1.646,1.608,1.614,14723842.0
2025-11-05,1.59,1.611,1.576,1.605,19589525.0
2025-11-06,1.616,1.641,1.614,1.639,13287317.0
2025-11-07,1.625,1.63,1.606,1.61,12336639.0
2025-11-10,1.625,1.641,1.62,1.639,12983400.0
2025-11-11,1.65,1.65,1.62,1.628,10170126.0
2025-11-12,1.628,1.643,1.625,1.634,10375632.0
2025-11-13,1.621,1.662,1.611,1.652,16044121.0
2025-11-14,1.62,1.626,1.603,1.604,17128560.0
2025-11-17,1.587,1.6,1.576,1.58,14682542.0
2025-11-18,1.571,1.593,1.558,1.559,16522780.0
2025-11-19,1.566,1.571,1.544,1.55,12668779.0
2025-11-20,1.563,1.566,1.534,1.537,13566391.0
2025-11-21,1.51,1.515,1.492,1.503,23390996.0
2025-11-24,1.516,1.546,1.506,1.54,21713102.0
2025-11-25,1.563,1.574,1.539,1.543,20266348.0
2025-11-26,1.548,1.562,1.543,1.547,12417528.0
2025-11-27,1.541,1.551,1.528,1.53,14058162.0
2025-11-28,1.533,1.541,1.526,1.535,10908638.0
2025-12-01,1.535,1.554,1.532,1.545,15681386.0
2025-12-02,1.565,1.569,1.542,1.544,11821714.0
2025-12-03,1.54,1.541,1.523,1.526,11270183.0
2025-12-04,1.524,1.536,1.519,1.533,13713490.0
2025-12-05,1.525,1.547,1.521,1.546,12427948.0
2025-12-08,1.548,1.552,1.536,1.538,12730350.0
2025-12-09,1.543,1.545,1.511,1.518,11518537.0
2025-12-10,1.512,1.524,1.503,1.523,12156310.0
2025-12-11,1.533,1.536,1.51,1.512,9991806.0
2025-12-12,1.522,1.533,1.514,1.531,11767155.0
2025-12-15,1.514,1.517,1.506,1.507,9529658.0
2025-12-16,1.5,1.502,1.465,1.472,13369693.0
2025-12-17,1.473,1.491,1.469,1.486,12550888.0
2025-12-18,1.468,1.481,1.464,1.471,9508533.0
2025-12-19,1.485,1.496,1.479,1.491,12706417.0
2025-12-22,1.499,1.506,1.489,1.492,9303973.0
2025-12-23,1.498,1.499,1.482,1.486,8106625.0
2025-12-24,1.483,1.491,1.481,1.483,6045781.0
2025-12-25,1.481,1.487,1.48,1.485,2974629.0
2025-12-26,1.484,1.493,1.484,1.491,4942392.0
2025-12-29,1.492,1.502,1.47,1.471,12067987.0
2025-12-30,1.468,1.485,1.467,1.483,9878623.0
2025-12-31,1.474,1.474,1.465,1.467,6816895.0
2026-01-05,1.508,1.531,1.505,1.528,20178104.0
2026-01-06,1.534,1.551,1.533,1.543,12385176.0
2026-01-07,1.532,1.532,1.511,1.519,12657249.0
2026-01-08,1.511,1.512,1.489,1.492,12951466.0
2026-01-09,1.503,1.512,1.496,1.502,11560279.0
2026-01-12,1.505,1.544,1.5,1.539,18956144.0
2026-01-13,1.58,1.584,1.542,1.547,19429500.0
2026-01-14,1.561,1.579,1.556,1.571,21491828.0
2026-01-15,1.56,1.565,1.534,1.539,16793623.0
2026-01-16,1.55,1.553,1.523,1.525,14196124.0
2026-01-19,1.513,1.52,1.509,1.513,8215160.0
2026-01-20,1.507,1.513,1.491,1.496,14338482.0
2026-01-21,1.487,1.507,1.486,1.502,11594872.0
2026-01-22,1.514,1.518,1.499,1.505,8939592.0
2026-01-23,1.523,1.53,1.517,1.52,13668352.0
2026-01-26,1.52,1.524,1.502,1.508,10099294.0
2026-01-27,1.515,1.53,1.504,1.53,13349592.0
2026-01-28,1.535,1.556,1.527,1.553,14702790.0
2026-01-29,1.534,1.557,1.532,1.545,12727764.0
2026-01-30,1.533,1.538,1.52,1.522,10648532.0
2026-02-02,1.496,1.506,1.47,1.471,20238637.0
2026-02-03,1.488,1.494,1.422,1.463,23451692.0
2026-02-04,1.441,1.445,1.421,1.436,20148244.0
2026-02-05,1.418,1.424,1.397,1.422,26969431.0
2026-02-06,1.394,1.417,1.392,1.404,18666358.0
2026-02-09,1.431,1.434,1.419,1.431,15985997.0
2026-02-10,1.432,1.446,1.422,1.424,13323844.0
2026-02-11,1.423,1.434,1.422,1.425,10975151.0
2026-02-12,1.416,1.417,1.389,1.395,20974564.0
2026-02-13,1.371,1.38,1.366,1.378,19106551.0
2026-02-24,1.366,1.366,1.336,1.337,17058419.0
2026-02-25,1.342,1.347,1.334,1.337,13835588.0
2026-02-26,1.336,1.339,1.299,1.303,20856243.0
2026-02-27,1.297,1.322,1.296,1.312,19017970.0
2026-03-02,1.283,1.298,1.265,1.268,23970873.0
2026-03-03,1.277,1.285,1.254,1.259,28835770.0
2026-03-04,1.241,1.258,1.224,1.227,38559411.0
2026-03-05,1.245,1.248,1.215,1.222,29467823.0
2026-03-06,1.221,1.264,1.221,1.263,26969895.0
2026-03-09,1.231,1.255,1.221,1.248,26157192.0
2026-03-10,1.271,1.297,1.267,1.293,29142698.0
2026-03-11,1.311,1.315,1.286,1.29,21297120.0
2026-03-12,1.283,1.296,1.267,1.276,15570949.0
2026-03-13,1.271,1.297,1.271,1.284,17607314.0
2026-03-16,1.292,1.315,1.279,1.314,23648054.0
2026-03-17,1.32,1.329,1.303,1.305,19124205.0
2026-03-18,1.304,1.316,1.287,1.311,21988746.0
2026-03-19,1.276,1.28,1.259,1.261,23228525.0
2026-03-20,1.24,1.246,1.218,1.218,26845527.0
2026-03-23,1.196,1.203,1.172,1.175,26103762.0
2026-03-24,1.195,1.209,1.183,1.207,25881904.0
2026-03-25,1.222,1.245,1.204,1.227,41509172.0
2026-03-26,1.229,1.235,1.207,1.209,17432762.0
2026-03-27,1.198,1.219,1.195,1.211,23425277.0
2026-03-30,1.18,1.192,1.173,1.187,22893997.0
2026-03-31,1.189,1.194,1.168,1.175,23339282.0
2026-04-01,1.205,1.208,1.191,1.203,20970978.0
2026-04-02,1.187,1.188,1.17,1.171,17230284.0
2026-04-03,1.175,1.179,1.164,1.164,5548756.0
2026-04-07,1.168,1.177,1.167,1.171,5371830.0
2026-04-08,1.202,1.224,1.196,1.222,30625854.0
2026-04-09,1.207,1.215,1.203,1.21,14252974.0
2026-04-10,1.218,1.227,1.207,1.208,20432774.0
2026-04-13,1.196,1.198,1.184,1.185,12800871.0
2026-04-14,1.2,1.204,1.184,1.195,13827807.0
2026-04-15,1.217,1.231,1.212,1.216,20347770.0
2026-04-16,1.234,1.26,1.233,1.257,20507448.0
2026-04-17,1.249,1.262,1.246,1.251,13809623.0
2026-04-20,1.253,1.273,1.247,1.267,18104156.0
2026-04-21,1.27,1.273,1.253,1.26,12378155.0
2026-04-22,1.244,1.244,1.225,1.232,16915850.0
2026-04-23,1.232,1.233,1.212,1.217,15186930.0
2026-04-24,1.203,1.218,1.195,1.213,17602522.0
2026-04-27,1.212,1.216,1.198,1.201,13764785.0
2026-04-28,1.193,1.203,1.177,1.181,13741400.0
2026-04-29,1.192,1.199,1.186,1.194,14147564.0
2026-04-30,1.184,1.188,1.173,1.181,15033908.0
2026-05-06,1.197,1.214,1.189,1.201,19545920.0
2026-05-07,1.23,1.241,1.23,1.236,20531396.0
2026-05-08,1.226,1.238,1.222,1.237,11974028.0
2026-05-11,1.221,1.222,1.207,1.214,19911501.0
2026-05-12,1.211,1.224,1.202,1.203,17314653.0
2026-05-13,1.199,1.216,1.191,1.207,19922625.0
2026-05-14,1.254,1.259,1.219,1.219,32571244.0
2026-05-15,1.215,1.217,1.182,1.19,21741349.0
2026-05-18,1.183,1.193,1.172,1.179,18754884.0
2026-05-19,1.175,1.204,1.175,1.198,19382716.0
2026-05-20,1.191,1.201,1.181,1.187,14069976.0
2026-05-21,1.194,1.194,1.15,1.151,26146718.0
2026-05-22,1.161,1.162,1.147,1.154,14898103.0
2026-05-25,1.138,1.145,1.137,1.141,9439811.0
2026-05-26,1.141,1.149,1.124,1.146,19003739.0
2026-05-27,1.144,1.152,1.125,1.126,13292928.0
2026-05-28,1.117,1.117,1.084,1.097,20879701.0
2026-05-29,1.102,1.119,1.088,1.101,21999756.0
2026-06-01,1.102,1.122,1.102,1.118,17845101.0
2026-06-02,1.123,1.189,1.123,1.183,38117757.0
2026-06-03,1.18,1.18,1.151,1.154,25598371.0
2026-06-04,1.142,1.152,1.129,1.134,13485951.0
2026-06-05,1.136,1.148,1.12,1.129,14741208.0
2026-06-08,1.101,1.116,1.095,1.097,16256729.0
2026-06-09,1.097,1.117,1.092,1.108,21012079.0
2026-06-10,1.1,1.106,1.088,1.102,16676595.0
2026-06-11,1.101,1.111,1.07,1.074,20830052.0
2026-06-12,1.086,1.096,1.081,1.082,17972827.0
2026-06-15,1.1,1.105,1.082,1.086,14173032.0
2026-06-16,1.087,1.089,1.058,1.06,15181740.0
2026-06-17,1.059,1.067,1.051,1.056,13528239.0
2026-06-18,1.048,1.051,1.028,1.031,16825377.0
2026-06-22,1.028,1.029,1.013,1.029,20928430.0
2026-06-23,1.024,1.025,0.988,0.99,22276947.0
2026-06-24,0.993,1.019,0.984,1.002,29715187.0
2026-06-25,0.993,0.994,0.969,0.972,22982556.0
2026-06-26,0.96,0.962,0.938,0.941,21488196.0
2026-06-29,0.957,0.988,0.956,0.976,26731971.0
2026-06-30,0.978,0.986,0.964,0.979,18677517.0
2026-07-01,0.98,0.986,0.977,0.984,7600136.0
2026-07-02,1.005,1.024,0.997,0.999,28702818.0
2026-07-03,1.002,1.023,1.002,1.009,17441293.0
2026-07-06,1.009,1.036,0.991,1.026,25685770.0
2026-07-07,1.031,1.072,1.03,1.038,35114543.0
2026-07-08,1.043,1.107,1.041,1.092,46455591.0
2026-07-09,1.106,1.125,1.081,1.088,42832251.0
2026-07-10,1.096,1.111,1.08,1.092,27556807.0
2026-07-13,1.088,1.115,1.084,1.085,32848437.0
2026-07-14,1.084,1.092,1.061,1.085,26285231.0
2026-07-15,1.09,1.127,1.075,1.12,45350917.0
2026-07-16,1.136,1.162,1.134,1.145,36470624.0
2026-07-17,1.146,1.155,1.089,1.097,41396177.0
2026-07-20,1.116,1.14,1.115,1.137,31749090.0
2026-07-21,1.144,1.152,1.124,1.132,32015198.0
2026-07-22,1.114,1.116,1.081,1.082,31717005.0
2026-07-23,1.08,1.1,1.072,1.095,21088901.0
2026-07-24,1.075,1.08,1.061,1.063,19459865.0
2026-07-27,1.07,1.093,1.07,1.09,18976447.0
2026-07-28,1.101,1.114,1.09,1.098,23142821.0
2026-07-29,1.114,1.142,1.112,1.133,27739350.0
2026-07-30,1.134,1.149,1.12,1.139,26567610.0
2026-07-31,1.131,1.159,1.121,1.145,32527040.0
2026-08-03,1.162,1.185,1.162,1.18,30919242.0
2026-08-04,1.189,1.201,1.171,1.178,35193641.0
2026-08-05,1.189,1.199,1.173,1.189,28771894.0
2026-08-06,1.175,1.18,1.16,1.161,18411055.0
2026-08-07,1.162,1.167,1.151,1.16,17760372.0
2026-08-10,1.167,1.18,1.164,1.175,18970836.0
2026-08-11,1.185,1.193,1.16,1.16,20209905.0
2026-08-12,1.147,1.148,1.13,1.135,19763086.0
2026-08-13,1.12,1.132,1.114,1.115,18829755.0
2026-08-14,1.104,1.106,1.093,1.094,18644922.0
2026-08-17,1.108,1.115,1.104,1.114,15282213.0
2026-08-18,1.107,1.118,1.094,1.116,19778461.0
2026-08-19,1.103,1.12,1.101,1.114,16474500.0
2026-08-20,1.13,1.137,1.119,1.131,21144292.0
2026-08-21,1.127,1.13,1.11,1.119,20852322.0
2026-08-24,1.093,1.093,1.067,1.071,21505163.0
2026-08-25,1.077,1.079,1.065,1.072,12041434.0
2026-08-26,1.079,1.092,1.078,1.085,13815916.0
2026-08-27,1.09,1.091,1.079,1.08,9694276.0
2026-08-28,1.07,1.085,1.064,1.081,14091842.0
2026-08-31,1.08,1.084,1.068,1.078,13500965.0
2026-09-01,1.067,1.068,1.055,1.059,15686505.0
2026-09-02,1.053,1.054,1.041,1.05,12757167.0
2026-09-03,1.057,1.059,1.035,1.035,12059757.0
2026-09-04,1.048,1.064,1.047,1.056,16557174.0
2026-09-07,1.057,1.057,1.043,1.049,8921191.0
2026-09-08,1.042,1.051,1.039,1.042,10967058.0
2026-09-09,1.042,1.042,1.028,1.029,10077943.0
2026-09-10,1.018,1.018,1.007,1.01,12198546.0
2026-09-11,1.0,1.017,0.998,1.015,13880915.0
2026-09-14,1.007,1.019,1.004,1.012,9107715.0
2026-09-15,1.018,1.035,1.015,1.023,14668357.0
2026-09-16,1.022,1.023,1.009,1.015,10174477.0
2026-09-17,1.003,1.009,0.999,1.003,11784389.0
2026-09-18,1.009,1.016,1.008,1.014,11490356.0
2026-09-21,1.015,1.03,1.013,1.03,14209494.0
2026-09-22,1.045,1.07,1.044,1.05,28710019.0
2026-09-23,1.05,1.053,1.027,1.03,13871097.0
2026-09-24,1.021,1.03,1.02,1.025,11857104.0
2026-09-28,1.019,1.028,1.011,1.018,13882295.0
2026-09-29,1.016,1.017,1.002,1.007,15374186.0
2026-09-30,1.003,1.007,0.997,1.004,9950202.0
