date,open,high,low,close,volume
2016-11-04,1.002,1.007,0.998,1.0,2239923.0
2016-11-07,0.999,1.003,0.996,0.998,234469.0
2016-11-08,0.998,1.007,0.998,1.005,511343.0
2016-11-09,1.004,1.006,0.98,0.998,128733.0
2016-11-10,1.003,1.013,1.003,1.012,428870.0
2016-11-11,1.011,1.015,1.008,1.015,138440.0
2016-11-14,1.011,1.02,1.011,1.016,153771.0
2016-11-15,1.015,1.024,1.015,1.024,178394.0
2016-11-16,1.017,1.03,1.017,1.023,125796.0
2016-11-17,1.019,1.023,1.015,1.02,62557.0
2016-11-18,1.02,1.024,1.015,1.017,66260.0
2016-11-21,1.015,1.022,1.015,1.02,86622.0
2016-11-22,1.019,1.028,1.019,1.028,91309.0
2016-11-23,1.027,1.029,1.021,1.023,77719.0
2016-11-24,1.02,1.02,1.012,1.014,50264.0
2016-11-25,1.013,1.014,0.984,1.013,51735.0
2016-11-28,1.01,1.018,1.01,1.015,33398.0
2016-11-29,1.015,1.015,1.008,1.008,40154.0
2016-11-30,1.007,1.007,1.0,1.003,21189.0
2016-12-01,1.003,1.005,1.0,1.004,14699.0
2016-12-02,1.004,1.004,0.996,0.997,27610.0
2016-12-05,0.989,0.999,0.986,0.991,21767.0
2016-12-06,0.982,0.991,0.981,0.984,31430.0
2016-12-07,0.987,0.995,0.983,0.995,15745.0
2016-12-08,0.994,0.994,0.986,0.986,23638.0
2016-12-09,0.988,0.99,0.983,0.985,13030.0
2016-12-12,0.985,0.985,0.92,0.925,41068.0
2016-12-13,0.929,0.95,0.91,0.929,24822.0
2016-12-14,0.922,0.94,0.922,0.923,5331.0
2016-12-15,0.923,0.94,0.917,0.935,14241.0
2016-12-16,0.932,0.948,0.926,0.948,11847.0
2016-12-19,0.94,0.944,0.933,0.935,11147.0
2016-12-20,0.933,0.97,0.933,0.943,8337.0
2016-12-21,0.938,0.949,0.937,0.949,8807.0
2016-12-22,0.949,0.952,0.935,0.948,5923.0
2016-12-23,0.953,0.953,0.939,0.94,5887.0
2016-12-26,0.932,0.945,0.926,0.944,8052.0
2016-12-27,0.944,0.945,0.933,0.943,8616.0
2016-12-28,0.94,0.943,0.936,0.939,6321.0
2016-12-29,0.934,0.943,0.934,0.935,1838.0
2016-12-30,0.935,0.944,0.932,0.938,3029.0
2017-01-03,0.938,0.945,0.938,0.944,12068.0
2017-01-04,0.941,0.96,0.941,0.957,20473.0
2017-01-05,0.952,0.964,0.952,0.954,16542.0
2017-01-06,0.954,0.959,0.948,0.955,17297.0
2017-01-09,0.946,0.96,0.946,0.959,7979.0
2017-01-10,0.96,0.97,0.955,0.955,8180.0
2017-01-11,0.951,0.961,0.941,0.95,4168.0
2017-01-12,0.94,0.948,0.94,0.944,3042.0
2017-01-13,0.944,0.95,0.93,0.935,4922.0
2017-01-16,0.941,0.941,0.9,0.909,11938.0
2017-01-17,0.909,0.919,0.907,0.915,6367.0
2017-01-18,0.915,0.918,0.905,0.914,5790.0
2017-01-19,0.914,0.914,0.882,0.905,14758.0
2017-01-20,0.896,0.906,0.892,0.902,41953.0
2017-01-23,0.905,0.916,0.902,0.912,30977.0
2017-01-24,0.909,0.915,0.905,0.906,13729.0
2017-01-25,0.904,0.912,0.904,0.909,12197.0
2017-01-26,0.911,0.917,0.911,0.917,8564.0
2017-02-03,0.918,0.919,0.91,0.915,2678.0
2017-02-06,0.913,0.925,0.913,0.925,28183.0
2017-02-07,0.922,0.927,0.92,0.927,2634.0
2017-02-08,0.927,0.933,0.919,0.931,8627.0
2017-02-09,0.931,0.941,0.931,0.94,7244.0
2017-02-10,0.939,0.941,0.937,0.939,9383.0
2017-02-13,0.937,0.949,0.937,0.943,27079.0
2017-02-14,0.943,0.945,0.94,0.942,5279.0
2017-02-15,0.943,0.943,0.932,0.936,16016.0
2017-02-16,0.937,0.942,0.935,0.941,7587.0
2017-02-17,0.942,0.942,0.931,0.935,4951.0
2017-02-20,0.936,0.943,0.932,0.943,29414.0
2017-02-21,0.941,0.953,0.941,0.953,58520.0
2017-02-22,0.952,0.956,0.949,0.953,35558.0
2017-02-23,0.955,0.955,0.947,0.955,20297.0
2017-02-24,0.955,0.96,0.952,0.959,21756.0
2017-02-27,0.955,0.96,0.951,0.952,30238.0
2017-02-28,0.952,0.954,0.949,0.953,12735.0
2017-03-01,0.952,0.959,0.952,0.956,98238.0
2017-03-02,0.957,0.96,0.95,0.95,16287.0
2017-03-03,0.95,0.956,0.945,0.956,22344.0
2017-03-06,0.975,0.977,0.956,0.967,5723.0
2017-03-07,0.967,0.969,0.963,0.968,11998.0
2017-03-08,0.965,0.968,0.962,0.964,25478.0
2017-03-09,0.962,0.962,0.955,0.958,6964.0
2017-03-10,0.96,0.962,0.957,0.959,4816.0
2017-03-13,0.941,0.97,0.941,0.97,83822.0
2017-03-14,0.97,0.97,0.962,0.964,14818.0
2017-03-15,0.961,0.964,0.96,0.963,11576.0
2017-03-16,0.964,0.976,0.964,0.975,51359.0
2017-03-17,0.975,0.98,0.966,0.967,17883.0
2017-03-20,0.967,0.971,0.965,0.97,9335.0
2017-03-21,0.971,0.973,0.969,0.973,36535.0
2017-03-22,0.973,0.973,0.963,0.968,9445.0
2017-03-23,0.968,0.971,0.958,0.967,19106.0
2017-03-24,0.967,0.97,0.964,0.97,12798.0
2017-03-27,0.969,0.972,0.965,0.968,38449.0
2017-03-28,0.967,0.97,0.965,0.966,17676.0
2017-03-29,0.964,0.966,0.957,0.957,16926.0
2017-03-30,0.956,0.956,0.937,0.939,16159.0
2017-03-31,0.94,0.96,0.937,0.941,32696.0
2017-04-05,0.941,0.964,0.941,0.964,21209.0
2017-04-06,0.962,0.967,0.96,0.965,10995.0
2017-04-07,0.964,0.967,0.964,0.965,14709.0
2017-04-10,0.962,0.963,0.954,0.955,9823.0
2017-04-11,0.955,0.963,0.948,0.962,35165.0
2017-04-12,0.956,0.963,0.956,0.956,34042.0
2017-04-13,0.954,0.962,0.954,0.959,3041.0
2017-04-14,0.959,0.959,0.947,0.948,16273.0
2017-04-17,0.944,0.944,0.928,0.931,9341.0
2017-04-18,0.93,0.936,0.924,0.925,9439.0
2017-04-19,0.925,0.925,0.901,0.913,16362.0
2017-04-20,0.917,0.917,0.903,0.907,13030.0
2017-04-21,0.91,0.913,0.905,0.907,7734.0
2017-04-24,0.907,0.907,0.881,0.9,10414.0
2017-04-25,0.889,0.901,0.879,0.881,17396.0
2017-04-26,0.881,0.884,0.879,0.883,6963.0
2017-04-27,0.882,0.888,0.865,0.886,18722.0
2017-04-28,0.886,0.892,0.885,0.892,7151.0
2017-05-02,0.89,0.892,0.888,0.892,3932.0
2017-05-03,0.892,0.892,0.885,0.891,13687.0
2017-05-04,0.884,0.895,0.884,0.888,2996.0
2017-05-05,0.884,0.886,0.877,0.877,3845.0
2017-05-08,0.874,0.875,0.86,0.86,7187.0
2017-05-09,0.861,0.865,0.852,0.864,7467.0
2017-05-10,0.865,0.868,0.849,0.849,6199.0
2017-05-11,0.859,0.859,0.82,0.84,13570.0
2017-05-12,0.841,0.843,0.833,0.84,5257.0
2017-05-15,0.843,0.846,0.841,0.841,1430.0
2017-05-16,0.841,0.861,0.835,0.86,5894.0
2017-05-17,0.861,0.867,0.861,0.862,9256.0
2017-05-18,0.844,0.864,0.844,0.857,6286.0
2017-05-19,0.859,0.859,0.851,0.855,3065.0
2017-05-22,0.853,0.858,0.839,0.841,4957.0
2017-05-23,0.842,0.842,0.813,0.815,26662.0
2017-05-24,0.813,0.82,0.798,0.819,12217.0
2017-05-25,0.818,0.828,0.81,0.825,4594.0
2017-05-26,0.826,0.845,0.825,0.828,8070.0
2017-05-31,0.829,0.837,0.829,0.83,5801.0
2017-06-01,0.823,0.823,0.801,0.801,5466.0
2017-06-02,0.801,0.815,0.794,0.812,12819.0
2017-06-05,0.813,0.821,0.813,0.818,16664.0
2017-06-06,0.817,0.823,0.817,0.821,10518.0
2017-06-07,0.821,0.841,0.821,0.841,27702.0
2017-06-08,0.841,0.85,0.838,0.839,29629.0
2017-06-09,0.839,0.841,0.833,0.841,8832.0
2017-06-12,0.841,0.841,0.826,0.827,30483.0
2017-06-13,0.827,0.841,0.827,0.841,11064.0
2017-06-14,0.84,0.843,0.839,0.84,8729.0
2017-06-15,0.838,0.855,0.838,0.854,32793.0
2017-06-16,0.852,0.855,0.85,0.854,7980.0
2017-06-19,0.854,0.858,0.851,0.858,10006.0
2017-06-20,0.859,0.864,0.841,0.856,36794.0
2017-06-21,0.856,0.86,0.852,0.857,5396.0
2017-06-22,0.857,0.857,0.842,0.842,2909.0
2017-06-23,0.84,0.845,0.832,0.845,5474.0
2017-06-26,0.844,0.855,0.841,0.855,5936.0
2017-06-27,0.855,0.858,0.85,0.853,7272.0
2017-06-28,0.853,0.853,0.847,0.849,4771.0
2017-06-29,0.853,0.857,0.85,0.852,4588.0
2017-06-30,0.851,0.855,0.85,0.855,3667.0
2017-07-03,0.855,0.863,0.852,0.863,8790.0
2017-07-04,0.861,0.863,0.858,0.859,6069.0
2017-07-05,0.861,0.867,0.859,0.867,9404.0
2017-07-06,0.866,0.873,0.862,0.871,5563.0
2017-07-07,0.867,0.872,0.867,0.871,1172.0
2017-07-10,0.872,0.872,0.865,0.866,5478.0
2017-07-11,0.868,0.868,0.855,0.855,4329.0
2017-07-12,0.857,0.859,0.841,0.854,9606.0
2017-07-13,0.853,0.857,0.853,0.854,1380.0
2017-07-14,0.854,0.854,0.85,0.852,557.0
2017-07-17,0.847,0.847,0.804,0.805,13065.0
2017-07-18,0.805,0.815,0.803,0.815,100728.0
2017-07-19,0.813,0.825,0.812,0.825,6799.0
2017-07-20,0.815,0.835,0.815,0.829,8768.0
2017-07-21,0.828,0.833,0.828,0.829,2657.0
2017-07-24,0.828,0.836,0.828,0.835,3653.0
2017-07-25,0.835,0.835,0.831,0.835,3067.0
2017-07-26,0.833,0.835,0.832,0.834,7446.0
2017-07-27,0.834,0.848,0.832,0.848,10432.0
2017-07-28,0.846,0.85,0.845,0.849,10046.0
2017-07-31,0.846,0.855,0.846,0.855,8553.0
2017-08-01,0.855,0.857,0.852,0.855,20464.0
2017-08-02,0.855,0.855,0.847,0.849,4010.0
2017-08-03,0.849,0.856,0.847,0.852,12709.0
2017-08-04,0.851,0.856,0.848,0.848,14034.0
2017-08-07,0.848,0.856,0.848,0.856,3281.0
2017-08-08,0.856,0.86,0.853,0.859,6702.0
2017-08-09,0.856,0.862,0.856,0.861,9338.0
2017-08-10,0.861,0.862,0.85,0.855,4408.0
2017-08-11,0.853,0.853,0.84,0.841,9133.0
2017-08-14,0.841,0.87,0.841,0.87,78898.0
2017-08-15,0.862,0.864,0.858,0.864,33722.0
2017-08-16,0.863,0.87,0.86,0.869,11960.0
2017-08-17,0.869,0.877,0.869,0.876,4374.0
2017-08-18,0.869,0.875,0.869,0.871,2655.0
2017-08-21,0.869,0.878,0.869,0.878,21842.0
2017-08-22,0.875,0.876,0.871,0.872,1965.0
2017-08-23,0.872,0.874,0.863,0.867,47621.0
2017-08-24,0.867,0.868,0.859,0.862,25150.0
2017-08-25,0.861,0.871,0.861,0.871,8018.0
2017-08-28,0.872,0.883,0.872,0.877,22820.0
2017-08-29,0.878,0.88,0.875,0.877,29913.0
2017-08-30,0.876,0.881,0.876,0.881,7338.0
2017-08-31,0.881,0.884,0.881,0.884,12869.0
2017-09-01,0.884,0.892,0.883,0.892,17446.0
2017-09-04,0.893,0.899,0.891,0.898,16820.0
2017-09-05,0.898,0.898,0.891,0.895,5239.0
2017-09-06,0.895,0.903,0.894,0.903,34122.0
2017-09-07,0.903,0.908,0.899,0.899,9313.0
2017-09-08,0.898,0.904,0.895,0.901,8750.0
2017-09-11,0.901,0.938,0.9,0.912,20919.0
2017-09-12,0.911,0.915,0.9,0.91,67083.0
2017-09-13,0.91,0.913,0.905,0.912,4840.0
2017-09-14,0.912,0.916,0.907,0.908,9987.0
2017-09-15,0.908,0.914,0.903,0.907,54564.0
2017-09-18,0.907,0.915,0.906,0.914,43214.0
2017-09-19,0.915,0.917,0.908,0.911,3073.0
2017-09-20,0.911,0.918,0.909,0.918,18742.0
2017-09-21,0.918,0.918,0.907,0.907,1426.0
2017-09-22,0.906,0.907,0.899,0.905,9595.0
2017-09-25,0.905,0.905,0.89,0.891,3681.0
2017-09-26,0.891,0.894,0.888,0.892,10554.0
2017-09-27,0.895,0.901,0.895,0.9,4170.0
2017-09-28,0.9,0.9,0.895,0.895,15736.0
2017-09-29,0.898,0.905,0.898,0.904,21502.0
2017-10-09,0.904,0.916,0.904,0.916,20686.0
2017-10-10,0.917,0.924,0.914,0.924,21417.0
2017-10-11,0.922,0.922,0.919,0.92,15973.0
2017-10-12,0.918,0.918,0.911,0.917,3085.0
2017-10-13,0.917,0.921,0.914,0.92,1589.0
2017-10-16,0.92,0.92,0.902,0.902,5597.0
2017-10-17,0.902,0.907,0.898,0.902,4384.0
2017-10-18,0.902,0.905,0.894,0.894,21197.0
2017-10-19,0.895,0.895,0.882,0.887,6227.0
2017-10-20,0.886,0.896,0.885,0.895,10653.0
2017-10-23,0.896,0.9,0.896,0.9,11865.0
2017-10-24,0.903,0.903,0.888,0.894,1163.0
2017-10-25,0.893,0.9,0.892,0.899,1950.0
2017-10-26,0.897,0.905,0.897,0.905,6109.0
2017-10-27,0.903,0.904,0.899,0.899,3318.0
2017-10-30,0.899,0.899,0.871,0.877,4715.0
2017-10-31,0.878,0.882,0.876,0.882,2165.0
2017-11-01,0.883,0.886,0.883,0.883,1625.0
2017-11-02,0.883,0.883,0.874,0.875,4316.0
2017-11-03,0.875,0.876,0.864,0.867,10915.0
2017-11-06,0.867,0.874,0.864,0.874,5255.0
2017-11-07,0.872,0.879,0.872,0.879,8087.0
2017-11-08,0.879,0.886,0.878,0.882,6151.0
2017-11-09,0.882,0.886,0.882,0.886,2461.0
2017-11-10,0.886,0.892,0.885,0.89,35961.0
2017-11-13,0.891,0.892,0.888,0.891,6693.0
2017-11-14,0.889,0.892,0.883,0.884,16102.0
2017-11-15,0.887,0.887,0.876,0.878,1978.0
2017-11-16,0.875,0.88,0.875,0.876,2594.0
2017-11-17,0.874,0.874,0.819,0.822,49293.0
2017-11-20,0.844,0.852,0.826,0.849,56507.0
2017-11-21,0.85,0.852,0.843,0.848,7247.0
2017-11-22,0.846,0.853,0.84,0.848,12964.0
2017-11-23,0.846,0.846,0.829,0.83,5820.0
2017-11-24,0.834,0.835,0.826,0.832,4274.0
2017-11-27,0.832,0.833,0.822,0.822,7709.0
2017-11-28,0.822,0.837,0.822,0.836,18290.0
2017-11-29,0.837,0.838,0.829,0.837,16243.0
2017-11-30,0.835,0.838,0.831,0.834,9920.0
2017-12-01,0.833,0.842,0.832,0.84,7641.0
2017-12-04,0.841,0.841,0.83,0.83,15469.0
2017-12-05,0.831,0.832,0.806,0.811,32585.0
2017-12-06,0.818,0.82,0.804,0.819,16674.0
2017-12-07,0.817,0.823,0.814,0.818,12568.0
2017-12-08,0.819,0.828,0.818,0.821,43695.0
2017-12-11,0.825,0.833,0.825,0.832,13071.0
2017-12-12,0.829,0.833,0.822,0.822,49978.0
2017-12-13,0.824,0.832,0.822,0.83,41003.0
2017-12-14,0.83,0.832,0.828,0.832,23674.0
2017-12-15,0.829,0.832,0.826,0.83,37795.0
2017-12-18,0.831,0.831,0.822,0.824,15349.0
2017-12-19,0.825,0.83,0.824,0.829,15649.0
2017-12-20,0.829,0.829,0.82,0.821,12306.0
2017-12-21,0.821,0.824,0.812,0.821,10428.0
2017-12-22,0.819,0.825,0.819,0.82,5715.0
2017-12-25,0.821,0.822,0.81,0.81,26805.0
2017-12-26,0.813,0.82,0.807,0.817,44148.0
2017-12-27,0.817,0.818,0.812,0.815,14813.0
2017-12-28,0.816,0.819,0.811,0.814,8013.0
2017-12-29,0.817,0.824,0.815,0.822,7002.0
2018-01-02,0.824,0.831,0.823,0.831,16427.0
2018-01-03,0.831,0.838,0.831,0.838,34866.0
2018-01-04,0.839,0.839,0.833,0.838,9157.0
2018-01-05,0.836,0.841,0.836,0.839,40483.0
2018-01-08,0.839,0.841,0.835,0.84,12683.0
2018-01-09,0.841,0.842,0.837,0.839,8102.0
2018-01-10,0.84,0.841,0.83,0.835,9668.0
2018-01-11,0.834,0.841,0.831,0.84,14087.0
2018-01-12,0.841,0.841,0.835,0.836,4021.0
2018-01-15,0.831,0.831,0.811,0.813,35487.0
2018-01-16,0.816,0.816,0.811,0.815,18730.0
2018-01-17,0.817,0.817,0.802,0.814,39516.0
2018-01-18,0.811,0.817,0.811,0.814,17407.0
2018-01-19,0.814,0.819,0.811,0.811,41705.0
2018-01-22,0.811,0.827,0.808,0.823,101225.0
2018-01-23,0.828,0.828,0.821,0.822,16024.0
2018-01-24,0.823,0.832,0.818,0.832,26347.0
2018-01-25,0.83,0.836,0.829,0.83,22965.0
2018-01-26,0.83,0.832,0.828,0.828,14850.0
2018-01-29,0.83,0.831,0.817,0.819,12458.0
2018-01-30,0.817,0.819,0.815,0.817,51111.0
2018-01-31,0.812,0.815,0.797,0.797,42221.0
2018-02-01,0.801,0.802,0.766,0.766,67532.0
2018-02-02,0.77,0.77,0.742,0.761,23589.0
2018-02-05,0.76,0.762,0.75,0.759,13363.0
2018-02-06,0.75,0.751,0.722,0.723,33327.0
2018-02-07,0.727,0.742,0.711,0.723,31889.0
2018-02-08,0.724,0.735,0.723,0.733,21668.0
2018-02-09,0.725,0.725,0.701,0.71,30056.0
2018-02-12,0.714,0.732,0.714,0.731,21037.0
2018-02-13,0.732,0.738,0.731,0.733,15550.0
2018-02-14,0.733,0.735,0.727,0.735,10748.0
2018-02-22,0.74,0.747,0.737,0.746,12204.0
2018-02-23,0.746,0.749,0.742,0.747,11018.0
2018-02-26,0.75,0.765,0.75,0.765,17357.0
2018-02-27,0.766,0.772,0.764,0.77,46336.0
2018-02-28,0.77,0.774,0.761,0.771,11152.0
2018-03-01,0.771,0.782,0.768,0.782,18922.0
2018-03-02,0.779,0.784,0.771,0.779,16604.0
2018-03-05,0.779,0.783,0.778,0.783,8031.0
2018-03-06,0.783,0.793,0.783,0.791,32058.0
2018-03-07,0.791,0.792,0.785,0.785,10520.0
2018-03-08,0.784,0.79,0.784,0.79,7917.0
2018-03-09,0.791,0.806,0.791,0.805,57073.0
2018-03-12,0.805,0.816,0.805,0.815,28735.0
2018-03-13,0.817,0.818,0.81,0.811,16192.0
2018-03-14,0.81,0.812,0.8,0.801,22459.0
2018-03-15,0.8,0.803,0.791,0.8,16984.0
2018-03-16,0.801,0.806,0.8,0.801,6801.0
2018-03-19,0.801,0.806,0.796,0.801,7760.0
2018-03-20,0.8,0.801,0.792,0.8,7792.0
2018-03-21,0.802,0.808,0.796,0.796,12456.0
2018-03-22,0.797,0.799,0.79,0.794,8173.0
2018-03-23,0.788,0.788,0.743,0.754,58958.0
2018-03-26,0.755,0.766,0.734,0.764,31490.0
2018-03-27,0.766,0.788,0.766,0.787,24275.0
2018-03-28,0.782,0.785,0.777,0.781,11960.0
2018-03-29,0.782,0.787,0.78,0.787,7412.0
2018-03-30,0.787,0.8,0.787,0.799,15120.0
2018-04-02,0.799,0.809,0.797,0.803,14758.0
2018-04-03,0.799,0.799,0.789,0.794,15483.0
2018-04-04,0.796,0.799,0.787,0.789,6096.0
2018-04-09,0.789,0.793,0.779,0.789,9973.0
2018-04-10,0.79,0.791,0.78,0.79,4419.0
2018-04-11,0.79,0.798,0.79,0.796,8821.0
2018-04-12,0.794,0.797,0.79,0.792,9079.0
2018-04-13,0.79,0.796,0.789,0.79,5667.0
2018-04-16,0.789,0.794,0.784,0.79,6267.0
2018-04-17,0.79,0.792,0.771,0.773,7063.0
2018-04-18,0.773,0.786,0.763,0.784,26348.0
2018-04-19,0.784,0.792,0.782,0.786,13103.0
2018-04-20,0.785,0.786,0.77,0.771,15337.0
2018-04-23,0.772,0.783,0.751,0.762,13351.0
2018-04-24,0.763,0.779,0.761,0.778,4034.0
2018-04-25,0.778,0.782,0.775,0.78,4649.0
2018-04-26,0.78,0.78,0.766,0.768,3079.0
2018-04-27,0.769,0.772,0.763,0.766,7466.0
2018-05-02,0.767,0.777,0.76,0.765,3196.0
2018-05-03,0.765,0.771,0.754,0.771,2196.0
2018-05-04,0.771,0.773,0.768,0.771,4617.0
2018-05-07,0.772,0.783,0.771,0.783,8484.0
2018-05-08,0.783,0.787,0.782,0.786,6101.0
2018-05-09,0.786,0.787,0.784,0.785,3770.0
2018-05-10,0.787,0.79,0.786,0.79,25613.0
2018-05-11,0.791,0.791,0.783,0.784,12977.0
2018-05-14,0.785,0.787,0.777,0.777,12991.0
2018-05-15,0.78,0.786,0.776,0.785,5884.0
2018-05-16,0.784,0.788,0.78,0.781,7791.0
2018-05-17,0.782,0.784,0.777,0.778,4727.0
2018-05-18,0.777,0.781,0.773,0.781,26493.0
2018-05-21,0.782,0.791,0.782,0.788,49906.0
2018-05-22,0.788,0.792,0.786,0.792,12214.0
2018-05-23,0.792,0.792,0.785,0.785,11479.0
2018-05-24,0.782,0.786,0.781,0.782,8139.0
2018-05-25,0.78,0.782,0.772,0.772,6297.0
2018-05-28,0.773,0.774,0.764,0.766,6051.0
2018-05-29,0.765,0.771,0.761,0.761,5775.0
2018-05-30,0.756,0.76,0.737,0.738,11842.0
2018-05-31,0.739,0.748,0.738,0.748,8569.0
2018-06-01,0.748,0.749,0.736,0.74,69294.0
2018-06-04,0.741,0.744,0.735,0.741,6260.0
2018-06-05,0.742,0.749,0.737,0.748,5674.0
2018-06-06,0.748,0.749,0.744,0.746,5014.0
2018-06-07,0.75,0.75,0.743,0.744,4621.0
2018-06-08,0.742,0.742,0.731,0.735,7248.0
2018-06-11,0.736,0.742,0.728,0.731,6494.0
2018-06-12,0.729,0.736,0.723,0.734,4640.0
2018-06-13,0.732,0.733,0.723,0.724,5171.0
2018-06-14,0.724,0.726,0.718,0.72,9056.0
2018-06-15,0.72,0.721,0.701,0.705,34393.0
2018-06-19,0.701,0.701,0.645,0.654,76465.0
2018-06-20,0.654,0.667,0.649,0.664,9347.0
2018-06-21,0.66,0.668,0.648,0.649,14877.0
2018-06-22,0.648,0.66,0.639,0.658,10660.0
2018-06-25,0.659,0.665,0.654,0.655,9016.0
2018-06-26,0.651,0.662,0.643,0.66,18068.0
2018-06-27,0.661,0.664,0.654,0.655,17310.0
2018-06-28,0.655,0.659,0.646,0.648,24151.0
2018-06-29,0.648,0.669,0.648,0.669,17075.0
2018-07-02,0.669,0.67,0.652,0.658,82626.0
2018-07-03,0.658,0.667,0.648,0.665,16564.0
2018-07-04,0.665,0.665,0.652,0.655,14601.0
2018-07-05,0.655,0.655,0.638,0.641,15813.0
2018-07-06,0.642,0.649,0.626,0.64,28216.0
2018-07-09,0.64,0.653,0.64,0.652,10514.0
2018-07-10,0.647,0.658,0.647,0.658,4603.0
2018-07-11,0.656,0.656,0.633,0.642,16279.0
2018-07-12,0.642,0.662,0.642,0.659,30674.0
2018-07-13,0.661,0.663,0.659,0.663,4044.0
2018-07-16,0.664,0.664,0.659,0.662,6314.0
2018-07-17,0.665,0.665,0.655,0.665,10187.0
2018-07-18,0.666,0.669,0.661,0.662,11853.0
2018-07-19,0.663,0.663,0.651,0.654,11283.0
2018-07-20,0.652,0.661,0.648,0.659,9750.0
2018-07-23,0.659,0.666,0.657,0.666,15312.0
2018-07-24,0.666,0.678,0.664,0.677,30191.0
2018-07-25,0.675,0.68,0.674,0.677,15743.0
2018-07-26,0.676,0.678,0.672,0.674,10761.0
2018-07-27,0.675,0.675,0.668,0.67,6307.0
2018-07-30,0.671,0.671,0.657,0.659,11509.0
2018-07-31,0.66,0.663,0.658,0.661,5001.0
2018-08-01,0.662,0.674,0.65,0.651,9933.0
2018-08-02,0.65,0.65,0.621,0.634,22742.0
2018-08-03,0.635,0.637,0.628,0.628,13149.0
2018-08-06,0.628,0.628,0.611,0.614,34696.0
2018-08-07,0.615,0.629,0.61,0.627,22854.0
2018-08-08,0.628,0.629,0.618,0.618,10487.0
2018-08-09,0.62,0.635,0.616,0.632,35034.0
2018-08-10,0.63,0.636,0.63,0.636,18931.0
2018-08-13,0.634,0.639,0.628,0.639,14287.0
2018-08-14,0.637,0.641,0.634,0.639,3782.0
2018-08-15,0.64,0.64,0.624,0.626,13828.0
2018-08-16,0.624,0.626,0.612,0.618,8973.0
2018-08-17,0.619,0.623,0.606,0.607,15755.0
2018-08-20,0.606,0.609,0.596,0.609,11710.0
2018-08-21,0.608,0.618,0.608,0.616,9472.0
2018-08-22,0.614,0.616,0.611,0.611,9321.0
2018-08-23,0.612,0.615,0.609,0.614,6325.0
2018-08-24,0.613,0.614,0.61,0.611,5821.0
2018-08-27,0.615,0.626,0.615,0.626,46248.0
2018-08-28,0.624,0.626,0.622,0.625,9470.0
2018-08-29,0.624,0.624,0.619,0.622,8266.0
2018-08-30,0.621,0.621,0.61,0.612,5904.0
2018-08-31,0.61,0.61,0.603,0.603,9351.0
2018-09-03,0.604,0.604,0.594,0.603,16050.0
2018-09-04,0.602,0.612,0.602,0.611,9775.0
2018-09-05,0.609,0.611,0.6,0.601,15370.0
2018-09-06,0.602,0.605,0.596,0.598,9040.0
2018-09-07,0.599,0.607,0.596,0.601,14131.0
2018-09-10,0.599,0.601,0.593,0.595,17514.0
2018-09-11,0.595,0.595,0.584,0.589,25112.0
2018-09-12,0.586,0.593,0.586,0.589,8074.0
2018-09-13,0.593,0.594,0.584,0.593,12112.0
2018-09-14,0.593,0.593,0.586,0.587,4488.0
2018-09-17,0.588,0.588,0.576,0.578,18202.0
2018-09-18,0.578,0.587,0.575,0.587,21426.0
2018-09-19,0.586,0.598,0.585,0.593,30633.0
2018-09-20,0.594,0.595,0.591,0.592,11391.0
2018-09-21,0.597,0.601,0.591,0.6,43362.0
2018-09-25,0.598,0.601,0.596,0.599,14421.0
2018-09-26,0.599,0.604,0.598,0.599,15530.0
2018-09-27,0.601,0.601,0.591,0.592,32702.0
2018-09-28,0.593,0.597,0.59,0.597,11943.0
2018-10-08,0.591,0.591,0.575,0.576,15913.0
2018-10-09,0.577,0.581,0.572,0.576,17464.0
2018-10-10,0.576,0.578,0.57,0.575,8775.0
2018-10-11,0.57,0.572,0.53,0.533,67098.0
2018-10-12,0.533,0.586,0.509,0.53,25786.0
2018-10-15,0.494,0.535,0.494,0.522,17698.0
2018-10-16,0.522,0.526,0.507,0.51,15043.0
2018-10-17,0.515,0.522,0.503,0.515,14188.0
2018-10-18,0.514,0.514,0.499,0.504,32953.0
2018-10-19,0.495,0.509,0.488,0.508,31270.0
2018-10-22,0.515,0.538,0.51,0.536,117024.0
2018-10-23,0.536,0.536,0.521,0.525,96903.0
2018-10-24,0.52,0.53,0.52,0.524,29937.0
2018-10-25,0.51,0.52,0.507,0.52,13932.0
2018-10-26,0.521,0.529,0.519,0.521,38734.0
2018-10-29,0.522,0.522,0.511,0.514,11310.0
2018-10-30,0.515,0.522,0.505,0.52,39542.0
2018-10-31,0.521,0.53,0.519,0.526,68170.0
2018-11-01,0.529,0.538,0.525,0.53,58109.0
2018-11-02,0.548,0.552,0.536,0.547,87070.0
2018-11-05,0.55,0.557,0.541,0.55,114986.0
2018-11-06,0.551,0.552,0.542,0.552,36436.0
2018-11-07,0.552,0.556,0.548,0.55,20272.0
2018-11-08,0.555,0.555,0.546,0.546,48529.0
2018-11-09,0.544,0.55,0.543,0.546,31232.0
2018-11-12,0.546,0.563,0.546,0.562,208563.0
2018-11-13,0.559,0.579,0.555,0.574,261691.0
2018-11-14,0.574,0.584,0.558,0.574,345729.0
2018-11-15,0.575,0.584,0.573,0.583,164915.0
2018-11-16,0.584,0.593,0.582,0.589,192160.0
2018-11-19,0.591,0.592,0.583,0.592,127106.0
2018-11-20,0.588,0.59,0.575,0.576,154664.0
2018-11-21,0.572,0.583,0.566,0.58,158849.0
2018-11-22,0.581,0.585,0.578,0.581,143827.0
2018-11-23,0.578,0.578,0.552,0.554,252982.0
2018-11-26,0.548,0.56,0.548,0.555,105929.0
2018-11-27,0.555,0.562,0.555,0.56,56904.0
2018-11-28,0.554,0.566,0.551,0.566,118364.0
2018-11-29,0.568,0.572,0.552,0.553,140017.0
2018-11-30,0.553,0.558,0.544,0.557,62836.0
2018-12-03,0.571,0.578,0.566,0.574,96568.0
2018-12-04,0.575,0.581,0.571,0.581,105473.0
2018-12-05,0.571,0.58,0.567,0.576,97274.0
2018-12-06,0.573,0.576,0.565,0.567,152289.0
2018-12-07,0.568,0.569,0.564,0.566,51761.0
2018-12-10,0.564,0.564,0.557,0.56,62467.0
2018-12-11,0.563,0.565,0.561,0.565,43392.0
2018-12-12,0.566,0.568,0.564,0.565,36079.0
2018-12-13,0.568,0.574,0.563,0.571,44629.0
2018-12-14,0.564,0.57,0.555,0.556,43959.0
2018-12-17,0.556,0.556,0.547,0.553,60916.0
2018-12-18,0.551,0.555,0.545,0.55,92034.0
2018-12-19,0.552,0.552,0.542,0.543,57029.0
2018-12-20,0.542,0.546,0.539,0.545,32253.0
2018-12-21,0.543,0.544,0.536,0.541,33078.0
2018-12-24,0.541,0.546,0.539,0.545,15670.0
2018-12-25,0.538,0.541,0.527,0.539,45133.0
2018-12-26,0.537,0.542,0.536,0.538,40979.0
2018-12-27,0.549,0.549,0.529,0.529,112308.0
2018-12-28,0.529,0.556,0.526,0.529,47015.0
2019-01-02,0.53,0.54,0.526,0.528,50175.0
2019-01-03,0.528,0.531,0.523,0.524,22089.0
2019-01-04,0.522,0.539,0.517,0.539,65468.0
2019-01-07,0.54,0.551,0.54,0.55,52277.0
2019-01-08,0.548,0.55,0.546,0.548,69218.0
2019-01-09,0.551,0.557,0.547,0.549,51484.0
2019-01-10,0.548,0.553,0.546,0.547,41770.0
2019-01-11,0.549,0.553,0.547,0.552,44738.0
2019-01-14,0.55,0.553,0.547,0.549,45658.0
2019-01-15,0.549,0.556,0.546,0.555,63937.0
2019-01-16,0.558,0.559,0.554,0.556,55243.0
2019-01-17,0.555,0.556,0.549,0.549,22998.0
2019-01-18,0.549,0.554,0.548,0.554,53049.0
2019-01-21,0.556,0.559,0.553,0.557,46396.0
2019-01-22,0.556,0.557,0.549,0.551,53492.0
2019-01-23,0.55,0.552,0.548,0.551,31387.0
2019-01-24,0.551,0.557,0.55,0.555,46176.0
2019-01-25,0.556,0.557,0.551,0.552,70327.0
2019-01-28,0.553,0.556,0.546,0.547,48145.0
2019-01-29,0.543,0.544,0.529,0.537,103413.0
2019-01-30,0.536,0.538,0.529,0.53,71184.0
2019-01-31,0.528,0.532,0.519,0.522,125369.0
2019-02-01,0.524,0.537,0.524,0.537,71038.0
2019-02-11,0.538,0.553,0.535,0.553,127524.0
2019-02-12,0.553,0.562,0.551,0.56,201065.0
2019-02-13,0.563,0.572,0.559,0.57,166945.0
2019-02-14,0.571,0.575,0.565,0.572,153425.0
2019-02-15,0.57,0.576,0.56,0.57,188524.0
2019-02-18,0.574,0.593,0.574,0.592,177125.0
2019-02-19,0.59,0.598,0.586,0.595,256801.0
2019-02-20,0.594,0.595,0.587,0.594,174325.0
2019-02-21,0.592,0.606,0.591,0.593,171793.0
2019-02-22,0.591,0.606,0.589,0.606,144634.0
2019-02-25,0.619,0.641,0.613,0.641,222528.0
2019-02-26,0.645,0.655,0.631,0.64,340433.0
2019-02-27,0.635,0.646,0.628,0.635,196490.0
2019-02-28,0.635,0.644,0.633,0.638,106554.0
2019-03-01,0.638,0.645,0.633,0.643,216615.0
2019-03-04,0.646,0.668,0.646,0.657,297306.0
2019-03-05,0.655,0.679,0.652,0.679,146861.0
2019-03-06,0.682,0.7,0.673,0.694,529771.0
2019-03-07,0.693,0.713,0.689,0.708,456507.0
2019-03-08,0.699,0.711,0.676,0.683,530538.0
2019-03-11,0.674,0.708,0.674,0.707,386495.0
2019-03-12,0.711,0.727,0.708,0.723,443212.0
2019-03-13,0.719,0.726,0.697,0.703,308625.0
2019-03-14,0.693,0.703,0.673,0.682,274396.0
2019-03-15,0.684,0.698,0.684,0.692,259657.0
2019-03-18,0.692,0.71,0.687,0.709,209551.0
2019-03-19,0.712,0.715,0.705,0.71,254876.0
2019-03-20,0.709,0.712,0.694,0.708,245560.0
2019-03-21,0.707,0.724,0.707,0.719,336795.0
2019-03-22,0.718,0.722,0.705,0.721,183255.0
2019-03-25,0.71,0.724,0.705,0.715,147089.0
2019-03-26,0.716,0.72,0.691,0.694,305791.0
2019-03-27,0.696,0.701,0.683,0.699,333122.0
2019-03-28,0.698,0.704,0.688,0.689,258479.0
2019-03-29,0.689,0.711,0.683,0.71,290306.0
2019-04-01,0.714,0.739,0.713,0.739,365865.0
2019-04-02,0.739,0.75,0.736,0.743,303309.0
2019-04-03,0.742,0.749,0.731,0.749,229284.0
2019-04-04,0.75,0.756,0.744,0.753,277570.0
2019-04-08,0.755,0.766,0.735,0.746,315936.0
2019-04-09,0.741,0.751,0.739,0.749,231735.0
2019-04-10,0.748,0.755,0.739,0.747,316146.0
2019-04-11,0.747,0.749,0.73,0.731,260954.0
2019-04-12,0.732,0.735,0.727,0.733,318875.0
2019-04-15,0.74,0.746,0.725,0.727,225990.0
2019-04-16,0.723,0.743,0.717,0.742,258077.0
2019-04-17,0.74,0.753,0.739,0.749,290141.0
2019-04-18,0.743,0.752,0.742,0.745,300451.0
2019-04-19,0.74,0.752,0.736,0.752,298426.0
2019-04-22,0.748,0.752,0.739,0.742,260254.0
2019-04-23,0.742,0.742,0.726,0.729,266792.0
2019-04-24,0.733,0.739,0.722,0.738,244791.0
2019-04-25,0.735,0.737,0.706,0.708,317832.0
2019-04-26,0.708,0.71,0.699,0.7,282975.0
2019-04-29,0.706,0.707,0.673,0.675,329034.0
2019-04-30,0.675,0.687,0.672,0.682,300149.0
2019-05-06,0.645,0.68,0.622,0.626,404973.0
2019-05-07,0.63,0.644,0.626,0.637,312403.0
2019-05-08,0.625,0.646,0.619,0.636,392524.0
2019-05-09,0.636,0.638,0.618,0.63,146726.0
2019-05-10,0.64,0.655,0.624,0.655,349203.0
2019-05-13,0.645,0.654,0.639,0.648,146237.0
2019-05-14,0.641,0.652,0.634,0.645,215343.0
2019-05-15,0.649,0.662,0.649,0.66,163057.0
2019-05-16,0.66,0.666,0.658,0.664,171216.0
2019-05-17,0.665,0.666,0.638,0.642,210447.0
2019-05-20,0.637,0.641,0.626,0.639,246343.0
2019-05-21,0.64,0.654,0.635,0.651,310058.0
2019-05-22,0.652,0.655,0.643,0.65,154037.0
2019-05-23,0.645,0.647,0.632,0.635,149834.0
2019-05-24,0.63,0.636,0.625,0.627,206278.0
2019-05-27,0.628,0.647,0.624,0.646,236794.0
2019-05-28,0.645,0.653,0.64,0.645,278750.0
2019-05-29,0.645,0.653,0.643,0.647,91199.0
2019-05-30,0.643,0.645,0.635,0.644,166369.0
2019-05-31,0.644,0.65,0.641,0.643,89433.0
2019-06-03,0.646,0.647,0.63,0.635,295184.0
2019-06-04,0.635,0.635,0.62,0.622,296039.0
2019-06-05,0.627,0.633,0.622,0.624,61721.0
2019-06-06,0.627,0.628,0.606,0.608,285952.0
2019-06-10,0.609,0.618,0.607,0.616,214808.0
2019-06-11,0.616,0.64,0.615,0.64,363209.0
2019-06-12,0.642,0.643,0.634,0.635,136390.0
2019-06-13,0.632,0.642,0.632,0.639,274663.0
2019-06-14,0.639,0.642,0.624,0.625,187714.0
2019-06-17,0.627,0.628,0.621,0.624,254453.0
2019-06-18,0.623,0.627,0.62,0.624,51215.0
2019-06-19,0.64,0.645,0.632,0.633,285398.0
2019-06-20,0.632,0.648,0.629,0.644,424863.0
2019-06-21,0.668,0.668,0.647,0.656,1072574.0
2019-06-24,0.656,0.658,0.65,0.654,303386.0
2019-06-25,0.654,0.654,0.64,0.648,373538.0
2019-06-26,0.644,0.653,0.64,0.648,190957.0
2019-06-27,0.648,0.657,0.648,0.654,265684.0
2019-06-28,0.655,0.655,0.641,0.644,196275.0
2019-07-01,0.656,0.665,0.653,0.665,416664.0
2019-07-02,0.665,0.667,0.661,0.665,178726.0
2019-07-03,0.661,0.663,0.656,0.659,225737.0
2019-07-04,0.659,0.662,0.652,0.656,224794.0
2019-07-05,0.656,0.66,0.653,0.659,268128.0
2019-07-08,0.648,0.657,0.633,0.636,250491.0
2019-07-09,0.635,0.64,0.633,0.639,325629.0
2019-07-10,0.635,0.641,0.631,0.634,144084.0
2019-07-11,0.635,0.641,0.63,0.633,177417.0
2019-07-12,0.632,0.637,0.63,0.635,341333.0
2019-07-15,0.632,0.643,0.626,0.64,157086.0
2019-07-16,0.639,0.644,0.637,0.643,124025.0
2019-07-17,0.641,0.647,0.64,0.644,108434.0
2019-07-18,0.644,0.644,0.633,0.634,196692.0
2019-07-19,0.634,0.643,0.634,0.64,786737.0
2019-07-22,0.64,0.643,0.62,0.625,2882989.0
2019-07-23,0.626,0.638,0.626,0.638,2094062.0
2019-07-24,0.64,0.651,0.64,0.645,1129651.0
2019-07-25,0.645,0.651,0.645,0.65,516383.0
2019-07-26,0.65,0.651,0.646,0.651,89218.0
2019-07-29,0.648,0.653,0.647,0.65,87692.0
2019-07-30,0.647,0.657,0.647,0.653,221634.0
2019-07-31,0.651,0.652,0.647,0.648,157202.0
2019-08-01,0.646,0.65,0.643,0.645,198017.0
2019-08-02,0.635,0.637,0.629,0.636,229075.0
2019-08-05,0.632,0.64,0.627,0.627,244689.0
2019-08-06,0.623,0.623,0.598,0.612,307745.0
2019-08-07,0.614,0.618,0.611,0.611,214882.0
2019-08-08,0.613,0.621,0.613,0.619,1497793.0
2019-08-09,0.623,0.626,0.615,0.616,454713.0
2019-08-12,0.617,0.627,0.614,0.626,488848.0
2019-08-13,0.622,0.626,0.621,0.624,239883.0
2019-08-14,0.628,0.633,0.628,0.629,192399.0
2019-08-15,0.619,0.632,0.613,0.631,235287.0
2019-08-16,0.629,0.64,0.629,0.636,260620.0
2019-08-19,0.64,0.657,0.64,0.657,299770.0
2019-08-20,0.657,0.663,0.654,0.656,207442.0
2019-08-21,0.656,0.659,0.654,0.657,91403.0
2019-08-22,0.657,0.66,0.653,0.66,250302.0
2019-08-23,0.66,0.662,0.656,0.658,111157.0
2019-08-26,0.646,0.657,0.645,0.655,137249.0
2019-08-27,0.664,0.67,0.655,0.668,258978.0
2019-08-28,0.667,0.669,0.661,0.665,148901.0
2019-08-29,0.668,0.67,0.665,0.666,137802.0
2019-08-30,0.667,0.67,0.654,0.658,259949.0
2019-09-02,0.658,0.675,0.655,0.674,239466.0
2019-09-03,0.673,0.679,0.673,0.679,189487.0
2019-09-04,0.676,0.686,0.676,0.686,170854.0
2019-09-05,0.69,0.7,0.683,0.69,256778.0
2019-09-06,0.692,0.696,0.689,0.694,137309.0
2019-09-09,0.702,0.715,0.697,0.715,196253.0
2019-09-10,0.715,0.717,0.707,0.715,203298.0
2019-09-11,0.719,0.719,0.706,0.707,159951.0
2019-09-12,0.707,0.713,0.704,0.712,189574.0
2019-09-16,0.715,0.718,0.708,0.713,154561.0
2019-09-17,0.712,0.712,0.694,0.699,181967.0
2019-09-18,0.697,0.7,0.694,0.697,127385.0
2019-09-19,0.696,0.704,0.693,0.703,175290.0
2019-09-20,0.705,0.707,0.701,0.704,93872.0
2019-09-23,0.705,0.705,0.692,0.7,130100.0
2019-09-24,0.698,0.707,0.697,0.701,222398.0
2019-09-25,0.7,0.7,0.687,0.688,199923.0
2019-09-26,0.69,0.69,0.666,0.666,242471.0
2019-09-27,0.667,0.675,0.666,0.672,260207.0
2019-09-30,0.674,0.674,0.663,0.663,247845.0
2019-10-08,0.664,0.671,0.664,0.665,107669.0
2019-10-09,0.665,0.672,0.66,0.671,142231.0
2019-10-10,0.671,0.682,0.668,0.681,200588.0
2019-10-11,0.684,0.685,0.676,0.682,153646.0
2019-10-14,0.688,0.694,0.686,0.692,158374.0
2019-10-15,0.69,0.69,0.681,0.683,217386.0
2019-10-16,0.684,0.686,0.678,0.678,193807.0
2019-10-17,0.679,0.681,0.676,0.678,147289.0
2019-10-18,0.68,0.685,0.667,0.67,187446.0
2019-10-21,0.672,0.675,0.66,0.666,221247.0
2019-10-22,0.666,0.675,0.666,0.674,298767.0
2019-10-23,0.675,0.675,0.667,0.669,150368.0
2019-10-24,0.669,0.67,0.663,0.668,140124.0
2019-10-25,0.668,0.675,0.663,0.673,244191.0
2019-10-28,0.68,0.691,0.68,0.691,327141.0
2019-10-29,0.695,0.695,0.682,0.683,340034.0
2019-10-30,0.681,0.681,0.674,0.677,316531.0
2019-10-31,0.677,0.677,0.668,0.669,176345.0
2019-11-01,0.668,0.676,0.665,0.675,101781.0
2019-11-04,0.675,0.683,0.675,0.679,231460.0
2019-11-05,0.679,0.683,0.675,0.682,113711.0
2019-11-06,0.682,0.682,0.672,0.675,165247.0
2019-11-07,0.675,0.681,0.673,0.679,137545.0
2019-11-08,0.684,0.685,0.677,0.679,420354.0
2019-11-11,0.678,0.678,0.659,0.661,226805.0
2019-11-12,0.664,0.664,0.653,0.662,190389.0
2019-11-13,0.667,0.667,0.657,0.66,91871.0
2019-11-14,0.66,0.666,0.659,0.663,142154.0
2019-11-15,0.664,0.665,0.656,0.657,280287.0
2019-11-18,0.655,0.662,0.653,0.661,241523.0
2019-11-19,0.662,0.676,0.662,0.675,256307.0
2019-11-20,0.675,0.676,0.669,0.669,245194.0
2019-11-21,0.669,0.674,0.665,0.67,214798.0
2019-11-22,0.668,0.677,0.658,0.662,217224.0
2019-11-25,0.661,0.661,0.652,0.657,209564.0
2019-11-26,0.656,0.661,0.655,0.657,134214.0
2019-11-27,0.657,0.66,0.653,0.658,206078.0
2019-11-28,0.658,0.66,0.655,0.656,178616.0
2019-11-29,0.656,0.657,0.65,0.655,221225.0
2019-12-02,0.656,0.66,0.655,0.657,132269.0
2019-12-03,0.656,0.661,0.651,0.661,147463.0
2019-12-04,0.66,0.663,0.656,0.662,183915.0
2019-12-05,0.664,0.671,0.662,0.668,214663.0
2019-12-06,0.669,0.674,0.668,0.674,148686.0
2019-12-09,0.675,0.677,0.673,0.674,287536.0
2019-12-10,0.674,0.68,0.671,0.678,209705.0
2019-12-11,0.68,0.68,0.676,0.676,254286.0
2019-12-12,0.677,0.681,0.676,0.676,301495.0
2019-12-13,0.681,0.687,0.68,0.687,214268.0
2019-12-16,0.689,0.7,0.687,0.699,296756.0
2019-12-17,0.701,0.71,0.699,0.707,241022.0
2019-12-18,0.706,0.713,0.704,0.707,220657.0
2019-12-19,0.708,0.713,0.707,0.713,234985.0
2019-12-20,0.711,0.713,0.703,0.703,202415.0
2019-12-23,0.703,0.703,0.686,0.686,270959.0
2019-12-24,0.687,0.7,0.687,0.7,346973.0
2019-12-25,0.697,0.705,0.697,0.705,218485.0
2019-12-26,0.705,0.711,0.703,0.711,246103.0
2019-12-27,0.71,0.714,0.703,0.705,225188.0
2019-12-30,0.705,0.71,0.693,0.71,248477.0
2019-12-31,0.709,0.715,0.705,0.714,99255.0
2020-01-02,0.721,0.729,0.716,0.728,314632.0
2020-01-03,0.73,0.732,0.726,0.731,121263.0
2020-01-06,0.728,0.744,0.725,0.738,199792.0
2020-01-07,0.736,0.75,0.736,0.75,150321.0
2020-01-08,0.745,0.752,0.737,0.741,165642.0
2020-01-09,0.746,0.752,0.745,0.751,227628.0
2020-01-10,0.752,0.754,0.746,0.75,199548.0
2020-01-13,0.75,0.76,0.745,0.76,163503.0
2020-01-14,0.762,0.763,0.757,0.758,170124.0
2020-01-15,0.758,0.76,0.744,0.757,166425.0
2020-01-16,0.759,0.761,0.756,0.758,208252.0
2020-01-17,0.758,0.761,0.753,0.754,291624.0
2020-01-20,0.754,0.765,0.753,0.765,173055.0
2020-01-21,0.765,0.765,0.757,0.757,282967.0
2020-01-22,0.754,0.764,0.743,0.762,231938.0
2020-01-23,0.759,0.759,0.726,0.735,349906.0
2020-02-03,0.668,0.685,0.662,0.662,177875.0
2020-02-04,0.658,0.695,0.658,0.671,178135.0
2020-02-05,0.67,0.7,0.67,0.694,286671.0
2020-02-06,0.695,0.716,0.687,0.713,206936.0
2020-02-07,0.708,0.722,0.708,0.72,220110.0
2020-02-10,0.714,0.732,0.714,0.73,196136.0
2020-02-11,0.73,0.731,0.722,0.728,187191.0
2020-02-12,0.727,0.745,0.724,0.745,153984.0
2020-02-13,0.741,0.748,0.738,0.741,198907.0
2020-02-14,0.74,0.751,0.735,0.744,229431.0
2020-02-17,0.745,0.773,0.745,0.772,293283.0
2020-02-18,0.774,0.792,0.772,0.792,300708.0
2020-02-19,0.792,0.795,0.782,0.786,359575.0
2020-02-20,0.785,0.799,0.777,0.798,236265.0
2020-02-21,0.797,0.818,0.796,0.816,308618.0
2020-02-24,0.813,0.837,0.812,0.832,535015.0
2020-02-25,0.818,0.838,0.794,0.836,412366.0
2020-02-26,0.816,0.832,0.806,0.809,264925.0
2020-02-27,0.812,0.82,0.798,0.809,299416.0
2020-02-28,0.789,0.791,0.758,0.759,455588.0
2020-03-02,0.764,0.801,0.761,0.8,380199.0
2020-03-03,0.815,0.824,0.798,0.806,310236.0
2020-03-04,0.797,0.812,0.792,0.81,353165.0
2020-03-05,0.821,0.825,0.814,0.824,272612.0
2020-03-06,0.815,0.825,0.812,0.819,187552.0
2020-03-09,0.804,0.808,0.785,0.786,186937.0
2020-03-10,0.78,0.807,0.764,0.807,191391.0
2020-03-11,0.809,0.815,0.795,0.796,169555.0
2020-03-12,0.788,0.8,0.77,0.778,179141.0
2020-03-13,0.758,0.781,0.739,0.773,210481.0
2020-03-16,0.776,0.779,0.733,0.735,244226.0
2020-03-17,0.742,0.746,0.71,0.734,468003.0
2020-03-18,0.736,0.752,0.722,0.723,391481.0
2020-03-19,0.717,0.734,0.709,0.73,239671.0
2020-03-20,0.736,0.74,0.725,0.74,191433.0
2020-03-23,0.72,0.726,0.702,0.707,188823.0
2020-03-24,0.718,0.727,0.697,0.718,189944.0
2020-03-25,0.731,0.736,0.722,0.735,205311.0
2020-03-26,0.725,0.737,0.725,0.729,104328.0
2020-03-27,0.736,0.737,0.722,0.725,123338.0
2020-03-30,0.72,0.721,0.698,0.705,186336.0
2020-03-31,0.713,0.713,0.704,0.705,187507.0
2020-04-01,0.705,0.714,0.702,0.703,186315.0
2020-04-02,0.699,0.721,0.699,0.721,118964.0
2020-04-03,0.721,0.723,0.712,0.716,82891.0
2020-04-07,0.728,0.742,0.727,0.742,184464.0
2020-04-08,0.74,0.747,0.736,0.743,90621.0
2020-04-09,0.745,0.755,0.745,0.752,172293.0
2020-04-10,0.754,0.754,0.732,0.74,276610.0
2020-04-13,0.733,0.733,0.723,0.727,170362.0
2020-04-14,0.728,0.741,0.728,0.741,221721.0
2020-04-15,0.741,0.745,0.735,0.735,174389.0
2020-04-16,0.735,0.745,0.731,0.743,130346.0
2020-04-17,0.746,0.75,0.742,0.744,125520.0
2020-04-20,0.745,0.758,0.745,0.758,212737.0
2020-04-21,0.751,0.755,0.745,0.752,135304.0
2020-04-22,0.749,0.76,0.744,0.759,138426.0
2020-04-23,0.76,0.762,0.754,0.755,119439.0
2020-04-24,0.755,0.755,0.737,0.743,151281.0
2020-04-27,0.742,0.743,0.734,0.737,113178.0
2020-04-28,0.737,0.738,0.705,0.727,188477.0
2020-04-29,0.726,0.732,0.721,0.727,96092.0
2020-04-30,0.728,0.746,0.728,0.745,154707.0
2020-05-06,0.737,0.76,0.737,0.759,150882.0
2020-05-07,0.753,0.764,0.753,0.758,100617.0
2020-05-08,0.76,0.771,0.76,0.768,111554.0
2020-05-11,0.769,0.774,0.762,0.766,87160.0
2020-05-12,0.766,0.768,0.757,0.768,145002.0
2020-05-13,0.766,0.775,0.763,0.774,89060.0
2020-05-14,0.774,0.775,0.767,0.768,57579.0
2020-05-15,0.769,0.776,0.767,0.772,80213.0
2020-05-18,0.772,0.775,0.765,0.767,90698.0
2020-05-19,0.77,0.779,0.77,0.779,132511.0
2020-05-20,0.779,0.779,0.768,0.773,193361.0
2020-05-21,0.773,0.773,0.758,0.76,153476.0
2020-05-22,0.76,0.76,0.743,0.746,92917.0
2020-05-25,0.745,0.748,0.741,0.746,103826.0
2020-05-26,0.747,0.763,0.746,0.763,136506.0
2020-05-27,0.763,0.764,0.755,0.758,130352.0
2020-05-28,0.757,0.76,0.746,0.756,84530.0
2020-05-29,0.752,0.768,0.75,0.765,95008.0
2020-06-01,0.766,0.79,0.761,0.79,140196.0
2020-06-02,0.791,0.794,0.786,0.789,103913.0
2020-06-03,0.795,0.795,0.788,0.788,136345.0
2020-06-04,0.789,0.794,0.787,0.793,165339.0
2020-06-05,0.793,0.794,0.784,0.792,97664.0
2020-06-08,0.795,0.798,0.79,0.792,126944.0
2020-06-09,0.792,0.797,0.789,0.797,227484.0
2020-06-10,0.795,0.796,0.79,0.796,101518.0
2020-06-11,0.796,0.805,0.79,0.794,242209.0
2020-06-12,0.784,0.797,0.778,0.795,123153.0
2020-06-15,0.795,0.805,0.793,0.795,217368.0
2020-06-16,0.797,0.811,0.797,0.811,166473.0
2020-06-17,0.81,0.815,0.807,0.814,190845.0
2020-06-18,0.814,0.814,0.809,0.812,199991.0
2020-06-19,0.812,0.82,0.811,0.819,245648.0
2020-06-22,0.821,0.825,0.82,0.823,106236.0
2020-06-23,0.825,0.825,0.819,0.825,233146.0
2020-06-24,0.825,0.827,0.819,0.822,122876.0
2020-06-29,0.823,0.823,0.816,0.821,81681.0
2020-06-30,0.821,0.835,0.821,0.833,96912.0
2020-07-01,0.835,0.84,0.828,0.838,134604.0
2020-07-02,0.838,0.848,0.835,0.848,155209.0
2020-07-03,0.849,0.859,0.845,0.859,242448.0
2020-07-06,0.868,0.9,0.863,0.895,275722.0
2020-07-07,0.905,0.92,0.896,0.906,220382.0
2020-07-08,0.898,0.926,0.898,0.924,183823.0
2020-07-09,0.928,0.957,0.925,0.956,388052.0
2020-07-10,0.949,0.964,0.946,0.953,267227.0
2020-07-13,0.945,1.0,0.945,0.999,291016.0
2020-07-14,0.995,0.996,0.961,0.984,329093.0
2020-07-15,0.973,0.996,0.944,0.951,254710.0
2020-07-16,0.947,0.959,0.9,0.904,221946.0
2020-07-17,0.904,0.925,0.895,0.909,238464.0
2020-07-20,0.915,0.939,0.908,0.939,224231.0
2020-07-21,0.941,0.95,0.937,0.946,155016.0
2020-07-22,0.946,0.964,0.942,0.956,160505.0
2020-07-23,0.946,0.957,0.929,0.955,158472.0
2020-07-24,0.95,0.959,0.907,0.91,175237.0
2020-07-27,0.906,0.918,0.901,0.911,134217.0
2020-07-28,0.915,0.925,0.913,0.921,147196.0
2020-07-29,0.92,0.951,0.916,0.95,151802.0
2020-07-30,0.952,0.955,0.943,0.947,130079.0
2020-07-31,0.947,0.964,0.939,0.963,158026.0
2020-08-03,0.968,0.996,0.968,0.995,174586.0
2020-08-04,1.0,1.006,0.983,0.99,331578.0
2020-08-05,0.988,1.0,0.979,0.998,169598.0
2020-08-06,1.006,1.006,0.982,1.004,252235.0
2020-08-07,1.0,1.0,0.97,0.988,312896.0
2020-08-10,0.983,0.999,0.98,0.993,170200.0
2020-08-11,0.993,0.995,0.968,0.97,183759.0
2020-08-12,0.97,0.97,0.931,0.954,152994.0
2020-08-13,0.954,0.964,0.954,0.958,103830.0
2020-08-14,0.959,0.972,0.951,0.972,104167.0
2020-08-17,0.972,0.995,0.971,0.993,192473.0
2020-08-18,0.996,1.003,0.992,1.003,149023.0
2020-08-19,1.002,1.002,0.98,0.984,129904.0
2020-08-20,0.983,0.983,0.965,0.969,110221.0
2020-08-21,0.972,0.983,0.97,0.978,382689.0
2020-08-24,0.98,0.993,0.97,0.989,425458.0
2020-08-25,0.993,0.998,0.986,0.99,135783.0
2020-08-26,0.989,0.989,0.961,0.964,142322.0
2020-08-27,0.968,0.978,0.96,0.977,152707.0
2020-08-28,0.974,0.991,0.971,0.991,183319.0
2020-08-31,0.996,1.003,0.991,0.991,194381.0
2020-09-01,0.993,0.997,0.986,0.997,133227.0
2020-09-02,0.998,1.004,0.99,1.001,168691.0
2020-09-03,1.001,1.002,0.986,0.99,109722.0
2020-09-04,0.982,0.99,0.973,0.99,135302.0
2020-09-07,0.988,0.997,0.968,0.971,132009.0
2020-09-08,0.97,0.98,0.963,0.98,137694.0
2020-09-09,0.975,0.975,0.946,0.948,168835.0
2020-09-10,0.953,0.955,0.912,0.917,146220.0
2020-09-11,0.912,0.932,0.911,0.931,137642.0
2020-09-14,0.934,0.949,0.931,0.943,96591.0
2020-09-15,0.944,0.951,0.941,0.95,129438.0
2020-09-16,0.95,0.95,0.936,0.942,122557.0
2020-09-17,0.942,0.954,0.934,0.947,277260.0
2020-09-18,0.948,0.963,0.946,0.963,144749.0
2020-09-21,0.963,0.968,0.96,0.963,134476.0
2020-09-22,0.957,0.962,0.942,0.944,305981.0
2020-09-23,0.946,0.956,0.94,0.954,272239.0
2020-09-24,0.949,0.949,0.927,0.929,630298.0
2020-09-25,0.93,0.947,0.918,0.924,522537.0
2020-09-28,0.922,0.925,0.911,0.913,202737.0
2020-09-29,0.912,0.926,0.912,0.922,271182.0
2020-09-30,0.922,0.926,0.912,0.917,907368.0
2020-10-09,0.926,0.947,0.926,0.944,1015478.0
2020-10-12,0.945,0.978,0.945,0.977,608646.0
2020-10-13,0.978,0.982,0.969,0.981,464789.0
2020-10-14,0.981,0.981,0.969,0.971,197873.0
2020-10-15,0.971,0.973,0.963,0.963,91314.0
2020-10-16,0.964,0.972,0.951,0.961,138643.0
2020-10-19,0.964,0.967,0.951,0.954,200705.0
2020-10-20,0.954,0.965,0.945,0.965,234263.0
2020-10-21,0.965,0.966,0.945,0.951,255749.0
2020-10-22,0.952,0.952,0.935,0.945,217059.0
2020-10-23,0.945,0.95,0.923,0.928,241515.0
2020-10-26,0.928,0.93,0.911,0.927,252211.0
2020-10-27,0.922,0.934,0.922,0.934,261013.0
2020-10-28,0.934,0.935,0.917,0.933,287320.0
2020-10-29,0.916,0.936,0.915,0.934,244166.0
2020-10-30,0.935,0.936,0.909,0.91,253362.0
2020-11-02,0.92,0.92,0.903,0.91,259358.0
2020-11-03,0.911,0.931,0.911,0.93,347141.0
2020-11-04,0.933,0.934,0.919,0.925,316576.0
2020-11-05,0.93,0.945,0.93,0.943,297502.0
2020-11-06,0.941,0.946,0.928,0.935,347331.0
2020-11-09,0.939,0.962,0.939,0.958,381355.0
2020-11-10,0.962,0.962,0.943,0.948,317703.0
2020-11-11,0.949,0.949,0.932,0.932,313113.0
2020-11-12,0.931,0.94,0.931,0.935,294889.0
2020-11-13,0.934,0.94,0.928,0.937,311693.0
2020-11-16,0.938,0.949,0.935,0.949,280868.0
2020-11-17,0.946,0.947,0.931,0.937,350705.0
2020-11-18,0.938,0.944,0.934,0.939,289637.0
2020-11-19,0.934,0.945,0.931,0.944,278575.0
2020-11-20,0.944,0.953,0.94,0.951,350079.0
2020-11-23,0.951,0.961,0.946,0.959,391089.0
2020-11-24,0.959,0.959,0.954,0.955,276334.0
2020-11-25,0.956,0.958,0.94,0.94,273592.0
2020-11-26,0.94,0.942,0.928,0.933,352244.0
2020-11-27,0.934,0.936,0.925,0.936,261968.0
2020-11-30,0.935,0.939,0.926,0.931,315355.0
2020-12-01,0.931,0.945,0.926,0.945,303136.0
2020-12-02,0.945,0.948,0.941,0.946,283077.0
2020-12-03,0.943,0.948,0.938,0.944,227811.0
2020-12-04,0.943,0.953,0.94,0.952,324281.0
2020-12-07,0.954,0.954,0.947,0.949,231037.0
2020-12-08,0.95,0.951,0.946,0.947,296477.0
2020-12-09,0.947,0.947,0.929,0.931,207959.0
2020-12-10,0.931,0.936,0.924,0.931,254013.0
2020-12-11,0.93,0.933,0.909,0.918,293932.0
2020-12-14,0.916,0.928,0.91,0.926,337949.0
2020-12-15,0.925,0.93,0.923,0.929,213249.0
2020-12-16,0.926,0.929,0.92,0.92,180078.0
2020-12-17,0.92,0.932,0.912,0.93,270102.0
2020-12-18,0.929,0.934,0.925,0.928,288850.0
2020-12-21,0.928,0.945,0.926,0.944,355524.0
2020-12-22,0.944,0.944,0.925,0.926,555244.0
2020-12-23,0.94,0.94,0.924,0.932,726410.0
2020-12-24,0.932,0.932,0.917,0.921,480584.0
2020-12-25,0.922,0.929,0.913,0.925,1316440.0
2020-12-28,0.923,0.926,0.915,0.922,288416.0
2020-12-29,0.921,0.927,0.915,0.917,294570.0
2020-12-30,0.916,0.922,0.911,0.919,300984.0
2020-12-31,0.924,0.939,0.921,0.938,918339.0
2021-01-04,0.94,0.959,0.938,0.956,1121520.0
2021-01-05,0.954,0.961,0.947,0.958,681448.0
2021-01-06,0.953,0.96,0.941,0.948,522011.0
2021-01-07,0.948,0.948,0.924,0.933,615050.0
2021-01-08,0.932,0.94,0.921,0.928,480410.0
2021-01-11,0.922,0.929,0.908,0.912,525832.0
2021-01-12,0.912,0.931,0.906,0.93,528629.0
2021-01-13,0.93,0.931,0.914,0.919,417380.0
2021-01-14,0.919,0.928,0.908,0.918,982211.0
2021-01-15,0.918,0.925,0.908,0.923,662186.0
2021-01-18,0.92,0.945,0.919,0.943,638562.0
2021-01-19,0.947,0.948,0.931,0.934,614205.0
2021-01-20,0.938,0.941,0.93,0.939,556050.0
2021-01-21,0.936,0.955,0.936,0.95,576805.0
2021-01-22,0.951,0.951,0.94,0.948,564176.0
2021-01-25,0.95,0.95,0.937,0.938,454886.0
2021-01-26,0.935,0.939,0.923,0.925,414508.0
2021-01-27,0.925,0.926,0.912,0.924,457195.0
2021-01-28,0.916,0.927,0.906,0.906,730511.0
2021-01-29,0.912,0.914,0.881,0.893,644754.0
2021-02-01,0.893,0.9,0.889,0.899,325107.0
2021-02-02,0.901,0.907,0.892,0.907,496004.0
2021-02-03,0.907,0.908,0.892,0.893,389257.0
2021-02-04,0.888,0.89,0.861,0.874,680981.0
2021-02-05,0.873,0.879,0.857,0.858,593885.0
2021-02-08,0.86,0.868,0.8,0.862,611637.0
2021-02-09,0.862,0.89,0.861,0.889,845504.0
2021-02-10,0.89,0.895,0.883,0.894,739973.0
2021-02-18,0.908,0.915,0.901,0.913,924546.0
2021-02-19,0.912,0.93,0.904,0.929,913034.0
2021-02-22,0.936,0.947,0.925,0.93,2166180.0
2021-02-23,0.916,0.929,0.912,0.92,1294664.0
2021-02-24,0.915,0.928,0.904,0.914,1455792.0
2021-02-25,0.922,0.923,0.905,0.91,888580.0
2021-02-26,0.899,0.905,0.891,0.896,889542.0
2021-03-01,0.897,0.921,0.897,0.92,1174464.0
2021-03-02,0.925,0.926,0.91,0.92,1367848.0
2021-03-03,0.919,0.931,0.914,0.931,1007412.0
2021-03-04,0.921,0.928,0.91,0.916,1884747.0
2021-03-05,0.906,0.92,0.902,0.917,1098252.0
2021-03-08,0.924,0.925,0.893,0.894,1065007.0
2021-03-09,0.89,0.895,0.854,0.869,1168479.0
2021-03-10,0.873,0.878,0.859,0.859,831665.0
2021-03-11,0.86,0.884,0.857,0.883,969799.0
2021-03-12,0.885,0.886,0.872,0.885,828329.0
2021-03-15,0.88,0.885,0.868,0.876,1077756.0
2021-03-16,0.877,0.886,0.87,0.886,1058271.0
2021-03-17,0.884,0.891,0.875,0.889,952675.0
2021-03-18,0.884,0.896,0.884,0.89,1054450.0
2021-03-19,0.882,0.894,0.879,0.888,1186416.0
2021-03-22,0.885,0.904,0.885,0.903,1180097.0
2021-03-23,0.903,0.906,0.888,0.895,1234211.0
2021-03-24,0.887,0.891,0.875,0.876,1028480.0
2021-03-25,0.875,0.885,0.869,0.878,1459562.0
2021-03-26,0.879,0.896,0.879,0.893,1319444.0
2021-03-29,0.888,0.903,0.888,0.895,956992.0
2021-03-30,0.894,0.896,0.888,0.894,855318.0
2021-03-31,0.891,0.895,0.887,0.894,937475.0
2021-04-01,0.893,0.902,0.892,0.899,931975.0
2021-04-02,0.903,0.904,0.898,0.9,896822.0
2021-04-06,0.902,0.912,0.901,0.911,1383768.0
2021-04-07,0.912,0.912,0.903,0.911,1301331.0
2021-04-08,0.911,0.912,0.905,0.909,1268177.0
2021-04-09,0.906,0.91,0.904,0.91,1697681.0
2021-04-12,0.909,0.91,0.887,0.888,1349099.0
2021-04-13,0.888,0.892,0.881,0.885,1293980.0
2021-04-14,0.885,0.898,0.883,0.897,1284988.0
2021-04-15,0.896,0.896,0.887,0.895,983513.0
2021-04-16,0.896,0.908,0.894,0.907,1175521.0
2021-04-19,0.906,0.922,0.903,0.918,1481411.0
2021-04-20,0.918,0.924,0.87,0.916,1393956.0
2021-04-21,0.909,0.919,0.908,0.917,1248138.0
2021-04-22,0.917,0.922,0.917,0.921,1087009.0
2021-04-23,0.922,0.922,0.913,0.918,1201407.0
2021-04-26,0.918,0.928,0.912,0.912,1170766.0
2021-04-27,0.911,0.916,0.901,0.91,1231166.0
2021-04-28,0.906,0.916,0.905,0.915,1272732.0
2021-04-29,0.916,0.918,0.911,0.911,1220708.0
2021-04-30,0.912,0.912,0.903,0.909,1180436.0
2021-05-06,0.904,0.914,0.904,0.912,1326935.0
2021-05-07,0.912,0.913,0.901,0.902,1334902.0
2021-05-10,0.902,0.904,0.897,0.902,1405543.0
2021-05-11,0.896,0.905,0.888,0.902,1545757.0
2021-05-12,0.899,0.92,0.898,0.918,1311293.0
2021-05-13,0.91,0.917,0.907,0.909,1195401.0
2021-05-14,0.912,0.927,0.909,0.926,1342613.0
2021-05-17,0.924,0.928,0.917,0.92,1265380.0
2021-05-18,0.918,0.926,0.916,0.926,1261794.0
2021-05-19,0.923,0.927,0.921,0.924,1134253.0
2021-05-20,0.924,0.929,0.92,0.925,1047387.0
2021-05-21,0.925,0.93,0.923,0.928,1154447.0
2021-05-24,0.925,0.935,0.924,0.935,1104533.0
2021-05-25,0.935,0.948,0.934,0.945,954781.0
2021-05-26,0.945,0.954,0.944,0.95,1158372.0
2021-05-27,0.949,0.961,0.948,0.961,1396013.0
2021-05-28,0.962,0.966,0.953,0.956,1482855.0
2021-05-31,0.958,0.977,0.956,0.977,1366398.0
2021-06-01,0.977,0.981,0.971,0.98,1280195.0
2021-06-02,0.979,0.981,0.965,0.967,1590816.0
2021-06-03,0.966,0.977,0.964,0.967,1285237.0
2021-06-04,0.963,0.976,0.958,0.973,1193073.0
2021-06-07,0.975,0.987,0.974,0.987,1372119.0
2021-06-08,0.987,0.99,0.971,0.98,1427533.0
2021-06-09,0.975,0.981,0.974,0.979,1310595.0
2021-06-10,0.98,0.996,0.977,0.994,1991695.0
2021-06-11,0.994,0.998,0.983,0.987,1700617.0
2021-06-15,0.981,0.986,0.977,0.98,1803864.0
2021-06-16,0.978,0.979,0.959,0.962,1539493.0
2021-06-17,0.959,0.978,0.959,0.977,1338541.0
2021-06-18,0.973,0.991,0.973,0.987,1571608.0
2021-06-21,0.987,1.008,0.985,1.007,2331833.0
2021-06-22,1.01,1.013,1.0,1.006,1702373.0
2021-06-23,1.008,1.019,1.003,1.018,1359635.0
2021-06-24,1.017,1.017,1.002,1.004,1769523.0
2021-06-25,1.005,1.013,1.0,1.009,1423602.0
2021-06-28,1.011,1.023,1.007,1.017,1660420.0
2021-06-29,1.016,1.021,1.007,1.009,1386632.0
2021-06-30,1.008,1.022,0.993,1.022,1502557.0
2021-07-01,1.022,1.029,1.003,1.005,1191988.0
2021-07-02,1.0,1.004,0.982,0.995,1936656.0
2021-07-05,0.991,1.014,0.991,1.014,1559327.0
2021-07-06,1.013,1.018,0.994,1.009,2150740.0
2021-07-07,1.002,1.025,0.998,1.025,1603809.0
2021-07-08,1.025,1.032,1.023,1.028,1673130.0
2021-07-09,1.027,1.037,1.013,1.032,1723469.0
2021-07-12,1.035,1.056,1.035,1.052,1679653.0
2021-07-13,1.055,1.061,1.05,1.06,1880056.0
2021-07-14,1.062,1.063,1.044,1.046,2288086.0
2021-07-15,1.041,1.046,1.026,1.043,2128384.0
2021-07-16,1.043,1.058,1.038,1.044,2033104.0
2021-07-19,1.039,1.048,1.036,1.043,1839159.0
2021-07-20,1.032,1.052,1.032,1.051,1634513.0
2021-07-21,1.052,1.074,1.051,1.07,1853627.0
2021-07-22,1.072,1.079,1.063,1.075,1426729.0
2021-07-23,1.076,1.081,1.064,1.069,1618358.0
2021-07-26,1.067,1.072,1.032,1.055,2144552.0
2021-07-27,1.056,1.067,1.023,1.025,2460532.0
2021-07-28,1.024,1.024,0.978,1.005,2138274.0
2021-07-29,1.013,1.049,1.011,1.044,2082209.0
2021-07-30,1.044,1.058,1.035,1.055,2034228.0
2021-08-02,1.052,1.079,1.05,1.078,1774131.0
2021-08-03,1.071,1.076,1.054,1.057,1894294.0
2021-08-04,1.054,1.086,1.05,1.084,1675010.0
2021-08-05,1.08,1.086,1.071,1.08,1714493.0
2021-08-06,1.081,1.086,1.074,1.086,1671288.0
2021-08-09,1.084,1.089,1.07,1.087,1976888.0
2021-08-10,1.086,1.097,1.082,1.096,1931227.0
2021-08-11,1.096,1.106,1.086,1.105,1730873.0
2021-08-12,1.105,1.116,1.102,1.113,1948084.0
2021-08-13,1.112,1.122,1.104,1.112,2225439.0
2021-08-16,1.11,1.11,1.095,1.098,2098195.0
2021-08-17,1.094,1.1,1.065,1.067,2200348.0
2021-08-18,1.068,1.081,1.065,1.078,2493623.0
2021-08-19,1.073,1.09,1.064,1.087,2112158.0
2021-08-20,1.083,1.092,1.068,1.091,2282243.0
2021-08-23,1.092,1.116,1.09,1.113,2799768.0
2021-08-24,1.12,1.129,1.106,1.124,2284138.0
2021-08-25,1.122,1.127,1.113,1.127,2199599.0
2021-08-26,1.124,1.129,1.111,1.113,2122770.0
2021-08-27,1.109,1.119,1.101,1.116,2618768.0
2021-08-30,1.115,1.135,1.115,1.121,2749339.0
2021-08-31,1.119,1.124,1.11,1.124,2591638.0
2021-09-01,1.125,1.126,1.087,1.103,2332888.0
2021-09-02,1.101,1.12,1.094,1.12,2009454.0
2021-09-03,1.123,1.13,1.096,1.108,2574594.0
2021-09-06,1.108,1.126,1.095,1.124,2071510.0
2021-09-07,1.123,1.148,1.12,1.145,2397445.0
2021-09-08,1.144,1.153,1.142,1.152,2008204.0
2021-09-09,1.148,1.151,1.137,1.146,1647579.0
2021-09-10,1.146,1.156,1.137,1.154,2556268.0
2021-09-13,1.15,1.157,1.145,1.155,1468980.0
2021-09-14,1.155,1.17,1.147,1.15,1872548.0
2021-09-15,1.145,1.161,1.141,1.16,1659561.0
2021-09-16,1.165,1.168,1.123,1.124,2971080.0
2021-09-17,1.121,1.132,1.098,1.126,3000672.0
2021-09-22,1.114,1.132,1.111,1.131,1666369.0
2021-09-23,1.135,1.142,1.13,1.134,1718460.0
2021-09-24,1.134,1.134,1.114,1.118,2097978.0
2021-09-27,1.115,1.122,1.073,1.082,2302070.0
2021-09-28,1.081,1.089,1.076,1.084,1601326.0
2021-09-29,1.075,1.078,1.046,1.049,1644135.0
2021-09-30,1.051,1.076,1.05,1.074,1659362.0
2021-10-08,1.083,1.092,1.073,1.08,1319948.0
2021-10-11,1.075,1.08,1.066,1.073,1476400.0
2021-10-12,1.068,1.07,1.034,1.046,1565933.0
2021-10-13,1.041,1.06,1.038,1.058,1319224.0
2021-10-14,1.05,1.071,1.05,1.067,1441086.0
2021-10-15,1.064,1.071,1.058,1.068,1036732.0
2021-10-18,1.062,1.079,1.062,1.078,1307042.0
2021-10-19,1.077,1.091,1.073,1.09,1324732.0
2021-10-20,1.086,1.097,1.081,1.094,1596648.0
2021-10-21,1.091,1.096,1.084,1.086,1326723.0
2021-10-22,1.086,1.093,1.077,1.079,2002173.0
2021-10-25,1.081,1.095,1.076,1.095,1303273.0
2021-10-26,1.096,1.102,1.087,1.093,1221912.0
2021-10-27,1.088,1.089,1.075,1.081,1372415.0
2021-10-28,1.078,1.078,1.055,1.057,1323527.0
2021-10-29,1.056,1.075,1.051,1.075,1130791.0
2021-11-01,1.07,1.087,1.067,1.083,1069710.0
2021-11-02,1.081,1.089,1.06,1.072,1248329.0
2021-11-03,1.068,1.074,1.061,1.073,1092438.0
2021-11-04,1.074,1.088,1.074,1.087,998343.0
2021-11-05,1.087,1.088,1.071,1.072,1173928.0
2021-11-08,1.072,1.079,1.067,1.079,1391797.0
2021-11-09,1.077,1.096,1.077,1.094,1361472.0
2021-11-10,1.094,1.096,1.079,1.095,1494123.0
2021-11-11,1.095,1.108,1.091,1.106,1402948.0
2021-11-12,1.106,1.121,1.103,1.12,1695359.0
2021-11-15,1.127,1.128,1.111,1.116,2143611.0
2021-11-16,1.115,1.119,1.1,1.104,1765195.0
2021-11-17,1.102,1.125,1.101,1.125,2138549.0
2021-11-18,1.124,1.13,1.115,1.121,2436716.0
2021-11-19,1.115,1.136,1.115,1.135,2116569.0
2021-11-22,1.135,1.16,1.135,1.159,2572718.0
2021-11-23,1.158,1.159,1.151,1.156,1730406.0
2021-11-24,1.155,1.159,1.149,1.155,1922848.0
2021-11-25,1.153,1.156,1.148,1.151,1588706.0
2021-11-26,1.149,1.158,1.146,1.154,1526751.0
2021-11-29,1.145,1.165,1.14,1.164,1710742.0
2021-11-30,1.168,1.176,1.161,1.171,3146955.0
2021-12-01,1.169,1.172,1.161,1.172,2779407.0
2021-12-02,1.168,1.169,1.155,1.157,2167359.0
2021-12-03,1.156,1.168,1.153,1.164,1904470.0
2021-12-06,1.164,1.165,1.146,1.147,2761308.0
2021-12-07,1.151,1.161,1.121,1.129,2891978.0
2021-12-08,1.131,1.151,1.131,1.148,2149617.0
2021-12-09,1.148,1.155,1.145,1.155,1877284.0
2021-12-10,1.151,1.175,1.148,1.168,1492084.0
2021-12-13,1.158,1.163,1.152,1.159,1581483.0
2021-12-14,1.154,1.163,1.153,1.162,1751684.0
2021-12-15,1.159,1.165,1.153,1.158,1515359.0
2021-12-16,1.16,1.164,1.155,1.162,1282433.0
2021-12-17,1.161,1.162,1.146,1.147,1631877.0
2021-12-20,1.145,1.151,1.124,1.128,1512043.0
2021-12-21,1.128,1.142,1.126,1.142,1252461.0
2021-12-22,1.145,1.153,1.14,1.151,1882650.0
2021-12-23,1.151,1.156,1.145,1.151,1289255.0
2021-12-24,1.151,1.153,1.13,1.132,1624183.0
2021-12-27,1.128,1.139,1.126,1.132,974295.0
2021-12-28,1.134,1.144,1.13,1.143,1217406.0
2021-12-29,1.144,1.146,1.139,1.143,1183058.0
2021-12-30,1.141,1.156,1.14,1.152,1187536.0
2021-12-31,1.152,1.168,1.152,1.166,1334923.0
2022-01-04,1.167,1.174,1.155,1.161,1765720.0
2022-01-05,1.161,1.161,1.126,1.131,2215219.0
2022-01-06,1.124,1.145,1.121,1.138,2491382.0
2022-01-07,1.14,1.142,1.114,1.118,2510088.0
2022-01-10,1.111,1.127,1.108,1.123,1955834.0
2022-01-11,1.121,1.128,1.109,1.112,1717007.0
2022-01-12,1.113,1.133,1.113,1.132,1581960.0
2022-01-13,1.129,1.131,1.111,1.111,1799002.0
2022-01-14,1.106,1.12,1.101,1.115,1563666.0
2022-01-17,1.113,1.137,1.113,1.136,1705336.0
2022-01-18,1.135,1.138,1.125,1.13,1856883.0
2022-01-19,1.125,1.128,1.108,1.114,1723690.0
2022-01-20,1.113,1.113,1.089,1.09,1893780.0
2022-01-21,1.086,1.09,1.072,1.073,1774048.0
2022-01-24,1.065,1.085,1.065,1.079,1961255.0
2022-01-25,1.071,1.08,1.036,1.037,2075250.0
2022-01-26,1.038,1.05,1.029,1.044,2442764.0
2022-01-27,1.039,1.046,1.011,1.012,1878438.0
2022-01-28,1.018,1.028,0.996,1.016,1816059.0
2022-02-07,1.024,1.03,1.02,1.026,1906118.0
2022-02-08,1.023,1.034,1.008,1.034,2030312.0
2022-02-09,1.034,1.049,1.025,1.048,1656229.0
2022-02-10,1.05,1.05,1.036,1.045,1999842.0
2022-02-11,1.041,1.041,1.02,1.023,2043169.0
2022-02-14,1.014,1.031,1.01,1.016,1703753.0
2022-02-15,1.016,1.038,1.015,1.037,1951141.0
2022-02-16,1.041,1.048,1.037,1.045,1493746.0
2022-02-17,1.044,1.057,1.036,1.049,1821238.0
2022-02-18,1.044,1.056,1.038,1.053,1465276.0
2022-02-21,1.052,1.068,1.052,1.066,1274357.0
2022-02-22,1.059,1.064,1.049,1.06,2537068.0
2022-02-23,1.062,1.085,1.06,1.085,1781536.0
2022-02-24,1.073,1.086,1.042,1.059,2717424.0
2022-02-25,1.069,1.082,1.064,1.069,1878104.0
2022-02-28,1.07,1.08,1.058,1.078,1827949.0
2022-03-01,1.081,1.085,1.071,1.08,1713232.0
2022-03-02,1.072,1.08,1.067,1.078,1397435.0
2022-03-03,1.082,1.085,1.064,1.067,1710740.0
2022-03-04,1.054,1.07,1.05,1.054,1483721.0
2022-03-07,1.047,1.05,1.023,1.027,1686390.0
2022-03-08,1.027,1.032,0.993,0.996,2315209.0
2022-03-09,0.996,1.005,0.948,0.985,2829517.0
2022-03-10,1.003,1.019,1.001,1.009,2268600.0
2022-03-11,0.992,1.017,0.985,1.016,2294035.0
2022-03-14,1.0,1.014,0.986,0.988,2543111.0
2022-03-15,0.979,0.987,0.939,0.941,2258385.0
2022-03-16,0.952,0.977,0.92,0.972,3199261.0
2022-03-17,0.977,1.006,0.977,0.99,3346206.0
2022-03-18,0.982,1.001,0.982,1.0,1686449.0
2022-03-21,1.008,1.014,0.999,1.011,1976916.0
2022-03-22,1.006,1.016,1.001,1.006,1557035.0
2022-03-23,1.01,1.015,1.003,1.013,1431458.0
2022-03-24,1.005,1.011,0.995,1.0,1596122.0
2022-03-25,1.001,1.008,0.989,0.992,1401992.0
2022-03-28,0.982,0.993,0.973,0.982,1617209.0
2022-03-29,0.987,0.988,0.974,0.976,1232755.0
2022-03-30,0.982,1.001,0.979,0.999,3219270.0
2022-03-31,0.997,0.998,0.983,0.985,1624972.0
2022-04-01,0.974,0.988,0.971,0.986,1433450.0
2022-04-06,0.981,0.984,0.974,0.982,1528416.0
2022-04-07,0.976,0.984,0.962,0.963,1395359.0
2022-04-08,0.963,0.966,0.942,0.956,1585305.0
2022-04-11,0.949,0.949,0.915,0.922,1873388.0
2022-04-12,0.923,0.934,0.909,0.933,1852042.0
2022-04-13,0.924,0.928,0.913,0.916,2370453.0
2022-04-14,0.922,0.929,0.915,0.922,2165846.0
2022-04-15,0.915,0.921,0.904,0.912,2445030.0
2022-04-18,0.905,0.921,0.896,0.92,1652789.0
2022-04-19,0.915,0.926,0.915,0.923,1592778.0
2022-04-20,0.92,0.925,0.902,0.904,1396146.0
2022-04-21,0.9,0.906,0.867,0.868,1776342.0
2022-04-22,0.863,0.868,0.851,0.858,2333810.0
2022-04-25,0.84,0.846,0.788,0.793,2863781.0
2022-04-26,0.788,0.798,0.764,0.768,4294683.0
2022-04-27,0.762,0.808,0.751,0.807,3177134.0
2022-04-28,0.796,0.81,0.789,0.797,2488472.0
2022-04-29,0.805,0.839,0.798,0.835,2700542.0
2022-05-05,0.831,0.857,0.823,0.85,2102215.0
2022-05-06,0.832,0.846,0.828,0.839,1876185.0
2022-05-09,0.832,0.852,0.83,0.85,1810666.0
2022-05-10,0.837,0.867,0.835,0.864,2298511.0
2022-05-11,0.867,0.894,0.864,0.873,1970927.0
2022-05-12,0.865,0.885,0.865,0.878,1717713.0
2022-05-13,0.882,0.891,0.872,0.885,2137794.0
2022-05-16,0.888,0.896,0.88,0.887,1547203.0
2022-05-17,0.884,0.892,0.874,0.891,1661488.0
2022-05-18,0.891,0.9,0.885,0.891,2151577.0
2022-05-19,0.878,0.903,0.875,0.902,1537470.0
2022-05-20,0.9,0.913,0.897,0.91,2067638.0
2022-05-23,0.912,0.926,0.911,0.925,1610781.0
2022-05-24,0.92,0.924,0.884,0.887,2186088.0
2022-05-25,0.886,0.902,0.883,0.902,2294867.0
2022-05-26,0.9,0.915,0.887,0.91,2499850.0
2022-05-27,0.913,0.915,0.897,0.908,2401286.0
2022-05-30,0.905,0.917,0.898,0.916,1709574.0
2022-05-31,0.915,0.929,0.906,0.925,2547785.0
2022-06-01,0.92,0.933,0.918,0.929,1577090.0
2022-06-02,0.928,0.943,0.923,0.939,2176874.0
2022-06-06,0.936,0.966,0.936,0.963,1978481.0
2022-06-07,0.962,0.967,0.954,0.961,1896363.0
2022-06-08,0.959,0.972,0.944,0.964,2163995.0
2022-06-09,0.957,0.962,0.941,0.947,2011356.0
2022-06-10,0.941,0.969,0.939,0.968,1516667.0
2022-06-13,0.963,0.977,0.953,0.975,1803241.0
2022-06-14,0.968,0.976,0.941,0.975,2481820.0
2022-06-15,0.972,0.988,0.97,0.971,2442639.0
2022-06-16,0.97,0.988,0.97,0.98,1923035.0
2022-06-17,0.971,0.992,0.967,0.991,2353100.0
2022-06-20,0.991,1.005,0.989,1.0,2079638.0
2022-06-21,0.999,1.001,0.981,0.989,2609780.0
2022-06-22,0.988,0.995,0.976,0.977,2302702.0
2022-06-23,0.975,1.001,0.971,1.0,2180010.0
2022-06-24,1.0,1.018,1.0,1.011,2805090.0
2022-06-27,1.013,1.026,1.013,1.022,2771544.0
2022-06-28,1.023,1.037,1.018,1.035,4076300.0
2022-06-29,1.032,1.034,1.008,1.013,2895121.0
2022-06-30,1.01,1.028,1.01,1.021,2341806.0
2022-07-01,1.019,1.03,1.016,1.024,2323891.0
2022-07-04,1.024,1.035,1.014,1.033,2330116.0
2022-07-05,1.032,1.039,1.016,1.03,2896786.0
2022-07-06,1.028,1.03,1.008,1.017,3428150.0
2022-07-07,1.017,1.032,1.01,1.029,3199694.0
2022-07-08,1.03,1.035,1.022,1.024,3669073.0
2022-07-11,1.018,1.018,0.998,1.009,4115606.0
2022-07-12,1.008,1.011,0.99,0.991,3657359.0
2022-07-13,0.991,1.002,0.985,0.999,3901807.0
2022-07-14,0.997,1.017,0.995,1.013,3306903.0
2022-07-15,1.01,1.02,1.001,1.002,3767229.0
2022-07-18,1.001,1.019,1.001,1.017,5888866.0
2022-07-19,1.02,1.031,1.015,1.026,6654451.0
2022-07-20,1.03,1.041,1.027,1.041,8965346.0
2022-07-21,1.041,1.045,1.034,1.035,11019136.0
2022-07-22,1.036,1.042,1.018,1.028,21120995.0
2022-07-25,1.026,1.033,1.012,1.014,13788702.0
2022-07-26,1.015,1.031,1.01,1.03,17316708.0
2022-07-27,1.028,1.04,1.024,1.039,17552357.0
2022-07-28,1.041,1.053,1.04,1.047,23067442.0
2022-07-29,1.047,1.051,1.04,1.043,26578040.0
2022-08-01,1.035,1.051,1.03,1.049,20572828.0
2022-08-02,1.039,1.039,1.003,1.02,23986035.0
2022-08-03,1.017,1.035,1.008,1.012,18641874.0
2022-08-04,1.013,1.019,1.0,1.017,22227521.0
2022-08-05,1.014,1.04,1.014,1.04,16269241.0
2022-08-08,1.036,1.051,1.034,1.048,13131817.0
2022-08-09,1.047,1.055,1.04,1.053,10741536.0
2022-08-10,1.046,1.056,1.046,1.053,12494378.0
2022-08-11,1.059,1.068,1.054,1.067,17569250.0
2022-08-12,1.064,1.07,1.056,1.057,12584968.0
2022-08-15,1.053,1.068,1.051,1.064,13542828.0
2022-08-16,1.064,1.077,1.062,1.07,13828761.0
2022-08-17,1.072,1.074,1.063,1.071,14245458.0
2022-08-18,1.067,1.077,1.067,1.076,13161196.0
2022-08-19,1.076,1.079,1.057,1.058,12714510.0
2022-08-22,1.054,1.067,1.047,1.064,15037480.0
2022-08-23,1.061,1.069,1.06,1.069,15346241.0
2022-08-24,1.065,1.069,1.027,1.03,19578000.0
2022-08-25,1.029,1.032,1.014,1.027,14226686.0
2022-08-26,1.025,1.038,1.017,1.021,12612576.0
2022-08-29,1.009,1.028,1.003,1.025,13815207.0
2022-08-30,1.025,1.027,1.015,1.02,17050916.0
2022-08-31,1.015,1.02,0.985,0.988,22256540.0
2022-09-01,0.983,0.996,0.978,0.982,19380579.0
2022-09-05,0.986,0.999,0.983,0.992,6338251.0
2022-09-06,0.996,1.012,0.991,1.011,6743230.0
2022-09-07,1.009,1.022,1.007,1.017,5550310.0
2022-09-08,1.018,1.021,1.008,1.009,5246127.0
2022-09-09,1.009,1.013,1.002,1.012,7221364.0
2022-09-13,1.014,1.018,1.006,1.009,5802034.0
2022-09-14,0.998,1.002,0.992,0.998,5767298.0
2022-09-15,0.998,1.003,0.955,0.967,8840341.0
2022-09-16,0.96,0.969,0.945,0.947,7637580.0
2022-09-19,0.942,0.95,0.929,0.936,6775496.0
2022-09-20,0.939,0.956,0.936,0.947,5193688.0
2022-09-21,0.945,0.952,0.933,0.947,6797740.0
2022-09-22,0.939,0.959,0.937,0.949,5611800.0
2022-09-23,0.949,0.952,0.922,0.931,7554883.0
2022-09-26,0.924,0.938,0.918,0.918,7391910.0
2022-09-27,0.92,0.937,0.919,0.936,9218457.0
2022-09-28,0.932,0.936,0.908,0.908,6053848.0
2022-09-29,0.916,0.923,0.905,0.912,7147457.0
2022-09-30,0.912,0.914,0.894,0.894,6433496.0
2022-10-10,0.892,0.899,0.871,0.876,5750055.0
2022-10-11,0.875,0.882,0.869,0.878,5653881.0
2022-10-12,0.877,0.904,0.863,0.904,8699466.0
2022-10-13,0.898,0.922,0.896,0.914,8511568.0
2022-10-14,0.918,0.941,0.918,0.938,5733861.0
2022-10-17,0.932,0.948,0.929,0.944,6074511.0
2022-10-18,0.947,0.957,0.94,0.95,6410229.0
2022-10-19,0.946,0.956,0.943,0.944,5459752.0
2022-10-20,0.937,0.956,0.925,0.941,10410664.0
2022-10-21,0.94,0.946,0.932,0.94,6012078.0
2022-10-24,0.94,0.961,0.924,0.936,8398588.0
2022-10-25,0.927,0.937,0.912,0.928,6870438.0
2022-10-26,0.928,0.959,0.928,0.95,12270815.0
2022-10-27,0.954,0.957,0.943,0.945,8051513.0
2022-10-28,0.938,0.943,0.907,0.91,8100327.0
2022-10-31,0.903,0.929,0.903,0.92,7206304.0
2022-11-01,0.921,0.945,0.916,0.945,8982036.0
2022-11-02,0.943,0.958,0.94,0.954,6435972.0
2022-11-03,0.948,0.962,0.948,0.959,4897121.0
2022-11-04,0.959,0.985,0.957,0.984,7497603.0
2022-11-07,0.982,0.988,0.972,0.98,6456919.0
2022-11-08,0.977,0.98,0.971,0.979,6227681.0
2022-11-09,0.979,0.985,0.972,0.975,5692791.0
2022-11-10,0.97,0.974,0.963,0.966,7701095.0
2022-11-11,0.99,0.993,0.969,0.969,10131569.0
2022-11-14,0.969,0.979,0.959,0.963,9216750.0
2022-11-15,0.959,0.986,0.959,0.986,6466110.0
2022-11-16,0.986,0.989,0.977,0.978,6236468.0
2022-11-17,0.976,0.982,0.968,0.98,6578993.0
2022-11-18,0.981,0.986,0.97,0.972,7789657.0
2022-11-21,0.966,0.978,0.962,0.976,4967542.0
2022-11-22,0.974,0.977,0.957,0.963,10397190.0
2022-11-23,0.96,0.964,0.942,0.96,5706180.0
2022-11-24,0.961,0.966,0.956,0.961,5344543.0
2022-11-25,0.959,0.96,0.95,0.952,3764477.0
2022-11-28,0.937,0.95,0.934,0.948,5395330.0
2022-11-29,0.95,0.967,0.949,0.963,7193491.0
2022-11-30,0.963,0.966,0.958,0.962,5776169.0
2022-12-01,0.974,0.98,0.969,0.972,5331708.0
2022-12-02,0.967,0.983,0.967,0.975,5096919.0
2022-12-05,0.98,0.983,0.974,0.979,5303539.0
2022-12-06,0.976,0.984,0.972,0.978,6282370.0
2022-12-07,0.978,0.984,0.972,0.978,5364379.0
2022-12-08,0.978,0.978,0.97,0.973,6345406.0
2022-12-09,0.972,0.978,0.967,0.976,5965858.0
2022-12-12,0.976,0.978,0.967,0.972,4649133.0
2022-12-13,0.971,0.973,0.963,0.965,3783817.0
2022-12-14,0.961,0.969,0.957,0.959,4871929.0
2022-12-15,0.957,0.965,0.956,0.963,4550363.0
2022-12-16,0.959,0.961,0.949,0.954,6026668.0
2022-12-19,0.955,0.957,0.931,0.935,6455240.0
2022-12-20,0.934,0.934,0.923,0.925,6630079.0
2022-12-21,0.927,0.928,0.912,0.92,6554398.0
2022-12-22,0.922,0.923,0.901,0.906,5198806.0
2022-12-23,0.901,0.907,0.893,0.899,6976723.0
2022-12-26,0.9,0.918,0.9,0.915,6523566.0
2022-12-27,0.92,0.923,0.912,0.923,4363436.0
2022-12-28,0.921,0.921,0.914,0.916,5905662.0
2022-12-29,0.91,0.923,0.91,0.915,5735949.0
2022-12-30,0.919,0.92,0.914,0.916,6107505.0
2023-01-03,0.916,0.94,0.914,0.937,8331312.0
2023-01-04,0.937,0.94,0.931,0.937,6126669.0
2023-01-05,0.939,0.948,0.936,0.947,5357602.0
2023-01-06,0.947,0.955,0.945,0.949,4714405.0
2023-01-09,0.95,0.959,0.95,0.953,5173508.0
2023-01-10,0.952,0.956,0.948,0.955,4731222.0
2023-01-11,0.954,0.959,0.946,0.948,6319171.0
2023-01-12,0.947,0.955,0.945,0.948,5401686.0
2023-01-13,0.948,0.954,0.946,0.953,5001341.0
2023-01-16,0.954,0.969,0.954,0.964,11846074.0
2023-01-17,0.964,0.968,0.961,0.963,6590668.0
2023-01-18,0.965,0.971,0.963,0.965,5735305.0
2023-01-19,0.965,0.977,0.962,0.977,7173348.0
2023-01-20,0.977,0.987,0.977,0.986,11808848.0
2023-01-30,0.997,1.001,0.989,0.99,8532419.0
2023-01-31,0.99,0.997,0.987,0.993,7322828.0
2023-02-01,0.994,1.01,0.994,1.009,7160094.0
2023-02-02,1.01,1.019,1.008,1.011,7916167.0
2023-02-03,1.008,1.012,0.996,1.01,7251938.0
2023-02-06,1.005,1.011,0.999,1.008,6523828.0
2023-02-07,1.009,1.011,1.001,1.01,10142395.0
2023-02-08,1.011,1.012,1.002,1.003,6714086.0
2023-02-09,1.001,1.025,0.999,1.024,10182072.0
2023-02-10,1.022,1.024,1.01,1.018,7780780.0
2023-02-13,1.014,1.029,1.014,1.028,7434313.0
2023-02-14,1.029,1.031,1.025,1.03,5456512.0
2023-02-15,1.031,1.032,1.026,1.03,4757291.0
2023-02-16,1.03,1.036,1.003,1.012,8613256.0
2023-02-17,1.011,1.014,1.0,1.002,7929048.0
2023-02-20,1.002,1.015,0.995,1.014,8785280.0
2023-02-21,1.014,1.023,1.011,1.019,5470174.0
2023-02-22,1.017,1.024,1.012,1.022,4692244.0
2023-02-23,1.021,1.023,1.009,1.017,4626301.0
2023-02-24,1.016,1.02,1.006,1.013,5318072.0
2023-02-27,1.009,1.013,1.002,1.007,6273385.0
2023-02-28,1.007,1.016,1.001,1.015,4707684.0
2023-03-01,1.015,1.023,1.01,1.022,4140546.0
2023-03-02,1.022,1.025,1.015,1.017,4402342.0
2023-03-03,1.017,1.022,1.009,1.016,5291725.0
2023-03-06,1.015,1.022,1.01,1.019,4844866.0
2023-03-07,1.021,1.021,0.999,1.001,5105719.0
2023-03-08,0.995,1.006,0.995,1.004,4470043.0
2023-03-09,1.004,1.007,0.998,1.006,4895643.0
2023-03-10,1.001,1.003,0.991,0.992,5658251.0
2023-03-13,0.99,0.998,0.984,0.997,4903908.0
2023-03-14,0.997,0.997,0.976,0.987,4891434.0
2023-03-15,0.992,0.999,0.99,0.992,3930104.0
2023-03-16,0.99,0.99,0.975,0.977,4580919.0
2023-03-17,0.982,0.991,0.979,0.984,5780563.0
2023-03-20,0.985,0.989,0.977,0.98,4679060.0
2023-03-21,0.98,0.994,0.98,0.993,4796690.0
2023-03-22,0.994,0.998,0.993,0.997,4138039.0
2023-03-23,0.997,1.001,0.994,1.001,4655454.0
2023-03-24,1.001,1.003,0.998,1.001,3736134.0
2023-03-27,1.001,1.006,0.996,1.003,3790344.0
2023-03-28,1.007,1.007,0.995,0.997,4212527.0
2023-03-29,1.0,1.004,0.991,0.994,4824041.0
2023-03-30,0.992,0.995,0.986,0.994,4781083.0
2023-03-31,0.994,1.003,0.994,1.002,3979778.0
2023-04-03,1.003,1.017,1.003,1.016,5558426.0
2023-04-04,1.018,1.018,1.009,1.014,4276213.0
2023-04-06,1.012,1.019,1.01,1.018,4159097.0
2023-04-07,1.018,1.028,1.017,1.027,2958890.0
2023-04-10,1.029,1.029,1.015,1.017,3614718.0
2023-04-11,1.016,1.021,1.014,1.018,3588093.0
2023-04-12,1.019,1.024,1.018,1.023,3856953.0
2023-04-13,1.024,1.024,1.016,1.017,3553957.0
2023-04-14,1.018,1.024,1.015,1.023,3838311.0
2023-04-17,1.023,1.025,1.02,1.024,2937657.0
2023-04-18,1.02,1.025,1.016,1.02,3558270.0
2023-04-19,1.019,1.022,1.014,1.016,3377295.0
2023-04-20,1.014,1.016,1.01,1.016,3629479.0
2023-04-21,1.014,1.015,0.99,0.99,4321147.0
2023-04-24,0.99,0.992,0.978,0.982,5185965.0
2023-04-25,0.98,0.983,0.952,0.964,7640157.0
2023-04-26,0.963,0.972,0.961,0.967,5582650.0
2023-04-27,0.964,0.975,0.964,0.969,7394135.0
2023-04-28,0.969,0.984,0.969,0.984,5702761.0
2023-05-04,0.981,0.984,0.977,0.982,4438145.0
2023-05-05,0.98,0.981,0.965,0.971,4419532.0
2023-05-08,0.969,0.981,0.969,0.977,5389085.0
2023-05-09,0.979,0.979,0.965,0.965,4097924.0
2023-05-10,0.963,0.972,0.961,0.967,4218297.0
2023-05-11,0.968,0.972,0.965,0.966,3685978.0
2023-05-12,0.964,0.969,0.954,0.954,3952464.0
2023-05-15,0.954,0.962,0.945,0.961,3873218.0
2023-05-16,0.961,0.961,0.949,0.952,3873097.0
2023-05-17,0.952,0.959,0.95,0.957,4467587.0
2023-05-18,0.956,0.963,0.956,0.961,4273411.0
2023-05-19,0.96,0.969,0.955,0.965,4421555.0
2023-05-22,0.964,0.967,0.957,0.963,3959473.0
2023-05-23,0.964,0.966,0.953,0.954,3616086.0
2023-05-24,0.954,0.961,0.948,0.952,4036863.0
2023-05-25,0.951,0.958,0.939,0.95,4692849.0
2023-05-26,0.947,0.961,0.943,0.959,4752977.0
2023-05-29,0.961,0.964,0.952,0.957,3676099.0
2023-05-30,0.957,0.962,0.946,0.961,4392254.0
2023-05-31,0.961,0.963,0.954,0.961,4409326.0
2023-06-01,0.96,0.969,0.955,0.963,4345874.0
2023-06-02,0.965,0.972,0.965,0.97,4418714.0
2023-06-05,0.97,0.973,0.967,0.97,3971506.0
2023-06-06,0.97,0.97,0.948,0.95,4794991.0
2023-06-07,0.952,0.956,0.948,0.95,3661063.0
2023-06-08,0.949,0.95,0.938,0.945,3785163.0
2023-06-09,0.945,0.953,0.942,0.952,3896222.0
2023-06-12,0.952,0.96,0.95,0.956,4246455.0
2023-06-13,0.957,0.962,0.956,0.96,4335080.0
2023-06-14,0.96,0.966,0.959,0.964,3904859.0
2023-06-15,0.967,0.972,0.963,0.969,3956823.0
2023-06-16,0.968,0.979,0.968,0.978,4241747.0
2023-06-19,0.977,0.983,0.976,0.981,5029946.0
2023-06-20,0.982,0.985,0.978,0.982,4878172.0
2023-06-21,0.982,0.982,0.962,0.963,5546871.0
2023-06-26,0.959,0.961,0.942,0.945,8070219.0
2023-06-27,0.946,0.957,0.945,0.955,4178830.0
2023-06-28,0.955,0.955,0.936,0.953,6959910.0
2023-06-29,0.952,0.96,0.949,0.957,6264818.0
2023-06-30,0.955,0.973,0.955,0.972,5189201.0
2023-07-03,0.972,0.977,0.965,0.97,3979243.0
2023-07-04,0.968,0.975,0.968,0.974,4586647.0
2023-07-05,0.972,0.977,0.965,0.967,4365407.0
2023-07-06,0.964,0.973,0.963,0.964,4782258.0
2023-07-07,0.963,0.964,0.953,0.96,4128959.0
2023-07-10,0.962,0.965,0.956,0.96,3415252.0
2023-07-11,0.96,0.968,0.958,0.968,3578223.0
2023-07-12,0.967,0.968,0.953,0.954,3835418.0
2023-07-13,0.956,0.965,0.955,0.963,4747572.0
2023-07-14,0.964,0.966,0.961,0.962,3855609.0
2023-07-17,0.959,0.96,0.952,0.959,4258532.0
2023-07-18,0.958,0.961,0.954,0.958,3198341.0
2023-07-19,0.957,0.961,0.95,0.956,3084999.0
2023-07-20,0.956,0.959,0.942,0.944,6729798.0
2023-07-21,0.942,0.949,0.939,0.942,6413246.0
2023-07-24,0.94,0.948,0.938,0.94,3636666.0
2023-07-25,0.946,0.957,0.946,0.955,6175507.0
2023-07-26,0.953,0.955,0.948,0.951,4228792.0
2023-07-27,0.952,0.954,0.942,0.944,3751108.0
2023-07-28,0.94,0.953,0.938,0.952,6037254.0
2023-07-31,0.952,0.965,0.952,0.958,4744875.0
2023-08-01,0.958,0.96,0.954,0.956,3735023.0
2023-08-02,0.956,0.958,0.951,0.955,4311270.0
2023-08-03,0.954,0.956,0.949,0.955,5120808.0
2023-08-04,0.958,0.966,0.956,0.961,4105511.0
2023-08-07,0.96,0.963,0.955,0.956,3769755.0
2023-08-08,0.955,0.957,0.949,0.952,3816484.0
2023-08-09,0.95,0.952,0.944,0.945,4377638.0
2023-08-10,0.945,0.948,0.94,0.944,3652491.0
2023-08-11,0.944,0.946,0.927,0.927,4216843.0
2023-08-14,0.923,0.93,0.914,0.929,4534113.0
2023-08-15,0.928,0.931,0.913,0.922,4628547.0
2023-08-16,0.918,0.921,0.91,0.911,3908604.0
2023-08-17,0.909,0.921,0.901,0.918,4663986.0
2023-08-18,0.921,0.922,0.9,0.9,3724776.0
2023-08-21,0.899,0.906,0.89,0.891,4977448.0
2023-08-22,0.894,0.898,0.88,0.896,6140117.0
2023-08-23,0.892,0.893,0.878,0.879,5807583.0
2023-08-24,0.881,0.89,0.874,0.88,4785892.0
2023-08-25,0.877,0.881,0.861,0.866,6318592.0
2023-08-28,0.916,0.916,0.868,0.871,9181696.0
2023-08-29,0.873,0.903,0.871,0.897,10673646.0
2023-08-30,0.897,0.911,0.897,0.902,6123536.0
2023-08-31,0.901,0.902,0.895,0.899,4530235.0
2023-09-01,0.9,0.904,0.895,0.899,4241653.0
2023-09-04,0.9,0.912,0.897,0.912,4903749.0
2023-09-05,0.91,0.913,0.904,0.907,5948221.0
2023-09-06,0.903,0.913,0.898,0.91,4742586.0
2023-09-07,0.91,0.91,0.894,0.895,6122885.0
2023-09-08,0.893,0.9,0.892,0.897,4797775.0
2023-09-11,0.896,0.913,0.894,0.91,4241470.0
2023-09-12,0.907,0.914,0.907,0.909,3098728.0
2023-09-13,0.908,0.908,0.891,0.897,4167541.0
2023-09-14,0.897,0.897,0.888,0.894,3550028.0
2023-09-15,0.894,0.9,0.889,0.895,4450205.0
2023-09-18,0.891,0.899,0.888,0.895,3845096.0
2023-09-19,0.895,0.896,0.885,0.889,3589780.0
2023-09-20,0.887,0.889,0.88,0.881,4178861.0
2023-09-21,0.877,0.883,0.873,0.874,3819428.0
2023-09-22,0.873,0.892,0.872,0.892,5186232.0
2023-09-25,0.888,0.892,0.885,0.887,4699682.0
2023-09-26,0.887,0.888,0.883,0.883,3358028.0
2023-09-27,0.883,0.893,0.881,0.889,4659021.0
2023-09-28,0.889,0.896,0.889,0.895,5011609.0
2023-10-09,0.892,0.895,0.885,0.892,4603525.0
2023-10-10,0.892,0.896,0.887,0.889,3650414.0
2023-10-11,0.892,0.899,0.888,0.891,6211826.0
2023-10-12,0.895,0.898,0.891,0.897,4844102.0
2023-10-13,0.892,0.896,0.892,0.895,3228735.0
2023-10-16,0.896,0.897,0.882,0.885,4866148.0
2023-10-17,0.885,0.887,0.878,0.884,2751098.0
2023-10-18,0.881,0.882,0.868,0.869,4114997.0
2023-10-19,0.866,0.872,0.859,0.86,4105787.0
2023-10-20,0.858,0.862,0.847,0.851,4255398.0
2023-10-23,0.847,0.848,0.824,0.829,4983422.0
2023-10-24,0.83,0.844,0.826,0.84,4171145.0
2023-10-25,0.847,0.854,0.846,0.849,4218015.0
2023-10-26,0.847,0.857,0.842,0.855,3870009.0
2023-10-27,0.853,0.874,0.849,0.871,3089521.0
2023-10-30,0.866,0.886,0.866,0.882,3111033.0
2023-10-31,0.88,0.884,0.873,0.878,2521476.0
2023-11-01,0.88,0.881,0.873,0.877,2409891.0
2023-11-02,0.876,0.881,0.867,0.867,3202206.0
2023-11-03,0.87,0.882,0.869,0.878,5105818.0
2023-11-06,0.883,0.897,0.882,0.896,4026041.0
2023-11-07,0.893,0.902,0.892,0.899,4219755.0
2023-11-08,0.897,0.906,0.896,0.903,3484172.0
2023-11-09,0.9,0.906,0.895,0.897,3030057.0
2023-11-10,0.895,0.897,0.89,0.895,2747060.0
2023-11-13,0.898,0.905,0.896,0.904,2652413.0
2023-11-14,0.904,0.911,0.902,0.909,2852381.0
2023-11-15,0.916,0.917,0.909,0.913,3035364.0
2023-11-16,0.909,0.911,0.903,0.903,3057778.0
2023-11-17,0.903,0.914,0.9,0.913,2999021.0
2023-11-20,0.911,0.921,0.908,0.919,2734174.0
2023-11-21,0.921,0.922,0.912,0.913,2393896.0
2023-11-22,0.911,0.916,0.901,0.903,2230827.0
2023-11-23,0.903,0.912,0.897,0.912,3086936.0
2023-11-24,0.911,0.911,0.896,0.899,3319319.0
2023-11-27,0.9,0.901,0.893,0.899,2410330.0
2023-11-28,0.897,0.904,0.891,0.903,2341341.0
2023-11-29,0.903,0.904,0.897,0.9,2238928.0
2023-11-30,0.899,0.9,0.886,0.894,2738405.0
2023-12-01,0.894,0.904,0.89,0.903,3084494.0
2023-12-04,0.902,0.905,0.898,0.899,2114072.0
2023-12-05,0.896,0.896,0.881,0.882,2557139.0
2023-12-06,0.882,0.893,0.878,0.886,2366311.0
2023-12-07,0.884,0.89,0.879,0.885,3315406.0
2023-12-08,0.885,0.892,0.883,0.884,3929045.0
2023-12-11,0.879,0.896,0.874,0.893,5185315.0
2023-12-12,0.892,0.896,0.89,0.895,3672445.0
2023-12-13,0.895,0.895,0.885,0.887,2731288.0
2023-12-14,0.891,0.895,0.882,0.884,3497929.0
2023-12-15,0.885,0.888,0.873,0.877,3576725.0
2023-12-18,0.874,0.876,0.861,0.863,2192727.0
2023-12-19,0.864,0.868,0.857,0.864,2484185.0
2023-12-20,0.864,0.865,0.848,0.849,2337495.0
2023-12-21,0.844,0.857,0.837,0.853,2994420.0
2023-12-22,0.853,0.857,0.842,0.846,2984808.0
2023-12-25,0.844,0.848,0.839,0.844,2871125.0
2023-12-26,0.843,0.844,0.83,0.834,3178739.0
2023-12-27,0.834,0.84,0.829,0.838,3695511.0
2023-12-28,0.835,0.858,0.833,0.855,4967557.0
2023-12-29,0.855,0.868,0.85,0.868,3659420.0
2024-01-02,0.867,0.869,0.861,0.861,4024697.0
2024-01-03,0.859,0.863,0.851,0.857,3848503.0
2024-01-04,0.855,0.857,0.846,0.851,3713291.0
2024-01-05,0.849,0.853,0.833,0.838,3170954.0
2024-01-08,0.835,0.835,0.815,0.816,2975931.0
2024-01-09,0.818,0.826,0.81,0.816,2996766.0
2024-01-10,0.813,0.822,0.803,0.811,2250083.0
2024-01-11,0.81,0.831,0.81,0.827,3490645.0
2024-01-12,0.823,0.832,0.82,0.82,2965608.0
2024-01-15,0.816,0.826,0.812,0.817,2200515.0
2024-01-16,0.817,0.819,0.804,0.815,2847257.0
2024-01-17,0.812,0.814,0.792,0.793,2129943.0
2024-01-18,0.793,0.798,0.767,0.79,4395183.0
2024-01-19,0.786,0.793,0.78,0.78,4561341.0
2024-01-22,0.78,0.78,0.732,0.738,3186689.0
2024-01-23,0.734,0.751,0.724,0.747,3332669.0
2024-01-24,0.749,0.76,0.728,0.759,3385648.0
2024-01-25,0.757,0.785,0.749,0.785,3613915.0
2024-01-26,0.783,0.788,0.772,0.775,3213052.0
2024-01-29,0.775,0.78,0.753,0.754,2971174.0
2024-01-30,0.749,0.757,0.732,0.733,2689563.0
2024-01-31,0.732,0.734,0.703,0.706,3777085.0
2024-02-01,0.702,0.716,0.689,0.7,5483662.0
2024-02-02,0.699,0.707,0.652,0.676,6058867.0
2024-02-05,0.665,0.666,0.615,0.635,49377633.0
2024-02-06,0.622,0.686,0.614,0.678,30463419.0
2024-02-07,0.672,0.715,0.672,0.708,20384000.0
2024-02-08,0.717,0.747,0.713,0.737,14718472.0
2024-02-19,0.741,0.749,0.726,0.738,18948572.0
2024-02-20,0.732,0.744,0.726,0.74,5775770.0
2024-02-21,0.736,0.766,0.732,0.744,9102136.0
2024-02-22,0.743,0.758,0.743,0.757,4912828.0
2024-02-23,0.757,0.77,0.751,0.77,5789010.0
2024-02-26,0.768,0.784,0.763,0.771,5693160.0
2024-02-27,0.768,0.795,0.766,0.794,5747718.0
2024-02-28,0.794,0.805,0.755,0.756,11701569.0
2024-02-29,0.752,0.787,0.751,0.786,6323872.0
2024-03-01,0.785,0.796,0.781,0.795,6397726.0
2024-03-04,0.795,0.799,0.782,0.797,5839041.0
2024-03-05,0.792,0.795,0.784,0.791,19703073.0
2024-03-06,0.788,0.799,0.78,0.79,5295808.0
2024-03-07,0.79,0.799,0.778,0.778,5171245.0
2024-03-08,0.78,0.792,0.775,0.789,3722463.0
2024-03-11,0.786,0.805,0.785,0.804,5732705.0
2024-03-12,0.804,0.813,0.799,0.808,4308202.0
2024-03-13,0.807,0.818,0.804,0.81,3736997.0
2024-03-14,0.809,0.814,0.798,0.806,3539056.0
2024-03-15,0.803,0.819,0.801,0.818,5199976.0
2024-03-18,0.819,0.832,0.816,0.832,5156826.0
2024-03-19,0.828,0.831,0.823,0.824,4547237.0
2024-03-20,0.823,0.833,0.823,0.831,3557120.0
2024-03-21,0.833,0.837,0.825,0.831,3047587.0
2024-03-22,0.83,0.831,0.815,0.821,4638141.0
2024-03-25,0.82,0.824,0.802,0.803,5086326.0
2024-03-26,0.802,0.807,0.791,0.799,4872958.0
2024-03-27,0.797,0.799,0.772,0.773,5169290.0
2024-03-28,0.772,0.799,0.772,0.791,5980010.0
2024-03-29,0.789,0.8,0.785,0.8,5380543.0
2024-04-01,0.801,0.818,0.801,0.816,6076510.0
2024-04-02,0.815,0.816,0.806,0.812,5517541.0
2024-04-03,0.812,0.812,0.801,0.809,5221133.0
2024-04-08,0.805,0.806,0.792,0.793,3274859.0
2024-04-09,0.793,0.804,0.79,0.803,2349480.0
2024-04-10,0.801,0.801,0.782,0.789,2466599.0
2024-04-11,0.784,0.8,0.782,0.79,3198142.0
2024-04-12,0.788,0.795,0.782,0.784,2649391.0
2024-04-15,0.782,0.788,0.765,0.777,3258943.0
2024-04-16,0.774,0.776,0.743,0.744,6948136.0
2024-04-17,0.75,0.778,0.749,0.777,5824024.0
2024-04-18,0.773,0.786,0.767,0.776,6208903.0
2024-04-19,0.772,0.78,0.767,0.772,4814520.0
2024-04-22,0.77,0.78,0.76,0.771,2440870.0
2024-04-23,0.77,0.774,0.762,0.766,2814310.0
2024-04-24,0.765,0.78,0.764,0.78,4414331.0
2024-04-25,0.779,0.788,0.775,0.78,3903094.0
2024-04-26,0.78,0.797,0.778,0.796,8162320.0
2024-04-29,0.799,0.817,0.797,0.815,9467197.0
2024-04-30,0.814,0.816,0.805,0.807,4637974.0
2024-05-06,0.818,0.829,0.817,0.822,7759707.0
2024-05-07,0.821,0.827,0.82,0.825,4513486.0
2024-05-08,0.823,0.823,0.811,0.812,5336885.0
2024-05-09,0.811,0.829,0.811,0.826,3818825.0
2024-05-10,0.829,0.83,0.814,0.819,7534177.0
2024-05-13,0.814,0.817,0.804,0.811,4717901.0
2024-05-14,0.812,0.821,0.81,0.815,3942747.0
2024-05-15,0.814,0.816,0.806,0.808,2245902.0
2024-05-16,0.809,0.815,0.804,0.806,3275784.0
2024-05-17,0.806,0.82,0.804,0.819,4795495.0
2024-05-20,0.819,0.825,0.816,0.822,5249128.0
2024-05-21,0.82,0.821,0.81,0.813,6430071.0
2024-05-22,0.812,0.816,0.809,0.814,2103647.0
2024-05-23,0.812,0.812,0.794,0.797,3188842.0
2024-05-24,0.793,0.801,0.787,0.787,2496852.0
2024-05-27,0.789,0.797,0.778,0.797,2729333.0
2024-05-28,0.793,0.796,0.786,0.787,2502269.0
2024-05-29,0.786,0.794,0.784,0.787,2246476.0
2024-05-30,0.783,0.792,0.781,0.787,2679855.0
2024-05-31,0.788,0.794,0.787,0.789,2995238.0
2024-06-03,0.787,0.789,0.772,0.778,3168990.0
2024-06-04,0.775,0.785,0.772,0.783,3059063.0
2024-06-05,0.781,0.786,0.774,0.774,2497357.0
2024-06-06,0.775,0.779,0.755,0.758,4392620.0
2024-06-07,0.764,0.767,0.753,0.761,4642476.0
2024-06-11,0.757,0.77,0.751,0.768,3365182.0
2024-06-12,0.764,0.772,0.764,0.77,3286368.0
2024-06-13,0.772,0.772,0.763,0.765,2130997.0
2024-06-14,0.763,0.77,0.76,0.767,3993800.0
2024-06-17,0.764,0.771,0.763,0.766,3477312.0
2024-06-18,0.766,0.775,0.766,0.773,5997631.0
2024-06-19,0.774,0.776,0.763,0.763,5789749.0
2024-06-20,0.761,0.765,0.747,0.749,4637103.0
2024-06-21,0.747,0.753,0.743,0.748,3407907.0
2024-06-24,0.744,0.744,0.723,0.724,3587795.0
2024-06-25,0.724,0.727,0.713,0.718,3854625.0
2024-06-26,0.717,0.74,0.713,0.739,4983791.0
2024-06-27,0.735,0.737,0.72,0.721,5411516.0
2024-06-28,0.719,0.737,0.719,0.725,7240613.0
2024-07-01,0.723,0.735,0.716,0.732,6439820.0
2024-07-02,0.73,0.734,0.723,0.726,4129806.0
2024-07-03,0.725,0.727,0.719,0.721,2787296.0
2024-07-04,0.722,0.724,0.702,0.706,7279207.0
2024-07-05,0.705,0.717,0.699,0.713,5645607.0
2024-07-08,0.71,0.711,0.693,0.696,4097540.0
2024-07-09,0.695,0.714,0.689,0.711,10851499.0
2024-07-10,0.709,0.716,0.707,0.708,4657979.0
2024-07-11,0.717,0.727,0.715,0.726,6271973.0
2024-07-12,0.725,0.727,0.72,0.723,3544970.0
2024-07-15,0.721,0.722,0.714,0.715,10678029.0
2024-07-16,0.714,0.719,0.709,0.717,6102245.0
2024-07-17,0.716,0.718,0.71,0.713,16556248.0
2024-07-18,0.707,0.716,0.7,0.714,14598055.0
2024-07-19,0.708,0.721,0.708,0.715,9201601.0
2024-07-22,0.714,0.719,0.711,0.716,5565293.0
2024-07-23,0.716,0.717,0.696,0.696,3420621.0
2024-07-24,0.695,0.699,0.686,0.687,5209922.0
2024-07-25,0.683,0.695,0.682,0.687,4823972.0
2024-07-26,0.687,0.7,0.687,0.698,3284995.0
2024-07-29,0.698,0.699,0.693,0.695,1909866.0
2024-07-30,0.693,0.701,0.688,0.698,3005945.0
2024-07-31,0.697,0.729,0.696,0.729,14631132.0
2024-08-01,0.727,0.734,0.719,0.724,7923880.0
2024-08-02,0.718,0.729,0.712,0.714,4509518.0
2024-08-05,0.708,0.722,0.694,0.695,10774062.0
2024-08-06,0.702,0.708,0.696,0.704,6371209.0
2024-08-07,0.702,0.708,0.699,0.704,6018690.0
2024-08-08,0.701,0.71,0.694,0.704,4142349.0
2024-08-09,0.708,0.712,0.698,0.698,3970033.0
2024-08-12,0.696,0.699,0.692,0.695,2846007.0
2024-08-13,0.694,0.699,0.689,0.697,4201222.0
2024-08-14,0.696,0.697,0.689,0.69,2755027.0
2024-08-15,0.687,0.705,0.687,0.696,8645092.0
2024-08-16,0.696,0.699,0.691,0.691,4298066.0
2024-08-19,0.69,0.701,0.689,0.692,3380325.0
2024-08-20,0.692,0.693,0.677,0.68,7526410.0
2024-08-21,0.677,0.683,0.676,0.676,2828268.0
2024-08-22,0.676,0.679,0.667,0.668,4234944.0
2024-08-23,0.667,0.67,0.664,0.668,4773327.0
2024-08-26,0.668,0.674,0.666,0.671,4636382.0
2024-08-27,0.669,0.669,0.661,0.664,9098309.0
2024-08-28,0.662,0.67,0.66,0.664,7342588.0
2024-08-29,0.662,0.678,0.661,0.675,8497532.0
2024-08-30,0.674,0.698,0.674,0.688,16068835.0
2024-09-02,0.686,0.689,0.672,0.673,8556059.0
2024-09-03,0.672,0.684,0.672,0.679,7891624.0
2024-09-04,0.674,0.684,0.673,0.677,4725017.0
2024-09-05,0.677,0.687,0.677,0.682,4408152.0
2024-09-06,0.683,0.684,0.669,0.671,6809007.0
2024-09-09,0.667,0.673,0.662,0.665,4083670.0
2024-09-10,0.665,0.67,0.654,0.668,5183600.0
2024-09-11,0.664,0.669,0.662,0.667,8607008.0
2024-09-12,0.668,0.676,0.664,0.665,6178761.0
2024-09-13,0.665,0.666,0.656,0.657,6580048.0
2024-09-18,0.656,0.658,0.645,0.654,5205862.0
2024-09-19,0.655,0.674,0.651,0.667,11194599.0
2024-09-20,0.665,0.666,0.658,0.663,15370800.0
2024-09-23,0.662,0.672,0.66,0.664,4521826.0
2024-09-24,0.67,0.692,0.663,0.692,20902280.0
2024-09-25,0.699,0.714,0.696,0.696,13585958.0
2024-09-26,0.693,0.73,0.693,0.729,27401386.0
2024-09-27,0.74,0.797,0.734,0.794,14159668.0
2024-09-30,0.83,0.873,0.79,0.873,58432656.0
2024-10-08,0.961,0.961,0.874,0.925,37497256.0
2024-10-09,0.888,0.907,0.842,0.85,23715581.0
2024-10-10,0.854,0.876,0.831,0.839,21691317.0
2024-10-11,0.834,0.835,0.793,0.805,25026797.0
2024-10-14,0.808,0.836,0.793,0.835,21085544.0
2024-10-15,0.828,0.847,0.816,0.817,25153400.0
2024-10-16,0.805,0.833,0.805,0.82,10538649.0
2024-10-17,0.826,0.836,0.816,0.817,15527264.0
2024-10-18,0.816,0.882,0.814,0.854,34565225.0
2024-10-21,0.858,0.884,0.855,0.87,17466540.0
2024-10-22,0.868,0.882,0.863,0.874,16085160.0
2024-10-23,0.876,0.892,0.869,0.877,9240243.0
2024-10-24,0.871,0.875,0.863,0.871,8342146.0
2024-10-25,0.871,0.895,0.871,0.891,13996390.0
2024-10-28,0.889,0.903,0.885,0.903,9716479.0
2024-10-29,0.907,0.908,0.888,0.889,19088793.0
2024-10-30,0.885,0.897,0.881,0.895,10071256.0
2024-10-31,0.896,0.917,0.89,0.908,10248289.0
2024-11-01,0.903,0.908,0.879,0.881,13378782.0
2024-11-04,0.877,0.903,0.877,0.901,7315794.0
2024-11-05,0.901,0.935,0.898,0.932,20339349.0
2024-11-06,0.932,0.946,0.927,0.935,11164942.0
2024-11-07,0.925,0.953,0.925,0.952,8553537.0
2024-11-08,0.958,0.968,0.949,0.953,10877442.0
2024-11-11,0.949,0.976,0.949,0.975,17378845.0
2024-11-12,0.976,0.982,0.955,0.965,9997543.0
2024-11-13,0.959,0.966,0.944,0.96,9527488.0
2024-11-14,0.958,0.96,0.93,0.932,15669183.0
2024-11-15,0.93,0.94,0.91,0.91,9606397.0
2024-11-18,0.912,0.916,0.88,0.888,11718113.0
2024-11-19,0.886,0.912,0.883,0.911,9772732.0
2024-11-20,0.907,0.929,0.905,0.927,14150981.0
2024-11-21,0.926,0.933,0.92,0.93,4584069.0
2024-11-22,0.928,0.931,0.894,0.895,6131744.0
2024-11-25,0.9,0.901,0.881,0.899,4134487.0
2024-11-26,0.896,0.906,0.887,0.887,5137346.0
2024-11-27,0.886,0.91,0.87,0.909,12000802.0
2024-11-28,0.908,0.916,0.901,0.904,8308942.0
2024-11-29,0.903,0.928,0.897,0.919,15632945.0
2024-12-02,0.919,0.941,0.918,0.937,10515096.0
2024-12-03,0.938,0.943,0.926,0.935,13765727.0
2024-12-04,0.933,0.935,0.916,0.922,10225550.0
2024-12-05,0.919,0.936,0.918,0.933,7072183.0
2024-12-06,0.933,0.949,0.923,0.943,19695967.0
2024-12-09,0.942,0.946,0.928,0.935,8439358.0
2024-12-10,0.967,0.968,0.942,0.945,19545004.0
2024-12-11,0.943,0.958,0.941,0.957,8682717.0
2024-12-12,0.957,0.965,0.948,0.964,7566059.0
2024-12-13,0.958,0.959,0.943,0.945,15281581.0
2024-12-16,0.945,0.946,0.929,0.933,6062445.0
2024-12-17,0.93,0.932,0.911,0.913,9148330.0
2024-12-18,0.914,0.927,0.91,0.92,6384272.0
2024-12-19,0.911,0.925,0.907,0.923,5925097.0
2024-12-20,0.92,0.939,0.919,0.932,6062495.0
2024-12-23,0.93,0.931,0.905,0.906,10280652.0
2024-12-24,0.907,0.916,0.902,0.915,6134644.0
2024-12-25,0.915,0.915,0.897,0.906,11742413.0
2024-12-26,0.905,0.918,0.904,0.915,9261007.0
2024-12-27,0.915,0.929,0.91,0.916,6801497.0
2024-12-30,0.915,0.92,0.907,0.914,6902789.0
2024-12-31,0.914,0.917,0.884,0.885,10874955.0
2025-01-02,0.883,0.889,0.853,0.861,11900493.0
2025-01-03,0.862,0.865,0.834,0.837,16731342.0
2025-01-06,0.835,0.844,0.826,0.832,12852560.0
2025-01-07,0.832,0.845,0.828,0.844,13347177.0
2025-01-08,0.842,0.848,0.816,0.84,16069241.0
2025-01-09,0.835,0.848,0.834,0.842,9143052.0
2025-01-10,0.842,0.85,0.824,0.824,5157845.0
2025-01-13,0.818,0.832,0.812,0.826,7402206.0
2025-01-14,0.827,0.865,0.825,0.864,16733196.0
2025-01-15,0.862,0.864,0.854,0.858,11601033.0
2025-01-16,0.861,0.878,0.854,0.861,10315379.0
2025-01-17,0.858,0.875,0.855,0.867,7155962.0
2025-01-20,0.872,0.881,0.87,0.872,6438543.0
2025-01-21,0.876,0.88,0.866,0.878,8011720.0
2025-01-22,0.874,0.876,0.865,0.871,7058445.0
2025-01-23,0.877,0.891,0.866,0.866,11878635.0
2025-01-24,0.865,0.884,0.865,0.884,12567369.0
2025-01-27,0.885,0.888,0.867,0.867,9875215.0
2025-02-05,0.874,0.882,0.869,0.873,8616721.0
2025-02-06,0.872,0.899,0.869,0.896,8014234.0
2025-02-07,0.897,0.922,0.896,0.911,13329891.0
2025-02-10,0.911,0.923,0.909,0.921,12072043.0
2025-02-11,0.92,0.923,0.91,0.919,6835438.0
2025-02-12,0.918,0.934,0.916,0.933,6192336.0
2025-02-13,0.932,0.933,0.921,0.924,6042251.0
2025-02-14,0.922,0.93,0.918,0.927,6233219.0
2025-02-17,0.93,0.936,0.924,0.931,14794974.0
2025-02-18,0.929,0.933,0.908,0.913,8990675.0
2025-02-19,0.91,0.934,0.91,0.933,6728712.0
2025-02-20,0.931,0.942,0.93,0.94,7040083.0
2025-02-21,0.941,0.961,0.937,0.957,5646132.0
2025-02-24,0.957,0.964,0.95,0.959,7270531.0
2025-02-25,0.947,0.964,0.944,0.955,4492029.0
2025-02-26,0.955,0.969,0.952,0.969,3903093.0
2025-02-27,0.967,0.971,0.949,0.964,4973689.0
2025-02-28,0.959,0.96,0.929,0.931,12701099.0
2025-03-03,0.933,0.946,0.926,0.93,6501573.0
2025-03-04,0.925,0.944,0.924,0.942,5598095.0
2025-03-05,0.942,0.949,0.936,0.949,5658353.0
2025-03-06,0.954,0.973,0.953,0.969,5586091.0
2025-03-07,0.967,0.975,0.96,0.965,5974757.0
2025-03-10,0.965,0.969,0.958,0.966,6620389.0
2025-03-11,0.957,0.973,0.956,0.973,3888834.0
2025-03-12,0.974,0.984,0.972,0.974,5935552.0
2025-03-13,0.972,0.974,0.95,0.96,6802312.0
2025-03-14,0.958,0.976,0.952,0.975,7766553.0
2025-03-17,0.975,0.98,0.972,0.976,7295971.0
2025-03-18,0.978,0.986,0.975,0.98,3130634.0
2025-03-19,0.977,0.979,0.969,0.974,4216305.0
2025-03-20,0.972,0.978,0.967,0.97,4287961.0
2025-03-21,0.967,0.969,0.948,0.95,5860703.0
2025-03-24,0.949,0.95,0.927,0.943,7494674.0
2025-03-25,0.941,0.946,0.933,0.937,6107610.0
2025-03-26,0.934,0.946,0.934,0.94,4915932.0
2025-03-27,0.938,0.949,0.927,0.94,4736483.0
2025-03-28,0.938,0.944,0.929,0.93,5095947.0
2025-03-31,0.926,0.93,0.912,0.925,7664354.0
2025-04-01,0.925,0.935,0.925,0.929,6734848.0
2025-04-02,0.926,0.938,0.926,0.931,2972338.0
2025-04-03,0.925,0.935,0.914,0.921,5387728.0
2025-04-07,0.875,0.889,0.83,0.83,14443036.0
2025-04-08,0.817,0.839,0.807,0.825,62425127.0
2025-04-09,0.809,0.846,0.779,0.839,15750496.0
2025-04-10,0.853,0.875,0.852,0.859,10595783.0
2025-04-11,0.853,0.881,0.853,0.87,5901326.0
2025-04-14,0.878,0.888,0.877,0.881,6348653.0
2025-04-15,0.881,0.884,0.872,0.878,5688299.0
2025-04-16,0.874,0.876,0.857,0.867,10451123.0
2025-04-17,0.863,0.877,0.862,0.867,6353111.0
2025-04-18,0.865,0.871,0.861,0.866,7408841.0
2025-04-21,0.865,0.884,0.861,0.884,6723381.0
2025-04-22,0.882,0.888,0.879,0.884,4213600.0
2025-04-23,0.888,0.894,0.884,0.889,6642926.0
2025-04-24,0.887,0.889,0.875,0.88,5323615.0
2025-04-25,0.88,0.889,0.877,0.882,5745957.0
2025-04-28,0.882,0.883,0.871,0.873,6132509.0
2025-04-29,0.871,0.881,0.868,0.877,4602556.0
2025-04-30,0.877,0.887,0.877,0.884,6087565.0
2025-05-06,0.889,0.906,0.889,0.906,6117000.0
2025-05-07,0.915,0.926,0.901,0.907,8668199.0
2025-05-08,0.905,0.917,0.904,0.915,5808381.0
2025-05-09,0.915,0.915,0.9,0.904,4176485.0
2025-05-12,0.91,0.917,0.907,0.917,5189412.0
2025-05-13,0.923,0.923,0.911,0.914,5913708.0
2025-05-14,0.914,0.922,0.907,0.916,5165883.0
2025-05-15,0.914,0.914,0.9,0.901,4192963.0
2025-05-16,0.899,0.907,0.899,0.903,4261753.0
2025-05-19,0.899,0.907,0.893,0.907,3503346.0
2025-05-20,0.905,0.915,0.903,0.914,3012478.0
2025-05-21,0.912,0.913,0.908,0.912,2313610.0
2025-05-22,0.909,0.915,0.902,0.903,3594519.0
2025-05-23,0.901,0.908,0.891,0.892,4113502.0
2025-05-26,0.891,0.899,0.89,0.897,3513484.0
2025-05-27,0.894,0.897,0.888,0.894,4387996.0
2025-05-28,0.894,0.898,0.889,0.892,3538410.0
2025-05-29,0.893,0.908,0.892,0.908,7397217.0
2025-05-30,0.904,0.905,0.896,0.899,8078257.0
2025-06-03,0.896,0.907,0.895,0.904,3790971.0
2025-06-04,0.904,0.913,0.903,0.912,2893139.0
2025-06-05,0.912,0.921,0.908,0.919,3463808.0
2025-06-06,0.92,0.92,0.915,0.918,2563635.0
2025-06-09,0.919,0.929,0.918,0.927,3864896.0
2025-06-10,0.927,0.927,0.911,0.919,3944410.0
2025-06-11,0.919,0.929,0.918,0.923,4036620.0
2025-06-12,0.919,0.926,0.916,0.924,1940887.0
2025-06-13,0.922,0.923,0.91,0.912,3550524.0
2025-06-16,0.91,0.919,0.909,0.918,2966595.0
2025-06-17,0.918,0.921,0.914,0.916,3257801.0
2025-06-18,0.916,0.918,0.908,0.915,2484049.0
2025-06-19,0.914,0.918,0.901,0.904,4074918.0
2025-06-20,0.903,0.907,0.897,0.897,5589962.0
2025-06-23,0.893,0.909,0.893,0.908,5001208.0
2025-06-24,0.909,0.926,0.908,0.925,5207289.0
2025-06-25,0.926,0.94,0.926,0.939,5732399.0
2025-06-26,0.938,0.943,0.934,0.935,6457280.0
2025-06-27,0.937,0.945,0.935,0.938,4649191.0
2025-06-30,0.94,0.951,0.94,0.95,5757628.0
2025-07-01,0.95,0.953,0.942,0.953,3883808.0
2025-07-02,0.95,0.951,0.941,0.944,3844243.0
2025-07-03,0.944,0.949,0.941,0.948,3519043.0
2025-07-04,0.946,0.954,0.941,0.945,3335741.0
2025-07-07,0.943,0.947,0.943,0.946,1624965.0
2025-07-08,0.945,0.959,0.944,0.959,4083411.0
2025-07-09,0.96,0.962,0.954,0.956,4434211.0
2025-07-10,0.956,0.963,0.953,0.958,3711829.0
2025-07-11,0.959,0.972,0.955,0.967,6811639.0
2025-07-14,0.968,0.968,0.963,0.967,4741596.0
2025-07-15,0.966,0.969,0.954,0.963,4021893.0
2025-07-16,0.964,0.972,0.962,0.967,3545032.0
2025-07-17,0.966,0.979,0.965,0.979,2966366.0
2025-07-18,0.979,0.983,0.976,0.981,2920691.0
2025-07-21,0.981,0.989,0.981,0.989,6383651.0
2025-07-22,0.99,0.995,0.986,0.995,3011105.0
2025-07-23,0.995,0.999,0.988,0.991,3870389.0
2025-07-24,0.99,1.005,0.989,1.004,5117805.0
2025-07-25,1.005,1.005,0.998,1.003,4134425.0
2025-07-28,1.004,1.009,0.998,1.006,6368247.0
2025-07-29,1.005,1.016,0.998,1.015,3629430.0
2025-07-30,1.014,1.014,0.998,1.006,4828015.0
2025-07-31,1.003,1.01,0.993,0.999,3922444.0
2025-08-01,0.997,1.005,0.992,0.998,3759888.0
2025-08-04,0.994,1.01,0.992,1.01,3898977.0
2025-08-05,1.01,1.016,1.009,1.016,3367306.0
2025-08-06,1.016,1.028,1.013,1.027,5454593.0
2025-08-07,1.028,1.03,1.019,1.027,5084602.0
2025-08-08,1.026,1.027,1.019,1.024,2675093.0
2025-08-11,1.024,1.042,1.024,1.038,8174219.0
2025-08-12,1.039,1.042,1.033,1.042,3929987.0
2025-08-13,1.043,1.059,1.043,1.057,6043962.0
2025-08-14,1.058,1.059,1.042,1.046,6189467.0
2025-08-15,1.041,1.067,1.04,1.067,7056194.0
2025-08-18,1.069,1.089,1.067,1.082,8914773.0
2025-08-19,1.081,1.09,1.076,1.083,5201864.0
2025-08-20,1.078,1.096,1.071,1.095,8077271.0
2025-08-21,1.097,1.1,1.08,1.085,8520156.0
2025-08-22,1.084,1.104,1.084,1.104,7095157.0
2025-08-25,1.108,1.124,1.107,1.118,6981360.0
2025-08-26,1.114,1.127,1.111,1.118,3500818.0
2025-08-27,1.118,1.131,1.096,1.099,5484478.0
2025-08-28,1.092,1.114,1.08,1.114,9167117.0
2025-08-29,1.111,1.12,1.102,1.112,5340852.0
2025-09-01,1.116,1.126,1.109,1.124,3899438.0
2025-09-02,1.12,1.121,1.085,1.095,6842851.0
2025-09-03,1.096,1.1,1.073,1.079,6291994.0
2025-09-04,1.078,1.086,1.039,1.054,13369104.0
2025-09-05,1.054,1.086,1.051,1.084,7687233.0
2025-09-08,1.084,1.096,1.079,1.093,11496582.0
2025-09-09,1.09,1.094,1.076,1.081,3516488.0
2025-09-10,1.079,1.092,1.074,1.081,4901063.0
2025-09-11,1.077,1.11,1.069,1.11,6125193.0
2025-09-12,1.11,1.118,1.105,1.11,4721036.0
2025-09-15,1.111,1.115,1.107,1.109,3658822.0
2025-09-16,1.109,1.122,1.1,1.121,3322431.0
2025-09-17,1.118,1.133,1.115,1.131,4038775.0
2025-09-18,1.132,1.146,1.104,1.116,6784084.0
2025-09-19,1.115,1.124,1.107,1.112,3138352.0
2025-09-22,1.113,1.122,1.109,1.122,2481714.0
2025-09-23,1.121,1.122,1.088,1.108,4299791.0
2025-09-24,1.101,1.128,1.098,1.127,4076013.0
2025-09-25,1.127,1.132,1.121,1.123,3750931.0
2025-09-26,1.12,1.126,1.108,1.108,2934122.0
2025-09-29,1.107,1.126,1.104,1.122,5993423.0
2025-09-30,1.126,1.138,1.124,1.133,3908299.0
2025-10-09,1.137,1.148,1.135,1.143,4197474.0
2025-10-10,1.139,1.139,1.124,1.128,5107071.0
2025-10-13,1.092,1.129,1.087,1.124,5423413.0
2025-10-14,1.13,1.138,1.099,1.105,5059742.0
2025-10-15,1.102,1.121,1.096,1.12,4311605.0
2025-10-16,1.115,1.118,1.105,1.108,3965898.0
2025-10-17,1.107,1.112,1.075,1.077,5420437.0
2025-10-20,1.082,1.094,1.078,1.084,3775552.0
2025-10-21,1.086,1.101,1.084,1.099,6038970.0
2025-10-22,1.093,1.1,1.089,1.095,3255757.0
2025-10-23,1.092,1.097,1.077,1.096,4191302.0
2025-10-24,1.099,1.114,1.099,1.113,4239473.0
2025-10-27,1.12,1.126,1.113,1.121,5077658.0
2025-10-28,1.12,1.129,1.114,1.119,3020402.0
2025-10-29,1.122,1.135,1.117,1.134,3534658.0
2025-10-30,1.133,1.134,1.119,1.123,4386358.0
2025-10-31,1.122,1.137,1.12,1.124,5306608.0
2025-11-03,1.123,1.13,1.109,1.128,4898346.0
2025-11-04,1.125,1.126,1.106,1.113,3424814.0
2025-11-05,1.102,1.122,1.101,1.119,3547432.0
2025-11-06,1.119,1.132,1.117,1.131,2218367.0
2025-11-07,1.127,1.135,1.121,1.13,1877563.0
2025-11-10,1.135,1.137,1.125,1.132,2077794.0
2025-11-11,1.135,1.139,1.127,1.129,2469450.0
2025-11-12,1.127,1.129,1.112,1.123,2601545.0
2025-11-13,1.12,1.139,1.118,1.138,3321699.0
2025-11-14,1.13,1.137,1.123,1.123,3351870.0
2025-11-17,1.123,1.13,1.12,1.126,2651587.0
2025-11-18,1.123,1.126,1.111,1.117,4025082.0
2025-11-19,1.115,1.12,1.101,1.107,4355182.0
2025-11-20,1.113,1.115,1.099,1.1,4134139.0
2025-11-21,1.09,1.093,1.06,1.06,9746233.0
2025-11-24,1.063,1.077,1.059,1.072,5810025.0
2025-11-25,1.076,1.095,1.076,1.086,8173549.0
2025-11-26,1.086,1.095,1.081,1.086,3844660.0
2025-11-27,1.086,1.098,1.085,1.087,2558849.0
2025-11-28,1.086,1.099,1.084,1.098,1826992.0
2025-12-01,1.101,1.108,1.099,1.105,2962288.0
2025-12-02,1.105,1.105,1.093,1.096,2149075.0
2025-12-03,1.097,1.099,1.083,1.086,2417443.0
2025-12-04,1.087,1.09,1.077,1.088,2552587.0
2025-12-05,1.086,1.103,1.078,1.102,5094740.0
2025-12-08,1.105,1.115,1.103,1.112,4043642.0
2025-12-09,1.111,1.115,1.104,1.105,2380182.0
2025-12-10,1.104,1.112,1.098,1.11,3787372.0
2025-12-11,1.112,1.114,1.097,1.099,4622932.0
2025-12-12,1.099,1.109,1.095,1.106,5350587.0
2025-12-15,1.102,1.107,1.096,1.098,2689199.0
2025-12-16,1.097,1.097,1.073,1.08,3378049.0
2025-12-17,1.077,1.097,1.073,1.094,4520324.0
2025-12-18,1.086,1.102,1.086,1.092,2917181.0
2025-12-19,1.096,1.105,1.092,1.101,3384447.0
2025-12-22,1.105,1.115,1.105,1.111,2720159.0
2025-12-23,1.11,1.116,1.105,1.109,2134442.0
2025-12-24,1.108,1.128,1.108,1.127,3183410.0
2025-12-25,1.126,1.14,1.124,1.136,3694471.0
2025-12-26,1.135,1.148,1.133,1.14,7637317.0
2025-12-29,1.14,1.146,1.134,1.138,4279847.0
2025-12-30,1.135,1.146,1.133,1.139,2961751.0
2025-12-31,1.142,1.143,1.133,1.139,4086187.0
2026-01-05,1.143,1.166,1.142,1.165,3941756.0
2026-01-06,1.168,1.183,1.164,1.182,5114932.0
2026-01-07,1.182,1.19,1.179,1.184,5601079.0
2026-01-08,1.182,1.199,1.182,1.195,3382575.0
2026-01-09,1.193,1.224,1.193,1.222,8691458.0
2026-01-12,1.228,1.262,1.224,1.259,10505042.0
2026-01-13,1.259,1.26,1.226,1.233,9595879.0
2026-01-14,1.227,1.264,1.221,1.236,17469369.0
2026-01-15,1.226,1.238,1.22,1.236,9707516.0
2026-01-16,1.244,1.246,1.224,1.233,19071445.0
2026-01-19,1.226,1.245,1.224,1.236,21489688.0
2026-01-20,1.238,1.242,1.214,1.226,15791204.0
2026-01-21,1.22,1.243,1.218,1.237,55315289.0
2026-01-22,1.24,1.246,1.235,1.246,19684846.0
2026-01-23,1.251,1.275,1.246,1.272,34122752.0
2026-01-26,1.274,1.28,1.242,1.251,27246605.0
2026-01-27,1.246,1.26,1.225,1.256,16583569.0
2026-01-28,1.255,1.262,1.247,1.259,22661383.0
2026-01-29,1.256,1.269,1.243,1.249,14961023.0
2026-01-30,1.243,1.249,1.209,1.239,8134446.0
2026-02-02,1.225,1.234,1.188,1.189,15018112.0
2026-02-03,1.204,1.232,1.2,1.229,8925549.0
2026-02-04,1.228,1.232,1.213,1.231,9890246.0
2026-02-05,1.22,1.222,1.202,1.21,7108639.0
2026-02-06,1.195,1.223,1.19,1.206,12217401.0
2026-02-09,1.221,1.236,1.221,1.236,9443624.0
2026-02-10,1.235,1.239,1.228,1.235,4345780.0
2026-02-11,1.233,1.245,1.233,1.236,3946264.0
2026-02-12,1.235,1.251,1.232,1.248,6362104.0
2026-02-13,1.242,1.247,1.228,1.229,10793248.0
2026-02-24,1.243,1.254,1.234,1.243,5719002.0
2026-02-25,1.245,1.265,1.245,1.261,13526611.0
2026-02-26,1.263,1.271,1.256,1.27,11200890.0
2026-02-27,1.265,1.283,1.259,1.283,6010958.0
2026-03-02,1.27,1.279,1.256,1.269,10312423.0
2026-03-03,1.27,1.273,1.218,1.223,10847751.0
2026-03-04,1.211,1.235,1.208,1.212,8067757.0
2026-03-05,1.229,1.233,1.216,1.222,7789341.0
2026-03-06,1.215,1.24,1.215,1.235,4540586.0
2026-03-09,1.217,1.234,1.197,1.23,7007415.0
2026-03-10,1.239,1.252,1.238,1.251,6273684.0
2026-03-11,1.252,1.257,1.248,1.252,4145813.0
2026-03-12,1.247,1.255,1.236,1.249,3986499.0
2026-03-13,1.242,1.251,1.228,1.232,3318061.0
2026-03-16,1.229,1.233,1.211,1.229,3843596.0
2026-03-17,1.229,1.232,1.202,1.203,5304662.0
2026-03-18,1.204,1.214,1.195,1.213,9884335.0
2026-03-19,1.196,1.202,1.181,1.187,5663677.0
2026-03-20,1.189,1.199,1.167,1.168,7906510.0
2026-03-23,1.151,1.159,1.105,1.113,10155031.0
2026-03-24,1.126,1.142,1.107,1.141,11529652.0
2026-03-25,1.148,1.168,1.148,1.162,11326936.0
2026-03-26,1.157,1.166,1.143,1.146,4344641.0
2026-03-27,1.131,1.169,1.131,1.164,4743006.0
2026-03-30,1.15,1.167,1.143,1.165,5720759.0
2026-03-31,1.164,1.169,1.143,1.144,5110449.0
2026-04-01,1.162,1.169,1.155,1.164,5827220.0
2026-04-02,1.158,1.166,1.137,1.145,5371187.0
2026-04-03,1.149,1.15,1.13,1.133,3657702.0
2026-04-07,1.135,1.148,1.134,1.142,6097545.0
2026-04-08,1.169,1.195,1.162,1.194,11816200.0
2026-04-09,1.182,1.193,1.181,1.188,8767362.0
2026-04-10,1.193,1.21,1.193,1.199,5455250.0
2026-04-13,1.193,1.205,1.189,1.203,5291688.0
2026-04-14,1.213,1.222,1.207,1.221,4642736.0
2026-04-15,1.229,1.229,1.213,1.215,4874965.0
2026-04-16,1.218,1.237,1.216,1.234,6375998.0
2026-04-17,1.231,1.251,1.23,1.246,6384134.0
2026-04-20,1.245,1.256,1.244,1.251,7715448.0
2026-04-21,1.248,1.252,1.239,1.251,5984205.0
2026-04-22,1.245,1.272,1.245,1.272,7269038.0
2026-04-23,1.272,1.274,1.245,1.255,8972800.0
2026-04-24,1.245,1.255,1.238,1.244,11291952.0
2026-04-27,1.243,1.254,1.238,1.249,11843603.0
2026-04-28,1.244,1.248,1.228,1.234,10473004.0
2026-04-29,1.229,1.254,1.225,1.252,16925825.0
2026-04-30,1.248,1.26,1.248,1.258,17847549.0
2026-05-06,1.265,1.292,1.265,1.283,13643136.0
2026-05-07,1.289,1.307,1.285,1.305,6443625.0
2026-05-08,1.298,1.314,1.296,1.31,8588784.0
2026-05-11,1.317,1.333,1.313,1.328,10080201.0
2026-05-12,1.328,1.329,1.313,1.323,5263474.0
2026-05-13,1.312,1.346,1.312,1.344,4866506.0
2026-05-14,1.348,1.349,1.317,1.319,6280729.0
2026-05-15,1.317,1.328,1.294,1.304,10989460.0
2026-05-18,1.298,1.318,1.294,1.309,6770396.0
2026-05-19,1.308,1.324,1.291,1.323,6463303.0
2026-05-20,1.314,1.325,1.305,1.324,6676468.0
2026-05-21,1.328,1.338,1.279,1.283,10142679.0
2026-05-22,1.288,1.319,1.283,1.306,10245746.0
2026-05-25,1.312,1.324,1.302,1.322,8761878.0
2026-05-26,1.313,1.316,1.288,1.308,5126266.0
2026-05-27,1.305,1.315,1.277,1.285,7122995.0
2026-05-28,1.285,1.303,1.273,1.298,6958363.0
2026-05-29,1.3,1.304,1.258,1.265,13518917.0
2026-06-01,1.26,1.279,1.255,1.256,11707167.0
2026-06-02,1.256,1.269,1.237,1.26,12491283.0
2026-06-03,1.26,1.285,1.256,1.267,13132783.0
2026-06-04,1.253,1.271,1.253,1.266,7576995.0
2026-06-05,1.259,1.28,1.249,1.256,7480480.0
2026-06-08,1.231,1.244,1.204,1.22,12993022.0
2026-06-09,1.229,1.252,1.22,1.25,15298071.0
2026-06-10,1.235,1.247,1.222,1.236,6314231.0
2026-06-11,1.227,1.24,1.22,1.23,5232782.0
2026-06-12,1.243,1.259,1.235,1.238,6537981.0
2026-06-15,1.251,1.286,1.25,1.286,9110165.0
2026-06-16,1.289,1.311,1.282,1.305,8231813.0
2026-06-17,1.299,1.315,1.296,1.315,4059303.0
2026-06-18,1.308,1.327,1.308,1.324,4106092.0
2026-06-22,1.328,1.343,1.301,1.337,5802124.0
2026-06-23,1.331,1.337,1.303,1.312,5804598.0
2026-06-24,1.311,1.328,1.298,1.327,8828682.0
2026-06-25,1.326,1.339,1.318,1.333,4177397.0
2026-06-26,1.326,1.33,1.294,1.302,5405177.0
2026-06-29,1.298,1.312,1.273,1.299,11048784.0
2026-06-30,1.296,1.338,1.293,1.336,7436022.0
2026-07-01,1.328,1.35,1.328,1.339,4472382.0
2026-07-02,1.331,1.338,1.301,1.305,8668077.0
2026-07-03,1.3,1.32,1.296,1.304,6574088.0
2026-07-06,1.308,1.316,1.278,1.284,10980206.0
2026-07-07,1.275,1.285,1.252,1.26,12000566.0
2026-07-08,1.26,1.263,1.231,1.231,16378832.0
2026-07-09,1.235,1.258,1.21,1.255,18112638.0
2026-07-10,1.256,1.275,1.239,1.239,12201063.0
2026-07-13,1.235,1.239,1.178,1.183,22877471.0
2026-07-14,1.184,1.201,1.162,1.201,19902981.0
2026-07-15,1.201,1.208,1.18,1.187,11506484.0
2026-07-16,1.174,1.19,1.153,1.159,18094079.0
2026-07-17,1.155,1.157,1.085,1.092,32776763.0
2026-07-20,1.105,1.118,1.033,1.059,30663811.0
2026-07-21,1.061,1.103,1.023,1.101,30658188.0
2026-07-22,1.092,1.108,1.081,1.085,27984783.0
2026-07-23,1.086,1.102,1.081,1.094,9407917.0
2026-07-24,1.084,1.09,1.062,1.064,12512862.0
2026-07-27,1.063,1.1,1.061,1.1,16877937.0
2026-07-28,1.085,1.092,1.065,1.07,18456821.0
2026-07-29,1.07,1.086,1.051,1.081,28349901.0
2026-07-30,1.074,1.085,1.04,1.051,19512179.0
2026-07-31,1.08,1.101,1.074,1.075,30520112.0
2026-08-03,1.07,1.085,1.07,1.077,12090694.0
2026-08-04,1.083,1.112,1.081,1.104,17442313.0
2026-08-05,1.1,1.143,1.099,1.138,16549081.0
2026-08-06,1.125,1.148,1.125,1.143,22972331.0
2026-08-07,1.143,1.167,1.131,1.166,22052440.0
2026-08-10,1.168,1.173,1.158,1.172,14818637.0
2026-08-11,1.17,1.182,1.16,1.169,10772518.0
2026-08-12,1.166,1.184,1.166,1.182,10263450.0
2026-08-13,1.187,1.195,1.171,1.172,9293039.0
2026-08-14,1.176,1.181,1.165,1.178,9223932.0
2026-08-17,1.181,1.207,1.174,1.207,8802899.0
2026-08-18,1.208,1.211,1.189,1.203,10663956.0
2026-08-19,1.184,1.195,1.138,1.143,18058318.0
2026-08-20,1.153,1.162,1.146,1.152,12793426.0
2026-08-21,1.147,1.16,1.136,1.154,8109214.0
2026-08-24,1.153,1.158,1.12,1.14,11259626.0
2026-08-25,1.127,1.149,1.118,1.143,12306381.0
2026-08-26,1.145,1.157,1.134,1.147,10805547.0
2026-08-27,1.149,1.176,1.144,1.175,9719760.0
2026-08-28,1.173,1.185,1.17,1.172,7721915.0
2026-08-31,1.16,1.182,1.156,1.18,8977055.0
2026-09-01,1.18,1.18,1.164,1.17,10780947.0
2026-09-02,1.158,1.16,1.145,1.154,10678385.0
2026-09-03,1.158,1.165,1.145,1.157,6801158.0
2026-09-04,1.164,1.174,1.136,1.141,11617967.0
2026-09-07,1.147,1.168,1.147,1.161,10983893.0
2026-09-08,1.164,1.175,1.158,1.164,8019068.0
2026-09-09,1.169,1.173,1.155,1.162,6670309.0
2026-09-10,1.155,1.162,1.149,1.155,5419836.0
2026-09-11,1.146,1.146,1.108,1.13,11575947.0
2026-09-14,1.118,1.141,1.113,1.137,7943328.0
2026-09-15,1.135,1.146,1.13,1.134,5059283.0
2026-09-16,1.133,1.16,1.127,1.155,10499318.0
2026-09-17,1.153,1.163,1.144,1.149,8028419.0
2026-09-18,1.158,1.174,1.157,1.172,8532077.0
2026-09-21,1.178,1.184,1.175,1.18,7468879.0
2026-09-22,1.191,1.196,1.177,1.179,7637599.0
2026-09-23,1.183,1.184,1.177,1.179,6777208.0
2026-09-24,1.173,1.178,1.152,1.154,7843930.0
2026-09-28,1.153,1.153,1.104,1.114,11118186.0
2026-09-29,1.111,1.123,1.107,1.118,8940471.0
