date,open,high,low,close,volume
2016-01-04,13.765,13.765,12.133,12.159,1960583.0
2016-01-05,11.592,12.621,11.443,12.333,2333291.0
2016-01-06,12.246,12.77,11.941,12.578,1972783.0
2016-01-07,12.185,12.29,11.068,11.19,679037.0
2016-01-08,11.626,12.15,10.893,11.618,2979253.0
2016-01-11,11.155,11.312,10.466,10.614,2434620.0
2016-01-12,10.824,11.19,10.632,10.797,1888319.0
2016-01-13,10.946,11.155,10.675,10.797,2391723.0
2016-01-14,10.457,11.216,10.265,11.146,2060976.0
2016-01-15,10.963,11.068,10.274,10.501,2162248.0
2016-01-18,10.151,10.85,10.151,10.588,1430001.0
2016-01-19,10.605,11.146,10.466,10.998,2090179.0
2016-01-20,10.981,11.112,10.632,10.736,1630363.0
2016-01-21,10.675,10.989,10.029,10.108,1545045.0
2016-01-22,10.317,10.431,9.872,10.265,1225058.0
2016-01-25,10.317,10.501,10.169,10.326,909665.0
2016-01-26,10.108,10.239,8.991,9.087,2062435.0
2016-01-27,9.2,9.279,8.668,9.095,2032384.0
2016-01-28,8.973,9.392,8.799,8.886,1361380.0
2016-01-29,8.964,9.741,8.816,9.584,2117493.0
2016-02-01,9.453,9.584,9.157,9.349,1167888.0
2016-02-02,9.331,9.811,9.226,9.671,1241809.0
2016-02-03,9.514,9.637,9.296,9.558,855917.0
2016-02-04,9.671,9.916,9.575,9.698,1177842.0
2016-02-05,9.418,9.584,9.27,9.305,1168070.0
2016-02-15,8.964,9.218,8.895,9.13,773991.0
2016-02-16,9.287,9.977,9.287,9.872,1664293.0
2016-02-17,9.759,10.073,9.724,10.029,1339902.0
2016-02-18,10.16,10.474,9.951,9.977,1552803.0
2016-02-19,9.916,10.204,9.89,10.108,886334.0
2016-02-22,10.37,10.771,10.117,10.527,1605464.0
2016-02-23,10.509,10.509,10.064,10.23,1052736.0
2016-02-24,10.186,10.422,9.959,10.387,1038401.0
2016-02-25,10.361,10.37,9.148,9.287,1793212.0
2016-02-26,9.427,9.663,9.183,9.488,1298793.0
2016-02-29,9.401,9.453,8.799,9.392,2261670.0
2016-03-01,9.497,10.64,9.41,10.309,2711486.0
2016-03-02,10.352,11.112,10.265,10.998,3474339.0
2016-03-03,10.806,10.981,10.614,10.824,2518420.0
2016-03-04,10.701,11.033,10.509,10.893,3194060.0
2016-03-07,11.05,11.173,10.806,10.876,1749144.0
2016-03-08,10.876,11.05,10.37,11.033,1892085.0
2016-03-09,10.719,10.928,10.597,10.893,1567418.0
2016-03-10,10.78,10.885,10.457,10.483,892820.0
2016-03-11,10.282,11.033,10.265,10.85,1868191.0
2016-03-14,10.893,11.461,10.815,11.042,2371347.0
2016-03-15,10.937,11.024,10.728,10.902,1143305.0
2016-03-16,10.85,11.12,10.85,10.972,1925793.0
2016-03-17,11.05,11.653,10.972,11.434,1941076.0
2016-03-18,11.504,12.089,11.434,11.723,2822383.0
2016-03-21,12.203,13.206,12.124,13.206,6772506.0
2016-03-22,12.77,13.075,12.447,12.63,3734032.0
2016-03-23,12.552,13.058,12.395,12.944,2536332.0
2016-03-24,12.639,12.639,12.107,12.124,2251809.0
2016-03-25,12.124,12.342,11.949,12.194,1707821.0
2016-03-28,12.176,12.368,11.819,11.827,1351950.0
2016-03-29,11.836,12.072,11.679,11.88,1522830.0
2016-03-30,12.072,12.491,12.072,12.36,1946698.0
2016-03-31,12.456,12.822,12.29,12.464,1864683.0
2016-04-01,12.377,12.534,11.993,12.377,1262044.0
2016-04-05,12.272,12.883,12.211,12.578,1647726.0
2016-04-06,12.447,12.665,12.29,12.464,980469.0
2016-04-07,12.552,12.604,12.028,12.054,1303457.0
2016-04-08,11.827,11.897,11.592,11.714,1239750.0
2016-04-11,12.377,12.552,12.089,12.107,1947342.0
2016-04-12,12.028,12.194,11.941,12.063,836353.0
2016-04-13,12.333,12.883,12.333,12.508,2557467.0
2016-04-14,12.587,12.709,12.438,12.639,1282329.0
2016-04-15,12.569,12.648,12.333,12.552,1013829.0
2016-04-18,12.333,12.403,12.028,12.08,1220180.0
2016-04-19,12.211,12.281,11.967,12.15,830277.0
2016-04-20,12.107,12.185,11.155,11.958,2034110.0
2016-04-21,11.696,11.967,11.644,11.67,883637.0
2016-04-22,11.592,11.819,11.53,11.801,663815.0
2016-04-25,11.81,11.819,11.469,11.557,633219.0
2016-04-26,11.53,11.749,11.4,11.653,913681.0
2016-04-27,11.548,11.661,11.373,11.426,692887.0
2016-04-28,11.461,11.557,11.155,11.338,927929.0
2016-04-29,11.269,11.417,11.234,11.277,651027.0
2016-05-03,11.208,11.749,11.199,11.609,1208200.0
2016-05-04,11.522,11.635,11.443,11.513,706520.0
2016-05-05,11.478,11.557,11.391,11.53,614295.0
2016-05-06,11.522,11.574,10.963,10.981,1321706.0
2016-05-09,10.893,10.893,10.448,10.588,971442.0
2016-05-10,10.518,10.675,10.448,10.544,607391.0
2016-05-11,10.597,10.649,10.466,10.518,606057.0
2016-05-12,10.413,10.605,10.16,10.544,638506.0
2016-05-13,10.501,10.632,10.317,10.378,477475.0
2016-05-16,10.291,10.544,10.213,10.518,460201.0
2016-05-17,10.527,10.675,10.335,10.518,593108.0
2016-05-18,10.396,10.588,10.247,10.536,836031.0
2016-05-19,10.457,10.614,10.422,10.483,502141.0
2016-05-20,10.396,10.649,10.326,10.623,634519.0
2016-05-23,10.623,10.832,10.544,10.658,793433.0
2016-05-24,10.623,10.632,10.466,10.474,369453.0
2016-05-25,10.588,10.736,10.492,10.501,466523.0
2016-05-26,10.492,10.597,10.317,10.518,502160.0
2016-05-27,10.518,10.588,10.387,10.474,375256.0
2016-05-30,10.413,10.64,10.282,10.605,575433.0
2016-05-31,10.614,11.618,10.614,11.583,2194125.0
2016-06-01,11.583,11.714,11.382,11.391,1166959.0
2016-06-02,11.391,11.513,11.26,11.417,771421.0
2016-06-03,11.452,11.661,11.312,11.434,1154137.0
2016-06-06,11.461,11.504,11.26,11.295,551761.0
2016-06-07,11.338,11.452,11.269,11.321,594367.0
2016-06-08,11.312,11.356,11.164,11.234,548049.0
2016-06-13,11.068,11.112,10.501,10.553,931678.0
2016-06-14,10.527,10.71,10.44,10.632,542214.0
2016-06-15,10.37,11.016,10.343,10.824,832329.0
2016-06-16,10.719,10.771,10.509,10.579,626376.0
2016-06-17,10.605,10.893,10.562,10.605,706809.0
2016-06-20,10.64,10.675,10.457,10.597,467089.0
2016-06-21,10.675,11.33,10.675,10.754,1174038.0
2016-06-22,10.675,10.998,10.632,10.946,673901.0
2016-06-23,10.972,10.972,10.658,10.858,574271.0
2016-06-24,10.815,11.024,10.378,10.623,900768.0
2016-06-27,10.597,10.858,10.553,10.841,658669.0
2016-06-28,10.719,11.199,10.701,11.059,1048526.0
2016-06-29,11.12,11.216,10.981,11.033,990906.0
2016-06-30,11.129,11.242,11.042,11.094,969783.0
2016-07-01,11.155,11.208,10.989,11.007,682753.0
2016-07-04,10.92,11.661,10.902,11.417,1460344.0
2016-07-05,11.373,11.53,11.33,11.4,817223.0
2016-07-06,11.373,11.461,11.19,11.373,707461.0
2016-07-07,11.382,11.522,11.225,11.417,887793.0
2016-07-08,11.4,11.574,11.365,11.408,812041.0
2016-07-11,11.443,11.635,11.356,11.373,1248223.0
2016-07-12,11.365,11.723,11.321,11.705,1971564.0
2016-07-13,11.792,12.028,11.609,11.714,1870287.0
2016-07-14,11.679,11.801,11.644,11.731,717484.0
2016-07-15,11.784,11.81,11.522,11.609,724156.0
2016-07-18,11.504,11.504,11.295,11.347,784746.0
2016-07-19,11.365,11.452,11.251,11.417,539127.0
2016-07-20,11.417,11.478,11.365,11.382,356851.0
2016-07-21,11.391,11.653,11.382,11.504,718824.0
2016-07-22,11.504,11.557,11.408,11.434,553756.0
2016-07-25,11.426,11.522,11.321,11.391,551612.0
2016-07-26,11.373,11.635,11.356,11.609,641536.0
2016-07-27,11.609,11.635,10.989,11.461,1492432.0
2016-07-28,11.321,11.33,11.05,11.164,785885.0
2016-07-29,11.181,11.234,11.059,11.085,416730.0
2016-08-01,11.12,11.138,10.893,11.024,439426.0
2016-08-02,11.024,11.094,10.981,11.077,253758.0
2016-08-03,11.024,11.085,10.989,11.024,301731.0
2016-08-04,11.024,11.112,10.92,11.077,387291.0
2016-08-05,11.059,11.242,10.998,11.103,421529.0
2016-08-08,11.103,11.199,10.981,11.19,377944.0
2016-08-09,11.181,11.295,11.146,11.269,408338.0
2016-08-10,11.242,11.304,11.173,11.19,461476.0
2016-08-11,11.19,11.565,11.164,11.356,1150793.0
2016-08-12,11.365,11.915,11.338,11.897,2191406.0
2016-08-15,11.932,13.267,11.836,12.648,4202280.0
2016-08-16,12.552,12.709,12.264,12.351,2508890.0
2016-08-17,12.377,12.587,12.159,12.299,1487526.0
2016-08-18,12.246,12.412,12.028,12.176,1334417.0
2016-08-19,12.203,12.229,11.993,12.15,886628.0
2016-08-22,12.107,12.246,11.967,12.002,756986.0
2016-08-23,12.011,12.159,11.941,12.037,675725.0
2016-08-24,12.037,12.089,11.923,11.949,559313.0
2016-08-25,11.949,12.063,11.836,12.028,781529.0
2016-08-26,11.993,12.08,11.941,11.967,574742.0
2016-08-29,11.984,11.993,11.871,11.949,466832.0
2016-08-30,11.976,12.124,11.932,12.054,794530.0
2016-08-31,12.028,12.194,11.976,12.115,612778.0
2016-09-01,12.08,12.107,11.897,11.915,633314.0
2016-09-02,11.906,12.15,11.862,12.028,757490.0
2016-09-05,12.063,12.185,11.993,12.037,569093.0
2016-09-06,12.011,12.098,11.836,12.063,699614.0
2016-09-07,12.037,12.098,11.984,12.028,564630.0
2016-09-08,12.002,12.002,11.923,11.967,375093.0
2016-09-09,11.958,12.08,11.941,11.958,677130.0
2016-09-12,11.67,11.757,11.478,11.731,1366763.0
2016-09-13,11.679,11.714,11.496,11.618,588219.0
2016-09-14,11.548,11.592,11.426,11.496,635913.0
2016-09-19,11.504,11.574,11.478,11.53,441389.0
2016-09-20,11.53,11.539,11.417,11.504,401155.0
2016-09-21,11.522,11.592,11.452,11.522,588145.0
2016-09-22,11.644,11.696,11.565,11.583,588694.0
2016-09-23,11.6,11.626,11.452,11.461,386439.0
2016-09-26,11.452,11.452,11.242,11.26,578112.0
2016-09-27,11.242,11.461,11.208,11.443,465564.0
2016-09-28,11.443,11.443,11.347,11.382,290221.0
2016-09-29,11.443,11.626,11.408,11.461,674922.0
2016-09-30,11.426,11.478,11.4,11.434,568221.0
2016-10-10,11.583,11.723,11.504,11.688,717306.0
2016-10-11,11.688,11.836,11.635,11.784,781540.0
2016-10-12,11.749,11.775,11.661,11.705,337591.0
2016-10-13,11.688,11.749,11.635,11.67,386022.0
2016-10-14,11.679,11.749,11.6,11.731,430726.0
2016-10-17,11.731,11.749,11.504,11.522,466753.0
2016-10-18,11.539,11.915,11.513,11.88,929797.0
2016-10-19,11.853,11.932,11.74,11.784,496696.0
2016-10-20,11.801,11.836,11.731,11.757,340828.0
2016-10-21,11.74,12.08,11.731,11.88,836976.0
2016-10-24,11.888,12.447,11.853,12.168,1972407.0
2016-10-25,12.124,12.194,11.993,12.08,785863.0
2016-10-26,12.054,12.203,11.993,12.037,668886.0
2016-10-27,12.037,12.072,11.906,11.993,485255.0
2016-10-28,12.089,12.421,12.011,12.037,1423799.0
2016-10-31,11.941,11.976,11.74,11.862,624325.0
2016-11-01,11.88,12.115,11.836,12.037,671897.0
2016-11-02,11.984,12.107,11.871,11.88,744140.0
2016-11-03,11.862,12.377,11.827,12.08,2126003.0
2016-11-04,12.037,12.299,12.002,12.063,1057833.0
2016-11-07,12.08,12.237,12.063,12.141,824711.0
2016-11-08,12.325,12.36,12.098,12.15,926532.0
2016-11-09,12.159,12.176,11.766,11.906,1342071.0
2016-11-10,12.08,12.377,12.063,12.211,1724191.0
2016-11-11,12.272,12.796,12.15,12.683,3304596.0
2016-11-14,12.552,13.058,12.525,12.77,3108645.0
2016-11-15,12.761,12.84,12.543,12.595,1459241.0
2016-11-16,12.691,12.709,12.517,12.604,1250382.0
2016-11-17,12.578,12.621,12.421,12.595,984940.0
2016-11-18,12.552,12.578,12.36,12.386,923931.0
2016-11-21,12.351,12.735,12.316,12.543,1448556.0
2016-11-22,12.578,12.779,12.534,12.761,1678082.0
2016-11-23,12.779,12.91,12.595,12.621,1600555.0
2016-11-24,12.621,12.91,12.578,12.726,1450540.0
2016-11-25,12.761,12.813,12.482,12.787,1322646.0
2016-11-28,12.866,12.944,12.674,12.735,1516200.0
2016-11-29,12.665,13.25,12.552,13.04,2758589.0
2016-11-30,12.979,13.328,12.77,12.857,2568354.0
2016-12-01,12.805,13.014,12.726,12.927,1714147.0
2016-12-02,12.918,12.936,12.482,12.517,2223701.0
2016-12-05,12.29,12.368,11.941,12.072,2210772.0
2016-12-06,12.072,12.168,11.976,12.011,1019634.0
2016-12-07,12.045,12.124,11.967,12.107,724254.0
2016-12-08,12.124,12.141,11.932,11.941,746223.0
2016-12-09,11.923,12.115,11.906,12.011,896011.0
2016-12-12,11.976,12.028,11.592,11.723,1686491.0
2016-12-13,11.635,11.757,11.592,11.679,710061.0
2016-12-14,11.679,11.714,11.522,11.539,620958.0
2016-12-15,11.504,11.653,11.33,11.434,993858.0
2016-12-16,11.417,11.469,11.347,11.417,695774.0
2016-12-19,11.33,11.452,11.304,11.408,561104.0
2016-12-20,11.408,11.426,11.242,11.373,618335.0
2016-12-21,11.382,11.53,11.382,11.478,711907.0
2016-12-22,11.469,11.487,11.382,11.469,461831.0
2016-12-23,11.461,11.461,11.269,11.321,514373.0
2016-12-26,11.251,11.443,11.138,11.408,565052.0
2016-12-27,11.382,11.469,11.338,11.347,284095.0
2016-12-28,11.33,11.4,11.277,11.347,347627.0
2016-12-29,11.321,11.373,11.251,11.26,364415.0
2016-12-30,11.26,11.408,11.26,11.382,451734.0
2017-01-03,11.4,11.53,11.365,11.496,623069.0
2017-01-04,11.487,11.565,11.443,11.522,516717.0
2017-01-05,11.539,11.557,11.434,11.461,478622.0
2017-01-06,11.478,11.478,11.321,11.338,516640.0
2017-01-09,11.338,11.434,11.304,11.391,398407.0
2017-01-10,11.356,11.513,11.347,11.426,454018.0
2017-01-11,11.452,11.539,11.417,11.417,398776.0
2017-01-12,11.426,11.574,11.408,11.461,559594.0
2017-01-13,11.452,11.635,11.347,11.513,825208.0
2017-01-16,11.487,11.705,11.347,11.644,1720906.0
2017-01-17,11.557,11.609,11.434,11.557,455598.0
2017-01-18,11.513,11.705,11.487,11.565,480467.0
2017-01-19,11.53,11.67,11.53,11.565,398387.0
2017-01-20,11.574,11.705,11.548,11.688,631596.0
2017-01-23,11.679,11.845,11.679,11.714,474987.0
2017-01-24,11.731,11.731,11.635,11.661,402380.0
2017-01-25,11.661,11.67,11.609,11.67,322191.0
2017-01-26,11.705,11.819,11.705,11.749,468233.0
2017-02-03,11.81,11.81,11.644,11.653,272822.0
2017-02-06,11.688,11.705,11.557,11.626,447958.0
2017-02-07,11.618,11.644,11.539,11.592,317909.0
2017-02-08,11.583,11.853,11.496,11.784,800078.0
2017-02-09,11.74,11.906,11.723,11.775,647666.0
2017-02-10,11.775,11.993,11.775,11.915,802784.0
2017-02-13,11.932,12.054,11.897,11.932,749567.0
2017-02-14,11.984,12.037,11.827,11.888,605299.0
2017-02-15,11.88,12.002,11.792,11.819,601403.0
2017-02-16,11.819,11.976,11.775,11.958,668389.0
2017-02-17,12.002,12.272,11.871,11.915,1210731.0
2017-02-20,11.915,12.133,11.836,12.098,942619.0
2017-02-21,12.098,12.29,12.054,12.124,895354.0
2017-02-22,12.098,12.141,11.949,12.028,617253.0
2017-02-23,12.028,12.037,11.871,11.906,540824.0
2017-02-24,11.915,11.967,11.845,11.949,514810.0
2017-02-27,11.897,11.958,11.766,11.801,604971.0
2017-02-28,11.784,11.853,11.757,11.81,333247.0
2017-03-01,11.81,11.906,11.784,11.801,403242.0
2017-03-02,11.862,12.002,11.723,11.731,636448.0
2017-03-03,11.705,11.723,11.583,11.653,566909.0
2017-03-06,11.626,11.714,11.6,11.705,384293.0
2017-03-07,11.688,11.74,11.635,11.723,420307.0
2017-03-08,11.714,11.714,11.618,11.653,332806.0
2017-03-09,11.635,11.661,11.522,11.618,489456.0
2017-03-10,11.6,11.644,11.53,11.539,249077.0
2017-03-13,11.539,11.635,11.434,11.626,472685.0
2017-03-14,11.626,11.688,11.6,11.653,344605.0
2017-03-15,11.644,11.653,11.557,11.592,371118.0
2017-03-16,11.644,11.853,11.635,11.836,961282.0
2017-03-17,11.845,11.888,11.592,11.6,626314.0
2017-03-20,11.644,11.644,11.522,11.592,470662.0
2017-03-21,11.592,11.626,11.487,11.522,506972.0
2017-03-22,11.461,11.504,11.356,11.391,586827.0
2017-03-23,11.391,11.504,11.373,11.461,455389.0
2017-03-24,11.443,11.653,11.382,11.583,745466.0
2017-03-27,11.557,11.67,11.53,11.557,422866.0
2017-03-28,11.592,11.618,11.478,11.496,309033.0
2017-03-29,11.53,11.548,11.434,11.452,365540.0
2017-03-30,11.443,11.496,11.321,11.391,705225.0
2017-03-31,11.391,11.452,11.33,11.426,386504.0
2017-04-05,11.443,11.618,11.434,11.583,578095.0
2017-04-06,11.583,11.609,11.522,11.539,450857.0
2017-04-07,11.548,11.609,11.478,11.574,486258.0
2017-04-10,11.565,11.661,11.522,11.539,463884.0
2017-04-11,11.557,11.583,11.382,11.565,559001.0
2017-04-12,11.592,11.757,11.539,11.653,947871.0
2017-04-13,11.592,11.635,11.539,11.583,377207.0
2017-04-14,11.574,11.6,11.408,11.487,592559.0
2017-04-17,11.426,11.53,11.347,11.487,407870.0
2017-04-18,11.443,11.513,11.347,11.356,343239.0
2017-04-19,11.338,11.382,11.208,11.373,599296.0
2017-04-20,11.382,11.426,11.286,11.417,384387.0
2017-04-21,11.4,11.557,11.365,11.548,466518.0
2017-04-24,11.504,11.626,11.365,11.592,835361.0
2017-04-25,11.504,11.548,11.426,11.434,367911.0
2017-04-26,11.443,11.626,11.373,11.504,531654.0
2017-04-27,11.496,11.548,11.417,11.53,427925.0
2017-04-28,11.53,11.583,11.461,11.53,378799.0
2017-05-02,11.548,11.557,11.408,11.426,322068.0
2017-05-03,11.443,11.487,11.321,11.373,355879.0
2017-05-04,11.338,11.469,11.338,11.382,347974.0
2017-05-05,11.382,11.408,10.928,11.138,1389849.0
2017-05-08,10.998,11.164,10.876,11.033,596889.0
2017-05-09,11.033,11.077,10.963,10.981,270016.0
2017-05-10,10.989,11.024,10.867,10.876,312898.0
2017-05-11,10.85,10.989,10.675,10.911,571573.0
2017-05-12,10.893,11.103,10.876,11.024,473262.0
2017-05-15,11.042,11.312,11.042,11.164,645519.0
2017-05-16,11.181,11.225,11.068,11.19,353468.0
2017-05-17,11.19,11.365,11.173,11.19,459714.0
2017-05-18,11.138,11.208,11.05,11.05,405489.0
2017-05-19,11.042,11.138,11.042,11.077,251833.0
2017-05-22,11.077,11.094,10.885,10.937,344287.0
2017-05-23,10.911,11.19,10.876,11.094,565193.0
2017-05-24,11.059,11.173,11.007,11.146,364325.0
2017-05-25,11.024,11.723,11.024,11.688,1659360.0
2017-05-26,11.592,11.923,11.583,11.67,1209195.0
2017-05-31,11.784,11.993,11.574,11.714,799278.0
2017-06-01,11.696,11.827,11.635,11.653,583407.0
2017-06-02,11.661,11.81,11.618,11.661,547821.0
2017-06-05,11.644,11.696,11.469,11.513,477573.0
2017-06-06,11.522,11.609,11.443,11.548,339213.0
2017-06-07,11.557,11.749,11.53,11.653,795322.0
2017-06-08,11.679,11.749,11.609,11.714,564540.0
2017-06-09,11.74,11.984,11.705,11.827,1160575.0
2017-06-12,11.775,11.967,11.592,11.705,874593.0
2017-06-13,11.679,11.775,11.6,11.696,419212.0
2017-06-14,11.723,11.723,11.583,11.635,419495.0
2017-06-15,11.653,11.801,11.609,11.731,480970.0
2017-06-16,11.723,11.819,11.583,11.6,387157.0
2017-06-19,11.557,11.958,11.548,11.949,1092750.0
2017-06-20,11.941,12.002,11.836,11.923,630269.0
2017-06-21,12.107,12.342,11.923,12.002,1135681.0
2017-06-22,11.949,12.36,11.915,12.115,1673131.0
2017-06-23,12.089,12.159,11.949,12.15,926704.0
2017-06-26,12.15,12.56,12.115,12.429,2113195.0
2017-06-27,12.421,12.447,12.255,12.299,924024.0
2017-06-28,12.272,12.438,12.211,12.281,871050.0
2017-06-29,12.272,12.368,12.185,12.281,668341.0
2017-06-30,12.22,12.299,12.045,12.22,751091.0
2017-07-03,12.203,12.246,12.011,12.124,680857.0
2017-07-04,12.107,12.107,11.923,11.967,727896.0
2017-07-05,11.984,12.107,11.941,12.089,595098.0
2017-07-06,12.115,12.141,11.897,11.967,863948.0
2017-07-07,11.923,12.246,11.853,12.159,894635.0
2017-07-10,12.141,12.403,12.124,12.211,1101506.0
2017-07-11,12.22,12.578,12.22,12.342,1773393.0
2017-07-12,12.386,12.552,12.299,12.403,1271455.0
2017-07-13,12.438,12.665,12.351,12.63,1617188.0
2017-07-14,12.613,12.656,12.464,12.534,938320.0
2017-07-17,12.482,12.595,12.176,12.203,1526177.0
2017-07-18,12.159,12.211,11.888,12.045,1051045.0
2017-07-19,12.019,12.901,11.967,12.883,2725822.0
2017-07-20,12.813,12.927,12.604,12.735,1571243.0
2017-07-21,12.656,12.805,12.587,12.656,934401.0
2017-07-24,12.63,12.805,12.604,12.648,967756.0
2017-07-25,12.683,12.735,12.499,12.569,844130.0
2017-07-26,12.595,12.7,12.508,12.648,958557.0
2017-07-27,12.63,12.691,12.386,12.578,1139058.0
2017-07-28,12.543,12.552,12.421,12.447,534609.0
2017-07-31,12.438,12.621,12.386,12.508,859923.0
2017-08-01,12.534,12.77,12.517,12.691,1237581.0
2017-08-02,12.717,12.944,12.621,12.77,1766616.0
2017-08-03,12.726,12.875,12.613,12.639,1034978.0
2017-08-04,12.621,12.953,12.534,12.691,1431012.0
2017-08-07,12.604,12.648,12.438,12.473,976430.0
2017-08-08,12.482,12.656,12.316,12.499,1046491.0
2017-08-09,12.464,12.464,12.264,12.316,833735.0
2017-08-10,12.29,12.421,12.168,12.395,1024982.0
2017-08-11,12.29,12.316,12.072,12.089,899627.0
2017-08-14,12.133,12.29,11.993,12.246,721370.0
2017-08-15,12.246,12.333,12.159,12.22,489601.0
2017-08-16,12.203,12.325,12.115,12.272,460206.0
2017-08-17,12.272,12.36,12.229,12.342,644643.0
2017-08-18,12.368,12.368,12.229,12.246,484758.0
2017-08-21,12.246,12.351,12.185,12.342,586058.0
2017-08-22,12.325,12.395,12.246,12.307,474770.0
2017-08-23,12.299,12.578,12.272,12.429,655328.0
2017-08-24,12.412,12.447,12.194,12.203,530892.0
2017-08-25,12.194,12.639,12.159,12.63,1564744.0
2017-08-28,12.779,13.817,12.744,13.555,3988507.0
2017-08-29,13.538,13.634,13.285,13.381,1807043.0
2017-08-30,13.363,13.835,13.363,13.398,1864624.0
2017-08-31,13.381,13.686,13.363,13.582,1219640.0
2017-09-01,13.608,13.817,13.512,13.643,1381675.0
2017-09-04,13.616,13.686,13.468,13.538,956413.0
2017-09-05,13.555,13.686,13.503,13.547,820432.0
2017-09-06,13.459,13.538,13.285,13.477,1048119.0
2017-09-07,13.477,13.625,13.32,13.337,842595.0
2017-09-08,13.407,13.407,13.136,13.18,796525.0
2017-09-11,13.119,13.355,13.084,13.189,754615.0
2017-09-12,13.25,13.573,13.215,13.302,1268276.0
2017-09-13,13.32,13.372,13.215,13.285,542186.0
2017-09-14,13.294,13.555,13.276,13.355,837307.0
2017-09-15,13.311,13.503,13.189,13.407,786891.0
2017-09-18,13.451,13.765,13.442,13.712,1515102.0
2017-09-19,13.8,13.8,13.451,13.52,997249.0
2017-09-20,13.52,13.608,13.451,13.486,707197.0
2017-09-21,13.486,13.686,13.459,13.477,814199.0
2017-09-22,13.442,13.573,13.215,13.503,1012084.0
2017-09-25,13.468,13.529,13.302,13.451,860454.0
2017-09-26,13.39,13.477,13.346,13.381,505264.0
2017-09-27,13.372,13.503,13.285,13.407,550602.0
2017-09-28,13.39,13.451,13.337,13.407,369125.0
2017-09-29,13.416,13.686,13.407,13.547,848759.0
2017-10-09,13.939,14.044,13.442,13.477,1394761.0
2017-10-10,13.486,13.599,13.363,13.582,694253.0
2017-10-11,13.582,13.582,13.39,13.424,645379.0
2017-10-12,13.416,13.468,13.311,13.381,485657.0
2017-10-13,13.39,13.468,13.32,13.381,483466.0
2017-10-16,13.381,13.582,13.337,13.355,811835.0
2017-10-17,13.337,13.416,13.276,13.294,428073.0
2017-10-18,13.311,13.442,13.189,13.424,911894.0
2017-10-19,13.372,13.39,13.163,13.198,649517.0
2017-10-20,13.163,13.294,13.102,13.189,397540.0
2017-10-23,13.198,13.206,12.988,13.014,498038.0
2017-10-24,13.014,13.241,12.971,13.198,579726.0
2017-10-25,13.206,13.302,13.145,13.25,447018.0
2017-10-26,13.232,13.424,13.119,13.311,735646.0
2017-10-27,13.32,13.328,13.189,13.259,486054.0
2017-10-30,13.206,13.232,12.665,12.918,1058998.0
2017-10-31,12.857,12.927,12.726,12.787,519186.0
2017-11-01,12.822,12.971,12.656,12.7,591240.0
2017-11-02,12.709,12.77,12.482,12.709,956759.0
2017-11-03,12.683,12.761,12.456,12.744,751624.0
2017-11-06,12.604,12.674,12.499,12.621,444169.0
2017-11-07,12.691,13.014,12.639,12.962,1069099.0
2017-11-08,12.962,13.835,12.927,13.477,2538142.0
2017-11-09,13.398,13.669,13.372,13.625,1346968.0
2017-11-10,13.66,13.8,13.451,13.721,1682759.0
2017-11-13,13.704,13.913,13.538,13.59,1188863.0
2017-11-14,13.616,13.66,13.363,13.503,1101520.0
2017-11-15,13.486,13.616,13.337,13.451,1082979.0
2017-11-16,13.416,13.538,13.18,13.224,851783.0
2017-11-17,13.267,13.669,13.224,13.643,2303844.0
2017-11-20,13.512,13.573,12.857,13.145,1729904.0
2017-11-21,13.163,14.681,13.093,14.446,4284279.0
2017-11-22,14.463,15.083,14.376,14.847,3804766.0
2017-11-23,14.742,15.039,14.184,14.385,2722357.0
2017-11-24,14.437,14.568,14.009,14.262,2174595.0
2017-11-27,14.158,14.428,14.027,14.271,1789938.0
2017-11-28,14.088,14.193,13.817,14.131,1528953.0
2017-11-29,14.14,14.419,13.843,14.402,1602590.0
2017-11-30,14.254,15.039,14.193,14.419,2636583.0
2017-12-01,14.358,14.734,14.175,14.201,1582707.0
2017-12-04,14.079,14.306,13.966,14.201,1251034.0
2017-12-05,14.158,14.646,14.131,14.489,2303493.0
2017-12-06,14.419,14.542,14.21,14.481,1397686.0
2017-12-07,14.358,14.437,13.896,13.913,1285132.0
2017-12-08,13.861,14.035,13.73,13.826,967019.0
2017-12-11,13.782,14.062,13.756,14.044,987734.0
2017-12-12,13.966,14.044,13.599,13.634,842753.0
2017-12-13,13.643,13.817,13.573,13.747,712209.0
2017-12-14,13.739,13.774,13.433,13.503,764693.0
2017-12-15,13.529,13.582,13.311,13.337,777366.0
2017-12-18,13.337,13.582,13.311,13.407,585313.0
2017-12-19,13.407,13.634,13.363,13.616,799287.0
2017-12-20,13.608,13.608,13.259,13.267,873156.0
2017-12-21,13.241,13.669,13.189,13.547,1136958.0
2017-12-22,13.512,13.669,13.494,13.547,528476.0
2017-12-25,13.582,13.686,13.381,13.433,662013.0
2017-12-26,13.39,13.756,13.337,13.739,993358.0
2017-12-27,13.686,13.73,13.424,13.468,785464.0
2017-12-28,13.433,13.774,13.363,13.486,1021014.0
2017-12-29,13.486,13.608,13.381,13.468,643521.0
2018-01-02,13.494,13.835,13.494,13.765,1393284.0
2018-01-03,13.695,14.123,13.686,13.913,1519669.0
2018-01-04,13.939,14.114,13.791,13.966,1147914.0
2018-01-05,13.974,14.332,13.896,14.149,1728848.0
2018-01-08,14.254,14.952,14.175,14.725,2489706.0
2018-01-09,14.734,15.013,14.498,14.638,1439193.0
2018-01-10,14.664,14.899,14.454,14.786,1502584.0
2018-01-11,14.655,14.734,14.358,14.498,1133795.0
2018-01-12,14.472,14.76,14.358,14.542,1046038.0
2018-01-15,14.472,14.856,14.236,14.646,2241354.0
2018-01-16,14.481,15.449,14.419,15.345,2330733.0
2018-01-17,15.563,16.776,15.563,15.947,4978876.0
2018-01-18,16.13,16.558,15.912,16.357,2956692.0
2018-01-19,16.313,16.741,15.929,16.252,3630176.0
2018-01-22,16.086,16.383,15.947,16.174,1809997.0
2018-01-23,16.322,16.75,15.912,16.182,3356645.0
2018-01-24,16.348,17.701,16.13,17.675,5070885.0
2018-01-25,17.308,17.614,17.081,17.16,3173316.0
2018-01-26,17.16,17.518,17.055,17.169,2519974.0
2018-01-29,17.282,17.509,16.881,16.968,2644808.0
2018-01-30,16.793,17.169,16.462,16.549,2451539.0
2018-01-31,16.392,16.61,15.947,16.252,2472534.0
2018-02-01,16.348,16.488,16.008,16.436,2786750.0
2018-02-02,16.156,16.549,15.833,16.453,2010010.0
2018-02-05,16.008,16.75,15.964,16.689,2208919.0
2018-02-06,16.209,16.54,15.458,15.606,3364727.0
2018-02-07,15.973,16.017,14.699,14.734,2679636.0
2018-02-08,14.673,14.908,14.306,14.463,1847440.0
2018-02-09,13.887,14.027,12.787,12.813,3478271.0
2018-02-12,12.875,12.988,12.613,12.796,1619696.0
2018-02-13,12.953,13.416,12.918,13.049,2035418.0
2018-02-14,13.032,13.093,12.796,13.058,1036877.0
2018-02-22,13.372,13.486,13.163,13.39,1560165.0
2018-02-23,13.468,13.774,13.32,13.547,1585053.0
2018-02-26,13.73,14.149,13.39,13.948,2119920.0
2018-02-27,13.904,13.913,13.503,13.599,1550422.0
2018-02-28,13.424,13.695,13.198,13.477,1585728.0
2018-03-01,13.285,13.599,13.206,13.494,1115791.0
2018-03-02,13.294,13.494,13.215,13.232,899891.0
2018-03-05,13.232,13.442,13.215,13.267,694798.0
2018-03-06,13.407,13.791,13.276,13.747,1772032.0
2018-03-07,13.643,13.957,13.555,13.616,1275174.0
2018-03-08,13.643,13.739,13.52,13.721,797843.0
2018-03-09,13.774,14.21,13.678,14.131,1673599.0
2018-03-12,14.297,14.629,14.166,14.515,1913708.0
2018-03-13,14.428,14.446,14.158,14.21,1096966.0
2018-03-14,14.07,14.262,13.939,13.992,885779.0
2018-03-15,13.904,14.158,13.87,14.079,777289.0
2018-03-16,14.053,14.201,13.643,13.678,1039978.0
2018-03-19,13.712,14.0,13.555,13.852,939978.0
2018-03-20,13.669,14.044,13.59,13.974,916879.0
2018-03-21,13.992,14.358,13.774,13.817,1503518.0
2018-03-22,13.992,14.367,13.878,14.044,1509102.0
2018-03-23,13.451,13.739,12.936,13.119,2104342.0
2018-03-26,12.901,13.433,12.901,13.398,1105871.0
2018-03-27,13.643,13.756,13.477,13.66,1185303.0
2018-03-28,13.468,13.651,13.224,13.259,1027639.0
2018-03-29,13.398,13.704,13.215,13.651,1444534.0
2018-03-30,13.73,13.957,13.643,13.887,1302674.0
2018-04-02,14.044,14.559,13.922,14.193,1967082.0
2018-04-03,13.966,14.489,13.931,14.437,1777341.0
2018-04-04,14.472,14.585,14.254,14.262,1498178.0
2018-04-09,14.254,14.559,14.166,14.55,1364115.0
2018-04-10,14.594,14.969,14.489,14.899,1885856.0
2018-04-11,14.594,14.812,14.559,14.646,1493054.0
2018-04-12,14.646,14.803,14.297,14.35,1181393.0
2018-04-13,14.472,14.55,14.166,14.184,930450.0
2018-04-16,14.079,14.219,13.695,13.721,1232827.0
2018-04-17,13.73,14.114,13.712,13.739,1145175.0
2018-04-18,13.992,14.158,13.774,14.07,1196789.0
2018-04-19,14.035,14.393,14.0,14.262,1059824.0
2018-04-20,14.201,14.201,13.599,13.625,1047305.0
2018-04-23,13.608,13.913,13.608,13.843,756210.0
2018-04-24,13.87,14.481,13.87,14.463,1535187.0
2018-04-25,14.35,14.428,14.219,14.376,823930.0
2018-04-26,14.437,14.481,13.983,14.027,896618.0
2018-04-27,14.201,14.393,14.035,14.245,904609.0
2018-05-02,14.577,14.664,14.306,14.376,935466.0
2018-05-03,14.306,14.83,14.289,14.769,1529332.0
2018-05-04,14.664,14.821,14.533,14.577,914994.0
2018-05-07,14.725,14.882,14.646,14.803,1018067.0
2018-05-08,14.908,15.126,14.777,15.074,1303963.0
2018-05-09,15.03,15.065,14.83,14.908,817700.0
2018-05-10,14.952,15.039,14.734,14.987,919648.0
2018-05-11,14.987,14.987,14.664,14.681,816376.0
2018-05-14,14.699,15.083,14.699,15.013,1152167.0
2018-05-15,15.03,15.065,14.76,14.969,784602.0
2018-05-16,14.865,14.969,14.69,14.707,725965.0
2018-05-17,14.716,14.777,14.454,14.472,675202.0
2018-05-18,14.489,14.917,14.472,14.891,957075.0
2018-05-21,15.083,15.161,14.926,14.961,1142834.0
2018-05-22,14.952,14.952,14.681,14.865,772915.0
2018-05-23,14.769,14.961,14.62,14.699,750812.0
2018-05-24,14.646,14.742,14.498,14.577,630305.0
2018-05-25,14.568,14.681,14.297,14.306,665682.0
2018-05-28,14.341,14.55,14.271,14.472,632412.0
2018-05-29,14.411,14.489,14.044,14.14,821832.0
2018-05-30,13.826,13.983,13.407,13.486,1044486.0
2018-05-31,13.643,13.957,13.573,13.939,872127.0
2018-06-01,13.817,14.149,13.695,13.878,779368.0
2018-06-04,13.948,14.123,13.826,13.983,539591.0
2018-06-05,13.992,14.088,13.8,14.053,560936.0
2018-06-06,13.992,14.105,13.826,13.992,524775.0
2018-06-07,14.14,14.507,14.088,14.254,1255737.0
2018-06-08,14.254,14.306,13.712,13.896,873115.0
2018-06-11,13.808,14.123,13.756,13.992,537647.0
2018-06-12,13.992,14.131,13.8,14.096,527010.0
2018-06-13,14.018,14.07,13.826,13.861,456100.0
2018-06-14,13.8,14.079,13.774,13.966,479130.0
2018-06-15,13.896,14.027,13.73,13.756,660438.0
2018-06-19,13.538,13.634,12.403,12.726,1604514.0
2018-06-20,12.595,12.813,12.342,12.578,949964.0
2018-06-21,12.517,12.63,11.723,11.88,1214616.0
2018-06-22,11.897,12.133,11.757,12.107,649668.0
2018-06-25,12.194,12.203,11.766,11.775,640913.0
2018-06-26,11.618,12.011,11.548,11.949,689422.0
2018-06-27,11.862,11.958,11.548,11.67,611452.0
2018-06-28,11.6,12.176,11.6,11.775,867622.0
2018-06-29,11.792,12.185,11.766,12.133,764343.0
2018-07-02,12.072,12.098,11.539,11.67,882922.0
2018-07-03,11.749,11.984,11.565,11.915,759097.0
2018-07-04,11.845,11.915,11.661,11.714,509036.0
2018-07-05,11.731,11.967,11.644,11.653,543174.0
2018-07-06,11.705,11.967,11.356,11.784,1018939.0
2018-07-09,11.836,12.098,11.836,12.08,737705.0
2018-07-10,12.098,12.203,11.967,12.089,546062.0
2018-07-11,11.679,11.792,11.557,11.705,672538.0
2018-07-12,11.723,12.316,11.714,12.141,931593.0
2018-07-13,12.246,12.29,12.08,12.159,502170.0
2018-07-16,12.229,12.272,12.002,12.089,471783.0
2018-07-17,12.098,12.124,11.81,11.923,580867.0
2018-07-18,12.002,12.08,11.775,11.801,598068.0
2018-07-19,11.827,12.019,11.766,11.853,581909.0
2018-07-20,11.871,12.491,11.784,12.36,1483474.0
2018-07-23,12.264,12.665,12.194,12.63,1234323.0
2018-07-24,12.7,13.119,12.639,12.787,1505444.0
2018-07-25,12.805,12.848,12.656,12.744,595180.0
2018-07-26,12.77,12.796,12.351,12.438,890148.0
2018-07-27,12.368,12.543,12.325,12.368,567718.0
2018-07-30,12.403,12.621,12.316,12.482,573972.0
2018-07-31,12.403,12.473,12.299,12.386,536332.0
2018-08-01,12.464,12.595,12.098,12.124,736068.0
2018-08-02,12.054,12.124,11.583,11.74,805585.0
2018-08-03,11.74,11.845,11.635,11.653,470724.0
2018-08-06,11.696,11.853,11.461,11.557,653254.0
2018-08-07,11.592,11.984,11.557,11.967,768527.0
2018-08-08,11.906,11.932,11.618,11.661,574060.0
2018-08-09,11.618,12.037,11.6,11.967,746080.0
2018-08-10,11.941,12.037,11.819,11.958,429300.0
2018-08-13,11.792,11.915,11.626,11.819,617407.0
2018-08-14,11.792,11.836,11.688,11.801,332969.0
2018-08-15,11.792,11.819,11.513,11.522,587402.0
2018-08-16,11.373,11.801,11.277,11.592,711336.0
2018-08-17,11.714,11.757,11.391,11.417,531964.0
2018-08-20,11.469,11.705,11.469,11.696,500832.0
2018-08-21,11.696,11.897,11.635,11.775,630981.0
2018-08-22,11.775,11.819,11.696,11.784,325250.0
2018-08-23,11.81,11.941,11.67,11.88,643886.0
2018-08-24,11.88,12.203,11.775,11.984,661036.0
2018-08-27,12.054,12.29,11.984,12.272,873600.0
2018-08-28,12.264,12.333,12.115,12.168,505718.0
2018-08-29,12.15,12.203,12.002,12.045,484894.0
2018-08-30,12.045,12.107,11.932,11.932,345355.0
2018-08-31,11.941,12.072,11.897,11.967,448780.0
2018-09-03,11.941,12.08,11.906,12.063,387548.0
2018-09-04,12.037,12.281,11.949,12.22,619720.0
2018-09-05,12.141,12.185,11.915,11.915,519918.0
2018-09-06,11.915,12.011,11.836,11.862,345834.0
2018-09-07,11.871,12.124,11.836,11.888,458488.0
2018-09-10,11.81,11.88,11.443,11.478,621209.0
2018-09-11,11.487,11.635,11.434,11.565,351567.0
2018-09-12,11.478,11.705,11.478,11.565,313535.0
2018-09-13,11.714,11.766,11.592,11.731,430519.0
2018-09-14,11.766,11.819,11.661,11.705,329635.0
2018-09-17,11.661,11.714,11.539,11.626,276496.0
2018-09-18,11.574,11.932,11.565,11.897,482101.0
2018-09-19,11.862,12.203,11.819,12.098,923815.0
2018-09-20,12.176,12.29,12.045,12.107,589209.0
2018-09-21,12.089,12.587,12.045,12.578,1203042.0
2018-09-25,12.377,12.482,12.299,12.342,562905.0
2018-09-26,12.395,12.744,12.342,12.473,973113.0
2018-09-27,12.447,12.499,12.246,12.447,618867.0
2018-09-28,12.491,12.709,12.456,12.587,728660.0
2018-10-08,12.281,12.333,11.915,11.949,866981.0
2018-10-09,11.967,12.072,11.906,12.019,500917.0
2018-10-10,12.019,12.133,11.967,12.115,504243.0
2018-10-11,11.679,11.81,11.103,11.26,1154499.0
2018-10-12,11.138,11.4,10.893,11.295,800359.0
2018-10-15,11.33,11.4,11.112,11.129,512232.0
2018-10-16,11.173,11.373,10.937,11.024,491321.0
2018-10-17,11.312,11.338,10.937,11.19,560514.0
2018-10-18,11.155,11.286,10.963,10.972,524393.0
2018-10-19,10.902,11.548,10.867,11.443,1165880.0
2018-10-22,11.67,12.787,11.67,12.787,2522345.0
2018-10-23,13.294,13.424,12.447,12.604,3136251.0
2018-10-24,12.473,13.224,12.447,12.796,2519260.0
2018-10-25,12.456,13.189,12.246,13.163,2128962.0
2018-10-26,13.067,13.102,12.595,12.752,1467624.0
2018-10-29,12.709,12.988,12.456,12.552,1109778.0
2018-10-30,12.674,13.547,12.429,13.119,2252638.0
2018-10-31,12.979,13.25,12.735,12.997,1452444.0
2018-11-01,13.328,13.983,13.119,13.171,2531447.0
2018-11-02,13.634,13.695,13.294,13.547,1742362.0
2018-11-05,13.398,13.608,13.215,13.477,1089393.0
2018-11-06,13.555,13.791,13.337,13.477,1125849.0
2018-11-07,13.407,13.442,13.04,13.119,1068929.0
2018-11-08,13.276,13.294,12.779,12.831,1115537.0
2018-11-09,12.779,12.962,12.691,12.787,788310.0
2018-11-12,12.84,12.997,12.77,12.971,933866.0
2018-11-13,12.787,13.529,12.761,13.198,1833410.0
2018-11-14,13.093,13.224,12.84,12.901,1162759.0
2018-11-15,12.875,13.25,12.805,13.206,1617501.0
2018-11-16,13.198,13.695,13.049,13.363,2533627.0
2018-11-19,13.372,13.791,13.311,13.791,2553648.0
2018-11-20,13.634,13.774,13.093,13.18,1777408.0
2018-11-21,12.988,13.163,12.813,12.979,1498952.0
2018-11-22,13.014,13.032,12.726,12.892,953347.0
2018-11-23,12.822,13.006,12.403,12.508,1090118.0
2018-11-26,12.508,12.7,12.386,12.482,672353.0
2018-11-27,12.543,12.717,12.456,12.604,664616.0
2018-11-28,12.543,12.962,12.508,12.866,1053953.0
2018-11-29,12.918,13.128,12.517,12.534,966426.0
2018-11-30,12.491,12.813,12.421,12.744,750195.0
2018-12-03,13.555,13.582,13.154,13.241,1866667.0
2018-12-04,13.241,13.398,13.163,13.381,972454.0
2018-12-05,13.102,13.381,13.075,13.25,813033.0
2018-12-06,13.075,13.093,12.813,12.866,918608.0
2018-12-07,13.023,13.067,12.875,12.901,512283.0
2018-12-10,12.7,12.831,12.56,12.656,695504.0
2018-12-11,12.691,12.779,12.656,12.752,358675.0
2018-12-12,12.857,12.953,12.787,12.831,551859.0
2018-12-13,12.857,13.136,12.744,13.014,1229787.0
2018-12-14,12.936,12.962,12.726,12.726,656050.0
2018-12-17,12.665,12.875,12.648,12.84,541826.0
2018-12-18,12.709,12.831,12.429,12.552,748085.0
2018-12-19,12.552,12.604,12.333,12.351,539403.0
2018-12-20,12.342,12.552,12.159,12.421,755764.0
2018-12-21,12.333,12.377,11.888,12.072,885358.0
2018-12-24,11.984,12.072,11.88,11.993,505264.0
2019-01-10,12.988,12.988,12.639,12.683,2186844.0
2019-01-11,12.683,12.883,12.63,12.831,1127695.0
2019-01-14,12.953,13.084,12.831,12.857,861108.0
2019-01-15,12.892,13.486,12.866,13.381,1805469.0
2019-01-16,13.407,13.512,13.276,13.416,1104443.0
2019-01-17,13.512,13.616,13.302,13.346,883325.0
2019-01-18,13.442,13.678,13.302,13.625,1110555.0
2019-01-21,13.625,13.852,13.459,13.59,1132135.0
2019-01-22,13.512,13.582,13.18,13.267,921813.0
2019-01-23,13.337,13.407,13.171,13.311,519431.0
2019-01-24,13.381,13.8,13.311,13.634,1157569.0
2019-01-25,13.686,13.948,13.634,13.765,1131968.0
2019-01-28,13.983,14.096,13.573,13.73,1007456.0
2019-01-29,13.66,13.913,13.573,13.817,769070.0
2019-01-30,13.704,13.861,13.651,13.678,487550.0
2019-01-31,13.791,14.079,13.721,13.957,925071.0
2019-02-01,14.254,14.402,14.096,14.236,1048306.0
2019-02-11,14.184,14.55,14.175,14.481,837103.0
2019-02-12,14.498,14.734,14.411,14.577,880374.0
2019-02-13,14.577,15.039,14.428,15.03,1431069.0
2019-02-14,15.022,15.03,14.786,14.865,916356.0
2019-02-15,14.838,14.838,14.245,14.289,1607906.0
2019-02-18,14.463,15.336,14.463,15.318,2229679.0
2019-02-19,15.318,15.816,15.135,15.283,2120706.0
2019-02-20,15.371,15.72,15.249,15.545,1351408.0
2019-02-21,15.432,16.436,15.301,15.816,2326751.0
2019-02-22,15.982,17.596,15.659,17.596,3930822.0
2019-02-25,18.574,19.551,18.181,19.551,4913446.0
2019-02-26,20.206,21.044,19.176,19.403,5873954.0
2019-02-27,19.229,19.839,18.452,19.01,4567924.0
2019-02-28,18.74,18.888,18.094,18.539,2984919.0
2019-03-01,18.748,19.543,18.268,19.368,3943658.0
2019-03-04,19.578,20.8,18.801,19.394,5083363.0
2019-03-05,19.534,19.822,19.124,19.665,3148280.0
2019-03-06,19.665,21.829,19.49,21.323,5565951.0
2019-03-07,21.044,22.353,20.669,21.376,6217520.0
2019-03-08,19.839,20.293,19.036,19.036,6328067.0
2019-03-11,18.967,19.386,18.268,19.045,3791527.0
2019-03-12,19.115,20.136,19.115,19.56,4310350.0
2019-03-13,19.604,19.639,18.844,18.897,2999074.0
2019-03-14,18.748,19.185,18.19,18.417,2833472.0
2019-03-15,18.626,19.054,18.469,18.801,2464579.0
2019-03-18,18.748,19.569,18.356,19.517,2994299.0
2019-03-19,19.534,19.621,19.045,19.167,2152355.0
2019-03-20,19.098,19.796,19.045,19.455,2588968.0
2019-03-21,19.534,20.223,19.333,19.752,3563239.0
2019-03-22,19.639,19.857,19.229,19.665,2043175.0
2019-03-25,19.229,19.438,18.626,18.705,2525337.0
2019-03-26,18.879,18.879,17.884,18.015,2572074.0
2019-03-27,18.199,18.33,17.771,18.068,1870655.0
2019-03-28,17.876,18.295,17.614,17.945,1676061.0
2019-03-29,18.033,19.709,18.033,19.647,4233645.0
2019-04-01,19.639,20.503,19.464,20.084,4904512.0
2019-04-02,20.293,20.546,19.883,20.014,2857664.0
2019-04-03,19.761,21.079,19.743,20.852,3906931.0
2019-04-04,20.896,20.965,20.45,20.712,2750094.0
2019-04-08,20.93,21.0,19.839,20.11,2903872.0
2019-04-09,20.084,20.407,19.839,20.197,1989045.0
2019-04-10,20.145,20.171,19.464,19.796,2675711.0
2019-04-11,19.621,19.883,19.263,19.333,1816187.0
2019-04-12,19.333,19.508,18.993,19.202,1593524.0
2019-04-15,19.665,19.752,18.748,18.792,2102530.0
2019-04-16,18.705,19.403,18.321,19.403,2355309.0
2019-04-17,19.307,19.499,19.15,19.281,1378483.0
2019-04-18,19.281,19.525,19.159,19.211,1063508.0
2019-04-19,19.255,19.517,19.063,19.403,1408861.0
2019-04-22,19.613,19.682,18.714,18.783,1896332.0
2019-04-23,18.705,19.377,18.591,18.923,1625660.0
2019-04-24,18.914,19.211,18.775,19.124,1232361.0
2019-04-25,18.967,19.298,18.513,18.53,1666072.0
2019-04-26,18.426,18.923,18.417,18.609,1449303.0
2019-04-29,18.609,18.687,17.849,18.111,1772592.0
2019-04-30,18.138,18.347,18.015,18.129,1066745.0
2019-05-06,16.872,17.195,16.121,16.121,2795890.0
2019-05-07,16.296,16.331,15.58,16.13,2134660.0
2019-05-08,15.563,16.13,15.476,15.711,1462802.0
2019-05-09,15.458,15.65,15.266,15.283,1653380.0
2019-05-10,15.563,16.261,15.257,16.034,2696132.0
2019-05-13,15.65,15.807,15.388,15.51,1351193.0
2019-05-14,15.31,15.641,15.292,15.371,1144871.0
2019-05-15,15.537,15.798,15.476,15.737,1359898.0
2019-05-16,15.711,15.772,15.554,15.676,913705.0
2019-05-17,15.737,15.79,14.995,15.161,1414069.0
2019-05-20,15.109,15.545,15.039,15.362,1135267.0
2019-05-21,15.318,15.86,15.318,15.676,1270624.0
2019-05-22,15.685,15.816,15.476,15.598,808034.0
2019-05-23,15.458,15.807,15.362,15.519,1012300.0
2019-05-24,15.563,15.694,15.458,15.537,681299.0
2019-05-27,15.519,16.121,15.406,16.025,1666910.0
2019-05-28,15.894,16.244,15.877,15.99,1223126.0
2019-05-29,15.833,16.174,15.825,15.956,899946.0
2019-05-30,15.825,15.868,15.528,15.659,951650.0
2019-05-31,15.615,15.781,15.58,15.589,573655.0
2019-06-03,15.729,16.052,15.545,15.641,1083301.0
2019-06-04,15.606,15.685,15.449,15.589,663408.0
2019-06-05,15.842,15.956,15.676,15.764,1144199.0
2019-06-06,15.825,15.947,15.493,15.537,895867.0
2019-06-10,15.641,15.737,15.222,15.545,1055966.0
2019-06-11,15.545,16.488,15.51,16.427,2217439.0
2019-06-12,16.244,16.401,16.069,16.182,1253616.0
2019-06-13,16.13,16.532,16.095,16.357,1291286.0
2019-06-14,16.392,16.549,16.034,16.052,965825.0
2019-06-17,16.06,16.261,16.017,16.113,652912.0
2019-06-18,16.156,16.296,15.999,16.217,598732.0
2019-06-19,17.657,17.919,16.785,16.828,2567730.0
2019-06-20,16.855,18.618,16.82,18.138,3594228.0
2019-06-21,18.234,19.002,18.146,18.679,3178615.0
2019-06-24,18.923,19.054,18.556,18.618,1955479.0
2019-06-25,18.618,18.757,17.945,18.513,2248023.0
2019-06-26,18.312,18.556,18.111,18.347,1217175.0
2019-06-27,18.53,19.202,18.495,18.897,2193588.0
2019-06-28,18.836,18.993,18.618,18.801,1282377.0
2019-07-01,19.543,19.647,19.141,19.298,2510106.0
2019-07-02,19.185,19.211,19.028,19.098,1185460.0
2019-07-03,19.036,19.054,18.303,18.469,1680634.0
2019-07-04,18.548,18.897,18.443,18.618,1032662.0
2019-07-05,18.635,18.748,18.356,18.565,827339.0
2019-07-08,18.513,18.661,18.007,18.242,1289454.0
2019-07-09,18.399,18.478,18.024,18.295,957241.0
2019-07-10,18.391,18.443,18.129,18.268,786532.0
2019-07-11,18.443,18.652,18.085,18.251,1237520.0
2019-07-12,18.216,18.452,18.007,18.417,966705.0
2019-07-15,18.181,19.019,18.033,18.696,1502422.0
2019-07-16,18.626,18.757,18.469,18.469,780117.0
2019-07-17,18.321,18.443,18.103,18.172,1206503.0
2019-07-18,18.007,18.05,17.841,17.849,867815.0
2019-07-19,17.954,18.399,17.945,18.251,1080637.0
2019-07-22,18.347,18.399,17.902,17.919,923064.0
2019-07-23,17.945,18.146,17.884,17.98,501549.0
2019-07-24,18.103,18.469,18.103,18.321,1086122.0
2019-07-25,18.347,18.434,18.234,18.434,643832.0
2019-07-26,18.338,18.434,18.26,18.434,536303.0
2019-07-29,18.382,18.399,18.146,18.242,626721.0
2019-07-30,18.268,18.652,18.234,18.452,1001973.0
2019-07-31,18.382,18.434,18.207,18.295,633683.0
2019-08-01,18.172,18.26,17.928,18.024,809710.0
2019-08-02,17.439,17.5,17.247,17.273,1114826.0
2019-08-05,17.073,17.073,16.593,16.601,1405690.0
2019-08-06,16.121,16.724,15.921,16.523,1641234.0
2019-08-07,16.575,16.628,16.2,16.217,992022.0
2019-08-08,16.785,16.863,16.47,16.575,1301572.0
2019-08-09,16.741,16.82,16.418,16.47,850866.0
2019-08-12,16.785,16.959,16.732,16.951,1078209.0
2019-08-13,16.741,16.802,16.654,16.715,506348.0
2019-08-14,17.047,17.16,16.785,16.785,795424.0
2019-08-15,16.217,16.916,16.174,16.828,719688.0
2019-08-16,16.759,17.221,16.759,16.942,947655.0
2019-08-19,17.422,18.548,17.239,18.513,2473638.0
2019-08-20,18.399,18.513,18.146,18.19,1313823.0
2019-08-21,18.138,18.286,18.024,18.085,771302.0
2019-08-22,18.164,18.251,17.963,18.146,651203.0
2019-08-23,18.19,18.321,18.015,18.085,882491.0
2019-08-26,17.649,17.911,17.579,17.719,993651.0
2019-08-27,17.884,18.434,17.832,18.199,1355030.0
2019-08-28,18.059,18.181,17.876,17.893,723060.0
2019-08-29,17.919,17.972,17.71,17.745,636306.0
2019-08-30,18.007,18.216,17.614,17.806,841396.0
2019-09-02,17.815,18.364,17.753,18.199,1211444.0
2019-09-03,18.207,18.469,18.138,18.26,957270.0
2019-09-04,18.225,18.783,18.164,18.687,1609647.0
2019-09-05,19.185,19.927,19.098,19.124,3091449.0
2019-09-06,19.543,19.613,19.167,19.403,1556021.0
2019-09-09,19.752,20.014,19.525,19.551,1780365.0
2019-09-10,19.621,19.656,19.045,19.447,1675992.0
2019-09-11,19.691,19.97,19.447,19.613,2016022.0
2019-09-12,19.709,19.979,19.464,19.892,1512289.0
2019-09-16,19.997,20.058,19.351,19.517,1260028.0
2019-09-17,19.403,19.403,18.792,18.862,1666264.0
2019-09-18,18.897,18.984,18.731,18.775,784039.0
2019-09-19,18.897,18.949,18.731,18.914,779031.0
2019-09-20,18.94,18.94,18.478,18.696,1144043.0
2019-09-23,18.583,18.591,18.199,18.373,1150831.0
2019-09-24,18.504,18.696,18.321,18.364,1016007.0
2019-09-25,18.216,18.478,18.172,18.277,664622.0
2019-09-26,18.33,18.469,18.076,18.155,900377.0
2019-09-27,18.129,18.443,18.129,18.443,655974.0
2019-09-30,18.443,18.443,17.945,17.945,718607.0
2019-10-08,17.945,18.033,17.64,17.815,781869.0
2019-10-09,17.596,17.762,17.439,17.727,750380.0
2019-10-10,17.719,17.937,17.657,17.867,645315.0
2019-10-11,17.963,18.443,17.745,18.347,1174967.0
2019-10-14,18.635,18.792,18.46,18.478,1442096.0
2019-10-15,18.452,18.452,18.129,18.129,745833.0
2019-10-16,18.199,18.382,17.989,18.015,630230.0
2019-10-17,17.989,18.111,17.919,17.98,410303.0
2019-10-18,18.085,18.111,17.527,17.527,783601.0
2019-10-21,17.492,17.492,17.108,17.396,736385.0
2019-10-22,17.474,17.631,17.378,17.614,461915.0
2019-10-23,17.544,17.684,17.221,17.343,614210.0
2019-10-24,17.387,17.57,17.247,17.396,553384.0
2019-10-25,17.396,17.64,17.23,17.579,657780.0
2019-10-28,17.579,17.884,17.492,17.832,750802.0
2019-10-29,17.832,17.841,17.413,17.413,692722.0
2019-10-31,17.483,17.57,17.099,17.265,743342.0
2019-11-01,17.23,17.771,17.134,17.684,797094.0
2019-11-04,17.692,17.849,17.605,17.753,749150.0
2019-11-05,17.788,18.295,17.745,18.068,1422973.0
2019-11-06,18.068,18.111,17.832,17.902,647450.0
2019-11-07,17.928,18.268,17.858,18.146,846839.0
2019-11-08,18.364,18.487,17.815,17.893,979718.0
2019-11-11,17.78,17.788,17.5,17.527,730692.0
2019-11-12,17.492,17.596,17.317,17.553,591916.0
2019-11-13,17.439,17.553,17.326,17.387,481865.0
2019-11-14,17.387,17.579,17.352,17.439,436553.0
2019-11-15,17.483,17.588,17.256,17.273,567539.0
2019-11-18,17.265,17.544,17.186,17.431,508904.0
2019-11-19,17.431,17.657,17.326,17.657,654223.0
2019-11-20,17.614,17.657,17.247,17.282,704669.0
2019-11-21,17.108,17.352,17.099,17.212,491854.0
2019-11-22,17.247,17.361,17.02,17.081,651100.0
2019-11-25,17.16,17.23,17.012,17.195,469124.0
2019-11-26,17.239,17.282,17.09,17.108,449905.0
2019-11-27,17.073,17.108,16.855,17.029,475671.0
2019-11-28,17.003,17.143,17.003,17.099,320645.0
2019-11-29,17.064,17.221,16.977,17.012,493310.0
2019-12-02,17.439,17.509,17.221,17.247,865548.0
2019-12-03,17.099,17.431,17.073,17.396,620648.0
2019-12-04,17.23,17.369,17.204,17.326,445274.0
2019-12-05,17.396,17.815,17.387,17.788,1301520.0
2019-12-06,17.797,17.928,17.675,17.858,1059059.0
2019-12-09,17.876,17.902,17.684,17.745,696281.0
2019-12-10,17.719,17.78,17.57,17.71,544804.0
2019-12-11,17.771,17.919,17.657,17.727,688657.0
2019-12-12,17.788,17.806,17.623,17.701,549902.0
2019-12-13,18.05,18.556,17.98,18.399,2556897.0
2019-12-16,18.487,18.827,18.251,18.679,1803460.0
2019-12-17,18.679,19.752,18.609,19.159,2741829.0
2019-12-18,19.132,19.517,19.054,19.098,1715991.0
2019-12-19,19.141,19.167,18.862,19.054,1061764.0
2019-12-20,19.106,19.359,18.906,18.906,1388117.0
2019-12-23,18.914,19.063,18.443,18.443,1415741.0
2019-12-24,18.408,18.565,18.356,18.556,814923.0
2019-12-25,18.522,18.705,18.408,18.513,774069.0
2019-12-26,18.618,19.071,18.548,19.054,1182014.0
2019-12-27,19.01,19.342,18.679,18.687,1702761.0
2019-12-30,18.661,20.721,18.618,20.721,6152020.0
2019-12-31,20.66,20.773,20.145,20.407,3369729.0
2020-01-02,20.791,20.922,20.372,20.573,3577365.0
2020-01-03,20.442,20.695,20.232,20.477,1837992.0
2020-01-06,20.197,20.887,20.145,20.424,2304034.0
2020-01-07,20.494,20.8,20.232,20.756,2003054.0
2020-01-08,20.52,20.564,20.014,20.093,2066120.0
2020-01-09,20.433,20.634,20.328,20.529,1635603.0
2020-01-10,20.983,21.096,20.328,20.625,1969461.0
2020-01-13,20.538,21.0,20.171,20.992,1895103.0
2020-01-14,21.0,21.14,20.59,20.634,1759240.0
2020-01-15,20.494,20.66,20.319,20.424,1140791.0
2020-01-16,20.459,20.459,20.197,20.241,1038355.0
2020-01-17,20.381,20.8,20.346,20.459,1297342.0
2020-01-20,20.442,20.826,20.319,20.808,1408182.0
2020-01-21,20.555,20.712,20.241,20.293,1691808.0
2020-01-22,20.127,20.52,19.639,20.319,2036271.0
2020-01-23,19.874,20.023,18.94,19.185,2452483.0
2020-02-03,17.099,17.099,17.099,17.099,753370.0
2020-02-04,16.479,17.474,16.462,17.291,3485571.0
2020-02-05,17.317,18.12,17.108,17.588,2427650.0
2020-02-06,17.614,18.216,17.369,18.076,2478401.0
2020-02-07,17.945,18.076,17.701,17.998,1836396.0
2020-02-10,17.701,18.242,17.701,18.111,1580403.0
2020-02-11,18.251,18.513,18.085,18.129,1763408.0
2020-02-12,17.972,18.469,17.963,18.312,1701737.0
2020-02-13,18.242,18.408,17.963,18.007,1493055.0
2020-02-14,17.963,18.618,17.937,18.382,2027589.0
2020-02-17,19.054,19.525,18.748,19.429,3209865.0
2020-02-18,19.429,19.49,19.028,19.255,1916034.0
2020-02-19,19.15,19.674,19.124,19.272,2083406.0
2020-02-20,19.333,20.616,19.333,20.512,3898596.0
2020-02-21,20.398,21.009,20.136,20.302,3535268.0
2020-02-24,20.136,20.433,19.97,20.18,2442126.0
2020-02-25,19.717,20.363,19.298,20.328,3280997.0
2020-02-26,19.883,20.573,19.735,19.892,2881556.0
2020-02-27,20.005,20.398,19.857,19.944,2063951.0
2020-02-28,19.263,19.455,18.644,18.748,2914357.0
2020-03-02,19.098,19.962,18.94,19.691,2543747.0
2020-03-03,20.145,20.538,19.647,19.909,2593144.0
2020-03-04,19.848,20.477,19.665,20.433,2760750.0
2020-03-05,20.677,21.306,20.206,21.009,4454361.0
2020-03-06,20.738,20.896,20.232,20.241,2630400.0
2020-03-09,19.525,19.944,19.359,19.543,2734638.0
2020-03-10,19.586,20.311,19.412,20.197,2644568.0
2020-03-11,20.127,20.136,19.534,19.569,1790690.0
2020-03-12,19.272,19.569,19.15,19.255,1696419.0
2020-03-13,18.242,19.429,18.103,19.22,2273578.0
2020-03-16,19.176,19.185,18.094,18.111,2057914.0
2020-03-17,18.417,18.644,17.727,18.338,1727481.0
2020-03-18,18.426,18.574,17.701,17.727,1521894.0
2020-03-19,17.788,18.076,17.012,17.841,2007876.0
2020-03-20,18.007,18.146,17.701,18.103,1213209.0
2020-03-23,17.352,17.832,17.308,17.431,1105082.0
2020-03-24,17.841,17.911,17.439,17.797,1188219.0
2020-03-25,18.234,18.33,18.085,18.19,1293512.0
2020-03-26,17.963,18.19,17.937,17.945,697849.0
2020-03-27,18.155,18.399,17.98,18.024,905747.0
2020-03-30,17.788,17.849,17.57,17.762,804115.0
2020-03-31,17.98,18.033,17.657,17.666,638332.0
2020-04-01,17.605,17.919,17.57,17.614,666733.0
2020-04-02,17.544,17.902,17.527,17.902,775172.0
2020-04-03,17.762,17.858,17.588,17.64,581837.0
2020-04-07,18.007,18.094,17.876,18.033,1241184.0
2020-04-08,17.919,18.068,17.876,18.007,757620.0
2020-04-09,18.207,18.382,18.094,18.094,1146930.0
2020-04-10,18.164,18.286,17.919,17.954,858502.0
2020-04-13,17.876,17.945,17.701,17.762,584928.0
2020-04-14,17.867,19.106,17.78,18.583,1956854.0
2020-04-15,18.312,18.879,18.251,18.417,1518856.0
2020-04-16,18.303,19.272,18.268,18.984,2278962.0
2020-04-17,19.002,19.115,18.696,18.731,1504200.0
2020-04-20,18.818,18.871,18.635,18.827,803576.0
2020-04-21,18.687,18.705,18.364,18.548,907942.0
2020-04-22,18.399,18.609,18.312,18.565,582120.0
2020-04-23,18.556,18.609,18.33,18.33,623666.0
2020-04-24,18.286,18.434,18.007,18.138,723366.0
2020-04-27,18.181,18.443,18.146,18.251,615237.0
2020-04-28,18.452,18.792,18.199,18.652,1343710.0
2020-04-29,18.452,18.836,18.426,18.74,799917.0
2020-04-30,18.923,19.167,18.853,19.01,1339571.0
2020-05-06,18.556,18.993,18.495,18.94,1118487.0
2020-05-07,18.94,19.054,18.748,18.757,846296.0
2020-05-08,18.967,19.298,18.783,19.115,1527749.0
2020-05-11,19.15,19.255,18.827,18.897,958306.0
2020-05-12,19.019,19.08,18.801,18.949,650971.0
2020-05-13,18.853,19.115,18.818,19.045,640345.0
2020-05-14,18.923,18.958,18.766,18.783,654371.0
2020-05-15,18.888,18.923,18.748,18.783,548576.0
2020-05-18,18.748,18.775,18.443,18.469,889196.0
2020-05-19,18.679,18.731,18.53,18.583,565102.0
2020-05-20,18.53,18.626,18.408,18.478,666620.0
2020-05-21,18.522,18.644,18.399,18.417,548373.0
2020-05-22,18.426,18.426,17.788,17.788,981940.0
2020-05-25,17.788,17.884,17.596,17.71,589972.0
2020-05-26,17.823,17.945,17.797,17.937,546873.0
2020-05-27,17.954,17.954,17.71,17.78,455597.0
2020-05-28,17.797,18.181,17.719,17.945,699515.0
2020-05-29,17.806,17.902,17.745,17.762,465583.0
2020-06-01,18.234,18.687,18.076,18.522,1618561.0
2020-06-02,18.443,18.548,18.312,18.417,828478.0
2020-06-03,18.522,18.679,18.277,18.312,807511.0
2020-06-04,18.46,18.46,18.155,18.19,592800.0
2020-06-05,18.216,18.303,18.042,18.26,748216.0
2020-06-08,18.382,18.522,18.268,18.373,839778.0
2020-06-09,18.312,18.818,18.303,18.652,1131305.0
2020-06-10,18.574,18.609,18.391,18.452,581494.0
2020-06-11,18.434,18.6,18.207,18.216,850796.0
2020-06-12,17.919,18.225,17.876,18.059,842159.0
2020-06-15,18.059,18.46,18.024,18.042,1004579.0
2020-06-16,18.242,18.399,18.181,18.277,638051.0
2020-06-17,18.251,18.295,18.059,18.199,600807.0
2020-06-18,18.216,18.583,18.172,18.469,1021775.0
2020-06-19,18.53,19.263,18.478,19.141,2770131.0
2020-06-22,19.15,20.136,19.045,19.368,2856177.0
2020-06-23,19.272,19.464,19.036,19.307,1416648.0
2020-06-24,19.499,20.005,19.359,19.49,1286923.0
2020-06-29,19.098,19.185,18.757,18.836,1516309.0
2020-06-30,18.949,19.665,18.836,19.368,1599808.0
2020-07-01,19.359,19.918,19.211,19.901,1842300.0
2020-07-02,19.761,21.271,19.743,21.07,4641174.0
2020-07-03,21.978,23.348,21.332,23.348,7250830.0
2020-07-06,24.334,25.853,23.959,25.853,8073328.0
2020-07-07,26.752,26.822,25.033,25.495,7474489.0
2020-07-08,25.574,28.21,25.574,27.564,6904764.0
2020-07-09,26.691,28.166,26.385,27.197,5585358.0
2020-07-10,26.647,27.023,25.87,26.054,4327866.0
2020-07-13,26.036,27.564,25.67,26.673,4736262.0
2020-07-14,26.254,26.621,25.731,26.281,3247301.0
2020-07-15,26.7,27.293,26.124,26.254,4571230.0
2020-07-16,25.818,26.429,23.811,23.915,5305665.0
2020-07-17,24.247,24.422,22.763,23.304,3691223.0
2020-07-20,23.872,25.486,23.671,25.076,3791036.0
2020-07-21,24.797,25.242,24.413,24.797,2223715.0
2020-07-22,24.902,26.045,24.649,24.945,3460704.0
2020-07-23,24.561,25.155,24.081,24.98,2812984.0
2020-07-24,24.71,24.971,23.034,23.2,3442431.0
2020-07-27,23.322,23.374,22.685,23.2,1849951.0
2020-07-28,23.496,23.549,22.894,23.112,1455424.0
2020-07-29,23.104,24.43,22.999,24.308,2776370.0
2020-07-30,24.509,24.57,24.003,24.125,1943339.0
2020-07-31,24.055,25.041,24.011,24.474,2256131.0
2020-08-03,24.779,24.971,24.299,24.867,2291448.0
2020-08-04,24.867,25.12,24.526,24.701,1792644.0
2020-08-05,24.579,24.701,24.221,24.43,1608572.0
2020-08-06,24.509,27.04,24.064,26.324,3725791.0
2020-08-07,25.294,27.948,24.779,26.22,4866216.0
2020-08-10,25.661,28.306,25.495,27.311,5373052.0
2020-08-11,27.066,27.415,25.513,25.652,3777991.0
2020-08-12,25.399,25.94,24.893,25.46,2716803.0
2020-08-13,25.539,25.844,25.129,25.286,1630067.0
2020-08-14,25.041,25.801,24.963,25.705,1444043.0
2020-08-17,26.263,28.087,26.254,27.101,3835406.0
2020-08-18,27.127,27.834,26.813,27.249,2393498.0
2020-08-19,27.215,27.537,26.717,26.857,2238901.0
2020-08-20,26.281,26.656,26.01,26.237,1566521.0
2020-08-21,26.429,26.909,26.254,26.621,1221736.0
2020-08-24,26.734,26.892,26.438,26.516,1063784.0
2020-08-25,26.682,27.084,26.342,26.412,1254941.0
2020-08-26,26.342,26.551,25.556,25.582,1906944.0
2020-08-27,25.582,26.08,25.382,25.792,1182994.0
2020-08-28,25.731,26.778,25.574,26.682,1921991.0
2020-08-31,26.953,27.485,26.516,26.516,2189042.0
2020-09-01,26.35,26.787,26.342,26.787,1115895.0
2020-09-02,26.865,26.97,26.176,26.604,1450182.0
2020-09-03,26.595,26.927,26.106,26.272,1264748.0
2020-09-04,25.635,26.071,25.565,25.853,1127797.0
2020-09-07,25.844,25.949,24.771,24.867,1535627.0
2020-09-08,24.902,25.792,24.841,25.513,1402829.0
2020-09-09,25.041,25.382,24.727,25.024,1135097.0
2020-09-10,25.251,25.513,24.884,24.945,1062566.0
2020-09-11,24.832,25.085,24.771,25.024,818506.0
2020-09-14,25.024,25.102,24.806,24.989,655177.0
2020-09-15,24.998,25.338,24.875,25.137,773379.0
2020-09-16,25.137,25.495,25.015,25.146,807880.0
2020-09-17,24.954,25.033,24.317,24.605,1181713.0
2020-09-18,24.596,25.905,24.553,25.731,1977619.0
2020-09-21,26.473,26.604,25.713,25.757,1647351.0
2020-09-22,25.53,26.254,25.382,25.486,1261485.0
2020-09-23,25.574,25.609,25.155,25.216,692185.0
2020-09-24,25.12,25.286,24.884,24.902,806377.0
2020-09-25,24.954,25.347,24.902,25.12,803642.0
2020-09-28,25.006,25.294,24.998,25.137,608467.0
2020-09-29,25.155,25.521,25.155,25.172,708144.0
2020-09-30,25.399,25.417,24.849,24.971,743265.0
2020-10-09,25.382,25.495,25.233,25.469,817139.0
2020-10-12,25.731,26.56,25.635,26.446,1633773.0
2020-10-13,26.237,26.237,25.984,26.124,927552.0
2020-10-14,26.124,26.211,25.713,25.774,736731.0
2020-10-15,25.818,26.167,25.757,25.792,631535.0
2020-10-16,25.792,26.036,25.731,25.888,659199.0
2020-10-19,26.167,26.385,25.713,25.713,968854.0
2020-10-20,25.652,25.722,25.137,25.513,858821.0
2020-10-21,25.443,25.565,25.19,25.321,674989.0
2020-10-22,25.277,25.53,25.033,25.329,767017.0
2020-10-23,25.286,25.548,25.033,25.033,788318.0
2020-10-26,24.884,24.884,23.985,24.09,1384351.0
2020-10-27,24.072,24.142,23.68,24.046,877712.0
2020-10-28,23.976,24.457,23.889,24.299,776850.0
2020-10-29,24.038,24.945,23.907,24.614,1038319.0
2020-10-30,24.387,24.587,23.741,23.75,1033854.0
2020-11-02,23.592,24.072,22.868,23.27,1372847.0
2020-11-03,23.435,24.107,23.339,23.837,978566.0
2020-11-04,23.837,24.09,23.592,23.837,694130.0
2020-11-05,24.395,24.465,23.985,24.238,929447.0
2020-11-06,24.282,24.561,24.099,24.282,880021.0
2020-11-09,24.526,25.513,24.369,25.181,1767394.0
2020-11-10,25.286,25.338,24.561,24.727,1161262.0
2020-11-11,24.666,24.727,24.273,24.299,709716.0
2020-11-12,24.299,24.5,24.107,24.177,543462.0
2020-11-13,24.116,24.116,23.636,23.819,820615.0
2020-11-16,24.003,24.116,23.741,24.046,618229.0
2020-11-17,24.011,24.186,23.776,24.186,659904.0
2020-11-18,24.186,24.535,24.134,24.203,859665.0
2020-11-19,24.072,24.474,23.872,24.361,723571.0
2020-11-20,24.361,24.439,24.247,24.439,553474.0
2020-11-23,24.43,25.163,24.273,24.858,1515453.0
2020-11-24,24.849,24.849,24.491,24.535,885610.0
2020-11-25,24.727,24.919,24.264,24.264,842565.0
2020-11-26,24.256,24.413,24.072,24.334,620010.0
2020-11-27,24.404,24.928,24.282,24.928,1114402.0
2020-11-30,25.207,26.254,25.102,25.207,2997909.0
2020-12-01,25.129,26.385,24.989,26.08,2277564.0
2020-12-02,26.08,26.342,25.644,25.888,1567736.0
2020-12-03,25.844,26.019,25.661,25.731,957615.0
2020-12-04,25.774,25.792,25.102,25.207,1228227.0
2020-12-07,25.216,25.373,24.928,24.954,898570.0
2020-12-08,24.937,25.146,24.788,24.954,743256.0
2020-12-09,25.033,25.19,24.326,24.326,1099338.0
2020-12-10,24.247,24.491,23.942,24.212,1054445.0
2020-12-11,24.186,24.291,23.662,23.854,1011390.0
2020-12-14,23.898,24.011,23.741,23.933,544772.0
2020-12-15,23.898,23.976,23.584,23.907,727955.0
2020-12-16,23.959,24.038,23.688,23.732,599368.0
2020-12-17,23.654,24.308,23.558,24.264,981782.0
2020-12-18,24.116,24.291,23.854,23.907,663845.0
2020-12-21,23.811,24.168,23.654,24.099,665784.0
2020-12-22,24.038,24.038,23.2,23.208,1225665.0
2020-12-23,23.217,23.514,23.112,23.374,777820.0
2020-12-24,23.366,23.549,23.112,23.252,611890.0
2020-12-25,23.112,23.409,22.938,23.217,759597.0
2020-12-28,23.112,23.427,22.999,23.182,740363.0
2020-12-29,23.278,23.654,23.2,23.331,818141.0
2020-12-30,23.278,23.636,23.165,23.636,1050136.0
2020-12-31,23.898,24.736,23.872,24.422,2165913.0
2021-01-04,24.457,24.5,23.811,24.23,1945462.0
2021-01-05,24.038,24.404,23.75,24.195,1655522.0
2021-01-06,24.404,24.919,24.308,24.614,2057443.0
2021-01-07,24.683,24.832,24.072,24.727,1729687.0
2021-01-08,24.771,25.408,24.605,24.998,2207415.0
2021-01-11,25.198,25.321,24.291,24.317,1725419.0
2021-01-12,24.072,26.874,23.898,26.717,5161568.0
2021-01-13,26.595,26.665,25.644,25.774,3559776.0
2021-01-14,25.661,25.949,25.12,25.12,2103358.0
2021-01-15,24.954,25.731,24.945,25.102,1679398.0
2021-01-18,24.963,25.818,24.823,25.251,1695534.0
2021-01-19,25.233,26.193,24.98,25.338,2143915.0
2021-01-20,25.451,26.429,25.347,25.905,2166237.0
2021-01-21,26.01,26.508,25.521,25.966,2398598.0
2021-01-22,25.644,25.897,25.015,25.233,1988934.0
2021-01-25,25.085,25.181,24.605,24.919,1901745.0
2021-01-26,24.701,24.91,23.811,23.88,1897350.0
2021-01-27,23.872,24.046,23.697,23.819,1006889.0
2021-01-28,23.636,23.968,23.4,23.636,1300527.0
2021-01-29,23.784,23.88,23.2,23.505,1229645.0
2021-02-01,23.627,23.662,23.357,23.462,886477.0
2021-02-02,23.592,23.627,23.095,23.339,1435196.0
2021-02-03,23.331,23.531,23.086,23.174,958176.0
2021-02-04,22.99,23.165,21.952,22.405,1798666.0
2021-02-05,22.414,22.72,22.257,22.344,924972.0
2021-02-08,22.344,22.746,22.301,22.606,926303.0
2021-02-09,22.615,23.243,22.379,23.191,1395326.0
2021-02-10,23.121,23.278,22.807,23.086,1157933.0
2021-02-18,23.374,23.505,23.043,23.147,1310783.0
2021-02-19,23.06,23.784,22.868,23.741,1392744.0
2021-02-22,23.854,23.854,22.964,22.999,1676243.0
2021-02-23,23.025,23.243,22.772,22.851,986555.0
2021-02-24,22.894,23.095,22.484,22.693,958634.0
2021-02-25,22.833,23.435,22.597,22.964,1379275.0
2021-02-26,22.493,22.807,22.44,22.545,1097798.0
2021-03-01,21.716,21.716,20.59,21.122,2803138.0
2021-03-02,21.122,21.166,20.625,20.721,1490009.0
2021-03-03,20.625,20.974,20.59,20.904,970337.0
2021-03-04,20.738,20.843,20.389,20.415,1288013.0
2021-03-05,20.415,20.747,20.18,20.625,1149817.0
2021-03-08,20.721,20.861,20.18,20.18,1203736.0
2021-03-09,20.154,20.363,19.447,19.49,1305342.0
2021-03-10,19.691,19.752,19.403,19.438,876286.0
2021-03-11,19.499,19.796,19.499,19.735,793470.0
2021-03-12,19.761,19.761,19.176,19.517,1156455.0
2021-03-15,19.316,19.359,18.967,19.063,897627.0
2021-03-16,19.176,19.237,18.984,19.185,602116.0
2021-03-17,19.194,19.49,19.115,19.394,753688.0
2021-03-18,19.394,19.551,19.272,19.316,686558.0
2021-03-19,19.194,19.7,19.036,19.691,1210142.0
2021-03-22,19.604,20.031,19.551,19.839,1053069.0
2021-03-23,19.796,19.97,19.447,19.761,760632.0
2021-03-24,19.656,20.154,19.621,19.743,931331.0
2021-03-25,19.621,19.839,19.595,19.621,475952.0
2021-03-26,19.595,19.778,19.569,19.691,538542.0
2021-03-29,19.665,20.189,19.578,19.935,796389.0
2021-03-30,19.848,20.101,19.813,19.935,536528.0
2021-03-31,19.927,19.927,19.613,19.613,547368.0
2021-04-01,19.613,19.857,19.499,19.848,584316.0
2021-04-02,19.874,20.014,19.752,19.822,614623.0
2021-04-06,20.145,20.215,19.822,19.839,726292.0
2021-04-07,19.813,19.909,19.647,19.752,594220.0
2021-04-08,19.621,19.927,19.613,19.7,609198.0
2021-04-09,19.63,19.647,19.359,19.359,686485.0
2021-04-12,19.359,19.429,19.054,19.098,590010.0
2021-04-13,19.098,19.211,19.01,19.159,462451.0
2021-04-14,19.159,19.49,19.141,19.342,504175.0
2021-04-15,19.29,19.325,19.045,19.167,481014.0
2021-04-16,19.194,19.499,19.167,19.421,519720.0
2021-04-19,19.359,19.77,19.281,19.726,847988.0
2021-04-20,19.613,19.839,19.482,19.508,628183.0
2021-04-21,19.386,19.508,19.325,19.359,407653.0
2021-04-22,19.473,19.499,19.211,19.255,545439.0
2021-04-23,19.202,19.316,19.124,19.185,493760.0
2021-04-26,19.176,19.359,18.853,18.879,714998.0
2021-04-27,18.888,18.914,18.565,18.618,706185.0
2021-04-28,18.626,18.731,18.478,18.731,485170.0
2021-04-29,18.836,19.674,18.766,19.525,1592565.0
2021-04-30,19.359,19.778,19.298,19.578,1069396.0
2021-05-06,19.813,20.049,19.56,19.709,981386.0
2021-05-07,19.63,19.761,19.115,19.22,837558.0
2021-05-10,19.298,19.647,19.22,19.508,662676.0
2021-05-11,19.298,19.778,19.071,19.595,680556.0
2021-05-12,19.49,19.7,19.403,19.656,570219.0
2021-05-13,19.482,19.665,19.316,19.386,556860.0
2021-05-14,19.56,21.175,19.534,20.965,3326164.0
2021-05-17,20.581,20.625,20.215,20.485,2128584.0
2021-05-18,20.337,20.756,20.241,20.381,925575.0
2021-05-19,20.328,20.651,20.293,20.389,806584.0
2021-05-20,20.381,20.817,20.319,20.634,1109115.0
2021-05-21,20.651,20.712,20.232,20.241,827481.0
2021-05-24,20.398,20.992,20.381,20.782,1400131.0
2021-05-25,20.782,21.934,20.704,21.655,2911827.0
2021-05-26,21.698,21.943,21.306,21.349,1940857.0
2021-05-27,21.341,21.637,21.218,21.384,1119097.0
2021-05-28,21.384,21.891,21.21,21.611,1392900.0
2021-05-31,21.611,21.611,21.306,21.55,924054.0
2021-06-01,21.445,21.445,20.957,21.253,1046952.0
2021-06-02,21.253,21.376,20.704,20.756,976466.0
2021-06-03,20.861,21.149,20.712,20.738,782289.0
2021-06-04,20.634,21.847,20.581,21.053,1367719.0
2021-06-07,21.253,21.978,21.079,21.506,1366124.0
2021-06-08,21.384,21.838,21.28,21.384,1092864.0
2021-06-09,21.428,21.585,21.079,21.218,724102.0
2021-06-10,21.105,21.506,21.105,21.157,819877.0
2021-06-11,21.122,21.236,20.415,20.529,1290164.0
2021-06-15,20.494,20.564,20.145,20.215,792464.0
2021-06-16,20.162,20.398,20.145,20.276,640220.0
2021-06-17,20.215,20.346,20.049,20.18,599392.0
2021-06-18,20.127,20.407,20.023,20.276,756795.0
2021-06-21,20.319,20.538,20.136,20.145,761881.0
2021-06-22,20.223,20.398,20.11,20.285,609209.0
2021-06-23,20.302,20.538,20.162,20.372,724185.0
2021-06-24,20.398,20.791,20.363,20.581,867813.0
2021-06-25,20.651,21.332,20.494,21.026,1658267.0
2021-06-28,21.096,21.096,20.634,20.695,940776.0
2021-06-29,20.704,20.8,20.381,20.407,784549.0
2021-06-30,20.415,20.608,20.258,20.529,746818.0
2021-07-01,20.8,20.887,20.154,20.293,1055002.0
2021-07-02,20.127,20.127,19.368,19.403,1229454.0
2021-07-05,19.403,19.525,19.08,19.298,678159.0
2021-07-06,19.351,19.473,19.185,19.429,600574.0
2021-07-07,19.342,19.551,19.307,19.394,603387.0
2021-07-08,19.525,19.586,19.263,19.359,661946.0
2021-07-09,19.272,19.429,19.141,19.281,629464.0
2021-07-12,19.551,19.778,19.377,19.613,1047903.0
2021-07-13,19.534,19.674,19.342,19.464,616321.0
2021-07-14,19.429,19.429,19.08,19.115,802892.0
2021-07-15,19.106,19.473,19.019,19.421,727887.0
2021-07-16,19.569,19.778,19.412,19.56,910803.0
2021-07-19,19.429,19.56,19.185,19.534,651806.0
2021-07-20,19.333,19.569,19.29,19.368,459677.0
2021-07-21,19.429,19.735,19.403,19.551,844507.0
2021-07-22,19.508,19.918,19.438,19.822,1014719.0
2021-07-23,19.787,20.442,19.578,19.918,1404223.0
2021-07-26,19.892,20.04,19.22,19.272,1236813.0
2021-07-27,19.272,19.412,18.687,18.757,1018926.0
2021-07-28,18.748,19.028,18.714,18.722,822132.0
2021-07-29,19.08,19.115,18.722,18.853,858003.0
2021-07-30,18.775,18.81,18.373,18.478,896861.0
2021-08-02,18.469,19.447,18.024,19.071,1477518.0
2021-08-03,18.932,19.534,18.836,19.124,1123130.0
2021-08-04,19.115,19.185,18.94,19.063,693896.0
2021-08-05,18.958,19.176,18.67,18.722,778635.0
2021-08-06,18.836,19.036,18.748,18.906,601334.0
2021-08-09,18.836,19.534,18.801,19.29,1128293.0
2021-08-10,19.202,19.569,19.054,19.508,1081770.0
2021-08-11,19.473,19.778,19.359,19.447,1018741.0
2021-08-12,19.499,19.752,19.386,19.482,726114.0
2021-08-13,19.429,19.839,19.368,19.796,1102724.0
2021-08-16,19.813,20.145,19.63,19.717,1213354.0
2021-08-17,19.604,20.267,19.551,19.63,1839349.0
2021-08-18,19.674,20.93,19.621,20.8,3162188.0
2021-08-19,20.642,20.869,20.145,20.267,1981783.0
2021-08-20,20.354,20.485,19.97,20.267,1363300.0
2021-08-23,20.398,20.695,20.276,20.433,1164596.0
2021-08-24,20.546,21.236,20.407,21.053,2208822.0
2021-08-25,20.983,21.341,20.826,20.861,1353686.0
2021-08-26,20.765,20.93,20.546,20.564,1044624.0
2021-08-27,20.625,21.088,20.581,20.695,1038330.0
2021-08-30,21.061,21.175,20.302,20.354,1386131.0
2021-08-31,20.276,21.917,20.223,21.524,3062855.0
2021-09-01,21.541,23.2,21.419,22.58,4375223.0
2021-09-02,22.501,22.851,22.283,22.755,2604357.0
2021-09-03,23.636,23.75,22.222,22.318,2825812.0
2021-09-06,22.344,23.016,22.344,22.519,1800826.0
2021-09-07,22.519,23.008,22.065,22.807,2096082.0
2021-09-08,22.676,23.226,22.554,22.589,1566587.0
2021-09-09,22.336,22.563,22.117,22.44,1199153.0
2021-09-10,22.51,23.531,22.51,22.912,2152492.0
2021-09-13,22.894,23.191,22.728,22.842,1215742.0
2021-09-14,22.894,23.034,22.083,22.222,1602296.0
2021-09-15,22.17,22.362,21.812,22.013,1089052.0
2021-09-16,22.048,22.091,21.201,21.349,1347735.0
2021-09-17,21.367,21.891,21.367,21.76,1077623.0
2021-09-22,21.376,21.777,21.192,21.533,895727.0
2021-09-23,21.646,22.056,21.594,21.978,1040007.0
2021-09-24,22.03,22.196,21.812,21.838,816947.0
2021-09-27,21.821,22.021,21.262,21.498,952229.0
2021-09-28,21.454,21.856,21.376,21.681,711047.0
2021-09-29,21.463,21.629,21.07,21.463,944263.0
2021-09-30,21.498,21.602,20.992,21.175,834290.0
2021-10-08,21.28,21.672,21.28,21.585,751306.0
2021-10-11,21.672,21.925,21.498,21.506,589345.0
2021-10-12,21.358,21.498,20.538,20.808,1125690.0
2021-10-13,20.791,20.983,20.651,20.677,600363.0
2021-10-14,20.756,20.8,20.415,20.721,493164.0
2021-10-15,20.669,21.035,20.581,20.896,620779.0
2021-10-18,20.896,21.114,20.756,20.913,486798.0
2021-10-19,20.843,21.122,20.808,20.974,511627.0
2021-10-20,21.088,21.131,20.913,20.93,503287.0
2021-10-21,20.93,21.271,20.826,21.07,632570.0
2021-10-22,21.105,21.428,21.035,21.332,692221.0
2021-10-25,21.332,21.568,21.088,21.498,808745.0
2021-10-26,21.498,21.55,21.149,21.157,609003.0
2021-10-27,21.009,21.157,20.546,20.642,802148.0
2021-10-28,20.59,20.983,20.564,20.712,648388.0
2021-10-29,20.93,21.925,20.765,21.698,1641830.0
2021-11-01,21.629,21.891,21.568,21.786,979594.0
2021-11-02,21.716,21.882,21.149,21.393,898837.0
2021-11-03,21.367,21.506,21.149,21.271,570295.0
2021-11-04,21.454,21.594,21.192,21.314,630367.0
2021-11-05,21.192,21.515,21.131,21.245,545238.0
2021-11-08,21.166,21.524,20.948,21.332,568212.0
2021-11-09,21.393,21.48,21.149,21.437,563575.0
2021-11-10,21.358,21.428,20.73,20.939,1057430.0
2021-11-11,20.843,21.742,20.843,21.585,1455579.0
2021-11-12,21.533,21.533,21.0,21.227,1088599.0
2021-11-15,21.262,21.367,20.974,21.122,642137.0
2021-11-16,20.983,21.061,20.014,20.066,2281491.0
2021-11-17,19.979,20.18,19.935,20.093,678137.0
2021-11-18,20.058,20.197,19.796,20.127,785012.0
2021-11-19,20.066,20.442,19.997,20.319,796637.0
2021-11-22,20.302,20.512,20.267,20.311,696913.0
2021-11-23,20.302,20.494,20.232,20.241,646040.0
2021-11-24,20.232,20.346,20.101,20.223,516818.0
2021-11-25,20.189,20.267,20.075,20.136,451105.0
2021-11-26,20.084,20.127,19.979,19.988,470738.0
2021-11-29,19.796,19.892,19.726,19.883,632218.0
2021-11-30,20.014,20.049,19.813,19.857,618799.0
2021-12-01,19.796,20.311,19.752,20.258,842459.0
2021-12-02,20.223,20.538,20.145,20.407,739732.0
2021-12-03,20.494,20.843,20.45,20.738,1045719.0
2021-12-06,20.939,22.24,20.939,21.725,3164170.0
2021-12-07,21.978,22.24,21.812,21.934,1836994.0
2021-12-08,22.109,22.344,21.856,22.231,1418087.0
2021-12-09,22.152,22.885,22.109,22.571,1895882.0
2021-12-10,22.301,22.353,22.021,22.187,1213976.0
2021-12-13,22.676,22.912,22.379,22.388,1548179.0
2021-12-14,22.24,22.362,21.987,22.083,910137.0
2021-12-15,22.213,22.467,22.074,22.152,678403.0
2021-12-16,22.196,22.484,22.144,22.371,590211.0
2021-12-17,22.458,22.519,22.039,22.056,665803.0
2021-12-20,22.065,22.24,21.637,21.698,749119.0
2021-12-21,21.655,22.048,21.655,21.899,530788.0
2021-12-22,21.908,22.004,21.69,21.698,398667.0
2021-12-23,21.725,21.856,21.559,21.742,448029.0
2021-12-24,21.733,21.978,21.524,21.533,499961.0
2021-12-27,21.637,21.847,21.489,21.803,451896.0
2021-12-28,21.891,22.048,21.664,21.847,549142.0
2021-12-29,21.917,21.917,21.655,21.698,485993.0
2021-12-30,21.672,22.344,21.672,22.126,781346.0
2021-12-31,22.205,22.405,22.144,22.161,670511.0
2022-01-04,22.161,22.318,21.864,22.187,606262.0
2022-01-05,22.074,22.187,21.55,21.751,982363.0
2022-01-06,21.646,21.821,21.262,21.297,898959.0
2022-01-07,21.402,21.786,21.367,21.559,572167.0
2022-01-10,21.76,21.882,21.576,21.655,458671.0
2022-01-11,21.655,22.187,21.559,21.768,658879.0
2022-01-12,21.716,22.004,21.541,21.952,605877.0
2022-01-13,22.379,22.536,22.1,22.117,1144382.0
2022-01-14,21.376,21.629,20.939,20.957,1850995.0
2022-01-17,20.826,21.891,20.747,21.515,1619643.0
2022-01-18,21.48,21.829,21.402,21.541,1310253.0
2022-01-27,22.085,22.175,21.155,21.425,2249220.0
2022-01-28,21.475,22.635,21.455,21.875,1798787.0
2022-02-07,22.235,22.675,22.065,22.555,1178472.0
2022-02-08,22.475,22.705,22.245,22.645,846228.0
2022-02-09,22.605,22.695,22.305,22.585,799554.0
2022-02-10,22.495,22.685,22.375,22.605,629345.0
2022-02-11,22.575,23.445,22.525,22.965,1159875.0
2022-02-14,22.675,22.855,21.995,22.075,996277.0
2022-02-15,21.885,22.035,21.585,21.965,805112.0
2022-02-16,22.035,22.195,21.795,21.815,684182.0
2022-02-17,21.905,21.975,21.495,21.585,628127.0
2022-02-18,21.505,21.975,21.505,21.915,511149.0
2022-02-21,22.075,22.125,21.575,21.795,629342.0
2022-02-22,21.575,21.625,21.005,21.305,1065787.0
2022-02-23,21.305,21.535,21.185,21.525,763228.0
2022-02-24,21.275,21.305,20.505,20.735,1338456.0
2022-02-25,20.875,21.035,20.545,20.595,727586.0
2022-02-28,20.525,20.655,20.285,20.605,614454.0
2022-03-01,20.655,20.735,20.395,20.645,768058.0
2022-03-02,20.485,20.565,20.245,20.335,688578.0
2022-03-03,20.395,20.505,20.285,20.475,578139.0
2022-03-04,20.275,20.305,19.935,20.005,790291.0
2022-03-07,19.855,19.855,18.855,19.015,1419645.0
2022-03-08,19.045,19.155,18.315,18.375,1183291.0
2022-03-09,18.475,18.555,17.275,18.035,1382086.0
2022-03-10,18.475,18.555,17.855,17.935,1234675.0
2022-03-11,17.645,18.365,17.225,18.175,1546968.0
2022-03-14,17.775,18.195,17.715,17.795,812738.0
2022-03-15,17.625,17.925,16.765,16.885,1566994.0
2022-03-16,17.125,18.445,16.655,18.105,2310606.0
2022-03-17,18.325,18.605,17.935,17.995,1628894.0
2022-03-18,18.075,18.725,17.885,18.725,1450580.0
2022-03-21,18.355,18.385,17.935,18.085,1182435.0
2022-03-22,17.975,18.335,17.965,18.125,664790.0
2022-03-23,18.205,18.225,18.015,18.115,549515.0
2022-03-24,17.955,18.165,17.895,17.955,540819.0
2022-03-25,17.895,18.105,17.605,17.645,616371.0
2022-03-28,17.455,17.875,17.335,17.735,650026.0
2022-03-29,17.845,17.895,17.455,17.525,532347.0
2022-03-30,17.705,18.435,17.705,18.345,1340413.0
2022-03-31,18.165,18.295,18.075,18.175,688175.0
2022-04-01,17.985,18.585,17.955,18.395,1000268.0
2022-04-06,18.185,18.415,18.105,18.395,667070.0
2022-04-07,18.275,18.455,17.955,17.955,724825.0
2022-04-08,18.045,18.385,17.845,18.355,950965.0
2022-04-11,18.255,18.275,17.665,17.745,889097.0
2022-04-12,17.745,18.675,17.715,18.375,1156969.0
2022-04-13,18.075,18.335,17.915,17.975,928591.0
2022-04-14,18.175,18.475,18.095,18.245,992873.0
2022-04-15,18.175,18.375,18.015,18.155,770651.0
2022-04-18,17.935,17.935,17.375,17.565,925843.0
2022-04-19,17.585,17.695,17.385,17.495,573874.0
2022-04-20,17.435,17.545,17.145,17.185,712133.0
2022-04-21,17.125,17.515,16.985,17.115,836545.0
2022-04-22,16.955,17.295,16.905,17.155,739041.0
2022-04-25,16.765,17.225,16.485,16.505,1051415.0
2022-04-26,16.505,16.585,15.485,15.605,1458886.0
2022-04-27,15.375,16.265,15.285,16.085,1036628.0
2022-04-28,15.925,16.115,15.725,16.045,783359.0
2022-04-29,16.555,17.155,16.205,16.965,1571358.0
2022-05-05,16.745,16.945,16.645,16.655,818892.0
2022-05-06,16.275,16.435,16.075,16.075,669163.0
2022-05-09,16.025,16.165,15.925,16.005,422021.0
2022-05-10,15.785,16.455,15.755,16.285,695687.0
2022-05-11,16.325,16.795,16.235,16.405,976802.0
2022-05-12,16.285,16.645,16.255,16.365,532809.0
2022-05-13,16.475,16.615,16.355,16.565,561558.0
2022-05-16,16.705,16.745,16.265,16.345,591296.0
2022-05-17,16.415,16.725,16.275,16.595,600074.0
2022-05-18,16.655,16.865,16.575,16.795,772862.0
2022-05-19,16.525,16.715,16.475,16.645,488009.0
2022-05-20,16.835,17.135,16.795,17.025,921753.0
2022-05-23,16.935,17.075,16.775,16.975,577127.0
2022-05-24,16.955,17.015,16.505,16.515,628092.0
2022-05-25,16.525,16.715,16.485,16.585,433263.0
2022-05-26,16.605,17.025,16.485,16.895,660404.0
2022-05-27,16.955,17.075,16.775,16.885,551474.0
2022-05-30,16.955,17.035,16.725,16.775,514139.0
2022-05-31,16.755,17.095,16.705,17.065,740463.0
2022-06-01,17.075,17.175,16.775,16.885,585778.0
2022-06-02,16.755,17.045,16.615,16.955,730835.0
2022-06-06,16.875,17.345,16.755,17.235,1065213.0
2022-06-07,17.205,17.695,17.155,17.385,1218894.0
2022-06-08,17.455,17.735,17.325,17.635,1123419.0
2022-06-09,17.645,18.035,17.425,17.505,1126433.0
2022-06-10,17.375,18.205,17.315,18.065,1378416.0
2022-06-13,17.755,17.855,17.385,17.545,1199708.0
2022-06-14,17.275,18.425,16.885,18.385,2041708.0
2022-06-15,18.475,20.025,18.465,19.145,3870782.0
2022-06-16,19.065,19.065,18.075,18.095,2456362.0
2022-06-17,17.875,18.525,17.725,18.095,1477400.0
2022-06-20,18.065,18.345,17.845,17.995,1123384.0
2022-06-21,17.945,18.465,17.925,18.285,1303470.0
2022-06-22,18.325,18.515,17.955,18.035,1087038.0
2022-06-23,18.005,19.575,17.995,19.045,2189825.0
2022-06-24,19.115,19.255,18.765,18.905,1353485.0
2022-06-27,19.025,19.305,18.875,19.075,1147774.0
2022-06-28,19.025,19.265,18.575,19.025,1307242.0
2022-06-29,18.855,19.125,18.645,18.685,1024874.0
2022-06-30,18.715,19.225,18.715,18.935,1050794.0
2022-07-01,18.975,19.015,18.525,18.615,762405.0
2022-07-04,18.615,18.745,18.175,18.715,974439.0
2022-07-05,18.725,18.925,18.185,18.435,978338.0
2022-07-06,18.325,18.495,18.125,18.195,782232.0
2022-07-07,18.205,18.345,18.115,18.165,565501.0
2022-07-08,18.235,18.295,17.905,17.945,709285.0
2022-07-11,17.795,17.855,17.425,17.475,1019754.0
2022-07-12,17.525,17.705,17.395,17.495,728404.0
2022-07-13,17.495,17.665,17.425,17.495,544024.0
2022-07-14,17.455,17.495,17.275,17.295,565378.0
2022-07-15,17.275,17.435,16.845,16.845,844822.0
2022-07-18,16.925,17.245,16.925,17.145,622302.0
2022-07-19,17.145,17.355,16.975,17.235,567338.0
2022-07-20,17.295,17.365,17.205,17.255,471607.0
2022-07-21,17.215,17.265,17.035,17.045,426832.0
2022-07-22,17.115,17.325,17.005,17.155,471389.0
2022-07-25,17.145,17.155,16.885,16.935,463479.0
2022-07-26,16.975,17.185,16.955,17.105,343846.0
2022-07-27,17.025,17.155,17.005,17.085,326735.0
2022-07-28,17.185,17.395,17.125,17.145,595376.0
2022-07-29,17.155,17.355,16.865,16.875,582422.0
2022-08-01,16.825,16.835,16.515,16.615,561560.0
2022-08-02,16.375,16.375,15.875,16.075,956124.0
2022-08-03,16.075,16.265,15.975,16.025,561538.0
2022-08-04,16.085,16.305,16.065,16.115,619833.0
2022-08-05,16.145,16.605,16.105,16.575,702522.0
2022-08-08,16.495,16.755,16.465,16.705,470863.0
2022-08-09,16.675,16.915,16.615,16.655,505544.0
2022-08-10,16.685,16.965,16.555,16.755,487223.0
2022-08-11,16.885,17.525,16.785,17.445,1397311.0
2022-08-12,17.275,17.435,17.215,17.335,741750.0
2022-08-15,17.235,17.465,17.165,17.225,502255.0
2022-08-16,17.275,17.385,17.185,17.215,371111.0
2022-08-17,17.265,17.555,17.085,17.475,776178.0
2022-08-18,17.375,17.475,17.245,17.295,371902.0
2022-08-19,17.315,17.455,17.235,17.255,373062.0
2022-08-22,17.195,17.395,17.175,17.225,362703.0
2022-08-23,17.225,17.455,17.085,17.175,515282.0
2022-08-24,17.165,17.425,16.775,16.815,768150.0
2022-08-25,16.835,17.555,16.785,17.395,961571.0
2022-08-26,17.515,17.535,17.155,17.215,648589.0
2022-08-29,17.095,17.315,17.025,17.185,399914.0
2022-08-30,17.175,17.315,16.815,17.065,609104.0
2022-08-31,16.965,17.575,16.935,17.335,889231.0
2022-09-01,17.195,17.315,16.985,17.115,530111.0
2022-09-02,17.115,17.295,16.915,17.055,446179.0
2022-09-05,16.975,17.155,16.895,17.085,430613.0
2022-09-06,17.115,17.315,17.095,17.295,599818.0
2022-09-07,17.215,17.265,17.115,17.185,319087.0
2022-09-08,17.215,17.355,17.125,17.125,374768.0
2022-09-09,17.165,17.735,17.135,17.595,1007421.0
2022-09-13,17.675,17.815,17.535,17.645,622301.0
2022-09-14,17.415,17.555,17.355,17.395,523532.0
2022-09-15,17.415,17.615,17.225,17.345,615972.0
2022-09-16,17.205,17.285,16.175,16.235,1918654.0
2022-09-19,16.165,16.375,16.125,16.235,658783.0
2022-09-20,16.275,16.385,16.135,16.235,447836.0
2022-09-21,16.125,16.365,16.055,16.245,481071.0
2022-09-22,16.095,16.295,16.075,16.205,327023.0
2022-09-23,16.185,16.315,16.065,16.175,376786.0
2022-09-26,16.055,16.125,15.815,15.835,477755.0
2022-09-27,15.915,15.995,15.645,15.885,596610.0
2022-09-28,15.775,15.815,15.465,15.535,544254.0
2022-09-29,15.665,15.685,15.135,15.215,568276.0
2022-09-30,15.205,15.385,15.175,15.235,412399.0
2022-10-10,15.095,15.425,15.065,15.145,444611.0
2022-10-11,15.225,15.465,15.085,15.205,393165.0
2022-10-12,15.205,15.635,15.115,15.605,562548.0
2022-10-13,15.535,15.585,15.405,15.525,414404.0
2022-10-14,15.685,16.015,15.635,15.885,621606.0
2022-10-17,15.815,16.065,15.775,15.995,395460.0
2022-10-18,16.035,16.115,15.915,15.985,375948.0
2022-10-19,15.975,16.085,15.875,15.915,435640.0
2022-10-20,15.865,16.175,15.835,15.915,462291.0
2022-10-21,16.205,16.315,15.955,16.015,702020.0
2022-10-24,16.135,16.365,15.475,15.575,852518.0
2022-10-25,15.615,15.785,15.275,15.345,736668.0
2022-10-26,15.315,15.655,15.265,15.345,695153.0
2022-10-27,15.395,15.625,15.365,15.415,512715.0
2022-10-28,15.335,15.455,14.965,15.035,594711.0
2022-10-31,15.005,15.255,14.855,15.025,618304.0
2022-11-01,15.095,15.715,15.075,15.715,834094.0
2022-11-02,15.515,15.835,15.485,15.725,651511.0
2022-11-03,15.665,15.695,15.465,15.545,377555.0
2022-11-04,15.525,16.205,15.525,16.065,862706.0
2022-11-07,15.965,16.215,15.925,16.085,598130.0
2022-11-08,16.115,16.205,15.935,16.095,372081.0
2022-11-09,16.085,16.225,16.015,16.065,333565.0
2022-11-10,15.975,16.365,15.935,16.245,617652.0
2022-11-11,16.815,17.015,16.525,16.775,1247938.0
2022-11-14,16.955,17.335,16.815,17.015,1340592.0
2022-11-15,16.925,17.905,16.925,17.615,1424833.0
2022-11-16,17.525,17.685,17.215,17.245,730208.0
2022-11-17,17.175,17.305,17.055,17.275,513618.0
2022-11-18,17.265,17.315,16.935,16.965,565865.0
2022-11-21,16.815,16.815,16.515,16.665,460381.0
2022-11-22,16.755,17.145,16.635,16.975,535088.0
2022-11-23,16.945,17.235,16.895,17.035,487637.0
2022-11-24,17.195,17.305,16.885,16.915,406165.0
2022-11-25,16.915,17.265,16.875,17.165,542375.0
2022-11-28,16.815,16.865,16.565,16.825,536798.0
2022-11-29,16.865,17.725,16.865,17.555,1212733.0
2022-11-30,17.465,17.905,17.435,17.635,1055676.0
2022-12-01,17.995,18.775,17.745,17.785,1979497.0
2022-12-02,17.815,17.945,17.555,17.645,585850.0
2022-12-05,17.955,18.695,17.955,18.645,1680806.0
2022-12-06,18.445,19.075,18.445,18.715,1251618.0
2022-12-07,18.655,18.795,18.315,18.405,760814.0
2022-12-08,18.365,18.535,18.215,18.325,632475.0
2022-12-09,18.365,18.575,18.075,18.455,844050.0
2022-12-12,18.255,18.365,17.975,18.055,694337.0
2022-12-13,18.115,18.315,18.025,18.115,597671.0
2022-12-14,18.165,18.515,17.975,18.355,590594.0
2022-12-15,18.265,18.415,18.065,18.085,433059.0
2022-12-16,18.035,18.395,18.005,18.225,594499.0
2022-12-19,18.275,18.415,17.675,17.775,682772.0
2022-12-20,17.715,17.915,17.375,17.525,488120.0
2022-12-21,17.655,17.665,17.485,17.555,295335.0
2022-12-22,17.815,17.875,17.585,17.685,468564.0
2022-12-23,17.545,17.785,17.495,17.605,354937.0
2022-12-26,17.565,17.725,17.435,17.485,342238.0
2022-12-27,17.615,17.985,17.515,17.955,596653.0
2022-12-28,17.875,17.965,17.775,17.865,313698.0
2022-12-29,17.715,17.795,17.445,17.595,483679.0
2022-12-30,17.665,17.965,17.665,17.725,448713.0
2023-01-03,17.595,17.785,17.175,17.715,692944.0
2023-01-04,17.755,18.015,17.715,17.965,492645.0
2023-01-05,18.115,18.365,18.025,18.255,780586.0
2023-01-06,18.155,18.325,18.065,18.225,503337.0
2023-01-09,18.365,18.715,18.315,18.465,786134.0
2023-01-10,18.415,18.575,18.225,18.255,479810.0
2023-01-11,18.315,18.395,18.005,18.155,552668.0
2023-01-12,18.205,18.285,18.035,18.275,387843.0
2023-01-13,18.275,18.565,18.085,18.565,828639.0
2023-01-16,18.595,19.805,18.475,19.355,2366243.0
2023-01-17,19.185,19.485,19.115,19.445,807047.0
2023-01-18,19.325,19.515,19.195,19.195,593369.0
2023-01-19,19.145,19.445,19.075,19.435,678180.0
2023-01-20,19.455,19.515,19.165,19.485,710780.0
2023-01-30,20.065,20.105,19.275,19.425,1278232.0
2023-01-31,19.545,19.645,19.105,19.225,829063.0
2023-02-01,19.305,19.995,19.225,19.905,1005566.0
2023-02-02,20.285,20.305,19.215,19.245,1943692.0
2023-02-03,19.115,19.195,18.875,19.175,819820.0
2023-02-06,18.975,18.975,18.615,18.665,788730.0
2023-02-07,18.765,18.845,18.645,18.715,416286.0
2023-02-08,18.725,18.795,18.625,18.685,307495.0
2023-02-09,18.655,18.985,18.615,18.985,505692.0
2023-02-10,18.915,18.915,18.695,18.775,389886.0
2023-02-13,18.635,18.845,18.565,18.745,470592.0
2023-02-14,18.815,18.835,18.575,18.735,378261.0
2023-02-15,18.705,18.775,18.525,18.565,441502.0
2023-02-16,18.585,18.865,18.215,18.385,754672.0
2023-02-17,18.365,18.465,18.045,18.055,534649.0
2023-02-20,18.285,18.915,18.225,18.855,965455.0
2023-02-21,18.745,18.985,18.705,18.905,717272.0
2023-02-22,18.815,18.915,18.545,18.615,690167.0
2023-02-23,18.625,18.995,18.625,18.845,694633.0
2023-02-24,18.865,18.905,18.405,18.405,760295.0
2023-02-27,18.195,18.355,18.115,18.255,374362.0
2023-02-28,18.315,18.485,18.165,18.465,418406.0
2023-03-01,18.425,18.815,18.345,18.715,570920.0
2023-03-02,18.655,18.805,18.595,18.695,395712.0
2023-03-03,18.735,19.045,18.665,18.985,710361.0
2023-03-06,18.995,19.005,18.445,18.505,877479.0
2023-03-07,18.465,18.975,18.285,18.325,1201098.0
2023-03-08,18.205,18.265,18.065,18.175,676840.0
2023-03-09,18.255,18.325,18.075,18.095,442349.0
2023-03-10,17.935,17.975,17.725,17.805,587130.0
2023-03-13,17.815,17.995,17.765,17.945,446131.0
2023-03-14,17.845,17.865,17.505,17.675,568961.0
2023-03-15,17.855,17.915,17.755,17.865,495211.0
2023-03-16,17.665,17.905,17.645,17.725,472923.0
2023-03-17,17.865,18.315,17.865,17.975,881548.0
2023-03-20,17.975,18.235,17.825,17.865,651845.0
2023-03-21,17.945,18.165,17.865,18.025,438535.0
2023-03-22,18.115,18.195,17.985,18.115,539983.0
2023-03-23,17.975,18.315,17.945,18.305,509007.0
2023-03-24,18.275,18.405,18.185,18.335,428716.0
2023-03-27,18.335,18.405,18.085,18.215,513917.0
2023-03-28,18.255,18.305,18.115,18.205,380341.0
2023-03-29,18.295,18.305,17.915,18.025,481011.0
2023-03-30,17.985,18.435,17.875,18.295,576891.0
2023-03-31,18.225,18.405,18.185,18.295,390271.0
2023-04-03,18.295,18.865,18.285,18.815,1285585.0
2023-04-04,18.815,18.965,18.715,18.885,992536.0
2023-04-06,18.865,18.895,18.625,18.705,566802.0
2023-04-07,18.715,19.165,18.645,18.985,789999.0
2023-04-10,19.135,19.275,18.865,18.935,849665.0
2023-04-11,19.065,19.525,19.055,19.155,1161390.0
2023-04-12,19.155,19.295,19.045,19.155,612833.0
2023-04-13,19.035,19.045,18.745,18.755,647184.0
2023-04-14,18.825,18.945,18.635,18.765,481025.0
2023-04-17,18.765,19.595,18.725,19.595,1624228.0
2023-04-18,19.585,19.735,19.415,19.545,990579.0
2023-04-19,19.525,19.545,19.235,19.295,658684.0
2023-04-20,19.225,19.405,19.145,19.365,568484.0
2023-04-21,19.335,19.355,18.615,18.625,952917.0
2023-04-24,18.605,18.715,18.305,18.435,712967.0
2023-04-25,18.415,18.715,18.305,18.535,745541.0
2023-04-26,18.415,18.575,18.295,18.445,651940.0
2023-04-27,18.415,18.915,18.345,18.845,886401.0
2023-04-28,18.595,19.045,18.345,18.835,1268279.0
2023-05-04,18.645,19.275,18.335,19.085,1070272.0
2023-05-05,19.185,20.045,19.165,19.745,2183066.0
2023-05-08,19.615,20.795,19.465,20.505,2838762.0
2023-05-09,20.695,21.725,20.515,20.555,4023736.0
2023-05-10,20.315,20.475,19.585,19.705,2103400.0
2023-05-11,19.735,19.925,19.535,19.615,830927.0
2023-05-12,19.575,19.695,19.245,19.315,851291.0
2023-05-15,19.285,19.715,18.895,19.635,1122918.0
2023-05-16,19.615,19.965,19.495,19.615,804855.0
2023-05-17,19.515,19.715,19.365,19.475,483320.0
2023-05-18,19.485,19.835,19.415,19.485,604724.0
2023-05-19,19.415,19.415,19.025,19.105,766753.0
2023-05-22,19.085,19.275,19.025,19.115,484949.0
2023-05-23,19.095,19.135,18.665,18.665,773846.0
2023-05-24,18.655,18.655,18.075,18.095,1090077.0
2023-05-25,18.025,18.175,17.915,18.135,660117.0
2023-05-26,18.135,18.305,17.975,18.185,457693.0
2023-05-29,18.175,18.255,18.035,18.165,500163.0
2023-05-30,18.205,18.275,17.915,18.175,655883.0
2023-05-31,18.115,18.115,17.765,17.865,982478.0
2023-06-01,17.865,18.125,17.775,17.915,750125.0
2023-06-02,17.965,18.085,17.925,18.005,882620.0
2023-06-05,18.015,18.035,17.795,17.815,613004.0
2023-06-06,17.815,18.025,17.615,17.645,740980.0
2023-06-07,17.665,17.855,17.625,17.685,476803.0
2023-06-08,17.695,18.105,17.555,18.015,771346.0
2023-06-09,17.995,18.115,17.895,17.995,510678.0
2023-06-12,17.965,17.985,17.645,17.665,897547.0
2023-06-13,17.625,17.815,17.625,17.795,509990.0
2023-06-14,17.815,18.075,17.795,17.815,756191.0
2023-06-15,17.945,18.175,17.845,18.115,830879.0
2023-06-16,18.145,18.245,18.035,18.205,702426.0
2023-06-19,18.195,18.195,17.905,17.965,679583.0
2023-06-20,17.965,18.025,17.815,17.875,601379.0
2023-06-21,17.835,17.905,17.635,17.665,512318.0
2023-06-26,17.475,17.475,17.095,17.105,833980.0
2023-06-27,17.115,17.375,17.115,17.305,376666.0
2023-06-28,17.285,17.355,17.175,17.315,384117.0
2023-06-29,17.305,17.385,17.185,17.255,295886.0
2023-06-30,17.235,17.725,17.235,17.595,518329.0
2023-07-03,17.615,18.205,17.595,18.055,871629.0
2023-07-04,17.995,18.225,17.975,18.095,462444.0
2023-07-05,18.075,18.155,17.965,17.965,343733.0
2023-07-06,17.815,18.045,17.785,17.865,421413.0
2023-07-07,17.785,18.055,17.735,17.945,415074.0
2023-07-10,17.975,18.105,17.835,17.935,339428.0
2023-07-11,18.015,18.115,17.965,18.055,353911.0
2023-07-12,18.085,18.125,17.875,17.895,315572.0
2023-07-13,18.005,18.355,17.995,18.285,803793.0
2023-07-14,18.345,18.395,18.205,18.315,445111.0
2023-07-17,18.255,18.255,18.015,18.095,349439.0
2023-07-18,18.195,18.205,18.015,18.105,274262.0
2023-07-19,17.955,18.245,17.955,18.225,387182.0
2023-07-20,18.315,18.365,18.105,18.115,441118.0
2023-07-21,18.115,18.385,18.085,18.175,445415.0
2023-07-24,17.975,18.415,17.965,18.205,396661.0
2023-07-25,19.115,19.565,18.805,19.395,2590025.0
2023-07-26,19.365,19.615,19.255,19.595,1284302.0
2023-07-27,19.585,19.785,19.285,19.335,916243.0
2023-07-28,19.285,21.485,19.275,21.485,4413377.0
2023-07-31,22.115,22.685,21.715,21.915,4465017.0
2023-08-01,21.715,22.085,21.195,21.485,2738399.0
2023-08-02,21.495,22.405,21.465,21.665,2239608.0
2023-08-03,22.275,22.655,21.605,22.245,2633857.0
2023-08-04,22.815,23.915,22.305,22.515,4677813.0
2023-08-07,22.095,22.695,21.725,22.585,1919689.0
2023-08-08,22.235,23.215,21.695,22.715,2488180.0
2023-08-09,22.455,23.015,22.345,22.725,1639236.0
2023-08-10,22.715,23.015,22.565,23.015,1872111.0
2023-08-11,22.795,22.795,21.795,21.915,2801688.0
2023-08-14,21.315,22.045,21.315,21.565,1938486.0
2023-08-15,21.545,21.955,21.445,21.925,1491247.0
2023-08-16,21.575,22.455,21.255,21.825,1453083.0
2023-08-17,21.615,22.045,21.315,21.765,1330955.0
2023-08-18,22.075,22.645,21.785,21.785,1600767.0
2023-08-21,21.485,21.575,20.705,20.755,2116638.0
2023-08-22,21.045,21.285,20.715,21.035,1277267.0
2023-08-23,20.925,21.055,20.605,20.615,752343.0
2023-08-24,20.825,21.735,20.765,21.375,1556384.0
2023-08-25,21.295,21.945,21.135,21.735,1343605.0
2023-08-28,24.075,24.075,21.965,22.095,5056354.0
2023-08-29,21.675,22.055,21.205,21.685,2511461.0
2023-08-30,21.685,21.685,20.835,20.865,2316335.0
2023-08-31,20.865,21.025,20.485,20.505,1216414.0
2023-09-01,20.625,20.955,20.515,20.685,998386.0
2023-09-04,20.815,21.065,20.605,20.875,992210.0
2023-09-05,20.775,20.775,20.545,20.685,646908.0
2023-09-06,20.545,20.625,20.265,20.435,977957.0
2023-09-07,20.435,20.725,20.315,20.425,857824.0
2023-09-08,20.335,20.625,20.085,20.555,735701.0
2023-09-11,20.605,21.085,20.415,20.905,1127082.0
2023-09-12,20.815,20.925,20.665,20.695,655934.0
2023-09-13,20.745,20.765,20.485,20.585,558953.0
2023-09-14,20.575,20.685,20.465,20.595,559797.0
2023-09-15,20.645,20.685,20.255,20.355,749102.0
2023-09-18,20.255,20.455,20.125,20.445,597284.0
2023-09-19,20.445,20.455,20.265,20.325,479372.0
2023-09-20,20.295,20.355,20.035,20.205,393267.0
2023-09-21,20.125,20.335,20.025,20.035,493029.0
2023-09-22,19.995,20.955,19.975,20.915,1278377.0
2023-09-25,20.785,20.785,20.155,20.205,1036854.0
2023-09-26,20.175,20.445,20.135,20.285,571626.0
2023-09-27,20.215,20.485,20.215,20.335,583678.0
2023-09-28,20.375,20.465,19.955,19.965,854426.0
2023-10-09,19.725,20.045,19.395,19.985,707714.0
2023-10-10,20.115,20.165,19.715,19.735,405554.0
2023-10-11,19.885,19.975,19.755,19.815,393846.0
2023-10-12,20.185,20.285,19.955,20.065,577071.0
2023-10-13,19.885,19.945,19.765,19.825,375228.0
2023-10-16,19.775,20.015,19.625,19.815,424367.0
2023-10-17,19.895,20.495,19.815,20.255,857709.0
2023-10-18,20.115,20.345,20.065,20.165,469291.0
2023-10-19,20.005,20.235,19.825,19.865,790917.0
2023-10-20,19.735,20.055,19.705,19.835,654234.0
2023-10-23,19.665,19.775,19.355,19.485,546026.0
2023-10-24,19.605,20.085,19.555,19.925,765613.0
2023-10-25,20.225,20.405,20.035,20.145,784531.0
2023-10-26,20.015,20.205,19.815,20.105,530432.0
2023-10-27,19.965,20.485,19.705,20.335,929863.0
2023-10-30,20.165,20.185,19.635,19.905,1028837.0
2023-10-31,19.885,20.165,19.805,20.015,672834.0
2023-11-01,20.235,20.345,19.805,20.035,581701.0
2023-11-02,20.035,20.175,19.785,19.835,482603.0
2023-11-03,19.835,20.205,19.725,20.165,895103.0
2023-11-06,20.855,21.345,20.565,21.135,1935126.0
2023-11-07,20.915,21.225,20.885,21.095,966080.0
2023-11-08,21.085,21.125,20.715,20.885,918894.0
2023-11-09,20.775,20.915,20.605,20.765,610136.0
2023-11-10,20.655,20.855,20.605,20.765,567732.0
2023-11-13,20.765,20.785,20.515,20.595,532958.0
2023-11-14,20.615,21.255,20.605,20.925,1105527.0
2023-11-15,21.195,21.225,20.825,20.905,728543.0
2023-11-16,20.905,21.005,20.725,20.735,462101.0
2023-11-17,20.635,20.825,20.545,20.825,484639.0
2023-11-20,20.815,20.825,20.375,20.655,588282.0
2023-11-21,20.775,21.145,20.665,20.745,744222.0
2023-11-22,20.615,20.785,20.505,20.515,364603.0
2023-11-23,20.515,20.595,20.225,20.545,498746.0
2023-11-24,20.495,20.545,20.335,20.355,465400.0
2023-11-27,20.305,20.315,19.815,19.995,820899.0
2023-11-28,19.985,20.085,19.825,19.915,463398.0
2023-11-29,19.965,19.965,19.605,19.705,498813.0
2023-11-30,19.705,19.805,19.585,19.755,477454.0
2023-12-01,19.715,19.925,19.615,19.865,494455.0
2023-12-04,19.815,19.925,19.705,19.715,374544.0
2023-12-05,19.645,19.785,19.405,19.435,477292.0
2023-12-06,19.395,19.485,19.255,19.255,463647.0
2023-12-07,19.205,19.435,19.125,19.335,431004.0
2023-12-08,19.325,19.465,19.255,19.255,468350.0
2023-12-11,19.105,19.555,18.895,19.515,717469.0
2023-12-12,19.375,19.505,19.335,19.435,418151.0
2023-12-13,19.425,19.425,19.005,19.015,667977.0
2023-12-14,19.105,19.175,18.785,18.805,547770.0
2023-12-15,18.875,19.115,18.745,18.765,589352.0
2023-12-18,18.705,18.895,18.625,18.745,422359.0
2023-12-19,18.735,18.945,18.665,18.945,485472.0
2023-12-20,18.915,18.925,18.445,18.465,614281.0
2023-12-21,18.415,18.655,18.335,18.575,532444.0
2023-12-22,18.505,18.695,18.325,18.585,530620.0
2023-12-25,18.485,18.605,18.295,18.315,497957.0
2023-12-26,18.305,18.355,18.035,18.155,402623.0
2023-12-27,18.135,18.385,17.925,18.205,631842.0
2023-12-28,18.135,18.755,18.115,18.675,872080.0
2023-12-29,18.635,18.845,18.585,18.675,644382.0
2024-01-02,18.685,18.705,18.365,18.375,587765.0
2024-01-03,18.305,18.555,18.285,18.485,547514.0
2024-01-04,18.425,18.465,18.145,18.305,503918.0
2024-01-05,18.255,18.485,17.965,18.095,696148.0
2024-01-08,18.025,18.165,17.705,17.725,625671.0
2024-01-09,17.725,17.865,17.635,17.765,458458.0
2024-01-10,17.755,17.935,17.565,17.765,525961.0
2024-01-11,17.785,17.965,17.645,17.905,447933.0
2024-01-12,17.805,18.035,17.755,17.825,397471.0
2024-01-15,17.665,17.995,17.635,17.785,338558.0
2024-01-16,17.755,17.925,17.525,17.885,580084.0
2024-01-17,17.805,17.835,17.525,17.525,561491.0
2024-01-18,17.375,17.845,17.085,17.795,1121366.0
2024-01-19,17.605,17.885,17.555,17.775,691141.0
2024-01-22,17.705,17.875,17.225,17.435,984471.0
2024-01-23,17.355,18.255,17.245,18.085,1152870.0
2024-01-24,18.185,18.925,17.915,18.825,1453993.0
2024-01-25,18.645,19.005,18.435,18.865,1542794.0
2024-01-26,18.705,19.385,18.615,19.135,1482557.0
2024-01-29,19.025,19.195,18.835,18.885,893544.0
2024-01-30,18.755,19.105,18.585,18.745,900567.0
2024-01-31,18.655,19.025,18.555,18.805,793198.0
2024-02-01,18.605,19.085,18.585,18.745,765051.0
2024-02-02,18.745,18.825,17.975,18.485,1022182.0
2024-02-05,18.385,18.825,18.065,18.485,996991.0
2024-02-06,18.465,19.525,18.305,19.445,1210246.0
2024-02-07,19.325,19.585,19.205,19.485,1121726.0
2024-02-08,19.605,19.835,19.385,19.555,1009396.0
2024-02-19,19.425,19.425,18.855,19.155,952239.0
2024-02-20,19.035,19.475,18.985,19.295,888629.0
2024-02-21,19.205,20.015,19.115,19.685,1287130.0
2024-02-22,19.575,20.105,19.535,20.035,1094041.0
2024-02-23,20.045,20.085,19.765,19.825,777536.0
2024-02-26,19.845,19.935,19.615,19.645,646414.0
2024-02-27,19.625,19.775,19.535,19.765,810284.0
2024-02-28,19.825,20.045,19.305,19.305,1172925.0
2024-02-29,19.305,19.655,19.255,19.605,963923.0
2024-03-01,19.605,19.745,19.405,19.625,723936.0
2024-03-04,19.635,19.665,19.365,19.465,590709.0
2024-03-05,19.335,19.545,19.325,19.485,790445.0
2024-03-06,19.475,19.705,19.335,19.405,654451.0
2024-03-07,19.375,19.505,19.015,19.115,892486.0
2024-03-08,19.105,19.205,19.015,19.105,465433.0
2024-03-11,19.195,19.505,19.175,19.495,758369.0
2024-03-12,19.605,19.755,19.465,19.705,820888.0
2024-03-13,19.705,19.735,19.355,19.375,635468.0
2024-03-14,19.315,19.465,19.015,19.105,675060.0
2024-03-15,19.015,19.195,18.895,19.175,608804.0
2024-03-18,19.195,19.735,19.175,19.565,1026790.0
2024-03-19,19.525,19.525,19.115,19.135,724657.0
2024-03-20,19.075,19.275,19.045,19.145,479502.0
2024-03-21,19.175,19.475,19.105,19.135,680561.0
2024-03-22,19.135,19.175,18.745,18.805,766249.0
2024-03-25,18.105,18.225,17.805,17.805,1799742.0
2024-03-26,17.715,17.925,17.715,17.905,763998.0
2024-03-27,17.825,17.845,17.625,17.655,687822.0
2024-03-28,17.605,17.835,17.535,17.615,1037015.0
2024-03-29,17.585,17.585,17.405,17.505,867231.0
2024-04-01,17.605,17.745,17.605,17.715,907087.0
2024-04-02,17.725,17.775,17.585,17.615,688563.0
2024-04-03,17.585,17.595,17.435,17.465,530948.0
2024-04-08,17.305,17.375,17.085,17.225,724600.0
2024-04-09,17.205,17.355,17.185,17.235,448793.0
2024-04-10,17.195,17.215,16.655,16.715,975998.0
2024-04-11,16.645,16.825,16.595,16.645,612759.0
2024-04-12,16.655,16.725,16.205,16.245,1057567.0
2024-04-15,15.805,16.225,15.565,16.045,1799117.0
2024-04-16,15.815,16.305,15.785,15.935,1249252.0
2024-04-17,15.885,16.415,15.755,16.405,1205475.0
2024-04-18,16.315,16.835,16.285,16.515,1349376.0
2024-04-19,16.405,16.605,16.365,16.435,782310.0
2024-04-22,16.435,16.855,16.435,16.585,779616.0
2024-04-23,16.625,16.735,16.505,16.575,665688.0
2024-04-24,16.555,16.635,16.355,16.575,548570.0
2024-04-25,16.555,16.625,16.415,16.485,516679.0
2024-04-26,16.855,17.575,16.675,17.465,2255741.0
2024-04-29,17.475,17.825,17.355,17.685,1886652.0
2024-04-30,17.555,17.665,17.255,17.315,1022410.0
2024-05-06,17.555,17.755,17.425,17.515,1078318.0
2024-05-07,17.505,17.555,17.375,17.425,659792.0
2024-05-08,17.335,17.405,17.055,17.085,783103.0
2024-05-09,17.135,17.325,17.125,17.215,742667.0
2024-05-10,17.245,17.445,17.155,17.365,905794.0
2024-05-13,17.335,17.435,17.065,17.285,814225.0
2024-05-14,17.315,17.335,17.135,17.315,669019.0
2024-05-15,17.365,17.395,17.045,17.055,774121.0
2024-05-16,17.105,17.285,17.045,17.085,605089.0
2024-05-17,17.085,17.525,17.035,17.495,1010141.0
2024-05-20,17.495,17.815,17.455,17.595,1325606.0
2024-05-21,17.535,17.665,17.455,17.545,565401.0
2024-05-22,17.505,17.665,17.455,17.615,644842.0
2024-05-23,17.515,17.575,17.145,17.175,863178.0
2024-05-24,17.105,17.225,16.825,16.895,726459.0
2024-05-27,16.905,17.065,16.845,17.035,583703.0
2024-05-28,16.985,17.215,16.905,16.925,470922.0
2024-05-29,16.865,17.105,16.865,16.955,379778.0
2024-05-30,16.895,16.985,16.755,16.865,475489.0
2024-05-31,16.945,17.145,16.885,16.925,519552.0
2024-06-03,16.855,16.865,16.655,16.735,585957.0
2024-06-04,16.735,16.915,16.735,16.865,486497.0
2024-06-05,16.825,16.975,16.825,16.845,451342.0
2024-06-06,16.885,16.985,16.735,16.795,592333.0
2024-06-07,16.855,16.905,16.505,16.685,571643.0
2024-06-11,16.585,16.785,16.585,16.645,452710.0
2024-06-12,16.615,16.685,16.575,16.585,415911.0
2024-06-13,16.605,16.665,16.505,16.565,461596.0
2024-06-14,16.545,17.075,16.505,16.935,1211654.0
2024-06-17,16.815,16.975,16.765,16.965,596441.0
2024-06-18,16.955,17.195,16.905,17.015,574730.0
2024-06-19,17.045,17.045,16.825,16.835,463449.0
2024-06-20,16.835,16.905,16.665,16.685,423174.0
2024-06-21,16.705,16.895,16.555,16.745,604170.0
2024-06-24,16.715,16.875,16.705,16.725,519767.0
2024-06-25,16.735,16.765,16.305,16.425,749159.0
2024-06-26,16.395,16.755,16.325,16.705,510173.0
2024-06-27,16.665,16.765,16.555,16.705,541513.0
2024-06-28,16.665,16.905,16.435,16.535,707386.0
2024-07-01,16.495,16.585,16.305,16.505,466210.0
2024-07-02,16.455,16.695,16.435,16.495,400207.0
2024-07-03,16.495,16.735,16.375,16.685,434344.0
2024-07-04,16.655,16.755,16.335,16.345,520144.0
2024-07-05,16.405,16.405,16.005,16.115,786784.0
2024-07-08,16.005,16.085,15.755,15.805,602173.0
2024-07-09,15.775,16.215,15.655,16.165,641412.0
2024-07-10,16.115,16.755,16.065,16.475,917488.0
2024-07-11,16.565,16.755,16.485,16.625,558238.0
2024-07-12,16.635,16.715,16.535,16.665,362182.0
2024-07-15,16.665,16.855,16.625,16.765,534401.0
2024-07-16,16.795,17.155,16.705,17.035,849412.0
2024-07-17,17.005,17.215,16.965,17.155,837772.0
2024-07-18,17.165,17.305,16.945,17.275,884104.0
2024-07-19,17.265,17.745,17.225,17.695,1591096.0
2024-07-22,18.295,18.545,17.875,18.495,3704495.0
2024-07-23,18.155,18.175,17.485,17.505,2571229.0
2024-07-24,17.375,17.605,17.065,17.185,1687897.0
2024-07-25,17.145,17.645,17.095,17.325,1306207.0
2024-07-26,17.225,17.845,17.175,17.565,1134245.0
2024-07-29,17.355,17.495,17.165,17.185,959431.0
2024-07-30,17.125,17.275,17.045,17.225,700063.0
2024-07-31,17.225,18.425,17.185,18.105,2253176.0
2024-08-01,17.855,18.125,17.815,17.885,1264389.0
2024-08-02,17.785,17.955,17.455,17.515,977032.0
2024-08-05,17.425,17.725,17.395,17.425,966170.0
2024-08-06,17.625,17.675,17.235,17.415,750600.0
2024-08-07,17.425,17.525,17.235,17.275,572451.0
2024-08-08,17.235,17.525,17.155,17.375,647325.0
2024-08-09,17.445,17.505,17.185,17.195,539984.0
2024-08-12,17.125,17.225,17.025,17.175,450726.0
2024-08-13,17.155,17.385,17.105,17.365,474724.0
2024-08-14,17.295,17.375,17.135,17.155,465023.0
2024-08-15,17.145,17.605,17.115,17.455,835145.0
2024-08-16,17.405,17.515,17.305,17.405,453321.0
2024-08-19,17.375,17.525,17.315,17.345,433058.0
2024-08-20,17.365,17.385,17.175,17.235,416586.0
2024-08-21,17.205,17.285,17.095,17.225,379242.0
2024-08-22,17.305,17.395,16.945,17.035,502415.0
2024-08-23,17.015,17.505,16.995,17.405,686559.0
2024-08-26,17.41,17.5,17.15,17.24,588413.0
2024-08-27,17.18,17.29,17.04,17.24,402103.0
2024-08-28,17.19,17.31,17.11,17.21,333701.0
2024-08-29,17.28,17.73,17.24,17.57,866324.0
2024-08-30,17.53,18.26,17.5,18.07,1421581.0
2024-09-02,17.97,17.98,17.69,17.7,653954.0
2024-09-03,17.69,18.03,17.69,17.9,508719.0
2024-09-04,17.83,18.07,17.83,17.9,467109.0
2024-09-05,17.83,17.96,17.75,17.89,523895.0
2024-09-06,18.22,18.36,17.82,17.84,1176128.0
2024-09-09,17.57,17.98,17.53,17.76,729015.0
2024-09-10,17.82,17.84,17.53,17.66,530734.0
2024-09-11,17.63,17.86,17.6,17.78,460408.0
2024-09-12,17.8,17.82,17.62,17.66,341256.0
2024-09-13,17.69,17.86,17.62,17.7,461500.0
2024-09-18,17.58,17.79,17.55,17.72,379326.0
2024-09-19,17.85,18.28,17.73,18.12,989389.0
2024-09-20,18.08,18.14,17.91,18.07,629197.0
2024-09-23,18.1,18.25,17.95,18.09,536511.0
2024-09-24,18.49,19.61,18.18,19.6,2869163.0
2024-09-25,20.07,20.56,19.83,19.94,3007318.0
2024-09-26,19.79,21.27,19.79,21.26,3093203.0
2024-09-27,22.18,23.51,21.48,23.51,2799347.0
2024-09-30,25.98,25.98,25.22,25.98,3949175.0
2024-10-08,28.7,28.7,28.7,28.7,1475213.0
2024-10-09,29.78,31.67,27.55,29.13,13514551.0
2024-10-10,27.88,28.52,26.26,26.53,7746704.0
2024-10-11,25.98,27.62,25.46,26.95,4859990.0
2024-10-14,26.75,26.76,24.85,26.24,4504191.0
2024-10-15,25.78,26.57,25.44,25.5,2781009.0
2024-10-16,24.89,25.92,24.85,25.19,2594892.0
2024-10-17,25.28,25.77,24.92,24.94,2065194.0
2024-10-18,24.9,27.56,24.88,26.69,5711829.0
2024-10-21,26.22,26.68,25.98,26.24,3633977.0
2024-10-22,26.26,26.69,26.1,26.45,2238021.0
2024-10-23,26.46,26.97,26.25,26.35,2793650.0
2024-10-24,26.18,26.49,25.89,26.06,1629023.0
2024-10-25,26.06,26.67,25.98,26.28,1665721.0
2024-10-28,26.29,26.39,26.12,26.27,1345732.0
2024-10-29,26.3,26.74,25.98,26.01,1868916.0
2024-10-30,26.03,26.56,25.95,26.24,1944753.0
2024-10-31,26.18,27.58,25.98,26.9,4095204.0
2024-11-01,26.9,27.4,26.62,26.73,2721582.0
2024-11-04,26.79,27.85,26.79,27.84,2742897.0
2024-11-05,28.01,29.77,27.47,29.25,4274424.0
2024-11-06,29.79,31.78,29.37,29.86,5450964.0
2024-11-07,29.28,32.97,29.28,32.97,4804505.0
2024-11-08,35.27,35.27,33.33,33.66,7454303.0
2024-11-11,32.33,34.38,31.88,33.66,5133058.0
2024-11-12,33.67,33.88,31.96,32.71,4145650.0
2024-11-13,31.78,32.27,31.25,31.7,3647055.0
2024-11-14,31.71,32.41,31.37,31.45,2554451.0
2024-11-15,31.45,31.78,29.89,29.91,3022570.0
2024-11-18,29.83,30.19,29.16,29.45,2450264.0
2024-11-19,29.48,30.3,29.26,30.08,2194106.0
2024-11-20,30.12,30.94,29.79,30.52,2172904.0
2024-11-21,30.3,30.9,30.16,30.67,1904306.0
2024-11-22,30.67,30.76,29.02,29.11,2305779.0
2024-11-25,29.11,29.28,27.92,28.44,2318101.0
2024-11-26,28.46,29.03,28.37,28.5,1365193.0
2024-11-27,28.47,29.07,28.27,29.06,1783034.0
2024-11-28,29.14,29.19,28.59,28.65,1281967.0
2024-11-29,28.66,30.66,28.53,29.53,2932909.0
2024-12-02,29.38,30.24,29.27,30.05,1932380.0
2024-12-03,30.05,30.24,29.48,29.86,1542309.0
2024-12-04,29.78,29.98,29.4,29.58,1178786.0
2024-12-05,29.48,30.03,29.43,29.68,1158933.0
2024-12-06,29.68,30.42,29.43,30.02,2054177.0
2024-12-09,29.93,30.16,29.53,29.9,1258572.0
2024-12-10,31.78,31.78,30.17,30.26,3066784.0
2024-12-11,30.21,30.5,29.94,30.12,1311480.0
2024-12-12,30.06,30.76,29.82,30.44,1694641.0
2024-12-13,30.12,30.13,29.15,29.2,2013226.0
2024-12-16,29.08,29.13,28.73,28.81,1263453.0
2024-12-17,28.79,29.43,28.69,29.01,1197166.0
2024-12-18,29.18,29.28,28.96,29.07,698694.0
2024-12-19,28.78,29.17,28.66,29.11,921468.0
2024-12-20,29.11,29.58,29.05,29.36,977712.0
2024-12-23,29.12,29.55,28.9,28.94,1045889.0
2024-12-24,28.94,29.4,28.92,29.34,1082009.0
2024-12-25,29.36,29.41,28.92,29.11,940862.0
2024-12-26,29.11,29.35,28.97,29.17,811412.0
2024-12-27,29.18,29.78,28.94,29.24,1792644.0
2024-12-30,29.12,29.56,29.02,29.53,1206691.0
2024-12-31,29.55,29.59,28.17,28.19,1980813.0
2025-01-02,28.0,28.02,26.19,26.47,2828487.0
2025-01-03,26.36,26.59,25.86,25.99,1839546.0
2025-01-06,25.82,26.13,25.54,26.08,1236877.0
2025-01-07,26.12,26.34,25.83,26.18,979724.0
2025-01-08,26.14,26.3,25.52,26.0,1192336.0
2025-01-09,25.95,26.14,25.82,25.91,630008.0
2025-01-10,25.95,26.1,25.48,25.48,800250.0
2025-01-13,25.18,25.61,25.18,25.53,660664.0
2025-01-14,25.64,26.78,25.57,26.72,1666249.0
2025-01-15,26.51,26.68,26.3,26.39,888640.0
2025-01-16,26.57,26.81,26.04,26.27,884584.0
2025-01-17,26.13,26.61,26.13,26.33,670563.0
2025-01-20,26.57,26.87,26.34,26.42,909528.0
2025-01-21,26.62,26.66,26.27,26.44,729070.0
2025-01-22,26.37,26.45,26.12,26.25,700671.0
2025-01-23,26.84,27.52,26.45,26.47,1624528.0
2025-01-24,26.45,26.76,26.36,26.56,969037.0
2025-01-27,26.65,26.67,25.94,25.95,886260.0
2025-02-05,26.29,26.29,25.86,25.97,786529.0
2025-02-06,25.92,26.48,25.86,26.39,1044842.0
2025-02-07,26.37,27.69,26.25,27.16,2157366.0
2025-02-10,27.18,27.32,26.98,27.17,1089053.0
2025-02-11,27.13,27.15,26.85,26.99,890392.0
2025-02-12,26.99,27.37,26.73,27.29,1159838.0
2025-02-13,27.29,27.59,27.02,27.14,1476617.0
2025-02-14,27.02,27.39,26.98,27.26,986332.0
2025-02-17,27.52,27.65,27.12,27.31,1208649.0
2025-02-18,27.21,27.25,26.48,26.56,1114981.0
2025-02-19,26.57,27.18,26.52,27.01,1000718.0
2025-02-20,26.95,27.08,26.74,26.91,712570.0
2025-02-21,26.91,27.63,26.73,27.48,1847404.0
2025-02-24,27.48,27.7,27.13,27.37,1197933.0
2025-02-25,27.12,27.24,26.74,26.85,1038604.0
2025-02-26,26.9,27.47,26.78,27.47,1393827.0
2025-02-27,27.25,27.52,26.85,27.26,1444800.0
2025-02-28,27.18,27.6,26.32,26.35,1594991.0
2025-03-03,26.45,26.82,26.23,26.38,1065090.0
2025-03-04,26.24,26.51,26.18,26.38,641731.0
2025-03-05,26.38,26.5,26.14,26.36,781856.0
2025-03-06,26.53,27.12,26.52,27.02,1562844.0
2025-03-07,26.82,26.91,26.54,26.6,957912.0
2025-03-10,26.52,26.52,26.16,26.26,904438.0
2025-03-11,26.02,26.33,25.93,26.32,779486.0
2025-03-12,26.32,26.74,26.21,26.32,975786.0
2025-03-13,26.27,26.47,26.0,26.12,860429.0
2025-03-14,26.25,27.48,26.16,27.09,2612084.0
2025-03-17,27.2,27.2,26.85,26.88,1040020.0
2025-03-18,26.98,27.13,26.86,26.97,684072.0
2025-03-19,26.95,27.11,26.85,26.95,677623.0
2025-03-20,26.95,26.97,26.63,26.7,641191.0
2025-03-21,26.62,26.73,26.07,26.11,977013.0
2025-03-24,26.11,26.22,26.02,26.21,668790.0
2025-03-25,26.22,26.24,26.02,26.04,539051.0
2025-03-26,26.04,26.13,25.96,26.0,564081.0
2025-03-27,25.96,26.18,25.73,25.92,725472.0
2025-03-28,26.0,26.05,25.75,25.82,658976.0
2025-03-31,25.74,25.86,25.32,25.54,797839.0
2025-04-01,25.54,25.68,25.41,25.46,596398.0
2025-04-02,25.42,25.63,25.37,25.56,456719.0
2025-04-03,25.32,25.74,25.32,25.46,558678.0
2025-04-07,24.02,24.19,22.82,23.04,2277300.0
2025-04-08,23.13,23.61,22.9,23.52,1718956.0
2025-04-09,23.46,24.14,23.17,23.91,1423352.0
2025-04-10,24.27,24.42,23.72,24.16,1227315.0
2025-04-11,24.15,24.61,24.05,24.38,932290.0
2025-04-14,24.46,24.51,24.23,24.25,635100.0
2025-04-15,24.21,24.23,23.96,24.13,562516.0
2025-04-16,24.11,24.27,23.79,24.17,662043.0
2025-04-17,24.07,24.27,23.99,24.19,481695.0
2025-04-18,24.08,24.27,24.02,24.17,476294.0
2025-04-21,24.09,24.3,24.01,24.25,441371.0
2025-04-22,24.22,24.32,24.1,24.1,459491.0
2025-04-23,24.25,24.3,24.06,24.15,483724.0
2025-04-24,24.14,24.27,23.97,24.02,519161.0
2025-04-25,24.12,24.35,24.1,24.22,670113.0
2025-04-28,24.22,24.23,24.02,24.15,440656.0
2025-04-29,24.16,24.22,23.98,24.03,462586.0
2025-04-30,24.1,24.3,24.04,24.1,514514.0
2025-05-06,24.3,24.7,24.22,24.53,819030.0
2025-05-07,25.3,25.44,24.63,24.69,1173234.0
2025-05-08,24.66,25.22,24.57,24.88,836747.0
2025-05-09,24.82,24.9,24.56,24.57,476958.0
2025-05-12,24.8,25.4,24.67,25.32,1314582.0
2025-05-13,25.52,25.57,25.08,25.11,796426.0
2025-05-14,25.07,26.76,25.03,26.09,2739056.0
2025-05-15,25.82,26.03,25.54,25.6,994565.0
2025-05-16,25.49,25.7,25.15,25.23,714800.0
2025-05-19,25.2,25.26,25.04,25.13,492746.0
2025-05-20,25.18,25.3,25.08,25.11,505241.0
2025-05-21,25.11,25.22,25.05,25.06,536492.0
2025-05-22,25.02,25.09,24.88,25.01,443995.0
2025-05-23,24.95,25.17,24.68,24.69,664482.0
2025-05-26,24.67,24.79,24.55,24.64,450699.0
2025-05-27,24.61,24.65,24.44,24.53,435105.0
2025-05-28,24.56,24.6,24.38,24.44,354733.0
2025-05-29,24.43,24.81,24.43,24.72,542716.0
2025-05-30,24.6,24.67,24.39,24.54,549771.0
2025-06-03,24.42,24.8,24.38,24.61,549946.0
2025-06-04,24.6,25.07,24.58,24.91,639143.0
2025-06-05,24.94,25.25,24.88,25.2,852046.0
2025-06-06,25.2,25.3,24.97,25.0,504054.0
2025-06-09,25.1,25.55,25.1,25.45,908770.0
2025-06-10,25.45,25.51,24.84,24.97,735344.0
2025-06-11,25.07,25.72,25.02,25.4,1032666.0
2025-06-12,25.19,25.7,25.08,25.46,748015.0
2025-06-13,25.37,25.46,25.2,25.32,737265.0
2025-06-16,25.22,25.77,25.19,25.7,780961.0
2025-06-17,25.69,25.74,25.54,25.72,514968.0
2025-06-18,25.72,25.73,25.27,25.4,523048.0
2025-06-19,25.37,25.44,24.88,24.93,652147.0
2025-06-20,24.93,25.07,24.9,24.9,419924.0
2025-06-23,24.8,25.32,24.77,25.25,552358.0
2025-06-24,25.3,26.09,25.28,25.93,1364250.0
2025-06-25,25.96,27.22,25.87,27.05,2856361.0
2025-06-26,27.0,27.08,26.57,26.59,1669402.0
2025-06-27,26.67,27.48,26.52,26.6,1776585.0
2025-06-30,26.63,26.87,26.37,26.64,968626.0
2025-07-01,26.65,26.8,26.33,26.41,707623.0
2025-07-02,26.42,26.54,26.25,26.3,575251.0
2025-07-03,26.41,26.77,26.38,26.69,725989.0
2025-07-04,26.62,27.07,26.37,26.68,1021394.0
2025-07-07,26.55,26.93,26.51,26.81,572224.0
2025-07-08,26.74,27.1,26.73,27.04,845803.0
2025-07-09,27.04,27.28,26.78,26.83,807702.0
2025-07-10,26.8,27.44,26.74,27.25,1421972.0
2025-07-11,27.35,28.31,27.18,27.68,2465015.0
2025-07-14,27.79,27.84,27.4,27.43,1009297.0
2025-07-15,27.47,27.64,27.1,27.26,943268.0
2025-07-16,27.26,27.35,26.92,27.1,761524.0
2025-07-17,27.09,27.4,27.03,27.27,639997.0
2025-07-18,27.32,27.48,27.18,27.36,666698.0
2025-07-21,27.47,28.03,27.36,27.92,1329005.0
2025-07-22,27.92,28.1,27.56,27.95,1121874.0
2025-07-23,28.03,29.08,28.02,28.8,2887813.0
2025-07-24,28.58,29.3,28.5,29.06,2097841.0
2025-07-25,29.11,29.24,28.63,28.72,1213935.0
2025-07-28,28.75,29.45,28.66,28.98,1257925.0
2025-07-29,28.82,29.01,28.47,28.97,1229931.0
2025-07-30,28.92,29.35,28.47,28.8,1268809.0
2025-07-31,28.61,28.92,27.87,28.04,1413395.0
2025-08-01,28.02,28.22,27.72,27.77,963891.0
2025-08-04,27.67,28.01,27.62,27.93,713718.0
2025-08-05,27.98,28.3,27.9,28.2,913589.0
2025-08-06,28.12,28.28,27.98,28.18,739240.0
2025-08-07,28.23,28.47,27.96,28.13,880056.0
2025-08-08,28.12,28.13,27.84,27.9,654561.0
2025-08-11,27.91,28.67,27.91,28.4,1267735.0
2025-08-12,28.46,28.59,28.33,28.5,820513.0
2025-08-13,28.67,29.08,28.34,28.64,2000479.0
2025-08-14,28.73,29.22,28.59,28.67,1861877.0
2025-08-15,28.67,30.53,28.53,30.12,4008066.0
2025-08-18,30.21,31.32,29.92,30.72,3566482.0
2025-08-19,30.52,30.85,29.96,30.04,1968583.0
2025-08-20,29.92,30.18,29.37,30.17,1858230.0
2025-08-21,30.37,30.44,29.74,29.9,1379013.0
2025-08-22,29.89,31.24,29.88,31.22,2704920.0
2025-08-25,31.8,31.83,30.93,31.44,2514492.0
2025-08-26,31.24,31.39,30.93,30.98,1399983.0
2025-08-27,30.97,31.38,30.17,30.19,2094917.0
2025-08-28,30.2,30.8,29.99,30.8,1639484.0
2025-08-29,31.0,31.38,30.65,30.78,2486871.0
2025-09-01,30.79,30.85,30.2,30.47,1708743.0
2025-09-02,30.5,30.63,29.96,30.08,1700846.0
2025-09-03,30.27,30.37,28.82,29.09,1884761.0
2025-09-04,29.06,29.21,28.5,28.86,1815807.0
2025-09-05,28.87,29.15,28.63,29.13,1333731.0
2025-09-08,29.1,29.1,28.65,28.75,1551198.0
2025-09-09,28.75,29.04,28.68,28.82,1179284.0
2025-09-10,28.87,28.99,28.64,28.78,884048.0
2025-09-11,28.69,29.63,28.6,29.63,1863991.0
2025-09-12,29.66,29.73,29.0,29.08,1479843.0
2025-09-15,29.16,29.45,28.72,28.89,1724541.0
2025-09-16,28.9,29.16,28.51,28.58,2083444.0
2025-09-17,28.59,28.81,28.26,28.29,3024153.0
2025-09-18,28.31,28.49,27.45,27.65,3729979.0
2025-09-19,27.55,27.9,27.44,27.61,1662300.0
2025-09-22,27.75,28.18,27.66,28.08,1559234.0
2025-09-23,27.93,28.11,27.55,27.8,1497357.0
2025-09-24,27.65,28.17,27.64,27.99,1558198.0
2025-09-25,27.93,28.14,27.85,28.01,1328063.0
2025-09-26,27.97,28.29,27.81,28.02,1266431.0
2025-09-29,28.02,30.79,27.92,29.71,5937714.0
2025-09-30,29.58,29.9,29.04,29.2,2950388.0
2025-10-09,28.9,29.55,28.65,28.95,3807985.0
2025-10-10,28.94,29.57,28.84,28.98,2675856.0
2025-10-13,28.2,28.79,28.11,28.5,2110493.0
2025-10-14,28.5,29.01,28.23,28.33,1955125.0
2025-10-15,28.44,29.03,28.36,28.99,1964852.0
2025-10-16,28.9,29.28,28.8,28.95,1597315.0
2025-10-17,28.96,29.23,28.35,28.39,1739899.0
2025-10-20,28.7,28.84,28.42,28.53,1227307.0
2025-10-21,28.61,29.41,28.51,28.66,3068678.0
2025-10-22,28.52,28.53,28.32,28.49,1226948.0
2025-10-23,28.5,28.88,28.15,28.82,1403605.0
2025-10-24,28.85,29.36,28.8,29.17,2990943.0
2025-10-27,29.55,29.93,29.13,29.29,4612142.0
2025-10-28,29.28,29.64,29.1,29.3,2263316.0
2025-10-29,29.25,29.76,29.15,29.6,3136702.0
2025-10-30,29.49,29.53,28.92,28.98,2452208.0
2025-10-31,29.02,29.17,28.67,28.68,1671532.0
2025-11-03,28.65,28.68,28.23,28.52,1393517.0
2025-11-04,28.48,28.55,28.26,28.38,1197589.0
2025-11-05,28.23,28.47,28.22,28.36,940559.0
2025-11-06,28.42,28.73,28.4,28.49,1625618.0
2025-11-07,28.39,28.42,28.25,28.3,960721.0
2025-11-10,28.3,28.76,28.26,28.6,1621940.0
2025-11-11,28.64,28.7,28.3,28.36,1042995.0
2025-11-12,28.37,28.41,28.11,28.2,1086308.0
2025-11-13,28.18,28.42,28.16,28.38,1178749.0
2025-11-14,28.25,28.26,27.92,27.94,1201707.0
2025-11-17,27.91,27.91,27.56,27.59,1077709.0
2025-11-18,27.57,27.73,27.47,27.52,915154.0
2025-11-19,27.52,27.72,27.5,27.6,844813.0
2025-11-20,28.15,28.24,27.58,27.6,1528643.0
2025-11-21,27.31,27.55,26.6,26.6,1695039.0
2025-11-24,26.7,26.8,26.56,26.69,891389.0
2025-11-25,26.77,26.95,26.7,26.77,802259.0
2025-11-26,26.82,27.02,26.74,26.9,681695.0
2025-11-27,26.83,27.11,26.82,26.88,648647.0
2025-11-28,26.91,26.94,26.71,26.89,746598.0
2025-12-01,26.8,27.03,26.78,26.97,707987.0
2025-12-02,26.96,26.99,26.65,26.67,652922.0
2025-12-03,26.75,26.87,26.33,26.45,781105.0
2025-12-04,26.44,26.68,26.32,26.5,692376.0
2025-12-05,26.5,27.39,26.46,27.16,1637905.0
2025-12-08,27.68,28.36,27.68,28.0,3146217.0
2025-12-09,27.82,28.13,27.68,27.83,1301285.0
2025-12-10,27.72,27.87,27.46,27.82,992897.0
2025-12-11,27.85,27.88,27.45,27.59,742250.0
2025-12-12,27.56,27.86,27.38,27.71,1067570.0
2025-12-15,27.56,28.24,27.48,27.85,1193241.0
2025-12-16,27.74,28.09,27.58,27.78,1001616.0
2025-12-17,27.78,28.45,27.7,28.27,1617038.0
2025-12-18,28.2,28.2,27.77,27.83,1135938.0
2025-12-19,27.88,28.24,27.77,27.98,983482.0
2025-12-22,27.92,28.09,27.9,27.95,753313.0
2025-12-23,27.98,28.18,27.89,27.93,940647.0
2025-12-24,27.91,28.13,27.85,28.04,789519.0
2025-12-25,28.05,28.32,28.0,28.26,1044948.0
2025-12-26,28.26,28.7,28.2,28.4,1413526.0
2025-12-29,28.33,28.44,28.16,28.24,906711.0
2025-12-30,28.16,28.32,28.05,28.13,854348.0
2025-12-31,28.1,28.37,27.98,28.01,856348.0
2026-01-05,28.13,28.66,28.1,28.63,1851770.0
2026-01-06,28.66,29.55,28.63,29.49,3349358.0
2026-01-07,29.51,29.51,28.7,28.8,2295021.0
2026-01-08,28.59,28.59,27.75,27.84,3150272.0
2026-01-09,27.84,27.97,27.65,27.87,2326772.0
2026-01-12,27.87,28.15,27.71,28.08,2173083.0
2026-01-13,28.15,28.45,27.78,27.85,2159691.0
2026-01-14,27.79,28.43,27.45,27.53,3218823.0
2026-01-15,27.68,28.1,27.53,27.58,2078141.0
2026-01-16,27.8,27.87,27.29,27.38,2095813.0
2026-01-19,27.04,27.27,27.0,27.21,1594338.0
2026-01-20,27.23,27.45,27.21,27.35,1385133.0
2026-01-21,27.33,27.41,27.09,27.24,1410501.0
2026-01-22,27.2,27.52,27.12,27.22,1725925.0
2026-01-23,27.3,27.36,27.0,27.07,1881061.0
2026-01-26,27.07,27.74,27.01,27.37,2637512.0
2026-01-27,27.39,27.44,27.1,27.16,1415238.0
2026-01-28,27.19,27.48,27.07,27.24,1718794.0
2026-01-29,27.2,27.88,27.0,27.86,2977812.0
2026-01-30,27.8,27.82,27.38,27.38,1907095.0
2026-02-02,27.39,27.9,27.13,27.16,1818336.0
2026-02-03,27.37,27.4,27.01,27.27,1322917.0
2026-02-04,27.15,27.69,27.14,27.68,1572193.0
2026-02-05,27.59,27.79,27.43,27.59,1156842.0
2026-02-06,27.5,27.66,27.4,27.46,1074027.0
2026-02-09,27.6,27.69,27.47,27.65,970534.0
2026-02-10,27.65,27.77,27.57,27.68,756298.0
2026-02-11,27.7,27.74,27.54,27.63,836660.0
2026-02-12,27.62,27.62,27.36,27.46,957854.0
2026-02-13,27.46,27.59,27.21,27.21,1090465.0
2026-02-24,27.35,27.39,27.2,27.22,847928.0
2026-02-25,27.23,27.48,27.2,27.33,1016230.0
2026-02-26,27.34,27.37,26.92,26.97,1326289.0
2026-02-27,26.95,27.08,26.77,26.96,877588.0
2026-03-02,26.7,26.79,26.45,26.66,1309694.0
2026-03-03,26.65,26.97,26.34,26.39,1607211.0
2026-03-04,26.19,26.24,25.64,25.73,1500801.0
2026-03-05,25.92,26.03,25.69,25.8,818991.0
2026-03-06,25.77,26.17,25.7,26.02,776733.0
2026-03-09,25.6,25.6,25.22,25.47,1269465.0
2026-03-10,25.69,25.86,25.59,25.72,908378.0
2026-03-11,25.73,25.79,25.53,25.69,884026.0
2026-03-12,25.59,25.67,25.39,25.52,918618.0
2026-03-13,25.32,25.54,25.25,25.34,806477.0
2026-03-16,25.25,25.28,24.95,25.09,1156698.0
2026-03-17,25.09,26.14,25.09,25.5,2211718.0
2026-03-18,25.49,25.61,25.34,25.56,859659.0
2026-03-19,25.34,25.43,25.09,25.2,1071594.0
2026-03-20,25.21,25.3,24.89,24.89,1008963.0
2026-03-23,24.59,24.59,23.68,23.88,1992656.0
2026-03-24,24.09,24.2,23.67,23.95,1279101.0
2026-03-25,23.99,24.44,23.95,24.25,1134772.0
2026-03-26,24.17,24.21,23.64,23.72,1138389.0
2026-03-27,23.64,23.96,23.6,23.85,947720.0
2026-03-30,23.58,23.76,23.47,23.69,909493.0
2026-03-31,23.69,24.03,23.62,23.63,1022486.0
2026-04-01,24.02,24.19,23.84,24.1,1171459.0
2026-04-02,24.06,24.06,23.67,23.72,788736.0
2026-04-03,23.81,23.85,23.54,23.57,710234.0
2026-04-07,23.58,23.67,23.36,23.51,714436.0
2026-04-08,24.04,24.36,23.92,24.29,1527460.0
2026-04-09,24.07,24.07,23.69,23.74,987408.0
2026-04-10,24.6,26.09,24.6,25.49,4259329.0
2026-04-13,25.21,25.87,25.08,25.68,2151639.0
2026-04-14,25.89,25.96,25.47,25.78,1453464.0
2026-04-15,25.92,25.98,25.56,25.6,1107538.0
2026-04-16,25.71,26.07,25.63,25.9,1430036.0
2026-04-17,25.79,25.93,25.67,25.85,1060355.0
2026-04-20,25.82,26.0,25.74,25.89,966521.0
2026-04-21,25.84,26.0,25.74,25.89,813881.0
2026-04-22,25.75,26.6,25.74,26.3,1913517.0
2026-04-23,26.17,26.36,25.94,26.07,1205818.0
2026-04-24,25.96,25.97,25.64,25.82,1042356.0
2026-04-27,25.99,26.66,25.99,26.36,1545964.0
2026-04-28,26.44,27.24,26.44,26.89,2607905.0
2026-04-29,26.74,26.97,26.61,26.91,1485660.0
2026-04-30,26.82,27.37,26.66,26.81,1730018.0
2026-05-06,26.88,27.43,26.88,27.08,1787384.0
2026-05-07,27.22,27.28,26.66,26.82,1593632.0
2026-05-08,26.69,26.79,26.42,26.54,1300625.0
2026-05-11,26.42,27.07,26.34,26.92,1961411.0
2026-05-12,26.94,27.03,26.72,26.81,1281736.0
2026-05-13,26.74,27.05,26.55,26.74,1222137.0
2026-05-14,26.79,26.92,26.25,26.25,1467589.0
2026-05-15,26.35,26.39,25.77,25.94,1322318.0
2026-05-18,25.8,26.02,25.57,25.75,1018635.0
2026-05-19,25.71,25.92,25.47,25.86,962249.0
2026-05-20,25.77,25.98,25.59,25.67,959271.0
2026-05-21,25.87,26.68,25.79,25.81,2297861.0
2026-05-22,25.97,26.03,25.4,25.46,1410869.0
2026-05-25,25.64,26.03,25.5,25.78,1287794.0
2026-05-26,25.77,26.27,25.48,25.8,1931766.0
2026-05-27,25.77,26.0,25.12,25.36,1753604.0
2026-05-28,25.47,25.55,24.8,24.94,1394504.0
2026-05-29,25.12,26.34,25.12,25.64,3282611.0
2026-06-01,25.6,25.9,25.12,25.26,2214100.0
2026-06-02,25.19,25.27,24.84,25.17,1781080.0
2026-06-03,25.09,25.49,24.93,25.19,1832381.0
2026-06-04,25.01,25.43,25.0,25.18,1293750.0
2026-06-05,25.25,25.63,25.18,25.26,1580962.0
2026-06-08,25.0,25.42,24.94,25.02,1784321.0
2026-06-09,25.03,25.16,24.8,25.11,1046876.0
2026-06-10,25.06,25.75,24.95,25.66,1746653.0
2026-06-11,25.6,26.05,25.22,25.51,1455812.0
2026-06-12,25.56,26.45,25.31,26.29,2693845.0
2026-06-15,26.45,27.4,26.44,26.86,3104656.0
2026-06-16,26.69,27.29,26.63,27.25,2204001.0
2026-06-17,27.28,27.56,27.16,27.37,1797741.0
2026-06-18,27.35,27.35,26.5,26.56,1933687.0
2026-06-22,26.45,28.72,26.38,28.64,5270852.0
2026-06-23,28.7,29.3,28.15,28.32,3891265.0
2026-06-24,28.18,28.8,27.7,27.89,2762750.0
2026-06-25,27.88,29.06,27.71,28.98,3785551.0
2026-06-26,28.8,29.16,27.71,27.74,2895167.0
2026-06-29,28.0,28.92,27.95,28.49,2534787.0
2026-06-30,28.33,28.95,28.32,28.73,2203334.0
2026-07-01,28.66,29.88,28.51,29.47,4282451.0
2026-07-02,29.37,29.43,28.56,28.62,2855323.0
2026-07-03,28.88,29.12,28.33,28.95,2306069.0
2026-07-06,29.52,29.65,28.92,29.23,2238544.0
2026-07-07,29.14,29.14,28.25,28.45,1897307.0
2026-07-08,28.29,28.55,27.98,28.0,1354651.0
2026-07-09,28.01,28.76,27.8,28.68,1903829.0
2026-07-10,28.6,28.74,28.25,28.4,1674824.0
2026-07-13,28.38,28.49,27.93,28.12,1590384.0
2026-07-14,28.0,28.06,27.4,28.0,1766765.0
2026-07-15,27.93,28.83,27.84,28.6,1870214.0
2026-07-16,28.34,28.44,27.99,28.1,1384927.0
2026-07-17,28.0,28.27,27.6,27.6,1700779.0
2026-07-20,27.76,28.39,27.76,28.28,1907384.0
2026-07-21,28.5,28.5,27.95,28.34,1690768.0
2026-07-22,28.14,28.37,27.91,28.3,1095416.0
2026-07-23,28.38,28.72,28.16,28.62,1315248.0
2026-07-24,28.6,28.6,27.89,27.95,1296219.0
2026-07-27,28.3,28.3,27.77,28.26,1054715.0
2026-07-28,28.1,28.15,27.8,28.09,1036693.0
2026-07-29,28.09,28.54,27.83,28.5,1507019.0
2026-07-30,28.28,28.6,28.11,28.49,1331493.0
2026-07-31,28.51,28.83,28.38,28.43,1657755.0
2026-08-03,28.19,28.3,28.06,28.27,1049248.0
2026-08-04,28.22,28.42,27.97,28.0,1265364.0
2026-08-05,28.01,28.3,27.9,28.18,1228483.0
2026-08-06,28.06,28.15,27.82,27.92,1055685.0
2026-08-07,27.88,27.98,27.77,27.95,997475.0
2026-08-10,27.99,28.14,27.86,27.95,915438.0
2026-08-11,27.92,28.12,27.74,27.74,1065258.0
2026-08-12,27.7,27.8,27.51,27.7,837685.0
2026-08-13,27.7,28.09,27.67,27.84,1090192.0
2026-08-14,27.82,27.93,27.28,27.31,1287368.0
2026-08-17,27.25,27.6,27.15,27.54,970960.0
2026-08-18,27.54,27.59,27.14,27.39,871900.0
2026-08-19,27.29,27.47,27.0,27.15,987556.0
2026-08-20,27.15,27.28,26.89,27.04,926431.0
2026-08-21,27.15,27.24,26.93,27.12,774128.0
2026-08-24,27.1,27.42,27.01,27.27,1054049.0
2026-08-25,27.28,27.33,27.05,27.15,628597.0
2026-08-26,27.15,27.83,27.05,27.77,1726269.0
2026-08-27,27.67,27.95,27.52,27.93,1353730.0
2026-08-28,27.88,28.05,27.8,27.93,973068.0
2026-08-31,27.83,27.92,27.47,27.8,1137738.0
2026-09-01,27.69,28.08,27.64,28.02,1151209.0
2026-09-02,27.91,28.0,27.46,27.47,1029812.0
2026-09-03,27.5,28.05,27.49,27.86,1181153.0
2026-09-04,27.96,28.33,27.95,27.99,1392558.0
2026-09-07,28.05,28.13,27.63,27.67,968006.0
2026-09-08,27.66,27.76,27.28,27.34,1043783.0
2026-09-09,27.3,27.43,27.17,27.33,720130.0
2026-09-10,27.3,27.68,27.21,27.6,1016181.0
2026-09-11,27.43,27.44,26.75,26.92,1355075.0
2026-09-14,26.78,26.78,26.52,26.61,781249.0
2026-09-15,26.61,26.66,26.28,26.35,831424.0
2026-09-16,26.34,26.57,26.08,26.45,810440.0
2026-09-17,26.28,26.45,26.11,26.16,747029.0
2026-09-18,26.28,26.62,26.28,26.54,847598.0
2026-09-21,26.55,26.8,26.48,26.74,711983.0
2026-09-22,26.83,27.03,26.75,26.89,787181.0
2026-09-23,26.9,26.95,26.67,26.79,480557.0
