date,open,high,low,close,volume
2016-01-04,3.307,3.347,2.837,2.857,617134.0
2016-01-05,2.807,2.997,2.657,2.887,686224.0
2016-01-06,2.917,3.127,2.867,3.117,546352.0
2016-01-07,3.017,3.037,2.617,2.647,158925.0
2016-01-08,2.747,2.967,2.607,2.857,694599.0
2016-01-11,2.787,2.967,2.677,2.687,535135.0
2016-01-12,2.697,2.807,2.577,2.747,484486.0
2016-01-13,2.747,2.797,2.607,2.617,362516.0
2016-01-14,2.527,2.677,2.357,2.667,468929.0
2016-01-15,2.647,2.647,2.347,2.377,479450.0
2016-01-18,2.207,2.417,2.207,2.337,459246.0
2016-01-19,2.347,2.557,2.307,2.497,401919.0
2016-01-20,2.457,2.487,2.337,2.377,342835.0
2016-01-21,2.297,2.437,2.237,2.247,292987.0
2016-01-22,2.327,2.337,2.207,2.277,250891.0
2016-01-25,2.317,2.357,2.267,2.297,203601.0
2016-01-26,2.327,2.337,1.817,1.867,489132.0
2016-01-27,1.917,1.937,1.607,1.787,441187.0
2016-01-28,1.747,1.877,1.537,1.547,400719.0
2016-01-29,1.537,1.697,1.507,1.667,423616.0
2016-02-01,1.647,1.647,1.407,1.487,367827.0
2016-02-02,1.487,1.637,1.487,1.587,264325.0
2016-02-03,1.547,1.607,1.477,1.597,267718.0
2016-02-04,1.597,1.677,1.577,1.647,324021.0
2016-02-05,1.637,1.657,1.607,1.617,215225.0
2016-02-15,1.467,1.567,1.457,1.547,265158.0
2016-02-16,1.577,1.737,1.547,1.717,373231.0
2016-02-17,1.727,1.807,1.707,1.767,357261.0
2016-02-18,2.257,2.257,2.257,2.257,328831.0
2016-02-19,2.307,2.407,2.207,2.287,1140517.0
2016-02-22,2.357,2.397,2.227,2.317,767970.0
2016-02-23,2.327,2.347,2.167,2.227,461388.0
2016-02-24,2.207,2.257,2.137,2.227,346867.0
2016-02-25,2.237,2.237,1.707,1.777,532120.0
2016-02-26,1.817,1.887,1.757,1.837,381486.0
2016-02-29,1.837,1.847,1.547,1.747,408439.0
2016-03-01,1.747,1.887,1.717,1.857,306211.0
2016-03-02,1.837,2.247,1.817,2.157,764906.0
2016-03-03,2.137,2.367,2.107,2.237,806239.0
2016-03-04,2.207,2.687,2.157,2.387,1345909.0
2016-03-07,2.447,2.607,2.347,2.397,667141.0
2016-03-08,2.427,2.427,2.157,2.337,662946.0
2016-03-09,2.207,2.277,2.107,2.257,374514.0
2016-03-10,2.277,2.337,2.167,2.177,265849.0
2016-03-11,2.137,2.167,2.067,2.137,223842.0
2016-03-14,2.187,2.447,2.177,2.307,544325.0
2016-03-15,2.307,2.347,2.227,2.267,317277.0
2016-03-16,2.267,2.337,2.247,2.317,444407.0
2016-03-17,2.317,2.377,2.267,2.367,396641.0
2016-03-18,2.367,2.457,2.337,2.417,840045.0
2016-03-21,2.487,2.727,2.457,2.617,1315362.0
2016-03-22,2.557,2.627,2.507,2.527,571513.0
2016-03-23,2.537,2.747,2.507,2.657,780773.0
2016-03-24,2.637,2.637,2.477,2.497,448176.0
2016-03-25,2.467,2.547,2.457,2.527,266614.0
2016-03-28,2.557,2.607,2.457,2.507,288419.0
2016-03-29,2.487,2.517,2.377,2.397,217571.0
2016-03-30,2.437,2.557,2.427,2.527,324123.0
2016-03-31,2.577,2.607,2.497,2.547,313306.0
2016-04-01,2.477,2.537,2.387,2.507,326977.0
2016-04-05,2.517,2.597,2.487,2.557,538699.0
2016-04-06,2.537,2.567,2.477,2.517,350648.0
2016-04-07,2.537,2.557,2.437,2.447,259658.0
2016-04-08,2.417,2.417,2.257,2.327,304039.0
2016-04-11,2.507,2.807,2.467,2.637,1199166.0
2016-04-12,2.627,2.697,2.517,2.577,436251.0
2016-04-13,2.657,2.857,2.647,2.727,952466.0
2016-04-14,2.757,2.887,2.747,2.807,711602.0
2016-04-15,2.767,2.977,2.767,2.937,869061.0
2016-04-18,2.877,2.887,2.657,2.697,572706.0
2016-04-19,2.737,2.777,2.607,2.687,273243.0
2016-04-20,2.687,2.717,2.327,2.527,736380.0
2016-04-21,2.507,2.527,2.417,2.427,281286.0
2016-04-22,2.427,2.487,2.347,2.387,344123.0
2016-04-25,2.387,2.387,2.277,2.337,235683.0
2016-04-26,2.337,2.397,2.307,2.387,173661.0
2016-04-27,2.397,2.397,2.287,2.317,188381.0
2016-04-28,2.317,2.337,2.207,2.267,223406.0
2016-04-29,2.267,2.297,2.217,2.257,196158.0
2016-05-03,2.277,2.387,2.247,2.387,314958.0
2016-05-04,2.357,2.397,2.337,2.377,216307.0
2016-05-05,2.367,2.377,2.307,2.377,209985.0
2016-05-06,2.357,2.407,2.207,2.207,287463.0
2016-05-09,2.157,2.167,1.837,1.887,604882.0
2016-05-10,1.887,1.927,1.827,1.867,413035.0
2016-05-11,1.877,1.907,1.807,1.857,205884.0
2016-05-12,1.837,1.867,1.717,1.867,203753.0
2016-05-13,1.857,1.947,1.827,1.867,165233.0
2016-05-16,1.857,1.887,1.767,1.887,273317.0
2016-05-17,1.897,1.897,1.827,1.867,178590.0
2016-05-18,1.837,1.837,1.727,1.787,262981.0
2016-05-19,1.777,1.827,1.767,1.767,147393.0
2016-05-20,1.737,1.807,1.697,1.807,129733.0
2016-05-23,1.827,1.847,1.807,1.837,139796.0
2016-05-24,1.827,1.837,1.747,1.767,157352.0
2016-05-25,1.787,1.817,1.757,1.767,123247.0
2016-05-26,1.767,1.807,1.707,1.797,138680.0
2016-05-27,1.797,1.807,1.747,1.777,99401.0
2016-05-30,1.787,1.797,1.737,1.777,101679.0
2016-05-31,1.767,1.957,1.757,1.947,360342.0
2016-06-01,1.947,1.987,1.917,1.927,243607.0
2016-06-02,1.917,1.937,1.877,1.907,233562.0
2016-06-03,1.907,1.937,1.877,1.927,281837.0
2016-06-06,1.927,1.957,1.887,1.927,191567.0
2016-06-07,1.917,1.927,1.867,1.897,127552.0
2016-06-08,1.897,1.897,1.837,1.877,167734.0
2016-06-13,1.837,1.837,1.727,1.737,236368.0
2016-06-14,1.737,1.807,1.737,1.797,188871.0
2016-06-15,1.757,1.867,1.737,1.857,205046.0
2016-06-16,1.857,1.897,1.817,1.837,169557.0
2016-06-17,1.827,1.877,1.827,1.877,193049.0
2016-06-20,1.867,1.877,1.817,1.847,136091.0
2016-06-21,1.857,1.887,1.817,1.827,237857.0
2016-06-22,1.817,1.847,1.807,1.847,118198.0
2016-06-23,1.837,1.847,1.757,1.807,316448.0
2016-06-24,1.807,1.837,1.727,1.757,249787.0
2016-06-27,1.737,1.817,1.727,1.807,187621.0
2016-06-28,1.797,1.827,1.757,1.817,179230.0
2016-06-29,1.817,1.957,1.807,1.897,348847.0
2016-06-30,1.897,1.907,1.857,1.877,173099.0
2016-07-01,1.877,1.907,1.867,1.897,152493.0
2016-07-04,1.887,1.997,1.877,1.987,397315.0
2016-07-05,1.987,2.327,1.967,2.137,672011.0
2016-07-06,2.107,2.107,2.007,2.087,372508.0
2016-07-07,2.077,2.087,2.027,2.077,257089.0
2016-07-08,2.067,2.077,2.007,2.057,198979.0
2016-07-11,2.057,2.117,2.047,2.077,441545.0
2016-07-12,2.077,2.227,2.027,2.197,521484.0
2016-07-13,2.207,2.267,2.157,2.177,422578.0
2016-07-14,2.167,2.167,2.127,2.157,206726.0
2016-07-15,2.177,2.197,2.127,2.157,214645.0
2016-07-18,2.137,2.147,2.077,2.107,202493.0
2016-07-19,2.097,2.107,2.047,2.097,209964.0
2016-07-20,2.087,2.117,2.067,2.097,195445.0
2016-07-21,2.097,2.147,2.077,2.127,182699.0
2016-07-22,2.127,2.187,2.097,2.127,261170.0
2016-07-25,2.107,2.207,2.087,2.197,315365.0
2016-07-26,2.187,2.237,2.177,2.207,254613.0
2016-07-27,2.237,2.307,1.987,2.077,478569.0
2016-07-28,2.057,2.147,2.017,2.107,267513.0
2016-07-29,2.097,2.117,2.057,2.067,78813.0
2016-08-01,2.127,2.267,2.097,2.117,401700.0
2016-08-02,2.147,2.197,2.107,2.167,227880.0
2016-08-03,2.147,2.167,2.117,2.137,165421.0
2016-08-04,2.137,2.157,2.117,2.137,153046.0
2016-08-05,2.137,2.177,2.117,2.157,183717.0
2016-08-08,2.137,2.217,2.097,2.217,252596.0
2016-08-09,2.197,2.267,2.167,2.237,303606.0
2016-08-10,2.237,2.257,2.217,2.227,173816.0
2016-08-11,2.217,2.247,2.157,2.157,180870.0
2016-08-12,2.157,2.227,2.137,2.227,177524.0
2016-08-15,2.227,2.367,2.207,2.327,502251.0
2016-08-16,2.357,2.467,2.327,2.397,575656.0
2016-08-17,2.377,2.407,2.337,2.357,263858.0
2016-08-18,2.357,2.397,2.317,2.377,236293.0
2016-08-19,2.367,2.447,2.327,2.437,328697.0
2016-08-22,2.447,2.487,2.327,2.347,273379.0
2016-08-23,2.337,2.407,2.307,2.337,187134.0
2016-08-24,2.317,2.337,2.247,2.267,209243.0
2016-08-25,2.247,2.257,2.127,2.187,211788.0
2016-08-26,2.177,2.237,2.177,2.207,127727.0
2016-08-29,2.207,2.257,2.167,2.217,130456.0
2016-08-30,2.217,2.227,2.157,2.187,128296.0
2016-08-31,2.187,2.187,2.127,2.157,168085.0
2016-09-01,2.167,2.167,2.087,2.097,244043.0
2016-09-02,2.097,2.147,2.087,2.137,160721.0
2016-09-05,2.137,2.207,2.137,2.177,218904.0
2016-09-06,2.167,2.337,2.167,2.317,478496.0
2016-09-07,2.317,2.587,2.277,2.457,949042.0
2016-09-08,2.457,2.457,2.377,2.427,317548.0
2016-09-09,2.447,2.557,2.407,2.417,366096.0
2016-09-12,2.357,2.407,2.287,2.397,402702.0
2016-09-13,2.407,2.437,2.327,2.367,224687.0
2016-09-14,2.347,2.397,2.317,2.377,154220.0
2016-09-19,2.377,2.527,2.367,2.497,370285.0
2016-09-20,2.507,2.517,2.437,2.507,212164.0
2016-09-21,2.497,2.547,2.467,2.467,199197.0
2016-09-22,2.477,2.517,2.447,2.467,182824.0
2016-09-23,2.467,2.517,2.457,2.467,163134.0
2016-09-26,2.447,2.517,2.307,2.317,289662.0
2016-09-27,2.317,2.347,2.237,2.317,208490.0
2016-09-28,2.337,2.347,2.267,2.277,97500.0
2016-09-29,2.277,2.337,2.267,2.297,118098.0
2016-09-30,2.277,2.347,2.277,2.337,112600.0
2016-10-10,2.347,2.437,2.317,2.387,221072.0
2016-10-11,2.387,2.517,2.387,2.457,220407.0
2016-10-12,2.467,2.467,2.397,2.417,117962.0
2016-10-13,2.407,2.617,2.397,2.567,709570.0
2016-10-14,2.557,2.567,2.487,2.537,236620.0
2016-10-17,2.517,2.547,2.417,2.427,231024.0
2016-10-18,2.427,2.567,2.417,2.547,224448.0
2016-10-19,2.557,2.597,2.507,2.537,224907.0
2016-10-20,2.527,2.577,2.477,2.527,171315.0
2016-10-21,2.527,2.967,2.507,2.737,1057119.0
2016-10-24,2.737,2.877,2.687,2.787,783002.0
2016-10-25,2.787,2.857,2.647,2.717,442602.0
2016-10-26,2.707,2.777,2.657,2.717,272452.0
2016-10-27,2.717,2.787,2.677,2.767,319862.0
2016-10-28,2.747,2.917,2.737,2.857,551426.0
2016-10-31,2.847,2.847,2.717,2.747,303629.0
2016-11-01,2.757,2.817,2.717,2.767,196516.0
2016-11-02,2.757,2.857,2.737,2.747,318228.0
2016-11-03,2.707,2.817,2.677,2.747,279919.0
2016-11-04,2.727,2.917,2.727,2.817,492878.0
2016-11-07,2.817,2.827,2.747,2.767,229204.0
2016-11-08,2.817,2.967,2.747,2.957,615000.0
2016-11-09,2.927,3.077,2.887,2.967,799388.0
2016-11-10,3.267,3.357,3.127,3.157,970264.0
2016-11-11,3.227,3.517,3.167,3.387,1219833.0
2016-11-14,3.357,3.847,3.307,3.757,1459883.0
2016-11-15,3.717,3.867,3.547,3.617,899555.0
2016-11-16,3.607,3.657,3.487,3.587,542119.0
2016-11-17,3.567,3.807,3.467,3.717,597479.0
2016-11-18,3.687,3.727,3.547,3.587,492205.0
2016-11-21,3.587,3.717,3.517,3.557,390675.0
2016-11-22,3.557,3.637,3.487,3.607,404688.0
2016-11-23,3.567,3.627,3.427,3.487,405023.0
2016-11-24,3.467,3.527,3.387,3.417,367900.0
2016-11-25,3.437,3.527,3.407,3.477,418411.0
2016-11-28,3.487,3.677,3.487,3.627,588319.0
2016-11-29,3.647,3.717,3.477,3.647,620447.0
2016-11-30,3.597,3.597,3.357,3.367,627198.0
2016-12-01,3.367,3.457,3.247,3.327,492273.0
2016-12-02,3.317,3.357,3.237,3.267,377986.0
2016-12-05,3.217,3.237,3.067,3.097,417908.0
2016-12-06,3.077,3.197,3.067,3.127,368967.0
2016-12-07,3.127,3.297,3.027,3.287,396658.0
2016-12-08,3.367,3.597,3.347,3.527,876843.0
2016-12-09,3.527,3.617,3.437,3.487,357983.0
2016-12-12,3.517,3.547,3.077,3.247,470208.0
2016-12-13,3.167,3.347,3.147,3.307,244771.0
2016-12-14,3.307,3.427,3.267,3.337,257027.0
2016-12-15,3.317,3.467,3.297,3.357,372489.0
2016-12-16,3.327,3.337,3.187,3.247,311220.0
2016-12-19,3.237,3.237,3.077,3.097,262863.0
2016-12-20,3.087,3.137,3.017,3.087,159266.0
2016-12-21,3.067,3.177,3.057,3.167,208785.0
2016-12-22,3.117,3.187,3.097,3.117,140956.0
2016-12-23,3.117,3.157,2.977,2.987,192056.0
2016-12-26,2.967,3.087,2.847,3.077,230491.0
2016-12-27,3.087,3.107,2.977,3.047,173418.0
2016-12-28,3.037,3.047,2.917,2.947,227230.0
2016-12-29,2.887,3.067,2.887,2.947,163358.0
2016-12-30,2.947,3.027,2.927,2.967,191344.0
2017-01-03,2.967,3.117,2.957,3.107,183695.0
2017-01-04,3.097,3.167,3.077,3.167,195717.0
2017-01-05,3.167,3.597,3.157,3.457,756464.0
2017-01-06,3.437,3.527,3.357,3.387,244382.0
2017-01-09,3.377,3.687,3.357,3.607,548970.0
2017-01-10,3.567,3.617,3.477,3.517,217155.0
2017-01-11,3.477,3.517,3.347,3.347,232984.0
2017-01-12,3.337,3.427,3.277,3.297,138403.0
2017-01-13,3.297,3.417,3.217,3.367,216855.0
2017-01-16,3.347,3.507,3.167,3.367,690544.0
2017-01-17,3.397,3.557,3.357,3.537,380249.0
2017-01-18,3.527,3.597,3.467,3.527,221775.0
2017-01-19,3.497,3.567,3.427,3.457,158338.0
2017-01-20,3.447,3.507,3.347,3.507,163070.0
2017-01-23,3.517,3.767,3.517,3.617,444300.0
2017-01-24,3.617,3.707,3.577,3.667,345985.0
2017-01-25,3.647,3.807,3.607,3.637,307500.0
2017-01-26,3.647,3.757,3.597,3.747,260977.0
2017-02-03,3.747,3.817,3.657,3.747,269952.0
2017-02-06,3.737,3.867,3.697,3.827,306817.0
2017-02-07,3.817,4.047,3.807,4.037,753220.0
2017-02-08,4.057,4.067,3.867,4.007,584639.0
2017-02-09,3.977,4.137,3.947,4.107,706873.0
2017-02-10,4.117,4.467,4.057,4.227,1092008.0
2017-02-13,4.207,4.287,4.127,4.257,699263.0
2017-02-14,4.287,4.387,4.217,4.337,566330.0
2017-02-15,4.317,4.317,4.047,4.107,808705.0
2017-02-16,4.117,4.317,4.117,4.167,516589.0
2017-02-17,4.157,4.277,4.127,4.157,497704.0
2017-02-20,4.127,4.307,4.117,4.167,755463.0
2017-02-21,4.197,4.287,4.077,4.187,706132.0
2017-02-22,4.217,4.387,4.117,4.307,907689.0
2017-02-23,4.337,4.407,4.267,4.357,667183.0
2017-02-24,4.337,4.367,4.197,4.277,454035.0
2017-02-27,4.277,4.307,4.127,4.137,495375.0
2017-02-28,4.177,4.197,4.117,4.167,273585.0
2017-03-01,4.167,4.197,4.087,4.187,487912.0
2017-03-02,4.167,4.247,4.017,4.137,575807.0
2017-03-03,4.077,4.087,3.947,3.977,447592.0
2017-03-06,4.007,4.157,4.007,4.157,614014.0
2017-03-07,4.167,4.267,4.117,4.247,489058.0
2017-03-08,4.287,4.417,4.247,4.267,683041.0
2017-03-09,4.267,4.347,4.167,4.237,316824.0
2017-03-10,4.267,4.477,4.267,4.367,645642.0
2017-03-13,4.447,4.617,4.397,4.527,877449.0
2017-03-14,4.497,4.707,4.477,4.537,677870.0
2017-03-15,4.567,4.567,4.427,4.467,349381.0
2017-03-16,4.467,4.537,4.267,4.347,858992.0
2017-03-17,4.347,4.397,4.267,4.347,478994.0
2017-03-20,4.337,4.347,4.217,4.287,436722.0
2017-03-21,4.257,4.357,4.247,4.317,377069.0
2017-03-22,4.277,4.497,4.247,4.377,749377.0
2017-03-23,4.377,4.417,4.237,4.347,681311.0
2017-03-24,4.367,4.487,4.267,4.477,635036.0
2017-03-27,4.497,4.607,4.377,4.397,540572.0
2017-03-28,4.377,4.387,4.277,4.317,309884.0
2017-03-29,4.317,4.477,4.297,4.357,431289.0
2017-03-30,4.347,4.397,4.147,4.177,618965.0
2017-03-31,4.177,4.237,4.027,4.067,422593.0
2017-04-05,4.547,4.547,4.167,4.217,2637113.0
2017-04-06,4.207,4.287,4.077,4.197,896498.0
2017-04-07,4.187,4.227,4.077,4.117,614646.0
2017-04-10,4.127,4.197,4.087,4.127,444542.0
2017-04-11,4.157,4.267,4.077,4.207,904364.0
2017-04-12,4.147,4.147,3.927,3.957,864259.0
2017-04-13,3.927,3.987,3.907,3.937,308343.0
2017-04-14,3.927,3.997,3.757,3.777,474338.0
2017-04-17,3.767,3.777,3.587,3.677,554342.0
2017-04-18,3.747,3.807,3.637,3.677,415562.0
2017-04-19,3.667,3.717,3.507,3.637,403787.0
2017-04-20,3.647,3.707,3.567,3.697,326534.0
2017-04-21,3.727,3.797,3.727,3.777,334044.0
2017-04-24,3.817,3.817,3.567,3.577,323426.0
2017-04-25,3.567,3.717,3.567,3.677,287817.0
2017-04-26,3.667,3.867,3.667,3.847,465606.0
2017-04-27,3.837,3.917,3.727,3.907,373510.0
2017-04-28,3.927,3.967,3.777,3.897,519531.0
2017-05-02,3.867,3.967,3.817,3.887,369303.0
2017-05-03,3.887,4.047,3.887,4.047,560202.0
2017-05-04,3.967,4.127,3.967,4.037,591692.0
2017-05-05,3.997,4.037,3.787,3.857,638391.0
2017-05-08,3.807,3.807,3.577,3.747,534925.0
2017-05-09,3.707,3.747,3.647,3.687,265479.0
2017-05-10,3.697,3.737,3.467,3.487,301570.0
2017-05-11,3.467,3.607,3.297,3.467,500071.0
2017-05-12,3.467,3.577,3.467,3.537,321066.0
2017-05-15,3.647,3.687,3.537,3.567,269353.0
2017-05-16,3.547,3.627,3.377,3.617,390460.0
2017-05-17,3.627,3.677,3.597,3.607,360846.0
2017-05-18,3.547,3.677,3.497,3.597,243800.0
2017-05-19,3.577,3.657,3.517,3.567,222076.0
2017-05-22,3.567,3.697,3.527,3.567,232743.0
2017-05-23,3.537,3.577,3.417,3.567,409594.0
2017-05-24,3.527,3.567,3.447,3.557,188695.0
2017-05-25,3.557,3.747,3.527,3.707,400832.0
2017-05-26,3.677,3.857,3.677,3.777,338586.0
2017-05-31,3.817,3.967,3.757,3.767,323872.0
2017-06-01,3.717,3.877,3.717,3.837,275873.0
2017-06-02,3.827,3.827,3.677,3.797,271013.0
2017-06-05,3.817,3.867,3.727,3.747,252453.0
2017-06-06,3.737,3.767,3.677,3.717,182146.0
2017-06-07,3.707,3.837,3.687,3.837,272174.0
2017-06-08,3.857,3.857,3.787,3.827,207552.0
2017-06-09,3.787,4.197,3.787,4.167,1035056.0
2017-06-12,4.127,4.267,4.097,4.157,728973.0
2017-06-13,4.167,4.277,4.127,4.187,414513.0
2017-06-14,4.167,4.317,4.137,4.197,527288.0
2017-06-15,4.167,4.267,4.117,4.207,444028.0
2017-06-16,4.197,4.227,4.067,4.127,347277.0
2017-06-19,4.187,4.357,4.167,4.337,603391.0
2017-06-20,4.347,4.397,4.267,4.307,335394.0
2017-06-21,4.457,4.457,4.257,4.317,411833.0
2017-06-22,4.317,4.667,4.297,4.467,1039818.0
2017-06-23,4.447,4.617,4.427,4.607,719147.0
2017-06-26,4.647,5.337,4.627,5.157,1563380.0
2017-06-27,5.127,5.217,5.027,5.187,1004679.0
2017-06-28,5.197,5.207,4.957,5.007,873064.0
2017-06-29,5.057,5.117,4.967,5.037,656950.0
2017-06-30,5.017,5.027,4.867,4.997,645661.0
2017-07-03,5.007,5.027,4.817,4.937,584406.0
2017-07-04,4.907,5.087,4.887,4.967,683967.0
2017-07-05,4.977,5.067,4.897,5.067,596751.0
2017-07-06,5.057,5.057,4.767,4.837,847508.0
2017-07-07,4.787,4.897,4.767,4.857,577668.0
2017-07-10,4.847,5.197,4.777,5.167,1348082.0
2017-07-11,5.137,5.137,4.917,4.927,895681.0
2017-07-12,4.897,4.957,4.687,4.817,742084.0
2017-07-13,4.817,4.997,4.667,4.687,951861.0
2017-07-14,4.697,4.917,4.687,4.897,682516.0
2017-07-17,4.897,4.987,4.597,4.797,929598.0
2017-07-18,4.757,4.987,4.677,4.977,666985.0
2017-07-19,5.047,5.337,4.997,5.317,1758762.0
2017-07-20,5.327,5.487,5.187,5.237,1088532.0
2017-07-21,5.237,5.347,5.147,5.247,739810.0
2017-07-24,5.307,5.567,5.267,5.367,1220342.0
2017-07-25,5.357,5.447,5.287,5.357,732877.0
2017-07-26,5.417,5.567,5.307,5.367,914782.0
2017-07-27,5.347,5.387,5.087,5.167,1035162.0
2017-07-28,5.207,5.237,5.077,5.147,609770.0
2017-07-31,5.157,5.387,5.087,5.377,931249.0
2017-08-01,5.377,5.627,5.367,5.567,1324188.0
2017-08-02,5.567,5.577,5.377,5.397,746080.0
2017-08-03,5.467,5.617,5.377,5.507,692878.0
2017-08-04,5.517,5.917,5.477,5.727,1545961.0
2017-08-07,5.687,5.777,5.497,5.757,994612.0
2017-08-08,5.727,5.847,5.567,5.657,826770.0
2017-08-09,5.717,5.797,5.517,5.717,922369.0
2017-08-10,5.667,5.717,5.367,5.427,1121417.0
2017-08-11,5.327,5.327,4.877,4.927,1489150.0
2017-08-14,4.917,5.077,4.907,5.067,557946.0
2017-08-15,5.067,5.117,4.947,5.017,530906.0
2017-08-16,5.017,5.057,4.927,4.977,396751.0
2017-08-17,4.987,5.117,4.977,5.077,392960.0
2017-08-18,5.047,5.087,4.977,5.047,260078.0
2017-08-21,5.057,5.197,5.057,5.167,371235.0
2017-08-22,5.127,5.207,5.067,5.157,272461.0
2017-08-23,5.147,5.157,4.947,4.967,377925.0
2017-08-24,4.987,5.057,4.937,4.977,223069.0
2017-08-25,4.977,5.157,4.977,5.137,451232.0
2017-08-28,5.147,5.467,5.127,5.357,741737.0
2017-08-29,5.357,5.397,5.267,5.377,500587.0
2017-08-30,4.777,5.047,4.527,4.927,2517607.0
2017-08-31,4.937,4.937,4.547,4.707,1611195.0
2017-09-01,4.697,4.707,4.597,4.657,1015838.0
2017-09-04,4.647,4.667,4.557,4.637,850300.0
2017-09-05,4.637,4.697,4.577,4.667,656903.0
2017-09-06,4.627,4.697,4.577,4.657,606557.0
2017-09-07,4.657,4.787,4.627,4.707,642123.0
2017-09-08,4.717,4.777,4.647,4.677,470935.0
2017-09-11,4.657,4.657,4.527,4.577,702574.0
2017-09-12,4.577,4.587,4.477,4.527,646407.0
2017-09-13,4.507,4.727,4.497,4.677,769036.0
2017-09-14,4.687,4.737,4.587,4.627,397598.0
2017-09-15,4.637,4.647,4.537,4.567,314262.0
2017-09-18,4.567,4.687,4.567,4.677,370534.0
2017-09-19,4.697,4.707,4.597,4.627,342841.0
2017-09-20,4.657,4.657,4.547,4.597,378543.0
2017-09-21,4.597,4.597,4.507,4.507,423257.0
2017-09-22,4.527,4.527,4.297,4.337,611032.0
2017-09-25,4.317,4.327,4.177,4.197,505560.0
2017-09-26,4.197,4.257,4.157,4.227,335931.0
2017-09-27,4.207,4.447,4.147,4.427,651942.0
2017-09-28,4.427,4.457,4.357,4.357,352465.0
2017-09-29,4.387,4.557,4.387,4.527,416485.0
2017-10-09,4.597,4.667,4.577,4.647,589453.0
2017-10-10,4.637,4.677,4.577,4.667,399933.0
2017-10-11,4.667,4.677,4.617,4.637,299823.0
2017-10-12,4.647,4.727,4.607,4.687,373612.0
2017-10-13,4.677,4.837,4.657,4.777,629342.0
2017-10-16,4.797,4.807,4.657,4.747,413938.0
2017-10-17,4.877,5.077,4.767,4.787,878605.0
2017-10-18,4.787,4.867,4.727,4.847,422587.0
2017-10-19,4.847,4.857,4.677,4.687,294114.0
2017-10-20,4.657,4.767,4.637,4.747,286979.0
2017-10-23,4.717,4.797,4.647,4.697,331601.0
2017-10-24,4.737,4.867,4.737,4.777,281303.0
2017-10-25,4.847,5.077,4.797,5.047,832275.0
2017-10-26,5.027,5.267,4.997,5.217,1095404.0
2017-10-27,5.197,5.327,5.097,5.127,674299.0
2017-10-30,5.137,5.247,4.927,5.167,711092.0
2017-10-31,5.167,5.177,4.997,5.097,466518.0
2017-11-01,5.097,5.257,5.047,5.077,595420.0
2017-11-02,4.997,5.047,4.717,4.737,930461.0
2017-11-03,4.737,4.777,4.547,4.757,760063.0
2017-11-06,4.747,4.747,4.607,4.697,404216.0
2017-11-07,4.697,4.887,4.677,4.787,679348.0
2017-11-08,4.797,5.057,4.767,4.937,1442867.0
2017-11-09,4.947,5.117,4.817,4.987,1069238.0
2017-11-10,4.997,5.447,4.937,5.407,2168803.0
2017-11-13,5.407,5.747,5.247,5.597,1924347.0
2017-11-14,5.547,5.597,5.307,5.477,1156875.0
2017-11-15,5.397,5.427,5.207,5.247,876169.0
2017-11-16,5.247,5.437,5.227,5.317,814908.0
2017-11-17,5.387,5.777,5.257,5.597,1963749.0
2017-11-20,5.467,5.827,5.427,5.757,1561725.0
2017-11-21,5.707,5.897,5.617,5.887,1817254.0
2017-11-22,5.717,5.727,5.507,5.597,2539270.0
2017-11-23,5.597,5.917,5.357,5.427,2138417.0
2017-11-24,5.297,5.377,5.057,5.337,1296154.0
2017-11-27,5.277,5.297,5.057,5.177,905259.0
2017-11-28,5.187,5.387,5.117,5.347,720782.0
2017-11-29,5.367,6.067,5.287,6.017,2095623.0
2017-11-30,5.977,6.027,5.747,5.907,1663270.0
2017-12-01,5.937,6.027,5.777,5.967,1114258.0
2017-12-04,5.917,5.997,5.647,5.907,1177208.0
2017-12-05,5.817,6.097,5.767,5.897,1999398.0
2017-12-06,5.827,6.007,5.627,5.977,1244279.0
2017-12-07,5.927,6.047,5.697,5.777,953815.0
2017-12-08,5.707,5.707,5.417,5.527,1373290.0
2017-12-11,5.507,5.687,5.437,5.677,863007.0
2017-12-12,5.687,5.767,5.427,5.447,874646.0
2017-12-13,5.387,5.397,5.197,5.367,1073959.0
2017-12-14,5.327,5.557,5.287,5.417,810944.0
2017-12-15,5.367,5.477,5.207,5.347,778095.0
2017-12-18,5.307,5.437,5.247,5.417,669230.0
2017-12-19,5.417,5.457,5.307,5.417,618360.0
2017-12-20,5.417,5.427,5.097,5.117,1041837.0
2017-12-21,5.067,5.357,5.037,5.247,671349.0
2017-12-22,5.287,5.367,5.197,5.217,448141.0
2017-12-25,5.467,5.697,5.217,5.357,1513316.0
2017-12-26,5.437,6.097,5.357,5.977,2683804.0
2017-12-27,5.887,5.987,5.727,5.817,1831233.0
2017-12-28,5.877,6.177,5.707,5.977,2190091.0
2017-12-29,5.907,6.017,5.857,5.967,1030978.0
2018-01-02,6.057,6.577,6.057,6.377,2284533.0
2018-01-03,6.347,6.477,6.277,6.367,1452443.0
2018-01-04,6.357,6.437,6.237,6.337,1218637.0
2018-01-05,6.317,6.677,6.277,6.487,1958388.0
2018-01-08,6.527,6.917,6.527,6.777,2042043.0
2018-01-09,6.727,6.847,6.517,6.647,1359931.0
2018-01-10,6.597,6.697,6.407,6.647,1247763.0
2018-01-11,6.577,6.587,6.157,6.277,1602882.0
2018-01-12,6.127,6.367,6.057,6.237,1218039.0
2018-01-15,6.197,6.327,5.997,6.107,1275591.0
2018-01-16,6.167,6.507,6.147,6.497,1443428.0
2018-01-17,6.577,6.637,6.127,6.257,1358925.0
2018-01-18,6.177,6.517,6.077,6.487,1364746.0
2018-01-19,6.587,6.767,6.307,6.377,1369502.0
2018-01-22,6.297,6.387,6.127,6.347,1043113.0
2018-01-23,6.307,6.607,6.227,6.597,1389757.0
2018-01-24,6.547,6.627,6.367,6.527,1352584.0
2018-01-25,6.457,6.827,6.417,6.697,1610030.0
2018-01-26,6.697,6.877,6.597,6.757,1117315.0
2018-01-29,6.757,6.877,6.187,6.287,1726528.0
2018-01-30,6.197,6.307,6.007,6.047,1245307.0
2018-01-31,5.997,6.257,5.937,6.087,1227984.0
2018-02-01,6.017,6.187,5.817,6.167,1378080.0
2018-02-02,5.997,6.217,5.957,6.177,892274.0
2018-02-05,5.997,6.487,5.997,6.387,1185227.0
2018-02-06,6.207,6.487,5.927,6.137,1940607.0
2018-02-07,6.307,6.337,5.407,5.747,1630679.0
2018-02-08,5.627,5.747,5.437,5.647,877871.0
2018-02-09,5.297,5.297,4.777,5.177,1540805.0
2018-02-12,5.147,5.247,4.977,5.147,769398.0
2018-02-13,5.257,5.367,5.217,5.237,662644.0
2018-02-14,5.227,5.297,5.097,5.227,307127.0
2018-02-22,5.347,5.547,5.257,5.527,660335.0
2018-02-23,5.567,5.577,5.397,5.477,402072.0
2018-02-26,5.507,5.737,5.497,5.667,844459.0
2018-02-27,5.677,5.677,5.407,5.417,1024665.0
2018-02-28,5.317,5.317,5.027,5.177,1298691.0
2018-03-01,5.067,5.197,5.037,5.117,998204.0
2018-03-02,5.047,5.107,4.977,5.007,774364.0
2018-03-05,5.047,5.117,4.937,5.017,926897.0
2018-03-06,5.067,5.347,4.957,5.307,1434246.0
2018-03-07,5.327,5.497,5.217,5.267,1232306.0
2018-03-08,5.317,5.357,5.227,5.337,589512.0
2018-03-09,5.357,5.407,5.287,5.397,983063.0
2018-03-12,5.427,5.567,5.427,5.437,1200898.0
2018-03-13,5.457,5.477,5.137,5.217,1143134.0
2018-03-14,5.167,5.197,5.057,5.147,723282.0
2018-03-15,5.167,5.267,5.117,5.227,553522.0
2018-03-16,5.227,5.287,5.157,5.167,496671.0
2018-03-19,5.137,5.187,5.077,5.167,519252.0
2018-03-20,5.077,5.177,5.037,5.167,537825.0
2018-03-21,5.167,5.217,5.007,5.107,672974.0
2018-03-22,5.097,5.107,4.927,5.067,650357.0
2018-03-23,4.737,5.057,4.597,5.047,1429501.0
2018-03-26,4.847,4.917,4.767,4.847,558932.0
2018-03-27,4.947,4.987,4.847,4.897,567089.0
2018-03-28,4.817,4.847,4.597,4.677,766827.0
2018-03-29,4.697,4.887,4.437,4.787,947474.0
2018-03-30,4.787,4.827,4.707,4.757,450398.0
2018-04-02,4.837,5.107,4.767,5.057,1094286.0
2018-04-03,4.977,5.167,4.957,5.037,668217.0
2018-04-04,5.037,5.147,4.917,4.947,536349.0
2018-04-09,4.947,5.137,4.897,5.067,631028.0
2018-04-10,5.147,5.247,5.107,5.237,645343.0
2018-04-11,5.257,5.517,5.257,5.487,1125310.0
2018-04-12,5.427,5.587,5.427,5.547,981910.0
2018-04-13,5.547,5.617,5.397,5.407,529614.0
2018-04-16,5.397,5.397,5.077,5.227,981269.0
2018-04-17,5.247,5.307,5.097,5.137,508590.0
2018-04-18,5.297,5.377,5.067,5.257,608324.0
2018-04-19,5.247,5.377,5.077,5.187,715612.0
2018-04-20,5.157,5.217,5.057,5.197,484609.0
2018-04-23,5.157,5.357,5.117,5.347,607934.0
2018-04-24,5.397,5.687,5.367,5.447,1428034.0
2018-04-25,5.457,5.557,5.357,5.537,541769.0
2018-04-26,5.777,5.837,5.477,5.537,1098886.0
2018-04-27,5.647,5.697,5.457,5.617,676412.0
2018-05-02,5.627,5.697,5.377,5.407,727113.0
2018-05-03,5.397,5.617,5.347,5.607,802150.0
2018-05-04,5.587,5.587,5.407,5.427,654945.0
2018-05-07,5.467,5.547,5.377,5.537,858409.0
2018-05-08,5.527,5.697,5.507,5.647,955184.0
2018-05-09,5.627,5.727,5.577,5.677,696170.0
2018-05-10,5.707,5.747,5.537,5.617,509327.0
2018-05-11,5.637,5.637,5.407,5.427,748749.0
2018-05-14,5.397,5.477,5.367,5.437,477434.0
2018-05-15,5.447,5.727,5.437,5.717,1203931.0
2018-05-16,5.677,5.707,5.577,5.627,658523.0
2018-05-17,5.627,5.657,5.497,5.557,512018.0
2018-05-18,5.567,5.617,5.417,5.617,653118.0
2018-05-21,5.677,5.717,5.537,5.577,869729.0
2018-05-22,5.567,5.567,5.397,5.487,659584.0
2018-05-23,5.497,5.497,5.297,5.307,670184.0
2018-05-24,5.307,5.347,5.117,5.127,718710.0
2018-05-25,5.117,5.187,5.027,5.167,500596.0
2018-05-28,5.167,5.227,5.097,5.197,329090.0
2018-05-29,5.187,5.337,5.157,5.257,515528.0
2018-05-30,5.197,5.197,4.847,4.917,709740.0
2018-05-31,4.957,5.007,4.847,4.987,644046.0
2018-06-01,4.947,5.167,4.817,5.017,644328.0
2018-06-04,5.017,5.087,4.967,5.057,535722.0
2018-06-05,5.057,5.157,4.937,5.077,620818.0
2018-06-06,5.047,5.187,5.007,5.127,597721.0
2018-06-07,5.137,5.207,5.077,5.097,439171.0
2018-06-08,5.077,5.127,4.947,5.057,527010.0
2018-06-11,5.017,5.177,4.977,5.137,511887.0
2018-06-12,5.167,5.777,5.167,5.607,2140986.0
2018-06-13,5.627,5.647,5.477,5.577,977612.0
2018-06-14,5.517,5.617,5.387,5.517,812171.0
2018-06-15,5.557,5.577,5.327,5.527,851170.0
2018-06-19,5.387,5.597,5.277,5.517,2068071.0
2018-06-20,5.367,5.467,5.107,5.307,1010835.0
2018-06-21,5.277,5.757,5.267,5.517,1451850.0
2018-06-22,5.517,5.887,5.357,5.867,1360559.0
2018-06-25,5.947,5.987,5.717,5.737,1176977.0
2018-06-26,5.587,5.847,5.347,5.727,1318029.0
2018-06-27,5.647,5.927,5.547,5.717,1194618.0
2018-06-28,5.677,5.727,5.437,5.457,760304.0
2018-06-29,5.447,5.877,5.427,5.867,1080231.0
2018-07-02,5.827,5.907,5.407,5.547,1178978.0
2018-07-03,5.447,5.627,5.357,5.587,1031194.0
2018-07-04,5.497,5.587,5.027,5.057,1463029.0
2018-07-05,5.037,5.147,4.947,5.057,791149.0
2018-07-06,5.007,5.117,4.627,4.917,1079847.0
2018-07-09,4.927,5.107,4.927,5.107,569499.0
2018-07-10,5.147,5.287,5.137,5.187,551498.0
2018-07-11,5.057,5.257,4.947,5.107,492818.0
2018-07-12,5.097,5.357,5.077,5.307,742438.0
2018-07-13,5.307,5.367,5.227,5.327,420712.0
2018-07-16,5.327,5.387,5.207,5.247,483468.0
2018-07-17,5.217,5.257,5.047,5.157,464622.0
2018-07-18,5.177,5.337,5.167,5.227,451959.0
2018-07-19,5.247,5.437,5.247,5.367,800490.0
2018-07-20,5.327,5.497,5.257,5.447,482513.0
2018-07-23,5.447,5.777,5.387,5.657,1048302.0
2018-07-24,5.897,6.297,5.777,5.817,2290083.0
2018-07-25,5.967,6.197,5.797,6.057,1352918.0
2018-07-26,6.047,6.057,5.837,5.877,790618.0
2018-07-27,5.927,6.017,5.737,5.867,654486.0
2018-07-30,5.877,6.157,5.857,5.967,779560.0
2018-07-31,6.297,6.347,6.057,6.147,1390459.0
2018-08-01,6.277,6.447,5.937,5.957,1348191.0
2018-08-02,5.957,6.167,5.697,6.117,1450939.0
2018-08-03,6.027,6.087,5.797,5.837,962021.0
2018-08-06,5.727,6.187,5.697,5.977,1199601.0
2018-08-07,6.047,6.537,5.917,6.497,2013950.0
2018-08-08,6.397,6.507,6.297,6.367,1328170.0
2018-08-09,6.367,6.567,6.257,6.447,1144075.0
2018-08-10,6.427,6.607,6.317,6.427,885638.0
2018-08-13,6.327,6.527,6.257,6.507,836176.0
2018-08-14,6.447,6.487,6.257,6.307,735453.0
2018-08-15,6.307,6.427,6.107,6.157,733713.0
2018-08-16,6.057,6.247,6.017,6.097,687760.0
2018-08-17,6.197,6.217,5.927,5.937,596971.0
2018-08-20,5.967,6.047,5.757,5.987,632796.0
2018-08-21,6.027,6.187,5.917,6.127,631627.0
2018-08-22,6.117,6.117,5.867,5.887,582564.0
2018-08-23,5.907,6.097,5.837,5.977,519400.0
2018-08-24,5.987,6.137,5.947,6.087,449330.0
2018-08-27,6.217,6.297,6.157,6.297,830351.0
2018-08-28,6.357,6.387,6.197,6.277,565507.0
2018-08-29,6.277,6.327,6.237,6.297,400840.0
2018-08-30,6.307,6.327,5.967,5.987,682903.0
2018-08-31,5.927,6.117,5.917,6.057,405094.0
2018-09-03,5.997,6.037,5.847,6.017,514552.0
2018-09-04,6.017,6.147,5.927,6.107,476248.0
2018-09-05,6.107,6.167,5.857,5.877,593245.0
2018-09-06,5.867,5.977,5.757,5.787,486316.0
2018-09-07,5.807,5.937,5.647,5.707,572210.0
2018-09-10,5.737,5.837,5.637,5.657,489088.0
2018-09-11,5.677,5.717,5.517,5.677,598458.0
2018-09-12,5.677,5.797,5.587,5.657,569009.0
2018-09-13,5.787,5.817,5.327,5.467,952930.0
2018-09-14,5.307,5.327,5.077,5.257,955375.0
2018-09-17,5.247,5.367,5.167,5.317,428981.0
2018-09-18,5.277,5.587,5.217,5.547,703045.0
2018-09-19,5.537,5.717,5.477,5.637,627255.0
2018-09-20,5.677,5.767,5.637,5.737,442876.0
2018-09-21,5.737,5.897,5.727,5.877,513215.0
2018-09-25,5.767,5.837,5.697,5.737,400850.0
2018-09-26,5.767,6.067,5.757,5.967,620667.0
2018-09-27,5.977,6.007,5.867,5.967,422051.0
2018-09-28,5.997,6.037,5.887,5.937,428984.0
2018-10-08,5.807,5.907,5.717,5.807,517456.0
2018-10-09,5.827,5.857,5.497,5.547,534469.0
2018-10-10,5.577,5.707,5.547,5.617,434049.0
2018-10-11,5.367,5.497,5.057,5.277,765420.0
2018-10-12,5.197,5.377,5.027,5.337,616422.0
2018-10-15,5.357,5.537,5.347,5.377,451221.0
2018-10-16,5.377,5.407,5.137,5.217,439695.0
2018-10-17,5.307,5.357,5.087,5.267,398324.0
2018-10-18,5.237,5.237,4.717,4.757,871210.0
2018-10-19,4.577,4.987,4.517,4.887,722913.0
2018-10-22,4.937,5.317,4.917,5.237,757591.0
2018-10-23,5.247,5.317,4.827,4.987,684195.0
2018-10-24,5.057,5.267,5.037,5.067,754404.0
2018-10-25,4.857,5.027,4.797,5.007,599206.0
2018-10-26,5.077,5.127,4.887,4.947,525359.0
2018-10-29,4.957,4.957,4.637,4.687,488810.0
2018-10-30,4.697,4.847,4.537,4.767,531547.0
2018-10-31,4.797,5.027,4.777,4.927,525119.0
2018-11-01,5.087,5.177,4.967,4.977,698966.0
2018-11-02,5.157,5.217,5.067,5.197,615383.0
2018-11-05,5.167,5.247,5.087,5.127,524822.0
2018-11-06,5.167,5.237,5.127,5.197,430214.0
2018-11-07,5.217,5.277,5.117,5.157,410661.0
2018-11-08,5.227,5.257,5.107,5.117,297778.0
2018-11-09,5.117,5.157,5.027,5.077,313973.0
2018-11-12,5.077,5.257,5.047,5.257,432195.0
2018-11-13,5.187,5.337,5.167,5.247,580152.0
2018-11-14,5.267,5.327,5.167,5.297,393270.0
2018-11-15,5.287,5.317,5.057,5.297,384715.0
2018-11-16,5.287,5.327,5.187,5.227,560603.0
2018-11-19,5.207,5.257,5.137,5.217,471611.0
2018-11-20,5.177,5.197,5.047,5.047,486215.0
2018-11-21,4.987,5.047,4.927,5.007,451817.0
2018-11-22,5.017,5.047,4.947,5.007,256513.0
2018-11-23,5.017,5.037,4.817,4.847,373965.0
2018-11-26,4.857,4.907,4.777,4.857,228030.0
2018-11-27,4.917,4.977,4.887,4.907,250939.0
2018-11-28,4.907,5.037,4.887,5.027,249698.0
2018-11-29,5.077,5.137,4.987,4.997,338211.0
2018-11-30,4.967,5.107,4.967,5.087,257568.0
2018-12-03,5.227,5.327,5.187,5.317,671654.0
2018-12-04,5.267,5.347,5.267,5.297,337881.0
2018-12-05,5.207,5.327,5.177,5.247,458572.0
2018-12-06,5.197,5.227,5.107,5.147,329201.0
2018-12-07,5.167,5.247,5.147,5.247,331515.0
2018-12-10,5.247,5.267,5.117,5.217,257797.0
2018-12-11,5.267,5.287,5.177,5.267,237096.0
2018-12-12,5.287,5.447,5.247,5.407,451127.0
2018-12-13,5.407,5.677,5.377,5.567,811170.0
2018-12-14,5.567,5.657,5.507,5.517,575393.0
2018-12-17,5.507,5.787,5.477,5.727,707320.0
2018-12-18,5.667,5.757,5.627,5.657,574934.0
2018-12-19,5.657,5.777,5.577,5.627,554617.0
2018-12-20,5.577,5.707,5.497,5.547,676414.0
2018-12-21,5.577,5.627,5.477,5.507,607393.0
2018-12-24,5.507,5.797,5.507,5.617,597582.0
2018-12-25,5.547,5.547,5.357,5.387,420368.0
2018-12-26,5.427,5.577,5.417,5.457,390920.0
2018-12-27,5.557,5.637,5.407,5.457,339507.0
2018-12-28,5.407,5.437,5.177,5.397,602669.0
2019-01-02,5.367,5.367,5.007,5.107,526282.0
2019-01-03,5.047,5.167,4.937,4.987,378704.0
2019-01-04,4.927,5.127,4.827,5.127,381295.0
2019-01-07,5.177,5.227,5.087,5.197,466807.0
2019-01-08,5.187,5.217,5.117,5.157,248089.0
2019-01-09,5.157,5.307,5.127,5.167,429590.0
2019-01-10,5.157,5.167,5.077,5.097,294989.0
2019-01-11,5.207,5.257,5.117,5.247,420420.0
2019-01-14,5.277,5.437,5.207,5.437,482642.0
2019-01-15,5.407,5.607,5.337,5.487,643648.0
2019-01-16,5.537,5.577,5.437,5.527,436623.0
2019-01-17,5.537,5.657,5.507,5.587,392015.0
2019-01-18,5.617,5.747,5.567,5.697,507654.0
2019-01-21,5.727,5.787,5.637,5.667,356611.0
2019-01-22,5.627,5.727,5.577,5.597,409628.0
2019-01-23,5.677,5.777,5.657,5.767,411788.0
2019-01-24,5.797,5.967,5.767,5.917,586850.0
2019-01-25,5.977,6.137,5.917,6.127,649375.0
2019-01-28,6.187,6.227,6.077,6.137,652926.0
2019-01-29,6.077,6.207,5.937,6.197,562628.0
2019-01-30,6.217,6.347,6.157,6.177,559388.0
2019-01-31,6.337,6.397,6.077,6.177,591507.0
2019-02-01,6.267,6.537,6.257,6.537,805557.0
2019-02-11,6.607,6.667,6.467,6.537,553230.0
2019-02-12,6.537,6.837,6.507,6.757,886461.0
2019-02-13,6.727,6.877,6.667,6.817,792460.0
2019-02-14,6.807,6.877,6.737,6.807,577800.0
2019-02-15,6.807,6.807,6.497,6.517,553057.0
2019-02-18,6.577,6.997,6.577,6.967,1031240.0
2019-02-19,6.977,6.977,6.627,6.667,862510.0
2019-02-20,6.697,6.937,6.657,6.747,639840.0
2019-02-21,6.687,6.957,6.567,6.807,744239.0
2019-02-22,6.677,7.507,6.677,7.417,1303444.0
2019-02-25,7.517,8.217,7.507,7.977,1709542.0
2019-02-26,7.927,8.157,7.807,7.857,1004765.0
2019-02-27,7.807,7.937,7.417,7.457,1142063.0
2019-02-28,7.497,7.617,7.387,7.447,634736.0
2019-03-01,7.627,7.807,7.417,7.777,1058140.0
2019-03-04,8.057,8.847,7.987,8.597,2681238.0
2019-03-05,8.597,8.777,8.337,8.537,1652955.0
2019-03-06,8.537,8.687,8.357,8.627,1284546.0
2019-03-07,8.557,8.567,8.117,8.277,1272256.0
2019-03-08,8.067,8.607,7.837,8.137,1635258.0
2019-03-11,8.137,8.317,7.897,8.237,1214879.0
2019-03-12,8.327,8.887,8.327,8.817,1937352.0
2019-03-13,8.807,8.967,8.497,8.567,1325661.0
2019-03-14,8.467,9.007,8.407,8.717,1328666.0
2019-03-15,8.757,9.607,8.757,9.437,1888559.0
2019-03-18,9.457,10.157,9.457,10.047,1936115.0
2019-03-19,9.917,10.147,9.767,9.857,1168809.0
2019-03-20,9.817,10.527,9.717,10.157,1478106.0
2019-03-21,10.277,10.547,9.967,10.177,1144473.0
2019-03-22,10.387,10.447,9.737,9.927,1199345.0
2019-03-25,9.567,9.787,9.317,9.367,1686029.0
2019-03-26,9.437,9.517,8.937,9.147,1561568.0
2019-03-27,9.207,9.457,9.027,9.357,1266664.0
2019-03-28,9.157,9.317,9.067,9.117,1015229.0
2019-03-29,9.267,9.887,9.057,9.837,1786310.0
2019-04-01,10.077,10.337,9.857,10.007,2072637.0
2019-04-02,10.097,10.197,9.577,9.687,1700821.0
2019-04-03,9.707,10.027,9.617,9.977,1354616.0
2019-04-04,10.027,10.697,10.027,10.417,1875518.0
2019-04-08,10.757,10.937,10.427,10.857,1898043.0
2019-04-09,10.757,10.807,10.437,10.617,1256957.0
2019-04-10,10.457,11.117,10.257,11.057,1558236.0
2019-04-11,10.957,11.007,10.217,10.237,1888655.0
2019-04-12,10.207,10.367,9.857,10.037,1182322.0
2019-04-15,10.707,10.857,9.847,9.927,1758210.0
2019-04-16,9.937,10.297,9.777,10.277,1496223.0
2019-04-17,10.327,10.327,10.037,10.167,1168938.0
2019-04-18,10.187,10.457,10.037,10.217,935327.0
2019-04-19,10.227,10.277,9.867,10.187,814771.0
2019-04-22,10.207,10.207,9.177,9.247,2532828.0
2019-04-23,9.287,9.507,9.237,9.347,1003225.0
2019-04-24,9.357,9.487,9.077,9.387,1050953.0
2019-04-25,9.397,9.397,8.907,8.937,1158559.0
2019-04-26,8.937,9.117,8.897,8.977,1026499.0
2019-04-29,9.097,9.537,9.087,9.357,1510435.0
2019-04-30,9.407,9.587,9.127,9.307,972678.0
2019-05-06,8.857,8.927,8.227,8.457,1456315.0
2019-05-07,8.757,9.187,8.717,9.177,1493366.0
2019-05-08,8.877,9.267,8.837,8.907,1054659.0
2019-05-09,8.847,9.077,8.667,8.917,745991.0
2019-05-10,9.077,9.507,8.777,9.507,1648127.0
2019-05-13,9.337,9.417,9.147,9.267,838981.0
2019-05-14,9.107,9.257,8.927,9.017,916532.0
2019-05-15,9.157,9.297,8.947,9.197,1151726.0
2019-05-16,9.187,9.247,9.097,9.207,848443.0
2019-05-17,9.167,9.207,8.707,8.757,1169603.0
2019-05-20,8.737,8.757,8.487,8.647,657571.0
2019-05-21,8.637,9.067,8.637,8.947,816409.0
2019-05-22,8.977,9.117,8.927,9.007,642850.0
2019-05-23,8.967,9.137,8.877,8.957,618225.0
2019-05-24,8.927,9.147,8.927,9.087,678712.0
2019-05-27,9.137,9.427,9.027,9.367,858326.0
2019-05-28,9.417,9.897,9.367,9.707,1398097.0
2019-05-29,9.707,9.757,9.517,9.637,564954.0
2019-05-30,9.557,9.617,9.217,9.407,818713.0
2019-05-31,9.297,9.327,8.957,9.127,841492.0
2019-06-03,9.167,9.237,8.957,9.017,658703.0
2019-06-04,9.077,9.087,8.707,9.027,921178.0
2019-06-05,9.147,9.287,9.097,9.147,748010.0
2019-06-06,9.157,9.247,9.007,9.007,629756.0
2019-06-10,9.057,9.387,9.037,9.267,655195.0
2019-06-11,9.427,9.987,9.427,9.977,1501633.0
2019-06-12,9.927,10.237,9.867,9.957,1121926.0
2019-06-13,9.937,10.137,9.817,10.007,727298.0
2019-06-14,10.007,10.107,9.797,9.847,915998.0
2019-06-17,9.807,10.007,9.667,9.807,580586.0
2019-06-18,9.847,10.007,9.777,9.937,555716.0
2019-06-19,10.337,10.347,9.907,9.957,1003639.0
2019-06-20,9.897,10.317,9.877,10.237,1104807.0
2019-06-21,10.287,10.297,10.057,10.187,922975.0
2019-06-24,10.197,10.297,10.067,10.237,559951.0
2019-06-25,10.227,10.257,9.787,10.107,753865.0
2019-06-26,9.977,10.107,9.867,10.007,377657.0
2019-06-27,10.157,10.247,9.947,10.007,788699.0
2019-06-28,10.037,10.167,9.947,10.137,590788.0
2019-07-01,10.357,10.477,10.237,10.457,1170127.0
2019-07-02,10.387,10.407,10.177,10.247,747889.0
2019-07-03,10.227,10.227,9.907,9.977,755684.0
2019-07-04,9.987,10.097,9.857,9.917,510292.0
2019-07-05,9.947,9.997,9.827,9.927,472956.0
2019-07-08,9.917,9.917,9.427,9.757,693939.0
2019-07-09,9.707,9.797,9.617,9.727,313572.0
2019-07-10,9.737,9.797,9.467,9.537,446155.0
2019-07-11,9.657,9.947,9.647,9.877,705879.0
2019-07-12,9.837,10.207,9.837,10.187,740015.0
2019-07-15,10.207,10.607,10.057,10.487,1042684.0
2019-07-16,10.517,10.707,10.397,10.477,833984.0
2019-07-17,10.555,10.845,10.535,10.755,1112413.0
2019-07-18,11.045,11.105,10.825,11.025,1214705.0
2019-07-19,11.015,11.085,10.855,10.925,807450.0
2019-07-22,10.985,11.315,10.925,11.025,1143906.0
2019-07-23,11.115,11.245,10.815,10.915,868763.0
2019-07-24,11.055,11.365,11.005,11.235,875179.0
2019-07-25,11.285,11.415,11.215,11.305,639094.0
2019-07-26,11.295,11.965,11.265,11.965,1281840.0
2019-07-29,11.965,12.005,11.535,11.655,1006461.0
2019-07-30,11.715,11.765,11.575,11.625,602291.0
2019-07-31,11.605,11.635,11.365,11.435,625004.0
2019-08-01,11.445,11.605,11.275,11.505,680977.0
2019-08-02,11.165,11.405,11.015,11.245,816931.0
2019-08-05,11.185,11.295,10.895,10.905,654426.0
2019-08-06,10.655,11.125,10.355,10.875,1018121.0
2019-08-07,10.975,11.165,10.865,10.895,514635.0
2019-08-08,11.075,11.125,10.675,10.875,523880.0
2019-08-09,10.975,11.105,10.795,10.795,518012.0
2019-08-12,10.775,11.035,10.495,11.025,495546.0
2019-08-13,10.885,10.905,10.505,10.575,779506.0
2019-08-14,10.815,10.855,10.355,10.425,966596.0
2019-08-15,10.135,10.645,10.055,10.615,715681.0
2019-08-16,10.605,10.745,10.545,10.575,487445.0
2019-08-19,10.785,10.965,10.575,10.875,717897.0
2019-08-20,10.875,11.335,10.825,11.265,910690.0
2019-08-21,11.215,11.235,10.935,10.975,679769.0
2019-08-22,11.015,11.055,10.595,10.715,722771.0
2019-08-23,10.915,11.555,10.865,11.425,1463461.0
2019-08-26,11.115,11.305,10.945,11.095,803158.0
2019-08-27,11.175,11.295,11.025,11.145,967180.0
2019-08-28,11.145,11.145,10.785,10.875,827266.0
2019-08-29,10.895,11.015,10.695,10.775,707252.0
2019-08-30,10.925,11.075,10.635,10.785,765083.0
2019-09-02,10.825,11.115,10.755,11.045,808718.0
2019-09-03,11.045,11.045,10.715,10.905,825315.0
2019-09-04,10.875,11.205,10.815,11.165,838012.0
2019-09-05,11.425,12.245,11.425,11.915,2157787.0
2019-09-06,11.915,12.115,11.785,12.065,1035156.0
2019-09-09,12.295,12.445,12.045,12.185,1049220.0
2019-09-10,12.185,12.185,11.935,11.985,575159.0
2019-09-11,12.045,12.155,11.775,11.915,653959.0
2019-09-12,11.915,12.085,11.885,12.065,516991.0
2019-09-16,12.105,12.165,11.785,11.895,536293.0
2019-09-17,11.815,11.845,11.485,11.635,629224.0
2019-09-18,11.715,11.755,11.565,11.715,421320.0
2019-09-19,11.745,11.775,11.515,11.755,450035.0
2019-09-20,11.795,12.265,11.775,12.135,1045236.0
2019-09-23,12.015,12.035,11.625,11.755,620263.0
2019-09-24,11.575,11.765,11.395,11.655,526433.0
2019-09-25,11.585,11.795,11.475,11.715,447068.0
2019-09-26,11.715,12.065,11.675,11.705,760307.0
2019-09-27,11.755,11.865,11.495,11.725,389975.0
2019-09-30,11.695,11.835,11.545,11.595,329784.0
2019-10-08,11.555,11.995,11.555,11.865,549269.0
2019-10-09,11.805,11.815,11.565,11.705,432112.0
2019-10-10,11.715,11.795,11.515,11.735,365681.0
2019-10-11,11.735,12.175,11.655,12.065,809237.0
2019-10-14,12.165,12.245,11.935,12.085,717911.0
2019-10-15,12.075,12.415,11.925,12.325,730382.0
2019-10-16,12.415,12.465,12.085,12.185,639781.0
2019-10-17,12.145,12.275,11.965,12.105,424010.0
2019-10-18,12.085,12.155,11.645,11.725,551136.0
2019-10-21,11.705,11.855,11.575,11.775,360558.0
2019-10-22,11.795,11.835,11.675,11.815,252952.0
2019-10-23,11.855,11.855,11.525,11.585,366711.0
2019-10-24,11.585,11.605,11.235,11.325,680804.0
2019-10-25,11.375,11.395,11.105,11.385,560531.0
2019-10-28,11.375,11.495,11.185,11.255,656720.0
2019-10-29,11.255,11.365,11.145,11.175,393969.0
2019-10-30,11.015,11.275,10.525,11.225,961688.0
2019-10-31,11.275,11.315,10.695,10.785,806024.0
2019-11-01,10.785,11.325,10.715,11.215,874202.0
2019-11-04,11.275,11.455,11.165,11.405,794533.0
2019-11-05,11.395,11.615,11.365,11.445,777778.0
2019-11-06,11.515,11.535,11.125,11.185,585312.0
2019-11-07,11.345,11.455,11.245,11.415,515428.0
2019-11-08,11.515,11.675,11.385,11.405,618538.0
2019-11-11,11.375,11.465,11.105,11.215,554963.0
2019-11-12,11.115,11.535,11.115,11.245,704902.0
2019-11-13,11.235,11.325,11.065,11.275,418085.0
2019-11-14,11.355,11.415,11.255,11.385,474772.0
2019-11-15,11.445,11.465,11.155,11.205,407271.0
2019-11-18,11.275,11.525,11.215,11.505,588220.0
2019-11-19,11.415,12.095,11.415,11.965,1076687.0
2019-11-20,11.945,12.075,11.845,11.895,517426.0
2019-11-21,11.815,11.935,11.655,11.915,423691.0
2019-11-22,11.945,12.095,11.725,11.785,492162.0
2019-11-25,11.775,12.305,11.765,12.225,890677.0
2019-11-26,12.255,12.305,12.055,12.255,658346.0
2019-11-27,12.205,12.385,12.075,12.205,520106.0
2019-11-28,12.225,12.275,12.045,12.155,298845.0
2019-11-29,12.125,12.155,11.675,11.795,597432.0
2019-12-02,11.855,12.305,11.855,12.235,707699.0
2019-12-03,12.175,12.355,12.025,12.355,597177.0
2019-12-04,12.245,12.365,12.085,12.125,454410.0
2019-12-05,12.155,12.645,12.095,12.605,973782.0
2019-12-06,12.665,12.935,12.645,12.885,821077.0
2019-12-09,13.045,13.105,12.795,12.865,538205.0
2019-12-10,12.905,13.395,12.825,13.395,779400.0
2019-12-11,13.495,13.665,13.235,13.385,718694.0
2019-12-12,13.045,13.235,12.715,12.925,1090337.0
2019-12-13,13.015,13.415,12.815,13.045,1010931.0
2019-12-16,13.065,13.105,12.645,12.895,861210.0
2019-12-17,12.915,13.065,12.675,12.965,860475.0
2019-12-18,12.965,13.395,12.845,13.165,909979.0
2019-12-19,13.085,13.145,12.815,12.965,533387.0
2019-12-20,12.925,12.995,12.745,12.805,442418.0
2019-12-23,12.925,13.395,12.925,13.005,1021454.0
2019-12-24,13.015,13.355,13.015,13.245,540018.0
2019-12-25,13.375,13.875,13.255,13.865,904901.0
2019-12-26,13.885,14.145,13.645,13.895,859276.0
2019-12-27,13.855,14.095,13.745,13.965,680892.0
2019-12-30,14.065,14.185,13.715,14.095,716469.0
2019-12-31,14.145,14.665,14.115,14.365,864382.0
2020-01-02,14.605,15.265,14.605,15.265,1252622.0
2020-01-03,15.195,15.235,14.985,15.065,574810.0
2020-01-06,15.015,15.175,14.155,14.485,1190170.0
2020-01-07,14.515,14.725,14.295,14.505,912931.0
2020-01-08,14.415,14.505,14.175,14.205,705015.0
2020-01-09,14.495,14.555,14.065,14.395,728314.0
2020-01-10,14.425,14.695,14.215,14.595,655436.0
2020-01-13,14.595,14.595,14.115,14.365,855088.0
2020-01-14,14.315,14.555,14.245,14.285,618436.0
2020-01-15,14.275,14.375,14.075,14.245,482490.0
2020-01-16,14.195,14.415,14.165,14.295,444744.0
2020-01-17,14.295,14.375,14.095,14.195,549844.0
2020-01-20,14.415,14.635,14.215,14.565,751434.0
2020-01-21,14.595,14.685,13.205,13.835,1463486.0
2020-01-22,13.615,14.275,13.395,14.215,891454.0
2020-01-23,14.035,14.165,13.145,13.345,1009767.0
2020-02-03,11.745,12.185,11.745,11.745,1624903.0
2020-02-04,11.705,12.775,11.705,12.715,1492089.0
2020-02-05,13.085,13.395,12.815,12.905,1094286.0
2020-02-06,13.215,13.355,12.795,13.315,865673.0
2020-02-07,13.195,13.335,12.835,13.105,883301.0
2020-02-10,12.975,13.815,12.745,13.765,1360783.0
2020-02-11,13.645,14.165,13.585,13.865,902552.0
2020-02-12,13.865,14.015,13.725,13.905,756440.0
2020-02-13,13.945,14.145,13.835,14.105,772920.0
2020-02-14,14.015,14.215,13.885,14.115,564026.0
2020-02-17,14.065,14.505,14.015,14.495,719905.0
2020-02-18,14.515,14.525,14.085,14.295,669849.0
2020-02-19,14.235,14.265,14.045,14.055,511876.0
2020-02-20,14.045,14.315,13.835,14.315,830469.0
2020-02-21,14.265,14.645,14.145,14.535,856679.0
2020-02-24,14.615,14.865,14.425,14.595,802053.0
2020-02-25,14.215,14.385,13.755,14.145,952158.0
2020-02-26,13.915,14.645,13.645,14.215,1027939.0
2020-02-27,14.375,15.135,14.325,15.015,1419386.0
2020-02-28,14.685,15.405,14.405,14.745,1416578.0
2020-03-02,14.835,16.415,14.835,16.255,1987410.0
2020-03-03,16.615,16.735,15.365,15.795,1882703.0
2020-03-04,15.625,16.215,15.485,16.135,1103691.0
2020-03-05,16.185,16.595,15.895,16.165,1016021.0
2020-03-06,15.865,15.915,15.415,15.565,847608.0
2020-03-09,15.215,15.555,14.835,14.855,842668.0
2020-03-10,14.565,15.415,14.555,15.205,734368.0
2020-03-11,15.315,15.355,14.685,14.725,621752.0
2020-03-12,14.415,14.705,14.135,14.315,687928.0
2020-03-13,13.495,14.615,13.355,14.075,1118069.0
2020-03-16,14.315,14.345,12.705,12.875,1365812.0
2020-03-17,12.825,13.445,12.385,13.235,1294079.0
2020-03-18,13.365,13.875,12.665,12.705,1268343.0
2020-03-19,12.705,13.105,11.905,12.335,1857022.0
2020-03-20,12.585,13.415,12.425,13.215,1621515.0
2020-03-23,12.695,13.575,12.495,13.285,1433476.0
2020-03-24,13.685,14.085,13.625,14.035,1236428.0
2020-03-25,14.665,14.715,13.925,14.315,1090488.0
2020-03-26,14.115,14.615,13.955,14.115,553463.0
2020-03-27,14.365,14.865,14.245,14.565,869676.0
2020-03-30,14.415,15.045,14.325,14.925,946335.0
2020-03-31,15.145,15.305,14.575,14.615,726172.0
2020-04-01,14.665,15.015,14.405,14.815,677165.0
2020-04-02,14.615,14.865,14.345,14.845,648220.0
2020-04-03,14.915,15.315,14.845,15.195,684121.0
2020-04-07,16.085,16.405,15.735,16.315,1468799.0
2020-04-08,16.265,16.475,16.015,16.215,578733.0
2020-04-09,16.315,16.415,15.895,16.195,492734.0
2020-04-10,16.315,16.925,16.265,16.385,818170.0
2020-04-13,16.885,17.615,16.495,17.135,1249240.0
2020-04-14,17.315,17.355,16.815,17.135,873913.0
2020-04-15,17.155,17.195,16.325,16.525,925896.0
2020-04-16,16.345,16.755,16.135,16.475,693147.0
2020-04-17,16.675,17.235,16.495,16.915,787245.0
2020-04-20,17.115,17.595,16.745,16.945,783297.0
2020-04-21,16.775,16.975,16.545,16.815,458672.0
2020-04-22,16.615,16.895,16.465,16.815,491439.0
2020-04-23,16.915,16.915,16.415,16.425,575562.0
2020-04-24,16.585,16.915,16.425,16.515,529127.0
2020-04-27,16.815,16.865,16.235,16.685,607375.0
2020-04-28,16.795,17.125,16.515,17.095,671563.0
2020-04-29,16.215,16.895,16.065,16.785,720573.0
2020-04-30,16.765,17.175,16.765,16.965,489739.0
2020-05-06,16.915,17.695,16.815,17.535,711132.0
2020-05-07,17.465,17.665,17.365,17.605,435899.0
2020-05-08,17.655,18.145,17.515,17.705,668443.0
2020-05-11,17.775,18.255,17.695,17.835,592394.0
2020-05-12,17.875,18.345,17.655,17.875,579586.0
2020-05-13,17.415,17.645,17.195,17.625,701477.0
2020-05-14,17.445,17.515,17.225,17.345,379912.0
2020-05-15,17.375,17.465,16.445,16.625,1051721.0
2020-05-18,16.995,17.195,16.715,17.135,610027.0
2020-05-19,17.145,17.595,17.125,17.325,559684.0
2020-05-20,17.415,17.465,16.645,16.835,718738.0
2020-05-21,17.065,17.065,16.115,16.275,813759.0
2020-05-22,16.115,16.245,15.665,16.035,686736.0
2020-05-25,16.155,16.455,15.725,16.455,663496.0
2020-05-26,16.475,16.745,16.125,16.415,590264.0
2020-05-27,16.425,16.435,15.605,15.725,788032.0
2020-05-28,15.545,15.965,15.485,15.665,567018.0
2020-05-29,15.655,15.855,15.525,15.645,493770.0
2020-06-01,15.965,16.285,15.745,16.145,713878.0
2020-06-02,16.185,16.295,15.875,15.945,679616.0
2020-06-03,15.955,16.665,15.955,16.225,962965.0
2020-06-04,16.345,16.425,16.025,16.295,465080.0
2020-06-05,16.315,16.365,15.755,16.105,647325.0
2020-06-08,16.365,16.675,16.185,16.275,647520.0
2020-06-09,16.465,16.665,16.125,16.555,679350.0
2020-06-10,16.485,16.755,16.385,16.665,613612.0
2020-06-11,16.665,17.275,16.485,17.015,979883.0
2020-06-12,16.655,16.875,16.515,16.815,658810.0
2020-06-15,16.615,17.115,16.515,16.675,658140.0
2020-06-16,16.825,17.165,16.795,16.905,558843.0
2020-06-17,16.815,16.865,16.345,16.555,714692.0
2020-06-18,16.515,16.655,16.295,16.565,601030.0
2020-06-19,16.365,16.625,16.325,16.515,740994.0
2020-06-22,16.465,16.465,15.765,15.915,1335199.0
2020-06-23,15.925,15.925,15.495,15.745,1044211.0
2020-06-24,15.815,16.035,15.765,15.845,814086.0
2020-06-29,15.705,16.005,15.485,15.955,863324.0
2020-06-30,16.065,16.215,16.015,16.075,496290.0
2020-07-01,16.085,16.855,16.085,16.695,1061603.0
2020-07-02,16.695,17.615,16.655,17.535,1562526.0
2020-07-03,17.685,18.195,17.435,17.745,1175785.0
2020-07-06,17.875,19.125,17.875,18.415,1350595.0
2020-07-07,18.815,19.105,18.055,18.165,1280994.0
2020-07-08,18.145,18.165,17.665,17.955,1196256.0
2020-07-09,18.015,18.275,17.625,18.275,1301956.0
2020-07-10,18.235,18.475,17.655,17.755,1039102.0
2020-07-13,17.815,18.915,17.785,18.915,1506125.0
2020-07-14,18.915,18.915,17.975,18.335,1109439.0
2020-07-15,18.815,19.375,18.615,18.785,1446882.0
2020-07-16,18.815,19.295,17.715,17.765,1139628.0
2020-07-17,17.805,18.465,17.615,18.165,814126.0
2020-07-20,18.465,20.155,18.315,20.065,1759486.0
2020-07-21,20.105,20.305,19.545,20.175,1030077.0
2020-07-22,20.182,20.282,19.342,19.522,1350300.0
2020-07-23,19.312,19.702,18.732,19.532,946981.0
2020-07-24,19.852,19.912,18.402,18.832,1056436.0
2020-07-27,18.832,19.332,18.632,18.862,599077.0
2020-07-28,19.032,19.102,18.532,18.752,661063.0
2020-07-29,18.732,19.162,18.332,19.152,675959.0
2020-07-30,19.142,19.722,18.972,19.042,658904.0
2020-07-31,18.782,19.322,18.582,18.842,864492.0
2020-08-03,18.832,19.492,18.782,19.232,1082578.0
2020-08-04,19.232,19.582,19.092,19.542,865797.0
2020-08-05,19.542,19.572,18.742,19.042,1026937.0
2020-08-06,19.042,19.092,18.422,18.702,815159.0
2020-08-07,18.732,19.172,18.652,18.902,719796.0
2020-08-10,18.792,19.032,18.462,18.782,597944.0
2020-08-11,18.892,19.182,18.592,18.592,610290.0
2020-08-12,18.632,18.632,17.582,18.042,915424.0
2020-08-13,18.132,18.192,17.892,17.962,376900.0
2020-08-14,17.932,18.182,17.632,18.132,614042.0
2020-08-17,18.182,19.132,18.182,19.032,952736.0
2020-08-18,19.032,19.072,18.792,18.922,387062.0
2020-08-19,18.922,19.482,18.902,18.992,728041.0
2020-08-20,18.932,19.572,18.802,19.042,596337.0
2020-08-21,19.182,19.272,18.582,18.832,467556.0
2020-08-24,18.842,19.922,18.722,19.712,1295135.0
2020-08-25,19.932,20.322,19.612,20.152,859928.0
2020-08-26,20.152,20.582,19.732,19.982,740500.0
2020-08-27,20.292,20.632,20.032,20.412,871875.0
2020-08-28,18.972,20.262,18.972,20.082,1227941.0
2020-08-31,20.302,20.882,19.862,19.872,751450.0
2020-09-01,20.062,20.132,19.682,19.932,424245.0
2020-09-02,20.312,21.082,20.022,20.942,999767.0
2020-09-03,21.332,22.122,21.032,21.512,1134896.0
2020-09-04,20.992,21.432,20.632,20.912,745188.0
2020-09-07,20.992,21.032,19.882,20.142,744516.0
2020-09-08,20.332,21.112,20.162,21.112,741715.0
2020-09-09,20.752,20.762,19.802,20.122,788891.0
2020-09-10,20.302,20.932,20.282,20.592,734639.0
2020-09-11,20.472,20.922,20.132,20.802,475510.0
2020-09-14,21.032,21.232,20.462,20.672,605914.0
2020-09-15,20.652,21.832,20.402,21.752,910781.0
2020-09-16,21.632,22.432,21.532,21.782,816551.0
2020-09-17,21.632,22.922,21.542,22.792,1133604.0
2020-09-18,22.602,23.182,22.242,22.932,862339.0
2020-09-21,22.902,23.492,22.732,22.952,615524.0
2020-09-22,22.532,22.912,22.232,22.462,599195.0
2020-09-23,22.632,23.132,22.492,22.732,473584.0
2020-09-24,22.432,22.662,22.142,22.342,388594.0
2020-09-25,22.482,22.552,21.652,22.012,448398.0
2020-09-28,22.352,22.852,22.262,22.482,532916.0
2020-09-29,22.532,22.672,22.182,22.472,354185.0
2020-09-30,22.472,22.812,22.352,22.622,491498.0
2020-10-09,23.252,23.812,23.122,23.312,675648.0
2020-10-12,23.312,25.362,23.312,25.172,1046216.0
2020-10-13,25.172,26.072,24.712,25.382,606788.0
2020-10-14,25.302,25.842,25.032,25.242,730056.0
2020-10-15,25.532,25.852,24.982,25.202,585319.0
2020-10-16,25.032,25.632,24.732,25.022,543640.0
2020-10-19,25.232,25.382,24.562,24.722,511624.0
2020-10-20,24.722,24.902,24.402,24.892,501106.0
2020-10-21,24.942,25.082,24.482,24.852,414174.0
2020-10-22,24.582,24.602,23.632,24.262,757878.0
2020-10-23,24.072,24.182,22.102,22.512,1374695.0
2020-10-26,21.732,23.022,21.432,22.782,701945.0
2020-10-27,22.872,23.052,22.532,23.052,563291.0
2020-10-28,23.052,23.522,22.772,23.072,490379.0
2020-10-29,22.732,23.932,22.562,23.852,603649.0
2020-10-30,23.612,24.712,23.452,23.682,804182.0
2020-11-02,24.452,24.482,23.582,23.932,538941.0
2020-11-03,23.932,24.022,22.712,23.002,1113469.0
2020-11-04,22.932,23.482,22.742,23.412,611433.0
2020-11-05,23.462,24.602,23.462,24.472,779839.0
2020-11-06,24.712,25.302,24.332,25.222,763066.0
2020-11-09,25.532,25.872,24.622,25.272,856249.0
2020-11-10,25.712,25.712,24.642,25.052,558824.0
2020-11-11,25.062,26.592,24.942,26.042,1015374.0
2020-11-12,26.042,26.612,25.642,26.432,718595.0
2020-11-13,26.012,26.232,25.332,25.892,674807.0
2020-11-16,26.132,26.432,25.752,26.032,587131.0
2020-11-17,26.032,26.502,25.582,25.992,576259.0
2020-11-18,25.932,26.062,25.082,25.232,655156.0
2020-11-19,25.252,25.832,24.752,25.622,473829.0
2020-11-20,25.732,26.812,25.632,26.652,803185.0
2020-11-23,26.812,28.312,26.812,27.832,975521.0
2020-11-24,27.482,27.902,27.332,27.842,510406.0
2020-11-25,27.602,27.892,26.932,27.052,479353.0
2020-11-26,27.012,27.422,26.512,27.342,521332.0
2020-11-27,27.382,28.842,27.372,28.842,1167367.0
2020-11-30,28.812,29.422,28.352,28.442,987541.0
2020-12-01,28.562,29.962,28.452,29.962,920980.0
2020-12-02,29.962,30.572,29.512,30.122,867102.0
2020-12-03,29.752,29.952,29.022,29.392,670902.0
2020-12-04,29.232,29.802,28.912,29.782,583231.0
2020-12-07,29.982,30.372,29.262,29.662,529457.0
2020-12-08,29.582,30.032,29.112,29.212,530555.0
2020-12-09,29.232,29.322,28.512,28.542,622512.0
2020-12-10,28.662,29.012,28.282,28.582,447498.0
2020-12-11,28.652,29.582,28.492,29.232,716270.0
2020-12-14,28.842,29.162,28.332,29.042,628369.0
2020-12-15,29.262,29.842,28.732,29.262,760452.0
2020-12-16,29.132,30.222,28.932,30.062,747973.0
2020-12-17,29.932,30.182,29.442,30.102,622379.0
2020-12-18,29.912,30.102,29.242,29.292,678282.0
2020-12-21,29.132,29.132,28.312,28.732,807549.0
2020-12-22,28.732,29.842,28.542,29.032,739694.0
2020-12-23,29.232,30.442,29.052,30.252,882038.0
2020-12-24,30.532,31.102,30.052,30.412,707390.0
2020-12-25,30.602,31.472,30.352,31.442,631014.0
2020-12-28,31.532,32.132,31.152,31.682,667544.0
2020-12-29,31.532,31.652,30.842,31.202,524753.0
2020-12-30,31.112,32.232,30.992,32.182,638564.0
2020-12-31,32.232,32.892,32.002,32.712,619459.0
2021-01-04,32.982,33.742,32.132,32.532,1027586.0
2021-01-05,32.242,34.532,32.032,34.282,1072169.0
2021-01-06,34.312,35.192,33.732,34.692,1097482.0
2021-01-07,35.232,38.392,35.012,38.122,1401786.0
2021-01-08,38.122,39.112,36.742,38.102,1459535.0
2021-01-11,38.032,41.792,37.732,39.612,1423882.0
2021-01-12,38.742,43.432,38.742,43.432,1608950.0
2021-01-13,43.432,46.632,40.732,41.932,2631426.0
2021-01-14,41.612,42.632,38.332,39.032,2382252.0
2021-01-15,39.032,39.902,37.172,39.172,1754349.0
2021-01-18,39.182,39.882,37.492,39.382,1213881.0
2021-01-19,38.742,39.312,36.752,37.032,1684572.0
2021-01-20,37.032,38.182,37.032,37.582,1098107.0
2021-01-21,38.152,39.532,38.152,39.532,1379488.0
2021-01-22,39.452,39.452,38.142,39.032,1124267.0
2021-01-25,38.732,41.582,37.512,41.232,1759796.0
2021-01-26,40.512,40.672,38.912,39.202,1219118.0
2021-01-27,38.732,40.302,38.542,40.132,1122315.0
2021-01-28,38.522,39.542,37.892,38.092,986387.0
2021-01-29,38.872,39.122,37.532,38.192,883512.0
2021-02-01,37.832,39.702,37.112,39.452,958694.0
2021-02-02,39.932,40.712,39.522,39.912,1046126.0
2021-02-03,39.762,41.472,39.592,41.172,1287816.0
2021-02-04,40.542,40.932,39.032,40.052,1105930.0
2021-02-05,40.172,41.122,39.132,39.312,1069659.0
2021-02-08,39.632,43.232,39.622,42.702,1632426.0
2021-02-09,43.022,45.982,42.342,44.572,1591840.0
2021-02-10,44.812,46.532,43.542,45.662,1196678.0
2021-02-18,47.502,48.032,44.632,44.882,1302040.0
2021-02-19,44.792,45.262,41.222,42.702,1760578.0
2021-02-22,42.532,43.112,40.842,41.012,1394753.0
2021-02-23,40.932,43.292,40.732,42.132,1301483.0
2021-02-24,42.732,43.312,40.112,40.582,1529867.0
2021-02-25,40.872,41.702,39.212,40.882,1300729.0
2021-02-26,38.732,39.832,38.342,38.842,1213316.0
2021-03-01,39.532,41.982,39.102,41.982,1303574.0
2021-03-02,42.512,43.092,40.912,41.232,1074164.0
2021-03-03,40.732,41.132,39.792,40.982,882803.0
2021-03-04,40.652,40.722,38.232,38.722,1303711.0
2021-03-05,37.112,39.502,36.752,38.842,861337.0
2021-03-08,38.732,40.282,37.122,37.442,1164057.0
2021-03-09,36.962,37.132,33.642,34.622,2076560.0
2021-03-10,35.752,36.222,34.972,35.582,1169066.0
2021-03-11,35.632,36.812,35.482,35.882,1032286.0
2021-03-12,36.082,36.382,34.392,35.502,1006360.0
2021-03-15,35.202,35.232,33.322,33.612,1126098.0
2021-03-16,33.602,34.122,32.312,32.932,1370828.0
2021-03-17,33.432,34.412,32.802,34.062,1123186.0
2021-03-18,34.312,35.032,34.142,34.732,838626.0
2021-03-19,33.742,34.492,33.452,33.762,960953.0
2021-03-22,34.492,36.112,34.082,34.542,1104057.0
2021-03-23,34.562,34.692,32.922,33.512,764081.0
2021-03-24,33.252,33.482,31.492,31.722,1275561.0
2021-03-25,31.232,32.012,30.912,31.732,722168.0
2021-03-26,32.212,33.732,32.052,33.412,1139709.0
2021-03-29,33.542,34.082,32.902,33.592,733154.0
2021-03-30,34.232,35.112,33.752,34.762,959958.0
2021-03-31,34.592,34.592,31.632,31.882,2502768.0
2021-04-01,31.452,32.892,31.382,32.632,1145615.0
2021-04-02,32.752,33.532,32.282,33.002,851963.0
2021-04-06,33.002,33.612,32.312,32.632,767974.0
2021-04-07,32.462,32.782,31.842,32.672,823204.0
2021-04-08,33.012,33.012,32.042,32.112,726080.0
2021-04-09,32.532,32.582,30.912,31.132,1088923.0
2021-04-12,31.142,31.232,28.612,28.942,2234661.0
2021-04-13,29.032,29.612,28.702,29.052,969220.0
2021-04-14,29.272,29.522,29.002,29.262,757668.0
2021-04-15,29.132,29.432,28.092,29.372,977149.0
2021-04-16,30.232,30.402,29.162,29.572,992834.0
2021-04-19,29.582,30.732,28.752,30.632,1342117.0
2021-04-20,30.302,30.522,29.742,30.062,1037919.0
2021-04-21,29.722,29.832,28.952,29.632,897972.0
2021-04-22,29.552,29.902,29.212,29.402,734374.0
2021-04-23,29.402,30.922,29.362,30.662,1590716.0
2021-04-26,30.672,31.082,29.432,29.582,1362623.0
2021-04-27,29.282,29.382,28.552,29.092,995982.0
2021-04-28,29.332,29.482,28.762,29.252,842659.0
2021-04-29,29.412,29.522,28.892,29.442,832734.0
2021-04-30,29.562,29.602,28.312,28.612,1351859.0
2021-05-06,29.012,29.032,27.662,27.912,1264653.0
2021-05-07,28.392,28.902,27.962,28.042,1085275.0
2021-05-10,27.752,28.082,26.732,27.422,1358521.0
2021-05-11,27.062,27.182,25.912,26.732,1740507.0
2021-05-12,26.262,26.862,26.112,26.472,1210064.0
2021-05-13,25.992,26.262,25.302,25.382,1884648.0
2021-05-14,25.382,26.932,25.142,26.812,2129888.0
2021-05-17,26.832,28.032,26.402,27.602,2060582.0
2021-05-18,27.582,27.582,26.942,27.352,946794.0
2021-05-19,27.232,28.072,26.892,27.412,1239399.0
2021-05-20,27.652,28.212,27.292,27.442,1176337.0
2021-05-21,27.232,27.262,26.472,26.622,1298775.0
2021-05-24,26.582,27.482,26.032,27.432,1395485.0
2021-05-25,27.282,27.702,26.642,27.532,1814636.0
2021-05-26,27.832,29.012,27.802,28.032,2502348.0
2021-05-27,27.712,28.892,27.442,28.762,2200433.0
2021-05-28,28.832,29.012,28.032,28.232,1727863.0
2021-05-31,28.282,28.392,27.482,28.022,1526015.0
2021-06-01,27.852,29.352,27.672,29.352,2430240.0
2021-06-02,29.532,29.982,28.732,28.852,1800864.0
2021-06-03,28.852,29.052,28.342,28.582,1140391.0
2021-06-04,28.292,28.482,27.792,28.082,1543476.0
2021-06-07,27.932,28.382,27.732,27.892,1156198.0
2021-06-08,27.932,28.232,27.752,28.182,1019923.0
2021-06-09,28.032,28.172,27.792,27.852,756662.0
2021-06-10,27.832,28.232,27.022,27.052,1810843.0
2021-06-11,26.732,26.732,25.732,26.022,2410423.0
2021-06-15,25.992,25.992,25.132,25.832,1272157.0
2021-06-16,25.968,25.968,25.198,25.248,1099464.0
2021-06-17,25.248,25.708,24.978,25.408,942490.0
2021-06-18,25.478,25.698,24.708,25.698,1525635.0
2021-06-21,25.628,25.628,25.178,25.368,871096.0
2021-06-22,25.318,26.918,25.278,26.568,2062829.0
2021-06-23,26.568,26.708,25.928,26.428,1296483.0
2021-06-24,26.438,26.678,26.038,26.538,904460.0
2021-06-25,26.588,27.628,26.408,27.438,1786651.0
2021-06-28,27.488,27.558,26.828,27.118,1250108.0
2021-06-29,26.938,27.008,26.178,26.198,1264965.0
2021-06-30,26.228,27.498,26.228,27.398,1768529.0
2021-07-01,27.558,27.838,26.628,26.718,1269384.0
2021-07-02,26.428,26.428,25.288,25.368,1809101.0
2021-07-05,25.298,25.298,24.048,24.448,1985415.0
2021-07-06,24.178,24.738,24.178,24.568,1110952.0
2021-07-07,24.338,24.918,24.338,24.528,1177822.0
2021-07-08,24.598,24.788,23.558,23.648,1980843.0
2021-07-09,23.488,24.178,23.188,24.028,1248699.0
2021-07-12,24.128,24.648,23.928,23.998,1379851.0
2021-07-13,23.978,24.608,23.748,24.508,1337637.0
2021-07-14,24.368,24.378,23.578,23.668,1330578.0
2021-07-15,23.668,23.988,23.168,23.888,1372563.0
2021-07-16,23.578,23.628,23.268,23.368,1202296.0
2021-07-19,23.128,23.778,22.338,23.668,2254369.0
2021-07-20,23.308,24.648,23.058,24.358,2246203.0
2021-07-21,24.458,24.808,24.048,24.138,1661989.0
2021-07-22,24.128,26.228,24.038,25.978,3456840.0
2021-07-23,26.048,26.918,25.658,25.698,2504615.0
2021-07-26,25.478,25.608,24.658,24.828,1753586.0
2021-07-27,25.108,25.288,23.378,23.428,1807432.0
2021-07-28,23.258,23.708,22.848,23.268,1140379.0
2021-07-29,23.678,24.148,23.338,23.908,1222298.0
2021-07-30,23.568,23.578,22.928,23.148,1201516.0
2021-08-02,23.168,25.628,22.778,25.628,2327437.0
2021-08-03,26.328,28.058,25.938,27.088,5106277.0
2021-08-04,27.508,29.258,27.488,28.578,4315913.0
2021-08-05,28.708,29.128,27.828,28.408,2666830.0
2021-08-06,28.328,28.998,27.958,28.278,2165325.0
2021-08-09,28.228,30.328,27.888,29.768,3598695.0
2021-08-10,29.628,30.118,28.778,29.928,2601925.0
2021-08-11,30.508,31.398,29.328,29.428,2442119.0
2021-08-12,29.528,29.818,28.438,28.788,2110759.0
2021-08-13,28.788,29.478,28.588,29.158,1589002.0
2021-08-16,29.208,29.228,27.578,27.658,2424888.0
2021-08-17,27.628,28.178,26.818,27.178,2023962.0
2021-08-18,27.188,27.648,26.668,27.478,1656175.0
2021-08-19,27.028,27.088,26.198,26.588,1918406.0
2021-08-20,26.188,26.928,26.028,26.368,1430835.0
2021-08-23,26.378,27.228,26.158,27.208,1826688.0
2021-08-24,27.198,27.198,26.278,26.378,2143199.0
2021-08-25,26.128,26.128,25.128,25.148,2859889.0
2021-08-26,24.988,25.528,24.908,25.368,1733393.0
2021-08-27,24.998,25.928,24.628,25.628,1827000.0
2021-08-30,24.828,24.988,23.838,24.078,3243518.0
2021-08-31,24.158,24.788,24.158,24.558,1928700.0
2021-09-01,24.578,27.178,23.978,27.178,4445395.0
2021-09-02,27.428,27.538,26.268,26.848,3263300.0
2021-09-03,26.378,26.828,25.978,26.458,1965786.0
2021-09-06,26.668,28.258,26.428,27.578,2953188.0
2021-09-07,27.478,27.518,27.038,27.448,1832883.0
2021-09-08,27.328,27.328,26.588,26.648,1860417.0
2021-09-09,26.418,27.298,26.328,26.618,1429617.0
2021-09-10,26.628,27.078,26.138,26.638,1463076.0
2021-09-13,26.598,26.598,25.668,25.848,1648828.0
2021-09-14,25.778,26.238,25.228,25.338,1329839.0
2021-09-15,25.178,25.188,24.628,24.908,1502058.0
2021-09-16,24.638,25.188,24.628,25.108,1381320.0
2021-09-17,25.008,25.008,24.458,24.758,974255.0
2021-09-22,24.318,24.548,23.858,24.178,1280598.0
2021-09-23,24.258,25.138,24.258,24.668,1179724.0
2021-09-24,24.548,24.548,24.128,24.208,1013201.0
2021-09-27,24.128,24.128,23.278,23.508,1680431.0
2021-09-28,23.378,23.978,23.338,23.688,921453.0
2021-09-29,23.368,24.028,23.328,23.508,1029996.0
2021-09-30,23.728,24.078,23.588,23.768,904088.0
2021-10-08,23.908,24.618,23.768,24.488,1202751.0
2021-10-11,24.508,24.708,24.208,24.258,850601.0
2021-10-12,24.138,24.228,23.478,23.718,984220.0
2021-10-13,23.588,23.908,23.578,23.758,611173.0
2021-10-14,23.768,24.088,23.708,23.948,674322.0
2021-10-15,23.978,24.018,23.528,23.598,719281.0
2021-10-18,23.608,23.628,22.888,23.148,1108911.0
2021-10-19,23.028,23.688,22.938,23.338,1052836.0
2021-10-20,23.328,23.568,23.028,23.128,899871.0
2021-10-21,23.078,23.178,22.788,22.888,1042760.0
2021-10-22,22.748,23.828,22.748,23.488,1446452.0
2021-10-25,23.308,23.308,22.888,23.198,878759.0
2021-10-26,23.128,23.418,22.858,22.988,900806.0
2021-10-27,22.998,23.068,22.388,22.468,1135294.0
2021-10-28,22.338,22.358,21.178,21.188,1867442.0
2021-10-29,20.768,21.778,20.768,21.288,1328348.0
2021-11-01,21.208,21.628,20.818,21.388,977550.0
2021-11-02,21.398,21.488,20.548,20.738,1275013.0
2021-11-03,20.738,20.908,20.298,20.878,1185375.0
2021-11-04,20.758,21.098,20.578,20.938,928102.0
2021-11-05,20.918,21.528,20.708,21.328,1567988.0
2021-11-08,21.338,21.588,21.058,21.088,824564.0
2021-11-09,20.928,21.008,20.438,20.518,1305078.0
2021-11-10,20.368,20.428,19.838,20.108,1438255.0
2021-11-11,20.068,20.888,19.938,20.888,1687343.0
2021-11-12,20.708,20.718,20.308,20.498,995901.0
2021-11-15,20.598,20.778,20.438,20.518,771862.0
2021-11-16,20.628,20.768,20.328,20.338,758667.0
2021-11-17,20.288,20.488,20.028,20.398,840581.0
2021-11-18,20.328,20.328,20.028,20.048,808603.0
2021-11-19,19.988,20.328,19.738,20.228,1257622.0
2021-11-22,20.228,20.628,20.158,20.378,969523.0
2021-11-23,20.328,21.418,20.248,21.238,2233422.0
2021-11-24,21.328,21.328,20.778,20.888,1209785.0
2021-11-25,20.878,21.218,20.538,21.058,1141548.0
2021-11-26,20.918,21.268,20.768,20.818,905427.0
2021-11-29,20.338,20.498,20.228,20.398,834448.0
2021-11-30,20.398,20.548,20.208,20.228,742530.0
2021-12-01,20.218,20.408,20.138,20.378,583552.0
2021-12-02,20.208,20.918,20.078,20.688,1379479.0
2021-12-03,20.668,20.878,20.388,20.778,997159.0
2021-12-06,20.878,21.378,20.768,21.018,1504016.0
2021-12-07,21.428,22.778,21.238,22.578,3947906.0
2021-12-08,22.338,22.348,21.788,22.078,2632694.0
2021-12-09,21.888,22.478,21.838,22.138,1836729.0
2021-12-10,21.928,22.068,21.468,21.498,1636866.0
2021-12-13,21.988,23.048,21.978,22.448,3438033.0
2021-12-14,22.178,22.318,21.948,22.028,1490330.0
2021-12-15,22.008,22.258,21.928,21.938,902657.0
2021-12-16,21.918,22.228,21.708,22.218,1051962.0
2021-12-17,22.328,22.608,21.868,21.868,1161498.0
2021-12-20,21.828,21.828,21.438,21.478,934363.0
2021-12-21,21.448,21.858,21.428,21.758,695688.0
2021-12-22,21.878,21.878,21.458,21.538,654164.0
2021-12-23,21.558,21.848,21.168,21.848,1014700.0
2021-12-24,21.728,22.098,21.608,21.688,803015.0
2021-12-27,21.688,22.068,21.518,21.838,651199.0
2021-12-28,21.908,22.328,21.908,22.078,887067.0
2021-12-29,22.098,22.188,21.658,21.678,678216.0
2021-12-30,21.548,21.628,21.428,21.468,743898.0
2021-12-31,21.508,21.598,21.048,21.128,977087.0
2022-01-04,21.118,21.218,20.848,21.128,770091.0
2022-01-05,21.138,21.618,20.988,21.408,1275574.0
2022-01-06,21.238,22.428,21.188,22.178,2285160.0
2022-01-07,22.098,23.438,22.078,23.138,3204666.0
2022-01-10,23.528,23.638,22.738,23.188,1600713.0
2022-01-11,23.278,23.478,22.748,22.848,1407033.0
2022-01-12,22.848,22.968,22.348,22.818,1082694.0
2022-01-13,22.748,22.938,22.198,22.248,1053381.0
2022-01-14,22.208,22.208,21.658,21.708,950403.0
2022-01-17,21.638,21.828,21.418,21.748,762110.0
2022-01-18,21.588,22.128,21.408,21.868,1182798.0
2022-01-19,22.098,22.828,22.008,22.678,1967515.0
2022-01-20,22.678,22.928,22.058,22.578,1275798.0
2022-01-21,22.378,22.398,21.428,21.508,1595809.0
2022-01-24,21.278,21.508,20.858,21.078,1016891.0
2022-01-25,20.928,21.178,20.068,20.138,1355528.0
2022-01-26,20.138,20.468,19.798,20.298,836207.0
2022-01-27,20.128,20.198,18.998,19.058,1551518.0
2022-01-28,19.118,19.248,18.348,18.468,1239028.0
2022-02-07,18.868,19.168,18.698,19.068,807591.0
2022-02-08,19.238,19.708,19.088,19.578,960920.0
2022-02-09,19.578,19.578,19.198,19.518,761526.0
2022-02-10,19.538,19.668,19.328,19.538,613222.0
2022-02-11,19.528,19.588,19.048,19.148,797665.0
2022-02-14,18.988,19.188,18.578,18.788,739344.0
2022-02-15,18.728,19.108,18.678,19.078,576762.0
2022-02-16,19.248,19.328,19.008,19.148,502590.0
2022-02-17,19.168,19.218,18.928,19.078,495151.0
2022-02-18,18.878,19.228,18.818,19.218,589974.0
2022-02-21,19.178,19.188,18.958,19.108,554917.0
2022-02-22,18.908,18.928,18.638,18.708,724747.0
2022-02-23,18.708,19.098,18.708,19.078,759202.0
2022-02-24,19.018,19.018,18.408,18.518,941206.0
2022-02-25,18.638,18.808,18.388,18.498,828823.0
2022-02-28,18.478,18.478,17.848,17.938,1484793.0
2022-03-01,17.928,18.088,17.878,18.068,836302.0
2022-03-02,17.928,17.938,17.728,17.828,753204.0
2022-03-03,17.868,17.928,17.718,17.758,716941.0
2022-03-04,17.628,17.628,17.208,17.258,1190481.0
2022-03-07,17.048,17.048,16.388,16.488,1375917.0
2022-03-08,16.428,16.618,15.648,15.988,1358397.0
2022-03-09,16.028,16.118,14.678,15.408,1557047.0
2022-03-10,15.808,15.818,15.498,15.558,1054388.0
2022-03-11,15.218,16.208,14.998,16.198,1422212.0
2022-03-14,15.888,16.348,15.748,15.748,830122.0
2022-03-15,15.638,15.748,14.828,14.828,1065802.0
2022-03-16,15.278,15.598,14.528,15.498,1253954.0
2022-03-17,15.788,16.438,15.648,16.048,1613011.0
2022-03-18,15.928,16.398,15.748,16.278,1259282.0
2022-03-21,16.328,16.398,15.928,16.098,778629.0
2022-03-22,15.958,16.198,15.848,16.048,523797.0
2022-03-23,15.988,16.168,15.928,15.958,538271.0
2022-03-24,15.818,15.878,15.588,15.788,584010.0
2022-03-25,15.788,15.888,15.418,15.428,590868.0
2022-03-28,15.328,15.628,15.058,15.568,594563.0
2022-03-29,15.558,15.578,15.018,15.048,663231.0
2022-03-30,15.208,15.978,15.138,15.958,1310995.0
2022-03-31,15.828,16.128,15.778,15.848,845969.0
2022-04-01,15.708,16.028,15.648,15.878,683773.0
2022-04-06,15.728,16.358,15.588,16.208,1330260.0
2022-04-07,16.028,16.458,15.948,15.988,1286202.0
2022-04-08,16.128,17.758,16.128,17.598,3231222.0
2022-04-11,17.528,17.528,16.838,16.948,1946832.0
2022-04-12,16.818,17.258,16.698,17.108,1272038.0
2022-04-13,16.828,16.828,16.428,16.488,1109104.0
2022-04-14,16.578,17.228,16.548,17.078,1189239.0
2022-04-15,16.828,17.008,16.688,16.758,727624.0
2022-04-18,16.588,16.618,16.278,16.338,706916.0
2022-04-19,16.318,16.568,15.838,16.008,878827.0
2022-04-20,16.078,16.188,15.648,15.708,656637.0
2022-04-21,15.638,15.698,14.988,15.048,999496.0
2022-04-22,14.948,15.318,14.648,15.168,672453.0
2022-04-25,14.328,14.548,13.628,13.648,1354571.0
2022-04-26,13.658,13.788,12.908,12.938,1147581.0
2022-04-27,13.028,14.028,13.028,13.948,1507079.0
2022-04-28,13.948,14.178,13.678,14.108,993750.0
2022-04-29,13.858,15.128,13.638,14.828,1483536.0
2022-05-05,14.828,15.268,14.728,14.928,909265.0
2022-05-06,14.578,14.938,14.378,14.538,676837.0
2022-05-09,14.548,14.688,14.188,14.268,628010.0
2022-05-10,13.988,14.678,13.798,14.528,740531.0
2022-05-11,14.448,14.858,14.448,14.528,873012.0
2022-05-12,14.348,14.588,14.058,14.238,810271.0
2022-05-13,14.418,14.828,14.258,14.328,1211160.0
2022-05-16,14.788,15.128,14.508,14.568,1485487.0
2022-05-17,14.528,14.718,14.298,14.658,856112.0
2022-05-18,14.688,14.718,14.428,14.428,724652.0
2022-05-19,14.128,14.248,13.918,14.238,892186.0
2022-05-20,14.288,15.028,14.268,14.918,1648919.0
2022-05-23,15.048,15.058,14.638,14.728,869327.0
2022-05-24,14.738,14.908,14.298,14.298,841399.0
2022-05-25,14.228,14.608,14.138,14.588,701537.0
2022-05-26,14.698,15.628,14.678,15.418,2024953.0
2022-05-27,15.548,15.578,15.188,15.308,1146041.0
2022-05-30,15.428,15.498,14.988,15.118,868690.0
2022-05-31,15.128,15.278,14.938,15.278,1049631.0
2022-06-01,15.188,15.378,14.988,15.128,873361.0
2022-06-02,15.198,15.388,15.128,15.278,709835.0
2022-06-06,15.278,15.758,15.128,15.708,1158658.0
2022-06-07,15.698,16.128,15.648,15.838,1222140.0
2022-06-08,15.828,15.978,15.488,15.678,789635.0
2022-06-09,15.698,16.098,15.528,15.738,898972.0
2022-06-10,15.675,15.675,15.225,15.585,1090578.0
2022-06-13,15.365,16.575,15.285,16.355,1931600.0
2022-06-14,16.225,17.085,16.095,17.015,1508095.0
2022-06-15,17.085,17.725,17.045,17.075,2252962.0
2022-06-16,17.075,17.415,16.575,16.695,1233670.0
2022-06-17,16.485,16.975,16.295,16.765,1091038.0
2022-06-20,16.785,17.485,16.545,17.355,1285642.0
2022-06-21,17.275,17.525,16.995,17.355,1068434.0
2022-06-22,17.415,17.455,16.775,16.785,784997.0
2022-06-23,16.785,17.055,16.725,17.035,630356.0
2022-06-24,17.025,17.045,16.615,16.885,1040727.0
2022-06-27,16.815,17.495,16.795,17.345,1291019.0
2022-06-28,17.355,17.495,17.205,17.405,657876.0
2022-06-29,17.335,17.835,17.165,17.175,1022353.0
2022-06-30,17.135,17.965,17.095,17.835,1410606.0
2022-07-01,18.075,19.155,18.075,18.615,2157111.0
2022-07-04,18.945,18.945,18.465,18.605,1094727.0
2022-07-05,18.615,18.615,17.875,18.175,1216378.0
2022-07-06,18.085,18.085,17.275,17.455,1282730.0
2022-07-07,17.485,17.885,17.275,17.695,751131.0
2022-07-08,17.685,18.255,17.685,17.785,732291.0
2022-07-11,17.785,18.075,17.425,17.625,628798.0
2022-07-12,17.495,18.005,17.485,17.635,573693.0
2022-07-13,17.825,18.425,17.575,18.095,1053031.0
2022-07-14,17.865,17.965,17.585,17.705,790311.0
2022-07-15,17.355,17.355,16.275,16.435,1861513.0
2022-07-18,16.515,17.565,16.445,17.525,1236003.0
2022-07-19,17.655,17.715,17.035,17.165,718040.0
2022-07-20,17.185,17.265,16.905,16.985,514077.0
2022-07-21,16.985,17.045,16.695,16.695,555148.0
2022-07-22,16.675,17.045,16.455,16.685,550021.0
2022-07-25,16.775,16.965,16.495,16.605,494974.0
2022-07-26,16.605,16.935,16.555,16.875,448008.0
2022-07-27,16.865,16.865,16.515,16.605,436712.0
2022-07-28,16.665,16.725,16.465,16.485,599127.0
2022-07-29,16.545,16.565,15.695,15.815,1319746.0
2022-08-01,15.775,15.865,15.455,15.825,596430.0
2022-08-02,15.675,15.675,14.885,15.185,941884.0
2022-08-03,15.255,15.545,14.845,14.895,681360.0
2022-08-04,15.025,15.255,14.905,15.085,474372.0
2022-08-05,15.105,15.275,14.995,15.275,482725.0
2022-08-08,15.225,15.455,15.185,15.375,400825.0
2022-08-09,15.395,15.425,15.175,15.235,304263.0
2022-08-10,15.185,15.235,14.845,14.925,623295.0
2022-08-11,14.945,15.565,14.945,15.525,860581.0
2022-08-12,15.475,15.665,15.405,15.575,519039.0
2022-08-15,15.545,15.645,15.275,15.425,428291.0
2022-08-16,15.425,15.545,15.315,15.375,335704.0
2022-08-17,15.395,15.525,15.125,15.425,474369.0
2022-08-18,15.395,15.395,15.135,15.155,416012.0
2022-08-19,15.125,15.325,15.025,15.035,401416.0
2022-08-22,14.955,15.145,14.925,15.065,378158.0
2022-08-23,15.065,15.065,14.775,14.845,620105.0
2022-08-24,14.845,14.905,14.175,14.235,1187476.0
2022-08-25,14.325,14.405,14.025,14.375,754719.0
2022-08-26,14.385,14.505,14.245,14.295,441728.0
2022-08-29,14.045,14.405,13.985,14.335,435088.0
2022-08-30,14.335,14.615,14.305,14.355,417095.0
2022-08-31,14.225,14.635,14.125,14.525,631434.0
2022-09-01,14.525,14.845,14.455,14.625,673591.0
2022-09-02,14.605,14.655,14.265,14.385,454176.0
2022-09-05,14.325,14.355,14.035,14.225,450280.0
2022-09-06,14.265,14.545,14.265,14.505,485887.0
2022-09-07,14.445,14.525,14.305,14.375,336876.0
2022-09-08,14.425,14.605,14.405,14.525,409789.0
2022-09-09,14.525,15.085,14.435,15.035,1056494.0
2022-09-13,14.955,15.235,14.925,15.075,597398.0
2022-09-14,14.845,15.025,14.785,14.925,442310.0
2022-09-15,14.955,15.215,14.775,14.975,582445.0
2022-09-16,14.945,14.965,14.375,14.375,644052.0
2022-09-19,14.335,14.335,13.625,13.745,872137.0
2022-09-20,13.795,13.855,13.675,13.735,475431.0
2022-09-21,13.725,13.985,13.475,13.835,620203.0
2022-09-22,13.715,13.785,13.415,13.465,574250.0
2022-09-23,13.475,13.555,13.025,13.195,632601.0
2022-09-26,13.165,13.195,12.755,12.825,757125.0
2022-09-27,12.825,13.155,12.785,13.145,518193.0
2022-09-28,13.145,13.245,12.865,12.865,399408.0
2022-09-29,12.985,13.035,12.485,12.625,616356.0
2022-09-30,12.635,12.845,12.625,12.655,452527.0
2022-10-10,12.655,12.875,12.435,12.465,407553.0
2022-10-11,12.465,12.505,12.195,12.385,341081.0
2022-10-12,12.485,13.325,12.325,13.275,836901.0
2022-10-13,13.205,13.305,13.015,13.225,483019.0
2022-10-14,13.275,13.665,13.235,13.435,605013.0
2022-10-17,13.355,13.805,13.265,13.775,627288.0
2022-10-18,13.795,13.855,13.495,13.555,479996.0
2022-10-19,13.555,13.665,13.335,13.405,398842.0
2022-10-20,13.295,13.575,13.225,13.335,349701.0
2022-10-21,13.425,13.675,13.245,13.265,458860.0
2022-10-24,13.285,13.725,12.835,12.925,779585.0
2022-10-25,12.975,13.485,12.975,13.185,780904.0
2022-10-26,13.275,13.615,13.275,13.485,555923.0
2022-10-27,13.575,13.725,13.425,13.595,557332.0
2022-10-28,13.475,13.595,13.075,13.135,564593.0
2022-10-31,12.765,12.765,12.075,12.275,1195599.0
2022-11-01,12.315,13.625,12.205,13.625,1542831.0
2022-11-02,13.655,14.255,13.535,13.935,1535249.0
2022-11-03,13.775,14.155,13.745,13.985,774584.0
2022-11-04,13.965,14.325,13.885,14.135,845752.0
2022-11-07,14.075,14.165,13.925,14.045,530235.0
2022-11-08,14.035,14.165,13.675,13.815,607529.0
2022-11-09,13.825,13.995,13.775,13.825,374293.0
2022-11-10,13.795,13.805,13.585,13.735,399156.0
2022-11-11,14.085,14.985,13.905,14.675,1724799.0
2022-11-14,15.075,15.225,14.555,14.635,1352011.0
2022-11-15,14.635,14.905,14.485,14.845,727732.0
2022-11-16,14.775,14.775,14.435,14.535,615170.0
2022-11-17,14.385,14.535,14.305,14.485,430612.0
2022-11-18,14.485,14.615,14.175,14.255,574943.0
2022-11-21,14.155,14.165,13.955,14.155,415199.0
2022-11-22,14.185,14.495,14.105,14.235,549685.0
2022-11-23,14.095,14.565,14.095,14.245,608285.0
2022-11-24,14.315,14.745,14.305,14.355,747439.0
2022-11-25,14.335,14.745,14.245,14.675,837104.0
2022-11-28,14.375,14.395,13.855,14.105,728037.0
2022-11-29,14.375,14.975,14.375,14.965,1553313.0
2022-11-30,14.985,14.985,14.555,14.685,742105.0
2022-12-01,15.075,15.135,14.655,14.695,738429.0
2022-12-02,14.585,14.635,14.435,14.475,607371.0
2022-12-05,14.585,15.105,14.575,15.095,1185226.0
2022-12-06,14.935,15.195,14.875,15.015,669075.0
2022-12-07,14.975,14.975,14.695,14.815,583623.0
2022-12-08,14.915,14.915,14.745,14.825,461200.0
2022-12-09,14.905,15.815,14.855,15.685,1942469.0
2022-12-12,15.615,15.795,15.315,15.395,948258.0
2022-12-13,15.305,15.525,15.215,15.345,583521.0
2022-12-14,15.265,15.845,15.235,15.555,1007021.0
2022-12-15,15.485,15.725,15.225,15.325,558028.0
2022-12-16,15.145,15.755,15.145,15.485,690852.0
2022-12-19,15.425,15.615,15.075,15.165,619131.0
2022-12-20,15.145,15.195,14.445,14.575,845660.0
2022-12-21,14.565,15.105,14.535,14.765,569438.0
2022-12-22,14.985,15.245,14.885,14.985,488863.0
2022-12-23,14.885,15.155,14.765,14.915,371593.0
2022-12-26,14.915,15.005,14.645,14.985,401719.0
2022-12-27,15.135,15.175,14.875,14.955,328299.0
2022-12-28,14.965,14.965,14.555,14.615,430871.0
2022-12-29,14.475,14.525,14.275,14.435,556120.0
2022-12-30,14.475,14.905,14.475,14.575,432576.0
2023-01-03,14.575,14.615,14.285,14.575,445067.0
2023-01-04,14.575,15.025,14.495,14.825,759048.0
2023-01-05,14.895,15.155,14.835,15.115,604805.0
2023-01-06,15.055,15.305,14.985,15.275,586023.0
2023-01-09,15.335,15.815,15.285,15.725,1249265.0
2023-01-10,15.705,15.775,15.575,15.655,499625.0
2023-01-11,15.535,15.715,15.455,15.495,522237.0
2023-01-12,15.535,15.585,15.295,15.525,456836.0
2023-01-13,15.545,15.795,15.445,15.795,629384.0
2023-01-16,15.835,16.095,15.585,15.795,962549.0
2023-01-17,15.825,16.075,15.745,15.955,545002.0
2023-01-18,15.975,16.205,15.795,15.875,527486.0
2023-01-19,15.785,15.945,15.655,15.895,548601.0
2023-01-20,15.895,16.165,15.875,16.045,468945.0
2023-01-30,16.275,16.365,15.975,16.035,631917.0
2023-01-31,16.005,16.365,15.905,16.295,812980.0
2023-02-01,16.315,16.345,15.685,16.005,1089034.0
2023-02-02,15.965,16.005,15.745,15.765,649914.0
2023-02-03,15.675,15.685,15.265,15.435,940483.0
2023-02-06,15.285,15.535,15.195,15.255,548198.0
2023-02-07,15.325,15.395,15.185,15.295,501503.0
2023-02-08,15.285,15.335,15.205,15.225,313096.0
2023-02-09,15.265,15.415,15.175,15.415,540917.0
2023-02-10,15.415,15.495,15.235,15.305,485651.0
2023-02-13,15.435,16.955,15.395,16.955,3588879.0
2023-02-14,16.875,17.245,16.685,17.115,2025144.0
2023-02-15,17.125,17.175,16.865,17.005,887425.0
2023-02-16,16.985,17.065,16.395,16.595,1013492.0
2023-02-17,16.585,17.105,16.585,16.805,1210902.0
2023-02-20,17.165,18.425,17.105,18.335,2433212.0
2023-02-21,18.315,18.385,17.845,18.035,1391611.0
2023-02-22,18.175,18.505,17.975,18.115,883144.0
2023-02-23,18.115,18.175,17.775,17.925,675700.0
2023-02-24,18.035,18.075,17.165,17.435,1302536.0
2023-02-27,17.275,17.745,17.265,17.535,857609.0
2023-02-28,17.585,17.735,17.175,17.505,740317.0
2023-03-01,17.535,18.075,17.345,18.045,1187692.0
2023-03-02,17.985,18.225,17.925,18.075,781248.0
2023-03-03,18.075,18.205,17.905,18.065,512808.0
2023-03-06,17.775,17.875,17.285,17.315,1356592.0
2023-03-07,17.305,17.495,16.955,16.985,766773.0
2023-03-08,16.875,17.225,16.775,17.055,499761.0
2023-03-09,17.055,17.145,16.585,16.725,637604.0
2023-03-10,16.615,16.885,16.475,16.555,452220.0
2023-03-13,16.605,17.145,16.605,16.705,743431.0
2023-03-14,16.695,16.695,16.045,16.205,769726.0
2023-03-15,16.315,16.445,16.195,16.325,594676.0
2023-03-16,16.255,16.455,16.095,16.145,513321.0
2023-03-17,16.345,16.545,16.165,16.245,702792.0
2023-03-20,16.245,16.735,15.885,15.995,837222.0
2023-03-21,15.995,16.125,15.855,16.075,509764.0
2023-03-22,16.225,16.325,16.065,16.215,465564.0
2023-03-23,16.175,16.235,15.905,16.155,536712.0
2023-03-24,16.155,16.155,15.425,15.715,1068993.0
2023-03-27,15.715,15.715,15.315,15.585,756367.0
2023-03-28,15.605,15.795,15.495,15.545,504371.0
2023-03-29,15.625,15.975,15.515,15.885,652224.0
2023-03-30,15.915,16.155,15.685,15.985,625322.0
2023-03-31,16.035,16.125,15.815,15.865,547220.0
2023-04-03,15.905,16.625,15.905,16.465,1035884.0
2023-04-04,16.405,16.575,16.285,16.475,550101.0
2023-04-06,16.475,16.615,16.285,16.385,487995.0
2023-04-07,16.385,16.475,16.155,16.175,501278.0
2023-04-10,16.195,16.245,15.755,15.805,850318.0
2023-04-11,15.835,16.325,15.685,16.295,904570.0
2023-04-12,16.305,16.395,16.125,16.165,459162.0
2023-04-13,16.145,16.305,15.785,15.845,748430.0
2023-04-14,15.875,15.945,15.735,15.765,429286.0
2023-04-17,15.775,16.215,15.745,16.095,639093.0
2023-04-18,16.135,16.185,15.905,16.065,474728.0
2023-04-19,16.075,16.115,15.695,15.785,593403.0
2023-04-20,15.765,15.945,15.575,15.675,555026.0
2023-04-21,15.585,15.925,15.335,15.375,595313.0
2023-04-24,15.385,15.435,14.685,14.775,973014.0
2023-04-25,14.875,14.975,14.595,14.945,684727.0
2023-04-26,14.965,15.025,14.705,14.805,473179.0
2023-04-27,14.815,15.035,14.715,14.995,518734.0
2023-04-28,15.025,15.285,14.935,15.265,492214.0
2023-05-04,15.215,15.275,15.055,15.105,484544.0
2023-05-05,15.105,15.185,14.835,15.015,428689.0
2023-05-08,15.015,15.235,14.955,15.115,405906.0
2023-05-09,15.125,15.355,14.955,14.975,578283.0
2023-05-10,14.985,15.055,14.885,15.005,319491.0
2023-05-11,14.995,15.025,14.855,14.865,368918.0
2023-05-12,14.865,14.885,14.445,14.485,655742.0
2023-05-15,14.495,14.915,14.295,14.895,489089.0
2023-05-16,14.935,15.045,14.725,14.795,352630.0
2023-05-17,14.765,15.155,14.735,14.975,448723.0
2023-05-18,14.975,15.055,14.755,14.835,302478.0
2023-05-19,14.785,14.825,14.535,14.615,423881.0
2023-05-22,14.615,15.055,14.555,14.865,403205.0
2023-05-23,14.865,14.905,14.655,14.655,273186.0
2023-05-24,14.565,14.575,14.295,14.315,417644.0
2023-05-25,14.295,14.365,13.885,14.065,622634.0
2023-05-26,14.065,14.095,13.855,13.965,323811.0
2023-05-29,13.965,14.045,13.885,13.905,303841.0
2023-05-30,13.865,13.975,13.485,13.825,626741.0
2023-05-31,13.825,13.965,13.555,13.615,598729.0
2023-06-01,13.615,14.025,13.615,13.865,493509.0
2023-06-02,13.905,14.285,13.865,14.205,495219.0
2023-06-05,14.205,14.285,14.035,14.075,300530.0
2023-06-06,14.135,14.435,14.015,14.015,456009.0
2023-06-07,13.945,14.155,13.805,13.915,402853.0
2023-06-08,13.935,14.645,13.915,14.625,933331.0
2023-06-09,14.615,14.725,14.425,14.425,431581.0
2023-06-12,14.405,14.765,14.335,14.645,418050.0
2023-06-13,14.645,14.785,14.515,14.615,309589.0
2023-06-14,14.685,15.265,14.685,15.175,1212219.0
2023-06-15,15.145,15.925,15.115,15.855,1405705.0
2023-06-16,16.015,16.265,15.875,15.985,1397689.0
2023-06-19,16.175,16.185,15.765,15.785,858364.0
2023-06-20,15.815,15.935,15.655,15.765,588028.0
2023-06-21,15.695,15.845,15.515,15.515,396230.0
2023-06-26,15.435,15.605,15.235,15.285,589040.0
2023-06-27,15.285,15.545,15.265,15.495,452398.0
2023-06-28,15.435,15.565,15.285,15.465,297026.0
2023-06-29,15.485,15.535,15.285,15.345,252817.0
2023-06-30,15.285,15.645,15.285,15.565,439391.0
2023-07-03,15.725,15.865,15.475,15.535,506861.0
2023-07-04,15.535,15.845,15.465,15.585,393741.0
2023-07-05,15.545,15.745,15.435,15.615,297613.0
2023-07-06,15.545,15.785,15.405,15.455,378056.0
2023-07-07,15.345,15.555,15.305,15.475,250456.0
2023-07-10,15.435,15.675,15.435,15.565,275620.0
2023-07-11,15.565,15.795,15.445,15.645,279592.0
2023-07-12,15.645,15.985,15.515,15.545,505714.0
2023-07-13,15.645,15.745,15.455,15.625,333825.0
2023-07-14,15.635,16.155,15.535,16.105,976068.0
2023-07-17,16.015,16.115,15.825,16.095,413906.0
2023-07-18,16.095,16.395,16.025,16.215,566780.0
2023-07-19,16.205,16.325,16.065,16.305,365341.0
2023-07-20,16.305,16.685,16.185,16.195,685002.0
2023-07-21,16.135,16.635,15.985,16.355,723920.0
2023-07-24,16.415,16.515,16.015,16.065,423873.0
2023-07-25,16.215,16.735,16.215,16.615,694790.0
2023-07-26,16.615,16.645,16.215,16.245,462490.0
2023-07-27,16.245,16.375,15.955,16.005,490392.0
2023-07-28,15.935,16.635,15.915,16.495,854251.0
2023-07-31,16.565,16.965,16.555,16.685,694177.0
2023-08-01,16.585,16.645,16.115,16.205,613938.0
2023-08-02,16.295,16.575,16.295,16.345,383509.0
2023-08-03,16.245,16.505,16.105,16.495,443011.0
2023-08-04,16.685,16.815,16.395,16.435,451869.0
2023-08-07,16.385,16.435,16.215,16.325,365441.0
2023-08-08,16.325,16.325,15.795,15.975,646311.0
2023-08-09,15.915,15.915,15.335,15.415,1072097.0
2023-08-10,15.435,15.515,15.365,15.435,445548.0
2023-08-11,15.435,15.485,14.825,14.835,817055.0
2023-08-14,14.695,14.865,14.585,14.795,456627.0
2023-08-15,14.815,14.935,14.545,14.715,379659.0
2023-08-16,14.635,14.965,14.615,14.735,430119.0
2023-08-17,14.675,15.075,14.665,15.015,455952.0
2023-08-18,15.005,15.035,14.675,14.685,354476.0
2023-08-21,14.645,14.805,14.525,14.525,274679.0
2023-08-22,14.585,14.785,14.355,14.615,362958.0
2023-08-23,14.615,14.625,14.165,14.185,342170.0
2023-08-24,14.195,14.295,14.035,14.055,520845.0
2023-08-25,14.035,14.285,13.965,14.105,341430.0
2023-08-28,14.895,14.985,14.395,14.505,650783.0
2023-08-29,14.445,14.605,14.255,14.465,495739.0
2023-08-30,14.465,14.635,14.345,14.405,369386.0
2023-08-31,14.685,15.005,14.385,14.425,833704.0
2023-09-01,14.485,14.985,14.485,14.885,865654.0
2023-09-04,15.055,16.085,15.045,16.005,1790365.0
2023-09-05,15.985,16.025,15.775,15.925,765230.0
2023-09-06,15.885,15.905,15.585,15.715,442136.0
2023-09-07,15.705,15.855,15.545,15.685,492613.0
2023-09-08,15.635,15.635,15.425,15.495,306265.0
2023-09-11,15.615,15.755,15.435,15.635,374072.0
2023-09-12,15.585,15.685,15.485,15.555,285234.0
2023-09-13,15.635,15.685,15.335,15.435,323277.0
2023-09-14,15.435,15.485,15.345,15.475,258450.0
2023-09-15,15.485,15.575,15.275,15.315,338384.0
2023-09-18,15.275,15.425,15.195,15.255,219607.0
2023-09-19,15.255,15.315,15.075,15.235,310789.0
2023-09-20,15.215,15.215,14.835,14.985,490735.0
2023-09-21,14.945,15.065,14.825,14.945,353132.0
2023-09-22,15.015,15.365,14.845,15.315,553686.0
2023-09-25,15.315,15.385,15.025,15.035,454436.0
2023-09-26,15.005,15.225,14.995,15.095,220316.0
2023-09-27,15.035,15.175,14.895,14.955,361714.0
2023-09-28,15.025,15.035,14.725,14.825,334635.0
2023-10-09,14.805,15.025,14.755,14.815,364058.0
2023-10-10,14.835,14.895,14.205,14.235,902846.0
2023-10-11,14.255,14.345,14.135,14.145,506029.0
2023-10-12,14.255,14.365,14.155,14.355,453037.0
2023-10-13,14.245,14.265,14.145,14.255,351504.0
2023-10-16,14.265,14.285,13.955,13.995,427759.0
2023-10-17,14.035,14.075,13.935,14.015,253684.0
2023-10-18,13.995,14.015,13.815,13.845,317829.0
2023-10-19,13.815,13.815,13.535,13.555,503966.0
2023-10-20,13.495,13.525,13.345,13.385,405191.0
2023-10-23,13.395,13.445,13.025,13.175,405489.0
2023-10-24,13.165,13.295,13.105,13.215,404796.0
2023-10-25,13.695,13.905,13.495,13.535,650655.0
2023-10-26,13.385,13.575,13.305,13.555,301491.0
2023-10-27,13.535,13.895,13.485,13.845,449362.0
2023-10-30,13.825,14.015,13.595,13.965,349678.0
2023-10-31,13.685,13.705,13.295,13.405,831085.0
2023-11-01,13.415,13.455,13.135,13.145,634966.0
2023-11-02,13.145,13.255,12.935,12.975,626526.0
2023-11-03,13.015,13.215,13.015,13.175,438647.0
2023-11-06,13.235,13.415,13.185,13.415,487347.0
2023-11-07,13.405,13.405,13.195,13.315,401070.0
2023-11-08,13.285,13.365,13.205,13.295,372396.0
2023-11-09,13.265,13.315,13.215,13.235,321549.0
2023-11-10,13.195,13.195,13.055,13.105,341405.0
2023-11-13,13.145,13.195,13.055,13.175,391524.0
2023-11-14,13.165,13.235,13.115,13.175,417318.0
2023-11-15,13.285,13.385,13.225,13.275,527973.0
2023-11-16,13.235,13.245,13.095,13.105,376690.0
2023-11-17,13.085,13.155,13.005,13.145,356305.0
2023-11-20,13.105,13.175,13.025,13.125,403495.0
2023-11-21,13.135,13.415,13.135,13.225,703077.0
2023-11-22,13.175,13.185,13.035,13.045,472139.0
2023-11-23,13.055,13.105,12.995,13.105,322062.0
2023-11-24,13.125,13.135,12.995,13.025,288140.0
2023-11-27,12.985,13.005,12.735,12.765,524328.0
2023-11-28,12.755,12.825,12.615,12.805,349614.0
2023-11-29,12.785,12.785,12.565,12.615,400932.0
2023-11-30,12.595,12.665,12.505,12.585,243467.0
2023-12-01,12.615,12.665,12.405,12.655,429593.0
2023-12-04,12.615,12.635,12.455,12.455,335570.0
2023-12-05,12.425,12.425,12.215,12.225,368049.0
2023-12-06,12.215,12.305,12.095,12.235,276176.0
2023-12-07,12.255,12.265,12.055,12.065,371763.0
2023-12-08,12.085,12.155,11.925,11.925,431857.0
2023-12-11,11.785,12.115,11.535,12.005,778066.0
2023-12-12,11.935,12.105,11.845,12.055,353407.0
2023-12-13,12.035,12.045,11.785,11.785,358414.0
2023-12-14,11.815,11.965,11.695,11.705,258662.0
2023-12-15,11.745,11.965,11.705,11.725,359303.0
2023-12-18,11.665,11.775,11.545,11.635,280436.0
2023-12-19,11.605,11.725,11.585,11.695,284282.0
2023-12-20,11.715,11.825,11.675,11.745,376712.0
2023-12-21,11.715,12.135,11.685,12.115,643414.0
2023-12-22,12.105,12.205,11.985,12.045,442749.0
2023-12-25,12.045,12.175,12.025,12.145,276473.0
2023-12-26,12.155,12.175,11.995,12.175,304588.0
2023-12-27,12.185,12.205,11.995,12.175,291991.0
2023-12-28,12.155,12.715,12.075,12.635,757665.0
2023-12-29,12.595,12.775,12.555,12.705,481487.0
2024-01-02,12.725,12.785,12.645,12.695,360391.0
2024-01-03,12.665,12.705,12.465,12.565,388458.0
2024-01-04,12.565,12.635,12.315,12.425,338798.0
2024-01-05,12.425,12.565,12.255,12.345,298889.0
2024-01-08,12.355,12.435,12.115,12.185,397614.0
2024-01-09,12.185,12.255,12.045,12.145,318440.0
2024-01-10,12.115,12.265,12.015,12.165,265291.0
2024-01-11,12.185,12.425,12.075,12.425,420692.0
2024-01-12,12.425,12.435,12.245,12.255,276625.0
2024-01-15,12.215,12.345,12.025,12.215,348193.0
2024-01-16,12.135,12.225,11.995,12.195,411352.0
2024-01-17,12.135,12.165,11.935,11.935,310112.0
2024-01-18,11.905,12.155,11.595,12.135,654582.0
2024-01-19,11.945,12.125,11.905,11.975,419872.0
2024-01-22,11.965,12.065,11.695,11.805,586332.0
2024-01-23,11.795,11.985,11.715,11.885,332049.0
2024-01-24,12.005,12.185,11.745,12.095,537480.0
2024-01-25,12.125,12.435,12.045,12.435,626488.0
2024-01-26,12.345,12.715,12.335,12.595,598852.0
2024-01-29,12.585,12.715,12.425,12.435,377985.0
2024-01-30,12.375,12.425,12.165,12.165,363028.0
2024-01-31,12.105,12.225,11.945,12.005,408691.0
2024-02-01,12.095,12.235,11.935,12.185,365225.0
2024-02-02,12.185,12.405,11.655,12.025,595990.0
2024-02-05,11.895,12.155,11.635,12.055,603932.0
2024-02-06,12.055,12.635,11.955,12.635,751323.0
2024-02-07,12.655,12.735,12.395,12.695,892503.0
2024-02-08,12.755,13.145,12.725,13.105,914131.0
2024-02-19,13.295,13.305,12.945,13.075,654663.0
2024-02-20,13.035,13.065,12.815,12.955,456754.0
2024-02-21,12.915,13.215,12.855,12.955,708061.0
2024-02-22,12.955,13.085,12.905,13.005,401986.0
2024-02-23,13.005,13.025,12.775,12.885,573962.0
2024-02-26,13.145,13.235,12.955,12.995,650704.0
2024-02-27,12.915,12.985,12.805,12.985,545889.0
2024-02-28,12.985,13.085,12.665,12.685,794453.0
2024-02-29,12.635,12.875,12.615,12.875,570261.0
2024-03-01,12.865,12.975,12.775,12.885,534058.0
2024-03-04,12.835,13.045,12.835,12.955,591345.0
2024-03-05,12.945,12.945,12.785,12.905,493747.0
2024-03-06,12.905,13.175,12.845,13.105,690243.0
2024-03-07,13.175,13.375,12.935,13.025,831863.0
2024-03-08,12.955,13.075,12.805,12.905,530693.0
2024-03-11,12.885,12.895,12.795,12.885,580827.0
2024-03-12,12.875,13.085,12.755,13.045,848287.0
2024-03-13,13.035,13.035,12.845,12.855,606094.0
2024-03-14,12.845,13.015,12.745,12.815,549460.0
2024-03-15,12.775,12.805,12.595,12.735,541860.0
2024-03-18,12.735,12.915,12.615,12.905,663613.0
2024-03-19,12.885,13.185,12.845,13.085,990591.0
2024-03-20,13.085,13.105,12.905,13.015,466769.0
2024-03-21,13.005,13.065,12.935,13.005,413762.0
2024-03-22,12.965,13.005,12.775,12.885,471582.0
2024-03-25,13.225,13.855,13.185,13.545,2066463.0
2024-03-26,13.555,13.765,13.385,13.685,1071495.0
2024-03-27,13.635,13.815,13.495,13.515,871724.0
2024-03-28,13.435,13.575,13.295,13.385,723349.0
2024-03-29,13.395,13.595,13.305,13.515,475888.0
2024-04-01,13.585,13.935,13.545,13.915,1061937.0
2024-04-02,13.895,14.215,13.805,13.865,776585.0
2024-04-03,13.835,13.855,13.695,13.765,422219.0
2024-04-08,13.695,14.125,13.585,14.015,843316.0
2024-04-09,13.955,14.285,13.935,13.995,721057.0
2024-04-10,14.035,14.485,14.035,14.305,1168690.0
2024-04-11,14.295,15.125,14.205,14.885,1687882.0
2024-04-12,14.935,14.985,14.485,14.555,942944.0
2024-04-15,14.495,14.995,14.455,14.765,1045317.0
2024-04-16,14.655,14.715,14.215,14.245,910466.0
2024-04-17,14.235,15.085,14.115,15.045,1391234.0
2024-04-18,14.865,15.065,14.625,14.665,951782.0
2024-04-19,14.605,14.895,14.545,14.685,545930.0
2024-04-22,14.685,14.695,14.175,14.265,675395.0
2024-04-23,14.165,14.315,13.775,13.885,690320.0
2024-04-24,14.085,14.405,14.085,14.375,718780.0
2024-04-25,14.335,14.555,14.275,14.295,386123.0
2024-04-26,14.295,15.035,14.245,14.975,1136853.0
2024-04-29,14.985,15.105,14.805,15.055,768692.0
2024-04-30,15.005,15.425,14.845,15.245,767606.0
2024-05-06,15.475,15.935,15.415,15.865,1306690.0
2024-05-07,15.785,15.975,15.745,15.805,531055.0
2024-05-08,15.785,15.845,15.545,15.595,449594.0
2024-05-09,15.665,16.405,15.605,16.395,1251879.0
2024-05-10,16.435,16.455,16.155,16.325,567536.0
2024-05-13,16.185,16.505,16.045,16.305,571332.0
2024-05-14,16.295,16.425,15.775,15.865,962238.0
2024-05-15,15.865,16.005,15.705,15.735,478908.0
2024-05-16,15.785,16.135,15.565,15.955,821383.0
2024-05-17,15.905,16.005,15.505,15.985,749973.0
2024-05-20,15.965,15.985,15.635,15.845,579553.0
2024-05-21,15.845,15.965,15.785,15.855,339040.0
2024-05-22,15.855,15.965,15.695,15.865,429681.0
2024-05-23,15.865,15.905,15.565,15.645,428707.0
2024-05-24,15.645,15.965,15.575,15.765,576708.0
2024-05-27,15.765,16.065,15.735,15.965,490352.0
2024-05-28,15.965,15.985,15.345,15.395,797064.0
2024-05-29,15.395,15.435,15.135,15.215,484732.0
2024-05-30,15.195,15.315,15.025,15.165,385781.0
2024-05-31,15.235,15.405,15.105,15.115,375487.0
2024-06-03,15.115,15.185,14.745,14.845,655212.0
2024-06-04,14.845,14.985,14.795,14.845,447745.0
2024-06-05,14.845,14.905,14.655,14.705,370076.0
2024-06-06,14.835,15.235,14.795,15.095,710628.0
2024-06-07,15.125,15.465,15.015,15.105,766496.0
2024-06-11,15.115,15.115,14.685,14.865,440590.0
2024-06-12,14.815,15.085,14.705,15.005,563963.0
2024-06-13,14.925,14.945,14.445,14.505,678733.0
2024-06-14,14.445,14.685,14.395,14.615,374378.0
2024-06-17,14.565,14.655,14.485,14.575,298514.0
2024-06-18,14.575,15.125,14.355,14.955,591174.0
2024-06-19,14.885,14.935,14.635,14.755,412765.0
2024-06-20,14.735,15.035,14.555,14.645,431245.0
2024-06-21,14.704,15.234,14.644,15.094,619218.0
2024-06-24,15.094,15.354,15.024,15.134,544571.0
2024-06-25,15.154,15.704,15.154,15.514,1045628.0
2024-06-26,15.534,15.624,15.324,15.564,669452.0
2024-06-27,15.544,15.634,15.414,15.414,510800.0
2024-06-28,15.354,15.774,15.274,15.654,502143.0
2024-07-01,15.614,15.754,15.424,15.584,380058.0
2024-07-02,15.534,15.534,14.654,14.804,1021853.0
2024-07-03,14.714,14.854,14.604,14.754,400547.0
2024-07-04,14.764,15.004,14.674,14.774,317439.0
2024-07-05,14.774,15.044,14.654,14.974,441273.0
2024-07-08,15.064,15.114,14.664,14.714,290464.0
2024-07-09,14.564,14.624,14.034,14.454,773771.0
2024-07-10,14.314,14.714,14.314,14.674,456569.0
2024-07-11,14.754,15.484,14.754,15.474,683970.0
2024-07-12,15.464,15.544,15.324,15.454,332412.0
2024-07-15,15.314,15.634,15.254,15.444,309859.0
2024-07-16,15.444,15.514,15.204,15.414,294069.0
2024-07-17,15.374,15.404,14.994,15.214,392902.0
2024-07-18,15.184,15.534,15.104,15.494,401077.0
2024-07-19,15.454,15.604,15.364,15.554,465650.0
2024-07-22,15.494,15.574,15.284,15.424,373148.0
2024-07-23,15.334,15.404,15.154,15.154,235324.0
2024-07-24,15.124,15.364,14.894,15.134,315576.0
2024-07-25,15.134,15.254,14.804,14.854,328502.0
2024-07-26,14.924,15.404,14.874,15.144,340715.0
2024-07-29,15.134,15.224,14.734,14.764,308398.0
2024-07-30,14.734,14.794,14.614,14.764,238062.0
2024-07-31,14.764,15.344,14.684,15.304,397383.0
2024-08-01,15.244,15.254,14.924,14.934,352759.0
2024-08-02,14.854,15.024,14.764,14.804,215986.0
2024-08-05,14.774,14.954,14.464,14.574,320190.0
2024-08-06,14.654,14.804,14.354,14.614,299268.0
2024-08-07,14.604,14.844,14.424,14.454,264439.0
2024-08-08,14.404,14.544,14.284,14.444,202818.0
2024-08-09,14.514,14.974,14.484,14.564,423858.0
2024-08-12,14.554,14.634,14.374,14.494,161736.0
2024-08-13,14.514,14.564,14.264,14.414,271817.0
2024-08-14,14.404,14.434,14.124,14.144,291458.0
2024-08-15,14.084,14.544,14.004,14.464,334084.0
2024-08-16,14.474,14.544,14.374,14.444,160750.0
2024-08-19,14.414,14.844,14.374,14.774,303939.0
2024-08-20,14.754,14.854,14.634,14.784,234375.0
2024-08-21,14.734,14.854,14.684,14.784,203146.0
2024-08-22,14.744,14.824,14.564,14.704,262694.0
2024-08-23,14.734,15.154,14.674,15.104,405346.0
2024-08-26,15.124,15.284,14.824,15.164,352186.0
2024-08-27,15.224,15.244,15.034,15.204,309613.0
2024-08-28,15.194,15.354,15.094,15.274,260944.0
2024-08-29,15.214,15.274,15.034,15.034,427788.0
2024-08-30,14.914,15.404,14.504,15.274,733719.0
2024-09-02,15.314,15.734,15.274,15.464,629370.0
2024-09-03,15.464,15.634,15.364,15.534,291358.0
2024-09-04,15.604,15.604,15.334,15.504,275799.0
2024-09-05,15.514,15.634,15.384,15.584,263498.0
2024-09-06,15.634,15.744,15.274,15.284,315383.0
2024-09-09,14.924,14.924,14.314,14.394,887768.0
2024-09-10,14.584,14.584,14.224,14.444,435705.0
2024-09-11,14.354,14.754,14.304,14.724,345979.0
2024-09-12,14.654,14.944,14.584,14.654,264821.0
2024-09-13,14.684,14.744,14.384,14.434,361966.0
2024-09-18,14.384,15.054,14.354,14.994,534426.0
2024-09-19,14.984,15.324,14.794,14.834,614496.0
2024-09-20,14.884,15.104,14.714,15.004,398992.0
2024-09-23,14.994,15.464,14.984,15.394,508098.0
2024-09-24,15.524,15.864,15.244,15.824,685346.0
2024-09-25,16.014,16.334,15.784,15.854,719915.0
2024-09-26,15.854,16.344,15.774,16.344,714270.0
2024-09-27,16.644,17.084,16.484,16.974,852418.0
2024-09-30,17.574,18.354,17.174,18.034,2488477.0
2024-10-08,19.914,19.914,18.154,18.574,2542514.0
2024-10-09,18.234,18.234,17.084,17.084,1974257.0
2024-10-10,17.084,18.254,17.084,17.734,1366300.0
2024-10-11,17.554,17.674,16.904,17.064,844159.0
2024-10-14,17.154,17.814,17.154,17.814,1229661.0
2024-10-15,17.824,17.904,17.414,17.434,711404.0
2024-10-16,17.234,17.584,17.174,17.324,628693.0
2024-10-17,17.304,17.474,16.834,16.884,747985.0
2024-10-18,16.814,17.404,16.704,17.154,1044733.0
2024-10-21,17.154,17.304,16.764,16.914,849677.0
2024-10-22,16.904,17.124,16.774,16.954,705700.0
2024-10-23,16.964,17.024,16.804,16.854,682611.0
2024-10-24,16.764,16.764,16.414,16.594,636870.0
2024-10-25,16.614,16.864,16.534,16.604,681192.0
2024-10-28,16.604,16.994,16.434,16.974,813140.0
2024-10-29,17.054,17.104,16.684,16.814,582911.0
2024-10-30,16.714,17.104,16.664,16.664,508975.0
2024-10-31,16.814,17.714,16.814,17.404,1523031.0
2024-11-01,17.364,18.094,17.254,17.894,1458691.0
2024-11-04,17.954,18.024,17.614,17.964,800374.0
2024-11-05,17.994,18.054,17.664,17.994,1011372.0
2024-11-06,18.024,18.274,17.614,17.694,1070595.0
2024-11-07,17.574,17.994,17.514,17.994,821436.0
2024-11-08,18.064,18.194,17.554,17.654,1009751.0
2024-11-11,17.654,17.744,17.254,17.734,811580.0
2024-11-12,17.754,17.984,17.324,17.404,772939.0
2024-11-13,17.344,17.734,17.344,17.684,718481.0
2024-11-14,17.724,18.014,17.514,17.654,937737.0
2024-11-15,17.594,17.854,17.364,17.384,626980.0
2024-11-18,17.394,17.534,16.884,16.984,904453.0
2024-11-19,16.914,17.114,16.774,17.044,501315.0
2024-11-20,17.044,17.074,16.894,17.004,359085.0
2024-11-21,16.954,17.064,16.804,16.894,340333.0
2024-11-22,16.894,17.004,16.424,16.434,533958.0
2024-11-25,16.434,16.854,16.174,16.274,507617.0
2024-11-26,16.314,16.384,16.144,16.204,324948.0
2024-11-27,16.224,16.524,16.124,16.514,405572.0
2024-11-28,16.554,16.604,16.284,16.444,429680.0
2024-11-29,16.484,16.804,16.404,16.634,590494.0
2024-12-02,16.724,16.734,16.394,16.494,805648.0
2024-12-03,16.504,16.544,16.004,16.244,949284.0
2024-12-04,16.184,16.284,16.004,16.064,503938.0
2024-12-05,16.034,16.074,15.834,15.974,526990.0
2024-12-06,15.974,16.154,15.914,16.044,534513.0
2024-12-09,16.054,16.174,15.914,16.014,482585.0
2024-12-10,16.404,16.534,16.044,16.064,791973.0
2024-12-11,16.074,16.154,16.004,16.114,416884.0
2024-12-12,16.064,16.194,15.984,16.174,513952.0
2024-12-13,16.144,16.144,15.684,15.714,796091.0
2024-12-16,15.724,15.824,15.484,15.534,498876.0
2024-12-17,15.554,15.804,15.504,15.654,437311.0
2024-12-18,15.674,15.874,15.554,15.634,492484.0
2024-12-19,15.514,15.674,15.354,15.644,353762.0
2024-12-20,15.644,15.674,15.254,15.274,754343.0
2024-12-23,15.244,15.654,15.234,15.474,726565.0
2024-12-24,15.464,15.634,15.424,15.564,357518.0
2024-12-25,15.574,15.634,15.464,15.554,283884.0
2024-12-26,15.514,15.874,15.504,15.854,594927.0
2024-12-27,15.864,15.924,15.734,15.784,423689.0
2024-12-30,15.754,15.894,15.704,15.834,418518.0
2024-12-31,15.814,15.904,15.634,15.634,515156.0
2025-01-02,15.634,15.634,14.844,14.924,853894.0
2025-01-03,15.004,15.154,14.704,14.754,534034.0
2025-01-06,14.754,14.864,14.574,14.734,454874.0
2025-01-07,14.744,14.794,14.584,14.674,393682.0
2025-01-08,14.724,14.864,14.414,14.724,573355.0
2025-01-09,14.664,14.714,14.474,14.524,357777.0
2025-01-10,14.574,14.864,14.534,14.594,467713.0
2025-01-13,14.544,14.854,14.384,14.464,384318.0
2025-01-14,14.464,15.004,14.454,14.954,590313.0
2025-01-15,14.954,14.954,14.534,14.554,543389.0
2025-01-16,14.644,14.954,14.594,14.694,542228.0
2025-01-17,14.644,14.694,14.464,14.574,426413.0
2025-01-20,14.654,15.214,14.654,15.074,963356.0
2025-01-21,15.204,15.384,15.034,15.364,629239.0
2025-01-22,15.364,15.484,15.154,15.254,479083.0
2025-01-23,15.364,15.414,15.174,15.224,421624.0
2025-01-24,15.214,15.444,15.164,15.354,361406.0
2025-01-27,15.444,15.494,15.254,15.254,302235.0
2025-02-05,15.254,15.324,14.934,14.964,450017.0
2025-02-06,14.944,15.024,14.734,14.914,553645.0
2025-02-07,14.934,15.954,14.794,15.904,1304535.0
2025-02-10,15.864,16.204,15.774,16.144,983276.0
2025-02-11,16.134,16.214,15.994,16.034,492631.0
2025-02-12,15.994,16.274,15.914,16.144,507705.0
2025-02-13,16.154,16.354,16.054,16.114,580843.0
2025-02-14,16.144,16.634,16.134,16.614,1061951.0
2025-02-17,16.604,16.674,16.284,16.514,705109.0
2025-02-18,16.474,16.614,16.084,16.194,703328.0
2025-02-19,16.224,16.724,16.194,16.604,857545.0
2025-02-20,16.634,16.854,16.444,16.804,793702.0
2025-02-21,16.754,16.914,16.394,16.834,979195.0
2025-02-24,16.854,17.104,16.804,16.994,695859.0
2025-02-25,16.874,17.334,16.764,17.054,805857.0
2025-02-26,17.034,17.334,16.884,16.944,661486.0
2025-02-27,16.914,17.284,16.864,17.174,814638.0
2025-02-28,17.084,17.654,17.064,17.354,1371674.0
2025-03-03,17.404,18.534,17.404,17.954,1514307.0
2025-03-04,17.854,18.104,17.674,17.994,695433.0
2025-03-05,18.604,19.154,18.534,18.834,2198570.0
2025-03-06,18.604,18.914,18.354,18.814,1336009.0
2025-03-07,18.794,19.114,18.564,19.014,939235.0
2025-03-10,19.354,19.704,19.154,19.624,2106417.0
2025-03-11,19.424,19.904,19.384,19.694,1278629.0
2025-03-12,19.654,19.884,19.304,19.314,1069073.0
2025-03-13,19.204,19.334,19.004,19.194,925549.0
2025-03-14,19.194,19.734,19.194,19.644,1210653.0
2025-03-17,19.634,19.744,19.344,19.584,1092036.0
2025-03-18,19.634,19.634,18.894,19.074,1121807.0
2025-03-19,18.904,19.244,18.884,19.154,656804.0
2025-03-20,19.454,19.704,18.954,19.004,796322.0
2025-03-21,19.004,19.104,18.694,18.744,541887.0
2025-03-24,18.854,19.294,18.784,19.114,617321.0
2025-03-25,19.154,19.214,18.684,18.714,545098.0
2025-03-26,18.754,18.804,18.204,18.444,751219.0
2025-03-27,18.354,18.484,18.254,18.404,317039.0
2025-03-28,18.434,18.634,18.264,18.404,432752.0
2025-03-31,18.384,18.434,18.084,18.224,404810.0
2025-04-01,18.304,18.354,17.984,18.084,372331.0
2025-04-02,18.044,18.594,18.034,18.514,535948.0
2025-04-03,18.354,18.474,18.044,18.254,411314.0
2025-04-07,17.304,17.604,16.644,17.154,1211638.0
2025-04-08,17.354,17.704,16.954,17.704,1231863.0
2025-04-09,17.544,18.274,17.304,18.274,1088675.0
2025-04-10,18.554,18.564,17.954,18.254,801015.0
2025-04-11,18.064,18.544,18.064,18.464,482424.0
2025-04-14,18.464,18.544,17.964,18.044,659576.0
2025-04-15,18.044,18.134,17.654,18.114,498660.0
2025-04-16,18.104,18.254,17.584,18.254,596409.0
2025-04-17,18.104,18.314,17.984,18.214,433571.0
2025-04-18,18.204,18.384,17.954,18.344,364504.0
2025-04-21,18.234,18.554,18.064,18.384,381040.0
2025-04-22,18.384,18.384,18.094,18.104,330581.0
2025-04-23,18.164,18.794,18.134,18.554,719920.0
2025-04-24,18.574,18.804,18.184,18.204,428222.0
2025-04-25,18.354,18.394,18.114,18.244,294041.0
2025-04-28,18.244,18.534,18.154,18.204,290181.0
2025-04-29,18.114,18.404,18.114,18.344,344705.0
2025-04-30,18.634,18.714,18.034,18.044,704212.0
2025-05-06,18.334,18.904,18.224,18.834,797109.0
2025-05-07,19.254,19.254,18.664,18.844,524204.0
2025-05-08,18.724,18.724,18.504,18.564,416313.0
2025-05-09,18.564,18.954,18.524,18.874,520687.0
2025-05-12,18.934,19.314,18.854,19.154,612425.0
2025-05-13,19.244,19.344,18.964,19.074,442906.0
2025-05-14,19.024,19.024,18.484,18.734,703919.0
2025-05-15,18.684,18.754,18.304,18.354,579660.0
2025-05-16,18.354,18.554,18.274,18.454,307283.0
2025-05-19,18.454,18.574,18.254,18.334,380043.0
2025-05-20,18.344,18.404,18.004,18.134,580140.0
2025-05-21,18.134,18.254,18.084,18.164,352177.0
2025-05-22,18.164,18.384,18.094,18.224,357666.0
2025-05-23,18.284,18.454,18.014,18.064,453619.0
2025-05-26,17.994,18.034,17.654,17.814,491583.0
2025-05-27,17.814,17.854,17.564,17.564,290436.0
2025-05-28,17.624,17.784,17.594,17.654,241774.0
2025-05-29,17.694,18.074,17.664,17.904,394994.0
2025-05-30,17.914,18.034,17.724,17.984,321982.0
2025-06-03,18.284,18.284,17.494,17.574,678244.0
2025-06-04,17.604,17.604,17.364,17.454,455616.0
2025-06-05,17.454,17.494,17.284,17.404,397261.0
2025-06-06,17.454,17.754,17.404,17.624,411019.0
2025-06-09,17.544,17.704,17.454,17.474,493318.0
2025-06-10,17.504,17.674,17.254,17.334,347947.0
2025-06-11,17.492,17.562,17.332,17.422,329088.0
2025-06-12,17.412,17.452,17.232,17.312,261777.0
2025-06-13,17.282,17.382,17.172,17.302,332721.0
2025-06-16,17.282,17.412,17.212,17.322,339137.0
2025-06-17,17.402,17.682,17.392,17.542,462329.0
2025-06-18,17.522,17.612,17.272,17.292,358980.0
2025-06-19,17.302,17.322,16.892,16.952,469444.0
2025-06-20,16.952,17.092,16.832,17.002,222383.0
2025-06-23,16.912,17.212,16.832,17.172,302223.0
2025-06-24,17.202,17.572,17.192,17.512,474206.0
2025-06-25,17.562,17.582,17.372,17.522,432866.0
2025-06-26,17.512,17.642,17.382,17.422,397516.0
2025-06-27,17.342,17.602,17.292,17.442,341347.0
2025-06-30,17.442,17.532,17.392,17.462,263716.0
2025-07-01,17.462,17.472,17.152,17.242,433346.0
2025-07-02,17.312,17.902,17.242,17.712,722439.0
2025-07-03,17.712,17.722,17.582,17.672,300096.0
2025-07-04,17.672,17.812,17.562,17.742,334471.0
2025-07-07,17.762,17.892,17.612,17.862,339773.0
2025-07-08,17.912,18.592,17.872,18.582,1054008.0
2025-07-09,18.502,18.722,18.402,18.622,661952.0
2025-07-10,18.632,18.782,18.432,18.432,636372.0
2025-07-11,18.502,18.612,18.342,18.342,484332.0
2025-07-14,18.342,18.462,18.212,18.252,360943.0
2025-07-15,18.252,18.462,18.242,18.412,432029.0
2025-07-16,18.342,18.402,18.142,18.222,327156.0
2025-07-17,18.202,18.452,18.172,18.352,321020.0
2025-07-18,18.392,18.582,18.222,18.522,416451.0
2025-07-21,19.212,19.312,18.752,19.032,1237333.0
2025-07-22,19.512,20.982,19.512,20.732,3974294.0
2025-07-23,20.912,20.912,19.532,19.602,2676347.0
2025-07-24,19.322,19.992,19.192,19.862,1678671.0
2025-07-25,19.792,19.792,19.312,19.442,1104482.0
2025-07-28,19.372,19.502,19.202,19.482,889361.0
2025-07-29,19.462,19.832,19.312,19.712,945331.0
2025-07-30,19.672,19.952,19.572,19.722,774550.0
2025-07-31,19.712,19.842,19.362,19.452,763117.0
2025-08-01,19.362,19.492,19.212,19.292,458852.0
2025-08-04,19.282,19.412,19.122,19.202,445473.0
2025-08-05,19.192,19.252,19.072,19.152,522180.0
2025-08-06,19.222,19.562,19.152,19.532,644223.0
2025-08-07,19.532,20.012,19.322,19.882,1048649.0
2025-08-08,19.912,20.772,19.912,20.552,1659938.0
2025-08-11,20.542,20.622,20.412,20.512,686486.0
2025-08-12,20.502,20.542,20.322,20.352,482116.0
2025-08-13,20.352,20.522,20.272,20.342,652742.0
2025-08-14,20.342,20.762,20.222,20.412,697077.0
2025-08-15,20.332,20.772,20.172,20.512,725017.0
2025-08-18,20.592,20.612,20.212,20.212,943391.0
2025-08-19,20.232,20.502,19.662,19.732,948609.0
2025-08-20,19.792,20.362,19.712,20.362,780095.0
2025-08-21,20.502,20.652,20.312,20.512,653995.0
2025-08-22,20.912,21.142,20.722,20.812,965285.0
2025-08-25,20.832,21.142,20.732,21.142,962677.0
2025-08-26,21.142,21.222,20.912,21.052,583416.0
2025-08-27,21.012,21.512,20.812,20.812,908664.0
2025-08-28,20.742,20.992,20.392,20.742,805163.0
2025-08-29,20.962,21.132,20.522,20.542,993787.0
2025-09-01,20.712,20.992,20.412,20.672,993754.0
2025-09-02,20.692,20.832,20.222,20.462,654639.0
2025-09-03,20.482,20.892,20.042,20.312,578501.0
2025-09-04,20.172,20.212,19.512,19.782,874029.0
2025-09-05,19.822,20.362,19.722,20.182,644125.0
2025-09-08,20.192,20.512,19.922,20.432,763068.0
2025-09-09,20.392,20.962,20.282,20.792,852322.0
2025-09-10,20.872,20.902,20.572,20.662,397835.0
2025-09-11,20.572,20.722,20.382,20.722,508088.0
2025-09-12,20.842,20.952,20.572,20.632,599221.0
2025-09-15,20.642,20.722,20.062,20.172,703656.0
2025-09-16,20.212,20.352,20.022,20.162,369600.0
2025-09-17,20.072,20.582,20.042,20.482,515530.0
2025-09-18,20.542,20.682,20.172,20.302,575689.0
2025-09-19,20.262,21.452,20.232,21.402,1450108.0
2025-09-22,21.412,21.432,20.872,21.092,646689.0
2025-09-23,21.212,21.292,20.712,21.142,515735.0
2025-09-24,21.062,21.862,20.912,21.762,967411.0
2025-09-25,21.762,21.952,21.452,21.662,575381.0
2025-09-26,21.512,22.132,21.472,21.792,693028.0
2025-09-29,21.862,22.542,21.512,22.482,1109941.0
2025-09-30,22.492,22.992,22.312,22.752,827763.0
2025-10-09,22.522,22.802,22.012,22.752,909112.0
2025-10-10,22.692,23.172,22.392,22.472,822671.0
2025-10-13,21.512,22.492,21.392,22.382,723516.0
2025-10-14,22.512,23.562,22.362,22.552,1040052.0
2025-10-15,22.62,23.58,22.55,23.28,885932.0
2025-10-16,23.29,23.79,23.1,23.39,787069.0
2025-10-17,23.27,23.27,22.25,22.32,759273.0
2025-10-20,22.64,22.89,22.2,22.31,589946.0
2025-10-21,22.41,22.77,22.25,22.65,584955.0
2025-10-22,22.8,23.19,22.61,22.84,715264.0
2025-10-23,22.62,22.65,22.07,22.5,663292.0
2025-10-24,22.55,23.1,22.48,22.73,483274.0
2025-10-27,22.76,23.29,22.19,22.35,1027526.0
2025-10-28,22.32,22.42,21.69,21.77,1315460.0
2025-10-29,21.77,22.0,21.72,21.94,519559.0
2025-10-30,22.1,22.62,22.06,22.33,932833.0
2025-10-31,22.38,22.46,21.96,21.96,712947.0
2025-11-03,22.0,22.18,21.54,21.7,518531.0
2025-11-04,21.62,22.0,21.4,21.53,515388.0
2025-11-05,21.43,21.75,21.13,21.64,486045.0
2025-11-06,21.76,22.0,21.54,21.81,478563.0
2025-11-07,21.84,22.15,21.63,21.95,539448.0
2025-11-10,21.82,21.82,20.67,20.95,1316993.0
2025-11-11,20.97,21.24,20.7,20.73,562580.0
2025-11-12,20.73,20.77,20.43,20.47,441022.0
2025-11-13,20.48,20.75,20.35,20.71,469009.0
2025-11-14,20.7,20.87,20.47,20.48,410212.0
2025-11-17,20.46,20.46,20.18,20.39,435497.0
2025-11-18,20.39,21.1,20.36,20.68,760735.0
2025-11-19,20.82,20.85,20.48,20.59,361003.0
2025-11-20,20.62,20.94,20.62,20.68,376581.0
2025-11-21,20.43,20.52,20.02,20.08,548195.0
2025-11-24,20.35,20.48,20.03,20.33,383776.0
2025-11-25,20.39,20.44,20.2,20.26,420173.0
2025-11-26,20.22,20.86,20.22,20.7,615896.0
2025-11-27,20.62,20.65,19.92,19.95,767004.0
2025-11-28,19.88,20.18,19.77,20.14,422426.0
2025-12-01,20.2,20.2,19.78,19.94,663262.0
2025-12-02,19.93,20.08,19.81,19.98,507928.0
2025-12-03,20.05,20.46,19.92,20.22,633431.0
2025-12-04,20.23,20.81,20.16,20.79,837912.0
2025-12-05,20.76,21.17,20.72,21.12,819260.0
2025-12-08,21.25,21.45,20.85,21.05,652898.0
2025-12-09,20.97,21.25,20.86,21.0,414681.0
2025-12-10,20.99,21.37,20.85,21.29,516531.0
2025-12-11,21.27,21.43,20.85,20.91,501440.0
2025-12-12,21.01,21.21,20.91,21.14,533302.0
2025-12-15,21.13,21.39,20.88,20.89,446771.0
2025-12-16,20.86,20.86,20.44,20.58,420097.0
2025-12-17,20.61,21.01,20.45,20.89,482588.0
2025-12-18,20.72,21.0,20.52,20.82,388530.0
2025-12-19,20.81,21.32,20.77,21.06,522373.0
2025-12-22,21.12,21.2,20.68,20.71,580600.0
2025-12-23,20.67,20.75,20.26,20.5,520129.0
2025-12-24,20.51,20.72,20.38,20.62,316322.0
2025-12-25,20.62,20.68,20.44,20.49,325381.0
2025-12-26,20.45,21.1,20.42,20.99,715799.0
2025-12-29,21.0,21.02,20.47,20.54,650953.0
2025-12-30,20.49,21.17,20.49,20.86,750355.0
2025-12-31,20.93,21.07,20.75,20.95,403597.0
2026-01-05,20.93,21.17,20.83,21.08,775391.0
2026-01-06,21.07,21.82,21.03,21.7,877272.0
2026-01-07,21.7,21.77,21.44,21.55,585280.0
2026-01-08,21.54,21.65,21.13,21.25,517762.0
2026-01-09,21.39,22.2,21.39,22.1,1104155.0
2026-01-12,22.14,22.52,21.88,22.38,934560.0
2026-01-13,22.52,22.77,22.1,22.44,934790.0
2026-01-14,22.44,22.61,21.84,22.06,932308.0
2026-01-15,21.97,22.26,21.87,22.07,570392.0
2026-01-16,22.01,22.36,21.83,21.93,684874.0
2026-01-19,21.8,22.09,21.71,21.92,716854.0
2026-01-20,22.02,22.45,21.95,22.37,1004541.0
2026-01-21,22.35,22.64,22.23,22.4,798546.0
2026-01-22,22.43,22.51,22.17,22.43,642589.0
2026-01-23,22.53,23.05,22.44,22.8,993901.0
2026-01-26,22.85,23.24,22.62,22.87,992022.0
2026-01-27,22.86,23.14,22.5,22.65,766377.0
2026-01-28,22.6,22.6,22.0,22.07,1092572.0
2026-01-29,22.27,22.27,21.57,21.94,957326.0
2026-01-30,21.9,22.08,21.53,21.74,622327.0
2026-02-02,21.85,21.86,21.12,21.2,615282.0
2026-02-03,21.27,22.93,21.26,22.9,1312057.0
2026-02-04,22.73,23.12,22.62,23.08,859733.0
2026-02-05,23.07,23.22,22.84,23.09,682883.0
2026-02-06,22.87,23.11,22.71,22.8,477210.0
2026-02-09,23.2,23.73,23.08,23.4,725567.0
2026-02-10,23.5,23.68,23.16,23.6,603072.0
2026-02-11,23.66,24.08,23.52,23.74,680065.0
2026-02-12,23.81,23.9,23.51,23.78,476175.0
2026-02-13,23.58,23.68,22.89,22.94,591021.0
2026-02-24,23.14,24.03,22.84,23.77,805323.0
2026-02-25,23.77,24.11,23.7,23.8,626306.0
2026-02-26,23.78,23.81,23.07,23.17,557226.0
2026-02-27,23.26,23.41,22.85,22.97,532365.0
2026-03-02,22.82,23.19,22.59,22.79,547966.0
2026-03-03,22.95,23.08,21.82,22.01,871915.0
2026-03-04,21.82,22.14,21.59,21.83,510118.0
2026-03-05,22.08,22.55,21.78,21.9,649321.0
2026-03-06,21.94,22.02,21.63,21.85,659719.0
2026-03-09,21.49,21.5,20.65,21.09,888106.0
2026-03-10,21.47,22.08,21.4,21.88,769124.0
2026-03-11,22.12,22.16,21.56,22.07,637708.0
2026-03-12,21.92,21.96,20.93,21.33,1037123.0
2026-03-13,21.21,21.51,21.09,21.11,568707.0
2026-03-16,21.09,21.11,20.55,20.67,718457.0
2026-03-17,20.81,21.04,20.58,20.58,551206.0
2026-03-18,20.64,20.68,20.09,20.52,638750.0
2026-03-19,20.26,20.28,19.46,19.58,1036471.0
2026-03-20,19.68,19.73,19.25,19.25,622433.0
2026-03-23,18.84,19.03,18.27,18.47,1009949.0
2026-03-24,18.62,19.02,18.54,18.95,699909.0
2026-03-25,19.32,19.68,19.25,19.55,711149.0
2026-03-26,19.52,19.56,18.99,19.08,418748.0
2026-03-27,18.85,19.11,18.79,18.98,553015.0
2026-03-30,18.63,18.82,18.43,18.69,650713.0
2026-03-31,18.82,19.62,18.78,19.04,1229970.0
2026-04-01,19.63,20.15,19.51,20.12,1304141.0
2026-04-02,19.94,20.2,19.67,19.89,686695.0
2026-04-03,19.89,20.16,19.65,19.7,497320.0
2026-04-07,19.74,19.84,19.27,19.34,579245.0
2026-04-08,20.02,20.76,20.02,20.68,1190927.0
2026-04-09,20.52,20.67,20.39,20.48,540802.0
2026-04-10,20.73,20.81,20.46,20.48,539004.0
2026-04-13,20.37,20.55,20.14,20.18,616293.0
2026-04-14,20.4,20.77,20.4,20.68,716221.0
2026-04-15,20.78,20.96,20.46,20.48,618820.0
2026-04-16,20.54,20.78,20.03,20.21,821411.0
2026-04-17,20.29,20.29,19.74,19.98,684374.0
2026-04-20,19.9,19.94,19.53,19.74,712122.0
2026-04-21,19.81,19.94,19.63,19.75,586770.0
2026-04-22,19.76,19.85,19.43,19.6,707756.0
2026-04-23,19.54,19.68,19.34,19.42,549816.0
2026-04-24,19.32,19.48,19.13,19.34,458868.0
2026-04-27,19.41,19.46,19.22,19.32,471768.0
2026-04-28,19.37,20.21,19.31,19.96,1320249.0
2026-04-29,19.89,20.32,19.89,20.32,992099.0
2026-04-30,19.89,20.6,19.8,20.17,1222164.0
2026-05-06,20.42,20.87,20.13,20.73,1494789.0
2026-05-07,20.84,20.92,20.55,20.8,1015329.0
2026-05-08,20.72,20.72,20.13,20.35,1072760.0
2026-05-11,21.22,22.3,21.22,21.66,2357329.0
2026-05-12,21.51,21.61,21.07,21.18,1081556.0
2026-05-13,21.02,21.28,20.85,21.21,861020.0
2026-05-14,21.2,21.37,20.42,20.43,839833.0
2026-05-15,20.42,20.8,20.17,20.28,861001.0
2026-05-18,20.22,20.22,19.03,19.21,1158029.0
2026-05-19,19.34,19.38,18.82,19.13,755237.0
2026-05-20,19.14,19.53,18.81,19.22,719779.0
2026-05-21,19.32,19.83,18.76,18.78,1251117.0
2026-05-22,19.12,19.12,18.62,18.78,672577.0
2026-05-25,18.93,19.26,18.51,18.65,727838.0
2026-05-26,18.6,18.95,18.4,18.7,1111605.0
2026-05-27,18.7,18.7,17.97,18.29,1150939.0
2026-05-28,18.24,18.25,17.47,17.72,1042509.0
2026-05-29,17.71,18.37,17.71,17.76,1341990.0
2026-06-01,17.73,18.05,17.2,17.89,1312840.0
2026-06-02,17.82,18.18,17.48,17.96,885398.0
2026-06-03,17.93,18.15,17.62,17.78,780235.0
2026-06-04,17.72,18.21,17.64,17.96,939873.0
2026-06-05,18.12,18.74,18.02,18.47,1364928.0
2026-06-08,18.82,19.81,18.82,19.33,2301728.0
2026-06-09,19.41,19.75,18.97,19.74,1428996.0
2026-06-10,19.74,19.81,18.5,18.67,1254176.0
2026-06-11,18.43,18.51,17.82,18.04,934074.0
2026-06-12,18.22,19.04,18.22,18.73,1130550.0
2026-06-15,19.14,19.71,18.82,19.01,920637.0
2026-06-16,19.04,19.13,18.41,18.47,902311.0
2026-06-17,18.37,18.75,18.27,18.73,705381.0
2026-06-18,18.63,18.71,18.11,18.19,772658.0
2026-06-22,18.12,18.81,17.73,18.77,1016096.0
2026-06-23,18.7,18.8,17.8,17.87,1007843.0
2026-06-24,17.97,18.0,17.35,17.44,938433.0
2026-06-25,17.42,18.22,17.42,17.57,1012836.0
2026-06-26,17.46,18.01,17.44,17.5,840776.0
2026-06-29,17.43,18.17,16.96,17.84,1130992.0
2026-06-30,17.7,17.95,17.03,17.1,1207975.0
2026-07-01,17.11,17.31,16.5,17.25,1129079.0
2026-07-02,17.03,17.88,17.03,17.59,1355495.0
2026-07-03,17.67,18.49,17.67,18.38,1432175.0
2026-07-06,18.34,18.9,18.22,18.71,1057040.0
2026-07-07,19.12,19.8,19.12,19.26,1682220.0
2026-07-08,19.03,19.22,18.65,18.67,927692.0
2026-07-09,18.54,18.62,17.96,18.39,883328.0
2026-07-10,18.32,19.17,18.17,18.68,804123.0
2026-07-13,18.62,18.8,18.09,18.53,704509.0
2026-07-14,18.41,18.51,17.92,18.45,815430.0
2026-07-15,18.45,19.29,18.36,18.98,813352.0
2026-07-16,19.02,19.21,18.66,18.77,706612.0
2026-07-17,18.74,18.98,18.31,18.65,807984.0
2026-07-20,18.65,19.6,18.53,19.56,1177987.0
2026-07-21,20.2,20.2,19.35,19.69,1181717.0
2026-07-22,19.57,20.07,19.46,19.85,774145.0
2026-07-23,20.0,20.09,19.21,19.97,804512.0
2026-07-24,19.96,19.96,19.46,19.58,527016.0
2026-07-27,19.98,19.98,19.3,19.4,618395.0
2026-07-28,19.35,19.95,19.21,19.7,827422.0
2026-07-29,20.16,20.5,19.62,20.4,1241397.0
2026-07-30,20.3,20.84,20.2,20.83,1025733.0
2026-07-31,20.38,20.67,20.21,20.55,755499.0
2026-08-03,20.45,20.52,19.97,20.2,779397.0
2026-08-04,20.11,20.16,19.33,19.53,925026.0
2026-08-05,19.59,19.66,19.33,19.62,849030.0
2026-08-06,19.65,19.87,19.4,19.76,646566.0
2026-08-07,19.69,19.89,19.4,19.58,862151.0
2026-08-10,19.51,20.06,19.42,19.74,682099.0
2026-08-11,19.7,19.88,19.01,19.04,857710.0
2026-08-12,18.95,19.05,18.77,18.91,722100.0
2026-08-13,18.9,19.0,18.62,18.72,636319.0
2026-08-14,18.7,18.84,18.6,18.75,474216.0
2026-08-17,18.76,18.84,18.44,18.7,515366.0
2026-08-18,18.72,19.03,18.61,18.97,629826.0
2026-08-19,18.98,19.05,18.55,18.93,616085.0
2026-08-20,18.8,19.36,18.78,19.05,536709.0
2026-08-21,19.05,19.09,18.78,18.8,339099.0
2026-08-24,18.8,19.19,18.6,18.61,538989.0
2026-08-25,18.71,18.95,18.6,18.95,387263.0
2026-08-26,19.0,19.17,18.79,18.86,454120.0
2026-08-27,18.88,19.06,18.66,19.06,500879.0
2026-08-28,18.96,19.17,18.78,19.1,466315.0
2026-08-31,19.66,20.12,19.51,20.01,1456633.0
2026-09-01,20.02,20.56,19.87,20.22,992810.0
2026-09-02,20.27,20.27,19.56,19.63,644081.0
2026-09-03,19.75,20.12,19.75,19.94,477349.0
2026-09-04,19.94,20.22,19.9,20.0,465485.0
2026-09-07,19.99,20.1,19.76,19.89,436136.0
2026-09-08,19.99,20.46,19.84,19.97,485334.0
2026-09-09,19.95,20.28,19.72,20.22,682209.0
2026-09-10,20.21,20.35,19.88,20.01,447401.0
2026-09-11,19.98,19.98,19.57,19.78,320592.0
2026-09-14,19.77,20.08,19.66,19.92,392639.0
2026-09-15,19.98,20.0,19.37,19.49,359792.0
2026-09-16,19.48,19.48,17.55,18.18,2479395.0
2026-09-17,18.18,18.48,17.93,18.07,1052526.0
2026-09-18,18.07,18.12,17.85,17.89,821730.0
2026-09-21,17.9,17.94,17.61,17.76,726514.0
2026-09-22,17.83,17.9,17.7,17.72,553657.0
2026-09-23,17.72,17.89,17.5,17.51,701506.0
