date,open,high,low,close,volume
2016-01-04,247.361,247.46,230.956,231.648,152607.0
2016-01-05,227.596,235.205,225.817,233.031,195173.0
2016-01-06,234.118,236.688,233.031,235.798,104553.0
2016-01-07,232.834,232.834,218.701,220.381,33782.0
2016-01-08,225.718,227.003,216.823,222.654,171438.0
2016-01-11,217.811,221.172,212.277,212.475,145034.0
2016-01-12,214.352,215.538,210.893,213.166,142241.0
2016-01-13,214.945,216.823,208.521,209.905,131075.0
2016-01-14,205.952,215.242,203.382,214.254,129423.0
2016-01-15,212.969,214.55,208.917,210.597,113007.0
2016-01-18,205.952,210.3,204.272,204.469,195961.0
2016-01-19,205.557,210.004,202.097,209.905,184344.0
2016-01-20,207.928,209.213,203.283,205.062,164213.0
2016-01-21,203.283,207.533,199.824,200.121,147313.0
2016-01-22,203.086,203.58,193.895,197.551,210106.0
2016-01-25,199.034,200.516,197.551,199.726,93577.0
2016-01-26,197.947,197.947,187.273,189.744,184039.0
2016-01-27,190.139,190.534,178.28,186.384,204662.0
2016-01-28,185.198,190.633,183.221,187.965,209356.0
2016-01-29,188.163,196.365,187.965,194.982,143477.0
2016-02-01,194.982,195.575,192.116,194.488,93745.0
2016-02-02,194.092,198.638,193.895,196.958,78770.0
2016-02-03,195.575,195.575,191.127,194.784,72888.0
2016-02-04,195.575,197.354,195.081,196.464,81775.0
2016-02-05,196.958,198.836,194.092,194.488,63218.0
2016-02-15,191.127,194.586,190.139,194.092,75517.0
2016-02-16,195.179,200.319,194.883,199.528,139865.0
2016-02-17,199.429,200.319,197.354,200.022,112722.0
2016-02-18,201.307,201.9,197.551,197.947,90546.0
2016-02-19,198.441,200.714,198.045,199.726,76288.0
2016-02-22,201.999,202.493,199.726,201.603,155537.0
2016-02-23,202.789,203.679,200.615,203.283,159441.0
2016-02-24,205.754,207.83,201.603,205.26,209322.0
2016-02-25,203.975,204.173,188.558,190.238,172592.0
2016-02-26,191.918,195.081,191.127,194.389,90525.0
2016-02-29,193.4,194.784,187.174,192.61,123464.0
2016-03-01,192.61,195.179,189.941,194.488,63476.0
2016-03-02,196.267,201.9,194.784,201.307,124369.0
2016-03-03,201.01,201.999,198.836,201.801,166226.0
2016-03-04,200.516,205.754,199.33,204.568,232770.0
2016-03-07,204.766,206.446,201.801,203.975,119778.0
2016-03-08,203.382,204.371,198.243,203.876,97248.0
2016-03-09,200.813,202.888,197.749,202.592,103550.0
2016-03-10,201.01,202.394,198.54,199.824,77157.0
2016-03-11,198.935,199.231,196.563,197.947,61605.0
2016-03-14,199.33,203.679,198.441,202.097,110192.0
2016-03-15,200.516,204.371,198.737,203.58,114424.0
2016-03-16,202.789,204.371,201.505,203.382,164459.0
2016-03-17,204.371,205.952,201.801,205.359,117788.0
2016-03-18,205.853,209.411,205.161,207.039,194650.0
2016-03-21,212.87,217.515,212.376,213.265,280284.0
2016-03-22,211.19,217.021,210.992,214.254,145655.0
2016-03-23,214.155,216.23,211.98,214.056,90391.0
2016-03-24,214.55,214.55,209.905,210.202,94601.0
2016-03-25,210.004,212.178,209.609,210.893,62336.0
2016-03-28,210.992,215.44,209.213,210.893,101208.0
2016-03-29,211.289,211.98,205.557,206.94,114622.0
2016-03-30,208.917,212.277,208.423,211.783,128922.0
2016-03-31,212.771,213.661,211.585,212.178,105617.0
2016-04-01,213.364,214.649,208.719,212.376,101980.0
2016-04-05,212.277,214.352,210.103,213.759,141036.0
2016-04-06,213.957,215.538,213.265,214.748,102889.0
2016-04-07,215.341,215.736,209.806,210.399,95102.0
2016-04-08,209.411,210.399,205.458,207.039,95480.0
2016-04-11,208.027,214.649,207.928,213.562,148547.0
2016-04-12,212.969,216.823,212.376,213.957,132788.0
2016-04-13,215.143,217.614,214.649,215.242,144280.0
2016-04-14,216.329,219.294,215.44,217.218,118375.0
2016-04-15,217.021,217.515,214.945,215.44,63072.0
2016-04-18,214.748,214.748,211.387,211.684,68224.0
2016-04-19,212.87,213.661,211.486,212.771,61799.0
2016-04-20,212.969,213.068,203.778,206.742,183756.0
2016-04-21,206.545,207.83,204.568,204.766,66040.0
2016-04-22,204.272,205.655,204.074,204.964,63744.0
2016-04-25,205.161,205.26,201.208,202.789,59673.0
2016-04-26,201.999,204.766,201.999,203.778,55013.0
2016-04-27,204.469,206.347,203.876,204.766,56355.0
2016-04-28,205.458,205.952,202.097,203.975,40243.0
2016-04-29,203.975,206.742,203.778,206.051,55175.0
2016-05-03,206.051,211.684,204.865,210.3,148563.0
2016-05-04,209.016,211.585,209.016,210.399,80493.0
2016-05-05,209.609,210.696,208.423,210.103,67929.0
2016-05-06,210.103,211.19,204.272,204.371,81300.0
2016-05-09,203.086,203.086,197.848,198.935,116170.0
2016-05-10,197.551,199.824,197.452,198.045,53907.0
2016-05-11,198.737,206.347,197.749,201.801,138660.0
2016-05-12,199.824,200.615,197.057,200.319,88047.0
2016-05-13,200.319,201.702,197.255,199.429,65916.0
2016-05-16,199.923,201.406,198.243,201.109,63190.0
2016-05-17,201.603,202.592,199.528,200.022,62711.0
2016-05-18,199.133,200.22,196.267,198.342,85111.0
2016-05-19,198.243,199.824,197.255,198.638,51084.0
2016-05-20,197.452,199.33,196.069,199.231,33967.0
2016-05-23,199.528,201.406,199.034,200.714,46730.0
2016-05-24,200.22,202.196,199.429,200.615,45112.0
2016-05-25,201.999,202.592,198.638,199.33,54337.0
2016-05-26,199.33,200.417,197.551,200.022,47802.0
2016-05-27,200.022,200.714,198.836,199.824,40191.0
2016-05-30,200.319,200.714,197.947,199.429,33343.0
2016-05-31,199.627,205.952,199.627,205.754,132903.0
2016-06-01,205.655,206.347,204.272,204.371,61929.0
2016-06-02,204.272,205.655,203.876,204.371,46222.0
2016-06-03,205.359,209.312,204.469,207.632,116863.0
2016-06-06,207.731,208.917,205.952,207.039,60715.0
2016-06-07,207.434,207.632,204.964,206.742,49511.0
2016-06-08,205.952,206.644,204.568,205.458,71961.0
2016-06-13,202.987,203.481,199.429,199.528,88285.0
2016-06-14,198.737,199.33,197.057,198.54,102046.0
2016-06-15,197.156,201.603,196.464,200.319,72629.0
2016-06-16,200.022,201.307,197.551,197.947,63533.0
2016-06-17,198.54,201.307,198.54,199.627,68812.0
2016-06-20,199.726,201.307,199.231,200.714,49855.0
2016-06-21,201.505,203.481,199.627,200.615,60181.0
2016-06-22,200.516,202.69,199.627,202.493,52393.0
2016-06-23,202.789,203.778,202.097,202.394,42520.0
2016-06-24,202.592,203.382,198.737,200.912,77709.0
2016-06-27,200.121,203.778,200.121,203.283,59286.0
2016-06-28,202.295,205.161,201.505,204.865,76471.0
2016-06-29,205.26,205.952,204.074,204.469,66142.0
2016-06-30,204.568,207.335,204.568,206.347,66584.0
2016-07-01,206.545,207.138,205.458,205.655,46974.0
2016-07-04,205.161,209.411,204.766,209.312,96501.0
2016-07-05,211.19,212.277,209.707,210.3,101349.0
2016-07-06,210.103,214.55,208.126,213.265,123736.0
2016-07-07,213.661,219.294,213.166,215.143,200299.0
2016-07-08,215.934,215.934,212.672,214.352,72576.0
2016-07-11,218.997,219.788,215.538,215.934,130860.0
2016-07-12,216.823,224.729,216.032,223.642,236073.0
2016-07-13,224.433,229.77,223.544,223.84,201786.0
2016-07-14,223.544,225.619,222.654,224.828,65230.0
2016-07-15,226.014,229.967,225.915,227.003,113578.0
2016-07-18,227.003,228.683,223.148,225.322,110088.0
2016-07-19,223.939,225.718,221.962,224.334,80415.0
2016-07-20,223.939,226.706,223.741,224.334,57571.0
2016-07-21,224.334,230.363,223.346,228.287,125405.0
2016-07-22,228.287,233.427,226.311,227.299,115887.0
2016-07-25,227.793,233.13,227.398,230.659,103567.0
2016-07-26,230.659,232.834,229.473,231.746,64060.0
2016-07-27,232.241,237.577,224.038,232.834,233203.0
2016-07-29,238.862,238.862,231.845,231.944,151789.0
2016-08-01,231.351,231.351,222.951,223.939,156493.0
2016-08-02,224.631,228.189,224.631,227.793,96316.0
2016-08-03,226.014,228.88,224.532,225.619,68911.0
2016-08-04,225.619,227.003,222.951,225.718,63118.0
2016-08-05,225.718,229.671,225.125,227.596,83802.0
2016-08-08,227.694,233.229,226.113,233.031,94329.0
2016-08-09,233.822,234.514,231.153,232.142,74566.0
2016-08-10,232.142,233.723,227.003,227.596,106783.0
2016-08-11,227.694,230.066,224.631,224.828,79220.0
2016-08-12,225.026,227.694,223.642,227.2,117758.0
2016-08-15,227.793,234.612,227.101,233.229,180911.0
2016-08-16,233.13,235.798,231.153,231.351,184594.0
2016-08-17,231.45,236.293,231.45,234.81,111733.0
2016-08-18,233.822,235.502,230.758,232.142,145114.0
2016-08-19,231.845,234.316,231.45,232.932,61395.0
2016-08-22,231.549,237.281,231.549,234.81,112535.0
2016-08-23,235.798,237.083,230.758,231.549,112019.0
2016-08-24,234.316,244.199,234.316,242.321,325174.0
2016-08-25,240.74,246.274,237.973,243.309,343795.0
2016-08-26,243.112,249.338,242.716,246.867,256073.0
2016-08-29,245.681,249.338,244.397,247.658,154970.0
2016-08-30,249.635,254.477,246.67,247.46,188769.0
2016-08-31,246.274,249.239,243.902,248.943,148781.0
2016-09-01,249.536,256.75,249.042,253.094,224958.0
2016-09-02,252.995,253.983,250.425,253.588,122105.0
2016-09-05,253.588,254.774,249.931,251.216,105195.0
2016-09-06,249.635,251.71,247.954,250.326,120264.0
2016-09-07,251.117,254.873,248.449,249.733,107008.0
2016-09-08,250.425,252.501,248.745,251.216,67421.0
2016-09-09,250.623,254.082,250.425,251.512,90322.0
2016-09-12,248.646,250.821,244.495,250.524,183061.0
2016-09-13,249.635,250.722,246.867,247.856,85668.0
2016-09-14,245.879,249.832,245.879,247.658,53768.0
2016-09-19,247.658,252.105,247.559,251.908,84374.0
2016-09-20,251.216,255.367,250.425,251.809,88551.0
2016-09-21,252.599,254.28,250.425,251.117,53095.0
2016-09-22,252.402,253.983,251.414,253.192,63959.0
2016-09-23,253.687,259.023,253.687,257.936,152546.0
2016-09-26,257.343,257.343,248.251,248.449,115232.0
2016-09-27,246.966,250.129,246.274,249.536,71816.0
2016-09-28,250.03,251.018,247.954,249.042,42516.0
2016-09-29,248.053,250.129,247.46,247.856,63768.0
2016-09-30,249.239,252.006,248.844,250.425,54985.0
2016-10-10,253.489,257.047,252.204,253.291,101625.0
2016-10-11,253.687,256.454,252.599,255.96,69946.0
2016-10-12,254.477,255.169,253.291,254.28,41968.0
2016-10-13,254.477,254.971,250.326,251.216,92619.0
2016-10-14,251.216,251.611,247.757,249.042,71558.0
2016-10-17,249.536,249.832,244.792,245.78,82334.0
2016-10-18,245.385,249.536,245.088,249.338,64417.0
2016-10-19,249.635,250.03,248.35,248.745,43898.0
2016-10-20,249.14,249.536,245.681,246.077,64691.0
2016-10-21,245.879,249.437,245.681,248.053,67569.0
2016-10-24,247.954,250.129,245.286,247.658,79859.0
2016-10-25,247.856,249.338,246.769,248.844,64513.0
2016-10-26,250.129,252.995,248.943,250.623,107280.0
2016-10-27,250.524,250.524,247.658,249.14,46342.0
2016-10-28,249.14,253.291,248.646,251.908,76172.0
2016-10-31,252.105,253.687,250.326,253.291,104601.0
2016-11-01,253.094,254.576,252.204,253.785,72545.0
2016-11-02,252.995,258.035,252.896,256.355,138225.0
2016-11-03,256.355,261.791,253.983,260.901,171548.0
2016-11-04,260.407,265.843,258.727,260.605,129025.0
2016-11-07,261.099,261.889,257.739,259.419,71646.0
2016-11-08,259.715,260.308,256.454,258.529,73099.0
2016-11-09,259.221,259.221,254.576,257.442,101417.0
2016-11-10,259.518,261.593,257.442,258.233,113025.0
2016-11-11,258.628,258.826,255.564,256.256,74860.0
2016-11-14,255.564,258.035,253.687,254.873,127596.0
2016-11-15,254.576,256.157,253.785,255.861,70511.0
2016-11-16,255.564,256.059,254.181,255.268,74523.0
2016-11-17,254.971,255.861,253.588,255.466,52788.0
2016-11-18,255.861,257.244,253.39,254.378,69527.0
2016-11-21,254.477,256.948,253.094,253.489,71615.0
2016-11-22,253.588,256.454,252.698,254.774,88369.0
2016-11-23,255.564,256.059,253.588,254.082,85928.0
2016-11-24,254.082,256.553,253.489,254.873,123653.0
2016-11-25,254.774,258.826,253.884,258.035,97168.0
2016-11-28,258.727,259.32,255.564,256.157,101361.0
2016-11-29,256.355,261.198,255.96,256.355,142273.0
2016-11-30,255.466,256.849,252.896,253.588,90563.0
2016-12-01,253.39,253.785,245.484,246.274,247221.0
2016-12-02,247.164,247.263,242.025,244.693,215062.0
2016-12-05,242.716,246.077,242.222,245.879,90229.0
2016-12-06,245.681,247.263,244.693,246.769,65020.0
2016-12-07,247.361,249.14,247.361,248.745,76120.0
2016-12-08,248.646,249.931,246.867,247.46,54318.0
2016-12-09,248.449,249.239,246.867,247.954,58622.0
2016-12-12,248.251,249.14,242.716,246.571,121600.0
2016-12-13,246.373,249.042,245.187,248.152,51998.0
2016-12-14,247.856,247.856,242.519,243.309,79466.0
2016-12-15,243.507,244.594,241.531,244.001,56655.0
2016-12-16,243.211,245.088,243.211,244.298,27698.0
2016-12-19,244.001,245.187,242.716,243.507,36121.0
2016-12-20,243.507,244.1,239.455,241.333,67714.0
2016-12-21,241.135,242.222,240.443,241.827,47038.0
2016-12-22,241.531,242.716,239.949,241.926,42937.0
2016-12-23,241.728,241.728,238.664,240.74,51180.0
2016-12-26,239.752,243.804,239.257,243.507,57771.0
2016-12-27,243.408,244.693,242.815,243.902,32787.0
2016-12-28,243.408,245.583,243.112,244.594,44868.0
2016-12-29,244.199,247.164,244.199,245.187,46565.0
2016-12-30,245.681,247.164,244.594,247.065,39272.0
2017-01-03,248.35,253.489,247.46,252.303,126958.0
2017-01-04,251.71,254.181,250.722,253.39,86463.0
2017-01-05,253.094,254.873,250.722,251.71,48979.0
2017-01-06,251.315,252.105,247.46,249.14,78048.0
2017-01-09,249.14,251.117,248.646,249.733,63997.0
2017-01-10,250.129,250.326,248.251,248.547,30844.0
2017-01-11,250.129,257.146,249.437,252.896,147686.0
2017-01-12,254.28,255.169,251.809,252.797,62141.0
2017-01-13,252.303,255.169,249.733,253.192,73605.0
2017-01-16,252.006,255.564,250.129,254.873,164191.0
2017-01-17,253.588,260.901,252.599,260.407,144811.0
2017-01-18,260.209,262.878,258.826,259.122,116292.0
2017-01-19,257.936,262.285,257.739,259.221,42963.0
2017-01-20,258.826,265.447,258.826,264.064,116737.0
2017-01-23,264.261,267.029,262.977,263.471,69020.0
2017-01-24,263.57,265.941,262.482,263.372,49180.0
2017-01-25,263.471,266.238,262.977,265.151,63301.0
2017-01-26,265.447,266.534,264.558,264.657,58194.0
2017-02-03,264.756,269.005,264.756,266.93,60053.0
2017-02-06,266.238,272.464,265.447,268.511,127617.0
2017-02-07,269.401,272.168,268.215,272.069,102557.0
2017-02-08,271.179,272.563,269.895,270.488,69169.0
2017-02-09,270.488,271.081,264.163,265.348,129231.0
2017-02-10,265.348,269.499,265.052,267.819,107495.0
2017-02-13,268.511,270.389,265.645,268.412,87130.0
2017-02-14,267.72,268.906,265.447,267.325,61690.0
2017-02-15,266.831,267.819,263.273,263.965,78324.0
2017-02-16,262.977,265.843,262.878,265.546,39643.0
2017-02-17,266.139,269.302,265.052,265.744,58130.0
2017-02-20,266.139,270.092,265.645,268.61,101064.0
2017-02-21,268.61,275.824,268.61,275.231,184745.0
2017-02-22,274.737,275.33,271.476,272.464,71165.0
2017-02-23,272.761,276.516,272.662,275.627,90196.0
2017-02-24,277.801,282.347,276.319,276.813,197346.0
2017-02-27,277.406,278.394,272.464,273.65,73076.0
2017-02-28,273.551,274.342,271.674,273.057,68039.0
2017-03-01,275.33,281.754,274.638,275.133,172509.0
2017-03-02,275.528,276.121,272.662,273.749,47634.0
2017-03-03,272.662,272.662,269.697,272.168,82267.0
2017-03-06,270.685,275.429,270.586,273.057,77277.0
2017-03-07,273.156,277.603,272.168,276.714,98440.0
2017-03-08,275.231,276.714,273.65,274.54,42763.0
2017-03-09,273.947,275.923,270.29,270.389,61750.0
2017-03-10,270.092,274.54,270.092,273.354,73851.0
2017-03-13,272.563,277.999,272.168,275.231,117782.0
2017-03-14,275.429,280.667,275.429,280.173,124833.0
2017-03-15,280.371,282.15,277.9,281.161,93346.0
2017-03-16,281.062,282.644,279.58,281.26,96937.0
2017-03-17,281.557,285.905,281.458,284.917,144691.0
2017-03-20,284.225,292.625,284.225,291.242,169283.0
2017-03-21,293.12,295.393,289.463,292.033,129920.0
2017-03-22,290.945,301.52,289.364,300.433,186419.0
2017-03-23,300.433,303.991,296.085,299.049,138030.0
2017-03-24,297.073,302.014,295.59,296.381,115540.0
2017-03-27,296.579,301.322,291.044,294.108,124404.0
2017-03-28,295.59,297.863,293.416,296.48,111457.0
2017-03-29,294.306,294.306,284.62,289.957,344614.0
2017-03-30,290.352,293.12,285.609,292.033,105178.0
2017-03-31,291.143,299.741,290.945,297.27,136866.0
2017-04-05,294.503,304.485,293.12,294.997,203697.0
2017-04-06,294.997,303.793,294.009,302.706,114352.0
2017-04-07,301.52,303.991,299.642,301.619,70116.0
2017-04-10,301.817,302.607,296.48,297.567,58230.0
2017-04-11,296.875,300.927,291.934,296.381,94479.0
2017-04-12,295.887,298.555,293.021,296.776,74079.0
2017-04-13,296.776,307.944,294.404,306.857,145179.0
2017-04-14,306.857,307.746,302.113,306.857,73108.0
2017-04-17,305.375,311.601,303.2,307.549,112502.0
2017-04-18,306.066,317.926,305.967,316.147,172682.0
2017-04-19,314.862,320.693,313.281,318.222,129480.0
2017-04-20,318.321,329.687,315.257,324.745,138262.0
2017-04-21,324.844,328.204,314.763,322.176,137237.0
2017-04-24,314.961,322.472,307.648,322.176,133578.0
2017-04-25,320.298,320.792,313.676,317.531,117563.0
2017-04-26,315.752,322.571,308.932,313.775,153891.0
2017-04-27,311.996,318.124,311.008,316.839,82704.0
2017-04-28,316.048,319.804,304.189,310.316,176803.0
2017-05-02,308.438,310.711,301.026,309.13,154291.0
2017-05-03,308.241,314.17,305.671,311.798,107501.0
2017-05-04,310.217,311.205,306.956,308.241,83301.0
2017-05-05,309.328,317.432,308.636,314.072,133897.0
2017-05-08,313.874,316.443,311.7,315.06,78457.0
2017-05-09,313.874,313.874,301.125,308.043,134182.0
2017-05-10,311.107,320.594,311.107,314.665,163865.0
2017-05-11,316.839,319.408,312.984,316.443,115575.0
2017-05-12,316.443,326.722,315.554,326.524,128231.0
2017-05-15,326.228,331.169,323.757,329.192,121049.0
2017-05-16,328.303,334.134,325.733,333.244,117546.0
2017-05-17,330.082,330.082,317.531,318.124,260866.0
2017-05-18,314.862,321.484,313.479,319.408,84466.0
2017-05-19,319.408,322.077,318.815,321.484,60342.0
2017-05-22,321.385,325.635,317.432,325.338,89862.0
2017-05-23,325.042,334.43,323.164,329.687,135776.0
2017-05-24,329.687,331.564,321.78,331.268,113620.0
2017-05-25,330.477,337.0,327.216,327.71,114912.0
2017-05-26,327.018,329.588,319.804,325.042,66782.0
2017-05-31,325.042,332.157,320.792,331.466,95400.0
2017-06-01,330.477,338.285,328.896,336.407,119269.0
2017-06-02,335.122,338.384,331.466,333.541,87253.0
2017-06-05,333.739,334.529,325.733,329.192,91901.0
2017-06-06,329.291,336.012,326.821,334.43,69786.0
2017-06-07,336.407,344.017,334.727,340.756,131577.0
2017-06-08,340.953,350.046,339.668,347.377,118148.0
2017-06-09,348.761,352.714,344.116,345.104,93319.0
2017-06-12,344.215,352.615,343.424,345.895,113475.0
2017-06-13,345.895,348.563,342.04,348.464,93432.0
2017-06-14,348.365,348.958,334.628,338.68,176240.0
2017-06-15,337.791,339.273,330.971,335.122,164040.0
2017-06-16,334.628,338.482,331.762,334.826,110701.0
2017-06-19,334.529,337.099,331.466,336.407,84284.0
2017-06-20,336.506,337.395,332.652,333.64,106044.0
2017-06-21,334.134,342.93,331.169,342.534,154827.0
2017-06-22,341.151,342.238,313.775,316.542,514510.0
2017-06-23,320.792,328.303,316.641,326.524,406725.0
2017-06-26,327.018,331.169,322.077,330.28,240873.0
2017-06-27,330.477,330.971,323.559,327.216,146409.0
2017-06-28,326.524,329.192,320.99,322.769,104673.0
2017-06-29,322.966,324.547,318.321,321.978,116477.0
2017-06-30,320.891,326.524,319.112,324.646,147126.0
2017-07-03,324.251,331.169,322.571,327.71,141019.0
2017-07-04,325.931,328.797,321.187,327.315,140231.0
2017-07-05,326.524,330.873,324.745,328.105,86094.0
2017-07-06,328.105,328.698,300.631,316.74,553808.0
2017-07-07,314.763,316.443,310.118,313.676,225971.0
2017-07-10,312.391,312.391,301.224,304.584,249603.0
2017-07-11,304.979,312.194,304.979,309.822,177315.0
2017-07-12,309.822,311.008,305.473,307.351,142608.0
2017-07-13,308.241,317.135,308.043,311.996,181101.0
2017-07-14,314.269,320.298,313.874,314.665,127694.0
2017-07-17,313.577,317.234,306.165,313.973,134329.0
2017-07-18,310.118,311.403,295.096,302.113,296088.0
2017-07-19,302.904,304.485,298.753,303.2,152791.0
2017-07-20,303.003,304.782,298.259,300.334,174651.0
2017-07-21,300.235,303.793,299.049,301.125,99330.0
2017-07-24,304.287,311.7,304.287,306.462,165683.0
2017-07-25,306.56,314.072,306.56,310.711,155814.0
2017-07-26,312.391,313.577,304.189,305.572,101256.0
2017-07-27,306.956,306.956,298.753,302.805,90178.0
2017-07-28,301.322,303.991,300.137,303.2,60163.0
2017-07-31,303.991,309.328,301.817,306.462,132283.0
2017-08-01,306.462,307.153,302.014,303.2,90096.0
2017-08-02,303.793,306.758,301.026,301.915,85241.0
2017-08-03,301.125,302.014,297.567,298.16,97066.0
2017-08-04,297.765,300.334,296.776,299.049,72829.0
2017-08-07,299.148,301.52,296.579,300.828,65970.0
2017-08-08,300.038,305.967,299.346,304.88,88733.0
2017-08-09,307.252,317.036,304.979,315.257,161559.0
2017-08-10,315.159,316.938,310.909,313.479,86050.0
2017-08-11,311.304,313.479,308.043,308.339,85395.0
2017-08-14,308.438,319.309,308.438,314.072,117441.0
2017-08-15,314.269,315.949,312.391,314.368,42297.0
2017-08-16,314.862,317.135,312.49,315.06,48910.0
2017-08-17,314.961,317.234,312.886,314.17,49590.0
2017-08-18,313.281,318.914,310.909,318.519,92188.0
2017-08-21,317.629,322.077,316.147,321.187,88690.0
2017-08-22,320.1,326.722,317.728,325.832,94965.0
2017-08-23,324.745,327.71,323.263,326.919,78474.0
2017-08-24,327.414,327.512,318.717,320.495,57803.0
2017-08-25,320.199,322.867,317.827,319.705,63179.0
2017-08-28,319.902,321.286,310.118,313.479,201240.0
2017-08-29,314.862,320.001,314.17,319.705,119296.0
2017-08-30,314.665,316.147,310.118,312.293,158165.0
2017-08-31,314.368,319.211,305.77,311.008,202184.0
2017-09-01,312.391,313.973,309.427,312.49,154396.0
2017-09-04,312.787,313.38,307.45,310.909,150061.0
2017-09-05,310.612,315.85,309.822,314.961,123848.0
2017-09-06,314.862,317.036,313.38,314.961,131787.0
2017-09-07,314.961,324.943,314.961,321.978,186678.0
2017-09-08,322.077,326.129,318.42,322.472,89602.0
2017-09-11,322.472,323.559,311.7,313.38,210974.0
2017-09-12,313.577,313.577,308.537,310.81,132559.0
2017-09-13,312.095,312.194,309.921,310.514,50442.0
2017-09-14,310.612,319.112,310.612,316.443,160820.0
2017-09-15,316.443,330.675,316.443,328.007,259234.0
2017-09-18,331.169,341.052,329.687,329.884,283452.0
2017-09-19,334.727,339.075,328.204,329.983,141136.0
2017-09-20,332.355,349.551,331.861,345.598,279097.0
2017-09-21,345.994,348.958,340.163,345.697,166176.0
2017-09-22,345.598,353.109,342.831,349.453,180745.0
2017-09-25,349.749,359.434,347.081,357.359,157203.0
2017-09-26,355.778,355.876,345.697,348.069,129808.0
2017-09-27,348.958,349.848,345.697,347.575,92932.0
2017-09-28,346.982,361.312,346.29,357.754,152222.0
2017-09-29,357.557,363.289,354.888,359.731,128065.0
2017-10-09,374.753,380.386,364.771,366.55,300333.0
2017-10-10,372.183,376.038,349.354,364.475,392197.0
2017-10-11,362.3,382.165,361.806,375.939,271217.0
2017-10-12,373.468,387.502,369.713,384.537,187436.0
2017-10-13,382.758,389.973,381.671,384.241,132773.0
2017-10-16,387.304,396.891,384.339,392.74,139437.0
2017-10-17,393.036,395.408,386.316,393.728,105856.0
2017-10-18,393.432,393.432,385.13,390.368,99535.0
2017-10-19,391.752,415.174,391.752,411.814,226369.0
2017-10-20,409.245,417.25,403.117,411.715,120601.0
2017-10-23,411.023,416.558,404.896,411.616,107044.0
2017-10-24,409.047,424.069,406.774,416.261,143387.0
2017-10-25,416.261,436.423,414.285,434.446,182156.0
2017-10-26,430.987,439.783,421.203,426.836,201950.0
2017-10-27,427.133,432.469,417.942,431.877,145183.0
2017-10-30,431.975,433.754,414.68,418.93,201025.0
2017-10-31,411.518,418.337,403.414,415.57,236968.0
2017-11-01,415.965,429.999,414.186,417.052,183284.0
2017-11-02,413.791,429.109,412.209,424.958,152542.0
2017-11-03,424.069,448.776,424.069,446.8,289686.0
2017-11-06,446.404,468.345,441.661,464.293,287333.0
2017-11-07,464.49,471.507,446.8,450.259,283918.0
2017-11-08,449.765,461.031,440.574,445.021,245368.0
2017-11-09,443.835,457.473,437.213,455.793,218705.0
2017-11-10,452.631,460.339,444.823,454.805,213677.0
2017-11-13,455.101,457.078,440.672,443.341,285378.0
2017-11-14,445.515,448.678,416.657,422.092,347574.0
2017-11-15,420.808,430.592,415.174,428.022,275814.0
2017-11-16,424.168,436.917,423.97,436.423,184012.0
2017-11-17,436.521,439.684,425.156,428.912,149072.0
2017-11-20,425.057,438.893,417.744,438.696,169457.0
2017-11-21,438.399,453.323,434.051,436.324,233247.0
2017-11-22,439.882,443.44,420.511,423.476,210760.0
2017-11-23,422.883,422.883,400.646,400.844,263380.0
2017-11-24,397.385,406.378,397.286,401.437,114649.0
2017-11-27,401.437,401.437,385.624,390.862,161007.0
2017-11-28,389.775,400.053,389.479,398.176,159388.0
2017-11-29,397.78,403.315,392.443,394.914,130437.0
2017-11-30,392.641,397.484,383.845,384.142,111658.0
2017-12-01,386.217,402.821,385.723,399.856,187500.0
2017-12-04,399.559,420.116,397.681,413.099,210124.0
2017-12-05,410.925,416.459,401.14,404.6,137819.0
2017-12-06,405.983,414.482,394.914,404.797,141907.0
2017-12-07,404.303,414.68,402.129,412.605,164034.0
2017-12-08,410.727,428.714,406.082,427.923,229436.0
2017-12-11,426.935,451.445,425.255,446.899,307214.0
2017-12-12,447.492,457.375,441.661,445.614,207851.0
2017-12-13,443.637,456.979,440.277,451.049,176166.0
2017-12-14,450.259,466.17,446.8,457.968,240797.0
2017-12-15,459.252,466.072,445.416,446.701,225499.0
2017-12-18,450.16,457.177,439.19,446.701,162528.0
2017-12-19,446.701,463.403,441.858,462.909,252815.0
2017-12-20,461.427,464.49,453.718,454.805,198962.0
2017-12-21,457.77,485.838,453.323,485.343,393341.0
2017-12-22,482.082,491.668,479.611,483.367,217369.0
2017-12-25,483.268,492.064,476.053,483.268,214027.0
2017-12-26,483.268,484.849,451.939,465.182,469764.0
2017-12-27,461.624,462.118,448.776,453.224,204427.0
2017-12-28,455.398,471.507,451.148,466.17,266596.0
2017-12-29,466.467,473.187,459.648,461.624,159849.0
2018-01-02,463.206,468.246,450.259,454.113,242380.0
2018-01-03,455.892,465.281,453.125,456.485,259135.0
2018-01-04,455.398,466.269,453.619,465.38,203107.0
2018-01-05,466.566,467.554,444.922,445.713,329825.0
2018-01-08,445.713,447.492,437.905,446.8,212395.0
2018-01-09,445.317,460.241,445.021,459.845,273491.0
2018-01-10,459.845,462.613,447.788,454.014,164908.0
2018-01-11,450.259,459.055,448.678,454.904,122318.0
2018-01-12,455.003,471.903,451.741,471.112,298175.0
2018-01-15,471.804,479.315,461.229,465.973,318983.0
2018-01-16,464.293,486.826,462.118,477.733,314232.0
2018-01-17,478.425,480.402,459.45,465.676,213913.0
2018-01-18,468.839,474.67,453.817,454.113,206988.0
2018-01-19,456.683,457.968,443.044,450.358,171284.0
2018-01-22,450.555,462.02,448.579,461.822,167636.0
2018-01-23,461.624,464.293,455.003,458.165,159076.0
2018-01-24,462.02,467.06,457.375,464.194,221710.0
2018-01-25,462.415,463.996,448.776,450.358,215563.0
2018-01-26,450.456,451.84,444.922,447.492,150785.0
2018-01-29,447.59,450.061,417.151,418.93,365047.0
2018-01-30,418.139,423.476,415.372,419.029,165851.0
2018-01-31,417.151,426.046,408.059,422.982,171069.0
2018-02-01,423.081,425.848,409.047,411.122,147511.0
2018-02-02,410.529,428.615,407.466,423.476,170271.0
2018-02-05,417.151,427.923,414.482,418.93,144216.0
2018-02-06,408.75,413.198,392.443,397.088,234125.0
2018-02-07,407.169,408.454,380.683,385.031,246438.0
2018-02-08,385.427,395.112,385.328,391.258,124295.0
2018-02-09,377.125,381.276,363.388,366.451,220020.0
2018-02-12,370.009,392.443,369.713,391.85,212694.0
2018-02-13,393.234,410.826,392.839,401.437,169701.0
2018-02-14,401.536,418.04,401.437,416.261,147080.0
2018-02-22,418.238,427.034,416.261,420.808,118502.0
2018-02-23,423.674,424.563,416.261,418.732,79330.0
2018-02-26,419.127,426.836,414.482,426.639,160189.0
2018-02-27,427.627,427.923,410.233,411.32,157190.0
2018-02-28,407.466,418.534,405.588,416.163,107458.0
2018-03-01,414.087,432.964,412.704,431.382,180088.0
2018-03-02,426.046,430.691,415.767,419.226,171735.0
2018-03-05,422.488,423.674,408.355,416.558,121011.0
2018-03-06,416.261,437.905,416.261,437.114,259278.0
2018-03-07,436.818,437.51,426.342,428.121,155559.0
2018-03-08,427.528,449.666,427.232,447.393,272641.0
2018-03-09,448.085,451.445,442.352,451.049,208989.0
2018-03-12,456.683,463.996,448.776,455.2,259256.0
2018-03-13,453.026,454.41,441.858,445.91,180453.0
2018-03-14,445.614,452.334,441.068,446.701,140552.0
2018-03-15,443.538,456.88,442.155,451.445,199540.0
2018-03-16,450.654,455.2,442.649,442.945,143759.0
2018-03-19,442.352,463.008,439.882,462.217,352319.0
2018-03-20,459.45,486.43,457.078,486.233,427728.0
2018-03-21,488.209,490.087,473.286,476.943,283462.0
2018-03-22,477.437,479.908,461.031,464.49,252575.0
2018-03-23,438.893,463.107,438.795,462.514,363260.0
2018-03-26,458.462,486.826,451.741,480.995,398485.0
2018-03-27,476.449,492.064,460.834,473.286,501197.0
2018-03-28,470.025,476.053,444.823,447.195,299651.0
2018-03-29,447.788,452.137,424.365,437.312,340874.0
2018-03-30,439.388,463.008,439.388,461.525,307381.0
2018-04-02,462.217,474.966,452.334,460.241,255854.0
2018-04-03,454.706,464.391,449.765,464.095,172709.0
2018-04-04,471.507,479.216,462.514,465.775,253718.0
2018-04-09,464.49,471.507,454.706,458.758,144462.0
2018-04-10,458.758,468.048,453.224,467.356,148131.0
2018-04-11,465.577,465.577,443.835,445.021,536989.0
2018-04-12,443.637,449.864,442.649,446.207,200729.0
2018-04-13,449.567,450.259,405.785,425.057,645204.0
2018-04-16,418.831,427.232,410.233,419.325,303048.0
2018-04-17,420.116,421.895,397.681,400.646,301600.0
2018-04-18,403.315,404.797,384.339,394.519,363706.0
2018-04-19,393.629,409.64,393.432,404.007,324498.0
2018-04-20,404.007,411.715,396.693,404.007,265660.0
2018-04-23,402.326,408.948,399.955,407.96,153500.0
2018-04-24,408.75,415.372,408.553,411.32,203751.0
2018-04-25,408.75,411.122,399.362,406.774,279780.0
2018-04-26,405.094,405.291,387.502,393.036,274069.0
2018-04-27,393.827,408.849,387.601,401.931,291988.0
2018-05-02,402.326,420.61,396.693,420.61,364052.0
2018-05-03,417.645,424.267,415.965,421.104,198276.0
2018-05-04,419.127,435.929,418.139,433.655,228072.0
2018-05-07,435.434,436.719,428.022,434.051,235829.0
2018-05-08,432.964,437.806,429.406,431.877,179143.0
2018-05-09,433.458,446.306,431.975,444.23,253828.0
2018-05-10,444.23,455.497,437.016,450.259,251971.0
2018-05-11,449.073,457.671,433.655,434.94,278589.0
2018-05-14,434.743,443.538,429.9,438.103,183199.0
2018-05-15,446.306,456.189,442.155,452.433,252906.0
2018-05-16,451.741,465.281,449.073,456.386,294451.0
2018-05-17,455.694,456.287,443.637,444.922,159108.0
2018-05-18,444.033,448.579,436.521,446.306,147760.0
2018-05-21,448.579,452.927,437.905,452.631,181918.0
2018-05-22,452.73,463.107,450.358,458.758,213337.0
2018-05-23,458.363,465.479,454.706,457.078,194231.0
2018-05-24,457.078,464.589,455.991,458.264,152191.0
2018-05-25,462.118,488.605,462.118,484.553,407410.0
2018-05-28,483.367,498.982,473.286,495.127,340809.0
2018-05-29,490.285,494.732,464.589,467.159,350583.0
2018-05-30,463.502,469.333,449.172,460.537,260715.0
2018-05-31,464.095,479.611,464.095,479.315,201150.0
2018-06-01,477.635,477.635,450.753,451.346,240527.0
2018-06-04,453.224,458.462,445.416,454.805,148238.0
2018-06-05,455.694,479.611,455.398,471.507,235129.0
2018-06-06,471.507,477.437,468.246,473.978,192805.0
2018-06-07,475.955,475.955,458.659,460.932,187062.0
2018-06-08,461.427,468.74,458.462,461.031,118934.0
2018-06-11,458.659,463.008,436.719,445.713,234895.0
2018-06-12,446.8,462.415,445.12,462.118,225297.0
2018-06-13,460.636,461.624,449.172,451.939,160365.0
2018-06-14,451.642,459.648,446.108,451.84,112696.0
2018-06-15,450.358,452.235,442.155,448.579,127772.0
2018-06-19,442.451,451.445,436.719,449.567,312547.0
2018-06-20,446.701,448.381,432.074,446.503,223696.0
2018-06-21,447.59,457.671,441.858,444.823,199417.0
2018-06-22,442.847,456.979,437.213,455.596,179046.0
2018-06-25,456.88,466.368,454.212,459.252,146545.0
2018-06-26,453.026,455.694,436.225,451.642,177905.0
2018-06-27,449.864,451.445,420.313,426.737,276598.0
2018-06-28,422.389,423.575,410.925,412.802,173688.0
2018-06-29,414.186,433.853,414.186,430.888,170883.0
2018-07-02,430.789,438.202,418.238,422.29,145502.0
2018-07-03,421.104,423.871,393.333,409.936,282140.0
2018-07-04,411.715,417.151,404.698,407.07,138178.0
2018-07-05,407.762,414.186,401.832,411.122,173269.0
2018-07-06,407.564,423.871,402.326,415.668,161017.0
2018-07-09,418.337,429.01,418.139,427.429,130890.0
2018-07-10,427.034,429.505,421.598,427.429,102052.0
2018-07-11,419.424,427.034,413.791,420.116,100677.0
2018-07-12,417.052,430.295,412.209,422.883,256156.0
2018-07-13,420.017,442.847,414.977,437.707,299602.0
2018-07-16,435.731,437.411,430.394,435.434,154467.0
2018-07-17,433.952,435.434,423.081,428.417,140070.0
2018-07-18,430.691,440.376,430.691,431.778,165701.0
2018-07-19,417.151,424.069,406.378,416.558,262403.0
2018-07-20,416.163,416.163,407.268,414.482,184134.0
2018-07-23,392.542,402.821,389.182,396.397,404747.0
2018-07-24,395.408,411.715,392.542,406.675,312398.0
2018-07-25,407.268,410.727,404.6,407.268,127750.0
2018-07-26,407.762,410.43,397.187,399.065,154603.0
2018-07-27,398.373,402.03,394.815,399.658,103603.0
2018-07-30,399.263,399.263,382.165,385.822,251981.0
2018-07-31,385.624,390.566,384.537,387.502,90197.0
2018-08-01,390.368,390.368,379.991,380.189,120608.0
2018-08-02,380.386,381.078,368.724,375.445,170703.0
2018-08-03,377.619,377.817,350.737,356.074,300938.0
2018-08-06,352.22,358.545,340.953,347.377,239035.0
2018-08-07,348.365,354.987,340.854,354.691,197072.0
2018-08-08,353.702,354.196,341.447,342.436,129792.0
2018-08-09,340.854,361.114,339.372,357.458,221755.0
2018-08-10,358.545,369.91,358.347,363.981,186153.0
2018-08-13,358.743,370.899,357.062,368.922,113816.0
2018-08-14,367.736,369.811,361.114,365.364,105226.0
2018-08-15,364.376,364.475,346.784,349.057,206678.0
2018-08-16,343.72,357.161,342.93,350.342,133641.0
2018-08-17,352.22,355.975,322.67,328.501,431354.0
2018-08-20,326.722,332.849,320.891,326.821,167100.0
2018-08-21,327.908,339.668,327.216,336.605,177577.0
2018-08-22,335.122,339.668,332.454,333.936,125603.0
2018-08-23,333.936,339.174,332.75,337.593,108949.0
2018-08-24,337.494,337.494,323.757,327.71,220622.0
2018-08-27,332.948,357.952,330.28,357.952,527330.0
2018-08-28,351.726,355.283,346.092,348.662,396116.0
2018-08-29,350.243,350.935,344.116,347.081,182331.0
2018-08-30,346.784,347.772,335.023,335.518,216787.0
2018-08-31,312.293,324.053,304.485,314.17,848613.0
2018-09-03,307.648,309.031,300.433,303.596,453647.0
2018-09-04,304.287,315.257,303.991,313.281,300874.0
2018-09-05,312.194,320.1,310.514,313.676,230027.0
2018-09-06,314.17,319.211,307.351,309.723,191526.0
2018-09-07,311.7,323.856,310.909,319.112,283045.0
2018-09-10,318.815,320.891,310.415,311.7,146467.0
2018-09-11,313.676,317.827,310.81,313.083,116990.0
2018-09-12,312.984,312.984,300.137,302.311,276715.0
2018-09-13,306.165,307.153,292.428,299.544,295014.0
2018-09-14,297.863,303.793,296.183,299.84,168071.0
2018-09-17,297.073,301.322,292.527,293.713,109834.0
2018-09-18,292.922,300.433,288.573,298.852,176440.0
2018-09-19,298.358,310.02,294.602,305.276,230736.0
2018-09-20,304.386,310.02,303.2,304.683,154679.0
2018-09-21,306.462,325.042,304.386,322.274,319140.0
2018-09-25,318.222,322.472,317.135,322.472,160965.0
2018-09-26,323.164,329.094,321.088,323.559,232659.0
2018-09-27,323.559,335.023,322.274,327.611,231996.0
2018-09-28,331.07,337.494,330.971,337.395,210027.0
2018-10-08,327.512,331.96,319.408,321.385,189786.0
2018-10-09,321.583,323.065,313.182,316.443,152661.0
2018-10-10,316.641,318.815,307.648,316.048,139317.0
2018-10-11,301.322,307.351,296.974,302.113,242305.0
2018-10-12,302.113,309.525,296.381,306.165,191322.0
2018-10-15,307.153,309.229,298.951,299.346,168551.0
2018-10-16,298.456,302.311,291.538,292.527,140674.0
2018-10-17,297.369,301.322,292.625,300.631,144669.0
2018-10-18,298.259,300.828,290.945,294.207,129153.0
2018-10-19,289.364,308.932,287.585,308.043,234404.0
2018-10-22,310.217,326.425,310.217,322.966,272365.0
2018-10-23,322.966,322.966,310.02,313.083,187932.0
2018-10-24,311.7,313.874,303.299,308.834,149967.0
2018-10-25,297.468,305.276,297.27,303.793,130321.0
2018-10-26,305.77,307.351,294.404,297.666,159407.0
2018-10-29,297.863,298.358,277.109,278.789,259999.0
2018-10-30,262.779,275.034,260.802,269.697,316899.0
2018-10-31,270.685,276.813,269.796,276.615,196691.0
2018-11-01,278.394,288.079,277.109,281.26,263462.0
2018-11-02,289.463,298.753,287.486,297.863,329276.0
2018-11-05,295.195,300.038,290.945,295.393,170123.0
2018-11-06,294.602,300.235,291.835,298.654,172145.0
2018-11-07,298.061,307.252,296.085,300.927,189755.0
2018-11-08,303.892,306.363,297.468,298.16,132309.0
2018-11-09,296.183,302.014,294.306,297.468,102060.0
2018-11-12,297.468,304.09,294.503,303.2,125552.0
2018-11-13,300.235,305.473,297.468,304.584,168372.0
2018-11-14,304.386,310.81,304.09,304.979,153224.0
2018-11-15,305.375,305.572,300.235,305.572,141476.0
2018-11-16,304.782,305.869,294.602,298.259,280111.0
2018-11-19,297.369,310.02,294.503,309.525,302150.0
2018-11-20,307.055,308.438,302.805,303.299,172352.0
2018-11-21,301.224,315.06,299.741,314.17,295529.0
2018-11-22,315.06,315.85,308.636,311.897,180131.0
2018-11-23,310.612,312.194,296.381,296.677,250953.0
2018-11-26,295.393,301.322,293.91,296.776,109672.0
2018-11-27,299.247,300.334,289.562,293.021,144460.0
2018-11-28,293.416,298.555,289.661,297.567,125125.0
2018-11-29,299.247,304.287,296.381,297.666,128993.0
2018-11-30,298.654,301.619,293.713,300.73,92947.0
2018-12-03,306.956,321.385,306.462,320.001,312347.0
2018-12-04,317.728,323.46,316.74,322.077,210994.0
2018-12-05,318.618,329.785,317.036,326.326,223847.0
2018-12-06,323.362,323.46,297.172,300.433,469342.0
2018-12-07,299.346,299.346,281.952,283.731,472318.0
2018-12-10,280.568,285.312,277.702,279.679,241349.0
2018-12-11,281.062,283.928,279.876,281.754,159446.0
2018-12-12,282.841,283.928,276.714,281.458,127689.0
2018-12-13,282.051,287.289,280.766,285.51,169705.0
2018-12-14,284.521,284.521,277.109,277.406,255476.0
2018-12-17,276.615,278.394,268.808,274.935,160643.0
2018-12-18,273.453,277.01,270.982,271.871,121776.0
2018-12-19,272.662,273.057,261.692,262.581,269773.0
2018-12-20,261.791,263.57,257.837,261.395,185811.0
2018-12-21,261.099,261.198,256.849,259.913,120556.0
2018-12-24,259.814,266.732,258.628,265.546,157645.0
2018-12-25,262.087,263.471,257.343,262.285,157426.0
2018-12-26,261.791,264.657,259.32,259.913,87976.0
2018-12-27,263.471,264.064,255.96,256.454,137065.0
2018-12-28,257.047,259.814,253.192,255.564,136754.0
2019-01-02,257.047,257.64,237.281,238.566,314247.0
2019-01-03,238.566,239.06,229.473,233.031,288214.0
2019-01-04,231.153,241.728,229.276,240.74,246027.0
2019-01-07,241.827,242.519,238.071,240.542,179763.0
2019-01-08,240.938,244.693,238.664,243.211,150386.0
2019-01-09,244.1,248.745,242.025,245.78,204576.0
2019-01-10,245.187,251.512,243.408,246.966,163534.0
2019-01-11,246.571,246.571,242.519,244.594,133816.0
2019-01-14,244.594,245.187,235.996,237.083,165834.0
2019-01-15,238.566,247.954,237.083,246.67,240769.0
2019-01-16,247.164,250.425,245.286,250.03,209969.0
2019-01-17,249.635,255.663,248.943,250.919,217799.0
2019-01-18,251.018,261.494,251.018,259.814,278749.0
2019-01-21,260.802,265.744,257.146,259.814,276659.0
2019-01-22,258.826,258.826,252.006,253.489,171229.0
2019-01-23,252.402,254.774,250.03,253.192,108552.0
2019-01-24,254.181,254.774,249.338,252.698,137153.0
2019-01-25,255.07,259.221,251.512,256.454,190812.0
2019-01-28,259.715,262.482,255.663,258.727,242752.0
2019-01-29,258.628,260.802,252.995,259.023,162557.0
2019-01-30,255.762,257.343,251.117,251.908,172052.0
2019-01-31,251.018,257.442,250.524,255.169,182736.0
2019-02-01,257.837,264.261,257.343,263.372,193800.0
2019-02-11,261.198,268.709,260.209,268.215,226035.0
2019-02-12,268.808,283.335,268.808,280.173,412153.0
2019-02-13,284.423,284.719,277.9,282.545,311867.0
2019-02-14,283.138,285.016,279.185,283.632,259727.0
2019-02-15,282.545,282.545,274.243,274.836,312873.0
2019-02-18,277.801,284.521,277.801,284.521,313306.0
2019-02-19,284.521,285.411,277.406,278.196,355226.0
2019-02-20,277.505,277.505,269.796,274.935,278648.0
2019-02-21,274.342,278.295,271.97,273.156,254399.0
2019-02-22,271.674,276.417,268.709,276.121,253451.0
2019-02-25,277.603,290.451,275.824,288.277,608879.0
2019-02-26,299.445,314.566,295.887,305.967,865382.0
2019-02-27,304.386,312.984,302.508,307.055,539277.0
2019-02-28,308.241,318.717,305.078,310.02,524905.0
2019-03-01,314.862,316.246,304.386,309.328,367833.0
2019-03-04,312.293,323.559,312.293,317.827,628985.0
2019-03-05,317.827,320.1,312.194,318.321,361975.0
2019-03-06,318.321,325.635,315.356,320.594,399851.0
2019-03-07,318.124,318.124,307.351,310.118,505163.0
2019-03-08,302.311,308.142,297.863,298.16,398044.0
2019-03-11,305.77,312.194,303.299,308.735,391418.0
2019-03-12,314.072,318.124,308.438,313.083,478596.0
2019-03-13,312.391,330.576,310.316,324.844,691139.0
2019-03-14,321.088,325.635,308.438,312.787,423325.0
2019-03-15,313.973,321.187,311.304,316.345,346053.0
2019-03-18,317.234,329.588,312.194,328.204,531580.0
2019-03-19,328.599,329.588,320.199,323.46,397856.0
2019-03-20,322.373,326.524,316.246,321.484,355762.0
2019-03-21,321.187,323.559,319.211,320.199,325098.0
2019-03-22,320.199,321.681,313.479,319.705,314424.0
2019-03-25,314.17,318.124,310.612,310.81,301311.0
2019-03-26,315.752,316.345,303.003,305.078,323491.0
2019-03-27,306.165,314.664,305.375,312.49,301231.0
2019-03-28,311.798,312.688,307.845,308.339,234970.0
2019-03-29,310.118,320.001,309.229,319.902,392196.0
2019-04-01,321.088,327.611,318.124,326.722,564806.0
2019-04-02,325.536,326.722,321.187,322.67,401695.0
2019-04-03,321.879,322.867,318.914,322.077,278860.0
2019-04-04,323.164,324.053,316.147,318.222,384581.0
2019-04-08,319.408,320.792,310.316,314.17,319300.0
2019-04-09,314.269,328.995,311.996,328.995,588795.0
2019-04-10,329.489,344.313,324.152,339.372,719311.0
2019-04-11,338.878,342.93,323.362,325.042,495445.0
2019-04-12,324.251,325.042,318.42,323.065,236729.0
2019-04-15,326.524,327.611,314.763,315.159,305443.0
2019-04-16,312.293,320.891,310.118,320.693,227895.0
2019-04-17,320.693,325.536,318.42,322.077,232950.0
2019-04-18,321.583,321.78,315.949,316.246,170463.0
2019-04-19,316.345,321.879,316.147,319.309,159346.0
2019-04-22,319.112,319.211,312.391,313.676,193408.0
2019-04-23,314.072,316.74,311.008,311.502,144690.0
2019-04-24,311.502,314.17,306.462,313.577,171376.0
2019-04-25,312.984,316.641,307.845,308.043,189751.0
2019-04-26,307.45,310.118,304.88,305.572,153388.0
2019-04-29,308.834,313.083,306.165,311.008,217103.0
2019-04-30,308.537,313.973,306.264,313.182,169754.0
2019-05-06,304.09,304.09,286.498,288.079,310167.0
2019-05-07,291.44,297.172,288.178,292.329,173355.0
2019-05-08,287.882,295.492,285.51,288.969,152145.0
2019-05-09,288.475,290.254,279.283,279.679,223633.0
2019-05-10,283.731,288.573,275.231,287.486,240381.0
2019-05-13,282.545,287.388,280.766,281.952,159709.0
2019-05-14,281.161,283.533,279.185,279.679,129780.0
2019-05-15,282.347,287.091,280.964,286.202,188348.0
2019-05-16,285.806,288.771,282.545,288.475,129226.0
2019-05-17,288.376,288.573,280.568,281.26,136018.0
2019-05-20,280.371,280.371,271.871,274.638,149742.0
2019-05-21,276.22,282.446,274.737,279.679,129904.0
2019-05-22,280.766,283.335,277.109,280.074,92772.0
2019-05-23,279.679,279.679,274.638,275.33,96683.0
2019-05-24,273.65,276.615,272.958,273.65,74936.0
2019-05-27,274.638,275.726,269.005,275.231,152118.0
2019-05-28,275.923,279.086,273.255,278.196,155324.0
2019-05-29,274.935,277.801,273.354,275.528,101233.0
2019-05-30,274.144,274.144,269.796,271.476,116199.0
2019-05-31,271.871,274.144,269.104,270.092,110125.0
2019-06-03,270.685,273.947,268.215,269.302,121285.0
2019-06-04,269.302,270.29,260.605,261.889,196745.0
2019-06-05,262.68,263.866,245.978,251.018,408813.0
2019-06-06,249.239,251.71,246.077,247.46,160355.0
2019-06-10,248.745,251.414,246.966,249.635,155840.0
2019-06-11,251.216,258.925,250.228,258.628,198109.0
2019-06-12,257.837,257.837,254.378,255.564,120492.0
2019-06-13,255.466,259.913,252.698,257.936,105420.0
2019-06-14,258.332,260.901,255.169,255.663,113363.0
2019-06-17,264.657,272.563,262.68,264.558,376463.0
2019-06-18,264.756,267.029,259.616,261.494,182311.0
2019-06-19,267.72,269.005,263.372,263.668,168956.0
2019-06-20,263.965,271.674,262.779,270.883,259232.0
2019-06-21,270.685,276.813,269.697,274.836,226498.0
2019-06-24,274.935,276.22,271.674,276.121,152786.0
2019-06-25,275.627,276.417,269.005,272.464,164723.0
2019-06-26,272.464,282.051,270.685,281.161,207663.0
2019-06-27,280.371,283.632,278.493,281.754,177125.0
2019-06-28,280.272,281.557,274.441,275.627,157495.0
2019-07-01,281.655,286.498,279.975,285.411,255141.0
2019-07-02,285.016,289.957,282.94,287.882,190942.0
2019-07-03,285.51,292.23,285.411,289.166,213056.0
2019-07-04,289.364,291.242,286.498,287.585,130508.0
2019-07-05,289.265,291.835,288.277,290.55,130610.0
2019-07-08,290.649,290.847,279.382,283.434,197662.0
2019-07-09,285.312,288.475,282.545,284.917,120902.0
2019-07-10,286.498,301.915,285.609,295.59,333497.0
2019-07-11,297.073,297.962,290.55,294.503,206277.0
2019-07-12,294.404,297.468,292.131,293.713,147966.0
2019-07-15,292.922,301.718,288.672,296.974,227522.0
2019-07-16,297.172,299.939,294.009,295.689,108754.0
2019-07-17,295.689,295.689,290.847,291.242,133426.0
2019-07-18,290.847,290.847,284.225,286.893,140921.0
2019-07-19,288.573,291.143,283.731,284.027,142447.0
2019-07-22,284.521,291.341,281.853,287.289,145537.0
2019-07-23,287.289,289.068,285.016,286.103,101510.0
2019-07-24,288.475,294.207,287.684,290.254,144652.0
2019-07-25,289.759,291.736,287.783,290.254,130472.0
2019-07-26,289.562,294.602,288.573,293.021,132924.0
2019-07-29,292.527,292.625,288.475,289.759,101180.0
2019-07-30,289.759,291.44,288.969,290.55,82247.0
2019-07-31,292.527,293.317,284.521,285.51,137744.0
2019-08-01,283.928,285.51,279.481,282.15,139715.0
2019-08-02,275.923,277.307,272.761,274.836,140386.0
2019-08-05,273.65,274.342,268.906,270.389,99810.0
2019-08-06,265.447,272.365,261.988,271.674,163160.0
2019-08-07,269.993,272.86,268.709,269.104,92779.0
2019-08-08,269.401,277.603,269.401,274.836,128675.0
2019-08-09,277.109,279.58,274.342,274.935,105149.0
2019-08-12,274.144,279.778,273.354,279.185,79380.0
2019-08-13,277.801,279.58,270.883,273.65,104091.0
2019-08-14,277.406,278.789,273.749,275.429,104837.0
2019-08-15,271.377,278.098,270.191,277.406,100212.0
2019-08-16,278.295,287.388,276.813,284.818,195904.0
2019-08-19,288.178,292.131,286.399,291.143,169768.0
2019-08-20,291.044,293.416,289.166,291.44,125727.0
2019-08-21,288.87,289.957,285.609,286.696,150577.0
2019-08-22,290.254,293.12,288.277,289.759,122621.0
2019-08-23,289.562,301.619,288.672,300.532,285119.0
2019-08-26,293.713,313.577,293.713,309.525,429686.0
2019-08-27,308.636,313.281,304.485,307.944,310187.0
2019-08-28,305.77,307.746,300.828,303.497,213745.0
2019-08-29,302.706,306.462,300.137,303.694,144375.0
2019-08-30,305.375,308.932,298.753,302.014,176907.0
2019-09-02,301.619,308.834,299.741,307.45,209505.0
2019-09-03,307.055,309.229,303.299,304.782,139520.0
2019-09-04,303.991,307.055,302.014,306.363,130059.0
2019-09-05,307.944,313.083,306.264,312.49,246876.0
2019-09-06,312.688,313.083,309.723,312.391,148925.0
2019-09-09,313.676,316.641,308.932,313.083,219934.0
2019-09-10,311.798,317.333,308.537,309.921,223533.0
2019-09-11,310.612,311.403,301.52,301.619,238610.0
2019-09-12,303.398,303.991,296.677,300.038,227247.0
2019-09-16,302.014,303.101,298.555,300.631,120889.0
2019-09-17,300.038,301.915,294.306,296.085,162078.0
2019-09-18,296.085,298.951,295.393,296.381,126199.0
2019-09-19,298.16,301.026,295.887,300.235,156018.0
2019-09-20,302.805,308.241,302.113,305.473,242376.0
2019-09-23,304.979,304.979,297.369,299.049,140269.0
2019-09-24,299.148,302.706,292.625,295.195,269150.0
2019-09-25,294.602,294.602,282.051,282.644,328088.0
2019-09-26,283.731,284.225,276.121,277.01,189825.0
2019-09-27,278.098,280.766,276.022,277.9,129160.0
2019-09-30,278.098,281.655,277.999,278.493,97445.0
2019-10-08,278.493,283.533,277.9,279.481,124700.0
2019-10-09,277.603,277.603,271.97,275.726,129308.0
2019-10-10,275.824,283.138,275.824,280.766,141637.0
2019-10-11,280.964,281.26,275.33,278.987,159099.0
2019-10-14,281.754,284.126,279.481,280.964,175027.0
2019-10-15,280.964,283.138,277.603,278.394,132117.0
2019-10-16,278.69,280.272,276.319,276.417,117239.0
2019-10-17,276.417,278.196,275.528,277.307,87685.0
2019-10-18,277.702,282.94,276.912,279.185,178266.0
2019-10-21,278.888,281.26,276.121,277.702,113341.0
2019-10-22,277.702,279.58,276.022,279.382,87972.0
2019-10-23,279.283,279.679,275.824,276.22,90364.0
2019-10-24,275.824,276.022,270.784,270.883,116963.0
2019-10-25,271.674,274.243,269.895,273.947,93256.0
2019-10-28,268.906,276.714,268.906,274.638,130939.0
2019-10-29,274.144,283.138,272.86,281.458,219318.0
2019-10-30,281.853,282.743,272.86,275.33,168163.0
2019-10-31,275.824,280.667,273.749,280.371,160772.0
2019-11-01,281.952,285.51,278.789,283.731,203797.0
2019-11-04,286.597,287.98,283.83,284.225,164170.0
2019-11-05,284.324,286.103,281.853,283.434,139120.0
2019-11-06,283.434,284.917,279.876,280.469,104994.0
2019-11-07,282.248,300.532,281.359,294.602,397921.0
2019-11-08,295.689,297.765,292.131,294.8,248857.0
2019-11-11,294.8,297.567,291.835,293.12,216689.0
2019-11-12,293.416,295.492,288.178,293.218,161414.0
2019-11-13,293.12,298.061,290.649,295.788,225204.0
2019-11-14,295.788,296.974,291.44,294.009,148914.0
2019-11-15,296.381,299.148,292.428,296.183,242764.0
2019-11-18,294.701,303.991,294.701,302.212,252218.0
2019-11-19,302.212,304.782,300.631,303.398,208551.0
2019-11-20,302.212,303.2,299.049,300.631,171120.0
2019-11-21,299.939,301.322,291.44,292.625,221901.0
2019-11-22,294.404,294.404,281.754,282.446,309824.0
2019-11-25,281.359,282.248,277.9,281.952,147056.0
2019-11-26,281.853,286.498,280.964,285.114,149761.0
2019-11-27,283.928,286.696,281.557,285.114,107756.0
2019-11-28,285.114,285.213,282.15,282.446,73245.0
2019-11-29,283.434,283.533,275.231,277.307,216429.0
2019-12-02,275.824,278.394,275.429,277.01,94003.0
2019-12-03,276.022,276.516,271.772,276.022,124071.0
2019-12-04,274.638,277.307,274.046,275.528,89166.0
2019-12-05,277.01,279.778,275.824,278.789,118980.0
2019-12-06,279.481,279.58,277.01,278.394,89584.0
2019-12-09,277.603,278.493,274.737,277.01,119196.0
2019-12-10,277.406,281.359,275.824,278.592,145176.0
2019-12-11,278.69,280.074,276.319,277.208,111357.0
2019-12-12,277.999,277.999,274.935,275.824,102190.0
2019-12-13,277.801,280.173,276.813,279.679,148916.0
2019-12-16,281.655,283.632,278.888,283.533,149906.0
2019-12-17,283.237,287.585,281.359,286.992,174721.0
2019-12-18,286.992,287.585,283.83,284.917,145583.0
2019-12-19,286.696,291.341,285.905,290.352,194584.0
2019-12-20,291.637,292.131,288.573,289.068,144622.0
2019-12-23,289.068,291.934,285.016,285.411,121697.0
2019-12-24,286.498,290.847,285.312,290.056,138706.0
2019-12-25,289.759,290.847,286.498,287.585,115082.0
2019-12-26,287.882,289.957,286.696,288.672,93789.0
2019-12-27,288.771,292.428,287.783,288.079,161741.0
2019-12-30,287.585,288.672,283.138,287.684,143777.0
2019-12-31,287.684,294.108,287.684,291.637,205318.0
2020-01-02,293.317,296.381,290.55,295.986,237973.0
2020-01-03,296.085,297.863,292.428,296.579,204279.0
2020-01-06,294.404,297.073,291.934,292.625,191874.0
2020-01-07,292.823,297.073,292.823,294.602,148924.0
2020-01-08,293.021,293.515,288.475,288.672,176739.0
2020-01-09,290.748,293.021,290.056,291.637,165439.0
2020-01-10,292.625,297.567,292.428,295.195,232936.0
2020-01-13,295.393,296.579,293.515,296.282,151950.0
2020-01-14,296.776,297.666,293.614,293.91,156774.0
2020-01-15,293.614,296.48,291.637,292.428,129075.0
2020-01-16,293.021,294.8,291.44,294.8,136221.0
2020-01-17,294.503,299.544,293.811,294.8,231253.0
2020-01-20,298.061,301.322,294.997,299.544,273881.0
2020-01-21,301.026,306.758,299.445,304.09,426808.0
2020-01-22,305.276,305.276,294.207,296.183,345334.0
2020-01-23,295.492,298.358,283.731,287.486,291100.0
2020-02-03,265.843,285.411,265.843,282.446,455989.0
2020-02-04,292.428,298.16,283.434,297.567,529687.0
2020-02-05,300.73,310.612,294.701,309.822,628574.0
2020-02-06,309.427,320.792,303.892,307.648,800543.0
2020-02-07,307.45,312.589,298.358,301.718,531686.0
2020-02-10,301.915,303.497,295.59,298.259,299224.0
2020-02-11,298.951,299.84,293.614,297.765,231128.0
2020-02-12,297.567,300.73,295.096,298.16,246144.0
2020-02-13,298.951,298.951,291.736,292.823,277099.0
2020-02-14,293.218,295.096,288.376,290.254,235032.0
2020-02-17,290.155,293.515,288.969,293.218,239261.0
2020-02-18,293.811,295.096,289.463,290.945,280860.0
2020-02-19,290.945,290.945,286.103,286.597,265623.0
2020-02-20,286.202,288.672,285.213,288.277,214659.0
2020-02-21,288.376,290.945,286.399,289.957,257213.0
2020-02-24,291.044,294.306,289.957,293.515,326227.0
2020-02-25,293.416,320.001,291.934,318.42,1089673.0
2020-02-26,317.036,320.298,305.869,305.869,697312.0
2020-02-27,309.031,313.281,304.287,305.967,355266.0
2020-02-28,300.828,304.485,293.515,294.404,392695.0
2020-03-02,296.875,303.003,294.602,301.52,300811.0
2020-03-03,304.189,308.438,301.125,302.805,312954.0
2020-03-04,302.014,313.775,298.061,310.612,399728.0
2020-03-05,311.008,313.775,308.142,312.194,353492.0
2020-03-06,310.415,316.345,309.031,310.02,306265.0
2020-03-09,303.497,310.02,302.311,304.287,359338.0
2020-03-10,305.473,308.438,298.555,305.177,376748.0
2020-03-11,305.177,306.066,299.148,299.445,267842.0
2020-03-12,296.974,298.358,289.562,291.538,231342.0
2020-03-13,279.778,287.486,276.022,286.696,292681.0
2020-03-16,305.177,310.415,292.625,295.195,666481.0
2020-03-17,303.497,317.629,295.492,317.333,950123.0
2020-03-18,323.263,337.889,311.205,311.601,1182025.0
2020-03-19,319.013,325.536,310.81,323.757,906950.0
2020-03-20,324.646,324.646,314.368,320.891,601406.0
2020-03-23,312.984,318.025,303.694,304.782,497419.0
2020-03-24,309.229,331.762,298.753,328.501,885958.0
2020-03-25,327.512,343.029,322.274,334.233,883644.0
2020-03-26,330.082,364.771,328.698,364.771,1042548.0
2020-03-27,375.642,375.642,349.848,351.429,1114201.0
2020-03-30,354.888,367.143,348.267,357.853,801058.0
2020-03-31,361.411,362.597,349.551,353.505,605882.0
2020-04-01,349.848,352.319,340.854,341.645,597188.0
2020-04-02,341.546,347.377,335.419,345.005,521339.0
2020-04-03,344.017,362.3,343.029,354.493,712072.0
2020-04-07,354.394,367.044,350.54,363.486,669186.0
2020-04-08,362.795,376.631,355.876,363.684,774592.0
2020-04-09,364.771,374.16,359.928,361.016,606572.0
2020-04-10,356.865,368.131,348.958,353.702,566974.0
2020-04-13,354.888,364.178,352.912,358.248,434765.0
2020-04-14,359.632,370.306,353.9,367.736,571694.0
2020-04-15,366.748,379.398,364.573,372.183,612420.0
2020-04-16,369.12,397.78,366.254,389.775,897125.0
2020-04-17,387.008,390.467,380.189,380.386,577572.0
2020-04-20,384.339,400.251,382.56,395.408,710556.0
2020-04-21,393.926,406.28,390.862,400.152,611914.0
2020-04-22,394.42,398.274,391.356,395.408,400480.0
2020-04-23,409.245,413.0,386.909,388.391,855192.0
2020-04-24,388.293,393.333,375.346,377.619,666659.0
2020-04-27,380.09,389.083,373.172,386.613,546647.0
2020-04-28,382.56,387.008,371.788,378.508,472332.0
2020-04-29,378.212,383.746,364.771,364.771,492418.0
2020-04-30,359.928,363.388,351.627,361.114,649289.0
2020-05-06,359.731,366.649,357.853,366.649,438700.0
2020-05-07,365.562,369.12,361.609,361.806,354451.0
2020-05-08,362.3,366.254,357.458,359.237,412859.0
2020-05-11,363.289,365.265,359.434,363.289,349843.0
2020-05-12,363.091,368.527,360.917,365.661,362891.0
2020-05-13,364.771,364.771,359.039,362.893,285810.0
2020-05-14,360.324,360.324,348.464,348.464,519528.0
2020-05-15,350.935,353.9,346.389,352.417,319309.0
2020-05-18,352.813,361.213,347.674,354.098,391126.0
2020-05-19,361.411,365.265,353.9,354.295,433615.0
2020-05-20,353.307,353.801,346.982,348.168,365269.0
2020-05-21,348.168,360.324,344.215,354.987,474209.0
2020-05-22,352.121,352.516,334.826,336.506,466349.0
2020-05-25,336.407,342.436,335.122,338.482,204561.0
2020-05-26,340.558,343.819,338.878,340.558,188310.0
2020-05-27,340.953,341.941,330.971,335.32,273627.0
2020-05-28,334.134,337.593,324.844,328.402,304420.0
2020-05-29,328.797,334.727,328.501,332.652,237235.0
2020-06-01,337.099,339.471,335.221,337.988,250931.0
2020-06-02,337.099,337.099,331.96,333.936,263394.0
2020-06-03,334.925,343.226,334.233,338.581,343677.0
2020-06-04,340.261,340.558,333.64,335.221,197131.0
2020-06-05,335.023,337.296,330.675,337.099,192784.0
2020-06-08,336.901,338.878,333.442,334.529,183441.0
2020-06-09,334.925,339.767,332.948,337.692,224843.0
2020-06-10,338.482,348.365,335.616,348.365,458277.0
2020-06-11,345.796,350.935,341.645,345.994,379350.0
2020-06-12,341.052,359.83,340.953,354.888,513968.0
2020-06-15,360.225,364.672,353.01,358.347,475904.0
2020-06-16,358.347,360.521,353.307,358.841,319447.0
2020-06-17,363.388,374.654,363.289,373.073,607247.0
2020-06-18,372.183,372.183,360.917,361.51,470725.0
2020-06-19,357.359,364.475,357.359,361.213,323797.0
2020-06-22,359.83,360.62,350.046,354.888,416385.0
2020-06-23,354.196,356.865,351.627,356.074,263415.0
2020-06-24,355.975,357.359,350.737,351.528,268249.0
2020-06-29,352.22,363.783,352.121,363.585,412098.0
2020-06-30,364.079,364.475,359.533,363.289,340714.0
2020-07-01,363.091,363.091,352.912,356.667,408416.0
2020-07-02,363.585,383.351,363.486,369.416,796729.0
2020-07-03,371.59,371.59,360.917,368.922,504572.0
2020-07-06,368.922,379.596,365.957,377.915,631635.0
2020-07-07,379.398,386.514,374.753,379.892,659338.0
2020-07-08,379.299,381.572,375.346,379.991,471894.0
2020-07-09,378.508,390.467,376.927,384.537,578583.0
2020-07-10,382.758,389.874,378.311,379.991,497894.0
2020-07-13,383.252,404.007,383.252,400.745,644843.0
2020-07-14,419.918,429.01,407.07,413.593,952882.0
2020-07-15,423.674,452.038,419.127,452.038,1337557.0
2020-07-16,451.741,451.741,409.739,409.739,1287031.0
2020-07-17,405.785,432.766,398.274,425.057,835496.0
2020-07-20,437.411,446.701,426.342,434.446,649853.0
2020-07-21,440.376,470.42,440.376,463.206,930480.0
2020-07-22,452.631,467.851,451.247,456.386,667696.0
2020-07-23,471.606,499.18,464.589,499.18,1363361.0
2020-07-24,488.308,540.589,483.169,504.319,1626637.0
2020-07-27,510.051,551.856,506.295,551.856,934269.0
2020-07-28,570.238,587.138,522.899,535.549,1887338.0
2020-07-29,528.334,584.964,527.84,581.109,1516693.0
2020-07-30,595.934,635.96,586.051,615.7,1951186.0
2020-07-31,596.922,653.255,596.033,647.622,1560381.0
2020-08-03,651.278,709.094,629.141,709.094,1522937.0
2020-08-04,724.412,769.676,661.656,697.531,2187965.0
2020-08-05,670.847,764.043,665.213,764.043,1767912.0
2020-08-06,783.71,815.237,725.104,779.757,2071434.0
2020-08-07,754.259,775.804,706.425,721.447,1793634.0
2020-08-10,705.635,705.635,666.103,669.068,1566318.0
2020-08-11,658.987,684.386,640.407,646.436,1395209.0
2020-08-12,645.349,652.267,592.771,611.351,1514843.0
2020-08-13,621.827,639.221,602.654,626.077,1369695.0
2020-08-14,611.747,620.345,588.324,607.793,1074157.0
2020-08-17,615.799,626.966,599.689,618.665,1020673.0
2020-08-18,614.711,630.326,604.631,610.956,908549.0
2020-08-19,605.817,605.817,567.372,568.36,1220360.0
2020-08-20,564.308,581.801,559.861,574.685,769445.0
2020-08-21,576.069,580.912,556.402,561.245,710980.0
2020-08-24,566.581,572.709,551.658,569.349,570876.0
2020-08-25,570.337,572.215,554.623,556.204,522910.0
2020-08-26,561.343,576.761,556.995,558.774,829591.0
2020-08-27,554.722,556.303,535.45,553.239,676090.0
2020-08-28,565.099,591.882,556.007,588.324,1201179.0
2020-08-31,588.324,588.522,571.226,574.389,720581.0
2020-09-01,566.285,572.313,555.414,563.32,515368.0
2020-09-02,561.343,569.645,558.181,559.367,370647.0
2020-09-03,563.32,569.052,553.536,555.611,464093.0
2020-09-04,536.735,556.402,536.636,552.449,407955.0
2020-09-07,552.053,552.053,524.579,525.567,571935.0
2020-09-08,532.782,537.328,522.602,531.892,356652.0
2020-09-09,523.59,523.689,508.074,508.074,513087.0
2020-09-10,519.835,525.567,510.94,511.039,391340.0
2020-09-11,512.917,520.527,509.062,511.039,342200.0
2020-09-14,513.51,519.341,499.575,504.516,408013.0
2020-09-15,506.888,529.718,500.365,523.59,573403.0
2020-09-16,520.329,520.626,496.116,499.081,593425.0
2020-09-17,494.238,499.674,486.134,494.93,417012.0
2020-09-18,494.831,507.877,493.25,504.516,376921.0
2020-09-21,505.01,513.905,497.499,507.284,330919.0
2020-09-22,503.726,522.8,502.046,510.644,510491.0
2020-09-23,511.138,550.67,503.034,548.001,1038434.0
2020-09-24,536.636,551.164,530.113,541.083,726274.0
2020-09-25,537.13,564.209,535.845,546.42,694163.0
2020-09-28,549.484,555.908,529.125,532.189,443527.0
2020-09-29,529.619,531.003,514.992,527.642,397685.0
2020-09-30,527.741,532.189,516.178,517.957,304458.0
2020-10-09,541.775,566.483,533.177,566.483,766675.0
2020-10-12,580.22,585.557,567.965,579.429,751414.0
2020-10-13,579.528,631.414,570.238,614.217,978389.0
2020-10-14,614.711,650.29,602.457,622.618,1068728.0
2020-10-15,613.723,636.059,601.073,624.693,815849.0
2020-10-16,622.618,647.325,620.641,639.518,716578.0
2020-10-19,645.25,650.29,606.014,606.41,762601.0
2020-10-20,606.41,618.368,601.864,614.711,461438.0
2020-10-21,617.676,638.925,613.229,613.723,637700.0
2020-10-22,600.875,600.875,579.429,583.679,651091.0
2020-10-23,583.679,589.016,547.31,553.931,726353.0
2020-10-26,554.425,568.261,548.99,562.134,407446.0
2020-10-27,548.496,564.308,546.519,558.675,309269.0
2020-10-28,562.332,564.111,547.31,558.477,305864.0
2020-10-29,547.112,586.644,546.124,586.644,705279.0
2020-10-30,596.033,596.033,564.308,570.04,516091.0
2020-11-02,572.313,574.982,546.519,556.896,416059.0
2020-11-03,557.193,570.633,548.298,565.494,315413.0
2020-11-04,563.32,565.494,552.548,555.908,273585.0
2020-11-05,561.343,565.395,550.373,554.821,332313.0
2020-11-06,550.867,550.966,515.684,521.317,773509.0
2020-11-09,524.282,548.001,522.306,541.676,576107.0
2020-11-10,592.574,592.574,582.888,592.574,1109118.0
2020-11-11,592.574,627.559,554.722,593.957,1505317.0
2020-11-12,595.934,635.466,586.051,617.083,1228821.0
2020-11-13,595.934,610.758,589.51,599.195,793314.0
2020-11-16,609.276,619.554,595.934,603.939,635291.0
2020-11-17,576.168,579.133,555.908,560.355,877848.0
2020-11-18,559.367,559.367,538.118,541.973,604098.0
2020-11-19,547.31,556.007,543.554,549.286,388139.0
2020-11-20,552.449,555.908,543.554,551.856,306518.0
2020-11-23,558.378,575.575,554.623,573.895,556800.0
2020-11-24,566.285,567.965,554.524,556.6,389860.0
2020-11-25,551.46,568.459,542.072,557.884,477284.0
2020-11-26,539.601,549.978,539.601,542.467,388849.0
2020-11-27,541.577,545.036,532.683,540.095,278800.0
2020-11-30,541.479,546.519,536.339,546.519,304550.0
2020-12-01,551.955,560.849,548.001,550.67,437361.0
2020-12-02,556.698,557.884,544.74,551.164,341582.0
2020-12-03,558.971,581.307,556.501,580.121,849925.0
2020-12-04,568.953,584.074,566.285,579.034,596712.0
2020-12-07,571.226,574.092,564.308,567.076,372236.0
2020-12-08,567.767,573.994,560.553,561.64,265944.0
2020-12-09,564.308,581.603,558.477,576.86,603326.0
2020-12-10,566.285,578.836,562.431,574.587,476320.0
2020-12-11,574.488,599.59,566.581,596.131,873440.0
2020-12-14,602.358,605.817,582.691,588.324,617616.0
2020-12-15,574.191,587.039,571.325,573.598,496409.0
2020-12-16,580.121,598.503,576.86,593.76,694847.0
2020-12-17,598.108,615.601,586.051,592.178,892418.0
2020-12-18,592.277,594.55,576.662,585.161,531449.0
2020-12-21,585.557,590.992,574.092,589.609,532857.0
2020-12-22,585.952,614.514,584.272,603.148,886973.0
2020-12-23,595.835,606.805,586.051,604.631,597950.0
2020-12-24,605.817,609.078,596.033,600.678,510511.0
2020-12-25,599.887,599.887,581.109,582.987,517973.0
2020-12-28,584.865,589.806,556.995,557.489,578950.0
2020-12-29,552.449,552.449,536.735,542.368,474022.0
2020-12-30,539.107,550.274,539.107,544.444,321681.0
2020-12-31,549.385,590.992,544.641,566.186,673206.0
2021-01-04,556.303,558.181,546.914,556.105,493305.0
2021-01-05,551.46,559.169,544.641,552.449,434522.0
2021-01-06,556.007,565.099,551.658,564.407,539799.0
2021-01-07,563.023,563.023,547.31,548.891,439672.0
2021-01-08,548.891,553.042,544.839,550.176,278083.0
2021-01-11,549.484,549.484,526.852,528.038,539676.0
2021-01-12,528.235,538.909,528.137,536.735,288702.0
2021-01-13,539.897,540.293,525.369,528.038,359824.0
2021-01-14,528.532,532.485,515.585,517.858,348550.0
2021-01-15,520.131,528.73,513.905,527.741,266347.0
2021-01-18,526.654,534.659,518.847,529.619,252059.0
2021-01-19,529.619,530.607,521.812,525.765,242533.0
2021-01-20,525.271,531.596,520.823,526.951,261426.0
2021-01-21,533.671,539.304,529.817,531.299,321813.0
2021-01-22,531.398,545.036,531.398,543.949,528516.0
2021-01-25,547.013,553.042,527.544,527.84,450660.0
2021-01-26,537.229,540.787,526.753,528.038,308026.0
2021-01-27,525.172,525.172,509.655,516.672,346965.0
2021-01-28,511.533,511.533,489.0,491.273,396441.0
2021-01-29,491.174,495.325,472.99,481.983,351218.0
2021-02-01,482.28,501.947,475.263,496.017,276861.0
2021-02-02,495.226,514.893,486.332,503.034,331080.0
2021-02-03,494.436,509.853,489.0,493.645,306843.0
2021-02-04,493.645,501.947,484.355,487.715,213259.0
2021-02-05,493.645,512.225,492.558,501.255,397926.0
2021-02-08,502.046,509.754,489.198,489.692,329434.0
2021-02-09,493.942,501.848,489.494,497.499,246286.0
2021-02-10,501.551,537.624,494.238,529.817,624464.0
2021-02-18,530.113,530.212,508.173,510.94,489846.0
2021-02-19,507.185,509.952,495.424,504.22,314037.0
2021-02-22,504.22,507.975,497.104,497.203,301147.0
2021-02-23,494.436,503.825,488.012,495.72,271746.0
2021-02-24,495.918,496.61,482.873,485.245,274591.0
2021-02-25,483.466,491.668,483.466,485.245,193483.0
2021-02-26,481.094,489.791,478.326,487.616,201210.0
2021-03-01,487.715,492.064,484.256,489.395,170062.0
2021-03-02,489.494,489.791,476.251,477.437,236497.0
2021-03-03,475.362,477.338,465.676,474.67,254522.0
2021-03-04,472.397,472.397,454.41,454.607,326709.0
2021-03-05,447.689,456.782,443.242,453.125,193129.0
2021-03-08,453.916,459.845,428.714,430.888,304486.0
2021-03-09,428.912,437.609,407.07,424.86,348561.0
2021-03-10,427.923,430.888,414.482,416.064,237687.0
2021-03-11,416.163,425.354,413.099,422.685,190965.0
2021-03-12,424.761,432.074,420.116,425.848,216399.0
2021-03-15,426.046,435.83,423.97,427.33,258923.0
2021-03-16,427.232,429.9,418.633,426.243,138114.0
2021-03-17,423.871,427.824,420.116,426.836,107005.0
2021-03-18,428.912,433.952,427.232,429.702,169886.0
2021-03-19,424.662,428.615,421.104,424.464,131350.0
2021-03-22,424.464,427.034,421.203,427.034,124551.0
2021-03-23,428.813,434.347,425.453,427.627,179465.0
2021-03-24,424.958,425.156,395.013,404.797,364161.0
2021-03-25,398.274,417.645,395.902,414.878,236222.0
2021-03-26,416.064,421.796,411.32,419.622,169660.0
2021-03-29,418.04,422.784,416.953,419.226,115440.0
2021-03-30,418.732,429.406,415.965,420.116,205435.0
2021-03-31,422.685,430.592,418.831,425.848,179296.0
2021-04-01,428.22,430.888,425.848,429.406,133782.0
2021-04-02,432.865,441.562,430.691,434.94,180356.0
2021-04-06,436.423,439.684,429.406,432.371,120592.0
2021-04-07,428.319,430.691,425.255,429.999,123385.0
2021-04-08,428.417,453.026,427.133,448.183,401339.0
2021-04-09,448.183,448.678,434.841,435.533,241859.0
2021-04-12,435.929,451.939,431.877,442.352,300962.0
2021-04-13,440.277,447.195,438.498,440.672,163113.0
2021-04-14,439.783,444.922,429.9,436.917,171803.0
2021-04-15,435.83,439.981,429.702,433.952,124696.0
2021-04-16,435.929,460.043,435.434,456.88,486522.0
2021-04-19,462.514,492.657,460.537,481.785,576508.0
2021-04-20,480.402,480.797,468.641,472.199,299121.0
2021-04-21,468.542,490.779,468.443,487.122,389561.0
2021-04-22,490.186,504.714,489.494,489.791,514010.0
2021-04-23,489.791,521.12,489.791,509.853,576925.0
2021-04-26,524.776,535.45,516.87,521.614,580044.0
2021-04-27,520.428,528.433,502.144,513.707,403643.0
2021-04-28,514.992,561.838,514.992,561.838,1052496.0
2021-04-29,559.663,581.109,551.658,573.796,937444.0
2021-04-30,581.505,627.955,577.156,627.955,1077698.0
2021-05-06,581.208,604.137,568.459,568.459,1620838.0
2021-05-07,579.429,581.01,552.449,572.709,1055663.0
2021-05-10,626.769,626.769,626.769,626.769,183991.0
2021-05-11,665.115,676.282,627.658,656.615,1334171.0
2021-05-12,650.784,674.602,628.844,657.307,896540.0
2021-05-13,640.901,709.094,632.105,689.921,970878.0
2021-05-14,689.822,755.643,677.271,727.377,1466930.0
2021-05-17,749.021,749.021,698.124,721.546,1094594.0
2021-05-18,713.343,714.332,654.046,664.126,1190612.0
2021-05-19,660.173,685.473,640.605,674.998,967665.0
2021-05-20,660.173,675.986,646.535,656.714,646744.0
2021-05-21,667.981,681.125,652.464,660.173,626797.0
2021-05-24,661.656,664.62,623.31,651.674,656978.0
2021-05-25,675.492,683.695,660.371,668.079,739189.0
2021-05-26,653.255,729.354,648.314,718.977,1205297.0
2021-05-27,703.658,714.628,692.787,699.606,578101.0
2021-05-28,695.653,733.011,687.944,712.059,714452.0
2021-05-31,724.412,742.202,712.849,718.483,615169.0
2021-06-01,722.238,722.436,701.286,705.931,453270.0
2021-06-02,706.03,715.913,686.561,698.914,558798.0
2021-06-03,698.717,709.193,674.899,674.998,482813.0
2021-06-04,665.115,679.84,646.535,669.957,469353.0
2021-06-07,669.858,679.05,656.22,672.033,307117.0
2021-06-08,666.301,703.559,665.609,683.892,495377.0
2021-06-09,680.235,680.235,654.441,656.121,505634.0
2021-06-10,664.818,694.763,658.888,680.927,554300.0
2021-06-11,680.433,709.588,666.597,703.46,577846.0
2021-06-15,689.822,701.682,649.895,658.789,682149.0
2021-06-16,652.267,666.893,636.454,636.948,418836.0
2021-06-17,637.442,657.603,631.414,647.819,291304.0
2021-06-18,650.29,660.865,640.605,652.267,268541.0
2021-06-21,646.535,663.929,642.384,655.232,289412.0
2021-06-22,657.208,707.216,649.302,697.037,696042.0
2021-06-23,700.792,732.813,690.81,708.698,658537.0
2021-06-24,714.529,717.0,691.7,706.722,289829.0
2021-06-25,714.529,715.814,681.224,694.862,450033.0
2021-06-28,700.199,761.078,699.705,761.078,877423.0
2021-06-29,761.77,761.77,739.434,744.969,510193.0
2021-06-30,742.696,767.799,740.225,745.463,417860.0
2021-07-01,745.364,778.769,744.969,763.944,563644.0
2021-07-02,754.555,780.35,739.434,744.178,529841.0
2021-07-05,752.085,772.444,729.156,749.021,496037.0
2021-07-06,742.202,742.202,677.369,679.939,921423.0
2021-07-07,666.004,684.386,653.255,674.009,439809.0
2021-07-08,670.056,673.021,646.535,653.255,538204.0
2021-07-09,663.533,664.818,644.459,661.161,358806.0
2021-07-12,681.817,687.648,662.94,676.974,454812.0
2021-07-13,677.765,679.939,658.196,670.353,277897.0
2021-07-14,663.138,684.88,662.644,673.317,314240.0
2021-07-15,689.822,722.436,685.671,715.221,690479.0
2021-07-16,725.895,775.31,709.588,761.375,762102.0
2021-07-19,768.194,785.983,754.555,775.606,554962.0
2021-07-20,792.901,805.156,773.135,780.251,538505.0
2021-07-21,780.35,854.571,776.199,847.258,946627.0
2021-07-22,839.154,846.269,795.965,805.749,721561.0
2021-07-23,819.585,837.276,797.349,805.749,481350.0
2021-07-26,807.627,807.627,728.86,738.545,822325.0
2021-07-27,741.115,755.84,716.209,716.802,511797.0
2021-07-28,702.966,740.126,680.235,732.121,576362.0
2021-07-29,762.758,784.007,748.823,775.606,607015.0
2021-07-30,775.31,847.851,755.346,846.072,852244.0
2021-08-02,867.122,874.732,817.609,851.112,743007.0
2021-08-03,827.492,915.252,822.748,893.806,846235.0
2021-08-04,890.94,914.462,881.65,900.626,724260.0
2021-08-05,926.321,943.024,894.696,899.341,602194.0
2021-08-06,867.024,867.024,813.063,825.812,1031185.0
2021-08-09,795.866,801.697,768.392,790.925,753028.0
2021-08-10,807.726,819.19,785.983,798.633,504412.0
2021-08-11,795.273,795.273,750.405,752.974,735218.0
2021-08-12,730.737,778.67,723.819,777.089,704139.0
2021-08-13,766.217,770.368,739.039,745.957,517477.0
2021-08-16,737.754,751.393,728.662,730.836,385025.0
2021-08-17,722.337,737.557,689.822,691.107,598712.0
2021-08-18,703.955,711.861,694.665,698.815,310098.0
2021-08-19,697.926,719.767,689.328,703.955,342962.0
2021-08-20,694.072,694.072,651.476,663.731,639104.0
2021-08-23,670.155,713.343,659.481,713.245,573068.0
2021-08-24,723.128,737.458,707.018,707.71,472945.0
2021-08-25,710.873,745.858,701.978,731.232,469779.0
2021-08-26,717.395,720.756,689.13,690.316,418768.0
2021-08-27,689.13,704.251,680.038,698.519,319437.0
2021-08-30,687.845,691.502,666.597,676.085,339116.0
2021-08-31,668.475,676.282,656.813,662.446,315462.0
2021-09-01,663.731,679.247,649.697,666.004,367564.0
2021-09-02,674.899,677.864,649.895,651.476,306327.0
2021-09-03,648.61,662.446,636.059,655.528,278312.0
2021-09-06,651.575,684.189,644.953,675.689,380937.0
2021-09-07,673.219,673.713,656.516,667.388,311617.0
2021-09-08,668.376,680.927,665.806,671.242,282505.0
2021-09-09,668.376,675.195,651.773,655.034,273324.0
2021-09-10,653.255,659.481,648.116,656.418,211862.0
2021-09-13,664.423,679.84,661.952,666.795,309613.0
2021-09-14,659.778,673.12,657.208,659.58,229509.0
2021-09-15,659.58,659.58,614.02,623.507,552178.0
2021-09-16,622.717,622.717,604.433,605.224,352649.0
2021-09-17,607.003,624.1,596.626,616.984,334354.0
2021-09-22,599.195,616.392,597.91,600.48,261053.0
2021-09-23,598.009,609.572,597.219,600.282,224829.0
2021-09-24,601.172,608.584,596.724,603.346,227084.0
2021-09-27,600.282,623.606,593.562,623.408,427591.0
2021-09-28,613.723,614.02,598.8,599.195,287306.0
2021-09-29,590.795,591.19,548.001,551.263,540482.0
2021-09-30,551.263,562.925,550.966,553.733,315948.0
2021-10-08,531.101,552.943,521.614,545.827,426488.0
2021-10-11,544.839,555.414,541.874,546.914,242039.0
2021-10-12,546.914,549.681,531.003,536.932,206786.0
2021-10-13,536.932,540.886,525.468,540.589,197652.0
2021-10-14,540.886,544.345,533.968,538.909,139024.0
2021-10-15,538.909,544.641,531.497,535.252,193470.0
2021-10-18,536.834,537.525,527.939,533.968,193134.0
2021-10-19,536.241,556.204,536.241,549.583,398336.0
2021-10-20,550.274,563.616,541.874,553.635,303337.0
2021-10-21,557.588,557.588,538.415,539.304,256620.0
2021-10-22,541.38,556.698,540.095,550.077,263402.0
2021-10-25,553.733,555.216,539.304,543.752,207693.0
2021-10-26,543.851,550.176,538.909,539.996,171544.0
2021-10-27,543.851,544.74,525.468,528.334,239448.0
2021-10-28,527.346,533.473,524.183,528.235,180056.0
2021-10-29,526.061,532.584,506.691,531.003,249728.0
2021-11-01,529.026,534.264,527.939,531.299,185920.0
2021-11-02,530.014,530.41,506.295,507.185,350700.0
2021-11-03,509.26,546.222,509.26,530.904,504052.0
2021-11-04,528.631,530.41,518.649,528.038,299919.0
2021-11-05,521.12,545.629,518.451,530.014,355204.0
2021-11-08,518.748,518.847,498.191,510.248,470951.0
2021-11-09,509.359,527.049,508.272,515.684,245232.0
2021-11-10,519.044,545.234,507.679,540.194,586715.0
2021-11-11,535.944,535.944,526.061,530.41,350861.0
2021-11-12,531.299,535.252,526.259,530.311,219979.0
2021-11-15,529.224,550.571,526.654,549.78,500964.0
2021-11-16,552.152,577.65,548.496,576.86,699215.0
2021-11-17,576.761,576.761,561.343,572.808,398532.0
2021-11-18,569.546,586.15,562.826,573.895,367036.0
2021-11-19,573.895,585.161,569.546,572.017,303723.0
2021-11-22,566.581,566.581,548.792,554.722,399856.0
2021-11-23,556.204,561.442,550.769,557.489,243771.0
2021-11-24,553.338,559.367,548.693,552.251,236146.0
2021-11-25,553.733,565.099,548.891,558.675,290150.0
2021-11-26,560.553,564.407,553.733,558.675,259643.0
2021-11-29,585.359,599.195,572.709,581.406,707245.0
2021-11-30,579.627,590.696,566.581,590.3,568478.0
2021-12-01,580.418,583.481,573.994,574.191,334478.0
2021-12-02,569.546,578.342,560.652,560.652,290043.0
2021-12-03,556.698,563.616,556.501,561.343,188040.0
2021-12-06,557.786,559.466,542.665,543.06,272342.0
2021-12-07,537.822,547.606,536.932,544.147,182874.0
2021-12-08,545.432,551.559,544.246,548.792,152196.0
2021-12-09,548.99,559.663,548.99,558.181,249245.0
2021-12-10,558.181,560.652,549.583,550.274,213729.0
2021-12-13,550.67,556.501,546.717,548.594,227696.0
2021-12-14,550.571,565.494,550.571,557.687,307206.0
2021-12-15,555.117,557.291,541.083,541.676,281108.0
2021-12-16,538.909,544.641,535.944,542.269,177581.0
2021-12-17,540.787,543.653,530.706,530.706,244885.0
2021-12-20,528.137,536.932,526.061,528.433,156634.0
2021-12-21,526.951,533.078,526.753,530.509,114690.0
2021-12-22,530.904,532.979,519.341,521.219,200810.0
2021-12-23,521.12,524.875,514.399,521.416,166387.0
2021-12-24,521.12,534.758,519.341,530.509,271587.0
2021-12-27,530.311,533.968,526.061,532.485,144677.0
2021-12-28,531.398,533.671,524.085,528.235,157707.0
2021-12-29,525.073,530.113,519.143,520.033,194539.0
2021-12-30,519.044,522.602,516.178,519.934,152432.0
2021-12-31,521.91,526.061,520.033,520.527,193533.0
2022-01-04,516.376,520.329,512.225,513.51,233567.0
2022-01-05,513.707,515.486,501.65,505.406,219661.0
2022-01-06,501.65,509.062,500.069,507.284,202795.0
2022-01-07,507.382,514.696,504.615,506.592,214857.0
2022-01-10,512.423,523.096,512.225,520.626,313587.0
2022-01-11,522.899,524.776,517.562,520.626,232280.0
2022-01-12,519.044,524.579,514.3,520.922,204624.0
2022-01-13,519.637,522.503,507.284,508.173,208242.0
2022-01-14,506.295,539.502,501.354,532.683,507186.0
2022-01-17,532.683,535.746,524.974,527.939,288431.0
2022-01-18,525.864,525.864,510.248,521.416,313795.0
2022-01-19,515.585,519.143,510.743,511.434,151192.0
2022-01-20,511.434,520.922,510.94,516.376,179431.0
2022-01-21,564.308,564.308,538.217,545.036,1194605.0
2022-01-24,522.404,524.974,505.603,508.074,613784.0
2022-01-25,501.848,505.109,481.291,481.588,431870.0
2022-01-26,481.489,485.541,468.542,471.211,243584.0
2022-01-27,471.211,480.797,465.775,465.874,215405.0
2022-01-28,467.06,471.606,455.101,457.177,195186.0
2022-02-07,462.81,463.897,457.473,462.514,128727.0
2022-02-08,462.711,469.827,459.153,466.862,148750.0
2022-02-09,464.787,469.629,463.7,469.135,151976.0
2022-02-10,467.752,471.507,463.897,464.886,139697.0
2022-02-11,463.798,463.798,446.8,447.788,267586.0
2022-02-14,448.183,455.892,446.207,447.788,159322.0
2022-02-15,447.788,456.386,439.783,454.607,190193.0
2022-02-16,454.805,455.793,450.951,452.334,155011.0
2022-02-17,451.741,454.41,449.468,450.951,125618.0
2022-02-18,450.456,470.618,444.626,463.304,366203.0
2022-02-21,463.304,463.304,457.078,461.031,185075.0
2022-02-22,456.88,456.88,447.788,449.468,188433.0
2022-02-23,450.358,457.671,450.358,453.916,174341.0
2022-02-24,451.939,458.066,439.882,443.143,286622.0
2022-02-25,443.835,458.066,443.44,452.927,270317.0
2022-02-28,451.84,457.869,448.776,455.892,175777.0
2022-03-01,456.88,458.363,452.433,455.596,126083.0
2022-03-02,455.596,459.746,449.172,459.252,191114.0
2022-03-03,459.845,468.74,455.892,463.601,296724.0
2022-03-04,460.834,486.529,459.845,478.919,520156.0
2022-03-07,479.018,479.117,458.659,460.537,325649.0
2022-03-08,455.892,455.892,428.22,434.051,365762.0
2022-03-09,433.161,436.126,404.303,416.854,302727.0
2022-03-10,424.563,440.079,422.587,434.743,263014.0
2022-03-11,428.319,460.834,425.453,459.746,461140.0
2022-03-14,472.594,502.046,464.984,498.389,1109947.0
2022-03-15,485.146,492.459,462.711,462.711,679906.0
2022-03-16,475.658,496.412,455.497,489.494,695193.0
2022-03-17,489.494,534.758,481.588,523.294,1312265.0
2022-03-18,521.12,562.925,509.557,535.648,1140426.0
2022-03-21,537.723,585.557,520.428,585.557,1178264.0
2022-03-22,585.853,619.455,567.57,572.61,1573488.0
2022-03-23,560.75,571.918,533.968,536.339,1159222.0
2022-03-24,531.003,575.97,526.951,562.529,1122375.0
2022-03-25,555.71,560.059,534.561,536.932,699549.0
2022-03-28,535.944,548.792,527.544,532.386,518559.0
2022-03-29,535.45,579.133,524.875,570.831,1071883.0
2022-03-30,570.535,604.137,558.774,582.098,1082191.0
2022-03-31,574.29,603.445,562.431,563.913,1152213.0
2022-04-01,549.286,598.8,549.286,582.098,990000.0
2022-04-06,593.265,601.962,574.587,581.01,885235.0
2022-04-07,575.476,575.476,539.897,549.286,752194.0
2022-04-08,547.804,552.646,532.287,540.787,436236.0
2022-04-11,533.078,547.408,508.173,512.126,676996.0
2022-04-12,512.225,522.404,506.789,514.103,414999.0
2022-04-13,512.917,512.917,482.774,483.07,558332.0
2022-04-14,491.471,508.667,489.0,495.424,523942.0
2022-04-15,495.523,513.806,491.471,504.22,465911.0
2022-04-18,496.906,499.377,484.355,492.558,329049.0
2022-04-19,490.977,495.226,476.745,480.204,345434.0
2022-04-20,482.477,484.454,466.467,468.345,286967.0
2022-04-21,466.763,471.112,448.974,450.951,376606.0
2022-04-22,450.753,450.852,439.19,439.19,273700.0
2022-04-25,447.393,459.549,427.232,440.574,544200.0
2022-04-26,440.672,480.995,427.232,480.995,910528.0
2022-04-27,445.317,465.775,445.021,455.596,694225.0
2022-04-28,453.323,466.763,444.823,457.078,437355.0
2022-04-29,456.683,469.135,446.997,461.624,429320.0
2022-05-05,448.875,472.199,440.574,467.159,533597.0
2022-05-06,449.962,462.316,447.986,460.043,337771.0
2022-05-09,451.939,469.531,450.852,463.798,301594.0
2022-05-10,456.782,460.735,448.974,450.852,387900.0
2022-05-11,464.49,492.261,464.49,489.494,1021518.0
2022-05-12,477.635,492.953,474.67,481.983,658635.0
2022-05-13,491.471,491.471,473.484,484.157,385712.0
2022-05-16,483.564,486.134,471.705,474.373,259626.0
2022-05-17,471.903,474.274,457.869,466.467,265808.0
2022-05-18,468.345,475.46,465.775,475.362,236617.0
2022-05-19,467.752,470.717,461.921,468.74,204625.0
2022-05-20,475.559,479.71,471.211,475.757,257126.0
2022-05-23,476.745,487.023,476.646,481.785,254695.0
2022-05-24,481.884,483.07,463.403,463.601,259610.0
2022-05-25,462.81,468.74,454.904,461.822,246483.0
2022-05-26,463.601,464.293,452.532,460.932,182253.0
2022-05-27,460.932,466.665,457.671,459.055,196999.0
2022-05-30,461.822,477.338,455.892,473.879,317717.0
2022-05-31,470.025,471.705,465.182,469.728,229072.0
2022-06-01,469.728,473.681,460.834,462.909,184431.0
2022-06-02,464.688,464.688,455.497,457.671,179600.0
2022-06-06,456.88,459.746,450.753,459.055,276871.0
2022-06-07,459.549,468.246,457.671,466.665,296165.0
2022-06-08,467.554,474.472,462.81,465.775,303918.0
2022-06-09,465.775,468.74,454.212,454.41,256982.0
2022-06-10,449.765,460.241,449.468,459.351,195012.0
2022-06-13,456.979,463.403,454.904,459.845,179110.0
2022-06-14,456.88,459.845,445.811,459.153,217740.0
2022-06-15,458.363,466.763,457.869,461.723,266361.0
2022-06-16,462.909,467.949,460.241,462.316,208779.0
2022-06-17,457.473,472.199,455.497,471.507,348941.0
2022-06-20,467.356,477.042,466.368,471.705,330813.0
2022-06-21,471.013,480.204,467.455,477.635,338534.0
2022-06-22,480.204,497.005,473.187,483.169,509238.0
2022-06-23,479.216,482.181,467.356,473.681,347237.0
2022-06-24,472.1,476.844,467.455,469.333,315152.0
2022-06-27,467.356,476.152,466.467,470.519,418461.0
2022-06-28,470.815,471.211,461.427,464.293,372824.0
2022-06-29,461.921,468.345,459.845,460.438,300759.0
2022-06-30,460.735,488.111,459.549,478.129,681323.0
2022-07-01,478.129,503.627,477.239,497.005,763591.0
2022-07-04,507.086,523.492,507.086,519.143,648273.0
2022-07-05,517.957,523.59,509.26,514.103,436467.0
2022-07-06,517.661,525.271,511.632,519.538,428502.0
2022-07-07,523.492,524.875,503.923,514.992,358244.0
2022-07-08,521.021,547.804,521.021,542.566,677254.0
2022-07-11,546.42,548.891,528.631,537.229,453851.0
2022-07-12,536.537,536.537,504.813,505.109,491866.0
2022-07-13,506.987,515.981,497.994,506.888,306829.0
2022-07-14,508.371,537.328,508.371,531.991,539036.0
2022-07-15,530.509,530.509,503.923,506.888,549644.0
2022-07-18,515.388,536.636,512.818,536.537,582284.0
2022-07-19,526.654,532.386,516.87,525.468,399273.0
2022-07-20,525.369,528.631,518.945,525.369,244500.0
2022-07-21,525.765,536.043,522.997,523.195,232772.0
2022-07-22,520.527,525.073,515.091,517.463,244908.0
2022-07-25,515.783,529.224,513.312,526.061,230878.0
2022-07-26,565.0,565.099,506.888,511.039,930367.0
2022-07-27,511.039,518.748,499.871,510.545,447581.0
2022-07-28,508.865,508.964,498.883,498.883,343047.0
2022-07-29,498.883,498.883,472.792,476.251,508054.0
2022-08-01,474.67,479.018,466.17,477.536,206312.0
2022-08-02,472.199,472.199,454.41,457.473,369346.0
2022-08-03,458.956,466.862,456.287,458.956,278960.0
2022-08-04,462.415,468.74,459.549,465.874,207990.0
2022-08-05,468.839,471.112,465.577,470.815,181943.0
2022-08-08,482.477,486.727,473.583,474.077,343366.0
2022-08-09,469.333,469.333,461.822,463.403,260947.0
2022-08-10,467.356,470.025,459.549,462.217,202375.0
2022-08-11,463.601,466.862,460.735,466.763,196473.0
2022-08-12,476.251,480.6,469.333,476.35,331801.0
2022-08-15,477.239,478.425,469.135,471.013,206498.0
2022-08-16,472.001,472.594,467.554,468.345,150775.0
2022-08-17,466.862,470.124,462.514,469.135,155344.0
2022-08-18,466.467,467.159,463.403,465.182,146174.0
2022-08-19,465.874,467.258,463.206,463.601,136396.0
2022-08-22,462.217,462.217,455.299,461.822,155371.0
2022-08-23,461.624,462.217,452.334,452.532,238153.0
2022-08-24,453.323,455.003,444.527,444.724,181281.0
2022-08-25,445.021,446.503,436.324,444.626,183122.0
2022-08-26,444.626,450.061,443.736,446.899,129391.0
2022-08-29,438.597,444.626,436.225,443.736,116442.0
2022-08-30,444.527,446.108,437.707,438.498,151307.0
2022-08-31,438.498,443.934,433.655,441.265,181280.0
2022-09-01,438.498,450.852,436.521,446.602,182144.0
2022-09-02,445.614,447.294,438.992,439.783,156926.0
2022-09-05,408.059,416.953,400.053,400.053,553842.0
2022-09-06,396.792,396.891,385.822,392.443,373272.0
2022-09-07,391.554,395.408,389.775,393.728,207883.0
2022-09-08,392.938,393.036,378.014,378.014,421330.0
2022-09-09,378.706,389.775,378.706,388.293,330185.0
2022-09-13,384.339,389.577,382.066,382.758,281536.0
2022-09-14,368.527,378.311,348.761,376.038,339293.0
2022-09-15,374.555,380.979,365.463,368.922,297985.0
2022-09-16,370.503,372.974,360.126,360.324,205039.0
2022-09-19,362.597,364.475,357.458,360.521,152500.0
2022-09-20,360.324,362.992,358.15,361.312,141724.0
2022-09-21,360.719,360.818,353.406,355.679,164693.0
2022-09-22,351.528,354.394,347.278,348.662,284811.0
2022-09-23,348.069,350.737,340.953,343.622,193365.0
2022-09-26,340.064,345.302,339.57,339.767,173585.0
2022-09-27,341.843,344.313,337.395,343.325,333336.0
2022-09-28,343.819,344.808,334.529,334.529,331613.0
2022-09-29,337.395,342.732,333.343,335.023,316094.0
2022-09-30,337.692,343.523,334.43,334.529,310393.0
2022-10-10,334.134,334.43,320.199,320.99,301770.0
2022-10-11,324.547,324.943,315.85,318.815,225157.0
2022-10-12,318.717,326.524,315.554,326.228,226812.0
2022-10-13,326.03,337.791,324.646,332.849,290554.0
2022-10-14,333.541,354.295,333.541,350.243,508049.0
2022-10-17,348.761,355.58,341.052,352.22,355670.0
2022-10-18,353.109,360.423,348.662,355.58,359476.0
2022-10-19,355.679,356.074,347.278,349.749,262407.0
2022-10-20,346.784,358.248,345.796,350.935,292312.0
2022-10-21,352.319,367.835,352.319,362.103,503631.0
2022-10-24,364.573,365.068,345.895,346.685,461442.0
2022-10-25,351.923,355.58,346.488,349.848,283678.0
2022-10-26,349.848,361.806,349.848,359.138,367338.0
2022-10-27,359.336,362.202,352.121,357.655,289439.0
2022-10-28,353.208,358.446,347.278,347.871,225937.0
2022-10-31,351.627,373.765,349.255,368.823,611841.0
2022-11-01,370.009,386.316,367.143,382.264,696120.0
2022-11-02,383.055,416.261,379.398,397.879,1272407.0
2022-11-03,387.107,392.641,381.968,387.107,616496.0
2022-11-04,386.81,413.988,386.514,405.192,739981.0
2022-11-07,412.012,412.209,392.147,397.187,709118.0
2022-11-08,397.088,397.088,385.921,387.996,363615.0
2022-11-09,388.293,396.594,386.514,390.862,286171.0
2022-11-10,386.118,392.74,384.735,385.624,242465.0
2022-11-11,395.013,403.908,382.165,385.427,677803.0
2022-11-14,385.328,393.728,376.137,390.763,471168.0
2022-11-15,391.06,393.432,381.968,392.443,456647.0
2022-11-16,394.321,406.873,392.246,394.42,553112.0
2022-11-17,388.293,393.926,387.502,392.938,269756.0
2022-11-18,396.199,427.824,394.124,422.29,1161203.0
2022-11-21,416.953,428.714,412.111,423.278,777326.0
2022-11-22,417.942,421.005,402.623,404.303,594232.0
2022-11-23,400.745,403.611,387.107,391.752,454764.0
2022-11-24,392.443,398.769,392.443,398.769,281959.0
2022-11-25,395.31,396.792,386.217,388.688,261118.0
2022-11-28,389.281,396.99,387.107,393.036,244639.0
2022-11-29,393.728,411.715,393.234,409.541,475527.0
2022-11-30,404.896,410.826,403.611,409.047,357469.0
2022-12-01,418.93,421.005,398.176,400.449,479071.0
2022-12-02,399.164,407.663,398.472,403.117,236312.0
2022-12-05,404.105,407.861,396.1,402.425,323350.0
2022-12-06,398.176,400.152,386.415,386.415,466527.0
2022-12-07,384.339,391.752,380.584,387.601,286750.0
2022-12-08,390.072,412.506,389.577,407.367,829306.0
2022-12-09,407.861,410.727,401.635,408.059,488206.0
2022-12-12,409.047,421.203,409.047,412.901,546878.0
2022-12-13,418.534,421.499,402.524,411.715,482542.0
2022-12-14,444.428,444.428,419.819,423.97,1143069.0
2022-12-15,419.918,425.156,409.64,411.122,554991.0
2022-12-16,408.652,442.056,408.157,438.103,1068666.0
2022-12-19,432.766,433.655,409.936,410.035,759961.0
2022-12-20,413.791,416.36,396.99,405.884,357889.0
2022-12-21,408.059,413.494,398.769,408.553,293982.0
2022-12-22,409.541,411.221,394.321,395.211,346113.0
2022-12-23,388.787,416.756,388.787,408.75,435405.0
2022-12-26,408.75,413.593,398.966,400.251,309668.0
2022-12-27,401.042,403.512,383.351,390.072,387470.0
2022-12-28,388.787,396.693,388.49,391.949,236391.0
2022-12-29,391.159,399.658,387.304,394.717,220376.0
2022-12-30,396.1,397.681,389.083,390.665,191043.0
2023-01-03,390.961,398.077,390.961,393.926,172510.0
2023-01-04,395.705,396.891,392.246,394.914,182385.0
2023-01-05,396.495,404.402,393.728,403.216,311390.0
2023-01-06,400.646,401.042,396.792,399.164,196517.0
2023-01-09,405.588,409.245,399.46,399.856,258671.0
2023-01-10,399.955,401.239,392.74,395.902,189790.0
2023-01-11,395.606,397.78,391.455,391.85,186037.0
2023-01-12,390.368,392.839,387.304,387.403,179782.0
2023-01-13,388.293,397.978,386.316,397.385,253381.0
2023-01-16,396.199,409.837,395.211,406.971,456167.0
2023-01-17,407.07,407.564,400.152,400.943,215700.0
2023-01-18,402.524,404.105,398.67,402.425,152632.0
2023-01-19,402.722,404.896,399.362,401.042,201659.0
2023-01-20,401.14,403.117,400.152,401.239,182575.0
2023-01-30,398.769,399.065,382.264,383.351,787683.0
2023-01-31,383.845,384.834,377.52,378.607,374045.0
2023-02-01,378.904,380.88,377.915,380.683,267719.0
2023-02-02,380.979,383.845,378.805,381.968,220197.0
2023-02-03,382.066,382.857,378.41,380.09,196596.0
2023-02-06,378.212,378.904,374.654,374.951,227304.0
2023-02-07,374.951,377.224,374.753,376.038,166046.0
2023-02-08,376.038,376.927,375.148,375.148,126694.0
2023-02-09,373.271,376.038,372.48,375.741,162562.0
2023-02-10,376.433,377.915,374.456,375.939,150406.0
2023-02-13,375.544,377.619,375.049,376.927,140668.0
2023-02-14,377.52,379.892,375.642,379.793,173105.0
2023-02-15,379.892,380.189,377.224,379.101,132234.0
2023-02-16,379.299,382.462,372.48,377.915,270318.0
2023-02-17,377.224,382.264,375.148,379.003,205909.0
2023-02-20,380.386,381.869,375.148,380.683,182900.0
2023-02-21,379.694,382.363,378.41,380.485,156821.0
2023-02-22,379.2,381.968,378.311,379.299,129063.0
2023-02-23,379.398,380.287,375.939,376.433,156956.0
2023-02-24,375.247,377.619,374.555,375.247,102535.0
2023-02-27,375.148,376.532,370.8,370.997,135568.0
2023-02-28,371.195,376.433,371.096,375.445,125638.0
2023-03-01,375.642,379.892,374.456,378.113,174893.0
2023-03-02,378.212,379.991,375.939,376.137,102044.0
2023-03-03,376.235,378.41,375.445,377.125,84482.0
2023-03-06,377.323,378.014,374.358,374.555,122962.0
2023-03-07,373.468,375.642,370.108,370.108,139613.0
2023-03-08,369.515,369.515,363.882,366.056,137805.0
2023-03-09,366.254,368.329,364.771,365.759,87432.0
2023-03-10,363.486,364.87,359.039,362.3,126670.0
2023-03-13,359.83,363.091,355.975,363.091,148250.0
2023-03-14,362.597,365.068,357.853,359.039,123255.0
2023-03-15,361.213,365.858,361.114,362.103,131872.0
2023-03-16,360.027,363.882,358.15,358.841,106024.0
2023-03-17,360.225,361.707,356.173,357.458,133463.0
2023-03-20,357.458,358.051,351.824,353.01,139481.0
2023-03-21,353.307,359.731,353.307,359.533,138046.0
2023-03-22,360.225,363.289,358.446,360.423,110999.0
2023-03-23,359.237,361.51,358.347,359.83,95823.0
2023-03-24,361.609,363.981,359.039,360.225,108017.0
2023-03-27,359.237,363.684,357.655,361.609,124093.0
2023-03-28,361.51,367.44,360.917,362.399,139450.0
2023-03-29,363.091,363.585,357.952,360.027,112527.0
2023-03-30,361.609,362.004,357.557,359.138,97292.0
2023-03-31,359.928,364.079,359.237,362.498,137723.0
2023-04-03,363.486,364.87,362.498,364.573,135934.0
2023-04-04,364.573,374.456,364.079,370.997,255205.0
2023-04-06,370.997,375.247,369.218,373.468,184748.0
2023-04-07,375.247,380.979,375.247,378.805,260427.0
2023-04-10,379.003,381.375,376.532,376.828,177422.0
2023-04-11,376.828,380.189,374.654,376.828,132425.0
2023-04-12,378.212,380.386,375.544,376.532,127014.0
2023-04-13,373.567,378.805,371.788,377.125,197902.0
2023-04-14,376.334,381.177,375.939,376.631,183397.0
2023-04-17,376.631,378.904,373.962,378.014,126495.0
2023-04-18,377.619,378.41,374.852,376.235,106362.0
2023-04-19,376.235,376.235,370.404,371.492,143671.0
2023-04-20,371.59,373.073,366.847,367.736,126086.0
2023-04-21,368.527,371.195,363.19,363.388,150999.0
2023-04-24,364.87,370.8,360.521,361.51,158435.0
2023-04-25,362.103,363.091,346.092,349.749,234866.0
2023-04-26,348.464,356.371,347.674,354.295,147048.0
2023-04-27,355.58,357.062,352.714,355.876,113660.0
2023-04-28,355.876,357.161,351.133,355.679,125867.0
2023-05-04,358.743,365.957,358.743,364.87,207215.0
2023-05-05,363.882,364.376,356.964,357.853,145000.0
2023-05-08,357.359,360.027,353.9,358.545,127393.0
2023-05-09,359.434,359.533,353.702,353.9,134531.0
2023-05-10,353.702,355.086,351.034,353.208,102957.0
2023-05-11,355.086,356.173,350.737,350.935,114694.0
2023-05-12,350.342,353.109,348.563,348.761,102076.0
2023-05-15,348.761,352.714,346.586,352.714,106759.0
2023-05-16,353.702,359.138,353.01,356.964,160783.0
2023-05-17,356.469,356.469,353.406,354.394,81377.0
2023-05-18,354.691,356.272,350.243,351.133,91118.0
2023-05-19,351.33,353.603,349.749,352.516,80504.0
2023-05-22,351.627,357.26,350.836,356.173,102602.0
2023-05-23,356.272,365.858,355.679,362.399,254536.0
2023-05-24,359.928,360.62,355.283,355.876,138761.0
2023-05-25,354.394,354.592,349.65,351.429,122328.0
2023-05-26,351.627,356.173,350.342,354.394,102082.0
2023-05-29,353.406,356.667,350.243,352.22,116662.0
2023-05-30,352.121,355.481,347.476,350.639,121382.0
2023-05-31,350.243,353.505,348.761,350.54,119059.0
2023-06-01,350.243,351.726,344.017,344.808,147874.0
2023-06-02,344.906,347.278,342.732,346.191,106294.0
2023-06-05,346.191,347.575,342.633,343.819,113206.0
2023-06-06,342.831,343.325,337.494,337.494,148448.0
2023-06-07,337.889,339.668,336.012,337.198,78071.0
2023-06-08,336.901,338.68,332.355,337.692,121829.0
2023-06-09,337.395,342.436,336.209,338.384,119333.0
2023-06-12,338.285,339.471,333.442,339.471,119035.0
2023-06-13,339.471,340.558,337.889,339.767,76907.0
2023-06-14,340.36,342.633,339.174,339.273,99123.0
2023-06-15,339.668,344.61,338.384,344.61,129700.0
2023-06-16,344.61,347.179,344.017,346.29,98915.0
2023-06-19,347.97,358.644,347.081,351.231,221993.0
2023-06-20,350.046,354.098,348.761,349.453,113101.0
2023-06-21,348.86,350.54,345.401,345.401,92700.0
2023-06-26,343.029,347.278,342.139,345.005,105439.0
2023-06-27,345.499,350.046,345.401,347.97,81382.0
2023-06-28,349.057,350.144,345.499,347.278,64359.0
2023-06-29,346.488,348.563,345.499,345.499,65742.0
2023-06-30,345.499,349.255,344.808,347.772,82532.0
2023-07-03,347.772,350.441,347.772,349.156,80362.0
2023-07-04,349.354,354.691,346.586,352.319,131062.0
2023-07-05,351.231,352.912,349.453,349.551,77321.0
2023-07-06,349.551,349.551,345.895,346.092,72116.0
2023-07-07,345.895,347.278,345.005,346.29,55495.0
2023-07-10,347.278,351.231,346.488,347.575,78907.0
2023-07-11,348.267,349.255,346.685,349.156,56859.0
2023-07-12,349.453,350.144,346.29,346.784,62042.0
2023-07-13,347.179,350.243,347.179,349.255,81443.0
2023-07-14,349.453,349.749,346.784,347.674,69487.0
2023-07-17,347.278,347.278,342.337,343.226,86232.0
2023-07-18,342.831,344.709,341.645,343.325,58720.0
2023-07-19,342.831,346.191,342.04,344.412,57186.0
2023-07-20,345.994,347.377,343.424,343.523,60252.0
2023-07-21,343.523,348.958,342.831,345.796,104759.0
2023-07-24,346.29,349.749,345.598,347.476,80106.0
2023-07-25,349.65,350.144,347.476,349.947,112343.0
2023-07-26,349.354,352.615,348.86,351.824,115560.0
2023-07-27,352.417,352.516,350.046,350.639,87700.0
2023-07-28,349.848,356.173,349.551,355.876,161741.0
2023-07-31,356.667,359.434,353.208,355.679,188488.0
2023-08-01,354.098,357.655,352.714,353.999,122896.0
2023-08-02,352.319,353.801,347.772,348.267,152830.0
2023-08-03,348.761,355.58,347.772,354.888,160192.0
2023-08-04,355.778,356.766,352.022,353.109,152671.0
2023-08-07,351.726,351.726,335.814,340.756,322087.0
2023-08-08,338.878,342.732,337.494,339.866,166502.0
2023-08-09,341.052,344.906,340.261,341.546,165088.0
2023-08-10,341.546,343.029,339.57,341.151,117582.0
2023-08-11,341.447,343.819,339.273,339.273,137802.0
2023-08-14,337.198,340.459,334.628,340.459,99958.0
2023-08-15,340.36,340.459,334.628,336.605,142365.0
2023-08-16,335.913,340.558,335.419,336.506,94164.0
2023-08-17,335.715,337.099,333.739,336.209,90168.0
2023-08-18,336.704,336.704,330.675,330.774,119990.0
2023-08-21,330.774,330.774,325.437,325.437,105879.0
2023-08-22,325.733,328.402,319.507,324.844,155391.0
2023-08-23,324.251,324.251,319.112,319.309,98514.0
2023-08-24,319.507,323.658,317.333,321.583,104007.0
2023-08-25,320.594,324.152,320.001,321.385,93445.0
2023-08-28,335.221,336.605,324.943,326.228,180810.0
2023-08-29,326.228,332.256,325.733,332.256,133221.0
2023-08-30,327.216,329.588,326.129,328.204,158382.0
2023-08-31,328.599,328.599,322.571,322.571,143455.0
2023-09-01,322.571,324.449,322.373,323.362,67623.0
2023-09-04,325.239,327.908,323.757,326.623,95367.0
2023-09-05,326.228,327.512,324.251,324.745,83305.0
2023-09-06,324.251,324.251,321.583,323.263,89220.0
2023-09-07,323.164,323.263,320.1,320.298,80261.0
2023-09-08,319.408,320.99,318.519,319.606,61596.0
2023-09-11,320.1,325.042,320.001,324.251,122077.0
2023-09-12,324.152,326.919,322.867,325.239,96721.0
2023-09-13,324.547,325.635,320.891,323.164,88798.0
2023-09-14,327.315,328.402,324.053,324.844,94249.0
2023-09-15,326.03,328.105,323.46,326.129,129181.0
2023-09-18,326.03,329.489,325.635,329.192,126675.0
2023-09-19,328.995,330.576,327.018,328.007,81834.0
2023-09-20,327.414,327.908,324.646,325.635,66715.0
2023-09-21,325.338,326.03,322.176,322.472,84616.0
2023-09-22,321.484,328.105,320.495,327.908,107879.0
2023-09-25,327.611,330.082,326.228,328.698,113231.0
2023-09-26,329.094,329.687,325.832,325.931,68549.0
2023-09-27,326.228,330.576,326.129,329.785,130071.0
2023-09-28,330.873,331.367,328.105,329.192,92653.0
2023-10-09,328.204,331.663,324.943,330.082,113566.0
2023-10-10,330.082,330.774,325.733,325.931,90930.0
2023-10-11,326.722,333.739,326.524,330.675,170589.0
2023-10-12,333.146,337.296,331.762,332.256,141810.0
2023-10-13,331.466,337.0,329.687,336.111,193087.0
2023-10-16,336.605,337.889,330.28,331.169,150484.0
2023-10-17,331.169,332.652,327.315,329.687,95167.0
2023-10-18,329.094,329.094,324.251,325.042,103672.0
2023-10-19,324.053,325.042,319.408,319.902,114962.0
2023-10-20,319.408,319.507,313.874,314.862,140105.0
2023-10-23,313.38,314.763,310.217,311.798,98645.0
2023-10-24,312.49,316.443,310.711,314.961,91877.0
2023-10-25,316.641,319.309,315.159,315.554,95645.0
2023-10-26,313.973,316.048,312.886,315.85,70007.0
2023-10-27,314.961,325.536,313.38,324.053,170254.0
2023-10-30,323.362,333.343,322.966,332.454,222559.0
2023-10-31,326.129,328.698,325.338,327.611,170760.0
2023-11-01,327.216,327.216,321.286,325.437,131659.0
2023-11-02,326.722,329.884,325.536,326.425,98788.0
2023-11-03,326.524,328.896,326.425,327.117,91038.0
2023-11-06,328.797,332.652,328.797,331.367,136240.0
2023-11-07,331.466,332.454,329.983,330.28,96973.0
2023-11-08,330.181,332.75,328.501,330.378,105176.0
2023-11-09,330.28,333.541,327.809,328.402,96945.0
2023-11-10,327.216,329.192,325.239,327.018,81849.0
2023-11-13,327.018,328.501,323.362,325.239,92342.0
2023-11-14,325.338,327.611,323.856,325.14,69498.0
2023-11-15,327.216,328.007,325.239,327.414,92186.0
2023-11-16,327.315,327.414,323.46,324.152,86348.0
2023-11-17,324.35,325.338,321.879,325.239,83645.0
2023-11-20,325.239,327.117,325.239,326.919,69457.0
2023-11-21,326.919,329.983,326.623,327.216,102248.0
2023-11-22,327.117,327.809,324.646,324.646,66784.0
2023-11-23,324.745,329.094,324.646,329.094,105456.0
2023-11-24,328.995,331.564,326.821,328.204,127810.0
2023-11-27,326.03,326.722,319.902,320.495,165919.0
2023-11-28,320.495,325.832,317.333,325.14,134425.0
2023-11-29,324.053,325.14,320.693,321.385,84431.0
2023-11-30,321.385,322.769,318.815,322.274,80145.0
2023-12-01,322.274,324.053,319.705,323.065,92347.0
2023-12-04,322.373,322.769,317.432,317.432,111208.0
2023-12-05,317.333,318.717,314.17,314.368,106560.0
2023-12-06,314.664,316.641,312.49,314.664,98136.0
2023-12-07,313.874,314.467,311.996,312.589,102646.0
2023-12-08,312.688,315.356,309.525,315.356,228011.0
2023-12-11,312.391,312.391,306.165,311.107,196822.0
2023-12-12,310.118,311.205,303.398,304.979,199629.0
2023-12-13,304.584,307.055,303.299,303.299,145400.0
2023-12-14,303.991,307.252,302.113,302.212,113663.0
2023-12-15,302.706,304.189,300.137,300.532,106117.0
2023-12-18,300.433,300.433,294.404,294.503,132868.0
2023-12-19,294.108,294.306,287.585,289.364,193996.0
2023-12-20,289.661,291.44,286.498,286.498,126039.0
2023-12-21,285.905,290.55,285.312,290.352,123929.0
2023-12-22,289.166,289.858,285.707,286.795,110549.0
2023-12-25,285.806,287.684,285.609,287.486,59290.0
2023-12-26,286.795,287.585,285.411,286.202,54170.0
2023-12-27,285.806,286.696,282.94,285.806,78067.0
2023-12-28,285.707,294.404,285.016,293.021,161322.0
2023-12-29,292.527,295.59,292.329,293.91,105842.0
2024-01-02,294.108,294.997,290.649,292.23,107907.0
2024-01-03,292.131,295.887,291.835,293.317,87763.0
2024-01-04,293.416,294.306,290.352,293.12,79181.0
2024-01-05,293.218,293.515,288.376,289.166,74743.0
2024-01-08,288.771,289.463,285.51,285.806,65468.0
2024-01-09,285.806,288.079,283.83,284.917,63922.0
2024-01-10,284.818,287.882,283.237,285.609,66428.0
2024-01-11,285.609,288.771,285.213,287.882,72425.0
2024-01-12,287.882,288.573,284.324,284.324,66991.0
2024-01-15,283.731,284.818,280.766,280.964,92905.0
2024-01-16,281.359,281.853,276.121,280.865,128802.0
2024-01-17,279.975,280.272,272.761,272.86,114142.0
2024-01-18,271.871,273.453,265.25,272.86,177963.0
2024-01-19,271.377,274.836,270.586,273.551,100212.0
2024-01-22,272.761,272.761,264.064,266.337,113590.0
2024-01-23,265.052,269.895,264.36,268.511,91748.0
2024-01-24,269.203,271.575,264.064,271.081,104920.0
2024-01-25,270.191,277.801,269.499,277.505,130740.0
2024-01-26,275.923,279.283,274.638,275.528,99890.0
2024-01-29,276.121,277.702,272.86,273.749,77987.0
2024-01-30,272.563,273.848,268.906,269.005,74894.0
2024-01-31,268.808,271.081,262.087,262.186,108659.0
2024-02-01,261.0,267.72,261.0,266.633,112651.0
2024-02-02,267.127,269.104,252.501,259.122,154974.0
2024-02-05,258.727,260.605,247.954,255.96,182234.0
2024-02-06,255.96,275.726,254.873,275.33,256978.0
2024-02-07,276.022,282.743,274.836,282.248,299298.0
2024-02-08,280.865,287.091,280.272,283.237,224043.0
2024-02-19,283.731,285.312,281.26,283.533,146255.0
2024-02-20,282.248,286.004,280.766,283.632,94538.0
2024-02-21,281.754,286.795,280.964,283.928,133621.0
2024-02-22,282.644,285.213,282.248,284.126,84630.0
2024-02-23,284.126,285.213,282.841,284.423,90000.0
2024-02-26,284.324,288.079,283.533,286.696,131450.0
2024-02-27,286.3,289.364,285.016,289.364,106440.0
2024-02-28,289.364,296.579,285.411,285.411,203862.0
2024-02-29,284.324,289.562,283.83,289.463,123593.0
2024-03-01,289.661,292.033,288.079,291.341,115557.0
2024-03-04,291.637,302.41,291.637,299.939,243946.0
2024-03-05,298.852,298.951,293.713,295.195,153501.0
2024-03-06,295.195,296.579,291.242,292.527,114129.0
2024-03-07,291.143,292.823,286.498,286.498,123889.0
2024-03-08,285.707,289.166,285.213,286.498,78343.0
2024-03-11,286.696,291.44,286.004,291.242,110582.0
2024-03-12,290.748,294.602,290.352,293.91,149906.0
2024-03-13,294.404,294.602,289.661,290.945,110088.0
2024-03-14,298.555,301.421,291.637,292.823,211329.0
2024-03-15,292.724,294.404,289.661,291.143,118230.0
2024-03-18,292.527,294.997,291.341,294.602,127082.0
2024-03-19,294.602,294.602,291.538,291.637,105470.0
2024-03-20,291.143,293.218,290.254,291.835,83679.0
2024-03-21,292.23,292.922,289.661,290.352,77120.0
2024-03-22,289.068,290.056,283.83,284.719,117566.0
2024-03-25,284.423,286.399,279.778,279.778,90272.0
2024-03-26,279.778,280.568,276.912,279.185,89463.0
2024-03-27,274.836,276.121,271.674,271.871,127050.0
2024-03-28,271.871,276.319,270.685,275.133,99963.0
2024-03-29,275.627,276.319,273.551,274.54,53969.0
2024-04-01,273.848,278.295,273.848,278.295,74058.0
2024-04-02,278.295,278.493,275.824,277.109,65173.0
2024-04-03,277.208,279.975,276.813,277.208,69266.0
2024-04-08,274.342,275.726,272.168,272.365,88760.0
2024-04-09,272.365,278.295,272.365,278.098,80219.0
2024-04-10,277.801,277.801,273.947,274.441,57056.0
2024-04-11,273.551,274.935,272.86,273.255,60483.0
2024-04-12,272.069,274.441,269.302,269.401,70105.0
2024-04-15,269.203,272.662,267.424,270.883,89497.0
2024-04-16,269.104,271.575,266.436,267.424,81453.0
2024-04-17,267.325,271.871,267.325,271.674,73866.0
2024-04-18,271.674,274.342,270.685,271.575,88187.0
2024-04-19,270.982,271.97,268.412,269.005,58924.0
2024-04-22,269.401,272.662,269.104,271.278,61677.0
2024-04-23,271.377,272.365,268.709,271.377,75255.0
2024-04-24,271.476,271.575,268.511,271.179,55848.0
2024-04-25,270.982,274.638,269.993,272.662,87543.0
2024-04-26,271.674,275.726,271.575,275.726,112527.0
2024-04-29,275.627,282.841,274.935,280.865,176139.0
2024-04-30,279.481,281.359,278.394,280.469,96005.0
2024-05-06,281.952,285.707,281.952,284.917,135309.0
2024-05-07,284.917,286.498,283.83,285.609,105734.0
2024-05-08,285.609,289.858,284.521,285.411,134204.0
2024-05-09,284.719,288.672,283.335,287.091,128612.0
2024-05-10,287.289,288.376,284.521,285.411,90385.0
2024-05-13,285.312,286.399,282.94,283.434,98906.0
2024-05-14,282.94,285.51,282.94,283.434,75740.0
2024-05-15,283.335,283.83,280.272,280.667,69096.0
2024-05-16,281.359,282.347,279.876,280.964,74692.0
2024-05-17,280.964,282.743,279.382,281.557,75798.0
2024-05-20,282.248,284.027,281.161,281.853,92422.0
2024-05-21,280.766,281.161,277.801,278.295,88771.0
2024-05-22,278.295,280.272,278.295,280.074,67900.0
2024-05-23,279.679,280.074,275.231,275.824,79681.0
2024-05-24,275.231,277.307,274.54,274.836,58690.0
2024-05-27,275.133,276.615,273.354,276.319,73876.0
2024-05-28,276.714,277.801,274.638,275.824,58114.0
2024-05-29,275.824,277.307,274.54,274.836,46309.0
2024-05-30,275.627,276.615,274.342,275.33,54186.0
2024-05-31,275.824,277.801,274.935,275.528,61034.0
2024-06-03,277.603,279.778,274.935,277.603,129068.0
2024-06-04,276.417,283.83,276.022,282.248,174673.0
2024-06-05,282.15,286.3,280.766,282.446,182440.0
2024-06-06,282.94,284.126,279.58,279.975,112174.0
2024-06-07,280.568,283.533,280.469,283.434,120734.0
2024-06-11,282.94,282.94,278.592,281.458,88933.0
2024-06-12,281.26,282.743,278.394,280.469,103686.0
2024-06-13,280.272,281.062,276.615,276.813,89672.0
2024-06-14,276.615,276.714,271.575,275.627,136353.0
2024-06-17,274.046,275.429,273.255,274.243,57253.0
2024-06-18,274.243,274.836,272.365,272.958,73728.0
2024-06-19,273.354,273.354,270.092,270.191,75864.0
2024-06-20,270.488,273.453,268.709,268.906,82263.0
2024-06-21,267.918,269.796,266.534,268.412,76786.0
2024-06-24,266.93,268.215,262.384,263.075,90554.0
2024-06-25,265.941,266.831,263.57,264.756,83253.0
2024-06-26,265.941,270.29,265.151,270.191,104060.0
2024-06-27,269.697,269.993,265.447,265.447,74613.0
2024-06-28,265.151,267.72,264.953,265.348,67630.0
2024-07-01,265.744,266.534,262.186,265.25,73664.0
2024-07-02,264.854,265.843,263.471,263.668,47843.0
2024-07-03,263.866,266.238,263.075,264.36,57944.0
2024-07-04,264.064,264.953,260.506,261.099,82148.0
2024-07-05,261.0,267.918,260.506,267.127,110253.0
2024-07-08,267.127,267.226,262.482,262.977,68930.0
2024-07-09,262.977,265.25,260.209,264.36,87471.0
2024-07-10,264.261,267.325,262.878,265.645,67213.0
2024-07-11,267.325,270.982,267.226,269.598,89435.0
2024-07-12,269.697,270.685,269.203,269.796,62887.0
2024-07-15,268.709,270.29,267.819,268.808,51972.0
2024-07-16,268.412,271.081,267.918,270.586,62263.0
2024-07-17,270.092,274.638,270.092,274.243,110647.0
2024-07-18,274.046,276.417,272.464,275.231,95967.0
2024-07-19,274.836,278.592,273.354,277.603,108136.0
2024-07-22,278.789,280.272,275.923,279.58,106226.0
2024-07-23,280.371,280.371,273.848,274.046,103721.0
2024-07-24,272.958,275.133,271.871,271.871,72025.0
2024-07-25,271.772,275.726,271.674,274.836,74576.0
2024-07-26,274.441,276.121,273.65,274.737,65776.0
2024-07-29,274.638,275.429,272.168,272.563,51317.0
2024-07-30,272.563,274.243,270.586,271.575,63265.0
2024-07-31,271.772,279.778,271.476,279.58,155797.0
2024-08-01,279.481,281.557,278.098,279.778,95667.0
2024-08-02,279.975,284.62,279.481,281.557,119789.0
2024-08-05,280.964,284.62,279.679,280.173,110809.0
2024-08-06,280.467,284.322,279.973,284.223,112214.0
2024-08-07,283.63,285.211,281.653,283.63,66428.0
2024-08-08,283.926,286.397,283.432,283.432,98895.0
2024-08-09,283.531,284.618,280.962,281.06,83424.0
2024-08-12,282.444,288.176,282.246,285.112,164718.0
2024-08-13,283.926,285.014,279.973,282.148,99280.0
2024-08-14,282.148,282.148,278.787,279.874,68943.0
2024-08-15,279.874,282.246,278.689,279.677,75767.0
2024-08-16,279.479,281.357,277.601,280.962,70683.0
2024-08-19,281.555,283.432,278.787,279.38,70458.0
2024-08-20,279.973,279.973,276.415,277.107,60234.0
2024-08-21,276.91,277.601,273.846,274.241,51604.0
2024-08-22,274.241,275.229,270.09,270.486,67153.0
2024-08-23,270.98,272.166,269.596,270.584,51030.0
2024-08-26,270.782,272.067,268.213,269.992,67175.0
2024-08-27,270.09,272.067,268.806,269.596,53738.0
2024-08-28,267.62,271.276,264.457,270.189,85427.0
2024-08-29,269.893,274.439,269.596,273.352,76960.0
2024-08-30,272.561,275.032,271.079,271.968,166961.0
2024-09-02,271.573,271.968,268.41,270.387,88703.0
2024-09-03,269.893,274.439,269.3,273.549,91858.0
2024-09-04,273.055,275.328,271.672,272.067,67706.0
2024-09-05,272.759,275.229,272.265,274.735,64362.0
2024-09-06,274.538,274.933,271.672,271.672,47533.0
2024-09-09,272.66,274.439,269.399,269.992,62852.0
2024-09-10,272.858,273.352,266.631,270.09,77059.0
2024-09-11,269.102,271.968,267.718,271.573,61612.0
2024-09-12,271.079,273.846,270.09,270.486,57600.0
2024-09-13,270.387,271.375,268.41,268.806,43075.0
2024-09-18,268.707,269.497,265.544,269.399,63488.0
2024-09-19,269.893,274.933,269.893,271.573,88376.0
2024-09-20,271.474,271.474,267.718,269.893,80691.0
2024-09-23,271.573,271.968,268.904,270.09,55194.0
2024-09-24,271.079,275.328,270.189,275.328,109688.0
2024-09-25,276.514,281.851,276.514,278.59,150456.0
2024-09-26,278.689,286.2,276.811,285.903,175931.0
2024-09-27,288.374,297.763,288.374,297.763,263269.0
2024-09-30,308.93,322.668,304.187,322.668,674744.0
2024-10-08,350.044,350.044,326.917,337.789,812516.0
2024-10-09,334.33,334.33,313.081,313.872,463530.0
2024-10-10,313.872,320.493,309.227,311.895,349141.0
2024-10-11,311.796,312.884,301.222,303.396,221298.0
2024-10-14,303.594,305.57,298.257,303.791,230929.0
2024-10-15,304.187,304.878,299.047,299.245,204553.0
2024-10-16,297.763,300.728,294.205,295.094,178626.0
2024-10-17,295.786,298.059,292.525,292.821,137117.0
2024-10-18,293.315,304.681,291.438,300.728,289616.0
2024-10-21,299.047,303.001,297.466,300.431,249512.0
2024-10-22,298.751,305.076,298.652,304.384,227009.0
2024-10-23,305.175,305.867,302.704,304.285,230647.0
2024-10-24,304.483,306.855,301.815,303.001,163569.0
2024-10-25,303.099,308.14,301.913,306.657,199841.0
2024-10-28,307.053,311.599,304.285,311.105,215042.0
2024-10-29,313.081,313.477,305.471,306.558,192024.0
2024-10-30,309.128,322.371,307.25,312.884,411862.0
2024-10-31,312.982,315.651,309.721,312.093,231695.0
2024-11-01,310.116,314.465,309.721,311.203,204183.0
2024-11-04,311.5,314.564,311.5,314.465,163013.0
2024-11-05,314.465,318.22,313.279,317.924,242438.0
2024-11-06,318.912,320.296,314.86,317.034,220578.0
2024-11-07,315.75,321.679,314.465,321.482,222914.0
2024-11-08,323.953,325.04,319.011,320.592,288172.0
2024-11-11,319.406,320.988,315.058,320.79,276148.0
2024-11-12,320.988,329.289,320.889,323.755,383006.0
2024-11-13,323.854,327.115,319.9,322.865,208149.0
2024-11-14,323.36,323.458,316.639,316.639,176004.0
2024-11-15,316.145,318.715,314.07,314.168,168112.0
2024-11-18,314.366,317.43,311.994,312.785,162611.0
2024-11-19,313.081,315.848,310.116,314.564,117690.0
2024-11-20,314.663,321.284,314.07,318.715,172663.0
2024-11-21,318.517,319.999,316.54,318.912,103679.0
2024-11-22,318.616,318.813,308.535,308.535,197459.0
2024-11-25,308.436,312.192,306.46,309.425,140231.0
2024-11-26,308.93,311.105,306.262,306.262,98510.0
2024-11-27,306.262,310.215,304.582,310.018,114787.0
2024-11-28,310.116,311.599,308.733,309.227,86241.0
2024-11-29,309.128,313.971,309.029,312.884,114075.0
2024-12-02,313.081,315.058,312.093,313.872,117943.0
2024-12-03,310.413,313.971,310.413,313.378,94401.0
2024-12-04,312.785,313.279,308.239,309.128,93441.0
2024-12-05,309.128,309.523,306.262,307.349,90924.0
2024-12-06,307.349,311.895,307.349,310.314,105606.0
2024-12-09,311.203,314.959,308.535,309.227,115344.0
2024-12-10,315.058,316.244,309.523,309.523,150288.0
2024-12-11,311.698,315.651,311.599,313.477,140142.0
2024-12-12,312.785,314.761,311.698,313.971,140393.0
2024-12-13,313.575,313.575,308.832,309.128,146776.0
2024-12-16,308.733,310.116,303.495,304.681,132902.0
2024-12-17,305.669,309.029,303.198,305.768,115767.0
2024-12-18,306.558,307.843,305.175,305.768,71682.0
2024-12-19,305.669,306.954,303.198,306.46,78434.0
2024-12-20,306.361,307.448,305.076,305.175,76651.0
2024-12-23,305.076,306.756,301.518,302.21,99314.0
2024-12-24,301.419,303.495,300.629,303.099,91290.0
2024-12-25,304.187,305.175,299.739,302.21,85306.0
2024-12-26,301.716,302.704,297.17,298.454,124459.0
2024-12-27,298.059,303.396,297.861,301.321,118468.0
2024-12-30,301.321,302.111,297.367,299.047,136248.0
2024-12-31,298.949,299.542,294.501,294.798,122759.0
2025-01-02,294.798,296.181,288.374,290.548,124021.0
2025-01-03,291.141,293.414,287.188,287.979,113179.0
2025-01-06,288.077,295.292,288.077,292.821,162732.0
2025-01-07,292.821,292.821,285.903,289.066,126852.0
2025-01-08,288.374,294.304,286.2,288.67,181361.0
2025-01-09,287.188,289.066,283.037,286.2,93355.0
2025-01-10,287.188,288.077,282.543,282.642,84524.0
2025-01-13,282.246,284.717,274.044,281.258,151818.0
2025-01-14,281.357,286.793,279.479,286.496,114913.0
2025-01-15,286.397,286.595,283.926,285.607,68019.0
2025-01-16,286.397,287.88,281.456,282.049,117492.0
2025-01-17,280.764,282.444,279.479,281.357,81596.0
2025-01-20,282.741,285.211,282.148,283.828,104083.0
2025-01-21,284.223,285.607,281.258,283.334,81999.0
2025-01-22,282.049,283.729,279.973,283.432,77767.0
2025-01-23,285.211,287.089,282.839,283.037,112286.0
2025-01-24,282.839,285.112,281.555,284.519,84814.0
2025-01-27,284.915,286.595,284.025,284.421,84919.0
2025-02-05,286.002,286.891,284.025,286.2,114776.0
2025-02-06,286.891,289.757,284.915,289.757,122924.0
2025-02-07,290.252,292.722,289.362,292.129,141304.0
2025-02-10,293.118,301.123,292.92,300.53,274816.0
2025-02-11,301.123,301.123,296.379,298.652,154304.0
2025-02-12,298.454,298.652,294.798,297.17,131875.0
2025-02-13,296.577,298.158,295.687,296.28,95139.0
2025-02-14,297.17,301.024,296.873,300.431,153461.0
2025-02-17,305.669,311.599,304.187,307.448,373271.0
2025-02-18,304.977,306.064,300.826,302.012,185470.0
2025-02-19,302.012,303.001,299.344,301.222,134331.0
2025-02-20,301.518,305.768,301.024,302.012,155279.0
2025-02-21,302.012,305.669,299.937,302.506,185454.0
2025-02-24,302.704,304.187,300.431,301.321,145922.0
2025-02-25,299.245,299.344,297.367,297.861,117904.0
2025-02-26,298.257,300.135,296.676,300.036,115972.0
2025-02-27,300.431,302.012,298.356,300.036,115180.0
2025-02-28,299.344,300.925,294.897,296.181,155113.0
2025-03-03,296.28,299.542,295.292,296.083,119429.0
2025-03-04,295.292,296.774,293.908,296.083,80411.0
2025-03-05,295.391,296.083,292.92,294.205,97254.0
2025-03-06,295.094,296.873,294.106,296.379,115307.0
2025-03-07,296.379,298.158,294.304,295.786,113830.0
2025-03-10,298.652,300.826,295.292,296.28,130087.0
2025-03-11,292.92,295.786,292.426,295.292,100976.0
2025-03-12,295.49,296.083,292.722,293.118,110564.0
2025-03-13,293.315,294.205,290.548,291.635,97198.0
2025-03-14,292.129,296.774,291.536,296.577,159139.0
2025-03-17,297.071,297.565,294.699,295.885,129721.0
2025-03-18,298.257,299.542,296.577,297.17,133466.0
2025-03-19,296.774,298.553,296.181,296.379,92020.0
2025-03-20,296.379,296.774,294.798,295.786,76149.0
2025-03-21,295.687,296.774,291.141,291.339,117445.0
2025-03-24,291.833,293.612,289.955,291.438,89257.0
2025-03-25,291.141,293.809,290.153,293.809,95789.0
2025-03-26,294.304,295.885,291.339,291.833,139093.0
2025-03-27,291.833,296.774,289.56,296.181,196042.0
2025-03-28,295.292,305.175,294.995,299.344,341576.0
2025-03-31,299.245,301.024,293.414,294.6,209466.0
2025-04-01,295.687,306.163,295.687,303.692,393442.0
2025-04-02,303.989,304.088,299.739,300.826,186738.0
2025-04-03,299.047,303.594,298.454,301.321,166896.0
2025-04-07,289.164,294.205,276.119,278.491,400189.0
2025-04-08,278.392,284.025,278.392,283.432,259563.0
2025-04-09,281.06,283.235,275.328,283.235,241209.0
2025-04-10,286.891,287.484,283.037,285.607,228222.0
2025-04-11,284.421,286.298,282.938,284.816,139700.0
2025-04-14,284.816,287.781,284.717,285.903,136072.0
2025-04-15,285.211,286.793,283.828,286.397,97904.0
2025-04-16,286.595,286.694,282.642,286.397,122369.0
2025-04-17,285.31,286.002,284.519,285.903,80277.0
2025-04-18,285.112,286.595,284.025,285.211,58104.0
2025-04-21,284.421,285.705,284.025,285.409,89728.0
2025-04-22,284.816,291.734,284.519,290.35,188358.0
2025-04-23,290.252,291.339,287.979,288.275,94479.0
2025-04-24,288.571,291.734,288.275,288.374,87969.0
2025-04-25,290.252,290.35,285.409,287.781,173700.0
2025-04-28,287.386,287.484,285.409,285.903,81970.0
2025-04-29,285.607,286.595,284.618,284.618,70200.0
2025-04-30,281.357,282.148,279.479,280.467,213896.0
2025-05-06,281.456,283.63,280.467,283.334,136184.0
2025-05-07,286.002,286.2,283.63,284.519,126188.0
2025-05-08,283.828,284.816,283.235,284.717,78981.0
2025-05-09,284.618,284.717,281.357,281.653,103450.0
2025-05-12,281.851,282.642,281.159,282.345,109144.0
2025-05-13,283.235,286.793,282.741,285.804,170554.0
2025-05-14,285.112,286.101,283.037,285.508,97551.0
2025-05-15,285.508,286.101,283.926,284.124,85863.0
2025-05-16,284.223,286.694,283.531,286.595,125400.0
2025-05-19,286.397,286.595,283.926,284.717,94736.0
2025-05-20,285.014,288.077,285.014,287.089,148892.0
2025-05-21,286.793,289.955,286.496,288.176,142158.0
2025-05-22,287.386,287.583,285.508,285.903,103863.0
2025-05-23,285.508,288.868,285.508,285.705,188493.0
2025-05-26,285.705,285.804,280.764,281.555,154770.0
2025-05-27,281.555,283.432,280.665,282.741,87896.0
2025-05-28,282.642,283.334,281.555,281.752,59851.0
2025-05-29,281.752,287.781,280.665,287.484,174088.0
2025-05-30,290.35,300.728,290.35,299.937,598309.0
2025-06-03,294.304,301.024,294.304,298.949,320457.0
2025-06-04,299.245,302.408,297.17,300.629,239165.0
2025-06-05,300.826,302.704,296.577,297.763,242168.0
2025-06-06,296.676,298.652,294.897,296.577,146985.0
2025-06-09,297.466,311.796,297.466,305.471,458959.0
2025-06-10,307.151,311.5,303.692,305.768,295670.0
2025-06-11,305.966,307.053,303.297,303.791,187145.0
2025-06-12,303.989,308.14,302.309,305.373,233935.0
2025-06-13,304.187,310.512,302.506,304.285,296567.0
2025-06-16,303.297,305.669,299.64,300.728,190359.0
2025-06-17,302.803,304.878,296.577,297.071,197161.0
2025-06-18,296.478,297.861,293.711,295.292,134366.0
2025-06-19,294.501,295.885,291.635,292.327,137617.0
2025-06-20,292.426,293.809,290.054,290.548,102973.0
2025-06-23,290.548,294.205,289.362,292.722,138088.0
2025-06-24,294.304,295.786,293.019,295.193,149070.0
2025-06-25,296.577,296.577,293.118,295.391,145020.0
2025-06-26,294.897,294.897,292.426,292.821,146050.0
2025-06-27,293.315,294.995,292.92,293.711,99247.0
2025-06-30,293.612,297.367,292.426,297.17,148164.0
2025-07-01,297.763,299.443,296.28,299.245,163207.0
2025-07-02,299.245,300.826,297.565,297.96,110666.0
2025-07-03,298.158,301.913,297.268,300.629,153496.0
2025-07-04,300.826,301.815,299.344,300.53,141147.0
2025-07-07,300.53,301.024,297.565,297.763,118336.0
2025-07-08,297.367,301.419,297.17,298.356,119475.0
2025-07-09,298.356,301.419,296.478,298.553,184629.0
2025-07-10,298.85,306.657,298.85,300.53,250387.0
2025-07-11,300.233,304.187,299.344,302.21,239424.0
2025-07-14,302.309,303.692,301.518,303.001,154015.0
2025-07-15,303.001,303.001,298.652,300.332,148838.0
2025-07-16,300.135,312.093,299.937,310.215,486630.0
2025-07-17,308.733,311.203,307.942,310.116,281194.0
2025-07-18,310.907,311.401,307.942,309.721,194051.0
2025-07-21,309.227,310.116,306.657,307.448,269528.0
2025-07-22,307.448,313.477,307.25,308.634,320976.0
2025-07-23,307.942,313.872,307.646,307.843,303519.0
2025-07-24,308.436,315.848,307.646,313.575,358175.0
2025-07-25,313.674,318.715,312.192,312.686,366819.0
2025-07-28,314.07,317.133,312.982,315.157,294956.0
2025-07-29,326.72,327.708,315.058,318.319,842621.0
2025-07-30,315.848,338.283,315.651,329.586,1116890.0
2025-07-31,326.127,328.993,320.592,321.877,705233.0
2025-08-01,319.999,330.278,318.122,321.581,485801.0
2025-08-04,318.784,319.673,310.877,317.598,401388.0
2025-08-05,317.202,320.661,315.72,317.894,281848.0
2025-08-06,318.784,320.661,314.336,315.522,305453.0
2025-08-07,314.435,316.609,312.162,312.953,273809.0
2025-08-08,312.953,314.238,310.68,312.953,197937.0
2025-08-11,312.953,318.388,311.964,317.202,301073.0
2025-08-12,331.829,331.928,322.737,326.097,814774.0
2025-08-13,326.097,341.02,321.254,333.213,896636.0
2025-08-14,333.015,339.143,327.876,328.766,544418.0
2025-08-15,328.173,338.451,327.58,334.201,550174.0
2025-08-18,336.474,340.724,334.003,334.3,565017.0
2025-08-19,334.498,339.241,330.248,330.742,493422.0
2025-08-20,329.358,331.335,325.998,330.05,338149.0
2025-08-21,331.73,333.411,327.481,328.667,266363.0
2025-08-22,329.161,330.347,326.492,329.655,273867.0
2025-08-25,330.94,340.922,330.841,340.23,631078.0
2025-08-26,338.451,339.933,334.498,334.498,389153.0
2025-08-27,338.846,345.764,334.498,334.596,649189.0
2025-08-28,334.794,338.352,327.382,334.498,423005.0
2025-08-29,335.486,340.526,333.312,337.364,407521.0
2025-09-01,339.538,357.821,338.747,355.548,997944.0
2025-09-02,357.426,366.222,354.56,357.228,872697.0
2025-09-03,358.019,362.664,353.572,358.414,526197.0
2025-09-04,358.217,358.81,337.957,342.206,643068.0
2025-09-05,342.108,352.287,339.637,350.706,530440.0
2025-09-08,357.228,376.5,357.228,369.385,912432.0
2025-09-09,369.78,379.465,365.333,367.21,679882.0
2025-09-10,370.472,373.733,361.182,363.751,412702.0
2025-09-11,351.892,361.676,347.345,361.676,607350.0
2025-09-12,362.961,367.507,357.723,363.85,477193.0
2025-09-15,363.949,373.041,362.664,368.89,523664.0
2025-09-16,372.053,372.152,360.193,370.076,493312.0
2025-09-17,368.297,370.57,363.059,366.815,377585.0
2025-09-18,367.309,371.065,360.885,364.74,519464.0
2025-09-19,364.443,366.321,356.537,358.019,353206.0
2025-09-22,361.083,366.123,353.769,356.635,369649.0
2025-09-23,356.537,359.304,346.555,351.2,406334.0
2025-09-24,350.805,352.781,349.619,352.188,263560.0
2025-09-25,353.769,356.24,350.212,351.793,295729.0
2025-09-26,345.665,347.543,341.515,341.515,348893.0
2025-09-29,341.712,343.491,335.585,342.503,267840.0
2025-09-30,342.898,347.543,340.724,347.247,257818.0
2025-10-09,348.828,349.717,344.578,347.247,282987.0
2025-10-10,346.851,348.828,341.91,342.404,271326.0
2025-10-13,333.015,337.66,333.015,336.375,265438.0
2025-10-14,336.968,339.439,329.853,330.643,249844.0
2025-10-15,331.434,335.585,329.358,334.992,185981.0
2025-10-16,334.596,342.898,333.806,340.427,335919.0
2025-10-17,338.55,343.788,335.288,336.178,262917.0
2025-10-20,338.154,343.392,335.585,340.922,248458.0
2025-10-21,341.317,343.392,338.648,341.712,215680.0
2025-10-22,341.416,343.392,336.474,337.364,222951.0
2025-10-23,336.178,338.55,329.358,337.66,236195.0
2025-10-24,337.561,340.724,336.079,339.736,181873.0
2025-10-27,341.91,344.381,339.241,341.02,235418.0
2025-10-28,340.724,341.02,333.806,335.091,238893.0
2025-10-29,335.288,338.451,333.213,338.056,188920.0
2025-10-30,338.154,338.154,334.003,334.003,173110.0
2025-10-31,333.509,343.886,333.411,340.922,337705.0
2025-11-03,344.875,345.665,338.945,339.439,272572.0
2025-11-04,339.439,339.933,330.643,332.027,259128.0
2025-11-05,329.457,332.916,328.469,330.544,142561.0
2025-11-06,330.742,334.3,329.556,333.905,146693.0
2025-11-07,331.829,332.916,330.544,331.335,130808.0
2025-11-10,331.632,335.288,330.643,334.498,148311.0
2025-11-11,334.399,335.387,332.126,335.189,138358.0
2025-11-12,335.189,339.34,333.114,333.608,212532.0
2025-11-13,334.498,338.352,332.521,337.759,190370.0
2025-11-14,336.178,340.23,335.486,337.166,209813.0
2025-11-17,337.265,338.154,330.248,330.841,208993.0
2025-11-18,330.841,331.73,327.184,328.667,140933.0
2025-11-19,327.678,329.853,324.911,325.405,120864.0
2025-11-20,326.196,327.481,321.551,322.045,143084.0
2025-11-21,321.65,324.121,316.708,317.4,168716.0
2025-11-24,317.697,320.76,316.412,320.76,143175.0
2025-11-25,319.377,324.318,319.377,324.022,137217.0
2025-11-26,323.132,328.37,323.132,324.417,137655.0
2025-11-27,324.615,325.405,320.958,321.254,113262.0
2025-11-28,320.859,321.847,319.278,320.464,87154.0
2025-12-01,320.365,322.44,319.278,322.44,93681.0
2025-12-02,322.638,322.638,319.179,320.069,97739.0
2025-12-03,319.377,321.551,318.388,319.673,80621.0
2025-12-04,320.266,322.342,318.388,318.883,80250.0
2025-12-05,319.476,320.958,316.115,320.563,100413.0
2025-12-08,324.121,325.109,321.946,322.44,130324.0
2025-12-09,322.243,326.789,321.551,323.626,152299.0
2025-12-10,333.509,336.968,330.841,332.225,391692.0
2025-12-11,332.225,340.131,331.73,334.399,343049.0
2025-12-12,334.003,334.893,329.161,331.829,200549.0
2025-12-15,332.126,332.422,328.271,328.37,146099.0
2025-12-16,326.888,327.085,315.424,316.708,283532.0
2025-12-17,316.115,318.784,314.238,317.894,145740.0
2025-12-18,316.016,317.894,314.831,316.016,119244.0
2025-12-19,317.104,323.626,316.016,321.847,186863.0
2025-12-22,322.045,322.44,320.069,321.353,103395.0
2025-12-23,321.254,322.44,319.97,320.069,98999.0
2025-12-24,319.673,320.859,318.685,320.266,81065.0
2025-12-25,320.069,320.464,318.981,319.673,82951.0
2025-12-26,319.179,320.069,317.202,318.092,120348.0
2025-12-29,317.894,318.29,315.028,315.522,138746.0
2025-12-30,314.732,315.127,312.755,313.842,106105.0
2025-12-31,314.04,315.028,312.36,314.139,104016.0
2026-01-05,315.028,321.946,315.028,321.847,261678.0
2026-01-06,322.045,322.638,320.464,322.638,184169.0
2026-01-07,321.946,325.405,321.551,322.342,192735.0
2026-01-08,322.638,324.911,322.44,323.626,186940.0
2026-01-09,323.626,326.591,323.132,325.603,178305.0
2026-01-12,325.899,328.37,324.417,327.58,226821.0
2026-01-13,328.37,334.992,328.173,330.841,340279.0
2026-01-14,332.521,336.079,326.69,329.754,365497.0
2026-01-15,328.271,331.236,326.097,327.283,175834.0
2026-01-16,327.678,330.446,324.318,325.01,174336.0
2026-01-19,323.923,325.801,322.836,323.528,158088.0
2026-01-20,323.923,327.678,323.33,323.725,184179.0
2026-01-21,323.429,325.702,321.551,323.132,165996.0
2026-01-22,323.132,324.318,321.353,321.65,174996.0
2026-01-23,322.638,326.295,322.638,324.812,209859.0
2026-01-26,326.295,332.422,324.022,330.643,393896.0
2026-01-27,332.818,333.509,323.033,325.899,300859.0
2026-01-28,325.998,326.196,318.685,318.784,303274.0
2026-01-29,317.894,320.464,315.226,320.365,289384.0
2026-01-30,320.365,322.836,314.929,315.918,209081.0
2026-02-02,314.534,316.214,311.569,311.767,177118.0
2026-02-03,312.261,313.842,309.296,312.656,172022.0
2026-02-04,312.755,315.621,310.482,315.621,145621.0
2026-02-05,315.226,317.202,314.238,315.226,116596.0
2026-02-06,316.016,316.708,313.941,316.016,127682.0
2026-02-09,316.214,318.586,316.115,317.4,113836.0
2026-02-10,317.894,321.551,316.214,319.97,153387.0
2026-02-11,320.365,323.528,319.574,321.452,148659.0
2026-02-12,321.353,321.551,317.697,317.894,123550.0
2026-02-13,317.202,318.685,314.831,314.929,103862.0
2026-02-24,316.016,316.511,314.336,314.534,122535.0
2026-02-25,315.226,320.069,313.645,314.04,289750.0
2026-02-26,314.929,316.906,313.743,314.336,147873.0
2026-02-27,314.336,315.226,313.447,314.04,126172.0
2026-03-02,312.162,313.052,308.209,310.68,213113.0
2026-03-03,310.284,311.767,303.86,304.355,197494.0
2026-03-04,300.797,303.366,298.622,299.512,177194.0
2026-03-05,302.279,304.355,300.698,301.686,115602.0
2026-03-06,301.291,308.505,300.896,308.407,154907.0
2026-03-09,306.331,307.715,303.959,306.529,135916.0
2026-03-10,307.814,311.569,307.715,310.976,126244.0
2026-03-11,310.284,310.877,307.912,309.0,131669.0
2026-03-12,309.0,309.296,305.145,306.825,120028.0
2026-03-13,305.343,307.715,304.355,304.849,110503.0
2026-03-16,304.948,307.023,302.872,305.442,96625.0
2026-03-17,306.331,310.284,305.936,306.43,142572.0
2026-03-18,306.43,307.319,304.157,306.924,96272.0
2026-03-19,304.849,306.134,301.192,301.983,101226.0
2026-03-20,302.279,304.75,297.832,298.029,124512.0
2026-03-23,294.57,296.053,285.676,287.554,213837.0
2026-03-24,290.518,292.792,287.554,292.594,134875.0
2026-03-25,299.215,304.256,297.437,302.971,235389.0
2026-03-26,303.267,305.837,301.785,302.279,142379.0
2026-03-27,301.39,311.075,300.599,310.581,227422.0
2026-03-30,310.186,316.412,308.308,315.819,324332.0
2026-03-31,316.313,320.958,315.226,315.522,294973.0
2026-04-01,318.586,320.661,314.336,319.871,288363.0
2026-04-02,319.377,322.638,317.499,319.772,320875.0
2026-04-03,316.511,318.685,315.424,316.214,195764.0
2026-04-07,317.993,319.179,312.459,316.016,167632.0
2026-04-08,318.784,319.574,314.238,317.202,213667.0
2026-04-09,315.621,319.179,313.842,314.831,182252.0
2026-04-10,314.435,316.906,313.15,314.04,153613.0
2026-04-13,312.557,314.633,311.075,312.755,124640.0
2026-04-14,312.557,313.842,309.395,313.842,167254.0
2026-04-15,318.29,320.069,314.732,317.202,309835.0
2026-04-16,317.894,317.894,315.325,316.214,158259.0
2026-04-17,315.226,315.226,309.988,310.779,203199.0
2026-04-20,310.087,310.482,307.221,308.011,150972.0
2026-04-21,308.011,309.79,304.651,305.639,134746.0
2026-04-22,305.837,307.517,304.157,305.244,176432.0
2026-04-23,306.035,307.616,304.157,305.046,156610.0
2026-04-24,305.936,306.035,301.983,303.169,122440.0
2026-04-27,302.378,303.465,301.587,303.07,115903.0
2026-04-28,304.355,308.209,301.39,302.378,246744.0
2026-04-29,303.959,305.936,300.006,302.18,251895.0
2026-04-30,302.082,302.082,298.326,298.326,276406.0
2026-05-06,297.733,299.018,296.251,297.14,235099.0
2026-05-07,297.338,299.117,296.053,296.745,207069.0
2026-05-08,297.14,298.425,296.448,297.634,194754.0
2026-05-11,299.018,303.564,297.733,303.267,395057.0
2026-05-12,302.378,305.541,299.018,302.576,310544.0
2026-05-13,301.192,301.983,298.721,299.117,194695.0
2026-05-14,299.611,301.192,294.472,294.472,216529.0
2026-05-15,294.274,295.658,289.827,290.815,189185.0
2026-05-18,290.42,290.518,287.257,290.123,141763.0
2026-05-19,289.728,291.902,289.431,291.408,104478.0
2026-05-20,290.518,292.001,289.036,289.728,109702.0
2026-05-21,290.123,293.286,286.368,286.664,196034.0
2026-05-22,287.356,288.048,282.612,283.6,214305.0
2026-05-25,283.304,284.391,280.438,282.612,149513.0
2026-05-26,282.019,283.205,280.438,281.327,115736.0
2026-05-27,281.426,284.589,277.275,282.81,227542.0
2026-05-28,281.723,283.106,276.089,277.176,164019.0
2026-05-29,277.374,285.577,277.374,282.118,261665.0
2026-06-01,282.217,285.577,278.758,279.548,250491.0
2026-06-02,279.153,279.845,276.188,276.88,187444.0
2026-06-03,276.089,277.374,270.95,271.543,246386.0
2026-06-04,271.741,272.531,266.602,267.985,183953.0
2026-06-05,270.654,272.531,269.665,269.962,163752.0
2026-06-08,267.886,271.444,264.329,266.305,161094.0
2026-06-09,266.404,268.381,263.637,268.084,115178.0
2026-06-10,267.491,271.247,266.799,270.851,153772.0
2026-06-11,269.764,271.247,266.503,267.59,158037.0
2026-06-12,268.282,274.014,266.7,273.322,193665.0
2026-06-15,273.223,275.299,271.444,272.828,167995.0
2026-06-16,272.828,272.828,268.282,268.282,167196.0
2026-06-17,267.788,269.27,264.625,265.613,183188.0
2026-06-18,265.119,270.555,262.352,267.689,202986.0
2026-06-22,266.799,270.555,260.375,270.357,238774.0
2026-06-23,270.16,277.473,269.27,272.334,318056.0
2026-06-24,273.223,278.362,271.84,274.706,334057.0
2026-06-25,271.543,274.508,266.009,271.543,288670.0
2026-06-26,270.061,273.816,261.858,261.957,262912.0
2026-06-29,261.067,277.176,258.399,276.979,513531.0
2026-06-30,276.979,276.979,270.456,274.409,346056.0
2026-07-01,271.84,281.525,268.776,280.833,451176.0
2026-07-02,281.228,285.873,279.252,279.944,381803.0
2026-07-03,281.624,284.885,278.857,282.513,297851.0
2026-07-06,282.414,291.902,279.746,290.321,532407.0
2026-07-07,287.751,288.542,281.525,281.525,344080.0
2026-07-08,281.624,286.071,278.461,279.153,238662.0
2026-07-09,277.078,283.403,274.706,279.153,266629.0
2026-07-10,278.461,286.961,274.409,284.095,377606.0
2026-07-13,282.612,288.344,282.118,287.455,375176.0
2026-07-14,285.083,291.902,283.304,290.024,395775.0
2026-07-15,288.245,299.018,287.059,297.832,596389.0
2026-07-16,295.46,301.192,291.902,296.547,496056.0
2026-07-17,294.175,296.448,283.106,283.6,480129.0
2026-07-20,283.106,289.629,282.019,289.53,359222.0
2026-07-21,287.455,289.728,282.909,286.466,321911.0
2026-07-22,284.589,291.803,283.897,289.234,295434.0
2026-07-23,285.972,287.949,284.292,286.664,207186.0
2026-07-24,284.687,286.071,276.089,276.386,292815.0
2026-07-27,277.041,281.983,275.757,280.995,192487.0
2026-07-28,279.71,282.378,278.722,279.71,137164.0
2026-07-29,279.809,284.454,279.809,283.465,176178.0
2026-07-30,283.663,286.331,281.588,285.145,203718.0
2026-07-31,283.465,286.134,282.477,285.738,177134.0
2026-08-03,285.837,287.023,284.454,284.948,143378.0
2026-08-04,286.233,288.802,284.948,285.343,219733.0
2026-08-05,284.454,285.047,281.291,282.971,232707.0
2026-08-06,283.07,284.157,280.402,281.093,183175.0
2026-08-07,281.093,290.976,279.907,290.878,466961.0
2026-08-10,293.348,298.784,292.36,294.534,495491.0
2026-08-11,292.558,301.848,292.162,296.61,487348.0
2026-08-12,296.709,300.266,293.941,295.819,300593.0
2026-08-13,294.435,300.168,291.866,297.598,366652.0
2026-08-14,296.511,300.069,293.842,295.424,298402.0
2026-08-17,295.819,297.499,289.593,293.447,303812.0
2026-08-18,294.534,298.191,292.36,293.645,284534.0
2026-08-19,292.953,294.831,289.099,289.692,228851.0
2026-08-20,302.243,308.766,297.302,301.65,898075.0
2026-08-21,294.93,296.412,288.604,289.0,611686.0
2026-08-24,289.395,289.692,280.896,281.39,357198.0
2026-08-25,280.698,283.96,278.623,283.663,230533.0
2026-08-26,284.454,288.901,280.995,282.082,301354.0
2026-08-27,280.896,282.576,279.512,282.378,203629.0
2026-08-28,281.983,283.07,280.698,282.181,154381.0
2026-08-31,281.093,281.093,276.053,277.14,253750.0
2026-09-01,276.745,279.315,276.646,278.524,131468.0
2026-09-02,278.623,278.82,275.361,275.559,182435.0
2026-09-03,275.658,277.041,274.67,276.35,124465.0
2026-09-04,276.646,278.326,276.053,276.943,133980.0
2026-09-07,279.018,280.995,278.129,280.006,177975.0
2026-09-08,279.512,281.192,278.129,280.995,177271.0
2026-09-09,279.512,280.006,277.536,277.931,119262.0
2026-09-10,277.239,277.239,272.298,272.396,204661.0
2026-09-11,271.309,271.408,268.74,269.629,139610.0
2026-09-14,268.641,273.582,268.641,273.088,134838.0
2026-09-15,273.088,274.175,271.408,271.705,73175.0
2026-09-16,271.408,271.803,269.827,271.21,82480.0
2026-09-17,269.629,272.298,269.629,271.408,89029.0
2026-09-18,272.1,275.164,271.705,273.879,143942.0
2026-09-21,274.768,284.157,274.768,283.96,350263.0
2026-09-22,282.181,285.936,280.995,284.75,313825.0
2026-09-23,284.75,287.419,283.564,284.75,182925.0
2026-09-24,284.454,285.738,281.489,281.884,159370.0
