date,open,high,low,close,volume
2016-01-04,10.79,10.84,9.79,9.83,744206.0
2016-01-05,9.29,9.79,9.15,9.62,1252830.0
2016-01-06,9.65,9.9,9.63,9.86,868334.0
2016-01-07,9.73,9.73,8.74,8.8,223649.0
2016-01-08,9.13,9.24,8.39,9.0,1108841.0
2016-01-11,9.03,9.54,8.69,8.96,1485858.0
2016-01-12,8.84,9.18,8.7,9.05,965782.0
2016-01-13,9.08,9.1,8.69,8.7,787497.0
2016-01-14,8.39,8.93,8.29,8.89,768965.0
2016-01-15,8.84,8.84,8.35,8.42,783338.0
2016-01-18,8.46,8.74,8.39,8.58,797148.0
2016-01-19,8.59,9.52,8.39,9.25,1521711.0
2016-01-20,9.04,9.22,8.89,8.92,1019048.0
2016-01-21,8.79,8.97,8.39,8.43,753181.0
2016-01-22,8.62,8.77,8.39,8.66,666326.0
2016-01-25,8.68,8.75,8.52,8.64,499472.0
2016-01-26,8.49,8.52,7.9,7.98,900826.0
2016-01-27,8.09,8.13,7.59,7.92,761624.0
2016-01-28,7.92,7.93,7.31,7.59,681459.0
2016-01-29,7.55,8.02,7.5,7.91,802162.0
2016-02-01,7.91,7.91,7.49,7.61,498913.0
2016-02-02,7.61,7.91,7.61,7.81,449848.0
2016-02-03,7.69,7.75,7.5,7.68,517527.0
2016-02-04,7.77,7.91,7.72,7.79,549763.0
2016-02-05,7.79,8.11,7.74,7.86,634509.0
2016-02-15,7.54,7.74,7.4,7.67,515497.0
2016-02-16,7.71,8.11,7.71,8.02,850811.0
2016-02-17,8.0,8.26,7.96,8.13,1042884.0
2016-02-18,8.13,8.2,7.99,8.04,742565.0
2016-02-19,8.04,8.11,7.97,8.02,477127.0
2016-02-22,8.14,8.33,8.11,8.24,889622.0
2016-02-23,8.25,8.3,8.05,8.16,717028.0
2016-02-24,8.08,8.3,8.0,8.25,821677.0
2016-02-25,8.2,8.2,7.35,7.55,1114250.0
2016-02-26,7.64,7.68,7.45,7.56,537219.0
2016-02-29,7.56,7.59,6.99,7.32,793873.0
2016-03-01,7.37,7.49,7.2,7.42,508106.0
2016-03-02,7.41,7.81,7.4,7.79,1085837.0
2016-03-03,7.79,7.89,7.71,7.86,948022.0
2016-03-04,7.79,8.19,7.74,8.17,1976642.0
2016-03-07,8.19,8.31,8.0,8.13,952584.0
2016-03-08,8.07,8.17,7.7,8.15,811821.0
2016-03-09,7.97,8.21,7.79,8.19,827659.0
2016-03-10,8.09,8.27,8.01,8.02,686467.0
2016-03-11,8.09,8.45,8.04,8.32,1426386.0
2016-03-14,8.39,8.62,8.23,8.36,1548401.0
2016-03-15,8.3,8.31,8.04,8.21,868067.0
2016-03-16,8.15,8.37,8.13,8.35,1418733.0
2016-03-17,8.41,8.44,8.23,8.37,860726.0
2016-03-18,8.44,8.6,8.35,8.42,1538066.0
2016-03-21,8.5,8.91,8.45,8.68,1904541.0
2016-03-22,8.6,8.65,8.48,8.54,1021998.0
2016-03-23,8.51,8.61,8.41,8.5,668438.0
2016-03-24,8.4,8.47,8.27,8.28,761337.0
2016-03-25,8.28,8.35,8.25,8.31,441420.0
2016-03-28,8.33,8.41,8.17,8.2,598872.0
2016-03-29,8.22,8.22,8.0,8.06,522246.0
2016-03-30,8.16,8.29,8.1,8.26,655003.0
2016-03-31,8.31,8.33,8.19,8.23,624689.0
2016-04-01,8.24,8.32,8.08,8.28,740249.0
2016-04-05,8.19,8.41,8.18,8.36,1193003.0
2016-04-06,8.3,8.34,8.2,8.29,809139.0
2016-04-07,8.32,8.34,8.09,8.1,795326.0
2016-04-08,8.04,8.08,7.95,8.03,636539.0
2016-04-11,8.06,8.21,8.06,8.16,617245.0
2016-04-12,8.14,8.16,8.01,8.07,473073.0
2016-04-13,8.14,8.33,8.12,8.2,1202938.0
2016-04-14,8.27,8.37,8.15,8.3,978000.0
2016-04-15,8.27,8.28,8.18,8.22,627081.0
2016-04-18,8.19,8.2,8.03,8.06,595799.0
2016-04-19,8.1,8.15,8.0,8.06,402414.0
2016-04-20,8.08,8.1,7.59,7.86,1161967.0
2016-04-21,7.83,7.88,7.7,7.73,477124.0
2016-04-22,7.73,7.78,7.64,7.73,320193.0
2016-04-25,7.7,7.7,7.56,7.64,290086.0
2016-04-26,7.66,7.75,7.64,7.71,326835.0
2016-04-27,7.72,7.76,7.64,7.66,295131.0
2016-04-28,7.65,7.68,7.45,7.53,437874.0
2016-04-29,7.51,7.54,7.38,7.44,513387.0
2016-05-03,7.49,7.66,7.44,7.64,540880.0
2016-05-04,7.6,7.67,7.57,7.63,366962.0
2016-05-05,7.6,7.63,7.54,7.59,310163.0
2016-05-06,7.59,7.62,7.3,7.44,693023.0
2016-05-09,7.37,7.38,7.11,7.14,584982.0
2016-05-10,7.14,7.32,7.11,7.18,481656.0
2016-05-11,7.19,7.3,7.12,7.18,471752.0
2016-05-12,7.12,7.15,7.0,7.1,403426.0
2016-05-13,7.09,7.16,7.06,7.09,289338.0
2016-05-30,7.19,7.86,7.11,7.49,1464641.0
2016-05-31,7.52,7.74,7.4,7.69,1287231.0
2016-06-01,7.64,7.68,7.56,7.58,817011.0
2016-06-02,7.56,7.58,7.5,7.54,481085.0
2016-06-03,7.55,7.61,7.5,7.55,446923.0
2016-06-06,7.55,7.58,7.5,7.54,376224.0
2016-06-07,7.54,7.57,7.47,7.48,298651.0
2016-06-08,7.47,7.56,7.35,7.45,552332.0
2016-06-13,7.29,7.29,7.02,7.03,660883.0
2016-06-14,7.03,7.1,7.01,7.05,442354.0
2016-06-15,6.97,7.25,6.92,7.22,761252.0
2016-06-16,7.14,7.2,7.07,7.09,401235.0
2016-06-17,7.11,7.16,7.07,7.09,317448.0
2016-06-20,7.14,7.14,7.02,7.08,266467.0
2016-06-21,7.1,7.16,7.04,7.08,427408.0
2016-06-22,7.08,7.11,7.04,7.1,299336.0
2016-06-23,7.11,7.12,7.03,7.07,308429.0
2016-06-24,7.07,7.09,6.74,6.91,812246.0
2016-06-27,6.85,6.96,6.8,6.95,378909.0
2016-06-28,6.92,7.02,6.88,6.99,411562.0
2016-06-29,7.0,7.45,6.98,7.23,1201380.0
2016-06-30,7.29,7.3,7.14,7.16,564758.0
2016-07-01,7.16,7.2,7.1,7.11,368868.0
2016-07-04,7.09,7.24,7.07,7.22,627765.0
2016-07-05,7.23,7.54,7.22,7.4,1468189.0
2016-07-06,7.32,7.37,7.2,7.27,692968.0
2016-07-07,7.25,7.29,7.15,7.24,621978.0
2016-07-08,7.2,7.24,7.16,7.18,377592.0
2016-07-11,7.22,7.29,7.17,7.22,606739.0
2016-07-12,7.23,7.38,7.18,7.36,880478.0
2016-07-13,7.38,7.53,7.36,7.42,971247.0
2016-07-14,7.4,7.4,7.31,7.36,505295.0
2016-07-15,7.39,7.41,7.28,7.34,367244.0
2016-07-18,7.33,7.34,7.21,7.23,466330.0
2016-07-19,7.23,7.34,7.17,7.32,478215.0
2016-07-20,7.32,7.32,7.22,7.25,252291.0
2016-07-21,7.31,7.33,7.25,7.25,343566.0
2016-07-22,7.23,7.25,7.16,7.19,387265.0
2016-07-25,7.19,7.2,7.13,7.16,268674.0
2016-07-26,7.17,7.23,7.16,7.23,256722.0
2016-07-27,7.22,7.26,6.92,7.13,799548.0
2016-07-28,7.11,7.11,6.99,7.07,379390.0
2016-07-29,7.07,7.08,7.0,7.02,286787.0
2016-08-01,7.01,7.03,6.89,6.93,450423.0
2016-08-02,6.94,6.97,6.91,6.96,193229.0
2016-08-03,6.93,7.01,6.91,7.01,227161.0
2016-08-04,7.0,7.03,6.95,7.02,251669.0
2016-08-05,7.07,7.08,7.02,7.05,264527.0
2016-08-08,7.04,7.09,7.0,7.09,261746.0
2016-08-09,7.07,7.16,7.04,7.16,417169.0
2016-08-10,7.15,7.18,7.12,7.12,329724.0
2016-08-11,7.12,7.17,7.06,7.07,318287.0
2016-08-12,7.07,7.25,7.04,7.24,577441.0
2016-08-15,7.24,7.53,7.24,7.46,1566020.0
2016-08-16,7.53,7.66,7.45,7.53,1213210.0
2016-08-17,7.52,7.57,7.44,7.48,604739.0
2016-08-18,7.59,7.72,7.5,7.53,835971.0
2016-08-19,7.49,8.08,7.42,7.86,1710787.0
2016-08-22,7.83,7.9,7.62,7.63,871721.0
2016-08-23,7.63,7.68,7.46,7.54,598673.0
2016-08-24,7.55,7.57,7.46,7.49,423522.0
2016-08-25,7.46,7.47,7.34,7.4,490527.0
2016-08-26,7.4,7.5,7.39,7.4,344766.0
2016-08-29,7.41,7.49,7.35,7.41,311360.0
2016-08-30,7.43,7.48,7.39,7.43,334099.0
2016-08-31,7.47,7.49,7.41,7.45,263247.0
2016-09-01,7.45,7.5,7.3,7.31,520831.0
2016-09-02,7.31,7.46,7.24,7.44,664694.0
2016-09-05,7.48,7.51,7.41,7.42,362538.0
2016-09-06,7.44,7.45,7.34,7.44,333823.0
2016-09-07,7.44,7.52,7.42,7.45,506656.0
2016-09-08,7.45,7.45,7.39,7.41,288174.0
2016-09-09,7.42,7.61,7.39,7.44,729674.0
2016-09-12,7.32,7.42,7.15,7.4,1196612.0
2016-09-13,7.35,7.35,7.26,7.32,348013.0
2016-09-14,7.27,7.28,7.21,7.25,305117.0
2016-09-19,7.26,7.29,7.25,7.27,219818.0
2016-09-20,7.28,7.28,7.22,7.24,199301.0
2016-09-21,7.24,7.27,7.22,7.24,212003.0
2016-09-22,7.28,7.31,7.24,7.25,359843.0
2016-09-23,7.28,7.29,7.21,7.23,263521.0
2016-09-26,7.23,7.23,7.11,7.13,405019.0
2016-09-27,7.12,7.15,7.06,7.13,294159.0
2016-09-28,7.13,7.14,7.07,7.09,175697.0
2016-09-29,7.11,7.15,7.08,7.09,197842.0
2016-09-30,7.09,7.13,7.09,7.1,158711.0
2016-10-10,7.12,7.22,7.12,7.21,307609.0
2016-10-11,7.21,7.25,7.19,7.21,351833.0
2016-10-12,7.21,7.24,7.16,7.19,284055.0
2016-10-13,7.19,7.31,7.17,7.3,544222.0
2016-10-14,7.28,7.39,7.24,7.35,719133.0
2016-10-17,7.35,7.35,7.19,7.24,545859.0
2016-10-18,7.22,7.75,7.21,7.59,1666909.0
2016-10-19,7.54,7.62,7.45,7.5,1006832.0
2016-10-20,7.52,7.55,7.42,7.43,543343.0
2016-10-21,7.43,8.03,7.42,7.71,2484665.0
2016-10-24,7.74,8.06,7.71,7.84,1878961.0
2016-10-25,7.84,7.84,7.65,7.72,1035435.0
2016-10-26,7.72,7.72,7.58,7.61,747592.0
2016-10-27,7.58,7.8,7.58,7.7,831682.0
2016-10-28,7.66,7.78,7.54,7.55,839541.0
2016-10-31,7.51,7.52,7.41,7.46,547943.0
2016-11-01,7.46,7.52,7.44,7.51,395978.0
2016-11-02,7.48,7.51,7.38,7.39,518892.0
2016-11-03,7.37,7.79,7.34,7.63,1309486.0
2016-11-04,7.59,7.62,7.48,7.49,590831.0
2016-11-07,7.49,7.52,7.4,7.49,346327.0
2016-11-08,7.52,7.67,7.46,7.55,649560.0
2016-11-09,7.52,7.57,7.36,7.45,808405.0
2016-11-10,7.57,7.72,7.53,7.57,860618.0
2016-11-11,7.57,8.02,7.52,7.87,2404089.0
2016-11-14,7.79,8.4,7.79,8.23,2964563.0
2016-11-15,8.19,8.2,8.02,8.1,1444186.0
2016-11-16,8.1,8.11,7.97,8.07,756142.0
2016-11-17,8.08,8.14,7.89,8.08,1127787.0
2016-11-18,8.08,8.8,8.02,8.3,2400006.0
2016-11-21,8.33,8.78,8.27,8.64,2932330.0
2016-11-22,8.71,8.92,8.5,8.56,2635017.0
2016-11-23,8.55,8.78,8.52,8.62,1445611.0
2016-11-24,8.53,8.61,8.4,8.47,1068067.0
2016-11-25,8.54,8.69,8.39,8.65,1342569.0
2016-11-28,8.76,9.06,8.75,8.87,2559233.0
2016-11-29,8.85,9.94,8.67,9.94,6591613.0
2016-11-30,9.84,10.33,9.6,10.12,6085639.0
2016-12-01,9.96,10.18,9.67,9.75,3596449.0
2016-12-02,9.71,9.8,9.39,9.46,3110706.0
2016-12-05,9.08,9.2,8.67,8.81,3368540.0
2016-12-06,8.77,8.95,8.77,8.81,1342603.0
2016-12-07,8.8,8.86,8.59,8.82,1393022.0
2016-12-08,8.8,8.83,8.52,8.54,1604148.0
2016-12-09,8.5,8.83,8.48,8.69,2367298.0
2016-12-12,8.56,8.6,8.04,8.18,3144593.0
2016-12-13,8.12,8.36,8.02,8.23,1499937.0
2016-12-14,8.14,8.21,7.99,8.04,1292284.0
2016-12-15,7.99,8.14,7.98,8.08,931872.0
2016-12-16,8.04,8.17,8.02,8.1,1005161.0
2016-12-19,8.09,8.09,7.95,7.97,868299.0
2016-12-20,7.99,8.04,7.85,7.95,861537.0
2016-12-21,7.96,8.2,7.96,8.13,1535949.0
2016-12-22,8.11,8.29,8.07,8.16,1133065.0
2016-12-23,8.17,8.29,7.98,8.04,1275852.0
2016-12-26,8.02,8.18,7.75,8.15,1206617.0
2016-12-27,8.12,8.22,8.05,8.07,847421.0
2016-12-28,8.04,8.08,7.87,7.92,737343.0
2016-12-29,7.93,8.06,7.8,7.96,745336.0
2016-12-30,7.96,7.99,7.8,7.91,912361.0
2017-01-03,7.89,8.03,7.89,7.98,605553.0
2017-01-04,7.99,8.11,7.97,8.08,872470.0
2017-01-05,8.08,8.08,8.01,8.04,703323.0
2017-01-06,8.05,8.19,8.04,8.08,987587.0
2017-01-09,8.06,8.28,8.05,8.28,1290917.0
2017-01-10,8.26,8.28,8.15,8.2,791236.0
2017-01-11,8.19,8.23,8.08,8.11,768619.0
2017-01-12,8.09,8.19,8.01,8.01,703407.0
2017-01-13,7.99,8.08,7.89,8.04,1021486.0
2017-01-16,7.99,8.2,7.82,8.15,1853943.0
2017-01-17,8.09,8.1,7.97,8.08,551083.0
2017-01-18,8.06,8.15,8.04,8.09,516067.0
2017-01-19,8.07,8.07,7.98,8.0,387697.0
2017-01-20,7.99,8.09,7.98,8.07,380443.0
2017-01-23,8.06,8.16,8.05,8.11,395786.0
2017-01-24,8.12,8.15,8.08,8.12,472616.0
2017-01-25,8.13,8.17,8.1,8.15,457323.0
2017-01-26,8.16,8.18,8.13,8.14,371385.0
2017-02-03,8.17,8.2,8.11,8.11,265231.0
2017-02-06,8.12,8.19,8.1,8.14,469938.0
2017-02-07,8.15,8.15,8.06,8.09,396863.0
2017-02-08,8.06,8.09,7.97,8.09,494295.0
2017-02-09,8.07,8.26,8.05,8.19,899413.0
2017-02-10,8.19,8.68,8.19,8.49,2318669.0
2017-02-13,8.49,8.82,8.45,8.55,1953480.0
2017-02-14,8.52,8.62,8.46,8.58,853501.0
2017-02-15,8.57,8.79,8.48,8.51,1575388.0
2017-02-16,8.51,8.54,8.4,8.52,769321.0
2017-02-17,8.5,8.53,8.35,8.39,804571.0
2017-02-20,8.4,8.52,8.39,8.51,1231846.0
2017-02-21,8.53,8.64,8.51,8.61,1036787.0
2017-02-22,8.61,8.61,8.52,8.58,626503.0
2017-02-23,8.58,8.72,8.54,8.61,1023141.0
2017-02-24,8.6,8.6,8.45,8.54,688724.0
2017-02-27,8.51,8.57,8.4,8.43,562312.0
2017-02-28,8.43,8.48,8.41,8.46,417961.0
2017-03-01,8.46,8.58,8.42,8.54,814206.0
2017-03-02,8.54,8.62,8.39,8.4,690164.0
2017-03-03,8.35,8.43,8.3,8.41,625985.0
2017-03-06,8.41,8.43,8.35,8.39,387787.0
2017-03-07,8.38,8.39,8.29,8.34,574750.0
2017-03-08,8.32,8.41,8.28,8.33,364089.0
2017-03-09,8.31,8.32,8.19,8.29,584224.0
2017-03-10,8.25,8.28,8.18,8.19,329257.0
2017-03-13,8.18,8.27,8.09,8.26,446978.0
2017-03-14,8.26,8.31,8.19,8.25,452724.0
2017-03-15,8.23,8.31,8.18,8.28,469382.0
2017-03-16,8.28,8.36,8.27,8.34,507863.0
2017-03-17,8.36,8.39,8.21,8.26,577366.0
2017-03-20,8.27,8.39,8.23,8.35,607171.0
2017-03-21,8.34,8.47,8.31,8.41,691226.0
2017-03-22,8.41,8.59,8.35,8.43,1078165.0
2017-03-23,8.44,8.51,8.25,8.36,812774.0
2017-03-24,8.35,8.8,8.32,8.69,2496418.0
2017-03-27,8.66,8.8,8.57,8.6,1185681.0
2017-03-28,8.64,8.68,8.53,8.61,862528.0
2017-03-29,8.59,8.77,8.54,8.64,1185544.0
2017-03-30,8.59,8.6,8.35,8.45,1269962.0
2017-03-31,8.44,8.44,8.25,8.38,1014168.0
2017-04-05,8.44,8.83,8.44,8.78,2293018.0
2017-04-06,8.8,9.22,8.69,8.99,2452266.0
2017-04-07,9.02,9.19,8.89,9.0,1572863.0
2017-04-10,8.95,9.08,8.81,8.83,1122666.0
2017-04-11,8.84,8.97,8.69,8.92,1575080.0
2017-04-12,8.87,8.91,8.68,8.76,843422.0
2017-04-13,8.75,8.8,8.58,8.62,1127113.0
2017-04-14,8.65,8.71,8.48,8.54,987402.0
2017-04-17,8.58,8.61,8.46,8.59,797544.0
2017-04-18,8.59,8.69,8.53,8.57,689272.0
2017-04-19,8.54,8.6,8.36,8.57,1070699.0
2017-04-20,8.54,8.64,8.44,8.61,868224.0
2017-04-21,8.62,8.73,8.53,8.7,967527.0
2017-04-24,8.68,8.68,8.26,8.58,1498380.0
2017-04-25,8.46,8.51,8.39,8.4,596846.0
2017-04-26,8.42,8.47,8.34,8.38,564175.0
2017-04-27,8.35,8.37,8.14,8.34,784064.0
2017-04-28,8.16,8.25,8.11,8.24,1004802.0
2017-05-02,8.24,8.26,8.16,8.18,417137.0
2017-05-03,8.19,8.22,8.0,8.02,806879.0
2017-05-04,7.94,8.14,7.89,8.04,760843.0
2017-05-05,8.06,8.11,7.99,8.07,501201.0
2017-05-08,8.11,8.18,7.86,8.16,1136015.0
2017-05-09,8.09,8.16,8.04,8.12,409846.0
2017-05-10,8.13,8.2,7.95,8.07,547270.0
2017-05-11,8.04,8.24,7.95,8.19,900360.0
2017-05-12,8.19,8.23,8.11,8.14,528929.0
2017-05-15,8.21,8.29,8.12,8.15,611468.0
2017-05-16,8.13,8.13,7.92,8.08,595349.0
2017-05-17,8.08,8.11,8.02,8.04,403136.0
2017-05-18,7.99,8.03,7.89,7.99,592630.0
2017-05-19,7.96,7.99,7.92,7.97,283636.0
2017-05-22,7.96,7.99,7.77,7.97,739703.0
2017-05-23,7.89,8.09,7.77,8.07,961541.0
2017-05-24,7.97,8.1,7.9,8.08,573938.0
2017-05-25,8.07,8.19,8.0,8.15,498592.0
2017-05-26,8.13,8.19,8.11,8.15,539222.0
2017-05-31,8.16,8.31,8.13,8.27,720352.0
2017-06-01,8.22,8.42,8.2,8.41,1047446.0
2017-06-02,8.38,8.44,8.29,8.37,533928.0
2017-06-05,8.36,8.37,8.2,8.21,481614.0
2017-06-06,8.21,8.27,8.17,8.24,280384.0
2017-06-07,8.24,8.27,8.21,8.25,781017.0
2017-06-08,8.23,8.24,8.16,8.16,424385.0
2017-06-09,8.19,8.3,8.17,8.23,503825.0
2017-06-12,8.19,8.23,8.08,8.16,496919.0
2017-06-13,8.12,8.16,8.04,8.13,317196.0
2017-06-14,8.13,8.15,8.06,8.11,267556.0
2017-06-15,8.09,8.14,8.08,8.11,264276.0
2017-06-16,8.1,8.16,8.08,8.1,241370.0
2017-06-19,8.09,8.15,8.08,8.14,276999.0
2017-06-20,8.14,8.15,8.05,8.08,381646.0
2017-06-21,8.1,8.12,8.06,8.08,301206.0
2017-06-22,8.06,8.16,8.05,8.13,623061.0
2017-06-23,8.11,8.16,8.02,8.15,527677.0
2017-06-26,8.24,8.31,8.14,8.2,836628.0
2017-06-27,8.24,8.25,8.17,8.19,466681.0
2017-06-28,8.16,8.25,8.13,8.19,393784.0
2017-06-29,8.19,8.22,8.17,8.19,273729.0
2017-06-30,8.19,8.27,8.16,8.26,511960.0
2017-07-03,8.26,8.28,8.2,8.24,322417.0
2017-07-04,8.25,8.26,8.18,8.2,276585.0
2017-07-05,8.2,8.2,8.12,8.19,415061.0
2017-07-06,8.19,8.21,8.13,8.18,325556.0
2017-07-07,8.15,8.24,8.12,8.22,479956.0
2017-07-10,8.2,8.27,8.17,8.23,359840.0
2017-07-11,8.22,8.25,8.17,8.22,416121.0
2017-07-12,8.23,8.24,8.12,8.14,432380.0
2017-07-13,8.12,8.27,8.11,8.25,689801.0
2017-07-14,8.25,8.38,8.23,8.36,950728.0
2017-07-17,8.4,8.41,8.13,8.15,890861.0
2017-07-18,8.11,8.24,8.07,8.24,507351.0
2017-07-19,8.24,8.39,8.23,8.38,913385.0
2017-07-20,8.36,8.48,8.31,8.35,719281.0
2017-07-21,8.33,8.42,8.31,8.35,458467.0
2017-07-24,8.29,8.38,8.28,8.31,477725.0
2017-07-25,8.31,8.33,8.18,8.25,507715.0
2017-07-26,8.28,8.29,8.19,8.22,333968.0
2017-07-27,8.22,8.24,8.18,8.23,389693.0
2017-07-28,8.23,8.28,8.21,8.23,330312.0
2017-07-31,8.23,8.25,8.19,8.22,464149.0
2017-08-01,8.23,8.26,8.2,8.25,374679.0
2017-08-02,8.25,8.34,8.23,8.26,460958.0
2017-08-03,8.24,8.26,8.17,8.2,397137.0
2017-08-04,8.23,8.31,8.22,8.27,410304.0
2017-08-07,8.27,8.3,8.23,8.26,333762.0
2017-08-08,8.25,8.46,8.25,8.4,847920.0
2017-08-09,8.38,8.39,8.31,8.36,434751.0
2017-08-10,8.37,8.37,8.28,8.35,503078.0
2017-08-11,8.36,8.36,8.15,8.16,583242.0
2017-08-14,8.23,8.28,8.18,8.26,318791.0
2017-08-15,8.27,8.28,8.2,8.25,299575.0
2017-08-16,8.24,8.24,8.19,8.22,292175.0
2017-08-17,8.25,8.37,8.24,8.31,425976.0
2017-08-18,8.31,8.32,8.27,8.3,294467.0
2017-08-21,8.31,8.35,8.27,8.31,392085.0
2017-08-22,8.34,8.35,8.26,8.28,341549.0
2017-08-23,8.28,8.3,8.23,8.24,263085.0
2017-08-24,8.25,8.25,8.15,8.17,305592.0
2017-08-25,8.15,8.27,8.15,8.26,351634.0
2017-08-28,8.22,8.4,8.21,8.33,732730.0
2017-08-29,8.32,8.34,8.28,8.29,320743.0
2017-08-30,8.3,8.33,8.27,8.32,292852.0
2017-08-31,8.31,8.34,8.27,8.29,285944.0
2017-09-01,8.3,8.31,8.23,8.25,401720.0
2017-09-04,8.26,8.27,8.2,8.23,308204.0
2017-09-05,8.24,8.26,8.2,8.24,248918.0
2017-09-06,8.24,8.38,8.18,8.31,729099.0
2017-09-07,8.3,8.3,8.21,8.22,463573.0
2017-09-08,8.23,8.24,8.18,8.2,310691.0
2017-09-11,8.23,8.26,8.18,8.23,348979.0
2017-09-12,8.21,8.24,8.17,8.19,387488.0
2017-09-13,8.19,8.26,8.17,8.23,340359.0
2017-09-14,8.26,8.44,8.26,8.31,891495.0
2017-09-15,8.3,8.3,8.2,8.23,595318.0
2017-09-18,8.21,8.28,8.21,8.25,333987.0
2017-09-19,8.25,8.27,8.2,8.21,378217.0
2017-09-20,8.2,8.22,8.19,8.22,274898.0
2017-09-21,8.22,8.23,8.18,8.19,330344.0
2017-09-22,8.17,8.21,8.16,8.18,275032.0
2017-09-25,8.19,8.2,8.11,8.12,316453.0
2017-09-26,8.11,8.14,8.09,8.11,224740.0
2017-09-27,8.11,8.2,8.09,8.12,275419.0
2017-09-28,8.12,8.13,8.06,8.07,249493.0
2017-09-29,8.07,8.12,8.06,8.08,220858.0
2017-10-09,8.19,8.21,8.13,8.14,297318.0
2017-10-10,8.15,8.19,8.12,8.19,242800.0
2017-10-11,8.2,8.22,8.16,8.18,217016.0
2017-10-12,8.19,8.22,8.15,8.18,302521.0
2017-10-13,8.2,8.29,8.18,8.22,452420.0
2017-10-16,8.24,8.5,8.23,8.35,1268694.0
2017-10-17,8.36,8.38,8.28,8.36,439388.0
2017-10-18,8.36,8.39,8.27,8.29,404552.0
2017-10-19,8.32,8.38,8.2,8.22,416635.0
2017-10-20,8.22,8.29,8.18,8.27,299514.0
2017-10-23,8.29,8.49,8.27,8.37,731294.0
2017-10-24,8.36,8.58,8.33,8.56,1619190.0
2017-10-25,8.56,8.59,8.47,8.54,843290.0
2017-10-26,8.53,9.52,8.47,9.33,3814889.0
2017-10-27,9.23,9.33,8.95,9.03,2313781.0
2017-10-30,9.07,9.73,9.06,9.54,3935960.0
2017-10-31,9.44,10.01,9.37,9.8,3398977.0
2017-11-01,9.71,10.01,9.64,9.75,2358663.0
2017-11-02,9.7,9.85,9.53,9.75,2266259.0
2017-11-03,9.73,9.8,9.37,9.69,2547044.0
2017-11-06,9.59,9.6,9.41,9.55,1519923.0
2017-11-07,9.51,10.01,9.51,9.75,2962263.0
2017-11-08,9.7,9.75,9.46,9.51,2100201.0
2017-11-09,9.53,9.73,9.42,9.6,1692816.0
2017-11-10,9.47,9.53,9.23,9.26,2209965.0
2017-11-13,9.22,9.38,9.2,9.29,1231298.0
2017-11-14,9.3,9.38,8.95,8.97,1655820.0
2017-11-15,8.92,9.0,8.8,8.95,1425171.0
2017-11-16,8.91,8.98,8.67,8.68,1122439.0
2017-11-17,8.65,9.0,8.58,8.98,2100222.0
2017-11-20,8.91,9.07,8.75,9.01,1174974.0
2017-11-21,9.01,9.31,8.97,9.12,1584396.0
2017-11-22,9.13,10.19,9.1,10.18,4114089.0
2017-11-23,10.19,10.31,9.85,9.94,3164034.0
2017-11-24,9.85,10.15,9.78,10.01,2177174.0
2017-11-27,10.03,10.45,9.82,10.03,2705392.0
2017-11-28,9.92,9.92,9.52,9.7,1783803.0
2017-11-29,9.69,9.77,9.35,9.76,1734452.0
2017-11-30,9.65,10.25,9.58,9.95,2403462.0
2017-12-01,9.85,10.02,9.62,9.98,1701681.0
2017-12-04,9.85,9.92,9.65,9.89,1244121.0
2017-12-05,9.8,10.2,9.77,10.08,2827169.0
2017-12-06,9.96,10.13,9.76,10.03,1733354.0
2017-12-07,9.96,10.29,9.92,10.0,1519104.0
2017-12-08,9.85,9.9,9.68,9.69,1505828.0
2017-12-11,9.71,9.85,9.62,9.76,1103431.0
2017-12-12,9.79,9.79,9.36,9.37,1400896.0
2017-12-13,9.33,9.5,9.3,9.44,835117.0
2017-12-14,9.49,9.69,9.39,9.59,1042301.0
2017-12-15,9.59,9.68,9.5,9.57,878886.0
2017-12-18,9.55,9.71,9.4,9.58,790550.0
2017-12-19,9.56,9.82,9.52,9.8,1166038.0
2017-12-20,9.8,10.22,9.77,10.01,2071385.0
2017-12-21,9.96,10.12,9.86,10.04,1311212.0
2017-12-22,10.06,10.19,9.93,10.07,1255509.0
2017-12-25,10.07,10.3,9.79,9.95,1638806.0
2017-12-26,9.86,10.54,9.83,10.52,2637480.0
2017-12-27,10.46,10.56,10.27,10.38,1991998.0
2017-12-28,10.35,10.55,10.27,10.38,1532859.0
2017-12-29,10.35,10.68,10.31,10.46,1558825.0
2018-01-02,10.72,11.2,10.68,11.1,2580837.0
2018-01-03,11.1,11.14,10.91,11.04,1504547.0
2018-01-04,11.04,11.2,10.9,10.99,1578298.0
2018-01-05,10.95,11.11,10.91,11.03,1425595.0
2018-01-08,11.01,11.01,10.52,10.64,3136490.0
2018-01-09,10.56,10.68,10.42,10.55,1720000.0
2018-01-10,10.57,10.71,10.48,10.59,1621134.0
2018-01-11,10.48,10.6,10.37,10.58,1175484.0
2018-01-12,10.55,10.6,10.43,10.5,825833.0
2018-01-15,10.43,10.43,10.09,10.18,1827783.0
2018-01-16,10.12,10.55,10.1,10.54,1739913.0
2018-01-17,10.47,10.75,10.39,10.5,1759078.0
2018-01-18,10.48,10.73,10.38,10.7,1856188.0
2018-01-19,10.7,10.8,10.45,10.51,1516772.0
2018-01-22,10.44,10.45,10.28,10.41,1066587.0
2018-01-23,10.45,10.88,10.35,10.86,2391561.0
2018-01-24,10.84,10.87,10.6,10.82,1847559.0
2018-01-25,10.73,10.79,10.57,10.65,1262590.0
2018-01-26,10.59,10.77,10.56,10.67,1249317.0
2018-01-29,10.67,10.72,10.16,10.18,2098069.0
2018-01-30,10.15,10.31,9.92,9.95,1226340.0
2018-01-31,9.85,9.91,9.59,9.73,1472890.0
2018-02-01,9.77,9.93,9.51,9.91,1575795.0
2018-02-02,9.81,9.84,9.67,9.82,807330.0
2018-02-05,9.56,9.78,9.51,9.71,840505.0
2018-02-06,9.5,9.8,9.42,9.71,1889661.0
2018-02-07,9.77,9.85,9.43,9.69,1214774.0
2018-02-08,9.63,9.72,8.9,9.14,1550143.0
2018-02-09,8.85,8.85,8.16,8.69,2036172.0
2018-02-12,8.52,8.7,8.45,8.57,656582.0
2018-02-13,8.65,8.78,8.56,8.58,691857.0
2018-02-14,8.55,8.6,8.37,8.47,536881.0
2018-02-22,8.55,8.7,8.51,8.68,627055.0
2018-02-23,8.68,8.82,8.62,8.77,690624.0
2018-02-26,8.79,8.97,8.7,8.95,910615.0
2018-02-27,8.96,9.02,8.85,8.94,769409.0
2018-02-28,8.87,8.91,8.73,8.8,598101.0
2018-03-01,8.7,8.86,8.66,8.73,649049.0
2018-03-02,8.6,8.69,8.57,8.6,508729.0
2018-03-05,8.59,8.75,8.59,8.68,441877.0
2018-03-06,8.7,8.92,8.68,8.9,741538.0
2018-03-07,8.86,8.97,8.76,8.88,650936.0
2018-03-08,8.91,8.93,8.8,8.85,381985.0
2018-03-09,8.89,9.09,8.81,9.04,822624.0
2018-03-12,9.09,9.12,8.97,9.06,652856.0
2018-03-13,9.05,9.05,8.86,8.92,567255.0
2018-03-14,8.87,8.88,8.77,8.77,444381.0
2018-03-15,8.71,8.82,8.7,8.78,418147.0
2018-03-16,8.78,8.81,8.61,8.63,581215.0
2018-03-19,8.63,8.71,8.61,8.64,434371.0
2018-03-20,8.6,8.69,8.51,8.64,472689.0
2018-03-21,8.63,8.74,8.6,8.64,483913.0
2018-03-22,8.64,8.68,8.51,8.62,466346.0
2018-03-23,8.35,8.63,8.26,8.62,1269822.0
2018-03-26,8.55,8.55,8.34,8.45,472659.0
2018-03-27,8.52,8.67,8.49,8.6,515458.0
2018-03-28,8.5,8.58,8.38,8.43,489645.0
2018-03-29,8.43,8.51,8.33,8.48,562892.0
2018-03-30,8.48,8.5,8.38,8.4,431849.0
2018-04-02,8.38,8.44,8.33,8.34,515225.0
2018-04-03,8.26,8.29,8.15,8.16,721776.0
2018-04-04,8.2,8.25,8.13,8.13,450969.0
2018-04-09,8.1,8.13,7.97,8.05,438062.0
2018-04-10,8.06,8.3,8.06,8.3,576922.0
2018-04-11,8.27,8.37,8.21,8.28,473265.0
2018-04-12,8.25,8.27,8.17,8.18,298383.0
2018-04-13,8.23,8.24,8.1,8.11,296037.0
2018-04-16,8.07,8.1,7.97,8.05,394596.0
2018-04-17,8.05,8.1,7.79,7.85,408214.0
2018-04-18,7.94,7.94,7.79,7.88,358128.0
2018-04-19,7.87,7.95,7.86,7.91,296669.0
2018-04-20,7.77,7.89,7.66,7.8,646629.0
2018-04-23,7.77,7.84,7.73,7.8,277565.0
2018-04-24,7.76,8.07,7.76,7.98,470824.0
2018-04-25,7.92,7.95,7.87,7.91,243269.0
2018-04-26,7.95,7.98,7.8,7.91,355121.0
2018-04-27,7.96,8.05,7.93,8.02,408539.0
2018-05-02,8.1,8.13,7.94,7.96,254147.0
2018-05-03,7.95,8.03,7.85,7.99,309667.0
2018-05-04,7.97,8.06,7.96,7.98,225805.0
2018-05-07,8.02,8.08,7.97,8.04,296120.0
2018-05-08,8.04,8.11,8.03,8.09,310659.0
2018-05-09,8.09,8.15,8.05,8.08,266215.0
2018-05-10,8.13,8.13,8.01,8.07,244176.0
2018-05-11,8.11,8.11,7.99,8.0,194525.0
2018-05-14,8.03,8.05,7.96,7.98,203958.0
2018-05-15,8.0,8.04,7.93,8.03,238823.0
2018-05-16,8.03,8.03,7.91,7.91,248882.0
2018-05-17,7.91,7.93,7.82,7.83,229528.0
2018-05-18,7.82,7.92,7.8,7.91,234772.0
2018-05-21,7.95,8.1,7.95,8.09,450773.0
2018-05-22,8.1,8.1,7.95,8.01,344220.0
2018-05-23,8.02,8.02,7.9,7.9,250008.0
2018-05-24,7.88,7.9,7.83,7.85,229032.0
2018-05-25,7.86,7.94,7.81,7.89,267460.0
2018-05-28,7.89,7.89,7.76,7.77,246131.0
2018-05-29,7.75,7.82,7.65,7.81,453944.0
2018-05-30,7.7,7.7,7.4,7.42,434030.0
2018-05-31,7.55,7.55,7.45,7.51,357618.0
2018-06-01,7.5,7.5,7.43,7.45,211569.0
2018-06-04,7.45,7.5,7.44,7.47,176816.0
2018-06-05,7.48,7.48,7.4,7.45,259403.0
2018-06-06,7.45,7.46,7.33,7.35,370755.0
2018-06-07,7.37,7.39,7.33,7.34,277241.0
2018-06-08,7.33,7.33,7.06,7.13,507507.0
2018-06-11,7.13,7.13,7.05,7.08,228311.0
2018-06-12,7.09,7.14,7.05,7.12,219520.0
2018-06-13,7.09,7.1,6.94,7.03,338607.0
2018-06-14,6.97,7.04,6.93,7.01,297661.0
2018-06-15,7.01,7.06,6.89,7.01,357098.0
2018-06-19,6.87,6.93,6.14,6.19,832279.0
2018-06-20,6.16,6.28,6.14,6.21,406149.0
2018-06-21,6.2,6.29,5.91,5.93,434915.0
2018-06-22,5.9,6.01,5.71,5.95,340510.0
2018-06-25,5.97,6.03,5.86,5.88,273460.0
2018-06-26,5.85,5.95,5.76,5.92,246092.0
2018-06-27,5.92,6.13,5.89,5.96,339026.0
2018-06-28,5.94,6.06,5.89,5.96,262371.0
2018-06-29,6.01,6.06,5.95,6.05,256353.0
2018-07-02,6.04,6.05,5.78,5.82,301189.0
2018-07-03,5.82,5.94,5.75,5.91,267461.0
2018-07-04,5.91,5.99,5.84,5.87,238972.0
2018-07-05,5.8,5.88,5.73,5.74,224509.0
2018-07-06,5.79,5.81,5.56,5.74,277517.0
2018-07-09,5.73,5.87,5.73,5.86,213387.0
2018-07-10,5.86,5.93,5.85,5.9,172833.0
2018-07-11,5.79,5.83,5.71,5.72,211247.0
2018-07-12,5.76,5.96,5.75,5.94,290669.0
2018-07-13,5.97,5.97,5.9,5.94,187710.0
2018-07-16,5.98,5.98,5.86,5.91,179591.0
2018-07-17,5.91,5.92,5.83,5.87,148754.0
2018-07-18,5.87,5.93,5.82,5.82,187007.0
2018-07-19,5.82,5.88,5.75,5.78,180742.0
2018-07-20,5.79,5.93,5.76,5.9,285497.0
2018-07-23,5.89,6.31,5.86,6.24,676835.0
2018-07-24,6.3,6.81,6.3,6.74,1240472.0
2018-07-25,6.7,6.7,6.52,6.55,517304.0
2018-07-26,6.56,6.63,6.42,6.45,355941.0
2018-07-27,6.45,6.58,6.4,6.46,289206.0
2018-07-30,6.6,7.26,6.6,6.95,1048773.0
2018-07-31,6.95,6.99,6.78,6.89,381644.0
2018-08-01,7.0,7.15,6.7,6.71,480461.0
2018-08-02,6.68,6.88,6.42,6.83,712675.0
2018-08-03,6.8,6.83,6.59,6.6,361024.0
2018-08-06,6.51,6.77,6.51,6.58,352909.0
2018-08-07,6.63,7.25,6.58,7.23,1248393.0
2018-08-08,7.18,7.23,7.0,7.08,604112.0
2018-08-09,7.0,7.21,7.0,7.14,522025.0
2018-08-10,7.16,7.28,7.11,7.21,388649.0
2018-08-13,7.12,7.42,7.07,7.41,749000.0
2018-08-14,7.35,7.4,7.24,7.35,328494.0
2018-08-15,7.34,7.47,7.14,7.16,410730.0
2018-08-16,7.06,7.15,6.85,7.07,409025.0
2018-08-17,7.0,7.06,6.56,6.6,894137.0
2018-08-20,6.6,6.71,6.41,6.62,454107.0
2018-08-21,6.63,6.83,6.6,6.77,405475.0
2018-08-22,6.72,6.86,6.64,6.81,312612.0
2018-08-23,6.79,6.84,6.63,6.71,319981.0
2018-08-24,6.69,6.74,6.61,6.66,214623.0
2018-08-27,6.72,6.82,6.72,6.77,316299.0
2018-08-28,6.8,6.85,6.74,6.8,228294.0
2018-08-29,6.79,6.8,6.68,6.72,197285.0
2018-08-30,6.7,6.74,6.55,6.55,216896.0
2018-08-31,6.55,6.72,6.54,6.69,343457.0
2018-09-03,6.61,6.67,6.56,6.62,176807.0
2018-09-04,6.63,6.74,6.58,6.71,195676.0
2018-09-05,6.63,6.72,6.56,6.56,191124.0
2018-09-06,6.54,6.68,6.52,6.56,198816.0
2018-09-07,6.6,6.65,6.52,6.56,149607.0
2018-09-10,6.56,6.58,6.46,6.47,164687.0
2018-09-11,6.47,6.57,6.47,6.49,154494.0
2018-09-12,6.48,6.56,6.45,6.49,134224.0
2018-09-13,6.56,6.6,6.42,6.56,240804.0
2018-09-14,6.59,6.71,6.53,6.68,333053.0
2018-09-17,6.64,6.67,6.52,6.58,189883.0
2018-09-18,6.55,7.05,6.52,6.99,715886.0
2018-09-19,6.9,7.0,6.86,6.94,465264.0
2018-09-20,6.96,7.03,6.86,6.92,276730.0
2018-09-21,6.93,7.22,6.91,7.14,565458.0
2018-09-25,7.1,7.15,7.01,7.08,292124.0
2018-09-26,7.12,7.23,7.05,7.07,352435.0
2018-09-27,7.09,7.17,7.01,7.1,304802.0
2018-09-28,7.12,7.17,7.08,7.14,226960.0
2018-10-08,7.01,7.05,6.8,6.86,418390.0
2018-10-09,6.82,7.03,6.82,6.95,265018.0
2018-10-10,7.0,7.23,6.99,7.14,379666.0
2018-10-11,6.93,7.08,6.54,6.68,550525.0
2018-10-12,6.69,6.85,6.51,6.78,394224.0
2018-10-15,6.75,6.84,6.63,6.65,237724.0
2018-10-16,6.67,6.79,6.5,6.53,264131.0
2018-10-17,6.64,6.71,6.52,6.68,265535.0
2018-10-18,6.7,6.9,6.64,6.68,522096.0
2018-10-19,6.64,6.73,6.45,6.72,486595.0
2018-10-22,6.73,7.09,6.73,6.98,705104.0
2018-10-23,7.0,7.01,6.76,6.81,425021.0
2018-10-24,6.8,7.02,6.77,6.83,557214.0
2018-10-25,6.66,6.74,6.56,6.69,332406.0
2018-10-26,6.75,6.79,6.58,6.61,257458.0
2018-10-29,6.74,6.74,6.59,6.63,266223.0
2018-10-30,6.73,6.73,6.57,6.67,345952.0
2018-10-31,6.67,7.16,6.67,6.98,981688.0
2018-11-01,7.05,7.38,7.03,7.1,906844.0
2018-11-02,7.23,7.33,7.11,7.22,675873.0
2018-11-05,7.22,7.31,7.15,7.26,450158.0
2018-11-06,7.28,7.28,7.12,7.17,316525.0
2018-11-07,7.22,7.28,7.07,7.12,322156.0
2018-11-08,7.2,7.22,7.05,7.06,288020.0
2018-11-09,7.08,7.11,6.95,6.96,256007.0
2018-11-12,6.95,7.08,6.93,7.05,317811.0
2018-11-13,6.95,7.08,6.9,7.06,473680.0
2018-11-14,7.06,7.08,6.96,6.99,340562.0
2018-11-15,6.99,7.17,6.97,7.13,440157.0
2018-11-16,7.19,7.26,7.07,7.09,482012.0
2018-11-19,7.12,7.13,6.99,7.09,355620.0
2018-11-20,7.06,7.15,7.02,7.1,514159.0
2018-11-21,7.0,7.29,6.99,7.24,784814.0
2018-11-22,7.24,7.33,7.19,7.23,455912.0
2018-11-23,7.2,7.37,7.06,7.09,525950.0
2018-11-26,7.17,7.17,6.97,7.02,288326.0
2018-11-27,7.0,7.09,6.98,7.01,245030.0
2018-11-28,7.01,7.11,6.98,7.08,223672.0
2018-11-29,7.13,7.29,7.07,7.07,437631.0
2018-11-30,7.09,7.24,7.02,7.23,438069.0
2018-12-03,7.4,7.46,7.25,7.34,720325.0
2018-12-04,7.34,7.43,7.3,7.4,452809.0
2018-12-05,7.29,7.45,7.27,7.44,416241.0
2018-12-06,7.31,7.37,7.2,7.25,391487.0
2018-12-07,7.29,7.68,7.26,7.6,970880.0
2018-12-10,7.58,7.83,7.51,7.71,985968.0
2018-12-11,7.7,7.81,7.63,7.69,586858.0
2018-12-12,7.82,7.82,7.68,7.75,534533.0
2018-12-13,7.76,8.13,7.76,8.12,1399357.0
2018-12-14,8.02,8.15,7.89,7.91,1081829.0
2018-12-17,7.93,8.01,7.78,7.89,725278.0
2018-12-18,7.92,8.03,7.72,7.79,601942.0
2018-12-19,7.76,7.84,7.66,7.73,417933.0
2018-12-20,7.72,7.79,7.51,7.59,545067.0
2018-12-21,7.59,7.64,7.51,7.57,438266.0
2018-12-24,7.57,7.86,7.57,7.67,550599.0
2018-12-25,7.57,7.61,7.31,7.53,523336.0
2018-12-26,7.51,7.6,7.44,7.46,313142.0
2018-12-27,7.58,7.6,7.31,7.31,444795.0
2018-12-28,7.38,7.58,7.34,7.52,544962.0
2019-01-02,7.48,7.54,7.2,7.34,491886.0
2019-01-03,7.34,7.55,7.26,7.54,528228.0
2019-01-04,7.46,7.7,7.39,7.69,661473.0
2019-01-07,7.81,7.95,7.72,7.73,691713.0
2019-01-08,7.69,7.93,7.69,7.8,465285.0
2019-01-09,7.91,7.97,7.66,7.67,567099.0
2019-01-10,7.64,7.65,7.51,7.54,464241.0
2019-01-11,7.57,7.58,7.45,7.54,344796.0
2019-01-14,7.5,7.6,7.48,7.53,266499.0
2019-01-15,7.56,7.59,7.48,7.57,392533.0
2019-01-16,7.57,7.6,7.48,7.51,335808.0
2019-01-17,7.55,7.55,7.41,7.42,286947.0
2019-01-18,7.46,7.5,7.42,7.47,329121.0
2019-01-21,7.43,7.55,7.43,7.45,331543.0
2019-01-22,7.46,7.47,7.36,7.41,346951.0
2019-01-23,7.41,7.44,7.19,7.19,700379.0
2019-01-24,7.17,7.21,6.88,6.96,923666.0
2019-01-25,6.99,7.17,6.93,7.11,707314.0
2019-01-28,7.16,7.3,7.15,7.23,442506.0
2019-01-29,7.23,7.28,7.11,7.24,361363.0
2019-01-30,7.25,7.25,7.1,7.11,255505.0
2019-01-31,7.17,7.17,6.98,7.04,347867.0
2019-02-01,7.11,7.14,7.0,7.13,302015.0
2019-02-11,7.06,7.22,7.06,7.22,537171.0
2019-02-12,7.21,7.29,7.16,7.26,486175.0
2019-02-13,7.27,7.47,7.2,7.42,910379.0
2019-02-14,7.37,7.47,7.34,7.39,512146.0
2019-02-15,7.36,7.43,7.32,7.36,455184.0
2019-02-18,7.41,7.58,7.41,7.55,697891.0
2019-02-19,7.56,7.57,7.38,7.43,671528.0
2019-02-20,7.46,7.48,7.33,7.4,547444.0
2019-02-21,7.42,7.47,7.28,7.31,1023589.0
2019-02-22,7.31,7.41,7.24,7.41,761740.0
2019-02-25,7.41,8.07,7.41,8.05,2351260.0
2019-02-26,8.1,8.54,7.89,8.0,2419456.0
2019-02-27,8.08,8.23,7.89,8.07,1571315.0
2019-02-28,8.07,8.15,7.89,7.96,978740.0
2019-03-01,8.02,8.05,7.86,8.01,1027920.0
2019-03-04,8.05,8.33,8.05,8.13,2041510.0
2019-03-05,8.14,8.29,7.95,8.22,1623805.0
2019-03-06,8.22,8.28,8.08,8.22,1610031.0
2019-03-07,8.2,8.23,8.06,8.13,1500941.0
2019-03-08,7.98,7.99,7.61,7.64,1642314.0
2019-03-11,7.63,7.79,7.61,7.75,1044469.0
2019-03-12,7.81,7.95,7.71,7.8,1403073.0
2019-03-13,7.82,7.93,7.71,7.8,1108470.0
2019-03-14,7.8,7.88,7.6,7.66,908356.0
2019-03-15,7.7,7.82,7.65,7.71,839841.0
2019-03-18,7.71,7.95,7.68,7.94,1560368.0
2019-03-19,7.94,8.02,7.81,7.86,1168568.0
2019-03-20,7.84,7.9,7.74,7.8,838327.0
2019-03-21,7.85,7.89,7.78,7.8,1195101.0
2019-03-22,7.82,7.84,7.67,7.74,914771.0
2019-03-25,7.66,7.7,7.58,7.59,1015871.0
2019-03-26,7.64,7.67,7.45,7.49,761360.0
2019-03-27,7.52,7.55,7.45,7.47,566366.0
2019-03-28,7.44,7.69,7.39,7.59,951673.0
2019-03-29,7.55,7.63,7.31,7.6,1762769.0
2019-04-01,7.61,7.79,7.57,7.75,1689419.0
2019-04-02,7.74,7.78,7.67,7.69,1152301.0
2019-04-03,7.69,7.93,7.66,7.86,1685444.0
2019-04-04,7.87,7.95,7.77,7.89,1467277.0
2019-04-08,7.9,8.05,7.76,7.85,1488373.0
2019-04-09,7.82,7.99,7.76,7.9,1173441.0
2019-04-10,7.84,7.88,7.77,7.83,834018.0
2019-04-11,7.81,7.94,7.74,7.75,1155118.0
2019-04-12,7.74,7.83,7.65,7.73,808459.0
2019-04-15,7.85,7.92,7.7,7.72,1107128.0
2019-04-16,7.69,7.85,7.66,7.85,933689.0
2019-04-17,7.85,7.94,7.82,7.88,1091697.0
2019-04-18,7.87,7.92,7.79,7.81,658031.0
2019-04-19,7.83,7.9,7.79,7.9,818403.0
2019-04-22,7.97,7.99,7.7,7.76,1007259.0
2019-04-23,7.76,7.76,7.57,7.58,858266.0
2019-04-24,7.59,7.63,7.5,7.6,679059.0
2019-04-25,7.58,7.6,7.35,7.36,996287.0
2019-04-26,7.32,7.37,7.15,7.16,889699.0
2019-04-29,7.18,7.21,7.0,7.0,805288.0
2019-04-30,7.06,7.18,7.05,7.14,519680.0
2019-05-06,7.0,7.02,6.61,6.66,946187.0
2019-05-07,6.75,6.81,6.64,6.73,531642.0
2019-05-08,6.62,6.72,6.58,6.65,483605.0
2019-05-09,6.6,6.68,6.55,6.6,441866.0
2019-05-10,6.64,6.74,6.5,6.71,653923.0
2019-05-13,6.64,6.69,6.6,6.61,348651.0
2019-05-14,6.53,6.65,6.51,6.53,437862.0
2019-05-15,6.59,6.62,6.55,6.58,421562.0
2019-05-16,6.58,6.64,6.56,6.63,464927.0
2019-05-17,6.63,6.65,6.47,6.49,638137.0
2019-05-20,6.48,6.56,6.45,6.5,418567.0
2019-05-21,6.5,6.57,6.49,6.54,418074.0
2019-05-22,6.53,6.55,6.42,6.45,413623.0
2019-05-23,6.43,6.44,6.29,6.31,470652.0
2019-05-24,6.33,6.38,6.27,6.29,405686.0
2019-05-27,6.31,6.42,6.26,6.4,398351.0
2019-05-28,6.4,6.55,6.36,6.55,682199.0
2019-05-29,6.48,6.56,6.44,6.49,369115.0
2019-05-30,6.47,6.5,6.38,6.47,292687.0
2019-05-31,6.44,6.51,6.41,6.41,249756.0
2019-06-03,6.42,6.5,6.38,6.42,296804.0
2019-06-04,6.42,6.45,6.36,6.4,259404.0
2019-06-05,6.48,6.49,6.41,6.41,221642.0
2019-06-06,6.41,6.44,6.36,6.37,249523.0
2019-06-10,6.44,6.52,6.4,6.49,344882.0
2019-06-11,6.62,6.74,6.62,6.7,717086.0
2019-06-12,6.68,6.69,6.61,6.64,405867.0
2019-06-13,6.62,6.64,6.54,6.58,382751.0
2019-06-14,6.62,6.67,6.54,6.54,307948.0
2019-06-17,6.54,6.6,6.52,6.57,259882.0
2019-06-18,6.64,6.64,6.52,6.55,226570.0
2019-06-19,6.65,6.68,6.59,6.62,347201.0
2019-06-20,6.63,6.71,6.56,6.68,607629.0
2019-06-21,6.68,6.72,6.63,6.68,641475.0
2019-06-24,6.66,6.7,6.63,6.67,317650.0
2019-06-25,6.68,6.68,6.57,6.58,385531.0
2019-06-26,6.58,6.59,6.54,6.56,230259.0
2019-06-27,6.58,6.68,6.56,6.63,373887.0
2019-06-28,6.65,6.65,6.56,6.59,272822.0
2019-07-01,6.66,6.72,6.66,6.7,537912.0
2019-07-02,6.68,6.72,6.66,6.67,344497.0
2019-07-03,6.65,6.81,6.6,6.75,660284.0
2019-07-04,6.76,6.83,6.7,6.73,548046.0
2019-07-05,6.73,6.73,6.66,6.67,296186.0
2019-07-08,6.62,6.64,6.43,6.46,529724.0
2019-07-09,6.46,6.47,6.4,6.42,307389.0
2019-07-10,6.46,6.46,6.36,6.38,277070.0
2019-07-11,6.43,6.45,6.35,6.38,219500.0
2019-07-12,6.36,6.42,6.35,6.38,208027.0
2019-07-15,6.35,6.44,6.23,6.4,362549.0
2019-07-16,6.41,6.43,6.37,6.39,226041.0
2019-07-17,6.37,6.41,6.34,6.35,263766.0
2019-07-18,6.33,6.33,6.27,6.27,297995.0
2019-07-19,6.28,6.36,6.27,6.3,239475.0
2019-07-22,6.3,6.32,6.2,6.21,305670.0
2019-07-23,6.2,6.26,6.2,6.23,216884.0
2019-07-24,6.25,6.32,6.25,6.29,276250.0
2019-07-25,6.3,6.31,6.27,6.29,202822.0
2019-07-26,6.26,6.58,6.26,6.55,951087.0
2019-07-29,6.53,6.54,6.42,6.44,409933.0
2019-07-30,6.44,6.47,6.38,6.41,381123.0
2019-07-31,6.37,6.4,6.33,6.38,297164.0
2019-08-01,6.34,6.38,6.31,6.32,277585.0
2019-08-02,6.21,6.28,6.18,6.21,422761.0
2019-08-05,6.18,6.2,6.04,6.05,515184.0
2019-08-06,5.95,5.95,5.75,5.81,662240.0
2019-08-07,5.84,5.87,5.81,5.81,232121.0
2019-08-08,5.85,5.87,5.82,5.83,283231.0
2019-08-09,5.87,5.92,5.8,5.82,280450.0
2019-08-12,5.84,5.97,5.81,5.95,336826.0
2019-08-13,5.93,5.94,5.88,5.93,194637.0
2019-08-14,5.99,6.02,5.93,5.95,204578.0
2019-08-15,5.88,5.96,5.83,5.95,233458.0
2019-08-16,5.94,5.98,5.86,5.88,412317.0
2019-08-19,5.93,6.05,5.92,6.03,403349.0
2019-08-20,6.04,6.1,6.02,6.06,267485.0
2019-08-21,6.05,6.07,6.01,6.02,180358.0
2019-08-22,6.02,6.06,5.9,5.98,280229.0
2019-08-23,5.98,6.0,5.9,5.93,289347.0
2019-08-26,5.82,5.89,5.8,5.87,310087.0
2019-08-27,5.93,6.01,5.85,6.01,549088.0
2019-08-28,6.01,6.03,5.97,5.98,237216.0
2019-08-29,5.98,6.01,5.94,6.0,237392.0
2019-08-30,6.03,6.07,5.91,5.93,284408.0
2019-09-02,5.93,6.04,5.93,6.02,347030.0
2019-09-03,6.03,6.07,5.98,6.05,398183.0
2019-09-04,6.02,6.25,6.02,6.19,746525.0
2019-09-05,6.21,6.29,6.18,6.2,650480.0
2019-09-06,6.24,6.25,6.1,6.17,443579.0
2019-09-09,6.22,6.25,6.19,6.24,409820.0
2019-09-10,6.26,6.27,6.19,6.24,290288.0
2019-09-11,6.27,6.38,6.24,6.32,611631.0
2019-09-12,6.38,6.38,6.28,6.34,411141.0
2019-09-16,6.34,6.36,6.27,6.31,304052.0
2019-09-17,6.27,6.28,6.15,6.19,445963.0
2019-09-18,6.2,6.24,6.19,6.19,242652.0
2019-09-19,6.2,6.25,6.12,6.23,308244.0
2019-09-20,6.29,6.47,6.25,6.37,1031620.0
2019-09-23,6.37,6.38,6.2,6.25,466976.0
2019-09-24,6.25,6.27,6.18,6.19,313364.0
2019-09-25,6.19,6.19,6.09,6.09,289836.0
2019-09-26,6.1,6.13,6.0,6.02,312394.0
2019-09-27,6.03,6.05,5.99,6.01,193815.0
2019-09-30,6.0,6.03,5.96,5.97,227825.0
2019-10-08,5.93,6.0,5.93,5.94,289742.0
2019-10-09,5.9,5.96,5.88,5.95,167499.0
2019-10-10,5.96,5.99,5.9,5.96,234634.0
2019-10-11,5.99,6.04,5.93,6.02,247216.0
2019-10-14,6.06,6.13,6.04,6.08,307172.0
2019-10-15,6.09,6.1,6.01,6.03,186521.0
2019-10-16,6.05,6.08,5.99,6.01,184467.0
2019-10-17,6.0,6.07,5.98,6.02,157677.0
2019-10-18,6.02,6.05,5.92,5.92,219889.0
2019-10-21,5.93,5.96,5.89,5.94,180273.0
2019-10-22,5.95,5.97,5.9,5.95,197545.0
2019-10-23,5.93,5.96,5.85,5.87,333961.0
2019-10-24,5.89,5.89,5.84,5.86,204676.0
2019-10-25,5.89,5.9,5.82,5.9,238461.0
2019-10-28,5.89,5.95,5.88,5.94,289423.0
2019-10-29,5.94,5.94,5.85,5.85,251497.0
2019-10-30,5.85,5.86,5.79,5.81,201519.0
2019-10-31,5.82,5.86,5.82,5.85,221384.0
2019-11-01,5.84,5.89,5.81,5.86,327375.0
2019-11-04,5.88,5.9,5.85,5.88,295068.0
2019-11-05,5.9,5.96,5.85,5.92,424184.0
2019-11-06,5.92,5.93,5.85,5.85,283959.0
2019-11-07,5.85,5.9,5.83,5.85,270989.0
2019-11-08,5.88,5.89,5.83,5.84,270186.0
2019-11-11,5.83,5.83,5.76,5.77,313950.0
2019-11-12,5.79,5.81,5.74,5.76,213819.0
2019-11-13,5.79,5.79,5.58,5.62,603025.0
2019-11-14,5.62,5.64,5.59,5.6,311344.0
2019-11-15,5.61,5.62,5.46,5.47,399034.0
2019-11-18,5.47,5.56,5.37,5.53,291936.0
2019-11-19,5.53,5.62,5.5,5.59,282099.0
2019-11-20,5.58,5.62,5.51,5.53,213512.0
2019-11-21,5.51,5.55,5.48,5.52,240943.0
2019-11-22,5.53,5.66,5.5,5.56,444669.0
2019-11-25,5.57,5.75,5.56,5.69,584353.0
2019-11-26,5.73,5.73,5.65,5.73,557750.0
2019-11-27,5.71,5.73,5.64,5.67,240897.0
2019-11-28,5.66,5.7,5.62,5.65,232188.0
2019-11-29,5.62,5.67,5.6,5.62,218766.0
2019-12-02,5.63,5.69,5.52,5.55,252263.0
2019-12-03,5.52,5.54,5.47,5.53,198750.0
2019-12-04,5.53,5.53,5.46,5.51,223858.0
2019-12-05,5.54,5.56,5.5,5.54,250946.0
2019-12-06,5.56,5.57,5.52,5.55,199147.0
2019-12-09,5.56,5.6,5.54,5.6,365230.0
2019-12-10,5.58,5.58,5.54,5.55,219661.0
2019-12-11,5.57,5.57,5.51,5.55,252183.0
2019-12-12,5.54,5.55,5.52,5.54,223421.0
2019-12-13,5.57,5.63,5.56,5.63,459810.0
2019-12-16,5.65,5.68,5.62,5.67,431195.0
2019-12-17,5.68,5.81,5.66,5.78,688417.0
2019-12-18,5.81,5.87,5.76,5.79,549974.0
2019-12-19,5.79,5.8,5.76,5.79,359117.0
2019-12-20,5.79,5.8,5.75,5.75,350369.0
2019-12-23,5.76,5.77,5.63,5.64,401516.0
2019-12-24,5.63,5.66,5.61,5.65,242028.0
2019-12-25,5.65,5.66,5.61,5.62,260030.0
2019-12-26,5.61,5.68,5.61,5.65,311128.0
2019-12-27,5.65,5.72,5.65,5.67,454976.0
2019-12-30,5.65,5.81,5.64,5.8,660015.0
2019-12-31,5.8,5.82,5.75,5.79,414788.0
2020-01-02,5.84,5.94,5.84,5.89,1068579.0
2020-01-03,5.95,5.98,5.86,5.9,784003.0
2020-01-06,5.84,5.9,5.8,5.84,800045.0
2020-01-07,5.85,5.87,5.81,5.84,547208.0
2020-01-08,5.81,5.81,5.75,5.76,591324.0
2020-01-09,5.8,5.84,5.78,5.8,519418.0
2020-01-10,5.82,5.83,5.75,5.77,339139.0
2020-01-13,5.77,5.78,5.71,5.74,526965.0
2020-01-14,5.75,5.89,5.74,5.81,890001.0
2020-01-15,5.81,5.82,5.7,5.72,733393.0
2020-01-16,5.72,5.74,5.6,5.62,842882.0
2020-01-17,5.64,5.67,5.57,5.59,558678.0
2020-01-20,5.59,5.69,5.56,5.66,617521.0
2020-01-21,5.62,5.63,5.53,5.55,673202.0
2020-01-22,5.53,5.55,5.45,5.52,584875.0
2020-01-23,5.49,5.49,5.38,5.41,791013.0
2020-02-03,4.73,4.79,4.73,4.73,1274582.0
2020-02-04,4.61,4.73,4.56,4.68,1120610.0
2020-02-05,4.67,4.84,4.65,4.77,821529.0
2020-02-06,4.83,4.86,4.73,4.85,722051.0
2020-02-07,4.8,4.86,4.77,4.83,536903.0
2020-02-10,4.8,4.89,4.77,4.85,551188.0
2020-02-11,4.87,4.94,4.84,4.87,525561.0
2020-02-12,4.86,4.95,4.83,4.92,587932.0
2020-02-13,4.9,4.98,4.86,4.88,590877.0
2020-02-14,4.84,4.91,4.83,4.91,410975.0
2020-02-17,4.91,5.08,4.9,5.08,839249.0
2020-02-18,5.05,5.09,5.01,5.05,564476.0
2020-02-19,5.06,5.13,5.02,5.06,694346.0
2020-02-20,5.04,5.13,5.0,5.12,761610.0
2020-02-21,5.1,5.2,5.08,5.14,698289.0
2020-02-24,5.12,5.13,5.03,5.04,787014.0
2020-02-25,5.0,5.0,4.85,4.91,849191.0
2020-02-26,4.84,5.53,4.84,5.3,2536331.0
2020-02-27,5.27,5.34,5.17,5.2,981191.0
2020-02-28,5.05,5.32,5.02,5.05,1094710.0
2020-03-02,5.12,5.5,5.09,5.37,1579345.0
2020-03-03,5.43,5.46,5.26,5.3,1322524.0
2020-03-04,5.29,5.36,5.21,5.27,799685.0
2020-03-05,5.35,5.39,5.31,5.36,986992.0
2020-03-06,5.29,5.4,5.26,5.31,747303.0
2020-03-09,5.16,5.23,5.12,5.13,992942.0
2020-03-10,5.06,5.23,5.05,5.21,893315.0
2020-03-11,5.21,5.53,5.17,5.31,1374864.0
2020-03-12,5.23,5.25,5.11,5.17,837114.0
2020-03-13,4.92,5.13,4.86,5.09,813191.0
2020-03-16,5.16,5.29,5.01,5.04,885773.0
2020-03-17,5.01,5.16,4.89,5.03,656655.0
2020-03-18,5.05,5.11,4.92,4.93,551742.0
2020-03-19,4.94,5.0,4.76,4.84,704964.0
2020-03-20,4.86,4.98,4.85,4.98,571387.0
2020-03-23,4.86,4.9,4.8,4.82,483608.0
2020-03-24,4.91,4.93,4.82,4.88,411374.0
2020-03-25,4.99,5.07,4.93,5.01,543929.0
2020-03-26,4.97,4.98,4.91,4.93,345778.0
2020-03-27,5.0,5.38,4.99,5.24,1867549.0
2020-03-30,5.18,5.35,5.17,5.31,975524.0
2020-03-31,5.31,5.31,5.13,5.21,993908.0
2020-04-01,5.16,5.27,5.14,5.16,548469.0
2020-04-02,5.13,5.17,5.06,5.17,423982.0
2020-04-03,5.15,5.16,5.07,5.07,280847.0
2020-04-07,5.14,5.18,5.11,5.16,515953.0
2020-04-08,5.12,5.15,5.07,5.09,384023.0
2020-04-09,5.11,5.13,5.06,5.07,337530.0
2020-04-10,5.02,5.03,4.9,4.93,606484.0
2020-04-13,4.9,4.97,4.88,4.92,184452.0
2020-04-14,4.92,4.97,4.9,4.96,301709.0
2020-04-15,4.95,4.96,4.89,4.91,261622.0
2020-04-16,4.87,4.92,4.87,4.89,208130.0
2020-04-17,4.93,5.08,4.9,5.0,694676.0
2020-04-20,5.04,5.06,4.94,4.97,384182.0
2020-04-21,4.95,4.95,4.84,4.87,437353.0
2020-04-22,4.85,4.89,4.83,4.88,229381.0
2020-04-23,4.9,4.91,4.83,4.84,311120.0
2020-04-24,4.82,4.86,4.8,4.82,230772.0
2020-04-27,4.85,4.87,4.8,4.81,215817.0
2020-04-28,4.8,4.83,4.66,4.75,283096.0
2020-04-29,4.74,4.79,4.73,4.78,193239.0
2020-04-30,4.78,4.86,4.78,4.84,261807.0
2020-05-06,4.82,4.89,4.8,4.86,327597.0
2020-05-07,4.86,4.86,4.81,4.82,248643.0
2020-05-08,4.83,4.87,4.83,4.85,355779.0
2020-05-11,4.88,4.92,4.82,4.84,376199.0
2020-05-12,4.84,4.86,4.79,4.81,280894.0
2020-05-13,4.8,4.8,4.76,4.78,303838.0
2020-05-14,4.76,4.77,4.74,4.75,270472.0
2020-05-15,4.78,4.79,4.71,4.72,313916.0
2020-05-18,4.73,4.78,4.7,4.71,245293.0
2020-05-19,4.75,4.77,4.72,4.73,230298.0
2020-05-20,4.74,4.77,4.7,4.75,331995.0
2020-05-21,4.77,4.77,4.69,4.69,282688.0
2020-05-22,4.68,4.71,4.63,4.63,349630.0
2020-05-25,4.67,4.67,4.57,4.59,304934.0
2020-05-26,4.64,4.64,4.57,4.6,296315.0
2020-05-27,4.6,4.61,4.56,4.58,241630.0
2020-05-28,4.59,4.62,4.51,4.54,307800.0
2020-05-29,4.52,4.53,4.47,4.49,453738.0
2020-06-01,4.51,4.56,4.5,4.54,550103.0
2020-06-02,4.54,4.59,4.51,4.57,560642.0
2020-06-03,4.56,4.63,4.56,4.57,407471.0
2020-06-04,4.6,4.6,4.53,4.54,236680.0
2020-06-05,4.54,4.55,4.49,4.53,364555.0
2020-06-08,4.53,4.56,4.51,4.51,416560.0
2020-06-09,4.51,4.53,4.5,4.53,322160.0
2020-06-10,4.54,4.54,4.48,4.49,330224.0
2020-06-11,4.49,4.49,4.42,4.43,537460.0
2020-06-12,4.38,4.38,4.3,4.37,1218360.0
2020-06-15,4.32,4.33,4.25,4.25,800384.0
2020-06-16,4.28,4.29,4.25,4.27,563539.0
2020-06-17,4.27,4.27,4.23,4.25,404405.0
2020-06-18,4.24,4.33,4.22,4.29,543457.0
2020-06-19,4.31,4.33,4.27,4.31,537860.0
2020-06-22,4.4,4.47,4.35,4.35,852251.0
2020-06-23,4.32,4.34,4.27,4.27,461607.0
2020-06-24,4.28,4.29,4.23,4.24,457356.0
2020-06-29,4.24,4.25,4.19,4.21,378604.0
2020-06-30,4.23,4.26,4.22,4.22,355560.0
2020-07-01,4.21,4.31,4.19,4.3,677848.0
2020-07-02,4.29,4.47,4.29,4.45,1149705.0
2020-07-03,4.48,4.59,4.45,4.53,1263486.0
2020-07-06,4.55,4.92,4.55,4.89,2410681.0
2020-07-07,5.06,5.13,4.88,4.88,2252884.0
2020-07-08,4.85,4.97,4.79,4.95,1735867.0
2020-07-09,4.96,5.07,4.88,5.0,1743540.0
2020-07-10,4.97,4.98,4.82,4.83,1223259.0
2020-07-13,4.82,4.94,4.8,4.9,1184563.0
2020-07-14,4.9,4.97,4.82,4.86,1148024.0
2020-07-15,4.9,4.92,4.72,4.74,926372.0
2020-07-16,4.74,4.79,4.56,4.56,1015215.0
2020-07-17,4.6,4.62,4.52,4.55,627109.0
2020-07-20,4.56,4.76,4.56,4.75,859404.0
2020-07-21,4.77,4.82,4.7,4.73,607113.0
2020-07-22,4.73,4.8,4.69,4.71,634940.0
2020-07-23,4.66,4.7,4.57,4.65,767705.0
2020-07-24,4.63,4.69,4.49,4.51,785526.0
2020-07-27,4.55,4.57,4.42,4.45,708626.0
2020-07-28,4.48,4.5,4.43,4.45,382589.0
2020-07-29,4.44,4.54,4.39,4.52,572038.0
2020-07-30,4.53,4.57,4.5,4.5,384549.0
2020-07-31,4.49,4.57,4.45,4.49,519372.0
2020-08-03,4.53,4.59,4.5,4.58,692449.0
2020-08-04,4.59,4.69,4.54,4.62,897256.0
2020-08-05,4.6,4.61,4.51,4.54,767242.0
2020-08-06,4.55,4.59,4.48,4.53,538748.0
2020-08-07,4.54,4.68,4.5,4.58,919813.0
2020-08-10,4.61,4.86,4.57,4.82,1715985.0
2020-08-11,4.82,4.82,4.66,4.68,1050476.0
2020-08-12,4.65,4.74,4.6,4.71,701294.0
2020-08-13,4.74,4.75,4.67,4.7,577890.0
2020-08-14,4.75,4.76,4.65,4.72,647306.0
2020-08-17,4.7,4.81,4.7,4.79,922004.0
2020-08-18,4.8,4.84,4.74,4.78,608487.0
2020-08-19,4.77,4.83,4.72,4.76,667469.0
2020-08-20,4.72,4.75,4.65,4.67,669471.0
2020-08-21,4.69,4.7,4.65,4.69,356385.0
2020-08-24,4.7,4.71,4.67,4.68,330064.0
2020-08-25,4.68,4.7,4.64,4.65,396782.0
2020-08-26,4.65,4.66,4.56,4.57,468271.0
2020-08-27,4.58,4.6,4.53,4.57,327568.0
2020-08-28,4.56,4.65,4.55,4.64,359977.0
2020-08-31,4.66,4.73,4.63,4.66,557185.0
2020-09-01,4.62,4.68,4.61,4.64,306440.0
2020-09-02,4.66,4.67,4.57,4.6,385288.0
2020-09-03,4.59,4.63,4.53,4.53,499086.0
2020-09-04,4.49,4.52,4.47,4.5,351378.0
2020-09-07,4.49,4.54,4.43,4.44,423651.0
2020-09-08,4.46,4.51,4.45,4.49,368251.0
2020-09-09,4.45,4.53,4.45,4.46,473201.0
2020-09-10,4.48,4.5,4.38,4.4,491603.0
2020-09-11,4.38,4.41,4.37,4.39,288476.0
2020-09-14,4.4,4.44,4.38,4.4,296762.0
2020-09-15,4.4,4.43,4.38,4.43,288750.0
2020-09-16,4.42,4.46,4.39,4.44,261853.0
2020-09-17,4.42,4.43,4.38,4.38,335177.0
2020-09-18,4.41,4.5,4.39,4.5,810733.0
2020-09-21,4.49,4.53,4.45,4.45,387349.0
2020-09-22,4.42,4.46,4.39,4.4,354639.0
2020-09-23,4.45,4.45,4.37,4.38,320424.0
2020-09-24,4.37,4.38,4.3,4.31,431205.0
2020-09-25,4.29,4.34,4.29,4.3,228841.0
2020-09-28,4.3,4.34,4.29,4.29,221635.0
2020-09-29,4.31,4.34,4.3,4.31,196451.0
2020-09-30,4.32,4.34,4.28,4.29,227177.0
2020-10-09,4.35,4.37,4.33,4.36,280436.0
2020-10-12,4.36,4.46,4.36,4.45,414129.0
2020-10-13,4.42,4.44,4.4,4.42,213187.0
2020-10-14,4.42,4.42,4.37,4.38,250781.0
2020-10-15,4.37,4.39,4.34,4.35,182097.0
2020-10-16,4.35,4.4,4.34,4.38,234857.0
2020-10-19,4.39,4.45,4.36,4.36,274902.0
2020-10-20,4.35,4.36,4.32,4.34,241481.0
2020-10-21,4.35,4.43,4.31,4.41,422566.0
2020-10-22,4.39,4.4,4.33,4.35,289051.0
2020-10-23,4.34,4.39,4.34,4.36,260693.0
2020-10-26,4.35,4.38,4.33,4.36,200383.0
2020-10-27,4.33,4.35,4.3,4.32,216270.0
2020-10-28,4.32,4.33,4.26,4.3,252716.0
2020-10-29,4.26,4.28,4.24,4.26,269869.0
2020-10-30,4.27,4.29,4.18,4.19,347465.0
2020-11-02,4.2,4.21,4.1,4.13,438102.0
2020-11-03,4.14,4.21,4.13,4.2,240184.0
2020-11-04,4.2,4.22,4.18,4.19,218179.0
2020-11-05,4.22,4.26,4.21,4.26,286393.0
2020-11-06,4.26,4.43,4.23,4.37,660655.0
2020-11-09,4.37,4.47,4.36,4.4,716164.0
2020-11-10,4.41,4.45,4.33,4.35,444822.0
2020-11-11,4.36,4.55,4.36,4.48,1082979.0
2020-11-12,4.48,4.49,4.38,4.39,513100.0
2020-11-13,4.38,4.38,4.3,4.31,422866.0
2020-11-16,4.33,4.38,4.33,4.36,358178.0
2020-11-17,4.36,4.38,4.33,4.37,351140.0
2020-11-18,4.36,4.4,4.34,4.37,404914.0
2020-11-19,4.36,4.37,4.34,4.36,316803.0
2020-11-20,4.35,4.37,4.33,4.37,270110.0
2020-11-23,4.36,4.47,4.36,4.45,666132.0
2020-11-24,4.45,4.48,4.42,4.44,327107.0
2020-11-25,4.47,4.52,4.38,4.38,577341.0
2020-11-26,4.38,4.41,4.36,4.37,291310.0
2020-11-27,4.38,4.44,4.34,4.44,459550.0
2020-11-30,4.44,4.55,4.42,4.46,1055759.0
2020-12-01,4.45,4.51,4.4,4.51,681837.0
2020-12-02,4.49,4.56,4.45,4.52,725065.0
2020-12-03,4.52,4.52,4.44,4.46,574485.0
2020-12-04,4.46,4.46,4.4,4.43,380822.0
2020-12-07,4.43,4.44,4.35,4.37,371536.0
2020-12-08,4.36,4.39,4.34,4.35,244903.0
2020-12-09,4.35,4.37,4.3,4.3,321405.0
2020-12-10,4.3,4.31,4.26,4.29,289201.0
2020-12-11,4.28,4.29,4.21,4.24,430540.0
2020-12-14,4.25,4.29,4.21,4.26,317958.0
2020-12-15,4.24,4.25,4.18,4.2,328647.0
2020-12-16,4.2,4.21,4.16,4.17,259688.0
2020-12-17,4.16,4.25,4.12,4.23,410078.0
2020-12-18,4.24,4.29,4.17,4.17,807897.0
2020-12-21,4.19,4.21,4.15,4.17,524013.0
2020-12-22,4.16,4.18,4.1,4.11,487624.0
2020-12-23,4.1,4.14,4.1,4.13,243059.0
2020-12-24,4.15,4.18,4.11,4.12,281075.0
2020-12-25,4.11,4.18,4.11,4.17,271081.0
2020-12-28,4.13,4.16,4.11,4.12,277029.0
2020-12-29,4.12,4.15,4.11,4.12,358976.0
2020-12-30,4.12,4.13,4.06,4.07,566907.0
2020-12-31,4.07,4.12,4.06,4.11,467698.0
2021-01-04,4.07,4.1,4.04,4.08,787491.0
2021-01-05,4.05,4.5,4.05,4.15,2868949.0
2021-01-06,4.24,4.69,4.21,4.69,3463655.0
2021-01-07,4.81,5.16,4.64,4.94,6043383.0
2021-01-08,4.78,4.83,4.66,4.69,2766081.0
2021-01-11,4.7,5.13,4.61,4.94,3930888.0
2021-01-12,4.96,5.25,4.92,5.11,3300926.0
2021-01-13,5.03,5.74,5.02,5.74,7304638.0
2021-01-14,5.8,6.43,5.67,6.43,7922107.0
2021-01-15,6.6,6.6,5.74,5.94,8904252.0
2021-01-18,5.76,6.24,5.75,6.08,5341188.0
2021-01-19,5.98,6.15,5.55,5.58,5096582.0
2021-01-20,5.59,5.91,5.43,5.67,4235828.0
2021-01-21,5.62,5.82,5.45,5.74,3856219.0
2021-01-22,5.68,5.68,5.33,5.36,3461191.0
2021-01-25,5.42,5.55,5.25,5.38,2701754.0
2021-01-26,5.31,5.39,5.16,5.35,2306221.0
2021-01-27,5.31,5.73,5.26,5.56,3590382.0
2021-01-28,5.44,5.45,5.25,5.29,2026280.0
2021-01-29,5.33,5.36,4.95,5.05,2164372.0
2021-02-01,5.0,5.1,4.92,5.03,1324847.0
2021-02-02,5.05,5.22,4.98,5.07,1624283.0
2021-02-03,5.01,5.03,4.8,4.81,1984198.0
2021-02-04,4.8,4.92,4.7,4.85,1585927.0
2021-02-05,4.81,4.91,4.76,4.76,1074393.0
2021-02-08,4.75,4.85,4.66,4.74,1075763.0
2021-02-09,4.76,5.0,4.75,4.99,1650068.0
2021-02-10,4.98,5.01,4.9,4.94,1130547.0
2021-02-18,5.22,5.27,5.03,5.04,1541404.0
2021-02-19,5.03,5.66,5.01,5.66,3260819.0
2021-02-22,5.81,6.14,5.64,5.73,4140166.0
2021-02-23,5.64,5.98,5.52,5.56,2673197.0
2021-02-24,5.57,6.05,5.49,5.91,2907593.0
2021-02-25,5.96,6.22,5.86,6.09,3551148.0
2021-02-26,5.92,5.97,5.64,5.66,2802883.0
2021-03-01,5.71,5.95,5.54,5.9,2248225.0
2021-03-02,5.89,5.89,5.61,5.69,1763822.0
2021-03-03,5.7,5.84,5.58,5.74,1478852.0
2021-03-04,5.63,5.66,5.47,5.47,1638671.0
2021-03-05,5.41,5.62,5.4,5.47,1188462.0
2021-03-08,5.5,5.62,5.4,5.41,1214779.0
2021-03-09,5.41,5.5,5.1,5.28,1458739.0
2021-03-10,5.32,5.42,5.2,5.21,844529.0
2021-03-11,5.21,5.33,5.21,5.3,972600.0
2021-03-12,5.3,5.56,5.22,5.49,1669529.0
2021-03-15,5.44,5.56,5.41,5.48,1106128.0
2021-03-16,5.5,5.53,5.39,5.47,946517.0
2021-03-17,5.47,5.47,5.35,5.36,705139.0
2021-03-18,5.35,5.4,5.27,5.28,776682.0
2021-03-19,5.21,5.23,5.1,5.1,1078258.0
2021-03-22,5.1,5.25,5.08,5.19,906023.0
2021-03-23,5.16,5.25,5.1,5.12,664883.0
2021-03-24,5.1,5.12,4.91,4.93,1184625.0
2021-03-25,4.93,5.01,4.91,4.95,490633.0
2021-03-26,4.96,5.1,4.95,5.06,661855.0
2021-03-29,5.06,5.12,5.01,5.04,600541.0
2021-03-30,5.05,5.12,5.01,5.08,535192.0
2021-03-31,5.09,5.28,5.08,5.22,1245995.0
2021-04-01,5.17,5.21,5.08,5.14,832403.0
2021-04-02,5.12,5.13,5.02,5.04,617402.0
2021-04-06,5.03,5.09,4.98,5.06,819912.0
2021-04-07,5.04,5.18,5.01,5.12,802532.0
2021-04-08,5.1,5.12,4.99,5.0,804770.0
2021-04-09,5.01,5.07,4.98,5.0,468866.0
2021-04-12,5.05,5.09,4.99,5.02,585293.0
2021-04-13,5.01,5.02,4.91,4.92,549666.0
2021-04-14,4.91,4.99,4.91,4.97,406402.0
2021-04-15,4.97,4.97,4.87,4.9,477339.0
2021-04-16,4.91,5.03,4.91,5.0,572656.0
2021-04-19,5.02,5.11,5.01,5.1,822436.0
2021-04-20,5.09,5.09,5.0,5.01,625322.0
2021-04-21,5.0,5.01,4.94,4.95,472224.0
2021-04-22,4.93,5.0,4.93,4.95,373504.0
2021-04-23,4.95,4.95,4.87,4.92,575737.0
2021-04-26,4.91,4.92,4.8,4.81,731191.0
2021-04-27,4.81,4.84,4.75,4.81,535567.0
2021-04-28,4.82,4.89,4.78,4.85,465321.0
2021-04-29,4.85,4.88,4.81,4.86,384765.0
2021-04-30,4.86,4.87,4.75,4.77,521572.0
2021-05-06,4.79,4.84,4.76,4.78,463577.0
2021-05-07,4.78,4.87,4.77,4.84,597237.0
2021-05-10,4.83,4.84,4.76,4.79,624129.0
2021-05-11,4.76,4.79,4.7,4.78,643144.0
2021-05-12,4.76,4.77,4.72,4.77,401743.0
2021-05-13,4.76,5.1,4.73,5.03,1975377.0
2021-05-14,4.95,5.01,4.92,4.99,1127421.0
2021-05-17,4.96,5.09,4.95,4.97,749318.0
2021-05-18,4.98,5.03,4.93,4.98,560971.0
2021-05-19,4.98,5.0,4.89,4.91,626829.0
2021-05-20,4.88,4.89,4.81,4.85,613263.0
2021-05-21,4.84,4.91,4.82,4.83,409080.0
2021-05-24,4.82,4.85,4.81,4.84,381228.0
2021-05-25,4.83,4.95,4.8,4.93,915298.0
2021-05-26,4.91,5.04,4.9,4.96,863589.0
2021-05-27,4.95,4.96,4.91,4.93,519415.0
2021-05-28,4.93,4.95,4.86,4.87,551407.0
2021-05-31,4.86,4.87,4.82,4.85,476256.0
2021-06-01,4.86,4.89,4.83,4.87,434690.0
2021-06-02,4.88,4.89,4.81,4.82,546316.0
2021-06-03,4.82,4.89,4.81,4.82,532341.0
2021-06-04,4.81,4.86,4.79,4.82,517528.0
2021-06-07,4.83,4.95,4.82,4.91,773242.0
2021-06-08,4.93,4.93,4.85,4.86,524293.0
2021-06-09,4.86,4.89,4.83,4.86,400045.0
2021-06-10,4.91,5.02,4.91,4.95,1187557.0
2021-06-11,4.93,4.99,4.91,4.96,1011504.0
2021-06-15,4.96,4.99,4.82,4.86,883617.0
2021-06-16,4.88,5.15,4.85,5.07,2251037.0
2021-06-17,5.07,5.11,4.98,5.01,1157836.0
2021-06-18,5.01,5.08,4.98,5.08,1486403.0
2021-06-21,5.04,5.18,5.02,5.04,1181432.0
2021-06-22,5.06,5.11,4.96,4.98,900543.0
2021-06-23,4.99,5.03,4.93,5.02,758943.0
2021-06-24,5.01,5.08,4.96,4.97,693517.0
2021-06-25,4.97,5.01,4.94,4.99,641343.0
2021-06-28,4.98,5.04,4.95,4.97,617779.0
2021-06-29,4.97,4.99,4.87,4.88,766885.0
2021-06-30,4.87,4.91,4.85,4.88,425344.0
2021-07-01,4.86,4.93,4.83,4.84,602298.0
2021-07-02,4.82,4.83,4.76,4.77,730275.0
2021-07-05,4.77,4.79,4.71,4.73,614042.0
2021-07-06,4.73,4.77,4.72,4.76,458177.0
2021-07-07,4.74,4.8,4.73,4.77,428890.0
2021-07-08,4.78,4.79,4.72,4.72,438995.0
2021-07-09,4.7,4.76,4.7,4.75,378802.0
2021-07-12,4.77,4.79,4.75,4.77,506034.0
2021-07-13,4.76,4.86,4.73,4.81,633627.0
2021-07-14,4.79,4.8,4.74,4.74,448377.0
2021-07-15,4.73,4.76,4.7,4.75,440907.0
2021-07-16,4.75,4.76,4.71,4.71,416380.0
2021-07-19,4.72,4.72,4.52,4.7,1030430.0
2021-07-20,4.64,4.85,4.59,4.79,973430.0
2021-07-21,4.81,4.82,4.73,4.75,529672.0
2021-07-22,4.75,4.82,4.72,4.75,529237.0
2021-07-23,4.77,4.98,4.76,4.91,1545233.0
2021-07-26,4.92,4.95,4.8,4.87,1036260.0
2021-07-27,4.84,4.89,4.7,4.71,882679.0
2021-07-28,4.69,4.72,4.61,4.62,687826.0
2021-07-29,4.64,4.7,4.58,4.65,541480.0
2021-07-30,4.62,4.74,4.56,4.66,666225.0
2021-08-02,4.64,4.92,4.58,4.86,1382850.0
2021-08-03,4.82,4.94,4.81,4.86,976350.0
2021-08-04,4.84,4.88,4.77,4.8,780867.0
2021-08-05,4.79,4.89,4.78,4.82,665305.0
2021-08-06,4.86,4.87,4.77,4.81,547297.0
2021-08-09,4.79,5.03,4.79,4.94,1458061.0
2021-08-10,4.93,4.94,4.89,4.93,660127.0
2021-08-11,4.92,5.0,4.88,4.9,859759.0
2021-08-12,4.9,4.93,4.87,4.91,699183.0
2021-08-13,4.93,4.93,4.86,4.91,838694.0
2021-08-16,4.92,5.05,4.91,4.97,928817.0
2021-08-17,4.97,5.07,4.87,4.9,1016234.0
2021-08-18,4.89,5.04,4.85,5.03,954658.0
2021-08-19,5.01,5.02,4.88,4.91,919993.0
2021-08-20,4.89,4.91,4.85,4.9,558861.0
2021-08-23,4.9,4.94,4.89,4.93,590931.0
2021-08-24,4.93,4.97,4.91,4.92,577974.0
2021-08-25,4.92,5.07,4.9,5.04,1387877.0
2021-08-26,5.01,5.37,5.01,5.19,2337458.0
2021-08-27,5.18,5.78,5.11,5.6,3680815.0
2021-08-30,5.47,5.57,5.39,5.45,2289954.0
2021-08-31,5.42,5.73,5.34,5.73,3455482.0
2021-09-01,5.67,6.11,5.63,5.83,4031764.0
2021-09-02,5.79,6.04,5.71,5.98,2885682.0
2021-09-03,5.93,6.01,5.69,5.69,2447898.0
2021-09-06,5.71,5.95,5.71,5.82,1995128.0
2021-09-07,5.76,5.9,5.64,5.8,1992183.0
2021-09-08,5.82,5.95,5.76,5.85,1784310.0
2021-09-09,5.85,6.02,5.8,5.93,2540428.0
2021-09-10,5.96,6.1,5.81,5.82,2740505.0
2021-09-13,5.73,5.79,5.6,5.66,2404788.0
2021-09-14,5.66,5.72,5.51,5.52,1584422.0
2021-09-15,5.51,5.56,5.42,5.45,1319518.0
2021-09-16,5.46,5.6,5.41,5.46,1268356.0
2021-09-17,5.47,5.49,5.29,5.39,1107980.0
2021-09-22,5.29,5.5,5.29,5.47,941151.0
2021-09-23,5.51,5.57,5.46,5.52,966393.0
2021-09-24,5.52,5.55,5.31,5.36,971575.0
2021-09-27,5.35,5.39,5.16,5.22,993972.0
2021-09-28,5.23,5.3,5.21,5.25,579466.0
2021-09-29,5.24,5.24,5.11,5.19,796160.0
2021-09-30,5.17,5.26,5.17,5.19,506256.0
2021-10-08,5.3,5.32,5.22,5.26,475998.0
2021-10-11,5.26,5.33,5.23,5.24,592239.0
2021-10-12,5.23,5.24,5.04,5.11,799064.0
2021-10-13,5.08,5.11,5.03,5.08,461636.0
2021-10-14,5.09,5.14,5.06,5.09,374988.0
2021-10-15,5.09,5.11,5.04,5.06,422320.0
2021-10-18,5.04,5.1,5.03,5.09,355504.0
2021-10-19,5.08,5.11,5.05,5.09,439511.0
2021-10-20,5.09,5.09,5.06,5.07,333395.0
2021-10-21,5.08,5.08,4.96,4.98,712074.0
2021-10-22,4.96,5.07,4.95,5.01,538466.0
2021-10-25,5.01,5.03,4.97,5.03,402402.0
2021-10-26,5.03,5.09,4.99,5.0,509404.0
2021-10-27,5.0,5.0,4.9,4.93,559265.0
2021-10-28,4.91,4.93,4.83,4.85,513572.0
2021-10-29,4.83,4.92,4.83,4.92,435938.0
2021-11-01,4.89,4.96,4.85,4.94,404668.0
2021-11-02,4.94,4.99,4.83,4.89,612867.0
2021-11-03,4.85,4.91,4.84,4.86,319897.0
2021-11-04,4.87,5.01,4.86,5.0,703777.0
2021-11-05,5.0,5.06,4.94,4.98,606755.0
2021-11-08,4.98,5.06,4.95,5.04,464745.0
2021-11-09,5.04,5.05,4.95,4.97,456950.0
2021-11-10,4.97,4.99,4.88,4.94,551418.0
2021-11-11,4.91,4.98,4.91,4.97,540763.0
2021-11-12,5.01,5.06,4.98,4.99,519769.0
2021-11-15,4.98,5.01,4.94,5.0,357782.0
2021-11-16,4.99,5.04,4.97,4.99,444592.0
2021-11-17,4.98,5.02,4.97,4.99,392346.0
2021-11-18,4.98,5.03,4.96,4.96,396004.0
2021-11-19,4.93,4.99,4.92,4.98,404366.0
2021-11-22,4.98,5.02,4.97,5.0,467827.0
2021-11-23,4.99,5.12,4.98,5.11,1030924.0
2021-11-24,5.1,5.1,5.04,5.06,544646.0
2021-11-25,5.05,5.06,5.0,5.01,488356.0
2021-11-26,5.0,5.0,4.95,4.95,483100.0
2021-11-29,4.91,4.94,4.88,4.93,466967.0
2021-11-30,4.94,5.07,4.93,5.07,799555.0
2021-12-01,5.04,5.07,5.0,5.07,463829.0
2021-12-02,5.06,5.17,5.04,5.13,976100.0
2021-12-03,5.11,5.17,5.09,5.15,646084.0
2021-12-06,5.15,5.17,5.08,5.1,551802.0
2021-12-07,5.14,5.21,5.1,5.18,856838.0
2021-12-08,5.18,5.21,5.15,5.18,556833.0
2021-12-09,5.18,5.2,5.16,5.17,614227.0
2021-12-10,5.15,5.17,5.1,5.14,683839.0
2021-12-13,5.15,5.26,5.15,5.17,717784.0
2021-12-14,5.16,5.16,5.07,5.09,560097.0
2021-12-15,5.09,5.15,5.07,5.1,393752.0
2021-12-16,5.1,5.16,5.09,5.14,445333.0
2021-12-17,5.15,5.22,5.12,5.12,608870.0
2021-12-20,5.09,5.17,5.08,5.11,561980.0
2021-12-21,5.11,5.22,5.09,5.18,735194.0
2021-12-22,5.2,5.2,5.11,5.14,645732.0
2021-12-23,5.12,5.14,5.08,5.12,468147.0
2021-12-24,5.12,5.14,4.99,5.0,953486.0
2021-12-27,5.0,5.03,4.99,5.01,508186.0
2021-12-28,5.01,5.04,5.0,5.02,437651.0
2021-12-29,5.01,5.06,5.0,5.05,478275.0
2021-12-30,5.04,5.06,5.03,5.03,318872.0
2021-12-31,5.05,5.09,5.04,5.07,449518.0
2022-01-04,5.08,5.12,5.06,5.09,528477.0
2022-01-05,5.09,5.12,5.06,5.08,470307.0
2022-01-06,5.07,5.18,5.06,5.17,924753.0
2022-01-07,5.16,5.26,5.14,5.21,1358494.0
2022-01-10,5.2,5.27,5.15,5.22,787677.0
2022-01-11,5.19,5.25,5.15,5.17,514427.0
2022-01-12,5.17,5.19,5.12,5.14,506840.0
2022-01-13,5.14,5.18,5.11,5.12,528287.0
2022-01-14,5.12,5.12,5.0,5.01,898899.0
2022-01-17,5.01,5.04,4.99,5.02,508831.0
2022-01-18,5.01,5.18,5.0,5.11,1015821.0
2022-01-19,5.09,5.18,5.08,5.15,873827.0
2022-01-20,5.14,5.2,5.11,5.15,909075.0
2022-01-21,5.15,5.16,5.05,5.07,661388.0
2022-01-24,5.05,5.1,5.01,5.05,474724.0
2022-01-25,5.03,5.04,4.88,4.88,894308.0
2022-01-26,4.87,4.92,4.87,4.91,465748.0
2022-01-27,4.9,4.9,4.8,4.83,529128.0
2022-01-28,4.84,4.87,4.79,4.8,479184.0
2022-02-07,4.86,4.97,4.83,4.96,627777.0
2022-02-08,4.95,5.01,4.93,5.0,518445.0
2022-02-09,4.98,5.04,4.98,5.01,519727.0
2022-02-10,5.01,5.08,4.98,5.06,625518.0
2022-02-11,5.04,5.09,5.01,5.02,500180.0
2022-02-14,4.98,5.03,4.93,4.94,511192.0
2022-02-15,4.94,4.97,4.9,4.94,379878.0
2022-02-16,4.96,5.02,4.95,4.97,353399.0
2022-02-17,4.97,4.97,4.91,4.92,449922.0
2022-02-18,4.91,5.0,4.88,4.98,573828.0
2022-02-21,4.96,4.98,4.92,4.98,439899.0
2022-02-22,4.95,4.95,4.88,4.89,490962.0
2022-02-23,4.9,4.92,4.87,4.89,504491.0
2022-02-24,4.89,4.91,4.73,4.78,918043.0
2022-02-25,4.8,4.83,4.76,4.79,511069.0
2022-02-28,4.81,4.81,4.74,4.77,436977.0
2022-03-01,4.78,4.82,4.77,4.82,307849.0
2022-03-02,4.81,4.82,4.78,4.81,233609.0
2022-03-03,4.82,4.86,4.81,4.85,387479.0
2022-03-04,4.84,4.84,4.75,4.77,464630.0
2022-03-07,4.76,4.79,4.68,4.7,631940.0
2022-03-08,4.69,4.71,4.55,4.57,658432.0
2022-03-09,4.58,4.6,4.26,4.45,792636.0
2022-03-10,4.5,4.53,4.46,4.48,430804.0
2022-03-11,4.44,4.51,4.34,4.5,502660.0
2022-03-14,4.47,4.52,4.42,4.42,332401.0
2022-03-15,4.4,4.41,4.14,4.15,903085.0
2022-03-16,4.22,4.3,4.11,4.27,666168.0
2022-03-17,4.31,4.37,4.28,4.31,510378.0
2022-03-18,4.3,4.36,4.26,4.35,723607.0
2022-03-21,4.33,4.34,4.26,4.3,413308.0
2022-03-22,4.38,4.52,4.38,4.43,942507.0
2022-03-23,4.39,4.42,4.35,4.41,446335.0
2022-03-24,4.36,4.42,4.34,4.41,378246.0
2022-03-25,4.41,4.41,4.3,4.34,354397.0
2022-03-28,4.28,4.34,4.23,4.33,331789.0
2022-03-29,4.34,4.34,4.27,4.28,238250.0
2022-03-30,4.28,4.37,4.28,4.37,340509.0
2022-03-31,4.37,4.39,4.35,4.38,372316.0
2022-04-01,4.36,4.39,4.33,4.38,314283.0
2022-04-06,4.37,4.5,4.35,4.46,537319.0
2022-04-07,4.43,4.5,4.41,4.45,439975.0
2022-04-08,4.48,4.54,4.42,4.52,606185.0
2022-04-11,4.52,4.53,4.38,4.38,522910.0
2022-04-12,4.35,4.47,4.34,4.46,425040.0
2022-04-13,4.38,4.38,4.24,4.24,820386.0
2022-04-14,4.25,4.31,4.25,4.27,360999.0
2022-04-15,4.25,4.29,4.22,4.24,397396.0
2022-04-18,4.24,4.25,4.16,4.2,295834.0
2022-04-19,4.2,4.24,4.19,4.22,265985.0
2022-04-20,4.23,4.25,4.15,4.17,397164.0
2022-04-21,4.13,4.17,4.08,4.09,479841.0
2022-04-22,4.09,4.16,4.05,4.15,382149.0
2022-04-25,4.11,4.16,3.95,3.97,672084.0
2022-04-26,3.97,4.04,3.8,3.84,664794.0
2022-04-27,3.81,3.94,3.77,3.92,482236.0
2022-04-28,3.91,3.99,3.86,3.93,392424.0
2022-04-29,3.96,4.04,3.93,4.03,425668.0
2022-05-05,4.01,4.05,4.0,4.01,322960.0
2022-05-06,3.96,3.96,3.88,3.89,321757.0
2022-05-09,3.88,3.92,3.86,3.91,207529.0
2022-05-10,3.86,3.95,3.84,3.93,326963.0
2022-05-11,3.93,4.01,3.92,3.95,382361.0
2022-05-12,3.94,3.96,3.91,3.95,245535.0
2022-05-13,3.96,4.01,3.94,4.0,315624.0
2022-05-16,4.02,4.05,3.96,3.97,240200.0
2022-05-17,3.96,3.97,3.91,3.95,195553.0
2022-05-18,3.96,3.98,3.93,3.94,231347.0
2022-05-19,3.89,3.95,3.87,3.95,190839.0
2022-05-20,3.94,4.0,3.94,3.99,305690.0
2022-05-23,3.99,4.0,3.97,4.0,244790.0
2022-05-24,3.99,4.0,3.9,3.9,352017.0
2022-05-25,3.89,3.93,3.89,3.92,256561.0
2022-05-26,3.93,4.0,3.92,3.99,356747.0
2022-05-27,4.0,4.06,3.98,4.04,495310.0
2022-05-30,4.05,4.06,4.0,4.01,271178.0
2022-05-31,4.0,4.09,3.99,4.04,520987.0
2022-06-01,4.03,4.06,4.01,4.05,363952.0
2022-06-02,4.05,4.08,4.01,4.07,326297.0
2022-06-06,4.05,4.07,4.02,4.06,325025.0
2022-06-07,4.06,4.08,4.02,4.06,365774.0
2022-06-08,4.06,4.08,4.02,4.08,435753.0
2022-06-09,4.07,4.07,4.03,4.05,329180.0
2022-06-10,4.02,4.08,4.01,4.08,433171.0
2022-06-13,4.05,4.07,4.0,4.02,421916.0
2022-06-14,4.01,4.11,3.97,4.1,577599.0
2022-06-15,4.09,4.27,4.09,4.22,1105752.0
2022-06-16,4.23,4.23,4.14,4.15,549352.0
2022-06-17,4.13,4.18,4.11,4.15,439474.0
2022-06-20,4.18,4.21,4.15,4.18,355655.0
2022-06-21,4.18,4.2,4.13,4.17,323953.0
2022-06-22,4.17,4.18,4.1,4.1,326723.0
2022-06-23,4.1,4.15,4.09,4.15,276083.0
2022-06-24,4.14,4.17,4.13,4.15,261231.0
2022-06-27,4.17,4.19,4.14,4.17,354897.0
2022-06-28,4.15,4.22,4.13,4.22,382309.0
2022-06-29,4.19,4.26,4.16,4.17,440673.0
2022-06-30,4.16,4.21,4.16,4.18,310914.0
2022-07-01,4.18,4.2,4.14,4.15,277768.0
2022-07-04,4.15,4.16,4.11,4.15,263573.0
2022-07-05,4.15,4.17,4.1,4.14,324866.0
2022-07-06,4.12,4.14,4.04,4.07,384906.0
2022-07-07,4.08,4.13,4.05,4.11,261230.0
2022-07-08,4.11,4.32,4.1,4.21,808556.0
2022-07-11,4.21,4.23,4.17,4.18,351795.0
2022-07-12,4.19,4.24,4.16,4.17,365723.0
2022-07-13,4.17,4.21,4.16,4.18,284107.0
2022-07-14,4.18,4.2,4.12,4.13,343193.0
2022-07-15,4.12,4.14,4.05,4.05,362253.0
2022-07-18,4.05,4.14,4.04,4.13,255302.0
2022-07-19,4.12,4.15,4.1,4.14,202652.0
2022-07-20,4.15,4.18,4.13,4.17,253868.0
2022-07-21,4.16,4.17,4.12,4.12,214026.0
2022-07-22,4.16,4.16,4.11,4.15,217013.0
2022-07-25,4.14,4.16,4.08,4.1,189683.0
2022-07-26,4.1,4.13,4.09,4.11,155714.0
2022-07-27,4.11,4.13,4.09,4.09,146318.0
2022-07-28,4.11,4.18,4.1,4.15,304412.0
2022-07-29,4.15,4.17,4.11,4.13,251090.0
2022-08-01,4.13,4.15,4.09,4.1,263408.0
2022-08-02,4.08,4.09,3.86,3.92,789842.0
2022-08-03,3.92,3.99,3.88,3.89,359094.0
2022-08-04,3.91,3.93,3.88,3.91,240572.0
2022-08-05,3.94,3.99,3.91,3.98,278955.0
2022-08-08,3.98,4.03,3.96,4.01,217358.0
2022-08-09,4.01,4.03,3.99,4.01,156721.0
2022-08-10,4.01,4.04,4.0,4.03,180286.0
2022-08-11,4.04,4.13,4.03,4.12,375247.0
2022-08-12,4.16,4.16,4.12,4.14,316555.0
2022-08-15,4.14,4.17,4.12,4.15,234655.0
2022-08-16,4.16,4.16,4.12,4.13,230102.0
2022-08-17,4.15,4.2,4.11,4.18,289802.0
2022-08-18,4.17,4.19,4.13,4.13,189772.0
2022-08-19,4.13,4.18,4.12,4.14,233215.0
2022-08-22,4.15,4.17,4.12,4.16,193817.0
2022-08-23,4.16,4.16,4.12,4.12,208677.0
2022-08-24,4.14,4.15,4.08,4.08,314014.0
2022-08-25,4.09,4.12,4.05,4.11,282589.0
2022-08-26,4.11,4.11,4.07,4.08,184678.0
2022-08-29,4.07,4.19,4.06,4.19,555631.0
2022-08-30,4.17,4.21,4.16,4.19,328896.0
2022-08-31,4.17,4.2,4.13,4.17,381393.0
2022-09-01,4.15,4.18,4.12,4.12,247531.0
2022-09-02,4.13,4.15,4.09,4.1,215370.0
2022-09-05,4.09,4.13,4.09,4.12,202674.0
2022-09-06,4.13,4.17,4.12,4.16,283008.0
2022-09-07,4.18,4.24,4.15,4.19,412267.0
2022-09-08,4.2,4.24,4.18,4.21,414610.0
2022-09-09,4.22,4.24,4.2,4.22,275250.0
2022-09-13,4.22,4.25,4.19,4.22,264124.0
2022-09-14,4.2,4.21,4.16,4.17,277994.0
2022-09-15,4.19,4.21,4.11,4.15,308769.0
2022-09-16,4.14,4.15,4.01,4.03,596745.0
2022-09-19,4.04,4.05,3.95,3.97,434891.0
2022-09-20,3.98,4.01,3.97,3.98,203829.0
2022-09-21,3.97,4.0,3.93,3.98,237849.0
2022-09-22,3.96,4.03,3.95,4.01,258657.0
2022-09-23,4.01,4.06,3.98,4.03,273958.0
2022-09-26,4.02,4.03,3.9,3.9,382231.0
2022-09-27,3.9,3.96,3.87,3.96,190417.0
2022-09-28,3.94,3.95,3.87,3.88,213139.0
2022-09-29,3.89,3.92,3.81,3.84,271057.0
2022-09-30,3.83,3.89,3.82,3.85,278613.0
2022-10-10,3.86,3.91,3.81,3.82,267649.0
2022-10-11,3.83,3.86,3.8,3.82,207070.0
2022-10-12,3.82,3.88,3.77,3.88,277484.0
2022-10-13,3.86,3.9,3.85,3.87,181523.0
2022-10-14,3.89,3.94,3.89,3.91,208425.0
2022-10-17,3.92,3.94,3.9,3.93,210639.0
2022-10-18,3.94,3.96,3.91,3.92,204176.0
2022-10-19,3.92,3.93,3.87,3.87,157488.0
2022-10-20,3.87,3.93,3.85,3.88,181005.0
2022-10-21,3.9,4.01,3.89,3.99,545831.0
2022-10-24,4.0,4.03,3.89,3.92,415720.0
2022-10-25,3.94,3.98,3.88,3.95,299647.0
2022-10-26,3.97,4.03,3.95,3.99,355972.0
2022-10-27,4.0,4.03,3.97,3.98,349190.0
2022-10-28,3.96,3.99,3.85,3.85,440615.0
2022-10-31,3.86,3.95,3.84,3.91,353706.0
2022-11-01,3.9,4.05,3.9,4.05,571543.0
2022-11-02,4.04,4.11,4.01,4.09,424465.0
2022-11-03,4.08,4.49,4.04,4.23,1103546.0
2022-11-04,4.16,4.28,4.14,4.24,1025668.0
2022-11-07,4.23,4.28,4.21,4.24,467483.0
2022-11-08,4.24,4.42,4.23,4.41,1378736.0
2022-11-09,4.37,4.44,4.33,4.34,610489.0
2022-11-10,4.31,4.35,4.26,4.33,457807.0
2022-11-11,4.41,4.43,4.35,4.42,785659.0
2022-11-14,4.45,4.47,4.35,4.36,486082.0
2022-11-15,4.36,4.4,4.32,4.37,500708.0
2022-11-16,4.38,4.41,4.36,4.38,337790.0
2022-11-17,4.36,4.38,4.31,4.38,424310.0
2022-11-18,4.35,4.42,4.34,4.4,414614.0
2022-11-21,4.38,4.39,4.3,4.33,321805.0
2022-11-22,4.31,4.76,4.3,4.54,1890001.0
2022-11-23,4.53,4.71,4.49,4.63,1606854.0
2022-11-24,4.66,4.67,4.45,4.46,920764.0
2022-11-25,4.46,4.57,4.43,4.51,887801.0
2022-11-28,4.44,4.49,4.38,4.43,640644.0
2022-11-29,4.43,4.53,4.42,4.49,613320.0
2022-11-30,4.49,4.56,4.44,4.52,679082.0
2022-12-01,4.54,4.56,4.47,4.48,625876.0
2022-12-02,4.46,4.48,4.43,4.43,468548.0
2022-12-05,4.51,4.75,4.51,4.69,1981075.0
2022-12-06,4.67,4.68,4.57,4.59,899125.0
2022-12-07,4.56,4.61,4.49,4.51,816833.0
2022-12-08,4.51,4.53,4.46,4.48,615929.0
2022-12-09,4.48,4.52,4.42,4.52,817570.0
2022-12-12,4.49,4.49,4.41,4.42,595835.0
2022-12-13,4.41,4.47,4.38,4.44,459339.0
2022-12-14,4.44,4.46,4.39,4.42,410742.0
2022-12-15,4.42,4.43,4.37,4.39,328004.0
2022-12-16,4.36,4.44,4.35,4.44,475951.0
2022-12-19,4.43,4.44,4.24,4.28,563319.0
2022-12-20,4.25,4.32,4.24,4.3,337058.0
2022-12-21,4.31,4.32,4.25,4.27,292073.0
2022-12-22,4.28,4.3,4.22,4.24,320875.0
2022-12-23,4.23,4.26,4.2,4.23,291173.0
2022-12-26,4.22,4.26,4.2,4.24,217461.0
2022-12-27,4.25,4.27,4.23,4.25,220405.0
2022-12-28,4.23,4.26,4.21,4.23,253513.0
2022-12-29,4.22,4.26,4.2,4.21,293026.0
2022-12-30,4.22,4.29,4.21,4.27,292097.0
2023-01-03,4.27,4.31,4.25,4.29,318560.0
2023-01-04,4.29,4.33,4.27,4.32,362802.0
2023-01-05,4.32,4.35,4.3,4.32,335844.0
2023-01-06,4.32,4.34,4.28,4.3,361742.0
2023-01-09,4.31,4.33,4.3,4.31,231950.0
2023-01-10,4.31,4.35,4.28,4.29,266265.0
2023-01-11,4.29,4.38,4.28,4.35,574577.0
2023-01-12,4.35,4.36,4.29,4.3,348070.0
2023-01-13,4.29,4.34,4.29,4.34,302617.0
2023-01-16,4.33,4.39,4.3,4.36,557133.0
2023-01-17,4.36,4.39,4.34,4.38,269064.0
2023-01-18,4.38,4.4,4.36,4.37,186210.0
2023-01-19,4.38,4.4,4.35,4.4,286579.0
2023-01-20,4.39,4.46,4.39,4.46,379632.0
2023-01-30,4.5,4.54,4.47,4.51,583747.0
2023-01-31,4.49,4.52,4.48,4.51,392576.0
2023-02-01,4.52,4.59,4.51,4.58,518179.0
2023-02-02,4.59,4.61,4.54,4.55,451278.0
2023-02-03,4.55,4.55,4.5,4.52,414893.0
2023-02-06,4.52,4.55,4.48,4.54,303889.0
2023-02-07,4.54,4.6,4.53,4.59,350661.0
2023-02-08,4.59,4.64,4.56,4.59,342313.0
2023-02-09,4.57,4.65,4.56,4.64,427516.0
2023-02-10,4.65,4.68,4.62,4.65,442207.0
2023-02-13,4.67,4.76,4.65,4.73,723891.0
2023-02-14,4.73,4.75,4.69,4.71,366610.0
2023-02-15,4.7,4.71,4.67,4.7,391259.0
2023-02-16,4.7,4.75,4.61,4.65,566914.0
2023-02-17,4.64,4.7,4.63,4.64,388348.0
2023-02-20,4.66,4.8,4.65,4.79,661894.0
2023-02-21,4.79,4.8,4.72,4.77,468061.0
2023-02-22,4.75,4.89,4.74,4.84,876793.0
2023-02-23,4.85,4.87,4.79,4.83,490266.0
2023-02-24,4.84,4.89,4.83,4.86,648262.0
2023-02-27,4.85,4.86,4.76,4.8,542182.0
2023-02-28,4.83,4.87,4.79,4.86,545130.0
2023-03-01,4.86,4.99,4.85,4.95,926846.0
2023-03-02,4.96,5.14,4.95,5.1,1457212.0
2023-03-03,5.11,5.46,5.1,5.43,2973139.0
2023-03-06,5.45,5.59,5.4,5.47,2567474.0
2023-03-07,5.42,5.61,5.32,5.36,2438076.0
2023-03-08,5.31,5.37,5.24,5.34,1205013.0
2023-03-09,5.36,5.44,5.3,5.39,1381214.0
2023-03-10,5.35,5.4,5.26,5.26,1196913.0
2023-03-13,5.31,5.4,5.28,5.38,1163989.0
2023-03-14,5.36,5.48,5.25,5.27,1245431.0
2023-03-15,5.29,5.44,5.2,5.37,1180938.0
2023-03-16,5.34,5.37,5.26,5.27,759375.0
2023-03-17,5.28,5.48,5.27,5.4,1301558.0
2023-03-20,5.39,5.64,5.27,5.28,2304255.0
2023-03-21,5.28,5.39,5.25,5.32,939416.0
2023-03-22,5.31,5.35,5.24,5.25,892386.0
2023-03-23,5.25,5.31,5.17,5.27,951338.0
2023-03-24,5.25,5.27,5.13,5.13,897099.0
2023-03-27,5.15,5.19,5.1,5.13,570119.0
2023-03-28,5.13,5.19,5.11,5.13,430692.0
2023-03-29,5.14,5.16,5.03,5.09,515964.0
2023-03-30,5.09,5.2,5.04,5.14,614887.0
2023-03-31,5.19,5.35,5.18,5.28,1088363.0
2023-04-03,5.32,5.56,5.32,5.52,1673788.0
2023-04-04,5.54,5.96,5.52,5.89,2893230.0
2023-04-06,5.82,5.84,5.7,5.81,1214368.0
2023-04-07,5.79,5.85,5.73,5.76,805324.0
2023-04-10,5.77,5.99,5.76,5.84,1294730.0
2023-04-11,5.84,5.92,5.79,5.91,1076351.0
2023-04-12,5.9,6.06,5.86,6.0,1187096.0
2023-04-13,5.96,6.01,5.89,5.93,818052.0
2023-04-14,5.98,6.06,5.92,6.0,1098329.0
2023-04-17,5.99,6.05,5.87,5.97,1319266.0
2023-04-18,5.97,6.01,5.89,5.97,813652.0
2023-04-19,5.95,6.05,5.9,5.92,690802.0
2023-04-20,5.91,6.12,5.9,6.11,1732204.0
2023-04-21,6.07,6.36,6.04,6.06,2063342.0
2023-04-24,6.07,6.12,5.94,5.95,1336976.0
2023-04-25,5.98,6.05,5.89,5.99,959167.0
2023-04-26,5.95,5.95,5.76,5.85,1097008.0
2023-04-27,5.83,6.05,5.82,6.0,880665.0
2023-04-28,6.01,6.18,5.95,6.15,1269956.0
2023-05-04,6.15,6.2,5.99,6.13,1342165.0
2023-05-05,6.07,6.21,5.9,5.92,1400671.0
2023-05-08,5.96,6.27,5.94,6.2,1795048.0
2023-05-09,6.23,6.28,6.04,6.06,1645657.0
2023-05-10,6.06,6.07,5.8,5.86,1326836.0
2023-05-11,5.86,5.89,5.75,5.76,824964.0
2023-05-12,5.75,5.81,5.63,5.64,826079.0
2023-05-15,5.64,5.75,5.5,5.75,941374.0
2023-05-16,5.75,5.82,5.68,5.71,539617.0
2023-05-17,5.69,5.76,5.63,5.72,445376.0
2023-05-18,5.71,5.92,5.71,5.88,765855.0
2023-05-19,5.87,5.87,5.67,5.73,744453.0
2023-05-22,5.68,5.79,5.66,5.73,494309.0
2023-05-23,5.73,5.77,5.58,5.6,617136.0
2023-05-24,5.57,5.58,5.35,5.46,1112537.0
2023-05-25,5.45,5.54,5.41,5.49,654658.0
2023-05-26,5.49,5.55,5.44,5.51,306881.0
2023-05-29,5.54,5.65,5.53,5.62,509209.0
2023-05-30,5.62,6.27,5.6,6.11,3598831.0
2023-05-31,6.04,6.24,6.01,6.2,2399804.0
2023-06-01,6.11,6.13,5.94,6.04,1362337.0
2023-06-02,6.03,6.08,5.82,5.84,1251039.0
2023-06-05,5.82,5.87,5.77,5.78,866210.0
2023-06-06,5.81,6.14,5.76,5.79,1584369.0
2023-06-07,5.8,5.81,5.66,5.76,895929.0
2023-06-08,5.76,5.81,5.66,5.78,731652.0
2023-06-09,5.78,5.8,5.68,5.69,849551.0
2023-06-12,5.71,5.77,5.65,5.69,696985.0
2023-06-13,5.67,5.68,5.54,5.59,742010.0
2023-06-14,5.58,5.64,5.56,5.57,449347.0
2023-06-15,5.58,5.62,5.55,5.59,530777.0
2023-06-16,5.59,5.73,5.57,5.71,1031915.0
2023-06-19,5.71,5.73,5.57,5.57,700938.0
2023-06-20,5.58,5.62,5.52,5.57,448494.0
2023-06-21,5.55,5.62,5.5,5.5,515723.0
2023-06-26,5.48,5.53,5.36,5.37,655626.0
2023-06-27,5.38,5.62,5.38,5.6,793449.0
2023-06-28,5.6,5.62,5.53,5.6,429830.0
2023-06-29,5.62,5.73,5.6,5.71,628812.0
2023-06-30,5.71,5.75,5.65,5.66,456129.0
2023-07-03,5.68,5.84,5.68,5.77,745932.0
2023-07-04,5.77,5.9,5.76,5.81,717342.0
2023-07-05,5.79,5.9,5.78,5.82,564944.0
2023-07-06,5.82,5.83,5.72,5.75,436245.0
2023-07-07,5.74,5.82,5.73,5.79,345402.0
2023-07-10,5.78,5.81,5.72,5.78,321035.0
2023-07-11,5.79,5.86,5.76,5.8,324156.0
2023-07-12,5.78,5.8,5.6,5.61,586833.0
2023-07-13,5.64,5.76,5.63,5.76,426690.0
2023-07-14,5.77,5.85,5.72,5.81,433840.0
2023-07-17,5.78,5.85,5.76,5.85,399420.0
2023-07-18,5.85,5.85,5.77,5.79,271360.0
2023-07-19,5.81,5.81,5.72,5.74,352128.0
2023-07-20,5.74,5.78,5.66,5.67,367118.0
2023-07-21,5.66,5.71,5.59,5.63,322195.0
2023-07-24,5.61,5.68,5.58,5.62,234507.0
2023-07-25,5.68,5.75,5.68,5.74,315423.0
2023-07-26,5.75,5.75,5.61,5.64,391891.0
2023-07-27,5.65,5.68,5.59,5.61,329583.0
2023-07-28,5.6,5.78,5.56,5.77,602235.0
2023-07-31,5.77,5.91,5.77,5.87,782440.0
2023-08-01,5.84,5.91,5.84,5.86,432644.0
2023-08-02,5.88,5.93,5.81,5.83,456881.0
2023-08-03,5.79,5.84,5.75,5.83,361956.0
2023-08-04,5.85,5.9,5.84,5.85,398983.0
2023-08-07,5.84,5.88,5.77,5.86,449359.0
2023-08-08,5.86,5.87,5.81,5.84,287730.0
2023-08-09,5.82,5.86,5.76,5.78,367123.0
2023-08-10,5.77,5.82,5.74,5.77,298824.0
2023-08-11,5.82,5.88,5.66,5.66,709515.0
2023-08-14,5.61,5.65,5.5,5.62,717523.0
2023-08-15,5.61,5.7,5.59,5.67,401153.0
2023-08-16,5.67,5.67,5.55,5.56,407040.0
2023-08-17,5.56,5.63,5.52,5.61,339005.0
2023-08-18,5.61,5.68,5.5,5.51,496567.0
2023-08-21,5.53,5.56,5.43,5.43,310182.0
2023-08-22,5.44,5.55,5.43,5.53,416233.0
2023-08-23,5.51,5.53,5.45,5.46,273426.0
2023-08-24,5.47,5.5,5.25,5.25,882083.0
2023-08-25,5.22,5.34,5.19,5.3,428368.0
2023-08-28,5.6,5.68,5.5,5.54,1124621.0
2023-08-29,5.52,5.57,5.47,5.47,724031.0
2023-08-30,5.47,5.5,5.38,5.38,470986.0
2023-08-31,5.39,5.46,5.3,5.3,471205.0
2023-09-01,5.32,5.37,5.29,5.33,282099.0
2023-09-04,5.34,5.5,5.34,5.5,547745.0
2023-09-05,5.49,5.49,5.4,5.42,331114.0
2023-09-06,5.41,5.42,5.34,5.37,330555.0
2023-09-07,5.35,5.37,5.27,5.28,349406.0
2023-09-08,5.26,5.29,5.24,5.26,272052.0
2023-09-11,5.27,5.34,5.24,5.29,342838.0
2023-09-12,5.29,5.31,5.26,5.27,236214.0
2023-09-13,5.27,5.3,5.2,5.24,371420.0
2023-09-14,5.24,5.31,5.23,5.26,355924.0
2023-09-15,5.28,5.36,5.2,5.21,779358.0
2023-09-18,5.22,5.24,5.16,5.19,454208.0
2023-09-19,5.19,5.21,5.17,5.2,371168.0
2023-09-20,5.2,5.21,5.13,5.19,422109.0
2023-09-21,5.16,5.21,5.11,5.13,415351.0
2023-09-22,5.11,5.3,5.11,5.29,752859.0
2023-09-25,5.29,5.33,5.22,5.23,424122.0
2023-09-26,5.23,5.26,5.13,5.15,489327.0
2023-09-27,5.14,5.21,5.13,5.17,418726.0
2023-09-28,5.19,5.24,5.17,5.2,352693.0
2023-10-09,5.2,5.21,5.11,5.14,445901.0
2023-10-10,5.14,5.16,4.9,4.95,968682.0
2023-10-11,4.96,5.03,4.96,4.97,476304.0
2023-10-12,4.99,5.08,4.99,5.03,476657.0
2023-10-13,5.01,5.01,4.94,4.95,473883.0
2023-10-16,4.97,5.0,4.88,4.91,474456.0
2023-10-17,4.92,4.97,4.9,4.95,425574.0
2023-10-18,5.04,5.05,4.86,4.86,661902.0
2023-10-19,4.81,4.87,4.76,4.76,566875.0
2023-10-20,4.73,4.78,4.7,4.72,507049.0
2023-10-23,4.71,4.72,4.62,4.66,453290.0
2023-10-24,4.69,4.71,4.62,4.68,411612.0
2023-10-25,4.75,4.78,4.71,4.74,480952.0
2023-10-26,4.72,4.79,4.7,4.78,418825.0
2023-10-27,4.77,4.89,4.76,4.88,429569.0
2023-10-30,4.89,4.9,4.76,4.79,810209.0
2023-10-31,4.8,4.81,4.68,4.7,663047.0
2023-11-01,4.71,4.72,4.64,4.67,480763.0
2023-11-02,4.66,4.72,4.64,4.65,380278.0
2023-11-03,4.66,4.73,4.65,4.71,493091.0
2023-11-06,4.73,4.76,4.69,4.73,786360.0
2023-11-07,4.72,4.73,4.66,4.67,668278.0
2023-11-08,4.67,4.69,4.64,4.65,421240.0
2023-11-09,4.66,4.73,4.65,4.7,702934.0
2023-11-10,4.69,4.7,4.57,4.6,772762.0
2023-11-13,4.61,4.66,4.58,4.66,564139.0
2023-11-14,4.67,4.73,4.65,4.67,459796.0
2023-11-15,4.71,4.72,4.68,4.71,408796.0
2023-11-16,4.7,4.72,4.66,4.67,378667.0
2023-11-17,4.67,4.69,4.64,4.67,291215.0
2023-11-20,4.67,4.7,4.63,4.69,354562.0
2023-11-21,4.72,4.75,4.68,4.69,601414.0
2023-11-22,4.68,4.71,4.64,4.64,411357.0
2023-11-23,4.63,4.68,4.61,4.67,329079.0
2023-11-24,4.66,4.69,4.61,4.62,399462.0
2023-11-27,4.61,4.62,4.53,4.56,653951.0
2023-11-28,4.55,4.59,4.53,4.57,344344.0
2023-11-29,4.58,4.61,4.52,4.53,379539.0
2023-11-30,4.53,4.62,4.53,4.56,445213.0
2023-12-01,4.57,4.63,4.53,4.62,501810.0
2023-12-04,4.64,4.65,4.6,4.61,392022.0
2023-12-05,4.59,4.6,4.52,4.52,462314.0
2023-12-06,4.5,4.52,4.42,4.48,486322.0
2023-12-07,4.49,4.54,4.46,4.53,416863.0
2023-12-08,4.52,4.64,4.51,4.54,725464.0
2023-12-11,4.54,4.62,4.44,4.6,726254.0
2023-12-12,4.59,4.63,4.55,4.6,383105.0
2023-12-13,4.58,4.6,4.55,4.56,339016.0
2023-12-14,4.57,4.59,4.53,4.53,307838.0
2023-12-15,4.53,4.57,4.48,4.49,442809.0
2023-12-18,4.48,4.53,4.45,4.46,399476.0
2023-12-19,4.46,4.48,4.41,4.44,356363.0
2023-12-20,4.45,4.5,4.41,4.41,414589.0
2023-12-21,4.41,4.49,4.39,4.48,425857.0
2023-12-22,4.48,4.57,4.47,4.54,571246.0
2023-12-25,4.54,4.57,4.5,4.56,371363.0
2023-12-26,4.57,4.59,4.54,4.55,339392.0
2023-12-27,4.57,4.58,4.51,4.55,357086.0
2023-12-28,4.56,4.62,4.54,4.61,723084.0
2023-12-29,4.59,4.63,4.59,4.62,594987.0
2024-01-02,4.63,4.67,4.61,4.61,572362.0
2024-01-03,4.61,4.65,4.6,4.63,370853.0
2024-01-04,4.63,4.63,4.55,4.6,427574.0
2024-01-05,4.59,4.64,4.54,4.57,499513.0
2024-01-08,4.57,4.61,4.52,4.53,608522.0
2024-01-09,4.54,4.6,4.51,4.58,480222.0
2024-01-10,4.58,4.6,4.54,4.56,392427.0
2024-01-11,4.56,4.58,4.49,4.55,507094.0
2024-01-12,4.53,4.68,4.53,4.64,746250.0
2024-01-15,4.63,4.72,4.56,4.71,855648.0
2024-01-16,4.67,4.74,4.64,4.71,834974.0
2024-01-17,4.7,4.76,4.66,4.66,876472.0
2024-01-18,4.66,4.73,4.52,4.69,1137219.0
2024-01-19,4.67,4.7,4.6,4.63,740453.0
2024-01-22,4.61,4.7,4.53,4.57,1220108.0
2024-01-23,4.54,4.58,4.47,4.52,792555.0
2024-01-24,4.54,4.76,4.53,4.75,1116522.0
2024-01-25,4.77,5.04,4.76,5.03,1786672.0
2024-01-26,5.04,5.06,4.95,5.01,1021533.0
2024-01-29,5.01,5.26,4.96,5.12,1657724.0
2024-01-30,5.09,5.21,5.06,5.08,979338.0
2024-01-31,5.06,5.13,5.0,5.05,955133.0
2024-02-01,5.03,5.09,4.97,4.99,1048800.0
2024-02-02,5.0,5.12,4.9,5.01,1122691.0
2024-02-05,5.03,5.14,4.98,5.08,1531834.0
2024-02-06,5.08,5.26,5.05,5.23,1348688.0
2024-02-07,5.24,5.26,5.09,5.22,1517839.0
2024-02-08,5.2,5.26,5.11,5.25,1273844.0
2024-02-19,5.26,5.31,5.18,5.31,1140892.0
2024-02-20,5.3,5.38,5.24,5.35,687287.0
2024-02-21,5.33,5.46,5.3,5.41,839393.0
2024-02-22,5.41,5.43,5.36,5.43,594722.0
2024-02-23,5.41,5.45,5.38,5.4,555923.0
2024-02-26,5.4,5.86,5.4,5.64,1783484.0
2024-02-27,5.61,5.67,5.58,5.65,799161.0
2024-02-28,5.65,5.68,5.54,5.56,937246.0
2024-02-29,5.54,5.74,5.52,5.74,988736.0
2024-03-01,5.78,5.98,5.78,5.91,1391714.0
2024-03-04,5.92,6.09,5.92,6.01,1238341.0
2024-03-05,6.0,6.16,6.0,6.16,1437320.0
2024-03-06,6.17,6.23,6.1,6.14,1096910.0
2024-03-07,6.14,6.33,6.13,6.22,1256429.0
2024-03-08,6.24,6.25,6.14,6.24,822169.0
2024-03-11,6.23,6.36,6.09,6.16,1283033.0
2024-03-12,6.15,6.17,5.85,5.88,2176343.0
2024-03-13,5.84,5.86,5.76,5.84,1063659.0
2024-03-14,5.86,5.98,5.83,5.86,875595.0
2024-03-15,5.86,5.89,5.8,5.87,724846.0
2024-03-18,5.86,5.97,5.82,5.85,1159836.0
2024-03-19,5.86,5.89,5.79,5.8,645782.0
2024-03-20,5.78,5.83,5.72,5.8,764651.0
2024-03-21,5.8,5.85,5.74,5.82,666037.0
2024-03-22,5.84,5.87,5.73,5.83,781024.0
2024-03-25,5.81,5.91,5.79,5.83,723190.0
2024-03-26,5.83,5.95,5.8,5.91,864494.0
2024-03-27,5.91,5.96,5.87,5.91,671000.0
2024-03-28,5.89,6.0,5.85,5.98,788313.0
2024-03-29,5.96,6.18,5.94,6.18,1070632.0
2024-04-01,6.2,6.26,6.15,6.23,936583.0
2024-04-02,6.24,6.34,6.2,6.27,797889.0
2024-04-03,6.29,6.31,6.18,6.26,786788.0
2024-04-08,6.23,6.29,6.19,6.23,631462.0
2024-04-09,6.24,6.26,6.09,6.1,750511.0
2024-04-10,6.09,6.16,6.01,6.03,532567.0
2024-04-11,5.98,6.2,5.95,6.13,680738.0
2024-04-12,6.09,6.24,6.09,6.14,921269.0
2024-04-15,6.25,6.82,6.25,6.82,4954450.0
2024-04-16,6.74,7.16,6.68,7.02,6308057.0
2024-04-17,6.86,7.28,6.73,7.24,4870396.0
2024-04-18,7.16,7.44,7.08,7.13,3710412.0
2024-04-19,7.06,7.32,7.02,7.16,3149440.0
2024-04-22,7.16,7.2,6.75,6.79,3277283.0
2024-04-23,6.76,6.8,6.54,6.64,2486052.0
2024-04-24,6.67,6.69,6.54,6.63,2128804.0
2024-04-25,6.6,6.68,6.52,6.63,1602121.0
2024-04-26,6.61,6.69,6.57,6.59,2053963.0
2024-04-29,6.57,6.61,6.42,6.45,2873829.0
2024-04-30,6.46,6.54,6.34,6.35,2149204.0
2024-05-06,6.44,6.52,6.39,6.51,2336561.0
2024-05-07,6.52,6.52,6.4,6.44,1587521.0
2024-05-08,6.4,6.43,6.29,6.43,1169456.0
2024-05-09,6.38,6.5,6.36,6.46,1557050.0
2024-05-10,6.48,6.57,6.41,6.53,1820240.0
2024-05-13,6.64,7.06,6.64,6.86,4296375.0
2024-05-14,6.79,6.91,6.64,6.7,2234423.0
2024-05-15,6.66,6.75,6.54,6.55,1427431.0
2024-05-16,6.55,6.58,6.45,6.47,1447551.0
2024-05-17,6.47,6.5,6.41,6.47,1174468.0
2024-05-20,6.46,6.46,6.32,6.44,1547572.0
2024-05-21,6.43,6.5,6.39,6.44,1009565.0
2024-05-22,6.41,6.44,6.35,6.36,1046218.0
2024-05-23,6.34,6.35,6.19,6.21,1343360.0
2024-05-24,6.2,6.29,6.17,6.2,885492.0
2024-05-27,6.2,6.41,6.2,6.4,1259213.0
2024-05-28,6.42,6.45,6.33,6.33,908503.0
2024-05-29,6.31,6.35,6.23,6.32,816113.0
2024-05-30,6.31,6.42,6.28,6.33,870975.0
2024-05-31,6.31,6.39,6.3,6.33,973022.0
2024-06-03,6.33,6.5,6.33,6.39,1491249.0
2024-06-04,6.39,6.48,6.34,6.48,1194620.0
2024-06-05,6.47,6.47,6.26,6.26,1453519.0
2024-06-06,6.29,6.58,6.29,6.47,2428381.0
2024-06-07,6.47,6.6,6.41,6.56,1739341.0
2024-06-11,6.56,6.59,6.26,6.3,2036668.0
2024-06-12,6.26,6.4,6.17,6.39,1046484.0
2024-06-13,6.38,6.43,6.31,6.38,763067.0
2024-06-14,6.35,6.4,6.26,6.27,1018835.0
2024-06-17,6.22,6.31,6.07,6.13,1359781.0
2024-06-18,6.16,6.43,6.14,6.43,1787711.0
2024-06-19,6.44,6.51,6.38,6.45,990937.0
2024-06-20,6.45,6.53,6.43,6.47,868329.0
2024-06-21,6.46,6.6,6.44,6.6,1789706.0
2024-06-24,6.53,6.56,6.36,6.45,1342048.0
2024-06-25,6.45,6.61,6.43,6.49,1250713.0
2024-06-26,6.46,6.58,6.43,6.56,903635.0
2024-06-27,6.52,6.61,6.49,6.54,1197044.0
2024-06-28,6.53,6.96,6.51,6.87,2581156.0
2024-07-01,6.87,7.0,6.84,6.98,1571665.0
2024-07-02,6.96,7.11,6.93,7.03,1659081.0
2024-07-03,7.03,7.16,7.01,7.1,1454756.0
2024-07-04,7.11,7.18,7.04,7.05,1198633.0
2024-07-05,7.03,7.09,6.89,7.02,1662093.0
2024-07-08,7.06,7.14,7.0,7.06,1037895.0
2024-07-09,7.09,7.18,6.97,7.17,1208525.0
2024-07-10,7.15,7.25,6.98,7.02,1321035.0
2024-07-11,7.03,7.12,6.98,7.1,785339.0
2024-07-12,7.09,7.09,6.9,6.98,1141888.0
2024-07-15,6.94,7.08,6.93,7.03,718058.0
2024-07-16,7.02,7.08,6.98,7.03,675636.0
2024-07-17,7.02,7.02,6.89,6.96,743774.0
2024-07-18,6.96,7.15,6.91,7.13,1173281.0
2024-07-19,7.1,7.36,7.06,7.32,1548543.0
2024-07-22,7.35,7.38,7.06,7.2,1542559.0
2024-07-23,7.2,7.25,7.14,7.16,817676.0
2024-07-24,7.1,7.36,7.08,7.31,1476241.0
2024-07-25,7.26,7.28,7.04,7.12,1209961.0
2024-07-26,7.13,7.2,7.01,7.08,979072.0
2024-07-29,7.07,7.3,7.05,7.13,963428.0
2024-07-30,7.08,7.1,6.97,7.08,892343.0
2024-07-31,7.04,7.09,6.87,6.99,1446218.0
2024-08-01,7.21,7.49,7.16,7.44,2660342.0
2024-08-02,7.32,7.43,7.24,7.38,1349861.0
2024-08-05,7.33,7.37,7.11,7.12,1317620.0
2024-08-06,7.14,7.2,7.0,7.08,779737.0
2024-08-07,7.07,7.17,7.01,7.02,720295.0
2024-08-08,6.99,7.04,6.84,6.95,899602.0
2024-08-09,6.99,7.05,6.92,6.95,455117.0
2024-08-12,6.94,7.01,6.88,6.92,466535.0
2024-08-13,6.91,7.03,6.91,7.02,607224.0
2024-08-14,7.05,7.06,6.94,6.98,513658.0
2024-08-15,6.98,7.23,6.94,7.18,1043613.0
2024-08-16,7.2,7.24,7.12,7.18,540414.0
2024-08-19,7.35,7.61,7.32,7.58,2004203.0
2024-08-20,7.56,7.57,7.43,7.48,865568.0
2024-08-21,7.47,7.52,7.42,7.5,585713.0
2024-08-22,7.5,7.69,7.48,7.61,1202206.0
2024-08-23,7.61,7.65,7.53,7.65,782212.0
2024-08-26,7.46,7.46,7.11,7.24,2161029.0
2024-08-27,7.2,7.24,6.92,7.01,1385193.0
2024-08-28,7.01,7.14,6.86,6.88,1219887.0
2024-08-29,6.88,6.91,6.77,6.82,1047213.0
2024-08-30,6.8,6.81,6.69,6.7,1755313.0
2024-09-02,6.73,6.73,6.43,6.47,1951909.0
2024-09-03,6.45,6.53,6.31,6.48,1172617.0
2024-09-04,6.41,6.47,6.3,6.44,872862.0
2024-09-05,6.46,6.54,6.38,6.45,860116.0
2024-09-06,6.45,6.56,6.38,6.39,710325.0
2024-09-09,6.35,6.39,6.21,6.28,1041288.0
2024-09-10,6.26,6.33,6.2,6.3,682920.0
2024-09-11,6.3,6.31,6.16,6.23,770465.0
2024-09-12,6.23,6.45,6.21,6.39,1112551.0
2024-09-13,6.37,6.39,6.3,6.34,644312.0
2024-09-18,6.31,6.43,6.28,6.42,613171.0
2024-09-19,6.45,6.49,6.32,6.45,877815.0
2024-09-20,6.41,6.43,6.33,6.41,833228.0
2024-09-23,6.4,6.62,6.36,6.58,1023228.0
2024-09-24,6.66,6.88,6.59,6.87,1388476.0
2024-09-25,7.0,7.16,6.97,7.08,1652304.0
2024-09-26,7.13,7.2,7.01,7.19,1339543.0
2024-09-27,7.32,7.45,7.13,7.21,1340331.0
2024-09-30,7.39,7.85,7.29,7.73,3445449.0
2024-10-08,8.55,8.55,7.82,8.16,4124401.0
2024-10-09,8.16,8.16,7.49,7.51,2784908.0
2024-10-10,7.51,8.31,7.5,8.07,3846008.0
2024-10-11,8.16,8.16,7.55,7.62,2232676.0
2024-10-14,7.63,7.9,7.63,7.84,1841334.0
2024-10-15,7.84,7.91,7.67,7.69,1202052.0
2024-10-16,7.61,7.78,7.58,7.65,997651.0
2024-10-17,7.66,7.75,7.53,7.54,878138.0
2024-10-18,7.48,7.84,7.44,7.73,1611554.0
2024-10-21,7.77,7.92,7.69,7.74,1544208.0
2024-10-22,7.72,7.88,7.69,7.77,876547.0
2024-10-23,7.77,7.93,7.76,7.81,1052429.0
2024-10-24,7.76,7.89,7.72,7.83,717022.0
2024-10-25,7.83,7.87,7.7,7.72,937949.0
2024-10-28,7.73,7.82,7.62,7.81,838006.0
2024-10-29,7.84,8.0,7.8,7.88,1170478.0
2024-10-30,7.88,8.05,7.85,7.92,990393.0
2024-10-31,7.95,7.96,7.66,7.88,1323364.0
2024-11-01,7.89,8.17,7.85,8.02,1645931.0
2024-11-04,7.97,8.05,7.9,8.05,817353.0
2024-11-05,8.03,8.11,7.89,8.11,1287506.0
2024-11-06,8.1,8.38,8.08,8.22,1509515.0
2024-11-07,8.17,8.4,8.14,8.38,1229009.0
2024-11-08,8.45,8.48,8.1,8.16,1517217.0
2024-11-11,8.07,8.14,7.9,7.99,1231064.0
2024-11-12,7.98,8.03,7.74,7.77,1475958.0
2024-11-13,7.74,7.98,7.72,7.91,1034019.0
2024-11-14,7.86,7.92,7.81,7.82,661416.0
2024-11-15,7.78,7.89,7.67,7.69,1030645.0
2024-11-18,7.74,8.2,7.74,7.93,2003969.0
2024-11-19,7.93,7.93,7.66,7.73,1242202.0
2024-11-20,7.74,7.75,7.66,7.71,715352.0
2024-11-21,7.69,7.75,7.66,7.73,525595.0
2024-11-22,7.74,7.77,7.47,7.49,857832.0
2024-11-25,7.51,7.55,7.38,7.43,701356.0
2024-11-26,7.41,7.44,7.35,7.37,480918.0
2024-11-27,7.36,7.53,7.31,7.51,642076.0
2024-11-28,7.52,7.57,7.42,7.44,590268.0
2024-11-29,7.48,7.55,7.41,7.49,704599.0
2024-12-02,7.7,7.86,7.66,7.72,1499815.0
2024-12-03,7.72,7.82,7.65,7.81,1009788.0
2024-12-04,7.77,7.83,7.69,7.76,753333.0
2024-12-05,7.74,7.87,7.72,7.79,736410.0
2024-12-06,7.79,7.88,7.76,7.84,727809.0
2024-12-09,7.83,7.96,7.76,7.93,877474.0
2024-12-10,8.14,8.16,7.96,7.98,1049531.0
2024-12-11,7.96,8.01,7.89,7.94,826982.0
2024-12-12,7.94,7.96,7.83,7.91,1017982.0
2024-12-13,7.86,7.88,7.54,7.59,2959825.0
2024-12-16,7.59,7.74,7.54,7.56,1103835.0
2024-12-17,7.56,7.75,7.55,7.72,1230469.0
2024-12-18,7.79,7.89,7.75,7.8,794983.0
2024-12-19,7.75,7.77,7.68,7.7,622241.0
2024-12-20,7.7,7.73,7.62,7.64,712203.0
2024-12-23,7.65,7.72,7.62,7.65,606614.0
2024-12-24,7.69,7.96,7.65,7.94,1338253.0
2024-12-25,7.94,7.95,7.83,7.93,749329.0
2024-12-26,7.94,7.94,7.76,7.81,631257.0
2024-12-27,7.82,7.93,7.79,7.91,781742.0
2024-12-30,7.96,8.11,7.92,7.93,894929.0
2024-12-31,7.93,8.06,7.91,7.94,1190209.0
2025-01-02,7.92,7.98,7.47,7.52,1401170.0
2025-01-03,7.56,7.64,7.36,7.39,961259.0
2025-01-06,7.39,7.41,7.18,7.26,782363.0
2025-01-07,7.26,7.3,7.12,7.21,597393.0
2025-01-08,7.23,7.29,7.07,7.2,735560.0
2025-01-09,7.2,7.21,7.08,7.1,583598.0
2025-01-10,7.11,7.16,7.03,7.03,539324.0
2025-01-13,7.01,7.04,6.9,6.96,626955.0
2025-01-14,6.95,7.12,6.94,7.09,717262.0
2025-01-15,7.09,7.1,6.99,7.03,507919.0
2025-01-16,7.05,7.14,6.99,7.01,587515.0
2025-01-17,7.02,7.07,6.94,7.03,435958.0
2025-01-20,7.11,7.14,6.97,6.99,651228.0
2025-01-21,7.03,7.12,6.95,6.98,765206.0
2025-01-22,6.96,6.98,6.82,6.88,795304.0
2025-01-23,6.94,7.05,6.92,6.94,837230.0
2025-01-24,6.95,7.07,6.91,7.01,769986.0
2025-01-27,7.02,7.1,7.0,7.0,566927.0
2025-02-05,7.05,7.05,6.86,6.89,708095.0
2025-02-06,6.86,6.94,6.74,6.93,809852.0
2025-02-07,6.92,7.08,6.86,7.02,977567.0
2025-02-10,7.02,7.1,6.96,7.04,769891.0
2025-02-11,7.02,7.05,6.93,6.96,546653.0
2025-02-12,6.94,7.04,6.93,7.01,474253.0
2025-02-13,7.01,7.05,6.96,6.97,582701.0
2025-02-14,6.96,7.11,6.95,7.1,827976.0
2025-02-17,7.14,7.16,7.03,7.11,770512.0
2025-02-18,7.11,7.26,7.07,7.11,1160734.0
2025-02-19,7.1,7.23,7.08,7.11,963863.0
2025-02-20,7.09,7.09,6.91,6.98,1031161.0
2025-02-21,7.01,7.12,6.96,7.12,1155844.0
2025-02-24,7.12,7.28,7.09,7.19,1010551.0
2025-02-25,7.14,7.2,7.04,7.07,798819.0
2025-02-26,7.07,7.18,7.06,7.1,603036.0
2025-02-27,7.08,7.15,7.04,7.15,686831.0
2025-02-28,7.13,7.24,7.04,7.04,942887.0
2025-03-03,7.06,7.19,7.04,7.06,856296.0
2025-03-04,7.04,7.1,7.03,7.08,483673.0
2025-03-05,7.06,7.16,7.04,7.11,622706.0
2025-03-06,7.12,7.16,7.02,7.13,826361.0
2025-03-07,7.13,7.17,7.1,7.15,799164.0
2025-03-10,7.14,7.21,6.98,7.0,1067334.0
2025-03-11,6.95,7.02,6.89,6.96,871668.0
2025-03-12,6.96,6.96,6.86,6.89,785549.0
2025-03-13,6.89,6.92,6.81,6.84,682576.0
2025-03-14,6.84,7.11,6.84,7.08,1430194.0
2025-03-17,7.17,7.17,6.99,6.99,994690.0
2025-03-18,7.02,7.03,6.96,6.97,541697.0
2025-03-19,6.97,7.0,6.94,6.99,455031.0
2025-03-20,6.98,6.98,6.88,6.95,661187.0
2025-03-21,6.93,7.08,6.86,6.87,1062430.0
2025-03-24,6.87,6.95,6.82,6.86,682478.0
2025-03-25,6.86,6.98,6.81,6.94,645735.0
2025-03-26,6.96,6.99,6.92,6.97,494577.0
2025-03-27,6.95,6.99,6.88,6.94,506550.0
2025-03-28,6.92,6.95,6.85,6.86,575827.0
2025-03-31,6.83,6.84,6.61,6.62,1267091.0
2025-04-01,6.64,6.66,6.5,6.54,1182596.0
2025-04-02,6.55,6.61,6.48,6.49,792934.0
2025-04-03,6.42,6.53,6.4,6.47,815021.0
2025-04-07,6.28,6.29,5.82,5.94,2354745.0
2025-04-08,6.25,6.58,6.25,6.58,3169617.0
2025-04-09,6.66,6.71,6.35,6.71,2826922.0
2025-04-10,6.78,6.78,6.51,6.55,2349623.0
2025-04-11,6.55,6.55,6.44,6.52,1292499.0
2025-04-14,6.51,6.55,6.47,6.52,1004614.0
2025-04-15,6.5,6.52,6.42,6.51,827671.0
2025-04-16,6.49,6.59,6.46,6.59,1254334.0
2025-04-17,6.55,6.61,6.52,6.59,692144.0
2025-04-18,6.56,6.6,6.52,6.58,514143.0
2025-04-21,6.58,6.6,6.53,6.54,481150.0
2025-04-22,6.53,6.58,6.51,6.55,525179.0
2025-04-23,6.57,6.6,6.52,6.55,581045.0
2025-04-24,6.56,6.61,6.54,6.59,625071.0
2025-04-25,6.6,6.63,6.55,6.57,488480.0
2025-04-28,6.58,6.62,6.53,6.59,609996.0
2025-04-29,6.59,6.69,6.57,6.68,654576.0
2025-04-30,6.7,6.72,6.57,6.58,887231.0
2025-05-06,6.62,6.66,6.57,6.61,843681.0
2025-05-07,6.75,6.75,6.61,6.71,936994.0
2025-05-08,6.67,6.85,6.66,6.8,972520.0
2025-05-09,6.82,6.82,6.74,6.77,426463.0
2025-05-12,6.82,6.94,6.77,6.86,715402.0
2025-05-13,6.98,6.98,6.83,6.88,751541.0
2025-05-14,6.89,6.96,6.82,6.92,616482.0
2025-05-15,6.91,6.96,6.88,6.91,489979.0
2025-05-16,6.9,6.93,6.79,6.84,584971.0
2025-05-19,6.84,6.89,6.81,6.87,412732.0
2025-05-20,6.85,6.9,6.84,6.85,348876.0
2025-05-21,6.86,6.88,6.82,6.82,415435.0
2025-05-22,6.81,7.0,6.8,6.95,955919.0
2025-05-23,6.93,7.0,6.84,6.84,522732.0
2025-05-26,6.83,6.86,6.76,6.79,507723.0
2025-05-27,6.79,6.86,6.78,6.81,443013.0
2025-05-28,6.83,6.84,6.78,6.79,292789.0
2025-05-29,6.79,6.85,6.78,6.81,461504.0
2025-05-30,6.8,6.82,6.73,6.76,530172.0
2025-06-03,6.74,6.8,6.72,6.77,465032.0
2025-06-04,6.76,6.78,6.7,6.71,553423.0
2025-06-05,6.71,6.76,6.67,6.73,462632.0
2025-06-06,6.73,6.78,6.72,6.74,403923.0
2025-06-09,6.74,6.8,6.73,6.75,405410.0
2025-06-10,6.73,6.77,6.66,6.67,521624.0
2025-06-11,6.68,6.77,6.67,6.72,525410.0
2025-06-12,6.71,6.73,6.66,6.7,428634.0
2025-06-13,6.7,6.78,6.68,6.78,685514.0
2025-06-16,6.77,6.78,6.7,6.73,423109.0
2025-06-17,6.72,6.74,6.69,6.72,390731.0
2025-06-18,6.71,6.76,6.69,6.69,431010.0
2025-06-19,6.68,6.7,6.52,6.57,928321.0
2025-06-20,6.58,6.66,6.57,6.59,566458.0
2025-06-23,6.57,6.59,6.52,6.56,555701.0
2025-06-24,6.59,6.67,6.57,6.59,924806.0
2025-06-25,6.6,6.65,6.52,6.64,978362.0
2025-06-26,6.62,6.69,6.61,6.63,673341.0
2025-06-27,6.63,6.71,6.6,6.61,711569.0
2025-06-30,6.61,6.65,6.58,6.6,503234.0
2025-07-01,6.6,6.61,6.56,6.58,615795.0
2025-07-02,6.58,6.64,6.57,6.63,637808.0
2025-07-03,6.64,6.68,6.62,6.66,546869.0
2025-07-04,6.66,6.72,6.64,6.69,578232.0
2025-07-07,6.69,6.7,6.64,6.67,345169.0
2025-07-08,6.67,6.75,6.65,6.74,588893.0
2025-07-09,6.73,6.84,6.72,6.79,808792.0
2025-07-10,6.76,6.82,6.76,6.78,628306.0
2025-07-11,6.8,6.89,6.77,6.77,1122748.0
2025-07-14,6.94,7.27,6.94,7.08,2544362.0
2025-07-15,7.04,7.12,7.0,7.06,1103967.0
2025-07-16,7.07,7.1,7.0,7.03,638759.0
2025-07-17,7.05,7.07,6.97,7.03,543951.0
2025-07-18,7.04,7.1,7.02,7.1,585952.0
2025-07-21,7.11,7.18,7.09,7.16,732981.0
2025-07-22,7.16,7.33,7.15,7.31,1275421.0
2025-07-23,7.34,7.38,7.22,7.24,1113772.0
2025-07-24,7.25,7.32,7.18,7.26,990421.0
2025-07-25,7.24,7.25,7.14,7.14,880109.0
2025-07-28,7.14,7.16,7.06,7.09,763677.0
2025-07-29,7.08,7.1,7.03,7.05,643701.0
2025-07-30,7.11,7.15,7.06,7.1,695199.0
2025-07-31,7.08,7.09,6.92,6.95,1036633.0
2025-08-01,6.95,6.97,6.86,6.87,955463.0
2025-08-04,6.86,6.9,6.84,6.87,626606.0
2025-08-05,6.87,6.96,6.86,6.94,779536.0
2025-08-06,6.93,7.04,6.91,6.98,918447.0
2025-08-07,7.0,7.03,6.94,6.97,724697.0
2025-08-08,6.96,7.06,6.95,7.04,876469.0
2025-08-11,7.15,7.15,7.06,7.06,791470.0
2025-08-12,7.06,7.14,7.04,7.11,716157.0
2025-08-13,7.13,7.16,7.07,7.1,1042670.0
2025-08-14,7.13,7.17,7.08,7.08,987596.0
2025-08-15,7.08,7.11,7.02,7.02,1134624.0
2025-08-18,7.05,7.17,7.03,7.03,1450636.0
2025-08-19,7.06,7.09,6.96,6.96,1297159.0
2025-08-20,7.03,7.23,7.02,7.14,1816800.0
2025-08-21,7.14,7.45,7.12,7.38,2440287.0
2025-08-22,7.29,7.44,7.27,7.44,1445019.0
2025-08-25,7.54,7.79,7.52,7.68,2313257.0
2025-08-26,7.65,7.65,7.55,7.57,1310436.0
2025-08-27,7.57,7.58,7.36,7.37,1283380.0
2025-08-28,7.38,7.47,7.32,7.43,1154128.0
2025-08-29,7.43,7.51,7.36,7.44,1211586.0
2025-09-01,7.43,7.46,7.33,7.36,1094241.0
2025-09-02,7.37,7.4,7.28,7.38,1065203.0
2025-09-03,7.41,7.43,7.22,7.28,1094321.0
2025-09-04,7.24,7.27,7.14,7.24,1223036.0
2025-09-05,7.23,7.31,7.18,7.26,1048281.0
2025-09-08,7.26,7.4,7.21,7.39,1330315.0
2025-09-09,7.37,7.44,7.33,7.38,953948.0
2025-09-10,7.4,7.42,7.34,7.37,802161.0
2025-09-11,7.35,7.53,7.3,7.53,1451382.0
2025-09-12,7.53,7.54,7.46,7.5,909232.0
2025-09-15,7.51,7.54,7.43,7.45,709752.0
2025-09-16,7.44,7.48,7.37,7.41,631248.0
2025-09-17,7.43,7.45,7.34,7.41,653133.0
2025-09-18,7.42,7.42,7.2,7.26,1051225.0
2025-09-19,7.25,7.36,7.21,7.29,753435.0
2025-09-22,7.31,7.31,7.2,7.25,648997.0
2025-09-23,7.23,7.3,7.15,7.26,768151.0
2025-09-24,7.25,7.29,7.17,7.22,698468.0
2025-09-25,7.23,7.24,7.15,7.16,685162.0
2025-09-26,7.17,7.19,7.09,7.09,756956.0
2025-09-29,7.08,7.19,7.0,7.11,1092000.0
2025-09-30,7.22,7.46,7.21,7.24,1758612.0
2025-10-09,7.25,7.57,7.21,7.56,2073346.0
2025-10-10,7.49,7.58,7.45,7.5,1188550.0
2025-10-13,7.32,7.44,7.29,7.42,1264951.0
2025-10-14,7.43,7.52,7.39,7.47,1339409.0
2025-10-15,7.49,7.62,7.43,7.6,1499071.0
2025-10-16,7.59,7.76,7.55,7.64,1437718.0
2025-10-17,7.66,7.67,7.47,7.48,1137659.0
2025-10-20,7.54,7.57,7.39,7.45,828860.0
2025-10-21,7.45,7.75,7.44,7.7,1424250.0
2025-10-22,7.67,7.76,7.64,7.69,932651.0
2025-10-23,7.69,7.76,7.64,7.75,1102802.0
2025-10-24,7.78,7.83,7.7,7.73,941840.0
2025-10-27,7.75,7.85,7.7,7.77,1075790.0
2025-10-28,7.77,7.86,7.7,7.8,1049358.0
2025-10-29,7.8,7.86,7.75,7.81,699585.0
2025-10-30,7.81,8.0,7.79,7.81,1305964.0
2025-10-31,7.59,7.59,7.36,7.44,3050077.0
2025-11-03,7.44,7.48,7.37,7.41,1346911.0
2025-11-04,7.41,7.52,7.38,7.4,1211819.0
2025-11-05,7.39,7.5,7.34,7.49,1002392.0
2025-11-06,7.47,7.72,7.46,7.68,1411082.0
2025-11-07,7.66,7.76,7.65,7.72,915920.0
2025-11-10,7.74,7.76,7.61,7.7,736547.0
2025-11-11,7.72,7.74,7.64,7.7,674063.0
2025-11-12,7.73,7.76,7.65,7.69,724667.0
2025-11-13,7.7,7.74,7.57,7.62,828871.0
2025-11-14,7.62,7.65,7.5,7.51,803741.0
2025-11-17,7.51,7.52,7.37,7.39,849383.0
2025-11-18,7.39,7.42,7.3,7.32,703721.0
2025-11-19,7.34,7.36,7.3,7.34,547130.0
2025-11-20,7.38,7.39,7.31,7.33,548024.0
2025-11-21,7.29,7.3,7.15,7.22,1053600.0
2025-11-24,7.21,7.23,7.13,7.13,984897.0
2025-11-25,7.15,7.16,7.1,7.11,945459.0
2025-11-26,7.11,7.16,7.07,7.15,850943.0
2025-11-27,7.14,7.14,7.08,7.11,666076.0
2025-11-28,7.11,7.16,7.05,7.15,613901.0
2025-12-01,7.08,7.11,6.97,7.01,1346682.0
2025-12-02,7.01,7.02,6.96,6.99,554333.0
2025-12-03,6.99,7.03,6.96,6.98,671830.0
2025-12-04,6.98,7.01,6.87,6.91,982885.0
2025-12-05,6.9,6.99,6.88,6.99,961611.0
2025-12-08,6.98,7.03,6.93,6.94,951924.0
2025-12-09,6.94,6.95,6.81,6.83,964149.0
2025-12-10,6.82,6.9,6.75,6.89,902187.0
2025-12-11,6.88,6.94,6.83,6.87,1042495.0
2025-12-12,6.86,6.98,6.81,6.97,1946989.0
2025-12-15,6.95,6.95,6.63,6.66,2731447.0
2025-12-16,6.66,6.67,6.59,6.65,1093878.0
2025-12-17,6.66,6.76,6.61,6.72,904060.0
2025-12-18,6.77,6.78,6.7,6.77,730700.0
2025-12-19,6.74,6.79,6.74,6.75,792215.0
2025-12-22,6.76,6.81,6.73,6.73,798180.0
2025-12-23,6.74,6.79,6.72,6.78,725833.0
2025-12-24,6.77,6.84,6.73,6.81,761267.0
2025-12-25,6.81,6.81,6.78,6.8,449385.0
2025-12-26,6.8,6.81,6.76,6.78,546045.0
2025-12-29,6.78,6.86,6.76,6.79,780186.0
2025-12-30,6.78,6.79,6.69,6.73,636745.0
2025-12-31,6.73,6.75,6.69,6.7,561506.0
2026-01-05,6.71,6.81,6.71,6.8,914958.0
2026-01-06,6.82,6.99,6.8,6.94,1282989.0
2026-01-07,6.94,6.95,6.86,6.89,893764.0
2026-01-08,6.87,6.92,6.83,6.9,639197.0
2026-01-09,6.89,6.95,6.87,6.91,876496.0
2026-01-12,6.91,6.97,6.88,6.95,1028008.0
2026-01-13,6.97,6.99,6.89,6.93,1002982.0
2026-01-14,6.92,6.94,6.78,6.79,1698956.0
2026-01-15,6.76,6.79,6.74,6.76,831173.0
2026-01-16,6.76,6.9,6.61,6.63,2213408.0
2026-01-19,6.61,6.76,6.6,6.68,1230771.0
2026-01-20,6.7,6.79,6.68,6.78,1281902.0
2026-01-21,6.78,6.81,6.7,6.71,1182953.0
2026-01-22,6.71,6.81,6.6,6.61,2358919.0
2026-01-23,6.63,6.66,6.47,6.48,3144244.0
2026-01-26,6.48,6.57,6.4,6.42,4765001.0
2026-01-27,6.43,6.45,6.31,6.32,2235491.0
2026-01-28,6.32,6.4,6.19,6.22,5636482.0
2026-01-29,6.22,6.27,6.1,6.24,3435480.0
2026-01-30,6.24,6.28,6.13,6.19,2204661.0
2026-02-02,6.16,6.27,6.11,6.12,2086439.0
2026-02-03,6.17,6.2,6.11,6.18,1652936.0
2026-02-04,6.17,6.37,6.15,6.36,2814432.0
2026-02-05,6.35,6.37,6.29,6.3,1398340.0
2026-02-06,6.28,6.3,6.23,6.25,1202958.0
2026-02-09,6.29,6.35,6.28,6.3,1051833.0
2026-02-10,6.31,6.32,6.27,6.29,634257.0
2026-02-11,6.29,6.3,6.25,6.28,746552.0
2026-02-12,6.29,6.3,6.24,6.28,1009360.0
2026-02-13,6.26,6.27,6.18,6.19,1215556.0
2026-02-24,6.25,6.38,6.23,6.35,1839563.0
2026-02-25,6.37,6.45,6.26,6.28,3207550.0
2026-02-26,6.28,6.31,6.2,6.23,2038023.0
2026-02-27,6.21,6.24,6.16,6.17,2073902.0
2026-03-02,6.13,6.24,6.1,6.17,2536741.0
2026-03-03,6.18,6.24,6.13,6.15,2350613.0
2026-03-04,6.1,6.12,5.99,6.03,2327880.0
2026-03-05,6.05,6.18,6.04,6.13,1895247.0
2026-03-06,6.12,6.21,6.1,6.19,1305334.0
2026-03-09,6.14,6.2,6.12,6.14,1535900.0
2026-03-10,6.17,6.2,6.13,6.17,1021522.0
2026-03-11,6.16,6.3,6.13,6.28,2065892.0
2026-03-12,6.32,6.35,6.28,6.33,1725172.0
2026-03-13,6.33,6.4,6.28,6.3,1723136.0
2026-03-16,6.36,6.38,6.26,6.29,1597139.0
2026-03-17,6.28,6.33,6.25,6.26,1285174.0
2026-03-18,6.25,6.27,6.16,6.23,1347266.0
2026-03-19,6.17,6.2,6.1,6.12,1196734.0
2026-03-20,6.12,6.28,6.07,6.2,1923246.0
2026-03-23,6.1,6.15,5.98,5.99,2225584.0
2026-03-24,6.05,6.1,6.01,6.09,1304041.0
2026-03-25,6.11,6.26,6.08,6.24,1570044.0
2026-03-26,6.23,6.25,6.13,6.16,1010095.0
2026-03-27,6.11,6.2,6.09,6.17,1119535.0
2026-03-30,6.01,6.05,5.9,5.98,2641388.0
2026-03-31,5.98,6.33,5.97,6.22,4096893.0
2026-04-01,6.26,6.28,6.14,6.23,2060326.0
2026-04-02,6.22,6.22,6.11,6.15,1041486.0
2026-04-03,6.15,6.15,6.05,6.09,814653.0
2026-04-07,6.1,6.12,6.03,6.05,700038.0
2026-04-08,6.12,6.17,6.1,6.17,1199240.0
2026-04-09,6.13,6.14,6.04,6.06,1039698.0
2026-04-10,6.09,6.21,6.08,6.17,1491383.0
2026-04-13,6.15,6.15,6.1,6.11,787851.0
2026-04-14,6.14,6.15,6.06,6.12,905640.0
2026-04-15,6.13,6.14,6.06,6.07,904799.0
2026-04-16,6.07,6.09,6.04,6.07,927679.0
2026-04-17,6.08,6.08,6.01,6.03,1553967.0
2026-04-20,6.03,6.04,5.97,5.97,1673691.0
2026-04-21,5.98,5.99,5.95,5.97,1194185.0
2026-04-22,5.96,5.97,5.89,5.9,1991672.0
2026-04-23,5.91,5.92,5.82,5.85,1897232.0
2026-04-24,5.84,5.84,5.78,5.79,1247565.0
2026-04-27,5.78,5.8,5.74,5.75,1183282.0
2026-04-28,5.75,5.8,5.74,5.79,1477650.0
2026-04-29,5.77,5.8,5.76,5.79,1214316.0
2026-04-30,5.94,6.07,5.82,5.85,4687374.0
2026-05-06,5.85,5.87,5.79,5.82,2140759.0
2026-05-07,5.83,5.9,5.81,5.82,2648539.0
2026-05-08,5.83,5.83,5.75,5.76,2103887.0
2026-05-11,5.77,5.87,5.75,5.86,3148825.0
2026-05-12,5.88,6.08,5.87,5.92,5813225.0
2026-05-13,5.92,5.98,5.88,5.95,3070771.0
2026-05-14,5.94,6.0,5.88,5.9,2844807.0
2026-05-15,5.89,5.92,5.84,5.85,2314371.0
2026-05-18,5.83,5.84,5.74,5.76,1961620.0
2026-05-19,5.76,5.83,5.74,5.79,1976883.0
2026-05-20,5.77,5.78,5.66,5.67,2178857.0
2026-05-21,5.67,5.7,5.61,5.61,2370159.0
2026-05-22,5.62,5.66,5.54,5.65,1647939.0
2026-05-25,5.66,5.7,5.61,5.64,1242177.0
2026-05-26,5.66,5.71,5.61,5.68,2356134.0
2026-05-27,5.67,5.7,5.59,5.65,1868972.0
2026-05-28,5.64,5.67,5.59,5.61,1288622.0
2026-05-29,5.61,5.7,5.59,5.65,3031717.0
2026-06-01,5.66,5.67,5.58,5.66,2008784.0
2026-06-02,5.64,5.67,5.53,5.57,2505625.0
2026-06-03,5.55,5.59,5.53,5.55,2089392.0
2026-06-04,5.54,5.58,5.47,5.52,2098619.0
2026-06-05,5.52,5.66,5.5,5.54,2647545.0
2026-06-08,5.49,5.53,5.41,5.45,1898984.0
2026-06-09,5.46,5.5,5.41,5.49,1190211.0
2026-06-10,5.49,5.53,5.45,5.53,1564724.0
2026-06-11,5.51,5.61,5.5,5.59,1834835.0
2026-06-12,5.58,5.7,5.57,5.64,2435160.0
2026-06-15,5.66,5.7,5.58,5.64,1728360.0
2026-06-16,5.63,5.65,5.58,5.6,1233176.0
2026-06-17,5.58,5.63,5.51,5.61,1954149.0
2026-06-18,5.58,5.59,5.44,5.48,1876795.0
2026-06-22,5.48,5.56,5.38,5.55,2163228.0
2026-06-23,5.54,5.62,5.3,5.31,3243241.0
2026-06-24,5.32,5.34,5.13,5.14,2746282.0
2026-06-25,5.13,5.28,5.11,5.19,2311437.0
2026-06-26,5.19,5.22,5.09,5.1,1637803.0
2026-06-29,5.08,5.18,5.0,5.16,1953586.0
2026-06-30,5.14,5.15,5.03,5.08,1696292.0
2026-07-01,5.1,5.26,5.08,5.19,2092520.0
2026-07-02,5.22,5.26,5.17,5.21,2111511.0
2026-07-03,5.21,5.3,5.19,5.24,1778337.0
2026-07-06,5.23,5.35,5.22,5.32,1886545.0
2026-07-07,5.32,5.35,5.24,5.27,1224192.0
2026-07-08,5.25,5.32,5.2,5.29,1268973.0
2026-07-09,5.28,5.3,5.19,5.28,1459085.0
2026-07-10,5.26,5.4,5.23,5.38,1735271.0
2026-07-13,5.36,5.4,5.26,5.32,1789613.0
2026-07-14,5.29,5.4,5.26,5.39,1310892.0
2026-07-15,5.38,5.49,5.36,5.48,1497740.0
2026-07-16,5.46,5.52,5.42,5.49,1267235.0
2026-07-17,5.46,5.6,5.46,5.53,2347695.0
2026-07-20,5.56,5.92,5.55,5.91,5384688.0
2026-07-21,5.91,5.99,5.82,5.87,3869452.0
2026-07-22,5.87,5.89,5.77,5.87,2293434.0
2026-07-23,5.83,5.9,5.8,5.88,1484292.0
2026-07-24,5.87,5.9,5.81,5.82,1180985.0
2026-07-27,5.78,5.86,5.78,5.8,1226932.0
2026-07-28,5.79,5.89,5.74,5.88,1679760.0
2026-07-29,5.87,6.08,5.86,6.05,2659932.0
2026-07-30,6.05,6.23,6.04,6.21,2907968.0
2026-07-31,6.13,6.17,6.04,6.04,2320958.0
2026-08-03,6.06,6.17,6.06,6.1,1771203.0
2026-08-04,6.1,6.12,5.9,5.91,2230174.0
2026-08-05,5.91,5.93,5.81,5.83,1807985.0
2026-08-06,5.84,5.86,5.74,5.81,1580068.0
2026-08-07,5.79,5.81,5.71,5.76,1442249.0
2026-08-10,5.76,5.86,5.75,5.85,1457264.0
2026-08-11,5.84,5.94,5.84,5.86,1452739.0
2026-08-12,5.84,5.93,5.8,5.91,1389202.0
2026-08-13,5.93,5.94,5.85,5.9,980531.0
2026-08-14,5.88,5.91,5.83,5.88,1013125.0
2026-08-17,5.88,6.0,5.83,5.97,1296366.0
2026-08-18,5.96,6.06,5.95,6.04,1243411.0
2026-08-19,6.02,6.1,6.01,6.09,1638141.0
2026-08-20,6.15,6.27,6.12,6.19,2276980.0
2026-08-21,6.16,6.22,6.04,6.04,1386217.0
2026-08-24,6.04,6.11,6.02,6.08,1141846.0
2026-08-25,6.09,6.15,6.06,6.13,1000580.0
2026-08-26,6.13,6.19,6.1,6.18,1216207.0
2026-08-27,6.16,6.27,6.11,6.21,1735762.0
2026-08-28,6.21,6.23,6.13,6.2,812468.0
2026-08-31,6.23,6.24,6.17,6.22,1058033.0
2026-09-01,6.2,6.33,6.19,6.31,1940270.0
2026-09-02,6.31,6.32,6.2,6.21,1309340.0
2026-09-03,6.22,6.27,6.15,6.17,1129956.0
2026-09-04,6.18,6.26,6.17,6.25,930485.0
2026-09-07,6.23,6.27,6.17,6.22,961442.0
2026-09-08,6.22,6.3,6.17,6.19,881220.0
2026-09-09,6.2,6.21,6.13,6.16,889958.0
2026-09-10,6.15,6.16,6.08,6.1,892612.0
2026-09-11,6.09,6.16,6.0,6.13,1821939.0
2026-09-14,6.12,6.19,6.1,6.13,1102033.0
2026-09-15,6.11,6.13,6.01,6.03,872511.0
2026-09-16,6.03,6.04,5.91,5.96,1369739.0
2026-09-17,5.95,6.01,5.92,5.95,846407.0
2026-09-18,5.95,6.08,5.95,6.0,1416537.0
2026-09-21,6.0,6.1,5.98,6.08,912770.0
2026-09-22,6.08,6.09,5.95,5.98,1656282.0
2026-09-23,5.98,6.01,5.91,5.92,993646.0
