date,open,high,low,close,volume
2016-01-04,61.2,61.41,56.49,57.25,36800.0
2016-01-05,56.51,59.5,55.52,56.77,54144.0
2016-01-06,58.11,58.31,57.26,57.9,36095.0
2016-01-07,55.58,57.42,52.41,53.38,17469.0
2016-01-08,54.93,55.51,52.54,54.94,55520.0
2016-01-11,54.75,57.31,53.41,53.69,57591.0
2016-01-12,53.81,55.35,53.41,54.48,29953.0
2016-01-13,54.22,55.04,52.64,52.7,38757.0
2016-01-14,51.41,54.21,50.61,53.95,47722.0
2016-01-15,53.18,53.4,50.91,52.0,61905.0
2016-01-18,51.06,52.5,50.19,51.72,41808.0
2016-01-19,51.69,53.41,50.91,53.16,40752.0
2016-01-20,53.01,53.01,51.42,51.7,30877.0
2016-01-21,51.24,52.09,50.53,50.93,42910.0
2016-01-22,51.31,51.79,49.91,51.2,21186.0
2016-01-25,51.39,52.07,51.03,51.9,21403.0
2016-01-26,51.49,51.7,47.42,48.12,31179.0
2016-01-27,48.41,48.41,44.62,45.61,50419.0
2016-01-28,45.36,46.26,44.59,45.12,37489.0
2016-01-29,44.81,48.67,44.81,47.41,54738.0
2016-02-01,48.21,49.09,47.07,47.19,43496.0
2016-02-02,47.63,48.19,47.16,47.86,45406.0
2016-02-03,47.61,49.38,47.42,49.0,45274.0
2016-02-04,49.0,50.17,48.67,49.22,32855.0
2016-02-05,48.81,49.21,47.63,47.85,27209.0
2016-02-15,46.41,47.22,46.23,46.88,38720.0
2016-02-16,47.09,48.05,46.91,48.01,57733.0
2016-02-17,47.91,48.1,46.14,47.08,65934.0
2016-02-18,47.59,47.69,45.91,46.17,85773.0
2016-02-19,46.11,46.41,45.51,45.83,61753.0
2016-02-22,46.51,47.4,46.06,47.39,88003.0
2016-02-23,47.81,47.85,46.44,46.91,60257.0
2016-02-24,48.71,50.29,48.38,49.06,194782.0
2016-02-25,48.41,48.45,44.51,45.16,119658.0
2016-02-26,46.06,46.31,44.81,45.87,62772.0
2016-02-29,45.61,45.61,42.41,42.97,82413.0
2016-03-01,43.19,43.89,42.69,43.6,39810.0
2016-03-02,43.65,45.11,43.21,45.03,61416.0
2016-03-03,45.11,45.17,44.33,44.34,48909.0
2016-03-04,44.31,44.31,42.91,43.24,69143.0
2016-03-07,43.49,44.48,43.31,44.44,41819.0
2016-03-08,44.61,44.61,42.92,44.3,30480.0
2016-03-09,43.49,44.14,43.09,43.8,20961.0
2016-03-10,43.79,43.95,43.26,43.34,18147.0
2016-03-11,43.13,43.38,42.71,42.97,23713.0
2016-03-14,43.31,44.19,43.03,43.91,43827.0
2016-03-15,44.09,45.71,43.3,45.48,53809.0
2016-03-16,44.93,45.35,44.35,44.55,40373.0
2016-03-17,44.47,45.38,44.41,45.18,42508.0
2016-03-18,44.94,46.26,44.94,45.95,61479.0
2016-03-21,46.31,47.24,46.04,46.43,56285.0
2016-03-22,46.18,46.19,45.7,46.1,35634.0
2016-03-23,45.76,46.09,45.01,45.83,53184.0
2016-03-24,47.91,49.09,46.43,46.5,137865.0
2016-03-25,46.47,47.01,45.83,46.13,54923.0
2016-03-28,46.15,47.91,46.13,47.33,62333.0
2016-03-29,46.88,47.3,46.11,46.19,40475.0
2016-03-30,46.61,47.43,46.4,47.35,45877.0
2016-03-31,47.59,47.59,47.04,47.06,38873.0
2016-04-01,47.31,47.31,46.16,46.55,26647.0
2016-04-05,46.76,47.47,46.19,47.11,58598.0
2016-04-06,46.91,47.7,46.81,47.6,43999.0
2016-04-07,47.42,47.69,46.96,46.97,40861.0
2016-04-08,46.61,46.97,46.27,46.81,30705.0
2016-04-11,47.05,48.1,47.05,47.6,49758.0
2016-04-12,47.91,49.04,47.54,48.59,55654.0
2016-04-13,48.53,49.73,48.27,49.35,61955.0
2016-04-14,49.38,49.61,48.54,48.85,29970.0
2016-04-15,48.96,48.96,48.33,48.83,33550.0
2016-04-18,48.64,48.87,47.96,48.11,18415.0
2016-04-19,48.14,48.51,47.91,48.25,20728.0
2016-04-20,48.29,48.41,45.38,47.38,66500.0
2016-04-21,46.94,47.21,46.52,46.83,30326.0
2016-04-22,46.61,47.09,46.16,47.05,21743.0
2016-04-25,46.42,46.5,45.51,45.81,54030.0
2016-04-26,45.51,45.96,45.36,45.72,41190.0
2016-04-27,45.76,46.2,45.65,45.67,33344.0
2016-04-28,45.73,45.91,44.63,45.17,34501.0
2016-04-29,45.17,45.59,45.01,45.43,20411.0
2016-05-03,45.41,46.31,45.41,46.26,31235.0
2016-05-04,46.11,46.21,45.66,45.95,26107.0
2016-05-05,45.73,45.96,45.61,45.91,15381.0
2016-05-06,45.96,46.1,44.49,44.57,29226.0
2016-05-09,44.41,44.41,43.39,43.61,46504.0
2016-05-10,43.63,44.4,43.41,44.19,28073.0
2016-05-11,44.35,45.11,44.12,44.79,30632.0
2016-05-12,44.41,44.88,43.8,44.52,17464.0
2016-05-13,44.41,45.09,44.13,44.41,16727.0
2016-05-16,43.67,44.56,43.67,44.52,14360.0
2016-05-17,44.53,44.69,43.99,44.28,14922.0
2016-05-18,44.02,44.22,43.71,44.04,18185.0
2016-05-19,44.15,44.55,43.8,44.07,19254.0
2016-05-20,44.2,44.2,43.66,44.03,17673.0
2016-05-23,44.07,44.45,44.07,44.4,11838.0
2016-05-24,44.32,44.4,43.78,43.94,12330.0
2016-05-25,44.22,44.22,43.83,43.91,10232.0
2016-05-26,43.96,44.09,43.31,43.76,12719.0
2016-05-27,43.93,43.96,43.64,43.74,10077.0
2016-05-30,43.96,44.41,43.62,43.97,13484.0
2016-05-31,44.11,45.74,44.1,45.59,37611.0
2016-06-01,45.65,45.74,45.32,45.4,27124.0
2016-06-02,45.31,45.8,45.01,45.49,21148.0
2016-06-03,45.69,45.7,45.02,45.63,19274.0
2016-06-06,45.64,45.78,45.26,45.76,28970.0
2016-06-07,45.74,46.9,45.36,46.66,31940.0
2016-06-08,46.6,46.71,46.27,46.68,27230.0
2016-06-13,46.19,46.68,45.61,45.64,21763.0
2016-06-14,45.51,46.11,45.19,45.3,17966.0
2016-06-15,45.31,47.0,44.42,46.68,30197.0
2016-06-16,46.61,46.67,46.04,46.08,17310.0
2016-06-17,45.96,46.56,45.95,46.24,11154.0
2016-06-20,46.44,46.65,46.08,46.52,14322.0
2016-06-21,46.71,46.93,46.01,46.22,24965.0
2016-06-22,46.22,46.97,46.22,46.7,19731.0
2016-06-23,46.62,46.91,46.51,46.71,17050.0
2016-06-24,46.41,46.87,45.41,45.85,24247.0
2016-06-27,44.97,46.51,44.97,45.81,51440.0
2016-06-28,45.61,46.1,45.41,46.02,36819.0
2016-06-29,46.12,46.35,45.52,46.1,25110.0
2016-06-30,46.35,46.35,45.8,45.89,21026.0
2016-07-01,46.09,46.13,45.81,45.85,21400.0
2016-07-04,45.84,46.83,45.74,46.57,47667.0
2016-07-05,46.59,47.24,46.53,46.73,37708.0
2016-07-06,46.76,46.86,46.31,46.6,27341.0
2016-07-07,46.6,47.16,46.32,47.11,44751.0
2016-07-08,46.9,48.04,46.82,47.7,51837.0
2016-07-11,47.81,47.87,47.22,47.23,32611.0
2016-07-12,48.33,48.91,47.06,47.84,98014.0
2016-07-13,47.91,48.01,47.23,47.59,54390.0
2016-07-14,47.59,47.59,46.91,47.21,35605.0
2016-07-15,47.4,49.29,47.36,48.64,124598.0
2016-07-18,48.59,48.59,47.79,47.87,51883.0
2016-07-19,47.9,47.94,46.91,47.3,47531.0
2016-07-20,47.22,47.96,47.06,47.67,26641.0
2016-07-21,47.61,48.02,47.32,47.87,30484.0
2016-07-22,47.91,48.5,47.61,47.74,49009.0
2016-07-25,47.71,48.0,47.42,47.66,20048.0
2016-07-26,47.76,48.0,47.17,47.79,32607.0
2016-07-27,47.91,48.08,45.96,47.39,56159.0
2016-07-28,46.91,47.58,46.73,47.39,21166.0
2016-07-29,47.39,47.39,46.82,46.9,17455.0
2016-08-01,46.36,46.92,46.29,46.87,27884.0
2016-08-02,46.87,46.91,46.42,46.62,16552.0
2016-08-03,46.51,46.64,46.11,46.48,14259.0
2016-08-04,46.61,47.0,46.54,46.78,17965.0
2016-08-05,46.65,46.85,46.41,46.59,16138.0
2016-08-08,46.53,46.63,45.96,46.61,28991.0
2016-08-09,46.6,47.09,46.35,47.08,38368.0
2016-08-10,47.18,47.2,46.63,46.76,20533.0
2016-08-11,46.76,47.19,46.67,46.76,32367.0
2016-08-12,46.73,47.31,46.52,47.21,29890.0
2016-08-15,47.32,48.41,47.32,48.13,59800.0
2016-08-16,48.01,48.57,47.81,48.29,47333.0
2016-08-17,48.1,48.3,47.71,47.81,60196.0
2016-08-18,48.01,48.03,47.66,47.78,31465.0
2016-08-19,47.81,48.06,47.53,47.76,20688.0
2016-08-22,47.79,48.11,47.0,47.08,29099.0
2016-08-23,47.1,47.57,46.98,47.13,22209.0
2016-08-24,47.18,47.71,47.04,47.42,24879.0
2016-08-25,47.31,47.66,47.05,47.58,25642.0
2016-08-26,47.57,48.16,47.34,47.93,28317.0
2016-08-29,47.96,48.05,47.56,47.95,25676.0
2016-08-30,47.96,48.34,47.91,48.23,28253.0
2016-08-31,48.19,48.66,47.91,48.59,39706.0
2016-09-01,48.51,48.79,47.97,48.13,20294.0
2016-09-02,48.24,48.29,47.8,48.21,21623.0
2016-09-05,48.11,48.37,47.74,47.84,22108.0
2016-09-06,47.84,48.73,47.76,48.61,34172.0
2016-09-07,48.58,48.98,48.26,48.82,34640.0
2016-09-08,48.84,49.06,48.63,48.77,25617.0
2016-09-09,48.78,48.93,48.52,48.72,30189.0
2016-09-12,48.28,48.77,47.92,48.68,58001.0
2016-09-13,48.61,50.01,48.43,49.87,75272.0
2016-09-14,49.26,49.69,49.12,49.6,39248.0
2016-09-19,49.64,50.23,49.32,50.1,32639.0
2016-09-20,50.17,50.17,49.43,49.77,21796.0
2016-09-21,49.51,50.19,49.35,49.67,21525.0
2016-09-22,49.71,50.15,49.51,49.63,29458.0
2016-09-23,49.54,49.86,49.24,49.43,29413.0
2016-09-26,49.26,49.69,47.91,47.92,35149.0
2016-09-27,47.92,48.15,47.42,47.94,29569.0
2016-09-28,48.16,48.16,46.85,47.24,30544.0
2016-09-29,47.31,47.78,47.06,47.22,22304.0
2016-09-30,47.13,47.38,46.82,46.99,27684.0
2016-10-10,47.33,47.36,46.41,47.07,29438.0
2016-10-11,47.11,47.36,47.0,47.12,21825.0
2016-10-12,47.11,47.36,46.81,47.06,26534.0
2016-10-13,47.15,47.18,46.75,46.88,22902.0
2016-10-14,46.88,47.0,46.59,46.78,37082.0
2016-10-17,46.82,46.99,46.42,46.55,21535.0
2016-10-18,46.51,46.93,46.24,46.88,39585.0
2016-10-19,46.92,47.4,46.77,47.13,37510.0
2016-10-20,47.21,47.31,46.87,47.06,23254.0
2016-10-21,47.11,47.13,46.63,46.86,29863.0
2016-10-24,46.81,47.79,46.77,47.35,36956.0
2016-10-25,47.41,47.59,47.1,47.21,18357.0
2016-10-26,47.34,47.34,47.02,47.12,11908.0
2016-10-27,47.21,47.21,46.68,47.08,17977.0
2016-10-28,47.01,47.16,46.71,46.73,13407.0
2016-10-31,46.73,47.05,46.41,46.96,21945.0
2016-11-01,46.94,47.14,46.74,47.07,15577.0
2016-11-02,47.06,47.06,46.46,46.58,21462.0
2016-11-03,46.58,46.9,46.51,46.78,30424.0
2016-11-04,46.6,46.76,46.38,46.44,30195.0
2016-11-07,46.53,46.61,45.68,45.83,28317.0
2016-11-08,46.09,46.09,45.67,45.72,33020.0
2016-11-09,45.79,45.81,45.2,45.29,26138.0
2016-11-10,45.59,45.81,45.39,45.78,29165.0
2016-11-11,45.79,46.11,45.52,45.71,64404.0
2016-11-14,45.71,46.16,45.11,45.84,40310.0
2016-11-15,45.91,46.31,45.81,46.01,27264.0
2016-11-16,46.01,46.21,45.87,45.97,21488.0
2016-11-17,45.77,46.1,45.72,46.04,13691.0
2016-11-18,46.11,46.11,45.76,45.8,16311.0
2016-11-21,45.8,46.07,45.8,45.95,15301.0
2016-11-22,45.97,47.0,45.88,46.93,57843.0
2016-11-23,46.87,46.91,46.37,46.4,40597.0
2016-11-24,46.31,46.82,46.29,46.6,28208.0
2016-11-25,46.61,46.87,46.21,46.69,32195.0
2016-11-28,46.71,46.89,46.35,46.6,22042.0
2016-11-29,46.51,47.1,46.45,46.89,55759.0
2016-11-30,46.9,46.95,46.39,46.42,25195.0
2016-12-01,46.47,46.86,46.36,46.76,33110.0
2016-12-02,46.76,46.88,45.68,46.03,45914.0
2016-12-05,45.72,46.32,45.71,46.04,27951.0
2016-12-06,45.6,46.1,45.52,45.6,28617.0
2016-12-07,45.6,45.79,45.31,45.53,31742.0
2016-12-08,45.62,45.63,45.2,45.42,26587.0
2016-12-09,45.51,45.6,45.17,45.3,26582.0
2016-12-12,45.3,45.4,43.41,44.82,82242.0
2016-12-13,44.61,44.71,43.77,44.16,28223.0
2016-12-14,44.06,44.07,43.77,43.81,22401.0
2016-12-15,43.61,44.35,43.51,43.82,29526.0
2016-12-16,43.56,44.42,43.56,44.22,20637.0
2016-12-19,44.22,44.3,43.82,44.12,18697.0
2016-12-20,44.12,44.3,43.83,44.27,17010.0
2016-12-21,44.12,44.59,44.12,44.56,19543.0
2016-12-22,44.81,44.88,44.51,44.76,20673.0
2016-12-23,44.66,44.71,44.03,44.42,16355.0
2016-12-26,44.17,44.76,43.73,44.66,13185.0
2016-12-27,44.79,44.84,44.41,44.49,14671.0
2016-12-28,44.49,44.6,43.9,44.5,23236.0
2016-12-29,44.32,44.49,44.17,44.31,11229.0
2016-12-30,44.31,45.79,44.09,45.31,47427.0
2017-01-03,44.91,45.48,44.91,45.32,13344.0
2017-01-04,45.32,45.59,45.14,45.38,18506.0
2017-01-05,45.57,45.76,45.39,45.69,18251.0
2017-01-06,45.71,45.75,45.43,45.52,15319.0
2017-01-09,45.52,45.71,45.23,45.51,24105.0
2017-01-10,45.51,45.69,45.32,45.4,15192.0
2017-01-11,45.35,45.46,44.92,44.97,10331.0
2017-01-12,44.94,45.31,44.81,45.11,10802.0
2017-01-13,45.34,46.16,44.89,45.82,23021.0
2017-01-16,45.71,46.65,45.31,46.35,97795.0
2017-01-17,46.15,46.39,45.93,46.25,15574.0
2017-01-18,46.09,46.71,46.03,46.56,30189.0
2017-01-19,46.51,46.69,46.21,46.52,13659.0
2017-01-20,46.42,46.66,46.21,46.38,18058.0
2017-01-23,46.33,46.59,46.0,46.15,10404.0
2017-01-24,46.44,47.1,46.41,46.96,47402.0
2017-01-25,46.76,47.49,46.76,47.4,62973.0
2017-01-26,47.82,47.98,47.13,47.66,45760.0
2017-02-03,47.76,47.89,47.12,47.27,27638.0
2017-02-06,47.23,47.37,46.89,47.08,27897.0
2017-02-07,46.99,47.54,46.63,46.76,27963.0
2017-02-08,46.81,47.21,46.52,46.99,21344.0
2017-02-09,47.14,47.23,46.68,47.09,20307.0
2017-02-10,47.13,47.13,46.69,46.77,22418.0
2017-02-13,46.83,47.34,46.32,47.27,43435.0
2017-02-14,47.35,47.35,46.77,46.95,25427.0
2017-02-15,46.82,46.94,46.67,46.78,11500.0
2017-02-16,46.86,46.99,46.4,46.9,19833.0
2017-02-17,46.9,46.98,46.73,46.95,7980.0
2017-02-20,47.07,47.76,47.01,47.74,35234.0
2017-02-21,47.81,48.6,47.81,48.19,58039.0
2017-02-22,49.27,49.27,48.12,48.22,44446.0
2017-02-23,48.26,49.17,48.22,48.74,71005.0
2017-02-24,48.53,49.0,48.41,48.78,35712.0
2017-02-27,49.91,52.18,49.42,51.28,146612.0
2017-02-28,51.27,51.49,50.71,51.03,51517.0
2017-03-01,50.76,52.49,50.73,50.78,74335.0
2017-03-02,50.81,51.85,50.71,51.3,41590.0
2017-03-03,51.03,52.31,50.74,52.08,50635.0
2017-03-06,52.27,53.31,51.46,51.5,65295.0
2017-03-07,51.81,52.63,51.54,52.52,45716.0
2017-03-08,52.51,53.91,52.31,53.04,50110.0
2017-03-09,52.82,53.86,52.51,53.37,23232.0
2017-03-10,53.51,53.66,52.84,53.36,30544.0
2017-03-13,53.21,53.41,51.72,51.81,50684.0
2017-03-14,51.82,52.08,51.29,51.87,50353.0
2017-03-15,51.91,51.95,51.0,51.4,50861.0
2017-03-16,51.32,52.16,51.22,51.46,41254.0
2017-03-17,51.46,51.99,51.37,51.64,26270.0
2017-03-20,51.41,53.26,51.41,53.04,46132.0
2017-03-21,53.21,53.3,52.67,52.92,33137.0
2017-03-22,52.76,58.02,52.76,58.02,74776.0
2017-03-23,60.61,62.06,59.91,60.22,178219.0
2017-03-24,61.08,61.31,59.06,59.41,104649.0
2017-03-27,59.11,60.21,58.32,59.18,51817.0
2017-03-28,58.89,59.48,58.64,59.05,34100.0
2017-03-29,58.79,59.09,57.97,58.18,48457.0
2017-03-30,57.89,58.81,57.61,58.23,42643.0
2017-03-31,58.51,59.16,58.28,58.6,69190.0
2017-04-05,58.51,60.51,58.51,59.46,46732.0
2017-04-06,59.91,60.46,58.31,58.54,65349.0
2017-04-07,58.54,59.78,57.91,59.5,33160.0
2017-04-10,59.72,61.41,59.12,60.43,53946.0
2017-04-11,60.15,60.53,57.57,59.08,55708.0
2017-04-12,58.9,59.26,53.36,53.36,189355.0
2017-04-13,52.4,54.38,52.39,53.42,108555.0
2017-04-14,53.36,53.36,51.71,52.55,64241.0
2017-04-17,54.51,55.37,53.41,54.11,62484.0
2017-04-18,54.63,55.42,53.11,55.0,53355.0
2017-04-19,55.01,55.56,54.33,55.06,42987.0
2017-04-20,55.11,56.28,54.51,55.3,64333.0
2017-04-21,55.06,55.59,54.73,55.14,22865.0
2017-04-24,55.14,55.46,53.95,55.16,26170.0
2017-04-25,55.01,55.57,54.58,55.36,25380.0
2017-04-26,55.51,56.96,55.51,55.97,56315.0
2017-04-27,55.97,56.76,54.93,56.32,37447.0
2017-04-28,56.32,56.37,54.12,55.06,54138.0
2017-05-02,56.44,56.84,54.71,55.19,46936.0
2017-05-03,55.16,55.67,53.59,53.62,34510.0
2017-05-04,53.57,54.41,53.32,53.7,30211.0
2017-05-05,53.7,54.26,53.43,53.92,17168.0
2017-05-08,53.93,54.97,53.93,54.25,40309.0
2017-05-09,53.91,54.11,52.44,53.13,38156.0
2017-05-10,53.19,54.02,52.91,53.47,43226.0
2017-05-11,53.31,54.04,53.13,53.92,24582.0
2017-05-12,54.45,55.13,53.93,54.77,27168.0
2017-05-15,55.31,56.61,55.19,55.67,44357.0
2017-05-16,55.71,56.79,55.42,56.51,46731.0
2017-05-17,56.51,56.6,55.59,55.76,28620.0
2017-05-18,55.26,56.14,54.93,56.02,18559.0
2017-05-19,55.81,56.18,55.41,56.11,15546.0
2017-05-22,56.12,56.62,55.67,56.34,21107.0
2017-05-23,56.28,56.77,55.81,56.05,33736.0
2017-05-24,56.29,56.66,55.41,56.24,21654.0
2017-05-25,56.31,57.79,56.27,57.43,63112.0
2017-05-26,57.53,57.9,57.24,57.39,36651.0
2017-05-31,57.61,58.23,55.99,56.15,47536.0
2017-06-01,56.15,58.31,56.15,58.2,62344.0
2017-06-02,58.22,59.19,57.66,59.06,44298.0
2017-06-05,58.93,59.63,58.56,59.17,23964.0
2017-06-06,59.19,59.77,58.8,59.28,19509.0
2017-06-07,59.31,60.96,59.02,60.58,49716.0
2017-06-08,60.49,62.0,60.16,60.95,51854.0
2017-06-09,61.49,62.0,60.23,61.29,36432.0
2017-06-12,61.29,61.38,59.89,60.64,38084.0
2017-06-13,60.66,61.99,59.71,61.27,47998.0
2017-06-14,61.31,61.51,59.92,60.15,27552.0
2017-06-15,59.91,60.59,58.42,59.18,58524.0
2017-06-16,59.47,60.07,58.91,59.07,44013.0
2017-06-19,58.27,59.79,57.45,59.63,101539.0
2017-06-20,59.71,59.95,58.29,58.37,72740.0
2017-06-21,58.83,60.13,58.25,60.09,80923.0
2017-06-22,60.03,61.15,59.33,59.49,94140.0
2017-06-23,59.49,59.53,58.23,59.29,68227.0
2017-06-26,58.95,60.81,58.93,60.31,88593.0
2017-06-27,60.43,61.89,60.05,61.61,136483.0
2017-06-28,61.11,61.81,61.07,61.35,80568.0
2017-06-29,61.21,63.81,61.17,62.39,267397.0
2017-06-30,62.41,64.13,61.91,63.19,99474.0
2017-07-03,64.23,64.59,61.91,62.47,154458.0
2017-07-04,62.87,63.03,61.17,61.27,85641.0
2017-07-05,61.35,62.11,60.53,61.93,72035.0
2017-07-06,61.93,62.45,60.91,60.95,66885.0
2017-07-07,60.59,60.93,59.33,59.39,117807.0
2017-07-10,59.43,61.41,58.45,61.15,129158.0
2017-07-11,61.13,61.47,60.33,60.79,80484.0
2017-07-12,60.71,61.97,60.21,61.89,118290.0
2017-07-13,61.73,61.87,60.67,61.49,73467.0
2017-07-14,61.67,62.19,61.03,61.83,48555.0
2017-07-17,61.83,61.91,58.91,59.79,74085.0
2017-07-18,60.09,61.05,59.63,60.95,67483.0
2017-07-19,60.95,61.65,60.91,61.41,67627.0
2017-07-20,61.51,61.77,60.59,61.21,49095.0
2017-07-21,61.15,61.27,60.23,60.89,48920.0
2017-07-24,60.53,60.69,60.11,60.61,58129.0
2017-07-25,60.55,61.11,60.13,60.19,47434.0
2017-07-26,60.21,60.75,59.91,60.53,64888.0
2017-07-27,60.61,61.79,60.19,61.75,89066.0
2017-07-28,61.63,61.91,60.93,61.41,44777.0
2017-07-31,61.81,61.95,60.51,60.69,82785.0
2017-08-01,60.31,61.79,60.31,61.27,106314.0
2017-08-02,61.29,62.01,61.21,61.41,135495.0
2017-08-03,61.69,61.71,60.33,60.45,110350.0
2017-08-04,60.61,60.81,59.47,59.59,86418.0
2017-08-07,59.95,60.45,58.55,59.33,100944.0
2017-08-08,59.39,59.79,58.91,59.33,52436.0
2017-08-09,59.29,60.03,58.95,59.91,67591.0
2017-08-10,59.67,60.35,59.11,59.29,64321.0
2017-08-11,59.23,59.65,58.45,58.61,59756.0
2017-08-14,58.59,59.67,58.53,58.91,67315.0
2017-08-15,59.27,59.27,58.69,58.85,52820.0
2017-08-16,58.81,60.03,58.81,59.73,60186.0
2017-08-17,59.73,60.69,59.73,60.55,49456.0
2017-08-18,60.31,61.83,60.15,61.71,106633.0
2017-08-21,61.51,63.31,61.49,62.43,129638.0
2017-08-22,62.43,63.03,61.51,62.09,79633.0
2017-08-23,62.09,63.41,61.71,61.87,80800.0
2017-08-24,62.07,62.67,60.73,61.47,92136.0
2017-08-25,61.85,61.87,61.05,61.45,56335.0
2017-08-28,61.13,62.19,61.11,61.89,101346.0
2017-08-29,61.89,62.45,60.77,60.93,84336.0
2017-08-30,60.93,62.53,60.93,62.35,126637.0
2017-08-31,62.11,63.51,61.71,62.85,114307.0
2017-09-01,62.61,63.31,62.55,62.87,62638.0
2017-09-04,62.69,68.67,62.69,68.09,189916.0
2017-09-05,68.01,68.01,66.23,67.45,105540.0
2017-09-06,67.19,67.55,66.51,67.21,73294.0
2017-09-07,66.91,68.09,65.39,65.43,89660.0
2017-09-08,65.79,67.75,65.79,67.29,123994.0
2017-09-11,67.27,69.19,66.85,67.29,152516.0
2017-09-12,67.61,67.77,66.27,67.01,88963.0
2017-09-13,67.11,68.21,66.43,68.13,114902.0
2017-09-14,68.15,71.11,68.15,70.91,186101.0
2017-09-15,70.71,71.87,69.53,71.59,137910.0
2017-09-18,71.81,73.31,70.77,70.91,187593.0
2017-09-19,71.21,71.53,68.91,69.31,162059.0
2017-09-20,69.71,71.19,69.21,71.13,119988.0
2017-09-21,71.57,71.91,70.25,70.41,72971.0
2017-09-22,70.51,71.15,68.97,69.45,71567.0
2017-09-25,69.71,69.99,68.93,69.37,62638.0
2017-09-26,69.15,72.05,69.15,72.01,151046.0
2017-09-27,72.55,73.65,70.91,71.25,129189.0
2017-09-28,71.13,72.47,70.91,71.07,84793.0
2017-09-29,71.49,72.47,71.25,71.89,68654.0
2017-10-09,72.81,72.81,70.01,72.41,135781.0
2017-10-10,72.35,74.57,71.97,73.51,116412.0
2017-10-11,73.51,76.91,72.73,76.01,161093.0
2017-10-12,76.29,77.09,74.91,75.55,95217.0
2017-10-13,75.67,77.05,75.27,75.83,81631.0
2017-10-16,75.51,76.03,74.53,75.05,77062.0
2017-10-17,75.23,75.41,74.55,75.23,69471.0
2017-10-18,75.33,76.55,75.33,75.81,47527.0
2017-10-19,76.15,78.01,75.91,77.39,74527.0
2017-10-20,77.41,78.27,76.21,76.53,50200.0
2017-10-23,76.67,77.45,76.05,76.61,51608.0
2017-10-24,76.71,77.63,76.51,77.13,52478.0
2017-10-25,77.39,78.67,76.91,78.59,69626.0
2017-10-26,78.77,80.01,78.11,79.99,103330.0
2017-10-27,80.71,83.91,80.71,81.99,143635.0
2017-10-30,82.07,83.21,81.47,82.91,99187.0
2017-10-31,82.67,85.85,82.63,85.65,98118.0
2017-11-01,85.91,86.63,83.29,83.75,101912.0
2017-11-02,84.17,85.51,82.07,83.53,96655.0
2017-11-03,83.91,84.05,82.45,82.87,104188.0
2017-11-06,83.29,87.13,82.95,86.93,131906.0
2017-11-07,86.93,88.51,84.51,85.71,153206.0
2017-11-08,85.75,87.45,85.35,87.39,115734.0
2017-11-09,87.19,89.01,86.95,88.29,103471.0
2017-11-10,88.53,91.21,88.53,90.59,112951.0
2017-11-13,89.91,95.41,89.91,95.31,160404.0
2017-11-14,95.21,95.31,90.07,90.29,194602.0
2017-11-15,89.91,89.91,85.41,87.33,237612.0
2017-11-16,87.49,89.27,87.49,89.11,124411.0
2017-11-17,89.55,90.27,85.67,87.73,155351.0
2017-11-20,87.91,88.17,85.31,87.85,130652.0
2017-11-21,88.23,94.09,88.23,93.87,180457.0
2017-11-22,93.93,94.83,88.23,88.83,200942.0
2017-11-23,88.11,88.13,85.43,86.31,166865.0
2017-11-24,86.31,87.91,84.11,85.01,117097.0
2017-11-27,85.09,85.13,79.51,80.05,189609.0
2017-11-28,80.67,82.77,80.27,81.07,110012.0
2017-11-29,82.31,85.15,81.27,84.17,148413.0
2017-11-30,84.93,87.55,84.49,86.29,180873.0
2017-12-01,86.87,86.87,84.33,86.13,73046.0
2017-12-04,85.81,85.81,84.15,84.79,115557.0
2017-12-05,84.07,86.01,83.27,84.71,65574.0
2017-12-06,84.61,85.37,83.71,85.29,60687.0
2017-12-07,85.27,86.87,82.83,82.89,79631.0
2017-12-08,82.37,88.23,82.37,88.17,124492.0
2017-12-11,88.11,92.05,86.73,91.53,174920.0
2017-12-12,91.27,92.61,90.51,91.89,111721.0
2017-12-13,91.87,92.45,90.15,91.59,65611.0
2017-12-14,91.57,91.85,89.01,89.19,76200.0
2017-12-15,89.63,89.71,86.87,87.25,77131.0
2017-12-18,87.23,89.15,86.65,87.43,67235.0
2017-12-19,87.39,90.01,87.31,89.95,74944.0
2017-12-20,89.37,91.47,88.47,90.13,82707.0
2017-12-21,90.01,91.87,89.35,90.99,68289.0
2017-12-22,90.89,91.45,89.61,90.11,53884.0
2017-12-25,90.05,91.69,89.67,89.97,50160.0
2017-12-26,90.51,91.11,87.61,88.15,65986.0
2017-12-27,88.41,89.91,85.29,85.37,115297.0
2017-12-28,85.71,89.35,85.71,88.63,98137.0
2017-12-29,89.47,90.63,88.41,89.69,62382.0
2018-01-02,90.41,90.91,88.55,89.01,67986.0
2018-01-03,89.97,94.37,88.15,94.27,182387.0
2018-01-04,93.61,95.11,92.61,93.85,145042.0
2018-01-05,93.89,94.11,92.03,93.25,71144.0
2018-01-08,93.87,95.91,92.91,95.85,128763.0
2018-01-09,95.91,97.35,95.31,96.19,102334.0
2018-01-10,96.51,96.71,94.51,95.67,64666.0
2018-01-11,95.71,95.91,93.17,94.69,80053.0
2018-01-12,94.49,95.31,93.93,94.77,50041.0
2018-01-15,96.07,99.69,95.35,98.39,142230.0
2018-01-16,98.35,104.71,97.93,101.63,183255.0
2018-01-17,101.11,102.29,98.89,99.35,88790.0
2018-01-18,99.13,101.31,98.61,99.51,123234.0
2018-01-19,99.51,100.17,98.53,99.23,65640.0
2018-01-22,99.63,104.25,99.25,101.17,126949.0
2018-01-23,101.87,102.11,100.51,100.85,69787.0
2018-01-24,102.81,103.91,100.67,101.81,105368.0
2018-01-25,101.83,102.09,99.81,100.45,75459.0
2018-01-26,99.91,101.73,98.55,100.87,76569.0
2018-01-29,102.51,103.67,100.31,100.33,104091.0
2018-01-30,99.95,102.71,99.27,100.91,74329.0
2018-01-31,100.91,106.83,100.67,105.47,152796.0
2018-02-01,105.39,105.65,102.47,104.35,127587.0
2018-02-02,103.75,110.73,103.75,110.57,157276.0
2018-02-05,107.67,110.11,106.07,106.71,148344.0
2018-02-06,104.89,106.71,99.11,99.17,177172.0
2018-02-07,102.67,103.57,92.53,97.07,188332.0
2018-02-08,97.03,101.47,96.31,99.57,110566.0
2018-02-09,94.51,99.41,93.43,96.47,155007.0
2018-02-12,97.91,100.63,97.11,99.81,81020.0
2018-02-13,102.31,104.23,100.31,103.19,105131.0
2018-02-14,103.31,106.97,102.11,106.51,92511.0
2018-02-22,108.51,114.49,107.91,109.85,163985.0
2018-02-23,110.79,111.79,108.51,111.07,87044.0
2018-02-26,111.21,111.23,108.31,109.19,114800.0
2018-02-27,112.01,113.79,106.91,108.51,178728.0
2018-02-28,106.01,110.67,105.95,107.63,109979.0
2018-03-01,107.47,112.59,107.01,110.89,161502.0
2018-03-02,109.91,110.83,108.51,109.51,100022.0
2018-03-05,109.91,110.87,108.81,109.99,70251.0
2018-03-06,110.51,113.45,110.11,113.17,131865.0
2018-03-07,113.25,115.21,112.31,113.79,92999.0
2018-03-08,114.29,117.71,114.13,117.41,94762.0
2018-03-09,117.81,118.21,115.61,117.45,85671.0
2018-03-12,117.29,118.91,115.53,115.65,98212.0
2018-03-13,116.51,116.59,115.11,115.73,41148.0
2018-03-14,115.83,118.21,114.97,117.33,55781.0
2018-03-15,117.31,119.03,115.63,116.63,64596.0
2018-03-16,116.19,117.29,113.79,113.93,73360.0
2018-03-19,113.93,115.89,112.91,115.67,68172.0
2018-03-20,115.01,115.47,113.13,114.13,59625.0
2018-03-21,114.33,119.91,114.29,117.41,123516.0
2018-03-22,117.49,119.01,116.31,117.01,81401.0
2018-03-23,113.91,118.61,112.91,117.01,140405.0
2018-03-26,115.71,116.67,110.51,112.29,148695.0
2018-03-27,113.53,114.71,112.53,113.97,122028.0
2018-03-28,113.93,118.41,113.91,116.41,143267.0
2018-03-29,117.03,117.67,106.93,110.33,185250.0
2018-03-30,109.51,112.33,108.07,108.73,121447.0
2018-04-02,109.13,112.77,109.13,112.59,109654.0
2018-04-03,112.91,112.91,109.17,111.23,92219.0
2018-04-04,112.67,112.83,107.17,108.87,95974.0
2018-04-09,109.63,112.19,108.77,109.23,115037.0
2018-04-10,109.91,110.89,107.31,110.47,92387.0
2018-04-11,110.47,111.21,108.61,109.33,79237.0
2018-04-12,109.33,112.83,108.71,112.19,117667.0
2018-04-13,112.51,115.87,111.59,115.15,105659.0
2018-04-16,122.87,122.87,112.91,115.61,212225.0
2018-04-17,114.55,114.81,104.35,105.25,242268.0
2018-04-18,106.69,106.89,100.35,105.39,182332.0
2018-04-19,105.69,110.47,105.39,110.25,120876.0
2018-04-20,110.11,111.93,108.39,110.03,90550.0
2018-04-23,108.81,111.23,108.31,109.35,63413.0
2018-04-24,109.27,111.71,109.15,110.17,99677.0
2018-04-25,109.55,111.37,108.03,110.69,52431.0
2018-04-26,110.31,110.65,106.67,108.35,80090.0
2018-04-27,108.73,109.49,102.31,107.05,119142.0
2018-05-02,110.11,116.49,109.91,115.51,243637.0
2018-05-03,116.51,119.71,114.93,119.45,227125.0
2018-05-04,119.41,121.01,118.37,118.99,128901.0
2018-05-07,120.45,122.67,118.89,120.13,186856.0
2018-05-08,120.71,122.11,119.35,120.91,87339.0
2018-05-09,121.61,124.11,121.13,122.75,82068.0
2018-05-10,122.41,126.67,120.93,126.29,130869.0
2018-05-11,125.73,126.61,123.13,124.93,68981.0
2018-05-14,124.93,129.01,124.45,127.83,172961.0
2018-05-15,127.83,129.91,125.91,128.79,70760.0
2018-05-16,128.37,130.07,127.01,127.07,78342.0
2018-05-17,126.91,128.81,124.19,124.95,95253.0
2018-05-18,125.51,127.27,124.09,126.09,61628.0
2018-05-21,127.25,129.35,127.01,127.47,65097.0
2018-05-22,127.91,128.87,127.27,128.03,31131.0
2018-05-23,128.53,130.01,124.91,126.77,78030.0
2018-05-24,126.89,129.31,125.15,127.85,76031.0
2018-05-25,125.89,128.51,125.57,127.57,69133.0
2018-05-28,127.57,128.09,124.93,126.57,68655.0
2018-05-29,126.11,133.43,126.11,131.07,158563.0
2018-05-30,129.61,131.91,128.03,130.21,106139.0
2018-05-31,130.85,138.61,130.31,138.21,171102.0
2018-06-01,138.11,139.27,135.81,137.87,109178.0
2018-06-04,138.51,139.51,135.51,137.65,103940.0
2018-06-05,137.95,139.51,135.95,138.49,86275.0
2018-06-06,138.11,138.97,136.51,136.57,77032.0
2018-06-07,137.07,140.11,134.07,135.95,111900.0
2018-06-08,135.65,135.71,133.31,135.27,95159.0
2018-06-11,134.91,136.43,128.87,130.21,148193.0
2018-06-12,130.71,135.61,129.63,134.65,105093.0
2018-06-13,135.43,138.85,134.55,136.55,95513.0
2018-06-14,136.03,137.87,135.13,136.65,62067.0
2018-06-15,136.81,137.61,133.11,135.71,82175.0
2018-06-19,134.53,137.07,130.45,133.67,191948.0
2018-06-20,133.31,134.89,130.79,133.81,100710.0
2018-06-21,134.47,142.01,133.85,138.37,160648.0
2018-06-22,137.87,141.11,135.57,137.87,98073.0
2018-06-25,138.05,143.87,138.05,142.67,109230.0
2018-06-26,141.15,142.35,136.59,137.81,110389.0
2018-06-27,137.81,139.15,129.77,129.99,164115.0
2018-06-28,128.55,131.83,126.21,131.07,136335.0
2018-06-29,130.97,136.45,130.01,132.77,118704.0
2018-07-02,133.75,136.51,130.13,132.63,97014.0
2018-07-03,133.53,133.53,121.95,126.57,220064.0
2018-07-04,126.57,131.29,126.35,128.73,127508.0
2018-07-05,128.95,132.19,127.35,130.63,107144.0
2018-07-06,129.95,130.55,124.15,128.21,113077.0
2018-07-09,128.91,132.71,128.71,131.79,87372.0
2018-07-10,132.87,136.27,132.35,135.83,93435.0
2018-07-11,133.35,138.35,130.67,136.29,97228.0
2018-07-12,136.75,140.51,135.55,139.33,109883.0
2018-07-13,140.15,146.65,139.33,145.95,128078.0
2018-07-16,147.05,150.35,146.29,148.61,106657.0
2018-07-17,147.35,147.65,145.03,146.59,76812.0
2018-07-18,145.97,156.01,145.71,149.55,175116.0
2018-07-19,150.37,152.39,147.89,149.21,88493.0
2018-07-20,149.75,153.13,149.15,150.87,89022.0
2018-07-23,151.05,153.73,142.97,144.23,204994.0
2018-07-24,144.87,147.55,143.35,144.57,131713.0
2018-07-25,146.05,152.75,146.01,152.33,153500.0
2018-07-26,151.65,152.63,148.31,150.09,105920.0
2018-07-27,150.05,150.71,146.51,148.09,81062.0
2018-07-30,148.75,149.51,145.23,146.71,82006.0
2018-07-31,146.83,147.95,143.67,144.41,93098.0
2018-08-01,146.57,148.27,144.93,146.39,85106.0
2018-08-02,145.95,145.95,139.91,140.97,134423.0
2018-08-03,141.15,142.27,130.15,133.49,191081.0
2018-08-06,134.29,135.85,124.17,127.59,172828.0
2018-08-07,128.83,128.83,117.99,127.67,250073.0
2018-08-08,124.55,130.87,121.95,124.89,184550.0
2018-08-09,124.75,132.27,123.25,128.91,176139.0
2018-08-10,129.59,133.51,127.45,130.43,158220.0
2018-08-13,128.93,132.35,127.55,131.43,111265.0
2018-08-14,131.41,132.71,128.95,130.21,100299.0
2018-08-15,131.53,131.61,125.17,125.59,96098.0
2018-08-16,121.95,126.91,120.85,122.41,128392.0
2018-08-17,124.55,125.71,115.33,118.13,164570.0
2018-08-20,117.77,118.95,114.07,118.75,131796.0
2018-08-21,119.75,126.95,119.75,126.71,154736.0
2018-08-22,126.65,126.75,123.59,124.13,83591.0
2018-08-23,123.81,126.37,122.83,124.67,88833.0
2018-08-24,123.95,125.45,121.95,123.35,62738.0
2018-08-27,123.35,133.91,123.35,133.91,174400.0
2018-08-28,131.95,134.83,130.95,133.05,107402.0
2018-08-29,132.25,133.59,130.39,132.29,68380.0
2018-08-30,131.35,137.07,131.31,133.55,126754.0
2018-08-31,133.55,133.71,128.07,130.67,120022.0
2018-09-03,129.75,130.25,124.97,128.55,80082.0
2018-09-04,129.35,131.11,124.01,127.89,120501.0
2018-09-05,126.93,126.93,123.27,123.65,87642.0
2018-09-06,122.55,125.11,120.39,121.61,82033.0
2018-09-07,122.45,129.15,122.45,127.93,131282.0
2018-09-10,127.15,127.15,123.59,124.07,66785.0
2018-09-11,124.55,127.05,124.13,126.79,53062.0
2018-09-12,126.79,126.89,122.75,123.63,64715.0
2018-09-13,125.95,127.45,122.15,125.59,72627.0
2018-09-14,125.95,129.67,124.55,127.55,85114.0
2018-09-17,126.65,130.09,124.65,128.45,89339.0
2018-09-18,127.85,130.65,125.13,130.11,90197.0
2018-09-19,130.19,133.83,130.19,132.41,103625.0
2018-09-20,132.69,136.15,130.97,131.75,114055.0
2018-09-21,133.95,139.17,133.31,138.97,112796.0
2018-09-25,137.15,139.75,136.35,138.57,65835.0
2018-09-26,140.93,141.05,137.57,139.77,111610.0
2018-09-27,139.43,139.55,134.19,137.25,105162.0
2018-09-28,137.19,139.99,135.95,139.99,89598.0
2018-10-08,137.69,137.69,131.11,131.47,101958.0
2018-10-09,131.35,133.27,130.07,131.13,58389.0
2018-10-10,131.95,133.91,128.95,129.95,78712.0
2018-10-11,123.95,126.95,121.55,124.95,124739.0
2018-10-12,124.25,131.67,124.25,130.49,118151.0
2018-10-15,131.69,134.79,129.15,130.95,120029.0
2018-10-16,131.51,131.51,125.65,127.75,75174.0
2018-10-17,129.65,129.75,115.37,115.37,270372.0
2018-10-18,109.79,111.15,104.23,107.75,340147.0
2018-10-19,105.97,111.79,101.33,110.55,211558.0
2018-10-22,112.55,121.15,112.55,119.55,193630.0
2018-10-23,124.17,124.45,116.89,117.95,167208.0
2018-10-24,117.95,121.03,114.35,114.89,107969.0
2018-10-25,111.71,117.15,108.95,116.71,108601.0
2018-10-26,117.35,117.41,106.51,110.31,179676.0
2018-10-29,106.95,106.95,99.87,100.19,194977.0
2018-10-30,99.87,105.65,99.75,103.39,110335.0
2018-10-31,105.95,111.55,105.85,111.31,149952.0
2018-11-01,114.47,114.65,108.23,109.81,122413.0
2018-11-02,113.17,120.39,113.17,120.39,219665.0
2018-11-05,120.33,120.37,115.15,118.89,107712.0
2018-11-06,119.25,119.67,114.29,116.05,111858.0
2018-11-07,116.41,119.27,114.55,116.71,95024.0
2018-11-08,118.15,119.55,117.15,117.51,63525.0
2018-11-09,116.53,117.65,113.65,117.35,53518.0
2018-11-12,116.11,116.77,112.31,115.11,96989.0
2018-11-13,112.95,115.01,110.95,113.99,108777.0
2018-11-14,114.25,114.75,110.99,111.91,101036.0
2018-11-15,113.95,114.99,112.35,113.29,105134.0
2018-11-16,113.95,115.45,112.39,114.27,87138.0
2018-11-19,114.65,117.75,111.85,114.79,101320.0
2018-11-20,113.51,113.55,111.55,112.53,75129.0
2018-11-21,111.73,114.89,111.11,114.75,79661.0
2018-11-22,115.27,115.49,112.49,113.33,58501.0
2018-11-23,112.75,114.11,112.15,112.91,52695.0
2018-11-26,113.95,113.95,110.71,111.97,66516.0
2018-11-27,112.45,112.69,110.67,110.85,52375.0
2018-11-28,111.29,120.45,110.09,115.75,152302.0
2018-11-29,115.89,116.51,112.97,113.39,99629.0
2018-11-30,113.01,115.05,112.77,114.37,66486.0
2018-12-03,119.55,119.55,116.35,117.45,147413.0
2018-12-04,117.65,121.91,116.15,121.47,121962.0
2018-12-05,119.85,123.71,119.51,122.53,96139.0
2018-12-06,121.93,122.95,119.37,120.41,70059.0
2018-12-07,121.45,122.41,118.19,120.85,53165.0
2018-12-10,120.05,123.71,119.65,121.79,78463.0
2018-12-11,122.35,123.51,119.45,123.23,51411.0
2018-12-12,123.75,127.23,122.75,126.55,76491.0
2018-12-13,126.31,130.23,125.89,128.81,76373.0
2018-12-14,128.25,129.51,125.01,125.31,124529.0
2018-12-17,124.79,127.27,123.63,125.53,70912.0
2018-12-18,125.15,126.27,123.13,124.05,74890.0
2018-12-19,124.23,124.75,121.71,122.25,45099.0
2018-12-20,121.71,123.29,121.07,121.69,46081.0
2018-12-21,121.95,122.55,118.15,120.39,61693.0
2018-12-24,120.95,123.25,119.95,122.45,44590.0
2018-12-25,121.95,124.75,121.15,122.55,67616.0
2018-12-26,123.17,123.89,118.65,120.73,65547.0
2018-12-27,121.95,123.35,121.29,121.73,60515.0
2018-12-28,122.75,124.91,121.51,124.35,92848.0
2019-01-02,125.01,125.71,121.75,123.55,69185.0
2019-01-03,123.23,123.23,116.95,117.91,112042.0
2019-01-04,116.05,120.37,115.41,118.15,106282.0
2019-01-07,118.71,121.11,117.73,120.15,85276.0
2019-01-08,119.59,123.75,119.43,123.15,61794.0
2019-01-09,123.17,129.07,123.05,125.75,127351.0
2019-01-10,125.67,126.75,123.55,124.15,61271.0
2019-01-11,124.77,125.95,123.49,125.31,63140.0
2019-01-14,124.25,125.23,120.87,121.15,54941.0
2019-01-15,121.55,125.85,121.55,125.51,93667.0
2019-01-16,125.93,126.91,123.95,126.21,68661.0
2019-01-17,126.27,126.27,124.85,125.55,43180.0
2019-01-18,121.15,123.85,117.95,122.81,221084.0
2019-01-21,122.99,124.55,122.51,123.69,108908.0
2019-01-22,123.91,123.91,120.73,121.75,66798.0
2019-01-23,122.25,123.15,120.95,122.17,40175.0
2019-01-24,110.57,116.19,110.57,115.95,299595.0
2019-01-25,114.45,118.17,114.07,116.81,114745.0
2019-01-28,116.95,117.89,113.29,113.95,158471.0
2019-01-29,113.29,116.05,112.95,115.69,91538.0
2019-01-30,115.55,115.55,111.97,112.75,168843.0
2019-01-31,112.35,113.65,110.65,112.95,113524.0
2019-02-01,113.55,113.75,110.95,112.95,140500.0
2019-02-11,113.03,121.11,113.03,120.15,171996.0
2019-02-12,119.55,121.55,118.55,120.31,94221.0
2019-02-13,120.31,124.65,120.31,123.95,132804.0
2019-02-14,124.31,128.91,123.11,127.61,122842.0
2019-02-15,127.35,128.67,122.73,123.17,116975.0
2019-02-18,124.67,126.89,124.55,126.49,119729.0
2019-02-19,125.99,128.31,125.65,126.95,87579.0
2019-02-20,126.95,130.97,126.95,128.85,91214.0
2019-02-21,128.85,130.61,127.55,128.99,76679.0
2019-02-22,129.15,129.95,126.37,129.81,73026.0
2019-02-25,129.95,133.79,128.37,133.49,150921.0
2019-02-26,133.47,136.03,127.95,128.65,151254.0
2019-02-27,128.75,132.39,128.67,130.11,116817.0
2019-02-28,129.95,133.13,129.15,131.55,72638.0
2019-03-01,133.15,135.05,130.41,132.85,88637.0
2019-03-04,133.91,135.85,130.55,131.41,148736.0
2019-03-05,130.91,131.95,126.33,128.75,193718.0
2019-03-06,128.71,128.75,125.49,127.29,171152.0
2019-03-07,126.95,127.25,125.37,126.95,115113.0
2019-03-08,124.99,125.95,121.27,123.05,230256.0
2019-03-11,123.75,126.01,123.75,125.95,117192.0
2019-03-12,127.95,127.95,123.81,124.23,160052.0
2019-03-13,124.31,125.71,122.75,123.81,105418.0
2019-03-14,123.95,125.65,123.81,124.23,77396.0
2019-03-15,125.09,126.71,123.95,125.85,125815.0
2019-03-18,125.85,129.95,124.95,129.75,174446.0
2019-03-19,130.35,131.27,129.15,129.73,108453.0
2019-03-20,129.87,132.33,129.33,131.35,125577.0
2019-03-21,130.91,132.35,128.25,131.75,111708.0
2019-03-22,131.33,135.31,130.63,132.45,118578.0
2019-03-25,129.95,130.81,128.45,129.17,142000.0
2019-03-26,129.81,131.95,129.75,131.25,95941.0
2019-03-27,132.25,134.97,131.39,134.89,149165.0
2019-03-28,135.07,143.43,133.99,139.53,234690.0
2019-03-29,139.71,146.31,139.71,144.11,183314.0
2019-04-01,145.95,151.15,143.67,143.91,160971.0
2019-04-02,144.65,146.49,142.53,144.79,95241.0
2019-04-03,144.75,148.33,143.65,147.19,84944.0
2019-04-04,147.15,149.29,145.33,148.65,66345.0
2019-04-08,147.93,152.61,145.71,148.17,115046.0
2019-04-09,147.95,151.41,147.93,150.41,73510.0
2019-04-10,150.71,150.75,146.17,148.75,86004.0
2019-04-11,149.07,152.57,146.37,148.45,112941.0
2019-04-12,148.31,151.05,145.37,146.71,90567.0
2019-04-15,149.55,154.95,149.53,149.77,118805.0
2019-04-16,149.03,153.29,149.03,153.29,118477.0
2019-04-17,153.67,156.31,151.99,156.31,97506.0
2019-04-18,155.35,160.75,155.25,160.41,79968.0
2019-04-19,160.69,162.55,156.23,161.23,61654.0
2019-04-22,159.95,164.25,158.39,159.95,63821.0
2019-04-23,159.95,162.95,158.75,158.75,105778.0
2019-04-24,159.81,162.25,158.77,161.61,82481.0
2019-04-25,160.45,164.63,160.35,162.59,80515.0
2019-04-26,161.55,163.43,155.25,158.55,119972.0
2019-04-29,161.25,165.71,158.53,163.91,144159.0
2019-04-30,163.05,163.45,158.23,158.93,100925.0
2019-05-06,153.95,157.75,151.95,155.97,152401.0
2019-05-07,155.97,159.35,153.71,156.75,177226.0
2019-05-08,155.27,157.25,149.95,150.77,80976.0
2019-05-09,149.27,153.39,146.77,151.25,127195.0
2019-05-10,152.05,160.11,151.95,158.25,125881.0
2019-05-13,156.91,161.51,156.25,157.99,64533.0
2019-05-14,155.55,157.95,153.55,154.25,98652.0
2019-05-15,155.95,160.21,153.75,159.55,79930.0
2019-05-16,159.91,162.03,158.45,161.95,91346.0
2019-05-17,162.35,162.65,157.91,158.33,81274.0
2019-05-20,156.85,157.93,152.95,155.97,82422.0
2019-05-21,156.63,159.99,156.15,156.59,79358.0
2019-05-22,157.33,159.95,155.55,157.89,75950.0
2019-05-23,156.95,157.73,153.25,154.61,70339.0
2019-05-24,155.15,157.61,153.95,154.55,47628.0
2019-05-27,154.25,156.41,150.69,155.53,71211.0
2019-05-28,155.75,160.73,155.15,159.95,96738.0
2019-05-29,157.95,158.87,156.25,157.35,69823.0
2019-05-30,157.25,158.13,154.55,155.59,70941.0
2019-05-31,156.35,160.15,154.99,158.73,78382.0
2019-06-03,158.71,160.81,155.73,157.19,67730.0
2019-06-04,156.97,157.95,154.15,155.35,59629.0
2019-06-05,156.53,156.95,152.77,153.05,59384.0
2019-06-06,154.09,154.93,150.83,151.81,74697.0
2019-06-10,153.07,156.95,151.99,155.83,61192.0
2019-06-11,156.59,161.91,156.59,161.35,107302.0
2019-06-12,161.25,162.27,160.05,162.05,59990.0
2019-06-13,162.25,162.35,159.49,160.95,46017.0
2019-06-14,161.93,167.15,161.71,162.87,83920.0
2019-06-17,163.79,168.07,162.99,166.55,77653.0
2019-06-18,166.75,167.11,163.53,164.01,55385.0
2019-06-19,166.91,169.91,165.71,169.29,84067.0
2019-06-20,169.31,179.73,168.01,175.31,125663.0
2019-06-21,175.15,178.35,172.55,174.03,91475.0
2019-06-24,174.79,178.03,172.61,176.07,69309.0
2019-06-25,176.29,177.03,172.25,174.09,71395.0
2019-06-26,173.79,175.85,173.19,175.05,53412.0
2019-06-27,175.87,179.51,174.25,178.21,85341.0
2019-06-28,178.21,182.43,176.67,182.35,61963.0
2019-07-01,184.25,187.61,183.87,185.45,90370.0
2019-07-02,185.45,188.25,182.21,187.41,91137.0
2019-07-03,187.05,188.43,180.05,181.41,94825.0
2019-07-04,177.65,177.71,168.35,171.65,287743.0
2019-07-05,172.05,179.71,171.57,178.05,151454.0
2019-07-08,178.83,178.85,173.01,175.05,93275.0
2019-07-09,176.29,176.63,174.19,175.09,49925.0
2019-07-10,176.81,182.59,175.25,180.93,100088.0
2019-07-11,182.23,184.25,175.71,177.29,110088.0
2019-07-12,177.05,182.77,177.05,180.47,76338.0
2019-07-15,181.85,181.87,178.25,180.69,58777.0
2019-07-16,181.29,181.29,177.15,177.45,64104.0
2019-07-17,176.65,176.65,170.05,174.47,126942.0
2019-07-18,175.07,176.45,174.55,175.45,61637.0
2019-07-19,176.65,179.75,175.73,176.81,59662.0
2019-07-22,175.43,181.85,175.07,181.09,71568.0
2019-07-23,180.99,181.05,176.25,177.31,75078.0
2019-07-24,177.63,178.15,176.29,176.99,46319.0
2019-07-25,177.63,181.29,176.39,181.25,75869.0
2019-07-26,180.75,186.03,180.33,184.25,84197.0
2019-07-29,185.01,186.05,183.85,186.05,48526.0
2019-07-30,186.41,186.65,182.65,184.93,60138.0
2019-07-31,183.57,186.17,181.11,186.05,62760.0
2019-08-01,185.05,188.91,181.41,184.05,86907.0
2019-08-02,182.85,187.25,180.55,185.99,70292.0
2019-08-05,183.71,184.81,176.51,176.65,121512.0
2019-08-06,169.65,176.85,169.59,176.75,149509.0
2019-08-07,177.39,180.23,175.45,177.45,74587.0
2019-08-08,178.05,180.65,177.85,180.09,53567.0
2019-08-09,181.65,182.03,179.35,179.85,45063.0
2019-08-12,180.25,181.33,178.81,180.25,44986.0
2019-08-13,178.85,179.43,174.01,178.65,81815.0
2019-08-14,179.87,182.65,179.87,182.35,73436.0
2019-08-15,179.05,181.61,178.05,179.91,51406.0
2019-08-16,180.15,188.57,178.77,186.49,103338.0
2019-08-19,187.45,189.95,184.25,186.85,74449.0
2019-08-20,186.65,187.79,185.11,187.45,44822.0
2019-08-21,187.65,187.75,185.43,186.65,32426.0
2019-08-22,188.09,194.65,187.45,193.75,96727.0
2019-08-23,194.55,198.81,193.07,195.61,65128.0
2019-08-26,194.05,198.05,192.55,194.73,76118.0
2019-08-27,195.79,198.33,194.73,196.19,75944.0
2019-08-28,195.09,196.45,191.81,194.83,62220.0
2019-08-29,195.05,195.65,192.11,194.85,51408.0
2019-08-30,195.05,197.75,193.91,196.01,87519.0
2019-09-02,197.11,197.41,189.35,193.83,108784.0
2019-09-03,193.41,195.95,192.55,194.21,65077.0
2019-09-04,193.05,193.05,187.67,189.53,118642.0
2019-09-05,191.55,195.05,190.77,191.15,109571.0
2019-09-06,193.05,195.65,189.89,193.41,84791.0
2019-09-09,194.77,195.95,192.11,192.65,69488.0
2019-09-10,192.43,193.63,189.79,191.03,64306.0
2019-09-11,191.23,191.65,185.85,187.27,109408.0
2019-09-12,187.25,190.35,185.05,189.83,67651.0
2019-09-16,191.05,191.23,188.65,190.55,52638.0
2019-09-17,190.65,191.99,188.45,189.13,56199.0
2019-09-18,189.65,195.17,189.21,192.65,83781.0
2019-09-19,194.43,196.85,193.05,196.27,89496.0
2019-09-20,196.77,196.97,191.79,191.79,159888.0
2019-09-23,192.35,192.35,189.05,190.63,64665.0
2019-09-24,191.45,193.35,189.45,192.65,57464.0
2019-09-25,192.61,195.75,191.49,193.43,65838.0
2019-09-26,194.69,195.85,191.81,192.11,53685.0
2019-09-27,192.85,193.75,189.05,191.07,55277.0
2019-09-30,190.21,194.21,190.21,191.17,56936.0
2019-10-08,192.63,201.59,192.39,199.25,188864.0
2019-10-09,198.63,198.65,190.17,191.55,159048.0
2019-10-10,192.91,196.03,188.87,195.61,83925.0
2019-10-11,196.65,196.81,194.65,194.67,46753.0
2019-10-14,196.25,196.75,193.23,194.31,50312.0
2019-10-15,194.31,196.05,193.21,195.67,37971.0
2019-10-16,196.05,198.85,195.67,196.45,44167.0
2019-10-17,196.45,200.05,196.15,197.55,36124.0
2019-10-18,198.45,198.83,195.03,195.55,36655.0
2019-10-21,195.21,197.15,193.25,194.55,31630.0
2019-10-22,196.37,196.37,191.05,193.69,56967.0
2019-10-23,192.05,193.67,189.05,189.19,61741.0
2019-10-24,189.19,189.45,179.27,182.35,177140.0
2019-10-25,182.31,186.31,181.25,185.83,84542.0
2019-10-28,185.83,189.33,185.45,188.19,65725.0
2019-10-29,189.27,190.63,186.05,188.91,87699.0
2019-10-30,183.41,187.77,183.41,185.35,101411.0
2019-10-31,185.65,186.45,182.45,185.75,78455.0
2019-11-01,185.95,187.95,184.15,186.67,53304.0
2019-11-04,188.65,191.71,186.45,190.89,81681.0
2019-11-05,190.69,192.85,188.61,190.69,63977.0
2019-11-06,190.41,190.91,188.93,189.83,48754.0
2019-11-07,189.11,189.65,185.05,186.35,75371.0
2019-11-08,188.05,188.81,186.05,186.05,41184.0
2019-11-11,185.15,185.35,179.05,180.45,123769.0
2019-11-12,181.81,182.43,177.61,178.89,72230.0
2019-11-13,179.05,179.41,175.01,175.65,172850.0
2019-11-14,176.19,176.93,173.81,174.49,124366.0
2019-11-15,175.75,175.99,173.87,174.05,79434.0
2019-11-18,174.65,179.25,174.09,178.35,135544.0
2019-11-19,177.63,179.55,176.65,178.95,93283.0
2019-11-20,178.95,179.45,177.05,177.87,58022.0
2019-11-21,176.75,177.71,174.97,177.61,54725.0
2019-11-22,177.57,179.21,172.67,174.45,83215.0
2019-11-25,174.41,174.43,169.41,171.11,119903.0
2019-11-26,172.17,177.71,172.17,173.81,145657.0
2019-11-27,175.77,178.85,171.45,173.19,85226.0
2019-11-28,172.73,173.43,170.85,171.25,50992.0
2019-11-29,171.15,172.95,169.21,172.65,69616.0
2019-12-02,172.65,173.29,171.03,172.01,60457.0
2019-12-03,172.05,173.41,169.45,172.81,71912.0
2019-12-04,172.21,175.27,170.69,174.69,79992.0
2019-12-05,175.59,178.35,175.05,177.61,68154.0
2019-12-06,178.81,180.47,177.21,179.45,57135.0
2019-12-09,180.19,180.97,175.25,175.65,61816.0
2019-12-10,176.07,182.37,175.79,181.99,120209.0
2019-12-11,182.61,183.25,179.81,182.25,58301.0
2019-12-12,182.81,183.03,181.25,182.65,41286.0
2019-12-13,185.05,187.65,183.77,185.29,97483.0
2019-12-16,186.07,187.29,175.05,177.29,301853.0
2019-12-17,176.21,177.73,174.55,176.27,168692.0
2019-12-18,176.23,176.65,175.05,175.27,72076.0
2019-12-19,175.45,177.05,175.21,175.99,71444.0
2019-12-20,177.03,181.95,175.83,180.43,119808.0
2019-12-23,181.05,184.13,178.41,178.71,93601.0
2019-12-24,178.73,180.91,175.63,179.47,43409.0
2019-12-25,179.25,180.15,177.45,179.29,38074.0
2019-12-26,179.85,182.15,179.69,181.37,48443.0
2019-12-27,182.19,184.59,181.05,181.29,60131.0
2019-12-30,181.05,183.27,180.25,183.05,79054.0
2019-12-31,182.05,183.23,180.71,182.95,57997.0
2020-01-02,183.07,186.41,183.05,185.15,73491.0
2020-01-03,187.05,187.49,185.03,187.01,70270.0
2020-01-06,185.49,188.87,184.05,185.05,68575.0
2020-01-07,186.53,188.81,186.49,186.87,55208.0
2020-01-08,185.15,188.81,184.41,187.65,70121.0
2020-01-09,189.03,194.49,188.81,193.05,88167.0
2020-01-10,195.41,195.41,193.15,193.73,56159.0
2020-01-13,187.05,190.51,185.25,187.05,205279.0
2020-01-14,188.65,188.95,181.67,182.73,144294.0
2020-01-15,182.73,184.23,181.87,183.77,64136.0
2020-01-16,184.67,186.71,182.89,185.83,69959.0
2020-01-17,186.73,187.65,183.67,184.75,67499.0
2020-01-20,185.35,185.65,175.35,178.85,209408.0
2020-01-21,176.41,176.41,171.05,172.55,232072.0
2020-01-22,171.05,175.77,170.27,174.21,123340.0
2020-01-23,171.05,172.11,165.85,169.05,248091.0
2020-02-03,152.65,152.65,152.65,152.65,202001.0
2020-02-04,152.65,158.65,152.05,155.21,308469.0
2020-02-05,160.45,161.99,157.33,160.61,259335.0
2020-02-06,162.85,166.65,161.49,166.65,202305.0
2020-02-07,165.59,166.25,161.61,165.45,173476.0
2020-02-10,164.05,165.61,162.07,163.05,134697.0
2020-02-11,164.09,165.85,162.99,165.15,137075.0
2020-02-12,165.05,166.49,164.05,165.85,91286.0
2020-02-13,166.01,166.01,162.45,163.37,127488.0
2020-02-14,162.29,167.91,162.29,166.93,131659.0
2020-02-17,166.93,168.67,166.59,167.55,143153.0
2020-02-18,167.65,168.25,164.25,165.45,131840.0
2020-02-19,164.55,171.89,163.87,171.67,182784.0
2020-02-20,174.73,178.71,174.25,176.65,226742.0
2020-02-21,176.49,177.45,174.03,175.19,115521.0
2020-02-24,172.25,175.19,170.51,170.99,170001.0
2020-02-25,168.97,169.01,166.59,168.73,127635.0
2020-02-26,166.81,167.61,164.71,165.45,147424.0
2020-02-27,166.21,169.07,165.05,165.95,166170.0
2020-02-28,157.91,165.05,157.91,162.05,174421.0
2020-03-02,161.15,163.59,158.81,161.83,141896.0
2020-03-03,164.05,165.01,161.83,163.39,142904.0
2020-03-04,163.39,164.65,160.39,163.17,113274.0
2020-03-05,164.85,174.71,164.85,173.27,258300.0
2020-03-06,171.25,174.25,170.45,171.59,122065.0
2020-03-09,168.25,168.25,161.73,163.31,188819.0
2020-03-10,163.05,170.81,162.29,168.01,115434.0
2020-03-11,167.29,174.65,165.29,170.37,183675.0
2020-03-12,167.01,168.21,162.81,163.21,140499.0
2020-03-13,155.05,174.05,155.05,172.23,287941.0
2020-03-16,170.05,170.23,160.65,160.65,203655.0
2020-03-17,160.55,164.85,154.65,159.49,119813.0
2020-03-18,160.45,161.63,153.29,155.81,126317.0
2020-03-19,152.77,157.03,145.17,148.89,157135.0
2020-03-20,151.61,158.05,150.65,156.25,161599.0
2020-03-23,151.35,154.25,148.05,149.35,120420.0
2020-03-24,152.05,156.75,149.31,151.59,131747.0
2020-03-25,156.65,157.61,149.45,154.65,260637.0
2020-03-26,151.29,153.33,149.81,150.85,135378.0
2020-03-27,152.29,152.45,149.15,149.89,100273.0
2020-03-30,147.05,147.59,138.05,140.95,240120.0
2020-03-31,142.19,142.19,139.39,139.45,111436.0
2020-04-01,139.55,145.53,139.09,142.11,135308.0
2020-04-02,142.05,149.05,141.27,148.71,124682.0
2020-04-03,148.95,153.87,148.71,150.31,121980.0
2020-04-07,155.65,157.01,154.29,156.15,183501.0
2020-04-08,154.35,159.93,154.33,156.29,115076.0
2020-04-09,157.19,160.41,155.75,160.05,75962.0
2020-04-10,159.45,164.73,158.19,159.69,76182.0
2020-04-13,158.05,162.95,157.87,161.91,75413.0
2020-04-14,163.05,164.13,160.49,163.83,131620.0
2020-04-15,163.75,163.75,156.25,158.25,121155.0
2020-04-16,156.75,159.65,156.17,159.05,71206.0
2020-04-17,163.05,170.19,163.05,167.65,193457.0
2020-04-20,169.41,172.43,165.79,170.65,142136.0
2020-04-21,171.03,171.61,166.75,169.49,94106.0
2020-04-22,171.61,177.75,170.15,176.89,211734.0
2020-04-23,182.05,183.05,176.65,178.17,157356.0
2020-04-24,177.83,182.55,177.83,180.43,98170.0
2020-04-27,180.77,181.77,176.13,177.85,91161.0
2020-04-28,176.87,186.25,176.21,184.29,144491.0
2020-04-29,183.73,188.65,183.73,185.65,101543.0
2020-04-30,186.25,192.63,183.05,187.65,98585.0
2020-05-06,184.05,187.93,183.65,185.55,159248.0
2020-05-07,185.93,187.93,183.27,187.45,73743.0
2020-05-08,191.05,192.25,187.49,190.41,78600.0
2020-05-11,190.81,192.03,182.37,182.85,143757.0
2020-05-12,184.73,188.65,184.43,185.93,129353.0
2020-05-13,186.05,187.41,184.05,185.03,68164.0
2020-05-14,183.29,184.65,182.05,182.75,62146.0
2020-05-15,183.63,184.53,179.77,180.19,90573.0
2020-05-18,180.83,182.45,180.01,180.05,73919.0
2020-05-19,182.45,187.87,181.45,183.85,128089.0
2020-05-20,183.81,186.35,179.77,180.37,87943.0
2020-05-21,182.05,182.69,179.15,180.61,80926.0
2020-05-22,181.07,182.85,176.13,177.39,125278.0
2020-05-25,178.61,184.93,176.85,182.63,110381.0
2020-05-26,184.81,198.79,184.69,197.09,183132.0
2020-05-27,195.61,198.33,192.43,198.25,125821.0
2020-05-28,199.45,200.03,193.23,195.05,121149.0
2020-05-29,194.17,207.51,192.55,207.51,187179.0
2020-06-01,208.05,214.13,203.49,209.41,159126.0
2020-06-02,212.85,215.79,203.93,204.79,260914.0
2020-06-03,209.05,210.37,201.21,209.41,130163.0
2020-06-04,207.05,208.55,204.85,204.89,79008.0
2020-06-05,204.77,221.21,204.77,217.87,174327.0
2020-06-08,215.25,221.45,213.55,217.41,92119.0
2020-06-09,217.05,229.05,215.05,225.05,99914.0
2020-06-10,217.05,221.05,210.41,217.73,238111.0
2020-06-11,215.05,227.17,213.03,222.95,156897.0
2020-06-12,220.65,244.75,219.97,244.75,200100.0
2020-06-15,245.07,262.05,242.55,245.05,241210.0
2020-06-16,248.85,258.19,242.85,258.05,127969.0
2020-06-17,256.03,257.25,250.65,254.81,98758.0
2020-06-18,253.05,264.01,250.25,263.21,111603.0
2020-06-19,259.93,267.85,256.05,266.67,128414.0
2020-06-22,265.09,265.67,254.25,257.55,129406.0
2020-06-23,257.45,264.05,252.49,258.05,117054.0
2020-06-24,260.15,264.59,256.05,259.65,108089.0
2020-06-29,258.91,285.11,255.47,285.11,168839.0
2020-06-30,298.05,313.11,295.25,313.11,292303.0
2020-07-01,321.35,341.41,314.85,339.61,290701.0
2020-07-02,337.05,351.43,329.05,337.33,239326.0
2020-07-03,337.05,370.55,336.05,370.55,233984.0
2020-07-06,381.51,407.11,369.05,407.11,183000.0
2020-07-07,433.05,442.81,379.09,389.85,460523.0
2020-07-08,375.05,403.85,369.21,396.77,414108.0
2020-07-09,387.05,398.77,379.05,392.63,271546.0
2020-07-10,387.85,430.93,380.09,412.03,316848.0
2020-07-13,417.05,421.05,379.05,394.39,320542.0
2020-07-14,382.73,398.99,382.67,385.05,229319.0
2020-07-15,385.25,396.41,378.07,386.11,265085.0
2020-07-16,386.51,390.09,348.49,348.49,313732.0
2020-07-17,366.49,382.69,366.49,382.69,290002.0
2020-07-20,390.47,415.27,385.31,398.49,281397.0
2020-07-21,394.49,407.09,386.49,399.99,174129.0
2020-07-22,406.43,439.35,398.51,419.71,328083.0
2020-07-23,414.49,461.03,408.81,461.03,341294.0
2020-07-24,458.49,463.49,415.57,415.57,413670.0
2020-07-27,406.49,426.47,398.39,405.87,246236.0
2020-07-28,410.49,432.25,396.49,419.89,229097.0
2020-07-29,412.89,443.85,412.49,434.49,190261.0
2020-07-30,436.37,471.99,430.49,453.09,227962.0
2020-07-31,454.49,495.21,454.49,492.49,235983.0
2020-08-03,500.47,504.49,458.49,483.49,262552.0
2020-08-04,474.49,474.49,446.73,453.59,250660.0
2020-08-05,446.49,462.49,442.89,454.19,138350.0
2020-08-06,454.49,456.19,434.71,443.01,183251.0
2020-08-07,446.49,464.19,436.49,448.25,178329.0
2020-08-10,434.69,445.67,425.89,433.89,161619.0
2020-08-11,430.39,453.37,430.39,435.05,139653.0
2020-08-12,435.49,442.43,413.69,419.79,203701.0
2020-08-13,420.49,427.69,406.51,415.47,139725.0
2020-08-14,410.49,424.41,408.77,420.99,113505.0
2020-08-17,421.89,430.29,414.61,420.89,124958.0
2020-08-18,424.13,437.49,420.89,428.39,134381.0
2020-08-19,428.49,428.49,403.49,406.49,161804.0
2020-08-20,388.49,416.41,388.49,394.49,211703.0
2020-08-21,398.49,419.69,395.81,405.25,152849.0
2020-08-24,408.49,417.65,400.09,413.53,120361.0
2020-08-25,422.07,440.09,413.67,427.11,173898.0
2020-08-26,422.89,432.09,410.89,413.55,102373.0
2020-08-27,409.49,419.73,406.53,414.47,72925.0
2020-08-28,415.27,452.49,414.51,447.09,192954.0
2020-08-31,448.49,448.49,422.49,422.49,210476.0
2020-09-01,420.49,444.15,418.69,440.09,143951.0
2020-09-02,449.97,460.43,444.25,452.49,150430.0
2020-09-03,449.49,465.69,449.49,455.09,114931.0
2020-09-04,444.49,448.69,426.49,446.09,122714.0
2020-09-07,440.49,449.49,420.53,425.05,157603.0
2020-09-08,429.05,431.99,408.49,414.89,121581.0
2020-09-09,407.09,412.69,398.09,400.85,117433.0
2020-09-10,408.47,422.49,407.39,417.69,138661.0
2020-09-11,414.49,424.09,412.49,420.91,92990.0
2020-09-14,422.49,441.49,421.57,435.09,120300.0
2020-09-15,435.11,456.05,430.75,451.65,116346.0
2020-09-16,452.93,455.21,435.51,441.01,99620.0
2020-09-17,446.09,446.09,423.65,430.75,94407.0
2020-09-18,430.49,438.49,426.29,438.49,101197.0
2020-09-21,440.49,446.29,422.49,424.51,118044.0
2020-09-22,426.49,428.85,413.65,419.91,97385.0
2020-09-23,420.59,445.15,417.05,441.49,115841.0
2020-09-24,442.91,444.45,427.81,432.69,82876.0
2020-09-25,438.47,452.09,436.95,444.89,110136.0
2020-09-28,448.49,467.57,443.45,456.29,157860.0
2020-09-29,454.49,460.37,446.49,455.09,93856.0
2020-09-30,460.49,464.29,449.15,452.37,88134.0
2020-10-09,452.49,452.49,407.79,414.69,325848.0
2020-10-12,414.81,432.29,408.49,430.49,177850.0
2020-10-13,444.49,445.49,424.09,434.69,140029.0
2020-10-14,430.33,434.49,419.49,424.89,137897.0
2020-10-15,420.49,425.45,410.49,412.15,140874.0
2020-10-16,412.71,417.37,409.77,413.35,69306.0
2020-10-19,408.51,416.51,404.09,406.69,99528.0
2020-10-20,406.69,412.59,403.43,406.53,71137.0
2020-10-21,416.49,416.49,394.53,397.69,132667.0
2020-10-22,394.49,400.05,380.09,398.47,126108.0
2020-10-23,400.25,404.95,392.49,392.61,67458.0
2020-10-26,391.79,391.79,370.25,377.85,107554.0
2020-10-27,371.71,379.23,365.69,376.11,118149.0
2020-10-28,386.49,408.49,382.71,403.31,180517.0
2020-10-29,398.49,413.49,395.69,407.35,126288.0
2020-10-30,412.55,416.49,403.71,405.29,103129.0
2020-11-02,402.93,414.85,390.93,395.29,149615.0
2020-11-03,399.17,406.03,392.55,402.01,107505.0
2020-11-04,401.33,414.09,401.33,411.35,104412.0
2020-11-05,416.49,420.15,403.51,406.69,125422.0
2020-11-06,406.49,409.49,392.15,399.13,119430.0
2020-11-09,400.89,405.69,393.77,405.49,106987.0
2020-11-10,385.55,393.53,373.49,377.03,306634.0
2020-11-11,382.49,386.07,373.99,375.69,133429.0
2020-11-12,377.49,400.09,373.57,398.79,215348.0
2020-11-13,396.89,396.89,380.25,391.49,126216.0
2020-11-16,384.49,386.29,374.69,379.39,164875.0
2020-11-17,379.41,380.41,366.07,368.49,133219.0
2020-11-18,369.71,374.69,352.03,356.99,180682.0
2020-11-19,357.93,375.65,354.49,373.11,159122.0
2020-11-20,377.11,382.05,371.01,376.49,89639.0
2020-11-23,376.49,386.85,369.49,382.27,124083.0
2020-11-24,384.37,399.45,377.27,393.27,136134.0
2020-11-25,396.35,397.39,384.49,384.49,79478.0
2020-11-26,383.51,402.09,383.51,388.99,95083.0
2020-11-27,387.15,394.25,382.89,392.89,60681.0
2020-11-30,387.51,401.01,387.51,392.89,99385.0
2020-12-01,394.49,403.25,392.89,398.49,87067.0
2020-12-02,401.33,405.49,394.55,397.53,60431.0
2020-12-03,394.65,401.05,394.51,396.35,57556.0
2020-12-04,394.49,401.69,391.09,399.35,73114.0
2020-12-07,400.49,424.45,397.49,421.99,178176.0
2020-12-08,425.75,427.09,414.69,422.55,84924.0
2020-12-09,422.15,425.19,410.93,411.15,73433.0
2020-12-10,414.97,425.23,408.73,422.09,91149.0
2020-12-11,428.25,428.25,411.83,418.49,95330.0
2020-12-14,418.11,438.49,412.51,433.69,153766.0
2020-12-15,434.61,445.89,431.59,443.25,122134.0
2020-12-16,447.49,453.09,440.89,447.21,77984.0
2020-12-17,447.49,458.25,444.49,457.47,99744.0
2020-12-18,452.05,456.05,440.19,440.99,114645.0
2020-12-21,442.49,466.29,440.49,464.75,121202.0
2020-12-22,464.75,496.83,459.49,480.39,161250.0
2020-12-23,480.49,517.13,480.49,500.25,170868.0
2020-12-24,512.49,531.47,505.63,510.89,126032.0
2020-12-25,506.49,530.23,498.49,524.49,92794.0
2020-12-28,534.25,536.29,514.31,521.69,102642.0
2020-12-29,518.49,524.49,502.89,516.79,98367.0
2020-12-30,512.69,538.59,512.69,532.73,112464.0
2020-12-31,546.53,578.09,541.53,571.39,147882.0
2021-01-04,570.49,607.73,569.99,590.99,140347.0
2021-01-05,586.49,605.87,584.49,592.53,118714.0
2021-01-06,586.49,594.15,574.53,582.49,126381.0
2021-01-07,593.19,628.49,586.49,628.49,151153.0
2021-01-08,628.49,629.29,580.49,588.49,196177.0
2021-01-11,586.49,618.65,574.69,603.29,170500.0
2021-01-12,598.39,650.21,597.67,644.69,124108.0
2021-01-13,642.49,644.49,591.69,606.47,181166.0
2021-01-14,593.61,595.17,559.85,567.59,240306.0
2021-01-15,565.47,579.89,551.49,566.51,151425.0
2021-01-18,562.93,564.49,542.49,554.89,173566.0
2021-01-19,560.71,570.35,542.49,542.79,135251.0
2021-01-20,547.03,556.47,532.49,552.37,140386.0
2021-01-21,549.47,558.45,532.49,550.49,196955.0
2021-01-22,550.55,576.49,546.69,572.49,181720.0
2021-01-25,582.51,628.49,582.51,622.49,238161.0
2021-01-26,609.59,618.07,594.33,602.45,133392.0
2021-01-27,604.69,604.69,572.55,600.49,132332.0
2021-01-28,585.63,596.79,577.69,580.49,90008.0
2021-01-29,592.29,608.25,586.51,594.49,134044.0
2021-02-01,622.29,638.23,602.49,618.49,203642.0
2021-02-02,623.29,673.09,608.71,668.51,181854.0
2021-02-03,667.85,704.25,662.49,688.45,151614.0
2021-02-04,677.45,689.29,649.19,664.37,134351.0
2021-02-05,676.65,714.09,672.49,700.39,137601.0
2021-02-08,700.49,730.49,692.89,722.47,116740.0
2021-02-09,729.05,732.85,704.57,725.95,97515.0
2021-02-10,722.49,782.21,718.61,782.21,116169.0
2021-02-18,797.81,814.05,750.49,766.29,180950.0
2021-02-19,764.49,781.61,716.71,750.29,144169.0
2021-02-22,764.45,764.49,684.01,684.49,218115.0
2021-02-23,666.25,694.29,662.09,672.05,160342.0
2021-02-24,678.47,685.69,629.09,635.75,189564.0
2021-02-25,650.49,660.25,633.55,644.69,134180.0
2021-02-26,618.49,635.79,608.49,622.31,159713.0
2021-03-01,636.41,660.09,636.09,655.61,141863.0
2021-03-02,672.49,675.09,624.19,638.69,161737.0
2021-03-03,636.09,663.91,630.49,655.49,105627.0
2021-03-04,642.37,642.37,608.23,625.75,168136.0
2021-03-05,606.09,631.43,596.49,618.25,109018.0
2021-03-08,616.29,621.57,558.49,564.47,212974.0
2021-03-09,566.49,597.09,546.29,571.07,211446.0
2021-03-10,588.49,616.25,586.51,605.73,169336.0
2021-03-11,604.49,621.05,596.59,610.05,121648.0
2021-03-12,619.09,636.37,612.51,625.31,140597.0
2021-03-15,614.21,624.49,587.49,602.09,125918.0
2021-03-16,604.49,610.25,577.73,599.63,105408.0
2021-03-17,592.39,626.07,580.71,622.63,105217.0
2021-03-18,632.49,646.99,624.09,631.89,116849.0
2021-03-19,616.49,651.69,613.13,619.61,124536.0
2021-03-22,618.49,642.49,610.25,629.79,98851.0
2021-03-23,636.49,636.69,588.51,606.53,117643.0
2021-03-24,600.49,612.49,591.69,596.57,84906.0
2021-03-25,582.69,605.09,574.61,604.49,101739.0
2021-03-26,608.23,634.77,605.15,633.35,116455.0
2021-03-29,632.43,652.25,619.85,638.19,122946.0
2021-03-30,632.49,657.25,628.71,642.25,95229.0
2021-03-31,638.99,641.93,609.55,618.65,109446.0
2021-04-01,623.89,650.39,619.09,650.39,89283.0
2021-04-02,648.49,682.13,646.49,673.49,104552.0
2021-04-06,676.45,676.45,631.83,640.89,138867.0
2021-04-07,638.31,640.39,620.49,630.29,102519.0
2021-04-08,621.49,636.49,617.55,631.05,85730.0
2021-04-09,626.49,630.49,608.57,609.69,95395.0
2021-04-12,598.51,615.67,584.49,597.27,146373.0
2021-04-13,592.13,612.25,538.19,538.19,235381.0
2021-04-14,526.49,585.25,526.49,582.89,258066.0
2021-04-15,580.41,580.41,562.69,572.61,101691.0
2021-04-16,580.85,582.81,561.49,578.19,93925.0
2021-04-19,577.65,602.51,574.19,595.49,110021.0
2021-04-20,594.91,611.43,589.65,592.47,106023.0
2021-04-21,582.49,603.87,582.47,603.81,78048.0
2021-04-22,600.49,602.29,573.49,598.49,137406.0
2021-04-23,602.79,613.03,598.61,605.07,106775.0
2021-04-26,608.49,626.27,601.09,603.37,112245.0
2021-04-27,609.59,622.19,604.53,620.45,96834.0
2021-04-28,619.83,629.47,596.49,626.49,102716.0
2021-04-29,620.93,638.69,616.49,627.13,88525.0
2021-04-30,622.65,642.25,616.49,630.47,100351.0
2021-05-06,644.49,644.49,597.89,597.89,131524.0
2021-05-07,596.55,608.09,581.55,582.49,88714.0
2021-05-10,585.19,612.49,585.19,604.27,87718.0
2021-05-11,595.49,610.09,591.11,604.49,62559.0
2021-05-12,605.27,615.49,596.51,612.49,61799.0
2021-05-13,602.47,610.03,582.69,596.49,98790.0
2021-05-14,600.49,626.49,592.49,625.65,132437.0
2021-05-17,632.49,650.69,626.99,645.27,124513.0
2021-05-18,645.11,650.49,634.49,642.59,55098.0
2021-05-19,641.23,666.45,636.73,659.53,73130.0
2021-05-20,655.61,666.09,648.49,656.51,75204.0
2021-05-21,663.57,666.69,634.53,642.49,71743.0
2021-05-24,642.49,652.49,633.49,647.07,55126.0
2021-05-25,652.13,685.53,646.51,685.05,129888.0
2021-05-26,690.49,703.89,676.29,686.47,90244.0
2021-05-27,686.45,703.09,680.49,695.57,84332.0
2021-05-28,690.49,705.05,684.49,695.07,68299.0
2021-05-31,692.47,694.47,665.69,675.49,112209.0
2021-06-01,670.47,681.11,663.79,674.73,84087.0
2021-06-02,678.49,681.29,654.49,657.09,71991.0
2021-06-03,662.47,670.19,650.53,658.17,62519.0
2021-06-04,650.51,656.49,640.49,645.61,98451.0
2021-06-07,646.33,646.33,627.75,640.49,77897.0
2021-06-08,639.97,655.65,635.43,641.25,79787.0
2021-06-09,635.09,644.49,628.41,632.09,71217.0
2021-06-10,628.53,641.23,627.89,633.41,76099.0
2021-06-11,635.59,640.49,617.25,628.49,92804.0
2021-06-15,627.87,627.87,597.49,601.85,130587.0
2021-06-16,607.49,608.49,582.89,585.89,105930.0
2021-06-17,585.89,594.37,573.85,578.49,120224.0
2021-06-18,576.49,581.99,559.33,581.45,129951.0
2021-06-21,576.49,576.49,555.09,570.45,146047.0
2021-06-22,574.49,584.49,557.09,581.47,120976.0
2021-06-23,586.49,609.03,586.45,602.29,166550.0
2021-06-24,611.49,613.39,585.51,596.85,102967.0
2021-06-25,596.29,607.49,588.85,601.89,99719.0
2021-06-28,610.49,628.41,610.49,624.15,100421.0
2021-06-29,624.35,626.49,606.51,611.99,103454.0
2021-06-30,604.85,616.45,600.65,608.69,68044.0
2021-07-01,606.49,608.67,593.69,608.49,88672.0
2021-07-02,595.09,595.09,566.49,570.67,175888.0
2021-07-05,563.49,578.45,559.49,568.27,91360.0
2021-07-06,576.41,586.63,558.49,571.49,117451.0
2021-07-07,560.23,568.35,552.51,558.49,137092.0
2021-07-08,562.47,564.15,544.49,547.27,134725.0
2021-07-09,544.47,552.05,537.29,538.81,107278.0
2021-07-12,550.49,582.49,536.73,579.89,203296.0
2021-07-13,583.41,606.49,580.49,586.07,150025.0
2021-07-14,585.87,585.87,570.37,573.09,108535.0
2021-07-15,570.49,581.81,566.51,578.35,72365.0
2021-07-16,578.49,581.19,558.09,558.49,114097.0
2021-07-19,557.45,588.93,546.49,588.93,147585.0
2021-07-20,589.49,601.83,584.25,595.39,141294.0
2021-07-21,598.69,603.83,577.65,577.87,131219.0
2021-07-22,572.67,592.49,566.51,572.41,100763.0
2021-07-23,572.39,574.49,555.55,563.85,105533.0
2021-07-26,556.49,556.49,520.49,534.45,193103.0
2021-07-27,530.89,538.53,514.47,516.49,133906.0
2021-07-28,508.69,527.83,498.49,510.17,137249.0
2021-07-29,518.79,539.49,518.53,524.51,141432.0
2021-07-30,514.49,517.37,489.49,490.49,186103.0
2021-08-02,464.29,491.29,456.75,487.19,266968.0
2021-08-03,481.21,519.21,479.97,516.23,201578.0
2021-08-04,518.27,526.49,506.37,518.49,140808.0
2021-08-05,520.09,536.49,508.53,518.49,126913.0
2021-08-06,510.49,519.29,503.83,512.49,93939.0
2021-08-09,512.53,546.07,512.53,529.29,160847.0
2021-08-10,524.49,544.49,511.37,543.19,157151.0
2021-08-11,543.49,545.63,524.45,526.49,101470.0
2021-08-12,518.49,525.45,511.51,514.65,86297.0
2021-08-13,511.51,527.49,510.49,523.79,78882.0
2021-08-16,526.49,545.39,522.49,534.17,135436.0
2021-08-17,535.15,544.41,495.93,498.45,174447.0
2021-08-18,501.63,503.01,474.47,479.93,186681.0
2021-08-19,479.97,491.45,468.33,480.67,125659.0
2021-08-20,478.73,478.73,456.77,465.03,156367.0
2021-08-23,472.49,482.47,466.55,472.69,114436.0
2021-08-24,477.05,490.85,471.65,488.69,108328.0
2021-08-25,492.49,516.21,487.77,502.37,139969.0
2021-08-26,502.49,502.49,482.49,498.77,93735.0
2021-08-27,492.49,500.49,484.85,488.95,82938.0
2021-08-30,493.09,494.89,474.89,487.49,109938.0
2021-08-31,489.31,489.85,450.49,465.07,207527.0
2021-09-01,466.07,488.83,456.49,481.07,154781.0
2021-09-02,486.49,492.23,462.63,464.59,146890.0
2021-09-03,460.49,482.49,453.49,481.29,135674.0
2021-09-06,481.85,499.89,471.51,494.49,177211.0
2021-09-07,495.49,512.69,494.57,507.61,145450.0
2021-09-08,507.67,510.45,500.59,507.15,97932.0
2021-09-09,505.81,509.69,494.69,498.63,73956.0
2021-09-10,494.85,519.65,494.85,518.49,129791.0
2021-09-13,512.85,538.49,508.51,510.99,146510.0
2021-09-14,511.09,521.81,500.65,502.19,100654.0
2021-09-15,498.51,499.89,473.29,478.43,119897.0
2021-09-16,474.49,492.07,465.45,491.21,128936.0
2021-09-17,484.55,512.49,474.65,507.49,119810.0
2021-09-22,498.49,504.49,481.21,484.73,86428.0
2021-09-23,476.49,486.43,474.65,477.69,96699.0
2021-09-24,474.55,509.95,472.49,502.49,137686.0
2021-09-27,504.49,532.83,503.69,521.93,165768.0
2021-09-28,518.49,522.03,501.69,516.45,91352.0
2021-09-29,508.23,515.89,497.37,511.05,81017.0
2021-09-30,532.49,540.49,519.73,528.49,169627.0
2021-10-08,552.49,559.29,542.51,549.09,158293.0
2021-10-11,549.09,560.87,533.25,535.49,120324.0
2021-10-12,539.87,547.93,531.87,542.89,86360.0
2021-10-13,540.49,565.85,534.53,564.89,110127.0
2021-10-14,562.49,567.23,546.95,554.67,92772.0
2021-10-15,554.49,554.49,535.81,547.59,92446.0
2021-10-18,545.59,545.59,520.51,528.17,90552.0
2021-10-19,527.25,537.49,524.49,526.73,62471.0
2021-10-20,537.19,542.03,521.09,527.49,72672.0
2021-10-21,524.49,530.43,516.95,522.49,66801.0
2021-10-22,526.37,553.61,523.59,546.49,109698.0
2021-10-25,540.55,544.35,530.61,537.43,74562.0
2021-10-26,538.49,549.43,535.15,538.49,51303.0
2021-10-27,532.49,532.49,523.79,524.49,55550.0
2021-10-28,522.99,541.69,522.15,537.45,69058.0
2021-10-29,532.65,551.49,532.49,545.41,81576.0
2021-11-01,500.97,502.49,491.71,491.71,96054.0
2021-11-02,468.49,474.49,444.39,454.25,477077.0
2021-11-03,458.25,468.19,454.29,465.09,180544.0
2021-11-04,470.19,481.79,469.89,475.81,116179.0
2021-11-05,478.79,479.49,468.65,470.05,78071.0
2021-11-08,470.29,481.69,465.51,467.33,98147.0
2021-11-09,471.81,471.81,459.29,463.73,68149.0
2021-11-10,465.71,466.03,454.03,462.71,66938.0
2021-11-11,460.49,470.85,458.49,466.09,63297.0
2021-11-12,475.11,475.45,452.55,455.61,108047.0
2021-11-15,466.37,468.49,454.49,468.25,103554.0
2021-11-16,468.49,480.49,465.51,476.49,93022.0
2021-11-17,473.09,475.11,467.81,469.37,53471.0
2021-11-18,465.39,465.49,456.29,456.69,79828.0
2021-11-19,456.49,461.85,455.25,459.09,51376.0
2021-11-22,456.69,461.49,453.49,455.61,97722.0
2021-11-23,456.49,459.69,444.85,449.49,120740.0
2021-11-24,448.49,451.87,445.61,450.47,74743.0
2021-11-25,448.49,450.69,431.49,432.09,179791.0
2021-11-26,430.19,436.23,422.49,431.13,91466.0
2021-11-29,418.45,426.49,411.05,415.09,200976.0
2021-11-30,416.49,428.27,416.49,419.39,116323.0
2021-12-01,416.49,420.49,411.11,414.27,94071.0
2021-12-02,413.49,418.09,412.11,412.13,62781.0
2021-12-03,412.75,417.25,402.89,416.61,125998.0
2021-12-06,426.81,435.69,422.49,432.47,198125.0
2021-12-07,431.69,437.63,426.69,434.49,101721.0
2021-12-08,433.49,440.95,428.85,439.41,100937.0
2021-12-09,440.29,468.57,438.49,465.25,241830.0
2021-12-10,460.55,471.49,460.49,467.85,135796.0
2021-12-13,470.49,478.09,464.49,466.89,105077.0
2021-12-14,462.29,469.49,460.49,464.49,83379.0
2021-12-15,464.35,467.49,455.07,455.07,77945.0
2021-12-16,458.25,460.25,448.89,458.59,73002.0
2021-12-17,458.25,458.25,442.51,443.05,95945.0
2021-12-20,432.49,442.49,432.11,433.49,78118.0
2021-12-21,437.69,442.77,435.65,438.49,51188.0
2021-12-22,444.25,446.47,429.69,432.51,79081.0
2021-12-23,434.55,436.47,426.63,429.19,79260.0
2021-12-24,428.49,447.43,420.49,444.29,118302.0
2021-12-27,442.49,450.47,441.05,448.49,83927.0
2021-12-28,448.49,460.21,446.91,453.93,94466.0
2021-12-29,452.49,454.07,437.47,440.45,75763.0
2021-12-30,440.01,448.95,439.45,443.49,59500.0
2021-12-31,447.17,451.49,441.81,447.31,61691.0
2022-01-04,451.85,453.43,429.67,436.61,111434.0
2022-01-05,436.69,445.49,431.55,436.89,94939.0
2022-01-06,430.73,436.29,423.49,428.71,93277.0
2022-01-07,428.45,433.69,422.29,424.05,69911.0
2022-01-10,416.49,424.09,397.05,422.71,139978.0
2022-01-11,416.55,420.25,408.49,410.91,91606.0
2022-01-12,410.49,436.07,410.49,432.49,129775.0
2022-01-13,434.31,435.81,421.79,422.55,70094.0
2022-01-14,419.49,419.49,408.89,409.47,96970.0
2022-01-17,388.49,400.57,384.07,389.35,211386.0
2022-01-18,392.47,394.39,384.49,389.91,98537.0
2022-01-19,386.89,391.81,378.73,385.73,91895.0
2022-01-20,384.55,398.03,382.53,396.25,113687.0
2022-01-21,402.49,414.49,402.09,409.81,155631.0
2022-01-24,416.49,428.45,412.89,423.09,119056.0
2022-01-25,418.51,430.21,417.89,421.75,103818.0
2022-01-26,423.19,426.49,415.23,423.19,71048.0
2022-01-27,422.49,425.49,411.73,415.89,74415.0
2022-01-28,421.99,437.45,415.29,421.61,142433.0
2022-02-07,437.69,442.49,425.23,430.11,105617.0
2022-02-08,429.97,433.47,418.41,429.25,71436.0
2022-02-09,427.51,438.69,422.09,433.69,91399.0
2022-02-10,434.43,458.85,430.09,456.49,176479.0
2022-02-11,450.89,469.49,450.81,459.35,156914.0
2022-02-14,468.25,472.25,456.49,463.49,141553.0
2022-02-15,458.49,458.49,446.23,454.17,97733.0
2022-02-16,456.69,464.65,450.49,456.89,62137.0
2022-02-17,456.49,459.55,445.89,449.55,68996.0
2022-02-18,445.49,454.25,444.51,451.19,41836.0
2022-02-21,446.49,448.49,437.85,439.59,59257.0
2022-02-22,435.01,435.27,424.49,430.09,77688.0
2022-02-23,430.65,433.55,421.81,430.27,65006.0
2022-02-24,425.49,428.49,411.69,416.47,100871.0
2022-02-25,421.65,434.27,419.59,428.73,85389.0
2022-02-28,424.49,428.69,411.65,413.49,107110.0
2022-03-01,412.59,425.69,409.51,424.99,100376.0
2022-03-02,420.89,421.45,410.85,413.49,77692.0
2022-03-03,418.47,424.47,402.99,405.03,156643.0
2022-03-04,398.49,414.49,396.49,411.39,95333.0
2022-03-07,402.89,404.49,381.31,385.05,187198.0
2022-03-08,390.69,402.79,384.53,387.49,135308.0
2022-03-09,392.49,393.49,370.45,384.15,127366.0
2022-03-10,392.49,393.59,380.93,382.03,108051.0
2022-03-11,378.49,388.41,366.51,381.69,131695.0
2022-03-14,366.25,366.49,349.69,350.49,236363.0
2022-03-15,343.65,348.05,328.27,328.49,196120.0
2022-03-16,336.09,349.65,331.93,348.49,191154.0
2022-03-17,361.81,368.65,351.49,359.49,190611.0
2022-03-18,359.49,363.27,354.69,361.39,91965.0
2022-03-21,360.09,360.47,350.71,354.39,81270.0
2022-03-22,348.39,354.49,345.15,348.79,76409.0
2022-03-23,351.49,352.35,344.93,346.71,74209.0
2022-03-24,344.49,346.09,339.69,341.73,72253.0
2022-03-25,343.15,346.29,333.49,334.19,75246.0
2022-03-28,324.13,332.43,322.65,327.49,98038.0
2022-03-29,328.11,331.79,319.95,320.69,82672.0
2022-03-30,326.93,345.27,322.25,342.89,152292.0
2022-03-31,336.53,342.69,335.29,337.23,82572.0
2022-04-01,333.77,363.09,332.93,357.01,193001.0
2022-04-06,344.89,345.69,334.49,336.69,206322.0
2022-04-07,332.09,343.29,331.23,338.39,129957.0
2022-04-08,336.31,339.89,330.11,337.45,93036.0
2022-04-11,330.87,330.87,315.67,320.71,168854.0
2022-04-12,324.09,351.93,323.59,351.93,191928.0
2022-04-13,360.09,362.09,347.93,352.49,231824.0
2022-04-14,358.01,378.69,358.01,371.65,234919.0
2022-04-15,365.09,380.09,362.83,372.97,143882.0
2022-04-18,366.53,372.47,363.51,370.25,77924.0
2022-04-19,365.69,375.83,362.55,365.75,121673.0
2022-04-20,365.17,380.49,358.01,373.01,146279.0
2022-04-21,366.69,372.03,355.49,358.81,123064.0
2022-04-22,356.49,366.47,351.13,362.45,104003.0
2022-04-25,345.25,371.09,340.69,355.47,204194.0
2022-04-26,358.49,378.59,358.49,368.53,202670.0
2022-04-27,365.49,379.15,362.49,376.47,180307.0
2022-04-28,370.49,383.81,364.49,371.65,159360.0
2022-04-29,374.09,375.49,357.09,372.47,162888.0
2022-05-05,366.49,374.09,359.37,367.97,123012.0
2022-05-06,356.49,358.95,332.25,335.87,213780.0
2022-05-09,327.49,335.69,320.93,328.49,135382.0
2022-05-10,320.49,345.29,318.85,340.39,151650.0
2022-05-11,342.39,367.47,342.39,361.79,213629.0
2022-05-12,355.59,358.19,349.21,352.39,81891.0
2022-05-13,355.49,356.49,348.71,354.49,65170.0
2022-05-16,357.59,364.49,352.25,357.13,101174.0
2022-05-17,356.45,361.85,353.65,358.33,68813.0
2022-05-18,359.89,360.37,344.79,349.19,94997.0
2022-05-19,340.49,347.39,339.13,344.09,84779.0
2022-05-20,346.81,360.49,346.81,359.99,136996.0
2022-05-23,360.55,361.49,341.39,342.03,190999.0
2022-05-24,342.97,344.89,336.45,337.29,92240.0
2022-05-25,334.59,342.69,333.35,339.79,95077.0
2022-05-26,339.87,342.29,330.49,334.59,119890.0
2022-05-27,339.09,345.69,336.49,338.39,117747.0
2022-05-30,348.27,353.53,341.09,352.49,175705.0
2022-05-31,350.49,364.27,347.69,361.89,186136.0
2022-06-01,364.49,368.09,359.15,360.33,126982.0
2022-06-02,358.49,361.81,357.71,359.27,86565.0
2022-06-06,362.49,371.55,353.33,370.43,147917.0
2022-06-07,372.13,382.47,367.49,378.09,156648.0
2022-06-08,384.49,394.49,382.09,391.61,177916.0
2022-06-09,396.51,397.47,379.07,382.29,121694.0
2022-06-10,376.65,387.29,376.63,383.99,117698.0
2022-06-13,374.49,377.47,360.05,365.11,181662.0
2022-06-14,359.49,371.43,358.51,370.51,97469.0
2022-06-15,369.71,382.45,361.89,372.45,154046.0
2022-06-16,373.09,378.49,371.21,372.49,76981.0
2022-06-17,368.49,392.27,367.51,389.27,183977.0
2022-06-20,390.29,405.19,390.29,402.49,160090.0
2022-06-21,402.51,410.47,398.09,403.35,146553.0
2022-06-22,402.49,404.29,392.67,393.09,117421.0
2022-06-23,398.09,410.53,397.01,407.49,149207.0
2022-06-24,405.87,416.95,403.37,410.73,140764.0
2022-06-27,430.49,450.95,428.49,437.29,307551.0
2022-06-28,435.27,454.25,430.75,454.25,227107.0
2022-06-29,458.49,470.85,445.29,446.59,192760.0
2022-06-30,457.29,484.09,450.97,474.35,250131.0
2022-07-01,466.69,469.75,448.89,458.71,166566.0
2022-07-04,448.09,466.89,442.45,460.73,143328.0
2022-07-05,461.09,466.73,444.41,450.31,154794.0
2022-07-06,441.47,442.45,424.29,427.47,232460.0
2022-07-07,424.49,430.47,417.49,427.31,151340.0
2022-07-08,437.89,444.81,431.61,432.43,123725.0
2022-07-11,421.49,425.49,415.61,423.19,113619.0
2022-07-12,423.15,427.25,410.23,415.57,96804.0
2022-07-13,416.59,423.51,415.31,419.69,93699.0
2022-07-14,414.49,432.49,414.49,427.49,125268.0
2022-07-15,423.49,437.27,419.49,420.21,109202.0
2022-07-18,423.49,430.05,413.53,424.65,83354.0
2022-07-19,433.49,433.99,421.51,429.49,94218.0
2022-07-20,432.15,444.51,428.97,441.39,115549.0
2022-07-21,440.61,440.61,428.89,429.39,82429.0
2022-07-22,427.49,441.59,427.49,440.73,106618.0
2022-07-25,440.69,454.05,438.49,450.71,108155.0
2022-07-26,457.29,463.57,447.09,449.49,104427.0
2022-07-27,445.59,449.95,439.49,441.15,80368.0
2022-07-28,455.49,464.81,447.41,451.45,149652.0
2022-07-29,440.49,448.69,429.85,431.29,135201.0
2022-08-01,427.49,438.49,424.15,434.89,73428.0
2022-08-02,425.49,432.69,422.59,424.01,112645.0
2022-08-03,424.01,429.99,410.25,411.59,153781.0
2022-08-04,413.49,415.01,402.21,412.39,125577.0
2022-08-05,401.65,412.43,397.65,409.29,132414.0
2022-08-08,383.49,397.29,379.49,390.67,213799.0
2022-08-09,392.53,407.49,391.49,406.41,127647.0
2022-08-10,404.49,407.55,398.75,403.49,64083.0
2022-08-11,402.67,416.47,401.31,413.87,88964.0
2022-08-12,407.49,411.43,399.57,402.81,111860.0
2022-08-15,399.51,404.47,395.69,400.99,74316.0
2022-08-16,401.69,403.45,391.67,391.85,110942.0
2022-08-17,392.01,400.49,388.69,397.81,81581.0
2022-08-18,394.77,397.47,387.49,388.73,119484.0
2022-08-19,389.09,393.05,385.49,387.49,89660.0
2022-08-22,385.49,399.89,384.81,397.75,105755.0
2022-08-23,400.59,403.27,390.89,397.45,87440.0
2022-08-24,397.49,402.37,389.49,391.09,79008.0
2022-08-25,390.89,398.89,386.95,397.13,81608.0
2022-08-26,399.49,413.85,395.71,396.31,125492.0
2022-08-29,390.87,398.87,389.51,395.99,56424.0
2022-08-30,395.99,399.25,386.69,392.29,66467.0
2022-08-31,388.99,407.03,387.51,402.49,167077.0
2022-09-01,399.51,401.41,383.61,385.09,130443.0
2022-09-02,381.29,384.69,370.41,372.11,123089.0
2022-09-05,369.49,371.69,361.89,371.69,109365.0
2022-09-06,372.85,381.17,367.89,376.93,82406.0
2022-09-07,369.69,380.27,369.69,379.39,50144.0
2022-09-08,381.17,390.47,380.49,383.49,75532.0
2022-09-09,380.49,394.69,378.59,393.67,94230.0
2022-09-13,401.47,401.49,392.59,396.43,66652.0
2022-09-14,390.43,398.81,389.31,394.59,59069.0
2022-09-15,396.49,399.85,391.31,394.19,70694.0
2022-09-16,391.89,398.91,387.49,388.51,76684.0
2022-09-19,391.49,395.89,385.09,388.39,59168.0
2022-09-20,391.51,401.49,386.89,399.95,83216.0
2022-09-21,398.71,402.59,381.51,382.57,115280.0
2022-09-22,379.49,387.79,373.59,385.69,74001.0
2022-09-23,383.25,389.13,378.25,382.31,55780.0
2022-09-26,382.15,408.41,382.09,400.51,174270.0
2022-09-27,400.55,418.65,397.49,416.39,156716.0
2022-09-28,411.49,420.39,408.63,416.45,99917.0
2022-09-29,418.15,418.49,403.61,405.99,95697.0
2022-09-30,407.97,412.49,402.91,407.99,80998.0
2022-10-10,405.89,406.79,387.09,387.09,98273.0
2022-10-11,390.49,390.49,381.49,382.75,47974.0
2022-10-12,382.79,383.45,360.37,373.55,128276.0
2022-10-13,369.61,377.33,369.11,371.79,61732.0
2022-10-14,375.25,391.89,373.49,382.41,105580.0
2022-10-17,381.41,387.89,378.65,385.35,77150.0
2022-10-18,391.49,396.49,386.17,389.49,59530.0
2022-10-19,387.51,389.25,370.69,370.69,83935.0
2022-10-20,361.49,377.69,359.79,370.29,141623.0
2022-10-21,364.71,369.69,360.59,362.63,82616.0
2022-10-24,359.59,360.09,341.55,345.49,170739.0
2022-10-25,347.09,359.09,343.95,354.27,109762.0
2022-10-26,354.69,362.47,354.09,357.51,95181.0
2022-10-27,355.49,367.49,348.45,349.49,118288.0
2022-10-28,348.55,357.21,345.59,346.39,92120.0
2022-10-31,339.69,344.49,330.69,332.21,129015.0
2022-11-01,331.85,364.29,324.51,364.29,207564.0
2022-11-02,362.49,392.69,359.55,376.09,293152.0
2022-11-03,367.49,381.03,365.79,376.71,133651.0
2022-11-04,376.49,409.49,376.33,405.67,230569.0
2022-11-07,395.49,405.29,390.63,394.09,140401.0
2022-11-08,393.87,399.23,389.95,394.19,77052.0
2022-11-09,393.49,397.85,387.35,389.71,58109.0
2022-11-10,381.49,393.49,379.69,389.47,92899.0
2022-11-11,409.49,414.51,391.85,403.25,262039.0
2022-11-14,403.25,411.03,383.75,386.49,175579.0
2022-11-15,389.37,400.49,388.23,393.49,120024.0
2022-11-16,401.49,413.23,394.85,399.89,171743.0
2022-11-17,395.49,401.77,389.49,397.47,101647.0
2022-11-18,396.89,399.61,392.51,393.09,61392.0
2022-11-21,384.49,384.49,371.49,380.53,123198.0
2022-11-22,379.69,385.47,374.51,377.99,74415.0
2022-11-23,374.51,376.99,371.19,373.81,66792.0
2022-11-24,377.01,377.43,368.29,369.69,60525.0
2022-11-25,371.39,372.49,365.51,368.81,47490.0
2022-11-28,359.45,380.81,355.71,379.21,129972.0
2022-11-29,379.51,407.29,378.49,401.43,204901.0
2022-11-30,401.09,406.69,396.51,406.45,157039.0
2022-12-01,433.49,437.89,413.09,419.49,241033.0
2022-12-02,419.17,421.07,409.49,410.29,128844.0
2022-12-05,421.49,431.13,415.03,421.33,186829.0
2022-12-06,422.87,441.71,421.37,431.49,179801.0
2022-12-07,437.49,447.99,431.39,440.29,212911.0
2022-12-08,443.07,443.49,433.51,440.49,138294.0
2022-12-09,440.31,440.49,426.09,437.95,150829.0
2022-12-12,433.49,449.17,432.63,443.03,139666.0
2022-12-13,445.49,447.23,437.45,438.97,90773.0
2022-12-14,440.89,452.69,439.49,449.17,132263.0
2022-12-15,456.25,459.53,444.35,450.89,112941.0
2022-12-16,447.49,455.49,446.49,454.89,76978.0
2022-12-19,451.61,457.23,445.09,447.49,82162.0
2022-12-20,445.59,448.29,436.09,437.89,102273.0
2022-12-21,442.29,445.49,438.01,441.67,66037.0
2022-12-22,446.35,459.31,442.49,453.57,115472.0
2022-12-23,452.49,465.05,448.25,458.15,83120.0
2022-12-26,462.45,470.59,445.59,447.79,155096.0
2022-12-27,452.49,452.49,441.41,447.91,108879.0
2022-12-28,447.49,451.81,445.29,449.09,76161.0
2022-12-29,445.49,450.41,442.57,443.79,95851.0
2022-12-30,447.25,448.93,437.59,443.55,87758.0
2023-01-03,445.49,448.49,435.85,439.69,88057.0
2023-01-04,439.09,445.31,437.17,441.71,69785.0
2023-01-05,447.09,464.87,441.09,463.29,175531.0
2023-01-06,462.95,463.17,457.21,460.83,77195.0
2023-01-09,462.39,465.09,458.09,462.85,83623.0
2023-01-10,462.49,478.15,460.39,475.45,131938.0
2023-01-11,475.49,477.15,468.49,468.69,61821.0
2023-01-12,470.87,476.85,458.29,461.53,97180.0
2023-01-13,461.53,469.25,459.71,468.49,98923.0
2023-01-16,473.25,483.49,470.65,477.09,148098.0
2023-01-17,477.61,478.91,467.77,473.47,65262.0
2023-01-18,477.49,481.49,469.49,470.09,62111.0
2023-01-19,471.73,477.19,460.59,474.77,102439.0
2023-01-20,479.41,479.89,471.07,472.49,71914.0
2023-01-30,490.49,491.47,444.29,446.47,300596.0
2023-01-31,447.89,451.29,433.45,436.09,177607.0
2023-02-01,439.47,439.47,429.25,437.19,158388.0
2023-02-02,438.65,442.63,432.89,441.93,124111.0
2023-02-03,439.31,439.49,427.35,433.41,111671.0
2023-02-06,427.49,429.49,419.55,423.81,135347.0
2023-02-07,423.51,426.39,420.49,422.61,84532.0
2023-02-08,423.51,425.47,419.57,420.11,62146.0
2023-02-09,419.49,427.47,419.11,422.87,111068.0
2023-02-10,421.49,421.89,415.51,420.33,94318.0
2023-02-13,418.15,428.85,415.91,427.49,149740.0
2023-02-14,425.89,427.09,417.65,422.39,138468.0
2023-02-15,421.49,422.39,412.27,412.49,140555.0
2023-02-16,412.79,425.49,412.79,419.85,165110.0
2023-02-17,417.71,425.09,412.51,412.57,102986.0
2023-02-20,413.63,423.49,409.03,423.43,117596.0
2023-02-21,421.49,423.29,414.09,418.49,96534.0
2023-02-22,414.63,417.49,411.71,412.57,78750.0
2023-02-23,411.89,415.25,409.89,411.47,64544.0
2023-02-24,412.83,413.25,405.51,406.51,86521.0
2023-02-27,402.89,408.65,401.19,406.11,80009.0
2023-02-28,408.09,410.07,401.31,406.65,88489.0
2023-03-01,405.69,408.89,403.03,405.19,99848.0
2023-03-02,405.21,407.09,401.69,402.53,73392.0
2023-03-03,404.07,405.89,400.59,403.61,76193.0
2023-03-06,405.41,406.47,391.25,395.35,190255.0
2023-03-07,395.17,396.89,388.63,388.69,115365.0
2023-03-08,386.33,388.39,384.85,386.79,69297.0
2023-03-09,387.05,388.15,378.45,380.47,123287.0
2023-03-10,375.49,379.27,374.81,374.95,91583.0
2023-03-13,374.55,388.27,374.49,385.11,150244.0
2023-03-14,383.69,385.31,378.93,384.19,80750.0
2023-03-15,390.71,391.89,376.59,377.39,123776.0
2023-03-16,373.49,383.47,371.49,380.01,110336.0
2023-03-17,383.77,389.09,380.49,382.09,122351.0
2023-03-20,383.09,383.09,372.49,376.83,90504.0
2023-03-21,378.49,387.95,377.71,387.49,115620.0
2023-03-22,389.49,390.97,379.57,380.87,123595.0
2023-03-23,378.49,381.69,375.49,380.61,77246.0
2023-03-24,378.89,386.49,378.71,384.13,81838.0
2023-03-27,384.15,384.15,379.09,380.99,70080.0
2023-03-28,382.69,383.23,374.83,376.71,98443.0
2023-03-29,378.29,382.47,375.27,376.57,80704.0
2023-03-30,376.67,386.63,376.63,386.43,131502.0
2023-03-31,386.53,387.47,377.05,377.97,143722.0
2023-04-03,377.49,385.49,373.51,380.27,157422.0
2023-04-04,379.69,380.09,363.29,367.57,259280.0
2023-04-06,361.51,372.45,358.77,365.13,143948.0
2023-04-07,365.49,378.35,365.23,375.13,151658.0
2023-04-10,373.81,375.09,368.87,371.19,88417.0
2023-04-11,371.23,377.13,367.91,370.03,110630.0
2023-04-12,370.03,371.49,363.07,363.49,130404.0
2023-04-13,363.39,366.13,360.41,364.79,110460.0
2023-04-14,365.05,366.49,360.17,361.05,111485.0
2023-04-17,363.61,372.13,361.79,371.11,182016.0
2023-04-18,372.13,373.97,368.05,372.09,99498.0
2023-04-19,372.29,372.29,362.11,365.41,120753.0
2023-04-20,364.69,365.41,351.89,353.49,183436.0
2023-04-21,353.49,354.45,344.81,345.83,166861.0
2023-04-24,345.69,345.71,337.51,339.27,140556.0
2023-04-25,335.71,337.05,329.73,335.39,147288.0
2023-04-26,334.83,341.65,334.51,335.49,120450.0
2023-04-27,335.69,337.39,332.93,334.69,113459.0
2023-04-28,341.03,344.25,326.71,333.45,227473.0
2023-05-04,327.49,329.45,315.09,318.13,309366.0
2023-05-05,317.99,320.49,313.47,317.25,132288.0
2023-05-08,316.49,316.49,307.71,311.21,188784.0
2023-05-09,309.49,313.39,306.69,306.71,160127.0
2023-05-10,305.47,306.99,300.93,301.45,167774.0
2023-05-11,302.55,303.89,299.09,299.59,120937.0
2023-05-12,300.19,301.79,290.87,290.89,187286.0
2023-05-15,289.49,295.77,288.93,295.49,148402.0
2023-05-16,295.49,295.49,287.25,289.05,167254.0
2023-05-17,288.49,289.69,282.83,284.37,135996.0
2023-05-18,283.49,285.29,277.63,279.25,146813.0
2023-05-19,280.19,283.13,274.51,281.81,194958.0
2023-05-22,279.49,292.63,276.55,289.23,225065.0
2023-05-23,286.07,289.09,284.49,284.51,113881.0
2023-05-24,283.49,283.49,278.51,278.51,104950.0
2023-05-25,275.95,278.49,272.83,274.29,126886.0
2023-05-26,274.79,275.99,269.25,272.89,109002.0
2023-05-29,272.89,273.77,266.27,266.37,134933.0
2023-05-30,267.23,269.95,261.91,267.09,121892.0
2023-05-31,263.49,264.37,255.65,257.69,241034.0
2023-06-01,258.45,259.53,253.09,253.39,197160.0
2023-06-02,255.49,259.37,253.21,257.11,187073.0
2023-06-05,257.33,257.33,250.57,250.59,145230.0
2023-06-06,251.87,254.09,245.23,246.91,188702.0
2023-06-07,248.37,249.43,243.71,244.65,152714.0
2023-06-08,245.05,249.25,242.69,246.65,155789.0
2023-06-09,247.47,250.23,243.41,245.09,160627.0
2023-06-12,243.49,255.09,241.49,251.51,226284.0
2023-06-13,250.49,253.89,248.69,253.09,142711.0
2023-06-14,254.43,260.11,252.15,253.75,251452.0
2023-06-15,254.25,273.29,251.89,271.49,457500.0
2023-06-16,272.49,273.49,266.05,271.81,275686.0
2023-06-19,270.49,270.95,265.01,266.09,169946.0
2023-06-20,265.23,268.69,263.53,264.05,126718.0
2023-06-21,263.51,265.89,255.53,255.79,181530.0
2023-06-26,251.49,254.81,245.95,246.37,205621.0
2023-06-27,249.93,250.21,243.11,244.87,190227.0
2023-06-28,244.89,245.83,241.89,243.07,131690.0
2023-06-29,243.15,243.37,232.75,233.27,307645.0
2023-06-30,233.01,235.19,229.31,232.55,218899.0
2023-07-03,232.45,244.17,230.69,241.95,288553.0
2023-07-04,241.29,244.39,238.83,242.07,163563.0
2023-07-05,242.39,242.81,236.79,237.13,139190.0
2023-07-06,237.47,240.49,232.65,233.51,174013.0
2023-07-07,232.67,234.55,230.69,230.81,122405.0
2023-07-10,237.47,252.75,236.19,246.61,511716.0
2023-07-11,245.81,247.23,242.31,243.23,220779.0
2023-07-12,244.41,248.55,242.15,243.79,197203.0
2023-07-13,247.93,252.45,246.21,249.69,271471.0
2023-07-14,251.77,251.77,245.11,245.59,169150.0
2023-07-17,243.49,243.89,240.69,242.29,101378.0
2023-07-18,243.41,243.43,238.69,240.51,108048.0
2023-07-19,239.37,242.09,239.09,239.95,97779.0
2023-07-20,241.49,244.81,237.49,237.79,148351.0
2023-07-21,237.35,245.49,236.71,240.53,182297.0
2023-07-24,237.13,238.65,234.87,235.63,126502.0
2023-07-25,243.09,249.99,242.11,249.51,340821.0
2023-07-26,249.53,250.89,247.53,249.69,150788.0
2023-07-27,249.69,259.87,248.21,255.07,312979.0
2023-07-28,253.13,266.23,252.15,265.03,326015.0
2023-07-31,269.57,273.61,262.03,264.63,383270.0
2023-08-01,263.39,268.09,258.65,260.37,224924.0
2023-08-02,258.49,264.09,257.71,258.97,163285.0
2023-08-03,257.79,262.69,255.09,261.35,165642.0
2023-08-04,264.09,269.29,263.51,264.81,279549.0
2023-08-07,262.49,265.25,261.05,263.01,139569.0
2023-08-08,262.69,263.01,257.45,260.79,128295.0
2023-08-09,259.09,263.59,259.09,260.03,90696.0
2023-08-10,260.19,261.89,255.25,258.33,135773.0
2023-08-11,258.65,260.41,254.09,254.09,125138.0
2023-08-14,249.09,251.33,246.65,249.65,146987.0
2023-08-15,249.65,250.63,242.41,245.29,153003.0
2023-08-16,244.09,247.97,243.47,246.71,123745.0
2023-08-17,244.23,253.73,244.21,253.15,180043.0
2023-08-18,252.69,253.01,241.27,241.27,182412.0
2023-08-21,243.99,250.23,240.61,245.09,173860.0
2023-08-22,245.09,245.81,234.41,239.27,199449.0
2023-08-23,238.99,240.19,233.43,233.77,118306.0
2023-08-24,235.29,238.71,233.77,236.99,96061.0
2023-08-25,235.07,235.07,226.87,228.09,177326.0
2023-08-28,242.05,242.07,231.95,232.65,200122.0
2023-08-29,234.61,238.69,231.77,237.39,151140.0
2023-08-30,237.45,238.51,235.45,235.89,101110.0
2023-08-31,235.89,236.41,230.73,230.93,114740.0
2023-09-01,232.89,235.75,231.25,231.79,92593.0
2023-09-04,234.33,245.01,233.31,244.93,253024.0
2023-09-05,243.11,245.09,241.51,242.09,114721.0
2023-09-06,241.07,241.09,237.85,239.09,90898.0
2023-09-07,238.89,238.89,233.39,233.57,105647.0
2023-09-08,232.69,232.69,229.09,229.89,93372.0
2023-09-11,229.93,235.85,227.35,233.55,130426.0
2023-09-12,232.07,233.55,230.13,231.09,84250.0
2023-09-13,231.07,233.01,226.89,228.13,114606.0
2023-09-14,228.13,228.99,222.79,223.99,141278.0
2023-09-15,225.19,227.65,221.37,225.21,135731.0
2023-09-18,224.89,237.53,223.65,236.65,277539.0
2023-09-19,235.79,236.29,231.45,232.45,111378.0
2023-09-20,231.13,233.61,230.15,232.29,92476.0
2023-09-21,230.69,230.69,224.69,224.99,149709.0
2023-09-22,224.09,231.79,222.93,231.69,162681.0
2023-09-25,230.49,232.79,228.39,228.53,125130.0
2023-09-26,227.69,230.05,226.09,226.75,97094.0
2023-09-27,226.87,232.27,225.65,228.09,128544.0
2023-09-28,229.39,229.39,224.11,225.03,164757.0
2023-10-09,221.71,222.09,213.85,213.89,262579.0
2023-10-10,215.09,219.87,213.89,214.83,204997.0
2023-10-11,215.69,217.09,212.71,213.55,163247.0
2023-10-12,213.69,217.09,213.09,215.21,161765.0
2023-10-13,212.57,212.57,206.63,207.45,235809.0
2023-10-16,205.69,208.07,201.97,202.85,181629.0
2023-10-17,202.85,207.69,202.51,204.95,152967.0
2023-10-18,203.89,204.23,201.51,201.59,113366.0
2023-10-19,200.73,201.81,198.65,198.75,136723.0
2023-10-20,197.47,200.19,197.21,197.81,132414.0
2023-10-23,196.91,198.39,192.25,193.23,124002.0
2023-10-24,195.09,195.95,192.11,193.49,139238.0
2023-10-25,196.09,198.67,193.37,193.51,167431.0
2023-10-26,190.49,192.79,188.31,192.33,165287.0
2023-10-27,193.07,202.49,191.65,200.89,318635.0
2023-10-30,199.69,204.85,199.49,203.93,178322.0
2023-10-31,202.89,203.69,200.29,202.29,105622.0
2023-11-01,205.09,206.11,199.59,200.77,112717.0
2023-11-02,202.99,203.57,198.49,198.55,108053.0
2023-11-03,199.91,203.19,198.89,202.25,108981.0
2023-11-06,204.09,207.37,203.49,205.47,142754.0
2023-11-07,204.25,205.05,202.57,204.31,107912.0
2023-11-08,204.27,208.09,203.31,205.69,149232.0
2023-11-09,205.61,206.93,204.45,205.05,93730.0
2023-11-10,203.13,204.09,201.69,201.89,82344.0
2023-11-13,203.45,207.29,202.93,203.33,126411.0
2023-11-14,203.73,206.25,202.55,203.57,86120.0
2023-11-15,206.89,207.53,204.43,205.39,112182.0
2023-11-16,205.43,205.49,201.57,201.81,98774.0
2023-11-17,200.89,202.39,198.29,200.25,118336.0
2023-11-20,201.39,203.73,198.33,202.01,114647.0
2023-11-21,204.09,207.09,202.69,203.15,160045.0
2023-11-22,202.03,202.85,199.35,199.63,100824.0
2023-11-23,199.15,201.09,196.83,200.77,90057.0
2023-11-24,200.51,200.51,196.69,197.09,89661.0
2023-11-27,197.11,198.09,192.87,194.87,115556.0
2023-11-28,194.61,195.95,193.79,195.09,63026.0
2023-11-29,194.51,195.35,190.89,192.09,94378.0
2023-11-30,192.41,193.47,190.11,191.39,100150.0
2023-12-01,190.29,190.87,186.13,188.89,148104.0
2023-12-04,188.89,189.53,186.27,186.29,96088.0
2023-12-05,185.57,185.83,181.07,181.09,124631.0
2023-12-06,180.49,184.15,179.69,182.05,110214.0
2023-12-07,181.99,181.99,177.93,178.85,128275.0
2023-12-08,178.85,180.53,176.69,177.69,120550.0
2023-12-11,176.29,178.47,174.09,177.89,147625.0
2023-12-12,177.49,179.95,176.79,177.37,102588.0
2023-12-13,176.11,176.61,170.85,170.89,197374.0
2023-12-14,172.25,175.01,169.73,170.09,139603.0
2023-12-15,170.91,173.69,169.31,169.47,187604.0
2023-12-18,167.89,169.39,165.09,166.01,154342.0
2023-12-19,165.59,167.97,165.37,166.87,122363.0
2023-12-20,166.89,167.39,164.73,164.75,101927.0
2023-12-21,163.93,174.41,163.93,172.59,345986.0
2023-12-22,171.25,173.45,168.69,171.29,218074.0
2023-12-25,170.85,172.37,169.65,172.31,124432.0
2023-12-26,172.31,172.37,169.21,170.79,116201.0
2023-12-27,174.09,175.05,169.23,169.83,205642.0
2023-12-28,167.93,184.79,167.91,183.13,446539.0
2023-12-29,181.59,183.45,179.63,180.47,222715.0
2024-01-02,180.47,180.85,174.19,174.29,210999.0
2024-01-03,173.51,175.33,173.01,173.95,133619.0
2024-01-04,173.95,174.35,168.71,170.29,163431.0
2024-01-05,170.07,171.65,166.51,167.13,171114.0
2024-01-08,167.11,168.67,163.33,163.89,153872.0
2024-01-09,167.45,178.97,166.91,173.53,549259.0
2024-01-10,171.59,180.09,170.41,176.49,405975.0
2024-01-11,175.63,179.09,174.27,177.23,276927.0
2024-01-12,176.07,177.85,174.51,174.71,156961.0
2024-01-15,173.15,182.89,173.15,177.59,299342.0
2024-01-16,176.07,178.31,174.29,177.89,221654.0
2024-01-17,177.05,177.09,171.09,171.09,209505.0
2024-01-18,169.85,181.59,169.85,181.09,440144.0
2024-01-19,179.89,183.51,179.89,181.11,295914.0
2024-01-22,181.09,182.09,175.35,177.03,292601.0
2024-01-23,177.13,178.45,172.47,175.39,242056.0
2024-01-24,177.07,178.45,170.53,176.95,282575.0
2024-01-25,175.09,189.01,173.87,186.89,490233.0
2024-01-26,185.45,187.21,182.69,184.33,306420.0
2024-01-29,183.49,191.05,182.45,182.93,362574.0
2024-01-30,181.09,182.89,177.15,177.59,237956.0
2024-01-31,176.13,178.09,172.03,172.71,251206.0
2024-02-01,171.87,177.69,167.65,174.99,277325.0
2024-02-02,173.93,175.39,164.75,170.13,298623.0
2024-02-05,168.07,172.15,165.55,168.83,268722.0
2024-02-06,168.69,178.51,167.43,178.49,278039.0
2024-02-07,178.89,182.79,177.37,181.09,277018.0
2024-02-08,182.95,184.39,179.85,181.99,256936.0
2024-02-19,192.45,192.45,182.41,183.67,380745.0
2024-02-20,184.09,184.95,180.41,182.15,202820.0
2024-02-21,180.69,189.97,179.95,186.81,370389.0
2024-02-22,185.09,188.27,184.93,188.11,202995.0
2024-02-23,188.11,189.35,186.41,188.25,186801.0
2024-02-26,187.89,187.89,182.89,184.37,231742.0
2024-02-27,182.59,185.49,182.59,185.47,203224.0
2024-02-28,184.69,190.85,183.47,183.55,317961.0
2024-02-29,182.09,187.29,182.05,187.29,258075.0
2024-03-01,186.69,187.19,184.71,186.39,199677.0
2024-03-04,185.21,186.19,182.75,183.35,200930.0
2024-03-05,182.89,184.97,181.53,183.09,181839.0
2024-03-06,182.69,184.27,181.89,182.79,148074.0
2024-03-07,182.71,183.27,177.49,177.69,233393.0
2024-03-08,176.49,178.33,175.07,175.83,174970.0
2024-03-11,175.51,182.95,175.35,182.87,282955.0
2024-03-12,182.89,188.85,181.91,188.33,344359.0
2024-03-13,188.09,190.07,185.89,187.77,241725.0
2024-03-14,187.17,192.43,187.17,189.19,252144.0
2024-03-15,188.87,196.05,188.39,191.79,302528.0
2024-03-18,191.09,194.57,189.43,192.45,217741.0
2024-03-19,191.69,191.91,188.01,188.09,177073.0
2024-03-20,188.31,189.35,186.67,188.15,114277.0
2024-03-21,188.27,189.87,186.11,186.19,142151.0
2024-03-22,185.11,185.47,180.97,181.71,198040.0
2024-03-25,181.21,185.07,180.11,182.71,159210.0
2024-03-26,182.99,184.41,181.01,183.21,151333.0
2024-03-27,182.99,182.99,179.45,179.45,144878.0
2024-03-28,180.29,187.67,180.29,185.45,282050.0
2024-03-29,185.65,185.67,182.51,183.93,139513.0
2024-04-01,184.49,188.09,184.49,188.09,192128.0
2024-04-02,187.23,187.65,183.81,184.47,189506.0
2024-04-03,183.29,184.07,181.55,182.09,144068.0
2024-04-08,181.81,181.81,176.55,176.83,219175.0
2024-04-09,176.89,181.59,176.81,177.11,200652.0
2024-04-10,177.09,177.09,170.05,171.15,297912.0
2024-04-11,169.25,170.47,167.95,169.57,218576.0
2024-04-12,169.29,169.49,164.73,165.05,246329.0
2024-04-15,164.17,169.03,163.55,167.75,254500.0
2024-04-16,166.45,167.71,164.65,164.79,180759.0
2024-04-17,164.97,167.49,164.57,167.43,219102.0
2024-04-18,166.33,167.57,165.11,165.91,201239.0
2024-04-19,163.71,164.03,157.41,157.79,403693.0
2024-04-22,155.87,159.63,155.49,158.17,211858.0
2024-04-23,157.13,158.69,154.73,156.53,196810.0
2024-04-24,157.97,158.41,155.71,157.67,158103.0
2024-04-25,156.89,158.47,155.75,156.95,170520.0
2024-04-26,157.29,161.75,157.03,161.61,285539.0
2024-04-29,161.63,167.29,160.87,165.93,302579.0
2024-04-30,165.45,165.89,162.89,162.89,212808.0
2024-05-06,162.83,168.03,162.49,165.61,316764.0
2024-05-07,164.49,164.93,163.53,164.53,177912.0
2024-05-08,163.89,163.89,159.77,159.81,231940.0
2024-05-09,159.71,162.83,159.59,161.85,166375.0
2024-05-10,161.91,163.37,159.35,161.15,163716.0
2024-05-13,160.41,160.41,158.25,160.03,143240.0
2024-05-14,160.19,162.25,160.09,160.45,134662.0
2024-05-15,160.03,161.69,158.95,159.95,113497.0
2024-05-16,160.05,162.69,158.73,160.67,205038.0
2024-05-17,161.51,166.35,159.97,166.07,385082.0
2024-05-20,168.21,170.99,166.65,169.53,407857.0
2024-05-21,168.09,169.89,167.11,167.91,225458.0
2024-05-22,167.91,170.45,167.23,169.11,201528.0
2024-05-23,168.29,168.57,164.57,164.71,199392.0
2024-05-24,164.09,164.29,160.31,160.41,198782.0
2024-05-27,160.65,161.39,156.91,159.91,196995.0
2024-05-28,158.87,159.89,157.89,158.05,121792.0
2024-05-29,158.09,160.19,157.75,158.59,110222.0
2024-05-30,157.75,157.79,155.29,155.87,185279.0
2024-05-31,156.41,157.27,155.09,155.09,166889.0
2024-06-03,155.15,155.65,153.09,154.03,154864.0
2024-06-04,153.69,160.03,153.45,159.91,294864.0
2024-06-05,159.09,161.85,158.53,159.77,217557.0
2024-06-06,160.77,161.41,157.91,157.91,187034.0
2024-06-07,158.87,159.85,157.15,158.29,154491.0
2024-06-11,157.39,157.39,154.69,155.19,170452.0
2024-06-12,154.59,156.35,153.69,155.55,166059.0
2024-06-13,155.41,155.91,154.37,154.69,117786.0
2024-06-14,155.55,155.55,151.63,154.95,176884.0
2024-06-17,153.39,154.53,153.15,153.95,113525.0
2024-06-18,154.29,157.41,154.23,154.97,153382.0
2024-06-19,154.49,154.71,151.39,151.41,168297.0
2024-06-20,150.59,150.91,146.49,147.11,236155.0
2024-06-21,146.39,147.49,144.99,145.71,137334.0
2024-06-24,144.51,146.79,143.05,145.35,163642.0
2024-06-25,145.35,147.15,142.09,142.39,173412.0
2024-06-26,142.01,145.55,141.45,145.21,147513.0
2024-06-27,144.39,145.05,142.23,142.29,126939.0
2024-06-28,141.39,143.09,140.65,141.37,145017.0
2024-07-01,141.23,141.89,139.89,141.39,116136.0
2024-07-02,141.35,142.77,139.95,140.01,137407.0
2024-07-03,140.45,152.37,140.45,152.35,663869.0
2024-07-04,149.03,150.15,145.69,145.89,419763.0
2024-07-05,145.69,151.99,145.69,147.85,403324.0
2024-07-08,146.59,148.15,142.39,142.59,284466.0
2024-07-09,142.53,143.19,140.43,142.69,242879.0
2024-07-10,142.11,145.93,140.93,143.09,197684.0
2024-07-11,145.77,152.11,144.05,151.05,386255.0
2024-07-12,150.69,155.95,150.39,151.89,380307.0
2024-07-15,148.39,151.49,148.33,150.15,194301.0
2024-07-16,150.19,153.43,150.19,151.33,252582.0
2024-07-17,150.39,160.19,149.41,157.41,452701.0
2024-07-18,156.99,158.59,155.19,156.73,265446.0
2024-07-19,155.37,156.45,153.57,156.05,228480.0
2024-07-22,156.07,156.25,152.75,153.75,209960.0
2024-07-23,153.79,155.15,149.75,149.85,194946.0
2024-07-24,149.39,151.15,146.01,146.77,197785.0
2024-07-25,146.05,151.79,145.89,149.89,232372.0
2024-07-26,149.93,151.89,148.95,150.63,143552.0
2024-07-29,150.63,150.63,146.09,146.17,180206.0
2024-07-30,145.55,147.65,145.11,146.27,125957.0
2024-07-31,146.63,154.43,146.59,153.61,311824.0
2024-08-01,153.13,153.35,150.59,150.79,190982.0
2024-08-02,149.93,152.25,149.19,149.59,151661.0
2024-08-05,150.97,153.45,149.23,149.25,218521.0
2024-08-06,150.79,153.09,149.35,152.47,205515.0
2024-08-07,151.59,151.59,149.19,149.65,156114.0
2024-08-08,149.07,150.05,147.19,148.43,122926.0
2024-08-09,149.09,149.39,146.01,146.05,139342.0
2024-08-12,145.41,145.93,143.47,144.29,108918.0
2024-08-13,144.41,144.75,142.61,144.73,88642.0
2024-08-14,144.99,144.99,142.81,142.87,76237.0
2024-08-15,142.59,145.55,142.41,144.19,113866.0
2024-08-16,143.67,144.15,143.03,143.37,65715.0
2024-08-19,142.63,144.81,142.43,143.19,75214.0
2024-08-20,142.63,142.83,140.45,140.75,105085.0
2024-08-21,140.37,140.99,138.97,139.07,97517.0
2024-08-22,139.73,139.97,136.73,136.93,110749.0
2024-08-23,136.89,139.27,135.79,138.29,94442.0
2024-08-26,138.29,139.47,137.09,137.99,72904.0
2024-08-27,137.51,137.59,135.41,135.75,99066.0
2024-08-28,140.39,141.19,137.03,137.21,187034.0
2024-08-29,134.85,135.49,132.89,135.35,178680.0
2024-08-30,134.45,140.39,133.99,138.41,233159.0
2024-09-02,136.39,137.01,134.17,134.25,144737.0
2024-09-03,134.23,135.37,133.69,134.67,87494.0
2024-09-04,133.59,135.17,133.09,133.49,96806.0
2024-09-05,133.49,134.29,133.31,133.85,102996.0
2024-09-06,133.75,133.75,129.99,130.03,185672.0
2024-09-09,128.97,129.57,127.25,127.57,148908.0
2024-09-10,127.55,127.81,124.39,126.55,155290.0
2024-09-11,125.55,127.39,125.37,126.75,87604.0
2024-09-12,126.79,127.99,125.93,125.97,95311.0
2024-09-13,125.79,127.79,125.47,126.07,127061.0
2024-09-18,125.55,125.85,123.43,123.91,114539.0
2024-09-19,124.73,128.69,124.45,126.67,193205.0
2024-09-20,125.85,126.19,123.75,125.01,171547.0
2024-09-23,124.95,125.95,123.83,124.99,92687.0
2024-09-24,126.75,131.05,125.71,131.03,292973.0
2024-09-25,132.69,135.77,132.19,132.41,321405.0
2024-09-26,131.85,144.01,131.49,144.01,526298.0
2024-09-27,150.19,156.75,149.39,156.75,488201.0
2024-09-30,170.75,170.79,165.21,170.79,596782.0
2024-10-08,186.23,186.23,172.41,186.17,1214002.0
2024-10-09,176.39,178.77,169.19,169.19,690842.0
2024-10-10,165.59,172.43,161.23,165.49,488888.0
2024-10-11,163.17,165.05,158.05,159.65,318772.0
2024-10-14,159.59,161.41,154.01,159.11,344105.0
2024-10-15,157.59,158.39,154.39,154.45,253633.0
2024-10-16,150.01,151.43,147.51,148.59,369806.0
2024-10-17,148.79,151.03,146.97,147.27,230206.0
2024-10-18,147.29,156.39,146.17,152.43,415325.0
2024-10-21,153.69,154.11,150.15,152.77,333933.0
2024-10-22,151.93,155.53,151.59,154.67,264080.0
2024-10-23,155.37,157.55,153.39,155.39,315362.0
2024-10-24,153.95,154.53,151.53,151.99,201787.0
2024-10-25,151.99,156.39,150.63,154.37,259065.0
2024-10-28,154.39,157.43,153.63,156.99,270781.0
2024-10-29,158.33,158.43,153.33,154.05,286702.0
2024-10-30,151.99,153.99,151.29,152.19,171193.0
2024-10-31,151.49,154.05,150.39,152.05,195147.0
2024-11-01,152.05,156.35,150.99,153.03,303676.0
2024-11-04,154.15,157.39,153.05,156.81,300032.0
2024-11-05,156.39,163.43,154.93,162.19,413096.0
2024-11-06,162.11,163.79,159.71,161.69,358058.0
2024-11-07,159.81,170.31,159.69,170.23,551356.0
2024-11-08,172.39,173.41,166.39,167.99,455753.0
2024-11-11,165.23,165.55,162.11,165.25,376774.0
2024-11-12,165.25,169.23,163.93,164.79,321488.0
2024-11-13,163.83,168.31,163.39,164.71,208397.0
2024-11-14,164.73,165.01,160.17,160.57,196875.0
2024-11-15,160.43,161.39,157.81,157.83,212900.0
2024-11-18,157.89,159.45,154.95,155.93,191198.0
2024-11-19,156.39,157.19,153.33,157.01,168760.0
2024-11-20,156.77,157.97,155.99,157.19,136588.0
2024-11-21,156.77,157.13,155.47,156.41,121053.0
2024-11-22,156.29,157.27,151.19,151.19,179079.0
2024-11-25,151.59,153.69,151.29,152.39,148716.0
2024-11-26,151.79,153.89,151.57,152.07,106908.0
2024-11-27,151.59,153.77,150.53,153.75,125040.0
2024-11-28,153.75,154.79,152.55,152.95,136564.0
2024-11-29,152.89,157.07,152.59,155.49,189114.0
2024-12-02,155.49,162.73,154.85,161.63,340463.0
2024-12-03,161.63,161.65,158.49,159.65,199154.0
2024-12-04,158.87,158.87,156.03,156.53,148587.0
2024-12-05,156.05,156.99,155.39,156.19,118096.0
2024-12-06,156.19,158.35,155.39,157.51,148437.0
2024-12-09,156.79,157.17,154.39,154.97,140979.0
2024-12-10,162.39,163.39,157.39,157.69,356830.0
2024-12-11,157.05,161.69,157.05,160.09,211615.0
2024-12-12,159.49,164.73,158.95,164.01,387375.0
2024-12-13,162.37,162.39,158.99,158.99,295935.0
2024-12-16,159.09,163.09,157.39,159.99,273585.0
2024-12-17,158.99,159.95,156.49,158.33,190885.0
2024-12-18,159.81,160.11,157.41,157.65,160813.0
2024-12-19,155.59,156.89,154.67,156.45,168610.0
2024-12-20,156.39,157.15,154.89,155.23,135880.0
2024-12-23,155.35,155.37,153.77,153.79,134633.0
2024-12-24,153.71,155.45,153.43,155.25,100336.0
2024-12-25,155.55,155.55,153.45,154.79,95210.0
2024-12-26,154.79,155.19,153.85,154.53,93941.0
2024-12-27,154.21,155.59,153.59,154.15,118696.0
2024-12-30,154.13,154.13,151.55,152.91,154869.0
2024-12-31,152.39,153.59,150.39,150.41,136900.0
2025-01-02,150.45,150.77,145.05,145.79,186712.0
2025-01-03,146.37,146.79,141.91,142.05,153838.0
2025-01-06,142.05,142.97,140.69,141.47,95956.0
2025-01-07,141.47,141.81,140.11,141.33,96165.0
2025-01-08,141.33,141.33,137.71,139.97,137648.0
2025-01-09,139.59,140.37,138.03,138.41,128240.0
2025-01-10,137.99,138.39,136.25,136.35,112651.0
2025-01-13,135.39,137.69,135.13,136.73,91989.0
2025-01-14,136.79,140.35,136.79,140.13,165426.0
2025-01-15,139.97,139.97,138.49,138.97,93725.0
2025-01-16,139.13,141.15,138.61,139.59,103093.0
2025-01-17,137.25,139.15,136.39,138.43,107556.0
2025-01-20,138.95,141.35,138.95,140.15,132100.0
2025-01-21,141.37,141.59,139.07,139.45,87085.0
2025-01-22,138.83,139.03,136.45,137.15,116120.0
2025-01-23,138.79,140.17,137.43,137.43,113413.0
2025-01-24,136.75,138.91,136.61,138.89,95981.0
2025-01-27,139.19,140.73,137.75,137.79,100539.0
2025-02-05,138.79,139.11,136.75,136.83,110136.0
2025-02-06,136.65,138.31,134.69,138.29,143384.0
2025-02-07,137.91,140.85,137.61,139.67,194260.0
2025-02-10,139.69,141.05,139.03,140.49,146779.0
2025-02-11,140.59,141.05,138.17,138.33,134303.0
2025-02-12,138.13,139.39,137.19,139.35,149343.0
2025-02-13,138.79,141.27,138.63,140.37,215228.0
2025-02-14,139.99,141.59,139.75,140.57,156815.0
2025-02-17,140.79,142.37,139.41,139.89,171805.0
2025-02-18,139.49,139.77,136.93,137.01,157672.0
2025-02-19,136.71,138.29,136.21,138.11,122023.0
2025-02-20,137.59,138.87,137.07,137.33,114359.0
2025-02-21,137.53,140.61,137.51,138.49,209245.0
2025-02-24,138.49,139.13,137.31,137.83,150985.0
2025-02-25,136.83,137.37,136.39,136.49,133224.0
2025-02-26,136.61,138.55,136.11,138.47,179755.0
2025-02-27,138.39,143.39,138.09,141.73,363562.0
2025-02-28,141.99,143.99,138.57,138.73,282096.0
2025-03-03,138.77,140.91,137.75,138.61,161777.0
2025-03-04,137.73,138.69,136.83,138.65,125725.0
2025-03-05,139.25,139.77,137.57,138.85,125284.0
2025-03-06,139.55,143.13,138.79,141.07,241830.0
2025-03-07,140.09,142.07,139.21,140.23,167347.0
2025-03-10,140.07,140.45,138.37,138.93,135878.0
2025-03-11,137.39,140.79,137.35,140.79,163915.0
2025-03-12,141.19,142.61,139.73,139.83,128956.0
2025-03-13,139.61,142.63,139.43,140.63,217809.0
2025-03-14,141.59,145.93,141.27,144.55,428833.0
2025-03-17,146.83,146.83,144.49,144.63,308622.0
2025-03-18,145.03,145.37,143.23,143.57,176512.0
2025-03-19,143.17,144.35,142.67,143.07,145121.0
2025-03-20,142.99,143.19,141.69,141.83,124401.0
2025-03-21,141.43,142.35,139.21,140.03,184301.0
2025-03-24,140.09,141.17,139.31,140.43,139672.0
2025-03-25,140.45,140.81,139.13,140.69,100838.0
2025-03-26,141.63,141.79,140.73,141.15,112857.0
2025-03-27,142.19,142.79,141.05,141.17,119182.0
2025-03-28,140.45,140.89,139.43,139.61,116010.0
2025-03-31,138.39,138.39,136.51,136.79,172803.0
2025-04-01,136.83,137.77,136.57,137.25,88133.0
2025-04-02,137.19,137.43,136.75,137.23,56464.0
2025-04-03,136.39,138.01,135.99,137.59,93645.0
2025-04-07,134.39,134.39,125.89,129.53,313854.0
2025-04-08,129.53,139.09,129.51,137.97,344916.0
2025-04-09,137.99,150.13,135.59,150.13,687093.0
2025-04-10,154.39,163.31,152.17,156.81,1125354.0
2025-04-11,156.17,157.49,151.17,152.29,648464.0
2025-04-14,151.61,155.49,150.55,152.35,464455.0
2025-04-15,150.81,152.27,146.87,147.75,398239.0
2025-04-16,147.89,152.17,145.01,151.19,541631.0
2025-04-17,149.71,149.93,147.97,148.43,265585.0
2025-04-18,148.89,148.89,145.09,146.13,207504.0
2025-04-21,145.29,146.77,144.41,145.69,160191.0
2025-04-22,145.59,146.73,144.81,145.03,178554.0
2025-04-23,145.07,145.53,142.17,142.31,267230.0
2025-04-24,142.33,142.79,141.21,141.71,156171.0
2025-04-25,141.75,143.15,141.75,142.39,141013.0
2025-04-28,146.19,146.19,142.49,142.49,224795.0
2025-04-29,142.13,142.15,140.51,141.03,143799.0
2025-04-30,140.79,143.39,140.79,143.19,157871.0
2025-05-06,143.35,143.59,141.75,143.51,173323.0
2025-05-07,144.95,145.11,142.19,143.19,177719.0
2025-05-08,142.39,143.23,141.95,142.93,104946.0
2025-05-09,142.39,142.69,141.65,141.83,99735.0
2025-05-12,141.89,142.19,141.11,141.53,140441.0
2025-05-13,142.19,142.59,141.35,141.41,122421.0
2025-05-14,141.49,142.31,139.27,141.55,196122.0
2025-05-15,141.07,141.53,139.85,139.85,109478.0
2025-05-16,139.85,142.59,139.39,142.13,190789.0
2025-05-19,141.15,141.33,140.07,140.15,110545.0
2025-05-20,140.19,140.63,139.91,140.21,79796.0
2025-05-21,139.95,140.79,139.79,140.19,84180.0
2025-05-22,139.99,140.39,138.87,138.87,95684.0
2025-05-23,138.87,139.65,138.01,138.15,89850.0
2025-05-26,138.01,138.71,137.87,138.69,58450.0
2025-05-27,138.39,139.05,138.29,138.75,47674.0
2025-05-28,138.75,139.29,138.15,138.85,54218.0
2025-05-29,138.59,139.79,138.29,139.65,85094.0
2025-05-30,139.51,139.51,137.57,137.57,79052.0
2025-06-03,136.79,138.57,136.79,138.23,59581.0
2025-06-04,138.25,139.95,137.83,139.67,95541.0
2025-06-05,139.33,139.63,138.89,139.09,71295.0
2025-06-06,138.99,140.29,138.45,139.61,88133.0
2025-06-09,139.61,140.15,139.05,139.71,76527.0
2025-06-10,139.71,139.77,137.69,138.71,98408.0
2025-06-11,138.43,139.93,138.43,139.15,78557.0
2025-06-12,139.19,139.29,138.51,138.75,60988.0
2025-06-13,138.79,139.27,137.09,137.19,118226.0
2025-06-16,136.85,137.59,136.61,137.29,60128.0
2025-06-17,137.41,138.29,137.39,137.65,62497.0
2025-06-18,137.61,138.07,137.09,137.71,59811.0
2025-06-19,137.31,138.69,137.31,138.01,105713.0
2025-06-20,138.05,140.67,137.49,138.85,153923.0
2025-06-23,138.23,138.23,136.07,137.91,110366.0
2025-06-24,138.37,140.27,138.35,140.25,134075.0
2025-06-25,140.29,141.19,139.51,141.09,131186.0
2025-06-26,140.49,141.73,140.13,140.69,119601.0
2025-06-27,140.53,141.13,139.65,139.67,115395.0
2025-06-30,139.67,140.63,139.63,140.43,96070.0
2025-07-01,140.41,140.61,139.61,139.71,75047.0
2025-07-02,139.79,140.33,139.29,139.85,81837.0
2025-07-03,139.75,140.33,139.43,139.95,78334.0
2025-07-04,139.99,141.59,139.87,140.55,143781.0
2025-07-07,140.21,140.55,139.77,140.09,66827.0
2025-07-08,140.09,141.29,139.81,141.17,117090.0
2025-07-09,140.99,142.31,140.75,140.85,129182.0
2025-07-10,140.85,143.49,140.69,142.21,176224.0
2025-07-11,142.33,143.75,141.97,142.99,181952.0
2025-07-14,142.47,142.81,141.69,141.69,113743.0
2025-07-15,141.65,141.81,140.09,140.65,113314.0
2025-07-16,140.69,141.59,140.49,140.79,71076.0
2025-07-17,140.93,142.77,140.93,141.79,103850.0
2025-07-18,141.93,144.89,141.91,144.03,222484.0
2025-07-21,143.83,146.97,143.31,146.05,219264.0
2025-07-22,148.49,149.47,145.75,149.35,426485.0
2025-07-23,150.49,151.85,147.29,147.29,457184.0
2025-07-24,148.27,160.17,148.27,160.17,714881.0
2025-07-25,162.93,162.93,153.89,154.59,779902.0
2025-07-28,152.89,155.39,150.69,151.23,430497.0
2025-07-29,151.23,152.67,149.99,150.95,242780.0
2025-07-30,150.85,152.53,149.99,151.05,267870.0
2025-07-31,150.87,150.89,147.81,148.41,254869.0
2025-08-01,147.99,149.29,147.31,147.67,122117.0
2025-08-04,147.35,148.39,146.79,147.75,138963.0
2025-08-05,147.85,148.43,147.39,148.25,116789.0
2025-08-06,148.31,148.31,147.33,148.21,113362.0
2025-08-07,148.27,149.09,147.91,148.27,145375.0
2025-08-08,148.09,149.17,147.21,148.57,134442.0
2025-08-11,148.57,150.09,148.09,149.77,186187.0
2025-08-12,149.57,150.85,149.13,149.79,158375.0
2025-08-13,150.79,152.09,149.49,149.75,244828.0
2025-08-14,149.29,150.17,147.29,147.35,218169.0
2025-08-15,147.23,148.45,146.53,147.81,194664.0
2025-08-18,147.81,151.05,147.71,149.31,325589.0
2025-08-19,149.85,151.53,149.49,149.95,226195.0
2025-08-20,149.95,151.89,148.89,151.79,277308.0
2025-08-21,151.85,155.01,151.29,152.75,333031.0
2025-08-22,152.49,153.45,151.81,153.45,253821.0
2025-08-25,154.49,157.03,153.81,156.97,390565.0
2025-08-26,156.51,165.09,155.49,161.31,567005.0
2025-08-27,159.01,160.33,155.85,155.87,491292.0
2025-08-28,155.81,158.15,153.49,156.33,368377.0
2025-08-29,156.33,160.37,155.89,157.07,401555.0
2025-09-01,156.49,159.79,155.93,157.11,359791.0
2025-09-02,156.73,159.01,154.91,156.07,317689.0
2025-09-03,156.49,157.49,152.89,153.39,271105.0
2025-09-04,152.89,155.73,152.35,153.99,299504.0
2025-09-05,154.49,159.87,152.71,159.47,486451.0
2025-09-08,159.39,163.19,158.69,161.49,430340.0
2025-09-09,160.89,161.75,159.17,160.53,268787.0
2025-09-10,160.05,161.65,159.31,159.85,224540.0
2025-09-11,159.11,161.19,157.75,161.19,298763.0
2025-09-12,161.29,165.61,158.97,159.29,456009.0
2025-09-15,159.05,160.11,158.09,158.37,246308.0
2025-09-16,159.49,162.49,159.19,161.57,348701.0
2025-09-17,162.71,162.71,159.51,160.79,283034.0
2025-09-18,160.83,166.49,160.83,161.85,713759.0
2025-09-19,161.87,167.07,159.07,166.43,698403.0
2025-09-22,166.41,166.43,163.53,164.57,399351.0
2025-09-23,163.53,163.77,157.87,158.51,453110.0
2025-09-24,157.63,159.23,157.43,159.01,240759.0
2025-09-25,158.97,159.65,157.69,158.79,244728.0
2025-09-26,158.29,160.95,156.37,158.89,284663.0
2025-09-29,158.11,160.29,156.85,159.89,253807.0
2025-09-30,159.91,162.01,159.29,161.63,275843.0
2025-10-09,159.89,159.89,157.59,157.81,355887.0
2025-10-10,157.51,158.79,154.95,155.69,264184.0
2025-10-13,152.29,154.83,151.81,154.63,211786.0
2025-10-14,154.87,157.23,154.83,155.41,205529.0
2025-10-15,156.37,158.49,156.09,157.47,215084.0
2025-10-16,156.89,160.85,156.69,158.41,247140.0
2025-10-17,158.51,161.07,157.27,158.53,345326.0
2025-10-20,159.79,162.09,158.45,159.13,277418.0
2025-10-21,159.39,160.39,156.71,159.91,236241.0
2025-10-22,159.25,159.87,157.49,157.83,173098.0
2025-10-23,157.07,158.89,156.63,158.69,147379.0
2025-10-24,158.53,162.43,158.25,159.53,243006.0
2025-10-27,159.55,160.03,158.29,158.35,179070.0
2025-10-28,158.35,159.15,157.31,157.41,151296.0
2025-10-29,157.05,162.87,157.03,161.23,356960.0
2025-10-30,161.25,169.49,160.83,164.69,663432.0
2025-10-31,168.29,173.27,166.35,170.63,827751.0
2025-11-03,170.49,173.09,168.49,171.83,480628.0
2025-11-04,170.69,173.03,168.17,169.39,361127.0
2025-11-05,167.71,178.37,167.27,173.69,648012.0
2025-11-06,173.43,173.57,168.89,169.17,425179.0
2025-11-07,171.51,180.09,170.75,176.47,764398.0
2025-11-10,177.09,192.27,176.45,192.27,913815.0
2025-11-11,195.79,205.27,191.49,199.55,1382663.0
2025-11-12,198.37,206.09,195.53,196.91,1063882.0
2025-11-13,195.03,201.37,193.51,199.53,853962.0
2025-11-14,198.49,203.03,194.93,195.05,667164.0
2025-11-17,193.69,198.89,191.71,194.09,552507.0
2025-11-18,193.29,194.27,187.01,188.57,569998.0
2025-11-19,187.67,190.13,182.03,183.29,525163.0
2025-11-20,184.09,186.25,181.81,181.95,405357.0
2025-11-21,179.57,183.45,176.59,176.59,454088.0
2025-11-24,177.49,178.65,174.01,175.55,360082.0
2025-11-25,176.89,178.59,176.29,177.87,305378.0
2025-11-26,177.91,180.07,176.85,179.17,393655.0
2025-11-27,180.29,180.31,175.33,175.49,367645.0
2025-11-28,175.53,176.79,172.69,176.55,316964.0
2025-12-01,176.53,189.95,176.45,187.41,736272.0
2025-12-02,186.49,187.33,183.29,185.33,356770.0
2025-12-03,184.49,187.09,181.89,182.15,298428.0
2025-12-04,180.79,182.09,179.09,180.93,208122.0
2025-12-05,180.83,182.03,178.81,180.53,222781.0
2025-12-08,180.71,184.39,180.71,182.71,312706.0
2025-12-09,181.65,182.67,178.31,178.97,288358.0
2025-12-10,178.29,186.01,178.17,184.15,517853.0
2025-12-11,183.69,183.69,177.31,177.45,371500.0
2025-12-12,177.49,178.61,174.31,176.89,280282.0
2025-12-15,176.93,179.43,175.37,177.33,220526.0
2025-12-16,177.71,180.89,176.99,179.19,315329.0
2025-12-17,179.99,180.75,172.83,178.43,334104.0
2025-12-18,176.59,178.03,171.99,171.99,325155.0
2025-12-19,171.99,187.29,171.99,184.61,779560.0
2025-12-22,186.99,201.17,185.79,201.17,887458.0
2025-12-23,204.33,210.27,196.73,196.81,1340300.0
2025-12-24,193.51,196.31,191.29,194.71,714310.0
2025-12-25,192.99,193.51,189.01,189.41,515236.0
2025-12-26,188.67,204.75,188.05,203.59,1008303.0
2025-12-29,204.99,209.19,199.19,201.95,670859.0
2025-12-30,201.75,201.75,196.75,199.41,466532.0
2025-12-31,200.13,210.31,196.75,208.11,831462.0
2026-01-05,204.93,205.59,197.99,199.57,784493.0
2026-01-06,198.93,201.59,196.99,200.17,578305.0
2026-01-07,200.19,208.57,199.19,205.81,692243.0
2026-01-08,203.91,211.81,203.31,204.89,569294.0
2026-01-09,206.67,213.95,205.91,210.55,682049.0
2026-01-12,210.57,213.99,206.85,209.79,591712.0
2026-01-13,209.79,210.63,202.61,202.81,558610.0
2026-01-14,202.99,205.17,198.85,199.09,585990.0
2026-01-15,198.41,202.49,197.59,198.21,381411.0
2026-01-16,199.29,200.75,194.99,195.85,410080.0
2026-01-19,196.53,206.99,196.53,205.79,715189.0
2026-01-20,208.79,218.61,206.99,211.17,848856.0
2026-01-21,211.17,213.99,207.35,209.17,446802.0
2026-01-22,212.99,213.89,204.81,206.21,439235.0
2026-01-23,206.23,213.99,204.61,205.63,736052.0
2026-01-26,205.27,209.99,204.23,204.31,576726.0
2026-01-27,204.33,205.31,199.01,200.59,458682.0
2026-01-28,200.49,201.99,198.59,198.67,451461.0
2026-01-29,197.25,203.59,193.33,203.59,662750.0
2026-01-30,203.77,203.77,196.99,197.73,464446.0
2026-02-02,195.53,202.57,195.43,196.89,331112.0
2026-02-03,196.99,202.75,196.99,202.19,459423.0
2026-02-04,201.19,202.53,199.49,201.97,265322.0
2026-02-05,200.81,205.59,200.43,203.93,509814.0
2026-02-06,201.99,205.89,197.99,203.69,398417.0
2026-02-09,204.97,214.75,204.97,213.19,716607.0
2026-02-10,212.49,212.49,206.41,209.19,435421.0
2026-02-11,207.89,216.43,207.59,212.99,501238.0
2026-02-12,212.55,213.13,206.79,207.33,433028.0
2026-02-13,207.93,210.17,205.83,208.27,367146.0
2026-02-24,194.99,196.91,189.35,189.35,486294.0
2026-02-25,184.99,186.87,180.21,183.19,682282.0
2026-02-26,181.43,182.99,179.01,179.19,519617.0
2026-02-27,178.75,181.67,178.69,180.15,285875.0
2026-03-02,174.63,177.81,173.27,175.19,426954.0
2026-03-03,174.79,176.09,169.89,170.45,465175.0
2026-03-04,169.11,172.95,169.03,172.51,326550.0
2026-03-05,173.99,174.39,171.31,171.89,239068.0
2026-03-06,170.95,173.19,170.27,172.23,177148.0
2026-03-09,168.99,169.99,167.33,169.19,291313.0
2026-03-10,170.61,172.15,169.15,169.79,179236.0
2026-03-11,169.81,170.29,167.11,167.65,219588.0
2026-03-12,167.41,167.99,165.01,166.47,236704.0
2026-03-13,165.43,167.39,165.39,165.57,178009.0
2026-03-16,165.39,170.71,164.79,169.33,333120.0
2026-03-17,168.99,171.99,168.25,169.69,263770.0
2026-03-18,168.99,169.99,167.53,168.91,144589.0
2026-03-19,166.99,167.39,163.71,164.11,200314.0
2026-03-20,164.99,166.71,163.29,163.39,165541.0
2026-03-23,162.59,163.29,159.39,160.53,244957.0
2026-03-24,162.01,162.19,158.05,160.63,194921.0
2026-03-25,161.25,162.91,160.39,162.63,173568.0
2026-03-26,162.03,163.23,159.81,160.37,153240.0
2026-03-27,158.99,162.69,158.79,162.29,144645.0
2026-03-30,160.01,161.31,159.13,160.71,134392.0
2026-03-31,161.69,165.47,159.75,159.75,212188.0
2026-04-01,162.15,162.81,159.99,161.79,184189.0
2026-04-02,161.19,161.67,158.19,158.99,171262.0
2026-04-03,159.31,159.65,155.81,156.83,133506.0
2026-04-07,157.05,157.39,154.57,154.95,151497.0
2026-04-08,157.57,159.65,156.63,158.97,290832.0
2026-04-09,157.53,157.55,154.57,154.77,220635.0
2026-04-10,155.35,158.29,155.01,157.07,216358.0
2026-04-13,156.09,156.97,155.01,156.79,157789.0
2026-04-14,158.19,159.35,154.79,157.15,263290.0
2026-04-15,157.63,158.53,155.51,155.75,202365.0
2026-04-16,155.75,156.59,155.39,155.97,182711.0
2026-04-17,155.67,155.67,151.23,152.57,387107.0
2026-04-20,152.45,156.71,151.01,154.37,292689.0
2026-04-21,154.37,156.29,153.01,153.53,192761.0
2026-04-22,153.23,153.53,151.95,152.25,185559.0
2026-04-23,152.27,153.53,150.99,151.55,209006.0
2026-04-24,151.01,151.31,149.81,149.83,186749.0
2026-04-27,149.59,150.45,148.73,150.23,171316.0
2026-04-28,149.83,149.83,147.67,148.11,196991.0
2026-04-29,147.41,151.19,147.39,150.89,251143.0
2026-04-30,152.97,152.99,148.99,150.23,339125.0
2026-05-06,146.39,146.45,143.57,145.05,494198.0
2026-05-07,145.09,146.39,144.55,145.09,292859.0
2026-05-08,144.89,145.35,144.29,144.35,221757.0
2026-05-11,143.95,145.19,142.51,144.37,355910.0
2026-05-12,144.25,144.35,141.39,142.09,344703.0
2026-05-13,142.09,142.79,140.39,141.75,312388.0
2026-05-14,141.77,144.35,139.09,140.59,460435.0
2026-05-15,140.31,140.39,136.83,136.99,415371.0
2026-05-18,137.11,137.39,134.75,135.21,284676.0
2026-05-19,135.17,137.53,134.75,135.71,290651.0
2026-05-20,135.07,135.29,133.53,134.61,247751.0
2026-05-21,134.97,136.95,133.05,133.19,326252.0
2026-05-22,133.99,134.09,131.65,132.29,256782.0
2026-05-25,132.05,134.11,131.99,132.59,249877.0
2026-05-26,132.09,134.15,130.09,132.05,353263.0
2026-05-27,131.71,133.79,129.31,131.45,480992.0
2026-05-28,130.59,130.99,128.11,128.51,359294.0
2026-05-29,129.39,139.47,128.65,138.15,1280347.0
2026-06-01,132.99,136.61,132.63,136.35,766335.0
2026-06-02,136.19,136.19,131.99,132.87,531294.0
2026-06-03,131.95,133.99,130.15,133.09,440049.0
2026-06-04,132.97,134.17,129.39,130.17,403625.0
2026-06-05,131.91,139.51,131.91,133.39,690050.0
2026-06-08,136.99,138.59,133.53,133.89,747426.0
2026-06-09,132.75,134.15,130.69,133.75,510772.0
2026-06-10,133.85,136.69,131.71,135.09,553762.0
2026-06-11,134.03,136.33,132.81,133.01,444899.0
2026-06-12,131.99,137.97,131.35,135.97,554052.0
2026-06-15,136.39,137.97,135.39,137.15,426479.0
2026-06-16,137.15,137.15,135.01,135.79,338167.0
2026-06-17,135.79,136.19,130.85,132.65,521656.0
2026-06-18,131.39,131.99,129.21,129.65,411096.0
2026-06-22,128.69,132.69,123.75,132.57,598622.0
2026-06-23,130.99,134.95,130.31,130.99,453440.0
2026-06-24,130.39,131.23,128.13,128.23,317158.0
2026-06-25,127.15,132.97,127.13,130.31,420245.0
2026-06-26,129.51,132.77,125.61,125.63,384822.0
2026-06-29,124.15,127.73,120.39,126.19,511455.0
2026-06-30,124.99,127.09,123.59,126.41,309062.0
2026-07-01,126.29,130.43,124.47,128.99,458268.0
2026-07-02,128.59,130.55,126.35,126.37,367951.0
2026-07-03,126.35,127.67,124.79,125.21,307206.0
2026-07-06,124.47,126.55,124.47,125.03,275076.0
2026-07-07,124.01,124.69,120.89,120.93,339319.0
2026-07-08,121.39,123.39,121.05,122.05,296884.0
2026-07-09,121.51,122.15,119.59,120.97,274549.0
2026-07-10,120.99,125.31,119.63,124.45,432528.0
2026-07-13,123.79,124.43,120.79,120.81,308413.0
2026-07-14,121.69,122.57,120.31,121.73,201974.0
2026-07-15,121.09,130.49,120.89,128.71,714042.0
2026-07-16,127.29,130.53,126.55,128.93,425670.0
2026-07-17,128.11,131.37,125.07,125.69,420192.0
2026-07-20,124.89,130.17,124.69,129.23,501344.0
2026-07-21,129.29,129.81,127.19,128.05,422285.0
2026-07-22,127.49,131.81,126.45,131.29,544971.0
2026-07-23,130.73,131.03,128.55,130.37,315319.0
2026-07-24,129.69,130.31,125.93,126.29,323691.0
2026-07-27,127.39,130.23,126.21,128.77,284648.0
2026-07-28,127.85,131.29,127.73,130.91,402489.0
2026-07-29,131.73,135.81,130.93,134.65,578596.0
2026-07-30,133.87,138.89,133.87,136.05,599565.0
2026-07-31,132.29,136.01,132.29,135.91,402841.0
2026-08-03,135.93,137.29,134.53,135.83,303328.0
2026-08-04,135.41,135.81,133.13,133.53,372831.0
2026-08-05,133.25,133.75,131.71,132.67,380036.0
2026-08-06,132.91,133.21,130.51,131.01,346071.0
2026-08-07,130.41,131.79,129.69,131.53,332638.0
2026-08-10,131.01,133.25,130.89,132.37,301198.0
2026-08-11,132.09,132.21,130.71,130.79,252728.0
2026-08-12,130.39,131.73,130.09,131.07,242025.0
2026-08-13,130.49,131.63,129.73,129.83,260114.0
2026-08-14,129.89,129.91,127.61,128.01,272601.0
2026-08-17,127.43,127.99,126.41,127.95,219526.0
2026-08-18,127.59,128.47,127.13,127.65,177466.0
2026-08-19,127.69,128.25,125.07,125.65,237535.0
2026-08-20,125.33,127.05,125.31,126.09,182094.0
2026-08-21,125.73,125.85,123.93,124.47,172428.0
2026-08-24,124.59,124.87,123.51,124.01,152940.0
2026-08-25,123.75,125.61,123.75,125.11,192471.0
2026-08-26,124.59,126.23,124.51,126.05,182963.0
2026-08-27,125.69,126.25,125.09,126.19,156663.0
2026-08-28,126.09,127.07,125.61,126.59,179626.0
2026-08-31,126.63,127.07,124.57,124.85,202292.0
2026-09-01,124.89,127.49,124.87,126.91,264006.0
2026-09-02,126.49,126.91,125.09,125.25,176696.0
2026-09-03,125.25,128.77,125.25,127.33,330909.0
2026-09-04,127.43,129.87,126.57,129.09,359094.0
2026-09-07,128.99,130.19,128.01,129.55,273895.0
2026-09-08,129.49,130.69,128.49,129.07,242561.0
2026-09-09,128.49,128.49,126.69,127.37,210033.0
2026-09-10,126.93,127.31,125.01,125.05,207969.0
2026-09-11,124.31,124.49,122.21,123.23,210636.0
2026-09-14,123.09,124.13,122.21,123.31,141670.0
2026-09-15,123.13,123.17,121.85,121.99,126460.0
2026-09-16,121.81,122.41,121.11,122.29,121990.0
2026-09-17,121.69,122.55,121.53,122.19,104692.0
2026-09-18,122.29,123.89,122.21,123.89,147626.0
2026-09-21,123.85,124.47,123.39,124.35,129251.0
2026-09-22,124.49,125.13,124.07,124.43,133213.0
2026-09-23,124.13,125.49,123.79,124.27,133483.0
2026-09-24,123.89,124.47,122.43,122.81,124319.0
