date,open,high,low,close,volume
2016-01-04,6.21,6.21,5.88,5.895,789484.0
2016-01-05,5.805,6.12,5.805,6.03,1507379.0
2016-01-06,6.03,6.33,6.0,6.285,1963853.0
2016-01-07,6.255,6.285,5.82,5.865,577204.0
2016-01-08,6.12,6.24,5.895,6.21,2241424.0
2016-01-11,6.105,6.3,5.97,6.015,1946713.0
2016-01-12,5.94,6.03,5.745,5.865,1693860.0
2016-01-13,5.865,5.955,5.79,5.805,819949.0
2016-01-14,5.73,5.865,5.7,5.85,975596.0
2016-01-15,5.805,5.805,5.595,5.625,1179212.0
2016-01-18,5.565,5.64,5.505,5.61,694468.0
2016-01-19,5.595,5.715,5.55,5.715,873824.0
2016-01-20,5.685,5.85,5.61,5.73,1178981.0
2016-01-21,5.7,5.79,5.58,5.58,926709.0
2016-01-22,5.58,5.64,5.52,5.61,691766.0
2016-01-25,5.625,5.655,5.565,5.625,606225.0
2016-01-26,5.625,5.64,5.31,5.37,1074755.0
2016-01-27,5.37,5.415,5.1,5.235,1148246.0
2016-01-28,5.22,5.25,4.98,4.995,751807.0
2016-01-29,4.98,5.16,4.98,5.115,727823.0
2016-02-01,5.13,5.19,5.025,5.1,688094.0
2016-02-02,5.115,5.205,5.115,5.175,583886.0
2016-02-03,5.16,5.235,5.13,5.205,655770.0
2016-02-04,5.25,5.415,5.25,5.34,1161902.0
2016-02-05,5.4,5.58,5.355,5.46,1423542.0
2016-02-15,5.88,5.91,5.73,5.91,3428179.0
2016-02-16,5.85,6.075,5.745,5.985,3457510.0
2016-02-17,5.85,5.94,5.82,5.925,2006294.0
2016-02-18,5.895,5.91,5.805,5.82,1412063.0
2016-02-19,5.88,5.91,5.67,5.7,1845148.0
2016-02-22,5.715,5.805,5.7,5.76,1145121.0
2016-02-23,5.73,5.85,5.685,5.835,1817166.0
2016-02-24,5.805,6.105,5.745,5.925,3223727.0
2016-02-25,5.925,6.0,5.535,5.595,2611596.0
2016-02-26,5.625,5.715,5.55,5.685,1318170.0
2016-02-29,5.61,5.685,5.445,5.625,1315193.0
2016-03-01,5.655,5.955,5.625,5.88,2985996.0
2016-03-02,5.76,6.015,5.745,5.985,3124415.0
2016-03-03,5.985,6.135,5.85,6.12,4438105.0
2016-03-04,6.225,6.3,6.06,6.15,5505277.0
2016-03-07,6.195,6.345,6.105,6.3,4026281.0
2016-03-08,6.3,6.3,6.045,6.18,3087278.0
2016-03-09,5.94,6.015,5.865,5.97,2239477.0
2016-03-10,5.91,6.015,5.85,5.88,1444745.0
2016-03-11,6.03,6.03,5.91,5.94,1479395.0
2016-03-14,5.835,6.075,5.82,6.06,2244191.0
2016-03-15,5.97,6.06,5.88,5.97,1459252.0
2016-03-16,5.925,6.03,5.895,6.0,1563295.0
2016-03-17,6.06,6.06,5.97,6.015,1520836.0
2016-03-18,6.06,6.09,6.015,6.045,2038648.0
2016-03-21,6.03,6.06,6.0,6.06,2405380.0
2016-03-22,6.015,6.06,5.94,6.03,1714380.0
2016-03-23,5.985,6.015,5.925,5.955,1224977.0
2016-03-24,5.88,5.88,5.82,5.82,1257459.0
2016-03-25,5.805,5.85,5.79,5.835,574291.0
2016-03-28,5.835,5.88,5.82,5.835,606969.0
2016-03-29,5.82,5.85,5.775,5.805,606109.0
2016-03-30,5.865,5.88,5.82,5.88,777314.0
2016-03-31,5.85,5.865,5.82,5.835,589619.0
2016-04-01,5.835,5.865,5.805,5.865,651479.0
2016-04-05,5.835,5.895,5.805,5.88,888721.0
2016-04-06,5.88,5.91,5.835,5.85,692874.0
2016-04-07,5.85,5.865,5.805,5.805,634656.0
2016-04-08,5.82,5.925,5.805,5.895,1329473.0
2016-04-11,5.91,6.015,5.865,5.955,1751984.0
2016-04-12,5.955,6.045,5.925,5.97,1592179.0
2016-04-13,5.985,6.09,5.955,6.03,2375034.0
2016-04-14,5.985,6.0,5.925,5.955,1392371.0
2016-04-15,5.925,5.97,5.895,5.925,853828.0
2016-04-18,5.925,5.925,5.85,5.865,649929.0
2016-04-19,5.865,5.925,5.835,5.91,690169.0
2016-04-20,5.955,5.985,5.7,5.805,1703721.0
2016-04-21,5.775,5.925,5.745,5.91,1517608.0
2016-04-22,5.805,5.835,5.745,5.79,1070622.0
2016-04-25,5.745,5.76,5.67,5.715,548876.0
2016-04-26,5.73,5.76,5.67,5.715,520320.0
2016-04-27,5.745,5.79,5.7,5.775,916065.0
2016-04-28,5.715,5.73,5.655,5.7,855502.0
2016-04-29,5.73,5.82,5.73,5.745,1269289.0
2016-05-03,5.82,5.91,5.79,5.865,1398947.0
2016-05-04,5.805,5.835,5.775,5.805,806509.0
2016-05-05,5.79,5.85,5.775,5.805,593676.0
2016-05-06,5.79,5.82,5.67,5.685,1002142.0
2016-05-09,5.685,5.7,5.55,5.565,834619.0
2016-05-10,5.52,5.55,5.49,5.55,475626.0
2016-05-11,5.55,5.61,5.49,5.58,481546.0
2016-05-12,5.55,5.58,5.505,5.565,438515.0
2016-05-13,5.52,5.625,5.52,5.58,598685.0
2016-05-16,5.565,5.76,5.505,5.685,883976.0
2016-05-17,5.655,5.7,5.61,5.61,576844.0
2016-05-18,5.625,5.67,5.52,5.565,639682.0
2016-05-19,5.505,5.565,5.505,5.535,511538.0
2016-05-20,5.505,5.535,5.475,5.52,376348.0
2016-05-23,5.52,5.535,5.505,5.52,349031.0
2016-05-24,5.52,5.52,5.46,5.52,373348.0
2016-05-25,5.49,5.505,5.46,5.46,348686.0
2016-05-26,5.46,5.49,5.415,5.475,350842.0
2016-05-27,5.445,5.475,5.43,5.46,258050.0
2016-05-30,5.445,5.445,5.4,5.415,282172.0
2016-05-31,5.415,5.52,5.415,5.52,579171.0
2016-06-01,5.505,5.55,5.49,5.52,483323.0
2016-06-02,5.505,5.535,5.49,5.52,377207.0
2016-06-03,5.505,5.52,5.475,5.505,405702.0
2016-06-06,5.625,5.685,5.58,5.595,1073716.0
2016-06-07,5.61,5.64,5.535,5.55,444570.0
2016-06-08,5.565,5.58,5.535,5.565,403244.0
2016-06-13,5.64,5.76,5.595,5.655,2108696.0
2016-06-14,5.625,5.655,5.52,5.565,988027.0
2016-06-15,5.52,5.7,5.505,5.67,1282427.0
2016-06-16,5.685,6.15,5.655,6.15,5620835.0
2016-06-17,5.955,6.165,5.955,6.06,4494397.0
2016-06-20,6.06,6.075,5.94,6.0,1504203.0
2016-06-21,6.0,6.0,5.775,5.835,2571764.0
2016-06-22,5.775,5.865,5.73,5.835,981087.0
2016-06-23,5.82,5.865,5.775,5.835,1020966.0
2016-06-24,5.91,6.315,5.805,6.195,6406124.0
2016-06-27,6.15,6.21,6.045,6.09,3122385.0
2016-06-28,6.075,6.09,5.985,6.03,1781282.0
2016-06-29,5.985,6.03,5.955,6.015,1473936.0
2016-06-30,5.985,6.075,5.97,5.985,1157350.0
2016-07-01,6.015,6.18,5.985,6.045,2766613.0
2016-07-04,6.12,6.36,6.06,6.195,4676923.0
2016-07-05,6.195,6.195,6.09,6.15,1929947.0
2016-07-06,6.21,6.645,6.195,6.45,9324976.0
2016-07-11,6.6,7.005,6.525,7.005,10455030.0
2016-07-12,6.885,6.93,6.705,6.825,6123135.0
2016-07-13,6.63,6.84,6.6,6.825,4270654.0
2016-07-14,6.84,6.885,6.645,6.69,2744625.0
2016-07-15,6.645,6.78,6.6,6.705,2114689.0
2016-07-18,6.63,6.81,6.555,6.675,2283943.0
2016-07-19,6.57,6.705,6.555,6.615,1999129.0
2016-07-20,6.63,6.705,6.51,6.525,1827615.0
2016-07-21,6.45,6.48,6.405,6.45,1772682.0
2016-07-22,6.54,6.54,6.33,6.36,1753658.0
2016-07-25,6.285,6.315,6.21,6.24,1728711.0
2016-07-26,6.255,6.39,6.255,6.375,1798273.0
2016-07-27,6.36,6.36,6.075,6.27,2115806.0
2016-07-28,6.33,6.36,6.27,6.33,1779703.0
2016-07-29,6.3,6.345,6.15,6.225,1477707.0
2016-08-01,6.3,6.495,6.285,6.36,2400977.0
2016-08-02,6.36,6.39,6.285,6.39,1034465.0
2016-08-03,6.48,6.525,6.435,6.45,1723646.0
2016-08-04,6.39,6.39,6.285,6.36,1211832.0
2016-08-05,6.36,6.375,6.315,6.36,737557.0
2016-08-08,6.195,6.24,6.15,6.24,1452059.0
2016-08-09,6.225,6.24,6.195,6.24,755989.0
2016-08-10,6.27,6.375,6.27,6.345,2005358.0
2016-08-11,6.27,6.3,6.24,6.27,906587.0
2016-08-12,6.24,6.3,6.21,6.3,627461.0
2016-08-15,6.285,6.36,6.255,6.33,1812380.0
2016-08-16,6.33,6.375,6.21,6.345,2779232.0
2016-08-17,6.3,6.3,6.24,6.255,1553821.0
2016-08-18,6.285,6.3,6.24,6.255,1001889.0
2016-08-19,6.24,6.255,6.195,6.225,809149.0
2016-08-22,6.18,6.195,6.15,6.165,1042139.0
2016-08-23,6.15,6.18,6.135,6.18,792678.0
2016-08-24,6.18,6.18,6.12,6.135,709571.0
2016-08-25,6.09,6.09,6.0,6.06,1207396.0
2016-08-26,6.045,6.09,6.045,6.075,554245.0
2016-08-29,6.045,6.045,6.0,6.03,857140.0
2016-08-30,6.03,6.06,6.015,6.03,806824.0
2016-08-31,6.0,6.03,5.985,6.03,639873.0
2016-09-01,6.015,6.075,6.0,6.015,872324.0
2016-09-02,6.015,6.075,6.015,6.03,764849.0
2016-09-05,6.06,6.075,6.03,6.06,603743.0
2016-09-06,6.045,6.06,6.0,6.06,698081.0
2016-09-07,6.105,6.15,6.09,6.105,1409252.0
2016-09-08,6.075,6.09,6.03,6.075,657890.0
2016-09-09,6.03,6.045,6.015,6.03,580475.0
2016-09-12,5.97,5.97,5.805,5.85,1599339.0
2016-09-13,5.865,5.88,5.82,5.85,558983.0
2016-09-14,5.805,5.88,5.745,5.88,1036824.0
2016-09-19,5.82,5.865,5.82,5.85,449648.0
2016-09-20,5.85,5.88,5.835,5.85,456313.0
2016-09-21,5.85,5.895,5.835,5.895,539089.0
2016-09-22,5.94,5.985,5.895,5.91,947909.0
2016-09-23,5.925,5.94,5.85,5.865,455032.0
2016-09-26,5.85,5.865,5.76,5.775,610566.0
2016-09-27,5.79,5.835,5.775,5.835,563371.0
2016-09-28,5.805,5.805,5.775,5.79,386788.0
2016-09-29,5.79,5.805,5.775,5.79,361883.0
2016-09-30,5.79,5.835,5.775,5.835,433614.0
2016-10-10,5.7,5.79,5.67,5.79,1056578.0
2016-10-11,5.775,5.805,5.745,5.805,742914.0
2016-10-12,5.775,5.79,5.76,5.79,429804.0
2016-10-13,5.775,5.805,5.76,5.79,673345.0
2016-10-14,5.775,5.79,5.745,5.775,588857.0
2016-10-17,5.775,5.925,5.76,5.88,1509635.0
2016-10-18,5.835,5.895,5.82,5.895,994479.0
2016-10-19,5.895,5.955,5.865,5.895,1063418.0
2016-10-20,5.895,5.91,5.865,5.88,605925.0
2016-10-21,5.865,5.88,5.835,5.88,663548.0
2016-10-24,5.865,5.925,5.85,5.925,941309.0
2016-10-25,5.91,6.0,5.895,5.97,1176858.0
2016-10-26,6.0,6.0,5.925,5.94,978275.0
2016-10-27,5.925,5.925,5.88,5.895,549303.0
2016-10-28,5.91,5.925,5.865,5.88,651780.0
2016-10-31,5.895,5.955,5.895,5.94,1054359.0
2016-11-01,5.94,5.97,5.895,5.955,858740.0
2016-11-02,6.0,6.21,5.985,6.165,4276299.0
2016-11-03,6.18,6.18,6.06,6.105,2214933.0
2016-11-04,6.075,6.105,6.015,6.03,1513985.0
2016-11-07,5.97,6.06,5.955,6.045,1373822.0
2016-11-08,5.985,6.075,5.985,6.075,1537736.0
2016-11-09,6.045,6.495,6.015,6.405,7722586.0
2016-11-10,6.12,6.315,6.12,6.24,4395915.0
2016-11-11,6.18,6.48,6.12,6.39,5763210.0
2016-11-14,6.24,6.69,6.21,6.45,8154987.0
2016-11-15,6.48,6.615,6.42,6.465,4224438.0
2016-11-16,6.42,6.48,6.3,6.405,2698224.0
2016-11-17,6.36,6.405,6.315,6.39,1296134.0
2016-11-18,6.375,6.465,6.255,6.27,2344882.0
2016-11-21,6.27,6.3,6.18,6.27,2225653.0
2016-11-22,6.285,6.345,6.225,6.33,1768911.0
2016-11-23,6.3,6.33,6.255,6.285,1410840.0
2016-11-24,6.24,6.405,6.225,6.3,2477513.0
2016-11-25,6.285,6.345,6.195,6.285,2119916.0
2016-11-28,6.36,6.72,6.36,6.57,5708177.0
2016-11-29,6.54,6.555,6.45,6.51,2460670.0
2016-11-30,6.465,6.525,6.315,6.36,2413777.0
2016-12-01,6.315,6.51,6.3,6.495,1888847.0
2016-12-02,6.48,6.51,6.345,6.375,2025606.0
2016-12-05,6.315,6.33,6.24,6.27,1632662.0
2016-12-06,6.285,6.33,6.195,6.225,1259109.0
2016-12-07,6.225,6.24,6.135,6.24,1811257.0
2016-12-08,6.255,6.375,6.24,6.3,2181717.0
2016-12-09,6.27,6.33,6.225,6.3,1244943.0
2016-12-12,6.255,6.315,6.12,6.135,1527261.0
2016-12-13,6.12,6.18,6.075,6.18,976846.0
2016-12-14,6.15,6.42,6.135,6.345,2776894.0
2016-12-15,6.15,6.3,6.15,6.24,1940860.0
2016-12-16,6.21,6.24,6.135,6.21,1209061.0
2016-12-19,6.225,6.24,6.15,6.21,698796.0
2016-12-20,6.18,6.195,6.075,6.105,1260438.0
2016-12-21,6.09,6.165,6.06,6.15,942818.0
2016-12-22,6.135,6.135,6.075,6.105,767832.0
2016-12-23,6.105,6.105,6.015,6.03,777266.0
2016-12-26,6.015,6.03,5.88,5.97,1024746.0
2016-12-27,5.955,6.015,5.91,5.97,960522.0
2016-12-28,5.985,6.0,5.94,5.97,754576.0
2016-12-29,6.0,6.06,5.985,6.03,1013484.0
2016-12-30,6.075,6.105,6.0,6.03,723803.0
2017-01-03,6.015,6.09,6.0,6.06,682001.0
2017-01-04,6.06,6.09,6.03,6.075,717167.0
2017-01-05,6.09,6.15,6.075,6.135,1066780.0
2017-01-06,6.135,6.15,6.06,6.09,830702.0
2017-01-09,6.075,6.105,6.03,6.075,742923.0
2017-01-10,6.09,6.15,6.06,6.12,898506.0
2017-01-11,6.12,6.195,6.105,6.135,1272314.0
2017-01-12,6.135,6.18,6.09,6.12,653278.0
2017-01-13,6.12,6.18,6.09,6.135,936205.0
2017-01-16,6.135,6.24,6.06,6.195,2083866.0
2017-01-17,6.165,6.27,6.135,6.255,1153342.0
2017-01-18,6.255,6.33,6.225,6.255,1241841.0
2017-01-19,6.21,6.225,6.15,6.15,724968.0
2017-01-20,6.15,6.195,6.105,6.18,614549.0
2017-01-23,6.21,6.315,6.195,6.285,1087564.0
2017-01-24,6.3,6.3,6.24,6.255,822701.0
2017-01-25,6.24,6.315,6.24,6.285,857670.0
2017-01-26,6.27,6.405,6.24,6.39,1925557.0
2017-02-03,6.45,6.48,6.345,6.375,1186285.0
2017-02-06,6.375,6.405,6.3,6.33,1122629.0
2017-02-07,6.39,6.42,6.33,6.39,1503794.0
2017-02-08,6.345,6.39,6.315,6.345,1268820.0
2017-02-09,6.375,6.39,6.345,6.39,1267533.0
2017-02-10,6.33,6.375,6.315,6.345,1463723.0
2017-02-13,6.435,6.555,6.42,6.42,2321520.0
2017-02-14,6.42,6.465,6.375,6.465,1112117.0
2017-02-15,6.42,6.45,6.345,6.345,1087679.0
2017-02-16,6.36,6.51,6.345,6.45,1682265.0
2017-02-17,6.45,6.48,6.345,6.375,987590.0
2017-02-20,6.345,6.465,6.33,6.45,1358715.0
2017-02-21,6.45,6.495,6.45,6.48,963134.0
2017-02-22,6.48,6.495,6.45,6.465,764079.0
2017-02-23,6.48,6.54,6.435,6.48,1250466.0
2017-02-24,6.51,6.51,6.36,6.435,1459935.0
2017-02-27,6.435,6.495,6.375,6.375,1304748.0
2017-02-28,6.36,6.39,6.33,6.375,755807.0
2017-03-01,6.345,6.405,6.315,6.375,891693.0
2017-03-02,6.36,6.375,6.315,6.315,768531.0
2017-03-03,6.27,6.27,6.165,6.195,1445204.0
2017-03-06,6.21,6.225,6.18,6.225,712779.0
2017-03-07,6.21,6.21,6.18,6.21,694869.0
2017-03-08,6.18,6.18,6.15,6.18,631766.0
2017-03-09,6.135,6.135,6.09,6.105,988348.0
2017-03-10,6.09,6.135,6.075,6.12,510348.0
2017-03-13,6.12,6.21,6.105,6.21,1001269.0
2017-03-14,6.195,6.21,6.165,6.18,556963.0
2017-03-15,6.165,6.225,6.15,6.21,559384.0
2017-03-16,6.27,6.285,6.21,6.24,861676.0
2017-03-17,6.24,6.27,6.18,6.195,613610.0
2017-03-20,6.195,6.3,6.195,6.27,991157.0
2017-03-21,6.255,6.27,6.195,6.225,649736.0
2017-03-22,6.255,6.27,6.18,6.21,921104.0
2017-03-23,6.21,6.24,6.15,6.21,900452.0
2017-03-24,6.18,6.195,6.12,6.15,1256554.0
2017-03-27,6.165,6.24,6.15,6.225,1255145.0
2017-03-28,6.195,6.21,6.165,6.18,648172.0
2017-03-29,6.18,6.225,6.18,6.21,757539.0
2017-03-30,6.21,6.21,6.06,6.12,1262247.0
2017-03-31,6.09,6.12,6.06,6.09,998575.0
2017-04-05,6.105,6.15,6.105,6.15,1232106.0
2017-04-06,6.135,6.225,6.12,6.21,1381952.0
2017-04-07,6.21,6.45,6.195,6.36,3877067.0
2017-04-10,6.27,6.3,6.24,6.285,1432867.0
2017-04-11,6.255,6.42,6.24,6.375,2422834.0
2017-04-12,6.45,6.48,6.345,6.375,2137614.0
2017-04-13,6.42,6.435,6.36,6.39,989345.0
2017-04-14,6.405,6.495,6.375,6.45,2472703.0
2017-04-17,6.39,6.405,6.255,6.315,1575673.0
2017-04-18,6.285,6.3,6.225,6.225,804740.0
2017-04-19,6.27,6.345,6.18,6.255,1705064.0
2017-04-20,6.21,6.225,6.12,6.165,1074618.0
2017-04-21,6.18,6.195,6.15,6.18,573594.0
2017-04-24,6.15,6.165,6.06,6.06,975407.0
2017-04-25,6.075,6.09,6.015,6.06,872967.0
2017-04-26,6.045,6.06,6.03,6.045,630320.0
2017-04-27,6.045,6.06,5.94,6.045,840423.0
2017-04-28,6.03,6.105,6.015,6.09,614279.0
2017-05-02,6.06,6.09,6.015,6.075,743376.0
2017-05-03,6.045,6.075,6.015,6.06,552694.0
2017-05-04,6.015,6.045,5.985,6.015,617215.0
2017-05-05,5.97,6.0,5.895,5.97,1152370.0
2017-05-08,5.94,5.97,5.895,5.955,727564.0
2017-05-09,5.925,5.94,5.88,5.925,526884.0
2017-05-10,5.91,5.94,5.85,5.865,574277.0
2017-05-11,5.85,5.85,5.73,5.82,838533.0
2017-05-12,5.805,5.835,5.775,5.82,582777.0
2017-05-15,5.805,5.88,5.79,5.835,521004.0
2017-05-16,5.835,5.895,5.79,5.895,580079.0
2017-05-17,5.895,5.925,5.88,5.88,529949.0
2017-05-18,5.955,6.0,5.91,5.925,832885.0
2017-05-19,5.865,5.895,5.85,5.88,483235.0
2017-05-22,5.895,5.91,5.82,5.865,385301.0
2017-05-23,5.865,5.925,5.76,5.925,768998.0
2017-05-24,5.865,5.91,5.805,5.895,407070.0
2017-05-25,5.895,5.955,5.865,5.925,558865.0
2017-05-26,5.925,5.955,5.895,5.94,413735.0
2017-05-31,5.94,5.97,5.925,5.94,470924.0
2017-06-01,5.925,5.94,5.85,5.925,688170.0
2017-06-02,5.895,5.91,5.865,5.91,371023.0
2017-06-05,5.94,5.97,5.925,5.94,680723.0
2017-06-06,5.925,5.985,5.91,5.97,623338.0
2017-06-07,5.97,6.015,5.97,6.0,629597.0
2017-06-08,5.985,6.0,5.94,5.955,428448.0
2017-06-09,5.94,5.985,5.925,5.97,482235.0
2017-06-12,5.94,5.955,5.88,5.895,718040.0
2017-06-13,5.88,6.015,5.865,5.985,1109699.0
2017-06-14,5.985,6.015,5.97,5.985,732252.0
2017-06-15,5.985,6.045,5.97,6.045,820038.0
2017-06-16,6.03,6.06,6.0,6.045,621511.0
2017-06-19,6.03,6.06,6.015,6.045,486457.0
2017-06-20,6.03,6.045,5.985,6.015,496981.0
2017-06-21,6.03,6.03,6.0,6.03,395781.0
2017-06-22,6.03,6.06,6.015,6.045,716788.0
2017-06-23,6.03,6.06,5.94,6.06,777494.0
2017-06-26,6.045,6.075,6.03,6.075,443623.0
2017-06-27,6.045,6.075,6.0,6.06,532933.0
2017-06-28,6.045,6.09,6.03,6.075,532361.0
2017-06-29,6.075,6.12,6.06,6.105,671220.0
2017-06-30,6.075,6.18,6.075,6.165,785963.0
2017-07-03,6.165,6.195,6.105,6.18,764182.0
2017-07-04,6.135,6.21,6.135,6.195,843828.0
2017-07-05,6.18,6.24,6.165,6.225,645755.0
2017-07-06,6.225,6.27,6.195,6.255,807257.0
2017-07-07,6.24,6.3,6.195,6.285,1208175.0
2017-07-10,6.255,6.345,6.255,6.33,1063509.0
2017-07-11,6.33,6.33,6.21,6.225,1014527.0
2017-07-12,6.225,6.27,6.195,6.225,622902.0
2017-07-13,6.225,6.48,6.21,6.345,1698043.0
2017-07-14,6.33,6.375,6.285,6.345,808883.0
2017-07-17,6.375,6.435,6.21,6.39,1700978.0
2017-07-18,6.345,6.435,6.33,6.42,1059489.0
2017-07-19,6.435,6.57,6.42,6.48,4124811.0
2017-07-20,6.465,6.495,6.405,6.405,1763368.0
2017-07-21,6.42,6.42,6.285,6.33,1903603.0
2017-07-24,6.33,6.375,6.315,6.36,1119368.0
2017-07-25,6.36,6.36,6.285,6.36,834290.0
2017-07-26,6.435,6.57,6.435,6.525,3345049.0
2017-07-27,6.525,6.585,6.45,6.51,1857633.0
2017-07-28,6.495,6.51,6.45,6.495,733530.0
2017-07-31,6.51,6.645,6.495,6.615,2542153.0
2017-08-01,6.615,6.72,6.585,6.66,1908825.0
2017-08-02,6.63,6.72,6.57,6.63,1746316.0
2017-08-03,6.6,6.69,6.585,6.66,1309410.0
2017-08-04,6.69,6.885,6.66,6.795,2857117.0
2017-08-07,6.735,6.78,6.66,6.735,1895601.0
2017-08-08,6.735,7.08,6.735,6.96,3468855.0
2017-08-09,7.05,7.2,6.96,7.2,3887596.0
2017-08-10,7.26,7.305,7.02,7.17,3348236.0
2017-08-11,7.155,7.305,6.885,6.93,3962948.0
2017-08-14,6.9,6.96,6.75,6.795,3060032.0
2017-08-15,6.75,6.75,6.63,6.705,2082198.0
2017-08-16,6.675,6.69,6.57,6.6,1761595.0
2017-08-17,6.765,6.855,6.72,6.84,2982673.0
2017-08-18,6.765,6.78,6.645,6.75,1336472.0
2017-08-21,6.765,6.78,6.675,6.78,1223194.0
2017-08-22,6.765,6.795,6.705,6.735,1020403.0
2017-08-23,6.705,6.705,6.6,6.615,1278740.0
2017-08-24,6.615,6.66,6.555,6.57,707977.0
2017-08-25,6.585,6.69,6.57,6.66,1141217.0
2017-08-28,6.675,6.75,6.615,6.72,2063501.0
2017-08-29,6.78,6.84,6.75,6.795,2233689.0
2017-08-30,6.765,6.84,6.72,6.765,1989679.0
2017-08-31,6.75,6.765,6.675,6.735,1176386.0
2017-09-01,6.765,7.245,6.765,7.17,5217841.0
2017-09-04,7.41,7.59,7.23,7.56,5780018.0
2017-09-05,7.47,7.59,7.35,7.515,3483377.0
2017-09-06,7.53,7.8,7.44,7.68,4630992.0
2017-09-07,7.545,7.62,7.335,7.365,2582370.0
2017-09-08,7.44,7.665,7.38,7.545,3365672.0
2017-09-11,7.38,7.41,7.2,7.35,4359503.0
2017-09-12,7.275,7.395,7.23,7.32,3062466.0
2017-09-13,7.275,7.305,7.155,7.185,2334600.0
2017-09-14,7.125,7.185,7.08,7.125,2127752.0
2017-09-15,7.17,7.215,7.095,7.125,1833566.0
2017-09-18,7.065,7.08,6.96,7.035,1924241.0
2017-09-19,7.05,7.11,7.005,7.095,1730068.0
2017-09-20,7.095,7.215,7.035,7.185,2189794.0
2017-09-21,7.11,7.14,6.945,6.96,2428119.0
2017-09-22,6.9,7.005,6.825,6.99,2367613.0
2017-09-25,6.96,6.99,6.885,6.975,1421633.0
2017-09-26,7.005,7.035,6.96,7.005,906039.0
2017-09-27,6.93,6.99,6.915,6.975,856864.0
2017-09-28,6.93,6.96,6.855,6.915,1398633.0
2017-09-29,6.915,6.96,6.855,6.915,1483530.0
2017-10-09,6.945,7.035,6.915,6.96,1776525.0
2017-10-10,6.975,6.99,6.9,6.96,1060081.0
2017-10-11,6.96,6.975,6.885,6.915,967350.0
2017-10-12,6.915,6.93,6.855,6.915,1078102.0
2017-10-13,6.9,6.975,6.9,6.96,992485.0
2017-10-16,6.975,7.155,6.93,7.125,3109890.0
2017-10-17,7.08,7.095,6.96,6.975,1821184.0
2017-10-18,6.96,7.02,6.915,7.005,1556943.0
2017-10-19,6.945,7.035,6.855,7.02,1599748.0
2017-10-20,6.975,7.08,6.945,7.02,1026842.0
2017-10-23,6.975,7.02,6.945,6.96,727085.0
2017-10-24,6.945,7.05,6.945,7.05,1391592.0
2017-10-25,7.005,7.11,6.99,7.065,1375575.0
2017-10-26,7.08,7.095,6.87,6.915,3558553.0
2017-10-27,6.885,6.9,6.66,6.69,3477769.0
2017-10-30,6.705,6.72,6.495,6.66,2159117.0
2017-10-31,6.615,6.66,6.6,6.645,763740.0
2017-11-01,6.645,6.69,6.6,6.63,1020504.0
2017-11-02,6.645,6.69,6.615,6.66,919435.0
2017-11-03,6.645,6.675,6.495,6.66,1733951.0
2017-11-06,6.6,6.63,6.57,6.63,777749.0
2017-11-07,6.645,6.78,6.63,6.705,1661340.0
2017-11-08,6.675,6.72,6.66,6.69,1002701.0
2017-11-09,6.69,6.72,6.675,6.705,757386.0
2017-11-10,6.705,6.735,6.645,6.66,751859.0
2017-11-13,6.63,6.66,6.585,6.615,1018460.0
2017-11-14,6.6,6.645,6.57,6.585,768484.0
2017-11-15,6.555,6.615,6.525,6.6,1063988.0
2017-11-16,6.57,6.57,6.51,6.51,871458.0
2017-11-17,6.495,6.66,6.48,6.645,1868467.0
2017-11-20,6.645,6.705,6.6,6.675,1093153.0
2017-11-21,6.63,6.645,6.6,6.63,696304.0
2017-11-22,6.63,6.72,6.615,6.705,1030819.0
2017-11-23,6.735,6.93,6.735,6.795,2928122.0
2017-11-24,6.75,6.855,6.66,6.855,1776399.0
2017-11-27,6.84,6.945,6.78,6.87,1964405.0
2017-11-28,6.855,6.9,6.735,6.87,1475553.0
2017-11-29,6.81,7.08,6.795,7.035,3540854.0
2017-11-30,7.005,7.095,6.945,7.035,1976534.0
2017-12-01,6.99,7.035,6.885,7.02,1419841.0
2017-12-04,6.96,7.08,6.96,7.02,1437161.0
2017-12-05,7.02,7.155,6.975,7.125,3875572.0
2017-12-06,7.035,7.035,6.885,6.96,2216858.0
2017-12-07,6.93,7.02,6.9,6.96,1227673.0
2017-12-08,6.885,6.93,6.84,6.9,1234429.0
2017-12-11,6.885,6.915,6.84,6.915,787794.0
2017-12-12,6.9,6.96,6.87,6.885,802842.0
2017-12-13,6.87,6.93,6.78,6.93,1234195.0
2017-12-14,6.945,7.095,6.93,7.005,1723027.0
2017-12-15,7.005,7.08,6.99,7.08,1601808.0
2017-12-18,7.08,7.095,7.02,7.095,1300372.0
2017-12-19,7.095,7.14,7.05,7.095,1109231.0
2017-12-20,7.08,7.125,6.975,7.095,1381656.0
2017-12-21,7.11,7.215,7.065,7.185,1897351.0
2017-12-22,7.17,7.47,7.155,7.35,3020811.0
2017-12-25,7.41,7.455,7.275,7.38,1855499.0
2017-12-26,7.35,7.44,7.305,7.38,1819127.0
2017-12-27,7.44,7.68,7.44,7.5,3410535.0
2017-12-28,7.485,8.145,7.47,8.145,9328026.0
2017-12-29,8.145,8.19,7.905,7.995,4930221.0
2018-01-02,8.1,8.28,7.83,8.025,9049692.0
2018-01-03,8.025,8.28,7.935,8.055,8005869.0
2018-01-04,7.95,8.235,7.86,8.145,7456906.0
2018-01-05,8.16,8.385,8.025,8.055,7099894.0
2018-01-08,7.98,8.46,7.935,8.385,7508152.0
2018-01-09,8.355,8.55,8.235,8.325,5555804.0
2018-01-10,8.28,8.49,8.25,8.34,4099911.0
2018-01-11,8.34,8.445,8.13,8.19,3665016.0
2018-01-12,8.16,8.175,8.01,8.07,3658569.0
2018-01-15,8.145,8.28,8.01,8.175,4214657.0
2018-01-16,8.175,8.205,8.04,8.16,3119444.0
2018-01-17,8.055,8.055,7.785,7.8,4449167.0
2018-01-18,7.74,7.89,7.71,7.83,2485754.0
2018-01-19,7.83,7.89,7.71,7.875,3175155.0
2018-01-22,7.83,7.965,7.785,7.95,2808034.0
2018-01-23,7.965,8.055,7.845,8.025,3024811.0
2018-01-24,7.935,7.935,7.74,7.89,3987787.0
2018-01-25,8.235,8.55,8.145,8.46,8766092.0
2018-01-26,8.325,8.46,8.28,8.43,4173277.0
2018-01-29,8.43,8.79,8.415,8.67,6624335.0
2018-01-30,8.58,8.79,8.46,8.52,4505419.0
2018-01-31,8.415,8.835,8.34,8.805,5112926.0
2018-02-01,8.805,8.955,8.625,8.73,5773003.0
2018-02-02,8.64,9.36,8.355,9.18,5953925.0
2018-02-05,8.925,9.405,8.88,9.225,5865411.0
2018-02-06,9.06,9.435,8.76,9.06,7221801.0
2018-02-07,9.195,9.255,8.58,8.79,6112642.0
2018-02-08,8.445,8.535,8.025,8.145,5770492.0
2018-02-09,7.8,7.935,7.44,7.665,6494343.0
2018-02-12,7.62,7.785,7.35,7.695,3366282.0
2018-02-13,7.785,7.875,7.635,7.74,3282701.0
2018-02-14,7.905,8.04,7.77,7.995,3253664.0
2018-02-22,8.085,8.34,7.98,8.265,3199937.0
2018-02-23,8.355,8.43,8.13,8.34,2605419.0
2018-02-26,8.385,8.535,8.19,8.445,3385131.0
2018-02-27,8.43,8.43,8.1,8.16,3688114.0
2018-02-28,7.965,8.175,7.875,8.01,2799896.0
2018-03-01,7.935,8.145,7.89,8.13,2516008.0
2018-03-02,8.01,8.13,7.935,8.025,1701692.0
2018-03-05,8.04,8.085,7.95,8.025,1784648.0
2018-03-06,8.04,8.085,7.77,7.995,3999755.0
2018-03-07,8.04,8.085,7.845,7.92,2288423.0
2018-03-08,8.04,8.52,8.04,8.34,6351666.0
2018-03-09,8.28,8.31,8.16,8.265,3410027.0
2018-03-12,8.355,8.445,8.22,8.325,4130338.0
2018-03-13,8.25,8.355,8.205,8.265,2262926.0
2018-03-14,8.235,8.475,8.22,8.43,3723022.0
2018-03-15,8.4,8.52,8.295,8.37,2825433.0
2018-03-16,8.31,8.34,8.19,8.19,2254193.0
2018-03-19,8.1,8.1,7.92,7.98,2611327.0
2018-03-20,7.92,7.98,7.875,7.965,1701236.0
2018-03-21,7.935,8.085,7.89,8.04,2136581.0
2018-03-22,8.085,8.13,7.875,7.965,2094546.0
2018-03-23,7.725,7.995,7.575,7.92,5194864.0
2018-03-26,7.95,8.13,7.815,7.89,3169028.0
2018-03-27,7.935,8.07,7.83,8.025,2958669.0
2018-03-28,7.89,7.98,7.785,7.845,2175631.0
2018-03-29,7.8,7.83,7.59,7.71,2982779.0
2018-03-30,7.74,7.755,7.59,7.635,2708155.0
2018-04-02,7.605,7.755,7.605,7.74,2916331.0
2018-04-03,7.71,7.8,7.605,7.62,2440839.0
2018-04-04,7.59,7.71,7.575,7.635,2041732.0
2018-04-09,7.62,7.65,7.53,7.53,2019189.0
2018-04-10,7.545,7.71,7.53,7.695,2425765.0
2018-04-11,7.785,7.92,7.71,7.89,3516988.0
2018-04-12,7.86,7.935,7.785,7.815,2522020.0
2018-04-13,7.71,7.755,7.65,7.665,1874503.0
2018-04-16,7.725,7.74,7.56,7.605,1788873.0
2018-04-17,7.65,7.65,7.365,7.425,2182571.0
2018-04-18,7.47,7.485,7.2,7.32,2123659.0
2018-04-19,7.41,7.56,7.41,7.515,1995158.0
2018-04-20,7.425,7.47,7.26,7.425,1783994.0
2018-04-23,7.35,7.38,7.26,7.29,1113121.0
2018-04-24,7.245,7.38,7.23,7.335,1235232.0
2018-04-25,7.29,7.365,7.245,7.32,1145192.0
2018-04-26,7.29,7.35,7.2,7.29,1280554.0
2018-04-27,7.29,7.32,7.185,7.29,1175123.0
2018-05-02,7.23,7.26,7.08,7.095,1360971.0
2018-05-03,7.095,7.125,6.93,7.05,1441321.0
2018-05-04,7.035,7.095,7.005,7.05,864440.0
2018-05-07,7.035,7.11,7.005,7.095,1052862.0
2018-05-08,7.08,7.26,7.065,7.23,1604793.0
2018-05-09,7.215,7.275,7.185,7.215,941219.0
2018-05-10,7.245,7.29,7.23,7.26,912035.0
2018-05-11,7.29,7.35,7.245,7.29,1167316.0
2018-05-14,7.29,7.305,7.215,7.26,865244.0
2018-05-15,7.26,7.275,7.095,7.2,1326188.0
2018-05-16,7.11,7.11,7.035,7.05,1271354.0
2018-05-17,7.05,7.065,6.96,6.99,1051650.0
2018-05-18,6.975,7.065,6.96,7.065,926074.0
2018-05-21,7.08,7.14,7.065,7.11,884361.0
2018-05-22,7.125,7.14,7.005,7.035,821826.0
2018-05-23,7.05,7.095,6.99,7.005,936069.0
2018-05-24,6.96,7.005,6.93,6.945,855911.0
2018-05-25,6.99,7.005,6.825,6.93,1214883.0
2018-05-28,6.885,6.9,6.765,6.825,998001.0
2018-05-29,6.795,6.855,6.75,6.84,982062.0
2018-05-30,6.795,6.93,6.75,6.87,1474892.0
2018-05-31,6.78,6.825,6.675,6.735,1709484.0
2018-06-01,6.72,6.72,6.6,6.63,1263842.0
2018-06-04,6.63,6.66,6.555,6.6,1066015.0
2018-06-05,6.585,6.705,6.585,6.69,1029808.0
2018-06-06,6.765,7.095,6.765,7.05,3482147.0
2018-06-07,7.155,7.245,7.005,7.05,2676087.0
2018-06-08,7.05,7.17,6.93,6.96,1938836.0
2018-06-11,6.99,7.17,6.99,7.14,1972549.0
2018-06-12,7.095,7.2,7.05,7.185,1651676.0
2018-06-13,7.11,7.125,7.05,7.11,1069746.0
2018-06-14,7.08,7.14,7.005,7.035,1052992.0
2018-06-15,7.005,7.08,6.735,7.05,1994866.0
2018-06-19,6.84,7.11,6.795,7.065,3637229.0
2018-06-20,6.975,6.99,6.78,6.885,1835785.0
2018-06-21,6.84,6.99,6.765,6.78,1197257.0
2018-06-22,6.75,6.84,6.675,6.81,732462.0
2018-06-25,6.885,6.885,6.69,6.705,815212.0
2018-06-26,6.615,6.63,6.51,6.6,1227998.0
2018-06-27,6.57,6.615,6.525,6.6,880456.0
2018-06-28,6.555,6.6,6.525,6.57,700006.0
2018-06-29,6.585,6.69,6.525,6.66,952404.0
2018-07-02,6.645,6.645,6.42,6.465,1080423.0
2018-07-03,6.42,6.45,6.345,6.45,984701.0
2018-07-04,6.45,6.63,6.435,6.585,1523508.0
2018-07-05,6.51,6.645,6.375,6.6,2339614.0
2018-07-06,6.525,6.585,6.465,6.54,1044956.0
2018-07-09,6.54,6.63,6.525,6.615,932136.0
2018-07-10,6.585,6.675,6.57,6.6,997122.0
2018-07-11,6.465,6.48,6.285,6.345,1727476.0
2018-07-12,6.3,6.435,6.285,6.42,1124188.0
2018-07-13,6.405,6.42,6.345,6.36,830515.0
2018-07-16,6.36,6.375,6.3,6.33,551704.0
2018-07-17,6.3,6.315,6.255,6.3,749827.0
2018-07-18,6.27,6.285,6.195,6.21,1109730.0
2018-07-19,6.225,6.24,6.135,6.15,802298.0
2018-07-20,6.12,6.18,6.06,6.165,1130839.0
2018-07-23,6.255,6.375,6.24,6.36,1970112.0
2018-07-24,6.33,6.645,6.315,6.6,2963225.0
2018-07-25,6.675,6.675,6.555,6.63,1691758.0
2018-07-26,6.63,6.675,6.525,6.585,1263545.0
2018-07-27,6.54,6.615,6.51,6.57,738586.0
2018-07-30,6.6,6.645,6.525,6.525,835099.0
2018-07-31,6.555,6.585,6.54,6.555,581531.0
2018-08-01,6.555,6.6,6.435,6.45,697002.0
2018-08-02,6.405,6.405,6.195,6.285,1281031.0
2018-08-03,6.24,6.27,6.18,6.195,779102.0
2018-08-06,6.195,6.27,6.12,6.165,885189.0
2018-08-07,6.165,6.36,6.075,6.33,1607522.0
2018-08-08,6.285,6.405,6.24,6.33,1411035.0
2018-08-09,6.285,6.465,6.27,6.435,1224943.0
2018-08-10,6.405,6.435,6.33,6.39,838955.0
2018-08-13,6.315,6.36,6.27,6.36,657285.0
2018-08-14,6.3,6.345,6.27,6.33,506378.0
2018-08-15,6.3,6.315,6.21,6.21,664317.0
2018-08-16,6.12,6.21,6.06,6.105,884962.0
2018-08-17,6.135,6.195,6.06,6.09,669706.0
2018-08-20,6.09,6.165,6.09,6.165,556599.0
2018-08-21,6.165,6.24,6.165,6.225,594734.0
2018-08-22,6.225,6.225,6.18,6.195,342210.0
2018-08-23,6.18,6.225,6.165,6.195,413099.0
2018-08-24,6.18,6.225,6.15,6.21,399820.0
2018-08-27,6.3,6.405,6.285,6.39,1292439.0
2018-08-28,6.42,6.435,6.36,6.39,899701.0
2018-08-29,6.375,6.45,6.36,6.39,903835.0
2018-08-30,6.39,6.45,6.315,6.33,714315.0
2018-08-31,6.345,6.39,6.285,6.345,689251.0
2018-09-03,6.345,6.345,6.255,6.3,578690.0
2018-09-04,6.3,6.39,6.3,6.345,614181.0
2018-09-05,6.315,6.375,6.285,6.3,581113.0
2018-09-06,6.36,6.435,6.315,6.33,1142599.0
2018-09-07,6.315,6.435,6.315,6.405,1014820.0
2018-09-10,6.405,6.42,6.27,6.27,803349.0
2018-09-11,6.27,6.285,6.18,6.24,712889.0
2018-09-12,6.225,6.27,6.18,6.225,480565.0
2018-09-13,6.3,6.36,6.27,6.345,755812.0
2018-09-14,6.33,6.45,6.315,6.42,1053381.0
2018-09-17,6.375,6.405,6.315,6.345,564361.0
2018-09-18,6.345,6.45,6.285,6.42,950417.0
2018-09-19,6.42,6.615,6.405,6.57,1784286.0
2018-09-20,6.555,6.615,6.525,6.54,1069613.0
2018-09-21,6.585,6.69,6.555,6.66,1457930.0
2018-09-25,6.66,6.75,6.6,6.645,1129694.0
2018-09-26,6.645,6.72,6.6,6.63,1154481.0
2018-09-27,6.66,6.675,6.57,6.57,941594.0
2018-09-28,6.525,6.615,6.51,6.6,873678.0
2018-10-08,6.51,6.6,6.42,6.45,1059331.0
2018-10-09,6.48,6.69,6.435,6.63,1521557.0
2018-10-10,6.69,6.84,6.645,6.78,2185980.0
2018-10-11,6.66,6.855,6.51,6.645,2335827.0
2018-10-12,6.78,6.84,6.645,6.72,2107413.0
2018-10-15,6.705,6.705,6.555,6.615,1469556.0
2018-10-16,6.6,6.63,6.165,6.255,2083465.0
2018-10-17,6.24,6.36,6.21,6.3,1072808.0
2018-10-18,6.255,6.27,6.12,6.18,1010017.0
2018-10-19,6.135,6.39,6.105,6.345,1293294.0
2018-10-22,6.375,6.57,6.36,6.495,1860479.0
2018-10-23,6.465,6.51,6.33,6.465,1430886.0
2018-10-24,6.42,6.57,6.405,6.51,1347413.0
2018-10-25,6.435,6.6,6.42,6.585,1714631.0
2018-10-26,6.525,6.63,6.51,6.57,1138657.0
2018-10-29,6.51,6.57,6.36,6.375,1348933.0
2018-10-30,6.33,6.405,6.27,6.36,959082.0
2018-10-31,6.36,6.405,6.285,6.375,987273.0
2018-11-01,6.375,6.525,6.33,6.495,1558055.0
2018-11-02,6.555,6.615,6.48,6.555,1872952.0
2018-11-05,6.54,6.615,6.525,6.57,1144729.0
2018-11-06,6.54,6.57,6.495,6.57,814640.0
2018-11-07,6.555,6.69,6.54,6.585,1343902.0
2018-11-08,6.555,6.57,6.45,6.465,973011.0
2018-11-09,6.42,6.48,6.345,6.375,788665.0
2018-11-12,6.33,6.405,6.3,6.405,1082779.0
2018-11-13,6.345,6.465,6.33,6.435,998135.0
2018-11-14,6.405,6.48,6.39,6.405,977168.0
2018-11-15,6.435,6.465,6.39,6.465,881727.0
2018-11-16,6.45,6.465,6.405,6.435,1044653.0
2018-11-19,6.45,6.465,6.42,6.45,1003148.0
2018-11-20,6.435,6.57,6.42,6.555,2126657.0
2018-11-21,6.525,6.555,6.465,6.54,1268908.0
2018-11-22,6.54,6.555,6.495,6.51,613508.0
2018-11-23,6.495,6.525,6.315,6.33,1273646.0
2018-11-26,6.3,6.345,6.225,6.255,881072.0
2018-11-27,6.255,6.3,6.225,6.255,563938.0
2018-11-28,6.24,6.255,6.18,6.255,998369.0
2018-11-29,6.315,6.42,6.3,6.315,1631902.0
2018-11-30,6.285,6.33,6.225,6.33,839900.0
2018-12-03,6.375,6.405,6.33,6.405,1126948.0
2018-12-04,6.39,6.405,6.345,6.405,1190890.0
2018-12-05,6.345,6.42,6.33,6.36,1438830.0
2018-12-06,6.375,6.42,6.33,6.345,972948.0
2018-12-07,6.33,6.375,6.315,6.345,500066.0
2018-12-10,6.405,6.48,6.39,6.435,1550089.0
2018-12-11,6.39,6.48,6.39,6.465,961026.0
2018-12-12,6.45,6.465,6.36,6.39,809438.0
2018-12-13,6.39,6.42,6.345,6.39,915357.0
2018-12-14,6.375,6.39,6.3,6.315,860161.0
2018-12-17,6.285,6.39,6.27,6.36,620259.0
2018-12-18,6.36,6.435,6.345,6.375,995746.0
2018-12-19,6.375,6.405,6.33,6.375,619506.0
2018-12-20,6.33,6.36,6.27,6.3,949846.0
2018-12-21,6.345,6.405,6.27,6.315,1085572.0
2018-12-24,6.315,6.36,6.285,6.33,593258.0
2018-12-25,6.345,6.375,6.285,6.33,955039.0
2018-12-26,6.3,6.33,6.255,6.3,929247.0
2018-12-27,6.315,6.33,6.21,6.225,920750.0
2018-12-28,6.225,6.255,6.21,6.255,546492.0
2019-01-02,6.18,6.18,5.76,5.76,3448939.0
2019-01-03,5.685,5.835,5.655,5.82,2236570.0
2019-01-04,5.805,5.88,5.775,5.865,1365240.0
2019-01-07,5.865,5.895,5.82,5.865,1409642.0
2019-01-08,5.865,5.865,5.79,5.805,1115054.0
2019-01-09,5.805,5.88,5.79,5.835,1020301.0
2019-01-10,5.85,5.88,5.82,5.85,821589.0
2019-01-11,5.835,5.85,5.805,5.82,657819.0
2019-01-14,5.835,5.85,5.79,5.82,766292.0
2019-01-15,5.805,5.82,5.76,5.82,978283.0
2019-01-16,5.805,5.82,5.7,5.73,1405846.0
2019-01-17,5.745,5.775,5.7,5.745,1136445.0
2019-01-18,5.745,5.79,5.715,5.79,1275839.0
2019-01-21,5.79,5.79,5.745,5.76,950265.0
2019-01-22,5.76,5.76,5.7,5.715,753378.0
2019-01-23,5.73,5.73,5.7,5.715,549320.0
2019-01-24,5.7,5.715,5.685,5.7,565915.0
2019-01-25,5.7,5.715,5.685,5.715,455092.0
2019-01-28,5.76,5.775,5.73,5.73,933967.0
2019-01-29,5.73,5.73,5.64,5.67,1051753.0
2019-01-30,5.685,5.7,5.67,5.7,491899.0
2019-01-31,5.715,5.775,5.685,5.715,1123798.0
2019-02-01,5.73,5.76,5.7,5.76,866998.0
2019-02-11,5.76,5.835,5.76,5.82,1523509.0
2019-02-12,5.805,5.865,5.79,5.865,1505066.0
2019-02-13,5.88,6.075,5.835,6.045,2779326.0
2019-02-14,6.03,6.03,5.955,6.0,1323194.0
2019-02-15,5.985,6.195,5.985,6.12,2486125.0
2019-02-18,6.15,6.375,6.15,6.345,2676942.0
2019-02-19,6.36,6.45,6.3,6.33,1980430.0
2019-02-20,6.465,6.615,6.405,6.51,3040601.0
2019-02-21,6.54,6.585,6.42,6.48,2278172.0
2019-02-22,6.375,6.465,6.345,6.465,1966051.0
2019-02-25,6.51,6.9,6.495,6.855,4212630.0
2019-02-26,6.765,6.93,6.735,6.78,3380287.0
2019-02-27,6.735,6.81,6.63,6.69,2746016.0
2019-02-28,6.675,6.72,6.585,6.615,1396671.0
2019-03-01,6.63,6.69,6.57,6.69,1317768.0
2019-03-04,6.675,6.81,6.615,6.69,2971073.0
2019-03-05,6.615,6.675,6.585,6.66,2129537.0
2019-03-06,6.675,6.84,6.66,6.795,3420727.0
2019-03-07,6.765,7.035,6.72,6.9,4680075.0
2019-03-08,6.765,6.78,6.54,6.57,3100323.0
2019-03-11,6.57,6.66,6.54,6.66,1845538.0
2019-03-12,6.69,6.705,6.6,6.645,2211041.0
2019-03-13,6.675,6.69,6.57,6.585,1695209.0
2019-03-14,6.585,6.66,6.39,6.42,1829586.0
2019-03-15,6.42,6.51,6.39,6.465,1492094.0
2019-03-18,6.465,6.6,6.465,6.585,1578443.0
2019-03-19,6.6,6.615,6.51,6.57,1487667.0
2019-03-20,6.555,6.615,6.48,6.555,1477025.0
2019-03-21,6.615,6.75,6.6,6.705,3133921.0
2019-03-22,6.675,6.69,6.585,6.63,1591070.0
2019-03-25,6.6,6.615,6.51,6.525,1856156.0
2019-03-26,6.57,6.63,6.465,6.495,1584702.0
2019-03-27,6.495,6.51,6.36,6.45,1519005.0
2019-03-28,6.39,6.45,6.36,6.42,1039035.0
2019-03-29,6.39,6.51,6.36,6.51,1677908.0
2019-04-01,6.57,6.825,6.555,6.72,3466487.0
2019-04-02,6.75,6.78,6.66,6.735,2356208.0
2019-04-03,6.69,6.825,6.66,6.795,2308357.0
2019-04-04,6.825,7.005,6.795,6.84,2884879.0
2019-04-08,6.885,6.96,6.765,6.87,3333524.0
2019-04-09,6.885,6.945,6.69,6.78,2571178.0
2019-04-10,6.765,6.795,6.69,6.765,1976667.0
2019-04-11,6.75,6.78,6.645,6.66,1569413.0
2019-04-12,6.6,6.63,6.51,6.57,1704246.0
2019-04-15,6.63,6.69,6.48,6.525,1602739.0
2019-04-16,6.495,6.705,6.465,6.69,2633798.0
2019-04-17,6.645,6.675,6.585,6.63,2260710.0
2019-04-18,6.615,6.69,6.555,6.585,1754097.0
2019-04-19,6.555,6.6,6.51,6.6,1582454.0
2019-04-22,6.615,6.63,6.51,6.555,1481022.0
2019-04-23,6.525,6.54,6.42,6.45,1466364.0
2019-04-24,6.435,6.48,6.39,6.48,1092022.0
2019-04-25,6.45,6.45,6.315,6.33,1727723.0
2019-04-26,6.3,6.345,6.24,6.24,1237999.0
2019-04-29,6.27,6.285,6.195,6.21,1276272.0
2019-04-30,6.195,6.24,6.165,6.225,1177842.0
2019-05-06,6.075,6.165,5.97,6.015,2304421.0
2019-05-07,6.015,6.06,5.97,6.06,1464274.0
2019-05-08,6.0,6.195,5.985,6.165,1620706.0
2019-05-09,6.09,6.12,6.03,6.045,1032814.0
2019-05-10,6.075,6.12,6.045,6.12,1141727.0
2019-05-13,6.075,6.09,6.045,6.045,610574.0
2019-05-14,6.09,6.18,6.09,6.12,1450786.0
2019-05-15,6.09,6.15,6.075,6.135,991466.0
2019-05-16,6.105,6.27,6.105,6.21,1506438.0
2019-05-17,6.165,6.18,6.045,6.06,1200718.0
2019-05-20,6.03,6.045,5.97,6.03,690481.0
2019-05-21,6.015,6.15,6.0,6.105,870656.0
2019-05-22,6.105,6.135,6.06,6.09,571099.0
2019-05-23,6.075,6.09,6.015,6.03,485458.0
2019-05-24,6.075,6.09,6.03,6.045,449993.0
2019-05-27,6.03,6.09,6.015,6.075,765074.0
2019-05-28,6.075,6.105,6.03,6.09,969310.0
2019-05-29,6.045,6.09,6.045,6.09,639919.0
2019-05-30,6.06,6.075,6.0,6.06,763435.0
2019-05-31,6.09,6.12,6.075,6.12,1138930.0
2019-06-03,6.195,6.285,6.15,6.255,2667959.0
2019-06-04,6.33,6.345,6.18,6.21,1712554.0
2019-06-05,6.21,6.3,6.18,6.285,1577104.0
2019-06-06,6.24,6.3,6.195,6.195,1215161.0
2019-06-10,6.195,6.195,6.075,6.12,1587615.0
2019-06-11,6.105,6.24,6.075,6.225,1546867.0
2019-06-12,6.195,6.465,6.18,6.375,3751304.0
2019-06-13,6.33,6.39,6.285,6.345,1843759.0
2019-06-14,6.375,6.48,6.3,6.465,2867104.0
2019-06-17,6.375,6.465,6.36,6.39,1782847.0
2019-06-18,6.36,6.465,6.36,6.45,1452467.0
2019-06-19,6.42,6.495,6.375,6.45,1796740.0
2019-06-20,6.6,6.765,6.525,6.69,5417938.0
2019-06-21,6.825,7.095,6.705,6.84,6772749.0
2019-06-24,6.93,6.99,6.81,6.87,3821637.0
2019-06-25,6.99,7.215,6.975,7.125,8345728.0
2019-06-26,6.945,6.975,6.72,6.75,5425187.0
2019-06-27,6.735,6.885,6.72,6.84,3096968.0
2019-06-28,6.93,7.065,6.87,6.9,3190987.0
2019-07-01,6.72,6.9,6.675,6.855,3039325.0
2019-07-02,6.81,6.93,6.765,6.915,2356535.0
2019-07-03,7.185,7.23,6.975,6.99,3394643.0
2019-07-04,6.975,7.02,6.78,6.825,2726806.0
2019-07-05,6.825,6.9,6.825,6.885,1333148.0
2019-07-08,6.795,6.825,6.69,6.795,1991713.0
2019-07-09,6.72,6.735,6.66,6.72,1002113.0
2019-07-10,6.675,6.72,6.6,6.615,1017989.0
2019-07-11,6.795,6.855,6.72,6.765,2110545.0
2019-07-12,6.705,6.735,6.63,6.675,1215739.0
2019-07-15,6.69,6.735,6.615,6.72,992421.0
2019-07-16,6.69,6.765,6.675,6.75,868712.0
2019-07-17,6.69,6.72,6.645,6.675,937197.0
2019-07-18,6.795,6.81,6.675,6.69,1322527.0
2019-07-19,6.825,6.93,6.765,6.9,2685175.0
2019-07-22,6.795,6.84,6.705,6.81,1447239.0
2019-07-23,6.735,6.81,6.735,6.81,929372.0
2019-07-24,6.795,6.855,6.78,6.855,1249484.0
2019-07-25,6.81,6.84,6.765,6.81,1283708.0
2019-07-26,6.75,6.765,6.69,6.765,1104885.0
2019-07-29,6.78,6.795,6.72,6.75,811507.0
2019-07-30,6.765,6.84,6.735,6.84,1676239.0
2019-07-31,6.825,6.9,6.795,6.885,1624588.0
2019-08-01,6.735,6.795,6.675,6.765,1676970.0
2019-08-02,6.855,6.885,6.735,6.765,1369289.0
2019-08-05,6.75,7.14,6.75,7.08,4581776.0
2019-08-06,7.095,7.17,6.87,6.93,3874615.0
2019-08-07,7.02,7.125,6.99,7.065,3230503.0
2019-08-08,7.17,7.215,7.035,7.095,2855911.0
2019-08-09,7.08,7.125,6.975,6.99,1951463.0
2019-08-12,6.975,6.975,6.9,6.96,1366389.0
2019-08-13,7.035,7.2,6.99,7.14,3094291.0
2019-08-14,6.945,7.035,6.915,6.975,2231813.0
2019-08-15,7.05,7.065,6.93,6.96,2185544.0
2019-08-16,6.975,7.005,6.93,6.96,1496298.0
2019-08-19,6.885,6.915,6.825,6.915,1986514.0
2019-08-20,6.855,6.96,6.825,6.945,1815903.0
2019-08-21,6.93,6.93,6.885,6.885,966722.0
2019-08-22,6.885,6.885,6.81,6.825,998388.0
2019-08-23,6.795,6.87,6.765,6.84,1002011.0
2019-08-26,6.99,7.05,6.9,6.93,2156233.0
2019-08-27,6.885,6.975,6.855,6.93,1820001.0
2019-08-28,6.93,6.945,6.825,6.855,1621540.0
2019-08-29,6.825,6.945,6.81,6.945,1579376.0
2019-08-30,6.855,6.945,6.84,6.885,1274456.0
2019-09-02,6.87,6.885,6.78,6.825,1814437.0
2019-09-03,6.81,6.825,6.72,6.75,1729525.0
2019-09-04,6.795,6.81,6.75,6.78,1848186.0
2019-09-05,6.795,6.87,6.78,6.84,1996600.0
2019-09-06,6.765,6.765,6.69,6.705,2224106.0
2019-09-09,6.705,6.72,6.66,6.72,1551970.0
2019-09-10,6.675,6.72,6.66,6.705,1240179.0
2019-09-11,6.69,6.765,6.675,6.735,1553445.0
2019-09-12,6.705,6.72,6.69,6.72,931116.0
2019-09-16,6.735,6.765,6.705,6.765,1191406.0
2019-09-17,6.735,6.735,6.615,6.63,1199512.0
2019-09-18,6.63,6.66,6.615,6.615,746652.0
2019-09-19,6.6,6.6,6.54,6.6,876858.0
2019-09-20,6.585,6.645,6.585,6.645,857677.0
2019-09-23,6.645,6.66,6.57,6.57,702505.0
2019-09-24,6.585,6.6,6.54,6.555,904213.0
2019-09-25,6.585,6.585,6.495,6.51,806830.0
2019-09-26,6.465,6.48,6.315,6.36,1522966.0
2019-09-27,6.345,6.36,6.315,6.33,788209.0
2019-09-30,6.33,6.345,6.285,6.3,576502.0
2019-10-08,6.3,6.345,6.27,6.285,567856.0
2019-10-09,6.3,6.405,6.3,6.375,746336.0
2019-10-10,6.375,6.405,6.345,6.39,598146.0
2019-10-11,6.375,6.405,6.345,6.405,488051.0
2019-10-14,6.375,6.42,6.36,6.39,1085568.0
2019-10-15,6.39,6.405,6.345,6.345,533696.0
2019-10-16,6.36,6.36,6.315,6.315,433269.0
2019-10-17,6.33,6.33,6.285,6.3,622596.0
2019-10-18,6.3,6.315,6.21,6.21,745818.0
2019-10-21,6.21,6.24,6.135,6.225,687421.0
2019-10-22,6.195,6.21,6.18,6.21,484050.0
2019-10-23,6.195,6.27,6.195,6.255,691126.0
2019-10-24,6.255,6.255,6.18,6.21,495560.0
2019-10-25,6.225,6.255,6.195,6.255,517270.0
2019-10-28,6.24,6.435,6.225,6.435,1798803.0
2019-10-29,6.39,6.42,6.36,6.36,702274.0
2019-10-30,6.36,6.435,6.345,6.42,1246477.0
2019-10-31,6.435,6.48,6.39,6.465,1084851.0
2019-11-01,6.495,6.54,6.42,6.45,1409778.0
2019-11-04,6.45,6.63,6.435,6.6,2014670.0
2019-11-05,6.6,6.645,6.555,6.6,1056773.0
2019-11-06,6.555,6.84,6.555,6.78,3040668.0
2019-11-07,6.765,6.81,6.69,6.78,1265468.0
2019-11-08,6.75,6.81,6.705,6.78,1321266.0
2019-11-11,6.735,6.75,6.615,6.645,1604082.0
2019-11-12,6.63,6.645,6.51,6.555,1130341.0
2019-11-13,6.66,6.825,6.6,6.63,2186833.0
2019-11-14,6.63,6.645,6.525,6.555,1593947.0
2019-11-21,6.585,6.72,6.585,6.69,2080162.0
2019-11-22,6.675,6.855,6.645,6.825,2029636.0
2019-11-25,6.9,7.095,6.84,7.05,2984474.0
2019-11-26,7.005,7.05,6.93,7.05,1494570.0
2019-11-27,7.02,7.02,6.84,6.915,1279166.0
2019-11-28,6.885,6.96,6.84,6.855,800129.0
2019-11-29,6.705,6.795,6.63,6.735,2557943.0
2019-12-02,6.795,7.065,6.765,6.945,2818176.0
2019-12-03,7.05,7.095,6.96,6.99,1662420.0
2019-12-04,7.05,7.095,6.99,7.05,2074605.0
2019-12-05,7.035,7.05,6.9,6.945,1570134.0
2019-12-06,6.93,6.975,6.87,6.915,1091720.0
2019-12-09,6.885,7.17,6.885,7.17,3044646.0
2019-12-10,7.17,7.395,7.14,7.335,3627109.0
2019-12-11,7.335,7.425,7.29,7.32,1590720.0
2019-12-12,7.425,7.47,7.29,7.29,1384608.0
2019-12-13,7.32,7.38,7.26,7.335,1257012.0
2019-12-16,7.335,7.35,7.2,7.32,1659286.0
2019-12-17,7.335,7.44,7.29,7.38,2097329.0
2019-12-18,7.365,7.38,7.32,7.35,1300682.0
2019-12-19,7.335,7.59,7.305,7.545,3105690.0
2019-12-20,7.545,7.56,7.38,7.425,2064325.0
2019-12-23,7.38,7.455,7.335,7.35,1164771.0
2019-12-24,7.365,7.605,7.29,7.575,2100252.0
2019-12-25,7.62,7.695,7.53,7.605,1694167.0
2019-12-26,7.575,7.755,7.545,7.68,1887370.0
2019-12-27,7.68,8.31,7.68,8.085,4768126.0
2019-12-30,8.115,8.295,7.95,8.13,2934266.0
2019-12-31,8.19,8.355,8.07,8.28,2922164.0
2020-01-02,8.325,8.67,8.295,8.52,3508567.0
2020-01-03,8.565,8.745,8.46,8.595,2740998.0
2020-01-06,8.805,8.925,8.37,8.685,5776023.0
2020-01-07,8.49,8.49,8.325,8.4,4024024.0
2020-01-08,8.58,8.64,8.31,8.445,4403377.0
2020-01-09,8.19,8.325,8.115,8.16,3875508.0
2020-01-10,8.145,8.22,8.085,8.205,2357123.0
2020-01-13,8.22,8.355,8.175,8.34,2039086.0
2020-01-14,8.34,8.715,8.325,8.505,3217511.0
2020-01-15,8.49,8.505,8.25,8.295,1894353.0
2020-01-16,8.295,8.325,8.13,8.175,1688681.0
2020-01-17,8.175,8.385,8.13,8.325,1799160.0
2020-01-20,8.295,8.31,8.115,8.205,1853567.0
2020-01-21,8.175,8.175,7.935,7.935,2558503.0
2020-01-22,7.89,8.1,7.71,8.04,1929378.0
2020-01-23,7.86,8.19,7.725,7.83,2954110.0
2020-02-03,7.185,7.47,7.185,7.185,4498318.0
2020-02-04,7.185,7.44,7.185,7.365,2781595.0
2020-02-05,7.335,7.575,7.29,7.44,3021992.0
2020-02-06,7.5,7.665,7.395,7.59,3025188.0
2020-02-07,7.53,7.665,7.44,7.545,2341591.0
2020-02-10,7.485,7.74,7.41,7.695,2924428.0
2020-02-11,7.665,7.965,7.635,7.755,2621611.0
2020-02-12,7.74,7.875,7.725,7.845,1690840.0
2020-02-13,7.845,7.92,7.785,7.875,1782125.0
2020-02-14,7.89,8.28,7.815,8.205,3368063.0
2020-02-17,8.22,8.34,8.115,8.31,2474188.0
2020-02-18,8.355,8.355,8.22,8.25,1990425.0
2020-02-19,8.355,8.4,8.19,8.28,2556137.0
2020-02-20,8.25,8.295,8.145,8.28,2169790.0
2020-02-21,8.34,8.55,8.265,8.445,3683692.0
2020-02-24,8.64,8.685,8.385,8.475,3649726.0
2020-02-25,8.25,8.43,8.19,8.25,3460982.0
2020-02-26,8.145,8.145,7.92,7.935,3518142.0
2020-02-27,7.935,8.055,7.86,8.01,1694574.0
2020-02-28,7.815,7.92,7.635,7.635,2603069.0
2020-03-02,7.62,7.905,7.62,7.845,1904850.0
2020-03-03,7.92,8.01,7.815,7.845,1709891.0
2020-03-04,7.995,8.04,7.8,7.89,2469414.0
2020-03-05,7.845,7.95,7.845,7.92,1904915.0
2020-03-06,7.995,8.025,7.92,7.965,2452603.0
2020-03-09,7.965,7.965,7.485,7.515,4154428.0
2020-03-10,7.335,7.5,7.275,7.455,3617264.0
2020-03-11,7.47,7.56,7.425,7.425,2237410.0
2020-03-12,7.26,7.32,7.185,7.275,2213174.0
2020-03-13,6.855,7.23,6.72,7.155,3188142.0
2020-03-16,7.155,7.155,6.795,6.855,2534540.0
2020-03-17,6.825,6.93,6.435,6.615,3407113.0
2020-03-18,6.69,6.765,6.495,6.51,2422837.0
2020-03-19,6.345,6.465,6.3,6.435,3068684.0
2020-03-20,6.495,6.63,6.39,6.585,2250929.0
2020-03-23,6.45,6.705,6.39,6.585,3153560.0
2020-03-24,6.975,7.095,6.81,7.005,5420243.0
2020-03-25,7.245,7.26,7.065,7.095,3671170.0
2020-03-26,6.99,7.17,6.93,7.05,2465703.0
2020-03-27,7.08,7.14,7.05,7.08,2011007.0
2020-03-30,6.96,7.065,6.9,6.93,1765987.0
2020-03-31,6.93,6.99,6.885,6.93,1354209.0
2020-04-01,6.855,6.99,6.795,6.99,1758529.0
2020-04-02,6.885,6.945,6.84,6.945,1688373.0
2020-04-03,6.945,7.095,6.93,6.945,2104457.0
2020-04-07,7.125,7.425,7.08,7.35,4265687.0
2020-04-08,7.245,7.38,7.215,7.32,1854353.0
2020-04-09,7.32,7.365,7.26,7.32,1525690.0
2020-04-10,7.53,7.545,7.32,7.35,2885641.0
2020-04-13,7.335,7.47,7.305,7.395,1460930.0
2020-04-14,7.545,7.935,7.485,7.815,5037744.0
2020-04-15,7.785,7.92,7.725,7.785,2716266.0
2020-04-16,7.695,7.77,7.605,7.77,2733898.0
2020-04-17,7.65,7.695,7.515,7.59,2729414.0
2020-04-20,7.515,7.65,7.455,7.605,1718168.0
2020-04-21,7.575,7.635,7.44,7.53,1599135.0
2020-04-22,7.47,7.53,7.425,7.485,1564362.0
2020-04-23,7.635,7.71,7.545,7.62,2649545.0
2020-04-24,7.59,7.77,7.56,7.74,2966951.0
2020-04-27,7.32,7.395,7.11,7.155,5885806.0
2020-04-28,7.155,7.365,7.035,7.35,3920691.0
2020-04-29,7.35,7.395,7.23,7.275,1398612.0
2020-04-30,7.29,7.32,7.185,7.26,1820319.0
2020-05-06,7.275,7.365,7.245,7.335,1492178.0
2020-05-07,7.29,7.44,7.26,7.32,1524424.0
2020-05-08,7.44,7.47,7.35,7.41,1486404.0
2020-05-11,7.38,7.425,7.305,7.32,1292906.0
2020-05-12,7.29,7.305,7.185,7.215,1619324.0
2020-05-13,7.215,7.245,7.17,7.215,1081109.0
2020-05-14,7.23,7.245,7.095,7.14,1325397.0
2020-05-15,7.2,7.335,7.17,7.305,2114546.0
2020-05-18,7.44,7.68,7.38,7.605,3706514.0
2020-05-19,7.515,7.56,7.395,7.425,2085081.0
2020-05-20,7.53,7.635,7.47,7.575,1878801.0
2020-05-21,7.56,7.62,7.41,7.44,1453820.0
2020-05-22,7.425,7.425,7.215,7.275,1550834.0
2020-05-25,7.23,7.23,7.11,7.155,1412230.0
2020-05-26,7.2,7.275,7.17,7.215,1144313.0
2020-05-27,7.14,7.155,7.065,7.095,1556997.0
2020-05-28,7.125,7.185,7.08,7.14,1423756.0
2020-05-29,7.095,7.125,7.02,7.065,1484324.0
2020-06-01,7.11,7.26,7.095,7.23,2041612.0
2020-06-02,7.23,7.275,7.155,7.215,1409082.0
2020-06-03,7.215,7.365,7.185,7.29,1813007.0
2020-06-04,7.215,7.245,7.155,7.17,1539070.0
2020-06-05,7.2,7.2,7.11,7.125,1229564.0
2020-06-08,7.2,7.44,7.2,7.41,3589206.0
2020-06-09,7.44,7.485,7.38,7.455,1765349.0
2020-06-10,7.545,7.575,7.365,7.41,1341889.0
2020-06-11,7.515,7.605,7.44,7.47,2049451.0
2020-06-12,7.29,7.395,7.26,7.35,1566472.0
2020-06-15,7.35,7.395,7.26,7.26,1385817.0
2020-06-16,7.29,7.425,7.275,7.395,1535382.0
2020-06-17,7.365,7.44,7.305,7.44,1647852.0
2020-06-18,7.47,7.665,7.38,7.62,3151643.0
2020-06-19,7.62,7.695,7.56,7.635,2033063.0
2020-06-22,7.71,7.905,7.695,7.77,2833327.0
2020-06-23,7.815,7.86,7.71,7.755,1453615.0
2020-06-24,7.89,8.01,7.875,7.965,2404471.0
2020-06-29,7.95,8.055,7.845,7.95,1917051.0
2020-06-30,7.95,8.025,7.86,7.995,1599635.0
2020-07-01,8.1,8.445,8.1,8.28,3362316.0
2020-07-02,8.16,8.37,8.16,8.325,2720794.0
2020-07-03,8.295,8.58,8.265,8.52,3301255.0
2020-07-06,8.55,9.09,8.55,9.06,5256662.0
2020-07-07,9.195,9.57,9.075,9.09,4632563.0
2020-07-08,9.135,9.795,9.105,9.765,5653148.0
2020-07-09,9.87,10.605,9.87,10.605,6902308.0
2020-07-10,10.395,10.395,9.855,9.885,6233832.0
2020-07-13,10.14,10.5,10.11,10.395,5761557.0
2020-07-14,10.065,10.32,9.945,10.125,4260615.0
2020-07-15,10.17,10.305,9.795,9.87,3681586.0
2020-07-16,9.765,10.065,9.495,9.555,3080091.0
2020-07-17,9.495,9.705,9.36,9.57,2431407.0
2020-07-20,9.735,9.975,9.675,9.96,3805121.0
2020-07-21,10.11,10.215,9.945,10.065,2985651.0
2020-07-22,10.56,10.665,10.275,10.32,3839733.0
2020-07-23,10.44,10.47,9.975,10.275,3059066.0
2020-07-24,10.215,10.35,9.855,9.99,3590669.0
2020-07-27,10.2,10.605,10.08,10.575,5816874.0
2020-07-28,10.89,10.995,10.095,10.185,6410761.0
2020-07-29,10.185,10.23,9.915,10.155,4196922.0
2020-07-30,10.2,10.335,9.99,10.02,2941103.0
2020-07-31,10.095,10.32,9.99,10.32,3499108.0
2020-08-03,10.245,10.365,10.11,10.305,3001286.0
2020-08-04,10.29,10.47,10.185,10.23,2850446.0
2020-08-05,10.5,10.62,10.275,10.605,4710204.0
2020-08-06,10.68,11.445,10.665,11.4,7182687.0
2020-08-07,11.4,12.015,11.31,11.505,7282523.0
2020-08-10,11.1,11.19,10.845,11.04,4085426.0
2020-08-11,10.845,11.07,10.545,10.59,3980656.0
2020-08-12,9.93,10.185,9.705,10.095,5965465.0
2020-08-13,10.11,10.2,9.945,10.125,1977101.0
2020-08-14,10.155,10.425,10.095,10.215,1812522.0
2020-08-17,10.17,10.785,10.08,10.71,3170220.0
2020-08-18,10.95,11.16,10.815,11.085,3051127.0
2020-08-19,11.085,11.325,10.965,11.295,4528177.0
2020-08-20,10.83,11.37,10.695,11.025,3551961.0
2020-08-21,11.04,11.145,10.785,10.845,2088460.0
2020-08-24,10.995,11.745,10.935,11.595,4921344.0
2020-08-25,11.685,11.685,11.055,11.445,3681698.0
2020-08-26,11.34,11.625,11.19,11.34,2641055.0
2020-08-27,11.535,11.61,11.175,11.265,1868348.0
2020-08-28,11.22,11.58,10.98,11.52,2596369.0
2020-08-31,11.7,12.525,11.685,12.33,7462874.0
2020-09-01,12.345,12.78,12.27,12.555,4448014.0
2020-09-02,12.42,12.51,12.075,12.24,3468975.0
2020-09-03,12.06,12.42,11.97,12.135,2701346.0
2020-09-04,11.925,12.33,11.91,12.045,2235353.0
2020-09-07,12.195,12.69,12.0,12.18,3507562.0
2020-09-08,12.03,12.225,11.61,12.105,3058372.0
2020-09-09,11.805,12.03,11.61,11.64,2330088.0
2020-09-10,11.895,12.3,11.79,12.015,3434757.0
2020-09-11,11.895,11.985,11.64,11.91,2142923.0
2020-09-14,12.045,12.405,11.82,12.255,2864992.0
2020-09-15,12.345,12.465,12.21,12.3,2373181.0
2020-09-16,12.12,12.255,11.925,12.105,1686208.0
2020-09-17,12.015,12.03,11.655,11.745,2336311.0
2020-09-18,11.835,12.12,11.775,12.09,2209225.0
2020-09-21,12.075,12.21,11.79,11.85,1980037.0
2020-09-22,11.445,11.7,11.31,11.385,2819165.0
2020-09-23,11.415,11.49,11.115,11.22,2568025.0
2020-09-24,10.965,10.995,10.545,10.575,3943618.0
2020-09-25,10.74,10.905,10.695,10.845,2207188.0
2020-09-28,10.875,10.965,10.68,10.83,1558395.0
2020-09-29,11.025,11.175,10.785,10.83,2081151.0
2020-09-30,10.92,10.98,10.65,10.77,1601177.0
2020-10-09,10.92,10.965,10.77,10.875,2556389.0
2020-10-12,10.905,11.43,10.905,11.415,2839801.0
2020-10-13,11.355,11.445,11.175,11.415,1438547.0
2020-10-14,11.16,11.355,11.1,11.28,1269641.0
2020-10-15,11.31,11.55,11.28,11.385,1323630.0
2020-10-16,11.595,11.775,11.385,11.43,1641057.0
2020-10-19,11.445,11.61,11.265,11.565,1462373.0
2020-10-20,11.61,11.775,11.4,11.67,1816486.0
2020-10-21,11.865,12.105,11.865,12.0,2509752.0
2020-10-22,12.03,12.045,11.835,11.985,1322486.0
2020-10-23,11.85,12.09,11.835,11.91,1230504.0
2020-10-26,11.91,12.15,11.7,12.105,1871011.0
2020-10-27,12.045,12.195,12.015,12.15,1258882.0
2020-10-28,12.12,12.39,12.045,12.285,1656741.0
2020-10-29,11.97,12.165,11.865,12.06,1508365.0
2020-10-30,12.105,12.465,11.97,12.03,1966059.0
2020-11-02,12.15,12.375,12.045,12.33,2020344.0
2020-11-03,12.435,13.38,12.375,13.02,4167177.0
2020-11-04,13.02,13.14,12.81,13.05,1987353.0
2020-11-05,13.155,13.245,12.81,13.035,2206846.0
2020-11-06,13.32,13.59,13.185,13.395,3183440.0
2020-11-09,13.575,13.8,13.47,13.74,2937043.0
2020-11-10,13.17,13.335,12.96,13.095,3895311.0
2020-11-11,13.065,13.17,12.795,12.84,2231263.0
2020-11-12,12.75,13.125,12.555,13.05,2480241.0
2020-11-13,13.095,13.2,12.825,13.005,1555713.0
2020-11-16,13.215,13.995,13.215,13.83,4026424.0
2020-11-17,13.83,14.16,13.71,13.86,2899422.0
2020-11-18,13.785,14.835,13.77,14.175,4670882.0
2020-11-19,14.07,14.19,13.71,14.115,2331697.0
2020-11-20,14.055,15.015,13.995,15.015,3415949.0
2020-11-23,15.285,15.69,14.775,15.285,4908666.0
2020-11-24,14.88,15.285,14.76,15.27,3680289.0
2020-11-25,15.225,15.645,14.445,14.475,5274695.0
2020-11-26,14.475,14.835,14.415,14.835,2967231.0
2020-11-27,15.045,15.195,14.565,14.97,2584833.0
2020-11-30,14.91,15.75,14.775,15.48,4303074.0
2020-12-01,15.24,15.63,15.12,15.63,2607390.0
2020-12-02,15.87,16.095,15.345,15.57,3301629.0
2020-12-03,15.375,15.48,14.7,14.835,3773818.0
2020-12-04,14.865,15.27,14.67,15.24,2677969.0
2020-12-07,15.15,15.315,14.61,14.76,2648612.0
2020-12-08,14.91,15.24,14.745,14.91,2857069.0
2020-12-09,14.925,15.12,14.565,14.61,2348364.0
2020-12-10,14.31,14.445,13.845,14.37,2977647.0
2020-12-11,14.76,14.805,13.98,14.19,2854863.0
2020-12-14,13.995,14.4,13.845,14.31,1912956.0
2020-12-15,14.175,14.22,13.71,14.04,2850117.0
2020-12-16,14.19,14.295,13.83,14.115,1955606.0
2020-12-17,14.16,14.79,14.115,14.79,3595536.0
2020-12-18,14.97,15.54,14.925,15.33,3749245.0
2020-12-21,15.54,15.765,15.285,15.63,2800666.0
2020-12-22,15.315,15.39,14.61,14.67,3915256.0
2020-12-23,14.55,14.82,14.325,14.7,2498467.0
2020-12-24,14.775,15.15,14.775,14.91,2009870.0
2020-12-25,14.94,15.495,14.61,15.45,2733569.0
2020-12-28,15.6,16.02,15.57,15.705,3210290.0
2020-12-29,15.81,15.87,15.195,15.195,2440644.0
2020-12-30,15.18,15.585,15.03,15.45,2451022.0
2020-12-31,15.525,15.69,15.285,15.48,2438900.0
2021-01-04,15.675,16.8,15.615,16.605,4451683.0
2021-01-05,16.68,16.92,16.32,16.86,3627382.0
2021-01-06,17.22,17.73,17.01,17.295,3827860.0
2021-01-07,17.19,18.525,17.115,18.315,4479541.0
2021-01-08,18.645,18.825,17.895,18.57,3894306.0
2021-01-11,17.895,18.225,17.295,17.55,4716888.0
2021-01-12,16.995,17.895,16.89,17.895,3303862.0
2021-01-13,17.925,18.885,17.31,17.565,4465501.0
2021-01-14,17.475,17.625,17.01,17.19,2489240.0
2021-01-15,17.43,17.865,16.905,17.385,2659116.0
2021-01-18,16.995,17.61,16.44,17.58,2976873.0
2021-01-19,17.37,17.655,16.755,16.965,2415156.0
2021-01-20,16.965,17.535,16.965,17.385,2075437.0
2021-01-21,17.595,18.27,17.475,18.0,3274005.0
2021-01-22,17.85,18.03,17.535,17.79,2090613.0
2021-01-25,17.805,18.555,17.625,18.12,3021295.0
2021-01-26,18.045,18.045,17.31,17.655,2688775.0
2021-01-27,17.73,17.925,16.77,17.175,2645933.0
2021-01-28,16.545,16.86,15.945,16.065,3518938.0
2021-01-29,16.395,16.545,15.51,15.945,2771400.0
2021-02-01,16.455,17.265,16.275,17.205,3552252.0
2021-02-02,17.265,17.88,17.04,17.745,2808000.0
2021-02-03,17.43,17.685,16.92,17.28,2814689.0
2021-02-04,17.295,17.385,16.59,16.77,1866061.0
2021-02-05,16.53,17.055,16.14,16.245,2633404.0
2021-02-08,16.695,17.52,16.635,17.43,3024480.0
2021-02-09,18.015,18.57,17.715,18.555,3471000.0
2021-02-10,18.75,19.965,18.69,19.665,4267623.0
2021-02-18,21.48,21.48,21.48,21.48,817538.0
2021-02-19,22.05,22.71,20.88,22.005,10088024.0
2021-02-22,23.235,24.045,23.025,23.49,10318891.0
2021-02-23,22.695,23.355,22.2,22.32,7172832.0
2021-02-24,22.47,22.95,20.37,21.195,7639292.0
2021-02-25,22.02,22.155,20.865,21.015,5468067.0
2021-02-26,19.83,20.385,19.515,19.83,6361449.0
2021-03-01,19.875,20.145,19.185,20.025,5318990.0
2021-03-02,19.695,19.695,18.87,19.17,4957000.0
2021-03-03,19.485,20.07,19.245,20.025,5221990.0
2021-03-04,19.44,19.59,18.345,18.72,6036985.0
2021-03-05,17.715,18.24,17.445,18.045,5329568.0
2021-03-08,18.54,18.645,17.43,17.55,4181965.0
2021-03-09,17.595,18.15,16.56,17.61,5052061.0
2021-03-10,17.73,17.745,17.07,17.28,2964778.0
2021-03-11,17.52,18.855,17.355,18.855,5729979.0
2021-03-12,19.11,19.2,18.135,18.57,4608702.0
2021-03-15,18.495,19.005,18.0,18.42,4182744.0
2021-03-16,18.465,18.495,17.67,18.21,3053935.0
2021-03-17,17.745,18.21,17.535,18.18,2444710.0
2021-03-18,18.645,18.9,18.27,18.315,3025835.0
2021-03-19,17.775,18.09,17.58,17.79,3606422.0
2021-03-22,17.67,17.805,17.16,17.535,3112959.0
2021-03-23,17.715,17.805,16.545,16.74,4379617.0
2021-03-24,16.395,16.59,15.495,15.585,5733232.0
2021-03-25,15.72,16.23,15.66,15.885,3972658.0
2021-03-26,15.945,16.575,15.825,16.41,4088982.0
2021-03-29,16.425,16.545,16.02,16.44,2950060.0
2021-03-30,16.26,16.785,16.065,16.44,2960793.0
2021-03-31,16.26,16.29,15.72,15.975,3417478.0
2021-04-01,16.125,16.275,15.96,16.155,2308157.0
2021-04-02,16.32,16.755,16.275,16.74,3953497.0
2021-04-06,17.07,17.205,16.74,16.77,3060849.0
2021-04-07,16.92,16.98,16.395,16.905,2530684.0
2021-04-08,16.845,17.565,16.65,17.34,4099223.0
2021-04-09,17.43,17.475,16.92,16.98,2277268.0
2021-04-12,16.8,16.8,15.945,16.065,3825770.0
2021-04-13,15.93,16.29,15.81,16.095,2154622.0
2021-04-14,16.125,16.5,16.125,16.44,2223546.0
2021-04-15,16.695,16.905,16.245,16.86,2835967.0
2021-04-16,17.4,17.58,16.845,16.89,4119578.0
2021-04-19,16.905,17.52,16.515,17.52,3998967.0
2021-04-20,17.295,17.835,17.235,17.655,3751638.0
2021-04-21,17.295,17.535,17.07,17.37,2409943.0
2021-04-22,17.535,17.79,17.325,17.445,2588948.0
2021-04-23,17.385,17.775,17.16,17.715,2855180.0
2021-04-26,18.09,18.645,17.94,18.27,4862268.0
2021-04-27,18.525,18.855,18.06,18.48,4908818.0
2021-04-28,18.075,18.39,17.82,18.18,2991605.0
2021-04-29,18.51,18.765,18.285,18.585,3528537.0
2021-04-30,18.345,18.66,17.82,18.09,3699751.0
2021-05-06,18.885,19.5,18.66,18.855,4983833.0
2021-05-07,19.5,19.68,19.305,19.425,5015633.0
2021-05-10,20.07,20.295,19.74,20.07,5777916.0
2021-05-11,19.395,19.395,18.51,18.915,5339787.0
2021-05-12,18.795,19.215,18.66,19.17,2670460.0
2021-05-13,18.435,18.66,18.045,18.165,4016874.0
2021-05-14,18.06,18.225,17.595,18.135,3599663.0
2021-05-17,18.225,18.795,18.045,18.72,3829054.0
2021-05-18,19.155,19.365,18.93,19.14,2937177.0
2021-05-19,18.9,18.9,18.525,18.675,2606923.0
2021-05-20,17.895,18.195,17.445,17.94,4404490.0
2021-05-21,17.745,18.09,17.55,17.775,2736405.0
2021-05-24,17.385,17.685,17.28,17.475,2610638.0
2021-05-25,17.58,18.06,17.37,17.94,3091889.0
2021-05-26,17.94,18.33,17.865,18.135,2646250.0
2021-05-27,18.33,18.405,17.985,18.255,2357827.0
2021-05-28,18.705,18.81,18.33,18.33,2844792.0
2021-05-31,18.48,18.615,18.18,18.39,2742092.0
2021-06-01,18.27,18.705,18.15,18.705,2992101.0
2021-06-02,18.495,18.645,18.27,18.315,2410513.0
2021-06-03,18.255,18.45,18.045,18.045,2647300.0
2021-06-04,17.31,18.0,17.13,17.805,4028981.0
2021-06-07,17.85,18.525,17.82,18.3,3323563.0
2021-06-08,18.48,18.57,18.03,18.135,2614843.0
2021-06-09,18.345,18.345,17.91,18.165,2073772.0
2021-06-10,18.195,18.405,18.12,18.15,2160829.0
2021-06-11,18.225,18.45,17.76,18.045,4185145.0
2021-06-15,17.865,17.895,17.145,17.25,4608054.0
2021-06-16,16.95,17.13,16.395,16.455,4167369.0
2021-06-17,16.215,16.65,16.14,16.35,2518478.0
2021-06-18,15.84,16.305,15.615,16.2,3989625.0
2021-06-21,16.005,16.32,15.9,16.185,2435464.0
2021-06-22,16.335,16.38,16.11,16.215,2271731.0
2021-06-23,16.29,16.305,16.08,16.215,2357807.0
2021-06-24,16.29,16.35,15.975,16.14,2074157.0
2021-06-25,16.17,16.8,16.17,16.77,3718212.0
2021-06-28,16.77,16.77,16.425,16.5,2393325.0
2021-06-29,16.44,16.44,15.9,16.02,2876443.0
2021-06-30,16.005,16.17,15.825,16.08,1413391.0
2021-07-01,16.155,16.23,15.96,16.23,1594861.0
2021-07-02,16.365,16.68,16.23,16.305,3023689.0
2021-07-05,16.32,16.665,16.305,16.59,2982471.0
2021-07-06,16.71,16.77,16.395,16.605,2452103.0
2021-07-07,16.29,16.65,16.185,16.53,2448612.0
2021-07-08,16.65,16.68,16.065,16.14,3071226.0
2021-07-09,16.17,17.07,16.05,16.935,5249900.0
2021-07-12,17.445,17.775,17.145,17.295,5157509.0
2021-07-13,17.175,17.475,16.77,16.95,2878403.0
2021-07-14,16.77,16.77,16.395,16.455,3030917.0
2021-07-15,16.485,16.785,16.2,16.77,2998067.0
2021-07-16,16.725,17.025,16.545,16.725,2715066.0
2021-07-19,16.605,16.8,16.5,16.68,2553947.0
2021-07-20,16.38,16.395,16.155,16.305,2745884.0
2021-07-21,16.35,16.485,16.2,16.455,2934608.0
2021-07-22,16.38,16.875,16.275,16.77,3741774.0
2021-07-23,16.77,17.295,16.725,16.92,4382451.0
2021-07-26,17.25,17.4,16.65,16.995,4658782.0
2021-07-27,17.505,18.42,17.43,17.685,9276306.0
2021-07-28,17.49,17.625,16.59,16.755,5513004.0
2021-07-29,16.995,17.175,16.605,17.085,3929590.0
2021-07-30,17.085,17.325,16.86,17.1,2914208.0
2021-08-02,17.295,18.225,16.965,17.94,5836193.0
2021-08-03,17.865,17.88,17.22,17.34,4103424.0
2021-08-04,17.355,17.61,17.055,17.52,3574103.0
2021-08-05,17.22,17.355,16.965,17.145,3426799.0
2021-08-06,17.07,17.865,17.07,17.745,5001371.0
2021-08-09,17.175,18.105,17.04,17.76,4094762.0
2021-08-10,17.565,17.745,17.325,17.55,2942652.0
2021-08-11,17.7,17.955,17.445,17.61,3370276.0
2021-08-12,17.655,18.45,17.49,18.24,6640560.0
2021-08-13,18.075,18.735,17.895,18.66,5079576.0
2021-08-16,18.885,19.485,18.45,18.48,5390132.0
2021-08-17,18.33,18.885,17.895,18.15,4482479.0
2021-08-18,17.91,18.195,17.625,18.09,3599156.0
2021-08-19,17.655,17.7,16.89,17.235,5911930.0
2021-08-20,16.92,16.935,16.575,16.785,4143106.0
2021-08-23,16.92,17.1,16.755,16.935,2965107.0
2021-08-24,17.1,17.37,17.04,17.205,3048599.0
2021-08-25,17.205,17.655,16.92,17.505,3457526.0
2021-08-26,17.37,17.73,17.28,17.31,2958800.0
2021-08-27,17.19,17.475,17.145,17.4,2787065.0
2021-08-30,17.715,18.255,17.52,18.06,5364109.0
2021-08-31,17.925,18.39,17.7,18.39,4827965.0
2021-09-01,18.405,18.585,17.58,17.76,4762008.0
2021-09-02,17.61,18.285,17.55,18.075,3718418.0
2021-09-03,18.255,18.855,18.135,18.33,4780810.0
2021-09-06,18.555,18.645,17.865,18.15,3825720.0
2021-09-07,18.165,18.36,17.955,18.195,3550527.0
2021-09-08,18.09,18.285,17.745,18.0,4234737.0
2021-09-09,17.88,19.08,17.82,18.87,7913568.0
2021-09-10,18.855,20.4,18.795,19.68,9202066.0
2021-09-13,20.145,20.745,19.92,20.31,7205411.0
2021-09-14,19.875,20.055,19.23,19.305,5723382.0
2021-09-15,19.125,19.23,18.69,19.005,3567479.0
2021-09-16,19.275,19.47,18.375,18.39,3905041.0
2021-09-17,17.955,18.33,17.61,17.94,3748194.0
2021-09-22,17.475,17.82,17.37,17.79,2761474.0
2021-09-23,17.91,18.0,17.505,17.595,2734842.0
2021-09-24,17.505,17.67,17.19,17.235,2907512.0
2021-09-27,17.22,17.28,16.74,16.92,2913272.0
2021-09-28,16.935,17.265,16.86,17.055,1921619.0
2021-09-29,16.875,16.95,16.59,16.755,2246565.0
2021-09-30,16.725,16.875,16.695,16.86,1234598.0
2021-10-08,17.115,17.175,16.815,17.115,1519314.0
2021-10-11,17.82,18.525,17.655,18.285,5557334.0
2021-10-12,18.195,18.195,17.52,17.955,3160280.0
2021-10-13,17.79,17.895,17.565,17.79,1468955.0
2021-10-14,18.225,18.735,18.225,18.42,3848600.0
2021-10-15,18.525,19.65,18.525,18.915,5149372.0
2021-10-18,19.275,19.425,18.495,19.065,5290884.0
2021-10-19,18.825,19.545,18.63,19.425,4101103.0
2021-10-20,18.795,18.915,18.465,18.705,4286706.0
2021-10-21,18.87,19.095,18.6,18.735,2840467.0
2021-10-22,18.375,18.585,18.075,18.405,3056976.0
2021-10-25,18.405,18.63,18.045,18.465,1943670.0
2021-10-26,18.615,18.93,18.39,18.69,2249687.0
2021-10-27,18.525,18.615,17.985,18.06,2761862.0
2021-10-28,17.775,17.955,17.28,17.49,2865333.0
2021-10-29,17.61,17.685,17.28,17.415,2088858.0
2021-11-01,17.28,17.565,17.145,17.445,2102253.0
2021-11-02,17.43,17.505,16.8,17.07,3157974.0
2021-11-03,17.07,17.115,16.845,17.025,2316268.0
2021-11-04,17.04,17.115,16.905,17.115,1882139.0
2021-11-05,16.98,17.1,16.95,16.995,1508680.0
2021-11-08,17.175,17.685,17.175,17.49,2912390.0
2021-11-09,17.625,17.7,17.34,17.565,1650746.0
2021-11-10,17.535,17.595,17.25,17.55,1688849.0
2021-11-11,17.475,17.82,17.475,17.76,2000248.0
2021-11-12,17.865,18.15,17.82,17.835,1789491.0
2021-11-15,17.85,18.075,17.475,17.565,1609097.0
2021-11-16,17.58,17.64,17.205,17.265,1630758.0
2021-11-17,17.19,17.385,17.145,17.355,1034528.0
2021-11-18,17.205,17.385,17.205,17.265,1352042.0
2021-11-19,17.265,17.4,17.085,17.37,1658843.0
2021-11-22,17.385,17.565,17.28,17.535,1557004.0
2021-11-23,17.475,17.745,17.415,17.595,1637682.0
2021-11-24,17.625,17.655,17.265,17.385,1551711.0
2021-11-25,17.445,17.58,17.235,17.52,1473531.0
2021-11-26,17.385,17.415,17.22,17.265,1369332.0
2021-11-29,17.025,17.385,16.845,17.1,1965921.0
2021-11-30,17.13,17.205,16.92,16.95,1647716.0
2021-12-01,16.86,16.98,16.725,16.935,1733966.0
2021-12-02,16.86,16.935,16.74,16.785,1715981.0
2021-12-03,16.8,16.905,16.68,16.905,1807956.0
2021-12-06,16.905,17.115,16.815,16.98,1657100.0
2021-12-07,17.115,17.145,16.965,17.1,1548533.0
2021-12-08,17.235,17.235,17.1,17.175,1496969.0
2021-12-09,17.235,17.31,17.145,17.265,1794963.0
2021-12-10,17.19,17.205,16.965,17.115,1522686.0
2021-12-13,17.145,17.46,17.1,17.295,2254592.0
2021-12-14,17.175,17.205,16.875,16.935,2017461.0
2021-12-15,16.89,16.905,16.77,16.8,1532636.0
2021-12-16,16.8,16.935,16.725,16.89,1549272.0
2021-12-17,16.995,17.22,16.965,16.98,1840076.0
2021-12-20,16.755,16.905,16.605,16.665,2346611.0
2021-12-21,16.635,16.74,16.605,16.71,814911.0
2021-12-22,16.71,16.785,16.635,16.68,1000507.0
2021-12-23,16.725,16.845,16.665,16.77,1086667.0
2021-12-24,16.77,16.77,16.17,16.26,2297536.0
2021-12-27,16.365,16.365,16.035,16.095,1309903.0
2021-12-28,16.155,16.335,16.065,16.29,1279473.0
2021-12-29,16.275,16.305,16.095,16.155,1050926.0
2021-12-30,16.2,16.335,16.11,16.185,905550.0
2021-12-31,16.23,16.32,16.155,16.275,805447.0
2022-01-04,16.275,16.515,16.155,16.455,1519378.0
2022-01-05,16.425,16.515,16.305,16.38,1178566.0
2022-01-06,16.29,16.44,16.2,16.23,1122243.0
2022-01-07,16.2,16.215,15.675,15.78,2885984.0
2022-01-10,15.78,15.87,15.69,15.825,1302564.0
2022-01-11,15.855,15.96,15.795,15.87,1070300.0
2022-01-12,15.96,16.86,15.96,16.74,4381829.0
2022-01-13,17.07,17.415,16.8,16.815,3890683.0
2022-01-14,16.725,16.74,16.395,16.455,1953089.0
2022-01-17,16.5,16.515,16.095,16.245,1977775.0
2022-01-18,16.35,16.86,16.23,16.635,2477052.0
2022-01-19,16.65,16.74,16.47,16.56,1592932.0
2022-01-20,16.845,17.04,16.8,16.905,2789290.0
2022-01-21,16.92,17.25,16.68,17.13,2934297.0
2022-01-24,16.92,17.175,16.89,17.16,1791004.0
2022-01-25,17.01,17.4,16.875,16.89,2286601.0
2022-01-26,17.025,17.13,16.695,16.995,1406940.0
2022-01-27,17.025,17.025,16.575,16.59,1777453.0
2022-01-28,16.545,16.71,16.14,16.365,1480190.0
2022-02-07,16.77,17.145,16.755,17.1,2426358.0
2022-02-08,17.145,17.25,16.92,17.25,1904749.0
2022-02-09,17.34,18.06,17.28,17.895,3938408.0
2022-02-10,18.255,18.84,18.255,18.54,5263394.0
2022-02-11,18.63,19.155,18.3,18.315,3535303.0
2022-02-14,18.315,18.585,18.18,18.315,2360922.0
2022-02-15,18.42,18.45,17.865,18.075,2147869.0
2022-02-16,17.97,18.27,17.88,18.12,1626926.0
2022-02-17,18.135,18.705,18.105,18.63,2778046.0
2022-02-18,18.735,18.735,18.345,18.57,1839773.0
2022-02-21,18.435,18.795,18.285,18.405,1543112.0
2022-02-22,18.48,18.615,18.165,18.525,1910847.0
2022-02-23,18.39,18.435,17.97,18.105,2607324.0
2022-02-24,18.045,18.66,17.985,18.225,4373598.0
2022-02-25,18.06,18.48,17.7,18.15,2842964.0
2022-02-28,18.225,18.645,18.0,18.555,3057386.0
2022-03-01,18.57,18.615,18.18,18.45,2025661.0
2022-03-02,18.765,19.005,18.69,18.825,3200603.0
2022-03-03,19.005,19.86,19.005,19.53,4552315.0
2022-03-04,19.44,19.68,19.005,19.095,2952382.0
2022-03-07,19.74,19.98,19.32,19.47,4178085.0
2022-03-08,18.885,19.41,18.375,18.84,4111586.0
2022-03-09,18.945,19.125,17.955,18.63,3078343.0
2022-03-10,18.24,18.435,17.88,18.195,2897227.0
2022-03-11,18.06,18.195,17.7,18.195,1981855.0
2022-03-14,17.85,18.0,17.385,17.4,2166905.0
2022-03-15,16.83,16.935,16.005,16.05,3782242.0
2022-03-16,16.275,16.95,15.705,16.905,2937559.0
2022-03-17,17.175,17.46,16.95,17.175,2131020.0
2022-03-18,17.265,17.76,17.085,17.67,1969446.0
2022-03-21,17.955,18.315,17.55,18.225,2350342.0
2022-03-22,18.135,18.81,18.075,18.675,2544176.0
2022-03-23,18.825,18.825,18.495,18.735,1709244.0
2022-03-24,18.87,19.47,18.855,19.29,2674066.0
2022-03-25,19.2,19.44,18.945,19.005,2016759.0
2022-03-28,18.885,19.26,18.6,19.065,1922005.0
2022-03-29,18.975,19.32,18.93,19.11,1393731.0
2022-03-30,19.095,19.095,18.75,18.915,1796862.0
2022-03-31,19.02,19.26,18.6,18.735,1483666.0
2022-04-01,18.78,19.11,18.525,18.9,1318667.0
2022-04-06,19.005,19.395,18.825,19.125,1375547.0
2022-04-07,18.9,19.245,18.795,19.02,1237283.0
2022-04-08,19.125,19.8,19.11,19.65,3239898.0
2022-04-11,19.725,19.755,18.945,19.245,2457562.0
2022-04-12,19.275,19.41,18.87,19.245,1705593.0
2022-04-13,19.395,20.835,19.32,20.52,4158214.0
2022-04-14,20.64,21.09,20.355,20.835,2582894.0
2022-04-15,20.37,21.015,19.845,19.92,3518681.0
2022-04-18,19.875,20.025,19.545,19.755,1673354.0
2022-04-19,20.025,20.265,19.59,19.725,2256734.0
2022-04-20,19.455,19.725,18.825,18.885,2324007.0
2022-04-21,18.765,18.945,18.09,18.24,1889692.0
2022-04-22,18.075,18.9,17.79,18.72,1936330.0
2022-04-25,18.045,18.375,17.52,17.655,2497792.0
2022-04-26,17.655,17.715,16.86,17.085,2343086.0
2022-04-27,16.995,18.225,16.965,18.06,2924730.0
2022-04-28,18.075,18.09,17.595,17.925,1583134.0
2022-04-29,17.97,18.345,17.745,18.33,2298765.0
2022-05-05,18.105,18.135,17.61,17.985,2470282.0
2022-05-06,17.31,17.355,16.725,16.83,3384541.0
2022-05-09,16.68,16.71,16.215,16.425,2974196.0
2022-05-10,15.975,16.2,15.615,16.17,4628873.0
2022-05-11,15.99,16.665,15.765,16.425,4102623.0
2022-05-12,16.125,16.335,15.825,16.02,3255540.0
2022-05-13,15.96,16.08,15.72,16.02,2548052.0
2022-05-16,16.095,16.275,15.975,16.275,2364989.0
2022-05-17,16.395,16.695,16.275,16.68,3095363.0
2022-05-18,16.725,16.755,16.305,16.41,2346618.0
2022-05-19,16.035,16.365,15.96,16.305,1707738.0
2022-05-20,16.485,16.83,16.41,16.755,3037676.0
2022-05-23,16.875,16.875,16.575,16.74,2088174.0
2022-05-24,16.74,16.95,16.275,16.29,2497696.0
2022-05-25,16.41,16.62,16.29,16.575,1875394.0
2022-05-26,16.65,16.65,16.23,16.515,1916656.0
2022-05-27,16.665,16.8,16.485,16.62,2010109.0
2022-05-30,16.71,17.1,16.665,16.89,2655276.0
2022-05-31,16.845,16.86,16.65,16.815,1765271.0
2022-06-01,16.8,16.8,16.35,16.515,2499210.0
2022-06-02,16.425,16.53,16.32,16.53,1444212.0
2022-06-06,16.665,17.355,16.665,17.325,4335294.0
2022-06-07,17.37,17.43,17.085,17.175,2199497.0
2022-06-08,17.265,17.325,16.92,17.235,2364590.0
2022-06-09,17.16,17.31,16.965,17.145,1799588.0
2022-06-10,16.98,17.31,16.74,17.31,2296790.0
2022-06-13,17.04,17.295,17.025,17.205,2153132.0
2022-06-14,16.875,17.04,16.515,17.04,3179684.0
2022-06-15,16.965,17.235,16.845,16.995,3153374.0
2022-06-16,17.115,17.145,16.83,16.875,2292917.0
2022-06-17,16.725,16.905,16.65,16.845,2586041.0
2022-06-20,16.725,16.725,16.275,16.41,4794552.0
2022-06-21,16.395,16.395,16.05,16.17,3176652.0
2022-06-22,16.2,16.26,15.84,15.9,3431573.0
2022-06-23,15.825,15.975,15.765,15.975,2609653.0
2022-06-24,15.75,15.9,15.69,15.825,3539979.0
2022-06-27,15.825,16.2,15.735,15.96,4518057.0
2022-06-28,15.96,16.08,15.81,16.065,3230940.0
2022-06-29,15.96,16.02,15.765,15.825,2928234.0
2022-06-30,15.975,16.095,15.915,16.02,2726172.0
2022-07-01,16.02,16.335,15.87,16.23,3205595.0
2022-07-04,16.125,16.14,15.96,16.065,2614843.0
2022-07-05,16.065,16.17,15.975,16.05,2579589.0
2022-07-06,15.78,15.795,15.48,15.585,5085602.0
2022-07-07,15.51,15.75,15.36,15.585,2351150.0
2022-07-08,15.78,15.78,15.6,15.63,1796424.0
2022-07-11,15.75,15.75,15.525,15.6,1994784.0
2022-07-12,15.525,15.585,15.405,15.405,1852813.0
2022-07-13,15.3,15.3,15.075,15.15,2677672.0
2022-07-14,15.09,15.165,14.895,14.955,3157755.0
2022-07-15,14.805,14.955,14.565,14.58,3237541.0
2022-07-18,14.685,15.33,14.625,15.33,4284266.0
2022-07-19,15.33,15.33,15.045,15.135,2200734.0
2022-07-20,15.195,15.285,15.12,15.21,1633514.0
2022-07-21,15.09,15.195,15.0,15.03,1551758.0
2022-07-22,15.105,15.21,14.895,15.03,1535635.0
2022-07-25,15.03,15.195,15.03,15.09,1298782.0
2022-07-26,15.135,15.405,15.09,15.39,2219523.0
2022-07-27,15.345,15.36,15.165,15.24,1272750.0
2022-07-28,15.435,15.75,15.405,15.48,2540463.0
2022-07-29,15.615,15.63,15.375,15.42,1782303.0
2022-08-01,15.435,15.45,15.195,15.285,1492920.0
2022-08-02,15.12,15.12,14.79,14.925,2015350.0
2022-08-03,14.865,15.075,14.73,14.76,1571314.0
2022-08-04,14.835,14.955,14.73,14.85,1338396.0
2022-08-05,14.985,15.3,14.955,15.255,2523222.0
2022-08-08,15.225,15.24,15.06,15.105,1898774.0
2022-08-09,15.12,15.27,15.045,15.21,1756225.0
2022-08-10,15.225,15.495,15.225,15.285,2228111.0
2022-08-11,15.345,15.57,15.315,15.57,2781148.0
2022-08-12,15.615,15.825,15.465,15.81,3098728.0
2022-08-15,15.825,16.005,15.54,15.585,3018555.0
2022-08-16,15.525,15.6,15.375,15.57,1810313.0
2022-08-17,15.585,15.6,15.375,15.555,1488300.0
2022-08-18,15.45,15.465,15.33,15.36,1461353.0
2022-08-19,15.375,15.435,15.285,15.285,1309137.0
2022-08-22,15.36,15.705,15.24,15.6,2216487.0
2022-08-23,15.525,15.6,15.42,15.525,1346530.0
2022-08-24,15.585,15.75,15.315,15.345,1875311.0
2022-08-25,15.375,15.75,15.33,15.72,3130892.0
2022-08-26,15.795,15.9,15.705,15.75,2495394.0
2022-08-29,15.525,15.585,15.39,15.555,1462731.0
2022-08-30,15.51,15.555,15.315,15.375,1409104.0
2022-08-31,15.255,15.39,15.165,15.225,1856120.0
2022-09-01,15.15,15.15,15.0,15.0,1553012.0
2022-09-02,14.955,15.0,14.775,14.805,1566370.0
2022-09-05,14.805,14.925,14.715,14.91,1221012.0
2022-09-06,14.955,15.3,14.94,15.285,1841904.0
2022-09-07,15.225,15.54,15.165,15.435,1922969.0
2022-09-08,15.525,15.69,15.375,15.615,2997282.0
2022-09-09,15.75,15.945,15.72,15.81,3149438.0
2022-09-13,15.855,16.095,15.84,15.96,2964549.0
2022-09-14,15.585,15.735,15.525,15.525,2289103.0
2022-09-15,15.6,15.645,15.375,15.45,1677908.0
2022-09-16,15.375,15.405,14.925,15.045,2639633.0
2022-09-19,15.105,15.15,14.88,14.955,1288440.0
2022-09-20,15.06,15.195,14.985,15.075,1093191.0
2022-09-21,15.0,15.135,14.88,15.09,1023118.0
2022-09-22,14.94,15.15,14.91,15.0,986767.0
2022-09-23,15.0,15.06,14.775,14.82,1397004.0
2022-09-26,14.58,14.58,13.545,13.755,5241568.0
2022-09-27,13.59,13.845,13.44,13.8,2480763.0
2022-09-28,13.695,13.695,13.215,13.245,2340172.0
2022-09-29,13.5,13.755,13.5,13.575,2344631.0
2022-09-30,13.695,13.905,13.62,13.785,1988575.0
2022-10-10,13.875,13.905,13.665,13.68,1624692.0
2022-10-11,13.74,13.86,13.56,13.845,1397935.0
2022-10-12,13.8,14.025,13.62,14.01,1752113.0
2022-10-13,14.025,14.025,13.74,13.785,1412757.0
2022-10-14,13.86,14.04,13.77,13.965,1727548.0
2022-10-17,13.845,14.115,13.77,14.1,1460747.0
2022-10-18,14.115,14.22,13.995,14.025,1018323.0
2022-10-19,14.025,14.13,13.89,13.905,1068458.0
2022-10-20,13.8,13.905,13.665,13.8,1071252.0
2022-10-21,13.92,14.055,13.845,13.92,1363865.0
2022-10-24,14.055,14.295,13.92,13.935,2650774.0
2022-10-25,13.89,14.025,13.635,13.875,1684840.0
2022-10-26,13.875,14.01,13.815,13.935,1463937.0
2022-10-27,14.175,14.58,14.13,14.37,3429771.0
2022-10-28,14.265,14.46,14.13,14.175,1732118.0
2022-10-31,14.01,14.07,13.725,13.905,1713051.0
2022-11-01,13.95,14.325,13.845,14.325,2189228.0
2022-11-02,14.355,14.52,14.22,14.415,1735094.0
2022-11-03,14.205,14.325,14.115,14.235,1422636.0
2022-11-04,14.235,14.685,14.19,14.565,2931364.0
2022-11-07,15.18,15.825,15.18,15.66,7426996.0
2022-11-08,15.405,15.81,15.315,15.615,3636577.0
2022-11-09,16.05,16.32,15.945,15.96,5361017.0
2022-11-10,15.795,15.93,15.57,15.75,2139627.0
2022-11-11,16.875,17.1,16.65,16.905,8208131.0
2022-11-14,17.085,17.13,16.665,16.98,4592544.0
2022-11-15,16.8,17.055,16.605,16.905,2963189.0
2022-11-16,16.92,17.07,16.77,17.01,2496772.0
2022-11-17,16.86,17.04,16.455,16.68,3475115.0
2022-11-18,16.605,16.695,16.425,16.485,2221529.0
2022-11-21,16.2,16.2,15.81,16.155,2756486.0
2022-11-22,16.125,16.56,16.125,16.32,1793313.0
2022-11-23,16.41,16.65,16.32,16.35,1556101.0
2022-11-24,16.575,16.725,16.5,16.635,1719610.0
2022-11-25,16.515,16.875,16.5,16.71,1733001.0
2022-11-28,16.425,16.455,16.14,16.395,1631938.0
2022-11-29,16.425,16.89,16.365,16.83,2081507.0
2022-11-30,16.77,16.86,16.635,16.77,1470981.0
2022-12-01,17.325,17.625,17.235,17.475,4328238.0
2022-12-02,17.505,17.61,17.13,17.19,2270358.0
2022-12-05,17.37,17.865,17.235,17.7,2880482.0
2022-12-06,17.445,17.76,17.415,17.64,1724105.0
2022-12-07,17.55,17.625,17.295,17.43,1630431.0
2022-12-08,17.43,17.67,17.37,17.505,948303.0
2022-12-09,17.565,18.0,17.535,17.94,2345095.0
2022-12-12,17.715,17.85,17.475,17.52,1665520.0
2022-12-13,17.4,17.67,17.37,17.535,1066406.0
2022-12-14,17.79,17.94,17.655,17.73,1302564.0
2022-12-15,17.625,17.85,17.295,17.415,1452973.0
2022-12-16,17.205,17.58,17.175,17.475,1183042.0
2022-12-19,17.595,17.685,16.98,17.115,1393210.0
2022-12-20,17.025,17.145,16.71,16.875,1338980.0
2022-12-21,17.1,17.25,16.935,16.98,790630.0
2022-12-22,17.25,17.28,16.995,17.04,881205.0
2022-12-23,16.815,16.995,16.68,16.875,901104.0
2022-12-26,16.95,16.965,16.635,16.695,1127721.0
2022-12-27,16.845,17.13,16.8,17.1,1151478.0
2022-12-28,17.025,17.04,16.845,17.025,821678.0
2022-12-29,16.845,16.935,16.68,16.785,1336670.0
2022-12-30,16.845,17.16,16.8,17.025,1329165.0
2023-01-03,16.965,17.91,16.845,17.82,2377424.0
2023-01-04,17.67,17.79,17.4,17.475,1359564.0
2023-01-05,17.67,17.775,17.52,17.61,1623551.0
2023-01-06,17.685,17.775,17.61,17.67,1054528.0
2023-01-09,18.06,19.215,18.03,19.185,3896777.0
2023-01-10,19.185,19.305,18.945,19.14,1872178.0
2023-01-11,19.365,19.56,19.185,19.26,1516483.0
2023-01-12,19.575,19.8,19.095,19.155,1526780.0
2023-01-13,19.41,19.68,19.2,19.35,1413329.0
2023-01-16,19.5,19.68,19.125,19.29,1921915.0
2023-01-17,19.2,19.2,18.69,18.96,1876829.0
2023-01-18,19.11,19.305,19.02,19.11,1313284.0
2023-01-19,19.125,19.485,19.02,19.395,1226011.0
2023-01-20,19.545,20.19,19.53,19.89,2151675.0
2023-01-30,20.025,20.025,19.245,19.32,3088073.0
2023-01-31,19.32,19.92,19.2,19.71,2160488.0
2023-02-01,19.83,20.505,19.8,20.43,2588353.0
2023-02-02,20.415,20.43,20.01,20.13,1569913.0
2023-02-03,19.845,19.86,19.575,19.8,1710951.0
2023-02-06,19.275,19.29,18.84,19.11,2572880.0
2023-02-07,19.2,19.56,19.11,19.365,1481977.0
2023-02-08,19.41,19.455,19.065,19.08,1209709.0
2023-02-09,18.975,19.155,18.885,19.125,1133200.0
2023-02-10,18.975,19.035,18.72,18.81,1312927.0
2023-02-13,18.555,19.065,18.555,18.975,1366356.0
2023-02-14,19.005,19.545,18.945,19.38,1835538.0
2023-02-15,19.395,19.89,19.215,19.38,1688579.0
2023-02-16,19.35,19.38,18.795,18.93,1332990.0
2023-02-17,19.05,19.56,19.005,19.065,1568398.0
2023-02-20,19.14,19.575,19.095,19.56,1689102.0
2023-02-21,19.65,20.385,19.605,20.22,2633881.0
2023-02-22,20.07,20.295,19.875,19.95,1443425.0
2023-02-23,19.95,20.1,19.77,19.95,830653.0
2023-02-24,19.71,19.74,19.365,19.47,1625734.0
2023-02-27,19.125,19.35,18.915,19.14,1356995.0
2023-02-28,19.26,19.395,18.975,19.14,1060190.0
2023-03-01,19.35,20.1,19.305,19.995,1923710.0
2023-03-02,20.115,20.4,19.92,20.175,1621666.0
2023-03-03,20.175,20.235,19.875,19.995,993561.0
2023-03-06,20.085,20.16,19.515,19.92,1280290.0
2023-03-07,19.95,20.31,19.74,19.995,1965364.0
2023-03-08,19.575,19.65,19.155,19.515,1578514.0
2023-03-09,19.575,19.65,19.29,19.365,964418.0
2023-03-10,19.215,19.41,19.14,19.185,931615.0
2023-03-13,19.545,20.325,19.53,20.265,2500559.0
2023-03-14,20.535,20.91,20.025,20.07,2157492.0
2023-03-15,20.055,20.07,19.74,19.755,1364791.0
2023-03-16,19.425,19.59,19.065,19.11,2319266.0
2023-03-17,19.26,19.56,19.005,19.215,1718725.0
2023-03-20,19.62,19.875,19.53,19.725,1658067.0
2023-03-21,19.725,19.86,19.455,19.755,1116095.0
2023-03-22,19.59,19.875,19.5,19.635,1192780.0
2023-03-23,19.755,20.295,19.635,20.235,2010913.0
2023-03-24,20.325,20.325,19.98,20.04,1172515.0
2023-03-27,20.025,20.13,19.62,20.01,1239538.0
2023-03-28,20.01,20.235,19.845,20.04,1078766.0
2023-03-29,20.205,20.535,20.01,20.04,1097239.0
2023-03-30,20.085,20.4,19.92,20.4,1507178.0
2023-03-31,20.46,20.7,20.4,20.61,1586910.0
2023-04-03,20.61,20.7,20.13,20.205,1686775.0
2023-04-04,20.325,20.67,20.16,20.55,1559546.0
2023-04-06,20.67,21.735,20.64,21.72,2942722.0
2023-04-07,21.465,21.63,21.21,21.36,1381682.0
2023-04-10,21.21,21.705,21.015,21.495,1168734.0
2023-04-11,21.495,22.185,21.285,22.17,2253746.0
2023-04-12,22.095,22.65,22.005,22.35,1854368.0
2023-04-13,22.275,22.695,21.885,22.125,1583872.0
2023-04-14,22.635,23.01,22.56,22.935,2105780.0
2023-04-17,22.395,23.055,22.245,22.89,1633557.0
2023-04-18,22.83,23.1,22.65,22.815,1234738.0
2023-04-19,22.875,23.175,22.77,22.875,1154891.0
2023-04-20,22.725,22.755,22.005,22.41,2056810.0
2023-04-21,22.455,22.515,21.96,21.96,1294834.0
2023-04-24,21.9,22.17,20.895,21.06,2447299.0
2023-04-25,21.27,21.645,21.03,21.345,1815957.0
2023-04-26,21.015,21.24,20.73,20.88,1692609.0
2023-04-27,20.76,21.57,20.655,21.255,1779557.0
2023-04-28,20.85,21.495,20.85,21.27,1453621.0
2023-05-04,21.9,22.095,21.285,21.42,2114892.0
2023-05-05,21.57,21.735,20.7,20.895,1870675.0
2023-05-08,20.76,21.135,20.49,21.015,1475035.0
2023-05-09,21.03,21.03,20.31,20.4,1714661.0
2023-05-10,20.505,20.655,20.085,20.145,1243354.0
2023-05-11,20.085,20.16,19.425,19.545,1869317.0
2023-05-12,19.125,19.14,18.39,18.495,3385700.0
2023-05-15,18.495,18.825,18.015,18.69,2357757.0
2023-05-16,18.6,19.155,18.525,18.9,2064956.0
2023-05-17,18.585,18.825,18.42,18.525,1307229.0
2023-05-18,18.78,18.93,18.54,18.675,1384687.0
2023-05-19,18.315,18.57,18.075,18.36,2052900.0
2023-05-22,18.375,18.525,18.24,18.375,997254.0
2023-05-23,18.345,18.435,18.03,18.03,1269219.0
2023-05-24,17.955,18.27,17.79,18.06,1284978.0
2023-05-25,17.955,17.955,17.595,17.805,1482542.0
2023-05-26,17.7,18.33,17.61,18.225,1280834.0
2023-05-29,18.255,18.345,18.09,18.225,1157875.0
2023-05-30,18.21,18.33,17.94,18.09,1187885.0
2023-05-31,18.15,18.33,17.94,18.06,1241795.0
2023-06-01,18.12,18.87,18.045,18.6,2204978.0
2023-06-02,18.78,19.455,18.78,19.41,2675839.0
2023-06-05,19.14,19.14,18.735,18.945,1675791.0
2023-06-06,19.095,19.5,19.035,19.11,1687979.0
2023-06-07,19.215,19.425,19.065,19.125,1103958.0
2023-06-08,18.945,19.38,18.765,19.305,1179550.0
2023-06-09,19.56,19.845,19.305,19.59,1508151.0
2023-06-12,19.41,19.455,19.095,19.35,1365458.0
2023-06-13,19.26,19.455,19.155,19.425,885813.0
2023-06-14,19.575,20.025,19.575,19.845,1966903.0
2023-06-15,19.845,20.085,19.455,20.025,1454844.0
2023-06-16,20.1,20.745,20.085,20.37,1804542.0
2023-06-19,20.37,20.445,19.89,20.04,1482347.0
2023-06-20,20.01,20.115,19.71,19.965,926572.0
2023-06-21,19.725,20.1,19.635,19.68,841144.0
2023-06-26,19.605,19.8,19.47,19.56,791801.0
2023-06-27,19.5,19.92,19.245,19.86,1022671.0
2023-06-28,19.71,19.92,19.605,19.815,730423.0
2023-06-29,19.74,19.815,19.32,19.35,948293.0
2023-06-30,19.41,19.605,19.2,19.38,663134.0
2023-07-03,19.575,20.37,19.56,20.22,1715186.0
2023-07-04,20.28,20.325,19.935,20.025,1074271.0
2023-07-05,19.995,20.175,19.92,20.025,712075.0
2023-07-06,19.89,19.95,19.605,19.74,768336.0
2023-07-07,19.59,19.905,19.245,19.65,1255830.0
2023-07-10,19.695,19.965,19.545,19.635,805898.0
2023-07-11,19.89,20.25,19.845,20.085,1216866.0
2023-07-12,20.07,20.4,19.98,20.25,1876531.0
2023-07-13,20.895,21.465,20.895,21.105,2897776.0
2023-07-14,21.45,21.525,21.165,21.195,1271872.0
2023-07-17,21.045,21.075,20.775,20.835,863628.0
2023-07-18,20.835,21.12,20.715,20.925,680990.0
2023-07-19,21.165,21.315,21.0,21.21,1038868.0
2023-07-20,21.135,21.525,21.105,21.24,986633.0
2023-07-21,21.15,21.345,21.06,21.12,705158.0
2023-07-24,20.94,21.255,20.895,20.97,573200.0
2023-07-25,21.285,21.975,21.285,21.735,1755674.0
2023-07-26,21.765,21.945,21.645,21.93,894495.0
2023-07-27,21.93,21.975,21.57,21.645,760670.0
2023-07-28,21.315,21.585,21.15,21.51,1450646.0
2023-07-31,21.81,22.095,21.75,21.84,1167131.0
2023-08-01,22.23,22.485,21.825,21.9,1201423.0
2023-08-02,21.555,21.765,21.48,21.615,839368.0
2023-08-03,21.45,21.525,21.225,21.435,1098466.0
2023-08-04,21.615,21.81,21.495,21.6,781053.0
2023-08-07,21.495,21.645,21.42,21.6,446231.0
2023-08-08,21.6,22.02,21.435,21.87,1119020.0
2023-08-09,21.675,21.795,21.435,21.63,840075.0
2023-08-10,21.525,21.645,21.36,21.42,703303.0
2023-08-11,21.45,21.57,20.985,21.075,931824.0
2023-08-14,20.91,20.955,20.55,20.805,1310245.0
2023-08-15,20.835,20.97,20.565,20.805,680080.0
2023-08-16,20.595,20.7,20.445,20.61,745737.0
2023-08-17,20.415,20.835,20.085,20.76,1017969.0
2023-08-18,20.76,20.97,20.4,20.445,768212.0
2023-08-21,20.445,20.595,20.295,20.295,754800.0
2023-08-22,20.445,21.045,20.445,20.94,1657776.0
2023-08-23,21.0,21.06,20.505,20.58,1269756.0
2023-08-24,21.0,21.3,20.85,21.06,1388726.0
2023-08-25,20.925,21.0,20.55,20.775,1271458.0
2023-08-28,21.705,21.78,20.415,20.535,2038521.0
2023-08-29,20.49,20.88,20.385,20.445,1409823.0
2023-08-30,20.7,21.135,20.655,21.0,1594706.0
2023-08-31,21.06,21.225,20.835,20.865,829700.0
2023-09-01,20.91,21.675,20.88,21.525,1434852.0
2023-09-04,21.75,22.575,21.75,22.125,1886987.0
2023-09-05,21.975,22.14,21.78,22.05,804279.0
2023-09-06,21.855,22.095,21.72,21.915,724665.0
2023-09-07,21.735,21.99,21.675,21.84,722477.0
2023-09-08,21.84,21.975,21.54,21.645,554924.0
2023-09-11,21.645,22.05,21.555,21.825,877870.0
2023-09-12,21.84,21.96,21.525,21.585,844101.0
2023-09-13,21.495,21.795,21.465,21.585,870543.0
2023-09-14,21.675,21.975,21.585,21.795,1522185.0
2023-09-15,22.11,22.455,21.915,22.05,1732314.0
2023-09-18,21.945,21.945,21.66,21.93,1057427.0
2023-09-19,21.825,22.2,21.795,22.08,1081541.0
2023-09-20,21.975,22.245,21.885,22.2,903140.0
2023-09-21,21.975,22.125,21.795,21.96,961662.0
2023-09-22,21.75,21.795,21.345,21.72,1862316.0
2023-09-25,21.645,21.81,21.435,21.465,1156554.0
2023-09-26,21.36,21.45,21.06,21.3,1289151.0
2023-09-27,21.3,21.345,20.895,20.94,1336135.0
2023-09-28,20.94,21.105,20.415,20.52,1499857.0
2023-10-09,20.19,20.7,19.935,20.625,1221167.0
2023-10-10,20.745,20.955,20.625,20.655,683984.0
2023-10-11,20.775,20.79,20.31,20.52,851687.0
2023-10-12,20.73,20.865,20.595,20.76,703145.0
2023-10-13,20.52,20.55,20.325,20.355,664496.0
2023-10-16,20.7,20.745,20.475,20.535,948154.0
2023-10-17,20.505,20.535,20.295,20.415,800518.0
2023-10-18,20.46,20.52,20.265,20.295,735847.0
2023-10-19,20.25,20.295,19.95,19.98,986187.0
2023-10-20,20.055,20.22,19.71,19.8,795521.0
2023-10-23,19.695,19.815,19.32,19.5,858001.0
2023-10-24,19.635,20.07,19.62,19.95,1196944.0
2023-10-25,20.385,20.79,20.385,20.445,1294168.0
2023-10-26,20.325,20.49,20.145,20.445,740260.0
2023-10-27,20.295,20.565,20.25,20.34,928362.0
2023-10-30,20.625,21.345,20.61,20.955,1801595.0
2023-10-31,20.925,21.015,20.745,20.985,751696.0
2023-11-01,20.805,20.85,20.535,20.625,938721.0
2023-11-02,20.85,21.045,20.625,20.64,913838.0
2023-11-03,20.655,20.775,20.475,20.58,815859.0
2023-11-06,20.595,20.625,20.13,20.22,1443133.0
2023-11-07,20.145,20.37,19.905,20.34,916701.0
2023-11-08,20.145,20.25,19.905,20.055,1133216.0
2023-11-09,19.875,20.175,19.875,20.145,776423.0
2023-11-10,20.07,20.115,19.905,19.995,437718.0
2023-11-13,20.01,20.22,19.92,20.175,553280.0
2023-11-14,20.25,20.295,20.04,20.115,495333.0
2023-11-15,20.67,20.67,20.22,20.325,1008192.0
2023-11-16,20.28,20.37,20.1,20.28,724281.0
2023-11-17,20.295,20.355,20.13,20.28,562505.0
2023-11-20,20.265,20.28,19.98,20.115,677976.0
2023-11-21,20.265,20.64,20.19,20.535,1466985.0
2023-11-22,20.535,20.535,20.205,20.25,627340.0
2023-11-23,20.235,20.325,20.055,20.31,559550.0
2023-11-24,20.28,20.31,20.085,20.1,517710.0
2023-11-27,20.115,20.37,19.92,20.13,577755.0
2023-11-28,20.115,20.175,19.89,20.16,626408.0
2023-11-29,20.46,20.625,20.445,20.55,1696535.0
2023-11-30,20.535,20.73,20.43,20.595,1167475.0
2023-12-01,20.55,20.625,20.265,20.385,1017537.0
2023-12-04,21.0,21.36,20.895,20.925,2291195.0
2023-12-05,20.505,20.565,20.205,20.25,1584841.0
2023-12-06,20.085,20.445,19.95,20.325,1104640.0
2023-12-07,20.175,20.205,19.95,20.025,1088833.0
2023-12-08,20.04,20.07,19.8,19.83,1182811.0
2023-12-11,19.71,19.92,19.395,19.83,1112132.0
2023-12-12,19.68,19.77,19.515,19.755,893007.0
2023-12-13,19.635,19.74,19.485,19.485,856443.0
2023-12-14,20.025,20.07,19.515,19.545,1355316.0
2023-12-15,19.725,20.28,19.725,19.875,2047533.0
2023-12-18,19.785,20.1,19.695,19.995,737334.0
2023-12-19,19.965,20.085,19.8,20.025,599463.0
2023-12-20,20.205,20.505,20.115,20.355,1655928.0
2023-12-21,20.235,20.46,20.16,20.43,1087028.0
2023-12-22,20.55,20.595,20.31,20.535,1272063.0
2023-12-25,20.445,20.76,20.415,20.73,859684.0
2023-12-26,20.7,20.82,20.625,20.67,746217.0
2023-12-27,20.745,21.03,20.685,21.0,1255647.0
2023-12-28,21.135,21.405,20.865,20.925,1857184.0
2023-12-29,20.805,21.12,20.805,21.09,1214615.0
2024-01-02,21.015,21.39,20.985,21.135,1133169.0
2024-01-03,21.045,21.285,20.985,21.195,760491.0
2024-01-04,21.045,21.18,20.985,21.165,998225.0
2024-01-05,21.09,21.42,20.955,21.105,1097527.0
2024-01-08,21.09,21.195,20.805,20.85,915816.0
2024-01-09,20.865,21.075,20.82,21.045,941798.0
2024-01-10,20.895,21.06,20.82,20.82,632628.0
2024-01-11,20.865,20.88,20.535,20.61,967802.0
2024-01-12,20.505,20.79,20.475,20.7,764339.0
2024-01-15,20.655,20.79,20.475,20.58,496326.0
2024-01-16,20.49,20.805,20.49,20.685,804365.0
2024-01-17,20.535,20.595,19.95,19.95,1407351.0
2024-01-18,19.89,20.31,19.5,20.16,1663791.0
2024-01-19,20.07,20.355,19.875,20.28,1237950.0
2024-01-22,20.22,20.31,19.725,19.92,1453550.0
2024-01-23,19.815,19.92,19.215,19.71,1694917.0
2024-01-24,19.83,20.025,19.545,19.98,1059408.0
2024-01-25,20.13,20.475,20.085,20.475,1274823.0
2024-01-26,20.55,20.82,20.37,20.73,1245210.0
2024-01-29,20.745,20.925,20.7,20.76,847536.0
2024-01-30,20.67,20.85,20.49,20.67,1063557.0
2024-01-31,20.58,20.745,20.445,20.46,1098979.0
2024-02-01,20.4,20.805,20.25,20.595,1084095.0
2024-02-02,20.7,20.91,20.22,20.445,1390103.0
2024-02-05,20.505,20.82,20.34,20.64,1710760.0
2024-02-06,20.595,20.97,20.46,20.685,2020938.0
2024-02-07,20.685,20.85,20.46,20.775,2158070.0
2024-02-08,20.76,21.18,20.73,21.15,1911093.0
2024-02-19,21.165,21.69,21.0,21.675,1886546.0
2024-02-20,21.6,22.17,21.48,22.05,1370783.0
2024-02-21,21.99,22.335,21.915,21.975,1539870.0
2024-02-22,22.035,22.32,21.93,22.29,1127400.0
2024-02-23,22.275,22.92,22.2,22.65,1377261.0
2024-02-26,22.665,22.815,22.035,22.125,1460045.0
2024-02-27,21.99,22.305,21.9,22.14,1364914.0
2024-02-28,22.14,22.155,21.855,21.915,1093358.0
2024-02-29,21.93,22.2,21.84,22.065,1081241.0
2024-03-01,21.99,22.44,21.9,22.275,1178467.0
2024-03-04,22.59,22.83,22.44,22.59,1314001.0
2024-03-05,22.8,23.355,22.785,23.175,1960877.0
2024-03-06,23.175,23.94,23.16,23.7,2017877.0
2024-03-07,23.97,24.84,23.805,24.495,2374936.0
2024-03-08,24.75,24.795,24.195,24.735,1692350.0
2024-03-11,24.9,24.975,24.33,24.69,1536663.0
2024-03-12,24.525,24.63,23.82,23.94,2042754.0
2024-03-13,23.775,24.54,23.67,24.435,1454520.0
2024-03-14,25.275,26.07,25.275,25.485,2719175.0
2024-03-15,25.38,26.58,25.35,26.34,2233163.0
2024-03-18,26.355,26.64,25.77,26.07,2303297.0
2024-03-19,25.95,26.295,25.65,25.695,1618999.0
2024-03-20,25.425,25.815,25.2,25.665,1771101.0
2024-03-21,26.265,26.595,25.8,25.83,1996237.0
2024-03-22,25.485,25.68,25.155,25.485,1771121.0
2024-03-25,25.47,26.19,25.365,26.01,1645276.0
2024-03-26,26.055,26.13,25.395,25.695,1327979.0
2024-03-27,25.59,26.235,25.56,25.98,1561422.0
2024-03-28,25.875,26.67,25.695,26.55,1888689.0
2024-03-29,27.0,27.705,26.85,27.63,2095645.0
2024-04-01,28.26,28.485,27.435,27.705,2076141.0
2024-04-02,27.825,28.125,27.54,27.825,1337639.0
2024-04-03,28.185,28.875,27.87,28.665,2380869.0
2024-04-08,28.875,29.655,28.245,28.35,3127119.0
2024-04-09,28.23,28.5,27.795,27.915,2015836.0
2024-04-10,28.11,29.625,28.11,29.385,2642699.0
2024-04-11,28.68,30.18,28.635,29.385,2565766.0
2024-04-12,30.12,30.27,29.37,29.985,2337819.0
2024-04-15,29.1,30.24,29.07,30.09,2385956.0
2024-04-16,30.09,30.345,29.235,29.31,2082205.0
2024-04-17,29.265,29.625,28.77,29.52,2154280.0
2024-04-18,29.265,30.21,29.19,30.105,2005974.0
2024-04-19,30.24,31.395,30.0,30.345,2653119.0
2024-04-22,30.705,30.9,29.025,29.1,2677304.0
2024-04-23,28.515,28.875,27.9,27.96,3201000.0
2024-04-24,27.96,28.785,27.96,28.71,2113743.0
2024-04-25,28.395,28.74,28.035,28.5,1429510.0
2024-04-26,28.77,29.955,28.515,29.805,2661284.0
2024-04-29,29.595,29.595,28.485,28.89,2252987.0
2024-04-30,29.28,29.49,28.725,28.815,1694667.0
2024-05-06,28.38,28.74,27.63,28.68,2606348.0
2024-05-07,28.83,29.25,28.485,28.575,1523941.0
2024-05-08,28.35,28.92,27.915,28.575,1324040.0
2024-05-09,28.32,29.265,28.32,28.965,1465868.0
2024-05-10,29.55,29.82,29.07,29.76,2061408.0
2024-05-13,29.4,29.91,29.145,29.67,1408590.0
2024-05-14,29.925,30.48,29.775,30.135,1474298.0
2024-05-15,30.21,30.675,29.79,29.85,1386876.0
2024-05-16,30.345,30.735,29.715,29.805,1939111.0
2024-05-17,29.955,30.57,29.4,30.57,1830951.0
2024-05-20,31.545,32.085,31.035,31.605,2652362.0
2024-05-21,31.515,31.77,30.24,30.375,2283748.0
2024-05-22,30.375,30.57,29.895,30.045,1424755.0
2024-05-23,28.74,29.415,28.44,29.16,2082536.0
2024-05-24,28.8,29.445,28.785,29.13,1257128.0
2024-05-27,29.055,29.94,29.04,29.7,1467114.0
2024-05-28,29.97,30.12,29.415,29.475,1328073.0
2024-05-29,29.52,30.27,29.355,30.075,1584146.0
2024-05-30,29.85,29.955,28.725,28.86,2092499.0
2024-05-31,28.845,28.98,28.2,28.515,1970347.0
2024-06-03,28.335,28.845,28.155,28.395,1348332.0
2024-06-04,28.575,28.95,28.17,28.53,1520605.0
2024-06-05,27.9,28.2,27.525,27.975,1854607.0
2024-06-06,28.425,29.085,28.395,28.785,1864393.0
2024-06-07,29.13,29.22,28.365,29.04,1737727.0
2024-06-11,28.365,28.53,27.87,28.2,1727394.0
2024-06-12,28.035,28.605,27.99,28.515,1319006.0
2024-06-13,28.41,28.53,27.465,27.915,1749092.0
2024-06-14,27.6,28.455,27.525,28.335,1630139.0
2024-06-17,28.185,28.455,27.84,28.26,1063817.0
2024-06-18,27.615,28.32,27.27,28.08,2398534.0
2024-06-19,28.08,28.95,28.02,28.68,1720495.0
2024-06-20,28.815,29.49,28.755,29.04,1288207.0
2024-06-21,29.37,29.505,28.56,28.68,1452328.0
2024-06-24,28.2,29.07,28.095,28.905,1320341.0
2024-06-25,28.875,28.98,28.5,28.725,955705.0
2024-06-26,28.53,28.71,28.155,28.59,1079234.0
2024-06-27,28.41,28.455,28.035,28.05,1007141.0
2024-06-28,28.17,29.145,27.93,29.055,1295244.0
2024-07-01,29.37,29.85,29.31,29.76,1490496.0
2024-07-02,29.82,29.82,29.16,29.46,957199.0
2024-07-03,29.46,29.745,29.265,29.535,1039345.0
2024-07-04,30.045,30.585,29.955,29.955,1762921.0
2024-07-05,29.955,30.69,29.865,30.66,1887476.0
2024-07-08,30.735,31.02,30.36,30.375,1491977.0
2024-07-09,30.6,30.99,30.525,30.93,1649307.0
2024-07-10,30.795,31.17,30.12,30.27,1508430.0
2024-07-11,30.45,31.14,30.15,31.005,1558078.0
2024-07-12,31.155,31.2,30.24,30.42,1390551.0
2024-07-15,30.45,31.125,30.345,30.93,1269890.0
2024-07-16,30.87,31.56,30.87,31.515,1345955.0
2024-07-17,31.95,32.01,30.255,30.405,2171674.0
2024-07-18,30.06,30.435,29.655,30.375,1491777.0
2024-07-19,29.4,29.775,28.365,29.61,2386172.0
2024-07-22,29.325,29.46,28.515,29.1,1929751.0
2024-07-23,29.07,29.28,27.45,27.48,2354732.0
2024-07-24,27.375,27.825,27.3,27.495,1368096.0
2024-07-25,26.82,27.06,25.77,25.845,2882152.0
2024-07-26,26.025,26.835,25.965,26.475,1753896.0
2024-07-29,26.7,27.12,26.34,26.865,1439936.0
2024-07-30,26.655,26.715,26.295,26.565,1253231.0
2024-07-31,26.685,27.69,26.655,27.57,1901638.0
2024-08-01,28.02,28.32,27.42,27.645,1496890.0
2024-08-02,27.165,27.165,26.25,26.64,2143937.0
2024-08-05,26.055,26.745,25.89,26.145,1791191.0
2024-08-06,26.25,26.37,25.44,25.725,1753033.0
2024-08-07,25.575,26.19,25.5,25.92,1166018.0
2024-08-08,25.71,25.725,25.245,25.515,1171024.0
2024-08-09,25.92,26.34,25.815,25.86,1401626.0
2024-08-12,25.8,26.085,25.71,25.89,636356.0
2024-08-13,26.34,26.445,25.8,26.16,1412879.0
2024-08-14,26.175,26.28,25.875,25.95,665068.0
2024-08-15,25.77,26.295,25.665,26.22,914645.0
2024-08-16,26.52,27.12,26.52,26.655,1508291.0
2024-08-19,26.94,27.585,26.85,27.18,1364561.0
2024-08-20,27.33,27.33,26.685,26.925,890530.0
2024-08-21,26.94,27.225,26.745,27.09,822393.0
2024-08-22,27.09,27.15,26.775,27.105,746208.0
2024-08-23,26.805,26.985,26.7,26.94,750786.0
2024-08-26,27.315,27.42,26.775,27.165,1461883.0
2024-08-27,27.075,27.225,26.625,26.955,899167.0
2024-08-28,27.0,27.21,26.295,26.58,1302750.0
2024-08-29,26.475,26.835,26.265,26.745,807699.0
2024-08-30,26.685,27.105,26.34,26.85,1442523.0
2024-09-02,26.64,26.655,25.815,26.265,1299694.0
2024-09-03,26.1,26.385,25.905,26.085,687861.0
2024-09-04,25.425,25.5,24.69,24.87,2364363.0
2024-09-05,24.975,25.305,24.645,24.87,1088422.0
2024-09-06,25.11,25.365,24.9,24.99,981026.0
2024-09-09,24.555,24.555,23.76,24.075,2328687.0
2024-09-10,24.255,24.375,23.955,24.18,1095015.0
2024-09-11,24.075,24.225,23.79,24.15,1407423.0
2024-09-12,24.21,24.435,23.955,24.15,1271389.0
2024-09-13,24.735,25.215,24.63,24.87,2228887.0
2024-09-18,25.32,25.68,25.125,25.41,1687917.0
2024-09-19,25.515,26.04,25.005,25.95,1829002.0
2024-09-20,26.085,26.67,25.815,26.67,1927330.0
2024-09-23,26.67,26.85,26.37,26.58,1367372.0
2024-09-24,27.0,27.81,26.88,27.615,2512266.0
2024-09-25,28.23,28.83,28.2,28.23,2837248.0
2024-09-26,28.5,28.935,27.9,28.905,2245649.0
2024-09-27,29.625,29.925,28.755,29.115,1740928.0
2024-09-30,29.67,30.96,28.53,30.06,6719726.0
2024-10-08,32.31,32.655,29.115,29.79,7066172.0
2024-10-09,29.4,29.505,28.2,28.245,3957164.0
2024-10-10,28.35,29.82,28.125,28.875,3017848.0
2024-10-11,29.25,29.535,28.47,28.71,2045173.0
2024-10-14,28.89,29.505,28.47,29.355,2098953.0
2024-10-15,29.1,29.115,28.545,28.545,1673263.0
2024-10-16,28.47,29.16,28.38,29.025,1390672.0
2024-10-17,29.07,29.265,28.53,28.56,1324174.0
2024-10-18,28.875,29.67,28.815,29.295,2199173.0
2024-10-21,29.97,30.72,29.7,30.18,2717426.0
2024-10-22,30.045,30.3,29.67,29.925,1701244.0
2024-10-23,30.0,30.105,29.37,29.625,1588838.0
2024-10-24,29.25,29.25,28.83,29.085,1531407.0
2024-10-25,28.98,29.01,28.56,28.695,1512537.0
2024-10-28,28.65,28.695,28.29,28.65,1228178.0
2024-10-29,28.755,29.13,28.62,28.68,1570672.0
2024-10-30,28.875,29.175,28.35,28.545,1583135.0
2024-10-31,28.44,28.47,27.84,28.08,1837667.0
2024-11-01,27.93,29.1,27.81,28.725,2514288.0
2024-11-04,28.89,28.98,28.305,28.875,1508560.0
2024-11-05,28.74,29.43,28.575,29.4,1855231.0
2024-11-06,29.325,29.4,28.59,28.815,1933285.0
2024-11-07,27.93,28.5,27.6,28.485,2808754.0
2024-11-08,28.875,29.235,28.38,28.485,2259978.0
2024-11-11,28.05,28.065,26.97,27.615,3427065.0
2024-11-12,27.0,27.525,26.55,26.82,2856314.0
2024-11-13,26.745,27.105,26.7,26.85,1439939.0
2024-11-14,26.7,26.76,26.22,26.265,1947269.0
2024-11-15,26.25,27.0,26.13,26.28,1863567.0
2024-11-18,26.49,26.835,26.235,26.415,1760794.0
2024-11-19,26.85,27.495,26.85,27.165,2600999.0
2024-11-20,27.285,27.3,26.76,26.895,1460526.0
2024-11-21,26.91,27.195,26.805,27.09,1353774.0
2024-11-22,27.12,27.15,26.49,26.49,1252431.0
2024-11-25,26.67,26.91,26.055,26.175,1197932.0
2024-11-26,25.95,26.37,25.905,26.16,914522.0
2024-11-27,26.175,26.37,25.845,26.37,1101829.0
2024-11-28,26.325,26.43,26.04,26.145,871587.0
2024-11-29,26.25,26.76,25.995,26.4,1412604.0
2024-12-02,26.43,26.505,26.1,26.19,1683597.0
2024-12-03,26.235,26.295,25.77,26.265,1495721.0
2024-12-04,26.37,26.76,26.31,26.55,1808366.0
2024-12-05,26.445,26.475,25.98,26.07,1412371.0
2024-12-06,25.98,26.46,25.965,26.385,1378733.0
2024-12-09,26.46,26.925,26.355,26.67,1386205.0
2024-12-10,27.42,27.675,26.85,26.94,1917173.0
2024-12-11,27.09,27.42,26.94,27.03,1468595.0
2024-12-12,27.03,27.27,26.985,27.21,1005045.0
2024-12-13,26.85,26.85,26.205,26.205,1998112.0
2024-12-16,26.205,26.31,25.815,25.875,1283535.0
2024-12-17,25.875,26.235,25.755,26.025,1196822.0
2024-12-18,25.95,26.295,25.95,26.085,753477.0
2024-12-19,25.665,25.965,25.425,25.83,925547.0
2024-12-20,25.77,25.845,25.38,25.38,1400627.0
2024-12-23,25.59,26.235,25.485,26.115,1884409.0
2024-12-24,26.085,26.34,25.785,26.295,1167419.0
2024-12-25,26.295,26.355,25.86,26.13,878541.0
2024-12-26,26.145,26.445,26.04,26.28,875093.0
2024-12-27,26.31,26.385,25.755,25.8,1236416.0
2024-12-30,25.74,26.43,25.695,26.16,1524841.0
2024-12-31,25.995,26.04,25.53,25.53,1422365.0
2025-01-02,25.65,26.07,25.35,25.62,1990531.0
2025-01-03,25.8,26.73,25.755,26.205,3124885.0
2025-01-06,26.37,26.64,25.845,26.085,2252832.0
2025-01-07,26.175,26.925,25.95,26.88,2298933.0
2025-01-08,26.88,27.105,26.46,26.625,1768437.0
2025-01-09,26.715,26.895,26.43,26.73,1342998.0
2025-01-10,26.985,27.36,26.655,27.075,1955517.0
2025-01-13,27.06,27.84,26.895,27.45,2377232.0
2025-01-14,27.285,27.57,26.925,27.465,1800898.0
2025-01-15,27.375,27.45,26.145,26.52,3279464.0
2025-01-16,26.895,27.3,26.895,27.105,2207643.0
2025-01-17,27.315,27.465,27.03,27.255,1682692.0
2025-01-20,27.225,27.435,26.955,27.285,1446115.0
2025-01-21,27.3,27.435,27.06,27.225,1091089.0
2025-01-22,27.39,27.435,26.925,27.15,1283152.0
2025-01-23,27.135,27.39,26.64,26.67,1808043.0
2025-01-24,26.865,27.03,26.565,26.88,1376563.0
2025-01-27,26.85,27.315,26.76,27.21,1547943.0
2025-02-05,27.735,27.945,27.315,27.555,2061406.0
2025-02-06,27.72,27.72,27.015,27.315,2001627.0
2025-02-07,27.375,27.84,27.09,27.78,2165528.0
2025-02-10,28.065,28.44,27.96,28.155,2212065.0
2025-02-11,28.41,29.22,28.23,28.77,2925262.0
2025-02-12,28.395,28.53,28.155,28.32,1582010.0
2025-02-13,28.47,28.65,28.32,28.365,1272922.0
2025-02-14,28.575,28.86,28.365,28.59,1155270.0
2025-02-17,27.915,27.915,27.465,27.6,2385440.0
2025-02-18,27.465,27.735,27.315,27.465,1449983.0
2025-02-19,27.615,27.765,27.285,27.375,1566817.0
2025-02-20,27.42,27.57,27.03,27.51,1300819.0
2025-02-21,27.57,27.69,27.045,27.135,2061611.0
2025-02-24,26.835,27.18,26.55,26.97,1735860.0
2025-02-25,26.94,27.045,26.475,26.52,1558633.0
2025-02-26,26.595,26.985,26.37,26.64,1575441.0
2025-02-27,26.655,26.655,26.265,26.475,1363072.0
2025-02-28,26.265,26.355,25.875,25.875,1793746.0
2025-03-03,26.07,26.64,26.025,26.31,1461700.0
2025-03-04,26.385,26.94,26.25,26.745,1529355.0
2025-03-05,26.745,26.985,26.565,26.865,1237582.0
2025-03-06,27.225,27.585,27.135,27.3,1782082.0
2025-03-07,27.345,27.975,27.15,27.495,1932341.0
2025-03-10,27.6,27.885,27.315,27.825,1631583.0
2025-03-11,27.27,27.57,27.0,27.57,1800006.0
2025-03-12,27.675,27.93,27.27,27.885,1623982.0
2025-03-13,28.17,28.47,27.96,28.29,2097682.0
2025-03-14,28.935,29.295,28.62,29.07,2989816.0
2025-03-17,29.085,29.4,28.515,28.665,2367763.0
2025-03-18,28.95,29.775,28.89,29.49,2552060.0
2025-03-19,29.52,29.925,29.385,29.925,1892852.0
2025-03-20,30.3,30.495,29.865,30.105,2325790.0
2025-03-21,29.85,29.94,28.95,29.205,2514754.0
2025-03-24,29.34,30.375,29.07,29.925,2696252.0
2025-03-25,29.925,30.48,29.745,30.45,2266251.0
2025-03-26,30.9,31.29,30.0,30.15,3229224.0
2025-03-27,29.7,30.045,29.25,29.64,2255314.0
2025-03-28,29.925,30.36,29.565,30.09,1863644.0
2025-03-31,29.955,30.315,29.82,30.03,1606776.0
2025-04-01,30.15,30.345,29.55,29.745,1534227.0
2025-04-02,29.49,29.625,29.01,29.1,1580990.0
2025-04-03,28.875,29.07,28.155,28.515,2164268.0
2025-04-07,25.95,26.625,25.95,25.965,4880359.0
2025-04-08,26.16,26.775,25.665,26.775,3733607.0
2025-04-09,26.16,26.73,25.635,26.73,4467127.0
2025-04-10,27.675,28.125,27.405,27.975,3591395.0
2025-04-11,28.575,28.815,28.32,28.575,2718368.0
2025-04-14,28.935,29.85,28.515,29.295,3336006.0
2025-04-15,29.31,29.4,28.77,29.325,1905538.0
2025-04-16,29.7,29.82,28.98,29.46,2074565.0
2025-04-17,30.045,30.3,29.34,29.58,3105317.0
2025-04-18,29.325,29.505,28.875,29.28,1399177.0
2025-04-21,29.505,30.795,29.49,30.75,3174611.0
2025-04-22,30.915,30.99,30.465,30.6,2533603.0
2025-04-23,29.925,30.27,29.445,29.535,2931501.0
2025-04-24,29.685,29.925,29.295,29.355,1145853.0
2025-04-25,29.55,29.805,29.22,29.325,1215259.0
2025-04-28,29.1,29.46,28.905,29.34,968788.0
2025-04-29,29.355,29.505,29.175,29.295,740563.0
2025-04-30,29.175,29.22,28.89,29.04,849944.0
2025-05-06,29.475,29.61,29.25,29.49,1413638.0
2025-05-07,29.985,30.03,29.55,29.925,1724079.0
2025-05-08,29.7,29.94,29.49,29.49,1122953.0
2025-05-09,29.37,29.52,29.22,29.325,1064869.0
2025-05-12,29.1,29.505,28.965,29.415,1222140.0
2025-05-13,29.25,29.61,28.95,29.49,1163469.0
2025-05-14,29.49,29.715,29.46,29.7,1043413.0
2025-05-15,29.415,29.52,28.89,29.085,1393813.0
2025-05-16,29.235,29.31,28.89,28.98,957100.0
2025-05-19,28.995,29.19,28.77,28.98,757588.0
2025-05-20,28.98,29.385,28.965,29.04,1027962.0
2025-05-21,29.385,30.615,29.37,30.585,2604615.0
2025-05-22,30.42,30.87,30.39,30.72,1335361.0
2025-05-23,30.66,30.9,30.51,30.735,1206872.0
2025-05-26,30.6,31.155,30.57,30.69,1126614.0
2025-05-27,30.645,30.825,29.37,29.67,1726856.0
2025-05-28,29.55,30.0,29.4,29.82,991961.0
2025-05-29,29.595,29.925,29.52,29.58,904480.0
2025-05-30,29.76,29.955,29.34,29.445,933559.0
2025-06-03,29.955,30.27,29.79,29.94,1395224.0
2025-06-04,29.94,30.33,29.865,29.985,831663.0
2025-06-05,30.075,30.3,29.64,29.67,893387.0
2025-06-06,29.835,30.225,29.73,30.06,1334650.0
2025-06-09,29.805,30.06,29.295,29.805,1914916.0
2025-06-10,29.7,30.42,29.7,30.255,1506083.0
2025-06-11,30.255,30.915,30.195,30.84,1283688.0
2025-06-12,30.93,32.085,30.795,32.04,2085630.0
2025-06-13,32.16,32.325,31.83,31.995,1878874.0
2025-06-16,31.98,32.01,31.305,31.5,1330583.0
2025-06-17,31.455,31.725,31.32,31.575,840917.0
2025-06-18,31.56,31.74,31.14,31.44,931998.0
2025-06-19,31.395,31.44,30.825,30.825,1016429.0
2025-06-20,30.915,31.185,30.78,30.885,876538.0
2025-06-23,30.945,31.2,30.69,31.035,985169.0
2025-06-24,30.915,31.695,30.87,31.08,1287024.0
2025-06-25,31.14,31.77,30.945,31.755,1225998.0
2025-06-26,31.62,32.1,31.35,31.74,1273122.0
2025-06-27,32.07,33.36,32.07,32.94,2391482.0
2025-06-30,32.94,33.015,32.37,32.52,1387270.0
2025-07-01,32.805,33.15,32.34,33.12,1239334.0
2025-07-02,33.12,33.915,32.97,33.525,1703696.0
2025-07-03,33.825,34.005,33.39,33.705,1373809.0
2025-07-04,33.375,33.705,33.03,33.345,1358556.0
2025-07-07,33.21,33.3,32.835,32.97,834675.0
2025-07-08,33.075,33.33,32.895,33.0,970734.0
2025-07-09,33.105,33.105,31.575,31.62,3338348.0
2025-07-10,31.65,31.845,31.485,31.53,1893273.0
2025-07-11,31.605,32.07,31.56,31.605,2181704.0
2025-07-14,32.175,32.28,31.785,31.89,2305917.0
2025-07-15,31.86,31.995,31.5,31.95,1531483.0
2025-07-16,31.98,32.04,31.74,31.98,926884.0
2025-07-17,31.965,32.055,31.74,31.875,1174559.0
2025-07-18,32.055,32.82,31.8,32.475,2229552.0
2025-07-21,32.61,33.015,32.52,32.955,1730230.0
2025-07-22,33.15,33.84,32.985,33.645,2025790.0
2025-07-23,33.915,33.99,33.435,33.585,1812225.0
2025-07-24,33.27,33.675,33.015,33.45,1610269.0
2025-07-25,33.21,33.375,32.985,33.045,1252965.0
2025-07-28,32.835,32.97,32.415,32.97,1437051.0
2025-07-29,32.67,32.88,32.535,32.655,1296870.0
2025-07-30,32.67,33.24,32.655,33.0,1543618.0
2025-07-31,32.535,32.55,31.815,31.995,2087643.0
2025-08-01,31.92,32.415,31.845,32.16,1219991.0
2025-08-04,32.625,33.18,32.52,33.09,1738260.0
2025-08-05,33.255,33.3,32.925,33.075,1138387.0
2025-08-06,32.985,33.645,32.94,33.51,1428032.0
2025-08-07,33.51,33.81,33.21,33.72,1317182.0
2025-08-08,33.81,34.32,33.72,34.08,1276510.0
2025-08-11,34.035,34.035,33.555,33.645,1409920.0
2025-08-12,33.6,34.11,33.48,33.72,1173534.0
2025-08-13,33.945,35.025,33.87,34.8,1858341.0
2025-08-14,34.815,35.565,34.725,35.025,1388152.0
2025-08-15,34.68,35.61,34.575,35.205,1709805.0
2025-08-18,35.22,35.325,34.47,34.47,2610953.0
2025-08-19,34.485,34.98,33.69,33.765,2352501.0
2025-08-20,33.765,34.125,33.555,34.11,1682986.0
2025-08-21,34.335,34.47,34.035,34.17,1286486.0
2025-08-22,34.245,34.41,33.945,34.26,1489955.0
2025-08-25,34.845,36.645,34.845,36.585,3063300.0
2025-08-26,36.555,37.095,36.21,36.855,1848831.0
2025-08-27,37.005,38.22,36.75,37.065,2388910.0
2025-08-28,37.08,37.605,36.585,37.05,1733705.0
2025-08-29,37.5,38.49,37.32,37.89,2504128.0
2025-09-01,39.12,40.245,38.385,39.84,3763218.0
2025-09-02,40.425,40.89,39.24,39.885,3438914.0
2025-09-03,40.92,41.535,39.855,40.68,3071908.0
2025-09-04,40.47,41.04,38.355,39.075,3877553.0
2025-09-05,38.955,41.385,38.955,41.175,3452322.0
2025-09-08,41.82,41.97,39.9,40.23,3172579.0
2025-09-09,40.755,42.045,40.395,41.055,3533516.0
2025-09-10,40.095,41.16,40.035,41.04,2243913.0
2025-09-11,41.145,41.88,40.89,41.835,2504285.0
2025-09-12,42.27,42.795,41.415,41.745,3262669.0
2025-09-15,41.58,42.42,41.22,41.52,2408982.0
2025-09-16,42.42,42.495,40.605,41.25,3128029.0
2025-09-17,40.95,41.205,40.395,40.875,2092150.0
2025-09-18,40.29,40.83,39.435,39.9,2631922.0
2025-09-19,39.9,40.995,39.9,40.8,2021763.0
2025-09-22,41.52,41.61,40.545,41.325,1944233.0
2025-09-23,41.67,42.84,41.145,42.0,2761082.0
2025-09-24,42.0,42.165,41.505,42.165,1680028.0
2025-09-25,43.62,44.73,43.305,44.175,3953227.0
2025-09-26,43.92,45.81,43.635,44.37,2820572.0
2025-09-29,44.82,46.56,44.565,46.425,3997940.0
2025-09-30,47.955,48.42,46.71,47.76,3858883.0
2025-10-09,50.43,52.17,49.755,52.17,5093434.0
2025-10-10,50.85,51.6,49.125,49.905,4660206.0
2025-10-13,48.675,51.075,48.42,50.55,4175730.0
2025-10-14,52.2,52.575,47.325,47.85,5392361.0
2025-10-15,48.54,50.4,47.67,50.07,3656411.0
2025-10-16,50.085,50.655,48.69,49.305,2899010.0
2025-10-17,50.28,50.55,48.645,48.855,3044437.0
2025-10-20,47.7,49.035,47.1,48.225,2973410.0
2025-10-21,49.2,49.77,48.315,48.675,2616486.0
2025-10-22,45.885,48.0,45.885,47.775,3153555.0
2025-10-23,47.145,48.495,46.44,48.15,2465283.0
2025-10-24,48.675,49.05,48.24,48.645,1869698.0
2025-10-27,48.78,50.55,48.78,50.1,2902466.0
2025-10-28,49.35,49.785,48.315,48.36,2642452.0
2025-10-29,48.675,50.175,48.615,50.04,2116510.0
2025-10-30,49.77,51.0,49.53,50.265,2766723.0
2025-10-31,50.265,50.535,49.275,49.35,1749231.0
2025-11-03,48.765,49.095,46.905,48.6,2361913.0
2025-11-04,47.85,48.27,46.5,46.77,2680317.0
2025-11-05,45.48,47.475,45.33,47.115,2154614.0
2025-11-06,47.115,48.3,46.98,48.15,1789698.0
2025-11-07,48.135,48.975,48.03,48.855,1497567.0
2025-11-10,49.8,50.025,48.42,48.855,1885112.0
2025-11-11,49.455,49.62,47.85,48.03,1664377.0
2025-11-12,48.03,48.69,47.325,47.835,1364288.0
2025-11-13,48.3,50.28,48.165,49.68,2809336.0
2025-11-14,48.75,49.245,48.33,48.63,1661668.0
2025-11-17,48.195,48.48,46.89,47.07,2159944.0
2025-11-18,46.65,47.025,45.915,46.185,1733398.0
2025-11-19,46.71,47.925,46.65,47.61,1921845.0
2025-11-20,47.7,48.12,46.95,47.055,1331418.0
2025-11-21,46.305,46.89,45.6,45.81,1887292.0
2025-11-24,46.26,46.35,45.045,45.6,1708343.0
2025-11-25,46.305,46.92,46.215,46.365,1474476.0
2025-11-26,46.59,46.755,46.125,46.245,1590126.0
2025-11-27,46.8,47.4,46.35,46.5,1636297.0
2025-11-28,46.785,47.235,46.2,46.47,1975435.0
2025-12-01,47.85,49.605,47.7,48.69,3600530.0
2025-12-02,48.45,48.57,47.775,48.21,1548725.0
2025-12-03,48.375,48.99,48.18,48.555,1911287.0
2025-12-04,49.86,50.67,49.395,49.635,2728596.0
2025-12-05,49.485,50.835,49.305,50.58,2334711.0
2025-12-08,50.7,51.0,50.01,50.85,2068024.0
2025-12-09,50.37,50.445,48.87,49.2,1990926.0
2025-12-10,49.5,49.875,48.9,49.725,1170209.0
2025-12-11,50.4,51.525,49.725,50.04,2407725.0
2025-12-12,51.105,51.3,50.625,51.15,2211743.0
2025-12-15,50.49,51.42,50.19,50.715,1691352.0
2025-12-16,50.13,50.43,48.78,49.08,1583903.0
2025-12-17,49.425,50.385,49.2,49.905,1769711.0
2025-12-18,49.845,50.625,49.575,50.055,1380093.0
2025-12-19,49.86,50.67,49.215,50.28,1656729.0
2025-12-22,51.135,52.77,51.06,52.395,2445132.0
2025-12-23,53.19,53.25,51.45,51.735,2702894.0
2025-12-24,52.41,52.575,51.585,52.065,1927107.0
2025-12-25,51.585,51.81,51.345,51.645,1274567.0
2025-12-26,52.5,54.255,52.425,53.895,2861989.0
2025-12-29,54.84,55.05,52.47,52.575,3575540.0
2025-12-30,50.925,53.82,50.895,53.73,2438024.0
2025-12-31,53.82,56.64,53.685,55.305,3411882.0
2026-01-05,56.55,57.06,55.005,56.7,3103935.0
2026-01-06,57.6,60.15,57.525,60.0,3567272.0
2026-01-07,60.0,60.15,58.17,58.68,3573036.0
2026-01-08,57.9,59.115,57.285,58.05,2415585.0
2026-01-09,57.6,60.105,57.57,59.43,2805790.0
2026-01-12,60.93,61.17,59.145,59.49,2964964.0
2026-01-13,59.7,61.95,59.55,60.96,3107782.0
2026-01-14,61.515,63.375,61.14,61.35,4256502.0
2026-01-15,60.99,62.76,60.15,60.975,3860818.0
2026-01-16,61.08,62.265,59.19,59.805,3947778.0
2026-01-19,60.03,60.27,58.35,59.49,2532752.0
2026-01-20,59.49,60.255,57.915,59.565,3074571.0
2026-01-21,60.24,61.32,59.64,60.795,3891673.0
2026-01-22,59.85,60.42,59.22,60.09,2739499.0
2026-01-23,61.185,61.35,59.625,59.94,3862963.0
2026-01-26,61.71,64.32,61.695,62.85,6635144.0
2026-01-27,63.945,67.62,63.12,64.515,7284982.0
2026-01-28,65.7,67.47,64.5,67.05,6522833.0
2026-01-29,69.285,71.01,65.565,68.775,7728672.0
2026-01-30,65.4,67.14,62.28,63.81,6703441.0
2026-02-02,58.905,61.695,58.005,58.515,7140436.0
2026-02-03,60.36,62.025,59.22,61.815,4766103.0
2026-02-04,62.85,63.585,61.62,62.34,3267366.0
2026-02-05,60.795,61.35,58.455,59.775,3583731.0
2026-02-06,56.925,60.33,56.85,59.385,3277748.0
2026-02-09,61.335,61.92,60.645,61.545,2639476.0
2026-02-10,62.07,62.7,61.38,61.815,1996571.0
2026-02-11,61.5,63.285,61.455,62.82,2228674.0
2026-02-12,62.955,64.245,62.835,63.225,2355759.0
2026-02-13,60.99,62.16,60.135,60.27,3380334.0
2026-02-24,62.835,63.075,62.07,62.58,2467460.0
2026-02-25,62.7,63.99,61.89,63.045,2897095.0
2026-02-26,63.435,63.54,62.01,62.655,1990664.0
2026-02-27,62.4,63.675,62.115,62.925,2420602.0
2026-03-02,64.2,64.95,62.25,64.755,4775134.0
2026-03-03,64.125,64.125,61.59,61.89,4140938.0
2026-03-04,60.15,61.935,59.82,60.54,3125702.0
2026-03-05,61.29,61.32,59.4,60.105,2606599.0
2026-03-06,59.115,59.82,57.96,59.25,2539470.0
2026-03-09,57.495,58.605,55.89,58.2,3906290.0
2026-03-10,59.07,59.91,58.8,59.295,2013124.0
2026-03-11,59.85,60.06,59.16,59.46,1481313.0
2026-03-12,58.785,59.34,58.125,58.725,1891130.0
2026-03-13,57.9,59.01,57.0,57.255,2471205.0
2026-03-16,56.16,56.355,54.0,55.725,4207313.0
2026-03-17,55.695,56.925,55.605,55.95,2253776.0
2026-03-18,55.71,56.1,55.125,55.98,1990248.0
2026-03-19,53.475,54.45,51.78,52.08,5279354.0
2026-03-20,51.9,52.875,50.745,51.075,3850343.0
2026-03-23,48.915,50.61,48.3,49.47,4933043.0
2026-03-24,50.475,52.17,49.965,51.9,4572645.0
2026-03-25,53.85,54.57,53.235,53.46,4106152.0
2026-03-26,53.25,53.46,51.345,51.735,3050473.0
2026-03-27,50.85,52.68,50.85,52.305,2282467.0
2026-03-30,51.9,52.8,51.42,52.77,2369010.0
2026-03-31,53.07,53.85,52.5,52.68,2531059.0
2026-04-01,54.39,55.47,54.03,54.825,3237031.0
2026-04-02,54.585,54.585,52.65,53.28,2589426.0
2026-04-03,53.475,53.595,52.83,52.965,1419991.0
2026-04-07,52.8,53.25,52.095,52.215,1506498.0
2026-04-08,54.6,55.74,54.6,55.53,4079541.0
2026-04-09,54.585,54.885,54.21,54.45,2206590.0
2026-04-10,54.945,55.47,54.15,54.225,2375710.0
2026-04-13,53.67,54.3,53.565,54.09,1765321.0
2026-04-14,55.335,56.025,55.125,55.8,2988457.0
2026-04-15,57.225,57.6,55.815,55.965,2991792.0
2026-04-16,56.1,56.685,56.1,56.55,2009412.0
2026-04-17,56.1,56.25,55.35,55.695,2155828.0
2026-04-20,55.89,56.535,55.65,55.83,2256403.0
2026-04-21,56.07,57.12,55.35,57.09,3119791.0
2026-04-22,57.105,57.39,56.46,56.895,3723920.0
2026-04-23,56.94,56.94,54.81,55.2,3566449.0
2026-04-24,54.63,55.23,53.895,55.065,2577934.0
2026-04-27,54.6,54.975,53.82,53.94,2310885.0
2026-04-28,53.595,53.79,52.92,53.025,2070092.0
2026-04-29,52.425,54.9,52.365,54.81,3034995.0
2026-04-30,54.15,54.63,53.22,53.55,2403899.0
2026-05-06,53.85,55.17,53.415,54.915,3990720.0
2026-05-07,55.86,56.355,54.78,55.29,3360414.0
2026-05-08,54.63,56.1,54.36,55.8,3012482.0
2026-05-11,55.425,55.68,54.375,55.005,3037097.0
2026-05-12,56.04,56.595,55.35,55.47,4169460.0
2026-05-13,56.25,56.475,55.275,55.59,3224803.0
2026-05-14,55.335,55.74,53.85,53.88,2769481.0
2026-05-15,53.085,53.1,50.85,51.36,4482822.0
2026-05-18,49.95,50.655,49.665,50.55,2887987.0
2026-05-19,50.55,50.685,49.56,50.34,1808601.0
2026-05-20,49.395,49.56,48.48,49.185,3144897.0
2026-05-21,49.965,50.475,48.495,48.585,2956155.0
2026-05-22,48.84,50.31,48.42,50.04,2681039.0
2026-05-25,51.06,51.6,50.235,50.625,2840462.0
2026-05-26,50.34,53.07,50.13,52.95,4437216.0
2026-05-27,52.47,52.935,50.895,51.03,2616966.0
2026-05-28,50.1,50.4,48.72,49.665,3109909.0
2026-05-29,50.58,50.67,48.87,49.26,2610250.0
2026-06-01,48.93,49.65,48.78,48.885,1751622.0
2026-06-02,49.14,51.21,48.78,50.97,3333214.0
2026-06-03,50.115,51.33,50.025,50.505,2529803.0
2026-06-04,49.95,50.025,48.93,49.11,2062166.0
2026-06-05,49.05,49.875,47.895,48.045,2716213.0
2026-06-08,46.02,46.695,44.97,45.675,3775320.0
2026-06-09,45.81,46.395,45.0,46.305,2513161.0
2026-06-10,45.0,45.6,44.4,45.15,3044088.0
2026-06-11,44.4,45.135,43.8,44.595,3231431.0
2026-06-12,45.735,48.24,45.315,47.235,5098539.0
2026-06-15,49.41,50.625,49.2,50.565,5714756.0
2026-06-16,50.1,50.25,48.9,49.035,2922715.0
2026-06-17,49.35,50.025,48.78,49.245,2229817.0
2026-06-18,48.54,50.07,47.52,48.135,3620675.0
2026-06-22,47.475,49.35,46.425,49.26,3918476.0
2026-06-23,48.525,48.6,45.06,45.225,4947402.0
2026-06-24,44.715,45.555,44.595,45.075,2846096.0
2026-06-25,43.365,43.74,42.195,42.48,5760700.0
2026-06-26,43.02,43.02,41.46,41.82,3528208.0
2026-06-29,42.195,43.11,41.64,42.855,3232927.0
2026-06-30,41.745,42.06,41.22,41.88,3107057.0
2026-07-01,41.445,42.495,40.8,41.835,3389084.0
2026-07-02,42.585,44.61,42.45,43.62,5067417.0
2026-07-03,45.42,46.62,45.285,45.9,5386520.0
2026-07-06,45.63,47.955,45.6,46.59,3700913.0
2026-07-07,45.87,46.335,45.315,45.6,2235422.0
2026-07-08,44.85,46.215,44.37,45.21,1969818.0
2026-07-09,44.4,45.72,43.995,45.6,2514997.0
2026-07-10,46.17,46.845,44.79,45.75,2657100.0
2026-07-13,45.015,45.615,44.28,45.21,2130238.0
2026-07-14,44.49,48.105,44.295,47.76,3803205.0
2026-07-15,47.76,48.18,47.01,47.415,2683491.0
2026-07-16,47.4,48.555,47.355,48.045,2654390.0
2026-07-17,47.145,47.4,46.05,46.71,2904169.0
2026-07-20,46.71,48.345,46.605,48.195,2757683.0
2026-07-21,49.095,49.665,47.865,49.485,3426670.0
2026-07-22,50.385,53.355,50.385,52.47,5261658.0
2026-07-23,52.95,54.69,52.05,53.76,4394476.0
2026-07-24,51.78,52.305,50.625,51.435,4010393.0
2026-07-27,52.845,52.845,50.865,51.825,2316589.0
2026-07-28,50.97,51.87,50.715,51.705,1870630.0
2026-07-29,52.08,52.605,50.94,52.395,2156163.0
2026-07-30,53.115,53.94,52.185,53.22,2842980.0
2026-07-31,52.74,54.39,52.575,53.595,2842479.0
2026-08-03,53.22,53.58,51.705,52.995,2195419.0
2026-08-04,52.845,53.445,51.945,52.35,2066598.0
2026-08-05,52.755,55.5,52.74,55.32,4306669.0
2026-08-06,57.24,57.87,55.395,55.92,4026674.0
2026-08-07,55.305,57.18,55.26,56.895,2747124.0
2026-08-10,56.94,57.57,56.235,57.345,2736505.0
2026-08-11,57.66,57.825,53.835,53.94,4475415.0
2026-08-12,53.955,55.29,53.94,54.54,2044842.0
2026-08-13,54.54,54.93,52.335,52.485,3309070.0
2026-08-14,51.87,53.16,51.795,52.965,1943765.0
2026-08-17,54.165,54.645,53.685,54.21,1971968.0
2026-08-18,54.21,54.54,53.475,54.51,1845214.0
2026-08-19,52.92,54.09,52.695,53.31,1898576.0
2026-08-20,55.17,56.79,54.975,55.545,4115787.0
2026-08-21,56.175,57.105,55.2,56.91,3007017.0
2026-08-24,57.9,58.005,56.04,56.61,3376482.0
2026-08-25,56.85,56.85,54.9,55.32,2515654.0
2026-08-26,55.35,57.825,55.35,56.505,3142352.0
2026-08-27,55.5,57.09,55.485,56.655,2314388.0
2026-08-28,56.55,56.805,55.35,56.775,1997115.0
2026-08-31,54.3,55.425,53.7,55.305,2966399.0
2026-09-01,55.305,56.085,55.035,55.395,1591142.0
2026-09-02,54.135,54.645,53.085,54.225,2372155.0
2026-09-03,54.675,55.29,54.225,54.765,1695898.0
2026-09-04,55.575,55.875,54.405,54.825,1769341.0
2026-09-07,53.85,54.63,53.715,54.105,1495597.0
2026-09-08,54.96,56.01,54.66,55.59,2502415.0
2026-09-09,55.605,56.595,55.035,56.4,1990935.0
2026-09-10,55.92,56.385,55.755,55.965,998200.0
2026-09-11,53.55,53.82,51.975,53.19,3799017.0
2026-09-14,52.47,53.535,52.35,53.175,1548053.0
2026-09-15,52.89,53.1,52.095,52.32,1302033.0
2026-09-16,52.455,53.505,51.54,53.055,1896368.0
2026-09-17,52.5,52.8,50.565,51.15,3075905.0
2026-09-18,52.05,52.38,51.54,51.915,1770975.0
2026-09-21,52.02,52.35,51.405,51.75,1132466.0
2026-09-22,51.885,52.425,51.57,51.915,1326999.0
2026-09-23,52.275,52.455,51.78,51.915,1029596.0
2026-09-24,51.285,51.33,49.785,49.815,2145140.0
