date,open,high,low,close,volume
2016-01-04,75.246,75.27,72.09,72.322,59462.0
2016-01-05,70.582,74.481,70.582,73.46,89726.0
2016-01-06,73.784,75.386,73.552,75.177,100796.0
2016-01-07,74.457,74.457,71.301,71.673,19019.0
2016-01-08,73.042,73.576,70.791,71.766,166619.0
2016-01-11,71.696,71.882,68.935,69.631,153196.0
2016-01-12,70.211,70.698,68.911,68.958,131626.0
2016-01-13,70.35,71.557,68.447,68.888,123763.0
2016-01-14,68.331,69.491,67.055,69.074,122526.0
2016-01-15,69.074,69.561,67.519,68.192,56701.0
2016-01-18,67.96,68.656,67.078,68.424,37557.0
2016-01-19,68.47,70.373,68.03,70.164,60315.0
2016-01-20,69.956,71.673,69.399,69.932,79282.0
2016-01-21,68.911,69.932,68.563,68.935,50522.0
2016-01-22,68.981,70.211,68.749,69.816,46806.0
2016-01-25,70.327,71.209,69.422,70.257,45361.0
2016-01-26,69.399,70.257,67.774,68.54,81158.0
2016-01-27,65.918,68.795,65.454,66.753,109688.0
2016-01-28,66.591,67.217,65.083,65.291,61620.0
2016-01-29,65.175,67.009,65.083,66.73,87361.0
2016-02-01,66.591,66.684,64.781,65.245,78776.0
2016-02-02,65.315,66.475,65.315,66.127,51360.0
2016-02-03,65.129,66.057,65.106,66.034,30315.0
2016-02-04,66.568,67.403,66.568,66.985,72865.0
2016-02-05,66.823,68.03,66.73,67.333,58045.0
2016-02-15,66.034,69.561,65.895,69.004,127222.0
2016-02-16,69.352,70.536,68.401,69.886,95583.0
2016-02-17,69.329,72.299,69.259,71.441,171449.0
2016-02-18,72.16,72.833,71.185,71.673,114148.0
2016-02-19,71.603,71.766,70.512,71.232,46951.0
2016-02-22,71.928,72.578,71.301,72.415,45442.0
2016-02-23,72.624,72.624,70.675,71.348,36621.0
2016-02-24,71.534,72.369,71.0,72.253,29226.0
2016-02-25,72.253,73.019,69.399,71.464,98238.0
2016-02-26,71.696,72.044,71.116,71.65,43638.0
2016-02-29,71.835,72.16,69.143,69.84,45949.0
2016-03-01,70.188,70.536,69.167,70.095,38009.0
2016-03-02,70.141,73.204,70.141,73.019,74544.0
2016-03-03,73.436,75.037,73.111,73.506,61179.0
2016-03-04,73.692,74.481,71.974,72.415,58320.0
2016-03-07,72.601,74.365,72.578,74.225,45540.0
2016-03-08,73.506,74.016,71.928,73.135,44132.0
2016-03-09,72.856,72.856,71.417,71.441,42021.0
2016-03-10,71.65,72.717,71.232,71.603,49903.0
2016-03-11,71.348,71.719,70.141,71.65,48524.0
2016-03-14,71.719,73.97,71.719,73.483,62965.0
2016-03-15,73.088,74.132,73.042,73.599,42896.0
2016-03-16,73.599,74.225,72.879,73.251,32832.0
2016-03-17,73.251,75.037,73.251,74.898,113412.0
2016-03-18,74.643,76.291,74.295,74.852,120532.0
2016-03-21,75.177,77.242,74.016,74.991,149226.0
2016-03-22,74.921,75.293,73.854,74.666,55056.0
2016-03-23,74.318,75.362,74.272,74.736,53041.0
2016-03-24,74.318,75.362,74.063,74.736,54115.0
2016-03-25,74.481,76.314,74.365,76.058,40403.0
2016-03-28,76.639,77.474,74.504,74.736,77787.0
2016-03-29,74.318,74.968,74.04,74.504,61153.0
2016-03-30,75.061,75.989,74.643,75.386,62016.0
2016-03-31,75.641,77.219,75.409,76.546,116176.0
2016-04-01,76.128,76.639,75.339,76.035,35015.0
2016-04-05,74.736,76.546,74.736,76.36,53283.0
2016-04-06,76.058,76.082,75.061,75.618,59464.0
2016-04-07,75.757,75.873,74.55,74.62,61144.0
2016-04-08,74.481,74.504,73.877,74.086,47223.0
2016-04-11,74.527,75.084,74.04,74.248,85498.0
2016-04-12,74.156,74.527,73.947,74.365,28637.0
2016-04-13,74.759,75.757,74.318,74.643,88689.0
2016-04-14,74.921,75.061,73.97,74.341,61694.0
2016-04-15,74.527,74.921,74.365,74.852,37692.0
2016-04-18,74.016,74.713,72.949,73.251,49991.0
2016-04-19,73.227,73.692,72.856,73.158,37279.0
2016-04-20,73.158,73.32,70.559,71.046,101106.0
2016-04-21,71.0,72.392,70.837,71.65,46863.0
2016-04-22,71.673,72.508,71.65,72.415,40047.0
2016-04-25,71.905,72.392,71.046,72.369,45076.0
2016-04-26,72.16,72.601,71.232,71.882,37543.0
2016-04-27,72.114,72.276,71.534,71.696,22095.0
2016-04-28,71.789,71.789,70.814,71.394,28645.0
2016-04-29,71.185,71.185,69.724,69.863,77935.0
2016-05-03,69.816,71.162,69.422,71.116,110723.0
2016-05-04,71.0,72.601,70.791,72.299,89776.0
2016-05-05,72.253,72.833,71.696,72.369,48812.0
2016-05-06,72.392,73.065,71.557,71.626,68301.0
2016-05-09,70.884,71.882,70.327,70.721,73477.0
2016-05-10,71.0,72.114,70.884,72.09,43580.0
2016-05-11,72.276,74.713,71.951,74.04,116893.0
2016-05-12,73.32,74.086,72.044,72.926,62164.0
2016-05-13,72.949,73.97,71.116,71.487,62524.0
2016-05-16,71.464,72.206,70.304,72.044,44667.0
2016-05-17,72.044,72.206,71.185,71.394,30031.0
2016-05-18,71.093,71.626,70.002,70.536,39392.0
2016-05-19,70.536,71.116,70.048,70.373,24810.0
2016-05-20,69.909,70.42,69.329,69.724,49419.0
2016-05-23,69.84,70.512,69.724,70.28,33737.0
2016-05-24,70.095,70.28,68.447,68.935,39953.0
2016-05-25,69.283,69.747,68.865,69.051,26763.0
2016-05-26,69.004,69.677,68.586,69.399,29073.0
2016-05-27,69.677,69.677,69.19,69.283,19404.0
2016-05-30,69.283,69.607,68.911,69.375,22980.0
2016-05-31,69.143,71.069,69.143,71.023,82636.0
2016-06-01,71.116,71.441,70.768,70.884,41842.0
2016-06-02,70.884,71.069,70.536,70.721,26353.0
2016-06-03,70.675,71.441,70.489,71.209,43480.0
2016-06-06,71.209,71.673,70.768,71.139,38962.0
2016-06-07,71.139,71.255,70.304,70.536,46591.0
2016-06-08,70.396,70.953,70.095,70.652,39539.0
2016-06-13,70.188,70.652,69.515,69.677,83665.0
2016-06-14,69.654,69.979,68.215,68.795,77611.0
2016-06-15,68.076,69.561,67.983,69.352,86340.0
2016-06-16,69.236,69.515,68.146,68.238,74541.0
2016-06-17,68.308,68.749,68.146,68.401,40970.0
2016-06-20,67.751,68.354,67.333,67.681,46088.0
2016-06-21,67.983,68.169,66.707,67.171,63160.0
2016-06-22,67.171,67.357,66.8,67.357,33879.0
2016-06-23,67.403,68.122,67.148,67.449,56928.0
2016-06-24,67.496,67.635,66.011,67.101,70576.0
2016-06-27,66.753,67.449,66.568,67.38,48432.0
2016-06-28,67.333,67.357,66.776,67.241,62737.0
2016-06-29,67.357,67.403,66.8,67.032,71452.0
2016-06-30,67.264,67.264,66.823,67.171,46499.0
2016-07-01,67.171,67.217,66.846,67.032,43748.0
2016-07-04,66.939,68.03,66.823,67.798,148800.0
2016-07-05,67.821,68.749,67.751,68.169,91715.0
2016-07-06,67.983,68.076,67.473,67.798,59915.0
2016-07-07,68.006,68.122,67.542,67.867,57952.0
2016-07-08,67.658,67.937,67.542,67.612,40985.0
2016-07-11,67.681,68.517,67.681,68.076,75951.0
2016-07-12,68.378,70.884,67.983,70.141,194133.0
2016-07-13,70.072,70.721,69.747,69.956,109429.0
2016-07-14,70.072,70.072,69.399,69.77,38032.0
2016-07-15,69.932,70.188,69.724,69.956,39692.0
2016-07-18,70.002,70.768,69.631,70.257,53062.0
2016-07-19,70.466,70.466,69.329,69.747,35539.0
2016-07-20,70.025,70.025,69.422,69.491,21035.0
2016-07-21,69.468,70.188,69.399,69.7,29800.0
2016-07-22,69.84,69.886,68.819,68.888,34208.0
2016-07-25,68.935,69.236,68.749,68.911,26734.0
2016-07-26,68.795,70.072,68.726,69.956,56697.0
2016-07-27,70.025,70.884,68.726,70.35,114209.0
2016-07-28,69.747,72.462,68.865,71.51,164794.0
2016-07-29,71.232,72.508,71.232,71.417,85299.0
2016-08-01,71.673,73.042,70.768,71.069,96070.0
2016-08-02,71.232,71.626,70.791,71.139,31772.0
2016-08-03,71.0,72.74,70.884,72.16,83789.0
2016-08-04,71.812,72.392,71.51,72.137,43929.0
2016-08-05,72.276,72.392,71.719,71.951,30512.0
2016-08-08,72.044,72.276,71.417,71.882,36955.0
2016-08-09,71.812,72.833,71.766,72.578,43355.0
2016-08-10,72.276,72.462,71.858,72.23,34430.0
2016-08-11,71.789,72.16,70.791,70.953,52746.0
2016-08-12,70.953,71.65,70.907,71.441,68675.0
2016-08-15,71.464,73.924,71.464,73.274,120171.0
2016-08-16,73.506,74.55,73.135,74.132,88697.0
2016-08-17,74.063,74.898,73.32,74.202,95445.0
2016-08-18,74.411,74.411,73.181,73.483,41532.0
2016-08-19,73.622,73.622,72.81,73.181,44349.0
2016-08-22,72.949,74.481,72.926,74.063,69483.0
2016-08-23,73.924,74.527,73.529,74.063,41579.0
2016-08-24,74.202,74.55,73.877,74.248,55100.0
2016-08-25,73.808,74.318,73.576,73.761,22646.0
2016-08-26,73.993,74.318,73.39,73.761,20339.0
2016-08-29,73.97,74.295,72.972,73.227,53974.0
2016-08-30,73.204,73.297,72.23,72.531,51254.0
2016-08-31,72.369,72.694,71.951,72.137,47817.0
2016-09-01,72.415,72.81,71.905,71.974,33089.0
2016-09-02,72.114,72.879,71.046,72.879,65510.0
2016-09-05,72.926,72.926,71.58,71.835,54487.0
2016-09-06,71.789,72.021,71.139,71.534,57886.0
2016-09-07,71.766,72.114,71.557,71.951,33381.0
2016-09-08,71.882,72.555,71.789,72.299,41020.0
2016-09-09,72.09,72.833,72.067,72.763,49933.0
2016-09-12,72.23,72.346,71.023,71.789,67947.0
2016-09-13,71.974,72.044,71.278,71.719,26556.0
2016-09-14,71.464,71.626,70.93,71.441,28856.0
2016-09-19,71.301,71.626,71.301,71.464,30258.0
2016-09-20,71.394,71.65,71.301,71.534,12646.0
2016-09-21,71.441,71.626,71.325,71.417,19599.0
2016-09-22,71.093,71.742,71.069,71.116,39516.0
2016-09-23,71.371,71.673,71.069,71.394,32116.0
2016-09-26,71.348,71.487,70.28,70.327,23180.0
2016-09-27,70.373,70.791,70.141,70.768,16437.0
2016-09-28,70.977,70.977,70.188,70.234,17008.0
2016-09-29,70.211,70.489,70.164,70.327,21293.0
2016-09-30,70.327,70.443,70.188,70.304,13527.0
2016-10-10,70.396,70.814,70.304,70.768,34387.0
2016-10-11,70.768,71.255,70.605,71.232,30534.0
2016-10-12,70.745,71.325,70.605,71.139,41545.0
2016-10-13,71.301,71.417,70.907,71.232,33905.0
2016-10-14,71.232,71.696,71.069,71.51,35544.0
2016-10-17,71.766,71.766,71.301,71.626,33328.0
2016-10-18,71.185,71.858,71.185,71.719,21621.0
2016-10-19,71.719,71.951,70.837,71.162,28029.0
2016-10-20,71.069,71.325,70.837,71.185,22624.0
2016-10-21,70.953,71.301,70.675,70.953,19281.0
2016-10-24,70.977,71.65,70.977,71.441,26097.0
2016-10-25,71.232,71.51,71.162,71.278,15200.0
2016-10-26,71.209,71.371,70.605,70.861,26255.0
2016-10-27,70.837,71.301,70.652,71.139,20221.0
2016-10-28,71.255,71.417,70.814,71.278,35715.0
2016-10-31,70.907,71.162,70.582,70.629,21832.0
2016-11-01,70.791,70.861,70.536,70.745,20044.0
2016-11-02,70.721,70.721,70.048,70.072,26767.0
2016-11-03,69.84,70.396,69.84,70.141,24545.0
2016-11-04,69.979,70.164,69.259,69.631,48867.0
2016-11-07,69.538,70.35,69.236,69.677,31716.0
2016-11-08,69.863,69.956,69.259,69.677,30489.0
2016-11-09,69.7,69.724,68.285,68.517,68039.0
2016-11-10,68.865,69.306,68.795,69.051,46158.0
2016-11-11,69.329,70.42,69.143,70.373,121409.0
2016-11-14,70.582,70.582,69.631,69.747,42547.0
2016-11-15,69.84,70.466,69.77,69.932,46176.0
2016-11-16,70.002,70.373,69.84,70.072,24167.0
2016-11-17,69.909,70.025,69.306,69.561,44178.0
2016-11-18,69.422,69.863,69.19,69.399,53156.0
2016-11-21,69.631,70.072,69.399,69.84,43317.0
2016-11-22,69.584,70.118,69.445,69.677,41030.0
2016-11-23,69.7,70.025,69.607,69.677,32528.0
2016-11-24,69.77,70.164,69.306,69.84,53096.0
2016-11-25,69.909,70.489,69.677,70.466,65128.0
2016-11-28,70.652,71.441,70.28,70.814,104247.0
2016-11-29,70.652,72.972,70.559,71.58,102759.0
2016-11-30,72.183,72.183,70.907,71.278,55858.0
2016-12-01,71.417,71.487,70.443,70.837,73312.0
2016-12-02,70.884,71.093,70.072,70.489,66315.0
2016-12-05,70.025,70.582,69.677,70.211,67341.0
2016-12-06,69.956,70.42,69.956,70.095,37377.0
2016-12-07,70.141,70.141,69.631,70.072,29141.0
2016-12-08,70.072,70.28,69.375,69.445,40540.0
2016-12-09,69.468,69.84,69.306,69.399,57637.0
2016-12-12,69.399,69.84,68.424,69.074,68422.0
2016-12-13,68.819,69.143,68.54,68.935,32565.0
2016-12-14,69.167,69.306,69.004,69.19,52442.0
2016-12-15,69.074,69.584,68.795,69.375,47069.0
2016-12-16,69.399,69.7,69.213,69.491,48267.0
2016-12-19,69.236,69.724,68.865,69.584,41027.0
2016-12-20,69.468,69.886,69.236,69.468,54239.0
2016-12-21,69.329,70.28,69.329,70.118,59346.0
2016-12-22,70.257,70.257,69.816,70.141,48802.0
2016-12-23,70.257,70.28,69.7,70.164,25467.0
2016-12-26,70.188,70.188,69.074,69.909,14635.0
2016-12-27,69.909,70.095,69.329,69.329,14731.0
2016-12-28,69.213,70.002,68.958,69.259,70003.0
2016-12-29,68.981,69.167,68.795,68.888,63558.0
2016-12-30,68.958,69.445,68.819,69.259,44001.0
2017-01-03,69.329,69.863,68.981,69.561,34862.0
2017-01-04,69.654,70.025,69.515,69.886,55340.0
2017-01-05,70.048,70.28,69.863,69.979,51351.0
2017-01-06,69.932,70.257,69.932,70.141,42419.0
2017-01-09,70.141,70.373,69.932,70.118,48496.0
2017-01-10,70.141,70.605,69.886,70.188,37636.0
2017-01-11,70.141,70.35,69.677,69.793,41934.0
2017-01-12,69.909,70.164,69.631,69.84,49423.0
2017-01-13,69.84,70.327,69.213,69.793,61349.0
2017-01-16,69.561,70.28,69.097,69.863,203593.0
2017-01-17,69.886,69.979,69.515,69.816,56775.0
2017-01-18,69.909,70.373,69.84,70.141,67467.0
2017-01-19,70.28,70.605,70.141,70.373,57018.0
2017-01-20,70.28,70.93,70.257,70.745,40846.0
2017-01-23,70.745,70.953,70.443,70.768,42400.0
2017-01-24,70.745,70.861,70.489,70.768,18944.0
2017-01-25,70.837,71.58,70.768,71.51,54383.0
2017-01-26,71.348,71.766,71.162,71.534,26858.0
2017-02-03,71.719,71.928,71.371,71.835,31675.0
2017-02-06,71.766,72.137,71.696,71.951,31518.0
2017-02-07,72.044,72.23,71.093,71.51,51611.0
2017-02-08,71.766,71.998,71.232,71.812,26584.0
2017-02-09,71.928,72.392,71.812,72.23,41385.0
2017-02-10,71.998,72.81,71.882,71.951,51574.0
2017-02-13,71.951,73.042,71.812,72.485,79170.0
2017-02-14,72.531,72.694,71.417,71.696,64664.0
2017-02-15,71.835,72.647,71.766,71.951,49969.0
2017-02-16,72.16,72.23,71.742,72.09,40680.0
2017-02-17,72.021,72.114,71.371,71.417,18192.0
2017-02-20,71.928,72.206,71.603,72.021,28852.0
2017-02-21,72.114,72.694,72.021,72.114,22008.0
2017-02-22,72.044,72.276,71.719,71.858,23210.0
2017-02-23,71.812,72.462,71.487,71.65,36142.0
2017-02-24,71.603,74.086,71.232,72.763,66516.0
2017-02-27,71.789,71.951,71.325,71.603,33974.0
2017-02-28,71.534,71.58,71.301,71.394,24869.0
2017-03-01,71.394,71.905,71.278,71.51,23791.0
2017-03-02,71.789,71.882,71.232,71.278,24998.0
2017-03-03,71.278,71.51,71.116,71.301,20249.0
2017-03-06,71.51,72.485,71.348,72.114,41018.0
2017-03-07,72.206,72.322,71.812,72.16,28356.0
2017-03-08,72.114,72.322,71.974,72.16,18551.0
2017-03-09,72.23,72.531,71.998,72.206,35833.0
2017-03-10,71.928,72.137,71.255,71.301,48947.0
2017-03-13,71.278,74.063,71.278,73.506,152316.0
2017-03-14,73.506,73.854,73.111,73.692,42545.0
2017-03-15,73.738,74.666,73.251,74.318,69706.0
2017-03-16,74.434,74.573,73.506,73.552,84524.0
2017-03-17,73.529,74.086,73.297,73.761,34875.0
2017-03-20,74.248,74.55,73.506,73.947,55890.0
2017-03-21,73.715,75.409,73.622,74.759,75164.0
2017-03-22,74.156,74.666,73.576,73.854,53906.0
2017-03-23,74.434,74.852,72.903,73.831,95086.0
2017-03-24,73.622,75.78,73.344,75.455,112175.0
2017-03-27,75.455,77.938,75.27,76.407,166881.0
2017-03-28,76.314,77.08,75.618,76.778,55710.0
2017-03-29,77.01,78.425,76.36,77.52,80955.0
2017-03-30,77.358,78.031,76.383,77.312,82832.0
2017-03-31,76.987,77.544,76.639,77.288,37070.0
2017-04-05,77.706,79.516,77.265,77.985,86011.0
2017-04-06,77.985,79.539,77.938,79.493,106192.0
2017-04-07,79.516,79.771,78.217,78.959,52870.0
2017-04-10,78.843,78.843,77.544,77.961,61001.0
2017-04-11,78.054,78.24,76.035,77.196,86125.0
2017-04-12,77.172,83.229,76.499,82.579,316461.0
2017-04-13,81.744,87.893,81.535,86.802,261962.0
2017-04-14,87.313,87.313,85.735,86.802,71793.0
2017-04-17,86.408,87.15,84.784,87.058,76387.0
2017-04-18,85.874,89.912,85.573,88.752,134787.0
2017-04-19,88.009,88.728,86.385,87.731,144194.0
2017-04-20,87.313,88.288,86.385,87.777,72641.0
2017-04-21,87.638,87.638,85.039,86.779,90767.0
2017-04-24,86.222,87.174,84.412,87.127,114064.0
2017-04-25,86.454,86.849,85.178,86.153,57052.0
2017-04-26,86.153,87.545,85.503,86.338,48080.0
2017-04-27,85.967,86.826,85.921,86.245,33805.0
2017-04-28,86.71,89.541,86.71,87.197,84318.0
2017-05-02,85.619,89.587,84.435,88.937,65524.0
2017-05-03,88.427,90.051,87.916,89.703,58894.0
2017-05-04,89.494,92.882,89.401,91.838,104953.0
2017-05-05,91.443,92.65,90.492,92.232,77509.0
2017-05-08,92.372,93.81,90.353,92.488,117023.0
2017-05-09,92.186,92.186,88.682,89.425,56322.0
2017-05-10,89.425,90.794,89.285,89.703,44982.0
2017-05-11,89.1,90.979,88.473,90.237,56307.0
2017-05-12,89.401,91.443,89.401,90.492,31287.0
2017-05-15,91.258,93.787,91.026,93.625,68713.0
2017-05-16,93.578,98.683,93.578,98.312,111251.0
2017-05-17,98.219,100.006,96.711,97.059,83457.0
2017-05-18,96.734,97.662,95.203,96.27,59512.0
2017-05-19,95.876,99.472,95.876,98.962,80943.0
2017-05-22,99.844,100.238,97.755,100.122,54798.0
2017-05-23,99.403,100.911,95.922,100.888,145912.0
2017-05-24,99.263,99.588,96.224,97.477,119346.0
2017-05-25,97.129,99.031,93.532,94.831,127472.0
2017-05-26,94.971,96.27,93.834,95.411,104075.0
2017-05-31,95.481,95.667,90.585,95.411,167798.0
2017-06-01,93.741,96.781,92.673,96.572,145803.0
2017-06-02,95.899,97.245,95.667,96.34,65020.0
2017-06-05,95.783,96.316,93.462,94.274,67352.0
2017-06-06,94.042,95.087,92.882,94.901,69602.0
2017-06-07,94.692,95.342,93.81,94.715,95861.0
2017-06-08,94.785,99.38,94.785,99.008,164317.0
2017-06-09,98.567,98.915,96.827,98.01,139971.0
2017-06-12,97.337,98.66,96.386,97.082,89892.0
2017-06-13,97.036,97.546,95.899,97.453,58279.0
2017-06-14,97.546,97.686,94.274,94.46,110177.0
2017-06-15,94.019,94.019,91.281,91.583,175941.0
2017-06-16,90.979,92.163,90.608,91.583,88394.0
2017-06-19,90.979,92.07,90.956,91.536,62319.0
2017-06-20,91.559,92.0,90.098,90.144,80358.0
2017-06-21,90.84,95.365,90.283,95.179,156820.0
2017-06-22,94.739,95.69,93.857,95.551,111933.0
2017-06-23,94.739,96.502,94.576,96.409,63199.0
2017-06-26,96.293,97.013,95.249,95.411,83040.0
2017-06-27,95.69,96.27,95.063,95.945,43140.0
2017-06-28,95.527,95.922,94.066,94.321,52087.0
2017-06-29,93.996,94.576,93.369,94.089,45929.0
2017-06-30,94.205,94.437,92.604,94.298,54381.0
2017-07-03,94.739,96.711,94.298,96.247,60072.0
2017-07-04,95.899,96.34,93.81,96.108,87134.0
2017-07-05,95.644,96.549,94.994,96.108,37034.0
2017-07-06,95.667,98.567,95.435,96.34,68590.0
2017-07-07,97.059,97.477,95.783,96.572,44209.0
2017-07-10,96.92,96.92,93.694,93.764,81482.0
2017-07-11,93.81,94.971,93.416,94.46,49210.0
2017-07-12,94.669,94.669,92.673,94.089,39227.0
2017-07-13,94.622,94.669,93.532,94.019,55623.0
2017-07-14,94.321,95.574,93.671,95.11,45369.0
2017-07-17,95.435,95.945,91.281,95.852,66794.0
2017-07-18,95.922,96.711,94.53,96.432,59257.0
2017-07-19,96.316,97.755,95.968,96.27,79415.0
2017-07-20,96.293,97.013,94.762,96.27,80217.0
2017-07-21,96.015,96.595,94.739,95.087,44530.0
2017-07-24,95.411,95.411,94.274,94.321,49578.0
2017-07-25,94.808,94.901,92.604,93.555,52702.0
2017-07-26,93.996,93.996,91.559,92.163,95745.0
2017-07-27,91.374,93.114,91.374,92.14,66238.0
2017-07-28,91.884,93.114,91.884,92.418,29593.0
2017-07-31,92.604,94.808,92.07,94.622,55761.0
2017-08-01,94.692,95.11,93.555,94.274,54699.0
2017-08-02,94.274,94.599,93.068,93.137,26870.0
2017-08-03,93.462,93.555,91.652,92.232,43306.0
2017-08-04,92.186,92.952,91.722,91.884,39277.0
2017-08-07,92.093,93.462,91.977,92.789,29856.0
2017-08-08,93.021,93.973,92.789,93.578,26517.0
2017-08-09,93.81,93.81,92.696,92.882,29638.0
2017-08-10,93.137,93.578,92.047,93.393,33176.0
2017-08-11,92.464,93.88,92.464,93.834,33182.0
2017-08-14,93.88,94.414,93.717,93.764,23393.0
2017-08-15,93.3,95.179,93.161,94.947,43712.0
2017-08-16,94.947,94.971,93.787,94.414,29154.0
2017-08-17,94.344,96.34,93.996,95.11,50038.0
2017-08-18,94.971,95.644,94.274,94.367,32343.0
2017-08-21,94.274,94.855,93.764,94.739,24316.0
2017-08-22,94.739,95.087,93.81,94.158,20137.0
2017-08-23,94.437,94.437,93.88,94.321,12814.0
2017-08-24,94.715,94.831,94.205,94.506,15811.0
2017-08-25,95.644,95.644,94.715,95.11,24200.0
2017-08-28,95.62,98.614,95.597,98.034,102376.0
2017-08-29,98.521,100.679,98.034,100.076,78856.0
2017-08-30,100.401,100.818,98.242,98.405,68275.0
2017-08-31,98.892,99.658,97.384,99.356,39967.0
2017-09-01,99.24,99.658,97.314,97.546,56661.0
2017-09-04,97.477,98.01,96.432,97.221,29394.0
2017-09-05,97.221,99.472,97.221,99.263,49698.0
2017-09-06,98.707,100.076,98.707,100.006,37822.0
2017-09-07,100.122,103.672,99.728,103.394,94366.0
2017-09-08,103.858,108.105,103.44,107.107,101071.0
2017-09-11,107.107,107.617,104.044,104.392,62018.0
2017-09-12,104.879,105.923,102.999,104.647,44702.0
2017-09-13,104.345,104.577,101.793,103.464,72196.0
2017-09-14,103.603,104.949,102.396,103.185,23313.0
2017-09-15,102.976,105.042,102.582,103.974,31632.0
2017-09-18,103.881,104.577,101.19,101.352,58436.0
2017-09-19,101.097,101.793,99.287,99.797,56463.0
2017-09-20,99.704,99.704,97.384,97.755,96779.0
2017-09-21,98.312,98.428,96.479,96.665,92051.0
2017-09-22,96.757,97.384,96.479,97.175,51539.0
2017-09-25,97.082,98.057,95.365,97.964,75016.0
2017-09-26,97.616,98.242,96.572,97.918,34266.0
2017-09-27,97.268,98.057,97.152,97.268,30337.0
2017-09-28,97.616,98.057,96.989,97.686,29654.0
2017-09-29,97.616,98.544,96.247,96.873,47383.0
2017-10-09,97.848,99.194,97.523,98.219,88022.0
2017-10-10,98.335,99.356,95.017,96.502,109140.0
2017-10-11,96.572,99.472,96.502,98.382,77863.0
2017-10-12,98.544,102.651,98.382,101.538,100514.0
2017-10-13,101.584,103.417,101.12,101.654,51470.0
2017-10-16,101.746,102.721,100.401,101.654,51168.0
2017-10-17,101.375,101.561,100.54,100.563,26184.0
2017-10-18,100.493,102.953,100.493,102.489,68908.0
2017-10-19,102.675,103.371,101.932,103.208,48499.0
2017-10-20,105.274,107.339,103.162,103.44,77128.0
2017-10-23,103.881,106.434,101.329,101.584,76412.0
2017-10-24,102.234,103.51,101.097,102.582,46714.0
2017-10-25,102.605,103.626,101.978,102.675,33362.0
2017-10-26,103.812,103.812,101.422,101.561,48167.0
2017-10-27,102.002,102.443,100.609,101.306,69585.0
2017-10-30,102.698,109.265,102.698,108.963,148657.0
2017-10-31,108.963,110.472,106.573,110.263,108064.0
2017-11-01,109.056,109.683,106.921,107.153,109397.0
2017-11-02,106.968,107.989,105.111,107.687,63975.0
2017-11-03,107.13,108.453,106.202,108.383,63777.0
2017-11-06,108.638,113.558,107.803,111.609,138385.0
2017-11-07,111.632,113.07,108.105,108.754,128695.0
2017-11-08,109.613,110.286,106.527,107.965,118852.0
2017-11-09,107.594,109.033,106.643,108.94,59958.0
2017-11-10,108.708,112.398,107.617,111.26,92953.0
2017-11-13,111.516,112.119,109.427,109.799,85513.0
2017-11-14,109.683,109.706,107.176,108.267,73944.0
2017-11-15,107.78,110.727,107.78,110.193,85641.0
2017-11-16,110.239,110.657,108.453,109.683,52972.0
2017-11-17,109.984,113.558,109.752,113.279,145920.0
2017-11-20,113.163,114.95,111.005,114.834,116146.0
2017-11-21,115.252,118.686,113.395,113.697,152507.0
2017-11-22,114.068,115.901,111.655,115.182,125646.0
2017-11-23,114.115,114.115,108.128,110.054,121524.0
2017-11-24,108.638,110.564,108.081,110.1,100771.0
2017-11-27,109.01,109.683,105.738,107.826,120564.0
2017-11-28,108.058,109.775,106.666,108.731,58323.0
2017-11-29,108.244,108.754,104.926,106.457,104353.0
2017-11-30,106.248,106.619,104.369,105.645,57129.0
2017-12-01,105.738,107.13,105.227,106.341,44948.0
2017-12-04,106.852,107.548,105.807,106.596,42140.0
2017-12-05,106.527,109.59,106.503,109.543,74974.0
2017-12-06,108.662,108.986,105.274,106.132,95996.0
2017-12-07,105.691,106.55,104.902,106.132,67273.0
2017-12-08,105.413,107.014,104.949,106.179,59553.0
2017-12-11,106.202,109.775,105.622,109.01,57436.0
2017-12-12,108.313,108.963,107.084,107.339,56813.0
2017-12-13,107.989,111.33,107.594,110.82,79150.0
2017-12-14,110.704,110.773,109.311,109.659,50596.0
2017-12-15,109.659,110.472,109.265,109.984,43287.0
2017-12-18,110.123,111.98,109.915,110.75,42185.0
2017-12-19,109.706,111.933,109.706,111.725,47462.0
2017-12-20,112.235,113.094,111.144,112.653,45541.0
2017-12-21,112.235,114.811,112.235,113.79,63935.0
2017-12-22,114.324,114.324,110.796,111.376,53823.0
2017-12-25,110.518,112.421,110.518,111.585,34692.0
2017-12-26,111.771,114.091,111.562,113.14,56441.0
2017-12-27,113.14,113.21,110.263,111.121,53222.0
2017-12-28,111.307,111.469,109.868,111.052,34988.0
2017-12-29,110.843,113.442,110.75,113.186,53409.0
2018-01-02,113.163,113.929,111.144,111.771,59717.0
2018-01-03,111.864,113.001,110.216,110.959,91973.0
2018-01-04,110.796,111.841,109.868,111.075,58965.0
2018-01-05,111.585,112.119,110.866,111.191,53116.0
2018-01-08,111.191,111.655,107.896,108.592,101478.0
2018-01-09,108.638,110.425,108.592,110.286,82117.0
2018-01-10,110.936,111.26,109.683,110.379,48186.0
2018-01-11,110.379,111.284,108.894,109.543,41599.0
2018-01-12,109.729,110.912,108.986,110.704,41700.0
2018-01-15,111.725,116.505,110.843,114.672,120640.0
2018-01-16,115.484,116.853,114.347,115.391,114277.0
2018-01-17,116.458,117.34,113.419,114.045,74809.0
2018-01-18,114.231,115.6,112.467,113.163,94096.0
2018-01-19,113.14,113.859,111.91,112.258,47010.0
2018-01-22,112.258,113.535,111.446,112.954,59134.0
2018-01-23,113.975,118.895,113.442,117.851,149605.0
2018-01-24,117.41,118.292,116.296,118.013,72126.0
2018-01-25,117.015,118.199,115.971,117.039,54751.0
2018-01-26,117.015,118.918,116.806,117.526,62449.0
2018-01-29,118.106,118.106,114.161,114.741,62637.0
2018-01-30,114.208,116.412,114.161,115.785,59065.0
2018-01-31,115.159,117.572,114.718,117.549,37963.0
2018-02-01,117.526,119.498,116.458,119.382,73398.0
2018-02-02,119.429,122.399,117.34,121.935,73692.0
2018-02-05,120.821,122.909,119.15,121.517,71137.0
2018-02-06,118.338,120.125,115.832,120.102,120190.0
2018-02-07,120.102,120.357,116.064,119.452,81815.0
2018-02-08,118.268,119.893,112.699,115.507,85654.0
2018-02-09,112.351,112.374,105.413,111.353,131658.0
2018-02-12,109.218,110.796,108.569,109.52,60676.0
2018-02-13,111.307,113.558,109.775,110.309,67029.0
2018-02-14,109.474,110.843,109.033,110.425,39787.0
2018-02-22,111.539,117.271,111.098,116.946,57564.0
2018-02-23,117.271,118.338,115.855,117.479,46545.0
2018-02-26,121.285,124.487,120.821,124.046,118711.0
2018-02-27,124.627,126.135,122.213,124.023,99702.0
2018-02-28,123.141,123.606,120.775,122.144,63199.0
2018-03-01,121.285,124.255,120.844,123.211,54349.0
2018-03-02,122.352,125.926,121.633,125.578,73294.0
2018-03-05,124.766,125.555,121.285,125.276,62503.0
2018-03-06,124.766,125.183,122.213,122.817,45923.0
2018-03-07,123.165,124.487,122.515,122.956,43794.0
2018-03-08,123.606,124.07,121.424,123.93,33285.0
2018-03-09,124.766,126.808,123.397,126.692,51695.0
2018-03-12,127.086,129.36,124.534,124.975,64016.0
2018-03-13,125.044,128.014,124.418,126.019,42194.0
2018-03-14,125.23,126.622,123.907,124.395,37622.0
2018-03-15,123.559,125.114,123.397,124.766,21775.0
2018-03-16,125.439,125.648,122.677,123.234,39649.0
2018-03-19,122.492,125.439,121.981,125.091,43211.0
2018-03-20,124.418,125.462,123.838,124.743,31526.0
2018-03-21,125.532,126.738,123.838,124.743,35880.0
2018-03-22,124.789,128.2,124.186,126.599,57330.0
2018-03-23,122.167,126.645,122.167,126.576,97617.0
2018-03-26,124.302,128.107,120.96,124.835,76999.0
2018-03-27,125.462,125.462,122.445,123.188,37899.0
2018-03-28,122.445,124.743,121.471,123.025,41086.0
2018-03-29,123.025,123.768,118.5,119.313,68947.0
2018-03-30,119.521,122.863,119.336,122.074,31940.0
2018-04-02,124.186,124.812,122.724,123.141,36313.0
2018-04-03,122.445,124.302,120.009,120.102,49437.0
2018-04-04,120.983,121.61,119.568,119.8,54742.0
2018-04-09,118.454,120.055,118.315,118.384,59351.0
2018-04-10,119.15,120.867,117.526,120.682,49692.0
2018-04-11,120.728,121.053,119.661,120.357,53673.0
2018-04-12,120.078,121.633,119.893,120.264,48302.0
2018-04-13,120.334,121.285,117.827,118.477,29026.0
2018-04-16,117.804,118.454,114.347,115.159,81706.0
2018-04-17,114.788,117.039,112.049,112.119,81303.0
2018-04-18,112.815,115.02,110.425,111.701,84682.0
2018-04-19,112.467,113.813,110.843,113.372,66492.0
2018-04-20,112.722,116.296,112.722,114.115,49558.0
2018-04-23,113.836,115.925,113.186,113.79,39871.0
2018-04-24,115.252,118.152,114.324,116.11,45930.0
2018-04-25,115.414,117.851,115.02,117.711,31130.0
2018-04-26,118.036,118.292,115.901,117.804,38688.0
2018-04-27,118.524,124.418,118.5,124.278,88933.0
2018-05-02,124.278,127.643,121.981,126.808,72189.0
2018-05-03,124.65,127.527,124.371,127.086,49243.0
2018-05-04,126.506,128.548,126.506,127.481,50879.0
2018-05-07,127.852,128.618,127.063,128.432,49954.0
2018-05-08,127.109,130.149,127.086,129.175,54457.0
2018-05-09,129.407,132.47,128.943,131.704,62972.0
2018-05-10,130.59,136.74,130.59,136.391,77207.0
2018-05-11,136.368,136.368,129.987,130.776,70401.0
2018-05-14,131.17,133.584,130.776,131.495,52081.0
2018-05-15,132.4,134.744,131.379,132.818,30837.0
2018-05-16,132.075,134.976,131.959,133.723,37951.0
2018-05-17,134.071,134.698,128.943,130.219,57254.0
2018-05-18,130.08,134.373,130.08,134.025,62255.0
2018-05-21,134.048,134.744,131.495,132.052,43225.0
2018-05-22,132.98,133.212,131.333,131.611,25779.0
2018-05-23,132.795,132.911,129.894,130.521,56733.0
2018-05-24,130.938,131.263,129.5,130.544,41237.0
2018-05-25,131.402,131.518,128.014,130.521,59002.0
2018-05-28,129.43,131.426,128.711,129.848,45789.0
2018-05-29,129.94,134.744,129.662,133.723,73512.0
2018-05-30,131.774,133.63,128.943,130.312,62488.0
2018-05-31,130.335,134.164,130.312,133.746,53337.0
2018-06-01,133.514,135.556,128.061,131.031,78136.0
2018-06-04,131.379,136.322,130.985,136.299,58331.0
2018-06-05,137.25,137.296,134.001,136.183,71514.0
2018-06-06,135.788,142.564,135.324,141.265,75346.0
2018-06-07,141.613,141.659,138.41,140.824,45172.0
2018-06-08,139.849,144.212,139.455,141.682,61486.0
2018-06-11,141.125,142.842,137.761,138.387,56721.0
2018-06-12,138.619,146.973,138.434,146.439,95609.0
2018-06-13,146.114,147.971,144.931,147.901,70298.0
2018-06-14,147.808,147.808,145.186,146.88,62686.0
2018-06-15,146.068,147.785,142.935,145.952,65676.0
2018-06-19,142.17,144.885,137.25,144.003,179402.0
2018-06-20,139.849,143.098,136.368,139.524,127784.0
2018-06-21,139.965,143.098,138.921,141.079,67523.0
2018-06-22,140.313,141.357,138.689,140.035,56101.0
2018-06-25,140.754,146.811,140.22,144.49,75526.0
2018-06-26,143.33,143.33,138.155,139.826,76015.0
2018-06-27,138.689,140.174,135.254,137.088,46527.0
2018-06-28,134.628,139.524,134.094,135.927,59118.0
2018-06-29,136.577,139.339,136.368,137.482,43151.0
2018-07-02,136.391,140.568,135.603,137.111,40083.0
2018-07-03,135.486,137.134,128.711,132.006,109463.0
2018-07-04,133.816,141.473,132.957,140.081,101080.0
2018-07-05,141.241,143.167,138.48,141.891,78531.0
2018-07-06,141.891,142.286,135.974,138.434,47345.0
2018-07-09,140.545,141.427,138.874,141.102,42019.0
2018-07-10,141.125,148.435,141.125,148.388,79317.0
2018-07-11,147.576,148.435,143.562,147.855,67237.0
2018-07-12,146.695,150.106,145.441,148.087,70370.0
2018-07-13,147.437,154.468,147.437,151.985,70738.0
2018-07-16,152.612,157.949,152.612,153.842,76004.0
2018-07-17,154.236,154.236,150.663,153.262,48518.0
2018-07-18,153.262,156.789,152.032,154.375,48778.0
2018-07-19,154.932,155.373,148.597,150.802,61371.0
2018-07-20,150.802,154.213,150.802,152.217,57637.0
2018-07-23,152.612,159.063,150.802,152.217,86781.0
2018-07-24,153.308,155.628,149.897,151.266,118066.0
2018-07-25,151.73,154.654,150.291,154.213,85533.0
2018-07-26,154.236,156.905,152.658,153.679,88649.0
2018-07-27,152.867,153.401,148.667,151.916,75680.0
2018-07-30,151.869,152.542,148.203,148.899,73236.0
2018-07-31,149.618,151.127,147.901,148.597,100950.0
2018-08-01,150.616,154.143,150.082,151.892,102253.0
2018-08-02,150.361,153.285,149.827,152.797,53986.0
2018-08-03,152.844,154.143,146.811,147.228,72414.0
2018-08-06,143.562,144.606,133.862,136.252,158776.0
2018-08-07,133.677,138.967,133.12,138.712,104781.0
2018-08-08,138.178,144.885,136.368,142.355,82703.0
2018-08-09,141.032,145.557,141.032,143.817,61679.0
2018-08-10,143.817,145.511,142.842,145.186,30140.0
2018-08-13,143.515,149.038,143.492,148.504,45380.0
2018-08-14,148.412,149.433,142.193,143.515,60704.0
2018-08-15,142.402,146.068,141.079,143.399,40431.0
2018-08-16,142.796,143.933,140.011,140.035,70538.0
2018-08-17,140.777,143.562,138.851,140.244,52050.0
2018-08-20,138.758,139.895,131.959,135.417,99459.0
2018-08-21,135.208,144.954,134.744,144.606,78495.0
2018-08-22,144.676,145.093,142.193,144.281,34553.0
2018-08-23,144.606,145.163,140.383,141.868,52465.0
2018-08-24,140.661,144.652,140.545,142.494,28044.0
2018-08-27,141.079,143.446,136.786,143.446,117891.0
2018-08-28,141.891,142.077,138.201,139.64,106584.0
2018-08-29,138.41,139.339,136.763,137.041,50889.0
2018-08-30,135.858,138.526,135.858,137.32,37687.0
2018-08-31,137.157,138.201,135.37,137.436,44433.0
2018-09-03,135.046,136.554,135.046,136.09,34263.0
2018-09-04,136.74,136.74,134.581,136.09,38697.0
2018-09-05,136.09,137.621,135.162,135.162,46284.0
2018-09-06,134.906,135.626,133.096,133.305,26319.0
2018-09-07,133.305,135.811,132.609,133.236,34885.0
2018-09-10,133.305,134.999,132.795,133.143,34179.0
2018-09-11,133.073,136.786,133.073,136.624,36001.0
2018-09-12,136.322,136.972,134.465,135.626,22578.0
2018-09-13,135.858,137.25,132.145,134.071,31009.0
2018-09-14,134.117,136.067,133.537,135.51,31886.0
2018-09-17,134.883,135.579,131.565,132.772,28794.0
2018-09-18,132.052,133.537,127.968,133.073,53154.0
2018-09-19,132.145,139.385,130.938,137.273,82201.0
2018-09-20,137.064,138.155,135.51,136.531,42306.0
2018-09-21,136.879,142.077,136.879,141.427,59919.0
2018-09-25,140.104,143.237,139.756,141.497,35666.0
2018-09-26,140.963,146.114,140.777,144.815,66887.0
2018-09-27,144.977,145.998,143.98,145.349,57333.0
2018-09-28,145.325,146.764,143.515,146.462,36533.0
2018-10-08,140.035,143.214,135.185,139.339,111389.0
2018-10-09,137.714,138.735,134.326,134.999,66787.0
2018-10-10,135.394,136.67,131.449,136.484,49228.0
2018-10-11,131.913,134.164,128.78,132.841,71146.0
2018-10-12,132.841,137.482,131.217,136.809,68406.0
2018-10-15,136.809,138.085,135.022,135.51,41257.0
2018-10-16,135.556,137.645,133.073,134.001,34299.0
2018-10-17,135.138,136.577,131.913,132.331,49139.0
2018-10-18,132.354,133.885,122.933,126.46,86789.0
2018-10-19,124.255,132.748,124.255,132.563,93431.0
2018-10-22,133.05,143.098,133.05,139.571,91574.0
2018-10-23,138.457,140.684,134.233,137.25,56791.0
2018-10-24,135.858,137.227,130.219,130.521,73658.0
2018-10-25,126.112,128.131,124.395,127.829,84981.0
2018-10-26,127.736,128.734,119.823,122.863,116415.0
2018-10-29,121.471,121.749,111.585,111.585,133849.0
2018-10-30,112.189,121.494,111.725,121.007,129280.0
2018-10-31,121.03,126.088,120.682,125.067,88392.0
2018-11-01,126.901,130.706,124.998,126.506,82649.0
2018-11-02,130.242,135.858,129.824,135.858,157343.0
2018-11-05,136.206,136.206,130.637,131.217,101133.0
2018-11-06,130.753,132.145,130.428,131.101,38824.0
2018-11-07,130.985,131.078,127.295,128.896,53075.0
2018-11-08,130.521,130.753,125.833,126.715,52679.0
2018-11-09,126.112,128.386,124.255,125.276,52013.0
2018-11-12,125.137,126.112,122.747,125.114,47725.0
2018-11-13,123.791,126.692,122.77,125.903,56763.0
2018-11-14,127.272,128.038,124.928,126.112,56562.0
2018-11-15,126.529,127.295,124.534,127.04,41964.0
2018-11-16,127.272,129.94,126.228,129.824,65441.0
2018-11-19,129.778,130.753,127.852,128.502,52162.0
2018-11-20,127.458,128.664,125.648,126.204,29197.0
2018-11-21,125.416,126.645,124.325,126.204,20249.0
2018-11-22,125.462,125.532,124.371,124.696,24854.0
2018-11-23,123.791,125.578,123.629,123.791,29116.0
2018-11-26,124.696,124.998,123.165,124.278,21182.0
2018-11-27,124.511,124.603,121.215,121.424,33237.0
2018-11-28,121.262,124.882,119.986,124.835,33187.0
2018-11-29,125.021,126.622,121.285,122.468,36416.0
2018-11-30,122.167,127.458,121.61,126.344,59589.0
2018-12-03,129.592,131.333,127.666,129.036,78484.0
2018-12-04,128.432,131.101,127.736,130.938,36228.0
2018-12-05,129.569,130.753,129.128,129.94,22141.0
2018-12-06,129.616,130.289,126.344,127.272,30892.0
2018-12-07,127.272,128.432,124.046,125.949,33791.0
2018-12-10,124.441,127.202,124.441,125.207,21470.0
2018-12-11,125.648,126.877,124.209,125.601,33095.0
2018-12-12,126.599,126.715,125.16,125.416,16805.0
2018-12-13,125.856,130.799,125.833,130.289,49241.0
2018-12-14,129.894,130.613,128.432,128.966,35588.0
2018-12-17,129.012,129.755,124.07,126.135,45064.0
2018-12-18,125.555,127.295,125.299,127.249,38450.0
2018-12-19,127.365,127.411,125.578,125.764,33047.0
2018-12-20,125.207,126.576,123.559,126.228,35207.0
2018-12-21,125.183,126.993,124.487,124.812,33815.0
2018-12-24,124.812,127.133,124.278,126.761,19716.0
2018-12-25,126.645,126.645,125.137,126.228,15707.0
2018-12-26,126.97,129.128,126.112,128.014,22689.0
2018-12-27,129.244,129.964,127.504,129.662,22851.0
2018-12-28,129.592,129.592,124.743,127.875,66799.0
2019-01-02,127.504,127.782,125.462,126.993,40051.0
2019-01-03,126.993,126.993,124.441,125.416,42482.0
2019-01-04,124.719,126.46,124.186,125.694,30535.0
2019-01-07,126.042,127.017,125.137,125.601,30551.0
2019-01-08,125.601,126.367,125.207,125.74,16281.0
2019-01-09,125.416,129.175,125.416,127.713,36892.0
2019-01-10,127.69,127.69,125.555,125.648,31959.0
2019-01-11,125.601,125.648,121.656,124.023,77638.0
2019-01-14,123.884,123.884,120.775,121.192,63943.0
2019-01-15,120.96,122.933,120.055,122.329,86668.0
2019-01-16,122.352,122.561,120.055,120.264,58396.0
2019-01-17,120.264,121.587,119.939,120.658,44305.0
2019-01-18,120.821,126.947,119.823,126.088,109017.0
2019-01-21,124.951,127.898,124.395,127.388,101155.0
2019-01-22,126.344,126.924,121.703,122.631,77254.0
2019-01-23,121.935,123.095,120.078,121.123,59295.0
2019-01-24,120.891,120.891,117.294,119.916,144136.0
2019-01-25,119.382,122.631,118.918,121.796,70429.0
2019-01-28,121.819,124.534,121.471,123.513,62259.0
2019-01-29,122.585,124.859,121.54,124.255,52577.0
2019-01-30,123.559,124.65,121.215,124.046,57013.0
2019-01-31,123.327,125.183,123.211,124.487,56614.0
2019-02-01,124.951,125.253,123.42,125.067,47545.0
2019-02-11,123.791,126.692,123.791,126.692,70479.0
2019-02-12,126.46,127.782,125.694,127.574,56081.0
2019-02-13,127.504,133.189,127.272,132.377,88593.0
2019-02-14,133.769,134.999,132.354,133.514,73135.0
2019-02-15,133.584,135.37,130.196,130.753,77839.0
2019-02-18,132.331,134.883,132.331,133.584,89595.0
2019-02-19,134.187,139.478,133.584,136.554,86882.0
2019-02-20,137.714,141.473,137.714,140.754,73280.0
2019-02-21,141.241,145.07,138.364,141.891,54994.0
2019-02-22,141.195,146.973,141.149,146.927,61341.0
2019-02-25,153.749,153.934,142.425,148.04,149946.0
2019-02-26,146.532,146.532,142.1,142.193,112570.0
2019-02-27,141.311,142.75,138.967,139.756,113794.0
2019-02-28,140.081,142.959,140.081,142.959,75441.0
2019-03-01,143.051,148.156,142.425,148.156,107499.0
2019-03-04,148.342,149.317,145.14,146.741,136625.0
2019-03-05,145.72,146.857,143.144,144.351,99427.0
2019-03-06,144.188,144.188,141.566,142.61,118646.0
2019-03-07,142.146,142.332,140.104,141.009,90845.0
2019-03-08,139.942,142.494,139.687,140.476,90157.0
2019-03-11,140.452,143.515,140.429,142.703,73358.0
2019-03-12,144.212,144.212,141.195,142.054,99242.0
2019-03-13,140.035,142.123,140.035,140.824,55807.0
2019-03-14,140.267,143.771,140.267,142.959,73773.0
2019-03-15,142.959,145.975,142.03,144.165,98728.0
2019-03-18,144.351,146.068,142.68,145.859,72821.0
2019-03-19,146.323,148.597,145.836,146.764,64855.0
2019-03-20,147.019,147.019,144.212,144.745,47896.0
2019-03-21,145.836,145.836,144.212,144.792,43501.0
2019-03-22,144.815,151.173,144.328,149.201,108477.0
2019-03-25,147.112,147.112,141.891,142.471,101301.0
2019-03-26,142.541,144.629,141.195,142.494,55142.0
2019-03-27,144.397,145.952,142.634,144.815,50499.0
2019-03-28,145.14,149.154,143.771,148.435,63494.0
2019-03-29,147.924,154.863,147.437,154.306,108580.0
2019-04-01,153.958,159.295,152.101,153.285,107646.0
2019-04-02,153.494,154.886,152.473,154.12,57159.0
2019-04-03,153.424,155.048,151.637,154.352,53432.0
2019-04-04,162.079,164.075,153.494,155.28,136752.0
2019-04-08,152.101,153.958,149.317,151.776,105771.0
2019-04-09,151.173,153.331,150.477,152.797,55801.0
2019-04-10,151.66,157.67,151.66,156.0,85179.0
2019-04-11,155.814,157.438,152.101,152.658,59113.0
2019-04-12,151.637,153.726,150.361,151.103,47480.0
2019-04-15,152.565,155.536,151.776,151.985,60948.0
2019-04-16,150.709,155.118,150.547,155.118,59946.0
2019-04-17,155.234,157.206,154.19,156.278,49942.0
2019-04-18,156.789,159.759,155.141,158.784,57553.0
2019-04-19,158.784,166.256,157.392,164.539,97105.0
2019-04-22,164.771,168.693,163.472,164.4,61960.0
2019-04-23,164.98,172.174,163.24,170.735,94359.0
2019-04-24,170.085,170.851,163.704,167.649,101738.0
2019-04-25,165.792,170.665,165.421,168.925,77678.0
2019-04-26,166.488,168.971,163.356,163.425,101299.0
2019-04-29,170.178,176.374,166.836,173.682,135895.0
2019-04-30,172.522,174.842,171.385,173.984,68102.0
2019-05-06,168.577,171.153,162.427,165.328,111789.0
2019-05-07,166.744,175.724,166.744,175.724,106032.0
2019-05-08,172.522,172.522,169.273,170.132,95546.0
2019-05-09,167.649,169.9,162.776,166.813,92172.0
2019-05-10,169.366,179.158,165.792,178.555,81918.0
2019-05-13,173.496,179.089,170.897,173.589,78568.0
2019-05-14,169.389,173.543,168.693,169.041,87670.0
2019-05-15,170.433,175.817,170.201,173.821,81974.0
2019-05-16,173.334,183.799,171.826,180.69,106326.0
2019-05-17,179.483,180.249,174.842,175.446,129202.0
2019-05-20,174.401,175.074,169.064,170.34,122449.0
2019-05-21,170.897,173.798,170.387,171.431,78058.0
2019-05-22,171.361,174.308,169.505,172.545,70089.0
2019-05-23,171.385,173.334,169.296,169.969,56650.0
2019-05-24,169.319,171.593,167.463,167.95,79991.0
2019-05-27,167.811,169.644,164.539,168.113,86554.0
2019-05-28,168.53,174.1,167.881,172.754,98270.0
2019-05-29,170.665,172.058,168.252,169.876,66586.0
2019-05-30,168.577,172.011,167.881,171.501,58813.0
2019-05-31,172.522,172.707,170.201,170.526,46404.0
2019-06-03,171.826,175.538,171.501,171.709,74854.0
2019-06-04,171.965,174.03,169.366,172.545,56980.0
2019-06-05,173.937,174.61,171.315,171.361,48494.0
2019-06-06,171.872,174.726,170.735,172.058,61039.0
2019-06-10,172.986,182.314,172.475,180.875,95999.0
2019-06-11,181.502,189.415,179.53,185.795,88276.0
2019-06-12,185.006,186.329,181.688,182.105,67123.0
2019-06-13,181.78,182.918,178.671,181.641,59697.0
2019-06-14,181.641,185.029,179.251,179.854,63886.0
2019-06-17,180.481,184.379,180.481,183.753,58309.0
2019-06-18,183.521,187.512,182.268,184.983,64677.0
2019-06-19,187.744,188.765,185.447,187.721,68201.0
2019-06-20,187.791,195.982,186.514,192.942,101195.0
2019-06-21,192.478,194.334,190.39,191.643,80911.0
2019-06-24,190.9,194.288,189.995,193.731,79804.0
2019-06-25,193.128,193.151,190.065,192.223,73631.0
2019-06-26,192.014,194.752,190.691,193.87,65194.0
2019-06-27,193.406,198.836,192.13,198.674,77356.0
2019-06-28,198.488,204.545,197.165,204.498,60042.0
2019-07-01,205.612,214.244,205.612,210.81,92744.0
2019-07-02,210.764,210.81,205.264,206.006,126348.0
2019-07-03,205.612,206.401,201.574,202.363,91289.0
2019-07-04,201.714,201.714,193.87,195.147,238691.0
2019-07-05,195.727,200.6,194.45,198.975,156494.0
2019-07-08,197.421,198.047,193.406,195.239,96828.0
2019-07-09,194.845,198.302,194.613,196.632,83120.0
2019-07-10,197.003,200.136,195.959,198.975,80795.0
2019-07-11,199.857,200.252,195.866,196.144,60594.0
2019-07-12,196.748,200.832,196.748,200.205,70061.0
2019-07-15,199.254,199.439,196.887,198.047,60847.0
2019-07-16,197.699,198.465,193.174,194.798,121103.0
2019-07-17,194.775,198.001,193.406,196.957,76249.0
2019-07-18,196.98,200.298,196.191,198.07,60129.0
2019-07-19,199.88,202.27,198.743,199.231,54819.0
2019-07-22,199.532,201.644,196.887,200.507,54146.0
2019-07-23,200.368,202.572,198.186,200.321,67589.0
2019-07-24,200.089,201.435,198.79,199.648,53888.0
2019-07-25,199.207,205.194,198.697,205.009,76704.0
2019-07-26,205.241,208.629,203.872,207.445,60929.0
2019-07-29,207.445,208.907,205.96,207.283,45810.0
2019-07-30,207.283,208.443,205.194,205.612,62312.0
2019-07-31,204.637,205.473,201.18,202.178,76636.0
2019-08-01,202.178,203.756,199.439,200.391,72583.0
2019-08-02,197.351,201.482,196.469,200.136,56008.0
2019-08-05,199.091,201.017,194.102,194.242,94278.0
2019-08-06,189.183,195.031,187.28,193.29,122266.0
2019-08-07,194.914,197.119,193.429,193.429,60245.0
2019-08-08,194.311,200.089,194.311,197.467,82327.0
2019-08-09,199.138,199.416,195.495,196.075,48763.0
2019-08-12,195.727,198.929,195.727,198.906,50065.0
2019-08-13,198.047,199.207,196.608,197.537,50144.0
2019-08-14,198.906,200.994,198.465,199.207,59259.0
2019-08-15,196.168,201.505,194.682,200.53,55286.0
2019-08-16,201.296,207.933,201.11,206.958,89637.0
2019-08-19,208.513,210.276,204.336,207.004,78178.0
2019-08-20,209.302,209.65,203.848,204.916,60114.0
2019-08-21,205.009,207.352,202.479,207.329,51278.0
2019-08-22,207.561,212.759,205.798,210.601,65069.0
2019-08-23,210.74,215.358,210.253,213.943,64393.0
2019-08-26,211.367,214.523,210.462,213.13,50902.0
2019-08-27,215.08,217.911,214.662,214.662,66932.0
2019-08-28,214.569,214.569,207.654,210.276,114330.0
2019-08-29,209.835,210.253,206.308,207.84,77719.0
2019-08-30,208.861,210.415,205.914,206.656,99441.0
2019-09-02,207.468,209.603,206.54,209.464,74074.0
2019-09-03,208.629,209.58,205.032,206.494,106290.0
2019-09-04,206.192,206.842,204.22,206.424,78772.0
2019-09-05,208.629,211.692,207.028,207.468,128648.0
2019-09-06,208.582,211.181,207.7,211.181,82061.0
2019-09-09,212.341,213.061,207.979,208.907,103613.0
2019-09-10,208.281,208.281,206.587,207.468,49397.0
2019-09-11,207.724,207.933,201.899,202.363,144636.0
2019-09-12,201.899,205.125,201.899,204.591,61909.0
2019-09-16,205.635,205.635,203.129,203.756,60308.0
2019-09-17,203.524,204.846,200.275,201.992,81088.0
2019-09-18,202.131,204.823,202.131,203.686,110675.0
2019-09-19,204.962,205.194,200.855,201.714,102209.0
2019-09-20,202.363,204.568,200.182,200.182,154840.0
2019-09-23,200.739,200.901,195.587,198.767,105315.0
2019-09-24,198.883,198.883,196.516,197.003,103082.0
2019-09-25,197.258,201.505,196.284,198.836,132965.0
2019-09-26,200.507,201.157,197.676,198.07,67508.0
2019-09-27,198.07,199.115,194.891,197.096,60663.0
2019-09-30,197.258,199.463,195.17,196.748,60310.0
2019-10-08,196.353,196.353,190.714,192.107,165974.0
2019-10-09,192.594,194.358,190.32,192.919,123352.0
2019-10-10,194.659,199.115,193.708,198.372,133521.0
2019-10-11,198.511,200.159,197.537,197.862,87563.0
2019-10-14,199.555,200.484,194.845,195.471,153112.0
2019-10-15,194.706,195.17,190.065,193.267,113939.0
2019-10-16,192.617,194.474,191.967,193.197,89358.0
2019-10-17,194.474,199.231,193.313,198.256,165985.0
2019-10-18,197.746,199.463,195.007,195.657,142133.0
2019-10-21,194.938,195.402,190.529,191.782,118882.0
2019-10-22,192.524,192.571,189.833,190.622,79851.0
2019-10-23,190.622,191.503,189.02,190.297,84632.0
2019-10-24,190.25,190.39,184.96,185.447,144802.0
2019-10-25,186.143,187.791,183.289,187.234,114366.0
2019-10-28,187.28,188.788,185.238,186.7,99220.0
2019-10-29,186.7,186.816,179.854,182.013,175375.0
2019-10-30,184.89,192.548,184.379,191.875,229106.0
2019-10-31,190.761,191.434,187.721,188.556,99019.0
2019-11-01,188.533,190.041,185.331,188.58,127326.0
2019-11-04,189.369,193.754,186.352,191.898,141312.0
2019-11-05,193.035,195.402,191.921,194.427,109616.0
2019-11-06,195.564,195.727,192.64,193.893,59126.0
2019-11-07,193.685,194.288,192.432,193.058,61876.0
2019-11-08,194.149,194.706,191.689,192.316,66631.0
2019-11-11,191.851,193.569,190.691,192.153,65302.0
2019-11-12,192.524,193.453,187.698,191.364,70364.0
2019-11-13,191.596,191.689,187.999,188.974,74113.0
2019-11-14,189.763,190.273,186.514,187.814,65711.0
2019-11-15,187.814,189.299,185.772,186.584,50005.0
2019-11-18,187.048,188.904,185.215,187.976,52691.0
2019-11-19,187.744,188.858,186.978,188.208,61308.0
2019-11-20,188.208,190.645,188.208,188.835,56815.0
2019-11-21,188.533,190.041,186.537,187.976,44468.0
2019-11-22,188.347,188.672,183.335,185.122,77842.0
2019-11-25,184.031,186.7,182.198,185.725,61606.0
2019-11-26,187.141,189.369,185.702,188.672,85924.0
2019-11-27,188.696,189.949,187.35,187.837,60079.0
2019-11-28,187.86,191.434,187.86,188.858,52960.0
2019-11-29,188.881,189.995,183.521,185.957,74301.0
2019-12-02,184.774,188.417,184.774,187.744,64024.0
2019-12-03,187.744,187.744,185.424,186.723,42605.0
2019-12-04,185.424,186.584,184.379,186.05,40401.0
2019-12-05,187.164,190.83,185.702,189.485,85090.0
2019-12-06,190.273,193.592,189.485,192.037,97376.0
2019-12-09,192.2,193.337,191.016,191.364,58658.0
2019-12-10,190.877,194.938,190.297,194.242,73077.0
2019-12-11,193.893,194.868,191.805,193.615,52781.0
2019-12-12,193.615,194.242,191.967,193.128,61666.0
2019-12-13,194.706,198.418,194.706,195.007,141385.0
2019-12-16,197.142,199.115,192.339,193.986,105399.0
2019-12-17,194.938,195.819,192.919,194.474,61012.0
2019-12-18,194.474,195.541,191.921,193.615,69239.0
2019-12-19,193.777,193.986,191.805,193.313,56458.0
2019-12-20,193.313,196.121,192.849,195.193,61464.0
2019-12-23,194.938,196.864,192.478,193.429,59085.0
2019-12-24,192.896,193.081,190.413,192.153,40616.0
2019-12-25,191.875,193.661,191.248,191.619,31341.0
2019-12-26,191.573,192.826,191.387,192.246,33693.0
2019-12-27,191.666,193.197,190.529,190.9,63089.0
2019-12-30,190.993,192.803,188.023,192.292,75691.0
2019-12-31,192.316,194.729,190.993,194.358,71094.0
2020-01-02,194.427,194.729,190.529,191.132,158265.0
2020-01-03,191.457,191.805,190.157,190.993,91716.0
2020-01-06,190.065,190.065,185.749,187.048,174588.0
2020-01-07,186.584,186.584,185.238,186.236,143460.0
2020-01-08,185.656,187.025,184.797,185.795,92659.0
2020-01-09,187.025,188.115,186.514,186.955,110181.0
2020-01-10,186.955,187.953,185.192,187.791,133486.0
2020-01-13,187.953,188.788,187.141,187.86,88235.0
2020-01-14,187.999,188.626,184.403,184.635,167355.0
2020-01-15,184.658,184.658,181.525,182.175,175185.0
2020-01-16,182.593,183.312,181.641,182.152,76266.0
2020-01-17,182.848,183.289,181.061,181.618,110841.0
2020-01-20,180.736,181.479,176.954,178.578,257889.0
2020-01-21,176.42,176.606,173.334,174.981,245965.0
2020-01-22,173.403,177.766,173.357,176.281,188290.0
2020-01-23,174.262,174.819,170.549,171.686,217067.0
2020-02-03,155.675,163.565,155.675,159.666,520899.0
2020-02-04,162.451,172.406,161.662,169.876,359596.0
2020-02-05,171.269,176.768,170.317,174.749,235304.0
2020-02-06,176.652,177.998,174.981,177.812,182495.0
2020-02-07,176.722,178.671,175.631,178.021,120114.0
2020-02-10,176.374,176.838,172.197,175.724,128646.0
2020-02-11,176.165,179.692,176.026,179.205,100870.0
2020-02-12,178.694,182.152,177.905,179.576,131360.0
2020-02-13,180.319,182.987,178.044,179.622,136724.0
2020-02-14,178.88,179.576,177.557,178.694,91715.0
2020-02-17,178.996,179.065,175.329,177.696,167496.0
2020-02-18,177.302,178.973,175.562,176.327,129172.0
2020-02-19,176.722,179.808,175.422,178.88,115359.0
2020-02-20,178.81,183.846,178.694,182.871,166075.0
2020-02-21,183.173,183.266,179.39,180.295,128575.0
2020-02-24,176.374,176.791,171.501,173.775,296657.0
2020-02-25,169.807,171.756,169.111,170.805,205229.0
2020-02-26,169.134,170.155,167.092,168.414,170746.0
2020-02-27,169.412,171.454,167.741,168.484,185122.0
2020-02-28,160.873,168.461,160.873,164.098,224047.0
2020-03-02,164.539,173.148,164.539,171.269,196040.0
2020-03-03,173.032,175.306,170.178,171.037,145938.0
2020-03-04,171.733,179.042,170.48,177.975,221932.0
2020-03-05,176.42,182.593,176.327,181.015,188802.0
2020-03-06,178.694,181.316,178.23,178.23,120879.0
2020-03-09,174.401,177.998,171.269,175.005,171067.0
2020-03-10,174.61,178.021,172.8,176.374,106748.0
2020-03-11,177.302,177.58,174.076,174.262,72331.0
2020-03-12,172.429,174.726,169.83,173.218,123504.0
2020-03-13,166.396,172.382,166.303,171.547,176628.0
2020-03-16,170.108,171.385,164.33,165.235,193203.0
2020-03-17,162.474,165.931,158.738,160.13,204611.0
2020-03-18,160.13,164.748,158.088,158.506,164503.0
2020-03-19,157.346,159.202,150.152,153.169,213001.0
2020-03-20,155.211,157.462,152.008,157.462,178267.0
2020-03-23,153.145,153.145,146.207,149.247,240569.0
2020-03-24,152.705,157.462,150.871,155.884,155658.0
2020-03-25,160.037,162.474,159.156,161.801,125625.0
2020-03-26,160.13,162.845,159.202,160.13,105811.0
2020-03-27,160.061,161.267,154.352,155.698,188742.0
2020-03-30,151.892,152.473,148.551,150.129,149188.0
2020-03-31,152.705,154.329,150.848,152.728,104919.0
2020-04-01,153.981,158.877,152.728,154.7,124724.0
2020-04-02,155.025,157.647,153.169,156.742,98520.0
2020-04-03,156.882,160.037,156.882,158.738,92480.0
2020-04-07,159.968,162.01,157.833,158.297,129918.0
2020-04-08,157.694,161.244,157.16,159.991,86628.0
2020-04-09,160.571,165.003,160.571,163.82,104110.0
2020-04-10,163.657,166.86,161.778,163.797,80643.0
2020-04-13,162.335,163.611,160.316,162.219,55921.0
2020-04-14,163.193,165.142,161.778,165.003,74464.0
2020-04-15,165.328,165.653,161.94,163.727,107364.0
2020-04-16,162.752,163.356,161.523,162.961,64632.0
2020-04-17,165.908,169.691,165.328,168.762,188001.0
2020-04-20,168.786,169.482,167.324,169.319,86214.0
2020-04-21,168.368,168.902,164.098,166.396,80659.0
2020-04-22,165.421,167.741,162.451,167.741,84204.0
2020-04-23,167.556,178.23,167.556,176.327,197455.0
2020-04-24,176.327,176.977,174.053,175.213,82753.0
2020-04-27,176.374,176.815,169.691,170.317,131005.0
2020-04-28,170.572,175.213,169.969,175.213,116218.0
2020-04-29,174.053,175.446,170.99,171.408,78566.0
2020-04-30,174.169,178.555,174.169,175.678,128350.0
2020-05-06,173.427,175.422,169.203,174.541,184722.0
2020-05-07,173.775,174.03,169.598,170.34,123504.0
2020-05-08,170.805,172.406,169.737,171.733,101312.0
2020-05-11,171.501,173.171,169.9,170.805,99094.0
2020-05-12,170.688,171.918,168.832,169.18,78038.0
2020-05-13,169.18,171.617,167.973,171.524,72340.0
2020-05-14,169.9,171.454,167.138,167.301,86038.0
2020-05-15,167.301,167.324,163.565,163.843,132191.0
2020-05-18,163.82,168.298,163.286,167.625,91244.0
2020-05-19,169.644,174.494,169.644,172.15,126803.0
2020-05-20,171.756,173.844,168.484,168.716,89786.0
2020-05-21,170.039,171.129,166.767,167.973,72365.0
2020-05-22,167.95,167.95,162.474,163.611,112436.0
2020-05-25,163.611,165.931,161.847,165.815,62166.0
2020-05-26,166.164,171.779,165.908,171.64,99301.0
2020-05-27,172.893,173.775,169.923,170.294,69531.0
2020-05-28,171.315,173.589,168.762,170.572,73546.0
2020-05-29,171.222,179.622,170.48,179.599,188283.0
2020-06-01,179.367,187.675,179.367,184.588,196966.0
2020-06-02,184.379,185.656,180.342,183.567,116981.0
2020-06-03,183.312,184.565,181.015,182.477,78929.0
2020-06-04,181.479,181.873,177.07,178.996,135605.0
2020-06-05,179.715,185.888,179.251,183.985,144155.0
2020-06-08,187.187,187.698,182.082,184.031,134993.0
2020-06-09,184.635,189.136,184.495,187.814,128484.0
2020-06-10,188.023,190.807,186.445,187.303,105675.0
2020-06-11,187.094,187.976,184.635,187.698,95636.0
2020-06-12,183.823,185.656,180.203,185.656,149348.0
2020-06-15,181.734,182.384,176.443,176.861,229958.0
2020-06-16,178.277,179.994,178.021,179.112,86223.0
2020-06-17,177.557,177.65,174.053,175.91,140478.0
2020-06-18,175.84,177.372,174.424,175.144,97304.0
2020-06-19,175.446,178.393,175.446,177.58,104788.0
2020-06-22,176.838,177.58,174.68,176.443,102387.0
2020-06-23,175.747,176.838,174.865,175.817,109954.0
2020-06-24,176.374,177.279,175.631,176.049,83176.0
2020-06-29,174.424,175.747,171.709,175.167,160457.0
2020-06-30,175.91,178.949,175.678,178.857,115150.0
2020-07-01,178.857,180.968,177.093,180.945,125161.0
2020-07-02,179.808,187.767,179.808,187.744,178166.0
2020-07-03,187.28,187.28,184.263,186.352,136575.0
2020-07-06,186.213,192.617,184.542,190.598,193884.0
2020-07-07,192.501,194.59,187.512,187.767,217270.0
2020-07-08,186.607,187.86,184.24,185.47,209142.0
2020-07-09,185.47,189.461,184.542,187.559,177557.0
2020-07-10,187.466,190.204,185.238,186.932,134757.0
2020-07-13,185.54,186.932,182.407,183.103,314818.0
2020-07-14,182.871,184.263,179.251,179.599,212172.0
2020-07-15,183.335,185.331,180.04,180.551,255850.0
2020-07-16,180.69,183.266,173.543,173.543,262778.0
2020-07-17,174.981,177.534,173.566,177.534,187684.0
2020-07-20,177.534,181.154,175.097,180.527,172061.0
2020-07-21,181.873,182.036,179.182,180.991,108635.0
2020-07-22,182.175,183.034,178.137,178.694,210527.0
2020-07-23,178.694,179.622,174.007,176.768,188412.0
2020-07-24,176.606,177.534,169.412,170.271,193413.0
2020-07-27,170.271,171.709,166.349,167.509,127299.0
2020-07-28,169.25,169.923,166.581,168.252,125124.0
2020-07-29,167.788,173.334,165.931,172.963,139390.0
2020-07-30,172.684,172.777,170.062,170.201,81815.0
2020-07-31,170.201,173.125,167.834,169.25,137482.0
2020-08-03,170.201,170.758,168.716,170.108,144345.0
2020-08-04,170.828,173.079,169.876,172.359,120699.0
2020-08-05,171.269,171.385,168.206,168.554,171736.0
2020-08-06,168.6,169.018,166.836,167.556,93629.0
2020-08-07,167.672,169.598,166.651,168.902,109259.0
2020-08-10,168.02,170.921,166.86,170.48,117600.0
2020-08-11,171.454,177.07,171.454,174.587,227406.0
2020-08-12,176.374,181.015,175.654,179.924,298913.0
2020-08-13,181.595,183.915,178.81,180.736,179388.0
2020-08-14,180.736,186.027,179.646,186.004,230306.0
2020-08-17,185.888,187.373,182.407,184.217,199516.0
2020-08-18,184.194,194.149,181.618,191.689,292663.0
2020-08-19,191.318,199.811,188.719,193.824,314815.0
2020-08-20,192.014,194.45,186.375,189.833,193363.0
2020-08-21,189.833,197.513,187.512,193.731,143493.0
2020-08-24,195.402,199.788,193.638,194.914,130188.0
2020-08-25,194.914,197.931,192.594,194.914,115140.0
2020-08-26,194.891,202.967,194.474,199.509,197387.0
2020-08-27,199.207,201.064,195.819,197.096,105002.0
2020-08-28,198.836,201.389,194.706,197.815,115084.0
2020-08-31,198.07,198.72,189.833,190.738,262409.0
2020-09-01,189.833,191.295,187.675,189.369,129027.0
2020-09-02,190.134,191.991,186.978,188.44,103691.0
2020-09-03,189.809,195.448,188.719,189.601,174277.0
2020-09-04,188.255,194.566,186.607,193.754,166107.0
2020-09-07,192.153,192.594,187.953,188.649,139843.0
2020-09-08,189.438,192.594,188.649,191.759,113120.0
2020-09-09,189.833,191.666,185.168,185.609,114091.0
2020-09-10,186.909,188.301,184.031,184.472,102550.0
2020-09-11,184.867,184.936,179.53,183.312,133579.0
2020-09-14,184.844,188.696,184.24,185.865,120807.0
2020-09-15,185.168,187.907,184.031,186.514,108946.0
2020-09-16,185.981,188.649,185.052,185.586,105848.0
2020-09-17,185.586,187.21,183.637,186.77,90838.0
2020-09-18,186.77,187.721,182.546,187.187,126838.0
2020-09-21,186.352,187.326,183.614,184.472,72996.0
2020-09-22,182.616,182.616,173.334,174.03,320026.0
2020-09-23,174.401,175.329,173.287,173.659,110916.0
2020-09-24,174.262,175.144,172.197,173.102,96024.0
2020-09-25,173.566,174.494,172.127,173.38,65410.0
2020-09-28,174.749,175.097,171.826,172.174,69601.0
2020-09-29,172.939,174.262,172.452,174.007,54552.0
2020-09-30,173.984,175.329,172.522,173.055,58876.0
2020-10-09,175.306,175.724,173.636,174.541,75457.0
2020-10-12,174.448,176.907,173.752,176.165,131314.0
2020-10-13,176.49,177.511,175.213,175.817,94939.0
2020-10-14,175.863,177.604,173.311,177.395,125574.0
2020-10-15,176.699,176.954,174.749,174.958,71394.0
2020-10-16,174.564,175.979,174.076,174.68,67164.0
2020-10-19,175.26,176.304,173.102,173.357,73250.0
2020-10-20,173.334,174.935,172.591,174.865,44689.0
2020-10-21,174.494,175.631,173.543,175.376,53498.0
2020-10-22,175.097,175.097,170.085,170.967,152283.0
2020-10-23,170.48,171.245,168.948,169.343,84438.0
2020-10-26,168.554,170.085,166.604,169.621,59344.0
2020-10-27,168.554,169.366,167.022,167.811,88071.0
2020-10-28,167.37,169.946,166.628,169.389,73591.0
2020-10-29,166.952,168.136,166.21,166.952,105443.0
2020-10-30,166.628,169.621,166.604,166.836,102259.0
2020-11-02,166.14,166.21,156.162,159.991,271515.0
2020-11-03,160.014,162.961,158.854,162.544,110123.0
2020-11-04,162.381,163.75,161.267,162.845,72217.0
2020-11-05,163.82,169.134,163.773,169.018,162484.0
2020-11-06,168.925,169.691,166.628,168.832,107974.0
2020-11-09,170.944,176.745,170.944,176.374,219392.0
2020-11-10,192.617,192.664,184.774,185.865,574531.0
2020-11-11,185.168,187.21,181.757,185.4,253495.0
2020-11-12,184.217,190.273,184.194,188.162,191954.0
2020-11-13,187.953,191.086,184.913,189.647,172098.0
2020-11-16,190.482,196.307,189.809,195.193,224437.0
2020-11-17,196.678,197.815,192.942,195.587,195155.0
2020-11-18,193.963,202.804,193.963,201.505,251131.0
2020-11-19,199.347,200.669,196.864,199.091,124260.0
2020-11-20,197.978,199.95,196.91,198.279,98261.0
2020-11-23,194.45,198.859,189.345,197.142,216053.0
2020-11-24,196.771,199.811,195.332,198.952,118879.0
2020-11-25,201.412,206.03,199.486,199.486,152172.0
2020-11-26,200.043,204.429,200.043,203.5,113292.0
2020-11-27,204.893,205.264,196.446,198.975,168812.0
2020-11-30,200.252,202.224,195.657,195.657,118123.0
2020-12-01,197.931,199.648,196.794,198.418,83282.0
2020-12-02,197.931,200.948,196.423,197.954,86460.0
2020-12-03,198.697,200.925,197.954,199.555,84194.0
2020-12-04,200.832,202.781,198.581,201.551,80265.0
2020-12-07,201.041,201.041,196.562,198.302,95988.0
2020-12-08,198.627,199.045,194.288,196.516,83092.0
2020-12-09,195.611,196.771,190.25,190.714,128014.0
2020-12-10,189.833,191.434,186.746,187.489,99744.0
2020-12-11,187.953,190.134,185.865,188.185,82001.0
2020-12-14,188.928,192.13,187.025,190.273,90160.0
2020-12-15,191.666,191.735,188.371,189.113,61412.0
2020-12-16,189.345,190.204,186.677,188.371,84514.0
2020-12-17,188.301,192.339,187.535,190.041,104279.0
2020-12-18,189.345,190.714,184.844,188.951,145984.0
2020-12-21,187.048,187.187,181.293,184.704,213662.0
2020-12-22,183.08,185.818,180.875,181.409,126730.0
2020-12-23,182.198,184.658,181.873,183.08,91448.0
2020-12-24,183.057,183.08,176.467,177.488,182005.0
2020-12-25,177.743,182.848,177.279,182.477,87857.0
2020-12-28,182.616,184.658,179.367,179.367,117855.0
2020-12-29,181.688,186.05,181.061,182.732,104681.0
2020-12-30,182.036,184.472,180.203,183.451,102810.0
2020-12-31,184.356,192.78,182.848,189.02,255061.0
2021-01-04,189.113,196.237,187.883,193.267,219886.0
2021-01-05,193.29,193.29,189.809,192.826,195668.0
2021-01-06,192.385,197.885,191.666,193.267,200265.0
2021-01-07,193.661,194.358,187.489,189.461,226825.0
2021-01-08,190.157,192.408,188.487,189.763,161971.0
2021-01-11,190.018,191.178,183.15,183.799,224256.0
2021-01-12,183.544,185.168,180.597,184.519,191592.0
2021-01-13,184.704,193.754,184.542,193.499,330580.0
2021-01-14,192.385,192.664,183.312,183.474,331650.0
2021-01-15,182.5,184.379,180.272,180.388,247851.0
2021-01-18,179.367,182.593,177.882,180.991,135352.0
2021-01-19,180.991,181.502,177.418,179.715,160751.0
2021-01-20,178.973,179.576,177.743,177.743,143614.0
2021-01-21,175.886,178.903,175.422,178.021,171091.0
2021-01-22,177.047,180.527,176.467,178.601,147455.0
2021-01-25,178.091,181.873,175.654,180.551,247043.0
2021-01-26,180.574,182.709,176.513,180.945,181690.0
2021-01-27,180.643,191.457,178.16,190.97,349361.0
2021-01-28,187.512,193.244,187.512,189.345,256988.0
2021-01-29,190.343,202.387,187.489,196.771,403323.0
2021-02-01,178.439,178.439,178.439,178.439,78404.0
2021-02-02,161.94,161.94,161.94,161.94,93983.0
2021-02-03,147.089,153.61,147.089,151.057,1942574.0
2021-02-04,145.743,150.314,144.583,148.528,764821.0
2021-02-05,148.04,152.31,146.88,148.922,453080.0
2021-02-08,148.69,148.69,140.383,141.775,560155.0
2021-02-09,142.077,150.523,140.615,149.154,467796.0
2021-02-10,148.876,152.31,145.79,148.458,463330.0
2021-02-18,151.521,156.301,148.504,153.842,784981.0
2021-02-19,152.449,155.002,149.642,154.863,432997.0
2021-02-22,153.842,159.643,151.521,154.793,496363.0
2021-02-23,154.793,156.371,151.985,152.89,330537.0
2021-02-24,153.842,157.299,152.96,154.886,358616.0
2021-02-25,156.278,162.636,155.536,159.736,400759.0
2021-02-26,156.139,161.824,155.118,157.044,296626.0
2021-03-01,154.77,157.74,151.568,155.42,276540.0
2021-03-02,155.234,155.28,150.152,152.008,282291.0
2021-03-03,150.361,153.842,149.433,153.54,211507.0
2021-03-04,151.985,154.422,151.73,152.751,179279.0
2021-03-05,151.521,154.955,151.127,154.259,166682.0
2021-03-08,154.236,155.977,149.247,149.874,237938.0
2021-03-09,149.897,150.593,142.355,146.787,226543.0
2021-03-10,148.574,149.781,146.834,147.135,137649.0
2021-03-11,147.159,150.709,145.929,149.827,144114.0
2021-03-12,150.129,153.145,149.085,153.029,201221.0
2021-03-15,153.401,157.044,152.148,154.375,233627.0
2021-03-16,155.002,158.135,153.586,158.019,243456.0
2021-03-17,156.185,158.691,155.234,156.974,168812.0
2021-03-18,156.858,158.436,153.586,155.466,177452.0
2021-03-19,153.61,155.188,149.92,152.217,209571.0
2021-03-22,151.289,153.494,150.5,153.47,129427.0
2021-03-23,153.308,153.842,148.644,150.013,172928.0
2021-03-24,149.433,149.966,147.576,148.644,111818.0
2021-03-25,148.296,148.922,147.112,147.878,95974.0
2021-03-26,147.994,150.454,147.994,149.781,149721.0
2021-03-29,149.433,151.985,148.087,150.825,162948.0
2021-03-30,150.848,151.498,149.317,150.198,130074.0
2021-03-31,150.175,150.175,147.576,147.808,153168.0
2021-04-01,147.669,149.201,147.437,148.737,98537.0
2021-04-02,148.853,149.317,148.203,149.154,125831.0
2021-04-06,149.247,152.403,149.247,150.082,158793.0
2021-04-07,149.897,150.709,148.18,150.639,111798.0
2021-04-08,149.061,150.222,148.272,148.76,120396.0
2021-04-09,148.296,148.76,146.532,146.695,133231.0
2021-04-12,146.718,147.066,143.631,144.328,118161.0
2021-04-13,144.304,146.486,143.771,145.604,91336.0
2021-04-14,145.024,145.929,144.119,144.722,132887.0
2021-04-15,144.328,144.374,142.912,143.26,116151.0
2021-04-16,143.283,144.096,142.355,143.237,129549.0
2021-04-19,143.376,145.325,141.961,145.279,196858.0
2021-04-20,144.304,145.836,143.678,144.397,123199.0
2021-04-21,143.863,146.578,143.423,145.929,136665.0
2021-04-22,145.929,146.486,143.817,144.212,147570.0
2021-04-23,143.794,144.513,142.471,144.235,123921.0
2021-04-26,141.659,141.659,135.579,137.018,398783.0
2021-04-27,136.229,136.322,126.877,128.548,542490.0
2021-04-28,127.806,129.708,125.021,129.476,220810.0
2021-04-29,127.133,129.453,125.717,127.365,184887.0
2021-04-30,127.156,128.293,126.181,127.481,120409.0
2021-05-06,126.321,126.321,121.355,121.819,317854.0
2021-05-07,120.682,121.68,118.083,118.5,250184.0
2021-05-10,118.5,119.034,115.437,116.574,207375.0
2021-05-11,115.925,119.87,115.553,118.872,162278.0
2021-05-12,118.477,119.405,117.479,119.173,107732.0
2021-05-13,118.593,119.916,117.874,119.081,89724.0
2021-05-14,119.243,121.192,119.22,121.007,122083.0
2021-05-17,121.355,125.833,121.123,124.766,202956.0
2021-05-18,124.835,125.648,123.327,125.485,109484.0
2021-05-19,125.067,125.067,123.165,123.466,81967.0
2021-05-20,123.234,124.58,122.376,123.977,88380.0
2021-05-21,124.046,124.719,122.585,122.886,67949.0
2021-05-24,122.886,124.557,122.283,124.418,73279.0
2021-05-25,124.511,130.01,124.441,127.922,222945.0
2021-05-26,128.502,128.641,126.692,127.759,104997.0
2021-05-27,127.782,128.525,127.434,128.2,84176.0
2021-05-28,128.084,129.105,127.365,128.014,93646.0
2021-05-31,126.692,129.012,124.418,128.293,120141.0
2021-06-01,128.27,130.799,127.945,129.476,137696.0
2021-06-02,129.848,130.962,128.502,129.569,130181.0
2021-06-03,129.755,136.09,129.175,134.535,302476.0
2021-06-04,132.261,133.653,130.289,131.333,177852.0
2021-06-07,129.708,131.333,125.996,126.483,197684.0
2021-06-08,127.133,128.664,125.532,126.46,157513.0
2021-06-09,126.46,127.318,125.88,126.808,72362.0
2021-06-25,133.375,136.832,123.675,131.959,884135.0
2021-06-28,129.012,131.286,126.785,128.2,352764.0
2021-06-29,127.504,127.62,124.603,124.627,258778.0
2021-06-30,123.907,127.017,123.652,125.137,176322.0
2021-07-01,125.183,125.508,123.095,123.954,136587.0
2021-07-02,123.234,123.652,120.194,120.241,200049.0
2021-07-05,120.171,121.239,118.802,120.566,142615.0
2021-07-06,120.403,123.93,119.405,122.376,157932.0
2021-07-07,122.236,123.49,121.355,122.515,110325.0
2021-07-08,122.515,122.561,120.194,120.194,119387.0
2021-07-09,120.032,121.239,119.359,120.519,83457.0
2021-07-12,120.519,121.912,119.498,121.099,127734.0
2021-07-13,121.355,122.515,120.798,121.007,174369.0
2021-07-14,120.937,120.96,118.245,118.315,194416.0
2021-07-15,117.897,118.06,116.017,117.155,162409.0
2021-07-16,118.941,121.215,118.106,118.384,165041.0
2021-07-19,117.967,119.22,116.041,119.057,118345.0
2021-07-20,117.874,118.918,117.41,118.222,63306.0
2021-07-21,117.758,118.64,116.482,116.598,118079.0
2021-07-22,116.25,117.271,115.6,116.366,86341.0
2021-07-23,116.366,116.389,113.511,113.535,157598.0
2021-07-26,112.537,112.653,108.313,108.383,218297.0
2021-07-27,108.128,109.683,105.134,105.32,169615.0
2021-07-28,105.413,106.086,102.559,103.626,156546.0
2021-07-29,104.067,104.508,102.002,103.301,143174.0
2021-07-30,102.35,103.533,100.493,102.907,149797.0
2021-08-02,100.818,102.651,98.382,101.561,264047.0
2021-08-03,100.052,103.278,99.472,102.234,161676.0
2021-08-04,102.187,102.999,101.166,101.259,134054.0
2021-08-05,101.004,103.464,100.122,101.329,148761.0
2021-08-06,101.398,101.862,100.145,100.517,94497.0
2021-08-09,99.867,103.394,99.519,102.837,136027.0
2021-08-10,102.976,103.44,101.862,103.278,111002.0
2021-08-11,103.255,106.991,103.023,103.928,188881.0
2021-08-12,104.369,104.554,101.932,102.164,114659.0
2021-08-13,101.77,102.744,101.166,102.094,73703.0
2021-08-16,101.7,103.719,101.398,102.744,78731.0
2021-08-17,103.069,107.13,102.651,105.065,288164.0
2021-08-18,103.974,106.643,103.023,106.573,186210.0
2021-08-19,105.39,106.48,104.879,105.947,111745.0
2021-08-20,105.575,105.575,103.232,103.951,122517.0
2021-08-23,102.814,104.554,102.791,103.742,75224.0
2021-08-24,103.626,104.624,103.139,103.951,102073.0
2021-08-25,103.951,112.305,103.603,110.704,380978.0
2021-08-26,110.147,111.678,107.501,111.562,257634.0
2021-08-27,110.379,112.653,109.497,109.497,151772.0
2021-08-30,107.989,108.337,106.271,106.805,146509.0
2021-08-31,106.271,114.393,106.179,113.859,311373.0
2021-09-01,113.001,115.553,112.606,114.324,239794.0
2021-09-02,113.419,115.437,112.769,114.393,137089.0
2021-09-03,114.3,118.802,113.001,118.338,242774.0
2021-09-06,117.479,121.54,116.876,118.408,215837.0
2021-09-07,118.338,120.937,117.479,120.751,182147.0
2021-09-08,119.823,120.658,117.92,119.15,159090.0
2021-09-09,118.709,118.918,117.41,118.083,123105.0
2021-09-10,117.874,121.912,117.874,119.684,180124.0
2021-09-13,117.874,118.918,115.669,116.598,183591.0
2021-09-14,116.25,117.595,113.813,113.975,130288.0
2021-09-15,114.37,115.089,112.212,112.885,123060.0
2021-09-16,112.63,113.465,110.936,111.539,123271.0
2021-09-17,110.448,115.321,110.448,114.718,127495.0
2021-09-22,113.233,114.718,112.537,113.442,69073.0
2021-09-23,114.648,115.368,113.442,113.859,91976.0
2021-09-24,114.393,116.714,113.929,115.461,106862.0
2021-09-27,115.089,117.804,113.256,116.064,124508.0
2021-09-28,115.391,116.203,114.161,115.785,66994.0
2021-09-29,115.089,116.598,114.324,116.041,98262.0
2021-09-30,115.785,116.621,114.904,116.134,68007.0
2021-10-08,119.498,124.557,118.686,122.515,304137.0
2021-10-11,122.283,129.476,121.563,128.618,339439.0
2021-10-12,127.991,133.073,126.529,130.312,380164.0
2021-10-13,129.476,130.544,126.924,129.616,190230.0
2021-10-14,128.989,138.387,128.803,135.974,410468.0
2021-10-15,135.649,139.13,132.957,135.278,299716.0
2021-10-18,134.094,135.533,130.358,131.565,259873.0
2021-10-19,130.637,132.493,129.43,131.774,155569.0
2021-10-20,131.634,133.259,127.597,131.588,220546.0
2021-10-21,130.892,134.976,129.732,131.124,160129.0
2021-10-22,130.242,132.238,129.221,129.616,137679.0
2021-10-25,127.156,129.012,124.557,128.803,182526.0
2021-10-26,127.875,131.704,127.643,131.333,210325.0
2021-10-27,130.497,132.864,129.546,132.006,169441.0
2021-10-28,131.24,135.347,130.08,132.423,164107.0
2021-10-29,132.4,136.74,131.263,135.974,207316.0
2021-11-01,133.816,133.839,129.801,131.959,190263.0
2021-11-02,131.913,132.818,128.502,130.289,158857.0
2021-11-03,129.708,131.774,128.803,130.057,103784.0
2021-11-04,130.521,130.637,126.901,127.713,139092.0
2021-11-05,127.574,129.546,127.017,127.226,90559.0
2021-11-08,132.075,138.434,132.075,136.229,405643.0
2021-11-09,136.229,137.389,128.757,129.314,353683.0
2021-11-10,129.384,129.94,126.367,127.458,178828.0
2021-11-11,126.877,130.126,126.483,129.639,131194.0
2021-11-12,129.012,132.841,128.107,131.286,139150.0
2021-11-15,131.054,131.588,128.061,128.154,145055.0
2021-11-16,128.78,130.057,126.877,127.295,136984.0
2021-11-17,127.365,129.291,127.365,128.711,86472.0
2021-11-18,127.69,128.525,126.344,126.344,98414.0
2021-11-19,126.413,126.993,124.557,125.555,104832.0
2021-11-22,125.555,126.506,124.835,126.204,63753.0
2021-11-23,127.202,128.2,125.694,126.135,85995.0
2021-11-24,126.158,127.504,124.859,127.249,80299.0
2021-11-25,127.249,127.666,126.274,127.318,58133.0
2021-11-26,125.694,125.717,122.051,122.817,208694.0
2021-11-29,117.758,119.034,115.089,115.53,336959.0
2021-11-30,115.623,116.806,113.419,113.604,162370.0
2021-12-01,115.321,118.732,114.393,117.595,254035.0
2021-12-02,116.76,118.965,115.553,116.992,142351.0
2021-12-03,118.292,120.891,117.039,120.241,155242.0
2021-12-06,120.148,120.496,118.431,119.521,94122.0
2021-12-07,120.891,123.606,120.542,121.053,171442.0
2021-12-08,121.053,122.747,120.473,122.236,126302.0
2021-12-09,122.468,124.302,122.167,122.585,123380.0
2021-12-10,122.399,122.585,120.194,121.285,168557.0
2021-12-13,121.378,122.352,119.637,119.916,156306.0
2021-12-14,118.802,119.382,118.06,119.266,112985.0
2021-12-15,119.313,119.498,116.83,117.294,124943.0
2021-12-16,116.83,117.827,115.901,116.25,119401.0
2021-12-17,116.273,116.319,114.393,114.625,142495.0
2021-12-20,114.138,115.739,113.743,114.3,90504.0
2021-12-21,114.068,116.041,113.743,115.669,94577.0
2021-12-22,117.108,118.338,115.762,115.809,94963.0
2021-12-23,116.064,116.76,114.509,115.252,75881.0
2021-12-24,114.857,116.969,114.695,116.876,96892.0
2021-12-27,117.155,120.775,117.131,120.171,195641.0
2021-12-28,120.194,120.705,118.686,119.475,91450.0
2021-12-29,119.475,122.492,119.057,121.331,194354.0
2021-12-30,120.891,124.441,120.009,123.397,183878.0
2021-12-31,124.0,124.046,121.61,121.796,97864.0
2022-01-04,121.123,126.46,120.891,126.042,206908.0
2022-01-05,125.949,130.173,125.578,126.785,253678.0
2022-01-06,127.597,128.084,124.835,127.156,151021.0
2022-01-07,127.156,130.637,126.251,129.453,229849.0
2022-01-10,126.344,130.149,125.299,129.453,138564.0
2022-01-11,129.012,130.985,128.223,128.571,132131.0
2022-01-12,128.571,131.634,127.759,128.873,97476.0
2022-01-13,128.85,130.892,127.458,127.806,111077.0
2022-01-14,127.202,128.919,125.485,126.529,121352.0
2022-01-17,126.576,127.226,124.348,125.532,128174.0
2022-01-18,125.299,128.873,124.441,128.014,141583.0
2022-01-19,127.318,129.36,126.321,128.711,108177.0
2022-01-20,128.502,133.839,128.131,131.913,194413.0
2022-01-21,134.117,141.868,134.117,136.183,427763.0
2022-01-24,135.858,137.552,134.558,134.883,243520.0
2022-01-25,134.141,137.784,133.885,134.117,245704.0
2022-01-26,134.814,135.626,130.544,131.379,179851.0
2022-01-27,129.708,132.215,128.78,128.966,147858.0
2022-01-28,127.991,132.957,127.202,130.613,141954.0
2022-02-07,132.493,136.183,130.892,134.581,198485.0
2022-02-08,135.324,139.339,135.278,139.13,238000.0
2022-02-09,140.29,144.049,138.573,142.703,257334.0
2022-02-10,142.03,148.04,141.705,147.553,267825.0
2022-02-11,147.507,150.547,144.792,146.648,274022.0
2022-02-14,148.017,149.897,144.351,146.764,153458.0
2022-02-15,145.72,145.743,141.381,142.471,199274.0
2022-02-16,142.75,145.952,141.079,143.678,134275.0
2022-02-17,143.26,143.26,140.383,141.543,153295.0
2022-02-18,140.847,145.998,140.383,145.441,153649.0
2022-02-21,143.631,145.256,142.239,144.977,90808.0
2022-02-22,143.283,143.956,141.102,142.239,116647.0
2022-02-23,141.775,143.167,138.41,139.455,184742.0
2022-02-24,138.782,139.222,134.001,135.951,201606.0
2022-02-25,137.552,138.41,135.115,136.391,106072.0
2022-02-28,135.51,135.51,133.236,134.93,116531.0
2022-03-01,134.93,139.663,134.581,139.13,138033.0
2022-03-02,137.993,140.104,136.229,138.805,116250.0
2022-03-03,140.499,145.441,139.246,144.56,246312.0
2022-03-04,143.307,144.072,141.334,142.123,121212.0
2022-03-07,141.032,141.032,130.799,131.843,254090.0
2022-03-08,131.774,135.858,129.36,129.43,192495.0
2022-03-09,129.778,131.658,124.302,130.428,172914.0
2022-03-10,131.82,134.535,131.078,132.864,131848.0
2022-03-11,130.637,134.814,127.109,132.447,204078.0
2022-03-14,126.46,128.432,122.538,122.561,282223.0
2022-03-15,122.051,124.65,119.057,119.545,197641.0
2022-03-16,122.515,129.824,122.515,129.244,269131.0
2022-03-17,131.959,135.626,129.175,133.468,263696.0
2022-03-18,132.516,136.624,132.377,135.719,206791.0
2022-03-21,134.535,135.765,133.491,135.51,124071.0
2022-03-22,131.727,135.278,131.658,133.537,132642.0
2022-03-23,133.328,134.048,130.173,132.493,126048.0
2022-03-24,132.261,133.352,129.755,130.683,73655.0
2022-03-25,131.333,131.449,126.181,126.483,132022.0
2022-03-28,123.095,126.97,123.002,126.135,130570.0
2022-03-29,125.949,129.453,125.323,127.156,83236.0
2022-03-30,128.316,131.147,126.228,130.706,100594.0
2022-03-31,129.94,131.333,126.576,127.62,100347.0
2022-04-01,126.924,132.284,126.228,131.078,142857.0
2022-04-06,129.662,133.955,129.5,132.145,156450.0
2022-04-07,131.101,133.398,129.964,130.474,121771.0
2022-04-11,130.08,130.173,124.07,124.812,164719.0
2022-04-12,124.859,135.835,124.859,135.046,245202.0
2022-04-13,133.421,134.117,129.36,131.611,189635.0
2022-04-14,132.98,137.668,131.565,134.117,167476.0
2022-04-15,133.189,136.856,132.099,135.765,126146.0
2022-04-18,134.141,135.44,132.145,133.677,122899.0
2022-04-19,133.212,134.117,128.502,129.824,165896.0
2022-04-20,129.871,133.12,129.128,131.797,123846.0
2022-04-21,130.753,134.744,130.196,131.333,161955.0
2022-04-22,130.637,132.957,127.62,132.377,146617.0
2022-04-25,129.476,129.523,126.065,126.065,158692.0
2022-04-26,126.204,127.527,122.747,124.789,140113.0
2022-04-27,123.861,130.521,123.234,130.428,149726.0
2022-04-28,129.221,130.149,123.211,125.114,170243.0
2022-04-29,124.371,129.476,122.074,128.084,161796.0
2022-05-05,127.458,132.563,125.253,132.493,185018.0
2022-05-06,128.78,129.012,124.58,125.323,193311.0
2022-05-09,124.371,126.599,122.492,123.095,118234.0
2022-05-10,121.819,123.049,119.614,122.793,152521.0
2022-05-11,122.817,126.622,122.817,124.07,187822.0
2022-05-12,122.863,123.397,119.73,121.123,180779.0
2022-05-13,119.754,122.399,119.614,122.167,151096.0
2022-05-16,123.884,125.648,121.958,124.464,169066.0
2022-05-17,123.582,125.183,122.747,124.951,128016.0
2022-05-18,125.021,125.926,122.283,122.747,103766.0
2022-05-19,120.96,122.376,120.31,121.935,74111.0
2022-05-20,122.004,124.719,122.004,124.278,147552.0
2022-05-23,124.278,124.278,121.726,123.35,109287.0
2022-05-24,124.046,125.996,122.909,123.118,154637.0
2022-05-25,122.538,127.991,121.935,127.62,238478.0
2022-05-26,126.785,129.244,126.692,127.968,134279.0
2022-05-27,128.966,129.244,125.996,127.272,97128.0
2022-05-30,129.128,130.915,128.595,129.5,155075.0
2022-05-31,129.917,132.191,128.595,130.428,150323.0
2022-06-01,130.428,131.727,125.949,126.901,161412.0
2022-06-02,126.947,127.365,125.137,125.972,103223.0
2022-06-06,125.764,126.901,123.698,126.901,113247.0
2022-06-07,127.063,128.154,125.555,126.228,114421.0
2022-06-08,126.228,128.084,125.88,127.481,114732.0
2022-06-09,126.947,127.922,126.228,126.947,110874.0
2022-06-10,125.648,126.46,123.745,125.299,191435.0
2022-06-13,124.139,124.302,122.515,123.211,146973.0
2022-06-14,122.306,124.139,122.051,124.046,96607.0
2022-06-15,123.907,125.996,123.281,123.907,175735.0
2022-06-16,123.907,125.276,123.373,124.603,126493.0
2022-06-17,124.0,124.835,122.933,124.789,132273.0
2022-06-20,125.369,130.405,125.323,129.128,260803.0
2022-06-21,129.476,131.75,128.2,129.685,190566.0
2022-06-22,130.265,130.59,127.179,127.55,99822.0
2022-06-23,127.782,128.525,126.506,127.597,105758.0
2022-06-24,127.597,130.822,126.181,129.453,153635.0
2022-06-27,130.613,137.459,130.613,134.28,334396.0
2022-06-28,134.303,146.37,133.421,144.583,463664.0
2022-06-29,144.536,147.391,142.1,142.587,310184.0
2022-06-30,145.952,147.043,143.307,145.024,273878.0
2022-07-01,143.794,143.933,138.294,139.106,213144.0
2022-07-04,139.153,141.079,136.67,138.062,179148.0
2022-07-05,138.364,138.967,136.693,137.482,130444.0
2022-07-06,136.577,136.972,134.001,134.581,138638.0
2022-07-07,133.444,135.231,133.096,133.491,131463.0
2022-07-08,135.626,137.691,132.888,133.004,144173.0
2022-07-11,130.753,132.029,129.198,130.149,142346.0
2022-07-12,129.871,131.774,129.662,130.753,114003.0
2022-07-13,131.333,133.677,130.985,131.867,108013.0
2022-07-14,131.588,137.204,130.869,134.837,188236.0
2022-07-15,134.535,136.206,133.212,133.653,127305.0
2022-07-18,132.957,133.885,131.426,132.331,104763.0
2022-07-19,132.725,133.63,131.356,132.331,89822.0
2022-07-20,132.772,135.208,132.493,133.12,90228.0
2022-07-21,132.934,133.653,131.611,131.75,74573.0
2022-07-22,131.797,136.299,131.333,134.93,146319.0
2022-07-25,134.976,134.976,132.447,133.073,80132.0
2022-07-26,134.001,138.782,133.955,135.858,180444.0
2022-07-27,134.744,138.596,134.605,136.74,115490.0
2022-07-28,137.366,139.919,136.972,137.413,136970.0
2022-07-29,136.902,136.902,131.379,133.143,189832.0
2022-08-01,133.166,144.049,133.166,140.615,334593.0
2022-08-02,139.13,144.096,136.948,142.03,313981.0
2022-08-03,142.03,144.954,140.893,142.425,240537.0
2022-08-04,143.167,146.277,141.125,145.581,239672.0
2022-08-05,146.764,147.251,142.935,144.838,150484.0
2022-08-08,141.798,147.53,141.032,145.766,149750.0
2022-08-09,145.673,146.37,143.84,145.673,108297.0
2022-08-10,145.65,146.857,142.68,143.144,123537.0
2022-08-11,143.492,145.952,141.218,145.163,109319.0
2022-08-12,146.88,149.177,144.792,148.04,135766.0
2022-08-15,147.066,147.066,144.838,145.186,97743.0
2022-08-16,145.024,147.251,144.977,145.836,68574.0
2022-08-17,145.836,150.361,145.372,146.857,85477.0
2022-08-18,146.068,146.834,142.773,145.024,121428.0
2022-08-19,145.117,145.488,144.026,144.42,65719.0
2022-08-22,144.235,145.488,142.935,143.631,131173.0
2022-08-23,143.469,145.743,141.149,143.446,92519.0
2022-08-24,143.887,145.65,142.773,143.817,73873.0
2022-08-25,143.539,147.53,143.191,147.321,96472.0
2022-08-26,147.808,152.983,147.066,147.507,171709.0
2022-08-29,146.416,147.785,143.887,145.859,94520.0
2022-08-30,145.697,145.952,143.307,144.142,71666.0
2022-08-31,144.56,147.762,143.353,144.374,130095.0
2022-09-01,144.096,144.56,140.011,140.545,120182.0
2022-09-02,140.893,142.216,139.524,141.265,59781.0
2022-09-05,140.87,141.845,139.13,141.288,59091.0
2022-09-06,142.332,146.323,140.87,145.929,112165.0
2022-09-07,145.929,148.319,145.001,145.72,104206.0
2022-09-08,146.88,150.802,146.022,149.711,122356.0
2022-09-09,148.737,151.034,148.203,150.477,77652.0
2022-09-13,150.593,152.797,149.386,151.382,94113.0
2022-09-14,148.04,151.614,147.321,149.734,71944.0
2022-09-15,149.734,152.217,147.924,148.945,71987.0
2022-09-16,148.853,150.407,146.787,147.6,79917.0
2022-09-19,146.95,154.723,146.114,153.308,208611.0
2022-09-20,153.494,154.213,151.846,153.517,85503.0
2022-09-21,154.097,155.002,152.101,152.473,91094.0
2022-09-22,151.127,152.681,149.27,150.964,74348.0
2022-09-23,151.15,153.818,149.897,151.405,78805.0
2022-09-26,151.057,156.626,150.964,152.333,127517.0
2022-09-27,151.127,158.691,151.127,158.32,184192.0
2022-09-28,156.858,159.829,153.911,154.747,134518.0
2022-09-29,154.77,154.955,149.479,150.941,156187.0
2022-09-30,150.616,150.639,144.792,147.53,171284.0
2022-10-10,145.952,151.127,145.488,146.88,97987.0
2022-10-11,147.808,148.226,141.079,147.298,170804.0
2022-10-12,144.56,145.024,138.99,142.471,217183.0
2022-10-13,141.334,145.65,140.87,143.887,124523.0
2022-10-14,143.469,146.532,141.381,142.935,156465.0
2022-10-17,142.239,148.04,141.914,147.924,112253.0
2022-10-18,150.361,154.631,145.441,146.068,137759.0
2022-10-19,146.439,148.249,144.119,144.954,72648.0
2022-10-20,143.887,150.268,142.471,145.256,149596.0
2022-10-21,143.863,148.226,141.288,146.509,108996.0
2022-10-24,145.975,147.576,139.222,140.174,151775.0
2022-10-25,138.99,147.043,138.99,144.606,115636.0
2022-10-26,144.885,149.433,144.885,146.532,117692.0
2022-10-27,147.019,148.621,144.792,145.163,89227.0
2022-10-28,145.186,147.066,142.935,143.956,91136.0
2022-10-31,143.376,143.747,135.486,137.32,182756.0
2022-11-01,137.389,148.04,134.442,148.04,216707.0
2022-11-02,146.207,157.183,145.836,152.148,378699.0
2022-11-03,150.059,151.405,147.623,149.363,151803.0
2022-11-04,149.409,157.972,149.201,154.074,213539.0
2022-11-07,150.825,152.937,149.665,151.66,130735.0
2022-11-08,150.895,154.283,149.572,150.268,93147.0
2022-11-09,150.129,152.913,149.108,150.198,59757.0
2022-11-10,148.922,152.449,148.203,151.73,128952.0
2022-11-11,155.744,157.183,143.585,146.254,477286.0
2022-11-14,145.72,145.72,137.413,138.341,438496.0
2022-11-15,138.642,143.144,138.364,142.286,226096.0
2022-11-16,142.587,143.469,139.965,140.429,136629.0
2022-11-17,139.663,141.079,138.782,140.36,117904.0
2022-11-18,139.919,140.731,137.25,138.201,150859.0
2022-11-21,136.368,136.391,133.514,134.674,160707.0
2022-11-22,134.581,135.695,133.839,134.976,95155.0
2022-11-23,134.187,134.93,132.307,134.349,131484.0
2022-11-24,132.493,134.721,132.493,132.795,94610.0
2022-11-25,132.377,133.56,132.099,133.444,71345.0
2022-11-28,132.006,138.364,130.637,137.366,211086.0
2022-11-29,136.902,142.842,135.974,142.309,309950.0
2022-11-30,141.659,142.193,137.946,142.193,158908.0
2022-12-01,145.72,146.88,138.712,139.339,272470.0
2022-12-02,138.99,139.571,136.972,138.085,172031.0
2022-12-05,140.8,144.212,139.246,141.775,268403.0
2022-12-06,140.638,145.836,140.615,144.374,265581.0
2022-12-07,145.465,150.361,144.397,146.068,361802.0
2022-12-08,147.089,148.737,145.72,147.785,236587.0
2022-12-09,148.435,151.289,146.602,148.644,168358.0
2022-12-12,149.618,153.099,148.829,150.291,282787.0
2022-12-13,150.616,154.213,148.806,150.384,211144.0
2022-12-14,150.129,154.213,150.059,152.913,210560.0
2022-12-15,153.842,154.631,151.289,152.008,177076.0
2022-12-16,151.521,153.842,150.825,153.61,142931.0
2022-12-19,153.586,155.304,151.127,153.145,144028.0
2022-12-20,152.449,152.635,147.344,147.785,205139.0
2022-12-21,147.994,152.565,147.994,151.614,189399.0
2022-12-22,152.217,152.96,150.477,151.382,107476.0
2022-12-23,150.779,153.865,150.291,151.823,104089.0
2022-12-26,151.707,155.28,150.361,151.289,157399.0
2022-12-27,153.61,153.818,148.226,151.057,181572.0
2022-12-28,150.314,152.217,147.971,148.272,169063.0
2022-12-29,148.272,148.713,145.766,146.671,135159.0
2022-12-30,146.811,147.924,145.952,147.367,101674.0
2023-01-03,147.019,147.019,143.515,143.98,227976.0
2023-01-04,144.049,144.536,142.239,144.397,138602.0
2023-01-05,144.444,149.642,143.655,148.829,225888.0
2023-01-06,148.504,148.667,144.374,145.72,185064.0
2023-01-09,146.091,149.618,145.697,149.27,192306.0
2023-01-10,149.247,149.247,146.207,148.04,137317.0
2023-01-11,147.808,147.808,145.024,146.091,155973.0
2023-01-12,145.72,147.576,145.65,145.929,107812.0
2023-01-13,146.37,148.713,145.998,148.04,137451.0
2023-01-16,155.002,161.499,154.886,159.643,655314.0
2023-01-17,160.084,161.174,155.118,159.388,329773.0
2023-01-18,159.388,161.685,158.251,160.061,120516.0
2023-01-19,160.571,161.221,155.93,156.928,197321.0
2023-01-20,157.322,159.573,156.742,157.299,99332.0
2023-01-30,159.318,159.55,153.818,155.002,212883.0
2023-01-31,155.443,155.907,153.494,153.842,139179.0
2023-02-01,154.747,155.512,152.473,153.818,128623.0
2023-02-02,154.074,155.489,153.122,153.865,163768.0
2023-02-03,153.888,155.048,152.565,154.468,120837.0
2023-02-06,154.259,156.0,152.867,155.002,109789.0
2023-02-07,155.628,155.93,153.145,153.424,97177.0
2023-02-08,154.074,156.116,153.447,154.654,94510.0
2023-02-09,154.654,155.884,153.192,154.074,120854.0
2023-02-10,153.494,155.512,151.8,153.842,113987.0
2023-02-13,153.842,157.137,152.194,156.835,176248.0
2023-02-14,156.998,158.831,156.417,158.575,117562.0
2023-02-15,158.924,159.063,155.953,156.812,78964.0
2023-02-16,156.858,159.295,154.515,155.628,123935.0
2023-02-17,155.768,158.111,153.145,153.262,107617.0
2023-02-20,154.886,156.998,153.958,156.325,100202.0
2023-02-21,156.162,156.742,152.681,153.633,137992.0
2023-02-22,152.705,153.865,151.892,152.217,86956.0
2023-02-23,152.194,152.612,149.897,150.547,122562.0
2023-02-24,150.407,150.755,148.969,149.572,75569.0
2023-02-27,148.76,149.874,147.6,149.781,96819.0
2023-02-28,150.013,150.477,148.458,149.526,67565.0
2023-03-01,149.526,150.802,149.201,149.943,67580.0
2023-03-02,150.082,151.475,149.897,150.129,76489.0
2023-03-03,150.222,151.869,150.082,151.382,85124.0
2023-03-06,151.382,152.496,149.618,150.129,97265.0
2023-03-07,149.827,150.709,147.878,147.948,76279.0
2023-03-08,147.832,149.201,146.138,148.829,63473.0
2023-03-09,148.713,149.526,147.437,148.156,73846.0
2023-03-10,146.37,148.319,144.908,145.465,107638.0
2023-03-13,145.372,147.669,145.047,147.46,84437.0
2023-03-14,147.437,147.692,145.256,146.486,70222.0
2023-03-15,147.182,149.409,145.79,146.068,81924.0
2023-03-16,145.488,146.927,142.587,143.562,108333.0
2023-03-17,144.003,145.395,141.729,142.355,104472.0
2023-03-20,141.775,141.775,139.501,139.849,121826.0
2023-03-21,140.615,144.072,140.058,143.678,116682.0
2023-03-22,143.817,144.351,142.332,143.098,66248.0
2023-03-23,142.471,142.68,140.638,142.193,106691.0
2023-03-24,141.961,142.912,140.429,140.684,96221.0
2023-03-27,140.754,141.427,139.083,141.241,133548.0
2023-03-28,141.404,141.984,138.874,139.199,100275.0
2023-03-29,139.199,141.357,139.106,140.011,82215.0
2023-03-30,140.174,144.049,140.174,143.863,140753.0
2023-03-31,143.863,144.444,142.518,142.773,92779.0
2023-04-03,142.935,145.72,142.123,144.49,125670.0
2023-04-04,144.374,147.205,143.933,146.254,141221.0
2023-04-06,146.23,146.741,145.024,145.72,83210.0
2023-04-07,145.743,146.393,144.931,145.859,67648.0
2023-04-10,145.859,145.929,143.794,144.072,80026.0
2023-04-11,143.887,144.652,142.959,144.536,73884.0
2023-04-12,144.351,144.56,142.239,142.61,81773.0
2023-04-13,142.239,143.121,141.241,142.889,74940.0
2023-04-14,143.214,143.307,140.29,140.87,117210.0
2023-04-17,140.963,143.144,140.963,142.494,107998.0
2023-04-18,142.866,142.912,140.36,141.752,81270.0
2023-04-19,142.425,142.425,140.406,141.752,104588.0
2023-04-20,141.891,142.68,140.127,140.754,90530.0
2023-04-21,140.777,140.893,137.946,138.132,108376.0
2023-04-24,138.062,138.109,134.071,135.254,138514.0
2023-04-25,135.394,136.879,131.82,134.558,117543.0
2023-04-26,134.581,136.6,134.581,136.322,76339.0
2023-04-27,136.647,137.598,135.185,136.159,67851.0
2023-04-28,136.438,138.062,135.347,138.062,96412.0
2023-05-04,138.062,138.062,133.143,133.839,130360.0
2023-05-05,134.117,135.603,133.839,135.185,64461.0
2023-05-08,135.835,136.02,132.215,132.772,122243.0
2023-05-09,132.725,134.373,132.238,132.516,97671.0
2023-05-10,132.493,132.725,129.5,130.057,116495.0
2023-05-11,130.289,130.521,128.455,128.78,110712.0
2023-05-12,128.919,129.314,127.133,127.434,74675.0
2023-05-15,127.458,129.43,126.413,129.384,70719.0
2023-05-16,129.36,129.894,128.78,129.314,57329.0
2023-05-17,129.824,130.265,127.736,128.27,63620.0
2023-05-18,128.27,129.453,127.086,127.62,63237.0
2023-05-19,127.388,128.757,126.97,128.014,41183.0
2023-05-22,128.107,130.892,127.411,130.149,85923.0
2023-05-23,129.476,130.057,126.854,127.017,102128.0
2023-05-24,126.251,126.297,123.165,123.188,136178.0
2023-05-25,123.165,124.302,122.051,123.373,71165.0
2023-05-26,123.49,123.675,121.703,123.165,51757.0
2023-05-29,123.257,123.884,122.399,122.77,54560.0
2023-05-30,122.77,123.165,119.846,121.819,122135.0
2023-05-31,121.424,122.492,119.545,121.587,89210.0
2023-06-01,121.239,121.239,117.99,118.152,156421.0
2023-06-02,118.152,120.612,118.152,120.171,102679.0
2023-06-05,120.171,121.007,118.895,119.73,63749.0
2023-06-06,119.823,120.31,117.456,118.315,104745.0
2023-06-07,118.315,121.355,118.176,119.823,90624.0
2023-06-08,120.055,122.028,119.846,121.656,101408.0
2023-06-09,122.051,122.468,121.239,122.445,107262.0
2023-06-12,122.445,123.373,121.331,122.306,71019.0
2023-06-13,121.842,122.77,121.471,122.074,73294.0
2023-06-14,122.097,123.745,121.819,122.376,93061.0
2023-06-15,122.515,124.719,121.935,123.954,88446.0
2023-06-16,123.977,124.534,123.234,124.325,77208.0
2023-06-19,124.696,126.158,123.443,124.441,91591.0
2023-06-20,124.464,124.789,122.77,123.025,63698.0
2023-06-21,123.049,125.299,123.002,123.188,84376.0
2023-06-26,122.492,122.492,119.521,119.591,109727.0
2023-06-27,119.591,121.285,118.709,121.123,64606.0
2023-06-28,121.517,121.54,120.241,121.03,61157.0
2023-06-29,121.123,121.308,118.57,118.849,90694.0
2023-06-30,118.756,119.243,118.245,118.849,68269.0
2023-07-03,118.918,123.768,118.918,122.608,175263.0
2023-07-04,122.283,124.116,122.028,123.304,100584.0
2023-07-05,123.165,123.675,122.167,122.329,51268.0
2023-07-06,122.283,123.629,120.589,120.844,81427.0
2023-07-07,120.403,121.68,120.264,121.355,48238.0
2023-07-10,122.236,123.559,121.54,122.701,85544.0
2023-07-11,122.701,123.49,121.842,123.281,68826.0
2023-07-12,123.698,123.698,122.167,122.515,53553.0
2023-07-13,122.956,123.211,122.097,122.329,71567.0
2023-07-14,122.77,122.84,119.73,119.916,158741.0
2023-07-17,119.939,120.775,119.081,120.241,61490.0
2023-07-18,120.032,120.148,119.034,119.313,85702.0
2023-07-19,119.22,119.313,117.642,117.851,124585.0
2023-07-20,117.781,118.802,116.25,116.319,143319.0
2023-07-21,116.319,118.732,116.226,116.83,119725.0
2023-07-24,116.598,116.667,114.416,115.043,145854.0
2023-07-25,116.505,117.758,116.064,117.317,176215.0
2023-07-26,117.41,117.41,114.857,115.6,157680.0
2023-07-27,115.855,117.387,115.113,116.505,149867.0
2023-07-28,116.11,121.285,115.646,121.262,298277.0
2023-07-31,122.515,126.993,122.515,123.443,361596.0
2023-08-01,123.327,124.766,122.074,122.167,175852.0
2023-08-02,121.819,124.186,121.007,122.747,136447.0
2023-08-03,122.028,123.629,121.471,123.165,125036.0
2023-08-04,124.162,124.766,122.236,122.352,113896.0
2023-08-07,122.167,122.167,120.867,121.169,83075.0
2023-08-08,121.239,121.494,120.009,120.519,79492.0
2023-08-09,120.055,121.355,119.916,120.635,64711.0
2023-08-10,121.471,124.487,121.262,124.441,233400.0
2023-08-11,124.511,125.671,122.747,122.817,180993.0
2023-08-14,122.376,123.165,120.194,121.563,129283.0
2023-08-15,122.468,123.42,119.359,120.496,125223.0
2023-08-16,120.496,121.471,119.754,120.032,64793.0
2023-08-17,119.939,120.658,118.965,120.426,100302.0
2023-08-18,120.426,121.517,118.106,118.152,139181.0
2023-08-21,118.106,118.106,107.687,109.172,803951.0
2023-08-22,108.267,108.29,104.647,106.457,431582.0
2023-08-23,106.132,106.457,103.974,104.067,195749.0
2023-08-24,104.183,105.32,103.464,104.577,159935.0
2023-08-25,104.09,105.297,103.278,104.183,113715.0
2023-08-28,109.056,109.056,102.791,103.255,215627.0
2023-08-29,103.348,105.993,103.255,105.761,152259.0
2023-08-30,105.738,106.225,104.717,104.856,133052.0
2023-08-31,104.972,105.877,104.415,104.485,118732.0
2023-09-01,104.693,105.668,104.369,105.088,87757.0
2023-09-04,105.088,106.341,104.577,106.341,153146.0
2023-09-05,105.993,106.132,105.181,105.459,106655.0
2023-09-06,105.204,105.297,104.438,104.949,85865.0
2023-09-07,104.949,105.134,103.672,103.719,101332.0
2023-09-08,103.464,104.647,103.116,104.508,89682.0
2023-09-11,104.601,105.111,103.951,104.763,96591.0
2023-09-12,104.856,104.972,104.206,104.345,75925.0
2023-09-13,104.438,104.601,103.139,103.556,98777.0
2023-09-14,103.394,103.951,102.094,102.419,124394.0
2023-09-15,102.512,103.348,101.63,102.025,120856.0
2023-09-18,101.909,103.556,101.746,102.698,93152.0
2023-09-19,102.837,103.232,101.445,102.048,87098.0
2023-09-20,101.7,101.816,101.097,101.19,75547.0
2023-09-21,101.12,101.607,100.493,100.795,75375.0
2023-09-22,100.517,102.071,100.331,102.002,83689.0
2023-09-25,102.048,102.211,101.12,101.259,66417.0
2023-09-26,101.282,101.793,100.076,100.099,92649.0
2023-09-27,100.076,102.327,100.076,100.749,97919.0
2023-09-28,100.841,101.584,100.006,101.375,84520.0
2023-10-09,101.352,101.352,99.333,99.472,97537.0
2023-10-10,99.635,100.841,99.565,99.565,79289.0
2023-10-11,99.89,100.238,99.101,99.124,84971.0
2023-10-12,99.635,100.563,99.403,100.076,73737.0
2023-10-13,99.704,99.704,98.498,98.544,91998.0
2023-10-16,98.544,98.776,97.268,97.546,78294.0
2023-10-17,97.686,97.964,97.175,97.755,55632.0
2023-10-18,97.453,97.453,96.061,96.131,81078.0
2023-10-19,95.736,96.502,94.971,95.04,89278.0
2023-10-20,94.739,95.342,94.205,94.483,77919.0
2023-10-23,94.483,94.762,93.184,93.694,82761.0
2023-10-24,93.694,95.272,93.323,95.249,80533.0
2023-10-25,95.922,97.802,95.829,96.247,103148.0
2023-10-26,95.829,96.989,95.527,96.757,63454.0
2023-10-27,96.757,98.637,96.316,98.498,109102.0
2023-10-30,99.055,100.633,98.939,100.308,141533.0
2023-10-31,99.797,100.145,98.939,99.797,82154.0
2023-11-01,99.333,100.192,99.078,99.519,56807.0
2023-11-02,99.797,100.238,98.637,98.66,53815.0
2023-11-03,98.66,100.238,98.66,99.936,78823.0
2023-11-06,100.122,101.073,99.844,100.888,82912.0
2023-11-07,100.47,100.749,99.751,100.285,58003.0
2023-11-08,100.122,100.679,99.588,99.913,53425.0
2023-11-09,99.913,100.702,99.333,99.797,55146.0
2023-11-10,99.565,99.681,98.776,99.519,58304.0
2023-11-13,99.96,100.54,99.333,99.751,54201.0
2023-11-14,99.728,100.192,99.565,99.89,44049.0
2023-11-15,100.772,100.957,99.82,100.145,63375.0
2023-11-16,100.122,100.122,98.869,99.356,70690.0
2023-11-17,99.356,100.563,99.101,99.287,102914.0
2023-11-20,99.426,101.05,98.915,100.401,128208.0
2023-11-21,100.702,101.63,100.47,100.772,94319.0
2023-11-22,100.586,100.656,99.472,99.472,63964.0
2023-11-23,99.333,99.728,98.985,99.612,50048.0
2023-11-24,99.635,99.635,98.451,98.637,55901.0
2023-11-27,99.055,99.24,97.245,98.219,69556.0
2023-11-28,98.196,98.637,97.477,98.451,46656.0
2023-11-29,98.382,98.567,96.804,97.129,60868.0
2023-11-30,96.989,97.593,96.641,96.711,64327.0
2023-12-01,96.502,97.291,95.342,96.897,77388.0
2023-12-04,96.92,97.477,96.247,96.572,52127.0
2023-12-05,96.479,96.479,94.019,94.089,109868.0
2023-12-06,94.158,94.506,93.509,93.555,102778.0
2023-12-07,93.323,93.509,91.908,92.325,98390.0
2023-12-08,92.348,93.973,92.348,93.509,104624.0
2023-12-11,93.277,93.485,91.652,93.277,104445.0
2023-12-12,92.929,93.485,92.488,92.58,74281.0
2023-12-13,92.232,92.325,90.214,90.214,135643.0
2023-12-14,90.724,91.791,89.401,89.425,88364.0
2023-12-15,89.633,90.701,89.448,89.773,69259.0
2023-12-18,89.564,89.564,87.754,87.963,103633.0
2023-12-19,87.731,88.775,87.568,88.195,60670.0
2023-12-20,88.404,88.636,87.058,87.058,61622.0
2023-12-21,86.779,88.334,86.338,87.963,79232.0
2023-12-22,87.823,89.471,87.29,88.38,86852.0
2023-12-25,88.566,89.146,88.102,88.844,54888.0
2023-12-26,88.821,88.844,87.731,87.87,39063.0
2023-12-27,88.543,88.543,86.06,86.408,107710.0
2023-12-28,86.083,90.005,85.735,89.68,163589.0
2023-12-29,89.401,90.074,88.752,89.517,85934.0
2024-01-02,89.889,90.005,87.963,88.125,78461.0
2024-01-03,88.357,88.496,87.475,88.055,59841.0
2024-01-04,87.939,87.986,86.547,86.942,64908.0
2024-01-05,86.826,87.823,86.245,86.431,71675.0
2024-01-08,86.431,86.64,84.784,85.132,79582.0
2024-01-09,85.271,87.359,84.946,86.385,90921.0
2024-01-10,85.967,87.243,85.132,86.431,61955.0
2024-01-11,86.153,87.15,86.106,86.942,72952.0
2024-01-12,86.942,88.032,86.315,87.127,81696.0
2024-01-15,87.058,89.958,86.71,89.332,143209.0
2024-01-16,89.1,91.142,88.705,90.631,164940.0
2024-01-17,90.608,90.631,88.659,88.728,108013.0
2024-01-18,88.288,90.631,87.522,90.631,141197.0
2024-01-19,90.446,91.397,89.912,91.049,118062.0
2024-01-22,90.933,91.652,89.309,89.796,143469.0
2024-01-23,89.773,90.144,88.636,89.494,90281.0
2024-01-24,89.773,91.536,88.589,91.235,125404.0
2024-01-25,91.42,92.975,90.515,92.812,179143.0
2024-01-26,92.882,93.903,92.186,93.137,161497.0
2024-01-29,93.717,96.061,93.369,95.087,233709.0
2024-01-30,94.066,94.576,91.838,92.163,151875.0
2024-01-31,91.42,92.024,90.214,90.26,123727.0
2024-02-01,90.028,91.652,90.028,90.817,92262.0
2024-02-02,90.817,91.42,87.707,90.214,124729.0
2024-02-05,89.564,90.144,87.197,89.401,140895.0
2024-02-06,89.401,93.137,88.473,92.975,145442.0
2024-02-07,92.975,94.251,91.838,93.857,150413.0
2024-02-08,94.228,96.015,94.182,95.365,181273.0
2024-02-19,96.989,97.198,94.669,95.272,136715.0
2024-02-20,95.249,95.249,94.135,94.739,84899.0
2024-02-21,94.298,97.175,94.019,95.922,156102.0
2024-02-22,95.922,96.479,95.087,95.713,97584.0
2024-02-23,95.69,95.69,94.808,95.365,82279.0
2024-02-26,94.947,95.319,93.973,94.321,123986.0
2024-02-27,94.321,95.087,93.996,94.669,97945.0
2024-02-28,94.785,96.224,94.228,94.344,152194.0
2024-02-29,94.205,95.087,93.81,95.087,133146.0
2024-03-01,95.087,95.133,94.089,94.506,129227.0
2024-03-04,94.646,96.734,94.646,96.247,185424.0
2024-03-05,95.829,95.899,94.808,95.551,131368.0
2024-03-06,95.481,96.015,95.203,95.411,81827.0
2024-03-07,95.156,95.551,94.089,94.483,109499.0
2024-03-08,94.321,94.622,93.95,94.344,83054.0
2024-03-11,94.344,94.878,94.019,94.855,80694.0
2024-03-12,94.855,97.175,94.506,97.105,222421.0
2024-03-13,96.757,97.662,96.479,97.036,109491.0
2024-03-14,97.384,100.401,97.221,99.542,257100.0
2024-03-15,99.751,100.47,99.078,99.681,144016.0
2024-03-18,99.472,101.282,98.846,100.818,133227.0
2024-03-19,100.818,100.818,99.542,99.588,100509.0
2024-03-20,99.658,99.89,99.008,99.008,78736.0
2024-03-21,99.078,99.542,97.987,98.173,104570.0
2024-03-22,98.544,98.73,97.477,97.918,103716.0
2024-03-25,97.639,99.031,97.198,98.057,79747.0
2024-03-26,98.057,98.521,96.224,96.781,112795.0
2024-03-27,96.757,96.85,94.692,94.692,117170.0
2024-03-28,94.46,96.734,94.437,96.2,103824.0
2024-03-29,95.899,97.894,95.458,97.593,102926.0
2024-04-01,98.126,98.799,97.291,98.498,92109.0
2024-04-02,98.521,99.658,98.15,98.707,110159.0
2024-04-03,99.008,99.658,98.591,98.683,85648.0
2024-04-08,98.521,98.707,97.221,97.5,98591.0
2024-04-09,97.477,99.24,96.757,96.989,109359.0
2024-04-10,96.641,97.732,96.108,96.827,75745.0
2024-04-11,96.827,97.198,96.224,96.897,60387.0
2024-04-12,97.013,97.43,95.644,95.713,85813.0
2024-04-15,95.945,98.451,95.713,98.312,128160.0
2024-04-16,98.544,99.356,97.825,97.941,138257.0
2024-04-17,97.57,98.962,96.943,98.915,94785.0
2024-04-18,98.544,99.89,98.521,98.799,113963.0
2024-04-19,98.521,98.521,97.245,97.686,95912.0
2024-04-22,97.686,98.962,97.57,98.799,85155.0
2024-04-23,98.799,98.939,97.686,98.034,90998.0
2024-04-24,98.057,98.544,97.337,98.103,74419.0
2024-04-25,98.103,99.774,97.918,99.287,121111.0
2024-04-26,99.287,100.47,98.915,100.47,143255.0
2024-04-29,100.517,100.795,99.403,100.772,182103.0
2024-04-30,99.031,101.004,97.43,100.795,229962.0
2024-05-06,101.282,101.306,100.122,100.377,173852.0
2024-05-07,100.609,100.609,99.217,100.006,119090.0
2024-05-08,99.797,100.192,99.449,99.704,60040.0
2024-05-09,99.658,100.122,99.542,99.751,77178.0
2024-05-10,99.82,99.936,98.869,99.287,84237.0
2024-05-13,98.892,99.635,98.173,99.171,73049.0
2024-05-14,98.985,99.472,98.707,98.939,57556.0
2024-05-15,98.637,98.683,97.662,97.686,101939.0
2024-05-16,97.732,97.848,96.27,96.409,132740.0
2024-05-17,96.177,97.918,96.038,97.894,107084.0
2024-05-20,98.034,99.217,97.732,98.846,112773.0
2024-05-21,98.776,98.799,97.314,97.546,90067.0
2024-05-22,97.639,98.219,97.361,98.01,53653.0
2024-05-23,97.825,97.825,96.316,96.502,82720.0
2024-05-24,96.293,97.036,96.154,96.363,63802.0
2024-05-27,96.432,96.641,95.968,96.479,45625.0
2024-05-28,96.432,96.479,94.878,95.087,81060.0
2024-05-29,95.133,95.62,94.646,95.203,51412.0
2024-05-30,94.924,95.295,94.553,94.994,44739.0
2024-05-31,94.878,95.411,94.019,94.089,95497.0
2024-06-03,93.903,93.926,92.743,93.671,90478.0
2024-06-04,93.3,93.671,92.975,93.485,91575.0
2024-06-05,93.277,94.367,93.207,93.81,74891.0
2024-06-06,93.88,94.019,92.395,92.58,80435.0
2024-06-07,92.952,92.975,91.42,92.812,109048.0
2024-06-11,92.859,93.253,92.348,92.975,51743.0
2024-06-12,93.091,93.184,91.884,91.884,81989.0
2024-06-13,91.652,91.977,90.098,90.469,114654.0
2024-06-14,90.26,91.165,89.935,90.91,78157.0
2024-06-17,90.446,91.606,90.422,91.235,51231.0
2024-06-18,91.281,92.905,91.281,92.65,72101.0
2024-06-19,92.789,92.998,91.629,91.768,46565.0
2024-06-20,91.443,92.047,90.098,90.098,56143.0
2024-06-21,90.028,90.492,88.543,89.332,85802.0
2024-06-24,88.891,89.169,88.171,88.473,74071.0
2024-06-25,88.728,89.1,87.29,87.754,76339.0
2024-06-26,87.754,88.612,87.197,88.45,61482.0
2024-06-27,88.334,88.45,87.591,87.707,43340.0
2024-06-28,87.707,88.96,87.406,88.288,64446.0
2024-07-01,88.218,89.541,88.171,89.053,58807.0
2024-07-02,88.798,89.865,88.38,89.332,62250.0
2024-07-03,89.425,92.325,88.868,91.397,152178.0
2024-07-04,90.886,90.91,89.796,90.028,92780.0
2024-07-05,89.61,90.608,89.378,89.842,70353.0
2024-07-08,89.842,90.399,88.543,88.775,58780.0
2024-07-09,89.564,92.0,89.309,91.884,172432.0
2024-07-10,91.559,93.091,91.211,92.279,115872.0
2024-07-11,93.021,93.903,92.534,93.694,123230.0
2024-07-12,93.625,94.321,93.045,93.787,88935.0
2024-07-15,93.3,94.158,93.068,93.462,65878.0
2024-07-16,93.23,94.042,92.882,93.764,62967.0
2024-07-17,93.926,95.435,93.764,95.017,125765.0
2024-07-18,94.808,95.226,93.996,94.785,92153.0
2024-07-19,94.483,96.618,94.367,96.386,131060.0
2024-07-22,96.316,97.5,96.131,96.549,114470.0
2024-07-23,97.129,97.129,95.295,95.319,92268.0
2024-07-24,95.319,95.713,94.251,94.506,95013.0
2024-07-25,94.576,96.038,94.344,95.574,82525.0
2024-07-26,95.713,96.108,94.669,95.133,70980.0
2024-07-29,94.994,94.994,92.163,92.511,186111.0
2024-07-30,91.931,92.743,91.815,92.279,67035.0
2024-07-31,92.279,94.135,92.256,93.973,99151.0
2024-08-01,93.973,94.089,93.114,93.578,65090.0
2024-08-02,93.161,94.019,92.975,93.393,49362.0
2024-08-05,93.393,95.829,93.114,94.298,137039.0
2024-08-06,94.46,95.806,93.532,94.321,87485.0
2024-08-07,93.903,94.321,93.601,93.601,39993.0
2024-08-08,93.578,93.903,92.836,93.346,48049.0
2024-08-09,93.694,93.973,92.627,92.627,45866.0
2024-08-12,92.627,92.952,92.232,92.395,34560.0
2024-08-13,92.488,92.604,91.258,92.256,39040.0
2024-08-14,92.302,92.395,91.165,91.327,43871.0
2024-08-15,91.235,93.23,91.235,93.207,71582.0
2024-08-16,93.161,93.253,92.186,92.673,54970.0
2024-08-19,92.464,92.464,90.422,91.652,98152.0
2024-08-20,91.629,91.977,91.281,91.536,47712.0
2024-08-21,90.933,91.977,90.794,91.467,45013.0
2024-08-22,91.235,91.583,89.517,89.796,71881.0
2024-08-23,89.819,90.631,89.378,90.422,31700.0
2024-08-26,90.422,90.956,89.842,90.446,29787.0
2024-08-27,90.399,90.446,89.285,89.494,33734.0
2024-08-28,89.796,90.283,88.96,89.076,38867.0
2024-08-29,88.798,89.703,88.728,89.494,43481.0
2024-08-30,89.378,91.304,89.378,90.608,82547.0
2024-09-02,90.562,90.585,88.473,88.566,76863.0
2024-09-03,88.45,89.146,88.032,88.868,38249.0
2024-09-04,88.52,89.169,88.427,88.752,35115.0
2024-09-05,88.543,89.332,88.543,89.285,41721.0
2024-09-06,89.494,89.541,88.844,89.007,27540.0
2024-09-09,88.264,89.03,87.22,87.638,59662.0
2024-09-10,87.638,87.939,85.549,86.686,68015.0
2024-09-11,86.57,86.756,85.573,86.199,42865.0
2024-09-12,86.338,86.478,85.665,85.828,36397.0
2024-09-13,85.897,86.083,85.387,85.41,34088.0
2024-09-18,85.41,85.619,82.974,84.134,75492.0
2024-09-19,84.575,86.338,83.832,85.642,73804.0
2024-09-20,85.387,86.501,84.923,85.897,51080.0
2024-09-23,85.897,86.292,85.573,85.944,37916.0
2024-09-24,86.501,88.868,86.222,88.868,109937.0
2024-09-25,89.285,90.817,89.007,89.378,122921.0
2024-09-26,89.355,92.65,89.007,92.557,139788.0
2024-09-27,93.277,97.245,93.253,96.804,184755.0
2024-09-30,99.82,103.974,98.776,103.116,497480.0
2024-10-08,111.469,112.026,100.215,104.299,625072.0
2024-10-09,102.721,102.721,96.293,96.316,348016.0
2024-10-10,96.525,98.892,95.76,97.268,205149.0
2024-10-11,97.245,97.964,95.203,95.806,138841.0
2024-10-14,95.806,96.2,94.089,95.411,157292.0
2024-10-15,95.365,96.015,94.205,94.205,107142.0
2024-10-16,93.648,94.437,92.905,93.462,101710.0
2024-10-17,93.509,93.88,92.58,92.696,98392.0
2024-10-18,92.696,95.806,92.093,94.715,167833.0
2024-10-21,95.249,96.34,94.344,95.133,154094.0
2024-10-22,95.133,95.504,94.414,95.411,106117.0
2024-10-23,95.458,96.966,95.203,96.572,144258.0
2024-10-24,96.409,96.873,95.226,95.388,85350.0
2024-10-25,95.411,96.409,95.411,95.922,100010.0
2024-10-28,95.968,96.85,95.644,96.711,97536.0
2024-10-29,97.013,97.198,95.551,95.806,107614.0
2024-10-30,95.411,96.27,95.063,95.783,86151.0
2024-10-31,95.504,95.504,94.019,95.087,130819.0
2024-11-01,95.087,95.342,94.066,94.994,120406.0
2024-11-04,94.994,95.411,94.669,95.411,89770.0
2024-11-05,95.435,96.92,94.947,96.897,162008.0
2024-11-06,96.804,97.732,96.432,96.85,147314.0
2024-11-07,96.34,99.31,96.247,99.287,210152.0
2024-11-08,100.052,100.261,98.358,98.73,169743.0
2024-11-11,98.196,99.24,97.894,98.869,123965.0
2024-11-12,98.683,100.029,97.918,98.312,180779.0
2024-11-13,98.057,99.263,97.848,98.451,111731.0
2024-11-14,98.451,98.567,97.5,97.523,109581.0
2024-11-15,97.453,99.751,97.268,98.173,146889.0
2024-11-18,98.173,99.472,97.57,97.918,154678.0
2024-11-19,98.15,98.358,96.27,97.407,125596.0
2024-11-20,97.268,98.08,96.688,97.546,82804.0
2024-11-21,97.5,97.894,96.572,97.105,75640.0
2024-11-22,96.827,97.5,94.739,94.762,107780.0
2024-11-25,94.274,96.084,93.137,93.903,132558.0
2024-11-26,93.903,95.411,93.671,94.135,91308.0
2024-11-27,94.135,94.715,93.578,94.692,85995.0
2024-11-28,94.715,95.295,94.367,94.762,73264.0
2024-11-29,94.692,95.481,94.53,94.971,84509.0
2024-12-02,95.063,97.384,95.04,96.781,124382.0
2024-12-03,96.502,97.245,96.154,96.734,64549.0
2024-12-04,96.711,96.873,95.179,95.365,71160.0
2024-12-05,95.063,95.527,94.994,95.179,48589.0
2024-12-06,95.319,96.479,95.319,96.386,78209.0
2024-12-09,96.108,97.453,96.061,96.409,101477.0
2024-12-10,98.196,98.776,96.456,96.549,157390.0
2024-12-11,96.34,97.245,96.34,97.129,71552.0
2024-12-12,97.152,97.848,96.827,97.848,105451.0
2024-12-13,97.43,97.732,96.757,96.873,115120.0
2024-12-16,97.221,97.384,95.62,95.899,69975.0
2024-12-17,95.922,96.316,95.017,95.11,80416.0
2024-12-18,95.597,95.829,94.622,94.855,72148.0
2024-12-19,94.739,94.762,92.975,93.926,118873.0
2024-12-20,93.903,94.437,93.601,94.042,60419.0
2024-12-23,94.878,96.409,94.321,94.414,106222.0
2024-12-24,94.414,95.551,94.042,95.458,76277.0
2024-12-25,95.411,95.992,94.762,95.876,80649.0
2024-12-26,95.876,96.2,95.04,95.087,68780.0
2024-12-27,95.133,96.015,94.924,95.736,66404.0
2024-12-30,95.551,95.852,94.599,94.739,84584.0
2024-12-31,94.785,94.924,93.161,93.207,109295.0
2025-01-02,93.439,93.717,90.747,91.258,143280.0
2025-01-03,91.467,91.606,90.538,90.77,83527.0
2025-01-06,90.794,91.351,90.353,90.77,79489.0
2025-01-07,90.77,91.049,89.587,90.562,85961.0
2025-01-08,90.538,90.678,89.471,90.26,59591.0
2025-01-09,90.283,90.376,89.633,89.773,54480.0
2025-01-10,89.912,90.492,89.076,89.076,53988.0
2025-01-13,88.775,89.355,88.636,89.146,51902.0
2025-01-14,89.146,91.165,89.1,91.026,88977.0
2025-01-15,90.886,91.652,90.724,91.327,67652.0
2025-01-16,91.467,92.093,90.654,91.003,60144.0
2025-01-17,90.77,91.652,90.585,91.003,48870.0
2025-01-20,91.536,92.116,90.678,90.747,69548.0
2025-01-21,91.165,91.467,90.724,91.003,43304.0
2025-01-22,91.119,91.652,90.84,91.304,65227.0
2025-01-23,91.699,92.302,91.095,91.119,75792.0
2025-01-24,90.886,91.42,90.631,91.327,73202.0
2025-01-27,91.374,91.815,90.863,90.91,70232.0
2025-02-05,91.351,91.443,90.33,90.562,60140.0
2025-02-06,90.33,91.003,89.865,90.817,63477.0
2025-02-07,90.817,91.513,90.492,91.235,88445.0
2025-02-10,91.211,91.861,90.956,91.652,85420.0
2025-02-11,91.652,91.791,90.562,90.608,86807.0
2025-02-12,90.562,90.724,90.167,90.631,73442.0
2025-02-13,90.538,90.91,90.422,90.562,80397.0
2025-02-14,90.492,90.724,90.005,90.515,77365.0
2025-02-17,90.515,90.654,90.19,90.306,82433.0
2025-02-18,90.306,90.399,89.517,89.61,89005.0
2025-02-19,89.587,89.773,89.1,89.494,78601.0
2025-02-20,89.378,89.726,88.96,89.494,64629.0
2025-02-21,89.448,90.051,89.332,89.889,89566.0
2025-02-24,89.912,90.492,89.703,90.167,103519.0
2025-02-25,89.749,89.842,89.146,89.309,98346.0
2025-02-26,89.378,89.494,88.96,89.425,72270.0
2025-02-27,89.378,90.26,89.332,90.098,108591.0
2025-02-28,89.842,90.283,89.03,89.355,89884.0
2025-03-03,89.355,89.564,88.96,89.1,71499.0
2025-03-04,88.914,89.146,88.705,89.146,50308.0
2025-03-05,89.146,89.262,88.566,88.821,62997.0
2025-03-06,89.007,89.1,88.45,89.03,95286.0
2025-03-07,88.891,89.053,88.52,88.659,80591.0
2025-03-10,88.659,88.705,88.357,88.543,66433.0
2025-03-11,88.241,88.728,88.171,88.728,74157.0
2025-03-12,88.891,88.937,88.473,88.52,65526.0
2025-03-13,88.589,88.728,88.125,88.264,82779.0
2025-03-14,88.288,89.332,88.241,89.309,125953.0
2025-03-17,89.564,90.399,89.564,89.819,108577.0
2025-03-18,89.865,90.098,89.61,89.749,60256.0
2025-03-19,89.749,90.005,89.332,89.541,64848.0
2025-03-20,89.425,89.773,89.239,89.332,52512.0
2025-03-21,89.355,90.005,88.914,89.076,90071.0
2025-03-24,89.03,89.68,88.844,89.309,68340.0
2025-03-25,89.355,90.376,88.844,90.214,100635.0
2025-03-26,90.214,90.306,89.773,89.819,63660.0
2025-03-27,89.819,90.005,89.494,89.842,51383.0
2025-03-28,89.865,89.958,89.262,89.378,50251.0
2025-03-31,89.61,90.028,88.844,88.984,68170.0
2025-04-01,89.1,89.703,88.891,89.61,62203.0
2025-04-02,89.564,89.587,88.821,89.123,67362.0
2025-04-03,88.705,89.61,88.682,89.1,66728.0
2025-04-07,86.594,87.475,82.834,85.108,248833.0
2025-04-08,84.737,87.359,84.691,87.359,173843.0
2025-04-09,86.826,91.675,85.921,90.91,289219.0
2025-04-10,91.003,91.165,88.914,90.585,227229.0
2025-04-11,90.144,90.167,89.494,89.749,100467.0
2025-04-14,89.657,90.028,89.564,89.726,74275.0
2025-04-15,89.517,89.61,88.334,88.636,93785.0
2025-04-16,88.38,89.842,88.241,89.842,113797.0
2025-04-17,89.633,90.422,89.239,90.422,93035.0
2025-04-18,90.074,90.074,89.169,89.425,57865.0
2025-04-21,89.425,89.61,88.728,89.146,48996.0
2025-04-22,89.053,89.378,88.798,88.937,43923.0
2025-04-23,89.03,89.285,88.38,88.404,60452.0
2025-04-24,88.473,88.868,88.311,88.427,43646.0
2025-04-25,88.404,88.891,88.311,88.821,48732.0
2025-04-28,88.96,89.146,88.52,88.636,56597.0
2025-04-29,88.636,88.682,88.264,88.404,48357.0
2025-04-30,88.334,88.728,87.939,88.45,53208.0
2025-05-06,88.612,89.262,88.496,88.798,69014.0
2025-05-07,89.378,89.471,88.612,89.007,88014.0
2025-05-08,88.636,89.076,88.334,88.96,51277.0
2025-05-09,88.937,89.03,88.404,88.404,51070.0
2025-05-12,88.636,88.798,88.357,88.798,68743.0
2025-05-13,89.03,89.285,88.798,88.798,72753.0
2025-05-14,88.52,89.517,88.427,89.517,96954.0
2025-05-15,89.494,90.26,89.332,89.61,99743.0
2025-05-16,89.819,89.842,89.123,89.494,54668.0
2025-05-19,89.494,89.958,89.169,89.773,57456.0
2025-05-20,89.796,90.051,89.355,89.773,56731.0
2025-05-21,89.657,90.051,89.425,89.842,65069.0
2025-05-22,89.796,90.26,89.749,90.051,70563.0
2025-05-23,90.028,90.26,89.123,89.123,68077.0
2025-05-26,89.076,89.726,88.891,89.517,50105.0
2025-05-27,89.355,90.098,89.355,89.541,54799.0
2025-05-28,89.703,89.842,89.169,89.633,47385.0
2025-05-29,89.726,89.935,89.169,89.448,57153.0
2025-05-30,89.262,89.657,89.053,89.053,48133.0
2025-06-03,89.03,89.448,88.752,89.378,57060.0
2025-06-04,89.355,89.494,88.984,89.401,56634.0
2025-06-05,89.378,89.819,89.262,89.309,67317.0
2025-06-06,89.309,89.425,88.798,89.1,68578.0
2025-06-09,89.1,89.61,88.984,89.517,60421.0
2025-06-10,89.494,89.61,88.984,89.1,57168.0
2025-06-11,89.146,90.19,88.984,90.028,93975.0
2025-06-12,89.633,89.981,89.262,89.378,66081.0
2025-06-13,88.96,89.262,88.38,88.404,98473.0
2025-06-16,88.357,88.404,87.777,88.032,62977.0
2025-06-17,87.986,88.264,87.568,87.731,67676.0
2025-06-18,87.754,87.823,87.058,87.197,70569.0
2025-06-19,87.081,87.406,86.547,86.663,52501.0
2025-06-20,86.733,87.267,86.663,86.779,40900.0
2025-06-23,86.547,86.918,86.06,86.57,58363.0
2025-06-24,87.034,87.638,86.965,87.475,71769.0
2025-06-25,87.475,87.8,87.243,87.754,64053.0
2025-06-26,87.731,87.893,87.429,87.684,44956.0
2025-06-27,87.522,87.87,87.429,87.684,53769.0
2025-06-30,87.754,87.847,87.429,87.684,52852.0
2025-07-01,87.777,87.777,87.22,87.313,59813.0
2025-07-02,87.313,87.406,87.011,87.174,40316.0
2025-07-03,87.197,87.429,87.127,87.406,36651.0
2025-07-04,87.475,87.661,87.22,87.22,60863.0
2025-07-07,87.243,87.383,86.918,87.011,49452.0
2025-07-08,87.011,87.29,86.965,87.267,50887.0
2025-07-09,87.29,87.707,87.104,87.499,62322.0
2025-07-10,87.522,87.8,87.313,87.591,67584.0
2025-07-11,87.591,88.334,87.522,87.522,123695.0
2025-07-14,87.661,88.38,87.638,87.823,86676.0
2025-07-15,87.87,88.032,87.313,87.591,69604.0
2025-07-16,87.591,87.893,87.522,87.731,43374.0
2025-07-17,87.615,87.87,87.591,87.823,45495.0
2025-07-18,87.8,88.566,87.8,88.543,88990.0
2025-07-21,88.566,88.728,88.288,88.636,77471.0
2025-07-22,88.659,89.146,88.636,89.123,103911.0
2025-07-23,89.285,89.935,89.123,89.169,133575.0
2025-07-24,89.193,91.211,89.03,91.072,265382.0
2025-07-25,91.049,91.049,89.935,89.981,166574.0
2025-07-28,90.121,90.399,89.564,89.912,95097.0
2025-07-29,89.912,90.26,89.285,89.494,86648.0
2025-07-30,89.633,90.214,89.448,89.773,83160.0
2025-07-31,89.61,89.726,88.45,88.636,110876.0
2025-08-01,88.473,89.007,88.38,88.543,65497.0
2025-08-04,88.543,88.705,88.195,88.473,67409.0
2025-08-05,88.566,89.053,88.45,89.007,66546.0
2025-08-06,89.053,89.053,88.612,88.752,72493.0
2025-08-07,88.798,89.03,88.589,88.844,75650.0
2025-08-08,89.03,89.03,88.38,88.705,56747.0
2025-08-11,88.682,89.007,88.496,88.682,78459.0
2025-08-12,88.682,88.891,88.45,88.543,90694.0
2025-08-13,88.612,88.868,88.404,88.52,109434.0
2025-08-14,88.612,88.798,88.357,88.589,104795.0
2025-08-15,88.38,88.984,88.009,88.45,127507.0
2025-08-18,88.566,89.564,88.566,88.612,176103.0
2025-08-19,88.798,89.146,88.612,88.612,118857.0
2025-08-20,88.636,89.587,88.357,89.587,142311.0
2025-08-21,89.842,90.515,89.726,90.005,155805.0
2025-08-22,90.074,90.121,89.587,90.074,114999.0
2025-08-25,90.376,90.747,90.121,90.747,152928.0
2025-08-26,90.585,91.884,90.214,91.583,210368.0
2025-08-27,91.351,91.791,90.098,90.121,191184.0
2025-08-28,90.098,91.119,89.61,90.422,158960.0
2025-08-29,90.422,91.583,89.541,89.657,229443.0
2025-09-01,89.842,90.492,89.309,89.749,187474.0
2025-09-02,89.773,89.935,88.984,89.309,128108.0
2025-09-03,89.448,89.749,88.264,88.798,157538.0
2025-09-04,88.636,88.705,87.939,88.288,135957.0
2025-09-05,88.45,88.775,88.171,88.728,114355.0
2025-09-08,88.752,90.237,88.728,90.214,186211.0
2025-09-09,90.005,90.121,89.448,89.796,78714.0
2025-09-10,89.564,89.889,89.216,89.285,73843.0
2025-09-11,89.239,89.494,88.728,89.471,107035.0
2025-09-12,89.355,89.935,88.891,89.1,107409.0
2025-09-15,89.053,89.425,88.984,89.1,74811.0
2025-09-16,89.169,89.494,88.868,89.053,80134.0
2025-09-17,89.262,90.167,88.914,89.819,131697.0
2025-09-18,89.749,89.796,88.52,88.775,146164.0
2025-09-19,89.123,89.726,88.682,89.61,133497.0
2025-09-22,89.633,89.749,88.728,89.03,105554.0
2025-09-23,88.96,88.984,87.939,88.636,116547.0
2025-09-24,88.589,88.798,88.334,88.752,68678.0
2025-09-25,88.752,88.752,87.986,88.288,105102.0
2025-09-26,88.171,88.404,87.916,88.125,74414.0
2025-09-29,88.032,88.752,87.661,88.659,121398.0
2025-09-30,88.473,88.844,88.195,88.659,84105.0
2025-10-09,88.659,88.868,87.847,88.798,123015.0
2025-10-10,88.636,89.007,88.264,88.636,92476.0
2025-10-13,87.568,88.334,87.243,87.8,117448.0
2025-10-14,87.916,88.473,87.754,87.963,99849.0
2025-10-15,87.777,88.636,87.754,88.636,91362.0
2025-10-16,88.636,88.821,88.264,88.473,66068.0
2025-10-17,88.566,88.984,87.777,87.823,95067.0
2025-10-20,88.38,88.38,87.545,88.079,84606.0
2025-10-21,88.334,88.334,87.823,88.009,69771.0
2025-10-22,87.893,87.939,87.638,87.707,63660.0
2025-10-23,87.684,88.055,87.545,87.963,61307.0
2025-10-24,87.963,88.195,87.777,87.939,51845.0
2025-10-27,87.939,88.079,87.823,87.939,71667.0
2025-10-28,88.055,88.52,87.916,88.241,82529.0
2025-10-29,88.241,88.496,88.009,88.473,71234.0
2025-10-30,88.311,89.169,88.264,88.636,97134.0
2025-10-31,89.285,90.33,88.914,90.074,224201.0
2025-11-03,89.749,90.098,89.517,89.958,108070.0
2025-11-04,90.028,90.654,89.355,89.587,115775.0
2025-11-05,89.216,90.422,88.775,89.981,139108.0
2025-11-06,89.981,90.167,89.285,89.471,100391.0
2025-11-07,89.401,90.214,89.309,89.935,81704.0
2025-11-10,90.098,92.604,89.657,92.325,355283.0
2025-11-11,92.024,93.462,91.884,92.952,288005.0
2025-11-12,93.161,95.574,93.161,93.95,304781.0
2025-11-13,93.694,95.388,93.532,95.319,264203.0
2025-11-14,95.179,96.177,94.344,94.576,195629.0
2025-11-17,93.671,93.741,92.72,93.091,179404.0
2025-11-18,93.393,93.555,91.699,92.047,149531.0
2025-11-19,92.395,92.488,90.794,90.886,140399.0
2025-11-20,91.142,91.629,90.678,90.747,116852.0
2025-11-21,90.214,91.049,89.401,89.425,155267.0
2025-11-24,89.517,89.889,88.311,88.334,175756.0
2025-11-25,88.496,88.798,88.241,88.357,143306.0
2025-11-26,88.589,89.123,88.427,88.798,110109.0
2025-11-27,88.798,88.891,88.241,88.566,80459.0
2025-11-28,88.334,88.682,88.125,88.612,67791.0
2025-12-01,88.264,89.262,88.009,89.146,147958.0
2025-12-02,89.007,89.076,88.543,89.007,72222.0
2025-12-03,89.03,89.657,88.705,89.448,96095.0
2025-12-04,89.401,89.564,88.844,89.146,74667.0
2025-12-05,88.937,89.146,88.566,88.96,69837.0
2025-12-08,89.401,89.912,88.96,89.749,111337.0
2025-12-09,89.935,89.935,88.984,89.03,80700.0
2025-12-10,89.007,90.515,88.937,90.306,147300.0
2025-12-11,89.981,90.353,89.355,89.425,91858.0
2025-12-12,89.123,89.146,86.686,87.127,370270.0
2025-12-15,86.408,87.197,86.408,86.501,115439.0
2025-12-16,86.431,86.965,86.06,86.454,102341.0
2025-12-17,86.733,87.29,86.176,86.872,89596.0
2025-12-18,88.937,92.093,88.705,91.977,505923.0
2025-12-19,91.791,93.393,91.258,93.045,358457.0
2025-12-22,93.416,93.996,92.696,92.743,254382.0
2025-12-23,92.743,93.23,91.954,92.186,189792.0
2025-12-24,91.954,93.648,91.722,93.23,196601.0
2025-12-25,92.998,94.414,92.998,93.532,144965.0
2025-12-26,93.23,93.834,92.209,92.604,125444.0
2025-12-29,92.604,93.532,92.441,92.627,107473.0
2025-12-30,92.418,92.72,90.585,91.235,157596.0
2025-12-31,91.026,91.397,90.33,91.165,99390.0
2026-01-05,91.165,91.188,90.608,91.026,117436.0
2026-01-06,91.049,91.699,90.608,91.652,121013.0
2026-01-07,91.745,91.861,91.165,91.281,113543.0
2026-01-08,91.304,91.745,90.979,91.327,100056.0
2026-01-09,91.467,91.791,90.84,91.003,115669.0
2026-01-12,90.747,91.119,90.376,90.654,140754.0
2026-01-13,91.142,92.163,90.515,90.631,206797.0
2026-01-14,90.608,90.979,88.96,89.053,285915.0
2026-01-15,88.984,89.865,88.752,88.96,123350.0
2026-01-16,89.123,89.262,87.754,87.986,192590.0
2026-01-19,87.986,89.169,87.939,88.752,135771.0
2026-01-20,88.752,90.446,88.636,90.26,206947.0
2026-01-21,90.26,90.26,89.123,89.309,134099.0
2026-01-22,89.355,90.074,88.543,88.589,209704.0
2026-01-23,88.705,89.1,87.777,87.893,304273.0
2026-01-26,88.009,88.38,87.15,87.197,309900.0
2026-01-27,87.174,87.406,86.733,86.942,183687.0
2026-01-28,86.849,87.058,86.106,86.153,268234.0
2026-01-29,86.083,87.267,85.619,86.965,196826.0
2026-01-30,86.965,87.267,86.176,86.617,140727.0
2026-02-02,86.385,87.243,85.921,85.944,164466.0
2026-02-03,86.199,86.501,85.201,86.013,180741.0
2026-02-04,85.758,87.545,85.619,87.522,301050.0
2026-02-05,87.499,87.963,86.988,87.638,183104.0
2026-02-06,87.197,87.638,86.802,86.942,147713.0
2026-02-09,87.127,87.8,86.872,87.684,124988.0
2026-02-10,87.661,87.847,87.243,87.777,91439.0
2026-02-11,87.87,87.893,87.359,87.661,76255.0
2026-02-12,87.545,87.615,87.058,87.127,96374.0
2026-02-13,87.127,87.313,86.454,86.501,92659.0
2026-02-24,86.849,87.011,86.362,86.454,102677.0
2026-02-25,86.408,86.779,86.153,86.199,114631.0
2026-02-26,86.222,86.362,85.897,85.897,113042.0
2026-02-27,85.897,86.06,85.781,85.944,67120.0
2026-03-02,85.132,85.178,84.528,84.668,183559.0
2026-03-03,84.691,85.178,84.528,84.575,122516.0
2026-03-04,84.25,84.25,83.136,83.206,139194.0
2026-03-05,83.577,83.879,83.275,83.322,79213.0
2026-03-06,83.577,84.064,83.229,84.041,84274.0
2026-03-09,83.298,83.322,82.486,82.742,123958.0
2026-03-10,83.159,83.461,83.136,83.368,77028.0
2026-03-11,83.368,83.53,83.066,83.206,77780.0
2026-03-12,83.206,83.391,82.927,83.298,61652.0
2026-03-13,83.043,83.461,82.834,83.066,77603.0
2026-03-16,83.066,83.414,82.834,83.345,74888.0
2026-03-17,83.461,84.273,83.438,83.577,92284.0
2026-03-18,83.53,83.554,82.95,83.206,68081.0
2026-03-19,82.695,82.904,82.533,82.626,79439.0
2026-03-20,82.649,82.788,81.28,81.604,125249.0
2026-03-23,80.862,80.862,78.263,78.657,195245.0
2026-03-24,79.098,79.307,78.449,79.191,84269.0
2026-03-25,79.377,80.096,79.238,80.073,76418.0
2026-03-26,80.073,80.537,79.122,79.168,68388.0
2026-03-27,78.75,79.562,78.681,79.423,67275.0
2026-03-30,78.773,79.586,78.472,79.493,66562.0
2026-03-31,79.423,80.212,79.191,79.238,72659.0
2026-04-01,79.887,80.398,79.562,80.398,70366.0
2026-04-02,80.143,80.398,79.539,79.841,60958.0
2026-04-03,79.841,79.841,79.214,79.4,38083.0
2026-04-07,79.4,79.586,78.889,78.959,41602.0
2026-04-08,80.119,80.769,79.98,80.328,105687.0
2026-04-09,79.887,79.911,79.238,79.562,69447.0
2026-04-10,79.678,79.841,79.168,79.238,99751.0
2026-04-13,78.727,78.82,78.309,78.495,99733.0
2026-04-14,78.681,78.936,78.217,78.936,90843.0
2026-04-15,79.168,79.493,78.657,78.727,81880.0
2026-04-16,78.704,78.913,78.541,78.797,51255.0
2026-04-17,78.727,78.75,78.24,78.379,66937.0
2026-04-20,78.425,79.145,78.217,78.936,68875.0
2026-04-21,78.936,79.307,78.611,78.75,55581.0
2026-04-22,78.634,78.936,78.541,78.681,44416.0
2026-04-23,78.704,78.843,78.286,78.309,75727.0
2026-04-24,78.309,78.309,77.822,77.892,82491.0
2026-04-27,77.892,78.379,77.613,78.124,73443.0
2026-04-28,78.054,78.449,77.938,78.147,71392.0
2026-04-29,78.147,78.727,77.938,78.704,77059.0
2026-04-30,78.727,78.82,78.17,78.356,87647.0
2026-05-06,78.286,78.727,77.799,78.681,132010.0
2026-05-07,78.82,79.609,78.402,78.402,144430.0
2026-05-08,78.309,78.379,78.101,78.24,97042.0
2026-05-11,78.217,78.449,77.822,78.333,110614.0
2026-05-12,78.333,78.379,77.822,77.822,100455.0
2026-05-13,77.845,77.938,77.335,77.404,119950.0
2026-05-14,77.381,77.799,76.453,76.685,114561.0
2026-05-15,76.685,76.987,75.618,75.641,134378.0
2026-05-18,75.548,75.548,74.202,74.481,123552.0
2026-05-19,74.434,74.898,74.411,74.805,68773.0
2026-05-20,74.62,75.246,73.599,74.898,117646.0
2026-05-21,75.037,75.896,74.504,74.55,120127.0
2026-05-22,74.504,74.666,73.483,73.622,106885.0
2026-05-25,74.272,75.107,73.877,74.434,105658.0
2026-05-26,74.086,75.153,73.924,74.573,101619.0
2026-05-27,74.272,74.272,72.972,74.086,158679.0
2026-05-28,73.854,74.156,72.856,72.879,123254.0
2026-05-29,72.81,74.527,72.74,73.32,225328.0
2026-06-01,73.297,73.576,72.508,72.787,174597.0
2026-06-02,72.624,72.624,71.487,71.65,164615.0
2026-06-03,71.487,71.487,70.095,70.35,195961.0
2026-06-04,69.909,70.327,68.842,69.422,196921.0
2026-06-05,69.584,70.698,69.584,70.002,145962.0
2026-06-08,69.491,69.979,68.331,68.54,143917.0
2026-06-09,68.586,70.373,68.54,70.188,159428.0
2026-06-10,69.747,70.721,69.747,70.42,113301.0
2026-06-11,70.072,70.373,69.329,69.584,83910.0
2026-06-12,70.072,72.346,69.932,71.487,198035.0
2026-06-15,71.951,72.439,71.0,71.301,131838.0
2026-06-16,71.301,71.348,70.164,70.35,83784.0
2026-06-17,70.35,70.721,69.7,69.909,70370.0
2026-06-18,69.724,69.909,68.749,68.888,83623.0
2026-06-22,68.772,69.561,67.357,69.306,152589.0
2026-06-23,69.283,70.048,68.192,68.424,135254.0
2026-06-24,68.424,68.911,67.264,67.449,114784.0
2026-06-25,67.449,69.584,67.357,69.213,177624.0
2026-06-26,68.981,69.909,68.285,68.981,150250.0
2026-06-29,68.888,69.793,67.473,69.19,148033.0
2026-06-30,69.051,69.259,68.285,68.749,98577.0
2026-07-01,68.888,70.652,68.424,70.118,134931.0
2026-07-02,70.28,70.698,68.981,69.19,156594.0
2026-07-03,69.515,69.84,68.447,68.935,150354.0
2026-07-06,68.795,70.188,68.703,69.7,129892.0
2026-07-07,69.7,69.84,68.656,68.726,105157.0
2026-07-08,68.586,69.283,68.215,68.656,94714.0
2026-07-09,68.424,68.61,67.612,67.914,117690.0
2026-07-10,68.053,69.167,67.241,68.749,141616.0
2026-07-13,68.494,68.726,68.03,68.238,88950.0
2026-07-14,68.146,68.563,67.821,68.563,85714.0
2026-07-15,68.401,70.304,68.03,70.141,188003.0
2026-07-16,70.072,71.441,69.724,70.93,178396.0
2026-07-17,70.837,71.696,70.211,70.489,162480.0
2026-07-20,70.42,71.487,70.188,71.301,147323.0
2026-07-21,71.348,72.717,70.512,70.559,244410.0
2026-07-22,70.327,72.137,70.048,72.09,208413.0
2026-07-23,71.905,72.346,71.371,71.905,104433.0
2026-07-24,71.626,71.905,70.745,70.745,82488.0
2026-07-27,70.745,71.394,70.698,70.814,80795.0
2026-07-28,70.837,71.603,70.559,71.534,98283.0
2026-07-29,71.534,72.671,71.487,72.299,144529.0
2026-07-30,72.23,73.645,72.23,73.622,184746.0
2026-07-31,73.019,73.181,72.439,73.019,170803.0
2026-08-03,73.042,73.46,72.346,72.74,167402.0
2026-08-04,72.787,72.926,71.835,72.067,123426.0
2026-08-05,72.253,72.369,71.534,71.626,132223.0
2026-08-06,71.719,71.812,71.0,71.278,107546.0
2026-08-07,71.278,71.371,70.652,71.116,98527.0
2026-08-10,71.0,71.534,70.884,71.255,93499.0
2026-08-11,71.232,71.371,70.211,70.28,167781.0
2026-08-12,70.28,70.814,70.188,70.629,79827.0
2026-08-13,70.652,70.745,69.979,70.072,90963.0
2026-08-14,70.048,70.095,69.399,69.399,87181.0
2026-08-17,69.375,69.468,68.795,69.283,74825.0
2026-08-18,69.12,69.538,68.911,69.12,81471.0
2026-08-19,69.259,69.468,68.842,69.004,92597.0
2026-08-20,69.352,70.188,69.352,69.747,106994.0
2026-08-21,69.793,69.793,68.842,68.935,90778.0
2026-08-24,68.958,69.677,68.795,69.515,84738.0
2026-08-25,69.491,70.327,69.375,70.002,86900.0
2026-08-26,69.886,70.629,69.816,70.466,84909.0
2026-08-27,70.396,70.396,69.654,70.188,75812.0
2026-08-28,70.188,70.791,69.863,70.629,83234.0
2026-08-31,70.42,70.791,69.7,69.886,95861.0
2026-09-01,69.77,70.35,69.7,70.211,66745.0
2026-09-02,70.164,70.396,69.7,69.932,54490.0
2026-09-03,69.979,70.814,69.956,70.629,108446.0
2026-09-04,70.652,71.325,70.35,71.139,124142.0
2026-09-07,71.162,71.51,70.837,71.093,91177.0
2026-09-08,71.139,71.417,71.0,71.093,57085.0
2026-09-09,70.977,71.139,70.559,70.93,53481.0
2026-09-10,70.791,70.953,70.327,70.327,55056.0
2026-09-11,70.188,70.28,69.399,69.77,72947.0
2026-09-14,69.724,70.048,69.259,69.329,58230.0
2026-09-15,69.306,69.654,69.167,69.259,48625.0
2026-09-16,69.213,69.259,68.424,68.772,77627.0
2026-09-17,68.819,68.958,68.262,68.517,105428.0
2026-09-18,68.633,69.236,68.586,69.004,56146.0
2026-09-21,69.167,69.584,68.935,69.538,48903.0
2026-09-22,69.445,69.677,69.306,69.306,47936.0
2026-09-23,69.306,69.7,69.074,69.167,50220.0
2026-09-24,69.167,69.236,68.401,68.494,69511.0
