date,open,high,low,close,volume
2016-01-04,28.548,28.706,27.883,27.9,381987.0
2016-01-05,27.813,28.198,27.638,27.918,495571.0
2016-01-06,27.918,28.075,27.83,27.988,261544.0
2016-01-07,27.953,27.953,27.27,27.305,91249.0
2016-01-08,27.778,27.9,27.41,27.533,469130.0
2016-01-11,27.305,27.62,26.745,26.85,622744.0
2016-01-12,27.007,27.165,26.71,26.797,331658.0
2016-01-13,26.902,27.13,26.587,26.64,413751.0
2016-01-14,26.272,27.48,26.062,27.34,633058.0
2016-01-15,27.2,27.673,26.587,26.955,398696.0
2016-01-18,26.657,27.252,26.587,27.007,243001.0
2016-01-19,26.972,27.585,26.885,27.287,274234.0
2016-01-20,27.445,27.445,26.832,26.92,270679.0
2016-01-21,26.412,27.112,26.412,26.745,266510.0
2016-01-22,26.832,26.972,26.727,26.762,215458.0
2016-01-25,26.85,26.885,26.692,26.797,132746.0
2016-01-26,26.745,26.745,25.992,26.027,378327.0
2016-01-27,26.185,26.202,25.589,25.904,716094.0
2016-01-28,25.887,26.395,25.747,25.869,301225.0
2016-01-29,25.799,26.325,25.747,26.062,398007.0
2016-02-01,26.009,26.342,25.974,26.132,202192.0
2016-02-02,26.167,26.255,25.939,26.097,208007.0
2016-02-03,25.957,26.185,25.922,26.15,188046.0
2016-02-04,26.15,26.745,26.15,26.412,215867.0
2016-02-05,26.412,26.5,26.22,26.307,108823.0
2016-02-15,26.044,26.062,25.834,25.957,307789.0
2016-02-16,26.009,26.377,26.009,26.29,210250.0
2016-02-17,26.325,26.36,26.079,26.202,210099.0
2016-02-18,26.255,26.342,26.132,26.185,220042.0
2016-02-19,26.114,26.132,25.904,26.009,168603.0
2016-02-22,26.114,26.132,25.869,26.044,266859.0
2016-02-23,26.097,26.15,25.974,26.132,262779.0
2016-02-24,26.062,26.255,25.992,26.237,283704.0
2016-02-25,26.22,26.255,25.659,25.712,339291.0
2016-02-26,25.869,25.939,25.274,25.449,371941.0
2016-02-29,25.519,25.607,24.346,24.819,459541.0
2016-03-01,24.801,25.099,24.346,24.959,441236.0
2016-03-02,24.924,25.502,24.784,25.414,370404.0
2016-03-11,25.519,26.22,25.029,25.957,711419.0
2016-03-14,25.887,26.167,25.694,26.062,304212.0
2016-03-15,26.097,26.272,25.957,26.237,209630.0
2016-03-16,26.167,26.71,26.132,26.412,494787.0
2016-03-17,26.482,26.517,26.185,26.377,288933.0
2016-03-18,26.36,26.5,26.22,26.395,284137.0
2016-03-21,26.395,26.552,26.255,26.412,250426.0
2016-03-22,26.395,26.5,26.272,26.447,188385.0
2016-03-23,26.43,26.447,26.272,26.342,94177.0
2016-03-24,26.22,26.307,26.044,26.167,124141.0
2016-03-25,26.079,26.325,26.079,26.185,100897.0
2016-03-28,26.22,26.377,26.009,26.044,135543.0
2016-03-29,26.062,26.185,25.957,26.079,134554.0
2016-03-30,26.097,26.412,26.097,26.395,207332.0
2016-03-31,26.395,26.447,26.22,26.36,105754.0
2016-04-01,26.377,26.78,26.29,26.71,210310.0
2016-04-05,26.727,26.832,26.465,26.57,212328.0
2016-04-06,26.535,26.552,26.272,26.412,254238.0
2016-04-07,26.395,26.43,26.167,26.185,203716.0
2016-04-08,26.185,26.272,26.079,26.202,154850.0
2016-04-11,26.22,26.29,26.167,26.167,261960.0
2016-04-12,26.15,26.237,26.132,26.167,116004.0
2016-04-13,26.185,26.342,26.079,26.255,298727.0
2016-04-14,26.272,26.36,26.22,26.272,252405.0
2016-04-15,26.307,26.57,26.29,26.307,216093.0
2016-04-18,26.325,26.552,26.255,26.482,205120.0
2016-04-19,26.517,26.727,26.482,26.692,223167.0
2016-04-20,26.675,26.71,26.15,26.692,356500.0
2016-04-21,26.552,26.64,26.36,26.412,102891.0
2016-04-22,26.412,26.535,26.307,26.447,161788.0
2016-04-25,26.43,26.797,26.342,26.657,170942.0
2016-04-26,26.657,26.727,26.377,26.587,191223.0
2016-04-27,26.535,26.902,26.482,26.745,249276.0
2016-04-28,26.745,26.815,26.517,26.71,79050.0
2016-04-29,26.657,26.657,26.377,26.447,152632.0
2016-05-03,26.465,26.622,26.395,26.517,152051.0
2016-05-04,26.5,26.552,26.43,26.465,117779.0
2016-05-05,26.5,26.71,26.377,26.482,117940.0
2016-05-06,26.482,26.5,26.342,26.342,185740.0
2016-05-09,26.342,26.43,26.202,26.342,234409.0
2016-05-10,26.307,26.412,26.272,26.342,121645.0
2016-05-11,26.395,26.447,26.22,26.29,296462.0
2016-05-12,26.255,26.955,26.22,26.71,351756.0
2016-05-13,26.657,26.762,26.5,26.657,174989.0
2016-05-16,26.587,26.885,26.587,26.727,172442.0
2016-05-17,26.675,26.902,26.517,26.552,179759.0
2016-05-18,26.535,26.692,26.342,26.605,243455.0
2016-05-19,26.552,26.675,26.395,26.43,141651.0
2016-05-20,26.412,26.587,26.342,26.517,121173.0
2016-05-23,26.535,26.57,26.342,26.395,177053.0
2016-05-24,26.395,26.482,26.36,26.465,120050.0
2016-05-25,26.465,26.5,26.342,26.36,113403.0
2016-05-26,26.395,26.43,26.307,26.36,132062.0
2016-05-27,26.342,26.447,26.307,26.36,111388.0
2016-05-30,26.342,26.482,26.325,26.342,143855.0
2016-05-31,26.342,26.745,26.342,26.675,238736.0
2016-06-01,26.605,26.692,26.552,26.657,134898.0
2016-06-02,26.587,26.727,26.587,26.657,129722.0
2016-06-03,26.692,27.007,26.57,26.92,201849.0
2016-06-06,26.972,27.007,26.675,26.797,154076.0
2016-06-07,26.832,26.885,26.71,26.78,97283.0
2016-06-08,26.797,27.042,26.71,27.025,169860.0
2016-06-13,26.972,26.99,26.762,26.797,117691.0
2016-06-14,26.762,26.955,26.535,26.587,184095.0
2016-06-15,26.5,26.71,26.5,26.657,108699.0
2016-06-16,26.657,26.657,26.36,26.412,288061.0
2016-06-17,26.43,26.552,26.43,26.465,219310.0
2016-06-20,26.517,26.675,26.465,26.675,212502.0
2016-06-21,26.692,26.727,26.552,26.622,182012.0
2016-06-22,26.622,26.692,26.552,26.657,98921.0
2016-06-23,26.657,26.675,26.5,26.5,98616.0
2016-06-24,26.5,26.605,26.412,26.482,185190.0
2016-06-27,26.482,26.622,26.447,26.605,93230.0
2016-06-28,26.535,26.622,26.482,26.57,92544.0
2016-06-29,26.587,26.657,26.482,26.605,125513.0
2016-06-30,26.605,26.78,26.57,26.727,135298.0
2016-07-01,26.727,26.85,26.64,26.832,101258.0
2016-07-04,26.867,27.007,26.815,26.937,153195.0
2016-07-05,27.06,27.147,26.85,27.007,148604.0
2016-07-06,26.99,27.69,26.92,27.62,434647.0
2016-07-07,27.62,27.62,27.358,27.445,141898.0
2016-07-08,27.445,27.55,27.34,27.48,108604.0
2016-07-11,27.498,27.585,27.27,27.498,267573.0
2016-07-12,27.445,27.638,27.235,27.585,278684.0
2016-07-13,27.533,27.848,27.498,27.69,280441.0
2016-07-14,27.725,27.953,27.62,27.918,158751.0
2016-07-15,27.918,28.233,27.883,28.04,199562.0
2016-07-18,28.058,28.128,27.69,27.848,167274.0
2016-07-19,28.14,28.245,27.807,28.052,239953.0
2016-07-20,28.07,28.07,27.93,27.965,72590.0
2016-07-21,27.86,28.052,27.807,27.93,181368.0
2016-07-22,27.982,27.982,27.58,27.772,165223.0
2016-07-25,27.825,27.982,27.755,27.947,114639.0
2016-07-26,27.965,28.088,27.895,28.088,199198.0
2016-07-27,28.105,28.473,27.947,28.455,463032.0
2016-07-28,28.403,29.05,28.35,28.875,288237.0
2016-07-29,28.91,29.278,28.63,28.665,189133.0
2016-08-01,28.595,29.015,28.578,28.928,194163.0
2016-08-02,28.928,28.998,28.543,28.753,155653.0
2016-08-03,28.753,28.84,28.595,28.788,101320.0
2016-08-04,28.788,28.823,28.578,28.665,116256.0
2016-08-05,28.665,28.805,28.578,28.683,69651.0
2016-08-08,28.735,29.348,28.683,29.138,150545.0
2016-08-09,29.155,29.313,29.05,29.208,116832.0
2016-08-10,29.208,29.506,29.138,29.453,171043.0
2016-08-11,29.523,30.136,29.26,29.873,267441.0
2016-08-12,29.891,30.661,29.856,30.241,396485.0
2016-08-15,30.276,30.591,30.136,30.258,311052.0
2016-08-16,30.276,30.311,29.383,29.523,725739.0
2016-08-17,29.453,29.716,29.331,29.418,251907.0
2016-08-18,29.436,29.663,29.383,29.471,123786.0
2016-08-19,29.471,29.751,29.208,29.663,182236.0
2016-08-22,29.611,29.908,29.506,29.611,108620.0
2016-08-23,29.628,29.716,29.348,29.436,179861.0
2016-08-24,29.436,29.628,29.366,29.488,116257.0
2016-08-25,29.453,29.471,29.12,29.26,153035.0
2016-08-26,29.296,29.786,29.26,29.716,186339.0
2016-08-29,29.681,29.681,29.383,29.401,151472.0
2016-08-30,29.401,29.558,29.383,29.436,102967.0
2016-08-31,29.436,29.716,29.348,29.628,128306.0
2016-09-01,29.698,29.698,29.418,29.436,108680.0
2016-09-02,29.436,29.996,29.401,29.908,242233.0
2016-09-05,29.821,29.908,29.558,29.628,113568.0
2016-09-06,29.628,29.646,29.453,29.541,122666.0
2016-09-07,29.523,29.558,29.296,29.348,165919.0
2016-09-08,29.296,29.348,29.243,29.296,107572.0
2016-09-09,29.296,29.383,29.155,29.208,193441.0
2016-09-12,29.068,29.558,28.7,29.523,383392.0
2016-09-13,29.331,29.366,28.98,29.173,166341.0
2016-09-14,29.068,29.208,28.91,28.98,129082.0
2016-09-19,28.963,29.085,28.858,28.998,133891.0
2016-09-20,28.98,28.98,28.823,28.928,128160.0
2016-09-21,28.928,28.98,28.84,28.928,83623.0
2016-09-22,28.998,29.155,28.928,28.998,166101.0
2016-09-23,28.963,29.085,28.858,28.875,87301.0
2016-09-26,28.858,29.015,28.858,28.893,126552.0
2016-09-27,28.858,28.963,28.613,28.753,151196.0
2016-09-28,28.77,28.805,28.63,28.665,108151.0
2016-09-29,28.718,28.788,28.595,28.718,122696.0
2016-09-30,28.735,28.84,28.718,28.77,73081.0
2016-10-10,28.875,28.945,28.735,28.858,153527.0
2016-10-11,28.788,29.19,28.753,29.085,172140.0
2016-10-12,29.068,29.243,28.98,29.19,99792.0
2016-10-13,29.138,29.243,29.103,29.155,121358.0
2016-10-14,29.173,29.366,29.138,29.313,112945.0
2016-10-17,29.348,29.436,29.085,29.138,101620.0
2016-10-18,29.068,29.26,29.015,29.225,136735.0
2016-10-19,29.225,29.331,29.033,29.103,134386.0
2016-10-20,29.103,29.173,28.84,28.91,115278.0
2016-10-21,28.928,29.015,28.823,28.945,75238.0
2016-10-24,28.945,29.173,28.823,28.893,242508.0
2016-10-25,28.893,29.05,28.805,28.963,201557.0
2016-10-26,28.98,28.98,28.823,28.84,85011.0
2016-10-27,28.893,28.928,28.718,28.735,130854.0
2016-10-28,28.753,28.963,28.683,28.84,156482.0
2016-10-31,28.84,29.068,28.84,29.033,182102.0
2016-11-01,28.963,29.068,28.928,29.033,86959.0
2016-11-02,29.015,29.05,28.718,28.77,134338.0
2016-11-03,28.77,28.875,28.735,28.805,104705.0
2016-11-04,28.788,28.858,28.63,28.665,138297.0
2016-11-07,28.683,28.735,28.473,28.49,168622.0
2016-11-08,28.56,28.63,28.368,28.473,236659.0
2016-11-09,28.473,28.49,28.298,28.438,203367.0
2016-11-10,28.473,28.648,28.438,28.49,239433.0
2016-11-11,28.49,28.595,28.368,28.455,246025.0
2016-11-14,28.473,28.525,28.28,28.298,309200.0
2016-11-15,28.333,28.438,28.245,28.315,220183.0
2016-11-16,28.315,28.403,28.28,28.368,140654.0
2016-11-17,28.385,28.385,28.298,28.385,131302.0
2016-11-18,28.385,28.385,28.28,28.298,110757.0
2016-11-21,28.298,28.49,28.28,28.403,246330.0
2016-11-22,28.403,28.49,28.315,28.385,249521.0
2016-11-23,28.385,28.438,28.298,28.368,297298.0
2016-11-24,28.385,28.7,28.35,28.56,469748.0
2016-11-25,28.63,29.103,28.613,28.84,386329.0
2016-11-28,28.928,28.998,28.683,28.753,400315.0
2016-11-29,28.683,29.278,28.665,29.068,650008.0
2016-11-30,29.033,29.208,28.753,28.84,341459.0
2016-12-01,28.84,28.928,28.56,28.788,435147.0
2016-12-02,28.805,28.963,28.63,28.84,349370.0
2016-12-05,28.63,28.858,28.543,28.77,417873.0
2016-12-06,28.683,28.753,28.543,28.613,245570.0
2016-12-07,28.595,28.63,28.333,28.508,296201.0
2016-12-08,28.543,28.56,28.35,28.368,209713.0
2016-12-09,28.385,28.543,28.35,28.508,262071.0
2016-12-12,28.508,28.508,28.245,28.385,427758.0
2016-12-13,28.263,28.35,28.21,28.228,260602.0
2016-12-14,28.193,28.28,28.105,28.123,257397.0
2016-12-15,28.088,28.14,27.895,28.035,442693.0
2016-12-16,28.123,28.315,27.947,28.14,729513.0
2016-12-19,28.158,28.175,27.982,28.035,160118.0
2016-12-20,28.035,28.105,27.615,27.772,263653.0
2016-12-21,27.737,28.052,27.72,28.052,312227.0
2016-12-22,28.035,28.175,27.86,27.895,224337.0
2016-12-23,27.912,28.035,27.632,27.86,212504.0
2016-12-26,27.755,27.807,27.632,27.65,282590.0
2016-12-27,27.702,27.72,27.422,27.475,462453.0
2016-12-28,27.51,27.51,27.195,27.282,276398.0
2016-12-29,27.282,27.737,27.265,27.51,313512.0
2016-12-30,27.58,27.737,27.545,27.65,246911.0
2017-01-03,27.685,27.755,27.527,27.562,291231.0
2017-01-04,27.615,27.755,27.545,27.72,282017.0
2017-01-05,27.72,27.842,27.667,27.72,211879.0
2017-01-06,27.772,27.965,27.685,27.737,270108.0
2017-01-09,27.72,27.825,27.702,27.772,201546.0
2017-01-10,27.842,27.86,27.72,27.755,150338.0
2017-01-11,27.772,27.807,27.685,27.72,217811.0
2017-01-12,27.702,27.755,27.615,27.65,168206.0
2017-01-13,27.65,27.877,27.65,27.86,177383.0
2017-01-16,27.772,28.315,27.72,28.14,697402.0
2017-01-17,28.123,28.315,28.017,28.123,175063.0
2017-01-18,28.175,28.228,28.088,28.123,153384.0
2017-01-19,28.088,28.298,28.052,28.14,165817.0
2017-01-20,28.105,28.263,28.105,28.175,106993.0
2017-01-23,28.263,28.385,28.193,28.263,179521.0
2017-01-24,28.28,28.385,28.228,28.35,102409.0
2017-01-25,28.333,28.368,28.193,28.333,123132.0
2017-01-26,28.333,28.35,28.245,28.298,85245.0
2017-02-03,28.333,28.368,28.07,28.088,93138.0
2017-02-06,28.14,28.28,28.07,28.193,99328.0
2017-02-07,28.21,28.28,28.14,28.21,81160.0
2017-02-08,28.245,28.455,28.21,28.42,193067.0
2017-02-09,28.42,28.42,28.315,28.35,119355.0
2017-02-10,28.385,28.508,28.333,28.455,136763.0
2017-02-13,28.473,28.525,28.368,28.508,193768.0
2017-02-14,28.49,28.56,28.438,28.49,99022.0
2017-02-15,28.525,28.63,28.403,28.56,164904.0
2017-02-16,28.543,28.613,28.438,28.543,148912.0
2017-02-17,28.543,28.595,28.42,28.455,106290.0
2017-02-20,28.455,28.735,28.438,28.718,184084.0
2017-02-21,28.718,28.753,28.595,28.648,128475.0
2017-02-22,28.683,28.683,28.438,28.578,170067.0
2017-02-23,28.56,28.613,28.403,28.56,174605.0
2017-02-24,28.525,28.578,28.35,28.49,152018.0
2017-02-27,28.455,28.49,28.193,28.263,259409.0
2017-02-28,28.315,28.35,28.088,28.193,259343.0
2017-03-01,28.175,28.35,28.175,28.245,153988.0
2017-03-02,28.315,28.385,28.21,28.245,135525.0
2017-03-03,28.315,28.315,28.175,28.28,121347.0
2017-03-06,28.315,28.35,28.175,28.21,195287.0
2017-03-07,28.193,28.28,28.14,28.175,177622.0
2017-03-08,28.158,28.263,28.158,28.193,110908.0
2017-03-09,28.158,28.245,28.017,28.228,188684.0
2017-03-10,28.158,28.228,28.035,28.07,159440.0
2017-03-13,28.158,28.333,28.088,28.28,160446.0
2017-03-14,28.315,28.42,28.228,28.385,160117.0
2017-03-15,28.455,28.788,28.42,28.543,459240.0
2017-03-16,28.473,28.648,28.455,28.543,221346.0
2017-03-17,28.543,28.595,28.368,28.508,219587.0
2017-03-20,28.683,28.77,28.508,28.56,239843.0
2017-03-21,28.543,28.665,28.508,28.613,209279.0
2017-03-22,28.525,28.648,28.473,28.543,173195.0
2017-03-23,28.595,28.875,28.543,28.7,291574.0
2017-03-24,28.7,28.998,28.665,28.98,229703.0
2017-03-27,28.98,29.068,28.788,28.84,262654.0
2017-03-28,28.893,28.893,28.648,28.718,202251.0
2017-03-29,28.718,28.858,28.63,28.718,148578.0
2017-03-30,28.683,28.753,28.49,28.683,270673.0
2017-03-31,28.648,28.805,28.63,28.718,135494.0
2017-04-05,28.77,28.875,28.718,28.788,204282.0
2017-04-06,28.84,28.858,28.683,28.7,183276.0
2017-04-07,28.7,28.805,28.613,28.718,156287.0
2017-04-10,28.735,28.875,28.648,28.77,175846.0
2017-04-11,28.805,28.84,28.578,28.753,230757.0
2017-04-12,28.718,29.225,28.665,29.208,360955.0
2017-04-13,29.12,29.383,29.05,29.243,207419.0
2017-04-14,29.225,29.331,28.98,29.208,239129.0
2017-04-17,29.12,29.208,28.893,29.155,207323.0
2017-04-18,29.085,29.173,29.033,29.05,111390.0
2017-04-19,29.033,29.278,28.963,29.068,242260.0
2017-04-20,29.12,29.558,29.05,29.401,233118.0
2017-04-21,29.313,29.681,29.296,29.663,353416.0
2017-04-24,29.541,29.716,29.19,29.663,574522.0
2017-04-25,29.541,29.611,29.296,29.453,205989.0
2017-04-26,29.436,30.101,29.348,29.856,373481.0
2017-04-27,29.751,29.978,29.663,29.803,164515.0
2017-04-28,29.786,29.838,29.611,29.803,120118.0
2017-05-02,29.803,30.346,29.803,29.996,338752.0
2017-05-03,29.926,30.223,29.873,29.996,208119.0
2017-05-04,29.996,30.101,29.926,29.996,171268.0
2017-05-05,29.996,30.118,29.698,30.101,290479.0
2017-05-08,29.996,30.311,29.926,30.276,294794.0
2017-05-09,30.223,30.293,29.908,29.943,162132.0
2017-05-10,29.996,30.083,29.733,29.943,236975.0
2017-05-11,29.838,30.241,29.838,30.171,214353.0
2017-05-12,30.101,30.328,30.083,30.206,97499.0
2017-05-15,30.171,30.416,30.171,30.363,171480.0
2017-05-16,30.381,30.609,30.276,30.574,204064.0
2017-05-17,30.574,30.626,30.293,30.346,150194.0
2017-05-18,30.258,30.451,30.258,30.416,151763.0
2017-05-19,30.346,30.539,30.311,30.504,156069.0
2017-05-22,30.504,30.994,30.451,30.976,268579.0
2017-05-23,30.994,31.361,30.819,31.326,389381.0
2017-05-24,31.256,31.396,30.941,31.361,320079.0
2017-05-25,31.239,31.326,31.081,31.204,199363.0
2017-05-26,31.064,31.204,30.836,31.116,303260.0
2017-05-31,30.976,31.519,30.574,31.414,618105.0
2017-06-01,31.309,31.834,31.186,31.799,354778.0
2017-06-02,31.729,32.009,31.641,31.712,208800.0
2017-06-05,31.589,31.764,31.274,31.361,227901.0
2017-06-06,31.431,31.484,30.994,31.361,306276.0
2017-06-07,31.326,31.589,31.221,31.396,181564.0
2017-06-08,31.379,31.852,31.309,31.834,252670.0
2017-06-09,31.887,32.009,31.466,31.536,289521.0
2017-06-12,31.449,31.659,31.396,31.554,161329.0
2017-06-13,31.536,31.571,31.134,31.221,295845.0
2017-06-14,31.274,31.291,30.819,30.924,372782.0
2017-06-15,30.924,30.941,30.661,30.696,186953.0
2017-06-16,30.714,30.836,30.661,30.696,155056.0
2017-06-19,30.749,30.924,30.731,30.924,159101.0
2017-06-20,30.959,31.064,30.836,30.976,223637.0
2017-06-21,31.186,31.274,30.889,31.239,256167.0
2017-06-22,31.239,31.536,31.169,31.414,301677.0
2017-06-23,31.431,31.571,31.361,31.536,187467.0
2017-06-26,31.589,31.782,31.536,31.659,211917.0
2017-06-27,31.764,31.817,31.659,31.764,181100.0
2017-06-28,31.782,31.939,31.571,31.747,184236.0
2017-06-29,31.869,32.149,31.782,32.079,212995.0
2017-06-30,31.922,32.429,31.869,32.412,271163.0
2017-07-03,32.429,32.569,32.149,32.342,245214.0
2017-07-04,32.307,32.499,31.992,32.464,263046.0
2017-07-05,32.447,32.499,31.957,32.079,255162.0
2017-07-06,32.097,32.219,31.992,32.184,197515.0
2017-07-07,32.149,32.394,31.957,32.342,206216.0
2017-07-10,32.412,32.762,32.272,32.657,182033.0
2017-07-11,32.657,32.937,32.534,32.849,141767.0
2017-07-12,32.902,32.972,32.202,32.324,265755.0
2017-07-13,32.394,32.394,31.974,32.114,306350.0
2017-07-14,32.26,32.75,32.225,32.732,397814.0
2017-07-17,32.785,32.995,32.435,32.96,267925.0
2017-07-18,32.907,33.03,32.785,32.89,181918.0
2017-07-19,32.837,32.995,32.715,32.837,185206.0
2017-07-20,32.855,33.17,32.82,33.17,140221.0
2017-07-21,33.065,33.258,32.977,33.047,103805.0
2017-07-24,33.065,33.188,32.837,32.855,126800.0
2017-07-25,32.82,33.012,32.68,32.802,166964.0
2017-07-26,32.68,32.995,32.61,32.942,222196.0
2017-07-27,32.907,33.117,32.872,33.012,170096.0
2017-07-28,32.977,33.573,32.977,33.555,183828.0
2017-07-31,33.52,33.608,33.205,33.363,118575.0
2017-08-01,33.415,33.608,33.345,33.503,112969.0
2017-08-02,33.52,33.87,33.52,33.835,143883.0
2017-08-03,33.818,34.08,33.783,33.853,171151.0
2017-08-04,33.783,33.87,32.89,32.96,455047.0
2017-08-07,32.907,33.1,32.592,33.03,323843.0
2017-08-08,33.047,33.082,32.68,32.837,209576.0
2017-08-09,32.872,32.925,32.715,32.855,141469.0
2017-08-10,32.907,33.135,32.61,33.082,257396.0
2017-08-11,32.925,33.433,32.925,33.205,332933.0
2017-08-14,33.345,33.398,32.89,33.03,242620.0
2017-08-15,33.065,33.398,33.03,33.152,207280.0
2017-08-16,33.152,33.608,33.152,33.59,208008.0
2017-08-17,33.625,33.783,33.538,33.573,181538.0
2017-08-18,33.52,33.765,33.468,33.73,76285.0
2017-08-21,33.66,33.853,33.38,33.485,129502.0
2017-08-22,33.433,33.52,33.293,33.45,98152.0
2017-08-23,33.415,33.555,33.345,33.433,72534.0
2017-08-24,33.433,33.52,33.328,33.433,95349.0
2017-08-25,33.503,33.643,33.433,33.625,178548.0
2017-08-28,33.643,33.765,33.328,33.485,229176.0
2017-08-29,33.52,33.713,33.485,33.695,142261.0
2017-08-30,33.695,33.713,33.188,33.258,167150.0
2017-08-31,33.24,33.468,32.925,32.96,207496.0
2017-09-01,32.977,33.1,32.872,32.942,185263.0
2017-09-04,32.942,33.1,32.855,32.96,181390.0
2017-09-05,32.995,33.135,32.75,32.802,196782.0
2017-09-06,32.837,32.995,32.82,32.995,112953.0
2017-09-07,32.995,33.205,32.96,33.17,231924.0
2017-09-08,33.205,33.59,33.205,33.398,226136.0
2017-09-11,33.468,33.765,33.45,33.52,259915.0
2017-09-12,33.52,33.52,33.24,33.38,130071.0
2017-09-13,33.38,33.555,33.293,33.328,131643.0
2017-09-14,33.328,33.328,32.907,33.065,133016.0
2017-09-15,33.012,33.258,32.907,33.082,188474.0
2017-09-18,32.995,33.117,32.872,32.942,223370.0
2017-09-19,32.995,33.082,32.907,32.96,117021.0
2017-09-20,32.942,32.995,32.89,32.96,118555.0
2017-09-21,33.012,33.065,32.872,32.995,129977.0
2017-09-22,32.925,33.205,32.872,33.205,212513.0
2017-09-25,33.17,33.573,33.012,33.52,313023.0
2017-09-26,33.38,33.538,33.223,33.433,113205.0
2017-09-27,33.363,33.59,33.152,33.24,119116.0
2017-09-28,33.188,33.275,32.907,33.24,191133.0
2017-09-29,33.152,33.328,33.012,33.117,121987.0
2017-10-09,33.205,33.555,33.205,33.415,248006.0
2017-10-10,33.345,33.52,33.24,33.468,148480.0
2017-10-11,33.345,33.958,33.345,33.923,309781.0
2017-10-12,33.783,34.063,33.538,33.608,280655.0
2017-10-13,33.573,33.713,33.538,33.643,139653.0
2017-10-16,33.538,33.783,33.538,33.66,254006.0
2017-10-17,33.66,34.15,33.643,33.835,268428.0
2017-10-18,33.87,34.641,33.8,34.588,357172.0
2017-10-19,34.431,34.851,34.431,34.833,266394.0
2017-10-20,34.553,35.306,34.501,34.676,232611.0
2017-10-23,34.676,34.921,34.571,34.728,132922.0
2017-10-24,34.781,35.218,34.658,35.148,194237.0
2017-10-25,35.183,35.341,35.008,35.253,118522.0
2017-10-26,35.271,35.393,34.588,34.746,286367.0
2017-10-27,34.763,35.043,34.623,34.833,119788.0
2017-10-30,35.008,35.183,34.448,34.868,259823.0
2017-10-31,34.851,34.851,34.413,34.588,131940.0
2017-11-01,34.711,34.798,34.431,34.623,163274.0
2017-11-02,34.623,34.781,34.431,34.711,130329.0
2017-11-03,34.606,34.886,34.378,34.816,258394.0
2017-11-06,34.711,35.376,34.693,35.271,264064.0
2017-11-07,35.358,35.674,35.148,35.533,186815.0
2017-11-08,35.621,35.866,35.218,35.498,224165.0
2017-11-09,35.604,35.674,35.411,35.656,110732.0
2017-11-10,35.621,35.919,35.569,35.779,158303.0
2017-11-13,35.901,35.954,35.113,35.306,283265.0
2017-11-14,35.358,35.411,34.798,35.201,262970.0
2017-11-15,35.078,35.236,34.851,35.166,227041.0
2017-11-16,35.043,35.306,34.956,35.271,102418.0
2017-11-17,35.288,36.409,34.973,36.374,414319.0
2017-11-20,36.164,36.724,36.041,36.531,305381.0
2017-11-21,36.426,36.531,36.146,36.269,320122.0
2017-11-22,36.461,36.969,36.251,36.777,334225.0
2017-11-23,36.759,36.812,35.849,36.146,319239.0
2017-11-24,36.146,36.461,36.059,36.234,207050.0
2017-11-27,36.234,36.286,35.604,36.181,551953.0
2017-11-28,36.076,36.111,35.551,35.709,198284.0
2017-11-29,35.481,35.901,35.446,35.621,234484.0
2017-11-30,35.639,35.726,35.183,35.551,204717.0
2017-12-01,35.586,35.639,35.306,35.569,203414.0
2017-12-04,35.358,35.656,35.236,35.586,213244.0
2017-12-05,35.586,36.461,35.569,36.304,608269.0
2017-12-06,36.216,36.339,35.919,36.041,260918.0
2017-12-07,35.971,36.041,35.481,35.796,215970.0
2017-12-08,35.796,35.796,35.551,35.656,121585.0
2017-12-11,35.674,35.779,35.533,35.656,180633.0
2017-12-12,35.569,35.674,35.411,35.463,110475.0
2017-12-13,35.446,35.691,35.393,35.604,102524.0
2017-12-14,35.656,35.779,35.446,35.569,122453.0
2017-12-15,35.516,35.586,35.201,35.446,272778.0
2017-12-18,35.533,35.656,35.096,35.498,209140.0
2017-12-19,35.358,35.516,35.323,35.411,204885.0
2017-12-20,35.551,35.551,35.271,35.498,233649.0
2017-12-21,35.463,35.796,35.376,35.621,202494.0
2017-12-22,35.586,35.919,35.446,35.498,154614.0
2017-12-25,35.446,35.569,35.026,35.323,302912.0
2017-12-26,35.253,35.253,34.938,34.956,268448.0
2017-12-27,34.973,35.043,34.255,34.378,419306.0
2017-12-28,34.378,34.536,34.255,34.431,185523.0
2017-12-29,34.431,34.431,33.975,34.028,266764.0
2018-01-02,34.203,34.448,34.028,34.115,338213.0
2018-01-03,34.255,34.956,34.22,34.728,420819.0
2018-01-04,34.746,34.781,34.431,34.483,271018.0
2018-01-05,34.623,34.798,34.483,34.763,264210.0
2018-01-08,34.781,34.798,34.623,34.711,237275.0
2018-01-09,34.746,35.148,34.711,34.973,265528.0
2018-01-10,34.991,35.183,34.886,35.043,158928.0
2018-01-11,35.148,35.463,35.043,35.306,188207.0
2018-01-12,35.376,35.411,35.166,35.236,142430.0
2018-01-15,35.236,35.551,34.973,35.393,256612.0
2018-01-16,35.393,35.481,34.781,34.851,365811.0
2018-01-17,34.903,35.183,34.658,34.956,306193.0
2018-01-18,34.938,35.061,34.606,34.868,319151.0
2018-01-19,34.921,35.078,34.763,34.921,248942.0
2018-01-22,35.096,35.148,34.711,34.903,246959.0
2018-01-23,34.973,35.236,34.746,34.973,428598.0
2018-01-24,34.991,35.026,34.728,34.763,274141.0
2018-01-25,34.763,34.938,34.746,34.868,217771.0
2018-01-26,34.921,34.956,34.798,34.851,134442.0
2018-01-29,34.886,34.921,34.431,34.501,243456.0
2018-01-30,34.448,34.658,34.36,34.378,241051.0
2018-01-31,34.378,34.676,34.168,34.571,169530.0
2018-02-01,34.571,35.043,34.273,35.026,335334.0
2018-02-02,34.973,35.201,34.711,35.061,271928.0
2018-02-05,34.851,35.376,34.763,35.253,240595.0
2018-02-06,34.921,35.323,34.816,35.253,523210.0
2018-02-07,35.271,35.306,34.606,35.218,420041.0
2018-02-08,35.061,35.236,34.833,35.131,299643.0
2018-02-09,34.798,34.798,33.31,34.693,541086.0
2018-02-12,34.308,34.378,33.8,34.045,298429.0
2018-02-13,34.133,34.693,34.115,34.325,154455.0
2018-02-14,34.431,34.886,34.431,34.728,131139.0
2018-02-22,34.886,35.008,34.728,34.938,124858.0
2018-02-23,34.921,35.358,34.868,35.183,177836.0
2018-02-26,35.323,35.498,35.183,35.463,189062.0
2018-02-27,35.533,35.796,35.481,35.691,210097.0
2018-02-28,35.586,35.849,35.411,35.569,143530.0
2018-03-01,35.428,35.779,35.428,35.604,134794.0
2018-03-02,35.516,36.094,35.463,36.059,205266.0
2018-03-05,35.971,36.234,35.849,36.216,161916.0
2018-03-06,36.286,36.374,35.796,35.901,125353.0
2018-03-07,35.849,36.216,35.814,35.919,152776.0
2018-03-08,36.111,36.636,36.076,36.409,202962.0
2018-03-09,36.636,36.654,36.216,36.426,100223.0
2018-03-12,36.531,36.549,35.779,35.971,239458.0
2018-03-13,35.989,36.129,35.796,35.971,109449.0
2018-03-14,35.936,36.076,35.814,35.971,106724.0
2018-03-15,35.866,36.024,35.831,35.884,107417.0
2018-03-16,35.814,36.111,35.779,35.884,110896.0
2018-03-19,35.849,35.919,35.446,35.884,135669.0
2018-03-20,35.726,36.006,35.691,35.936,97060.0
2018-03-21,36.006,36.024,35.621,35.849,110800.0
2018-03-22,35.779,35.814,35.428,35.639,150753.0
2018-03-23,35.271,35.656,34.991,35.604,334629.0
2018-03-26,35.376,35.674,35.288,35.393,212461.0
2018-03-27,35.498,35.744,35.463,35.604,102060.0
2018-03-28,35.446,35.674,34.956,35.078,194655.0
2018-03-29,35.236,35.358,34.711,34.921,188642.0
2018-03-30,34.921,35.201,34.641,34.781,214651.0
2018-04-02,34.746,34.886,34.588,34.693,143147.0
2018-04-03,34.606,34.676,34.431,34.518,136614.0
2018-04-04,34.518,34.746,34.466,34.501,101989.0
2018-04-09,34.553,34.938,34.448,34.798,155941.0
2018-04-10,34.833,35.078,34.833,35.008,119634.0
2018-04-11,35.008,35.183,34.903,35.148,94432.0
2018-04-12,35.236,35.253,34.886,35.008,106479.0
2018-04-13,35.061,35.096,34.606,34.641,111941.0
2018-04-16,34.746,34.746,34.36,34.448,140358.0
2018-04-17,34.466,34.991,34.466,34.728,126836.0
2018-04-18,34.886,34.886,34.536,34.798,107215.0
2018-04-19,34.868,34.956,34.588,34.658,103747.0
2018-04-20,34.571,34.991,34.571,34.833,130521.0
2018-04-23,34.746,35.078,34.728,34.991,109852.0
2018-04-24,34.903,35.218,34.903,35.096,104229.0
2018-04-25,35.096,35.183,34.693,34.746,113106.0
2018-04-26,34.833,34.886,34.658,34.746,116978.0
2018-04-27,34.816,34.991,34.711,34.938,139105.0
2018-05-02,34.711,34.868,34.098,34.676,245759.0
2018-05-03,34.501,34.746,34.378,34.711,136689.0
2018-05-04,34.746,34.956,34.658,34.903,98158.0
2018-05-07,34.903,35.061,34.816,34.973,122933.0
2018-05-08,35.043,35.096,34.886,35.043,131010.0
2018-05-09,35.043,35.131,35.008,35.078,80530.0
2018-05-10,35.201,35.253,34.676,34.798,194146.0
2018-05-11,34.886,35.026,34.728,34.973,132094.0
2018-05-14,34.956,35.236,34.938,35.148,125726.0
2018-05-15,35.218,35.919,35.113,35.866,210011.0
2018-05-16,35.796,36.199,35.621,35.971,152441.0
2018-05-17,35.936,36.164,35.744,35.971,108168.0
2018-05-18,35.919,36.181,35.691,36.111,182754.0
2018-05-21,36.146,36.304,35.674,35.901,129889.0
2018-05-22,35.884,36.059,35.726,36.006,79114.0
2018-05-23,35.971,36.006,35.779,35.866,86293.0
2018-05-24,35.779,36.006,35.709,35.796,103931.0
2018-05-25,35.814,36.584,35.726,36.269,204772.0
2018-05-28,36.356,36.549,36.146,36.339,121628.0
2018-05-29,36.251,36.479,36.164,36.461,160999.0
2018-05-30,36.269,36.426,35.989,36.111,156635.0
2018-05-31,36.006,36.882,36.006,36.689,323967.0
2018-06-01,36.601,36.601,36.094,36.111,133133.0
2018-06-04,36.321,36.444,36.024,36.251,98788.0
2018-06-05,36.251,36.356,35.954,36.321,121539.0
2018-06-06,36.391,36.917,36.269,36.847,166034.0
2018-06-07,36.847,36.899,36.321,36.549,196750.0
2018-06-08,36.444,36.636,36.181,36.479,184323.0
2018-06-11,36.286,36.549,36.199,36.496,143710.0
2018-06-12,36.409,36.917,36.374,36.741,216631.0
2018-06-13,36.671,37.284,36.671,37.057,243016.0
2018-06-14,36.987,37.985,36.952,37.442,307091.0
2018-06-15,37.494,37.897,37.302,37.669,251284.0
2018-06-19,37.512,37.879,37.267,37.704,489529.0
2018-06-20,37.389,37.722,37.232,37.477,200609.0
2018-06-21,37.529,37.739,37.477,37.634,204496.0
2018-06-22,37.722,37.722,36.724,37.004,302683.0
2018-06-25,36.969,37.022,36.636,36.759,213451.0
2018-06-26,36.636,36.882,36.286,36.339,189788.0
2018-06-27,36.374,36.636,36.059,36.321,193827.0
2018-06-28,36.111,36.374,35.936,36.164,170969.0
2018-06-29,36.164,36.269,36.076,36.181,134957.0
2018-07-02,36.094,36.181,35.639,35.674,143572.0
2018-07-03,35.849,35.901,34.956,35.691,215170.0
2018-07-04,35.621,36.374,35.516,36.199,180987.0
2018-07-05,36.024,36.584,35.919,36.531,306342.0
2018-07-06,36.461,36.706,36.339,36.496,165886.0
2018-07-09,36.636,36.777,36.374,36.479,113910.0
2018-07-10,36.461,36.584,36.076,36.444,126047.0
2018-07-11,36.199,36.286,35.936,36.146,87432.0
2018-07-12,36.041,36.391,36.041,36.164,132337.0
2018-07-13,36.286,36.286,35.901,36.076,129301.0
2018-07-16,36.024,36.234,35.954,36.129,96016.0
2018-07-17,36.024,36.199,35.866,35.989,108646.0
2018-07-18,36.111,36.724,36.006,36.444,182377.0
2018-07-19,36.601,37.127,36.514,37.039,174219.0
2018-07-20,36.899,37.284,36.829,37.214,136800.0
2018-07-23,37.162,37.442,36.899,37.249,124734.0
2018-07-24,37.162,37.284,36.654,36.882,229695.0
2018-07-25,36.812,36.899,36.374,36.531,173286.0
2018-07-26,36.689,37.022,36.601,36.917,126536.0
2018-07-27,37.004,37.039,36.619,36.671,85318.0
2018-07-30,36.671,37.424,36.671,37.424,201100.0
2018-07-31,37.424,37.617,37.284,37.407,113291.0
2018-08-01,37.512,37.547,37.197,37.302,140459.0
2018-08-02,37.162,37.722,36.689,37.022,266168.0
2018-08-03,37.022,37.477,36.829,37.284,188848.0
2018-08-06,37.424,37.494,36.601,36.636,210040.0
2018-08-07,36.741,36.987,36.636,36.812,153560.0
2018-08-08,36.829,36.969,36.321,36.339,181960.0
2018-08-09,36.304,36.777,36.111,36.601,175431.0
2018-08-10,36.549,36.812,36.444,36.549,85419.0
2018-08-13,36.549,36.759,36.164,36.671,153027.0
2018-08-14,36.741,36.741,36.129,36.479,160013.0
2018-08-15,36.374,36.444,36.146,36.164,101388.0
2018-08-16,36.024,36.374,35.779,36.129,142206.0
2018-08-17,36.199,36.479,36.024,36.164,153887.0
2018-08-20,36.304,37.074,36.199,37.074,253659.0
2018-08-21,37.127,37.162,36.759,36.934,111325.0
2018-08-22,36.847,36.864,36.444,36.636,128273.0
2018-08-23,36.566,36.671,36.304,36.374,104406.0
2018-08-24,36.339,36.461,35.971,36.304,108253.0
2018-08-27,36.111,36.426,36.111,36.304,131802.0
2018-08-28,36.339,36.601,36.304,36.426,103656.0
2018-08-29,36.339,36.514,36.024,36.094,152000.0
2018-08-30,36.129,36.251,36.059,36.059,94344.0
2018-08-31,36.076,36.146,35.604,35.621,278425.0
2018-09-03,35.639,36.076,35.639,35.866,165577.0
2018-09-04,35.919,36.199,35.831,36.129,104681.0
2018-09-05,36.041,36.129,35.709,35.744,99132.0
2018-09-06,35.674,35.814,35.586,35.621,82244.0
2018-09-07,35.674,35.761,35.376,35.411,104373.0
2018-09-10,35.411,35.481,34.973,35.218,113061.0
2018-09-11,35.218,35.481,34.956,35.008,94290.0
2018-09-12,34.886,35.376,34.833,35.358,118613.0
2018-09-13,35.428,35.639,35.288,35.533,101818.0
2018-09-14,35.621,35.621,35.288,35.428,64241.0
2018-09-17,35.376,35.604,35.271,35.446,96552.0
2018-09-18,35.323,35.674,35.323,35.656,103236.0
2018-09-19,35.691,35.831,35.446,35.691,111530.0
2018-09-20,35.691,35.901,35.656,35.849,75405.0
2018-09-21,35.919,36.339,35.761,36.339,134750.0
2018-09-25,36.216,36.409,36.146,36.321,75946.0
2018-09-26,36.251,36.549,36.146,36.251,138016.0
2018-09-27,36.426,36.636,36.199,36.601,137885.0
2018-09-28,36.636,36.724,36.496,36.601,111788.0
2018-10-08,36.129,36.339,35.831,35.936,199247.0
2018-10-09,35.761,36.076,35.621,35.726,141740.0
2018-10-10,35.761,35.901,35.463,35.586,121779.0
2018-10-11,35.411,35.656,34.746,34.833,345679.0
2018-10-12,35.113,35.306,34.763,34.851,247729.0
2018-10-15,34.973,35.463,34.886,34.886,191550.0
2018-10-16,34.973,35.218,34.711,35.061,184168.0
2018-10-17,35.218,35.849,35.201,35.604,248173.0
2018-10-18,35.674,35.709,34.973,35.078,158971.0
2018-10-19,35.061,35.761,34.886,35.639,265099.0
2018-10-22,35.586,36.304,35.586,36.059,273117.0
2018-10-23,35.936,36.076,35.481,35.498,207133.0
2018-10-24,35.533,35.884,35.288,35.569,117871.0
2018-10-25,35.376,35.709,35.061,35.604,166326.0
2018-10-26,35.586,36.024,35.376,35.954,234517.0
2018-10-29,36.111,36.304,35.166,35.236,249319.0
2018-10-30,35.569,35.586,35.201,35.271,162180.0
2018-10-31,35.323,35.411,35.113,35.253,189967.0
2018-11-01,35.393,35.446,34.886,35.061,310821.0
2018-11-02,35.166,35.288,34.798,35.253,510125.0
2018-11-05,35.183,35.183,34.868,34.921,338737.0
2018-11-06,34.886,34.886,34.15,34.378,370531.0
2018-11-07,34.466,34.553,34.203,34.396,194834.0
2018-11-08,34.571,34.606,34.273,34.501,156342.0
2018-11-09,34.396,34.518,33.398,33.573,494907.0
2018-11-12,33.468,33.713,33.275,33.52,282797.0
2018-11-13,33.345,33.573,33.205,33.485,253461.0
2018-11-14,33.485,33.888,33.1,33.188,349588.0
2018-11-15,33.17,33.485,33.152,33.468,173389.0
2018-11-16,33.538,33.555,33.24,33.555,193607.0
2018-11-19,33.625,33.73,33.52,33.66,200913.0
2018-11-20,33.573,33.643,33.223,33.223,157031.0
2018-11-21,33.1,33.415,33.047,33.328,90313.0
2018-11-22,33.415,33.433,33.135,33.205,94194.0
2018-11-23,33.152,33.223,32.767,32.872,183872.0
2018-11-26,33.047,33.328,32.89,33.258,165563.0
2018-11-27,33.258,33.52,33.117,33.188,185836.0
2018-11-28,33.293,33.38,32.977,33.135,129880.0
2018-11-29,33.205,33.24,32.855,32.855,178787.0
2018-11-30,32.855,33.538,32.837,33.047,230300.0
2018-12-03,33.52,33.748,33.398,33.66,255806.0
2018-12-04,33.66,33.818,33.555,33.66,108528.0
2018-12-05,33.485,33.643,33.433,33.503,129335.0
2018-12-06,33.31,33.433,32.662,32.82,316605.0
2018-12-07,32.785,33.065,32.785,33.047,110953.0
2018-12-10,32.802,33.117,32.802,33.065,167124.0
2018-12-11,33.047,33.082,32.872,32.977,114995.0
2018-12-12,33.188,33.625,33.135,33.59,254012.0
2018-12-13,33.59,34.378,33.52,34.063,286862.0
2018-12-14,34.01,34.466,33.94,34.115,196569.0
2018-12-17,34.308,34.378,34.028,34.185,162879.0
2018-12-18,34.063,34.623,34.063,34.378,238034.0
2018-12-19,34.431,34.886,34.378,34.711,226855.0
2018-12-20,34.693,34.833,34.098,34.483,208027.0
2018-12-21,34.431,34.851,34.343,34.851,251922.0
2018-12-24,34.553,34.746,34.203,34.501,164843.0
2018-12-25,34.308,34.781,34.308,34.711,129879.0
2018-12-26,34.676,35.183,34.588,35.096,173526.0
2018-12-27,34.973,35.463,34.833,35.201,215943.0
2018-12-28,35.236,35.726,35.201,35.726,253956.0
2019-01-02,35.569,35.586,34.396,34.921,305334.0
2019-01-03,34.693,35.183,34.658,35.183,158289.0
2019-01-04,35.148,35.148,34.466,34.746,241127.0
2019-01-07,34.868,34.938,34.466,34.606,195114.0
2019-01-08,34.536,35.253,34.536,35.166,200298.0
2019-01-09,35.323,35.481,35.008,35.026,125442.0
2019-01-10,34.921,35.131,34.606,34.763,138792.0
2019-01-11,34.763,34.921,34.571,34.868,92002.0
2019-01-14,34.798,34.921,34.518,34.658,116617.0
2019-01-15,34.676,34.886,34.571,34.886,64059.0
2019-01-16,34.903,35.183,34.763,35.096,102553.0
2019-01-17,35.166,35.166,34.868,34.973,82507.0
2019-01-18,35.166,35.569,35.061,35.498,173605.0
2019-01-21,35.411,35.639,35.411,35.621,86923.0
2019-01-22,35.674,35.744,35.498,35.604,102032.0
2019-01-23,35.586,35.884,35.551,35.866,96633.0
2019-01-24,35.884,35.989,35.621,35.849,113918.0
2019-01-25,35.936,36.041,35.761,35.779,84048.0
2019-01-28,35.866,36.059,35.569,35.779,157702.0
2019-01-29,35.709,36.444,35.656,36.286,161776.0
2019-01-30,36.444,36.444,36.076,36.269,92774.0
2019-01-31,36.496,36.689,36.321,36.689,157357.0
2019-02-01,36.759,36.812,36.461,36.549,94044.0
2019-02-11,36.304,36.671,36.304,36.479,134852.0
2019-02-12,36.549,36.619,36.251,36.531,188646.0
2019-02-13,36.566,36.706,36.216,36.619,245619.0
2019-02-14,36.514,36.671,36.391,36.496,163304.0
2019-02-15,36.479,36.584,36.339,36.461,122935.0
2019-02-18,36.584,36.601,36.269,36.531,282369.0
2019-02-19,36.461,36.496,36.216,36.374,266421.0
2019-02-20,36.409,36.409,36.199,36.356,112261.0
2019-02-21,36.339,36.461,36.059,36.111,174725.0
2019-02-22,36.111,36.286,35.849,36.286,159269.0
2019-02-25,36.269,36.601,36.041,36.601,486146.0
2019-02-26,36.461,36.812,36.391,36.426,334604.0
2019-02-27,36.479,36.601,36.251,36.321,263508.0
2019-02-28,36.321,36.461,36.181,36.461,197897.0
2019-03-01,36.461,36.496,36.129,36.409,204181.0
2019-03-04,36.391,36.601,36.269,36.391,433836.0
2019-03-05,36.409,36.601,36.356,36.461,308665.0
2019-03-06,36.461,37.652,36.374,37.442,472037.0
2019-03-07,37.477,37.547,36.847,37.144,319724.0
2019-03-08,36.987,37.232,36.671,37.092,303448.0
2019-03-11,36.934,37.074,36.566,36.759,273329.0
2019-03-12,36.724,37.039,36.426,36.549,377722.0
2019-03-13,36.479,36.549,35.936,36.006,396433.0
2019-03-14,36.006,36.514,35.919,36.444,245273.0
2019-03-15,36.321,36.636,36.234,36.426,176483.0
2019-03-18,36.444,37.407,36.444,37.249,301433.0
2019-03-19,37.214,37.914,37.162,37.582,227211.0
2019-03-20,37.424,37.582,37.232,37.407,168613.0
2019-03-21,37.512,37.704,37.302,37.407,191038.0
2019-03-22,37.424,37.897,37.354,37.897,205612.0
2019-03-25,37.722,38.037,37.372,37.547,219170.0
2019-03-26,37.687,37.862,37.512,37.774,179118.0
2019-03-27,37.739,37.844,37.197,37.267,151944.0
2019-03-28,37.197,37.827,36.899,37.582,188050.0
2019-03-29,37.529,37.564,37.127,37.459,312744.0
2019-04-01,37.599,37.932,37.372,37.512,359695.0
2019-04-02,37.547,37.564,37.302,37.547,226134.0
2019-04-03,37.424,37.564,37.267,37.494,218995.0
2019-04-04,37.442,37.477,37.232,37.337,220199.0
2019-04-08,37.337,37.424,36.812,36.899,394914.0
2019-04-09,36.899,37.074,36.689,36.864,280805.0
2019-04-10,36.899,37.162,36.706,36.952,256847.0
2019-04-11,36.987,37.302,36.969,37.249,253233.0
2019-04-12,37.249,37.547,37.179,37.477,230022.0
2019-04-15,37.652,37.652,36.987,37.004,306300.0
2019-04-16,37.004,37.337,36.847,37.302,208056.0
2019-04-17,37.337,37.442,37.232,37.302,169764.0
2019-04-18,37.302,37.389,37.074,37.127,131415.0
2019-04-19,37.197,37.319,37.057,37.284,102588.0
2019-04-22,37.284,37.407,37.109,37.127,180933.0
2019-04-23,37.284,37.389,37.162,37.302,153554.0
2019-04-24,37.424,37.477,37.232,37.407,142576.0
2019-04-25,37.407,37.442,37.179,37.249,166119.0
2019-04-26,37.162,37.389,36.882,36.917,178964.0
2019-04-29,37.039,37.477,36.934,37.302,168677.0
2019-04-30,37.127,37.477,37.074,37.459,165921.0
2019-05-06,37.162,37.529,36.952,37.529,321772.0
2019-05-07,37.442,37.722,37.214,37.407,190774.0
2019-05-08,37.319,37.424,36.777,36.847,255471.0
2019-05-09,36.724,36.934,36.584,36.636,160562.0
2019-05-10,36.636,36.934,36.584,36.864,143001.0
2019-05-13,36.794,36.952,36.654,36.812,90054.0
2019-05-14,36.601,36.934,36.479,36.636,304827.0
2019-05-15,36.601,36.706,36.514,36.654,210128.0
2019-05-16,36.601,37.022,36.531,37.004,204303.0
2019-05-17,36.987,37.074,36.829,36.917,129533.0
2019-05-20,36.969,37.424,36.601,36.829,236753.0
2019-05-21,36.794,37.284,36.654,37.144,131140.0
2019-05-22,37.162,37.599,36.987,37.477,193027.0
2019-05-23,37.372,37.669,37.337,37.512,190125.0
2019-05-24,37.669,37.844,37.529,37.687,183119.0
2019-05-27,37.687,38.002,37.424,37.599,185301.0
2019-05-28,37.599,38.177,37.459,38.055,497488.0
2019-05-29,37.757,38.265,37.617,38.072,209685.0
2019-05-30,38.195,38.947,38.055,38.947,334605.0
2019-05-31,39.0,39.21,38.72,38.93,219232.0
2019-06-03,38.93,39.193,38.58,38.842,213030.0
2019-06-04,38.912,38.965,38.527,38.737,200997.0
2019-06-05,38.93,38.965,38.58,38.615,120653.0
2019-06-06,38.737,38.912,38.58,38.597,152600.0
2019-06-10,38.825,39.963,38.72,39.35,228877.0
2019-06-11,39.455,39.753,39.315,39.438,217062.0
2019-06-12,39.438,39.438,39.035,39.28,146151.0
2019-06-13,39.28,39.298,38.79,38.86,198027.0
2019-06-14,38.965,39.035,38.317,38.562,268805.0
2019-06-17,38.615,38.877,38.492,38.72,156265.0
2019-06-18,38.842,38.947,38.667,38.895,109000.0
2019-06-19,39.193,39.245,38.877,39.052,161583.0
2019-06-20,39.07,39.613,38.947,39.403,211130.0
2019-06-21,39.438,39.473,38.772,38.79,266589.0
2019-06-24,38.79,38.947,38.597,38.702,204749.0
2019-06-25,38.755,38.982,38.615,38.825,235014.0
2019-06-26,38.807,39.193,38.737,39.14,157550.0
2019-06-27,39.193,39.263,38.982,39.105,164887.0
2019-06-28,39.105,39.42,38.912,39.263,123155.0
2019-07-01,39.42,39.438,39.035,39.105,280048.0
2019-07-02,39.105,39.245,39.0,39.158,284546.0
2019-07-03,39.158,40.033,39.035,39.893,317555.0
2019-07-04,39.858,40.138,39.7,39.928,177373.0
2019-07-05,39.998,40.138,39.718,40.085,147427.0
2019-07-08,39.875,40.015,39.14,39.63,229719.0
2019-07-09,39.7,39.718,39.087,39.158,158501.0
2019-07-10,39.263,39.473,39.017,39.438,118235.0
2019-07-11,39.595,39.91,39.473,39.875,162037.0
2019-07-12,39.84,40.015,39.648,39.805,152760.0
2019-07-15,39.91,40.015,39.263,39.77,162576.0
2019-07-16,39.84,40.015,39.49,39.63,127794.0
2019-07-17,39.718,39.753,39.438,39.595,154125.0
2019-07-18,39.718,40.523,39.42,40.138,300179.0
2019-07-19,40.19,40.558,40.138,40.558,177986.0
2019-07-22,40.628,40.978,40.383,40.961,235151.0
2019-07-23,40.891,41.153,40.646,40.978,134518.0
2019-07-24,41.101,41.136,40.838,40.943,116875.0
2019-07-25,40.628,41.031,40.541,41.013,126912.0
2019-07-26,40.838,41.609,40.838,41.503,179871.0
2019-07-29,41.556,42.291,41.556,42.029,211698.0
2019-07-30,42.029,42.309,41.889,41.924,116545.0
2019-07-31,41.766,41.924,41.679,41.889,142797.0
2019-08-01,41.696,42.239,41.679,41.959,148847.0
2019-08-02,41.696,42.134,41.258,42.011,154715.0
2019-08-05,41.661,41.854,40.978,41.066,250338.0
2019-08-06,40.646,41.626,40.453,41.223,227112.0
2019-08-07,41.276,41.714,41.118,41.206,162918.0
2019-08-08,41.468,42.414,41.293,42.239,256268.0
2019-08-09,42.151,42.274,41.836,42.134,154844.0
2019-08-12,41.941,42.204,41.696,41.976,167033.0
2019-08-13,41.959,41.959,41.556,41.906,160775.0
2019-08-14,41.941,42.256,41.784,42.064,157426.0
2019-08-15,41.819,42.116,41.661,42.099,160770.0
2019-08-16,42.134,42.466,41.854,42.466,189195.0
2019-08-19,42.501,43.517,42.274,43.289,260041.0
2019-08-20,43.079,43.394,42.134,42.204,306036.0
2019-08-21,42.309,42.519,41.906,41.976,227811.0
2019-08-22,42.221,42.221,41.609,42.029,215033.0
2019-08-23,42.029,42.309,41.854,42.204,243897.0
2019-08-26,42.169,42.571,41.696,42.116,242667.0
2019-08-27,42.309,43.044,42.134,42.694,574227.0
2019-08-28,42.729,42.764,42.291,42.449,245809.0
2019-08-29,42.449,42.519,41.819,41.994,231337.0
2019-08-30,42.169,42.186,41.626,41.714,164106.0
2019-09-02,41.609,41.784,41.241,41.293,323989.0
2019-09-03,41.258,41.906,41.258,41.749,233590.0
2019-09-04,41.819,41.941,41.206,41.556,237521.0
2019-09-05,41.503,41.749,41.241,41.451,353142.0
2019-09-06,41.486,41.679,41.293,41.679,170952.0
2019-09-09,41.784,41.784,41.468,41.574,259708.0
2019-09-10,41.626,41.801,41.381,41.784,205609.0
2019-09-11,41.801,41.801,41.538,41.766,212867.0
2019-09-12,41.784,42.134,41.644,42.116,233805.0
2019-09-16,42.116,42.431,41.941,42.379,196222.0
2019-09-17,42.379,42.414,41.416,41.521,273948.0
2019-09-18,41.574,42.151,41.468,42.011,151774.0
2019-09-19,42.011,42.099,41.556,41.766,126683.0
2019-09-20,41.924,42.151,41.591,42.151,262697.0
2019-09-23,42.011,42.029,41.609,41.871,139529.0
2019-09-24,41.854,42.379,41.661,42.344,220651.0
2019-09-25,42.344,42.344,41.346,41.398,348687.0
2019-09-26,41.644,41.749,41.206,41.363,262006.0
2019-09-27,41.363,41.468,40.646,40.978,206406.0
2019-09-30,40.891,41.363,40.856,41.031,164550.0
2019-10-08,40.961,41.784,40.891,41.644,255160.0
2019-10-09,41.556,41.714,41.363,41.451,124111.0
2019-10-10,41.398,41.398,40.803,41.048,297665.0
2019-10-11,41.066,41.398,40.891,41.276,203131.0
2019-10-14,41.311,41.433,40.908,41.031,340117.0
2019-10-15,41.066,41.066,40.418,40.453,377671.0
2019-10-16,40.436,40.681,40.103,40.295,212753.0
2019-10-17,40.348,40.593,40.19,40.401,138115.0
2019-10-18,40.401,40.506,39.805,40.155,301184.0
2019-10-21,39.98,40.155,39.595,39.613,239436.0
2019-10-22,39.77,39.98,39.368,39.963,188310.0
2019-10-23,39.928,40.225,39.893,40.208,166913.0
2019-10-24,40.26,40.436,40.068,40.208,133196.0
2019-10-25,40.278,40.278,39.718,40.26,195511.0
2019-10-28,40.19,40.523,40.085,40.155,136531.0
2019-10-29,40.19,40.19,39.648,39.753,153841.0
2019-10-30,39.753,40.138,39.7,39.91,144127.0
2019-10-31,40.033,40.383,39.928,40.383,176663.0
2019-11-01,40.383,40.488,40.173,40.418,161875.0
2019-11-04,40.523,40.733,40.436,40.628,140909.0
2019-11-05,40.681,40.926,40.488,40.768,172517.0
2019-11-06,40.856,40.856,40.663,40.751,109051.0
2019-11-07,40.663,40.716,40.208,40.313,157546.0
2019-11-08,40.418,40.733,40.26,40.628,174523.0
2019-11-11,40.541,40.751,40.383,40.628,170687.0
2019-11-12,40.681,40.908,40.576,40.786,129347.0
2019-11-13,40.716,40.838,40.471,40.611,115722.0
2019-11-14,40.733,40.803,40.278,40.295,129138.0
2019-11-15,40.436,40.768,40.243,40.541,167761.0
2019-11-18,40.541,40.803,40.366,40.751,105499.0
2019-11-19,40.663,40.908,40.628,40.751,110894.0
2019-11-20,40.698,41.048,40.663,40.838,151257.0
2019-11-21,40.751,40.926,40.558,40.628,140432.0
2019-11-22,40.506,40.611,40.278,40.453,190602.0
2019-11-25,40.471,40.961,40.418,40.891,168638.0
2019-11-26,40.978,41.293,40.628,41.276,518676.0
2019-11-27,41.013,41.013,40.646,40.786,167848.0
2019-11-28,40.751,40.873,40.681,40.838,99608.0
2019-11-29,40.751,40.891,40.523,40.856,126021.0
2019-12-02,40.646,40.926,40.436,40.523,161587.0
2019-12-03,40.593,40.628,40.471,40.541,98569.0
2019-12-04,40.698,40.698,40.33,40.523,104373.0
2019-12-05,40.506,40.576,40.278,40.33,173208.0
2019-12-06,40.453,40.471,40.033,40.33,194794.0
2019-12-09,40.348,40.523,40.155,40.488,123124.0
2019-12-10,40.436,40.541,40.278,40.348,121620.0
2019-12-11,40.453,40.646,40.33,40.646,154803.0
2019-12-12,40.751,41.416,40.681,41.363,277693.0
2019-12-13,41.468,42.029,41.276,41.521,445250.0
2019-12-16,41.574,42.221,41.538,42.081,281930.0
2019-12-17,42.064,42.186,41.819,41.976,189473.0
2019-12-18,42.029,42.029,41.188,41.328,265881.0
2019-12-19,41.328,41.538,41.136,41.346,154065.0
2019-12-20,41.206,41.398,41.048,41.136,157377.0
2019-12-23,41.276,41.311,40.838,41.083,125232.0
2019-12-24,41.066,41.066,40.838,40.978,92729.0
2019-12-25,41.013,41.013,40.663,40.768,114898.0
2019-12-26,40.471,41.013,40.471,40.943,135083.0
2019-12-27,40.838,40.996,40.803,40.961,154058.0
2019-12-30,40.891,41.433,40.821,41.276,191157.0
2019-12-31,41.328,41.363,41.083,41.293,120769.0
2020-01-02,41.433,41.679,41.311,41.451,191284.0
2020-01-03,41.503,41.766,41.416,41.626,154383.0
2020-01-06,41.574,41.696,40.716,40.978,415505.0
2020-01-07,41.013,41.083,40.803,40.961,232106.0
2020-01-08,40.768,40.926,40.611,40.716,264409.0
2020-01-09,40.838,40.856,40.576,40.786,227832.0
2020-01-10,40.751,40.838,40.593,40.628,217894.0
2020-01-13,40.698,40.873,40.611,40.751,226000.0
2020-01-14,40.821,40.996,40.733,40.943,244288.0
2020-01-15,40.873,41.013,40.593,40.646,210772.0
2020-01-16,40.663,40.768,40.541,40.663,148242.0
2020-01-17,40.453,40.646,40.085,40.173,387582.0
2020-01-20,40.26,40.523,39.98,40.401,248090.0
2020-01-21,40.208,40.383,40.12,40.26,163789.0
2020-01-22,40.243,40.243,39.77,39.928,238084.0
2020-01-23,39.735,39.875,39.035,39.14,352368.0
2020-02-03,37.827,39.175,37.144,39.105,718606.0
2020-02-04,38.86,40.278,38.667,39.42,315440.0
2020-02-05,39.333,39.665,39.14,39.42,231231.0
2020-02-06,39.665,39.665,39.28,39.648,192889.0
2020-02-07,39.228,40.541,39.228,40.436,237027.0
2020-02-10,40.068,40.33,39.91,39.98,157747.0
2020-02-11,40.033,40.33,39.875,39.928,130790.0
2020-02-12,39.893,39.91,39.56,39.893,156715.0
2020-02-13,39.77,39.998,39.665,39.928,123500.0
2020-02-14,39.788,39.998,39.683,39.963,98575.0
2020-02-17,39.928,40.12,39.84,40.085,144948.0
2020-02-18,39.963,40.05,39.77,39.788,125987.0
2020-02-19,39.77,39.91,39.683,39.788,138942.0
2020-02-20,39.753,40.033,39.665,39.963,145175.0
2020-02-21,39.858,39.945,39.665,39.805,182043.0
2020-02-24,39.735,39.805,39.543,39.595,171735.0
2020-02-25,39.473,39.683,39.193,39.193,192105.0
2020-02-26,38.965,39.122,38.86,38.877,320403.0
2020-02-27,38.895,39.315,38.79,39.28,185451.0
2020-02-28,39.017,39.298,38.702,38.93,274022.0
2020-03-02,38.965,39.595,38.965,39.333,290426.0
2020-03-03,39.438,40.068,39.438,39.875,234099.0
2020-03-04,40.015,40.19,39.823,39.91,240471.0
2020-03-05,39.998,40.19,39.893,40.138,267930.0
2020-03-06,39.928,40.138,39.63,39.718,203780.0
2020-03-09,39.228,39.963,38.912,39.665,368809.0
2020-03-10,39.35,40.208,39.35,39.998,421789.0
2020-03-11,40.208,40.243,39.788,39.91,176642.0
2020-03-12,39.77,39.91,39.42,39.665,243778.0
2020-03-13,38.982,39.403,38.807,38.877,463505.0
2020-03-16,39.0,39.122,38.667,38.737,323066.0
2020-03-17,38.632,39.315,38.632,38.755,356550.0
2020-03-18,38.667,38.86,38.352,38.387,399579.0
2020-03-19,38.265,38.492,37.459,37.757,375048.0
2020-03-20,38.037,38.37,37.652,37.985,257140.0
2020-03-23,37.424,38.265,37.232,38.037,231491.0
2020-03-24,38.247,38.86,38.177,38.72,397935.0
2020-03-25,39.052,39.122,38.597,38.93,255141.0
2020-03-26,38.685,38.895,38.405,38.58,228714.0
2020-03-27,38.702,38.825,38.492,38.72,192585.0
2020-03-30,38.632,39.07,38.51,39.052,211551.0
2020-03-31,39.052,39.525,39.0,39.385,149254.0
2020-04-01,39.385,39.49,38.807,38.93,157780.0
2020-04-02,38.807,39.508,38.807,39.333,108265.0
2020-04-03,39.333,39.455,39.087,39.263,90939.0
2020-04-07,39.648,39.648,39.245,39.315,126466.0
2020-04-08,39.315,39.35,38.912,39.245,138341.0
2020-04-09,39.245,39.245,38.912,38.982,71434.0
2020-04-10,38.982,39.087,38.877,38.965,124509.0
2020-04-13,38.895,39.105,38.895,39.07,75545.0
2020-04-14,39.175,39.35,39.035,39.28,158334.0
2020-04-15,39.193,39.438,38.947,39.0,106672.0
2020-04-16,38.912,39.28,38.912,39.14,105975.0
2020-04-17,39.14,39.193,38.965,39.087,158442.0
2020-04-20,39.07,39.122,38.877,38.877,157900.0
2020-04-21,38.825,39.052,38.807,39.035,112379.0
2020-04-22,39.017,39.263,38.912,39.263,122138.0
2020-04-23,39.385,39.543,39.175,39.403,151299.0
2020-04-24,39.403,39.84,39.35,39.805,139598.0
2020-04-27,39.875,40.523,39.858,39.945,174534.0
2020-04-28,39.91,40.383,39.683,40.19,143542.0
2020-04-29,40.243,40.26,39.56,39.945,109221.0
2020-04-30,39.753,40.015,39.543,39.665,164043.0
2020-05-06,39.42,39.753,39.158,39.298,253052.0
2020-05-07,39.193,39.193,38.877,38.93,318594.0
2020-05-08,39.052,39.175,38.982,39.035,162725.0
2020-05-11,39.087,39.28,38.965,39.158,194859.0
2020-05-12,39.28,39.49,39.158,39.263,164084.0
2020-05-13,39.245,39.298,39.035,39.193,147840.0
2020-05-14,39.333,39.333,39.0,39.14,136641.0
2020-05-15,39.14,39.193,39.017,39.158,148994.0
2020-05-18,39.07,39.105,38.86,38.947,170832.0
2020-05-19,39.105,39.105,38.912,38.912,169112.0
2020-05-20,38.93,38.982,38.86,38.947,154990.0
2020-05-21,39.0,39.017,38.807,38.912,174084.0
2020-05-22,38.842,38.877,38.475,38.475,203041.0
2020-05-25,38.755,39.035,38.352,39.0,164683.0
2020-05-26,39.175,39.193,38.842,38.982,163661.0
2020-05-27,38.877,38.982,38.807,38.842,133448.0
2020-05-28,39.052,39.665,39.017,39.665,332645.0
2020-05-29,39.665,39.665,39.263,39.56,276174.0
2020-06-01,39.63,40.488,39.578,40.278,356360.0
2020-06-02,40.103,40.628,39.998,40.628,268022.0
2020-06-03,40.733,41.118,40.541,40.908,231159.0
2020-06-04,40.908,41.013,40.278,40.278,214461.0
2020-06-05,40.436,40.541,40.033,40.19,146097.0
2020-06-08,40.278,40.716,39.823,40.436,242528.0
2020-06-09,40.366,40.751,40.225,40.663,143411.0
2020-06-10,40.698,40.698,40.225,40.401,154711.0
2020-06-11,40.418,40.506,39.928,39.928,169387.0
2020-06-12,39.298,39.893,39.228,39.805,289648.0
2020-06-15,39.49,39.648,39.263,39.28,187749.0
2020-06-16,39.543,40.12,39.508,39.998,157806.0
2020-06-17,39.91,40.821,39.788,40.488,246284.0
2020-06-18,40.523,41.153,40.523,40.961,227146.0
2020-06-19,41.083,41.328,40.768,40.926,266599.0
2020-06-22,41.048,41.258,40.628,40.996,176084.0
2020-06-23,40.751,42.204,40.436,41.941,359297.0
2020-06-24,42.204,43.167,42.204,42.536,315147.0
2020-06-29,42.519,42.869,42.274,42.344,231724.0
2020-06-30,42.536,42.922,42.186,42.274,209434.0
2020-07-01,42.466,43.167,42.221,43.167,232634.0
2020-07-02,43.114,43.237,42.484,42.641,374491.0
2020-07-03,42.641,42.922,42.221,42.536,303545.0
2020-07-06,42.641,43.377,42.606,42.922,454613.0
2020-07-07,43.167,43.569,42.939,42.939,488964.0
2020-07-08,42.974,43.254,42.641,42.694,344537.0
2020-07-09,42.729,42.869,42.221,42.431,377190.0
2020-07-10,42.431,42.957,42.169,42.186,356624.0
2020-07-13,42.379,43.044,42.379,42.659,389835.0
2020-07-14,42.554,43.517,42.554,43.097,502221.0
2020-07-15,43.254,44.112,43.132,44.06,498649.0
2020-07-16,44.112,44.13,42.589,42.606,541798.0
2020-07-17,42.711,43.132,42.554,42.887,308125.0
2020-07-20,42.869,43.219,42.554,42.939,371640.0
2020-07-21,43.044,43.499,42.869,42.992,319207.0
2020-07-22,42.887,43.359,42.554,42.992,317401.0
2020-07-23,42.747,43.132,42.659,42.974,228950.0
2020-07-24,42.852,42.974,41.854,42.169,352873.0
2020-07-27,42.361,42.834,42.204,42.747,226441.0
2020-07-28,42.869,43.289,42.694,42.974,187516.0
2020-07-29,42.799,42.939,42.256,42.817,175788.0
2020-07-30,42.817,43.114,42.256,42.396,233983.0
2020-07-31,42.606,42.939,42.221,42.466,225913.0
2020-08-03,42.396,42.817,42.256,42.396,244533.0
2020-08-04,42.536,42.554,42.291,42.431,229321.0
2020-08-05,42.431,42.589,42.011,42.116,161042.0
2020-08-06,42.169,42.221,41.906,41.941,173985.0
2020-08-07,42.064,42.099,41.819,41.959,167626.0
2020-08-10,41.994,42.221,41.801,41.924,186846.0
2020-08-11,42.064,42.099,41.801,41.941,230221.0
2020-08-12,41.836,41.941,41.486,41.854,234100.0
2020-08-13,41.871,42.099,41.696,41.854,200072.0
2020-08-14,41.994,42.204,41.854,42.186,228040.0
2020-08-17,42.361,42.554,42.309,42.466,251136.0
2020-08-18,42.484,42.554,42.186,42.239,157588.0
2020-08-19,42.326,43.149,42.064,42.747,334661.0
2020-08-20,42.711,43.534,42.396,43.534,518292.0
2020-08-21,43.744,43.955,43.219,43.552,342796.0
2020-08-24,43.552,43.832,43.044,43.412,231611.0
2020-08-25,43.307,43.429,42.729,42.782,231620.0
2020-08-26,43.027,43.237,42.799,43.079,225006.0
2020-08-27,43.237,43.237,42.782,42.992,139968.0
2020-08-28,43.044,43.622,42.834,43.552,225265.0
2020-08-31,43.482,44.55,43.412,44.095,336876.0
2020-09-01,44.095,44.532,43.849,44.497,219785.0
2020-09-02,44.62,44.9,44.095,44.707,272133.0
2020-09-03,44.882,45.95,44.812,45.355,378173.0
2020-09-04,45.145,45.793,44.987,45.338,227734.0
2020-09-07,45.303,46.195,45.18,45.46,353910.0
2020-09-08,45.688,46.108,45.32,45.32,282691.0
2020-09-09,45.145,45.653,44.812,45.303,228931.0
2020-09-10,45.268,45.653,44.882,45.443,243551.0
2020-09-11,45.32,46.108,45.25,45.95,296482.0
2020-09-14,46.02,47.036,45.723,46.896,331402.0
2020-09-15,47.071,47.071,46.213,46.353,269663.0
2020-09-16,46.546,46.651,45.985,46.388,202507.0
2020-09-17,46.388,46.633,45.898,46.055,157247.0
2020-09-18,46.406,46.756,46.108,46.563,258853.0
2020-09-21,46.388,46.546,45.863,45.88,208304.0
2020-09-22,45.88,46.248,45.373,45.408,260622.0
2020-09-23,45.688,45.775,45.303,45.338,269535.0
2020-09-24,45.04,45.04,44.147,44.27,549870.0
2020-09-25,44.445,44.445,42.904,43.324,768874.0
2020-09-28,43.394,44.06,43.254,43.657,564408.0
2020-09-29,43.902,43.972,43.429,43.639,377405.0
2020-09-30,43.762,43.884,43.394,43.797,270137.0
2020-10-09,43.832,43.972,43.394,43.499,322845.0
2020-10-12,43.272,44.27,43.254,44.007,444379.0
2020-10-13,44.007,44.322,43.534,44.147,170998.0
2020-10-14,44.182,44.27,43.709,43.779,290415.0
2020-10-15,43.674,43.849,43.219,43.622,332014.0
2020-10-16,43.622,43.814,43.412,43.412,243933.0
2020-10-19,43.534,43.762,43.219,43.254,267372.0
2020-10-20,43.219,43.377,43.149,43.289,186288.0
2020-10-21,43.254,43.657,43.044,43.569,248952.0
2020-10-22,43.569,43.692,43.272,43.569,214831.0
2020-10-23,43.569,43.569,43.097,43.097,166039.0
2020-10-26,43.062,43.622,43.044,43.552,155536.0
2020-10-27,43.412,43.919,43.324,43.727,237534.0
2020-10-28,43.727,44.06,43.674,43.797,246085.0
2020-10-29,43.534,43.727,43.289,43.394,202438.0
2020-10-30,43.394,43.849,43.394,43.499,238556.0
2020-11-02,43.639,45.057,43.639,44.952,566063.0
2020-11-03,45.127,45.618,44.83,45.32,351078.0
2020-11-04,45.145,45.408,44.83,45.233,224943.0
2020-11-05,45.32,46.178,45.198,45.933,286309.0
2020-11-06,45.828,46.055,45.425,45.95,201495.0
2020-11-09,45.705,46.283,45.548,45.95,262748.0
2020-11-10,45.758,46.476,45.408,45.705,324496.0
2020-11-11,45.705,46.598,45.39,46.265,329621.0
2020-11-12,46.528,46.773,46.055,46.388,302576.0
2020-11-13,46.406,46.406,45.6,45.95,267496.0
2020-11-16,46.125,46.178,45.11,45.285,343467.0
2020-11-17,45.32,45.32,44.41,44.532,395507.0
2020-11-18,44.532,45.215,44.445,44.917,339511.0
2020-11-19,45.057,45.25,44.707,45.04,248020.0
2020-11-20,45.11,45.127,44.637,44.987,262495.0
2020-11-23,45.11,45.233,44.637,45.145,269890.0
2020-11-24,44.987,45.18,44.777,44.812,205740.0
2020-11-25,44.865,44.935,44.357,44.375,251651.0
2020-11-26,44.462,45.758,44.392,45.723,488352.0
2020-11-27,45.583,45.863,45.092,45.863,280956.0
2020-11-30,45.688,46.546,45.443,45.513,443329.0
2020-12-01,45.565,46.003,45.355,45.845,288020.0
2020-12-02,46.143,46.143,45.583,45.67,222634.0
2020-12-03,45.67,45.81,45.425,45.74,161414.0
2020-12-04,45.74,45.81,45.285,45.53,239192.0
2020-12-07,45.425,45.513,44.952,44.97,206642.0
2020-12-08,45.127,45.145,44.812,45.022,156289.0
2020-12-09,45.04,45.583,45.005,45.478,216218.0
2020-12-10,45.285,45.495,45.127,45.233,193352.0
2020-12-11,45.32,45.845,44.76,45.338,368045.0
2020-12-14,45.268,45.373,44.917,44.917,254624.0
2020-12-15,44.795,44.97,44.462,44.497,273718.0
2020-12-16,44.62,45.057,44.532,44.9,236680.0
2020-12-17,44.97,45.495,44.672,45.005,395962.0
2020-12-18,45.163,45.355,44.742,44.882,330529.0
2020-12-21,44.917,45.04,44.48,44.585,384937.0
2020-12-22,44.62,44.637,43.797,43.832,390919.0
2020-12-23,43.902,43.955,43.394,43.657,347743.0
2020-12-24,43.727,43.832,43.412,43.534,197924.0
2020-12-25,43.429,44.392,43.429,44.13,260978.0
2020-12-28,44.287,44.41,43.639,43.797,322325.0
2020-12-29,43.919,43.99,43.429,43.534,254881.0
2020-12-30,43.552,43.884,43.412,43.622,358891.0
2020-12-31,43.709,43.919,43.429,43.849,326051.0
2021-01-04,43.762,43.797,43.237,43.394,557806.0
2021-01-05,43.307,43.394,43.062,43.377,487577.0
2021-01-06,43.184,43.937,43.097,43.937,522941.0
2021-01-07,44.112,44.567,43.622,43.972,620975.0
2021-01-08,44.095,44.357,43.744,44.165,574763.0
2021-01-11,44.182,44.305,43.657,43.744,567350.0
2021-01-12,43.744,43.849,43.272,43.849,488183.0
2021-01-13,43.849,44.357,43.482,44.305,565154.0
2021-01-14,44.182,44.637,43.832,43.884,443848.0
2021-01-15,43.744,44.13,43.622,43.919,350741.0
2021-01-18,43.919,44.007,43.534,43.744,398756.0
2021-01-19,43.832,44.41,43.779,44.27,497345.0
2021-01-20,44.235,44.235,43.657,43.744,366506.0
2021-01-21,43.657,43.902,43.587,43.797,375611.0
2021-01-22,43.657,43.727,43.394,43.412,283489.0
2021-01-25,43.377,43.604,42.694,43.394,469841.0
2021-01-26,43.167,43.657,43.009,43.552,340665.0
2021-01-27,43.587,43.99,43.534,43.849,395829.0
2021-01-28,44.532,45.775,44.2,45.32,1090973.0
2021-01-29,44.97,45.583,44.27,44.76,707728.0
2021-02-01,44.97,44.97,44.13,44.322,1320647.0
2021-02-02,44.76,44.917,44.112,44.462,1346334.0
2021-02-03,44.62,44.83,44.147,44.41,928920.0
2021-02-04,44.182,44.585,44.095,44.48,962142.0
2021-02-05,44.497,44.725,44.165,44.322,542690.0
2021-02-08,44.375,45.373,44.322,44.445,764771.0
2021-02-09,44.497,44.655,43.622,44.06,686257.0
2021-02-10,44.077,44.952,43.972,44.777,728873.0
2021-02-18,45.022,45.233,44.48,44.672,700009.0
2021-02-19,44.707,45.495,44.585,45.285,907885.0
2021-02-22,45.25,45.25,44.445,44.55,844349.0
2021-02-23,44.62,45.163,44.55,44.847,681307.0
2021-02-24,45.075,45.092,44.445,44.637,605476.0
2021-02-25,44.725,45.18,44.62,44.97,653498.0
2021-02-26,44.707,45.303,44.637,44.882,688626.0
2021-03-01,44.97,45.022,44.532,44.742,478552.0
2021-03-02,44.795,45.46,44.655,44.882,576782.0
2021-03-03,44.847,45.408,44.777,45.373,562498.0
2021-03-04,45.18,46.336,45.18,45.793,920436.0
2021-03-05,45.583,45.88,44.865,45.67,641375.0
2021-03-08,45.548,46.23,45.373,45.67,781755.0
2021-03-09,45.828,47.211,45.495,45.758,1266228.0
2021-03-10,45.338,45.793,44.987,45.145,898496.0
2021-03-11,45.233,45.933,45.163,45.67,785445.0
2021-03-12,45.775,48.769,45.688,47.631,2075046.0
2021-03-15,47.631,48.331,46.633,46.966,1227062.0
2021-03-16,46.966,47.246,46.476,46.913,763410.0
2021-03-17,47.018,47.071,45.933,46.055,801671.0
2021-03-18,46.038,46.423,45.723,46.073,709283.0
2021-03-19,45.793,46.511,45.6,46.143,674779.0
2021-03-22,46.125,47.666,46.108,47.438,1019533.0
2021-03-23,47.333,47.841,46.703,47.018,887931.0
2021-03-24,46.983,47.123,46.336,46.686,654499.0
2021-03-25,46.721,47.193,46.441,47.176,505230.0
2021-03-26,46.896,47.351,46.651,46.773,619995.0
2021-03-29,46.633,47.684,46.546,47.526,708326.0
2021-03-30,47.473,47.894,47.193,47.841,496546.0
2021-03-31,47.841,47.946,47.508,47.841,358278.0
2021-04-01,47.789,48.349,47.649,48.174,303777.0
2021-04-02,48.121,48.121,47.176,47.281,545920.0
2021-04-06,47.281,47.438,46.791,46.983,418594.0
2021-04-07,47.263,47.403,46.983,47.298,387015.0
2021-04-08,47.088,47.246,46.616,46.826,347680.0
2021-04-09,46.826,47.053,46.633,46.808,235211.0
2021-04-12,46.721,47.684,46.703,47.403,656456.0
2021-04-13,47.263,47.491,46.808,47.106,374922.0
2021-04-14,47.158,47.211,46.563,46.651,532018.0
2021-04-15,46.651,46.773,45.81,45.88,576003.0
2021-04-16,46.02,46.388,45.88,46.143,249515.0
2021-04-19,46.038,46.441,46.02,46.213,322164.0
2021-04-20,46.09,46.423,46.038,46.388,231266.0
2021-04-21,46.283,46.458,46.143,46.371,238638.0
2021-04-22,46.371,46.458,45.88,46.02,377110.0
2021-04-23,46.003,46.02,45.355,45.985,498110.0
2021-04-26,45.95,46.108,45.6,45.6,318798.0
2021-04-27,45.513,45.775,45.443,45.53,226832.0
2021-04-28,45.583,45.67,45.268,45.53,285067.0
2021-04-29,45.478,45.653,45.268,45.548,345057.0
2021-04-30,45.548,45.583,44.97,45.268,481616.0
2021-05-06,45.145,45.443,45.092,45.127,516965.0
2021-05-07,45.145,45.268,44.777,44.9,433865.0
2021-05-10,44.882,45.04,44.55,44.742,387220.0
2021-05-11,44.69,45.233,44.48,45.127,343328.0
2021-05-12,45.057,45.268,44.795,44.917,248642.0
2021-05-13,44.795,45.11,44.672,44.9,299639.0
2021-05-14,44.882,44.917,44.532,44.707,424373.0
2021-05-17,44.725,45.145,44.655,44.9,629569.0
2021-05-18,44.882,44.952,44.725,44.952,271279.0
2021-05-19,44.952,44.97,44.602,44.637,284536.0
2021-05-20,44.585,44.655,44.112,44.322,600532.0
2021-05-21,44.375,44.69,44.305,44.62,337743.0
2021-05-24,44.637,44.707,44.165,44.235,352968.0
2021-05-25,44.165,45.04,43.884,44.987,625913.0
2021-05-26,44.882,44.9,44.287,44.305,795057.0
2021-05-27,44.34,44.48,44.252,44.34,559298.0
2021-05-28,44.357,44.777,44.235,44.742,500763.0
2021-05-31,44.865,45.075,44.532,45.075,479572.0
2021-06-01,45.075,45.443,44.83,45.198,442199.0
2021-06-02,45.285,45.408,44.812,45.005,379838.0
2021-06-03,45.005,45.373,44.847,45.145,354007.0
2021-06-04,45.145,45.355,44.917,45.092,316699.0
2021-06-07,45.092,45.092,44.725,44.865,349703.0
2021-06-08,44.917,45.145,44.812,45.005,373697.0
2021-06-09,45.092,45.898,45.022,45.88,714811.0
2021-06-10,45.898,46.371,45.775,45.88,575581.0
2021-06-11,45.933,46.773,45.88,46.528,713959.0
2021-06-15,46.528,46.633,45.95,46.073,428075.0
2021-06-16,46.073,46.353,45.705,46.02,412396.0
2021-06-17,46.09,46.581,45.915,46.02,421770.0
2021-06-18,46.143,46.23,45.425,45.46,513204.0
2021-06-21,45.53,45.565,44.97,45.215,508948.0
2021-06-22,45.18,45.88,45.18,45.583,358059.0
2021-06-23,45.758,45.985,45.408,45.793,402782.0
2021-06-24,45.845,46.108,45.723,46.02,257446.0
2021-06-25,46.09,46.581,45.845,46.441,490389.0
2021-06-28,46.756,47.859,46.686,47.018,656124.0
2021-06-29,47.018,47.018,45.95,46.195,432558.0
2021-06-30,46.213,46.563,46.003,46.441,229814.0
2021-07-01,46.458,46.983,46.038,46.878,285217.0
2021-07-02,46.598,46.633,45.758,45.845,411889.0
2021-07-05,45.845,46.02,45.39,45.548,364825.0
2021-07-06,45.495,46.581,45.233,45.793,396850.0
2021-07-07,45.828,46.073,45.513,45.863,301929.0
2021-07-08,46.003,46.108,45.39,45.863,357036.0
2021-07-09,45.775,46.02,45.653,45.863,277994.0
2021-07-12,45.985,46.055,45.163,45.25,556712.0
2021-07-13,45.163,45.688,45.005,45.653,337663.0
2021-07-14,45.688,45.775,45.198,45.688,378057.0
2021-07-15,45.513,45.915,45.268,45.81,331778.0
2021-07-16,45.863,45.863,45.11,45.303,539814.0
2021-07-19,45.268,45.548,45.057,45.495,305817.0
2021-07-20,45.478,45.565,45.145,45.303,253929.0
2021-07-21,45.18,45.303,44.795,44.812,560251.0
2021-07-22,44.777,44.935,44.427,44.515,521332.0
2021-07-23,44.62,44.725,44.147,44.427,419833.0
2021-07-26,44.252,44.655,44.217,44.515,421879.0
2021-07-27,44.515,44.532,43.377,43.622,544955.0
2021-07-28,43.394,44.48,43.394,44.375,578491.0
2021-07-29,44.252,44.567,44.007,44.077,385123.0
2021-07-30,44.095,44.795,43.884,44.795,444097.0
2021-08-02,44.742,44.865,44.06,44.62,550856.0
2021-08-03,44.462,44.777,44.305,44.585,363805.0
2021-08-04,44.515,45.268,44.235,44.9,422544.0
2021-08-05,44.83,45.145,44.62,45.057,347064.0
2021-08-06,44.97,45.005,44.585,44.882,349538.0
2021-08-09,44.83,45.495,44.795,45.408,416144.0
2021-08-10,45.408,45.793,45.198,45.758,375971.0
2021-08-11,45.67,45.933,45.583,45.793,260190.0
2021-08-12,45.74,46.3,45.67,46.003,321147.0
2021-08-13,46.003,46.16,45.74,45.845,203316.0
2021-08-16,45.915,46.143,45.758,46.143,219456.0
2021-08-17,46.213,46.458,45.565,45.898,293658.0
2021-08-18,45.67,46.178,45.653,46.003,293077.0
2021-08-19,45.81,46.458,45.775,46.406,354632.0
2021-08-20,46.493,46.668,45.775,46.283,419242.0
2021-08-23,46.318,47.036,46.283,46.546,471357.0
2021-08-24,46.668,46.808,46.195,46.283,355599.0
2021-08-25,46.406,46.423,45.968,46.073,297169.0
2021-08-26,46.073,46.178,45.653,45.67,217959.0
2021-08-27,45.723,46.108,45.53,45.723,200676.0
2021-08-30,45.53,45.635,44.76,44.952,383155.0
2021-08-31,44.917,45.53,44.62,45.39,379745.0
2021-09-01,45.495,46.528,45.39,46.23,535960.0
2021-09-02,46.055,46.546,45.898,46.511,366442.0
2021-09-03,46.546,46.808,46.265,46.651,437721.0
2021-09-06,46.668,47.018,46.493,46.581,349865.0
2021-09-07,46.616,46.826,46.336,46.598,359075.0
2021-09-08,46.633,47.333,46.633,47.123,554974.0
2021-09-09,47.421,47.438,46.406,47.228,578506.0
2021-09-10,47.228,47.473,46.948,47.246,415915.0
2021-09-13,47.193,47.684,47.018,47.211,368842.0
2021-09-14,47.228,47.316,46.563,46.703,375382.0
2021-09-15,46.546,46.686,45.933,46.038,384542.0
2021-09-16,46.038,46.931,45.898,46.125,389124.0
2021-09-17,46.143,47.386,46.143,47.088,561249.0
2021-09-22,47.018,49.504,46.983,48.927,1142537.0
2021-09-23,49.084,49.925,48.384,48.699,1013649.0
2021-09-24,49.224,49.259,48.034,48.454,732813.0
2021-09-27,49.102,49.452,48.489,49.312,1019653.0
2021-09-28,49.154,50.152,48.506,49.679,904817.0
2021-09-29,49.399,50.432,48.909,50.257,1122401.0
2021-09-30,50.397,50.537,49.049,50.047,987507.0
2021-10-08,50.922,50.94,49.504,49.96,795368.0
2021-10-11,50.222,50.345,48.997,49.382,587591.0
2021-10-12,49.014,49.312,48.436,48.874,604423.0
2021-10-13,48.734,48.734,47.771,48.034,398106.0
2021-10-14,48.034,48.209,47.508,47.736,346879.0
2021-10-15,47.649,48.139,47.421,48.034,405824.0
2021-10-18,48.034,48.716,47.841,48.401,444546.0
2021-10-19,48.121,48.997,47.876,48.839,411164.0
2021-10-20,48.822,48.962,48.121,48.279,660221.0
2021-10-21,48.296,48.436,47.964,48.419,339622.0
2021-10-22,48.384,48.506,48.016,48.296,298440.0
2021-10-25,48.191,48.909,48.086,48.349,462938.0
2021-10-26,48.401,48.734,48.261,48.576,328986.0
2021-10-27,48.541,48.769,48.261,48.769,360287.0
2021-10-28,48.576,48.734,48.279,48.524,420751.0
2021-10-29,48.471,48.734,48.051,48.734,407089.0
2021-11-01,48.489,49.032,48.401,48.962,383045.0
2021-11-02,48.979,49.049,47.701,48.209,569460.0
2021-11-03,47.999,48.804,47.894,48.594,408790.0
2021-11-04,48.576,48.769,48.331,48.401,280268.0
2021-11-05,48.349,48.524,47.684,47.701,372512.0
2021-11-08,47.824,47.841,47.088,47.158,342853.0
2021-11-09,47.508,47.579,46.756,47.141,366742.0
2021-11-10,47.246,47.246,46.388,46.808,397716.0
2021-11-11,46.721,46.966,46.476,46.773,402082.0
2021-11-12,46.791,46.878,46.195,46.493,419825.0
2021-11-15,46.668,47.018,46.406,46.843,449912.0
2021-11-16,46.721,46.948,46.423,46.546,324937.0
2021-11-17,46.563,46.878,46.476,46.651,289355.0
2021-11-18,46.546,46.773,46.476,46.616,257365.0
2021-11-19,46.581,47.018,46.511,46.913,303074.0
2021-11-22,46.931,47.036,46.528,46.528,293104.0
2021-11-23,46.493,46.581,46.371,46.511,329494.0
2021-11-24,46.616,46.616,46.055,46.178,382762.0
2021-11-25,46.195,46.388,45.985,46.178,366550.0
2021-11-26,46.108,46.108,45.653,45.723,455695.0
2021-12-13,49.119,49.137,47.456,48.051,2404663.0
2021-12-14,47.508,49.644,47.158,49.487,1528170.0
2021-12-15,49.224,49.837,49.172,49.749,810446.0
2021-12-16,49.662,50.082,49.434,50.082,583788.0
2021-12-17,49.995,50.362,49.732,49.889,568884.0
2021-12-20,49.592,50.1,49.154,49.609,487849.0
2021-12-21,49.749,50.292,49.574,50.012,362840.0
2021-12-22,50.03,50.362,49.925,50.065,307357.0
2021-12-23,50.082,50.502,49.889,50.397,324363.0
2021-12-24,50.345,51.85,50.17,50.695,506448.0
2021-12-27,50.66,51.29,50.152,50.66,339158.0
2021-12-28,50.817,51.01,50.257,50.695,395866.0
2021-12-29,50.695,50.765,50.275,50.485,291483.0
2021-12-30,50.345,51.097,50.222,50.975,333394.0
2021-12-31,50.87,51.483,50.87,51.273,318894.0
2022-01-04,51.43,51.623,51.01,51.518,472079.0
2022-01-05,51.36,51.675,51.01,51.43,442438.0
2022-01-06,51.203,51.413,49.977,50.065,629044.0
2022-01-07,50.327,50.712,49.854,50.327,355473.0
2022-01-10,50.257,50.905,50.257,50.747,326507.0
2022-01-11,50.835,51.78,50.712,50.922,456188.0
2022-01-12,50.87,51.133,50.082,50.52,350230.0
2022-01-13,50.572,50.922,50.222,50.677,342486.0
2022-01-14,50.782,51.203,50.1,50.835,405242.0
2022-01-17,50.835,51.693,50.817,51.133,428971.0
2022-01-18,51.203,51.763,50.94,51.553,365992.0
2022-01-19,51.518,51.868,51.36,51.71,348657.0
2022-01-20,51.745,52.708,51.57,51.938,595636.0
2022-01-21,51.92,52.2,51.465,51.763,354717.0
2022-01-24,51.763,52.113,51.29,51.535,269919.0
2022-01-25,51.238,51.535,50.817,50.817,302615.0
2022-01-26,50.852,51.395,50.73,51.045,220260.0
2022-01-27,51.062,51.097,50.275,50.712,324109.0
2022-01-28,50.887,51.097,49.872,49.907,352449.0
2022-02-07,50.222,51.062,50.03,50.73,310437.0
2022-02-08,50.835,52.183,50.73,52.183,383215.0
2022-02-09,52.235,52.568,51.728,52.376,388551.0
2022-02-10,52.586,53.181,52.13,53.163,345391.0
2022-02-11,53.146,53.443,52.883,53.093,286057.0
2022-02-14,53.093,53.093,52.095,52.481,313334.0
2022-02-15,52.463,52.621,51.798,51.973,249175.0
2022-02-16,52.078,52.481,51.92,51.955,220366.0
2022-02-17,51.955,52.516,51.868,52.218,314026.0
2022-02-18,52.218,52.341,51.815,52.2,185016.0
2022-02-21,51.973,52.148,51.64,51.885,185151.0
2022-02-22,51.71,51.798,51.273,51.518,235655.0
2022-02-23,51.623,51.763,51.238,51.448,262587.0
2022-02-24,51.518,51.85,50.992,51.203,414803.0
2022-02-25,51.29,51.623,51.168,51.36,386624.0
2022-02-28,51.465,52.183,51.29,52.113,398211.0
2022-03-01,52.148,52.463,51.903,52.27,277211.0
2022-03-02,52.27,52.953,52.113,52.796,331570.0
2022-03-03,53.023,53.601,52.866,53.461,385734.0
2022-03-04,53.373,53.636,52.673,53.461,405905.0
2022-03-07,53.321,53.811,53.076,53.233,566621.0
2022-03-08,53.216,53.303,51.92,52.148,687976.0
2022-03-09,52.235,52.778,50.765,51.763,729975.0
2022-03-10,52.235,52.323,51.238,51.29,464150.0
2022-03-11,51.097,51.203,50.222,51.097,440143.0
2022-03-14,50.782,51.623,50.625,50.922,450095.0
2022-03-15,50.73,50.747,48.349,48.559,761192.0
2022-03-16,48.997,50.992,48.454,50.712,757809.0
2022-03-17,51.097,51.15,49.749,49.872,614377.0
2022-03-18,49.837,50.38,49.557,49.662,996629.0
2022-03-21,50.047,50.047,49.154,49.434,412679.0
2022-03-22,49.522,50.31,49.399,50.117,315526.0
2022-03-23,50.222,50.45,49.697,49.854,322252.0
2022-03-24,49.539,49.819,49.259,49.294,340645.0
2022-03-25,49.207,49.522,48.804,48.839,253195.0
2022-03-28,48.646,49.784,48.139,49.609,450183.0
2022-03-29,49.487,49.907,49.364,49.714,295556.0
2022-03-30,49.837,50.047,49.452,49.872,400881.0
2022-03-31,49.872,50.275,49.574,50.047,296524.0
2022-04-01,49.942,50.555,49.732,50.432,296414.0
2022-04-06,50.082,50.87,50.082,50.677,361172.0
2022-04-07,50.73,51.36,50.502,51.22,360590.0
2022-04-08,51.273,52.218,51.168,52.148,412766.0
2022-04-11,52.288,52.376,51.43,51.693,453709.0
2022-04-12,52.095,52.323,51.43,51.868,412896.0
2022-04-13,51.728,52.27,51.623,51.955,283012.0
2022-04-14,51.955,52.673,51.85,52.218,260450.0
2022-04-15,52.2,52.778,52.148,52.498,210126.0
2022-04-18,52.2,52.516,51.535,51.71,256146.0
2022-04-19,51.85,52.621,51.815,52.13,445509.0
2022-04-20,52.288,52.708,51.868,52.411,415434.0
2022-04-21,52.253,52.971,52.183,52.743,571295.0
2022-04-22,52.516,53.006,51.85,53.006,950571.0
2022-04-25,52.656,53.076,51.64,51.658,776732.0
2022-04-26,51.658,52.481,51.553,52.13,438101.0
2022-04-27,52.288,52.393,51.22,51.588,613467.0
2022-04-28,51.238,51.903,50.852,51.815,491600.0
2022-04-29,51.78,51.955,51.01,51.308,594430.0
2022-05-05,51.535,52.2,51.308,51.938,456707.0
2022-05-06,51.763,52.235,51.097,51.308,341631.0
2022-05-09,51.325,51.395,50.52,50.642,283668.0
2022-05-10,50.642,51.535,50.24,51.518,462987.0
2022-05-11,51.36,51.623,50.87,51.01,553816.0
2022-05-12,51.08,51.413,50.24,50.59,404750.0
2022-05-13,50.747,52.2,50.537,52.2,564500.0
2022-05-16,52.253,52.323,51.675,51.78,337057.0
2022-05-17,52.06,52.27,51.623,51.798,340348.0
2022-05-18,51.938,51.938,51.115,51.413,383736.0
2022-05-19,51.308,52.323,51.255,52.288,485202.0
2022-05-20,52.498,53.181,52.148,52.323,562443.0
2022-05-23,52.673,52.673,51.308,51.623,523528.0
2022-05-24,51.465,52.025,51.36,51.605,378896.0
2022-05-25,51.868,52.306,51.693,52.165,403913.0
2022-05-26,52.411,53.268,52.165,53.198,585998.0
2022-05-27,53.531,53.584,52.988,53.058,456130.0
2022-05-30,53.338,53.601,52.778,53.093,404612.0
2022-05-31,53.023,53.619,52.866,53.584,442948.0
2022-06-01,53.584,54.126,53.286,53.951,477907.0
2022-06-02,53.636,53.899,53.268,53.408,399283.0
2022-06-06,53.566,53.986,52.761,53.776,542858.0
2022-06-07,53.584,53.619,52.866,52.971,515534.0
2022-06-08,53.198,53.268,52.796,53.146,381337.0
2022-06-09,53.006,53.619,52.901,53.041,494433.0
2022-06-10,52.988,53.654,52.953,53.584,859956.0
2022-06-13,53.093,53.391,52.13,52.288,913219.0
2022-06-14,52.095,53.584,52.095,53.549,765712.0
2022-06-15,53.514,53.689,52.918,52.971,525002.0
2022-06-16,53.093,53.146,52.2,52.2,604019.0
2022-06-17,52.393,52.953,52.306,52.848,518347.0
2022-06-20,52.673,52.708,51.938,52.025,631541.0
2022-06-21,52.025,52.235,51.798,52.06,425431.0
2022-06-22,52.13,52.306,51.92,52.148,484326.0
2022-06-23,52.148,52.2,51.85,51.973,491047.0
2022-06-24,51.99,52.481,51.85,52.446,573159.0
2022-06-27,52.411,52.656,52.165,52.341,491608.0
2022-06-28,52.323,52.323,51.92,51.99,575841.0
2022-06-29,51.973,52.13,51.675,52.06,590535.0
2022-06-30,52.008,52.13,51.71,52.008,391143.0
2022-07-01,53.549,54.459,53.321,54.109,1297093.0
2022-07-04,54.161,54.546,53.636,54.161,660130.0
2022-07-05,54.126,54.441,53.636,53.969,534588.0
2022-07-06,54.039,54.074,53.514,53.654,388448.0
2022-07-07,53.829,54.336,53.724,53.724,392578.0
2022-07-08,53.724,54.074,53.356,53.899,415700.0
2022-07-11,54.389,55.282,54.389,54.757,673386.0
2022-07-12,54.757,55.439,54.722,55.124,522403.0
2022-07-13,55.299,55.614,54.949,55.247,462033.0
2022-07-14,55.299,55.334,54.704,55.054,588772.0
2022-07-15,54.792,55.002,54.074,54.074,621757.0
2022-07-18,54.196,55.527,54.196,55.212,606761.0
2022-07-19,55.527,55.562,54.914,55.387,454164.0
2022-07-20,55.649,55.772,55.054,55.194,370602.0
2022-07-21,55.799,55.799,54.888,54.993,343868.0
2022-07-22,55.011,55.501,54.748,55.203,328322.0
2022-07-25,55.274,55.396,54.906,55.151,241719.0
2022-07-26,55.116,55.414,54.993,55.151,266513.0
2022-07-27,55.151,55.256,54.801,54.836,258844.0
2022-07-28,54.888,55.326,54.626,54.801,293326.0
2022-07-29,54.958,55.379,54.678,54.766,356801.0
2022-08-01,54.766,54.976,54.311,54.591,368129.0
2022-08-02,54.363,54.661,54.101,54.311,395205.0
2022-08-03,54.398,54.661,53.943,53.995,320413.0
2022-08-04,54.188,54.801,53.943,54.713,314619.0
2022-08-05,54.836,55.151,54.626,55.116,240371.0
2022-08-08,55.098,55.501,54.993,55.221,186789.0
2022-08-09,55.221,55.466,54.976,55.028,213611.0
2022-08-10,55.151,55.203,54.626,54.783,175136.0
2022-08-11,54.818,55.151,54.573,54.976,258411.0
2022-08-12,54.976,55.396,54.871,55.379,213291.0
2022-08-15,55.186,55.501,54.888,54.993,282339.0
2022-08-16,55.028,55.414,54.696,54.801,334412.0
2022-08-17,54.748,54.748,53.89,54.206,563318.0
2022-08-18,54.066,54.346,53.89,53.925,280852.0
2022-08-19,53.645,54.311,53.453,54.258,383746.0
2022-08-22,54.03,54.608,53.978,54.066,308109.0
2022-08-23,54.013,54.066,53.593,53.628,376747.0
2022-08-24,53.628,53.96,53.488,53.505,276685.0
2022-08-25,53.593,54.363,53.593,54.258,281824.0
2022-08-26,54.241,54.241,53.698,53.908,279533.0
2022-08-29,53.663,54.013,53.488,53.75,266743.0
2022-08-30,53.75,53.873,53.435,53.715,230440.0
2022-08-31,53.803,54.941,53.715,54.941,810053.0
2022-09-01,54.503,55.116,54.311,54.818,377806.0
2022-09-02,54.801,55.274,54.503,54.661,291597.0
2022-09-05,54.468,54.801,54.118,54.661,311539.0
2022-09-06,54.713,54.941,54.503,54.538,343371.0
2022-09-07,54.276,54.346,53.96,54.223,423952.0
2022-09-08,54.311,54.713,54.153,54.363,259446.0
2022-09-09,54.538,55.081,54.381,54.818,354353.0
2022-09-13,54.713,54.818,54.381,54.608,273346.0
2022-09-14,54.451,54.853,54.346,54.451,218759.0
2022-09-15,54.486,54.941,54.293,54.486,405831.0
2022-09-16,54.503,54.696,54.03,54.03,398815.0
2022-09-19,54.153,54.328,53.943,54.066,281287.0
2022-09-20,54.066,54.171,53.925,53.96,235486.0
2022-09-21,53.96,54.241,53.785,53.978,249728.0
2022-09-22,53.873,54.101,53.68,53.96,233920.0
2022-09-23,53.733,54.118,53.733,53.803,275063.0
2022-09-26,53.715,53.96,53.313,53.313,402686.0
2022-09-27,53.26,53.33,52.402,52.7,604007.0
2022-09-28,52.665,52.682,52.14,52.28,624738.0
2022-09-29,52.227,52.665,51.807,52.175,554384.0
2022-09-30,52.175,52.963,51.965,52.77,423325.0
2022-10-10,53.208,53.995,53.05,53.855,644091.0
2022-10-11,53.785,54.048,53.61,53.96,372522.0
2022-10-12,53.925,54.083,53.225,53.593,449075.0
2022-10-13,53.085,53.645,52.455,53.295,565025.0
2022-10-14,53.278,53.575,52.963,53.155,363852.0
2022-10-17,53.295,53.295,52.805,52.805,291535.0
2022-10-18,52.805,53.068,52.367,52.437,415319.0
2022-10-19,52.385,52.612,52.07,52.122,338770.0
2022-10-20,52.052,52.332,51.895,52.07,368155.0
2022-10-21,51.982,52.525,51.842,52.192,610416.0
2022-10-24,52.157,52.507,50.967,51.177,718728.0
2022-10-25,51.474,52.0,51.317,51.492,513415.0
2022-10-27,51.509,51.807,49.514,49.706,1075023.0
2022-10-28,49.706,50.161,49.006,49.163,996987.0
2022-10-31,48.481,49.198,47.99,48.428,983390.0
2022-11-01,48.411,48.691,47.903,48.533,961429.0
2022-11-02,48.498,48.883,48.061,48.778,761920.0
2022-11-03,48.586,48.621,47.78,47.938,746452.0
2022-11-04,47.728,48.446,47.535,48.218,848833.0
2022-11-07,48.061,48.376,47.92,48.218,694658.0
2022-11-08,48.271,48.568,47.885,48.061,788151.0
2022-11-09,48.096,48.323,48.061,48.183,483287.0
2022-11-10,48.201,48.236,47.78,47.973,423338.0
2022-11-11,48.411,48.936,48.025,48.761,977162.0
2022-11-14,48.918,49.023,48.148,48.271,735755.0
2022-11-15,48.271,50.091,48.078,49.741,1013531.0
2022-11-16,49.549,50.021,49.391,49.811,551945.0
2022-11-17,49.689,50.214,49.549,50.179,500393.0
2022-11-18,50.214,50.389,49.654,49.811,316918.0
2022-11-21,49.689,49.986,49.216,49.881,244795.0
2022-11-22,49.881,50.424,49.601,50.336,397721.0
2022-11-23,50.249,50.932,50.214,50.354,425624.0
2022-11-24,50.599,50.914,50.354,50.389,240667.0
2022-11-25,50.319,51.194,50.266,51.142,328681.0
2022-11-28,50.687,50.949,50.109,50.599,427665.0
2022-11-29,50.774,50.774,50.161,50.371,633945.0
2022-11-30,50.249,50.512,50.109,50.109,541587.0
2022-12-01,50.284,50.477,50.056,50.091,499774.0
2022-12-02,50.004,50.459,50.004,50.371,369816.0
2022-12-05,50.459,50.862,50.284,50.687,498753.0
2022-12-06,50.512,50.599,50.161,50.196,362754.0
2022-12-07,50.284,50.336,49.409,49.584,622812.0
2022-12-08,49.496,49.811,49.198,49.549,437712.0
2022-12-09,49.531,49.724,49.391,49.584,447920.0
2022-12-12,49.479,49.724,49.006,49.163,345922.0
2022-12-13,49.163,49.286,48.743,49.093,334095.0
2022-12-14,49.076,49.251,48.778,49.111,344511.0
2022-12-15,48.953,49.216,48.761,48.883,382256.0
2022-12-16,48.866,49.479,48.796,49.479,399036.0
2022-12-19,49.304,49.549,48.586,48.761,462474.0
2022-12-20,48.761,49.023,48.516,48.638,313328.0
2022-12-21,48.708,48.918,48.498,48.778,275175.0
2022-12-22,48.971,49.163,48.428,48.603,360909.0
2022-12-23,48.516,48.778,48.376,48.691,355906.0
2022-12-26,48.708,48.848,48.551,48.621,292021.0
2022-12-27,48.796,49.023,48.673,48.918,383369.0
2022-12-28,48.813,49.233,48.778,49.146,503172.0
2022-12-29,49.549,49.846,48.901,49.374,539964.0
2022-12-30,49.339,49.811,49.216,49.724,459205.0
2023-01-03,49.636,49.846,49.374,49.566,367992.0
2023-01-04,49.689,49.689,49.304,49.426,273466.0
2023-01-05,49.549,49.671,49.216,49.321,439916.0
2023-01-06,49.304,49.566,48.971,49.531,488491.0
2023-01-09,49.619,49.636,49.198,49.339,351344.0
2023-01-10,49.233,49.461,49.023,49.076,408130.0
2023-01-11,49.339,49.934,49.321,49.409,645293.0
2023-01-12,49.461,49.549,49.128,49.163,477778.0
2023-01-13,49.198,49.706,49.111,49.601,515295.0
2023-01-16,49.584,49.899,49.461,49.671,605451.0
2023-01-17,49.584,49.811,49.146,49.163,677008.0
2023-01-18,49.251,49.409,49.128,49.198,422534.0
2023-01-19,49.198,49.198,48.656,48.708,806677.0
2023-01-20,48.901,49.776,48.761,49.776,1232714.0
2023-01-30,49.934,50.004,49.549,49.566,658505.0
2023-01-31,48.953,49.549,48.953,49.356,671789.0
2023-02-01,49.461,49.514,49.041,49.356,514270.0
2023-02-02,49.374,49.759,49.111,49.636,588708.0
2023-02-03,49.479,49.671,49.339,49.584,452387.0
2023-02-06,49.409,49.741,49.269,49.689,385571.0
2023-02-07,49.741,50.389,49.706,50.249,628512.0
2023-02-08,50.249,50.547,50.196,50.371,388672.0
2023-02-09,50.371,50.582,50.179,50.231,369751.0
2023-02-10,50.249,50.301,49.881,50.091,285847.0
2023-02-13,49.969,50.109,49.794,49.916,335157.0
2023-02-14,49.934,50.074,49.811,50.004,255681.0
2023-02-15,49.986,50.091,49.654,49.811,346349.0
2023-02-16,49.759,49.986,49.409,49.636,497908.0
2023-02-17,49.619,49.829,49.251,49.304,449435.0
2023-02-20,49.251,50.144,49.251,50.039,512606.0
2023-02-21,50.039,50.284,49.934,50.196,369788.0
2023-02-22,50.196,50.301,49.969,49.969,243146.0
2023-02-23,50.004,50.109,49.811,49.881,356057.0
2023-02-24,49.794,49.951,49.724,49.759,416001.0
2023-02-27,49.671,49.951,49.549,49.636,306550.0
2023-02-28,49.724,50.074,49.619,50.004,370092.0
2023-03-01,49.986,50.512,49.934,50.161,700934.0
2023-03-02,50.004,50.196,49.811,50.144,568608.0
2023-03-03,50.161,50.441,50.074,50.301,624296.0
2023-03-06,50.389,50.547,50.074,50.179,623274.0
2023-03-07,50.196,50.389,49.899,49.951,645875.0
2023-03-08,49.829,49.934,49.461,49.654,681850.0
2023-03-09,49.689,49.689,49.356,49.374,533235.0
2023-03-10,49.216,49.461,49.216,49.286,480711.0
2023-03-13,49.286,49.706,49.216,49.619,572819.0
2023-03-14,49.584,49.986,49.514,49.846,720887.0
2023-03-15,49.899,50.004,49.531,49.741,543041.0
2023-03-16,49.654,50.249,49.566,50.091,811402.0
2023-03-17,50.249,50.599,50.074,50.074,638241.0
2023-03-20,50.039,50.354,49.584,49.636,497956.0
2023-03-21,49.671,49.899,49.584,49.619,384452.0
2023-03-22,49.986,50.109,49.584,49.671,490534.0
2023-03-23,49.636,49.689,49.391,49.584,532133.0
2023-03-24,49.584,49.706,49.251,49.339,621818.0
2023-03-27,49.356,49.409,48.463,48.533,1232322.0
2023-03-28,48.638,48.638,48.008,48.288,1298541.0
2023-03-29,48.463,49.356,48.358,49.233,1762969.0
2023-03-30,49.111,50.179,49.111,50.109,1596219.0
2023-03-31,50.109,50.319,49.969,50.161,722900.0
2023-04-03,50.074,50.161,49.864,49.899,416840.0
2023-04-04,49.881,50.249,49.829,50.196,523570.0
2023-04-06,50.144,50.214,49.916,50.074,245027.0
2023-04-07,50.091,50.179,49.741,49.864,290180.0
2023-04-10,50.039,50.231,49.881,50.144,322785.0
2023-04-11,50.231,50.284,49.899,50.214,407302.0
2023-04-12,50.249,50.582,50.109,50.424,418299.0
2023-04-13,50.371,50.512,49.899,49.986,469739.0
2023-04-14,50.091,50.371,50.039,50.091,381914.0
2023-04-17,50.074,50.249,49.951,50.249,420521.0
2023-04-18,50.249,50.354,50.021,50.179,413559.0
2023-04-19,50.214,50.319,49.811,49.864,723769.0
2023-04-20,49.881,50.021,49.689,49.951,475779.0
2023-04-21,49.969,50.477,49.794,49.829,700335.0
2023-04-24,49.986,50.144,49.706,49.776,471080.0
2023-04-25,49.741,50.109,49.689,50.021,484189.0
2023-04-26,50.039,50.389,49.969,50.039,453451.0
2023-04-27,50.231,51.334,50.109,51.282,945612.0
2023-04-28,51.159,51.404,50.809,51.264,660156.0
2023-05-04,51.264,52.455,50.984,52.455,856300.0
2023-05-05,52.21,52.21,51.579,51.65,613817.0
2023-05-08,51.65,52.192,51.492,52.07,689704.0
2023-05-09,51.947,53.383,51.86,52.787,974938.0
2023-05-10,52.787,53.593,52.157,52.157,685452.0
2023-05-11,52.402,53.278,52.21,52.875,538423.0
2023-05-12,52.945,53.488,52.7,53.068,682035.0
2023-05-15,52.875,53.243,52.717,53.225,530323.0
2023-05-16,53.225,53.453,52.717,53.155,564170.0
2023-05-17,53.19,53.453,52.893,53.015,450117.0
2023-05-18,53.085,53.698,53.068,53.365,468708.0
2023-05-19,53.243,53.365,52.893,52.91,361886.0
2023-05-22,53.12,53.785,52.98,53.628,582943.0
2023-05-23,53.645,53.803,53.295,53.295,330978.0
2023-05-24,53.295,53.365,52.577,52.577,476768.0
2023-05-25,52.56,52.875,52.385,52.7,369270.0
2023-05-26,52.735,52.928,52.42,52.455,275607.0
2023-05-29,52.56,53.103,52.542,53.033,401644.0
2023-05-30,53.015,53.12,52.315,52.787,451087.0
2023-05-31,52.542,52.595,51.72,52.367,725719.0
2023-06-01,52.245,52.525,52.035,52.14,388154.0
2023-06-02,52.315,52.332,51.93,52.052,391962.0
2023-06-05,52.157,52.525,52.087,52.262,316185.0
2023-06-06,52.262,52.472,51.947,52.035,286430.0
2023-06-07,52.175,52.35,51.982,52.07,321938.0
2023-06-08,52.157,52.665,52.087,52.63,289757.0
2023-06-09,52.612,53.085,52.577,52.98,375421.0
2023-06-12,52.945,53.015,52.122,52.14,489731.0
2023-06-13,52.157,52.315,51.842,52.0,417253.0
2023-06-14,52.14,52.385,51.912,51.912,364016.0
2023-06-15,52.035,52.14,51.544,51.965,443243.0
2023-06-16,52.0,52.332,51.597,51.825,584770.0
2023-06-19,51.685,51.842,51.282,51.79,473139.0
2023-06-20,51.685,51.947,51.614,51.632,316147.0
2023-06-21,51.825,52.175,51.632,51.65,405526.0
2023-06-26,51.65,51.93,51.299,51.895,562346.0
2023-06-27,51.895,51.947,51.317,51.685,381324.0
2023-06-28,51.72,52.35,51.65,52.315,567813.0
2023-06-29,52.315,52.332,51.632,51.702,499003.0
2023-06-30,51.702,51.877,51.509,51.579,414027.0
2023-07-03,51.632,51.877,51.614,51.685,371267.0
2023-07-04,51.685,51.86,51.457,51.562,345040.0
2023-07-05,51.614,51.877,51.509,51.597,306868.0
2023-07-06,51.597,51.755,51.369,51.474,348556.0
2023-07-07,51.404,51.614,51.369,51.474,506868.0
2023-07-10,51.562,51.685,51.387,51.474,336732.0
2023-07-11,51.562,51.562,51.229,51.474,485493.0
2023-07-12,51.387,51.79,51.282,51.72,505246.0
2023-07-13,51.72,52.437,51.614,52.21,647382.0
2023-07-14,52.14,52.437,52.017,52.297,387170.0
2023-07-17,52.315,52.42,52.035,52.245,196929.0
2023-07-18,52.297,52.402,52.14,52.192,268521.0
2023-07-19,52.035,52.385,52.035,52.35,330672.0
2023-07-20,52.49,52.542,52.175,52.175,434410.0
2023-07-21,52.212,52.649,52.142,52.212,550371.0
2023-07-24,52.037,52.352,51.984,52.142,276959.0
2023-07-25,52.282,52.282,51.599,51.739,764038.0
2023-07-26,51.739,51.862,51.546,51.844,482596.0
2023-07-27,51.809,52.019,51.511,51.564,413652.0
2023-07-28,51.546,51.844,51.406,51.756,589361.0
2023-07-31,51.739,52.299,51.739,51.967,668330.0
2023-08-01,52.037,52.422,51.949,52.422,489135.0
2023-08-02,52.387,52.422,52.072,52.194,322539.0
2023-08-03,52.282,52.387,52.107,52.317,341634.0
2023-08-04,52.317,52.597,52.002,52.107,403813.0
2023-08-07,52.124,52.824,52.072,52.772,553821.0
2023-08-08,52.632,53.105,52.632,53.087,388447.0
2023-08-09,53.07,53.192,52.579,53.105,415777.0
2023-08-10,53.105,53.192,52.859,53.07,230600.0
2023-08-11,53.052,53.105,52.474,52.474,320195.0
2023-08-14,52.387,52.824,52.124,52.579,550766.0
2023-08-15,52.562,53.052,52.492,52.947,456951.0
2023-08-16,52.964,53.035,52.579,52.684,251788.0
2023-08-17,52.597,53.157,52.509,53.122,372770.0
2023-08-18,53.017,53.385,52.999,53.017,286027.0
2023-08-21,53.017,53.175,52.649,52.649,311022.0
2023-08-22,52.807,53.087,52.544,52.912,416034.0
2023-08-23,52.964,53.245,52.754,52.824,337487.0
2023-08-24,52.772,52.894,52.474,52.509,388035.0
2023-08-25,52.474,53.262,52.422,53.192,460902.0
2023-08-28,53.787,53.875,52.894,53.122,749760.0
2023-08-29,53.122,53.402,52.719,52.772,533862.0
2023-08-30,52.912,53.157,52.754,52.859,334007.0
2023-08-31,52.824,53.192,52.737,53.017,473136.0
2023-09-01,52.929,53.017,52.474,52.579,530416.0
2023-09-04,52.737,52.754,52.177,52.334,748233.0
2023-09-05,52.334,52.772,52.247,52.719,584108.0
2023-09-06,52.597,52.824,52.562,52.579,249716.0
2023-09-07,52.649,52.789,52.352,52.649,438933.0
2023-09-08,52.597,52.719,52.404,52.632,286679.0
2023-09-11,52.614,53.017,52.614,52.894,383446.0
2023-09-12,52.842,53.052,52.719,53.035,318434.0
2023-09-13,53.087,53.49,52.929,53.35,633341.0
2023-09-14,53.56,54.313,53.367,54.12,790228.0
2023-09-15,54.12,54.295,53.612,53.822,495418.0
2023-09-18,53.717,53.892,53.472,53.63,396915.0
2023-09-19,53.577,53.91,53.437,53.84,297395.0
2023-09-20,53.822,53.997,53.63,53.892,280077.0
2023-09-21,53.91,54.032,53.56,53.577,363655.0
2023-09-22,53.682,53.875,53.472,53.752,449178.0
2023-09-25,53.945,54.067,53.577,53.77,340861.0
2023-09-26,53.857,53.857,53.49,53.63,257166.0
2023-09-27,53.717,53.735,53.227,53.28,397997.0
2023-09-28,53.367,53.577,53.315,53.332,344074.0
2023-10-09,53.35,54.172,53.35,53.892,543934.0
2023-10-10,54.137,54.137,53.682,53.98,361180.0
2023-10-11,54.085,54.47,53.962,54.015,407657.0
2023-10-12,54.47,54.47,53.857,53.997,295306.0
2023-10-13,53.875,54.278,53.875,54.207,359194.0
2023-10-16,54.278,54.663,54.12,54.278,474980.0
2023-10-17,54.33,54.645,54.19,54.593,416973.0
2023-10-18,54.75,54.978,54.418,54.575,498013.0
2023-10-19,54.418,54.645,53.84,53.875,487666.0
2023-10-20,53.875,54.102,53.525,53.525,628851.0
2023-10-23,53.525,54.015,53.262,53.42,538436.0
2023-10-24,53.542,54.085,53.227,53.962,533077.0
2023-10-25,53.962,53.997,52.737,52.754,1005229.0
2023-10-26,52.649,53.525,52.597,53.49,666489.0
2023-10-27,53.472,53.735,53.28,53.332,548441.0
2023-10-30,53.367,53.927,53.332,53.7,728356.0
2023-10-31,53.577,54.05,53.385,53.91,637527.0
2023-11-01,53.927,54.207,53.612,54.067,590464.0
2023-11-02,54.26,54.4,54.015,54.243,434397.0
2023-11-03,54.243,54.61,54.085,54.155,547430.0
2023-11-06,54.207,54.26,53.227,53.332,1002466.0
2023-11-07,53.332,53.507,53.21,53.385,352991.0
2023-11-08,53.42,53.7,53.42,53.56,323137.0
2023-11-09,53.56,54.05,53.472,53.91,525440.0
2023-11-10,53.91,54.067,53.542,53.91,437302.0
2023-11-13,53.805,53.875,53.507,53.84,324293.0
2023-11-14,53.84,53.997,53.542,53.56,477469.0
2023-11-15,53.56,53.997,53.56,53.962,480396.0
2023-11-16,53.892,54.19,53.822,54.155,712630.0
2023-11-17,54.05,54.26,53.77,53.997,406686.0
2023-11-20,54.067,54.207,53.945,54.05,343586.0
2023-11-21,53.997,54.295,53.98,54.137,471898.0
2023-11-22,54.137,54.278,53.962,54.137,338047.0
2023-11-23,54.085,54.19,53.735,53.997,403904.0
2023-11-24,53.927,54.4,53.892,54.102,553934.0
2023-11-27,54.102,54.172,53.77,53.98,526889.0
2023-11-28,53.98,53.997,53.7,53.787,380658.0
2023-11-29,53.857,53.857,53.612,53.717,530491.0
2023-11-30,53.84,54.365,53.735,54.365,932514.0
2023-12-01,54.453,54.47,53.997,54.19,576681.0
2023-12-04,54.19,54.243,53.997,54.137,367360.0
2023-12-05,54.12,54.348,53.84,53.927,659551.0
2023-12-06,53.875,53.927,53.595,53.787,607310.0
2023-12-07,53.717,54.05,53.665,53.962,461342.0
2023-12-08,53.875,54.05,53.7,53.997,652141.0
2023-12-11,53.822,54.418,53.525,54.348,913256.0
2023-12-12,54.19,54.68,54.172,54.628,547464.0
2023-12-13,54.61,54.75,54.505,54.645,457810.0
2023-12-14,54.645,54.803,54.33,54.68,463824.0
2023-12-15,54.663,54.925,54.26,54.278,660779.0
2023-12-18,54.278,54.785,54.278,54.785,463203.0
2023-12-19,54.785,54.89,54.61,54.75,563288.0
2023-12-20,54.768,55.503,54.733,55.188,700385.0
2023-12-21,55.153,55.293,54.82,54.925,692877.0
2023-12-22,54.943,55.188,54.855,54.978,553688.0
2023-12-25,54.978,55.398,54.855,55.363,442480.0
2023-12-26,55.363,55.888,55.328,55.591,615197.0
2023-12-27,55.521,55.696,55.258,55.591,562785.0
2023-12-28,55.626,56.046,54.978,55.153,907283.0
2023-12-29,55.188,55.293,54.855,55.258,628469.0
2024-01-02,55.258,56.011,55.223,55.853,688803.0
2024-01-03,55.836,56.063,55.713,55.993,607525.0
2024-01-04,56.063,56.378,55.731,56.063,613423.0
2024-01-05,56.028,56.326,55.818,55.958,705631.0
2024-01-08,55.958,56.098,55.591,55.713,654394.0
2024-01-09,55.713,55.853,55.188,55.608,801505.0
2024-01-10,55.556,55.783,55.03,55.258,672430.0
2024-01-11,55.328,55.345,54.855,54.978,609199.0
2024-01-12,54.82,55.696,54.82,55.591,620056.0
2024-01-15,55.503,55.801,55.363,55.538,409877.0
2024-01-16,55.398,55.661,55.188,55.626,578343.0
2024-01-17,55.626,55.713,55.223,55.223,665091.0
2024-01-18,55.188,55.398,54.453,55.223,1227389.0
2024-01-19,55.188,55.573,54.873,55.538,944947.0
2024-01-22,54.943,55.503,54.785,55.065,1107906.0
2024-01-23,54.943,55.275,54.54,55.1,853064.0
2024-01-24,55.205,56.186,55.153,56.151,1086490.0
2024-01-25,56.168,56.588,55.906,56.308,828913.0
2024-01-26,56.151,56.746,56.081,56.641,713703.0
2024-01-29,56.571,57.289,56.518,56.886,694170.0
2024-01-30,56.869,57.044,56.431,56.588,797844.0
2024-01-31,56.553,57.219,56.466,57.114,885502.0
2024-02-01,56.939,57.184,56.676,56.676,660741.0
2024-02-02,56.799,57.324,56.676,56.904,1018175.0
2024-02-05,57.026,57.954,56.921,57.744,1149371.0
2024-02-06,57.639,58.619,57.429,57.674,1266030.0
2024-02-07,57.796,57.814,56.834,57.639,1356422.0
2024-02-08,57.481,57.709,57.114,57.534,874972.0
2024-02-19,57.429,58.672,57.289,58.514,872457.0
2024-02-20,58.479,59.425,58.357,59.11,686084.0
2024-02-21,59.075,59.39,58.847,58.847,798776.0
2024-02-22,59.04,59.355,58.794,59.127,666892.0
2024-02-23,59.04,59.46,58.724,59.372,610306.0
2024-02-26,59.022,59.11,58.042,58.077,805885.0
2024-02-27,58.007,58.234,57.849,58.042,546551.0
2024-02-28,57.849,58.934,57.446,58.689,1202233.0
2024-02-29,58.514,58.724,58.164,58.252,762287.0
2024-03-01,58.252,58.427,57.989,58.164,571129.0
2024-03-04,58.112,58.987,57.937,58.952,863299.0
2024-03-05,58.777,59.915,58.742,59.81,988443.0
2024-03-06,59.74,60.44,59.582,59.67,877754.0
2024-03-07,59.652,60.125,59.565,59.74,766939.0
2024-03-08,59.775,60.072,59.495,59.617,614489.0
2024-03-11,59.512,59.897,59.162,59.495,768872.0
2024-03-12,59.39,59.477,57.744,57.867,1590727.0
2024-03-13,57.867,58.042,57.306,57.972,1294034.0
2024-03-14,57.744,57.954,57.446,57.621,999132.0
2024-03-15,57.621,58.042,57.569,57.656,739470.0
2024-03-18,57.621,57.937,57.481,57.586,800083.0
2024-03-19,57.586,58.129,57.464,57.674,791305.0
2024-03-20,57.674,58.549,57.569,58.164,1046359.0
2024-03-21,58.252,58.339,58.024,58.059,668112.0
2024-03-22,58.042,58.322,57.761,58.182,774087.0
2024-03-25,58.322,58.339,58.059,58.129,674645.0
2024-03-26,58.164,58.199,57.639,57.884,768377.0
2024-03-27,57.796,58.199,57.761,57.867,726315.0
2024-03-28,57.919,58.199,57.551,57.902,815938.0
2024-03-29,57.867,58.129,57.849,58.042,593291.0
2024-04-01,58.077,58.147,57.586,57.691,878316.0
2024-04-02,57.674,57.884,57.376,57.534,928545.0
2024-04-03,57.464,57.499,56.869,57.184,1153081.0
2024-04-08,57.131,58.882,57.096,58.794,1796398.0
2024-04-09,58.514,58.812,58.147,58.427,1043433.0
2024-04-10,58.427,59.442,58.409,59.267,1123999.0
2024-04-11,59.18,59.32,58.637,59.232,689166.0
2024-04-12,59.127,59.285,58.777,58.899,627886.0
2024-04-15,58.917,59.792,58.899,59.722,785348.0
2024-04-16,59.582,60.195,59.355,59.792,834406.0
2024-04-17,59.652,60.09,59.092,59.88,817739.0
2024-04-18,59.775,60.248,59.565,59.827,848981.0
2024-04-19,59.74,60.072,59.442,59.915,774854.0
2024-04-22,59.792,60.248,59.582,59.67,641252.0
2024-04-23,59.635,60.002,59.215,59.512,575504.0
2024-04-24,59.74,59.81,59.337,59.512,563092.0
2024-04-25,59.477,59.652,59.145,59.355,428470.0
2024-04-26,59.232,59.67,59.127,59.162,690288.0
2024-04-29,59.162,59.32,58.689,59.005,776530.0
2024-04-30,58.864,59.95,58.794,59.547,882743.0
2024-05-06,59.547,59.547,58.917,58.987,1105890.0
2024-05-07,58.987,59.057,58.724,58.777,634828.0
2024-05-08,58.777,59.127,58.707,58.707,606272.0
2024-05-09,58.777,58.864,58.444,58.794,686815.0
2024-05-10,58.794,59.075,58.619,59.005,798088.0
2024-05-13,59.04,59.39,58.794,59.25,926474.0
2024-05-14,59.25,59.25,58.829,59.18,605062.0
2024-05-15,59.127,59.372,58.952,59.005,443842.0
2024-05-16,59.022,59.11,58.864,58.899,578414.0
2024-05-17,58.952,59.652,58.934,59.53,949507.0
2024-05-20,59.46,60.195,59.32,59.897,910148.0
2024-05-21,60.002,60.353,59.88,60.09,649325.0
2024-05-22,60.195,60.283,59.792,59.88,569502.0
2024-05-23,60.002,60.51,59.845,60.177,773126.0
2024-05-24,60.283,60.878,60.142,60.44,777151.0
2024-05-27,60.458,61.14,60.458,60.808,780009.0
2024-05-28,60.825,61.368,60.755,61.158,672593.0
2024-05-29,61.14,61.263,60.633,61.123,620520.0
2024-05-30,61.07,61.578,60.965,61.14,539805.0
2024-05-31,61.245,61.701,60.93,60.983,708189.0
2024-06-03,61.473,62.541,61.228,62.418,1148763.0
2024-06-04,62.418,62.891,62.191,62.506,792762.0
2024-06-05,62.611,63.556,62.523,63.346,887222.0
2024-06-06,63.241,64.082,62.996,63.469,1061203.0
2024-06-07,63.416,64.064,63.241,63.959,868116.0
2024-06-11,63.977,64.274,63.276,63.731,873338.0
2024-06-12,63.556,64.292,63.416,64.082,756242.0
2024-06-13,64.099,64.817,63.977,64.642,892827.0
2024-06-14,64.554,64.764,62.944,63.241,2426430.0
2024-06-17,62.979,63.521,62.699,63.224,1067303.0
2024-06-18,63.224,63.311,62.699,63.066,658936.0
2024-06-19,63.031,63.539,62.926,63.486,536591.0
2024-06-20,63.539,64.117,63.434,64.012,655689.0
2024-06-21,64.012,64.327,63.469,63.994,742965.0
2024-06-24,64.117,65.167,64.029,64.974,1069296.0
2024-06-25,64.939,65.027,63.942,64.554,880211.0
2024-06-26,64.624,64.939,64.082,64.554,514241.0
2024-06-27,64.467,65.08,64.432,64.852,665509.0
2024-06-28,64.852,65.22,64.432,65.027,723670.0
2024-07-01,65.027,66.305,65.027,66.007,723519.0
2024-07-02,65.99,66.147,65.587,66.007,582890.0
2024-07-03,65.885,66.077,65.167,65.692,732520.0
2024-07-04,65.552,66.13,65.517,65.85,661930.0
2024-07-05,66.165,66.165,64.904,65.727,1007631.0
2024-07-08,65.552,67.005,65.517,66.778,1008971.0
2024-07-09,66.76,67.496,66.585,67.461,857246.0
2024-07-10,67.408,67.653,66.69,67.093,765968.0
2024-07-11,67.145,67.268,66.393,67.25,747140.0
2024-07-12,67.198,67.443,66.568,66.708,681127.0
2024-07-15,66.55,67.793,66.323,67.671,787955.0
2024-07-16,67.793,68.441,67.355,68.318,689249.0
2024-07-17,68.231,68.581,67.898,68.318,740569.0
2024-07-18,68.231,69.439,68.178,69.299,999956.0
2024-07-19,69.229,69.614,68.844,69.369,1124175.0
2024-07-22,69.369,69.404,67.828,69.019,974276.0
2024-07-23,69.054,69.754,68.844,69.526,901448.0
2024-07-24,69.526,70.437,69.299,70.174,882811.0
2024-07-25,70.227,70.594,69.001,69.807,977369.0
2024-07-26,69.596,69.596,67.881,68.616,1149553.0
2024-07-29,68.283,69.054,67.496,68.704,751623.0
2024-07-30,68.651,69.159,68.143,68.546,606823.0
2024-07-31,68.441,68.476,67.443,68.108,944332.0
2024-08-01,67.741,68.949,67.653,68.563,684859.0
2024-08-02,68.353,68.914,68.003,68.774,577750.0
2024-08-05,68.511,68.704,68.091,68.178,631031.0
2024-08-06,68.178,68.511,67.128,67.408,936574.0
2024-08-07,67.25,68.441,67.25,67.916,676411.0
2024-08-08,67.916,68.371,67.688,67.968,467605.0
2024-08-09,67.846,67.986,67.25,67.548,596901.0
2024-08-12,67.583,67.846,66.813,66.918,510891.0
2024-08-13,67.093,67.268,66.708,67.058,461630.0
2024-08-14,67.11,68.091,66.655,67.566,678626.0
2024-08-15,67.548,68.301,67.303,68.003,598896.0
2024-08-16,68.038,68.143,67.531,67.688,509499.0
2024-08-19,67.636,68.108,67.601,67.881,427982.0
2024-08-20,67.933,68.073,67.355,67.741,461304.0
2024-08-21,67.758,67.986,67.005,67.916,471910.0
2024-08-22,67.828,68.879,67.811,68.774,779380.0
2024-08-23,68.826,68.914,68.003,68.196,546112.0
2024-08-26,68.196,68.441,67.443,68.038,496396.0
2024-08-27,67.933,68.178,67.618,68.003,350605.0
2024-08-28,67.986,68.528,67.828,68.038,496902.0
2024-08-29,68.073,68.126,67.058,67.233,676036.0
2024-08-30,67.04,67.618,66.095,67.268,898493.0
2024-09-02,66.655,68.021,66.638,67.846,733296.0
2024-09-03,67.741,67.986,66.69,66.795,667108.0
2024-09-04,66.795,67.198,66.445,66.865,401535.0
2024-09-05,66.883,67.093,66.463,66.813,374874.0
2024-09-06,66.778,67.443,66.725,66.778,400538.0
2024-09-09,67.005,67.355,66.708,67.215,633732.0
2024-09-10,67.145,67.461,66.515,66.865,580050.0
2024-09-11,66.865,66.865,64.239,64.502,1439497.0
2024-09-12,64.327,64.957,64.204,64.607,662191.0
2024-09-13,64.607,65.727,64.537,65.377,809732.0
2024-09-18,65.29,66.147,65.237,65.412,526236.0
2024-09-19,65.5,65.605,64.572,65.43,697997.0
2024-09-20,65.167,65.412,64.572,65.115,822952.0
2024-09-23,65.115,65.605,64.817,65.202,479050.0
2024-09-24,65.605,66.393,64.974,66.183,1064787.0
2024-09-25,66.463,67.723,66.305,66.48,1181762.0
2024-09-26,66.673,66.83,66.095,66.83,1143163.0
2024-09-27,67.005,67.005,64.957,66.585,1887037.0
2024-09-30,66.305,69.229,65.92,68.441,3960785.0
2024-10-08,71.872,72.345,66.393,66.988,4623565.0
2024-10-09,66.568,67.285,65.237,65.815,2669254.0
2024-10-10,65.902,68.056,65.885,66.918,2624284.0
2024-10-11,66.953,67.916,66.603,66.97,1425896.0
2024-10-14,66.988,67.566,66.778,67.215,1447014.0
2024-10-15,67.128,67.285,66.393,66.393,1171128.0
2024-10-16,66.253,67.163,65.92,66.095,1272300.0
2024-10-17,66.13,66.235,65.377,65.377,1120938.0
2024-10-18,65.412,66.025,64.904,65.605,1491816.0
2024-10-21,65.482,65.482,64.589,64.782,1396284.0
2024-10-22,64.782,65.482,64.554,64.992,1040632.0
2024-10-23,64.992,65.43,64.852,64.957,902801.0
2024-10-24,64.957,65.08,64.414,64.852,783862.0
2024-10-25,64.852,64.992,63.819,64.047,1507185.0
2024-10-28,64.047,64.047,63.381,64.047,1177849.0
2024-10-29,64.047,64.904,63.714,64.344,1311884.0
2024-10-30,64.362,64.659,63.889,64.344,1012599.0
2024-10-31,64.817,64.869,63.837,64.117,1219031.0
2024-11-01,63.994,64.852,63.784,64.817,1213608.0
2024-11-04,64.817,64.834,64.169,64.677,906010.0
2024-11-05,64.519,64.747,64.362,64.607,1309388.0
2024-11-06,64.554,64.677,63.907,63.977,1380887.0
2024-11-07,63.802,64.589,63.784,64.554,1330334.0
2024-11-08,64.572,64.782,64.029,64.187,1190235.0
2024-11-11,63.907,64.204,63.731,63.942,939962.0
2024-11-12,63.942,64.204,63.014,63.049,2017467.0
2024-11-13,62.891,63.959,62.716,63.784,1551882.0
2024-11-14,63.714,64.309,63.504,63.837,986466.0
2024-11-15,63.749,63.959,63.276,63.276,935809.0
2024-11-18,63.381,64.047,63.259,63.837,1190518.0
2024-11-19,63.802,63.977,63.399,63.749,956803.0
2024-11-20,63.749,64.414,63.469,64.187,998049.0
2024-11-21,64.082,64.327,64.047,64.274,678485.0
2024-11-22,64.274,64.467,63.556,63.556,971291.0
2024-11-25,63.784,64.134,63.154,63.329,1014088.0
2024-11-26,63.276,63.434,62.944,63.101,883064.0
2024-11-27,63.066,63.889,63.066,63.784,1024693.0
2024-11-28,63.749,63.942,63.399,63.854,691606.0
2024-11-29,63.872,64.327,63.626,63.661,1090264.0
2024-12-02,63.784,64.344,63.626,64.169,886299.0
2024-12-03,64.187,65.027,64.047,64.764,1343476.0
2024-12-04,64.764,65.78,64.519,65.64,1372257.0
2024-12-05,65.552,66.042,65.202,65.377,980354.0
2024-12-06,65.412,65.797,65.115,65.167,909354.0
2024-12-09,65.08,65.745,64.729,65.57,802873.0
2024-12-10,65.552,65.867,64.782,64.887,1678877.0
2024-12-11,65.027,65.237,64.799,65.15,636184.0
2024-12-12,65.115,65.692,65.08,65.552,778750.0
2024-12-13,65.622,66.393,65.447,66.112,1542858.0
2024-12-16,66.218,67.285,66.218,67.093,1434633.0
2024-12-17,67.18,67.566,66.935,67.075,1078044.0
2024-12-18,67.268,68.038,66.83,67.338,983966.0
2024-12-19,67.058,67.758,66.97,67.058,910616.0
2024-12-20,66.97,67.355,66.743,66.953,787252.0
2024-12-23,66.935,68.021,66.795,67.601,1086336.0
2024-12-24,67.426,68.091,67.233,68.021,927356.0
2024-12-25,68.038,68.231,67.776,67.986,685161.0
2024-12-26,67.986,68.056,67.11,67.163,898846.0
2024-12-27,67.128,67.706,66.9,67.671,854237.0
2024-12-30,67.671,68.056,67.198,67.32,778257.0
2024-12-31,67.303,67.951,67.233,67.566,965370.0
2025-01-02,67.496,67.881,66.743,66.953,1041220.0
2025-01-03,66.97,67.355,66.34,66.603,946323.0
2025-01-06,66.778,66.778,65.745,66.41,794674.0
2025-01-07,66.393,66.41,65.797,66.077,654960.0
2025-01-08,66.025,66.883,65.955,66.603,906309.0
2025-01-09,66.498,66.708,65.972,66.235,581771.0
2025-01-10,66.235,66.69,65.745,66.375,694910.0
2025-01-13,66.253,66.445,65.605,66.27,906278.0
2025-01-14,66.253,66.568,66.112,66.323,819857.0
2025-01-15,66.13,66.813,65.92,66.253,722793.0
2025-01-16,66.13,66.568,66.112,66.323,720602.0
2025-01-17,66.375,66.655,66.183,66.62,596372.0
2025-01-20,66.69,66.708,66.305,66.55,665424.0
2025-01-21,66.533,67.145,66.288,66.883,789413.0
2025-01-22,66.883,67.128,65.902,66.06,1073703.0
2025-01-23,66.112,66.27,65.342,65.727,1034684.0
2025-01-24,65.885,66.358,65.57,65.57,840006.0
2025-01-27,65.692,67.145,65.605,66.795,995244.0
2025-02-05,66.725,66.778,65.692,65.832,902861.0
2025-02-06,65.85,65.972,65.447,65.692,676097.0
2025-02-07,65.57,65.64,65.045,65.447,1091476.0
2025-02-10,65.307,65.5,65.045,65.062,969001.0
2025-02-11,65.185,65.185,64.694,65.045,901386.0
2025-02-12,64.957,65.272,64.817,65.202,714701.0
2025-02-13,65.08,65.622,64.922,65.517,940018.0
2025-02-14,65.517,66.095,65.307,65.587,928764.0
2025-02-17,65.325,65.517,64.554,65.517,1095807.0
2025-02-18,65.307,66.2,65.307,65.85,1083707.0
2025-02-19,65.675,65.937,65.272,65.342,832431.0
2025-02-20,65.22,65.43,64.974,65.29,696212.0
2025-02-21,65.29,65.29,64.712,64.869,1246882.0
2025-02-24,64.869,65.08,64.362,64.432,1294032.0
2025-02-25,64.484,64.607,63.819,64.047,973229.0
2025-02-26,63.994,64.694,63.942,64.572,889170.0
2025-02-27,64.589,64.729,64.012,64.379,991769.0
2025-02-28,64.309,64.764,64.082,64.134,1175018.0
2025-03-03,64.134,64.222,63.574,63.626,1127634.0
2025-03-04,63.626,63.819,63.434,63.731,647252.0
2025-03-05,63.714,64.519,63.486,64.309,946605.0
2025-03-06,64.187,64.309,63.731,63.854,980759.0
2025-03-07,63.837,64.117,63.696,63.924,683832.0
2025-03-10,63.942,63.959,63.521,63.644,883224.0
2025-03-11,63.539,63.977,63.521,63.802,910403.0
2025-03-12,63.749,63.802,63.486,63.679,785238.0
2025-03-13,63.644,64.082,63.626,63.907,874097.0
2025-03-14,63.977,64.432,63.872,64.257,1114140.0
2025-03-17,64.362,64.677,64.082,64.117,763522.0
2025-03-18,64.117,64.204,63.766,63.819,777193.0
2025-03-19,63.889,64.694,63.749,64.572,1318599.0
2025-03-20,64.694,64.799,64.414,64.589,601942.0
2025-03-21,64.642,64.799,64.117,64.169,741877.0
2025-03-24,64.204,64.869,64.117,64.694,991625.0
2025-03-25,64.712,65.22,64.449,65.097,772560.0
2025-03-26,65.097,65.202,64.537,64.922,690883.0
2025-03-27,64.782,64.974,64.554,64.817,572991.0
2025-03-28,64.799,65.045,64.589,64.957,572223.0
2025-03-31,65.08,65.412,64.782,64.887,904841.0
2025-04-01,64.957,65.115,64.624,65.045,579886.0
2025-04-02,65.045,65.15,64.712,64.922,553530.0
2025-04-03,64.712,65.99,64.712,65.92,1437982.0
2025-04-07,65.29,66.725,64.817,65.797,3258722.0
2025-04-08,65.675,67.285,65.22,67.058,2341190.0
2025-04-09,67.058,68.021,66.55,67.968,2198018.0
2025-04-10,67.776,67.828,66.708,67.268,1385625.0
2025-04-11,67.461,67.461,66.97,67.32,873321.0
2025-04-14,66.988,67.408,66.655,67.233,826375.0
2025-04-15,67.11,67.583,66.953,67.443,783080.0
2025-04-16,67.408,67.688,67.058,67.671,1007602.0
2025-04-17,67.496,67.531,66.97,67.338,840853.0
2025-04-18,67.145,68.021,67.075,67.986,881174.0
2025-04-21,67.846,68.196,67.496,67.513,565837.0
2025-04-22,67.531,68.406,67.373,67.548,768949.0
2025-04-23,67.461,67.636,67.11,67.32,616107.0
2025-04-24,67.32,67.933,67.25,67.776,569273.0
2025-04-25,67.811,68.248,67.496,67.881,544572.0
2025-04-28,67.881,68.581,67.688,68.231,723471.0
2025-04-29,68.231,68.318,67.583,67.776,723059.0
2025-04-30,67.933,67.968,67.531,67.846,553509.0
2025-05-06,68.108,68.108,67.198,67.285,830990.0
2025-05-07,67.461,67.636,67.075,67.583,808890.0
2025-05-08,67.461,67.811,67.355,67.513,469961.0
2025-05-09,67.496,68.318,67.461,67.933,732928.0
2025-05-12,67.776,68.178,67.513,67.916,572355.0
2025-05-13,67.706,68.266,67.601,68.266,616986.0
2025-05-14,68.248,68.896,68.143,68.861,747906.0
2025-05-15,68.826,69.351,68.721,69.334,715433.0
2025-05-16,69.246,69.596,68.651,68.896,637560.0
2025-05-19,68.896,69.736,68.896,69.544,561942.0
2025-05-20,69.561,70.367,69.561,69.912,605876.0
2025-05-21,70.017,70.384,69.947,70.122,535498.0
2025-05-22,70.122,70.559,69.701,70.524,537264.0
2025-05-23,70.454,70.577,69.404,69.579,854248.0
2025-05-26,69.421,69.701,68.931,69.316,626512.0
2025-05-27,69.246,69.754,69.106,69.176,567981.0
2025-05-28,69.194,69.684,69.071,69.649,537809.0
2025-05-29,69.561,69.684,68.914,69.229,669369.0
2025-05-30,69.281,69.579,69.071,69.071,644790.0
2025-06-03,69.211,69.334,68.458,68.984,783223.0
2025-06-04,68.966,69.001,68.458,68.528,595582.0
2025-06-05,68.528,68.616,68.108,68.371,551350.0
2025-06-06,68.371,68.756,68.283,68.704,546937.0
2025-06-09,68.599,68.879,68.458,68.686,680594.0
2025-06-10,68.686,69.229,68.651,68.774,663488.0
2025-06-11,68.721,69.211,68.686,69.036,576656.0
2025-06-12,69.001,69.299,68.756,69.054,631839.0
2025-06-13,69.054,69.877,69.036,69.807,1044234.0
2025-06-16,69.684,69.807,69.246,69.526,516554.0
2025-06-17,69.509,69.947,68.826,69.894,788986.0
2025-06-18,69.772,70.227,69.719,69.964,621721.0
2025-06-19,70.122,70.192,69.736,69.982,559306.0
2025-06-20,69.982,70.174,69.386,69.421,561603.0
2025-06-23,69.386,70.052,69.211,69.859,588009.0
2025-06-24,69.789,70.139,69.649,69.736,788400.0
2025-06-25,69.561,70.384,69.421,70.262,783707.0
2025-06-26,70.262,70.804,70.227,70.664,705649.0
2025-06-27,70.752,70.752,69.071,69.106,1474530.0
2025-06-30,69.124,69.456,68.896,68.966,755185.0
2025-07-01,69.071,69.631,68.984,69.369,594763.0
2025-07-02,69.421,69.561,69.106,69.159,571835.0
2025-07-03,69.176,69.211,68.458,68.879,936811.0
2025-07-04,68.826,69.229,68.739,69.001,679228.0
2025-07-07,69.141,69.211,68.844,69.176,508278.0
2025-07-08,69.194,69.194,68.564,68.581,1073286.0
2025-07-09,68.634,68.896,68.458,68.686,670383.0
2025-07-10,68.721,68.861,68.371,68.546,947643.0
2025-07-11,68.581,69.754,68.493,69.421,1642155.0
2025-07-14,69.456,70.104,69.421,69.789,771547.0
2025-07-15,69.789,69.912,69.334,69.561,562462.0
2025-07-16,69.772,69.877,69.299,69.316,386213.0
2025-07-17,69.281,69.421,68.931,69.001,614655.0
2025-07-18,69.199,69.304,68.866,69.129,601702.0
2025-07-21,69.479,69.759,68.989,69.146,778277.0
2025-07-22,69.059,69.146,68.744,68.884,943940.0
2025-07-23,68.971,69.041,68.551,68.569,1073549.0
2025-07-24,68.586,68.586,67.903,68.149,1668828.0
2025-07-25,68.009,68.219,67.816,67.816,1008791.0
2025-07-28,67.816,67.974,67.553,67.623,844451.0
2025-07-29,67.571,67.798,67.553,67.606,717720.0
2025-07-30,67.623,68.149,67.623,67.728,978280.0
2025-07-31,67.238,67.238,65.978,66.223,2579698.0
2025-08-01,66.135,66.59,65.943,66.485,981486.0
2025-08-04,66.328,66.801,66.153,66.748,823204.0
2025-08-05,66.748,66.818,66.433,66.678,787153.0
2025-08-06,66.66,66.713,66.275,66.45,1144935.0
2025-08-07,66.398,66.818,66.223,66.608,1051957.0
2025-08-08,66.608,66.643,66.258,66.258,824972.0
2025-08-11,66.258,66.293,65.645,65.96,1243551.0
2025-08-12,65.96,66.293,65.873,66.083,743184.0
2025-08-13,66.1,66.24,65.82,65.855,934257.0
2025-08-14,65.838,66.31,65.803,65.908,1017588.0
2025-08-15,65.995,66.118,65.803,65.855,1072302.0
2025-08-18,65.873,66.013,65.715,65.873,1147362.0
2025-08-19,65.89,66.118,65.82,65.855,1146024.0
2025-08-20,65.803,66.048,65.557,65.96,1022259.0
2025-08-21,65.96,66.415,65.908,66.24,1179348.0
2025-08-22,66.293,66.363,65.978,66.275,1032104.0
2025-08-25,66.573,67.466,66.555,67.116,2185666.0
2025-08-26,67.116,67.203,66.871,67.046,1130612.0
2025-08-27,66.941,67.028,66.38,66.433,1275324.0
2025-08-28,66.415,66.485,65.96,66.275,1092962.0
2025-08-29,66.328,66.783,66.24,66.66,1067298.0
2025-09-01,66.678,66.678,65.995,66.135,1246087.0
2025-09-02,65.978,67.011,65.978,66.871,1751446.0
2025-09-03,66.941,67.203,66.205,66.433,1271331.0
2025-09-04,66.398,67.028,65.995,66.906,1758481.0
2025-09-05,66.783,67.046,66.503,66.625,1069513.0
2025-09-08,66.538,66.888,66.503,66.765,900740.0
2025-09-09,66.783,66.853,66.433,66.52,761316.0
2025-09-10,66.52,66.66,66.328,66.52,598615.0
2025-09-11,66.503,66.695,66.363,66.503,1053967.0
2025-09-12,66.503,66.765,66.328,66.38,929728.0
2025-09-15,66.328,66.345,66.083,66.153,725657.0
2025-09-16,66.135,66.153,65.89,66.03,575129.0
2025-09-17,66.013,66.205,65.925,65.978,614927.0
2025-09-18,65.96,65.978,65.12,65.295,1448433.0
2025-09-19,65.312,65.365,64.962,65.102,734670.0
2025-09-22,64.927,65.19,64.787,64.962,696831.0
2025-09-23,64.962,65.435,64.805,65.312,872473.0
2025-09-24,65.242,65.68,65.172,65.19,874413.0
2025-09-25,65.12,65.33,64.892,65.26,634293.0
2025-09-26,65.277,65.715,65.172,65.575,794087.0
2025-09-29,65.505,65.628,65.085,65.277,927031.0
2025-09-30,65.365,65.382,65.12,65.19,618828.0
2025-10-09,65.12,65.978,65.015,65.943,1132499.0
2025-10-10,65.89,66.135,65.645,66.03,712605.0
2025-10-13,65.978,66.328,65.452,66.135,1174982.0
2025-10-14,66.048,66.52,65.715,66.485,1366699.0
2025-10-15,66.468,66.765,66.1,66.38,926323.0
2025-10-16,66.24,66.801,66.223,66.783,939735.0
2025-10-17,66.73,67.168,66.608,66.695,1147022.0
2025-10-20,66.713,66.765,66.065,66.59,914231.0
2025-10-21,66.503,66.678,66.24,66.345,801636.0
2025-10-22,66.31,66.643,66.24,66.573,619190.0
2025-10-23,66.573,66.976,66.573,66.906,785588.0
2025-10-24,66.871,67.011,66.643,66.836,770600.0
2025-10-27,66.748,67.483,66.538,67.028,1248426.0
2025-10-28,66.958,67.448,66.958,67.308,732636.0
2025-10-29,67.308,67.308,66.958,67.011,740543.0
2025-10-30,67.011,67.483,66.836,67.326,867174.0
2025-10-31,67.308,67.308,66.38,66.678,1184702.0
2025-11-03,66.695,67.116,66.695,67.046,613783.0
2025-11-04,67.046,67.711,66.993,67.553,1049429.0
2025-11-05,67.606,67.711,67.203,67.238,685791.0
2025-11-06,67.186,67.553,67.133,67.378,673928.0
2025-11-07,67.396,67.623,67.256,67.413,551418.0
2025-11-10,67.413,67.536,67.186,67.431,493345.0
2025-11-11,67.431,67.763,67.326,67.588,625176.0
2025-11-12,67.728,68.044,67.571,67.571,629705.0
2025-11-13,67.588,67.781,66.958,67.273,1012328.0
2025-11-14,67.273,67.746,67.098,67.098,747625.0
2025-11-17,67.151,67.256,66.555,66.783,725596.0
2025-11-18,66.783,67.098,66.643,66.765,590137.0
2025-11-19,66.765,67.081,66.695,66.906,481598.0
2025-11-20,66.818,67.063,66.59,66.748,576112.0
2025-11-21,66.801,66.976,66.625,66.783,919942.0
2025-11-24,66.818,66.853,66.363,66.836,971796.0
2025-11-25,66.836,66.853,66.205,66.555,929854.0
2025-11-26,66.555,66.713,66.328,66.398,662733.0
2025-11-27,66.38,66.748,66.118,66.66,768693.0
2025-11-28,66.52,66.625,66.415,66.468,590181.0
2025-12-01,66.59,66.765,66.485,66.625,582524.0
2025-12-02,66.555,66.976,66.538,66.958,748780.0
2025-12-03,66.941,67.133,66.871,66.976,445600.0
2025-12-04,67.028,67.063,66.801,66.923,379967.0
2025-12-05,66.923,66.923,66.538,66.625,544976.0
2025-12-08,66.625,66.678,66.258,66.275,754265.0
2025-12-09,66.38,66.573,66.328,66.45,512302.0
2025-12-10,66.38,66.625,66.24,66.31,585390.0
2025-12-11,66.363,66.398,66.065,66.258,695636.0
2025-12-12,66.24,66.59,66.17,66.573,898708.0
2025-12-15,66.485,66.765,66.433,66.573,539466.0
2025-12-16,66.608,66.643,66.188,66.45,679077.0
2025-12-17,66.38,66.503,66.223,66.363,592436.0
2025-12-18,66.363,66.66,66.31,66.643,464198.0
2025-12-19,66.555,66.643,66.188,66.24,799993.0
2025-12-22,66.223,66.258,65.628,65.698,1564034.0
2025-12-23,65.628,66.048,65.593,66.013,709451.0
2025-12-24,65.995,65.995,65.715,65.873,499943.0
2025-12-25,65.855,65.943,65.75,65.873,300806.0
2025-12-26,65.82,65.925,65.663,65.873,482593.0
2025-12-29,65.873,65.873,65.628,65.663,689033.0
2025-12-30,65.628,65.628,65.312,65.312,724247.0
2025-12-31,65.365,65.4,65.05,65.085,742930.0
2026-01-05,65.102,65.295,64.927,65.242,765691.0
2026-01-06,65.277,65.522,65.172,65.522,738437.0
2026-01-07,65.522,65.54,65.137,65.155,721702.0
2026-01-08,65.155,65.277,65.085,65.207,470573.0
2026-01-09,65.225,65.26,65.067,65.26,629035.0
2026-01-12,65.26,65.54,65.137,65.452,784356.0
2026-01-13,65.54,65.75,65.312,65.382,785385.0
2026-01-14,65.54,65.698,64.402,64.42,2927501.0
2026-01-15,64.717,64.77,64.349,64.437,1259274.0
2026-01-16,64.542,64.805,63.772,63.912,2388546.0
2026-01-19,64.069,64.612,64.052,64.402,1047218.0
2026-01-20,64.402,64.647,64.279,64.542,1050034.0
2026-01-21,64.56,64.577,63.964,64.017,1163282.0
2026-01-22,64.017,64.262,63.527,63.544,1807850.0
2026-01-23,63.632,63.737,62.931,63.001,2106915.0
2026-01-26,63.089,63.492,62.756,62.966,2028698.0
2026-01-27,62.966,63.247,62.756,62.879,1313815.0
2026-01-28,62.879,62.896,62.319,62.389,2326498.0
2026-01-29,62.389,63.352,61.916,63.054,2616230.0
2026-01-30,63.071,63.999,63.071,63.632,2238492.0
2026-02-02,63.859,63.964,63.159,63.247,1242257.0
2026-02-03,63.352,63.404,62.844,63.001,885438.0
2026-02-04,62.949,63.684,62.914,63.667,957052.0
2026-02-05,63.737,64.209,63.614,64.052,1032448.0
2026-02-06,64.052,64.349,63.667,63.912,725627.0
2026-02-09,63.929,63.999,63.492,63.807,678291.0
2026-02-10,63.807,64.052,63.649,63.999,559201.0
2026-02-11,64.017,64.034,63.719,63.842,533882.0
2026-02-12,63.842,63.894,63.457,63.579,737342.0
2026-02-13,63.597,63.684,63.282,63.369,715541.0
2026-02-24,63.597,63.649,63.334,63.457,730789.0
2026-02-25,63.509,63.719,63.282,63.317,956210.0
2026-02-26,63.334,63.527,63.247,63.439,619772.0
2026-02-27,63.457,63.684,63.404,63.439,919038.0
2026-03-02,63.579,64.507,63.579,64.367,1817729.0
2026-03-03,64.367,65.295,64.297,65.067,2145547.0
2026-03-04,64.77,65.452,64.279,65.277,1757354.0
2026-03-05,65.085,65.54,64.84,65.26,1329149.0
2026-03-06,65.225,65.382,65.085,65.365,878369.0
2026-03-09,65.4,66.223,65.277,65.47,2075028.0
2026-03-10,65.137,65.54,64.647,65.382,1192857.0
2026-03-11,65.382,65.663,65.032,65.645,897445.0
2026-03-12,65.68,65.995,65.4,65.995,1078962.0
2026-03-13,65.995,66.223,65.733,65.855,942776.0
2026-03-16,65.855,65.995,65.54,65.75,872038.0
2026-03-17,65.68,66.118,65.61,65.978,850289.0
2026-03-18,65.96,66.258,65.54,65.628,800290.0
2026-03-19,65.593,65.96,65.47,65.575,1015258.0
2026-03-20,65.575,65.803,65.155,65.435,845555.0
2026-03-23,65.242,65.575,64.525,64.665,1757271.0
2026-03-24,64.945,65.347,64.63,65.295,910767.0
2026-03-25,65.382,65.593,64.98,65.487,860545.0
2026-03-26,65.452,65.908,65.295,65.663,845014.0
2026-03-27,65.61,65.82,65.435,65.557,685517.0
2026-03-30,65.557,65.557,65.137,65.365,692781.0
2026-03-31,65.365,65.698,65.19,65.19,802589.0
2026-04-01,65.33,65.33,64.84,64.91,906082.0
2026-04-02,64.945,65.155,64.7,65.137,739849.0
2026-04-03,65.12,65.12,64.525,64.595,656277.0
2026-04-07,64.612,64.682,64.069,64.209,726272.0
2026-04-08,64.279,64.385,64.052,64.385,806200.0
2026-04-09,64.385,64.385,63.912,64.052,691285.0
2026-04-10,64.192,64.244,63.929,64.069,665589.0
2026-04-13,64.052,64.122,63.789,64.104,626264.0
2026-04-14,64.104,64.244,63.929,64.104,701166.0
2026-04-15,64.087,64.542,63.999,64.332,970566.0
2026-04-16,64.349,64.595,64.279,64.332,719586.0
2026-04-17,64.332,64.385,64.034,64.034,836067.0
2026-04-20,64.087,64.84,64.087,64.84,950418.0
2026-04-21,64.875,65.382,64.857,65.347,904432.0
2026-04-22,65.347,65.347,64.805,64.875,741609.0
2026-04-23,64.875,65.137,64.525,65.032,845908.0
2026-04-24,64.962,65.032,64.682,64.787,564464.0
2026-04-27,64.77,64.857,64.455,64.525,562599.0
2026-04-28,64.56,64.735,64.437,64.647,700608.0
2026-04-29,64.612,64.77,64.42,64.717,855961.0
2026-04-30,65.277,65.855,65.015,65.68,1914637.0
2026-05-06,65.715,65.715,65.19,65.47,1237750.0
2026-05-07,65.435,65.47,64.945,65.207,973283.0
2026-05-08,65.225,65.4,65.085,65.12,804423.0
2026-05-11,65.207,65.47,65.032,65.137,1030953.0
2026-05-12,65.137,65.417,64.962,65.19,1011762.0
2026-05-13,65.26,65.628,65.067,65.12,1396919.0
2026-05-14,65.085,65.26,64.857,65.015,1102942.0
2026-05-15,64.945,65.382,64.63,65.172,1187555.0
2026-05-18,65.19,65.435,64.787,64.927,915898.0
2026-05-19,64.927,65.733,64.717,65.557,1725646.0
2026-05-20,65.557,65.61,64.892,64.945,1284344.0
2026-05-21,64.875,65.067,64.472,64.525,1166100.0
2026-05-22,64.647,64.7,64.244,64.349,915888.0
2026-05-25,64.42,64.822,64.332,64.542,841544.0
2026-05-26,64.525,65.382,64.402,65.365,1626530.0
2026-05-27,65.225,65.698,65.137,65.54,1112715.0
2026-05-28,65.557,65.768,65.312,65.505,1146573.0
2026-05-29,65.47,66.45,65.26,66.433,2134371.0
2026-06-01,66.415,66.643,66.083,66.468,1392781.0
2026-06-02,66.555,67.133,66.205,66.801,1257574.0
2026-06-03,66.608,66.836,66.013,66.678,1143006.0
2026-06-04,66.573,66.801,66.188,66.38,874972.0
2026-06-05,66.38,67.046,66.013,66.188,1094136.0
2026-06-08,65.995,66.188,65.575,66.013,1180655.0
2026-06-09,66.013,66.345,65.803,66.223,882536.0
2026-06-10,66.17,66.555,65.873,66.328,887500.0
2026-06-11,66.328,66.783,66.17,66.678,991250.0
2026-06-12,66.468,67.378,66.293,67.361,1494245.0
2026-06-15,67.291,67.291,65.803,66.118,2076612.0
2026-06-16,65.838,65.908,65.365,65.452,1205993.0
2026-06-17,65.505,65.593,64.962,65.12,1034442.0
2026-06-18,64.997,65.085,64.507,64.525,1295945.0
2026-06-22,64.525,65.277,64.262,65.015,1497329.0
2026-06-23,64.997,65.557,64.875,64.892,1185655.0
2026-06-24,64.892,65.12,64.349,64.42,1134561.0
2026-06-25,64.244,64.385,63.719,63.754,1321876.0
2026-06-26,63.807,64.63,63.632,64.507,1282652.0
2026-06-29,64.332,64.945,63.824,64.84,1232579.0
2026-06-30,64.612,64.84,64.034,64.192,1022777.0
2026-07-01,64.139,64.63,63.999,64.49,909398.0
2026-07-02,64.752,65.277,64.332,65.032,1400553.0
2026-07-03,65.05,65.522,64.787,65.207,1028243.0
2026-07-06,64.962,65.47,64.735,65.452,924577.0
2026-07-07,65.452,65.925,65.207,65.838,1268220.0
2026-07-08,65.785,67.133,65.557,66.573,1648440.0
2026-07-09,66.345,66.608,66.048,66.468,1160399.0
2026-07-10,66.433,67.081,66.17,66.923,1470743.0
2026-07-13,66.748,67.711,66.52,67.606,2008092.0
2026-07-14,67.571,68.149,67.238,67.833,1592410.0
2026-07-15,67.571,68.219,67.308,68.061,1193609.0
2026-07-16,68.009,68.201,67.098,67.291,1461135.0
2026-07-17,67.571,68.586,67.116,68.236,2428601.0
2026-07-20,67.816,69.969,67.816,69.969,2292669.0
2026-07-21,70.004,70.95,69.146,69.532,2550056.0
2026-07-22,69.182,70.162,68.849,70.162,1682826.0
2026-07-23,70.162,70.302,69.409,69.899,1081553.0
2026-07-24,70.354,70.53,69.567,69.829,1021758.0
2026-07-27,70.267,70.267,68.779,68.866,1387193.0
2026-07-28,69.041,70.127,68.796,70.127,1613028.0
2026-07-29,70.88,71.002,69.479,69.882,1314441.0
2026-07-30,69.742,70.932,69.672,70.862,1930634.0
2026-07-31,69.987,70.162,69.076,70.162,1723395.0
2026-08-03,69.987,70.354,69.567,70.092,1018010.0
2026-08-04,69.812,70.039,68.569,68.779,1508985.0
2026-08-05,68.744,68.779,67.641,67.833,1620118.0
2026-08-06,67.851,67.956,67.501,67.816,1070927.0
2026-08-07,67.833,67.974,67.396,67.816,1034383.0
2026-08-10,67.693,68.621,67.501,68.341,1187473.0
2026-08-11,68.411,68.954,68.184,68.796,1091507.0
2026-08-12,68.621,68.779,68.184,68.289,688604.0
2026-08-13,68.079,68.674,67.903,68.674,766080.0
2026-08-14,68.446,68.621,68.131,68.429,735433.0
2026-08-17,68.394,68.516,68.096,68.184,753980.0
2026-08-18,68.114,68.516,68.096,68.464,715086.0
2026-08-19,68.674,69.006,68.376,68.989,1280362.0
2026-08-20,68.621,68.866,68.289,68.534,821624.0
2026-08-21,68.516,68.656,68.131,68.184,635147.0
2026-08-24,68.131,68.691,68.009,68.516,935573.0
2026-08-25,68.534,68.936,68.464,68.621,901486.0
2026-08-26,68.604,69.111,68.464,68.674,761063.0
2026-08-27,68.586,68.744,68.079,68.429,947754.0
2026-08-28,68.271,68.376,68.026,68.341,674544.0
2026-08-31,68.271,68.499,67.903,68.411,982067.0
2026-09-01,68.289,69.059,68.079,68.954,1240473.0
2026-09-02,69.111,69.742,68.866,69.514,1249553.0
2026-09-03,69.339,69.689,68.971,69.024,738115.0
2026-09-04,68.919,69.287,68.849,68.989,682603.0
2026-09-07,68.954,69.076,67.868,67.991,1597660.0
2026-09-08,67.974,68.061,67.606,68.026,918491.0
2026-09-09,67.921,68.376,67.728,68.341,700314.0
2026-09-10,68.341,68.569,68.131,68.411,615518.0
2026-09-11,68.429,69.252,68.166,69.041,1598357.0
2026-09-14,68.989,69.724,68.919,69.357,919719.0
2026-09-15,69.357,69.444,68.989,69.129,606981.0
2026-09-16,69.059,69.269,68.691,69.059,576656.0
2026-09-17,69.024,69.234,68.446,69.059,623374.0
2026-09-18,68.831,69.059,68.586,68.726,718975.0
2026-09-21,68.534,68.586,68.289,68.429,666700.0
2026-09-22,68.306,68.516,68.131,68.289,748876.0
2026-09-23,68.271,68.464,68.149,68.394,717135.0
2026-09-24,68.429,68.936,68.359,68.884,950243.0
