date,open,high,low,close,volume
2016-01-04,1.575,1.605,1.355,1.385,1470782.0
2016-01-05,1.345,1.435,1.305,1.345,2252446.0
2016-01-06,1.355,1.535,1.325,1.505,2329014.0
2016-01-07,1.435,1.445,1.195,1.255,551488.0
2016-01-08,1.355,1.435,1.255,1.375,2222106.0
2016-01-11,1.325,1.395,1.245,1.255,1881430.0
2016-01-12,1.255,1.345,1.215,1.285,1317539.0
2016-01-13,1.305,1.345,1.235,1.245,1269226.0
2016-01-14,1.205,1.265,1.135,1.245,1460281.0
2016-01-15,1.215,1.235,1.055,1.065,1646229.0
2016-01-18,0.995,1.085,0.965,1.045,828365.0
2016-01-19,1.055,1.175,1.025,1.145,925530.0
2016-01-20,1.125,1.165,1.035,1.095,1196582.0
2016-01-21,1.045,1.135,1.005,1.015,1122108.0
2016-01-22,1.065,1.115,1.005,1.075,1043993.0
2016-01-25,1.125,1.145,1.085,1.105,995553.0
2016-01-26,1.065,1.075,0.855,0.885,1283541.0
2016-01-27,0.915,1.025,0.755,0.965,1697451.0
2016-01-28,0.915,1.085,0.895,0.925,1718309.0
2016-01-29,0.935,1.045,0.895,0.985,1419864.0
2016-02-01,0.985,0.985,0.885,0.905,908389.0
2016-02-02,0.875,0.955,0.865,0.935,757867.0
2016-02-03,0.885,0.895,0.835,0.875,668656.0
2016-02-04,0.905,0.945,0.895,0.935,773672.0
2016-02-05,0.935,1.005,0.905,0.945,713497.0
2016-02-15,0.845,0.935,0.825,0.905,654651.0
2016-02-16,0.925,1.045,0.925,1.015,1287236.0
2016-02-17,0.985,1.075,0.975,1.055,1270648.0
2016-02-18,1.085,1.105,1.025,1.045,1180109.0
2016-02-19,1.025,1.055,0.985,1.005,729015.0
2016-02-22,1.025,1.105,1.015,1.095,1329276.0
2016-02-23,1.105,1.135,1.045,1.085,1144031.0
2016-02-24,1.055,1.115,1.025,1.105,763545.0
2016-02-25,1.085,1.095,0.875,0.885,1333000.0
2016-02-26,0.935,0.985,0.905,0.965,953342.0
2016-02-29,0.945,0.975,0.855,0.955,1571270.0
2016-03-01,0.955,1.035,0.925,1.015,935913.0
2016-03-02,1.045,1.165,1.025,1.155,2255268.0
2016-03-03,1.155,1.165,1.085,1.155,1558907.0
2016-03-04,1.135,1.325,1.125,1.295,3544859.0
2016-03-07,1.295,1.385,1.245,1.305,1426902.0
2016-03-08,1.355,1.365,1.225,1.325,1210414.0
2016-03-09,1.215,1.265,1.095,1.245,2013215.0
2016-03-10,1.195,1.235,1.135,1.155,929892.0
2016-03-11,1.115,1.195,1.105,1.185,838859.0
2016-03-14,1.195,1.285,1.185,1.215,1054680.0
2016-03-15,1.205,1.215,1.155,1.205,601687.0
2016-03-16,1.185,1.285,1.185,1.285,2205435.0
2016-03-17,1.295,1.325,1.225,1.285,876191.0
2016-03-18,1.315,1.335,1.265,1.295,1829606.0
2016-03-21,1.295,1.325,1.265,1.295,2929214.0
2016-03-22,1.285,1.305,1.255,1.265,1170412.0
2016-03-23,1.285,1.285,1.245,1.265,714182.0
2016-03-24,1.235,1.245,1.135,1.145,1491011.0
2016-03-25,1.145,1.165,1.105,1.145,861088.0
2016-03-28,1.155,1.195,1.135,1.145,969411.0
2016-03-29,1.155,1.175,1.115,1.145,836377.0
2016-03-30,1.185,1.455,1.185,1.335,4259360.0
2016-03-31,1.345,1.425,1.305,1.365,2319818.0
2016-04-01,1.355,1.545,1.345,1.505,3198927.0
2016-04-05,1.455,1.555,1.425,1.485,2303601.0
2016-04-06,1.465,1.695,1.455,1.585,3398411.0
2016-04-07,1.595,1.665,1.515,1.555,2049741.0
2016-04-08,1.525,1.585,1.425,1.475,1461848.0
2016-04-11,1.525,1.675,1.515,1.545,1863308.0
2016-04-12,1.535,1.635,1.515,1.545,1285700.0
2016-04-13,1.625,1.745,1.565,1.685,2553512.0
2016-04-14,1.685,1.735,1.625,1.645,1041573.0
2016-04-15,1.645,1.675,1.585,1.615,817929.0
2016-04-18,1.545,1.545,1.435,1.465,1608591.0
2016-04-19,1.495,1.515,1.455,1.475,593156.0
2016-04-20,1.505,1.525,1.315,1.405,2108732.0
2016-04-21,1.415,1.565,1.395,1.505,1753358.0
2016-04-22,1.465,1.505,1.425,1.505,874135.0
2016-04-25,1.485,1.485,1.425,1.485,507815.0
2016-04-26,1.475,1.505,1.455,1.505,376186.0
2016-04-27,1.535,1.565,1.515,1.525,892184.0
2016-04-28,1.565,1.585,1.505,1.535,688121.0
2016-04-29,1.535,1.555,1.455,1.475,1025712.0
2016-05-03,1.455,1.545,1.395,1.455,2517320.0
2016-05-04,1.415,1.445,1.405,1.425,1043302.0
2016-05-05,1.425,1.425,1.375,1.405,1059568.0
2016-05-06,1.405,1.415,1.315,1.325,1040402.0
2016-05-09,1.315,1.325,1.175,1.245,1416727.0
2016-05-10,1.215,1.275,1.215,1.255,793413.0
2016-05-11,1.265,1.295,1.225,1.245,559906.0
2016-05-12,1.235,1.245,1.185,1.225,657117.0
2016-05-13,1.225,1.295,1.205,1.245,849528.0
2016-05-16,1.215,1.285,1.215,1.275,574591.0
2016-05-17,1.295,1.375,1.285,1.365,1015487.0
2016-05-18,1.345,1.375,1.255,1.305,935950.0
2016-05-19,1.295,1.315,1.255,1.285,462002.0
2016-05-20,1.265,1.305,1.255,1.305,265493.0
2016-05-23,1.295,1.325,1.275,1.305,370431.0
2016-05-24,1.285,1.295,1.215,1.285,489864.0
2016-05-25,1.285,1.325,1.285,1.315,612345.0
2016-05-26,1.315,1.375,1.315,1.355,581779.0
2016-05-27,1.345,1.355,1.315,1.345,358376.0
2016-05-30,1.335,1.375,1.325,1.355,567343.0
2016-05-31,1.345,1.445,1.335,1.435,1304439.0
2016-06-01,1.435,1.445,1.405,1.435,644826.0
2016-06-02,1.425,1.435,1.385,1.435,505436.0
2016-06-03,1.425,1.435,1.395,1.415,784483.0
2016-06-06,1.415,1.425,1.385,1.405,420262.0
2016-06-07,1.405,1.425,1.385,1.415,461491.0
2016-06-08,1.415,1.475,1.405,1.455,1093518.0
2016-06-13,1.415,1.415,1.305,1.325,720214.0
2016-06-14,1.315,1.345,1.305,1.325,475839.0
2016-06-15,1.275,1.355,1.265,1.345,824855.0
2016-06-16,1.315,1.335,1.275,1.295,616532.0
2016-06-17,1.295,1.325,1.285,1.305,437869.0
2016-06-20,1.315,1.325,1.275,1.305,417049.0
2016-06-21,1.315,1.355,1.295,1.305,552906.0
2016-06-22,1.295,1.345,1.295,1.345,461431.0
2016-06-23,1.325,1.335,1.295,1.315,449488.0
2016-06-24,1.315,1.345,1.195,1.265,816015.0
2016-06-27,1.265,1.295,1.245,1.295,522525.0
2016-06-28,1.265,1.295,1.245,1.295,337020.0
2016-06-29,1.295,1.365,1.285,1.345,840919.0
2016-06-30,1.375,1.395,1.345,1.385,619589.0
2016-07-01,1.375,1.395,1.355,1.365,352700.0
2016-07-04,1.365,1.435,1.365,1.435,909701.0
2016-07-05,1.435,1.485,1.405,1.475,924921.0
2016-07-06,1.455,1.455,1.405,1.455,719657.0
2016-07-07,1.445,1.475,1.435,1.465,679301.0
2016-07-08,1.445,1.445,1.395,1.415,558735.0
2016-07-11,1.415,1.485,1.415,1.455,877593.0
2016-07-12,1.455,1.535,1.455,1.525,1224148.0
2016-07-13,1.535,1.575,1.525,1.555,990713.0
2016-07-14,1.535,1.555,1.505,1.545,621641.0
2016-07-15,1.545,1.565,1.525,1.545,570514.0
2016-07-18,1.535,1.565,1.495,1.515,859312.0
2016-07-19,1.505,1.515,1.465,1.515,573640.0
2016-07-20,1.505,1.515,1.485,1.505,287120.0
2016-07-21,1.495,1.535,1.485,1.505,542396.0
2016-07-22,1.505,1.505,1.455,1.475,525452.0
2016-07-25,1.475,1.485,1.455,1.485,369161.0
2016-07-26,1.465,1.515,1.465,1.515,441535.0
2016-07-27,1.505,1.535,1.435,1.515,1152068.0
2016-07-28,1.485,1.495,1.465,1.485,616025.0
2016-07-29,1.465,1.485,1.445,1.455,461865.0
2016-08-01,1.455,1.465,1.425,1.465,495081.0
2016-08-02,1.435,1.455,1.425,1.455,302448.0
2016-08-03,1.435,1.455,1.405,1.445,386765.0
2016-08-04,1.455,1.465,1.425,1.465,308161.0
2016-08-05,1.455,1.485,1.435,1.475,383109.0
2016-08-08,1.485,1.495,1.445,1.495,311245.0
2016-08-09,1.485,1.565,1.465,1.545,786756.0
2016-08-10,1.535,1.555,1.525,1.545,386612.0
2016-08-11,1.535,1.565,1.505,1.525,510084.0
2016-08-12,1.525,1.585,1.515,1.585,913644.0
2016-08-15,1.585,1.695,1.575,1.675,1616172.0
2016-08-16,1.675,1.715,1.655,1.685,1141401.0
2016-08-17,1.685,1.715,1.645,1.675,718459.0
2016-08-18,1.665,1.685,1.625,1.655,465414.0
2016-08-19,1.655,1.675,1.625,1.645,647328.0
2016-08-22,1.645,1.645,1.585,1.605,525095.0
2016-08-23,1.605,1.625,1.595,1.615,509873.0
2016-08-24,1.615,1.635,1.595,1.625,477386.0
2016-08-25,1.615,1.625,1.575,1.615,554121.0
2016-08-26,1.615,1.625,1.595,1.615,385604.0
2016-08-29,1.605,1.615,1.585,1.615,401043.0
2016-08-30,1.615,1.685,1.595,1.665,793142.0
2016-08-31,1.655,1.675,1.645,1.665,750386.0
2016-09-01,1.655,1.665,1.625,1.635,421439.0
2016-09-02,1.625,1.645,1.605,1.645,509948.0
2016-09-05,1.635,1.665,1.615,1.655,717713.0
2016-09-06,1.635,1.675,1.635,1.665,626777.0
2016-09-07,1.655,1.675,1.645,1.665,504557.0
2016-09-08,1.665,1.665,1.635,1.655,318589.0
2016-09-09,1.665,1.675,1.635,1.645,515691.0
2016-09-12,1.595,1.625,1.515,1.605,1258373.0
2016-09-13,1.585,1.595,1.545,1.585,412493.0
2016-09-14,1.555,1.565,1.505,1.525,603708.0
2016-09-19,1.485,1.535,1.485,1.525,504594.0
2016-09-20,1.525,1.535,1.495,1.515,388130.0
2016-09-21,1.524,1.534,1.484,1.524,361734.0
2016-09-22,1.534,1.604,1.524,1.584,617534.0
2016-09-23,1.594,1.614,1.584,1.594,338062.0
2016-09-26,1.584,1.594,1.524,1.544,397807.0
2016-09-27,1.534,1.564,1.514,1.554,365625.0
2016-09-28,1.544,1.544,1.504,1.514,352140.0
2016-09-29,1.554,1.604,1.544,1.594,611588.0
2016-09-30,1.574,1.604,1.564,1.604,280819.0
2016-10-10,1.674,1.714,1.664,1.694,1002298.0
2016-10-11,1.704,1.734,1.684,1.714,784280.0
2016-10-12,1.694,1.694,1.664,1.684,424993.0
2016-10-13,1.674,1.684,1.624,1.644,485743.0
2016-10-14,1.624,1.684,1.624,1.684,499610.0
2016-10-17,1.674,1.694,1.654,1.674,604704.0
2016-10-18,1.664,1.704,1.644,1.704,672712.0
2016-10-19,1.704,1.734,1.684,1.724,874866.0
2016-10-20,1.724,1.754,1.724,1.734,709113.0
2016-10-21,1.724,1.764,1.714,1.754,615741.0
2016-10-24,1.744,1.884,1.734,1.814,1850113.0
2016-10-25,1.824,1.844,1.724,1.764,1385144.0
2016-10-26,1.754,1.764,1.714,1.734,472388.0
2016-10-27,1.724,1.734,1.694,1.724,453894.0
2016-10-28,1.724,1.764,1.704,1.754,724437.0
2016-10-31,1.734,1.754,1.704,1.754,456248.0
2016-11-01,1.724,1.764,1.714,1.744,563075.0
2016-11-02,1.724,1.734,1.694,1.694,489289.0
2016-11-03,1.684,1.714,1.644,1.694,509899.0
2016-11-04,1.694,1.724,1.664,1.684,510136.0
2016-11-07,1.674,1.714,1.664,1.694,504803.0
2016-11-08,1.704,1.734,1.694,1.714,540260.0
2016-11-09,1.714,1.724,1.604,1.674,1100925.0
2016-11-10,1.694,1.744,1.694,1.734,868287.0
2016-11-11,1.724,1.784,1.694,1.754,1032688.0
2016-11-14,1.754,1.764,1.714,1.764,1126503.0
2016-11-15,1.754,1.764,1.714,1.734,588116.0
2016-11-16,1.744,1.754,1.714,1.734,532344.0
2016-11-17,1.714,1.734,1.694,1.734,483629.0
2016-11-18,1.724,1.734,1.694,1.704,488204.0
2016-11-21,1.704,1.774,1.684,1.764,1156806.0
2016-11-22,1.814,1.854,1.774,1.834,1813573.0
2016-11-23,1.824,1.904,1.804,1.834,1348356.0
2016-11-24,1.824,1.834,1.794,1.814,737412.0
2016-11-25,1.824,1.854,1.774,1.844,950744.0
2016-11-28,1.844,1.904,1.824,1.884,1522716.0
2016-11-29,1.884,2.004,1.854,1.974,2419796.0
2016-11-30,1.944,1.954,1.854,1.864,1180514.0
2016-12-01,2.004,2.104,1.964,2.014,2987349.0
2016-12-02,2.034,2.434,1.994,2.244,4740338.0
2016-12-05,2.154,2.224,2.024,2.114,2717487.0
2016-12-06,2.054,2.204,2.034,2.044,1642681.0
2016-12-07,2.024,2.074,1.984,2.054,1244599.0
2016-12-08,2.054,2.074,1.994,2.044,961158.0
2016-12-09,2.034,2.184,2.024,2.154,1814625.0
2016-12-12,2.304,2.364,2.174,2.204,2541645.0
2016-12-13,2.224,2.324,2.214,2.254,1743234.0
2016-12-14,2.274,2.474,2.254,2.374,2735785.0
2016-12-15,2.274,2.284,2.134,2.194,2102306.0
2016-12-16,2.144,2.274,2.034,2.254,1451617.0
2016-12-19,2.244,2.354,2.204,2.264,1097108.0
2016-12-20,2.244,2.274,2.094,2.204,1344723.0
2016-12-21,2.204,2.434,2.154,2.304,2301046.0
2016-12-22,2.264,2.474,2.264,2.384,2258683.0
2016-12-23,2.344,2.464,2.324,2.384,1752547.0
2016-12-26,2.344,2.424,2.224,2.414,1223802.0
2016-12-27,2.364,2.414,2.294,2.304,972186.0
2016-12-28,2.314,2.394,2.264,2.294,931693.0
2016-12-29,2.254,2.284,2.144,2.154,1282603.0
2016-12-30,2.154,2.194,2.124,2.154,879518.0
2017-01-03,2.164,2.264,2.144,2.254,1028206.0
2017-01-04,2.224,2.334,2.204,2.314,1007829.0
2017-01-05,2.294,2.554,2.284,2.494,2386977.0
2017-01-06,2.524,2.754,2.484,2.614,3286120.0
2017-01-09,2.614,2.774,2.574,2.604,2084128.0
2017-01-10,2.544,2.654,2.484,2.644,1285796.0
2017-01-11,2.604,2.654,2.504,2.504,1136454.0
2017-01-12,2.524,2.654,2.484,2.574,1471319.0
2017-01-13,2.564,2.714,2.524,2.634,1317487.0
2017-01-16,2.634,2.724,2.574,2.704,2553645.0
2017-01-17,2.684,2.814,2.684,2.734,1960820.0
2017-01-18,2.744,2.764,2.674,2.714,1051782.0
2017-01-19,2.684,2.704,2.514,2.604,2271034.0
2017-01-20,2.564,2.624,2.544,2.604,772713.0
2017-01-23,2.614,2.644,2.554,2.614,1207745.0
2017-01-24,2.614,2.814,2.594,2.804,2202968.0
2017-01-25,2.784,2.824,2.724,2.794,990440.0
2017-01-26,2.794,2.834,2.714,2.774,883108.0
2017-02-03,2.774,2.784,2.644,2.694,591642.0
2017-02-06,2.694,2.734,2.634,2.694,916718.0
2017-02-07,2.664,2.684,2.574,2.614,1200229.0
2017-02-08,2.574,2.624,2.534,2.594,1451728.0
2017-02-09,2.594,2.594,2.484,2.554,2976486.0
2017-02-10,2.534,2.624,2.514,2.614,1956262.0
2017-02-13,2.624,2.674,2.584,2.614,1714415.0
2017-02-14,2.594,2.614,2.554,2.584,891346.0
2017-02-15,2.594,2.634,2.574,2.594,1268804.0
2017-02-16,2.584,2.594,2.524,2.554,1191103.0
2017-02-17,2.554,2.604,2.524,2.534,1041217.0
2017-02-20,2.544,2.624,2.524,2.624,1508008.0
2017-02-21,2.634,2.654,2.584,2.634,1045242.0
2017-02-22,2.654,2.724,2.634,2.714,1633587.0
2017-02-23,2.684,2.714,2.604,2.624,1022972.0
2017-02-24,2.634,2.664,2.524,2.554,1432922.0
2017-02-27,2.544,2.554,2.454,2.474,1438878.0
2017-02-28,2.474,2.514,2.464,2.494,615904.0
2017-03-01,2.494,2.524,2.454,2.504,987932.0
2017-03-02,2.514,2.524,2.474,2.484,555725.0
2017-03-03,2.464,2.464,2.354,2.404,1476286.0
2017-03-06,2.394,2.404,2.344,2.384,980954.0
2017-03-07,2.374,2.384,2.344,2.374,865322.0
2017-03-08,2.374,2.394,2.354,2.394,1014028.0
2017-03-09,2.344,2.364,2.224,2.344,2432177.0
2017-03-10,2.284,2.294,2.254,2.254,966070.0
2017-03-13,2.234,2.314,2.184,2.274,1269404.0
2017-03-14,2.274,2.304,2.244,2.294,732464.0
2017-03-15,2.274,2.344,2.254,2.334,967679.0
2017-03-16,2.344,2.414,2.344,2.384,1059765.0
2017-03-17,2.384,2.384,2.274,2.304,917827.0
2017-03-20,2.304,2.424,2.304,2.424,1741933.0
2017-03-21,2.404,2.464,2.394,2.414,1230057.0
2017-03-22,2.394,2.514,2.384,2.484,1690433.0
2017-03-23,2.484,2.514,2.404,2.454,1193699.0
2017-03-24,2.444,2.574,2.424,2.544,1365785.0
2017-03-27,2.594,2.604,2.394,2.454,2058169.0
2017-03-28,2.454,2.464,2.394,2.414,878862.0
2017-03-29,2.424,2.464,2.394,2.434,1012382.0
2017-03-30,2.444,2.474,2.354,2.414,1280921.0
2017-03-31,2.434,2.494,2.394,2.484,1101641.0
2017-04-05,2.484,2.604,2.474,2.594,1510704.0
2017-04-06,2.604,2.654,2.554,2.634,1380015.0
2017-04-07,2.654,2.774,2.604,2.734,1907776.0
2017-04-10,2.744,2.764,2.674,2.694,821400.0
2017-04-11,2.704,2.754,2.594,2.684,1105221.0
2017-04-12,2.674,2.694,2.594,2.674,969202.0
2017-04-13,2.644,2.664,2.614,2.634,539702.0
2017-04-14,2.644,2.644,2.594,2.624,589975.0
2017-04-17,2.634,2.654,2.554,2.594,1025023.0
2017-04-18,2.594,2.614,2.544,2.544,620893.0
2017-04-19,2.534,2.534,2.434,2.504,909918.0
2017-04-20,2.464,2.504,2.404,2.494,970887.0
2017-04-21,2.484,2.554,2.414,2.544,952407.0
2017-04-24,2.514,2.584,2.464,2.584,1121906.0
2017-04-25,2.544,2.604,2.504,2.534,839399.0
2017-04-26,2.544,2.554,2.514,2.524,443315.0
2017-04-27,2.524,2.564,2.464,2.524,601525.0
2017-04-28,2.544,2.554,2.474,2.524,629229.0
2017-05-02,2.514,2.514,2.464,2.474,452545.0
2017-05-03,2.454,2.474,2.434,2.474,497674.0
2017-05-04,2.464,2.464,2.404,2.454,800451.0
2017-05-05,2.404,2.404,2.274,2.384,2044121.0
2017-05-08,2.354,2.474,2.314,2.464,1400657.0
2017-05-09,2.444,2.494,2.424,2.454,448161.0
2017-05-10,2.444,2.474,2.414,2.454,561946.0
2017-05-11,2.444,2.564,2.424,2.544,1301896.0
2017-05-12,2.524,2.624,2.514,2.614,1024864.0
2017-05-15,2.594,2.684,2.564,2.644,1084436.0
2017-05-16,2.654,2.674,2.594,2.614,632902.0
2017-05-17,2.594,2.624,2.514,2.534,864289.0
2017-05-18,2.514,2.564,2.504,2.554,354410.0
2017-05-19,2.554,2.644,2.544,2.584,763588.0
2017-05-22,2.624,2.694,2.584,2.694,1345475.0
2017-05-23,2.684,2.764,2.634,2.744,1881465.0
2017-05-24,2.724,2.734,2.654,2.724,957986.0
2017-05-25,2.694,2.914,2.674,2.904,2220193.0
2017-05-26,2.884,2.964,2.814,2.884,1681571.0
2017-05-31,2.854,3.064,2.854,3.014,1961867.0
2017-06-01,2.964,3.094,2.934,3.074,2187283.0
2017-06-02,3.044,3.094,2.974,3.004,997723.0
2017-06-05,2.944,2.974,2.824,2.864,1187268.0
2017-06-06,2.844,2.854,2.774,2.834,990217.0
2017-06-07,2.844,2.884,2.794,2.834,1335180.0
2017-06-08,2.794,2.904,2.764,2.884,1344699.0
2017-06-09,2.864,2.974,2.834,2.854,1292975.0
2017-06-12,2.854,2.904,2.804,2.854,947377.0
2017-06-13,2.844,2.844,2.784,2.794,918196.0
2017-06-14,2.794,2.804,2.704,2.724,1048911.0
2017-06-15,2.704,2.714,2.644,2.664,1155140.0
2017-06-16,2.654,2.694,2.634,2.674,612143.0
2017-06-19,2.674,2.704,2.654,2.694,573515.0
2017-06-20,2.674,2.704,2.624,2.684,828815.0
2017-06-21,2.674,2.694,2.634,2.684,789940.0
2017-06-22,2.654,2.784,2.644,2.714,1331525.0
2017-06-23,2.704,2.764,2.694,2.754,899122.0
2017-06-26,2.754,2.784,2.704,2.744,1146625.0
2017-06-27,2.744,2.744,2.624,2.644,1393601.0
2017-06-28,2.634,2.704,2.614,2.654,994162.0
2017-06-29,2.654,2.674,2.624,2.664,784625.0
2017-06-30,2.634,2.694,2.614,2.674,778468.0
2017-07-03,2.684,2.694,2.654,2.684,567599.0
2017-07-04,2.684,2.804,2.674,2.794,1532100.0
2017-07-05,2.784,2.814,2.754,2.794,812388.0
2017-07-06,2.774,2.804,2.754,2.804,903735.0
2017-07-07,2.784,2.814,2.754,2.784,651847.0
2017-07-10,2.784,2.894,2.764,2.884,1063073.0
2017-07-11,2.894,2.914,2.854,2.894,649304.0
2017-07-12,2.894,2.934,2.814,2.824,753946.0
2017-07-13,2.824,2.934,2.794,2.924,1104030.0
2017-07-14,2.934,3.004,2.894,2.964,1263540.0
2017-07-17,2.964,3.074,2.854,3.064,2035768.0
2017-07-18,3.014,3.094,2.974,3.024,1511049.0
2017-07-19,3.054,3.084,2.984,3.014,1920970.0
2017-07-20,3.034,3.114,3.014,3.104,1525278.0
2017-07-21,3.104,3.154,3.074,3.104,1002735.0
2017-07-24,3.074,3.094,2.954,2.984,1355573.0
2017-07-25,2.974,3.034,2.954,2.994,881210.0
2017-07-26,3.024,3.084,2.984,3.054,1326203.0
2017-07-27,3.074,3.094,3.004,3.054,1068705.0
2017-07-28,3.044,3.044,2.984,3.024,683472.0
2017-07-31,3.034,3.084,2.994,3.024,1209433.0
2017-08-01,3.044,3.154,3.024,3.134,1759857.0
2017-08-02,3.104,3.114,3.024,3.054,1523743.0
2017-08-03,3.034,3.064,2.984,3.004,1060793.0
2017-08-04,2.994,3.034,2.964,3.014,1232089.0
2017-08-07,3.004,3.024,2.894,2.954,1420131.0
2017-08-08,2.964,2.964,2.914,2.944,850972.0
2017-08-09,2.934,2.954,2.914,2.934,530951.0
2017-08-10,2.934,2.994,2.904,2.984,891088.0
2017-08-11,2.934,2.954,2.864,2.914,1490691.0
2017-08-14,2.914,2.924,2.874,2.894,722993.0
2017-08-15,2.874,2.914,2.864,2.884,703459.0
2017-08-16,2.874,2.874,2.814,2.834,864292.0
2017-08-17,2.844,2.874,2.814,2.854,1022476.0
2017-08-18,2.824,2.864,2.804,2.834,698757.0
2017-08-21,2.874,2.944,2.874,2.934,1244243.0
2017-08-22,2.924,2.934,2.884,2.904,593910.0
2017-08-23,2.914,2.924,2.864,2.864,769416.0
2017-08-24,2.894,2.914,2.854,2.874,813386.0
2017-08-25,2.874,2.954,2.874,2.944,1442200.0
2017-08-28,2.994,3.034,2.964,2.984,1991633.0
2017-08-29,2.974,3.004,2.954,2.974,884359.0
2017-08-30,2.974,2.994,2.944,2.974,1263596.0
2017-08-31,2.984,2.994,2.904,2.924,1129656.0
2017-09-01,2.934,2.944,2.894,2.904,953671.0
2017-09-04,2.914,2.914,2.844,2.864,1356951.0
2017-09-05,2.854,2.884,2.834,2.864,993463.0
2017-09-06,2.864,2.934,2.854,2.914,1250427.0
2017-09-07,2.924,2.934,2.874,2.874,1023209.0
2017-09-08,2.874,2.904,2.864,2.874,579252.0
2017-09-11,2.854,2.904,2.844,2.894,768647.0
2017-09-12,2.894,2.904,2.854,2.874,789925.0
2017-09-13,2.874,2.884,2.844,2.874,492379.0
2017-09-14,2.874,2.894,2.844,2.864,656247.0
2017-09-15,2.864,2.874,2.824,2.834,721502.0
2017-09-18,2.834,2.874,2.834,2.844,621271.0
2017-09-19,2.854,2.874,2.834,2.864,517273.0
2017-09-20,2.894,2.894,2.834,2.844,420872.0
2017-09-21,2.854,2.864,2.824,2.854,406796.0
2017-09-22,2.844,2.894,2.794,2.894,1006619.0
2017-09-25,2.894,2.954,2.854,2.944,1204764.0
2017-09-26,2.964,3.024,2.954,2.974,1043187.0
2017-09-27,2.964,2.974,2.924,2.934,414927.0
2017-09-28,2.934,2.954,2.884,2.914,517773.0
2017-09-29,2.914,2.934,2.884,2.914,415373.0
2017-10-09,2.944,2.944,2.864,2.884,724989.0
2017-10-10,2.884,2.894,2.844,2.864,673372.0
2017-10-11,2.874,2.884,2.844,2.874,585470.0
2017-10-12,2.874,2.874,2.814,2.834,804003.0
2017-10-13,2.824,2.824,2.784,2.824,782776.0
2017-10-16,2.824,2.834,2.794,2.824,930228.0
2017-10-17,2.834,2.854,2.814,2.834,558705.0
2017-10-18,2.824,2.934,2.824,2.914,1656178.0
2017-10-19,2.884,2.934,2.864,2.934,1305024.0
2017-10-20,2.904,2.914,2.864,2.874,490227.0
2017-10-23,2.874,2.884,2.834,2.864,493894.0
2017-10-24,2.844,2.954,2.844,2.934,1297309.0
2017-10-25,2.944,2.954,2.894,2.924,693593.0
2017-10-26,2.914,2.924,2.864,2.904,929194.0
2017-10-27,2.914,2.934,2.864,2.884,695259.0
2017-10-30,2.904,3.024,2.884,3.004,2467741.0
2017-10-31,3.014,3.024,2.954,2.984,1155053.0
2017-11-01,2.994,3.144,2.984,3.124,2971535.0
2017-11-02,3.104,3.174,3.084,3.134,1708680.0
2017-11-03,3.144,3.194,3.074,3.164,2300552.0
2017-11-06,3.194,3.304,3.174,3.214,2458008.0
2017-11-07,3.264,3.414,3.244,3.304,3453363.0
2017-11-08,3.284,3.294,3.184,3.234,2182396.0
2017-11-09,3.224,3.254,3.174,3.244,1132775.0
2017-11-10,3.224,3.264,3.084,3.104,2146538.0
2017-11-13,3.124,3.154,3.064,3.134,1852681.0
2017-11-14,3.124,3.154,3.064,3.084,1116064.0
2017-11-15,3.034,3.054,2.944,2.964,2509798.0
2017-11-16,2.954,2.994,2.904,2.934,1158792.0
2017-11-17,2.934,3.034,2.904,3.014,2492264.0
2017-11-20,2.984,3.054,2.954,3.014,1367894.0
2017-11-21,3.014,3.044,2.924,3.014,1835221.0
2017-11-22,3.014,3.244,2.994,3.234,3194513.0
2017-11-23,3.254,3.284,3.114,3.184,2451415.0
2017-11-24,3.154,3.244,3.134,3.194,1785313.0
2017-11-27,3.214,3.264,3.094,3.194,2013645.0
2017-11-28,3.154,3.164,3.014,3.034,1610361.0
2017-11-29,3.034,3.084,3.014,3.054,1253441.0
2017-11-30,3.034,3.054,2.994,3.044,818612.0
2017-12-01,3.044,3.064,2.974,3.034,850872.0
2017-12-04,3.024,3.084,3.024,3.044,935562.0
2017-12-05,3.024,3.204,2.984,3.144,2874943.0
2017-12-06,3.114,3.154,3.074,3.104,1263100.0
2017-12-07,3.054,3.104,3.024,3.084,946064.0
2017-12-08,3.064,3.094,3.034,3.044,741246.0
2017-12-11,3.054,3.064,3.014,3.044,922168.0
2017-12-12,3.054,3.094,3.044,3.054,1233940.0
2017-12-13,3.044,3.064,3.014,3.044,603663.0
2017-12-14,3.034,3.074,2.964,2.974,789780.0
2017-12-15,2.974,2.984,2.914,2.944,789192.0
2017-12-18,2.924,2.964,2.924,2.954,512142.0
2017-12-19,2.944,2.974,2.934,2.974,542299.0
2017-12-20,2.974,2.994,2.914,2.984,952679.0
2017-12-21,2.964,3.004,2.944,2.984,567888.0
2017-12-22,2.974,3.094,2.964,3.044,949675.0
2017-12-25,3.024,3.064,3.004,3.044,907901.0
2017-12-26,3.044,3.114,3.024,3.074,908443.0
2017-12-27,3.104,3.194,3.094,3.114,1485758.0
2017-12-28,3.114,3.214,3.074,3.194,1358228.0
2017-12-29,3.194,3.214,3.114,3.144,704036.0
2018-01-02,3.174,3.484,3.174,3.384,3675652.0
2018-01-03,3.374,3.534,3.354,3.484,2431524.0
2018-01-04,3.574,4.094,3.574,3.914,5100948.0
2018-01-05,3.914,4.194,3.864,4.074,4266394.0
2018-01-08,4.034,4.154,3.994,4.064,3349207.0
2018-01-09,4.084,4.124,3.944,4.014,2713787.0
2018-01-10,4.184,4.364,4.114,4.164,4694376.0
2018-01-11,4.164,4.194,4.024,4.094,1635527.0
2018-01-12,4.114,4.244,4.004,4.164,1937617.0
2018-01-15,4.214,4.454,4.114,4.304,3319511.0
2018-01-16,4.294,4.394,4.104,4.124,4444591.0
2018-01-17,4.064,4.264,3.974,4.044,4256323.0
2018-01-18,4.064,4.064,3.904,4.014,4055839.0
2018-01-19,4.004,4.124,3.954,4.054,4157306.0
2018-01-22,4.074,4.134,3.884,3.924,3960918.0
2018-01-23,3.994,4.064,3.894,4.054,6139969.0
2018-01-24,4.134,4.344,4.034,4.334,6939308.0
2018-01-25,4.434,4.524,4.234,4.264,4916205.0
2018-01-26,4.194,4.404,4.154,4.394,3185790.0
2018-01-29,4.404,4.634,4.374,4.454,4491857.0
2018-01-30,4.344,4.434,4.194,4.224,2423818.0
2018-01-31,4.144,4.164,4.034,4.094,2591236.0
2018-02-01,4.114,4.184,3.984,4.174,3114830.0
2018-02-02,4.204,4.574,4.084,4.554,4409100.0
2018-02-05,4.374,4.684,4.354,4.644,3351567.0
2018-02-06,4.424,4.544,4.234,4.424,4796640.0
2018-02-07,4.474,4.734,4.054,4.164,5139011.0
2018-02-08,3.934,3.944,3.594,3.734,4325250.0
2018-02-09,3.454,3.504,3.124,3.394,4890423.0
2018-02-12,3.294,3.404,3.224,3.314,2486305.0
2018-02-13,3.364,3.474,3.324,3.354,2432413.0
2018-02-14,3.364,3.384,3.254,3.324,1332938.0
2018-02-22,3.444,3.524,3.384,3.494,2596592.0
2018-02-23,3.574,3.664,3.514,3.594,1934236.0
2018-02-26,3.664,3.764,3.594,3.644,1888171.0
2018-02-27,3.664,3.674,3.514,3.574,1720690.0
2018-02-28,3.464,3.474,3.334,3.424,1672395.0
2018-03-01,3.334,3.414,3.284,3.404,1384095.0
2018-03-02,3.324,3.404,3.304,3.344,824472.0
2018-03-05,3.344,3.434,3.314,3.404,1167164.0
2018-03-06,3.464,3.504,3.394,3.484,1585879.0
2018-03-07,3.454,3.514,3.414,3.454,985676.0
2018-03-08,3.424,3.484,3.364,3.464,786983.0
2018-03-09,3.444,3.464,3.384,3.404,1246062.0
2018-03-12,3.474,3.524,3.434,3.464,1677651.0
2018-03-13,3.424,3.454,3.364,3.384,1110089.0
2018-03-14,3.364,3.464,3.294,3.434,1515614.0
2018-03-15,3.404,3.464,3.384,3.434,784186.0
2018-03-16,3.404,3.504,3.374,3.434,1209606.0
2018-03-19,3.434,3.634,3.434,3.604,1604337.0
2018-03-20,3.574,3.874,3.564,3.844,2721510.0
2018-03-21,3.904,4.004,3.774,3.864,2494357.0
2018-03-22,3.934,3.984,3.794,3.854,1384139.0
2018-03-23,3.624,3.884,3.564,3.844,3113749.0
2018-03-26,3.814,3.814,3.494,3.654,2605360.0
2018-03-27,3.764,3.804,3.604,3.654,1902062.0
2018-03-28,3.554,3.604,3.354,3.444,1969462.0
2018-03-29,3.444,3.684,3.394,3.634,1901523.0
2018-03-30,3.614,3.624,3.454,3.494,1378336.0
2018-04-02,3.494,3.564,3.424,3.444,1365672.0
2018-04-03,3.374,3.434,3.274,3.394,1240445.0
2018-04-04,3.444,3.534,3.414,3.444,1096460.0
2018-04-09,3.514,3.664,3.484,3.604,1973148.0
2018-04-10,3.684,3.794,3.584,3.784,1979836.0
2018-04-11,3.924,4.054,3.874,3.904,2616994.0
2018-04-12,3.954,4.004,3.854,3.954,1786560.0
2018-04-13,3.914,3.944,3.834,3.844,1037020.0
2018-04-16,3.864,3.884,3.634,3.724,1738295.0
2018-04-17,3.684,3.724,3.594,3.634,1203695.0
2018-04-18,3.704,3.874,3.674,3.864,1705174.0
2018-04-19,3.974,4.014,3.854,3.914,1685015.0
2018-04-20,3.864,3.904,3.774,3.844,1194028.0
2018-04-23,3.794,3.864,3.704,3.844,1135320.0
2018-04-24,3.824,4.044,3.824,3.954,1688855.0
2018-04-25,3.894,3.904,3.744,3.764,1493015.0
2018-04-26,3.774,3.794,3.694,3.764,1065686.0
2018-04-27,3.804,3.964,3.744,3.924,1552365.0
2018-05-02,3.904,3.934,3.824,3.884,905468.0
2018-05-03,3.874,4.054,3.834,4.014,1475170.0
2018-05-04,4.034,4.044,3.924,4.024,994953.0
2018-05-07,4.054,4.204,3.994,4.194,1680930.0
2018-05-08,4.184,4.244,4.054,4.084,1807406.0
2018-05-09,4.144,4.284,4.134,4.204,1559811.0
2018-05-10,4.284,4.334,4.214,4.284,1321753.0
2018-05-11,4.304,4.304,4.204,4.264,823223.0
2018-05-14,4.244,4.244,4.104,4.154,1638801.0
2018-05-15,4.184,4.184,4.094,4.174,1008507.0
2018-05-16,4.124,4.124,4.054,4.114,1226489.0
2018-05-17,4.134,4.184,4.094,4.124,1003390.0
2018-05-18,4.124,4.464,4.094,4.444,2484567.0
2018-05-21,4.374,4.464,4.224,4.284,2678955.0
2018-05-22,4.284,4.334,4.234,4.284,1105263.0
2018-05-23,4.254,4.264,4.004,4.024,1922198.0
2018-05-24,4.004,4.114,3.964,4.014,1054753.0
2018-05-25,3.974,4.004,3.854,3.974,1241735.0
2018-05-28,3.844,3.944,3.754,3.934,1389170.0
2018-05-29,3.954,4.004,3.924,3.964,784717.0
2018-05-30,3.854,3.954,3.824,3.844,970180.0
2018-05-31,3.904,4.084,3.894,4.064,1601550.0
2018-06-01,4.014,4.074,3.954,4.014,908761.0
2018-06-04,3.994,4.114,3.974,4.064,1217063.0
2018-06-05,4.064,4.074,3.924,3.994,1227128.0
2018-06-06,3.964,3.974,3.874,3.934,954246.0
2018-06-07,3.924,3.954,3.874,3.934,786426.0
2018-06-08,3.944,3.994,3.884,3.914,840572.0
2018-06-11,3.864,3.874,3.724,3.754,990020.0
2018-06-12,3.744,3.854,3.744,3.844,959063.0
2018-06-13,3.804,3.964,3.794,3.904,914543.0
2018-06-14,3.884,3.964,3.824,3.874,917032.0
2018-06-15,3.864,3.934,3.844,3.904,729483.0
2018-06-19,3.844,3.964,3.724,3.864,3249002.0
2018-06-20,3.844,3.854,3.764,3.814,703434.0
2018-06-21,3.824,3.894,3.794,3.824,754968.0
2018-06-22,3.814,3.814,3.624,3.684,989137.0
2018-06-25,3.744,3.784,3.624,3.634,739417.0
2018-06-26,3.604,3.624,3.464,3.514,836108.0
2018-06-27,3.564,3.764,3.564,3.704,1725848.0
2018-06-28,3.744,3.934,3.744,3.864,1269649.0
2018-06-29,3.894,3.934,3.774,3.904,804323.0
2018-07-02,3.864,3.914,3.664,3.724,913212.0
2018-07-03,3.734,3.744,3.574,3.684,1016830.0
2018-07-04,3.624,3.684,3.614,3.644,675505.0
2018-07-05,3.624,3.734,3.454,3.724,1334976.0
2018-07-06,3.614,3.714,3.574,3.684,645178.0
2018-07-09,3.694,3.834,3.684,3.824,604224.0
2018-07-10,3.854,3.954,3.784,3.924,764552.0
2018-07-11,3.814,3.834,3.734,3.794,503747.0
2018-07-12,3.704,3.794,3.664,3.764,1187730.0
2018-07-13,3.744,3.784,3.714,3.754,455286.0
2018-07-16,3.754,3.784,3.664,3.744,435399.0
2018-07-17,3.684,3.684,3.574,3.614,868077.0
2018-07-18,3.634,3.674,3.584,3.624,502149.0
2018-07-19,3.644,3.714,3.634,3.664,472326.0
2018-07-20,3.674,3.824,3.674,3.804,790372.0
2018-07-23,3.794,3.864,3.754,3.844,730354.0
2018-07-24,3.834,4.014,3.814,3.934,1050046.0
2018-07-25,4.054,4.084,3.934,3.954,1105976.0
2018-07-26,3.984,4.044,3.914,3.974,643148.0
2018-07-27,3.974,4.034,3.934,4.034,658639.0
2018-07-30,4.004,4.064,3.964,4.014,619022.0
2018-07-31,4.034,4.244,4.014,4.174,1102402.0
2018-08-01,4.114,4.184,4.064,4.064,786985.0
2018-08-02,4.054,4.054,3.854,3.934,960260.0
2018-08-03,3.954,4.084,3.934,3.994,791604.0
2018-08-06,3.964,4.114,3.884,3.924,895233.0
2018-08-07,3.974,4.214,3.974,4.204,1554915.0
2018-08-08,4.154,4.254,4.114,4.144,1158667.0
2018-08-09,4.034,4.154,3.974,4.124,1297805.0
2018-08-10,4.074,4.124,3.994,4.044,847788.0
2018-08-13,4.024,4.054,3.934,4.014,836219.0
2018-08-14,4.004,4.064,3.974,4.044,682003.0
2018-08-15,4.004,4.004,3.884,3.904,895065.0
2018-08-16,3.794,3.914,3.744,3.804,718429.0
2018-08-17,3.864,3.874,3.724,3.744,580347.0
2018-08-20,3.744,3.884,3.734,3.874,683332.0
2018-08-21,3.894,3.944,3.864,3.894,648775.0
2018-08-22,3.924,4.024,3.904,3.944,667760.0
2018-08-23,3.974,4.044,3.924,3.984,759847.0
2018-08-24,3.974,4.064,3.954,4.044,652449.0
2018-08-27,4.104,4.244,4.094,4.234,1922633.0
2018-08-28,4.214,4.394,4.204,4.264,1551391.0
2018-08-29,4.264,4.384,4.244,4.274,1256177.0
2018-08-30,4.334,4.374,4.214,4.214,738705.0
2018-08-31,4.234,4.334,4.124,4.254,1245274.0
2018-09-03,4.214,4.304,4.164,4.224,714318.0
2018-09-04,4.244,4.354,4.134,4.304,1080958.0
2018-09-05,4.274,4.304,4.094,4.114,937788.0
2018-09-06,4.104,4.144,4.074,4.114,735846.0
2018-09-07,4.094,4.184,4.064,4.094,744694.0
2018-09-10,4.094,4.174,4.084,4.134,850084.0
2018-09-11,4.134,4.224,4.074,4.194,1053768.0
2018-09-12,4.234,4.334,4.144,4.224,1048496.0
2018-09-13,4.284,4.434,4.254,4.404,1572563.0
2018-09-14,4.374,4.384,4.304,4.344,714520.0
2018-09-17,4.334,4.334,4.224,4.284,654033.0
2018-09-18,4.264,4.384,4.234,4.384,1009148.0
2018-09-19,4.374,4.534,4.354,4.504,1318615.0
2018-09-20,4.504,4.544,4.424,4.464,825259.0
2018-09-21,4.464,4.524,4.354,4.524,1259250.0
2018-09-25,4.514,4.604,4.414,4.454,1089187.0
2018-09-26,4.464,4.694,4.454,4.644,2264931.0
2018-09-27,4.624,4.664,4.574,4.614,1213768.0
2018-09-28,4.634,4.714,4.584,4.694,1010707.0
2018-10-08,4.474,4.494,4.154,4.194,3248578.0
2018-10-09,4.194,4.344,4.114,4.234,1996789.0
2018-10-10,4.244,4.344,4.184,4.244,1051268.0
2018-10-11,4.044,4.084,3.894,3.974,1896375.0
2018-10-12,3.924,4.124,3.924,4.094,1346314.0
2018-10-15,4.094,4.144,4.024,4.054,878932.0
2018-10-16,4.064,4.274,4.064,4.124,1137358.0
2018-10-17,4.204,4.204,3.964,4.044,1734758.0
2018-10-18,3.944,3.994,3.764,3.784,1412640.0
2018-10-19,3.704,3.924,3.594,3.884,1368347.0
2018-10-22,3.904,4.144,3.864,4.034,2211405.0
2018-10-23,4.004,4.044,3.794,3.824,1199323.0
2018-10-24,3.694,3.864,3.604,3.764,1627727.0
2018-10-25,3.654,3.794,3.614,3.774,1151529.0
2018-10-26,3.804,3.894,3.774,3.834,1327576.0
2018-10-29,3.894,3.964,3.774,3.804,1362552.0
2018-10-30,3.844,3.944,3.784,3.884,985819.0
2018-10-31,3.924,3.934,3.804,3.884,1147085.0
2018-11-01,3.874,3.894,3.794,3.834,1281785.0
2018-11-02,3.854,3.894,3.794,3.894,1779900.0
2018-11-05,3.854,3.904,3.804,3.894,1019348.0
2018-11-06,3.874,3.944,3.844,3.924,1020577.0
2018-11-07,3.884,3.894,3.794,3.814,900768.0
2018-11-08,3.864,3.884,3.814,3.824,699484.0
2018-11-09,3.804,3.814,3.694,3.714,824140.0
2018-11-12,3.704,3.764,3.674,3.754,873244.0
2018-11-13,3.674,3.774,3.674,3.754,957360.0
2018-11-14,3.654,3.654,3.504,3.544,2178299.0
2018-11-15,3.554,3.584,3.534,3.574,1083209.0
2018-11-16,3.584,3.654,3.574,3.624,1347213.0
2018-11-19,3.644,3.714,3.624,3.704,858174.0
2018-11-20,3.674,3.694,3.584,3.634,860251.0
2018-11-21,3.524,3.534,3.434,3.524,1472814.0
2018-11-22,3.534,3.534,3.464,3.484,859308.0
2018-11-23,3.454,3.464,3.404,3.414,802159.0
2018-11-26,3.324,3.404,3.284,3.364,767865.0
2018-11-27,3.394,3.424,3.364,3.384,530919.0
2018-11-28,3.394,3.464,3.374,3.444,553735.0
2018-11-29,3.444,3.474,3.394,3.404,504628.0
2018-11-30,3.434,3.494,3.424,3.474,698073.0
2018-12-03,3.574,3.654,3.554,3.634,1606439.0
2018-12-04,3.634,3.654,3.544,3.594,911269.0
2018-12-05,3.534,3.584,3.514,3.544,568682.0
2018-12-06,3.504,3.514,3.414,3.444,923740.0
2018-12-07,3.434,3.464,3.414,3.434,390920.0
2018-12-10,3.454,3.514,3.444,3.494,860018.0
2018-12-11,3.454,3.464,3.404,3.424,620326.0
2018-12-12,3.464,3.464,3.414,3.434,485712.0
2018-12-13,3.424,3.524,3.424,3.504,759550.0
2018-12-14,3.514,3.564,3.464,3.464,1124985.0
2018-12-17,3.454,3.554,3.454,3.544,624336.0
2018-12-18,3.494,3.514,3.384,3.384,826903.0
2018-12-19,3.324,3.324,3.224,3.224,1199303.0
2018-12-20,3.234,3.244,3.144,3.184,735900.0
2018-12-21,3.124,3.204,3.084,3.204,678207.0
2018-12-24,3.144,3.344,3.134,3.314,1086519.0
2018-12-25,3.214,3.244,3.124,3.194,778230.0
2018-12-26,3.204,3.244,3.174,3.204,560632.0
2018-12-27,3.364,3.424,2.804,2.824,4296618.0
2018-12-28,2.624,2.694,2.564,2.624,3221448.0
2019-01-02,2.674,2.684,2.534,2.584,2185583.0
2019-01-03,2.604,2.624,2.534,2.614,1547884.0
2019-01-04,2.584,2.694,2.574,2.674,1616696.0
2019-01-07,2.734,2.764,2.694,2.754,2001628.0
2019-01-08,2.754,2.834,2.744,2.814,1526440.0
2019-01-09,2.864,2.984,2.864,2.924,1900795.0
2019-01-10,2.984,3.014,2.864,2.874,1451872.0
2019-01-11,2.884,2.934,2.854,2.924,801253.0
2019-01-14,2.894,2.924,2.854,2.864,726327.0
2019-01-15,2.874,2.944,2.874,2.904,861937.0
2019-01-16,2.924,2.974,2.904,2.964,835037.0
2019-01-17,2.984,2.994,2.914,2.934,752551.0
2019-01-18,2.974,2.994,2.934,2.974,1001826.0
2019-01-21,3.014,3.074,3.004,3.054,1012467.0
2019-01-22,3.054,3.064,2.914,2.954,910680.0
2019-01-23,2.924,2.994,2.914,2.954,643584.0
2019-01-24,2.954,3.024,2.924,3.004,756785.0
2019-01-25,3.044,3.074,3.034,3.044,675729.0
2019-01-28,3.144,3.214,3.104,3.124,1461278.0
2019-01-29,3.114,3.194,3.064,3.184,1295072.0
2019-01-30,3.174,3.254,3.154,3.204,861861.0
2019-01-31,3.244,3.344,3.204,3.304,1082258.0
2019-02-01,3.304,3.354,3.274,3.314,771406.0
2019-02-11,3.274,3.294,3.174,3.274,1010366.0
2019-02-12,3.274,3.284,3.224,3.264,1113601.0
2019-02-13,3.284,3.454,3.274,3.434,1360123.0
2019-02-14,3.424,3.454,3.394,3.414,856453.0
2019-02-15,3.414,3.444,3.304,3.324,794842.0
2019-02-18,3.394,3.494,3.384,3.474,1262494.0
2019-02-19,3.474,3.504,3.424,3.454,852761.0
2019-02-20,3.444,3.484,3.434,3.474,649242.0
2019-02-21,3.484,3.494,3.414,3.444,792892.0
2019-02-22,3.414,3.454,3.344,3.454,960693.0
2019-02-25,3.464,3.654,3.444,3.644,2697691.0
2019-02-26,3.584,3.634,3.534,3.574,2408142.0
2019-02-27,3.574,3.674,3.564,3.614,1905693.0
2019-02-28,3.604,3.634,3.574,3.584,1176222.0
2019-03-01,3.614,3.654,3.574,3.654,1291834.0
2019-03-04,3.654,3.794,3.614,3.684,2804788.0
2019-03-05,3.684,3.684,3.614,3.664,1735075.0
2019-03-06,3.654,3.734,3.624,3.704,2789936.0
2019-03-07,3.644,3.674,3.604,3.654,2403304.0
2019-03-08,3.584,3.604,3.394,3.424,1958314.0
2019-03-11,3.414,3.464,3.394,3.444,1363333.0
2019-03-12,3.474,3.624,3.474,3.554,1814248.0
2019-03-13,3.554,3.554,3.434,3.464,1160548.0
2019-03-14,3.504,3.574,3.464,3.504,1095595.0
2019-03-15,3.514,3.554,3.464,3.514,1053881.0
2019-03-18,3.524,3.644,3.494,3.634,1708294.0
2019-03-19,3.654,3.674,3.594,3.624,1248028.0
2019-03-20,3.614,3.654,3.534,3.574,1278740.0
2019-03-21,3.604,3.624,3.554,3.584,1009272.0
2019-03-22,3.584,3.594,3.514,3.554,928243.0
2019-03-25,3.504,3.504,3.364,3.394,2603456.0
2019-03-26,3.374,3.394,3.244,3.274,2102146.0
2019-03-27,3.284,3.324,3.264,3.294,1112544.0
2019-03-28,3.264,3.274,3.194,3.214,1162484.0
2019-03-29,3.224,3.324,3.184,3.314,1981482.0
2019-04-01,3.324,3.414,3.314,3.414,2594463.0
2019-04-02,3.434,3.454,3.364,3.384,1832272.0
2019-04-03,3.394,3.454,3.374,3.434,1956807.0
2019-04-04,3.424,3.514,3.404,3.504,2844451.0
2019-04-08,3.604,3.674,3.534,3.604,3563050.0
2019-04-09,3.584,3.614,3.494,3.534,2232712.0
2019-04-10,3.514,3.514,3.424,3.474,2237218.0
2019-04-11,3.474,3.494,3.384,3.404,1824566.0
2019-04-12,3.384,3.404,3.354,3.394,1304345.0
2019-04-15,3.424,3.474,3.384,3.384,1669148.0
2019-04-16,3.364,3.474,3.284,3.474,2275265.0
2019-04-17,3.454,3.484,3.424,3.454,1644098.0
2019-04-18,3.444,3.464,3.404,3.424,1287651.0
2019-04-19,3.424,3.454,3.384,3.444,1115578.0
2019-04-22,3.484,3.584,3.434,3.504,2869655.0
2019-04-23,3.524,3.544,3.434,3.454,1952614.0
2019-04-24,3.474,3.474,3.354,3.394,1651453.0
2019-04-25,3.364,3.374,3.294,3.304,1411117.0
2019-04-26,3.274,3.304,3.224,3.234,1135457.0
2019-04-29,3.234,3.274,3.194,3.234,1179114.0
2019-04-30,3.194,3.264,3.184,3.254,910097.0
2019-05-06,3.164,3.164,2.994,3.014,2251564.0
2019-05-07,3.054,3.084,2.994,3.024,1103198.0
2019-05-08,2.964,3.014,2.934,2.954,1083695.0
2019-05-09,2.944,2.974,2.894,2.924,729664.0
2019-05-10,2.964,3.014,2.914,3.004,963715.0
2019-05-13,2.964,2.974,2.934,2.944,759139.0
2019-05-14,2.914,2.954,2.894,2.934,703237.0
2019-05-15,2.944,2.994,2.944,2.974,892435.0
2019-05-16,2.964,3.024,2.954,3.014,942284.0
2019-05-17,3.024,3.024,2.974,2.984,1182527.0
2019-05-20,2.984,3.044,2.934,3.034,1001772.0
2019-05-21,3.014,3.104,2.994,3.054,952844.0
2019-05-22,3.044,3.064,3.014,3.024,493087.0
2019-05-23,3.004,3.064,2.984,3.034,866152.0
2019-05-24,2.994,3.024,2.954,2.964,637245.0
2019-05-27,2.964,3.014,2.954,3.004,587282.0
2019-05-28,3.004,3.044,2.964,3.014,952133.0
2019-05-29,2.984,3.014,2.974,2.984,631412.0
2019-05-30,2.994,3.054,2.984,3.044,1087928.0
2019-05-31,3.014,3.064,2.994,3.004,737254.0
2019-06-03,3.014,3.024,2.984,3.014,824510.0
2019-06-04,3.004,3.014,2.974,3.004,611786.0
2019-06-05,3.024,3.094,3.014,3.054,890910.0
2019-06-06,3.054,3.074,3.024,3.054,706397.0
2019-06-10,3.064,3.124,3.054,3.114,986450.0
2019-06-11,3.124,3.144,3.084,3.134,1410379.0
2019-06-12,3.104,3.114,3.074,3.094,750325.0
2019-06-13,3.074,3.084,3.024,3.084,779349.0
2019-06-14,3.074,3.084,3.034,3.044,693146.0
2019-06-17,3.044,3.084,3.034,3.064,527635.0
2019-06-18,3.074,3.114,3.054,3.094,551975.0
2019-06-19,3.154,3.164,3.104,3.124,1091526.0
2019-06-20,3.124,3.214,3.104,3.194,1621725.0
2019-06-21,3.224,3.274,3.204,3.244,1139542.0
2019-06-24,3.244,3.254,3.214,3.234,561515.0
2019-06-25,3.244,3.244,3.184,3.224,739545.0
2019-06-26,3.224,3.304,3.204,3.294,968694.0
2019-06-27,3.324,3.344,3.264,3.264,999704.0
2019-06-28,3.264,3.304,3.244,3.304,589801.0
2019-07-01,3.334,3.344,3.304,3.314,816928.0
2019-07-02,3.304,3.314,3.254,3.274,854283.0
2019-07-03,3.244,3.254,3.184,3.214,862084.0
2019-07-04,3.224,3.284,3.214,3.284,771674.0
2019-07-05,3.274,3.274,3.224,3.254,627775.0
2019-07-08,3.234,3.234,3.144,3.164,744931.0
2019-07-09,3.154,3.164,3.084,3.094,800600.0
2019-07-10,3.114,3.114,3.024,3.034,875894.0
2019-07-11,3.074,3.084,3.034,3.054,974981.0
2019-07-12,3.044,3.094,3.034,3.074,625264.0
2019-07-15,3.074,3.104,3.014,3.094,658402.0
2019-07-16,3.094,3.154,3.084,3.134,625054.0
2019-07-17,3.114,3.134,3.094,3.114,431939.0
2019-07-18,3.114,3.124,3.064,3.074,408648.0
2019-07-19,3.084,3.144,3.074,3.124,559799.0
2019-07-22,3.124,3.134,3.084,3.094,544126.0
2019-07-23,3.084,3.124,3.064,3.094,545828.0
2019-07-24,3.104,3.154,3.094,3.114,548721.0
2019-07-25,3.124,3.144,3.094,3.124,499255.0
2019-07-26,3.104,3.144,3.074,3.114,602674.0
2019-07-29,3.114,3.114,3.084,3.084,592080.0
2019-07-30,3.094,3.124,3.084,3.094,352608.0
2019-07-31,3.094,3.104,3.074,3.104,398476.0
2019-08-01,3.084,3.104,3.044,3.064,616872.0
2019-08-02,3.014,3.014,2.954,2.964,1051132.0
2019-08-05,2.944,2.954,2.864,2.874,809433.0
2019-08-06,2.804,2.844,2.784,2.824,1065025.0
2019-08-07,2.834,2.854,2.784,2.804,669904.0
2019-08-08,2.814,2.824,2.794,2.814,593479.0
2019-08-09,2.824,2.824,2.794,2.814,539600.0
2019-08-12,2.814,2.824,2.784,2.824,598710.0
2019-08-13,2.804,2.804,2.764,2.774,528438.0
2019-08-14,2.814,2.824,2.804,2.804,435981.0
2019-08-15,2.744,2.804,2.724,2.804,430680.0
2019-08-16,2.794,2.814,2.784,2.804,467171.0
2019-08-19,2.824,2.874,2.804,2.874,668097.0
2019-08-20,2.874,2.904,2.864,2.884,616487.0
2019-08-21,2.884,2.884,2.854,2.864,293676.0
2019-08-22,2.864,2.874,2.814,2.844,494373.0
2019-08-23,2.854,2.864,2.834,2.844,338872.0
2019-08-26,2.784,2.814,2.774,2.804,584405.0
2019-08-27,2.814,2.864,2.804,2.824,759488.0
2019-08-28,2.824,2.844,2.804,2.814,427595.0
2019-08-29,2.824,2.834,2.794,2.824,455455.0
2019-08-30,2.834,2.864,2.794,2.814,518074.0
2019-09-02,2.824,2.864,2.814,2.854,668710.0
2019-09-03,2.854,2.864,2.824,2.854,599885.0
2019-09-04,2.854,2.924,2.844,2.924,974575.0
2019-09-05,2.934,3.004,2.924,2.944,962721.0
2019-09-06,2.954,2.994,2.954,2.984,717821.0
2019-09-09,3.014,3.044,2.984,3.024,912022.0
2019-09-10,3.044,3.054,3.024,3.054,679566.0
2019-09-11,3.064,3.104,3.054,3.094,909235.0
2019-09-12,3.084,3.094,3.034,3.044,807679.0
2019-09-16,3.224,3.244,3.144,3.184,2705013.0
2019-09-17,3.204,3.204,3.094,3.114,1094350.0
2019-09-18,3.074,3.074,3.024,3.024,804803.0
2019-09-19,3.034,3.054,3.004,3.044,450621.0
2019-09-20,3.054,3.064,3.014,3.024,698477.0
2019-09-23,3.024,3.024,2.974,3.004,560549.0
2019-09-24,3.014,3.024,2.984,2.994,488301.0
2019-09-25,2.974,2.984,2.964,2.964,473908.0
2019-09-26,2.984,2.984,2.934,2.954,600797.0
2019-09-27,2.954,2.954,2.924,2.944,453695.0
2019-09-30,2.954,2.994,2.944,2.974,491987.0
2019-10-08,2.944,2.974,2.944,2.954,436712.0
2019-10-09,2.934,2.974,2.914,2.964,414364.0
2019-10-10,2.964,2.964,2.934,2.954,378110.0
2019-10-11,2.974,3.044,2.954,3.034,747554.0
2019-10-14,3.024,3.064,3.004,3.034,665099.0
2019-10-15,3.034,3.034,2.994,2.994,360332.0
2019-10-16,3.004,3.024,2.984,3.004,427217.0
2019-10-17,3.004,3.014,2.984,2.994,254666.0
2019-10-18,3.004,3.004,2.944,2.944,426570.0
2019-10-21,2.944,2.954,2.924,2.934,508755.0
2019-10-22,2.944,2.944,2.904,2.934,504529.0
2019-10-23,2.934,2.944,2.914,2.924,360966.0
2019-10-24,2.944,2.954,2.924,2.944,410600.0
2019-10-25,2.954,2.954,2.924,2.954,486545.0
2019-10-28,2.944,2.974,2.934,2.964,570325.0
2019-10-29,2.954,2.974,2.944,2.944,402981.0
2019-10-30,2.944,2.954,2.914,2.914,377170.0
2019-10-31,2.904,2.904,2.844,2.854,756818.0
2019-11-01,2.834,2.854,2.814,2.844,833103.0
2019-11-04,2.864,2.874,2.844,2.854,633059.0
2019-11-05,2.874,2.904,2.844,2.884,532816.0
2019-11-06,2.894,2.894,2.874,2.884,427464.0
2019-11-07,2.874,2.894,2.864,2.894,404154.0
2019-11-08,2.904,2.914,2.854,2.884,583592.0
2019-11-11,2.874,2.874,2.814,2.814,655264.0
2019-11-12,2.824,2.844,2.804,2.824,468918.0
2019-11-13,2.834,2.834,2.804,2.824,507339.0
2019-11-14,2.824,2.824,2.804,2.804,463951.0
2019-11-15,2.814,2.834,2.794,2.804,570040.0
2019-11-18,2.814,2.864,2.804,2.864,599476.0
2019-11-19,2.844,2.874,2.834,2.854,482484.0
2019-11-20,2.844,2.894,2.834,2.874,516623.0
2019-11-21,2.874,2.914,2.854,2.894,557894.0
2019-11-22,2.904,2.924,2.884,2.894,670220.0
2019-11-25,2.884,2.984,2.874,2.974,925608.0
2019-11-26,2.984,2.994,2.944,2.984,706451.0
2019-11-27,2.974,2.994,2.944,2.974,460928.0
2019-11-28,2.974,2.984,2.944,2.964,296906.0
2019-11-29,2.954,2.964,2.914,2.944,458051.0
2019-12-02,2.914,2.924,2.884,2.904,493391.0
2019-12-03,2.904,2.914,2.864,2.884,409498.0
2019-12-04,2.884,2.884,2.854,2.864,309347.0
2019-12-05,2.894,2.894,2.864,2.884,383212.0
2019-12-06,2.884,2.894,2.854,2.874,513042.0
2019-12-09,2.874,2.904,2.864,2.904,528133.0
2019-12-10,2.904,2.914,2.884,2.894,305408.0
2019-12-11,2.914,2.924,2.904,2.914,489082.0
2019-12-12,2.924,2.924,2.904,2.904,364003.0
2019-12-13,2.924,2.944,2.914,2.944,649206.0
2019-12-16,2.954,2.984,2.934,2.964,592017.0
2019-12-17,2.974,3.054,2.944,3.034,1210779.0
2019-12-18,3.034,3.064,3.004,3.024,647684.0
2019-12-19,3.024,3.034,2.994,3.014,325481.0
2019-12-20,3.004,3.034,3.004,3.004,439263.0
2019-12-23,3.014,3.014,2.944,2.944,538181.0
2019-12-24,2.944,2.984,2.944,2.974,235368.0
2019-12-25,2.974,2.984,2.954,2.964,241121.0
2019-12-26,2.954,2.984,2.954,2.974,257919.0
2019-12-27,2.974,3.044,2.974,3.004,690988.0
2019-12-30,3.004,3.044,2.994,3.034,761684.0
2019-12-31,3.024,3.074,3.014,3.064,891777.0
2020-01-02,3.084,3.144,3.064,3.124,1250435.0
2020-01-03,3.144,3.244,3.134,3.224,1648873.0
2020-01-06,3.264,3.364,3.244,3.314,2112512.0
2020-01-07,3.254,3.254,3.154,3.204,1263481.0
2020-01-08,3.274,3.304,3.224,3.234,1270409.0
2020-01-09,3.144,3.174,3.124,3.144,1033555.0
2020-01-10,3.134,3.144,3.094,3.114,469139.0
2020-01-13,3.114,3.124,3.054,3.094,837544.0
2020-01-14,3.084,3.124,3.064,3.094,844454.0
2020-01-15,3.094,3.094,3.044,3.044,505138.0
2020-01-16,3.054,3.064,3.014,3.024,527475.0
2020-01-17,3.034,3.054,3.004,3.024,601906.0
2020-01-20,3.024,3.034,2.994,3.004,615085.0
2020-01-21,2.994,3.004,2.954,2.964,745005.0
2020-01-22,2.954,2.964,2.904,2.934,812002.0
2020-01-23,2.914,2.924,2.854,2.894,1104921.0
2020-02-03,2.454,2.694,2.444,2.574,2161853.0
2020-02-04,2.534,2.604,2.494,2.594,1200593.0
2020-02-05,2.584,2.654,2.544,2.594,1208894.0
2020-02-06,2.644,2.684,2.584,2.654,1024516.0
2020-02-07,2.654,2.694,2.614,2.684,951848.0
2020-02-10,2.694,2.694,2.634,2.664,1146636.0
2020-02-11,2.664,2.704,2.644,2.674,1169208.0
2020-02-12,2.674,2.684,2.634,2.684,844616.0
2020-02-13,2.684,2.694,2.654,2.654,918566.0
2020-02-14,2.644,2.674,2.634,2.664,666801.0
2020-02-17,2.664,2.744,2.654,2.734,1059858.0
2020-02-18,2.734,2.744,2.694,2.704,1186948.0
2020-02-19,2.714,2.724,2.684,2.694,934380.0
2020-02-20,2.714,2.744,2.704,2.744,1203826.0
2020-02-21,2.724,2.744,2.724,2.744,982603.0
2020-02-24,2.714,2.724,2.664,2.674,1292181.0
2020-02-25,2.624,2.644,2.594,2.614,1454954.0
2020-02-26,2.584,2.654,2.564,2.634,1436140.0
2020-02-27,2.634,2.644,2.604,2.614,1033375.0
2020-02-28,2.564,2.604,2.514,2.554,1669391.0
2020-03-02,2.574,2.684,2.574,2.654,1550879.0
2020-03-03,2.694,2.714,2.634,2.664,1327492.0
2020-03-04,2.664,2.684,2.644,2.664,799277.0
2020-03-05,2.694,2.754,2.674,2.744,1607713.0
2020-03-06,2.714,2.774,2.684,2.744,1615774.0
2020-03-09,2.684,2.954,2.554,2.864,5182343.0
2020-03-10,2.804,2.864,2.674,2.774,2633978.0
2020-03-11,2.764,2.764,2.704,2.704,1505089.0
2020-03-12,2.654,2.694,2.574,2.594,1750364.0
2020-03-13,2.474,2.544,2.464,2.504,2065697.0
2020-03-16,2.534,2.724,2.534,2.584,2665714.0
2020-03-17,2.574,2.624,2.464,2.544,1540850.0
2020-03-18,2.544,2.574,2.474,2.484,1410967.0
2020-03-19,2.464,2.494,2.364,2.404,1457173.0
2020-03-20,2.454,2.484,2.404,2.464,989187.0
2020-03-23,2.404,2.424,2.364,2.384,869499.0
2020-03-24,2.414,2.444,2.404,2.434,813164.0
2020-03-25,2.504,2.504,2.454,2.474,864469.0
2020-03-26,2.474,2.484,2.434,2.444,697099.0
2020-03-27,2.474,2.484,2.424,2.444,756026.0
2020-03-30,2.444,2.444,2.394,2.424,1024770.0
2020-03-31,2.444,2.444,2.354,2.384,1610124.0
2020-04-01,2.374,2.384,2.334,2.344,1161533.0
2020-04-02,2.314,2.514,2.314,2.504,2640559.0
2020-04-03,2.494,2.494,2.404,2.414,1676797.0
2020-04-07,2.464,2.494,2.434,2.464,1599650.0
2020-04-08,2.444,2.454,2.404,2.454,1166312.0
2020-04-09,2.474,2.484,2.454,2.464,792639.0
2020-04-10,2.454,2.494,2.424,2.444,997023.0
2020-04-13,2.454,2.474,2.444,2.454,843177.0
2020-04-14,2.454,2.464,2.424,2.454,996214.0
2020-04-15,2.444,2.454,2.424,2.444,755207.0
2020-04-16,2.424,2.444,2.424,2.424,808590.0
2020-04-17,2.454,2.534,2.434,2.514,2118189.0
2020-04-20,2.474,2.604,2.474,2.564,1375893.0
2020-04-21,2.524,2.544,2.484,2.494,1194907.0
2020-04-22,2.474,2.484,2.434,2.464,779737.0
2020-04-23,2.474,2.564,2.474,2.504,1215018.0
2020-04-24,2.504,2.514,2.444,2.444,813358.0
2020-04-27,2.454,2.474,2.434,2.464,657278.0
2020-04-28,2.444,2.454,2.384,2.384,1105058.0
2020-04-29,2.414,2.414,2.374,2.394,678618.0
2020-04-30,2.364,2.414,2.334,2.414,1196402.0
2020-05-06,2.364,2.394,2.364,2.384,848192.0
2020-05-07,2.384,2.384,2.364,2.364,577148.0
2020-05-08,2.374,2.384,2.364,2.374,659209.0
2020-05-11,2.384,2.394,2.364,2.364,559475.0
2020-05-12,2.374,2.374,2.354,2.354,540664.0
2020-05-13,2.354,2.374,2.334,2.364,621293.0
2020-05-14,2.344,2.354,2.324,2.334,554090.0
2020-05-15,2.344,2.354,2.314,2.314,508114.0
2020-05-18,2.324,2.344,2.314,2.324,514957.0
2020-05-19,2.364,2.374,2.334,2.344,769731.0
2020-05-20,2.344,2.344,2.314,2.324,426108.0
2020-05-21,2.334,2.344,2.304,2.314,682494.0
2020-05-22,2.304,2.314,2.204,2.204,1212364.0
2020-05-25,2.204,2.214,2.164,2.174,589336.0
2020-05-26,2.184,2.194,2.144,2.164,811355.0
2020-05-27,2.164,2.174,2.134,2.144,719330.0
2020-05-28,2.134,2.164,2.114,2.144,686685.0
2020-05-29,2.134,2.144,2.094,2.094,812229.0
2020-06-01,2.104,2.164,2.104,2.154,1008515.0
2020-06-02,2.154,2.194,2.144,2.174,842597.0
2020-06-03,2.194,2.224,2.184,2.194,909978.0
2020-06-04,2.214,2.214,2.134,2.144,935624.0
2020-06-05,2.154,2.184,2.124,2.184,781580.0
2020-06-08,2.204,2.254,2.194,2.254,1296403.0
2020-06-09,2.254,2.254,2.224,2.244,1110411.0
2020-06-10,2.264,2.264,2.224,2.234,1084176.0
2020-06-11,2.224,2.234,2.174,2.174,970438.0
2020-06-12,2.134,2.214,2.114,2.184,924146.0
2020-06-15,2.164,2.164,2.134,2.134,601361.0
2020-06-16,2.164,2.164,2.144,2.164,555906.0
2020-06-17,2.154,2.164,2.134,2.154,642280.0
2020-06-18,2.134,2.164,2.124,2.154,1074366.0
2020-06-19,2.154,2.174,2.144,2.154,960983.0
2020-06-22,2.154,2.164,2.134,2.134,861565.0
2020-06-23,2.134,2.144,2.104,2.114,911962.0
2020-06-24,2.104,2.124,2.104,2.114,741324.0
2020-06-29,2.104,2.104,2.044,2.064,1472800.0
2020-06-30,2.074,2.084,2.054,2.054,676382.0
2020-07-01,2.064,2.084,2.044,2.074,980155.0
2020-07-02,2.064,2.164,2.054,2.154,2119386.0
2020-07-03,2.144,2.234,2.134,2.224,2271563.0
2020-07-06,2.254,2.434,2.254,2.414,4237534.0
2020-07-07,2.454,2.504,2.374,2.374,4201822.0
2020-07-08,2.354,2.364,2.274,2.354,2890210.0
2020-07-09,2.344,2.394,2.314,2.374,2719022.0
2020-07-10,2.344,2.344,2.264,2.274,2172192.0
2020-07-13,2.274,2.324,2.264,2.314,2410021.0
2020-07-14,2.294,2.314,2.214,2.234,2797025.0
2020-07-15,2.254,2.274,2.184,2.194,1904923.0
2020-07-16,2.214,2.214,2.124,2.124,2172299.0
2020-07-17,2.134,2.144,2.104,2.114,1309861.0
2020-07-20,2.124,2.194,2.114,2.184,1573805.0
2020-07-21,2.194,2.214,2.154,2.164,1176473.0
2020-07-22,2.194,2.274,2.174,2.224,2547168.0
2020-07-23,2.204,2.224,2.134,2.174,1748390.0
2020-07-24,2.204,2.234,2.134,2.144,1923824.0
2020-07-27,2.154,2.174,2.134,2.154,1233283.0
2020-07-28,2.174,2.184,2.134,2.154,1176823.0
2020-07-29,2.154,2.164,2.124,2.164,1985648.0
2020-07-30,2.154,2.164,2.134,2.134,972277.0
2020-07-31,2.124,2.154,2.114,2.144,1406019.0
2020-08-03,2.144,2.164,2.134,2.154,1316651.0
2020-08-04,2.154,2.194,2.144,2.184,1674702.0
2020-08-05,2.174,2.184,2.144,2.164,1115620.0
2020-08-06,2.184,2.204,2.154,2.174,1715198.0
2020-08-07,2.164,2.174,2.124,2.134,1706932.0
2020-08-10,2.134,2.154,2.114,2.144,1463236.0
2020-08-11,2.154,2.164,2.134,2.134,1578018.0
2020-08-12,2.134,2.144,2.114,2.134,1774506.0
2020-08-13,2.144,2.164,2.134,2.154,1471142.0
2020-08-14,2.144,2.164,2.134,2.164,1175174.0
2020-08-17,2.154,2.234,2.154,2.214,2921421.0
2020-08-18,2.214,2.224,2.184,2.204,1723560.0
2020-08-19,2.204,2.244,2.194,2.204,2364133.0
2020-08-20,2.204,2.204,2.164,2.174,1799797.0
2020-08-21,2.184,2.194,2.154,2.174,1004349.0
2020-08-24,2.174,2.194,2.164,2.184,1043270.0
2020-08-25,2.194,2.194,2.164,2.174,1027148.0
2020-08-26,2.184,2.214,2.164,2.194,1778175.0
2020-08-27,2.194,2.204,2.154,2.174,1026447.0
2020-08-28,2.164,2.184,2.144,2.174,1227912.0
2020-08-31,2.174,2.204,2.164,2.174,1600479.0
2020-09-01,2.164,2.184,2.164,2.174,877024.0
2020-09-02,2.174,2.174,2.134,2.144,994170.0
2020-09-03,2.144,2.164,2.124,2.134,1083586.0
2020-09-04,2.124,2.134,2.104,2.124,1183173.0
2020-09-07,2.114,2.124,2.094,2.104,1100200.0
2020-09-08,2.104,2.124,2.094,2.114,971084.0
2020-09-09,2.094,2.114,2.084,2.084,1216200.0
2020-09-10,2.094,2.104,2.054,2.064,1182997.0
2020-09-11,2.054,2.064,2.044,2.054,709228.0
2020-09-14,2.064,2.074,2.054,2.064,571843.0
2020-09-15,2.064,2.074,2.054,2.064,492348.0
2020-09-16,2.074,2.094,2.054,2.084,682286.0
2020-09-17,2.084,2.094,2.074,2.074,524594.0
2020-09-18,2.094,2.104,2.074,2.104,1269999.0
2020-09-21,2.104,2.124,2.094,2.114,764414.0
2020-09-22,2.094,2.114,2.074,2.074,756330.0
2020-09-23,2.074,2.084,2.064,2.064,427409.0
2020-09-24,2.064,2.064,2.024,2.034,844267.0
2020-09-25,2.044,2.044,2.024,2.034,421395.0
2020-09-28,2.034,2.054,2.024,2.034,694407.0
2020-09-29,2.044,2.054,2.034,2.034,411624.0
2020-09-30,2.044,2.074,2.024,2.054,710002.0
2020-10-09,2.074,2.094,2.064,2.074,523940.0
2020-10-12,2.084,2.114,2.064,2.104,778172.0
2020-10-13,2.104,2.104,2.074,2.084,414119.0
2020-10-14,2.074,2.084,2.044,2.064,777355.0
2020-10-15,2.054,2.074,2.054,2.064,399100.0
2020-10-16,2.064,2.084,2.054,2.074,511480.0
2020-10-19,2.074,2.094,2.054,2.064,802955.0
2020-10-20,2.064,2.084,2.054,2.074,451524.0
2020-10-21,2.074,2.084,2.054,2.074,613476.0
2020-10-22,2.064,2.074,2.054,2.064,406142.0
2020-10-23,2.074,2.134,2.064,2.114,1289704.0
2020-10-26,2.124,2.134,2.104,2.114,605310.0
2020-10-27,2.114,2.114,2.094,2.094,402988.0
2020-10-28,2.094,2.104,2.074,2.094,428409.0
2020-10-29,2.074,2.114,2.074,2.104,827971.0
2020-10-30,2.104,2.144,2.094,2.114,1270745.0
2020-11-02,2.104,2.134,2.094,2.124,864683.0
2020-11-03,2.134,2.164,2.124,2.164,1000317.0
2020-11-04,2.164,2.164,2.124,2.144,560155.0
2020-11-05,2.174,2.184,2.144,2.174,997547.0
2020-11-06,2.174,2.204,2.164,2.194,1021544.0
2020-11-09,2.204,2.254,2.194,2.224,1182745.0
2020-11-10,2.314,2.354,2.244,2.254,2759129.0
2020-11-11,2.264,2.344,2.264,2.334,2105122.0
2020-11-12,2.334,2.334,2.254,2.274,1176685.0
2020-11-13,2.264,2.274,2.214,2.234,1001564.0
2020-11-16,2.244,2.324,2.244,2.314,1513128.0
2020-11-17,2.334,2.354,2.304,2.334,1609286.0
2020-11-18,2.314,2.354,2.304,2.324,1411054.0
2020-11-19,2.324,2.364,2.314,2.334,1002217.0
2020-11-20,2.334,2.344,2.284,2.304,949362.0
2020-11-23,2.314,2.414,2.314,2.414,2553948.0
2020-11-24,2.414,2.444,2.394,2.404,1252636.0
2020-11-25,2.464,2.534,2.444,2.444,3173378.0
2020-11-26,2.444,2.514,2.444,2.474,1623300.0
2020-11-27,2.474,2.494,2.434,2.494,1273173.0
2020-11-30,2.484,2.544,2.404,2.404,2018811.0
2020-12-01,2.394,2.464,2.394,2.444,1162813.0
2020-12-02,2.434,2.474,2.414,2.434,1068150.0
2020-12-03,2.464,2.484,2.404,2.414,1066652.0
2020-12-04,2.414,2.434,2.354,2.394,1243280.0
2020-12-07,2.384,2.404,2.314,2.324,1174733.0
2020-12-08,2.324,2.344,2.294,2.314,736601.0
2020-12-09,2.304,2.334,2.284,2.284,783962.0
2020-12-10,2.284,2.294,2.264,2.274,735592.0
2020-12-11,2.314,2.334,2.264,2.334,1250889.0
2020-12-14,2.304,2.314,2.254,2.274,1078285.0
2020-12-15,2.254,2.264,2.214,2.244,712451.0
2020-12-16,2.254,2.274,2.244,2.254,470710.0
2020-12-17,2.274,2.314,2.244,2.304,735301.0
2020-12-18,2.314,2.344,2.294,2.314,899432.0
2020-12-21,2.304,2.324,2.264,2.284,905287.0
2020-12-22,2.254,2.264,2.194,2.194,1210347.0
2020-12-23,2.204,2.214,2.184,2.204,661871.0
2020-12-24,2.224,2.234,2.184,2.204,654982.0
2020-12-25,2.204,2.224,2.184,2.214,448624.0
2020-12-28,2.204,2.224,2.194,2.204,566393.0
2020-12-29,2.204,2.254,2.194,2.234,816761.0
2020-12-30,2.224,2.244,2.204,2.224,592932.0
2020-12-31,2.214,2.264,2.204,2.244,852619.0
2021-01-04,2.244,2.264,2.204,2.244,1100524.0
2021-01-05,2.224,2.244,2.194,2.234,1075969.0
2021-01-06,2.264,2.324,2.254,2.324,1838945.0
2021-01-07,2.324,2.344,2.294,2.334,1847368.0
2021-01-08,2.374,2.434,2.354,2.404,1890079.0
2021-01-11,2.404,2.404,2.264,2.274,2472395.0
2021-01-12,2.274,2.364,2.264,2.364,1469465.0
2021-01-13,2.374,2.464,2.354,2.434,2289907.0
2021-01-14,2.424,2.494,2.394,2.444,1912556.0
2021-01-15,2.444,2.474,2.424,2.454,1607227.0
2021-01-18,2.414,2.424,2.354,2.374,2017441.0
2021-01-19,2.374,2.434,2.354,2.384,1698011.0
2021-01-20,2.414,2.444,2.344,2.374,1097347.0
2021-01-21,2.364,2.404,2.344,2.374,1057164.0
2021-01-22,2.364,2.374,2.274,2.284,1319655.0
2021-01-25,2.274,2.284,2.214,2.234,1493760.0
2021-01-26,2.224,2.254,2.224,2.244,941621.0
2021-01-27,2.244,2.284,2.234,2.244,993790.0
2021-01-28,2.224,2.244,2.174,2.194,1351214.0
2021-01-29,2.194,2.204,2.134,2.164,1142037.0
2021-02-01,2.154,2.174,2.124,2.164,1046452.0
2021-02-02,2.194,2.204,2.144,2.154,1085289.0
2021-02-03,2.174,2.184,2.154,2.184,696225.0
2021-02-04,2.174,2.204,2.164,2.204,1065039.0
2021-02-05,2.204,2.214,2.174,2.174,820788.0
2021-02-08,2.184,2.224,2.184,2.204,1039302.0
2021-02-09,2.214,2.344,2.214,2.324,1834983.0
2021-02-10,2.314,2.434,2.314,2.384,2593298.0
2021-02-18,2.664,2.794,2.614,2.694,8382505.0
2021-02-19,2.624,2.644,2.574,2.584,3341719.0
2021-02-22,2.624,2.954,2.624,2.864,5999231.0
2021-02-23,2.974,3.054,2.874,2.914,4460685.0
2021-02-24,2.934,2.954,2.734,2.774,2745532.0
2021-02-25,2.894,2.954,2.834,2.874,2233171.0
2021-02-26,2.724,2.794,2.684,2.724,2987578.0
2021-03-01,2.754,2.804,2.674,2.784,2132957.0
2021-03-02,2.724,2.724,2.544,2.594,3262558.0
2021-03-03,2.564,2.694,2.564,2.674,2360436.0
2021-03-04,2.674,2.724,2.624,2.664,1632436.0
2021-03-05,2.734,2.794,2.624,2.714,2489610.0
2021-03-08,2.804,2.904,2.764,2.774,3146784.0
2021-03-09,2.724,2.824,2.664,2.734,2246487.0
2021-03-10,2.704,2.724,2.614,2.634,1490274.0
2021-03-11,2.664,2.704,2.654,2.694,1198553.0
2021-03-12,2.714,2.734,2.644,2.694,1379805.0
2021-03-15,2.684,2.834,2.684,2.824,2365405.0
2021-03-16,2.794,2.804,2.734,2.764,1161631.0
2021-03-17,2.734,2.734,2.654,2.674,1502155.0
2021-03-18,2.664,2.674,2.624,2.654,1382339.0
2021-03-19,2.554,2.554,2.464,2.474,3079821.0
2021-03-22,2.484,2.524,2.484,2.504,1515975.0
2021-03-23,2.504,2.514,2.434,2.474,1342536.0
2021-03-24,2.424,2.454,2.404,2.434,1296931.0
2021-03-25,2.464,2.484,2.434,2.444,1150328.0
2021-03-26,2.424,2.474,2.424,2.454,983461.0
2021-03-29,2.504,2.564,2.484,2.504,1948624.0
2021-03-30,2.534,2.564,2.514,2.534,1504245.0
2021-03-31,2.524,2.544,2.494,2.544,926789.0
2021-04-01,2.534,2.544,2.494,2.514,1041785.0
2021-04-02,2.544,2.564,2.514,2.534,1426668.0
2021-04-06,2.514,2.514,2.474,2.504,861462.0
2021-04-07,2.504,2.584,2.494,2.574,1438723.0
2021-04-08,2.554,2.594,2.544,2.574,1050331.0
2021-04-09,2.574,2.614,2.554,2.604,1027945.0
2021-04-12,2.604,2.644,2.574,2.604,1088210.0
2021-04-13,2.594,2.604,2.514,2.544,1118955.0
2021-04-14,2.554,2.574,2.524,2.564,822379.0
2021-04-15,2.604,2.624,2.564,2.584,983356.0
2021-04-16,2.594,2.684,2.584,2.664,1621021.0
2021-04-19,2.674,2.684,2.614,2.634,1406782.0
2021-04-20,2.634,2.634,2.594,2.614,822998.0
2021-04-21,2.584,2.584,2.484,2.494,1967581.0
2021-04-22,2.484,2.504,2.444,2.474,1501868.0
2021-04-23,2.474,2.474,2.424,2.444,963752.0
2021-04-26,2.434,2.464,2.414,2.424,984835.0
2021-04-27,2.424,2.434,2.384,2.414,772353.0
2021-04-28,2.424,2.454,2.404,2.454,744587.0
2021-04-29,2.484,2.504,2.464,2.494,1301180.0
2021-04-30,2.474,2.504,2.464,2.494,1124770.0
2021-05-06,2.544,2.604,2.534,2.584,1843269.0
2021-05-07,2.584,2.634,2.564,2.614,1552088.0
2021-05-10,2.634,2.714,2.634,2.714,1959421.0
2021-05-11,2.674,2.684,2.604,2.664,1519539.0
2021-05-12,2.654,2.754,2.654,2.714,1300708.0
2021-05-13,2.694,2.704,2.624,2.644,1130062.0
2021-05-14,2.624,2.644,2.564,2.604,1206431.0
2021-05-17,2.634,2.664,2.614,2.634,1211906.0
2021-05-18,2.664,2.754,2.644,2.744,1934911.0
2021-05-19,2.704,2.704,2.624,2.644,1610159.0
2021-05-20,2.594,2.594,2.554,2.554,1205859.0
2021-05-21,2.554,2.594,2.534,2.574,955739.0
2021-05-24,2.594,2.614,2.574,2.604,868837.0
2021-05-25,2.634,2.664,2.584,2.644,1552690.0
2021-05-26,2.624,2.684,2.624,2.684,1635279.0
2021-05-27,2.664,2.754,2.664,2.684,1651909.0
2021-05-28,2.724,2.744,2.664,2.684,1005408.0
2021-05-31,2.664,2.664,2.594,2.634,1201517.0
2021-06-01,2.634,2.694,2.604,2.684,1415261.0
2021-06-02,2.704,2.724,2.674,2.704,1360729.0
2021-06-03,2.714,2.764,2.714,2.734,1972733.0
2021-06-04,2.714,2.734,2.674,2.704,1168588.0
2021-06-07,2.724,2.754,2.704,2.744,1162410.0
2021-06-08,2.714,2.724,2.664,2.714,1583280.0
2021-06-09,2.734,2.834,2.724,2.814,2477019.0
2021-06-10,2.784,2.834,2.774,2.794,1599831.0
2021-06-11,2.824,2.974,2.814,2.874,2969052.0
2021-06-15,2.914,3.014,2.874,2.894,2681095.0
2021-06-16,2.954,2.994,2.904,2.914,1786829.0
2021-06-17,2.924,2.934,2.824,2.834,1446742.0
2021-06-18,2.804,2.814,2.694,2.714,2092421.0
2021-06-21,2.714,2.734,2.624,2.634,2303997.0
2021-06-22,2.684,2.814,2.674,2.774,2617934.0
2021-06-23,2.774,2.794,2.724,2.784,998097.0
2021-06-24,2.784,2.784,2.734,2.764,1025432.0
2021-06-25,2.774,2.834,2.754,2.764,1510067.0
2021-06-28,2.794,2.814,2.704,2.724,1276118.0
2021-06-29,2.704,2.714,2.664,2.694,1288789.0
2021-06-30,2.704,2.724,2.674,2.704,773088.0
2021-07-01,2.714,2.724,2.674,2.674,765747.0
2021-07-02,2.744,2.764,2.644,2.654,1779461.0
2021-07-05,2.654,2.664,2.604,2.644,1298460.0
2021-07-06,2.664,2.694,2.634,2.664,1180367.0
2021-07-07,2.624,2.634,2.594,2.614,1456786.0
2021-07-08,2.604,2.604,2.544,2.544,1373070.0
2021-07-09,2.544,2.564,2.524,2.544,1120457.0
2021-07-12,2.574,2.584,2.514,2.514,1445762.0
2021-07-13,2.534,2.574,2.514,2.554,1219544.0
2021-07-14,2.564,2.564,2.514,2.524,1050480.0
2021-07-15,2.504,2.524,2.474,2.514,1102633.0
2021-07-16,2.504,2.524,2.484,2.494,1039162.0
2021-07-19,2.494,2.494,2.394,2.414,2007999.0
2021-07-20,2.364,2.434,2.364,2.424,1162859.0
2021-07-21,2.424,2.424,2.374,2.374,993394.0
2021-07-22,2.414,2.444,2.394,2.424,1357302.0
2021-07-23,2.434,2.444,2.404,2.404,953493.0
2021-07-26,2.414,2.414,2.354,2.384,1276032.0
2021-07-27,2.384,2.434,2.354,2.364,1374422.0
2021-07-28,2.364,2.384,2.314,2.324,1607500.0
2021-07-29,2.344,2.344,2.294,2.324,1124296.0
2021-07-30,2.314,2.354,2.294,2.334,897708.0
2021-08-02,2.324,2.354,2.264,2.344,1437528.0
2021-08-03,2.314,2.344,2.304,2.324,1048330.0
2021-08-04,2.314,2.344,2.294,2.344,768437.0
2021-08-05,2.324,2.364,2.304,2.334,860146.0
2021-08-06,2.344,2.344,2.304,2.314,1001672.0
2021-08-09,2.304,2.344,2.294,2.344,894529.0
2021-08-10,2.334,2.344,2.314,2.344,794088.0
2021-08-11,2.354,2.394,2.344,2.384,1247846.0
2021-08-12,2.394,2.404,2.364,2.394,1086654.0
2021-08-13,2.384,2.394,2.334,2.344,1114607.0
2021-08-16,2.344,2.424,2.334,2.424,1872604.0
2021-08-17,2.414,2.464,2.374,2.384,1653900.0
2021-08-18,2.364,2.424,2.354,2.424,1245270.0
2021-08-19,2.384,2.394,2.284,2.294,3029246.0
2021-08-20,2.304,2.314,2.284,2.304,1181172.0
2021-08-23,2.304,2.344,2.304,2.324,1038937.0
2021-08-24,2.364,2.374,2.334,2.344,1064263.0
2021-08-25,2.354,2.394,2.344,2.384,1278706.0
2021-08-26,2.394,2.424,2.384,2.414,1597211.0
2021-08-27,2.404,2.454,2.394,2.444,1600221.0
2021-08-30,2.484,2.534,2.464,2.524,2644774.0
2021-08-31,2.524,2.624,2.484,2.604,2998909.0
2021-09-01,2.614,2.664,2.564,2.614,2866792.0
2021-09-02,2.604,2.664,2.594,2.654,2181018.0
2021-09-03,2.684,2.744,2.674,2.704,2392875.0
2021-09-06,2.704,2.734,2.684,2.704,1726221.0
2021-09-07,2.704,2.824,2.684,2.824,3118490.0
2021-09-08,2.804,2.894,2.794,2.874,2879943.0
2021-09-09,2.894,3.034,2.874,2.994,4123912.0
2021-09-10,2.974,3.014,2.864,2.894,3531258.0
2021-09-13,2.934,3.074,2.934,3.044,3795165.0
2021-09-14,3.044,3.294,2.964,2.994,5957522.0
2021-09-15,2.964,3.144,2.924,3.074,4384629.0
2021-09-16,3.174,3.204,2.974,2.994,4577147.0
2021-09-17,2.974,3.144,2.844,2.994,4431741.0
2021-09-22,2.914,3.204,2.904,3.204,3901603.0
2021-09-23,3.234,3.284,3.114,3.144,3305036.0
2021-09-24,3.164,3.244,3.014,3.044,3106406.0
2021-09-27,3.084,3.144,2.944,2.964,3351669.0
2021-09-28,3.024,3.314,2.994,3.244,5531269.0
2021-09-29,3.134,3.144,2.904,2.964,5365031.0
2021-09-30,2.964,2.984,2.864,2.964,2463167.0
2021-10-08,3.124,3.154,3.014,3.094,3302650.0
2021-10-11,3.114,3.174,3.064,3.124,2429407.0
2021-10-12,3.094,3.154,2.964,3.014,2418625.0
2021-10-13,2.974,2.984,2.794,2.834,3198332.0
2021-10-14,2.834,2.884,2.794,2.844,1294875.0
2021-10-15,2.874,2.924,2.824,2.924,2115251.0
2021-10-18,2.934,3.024,2.904,3.014,2589924.0
2021-10-19,2.974,3.044,2.924,3.034,2091534.0
2021-10-20,2.964,3.004,2.924,2.954,1829373.0
2021-10-21,2.984,3.024,2.954,2.984,1850465.0
2021-10-22,2.954,2.984,2.844,2.864,2173243.0
2021-10-25,2.894,3.014,2.844,2.954,2053364.0
2021-10-26,2.954,2.994,2.914,2.924,1231915.0
2021-10-27,2.924,2.934,2.834,2.854,1668510.0
2021-10-28,2.804,2.814,2.674,2.704,2702235.0
2021-10-29,2.734,2.774,2.694,2.754,1617920.0
2021-11-01,2.744,2.774,2.704,2.724,1443443.0
2021-11-02,2.754,2.754,2.604,2.654,2528707.0
2021-11-03,2.614,2.684,2.604,2.654,1350108.0
2021-11-04,2.624,2.654,2.584,2.644,1400538.0
2021-11-05,2.634,2.634,2.584,2.594,1335982.0
2021-11-08,2.634,2.644,2.594,2.594,1191365.0
2021-11-09,2.604,2.614,2.544,2.554,1545109.0
2021-11-10,2.574,2.584,2.544,2.584,1344866.0
2021-11-11,2.554,2.614,2.544,2.604,1239563.0
2021-11-12,2.604,2.634,2.574,2.614,1075969.0
2021-11-15,2.604,2.614,2.584,2.604,866776.0
2021-11-16,2.614,2.654,2.594,2.614,1080377.0
2021-11-17,2.614,2.624,2.594,2.614,746517.0
2021-11-18,2.604,2.614,2.584,2.584,816346.0
2021-11-19,2.604,2.694,2.584,2.684,1743455.0
2021-11-22,2.644,2.664,2.614,2.634,1347510.0
2021-11-23,2.624,2.654,2.604,2.624,1098576.0
2021-11-24,2.654,2.684,2.624,2.664,1124615.0
2021-11-25,2.644,2.654,2.614,2.624,820378.0
2021-11-26,2.594,2.614,2.584,2.594,795999.0
2021-11-29,2.524,2.574,2.524,2.564,1096272.0
2021-11-30,2.564,2.594,2.534,2.544,1052180.0
2021-12-01,2.544,2.644,2.544,2.634,1290706.0
2021-12-02,2.644,2.734,2.624,2.694,1840365.0
2021-12-03,2.714,2.724,2.644,2.704,1336205.0
2021-12-06,2.704,2.724,2.684,2.684,1151537.0
2021-12-07,2.724,2.744,2.684,2.734,1316082.0
2021-12-08,2.744,2.754,2.714,2.724,1172288.0
2021-12-09,2.734,2.784,2.714,2.774,1622287.0
2021-12-10,2.754,2.764,2.694,2.724,1701082.0
2021-12-13,2.724,2.764,2.714,2.724,980058.0
2021-12-14,2.714,2.714,2.664,2.664,981744.0
2021-12-15,2.654,2.684,2.644,2.654,698625.0
2021-12-16,2.674,2.724,2.664,2.724,1047859.0
2021-12-17,2.714,2.744,2.694,2.704,956028.0
2021-12-20,2.684,2.714,2.674,2.684,870106.0
2021-12-21,2.684,2.724,2.674,2.714,826305.0
2021-12-22,2.734,2.754,2.694,2.704,821395.0
2021-12-23,2.714,2.754,2.704,2.754,1063060.0
2021-12-24,2.754,2.764,2.704,2.714,737795.0
2021-12-27,2.714,2.754,2.704,2.754,1026200.0
2021-12-28,2.764,2.774,2.724,2.744,840632.0
2021-12-29,2.744,2.754,2.714,2.744,647881.0
2021-12-30,2.734,2.744,2.724,2.724,894462.0
2021-12-31,2.724,2.744,2.714,2.734,701214.0
2022-01-04,2.744,2.774,2.724,2.764,1333397.0
2022-01-05,2.774,2.804,2.754,2.784,1497978.0
2022-01-06,2.784,2.814,2.764,2.774,1236493.0
2022-01-07,2.804,2.924,2.784,2.854,2421683.0
2022-01-10,2.834,2.874,2.804,2.844,1751829.0
2022-01-11,2.834,2.854,2.804,2.804,1155524.0
2022-01-12,2.854,2.874,2.814,2.824,1425071.0
2022-01-13,2.854,2.914,2.844,2.874,2553771.0
2022-01-14,2.864,2.864,2.754,2.754,2057785.0
2022-01-17,2.784,2.804,2.714,2.734,1587744.0
2022-01-18,2.744,2.844,2.734,2.844,2237528.0
2022-01-19,2.854,2.874,2.814,2.844,1368532.0
2022-01-20,2.804,2.864,2.794,2.854,1415493.0
2022-01-21,2.814,2.824,2.754,2.794,1742605.0
2022-01-24,2.794,2.814,2.764,2.784,1082558.0
2022-01-25,2.764,2.774,2.684,2.694,1784304.0
2022-01-26,2.714,2.764,2.684,2.754,1513374.0
2022-01-27,2.744,2.774,2.724,2.734,1680697.0
2022-01-28,2.754,2.764,2.684,2.694,1740006.0
2022-02-07,2.754,2.884,2.754,2.864,3458572.0
2022-02-08,2.834,2.934,2.824,2.924,2721791.0
2022-02-09,2.884,2.934,2.884,2.894,1890942.0
2022-02-10,2.914,2.964,2.884,2.954,1783862.0
2022-02-11,2.944,3.114,2.924,3.004,3063295.0
2022-02-14,3.084,3.094,2.914,2.944,3073227.0
2022-02-15,2.914,2.934,2.834,2.854,2076647.0
2022-02-16,2.814,2.874,2.794,2.854,1377404.0
2022-02-17,2.834,2.884,2.824,2.854,1258871.0
2022-02-18,2.834,2.884,2.824,2.884,1047298.0
2022-02-21,2.874,2.884,2.844,2.864,936797.0
2022-02-22,2.904,2.924,2.844,2.904,1938283.0
2022-02-23,2.884,2.894,2.824,2.834,1910244.0
2022-02-24,2.834,2.954,2.814,2.894,4440800.0
2022-02-25,2.834,2.854,2.794,2.804,3364362.0
2022-02-28,2.844,2.864,2.814,2.834,1754879.0
2022-03-01,2.824,2.844,2.784,2.824,1814039.0
2022-03-02,2.864,2.894,2.844,2.864,2792245.0
2022-03-03,2.884,2.964,2.874,2.944,3606817.0
2022-03-04,2.924,2.924,2.854,2.884,2316002.0
2022-03-07,2.934,2.954,2.824,2.854,2625687.0
2022-03-08,2.814,2.824,2.714,2.734,3108736.0
2022-03-09,2.744,2.754,2.554,2.644,2701636.0
2022-03-10,2.644,2.674,2.634,2.654,1458908.0
2022-03-11,2.624,2.674,2.574,2.654,1628449.0
2022-03-14,2.634,2.694,2.614,2.614,1487394.0
2022-03-15,2.604,2.614,2.474,2.484,2873098.0
2022-03-16,2.524,2.574,2.464,2.564,1763104.0
2022-03-17,2.584,2.614,2.554,2.584,1604290.0
2022-03-18,2.604,2.644,2.594,2.634,1527680.0
2022-03-21,2.654,2.654,2.594,2.614,1080184.0
2022-03-22,2.634,2.664,2.614,2.654,1109992.0
2022-03-23,2.644,2.654,2.614,2.634,945224.0
2022-03-24,2.654,2.674,2.644,2.654,1108563.0
2022-03-25,2.644,2.684,2.634,2.664,984086.0
2022-03-28,2.754,2.814,2.714,2.794,2619766.0
2022-03-29,2.764,2.844,2.754,2.834,1526683.0
2022-03-30,2.814,2.834,2.784,2.824,1323369.0
2022-03-31,2.814,2.854,2.804,2.824,1311587.0
2022-04-01,2.824,2.884,2.814,2.874,1592517.0
2022-04-06,2.864,2.914,2.864,2.914,1599425.0
2022-04-07,2.894,2.924,2.864,2.864,1566469.0
2022-04-08,2.874,2.904,2.844,2.884,1124529.0
2022-04-11,2.894,2.904,2.834,2.844,1574233.0
2022-04-12,2.834,2.864,2.794,2.854,1607435.0
2022-04-13,2.854,2.894,2.844,2.854,1601850.0
2022-04-14,2.884,2.914,2.864,2.894,1377461.0
2022-04-15,2.884,2.904,2.854,2.854,1243682.0
2022-04-18,2.844,2.854,2.784,2.794,1346741.0
2022-04-19,2.814,2.884,2.804,2.864,1443305.0
2022-04-20,2.844,2.864,2.794,2.804,1373867.0
2022-04-21,2.814,2.824,2.734,2.744,1510891.0
2022-04-22,2.724,2.844,2.724,2.834,1475352.0
2022-04-25,2.794,2.814,2.694,2.694,2067518.0
2022-04-26,2.704,2.734,2.654,2.654,1768923.0
2022-04-27,2.654,2.724,2.654,2.724,1431038.0
2022-04-28,2.754,2.844,2.744,2.824,2372449.0
2022-04-29,2.824,2.864,2.774,2.844,1777226.0
2022-05-05,2.854,2.894,2.824,2.854,1668326.0
2022-05-06,2.814,2.834,2.774,2.784,1398925.0
2022-05-09,2.784,2.824,2.764,2.804,893353.0
2022-05-10,2.754,2.824,2.724,2.804,1814598.0
2022-05-11,2.804,2.814,2.764,2.794,1226588.0
2022-05-12,2.794,2.814,2.764,2.774,950499.0
2022-05-13,2.794,2.824,2.784,2.814,1208428.0
2022-05-16,2.844,2.844,2.804,2.834,1033991.0
2022-05-17,2.844,2.884,2.834,2.854,1335366.0
2022-05-18,2.854,2.854,2.804,2.814,1236476.0
2022-05-19,2.774,2.814,2.764,2.794,1203476.0
2022-05-20,2.804,2.834,2.794,2.824,1260841.0
2022-05-23,2.844,2.844,2.804,2.814,1213213.0
2022-05-24,2.824,2.844,2.774,2.784,1704155.0
2022-05-25,2.794,2.854,2.784,2.844,1487917.0
2022-05-26,2.854,2.894,2.834,2.884,1882431.0
2022-05-27,2.914,2.954,2.894,2.914,2376004.0
2022-05-30,2.934,2.944,2.874,2.904,1893779.0
2022-05-31,2.904,2.964,2.904,2.964,2107372.0
2022-06-01,2.944,2.954,2.864,2.904,2078296.0
2022-06-02,2.894,2.944,2.874,2.924,1689314.0
2022-06-06,2.944,2.954,2.904,2.944,2229926.0
2022-06-07,2.934,3.014,2.924,2.984,2237645.0
2022-06-08,2.994,3.024,2.964,3.014,2289779.0
2022-06-09,3.014,3.064,3.004,3.024,3577236.0
2022-06-10,3.034,3.054,2.994,3.044,2907292.0
2022-06-13,3.014,3.044,2.954,2.984,2459170.0
2022-06-14,2.964,3.064,2.954,3.054,2350453.0
2022-06-15,3.034,3.064,3.014,3.014,2332238.0
2022-06-16,3.014,3.024,2.944,2.954,2369644.0
2022-06-17,2.944,2.954,2.914,2.934,1730752.0
2022-06-20,2.904,2.904,2.864,2.884,2008907.0
2022-06-21,2.884,2.904,2.874,2.884,1202523.0
2022-06-22,2.894,2.904,2.844,2.844,1654839.0
2022-06-23,2.834,2.884,2.834,2.884,1095676.0
2022-06-24,2.874,2.904,2.854,2.894,1271221.0
2022-06-27,2.884,2.924,2.874,2.914,1109505.0
2022-06-28,2.914,2.924,2.894,2.914,758558.0
2022-06-29,2.914,2.934,2.904,2.914,849862.0
2022-06-30,2.904,2.924,2.894,2.894,762456.0
2022-07-01,2.894,2.904,2.874,2.894,680315.0
2022-07-04,2.904,2.914,2.894,2.914,644140.0
2022-07-05,2.924,2.944,2.904,2.934,1088628.0
2022-07-06,2.904,2.914,2.874,2.884,1029225.0
2022-07-07,2.884,2.894,2.874,2.874,665313.0
2022-07-08,2.894,2.904,2.884,2.894,512911.0
2022-07-11,2.894,2.904,2.884,2.894,682867.0
2022-07-12,2.894,2.914,2.884,2.904,591102.0
2022-07-13,2.894,2.904,2.874,2.884,818866.0
2022-07-14,2.884,2.894,2.864,2.874,722889.0
2022-07-15,2.874,2.874,2.834,2.834,964025.0
2022-07-18,2.854,2.914,2.844,2.914,1020625.0
2022-07-19,2.914,2.934,2.904,2.914,761160.0
2022-07-20,2.934,2.944,2.914,2.914,674477.0
2022-07-21,2.914,2.934,2.894,2.904,904767.0
2022-07-22,2.904,2.934,2.894,2.924,672384.0
2022-07-25,2.924,2.924,2.904,2.914,523361.0
2022-07-26,2.924,2.944,2.914,2.934,753846.0
2022-07-27,2.934,2.944,2.914,2.914,579864.0
2022-07-28,2.934,2.944,2.924,2.934,684814.0
2022-07-29,2.944,2.974,2.924,2.924,1064979.0
2022-08-01,2.934,2.944,2.914,2.924,837881.0
2022-08-02,2.904,2.914,2.854,2.894,1462180.0
2022-08-03,2.884,2.914,2.874,2.874,672145.0
2022-08-04,2.884,2.894,2.864,2.884,680477.0
2022-08-05,2.884,2.904,2.864,2.894,584449.0
2022-08-08,2.894,2.924,2.884,2.914,598817.0
2022-08-09,2.924,2.934,2.904,2.924,608937.0
2022-08-10,2.924,2.944,2.904,2.924,603792.0
2022-08-11,2.944,2.954,2.934,2.954,709413.0
2022-08-12,2.954,2.974,2.954,2.964,968615.0
2022-08-15,2.944,2.964,2.924,2.954,886460.0
2022-08-16,2.944,2.944,2.924,2.934,542104.0
2022-08-17,2.944,2.964,2.934,2.964,601946.0
2022-08-18,2.964,2.974,2.934,2.944,621092.0
2022-08-19,2.944,2.974,2.934,2.954,953036.0
2022-08-22,2.954,2.994,2.954,2.984,1005291.0
2022-08-23,2.984,3.014,2.974,3.004,1056102.0
2022-08-24,3.024,3.044,2.974,2.974,1093719.0
2022-08-25,2.984,3.044,2.984,3.044,1416910.0
2022-08-26,3.064,3.084,3.024,3.064,1677213.0
2022-08-29,3.084,3.114,3.054,3.074,1895441.0
2022-08-30,3.084,3.124,3.054,3.104,1789075.0
2022-08-31,3.084,3.094,3.034,3.084,1856838.0
2022-09-01,3.054,3.084,3.034,3.044,1072291.0
2022-09-02,3.044,3.074,3.034,3.074,983056.0
2022-09-05,3.074,3.164,3.074,3.154,1958042.0
2022-09-06,3.164,3.234,3.154,3.224,2108325.0
2022-09-07,3.204,3.234,3.194,3.224,1178984.0
2022-09-08,3.204,3.274,3.174,3.224,1645932.0
2022-09-09,3.224,3.274,3.214,3.264,1359707.0
2022-09-13,3.294,3.304,3.224,3.244,1669100.0
2022-09-14,3.214,3.234,3.174,3.194,1417270.0
2022-09-15,3.214,3.254,3.184,3.214,1504195.0
2022-09-16,3.194,3.214,3.114,3.114,1846935.0
2022-09-19,3.134,3.184,3.104,3.154,1518603.0
2022-09-20,3.204,3.244,3.174,3.194,1176378.0
2022-09-21,3.184,3.234,3.154,3.224,1098203.0
2022-09-22,3.244,3.374,3.234,3.364,2420711.0
2022-09-23,3.374,3.524,3.364,3.444,2546476.0
2022-09-26,3.374,3.384,3.244,3.244,2539002.0
2022-09-27,3.244,3.274,3.184,3.254,1589327.0
2022-09-28,3.264,3.294,3.224,3.224,915991.0
2022-09-29,3.274,3.304,3.204,3.234,1123903.0
2022-09-30,3.244,3.274,3.224,3.264,933356.0
2022-10-10,3.324,3.364,3.294,3.314,1764757.0
2022-10-11,3.304,3.334,3.274,3.294,1202768.0
2022-10-12,3.284,3.324,3.274,3.314,1051063.0
2022-10-13,3.314,3.324,3.224,3.254,1461502.0
2022-10-14,3.284,3.324,3.274,3.304,1102842.0
2022-10-17,3.284,3.294,3.244,3.264,1148874.0
2022-10-18,3.274,3.284,3.254,3.264,814212.0
2022-10-19,3.254,3.274,3.224,3.234,1025669.0
2022-10-20,3.224,3.254,3.224,3.244,795890.0
2022-10-21,3.244,3.324,3.234,3.314,1520431.0
2022-10-24,3.324,3.334,3.244,3.304,1991675.0
2022-10-25,3.304,3.314,3.254,3.254,1150396.0
2022-10-26,3.254,3.274,3.204,3.204,1359326.0
2022-10-27,3.214,3.274,3.214,3.254,1165765.0
2022-10-28,3.264,3.304,3.234,3.254,1310609.0
2022-10-31,3.174,3.184,3.034,3.044,3179000.0
2022-11-01,3.034,3.094,3.024,3.084,1656145.0
2022-11-02,3.084,3.104,3.054,3.094,1095741.0
2022-11-03,3.074,3.204,3.064,3.174,1713709.0
2022-11-04,3.174,3.234,3.164,3.204,1021387.0
2022-11-07,3.214,3.264,3.184,3.244,908542.0
2022-11-08,3.244,3.264,3.224,3.254,577956.0
2022-11-09,3.234,3.274,3.224,3.254,643666.0
2022-11-10,3.234,3.244,3.164,3.224,877488.0
2022-11-11,3.264,3.284,3.224,3.264,1226408.0
2022-11-14,3.284,3.314,3.254,3.264,963147.0
2022-11-15,3.244,3.264,3.224,3.254,856702.0
2022-11-16,3.244,3.294,3.234,3.274,934924.0
2022-11-17,3.264,3.304,3.254,3.284,729500.0
2022-11-18,3.274,3.284,3.224,3.224,913592.0
2022-11-21,3.214,3.224,3.194,3.214,770341.0
2022-11-22,3.224,3.324,3.214,3.294,1625265.0
2022-11-23,3.304,3.404,3.304,3.374,2117813.0
2022-11-24,3.354,3.384,3.344,3.354,1093756.0
2022-11-25,3.374,3.474,3.364,3.464,2971230.0
2022-11-28,3.424,3.444,3.344,3.424,1602595.0
2022-11-29,3.424,3.464,3.394,3.464,1388411.0
2022-11-30,3.444,3.504,3.444,3.504,1350585.0
2022-12-01,3.524,3.534,3.474,3.484,1199462.0
2022-12-02,3.504,3.514,3.454,3.474,920770.0
2022-12-05,3.494,3.624,3.494,3.594,1836681.0
2022-12-06,3.584,3.634,3.554,3.624,1580773.0
2022-12-07,3.614,3.624,3.544,3.564,1154776.0
2022-12-08,3.564,3.594,3.464,3.504,1246758.0
2022-12-09,3.504,3.524,3.464,3.484,1143881.0
2022-12-12,3.504,3.524,3.434,3.454,985287.0
2022-12-13,3.464,3.474,3.444,3.454,999696.0
2022-12-14,3.464,3.474,3.404,3.434,773006.0
2022-12-15,3.434,3.434,3.374,3.394,733038.0
2022-12-16,3.374,3.444,3.364,3.424,723231.0
2022-12-19,3.404,3.414,3.304,3.324,1146147.0
2022-12-20,3.324,3.374,3.304,3.314,809551.0
2022-12-21,3.324,3.364,3.294,3.334,894751.0
2022-12-22,3.364,3.374,3.314,3.334,807658.0
2022-12-23,3.324,3.344,3.304,3.314,554635.0
2022-12-26,3.334,3.344,3.274,3.284,778383.0
2022-12-27,3.304,3.354,3.294,3.344,775437.0
2022-12-28,3.334,3.414,3.324,3.394,847375.0
2022-12-29,3.374,3.384,3.314,3.314,852136.0
2022-12-30,3.344,3.354,3.324,3.334,616724.0
2023-01-03,3.354,3.384,3.324,3.374,854767.0
2023-01-04,3.364,3.404,3.344,3.384,848982.0
2023-01-05,3.374,3.404,3.354,3.364,864072.0
2023-01-06,3.364,3.374,3.314,3.354,1072045.0
2023-01-09,3.354,3.374,3.344,3.354,642954.0
2023-01-10,3.354,3.364,3.334,3.344,540146.0
2023-01-11,3.344,3.404,3.334,3.384,973707.0
2023-01-12,3.404,3.424,3.374,3.414,639177.0
2023-01-13,3.424,3.454,3.394,3.424,817315.0
2023-01-16,3.424,3.464,3.394,3.444,1057240.0
2023-01-17,3.444,3.454,3.384,3.424,1104304.0
2023-01-18,3.424,3.454,3.414,3.444,718733.0
2023-01-19,3.434,3.474,3.424,3.464,737449.0
2023-01-20,3.484,3.564,3.464,3.514,1126381.0
2023-01-30,3.544,3.564,3.484,3.494,1357568.0
2023-01-31,3.504,3.524,3.484,3.494,841420.0
2023-02-01,3.504,3.514,3.464,3.494,1101859.0
2023-02-02,3.494,3.524,3.454,3.494,1056534.0
2023-02-03,3.484,3.494,3.444,3.444,851929.0
2023-02-06,3.434,3.474,3.424,3.464,660976.0
2023-02-07,3.464,3.494,3.454,3.474,588482.0
2023-02-08,3.494,3.524,3.474,3.484,681573.0
2023-02-09,3.484,3.494,3.464,3.484,531359.0
2023-02-10,3.474,3.484,3.454,3.474,637737.0
2023-02-13,3.474,3.484,3.444,3.464,831191.0
2023-02-14,3.464,3.494,3.464,3.484,651086.0
2023-02-15,3.484,3.494,3.464,3.484,591221.0
2023-02-16,3.494,3.554,3.474,3.484,1363119.0
2023-02-17,3.484,3.524,3.484,3.494,739612.0
2023-02-20,3.504,3.604,3.504,3.594,1522108.0
2023-02-21,3.604,3.694,3.594,3.664,1581438.0
2023-02-22,3.654,3.674,3.624,3.624,877377.0
2023-02-23,3.644,3.654,3.604,3.624,973961.0
2023-02-24,3.634,3.644,3.584,3.604,759940.0
2023-02-27,3.594,3.624,3.574,3.584,723731.0
2023-02-28,3.584,3.654,3.584,3.634,1120127.0
2023-03-01,3.634,3.734,3.634,3.724,1613134.0
2023-03-02,3.724,3.884,3.704,3.824,2100634.0
2023-03-03,3.834,4.044,3.824,3.994,3669847.0
2023-03-06,4.024,4.104,3.994,4.074,2427148.0
2023-03-07,4.074,4.424,4.074,4.234,5007992.0
2023-03-08,4.154,4.314,4.084,4.284,2948455.0
2023-03-09,4.284,4.424,4.264,4.284,2469226.0
2023-03-10,4.244,4.304,4.154,4.184,2226982.0
2023-03-13,4.184,4.534,4.184,4.504,4025801.0
2023-03-14,4.474,4.584,4.424,4.494,2813653.0
2023-03-15,4.484,4.554,4.344,4.504,2584171.0
2023-03-16,4.444,4.514,4.394,4.424,1932923.0
2023-03-17,4.454,4.744,4.444,4.654,3516339.0
2023-03-20,4.654,4.904,4.584,4.634,3852278.0
2023-03-21,4.644,4.684,4.444,4.544,2557398.0
2023-03-22,4.554,4.674,4.524,4.614,1816054.0
2023-03-23,4.604,4.684,4.574,4.674,1456595.0
2023-03-24,4.654,4.654,4.454,4.494,2816561.0
2023-03-27,4.324,4.394,4.184,4.324,4328984.0
2023-03-28,4.424,4.594,4.424,4.534,3601091.0
2023-03-29,4.574,4.574,4.414,4.444,1882763.0
2023-03-30,4.454,4.664,4.434,4.574,2063653.0
2023-03-31,4.574,4.624,4.504,4.594,1508415.0
2023-04-03,4.674,4.744,4.494,4.534,2351272.0
2023-04-04,4.564,4.794,4.504,4.764,2945181.0
2023-04-06,4.744,4.814,4.664,4.784,1672913.0
2023-04-07,4.784,4.784,4.624,4.684,1865127.0
2023-04-10,4.694,4.934,4.684,4.864,2516585.0
2023-04-11,4.834,4.984,4.804,4.974,2536340.0
2023-04-12,5.014,5.214,5.004,5.134,2588502.0
2023-04-13,5.174,5.304,5.024,5.044,2977373.0
2023-04-14,5.074,5.144,4.994,5.074,1536361.0
2023-04-17,5.054,5.344,5.024,5.324,3160331.0
2023-04-18,5.304,5.324,5.194,5.304,1604744.0
2023-04-19,5.274,5.374,5.234,5.254,1384812.0
2023-04-20,5.224,5.344,5.174,5.314,1947888.0
2023-04-21,5.304,5.444,5.204,5.224,1988863.0
2023-04-24,5.274,5.414,5.234,5.294,2860374.0
2023-04-25,5.324,5.544,5.304,5.504,3018251.0
2023-04-26,5.444,5.524,5.354,5.484,2315370.0
2023-04-27,5.404,5.624,5.364,5.564,1771427.0
2023-04-28,5.514,5.714,5.414,5.684,2244375.0
2023-05-04,5.534,5.734,5.374,5.684,2266939.0
2023-05-05,5.664,5.704,5.474,5.564,1812240.0
2023-05-08,5.594,5.904,5.594,5.864,2364404.0
2023-05-09,5.854,5.964,5.764,5.784,2292490.0
2023-05-10,5.784,5.794,5.344,5.444,3636941.0
2023-05-11,5.434,5.474,5.284,5.304,2028828.0
2023-05-12,5.304,5.444,5.194,5.314,1959787.0
2023-05-15,5.304,5.364,5.164,5.354,1914031.0
2023-05-16,5.364,5.544,5.314,5.384,1463457.0
2023-05-17,5.354,5.434,5.174,5.424,1823059.0
2023-05-18,5.424,5.654,5.404,5.564,2146622.0
2023-05-19,5.564,5.614,5.354,5.384,1382523.0
2023-05-22,5.314,5.414,5.234,5.294,1455050.0
2023-05-23,5.324,5.394,5.204,5.204,1297407.0
2023-05-24,5.174,5.194,5.034,5.064,1928435.0
2023-05-25,5.014,5.084,4.934,5.064,2259866.0
2023-05-26,5.014,5.234,5.014,5.154,1090970.0
2023-05-29,5.194,5.524,5.184,5.484,2417048.0
2023-05-30,5.484,5.564,5.354,5.424,1481842.0
2023-05-31,5.364,5.424,5.274,5.334,1572004.0
2023-06-01,5.334,5.604,5.284,5.464,1749036.0
2023-06-02,5.504,5.574,5.444,5.464,1097859.0
2023-06-05,5.504,5.654,5.464,5.544,1315952.0
2023-06-06,5.524,5.644,5.424,5.524,1070813.0
2023-06-07,5.514,5.574,5.454,5.514,842018.0
2023-06-08,5.554,5.694,5.444,5.644,1363848.0
2023-06-09,5.624,5.754,5.564,5.754,2107821.0
2023-06-12,5.724,5.854,5.544,5.594,1932819.0
2023-06-13,5.564,5.594,5.384,5.544,1478833.0
2023-06-14,5.634,5.684,5.554,5.554,1059741.0
2023-06-15,5.554,5.584,5.434,5.494,1046782.0
2023-06-16,5.514,5.614,5.474,5.484,1420815.0
2023-06-19,5.484,5.504,5.344,5.454,1495037.0
2023-06-20,5.464,5.474,5.264,5.294,1788768.0
2023-06-21,5.309,5.459,5.289,5.379,1393921.0
2023-06-26,5.319,5.359,5.219,5.239,1365773.0
2023-06-27,5.259,5.459,5.159,5.389,1422022.0
2023-06-28,5.369,5.489,5.349,5.489,893071.0
2023-06-29,5.489,5.589,5.419,5.469,1004635.0
2023-06-30,5.469,5.559,5.429,5.529,695206.0
2023-07-03,5.549,5.719,5.529,5.699,1181211.0
2023-07-04,5.669,5.769,5.639,5.669,818193.0
2023-07-05,5.669,5.719,5.579,5.649,565034.0
2023-07-06,5.629,5.679,5.589,5.659,613126.0
2023-07-07,5.649,5.769,5.609,5.719,857621.0
2023-07-10,5.749,5.769,5.579,5.609,838838.0
2023-07-11,5.659,5.699,5.579,5.619,546898.0
2023-07-12,5.669,5.729,5.629,5.649,739567.0
2023-07-13,5.659,5.819,5.639,5.819,1140721.0
2023-07-14,5.819,5.899,5.779,5.829,783657.0
2023-07-17,5.789,5.849,5.649,5.729,636782.0
2023-07-18,5.759,5.759,5.619,5.659,548168.0
2023-07-19,5.669,5.749,5.649,5.699,598110.0
2023-07-20,5.679,5.719,5.539,5.539,837052.0
2023-07-21,5.539,5.579,5.499,5.529,557262.0
2023-07-24,5.489,5.589,5.439,5.529,517697.0
2023-07-25,5.599,5.639,5.529,5.629,917060.0
2023-07-26,5.619,5.659,5.399,5.439,1107724.0
2023-07-27,5.459,5.509,5.359,5.399,1057196.0
2023-07-28,5.379,5.439,5.309,5.429,1322141.0
2023-07-31,5.429,5.539,5.339,5.369,1582259.0
2023-08-01,5.389,5.439,5.369,5.439,1260107.0
2023-08-02,5.429,5.429,5.149,5.199,2413359.0
2023-08-03,5.179,5.229,5.099,5.159,1661875.0
2023-08-04,5.189,5.309,5.189,5.219,1450961.0
2023-08-07,5.219,5.339,5.189,5.299,1188717.0
2023-08-08,5.289,5.359,5.239,5.319,882692.0
2023-08-09,5.309,5.319,5.239,5.299,788751.0
2023-08-10,5.319,5.399,5.299,5.369,937642.0
2023-08-11,5.359,5.389,5.239,5.249,956602.0
2023-08-14,5.209,5.289,5.169,5.269,742983.0
2023-08-15,5.269,5.419,5.239,5.339,1204747.0
2023-08-16,5.339,5.339,5.199,5.239,1010081.0
2023-08-17,5.219,5.289,5.169,5.289,770504.0
2023-08-18,5.269,5.339,5.239,5.239,716164.0
2023-08-21,5.259,5.279,5.179,5.209,989757.0
2023-08-22,5.219,5.399,5.199,5.369,1313243.0
2023-08-23,5.369,5.429,5.349,5.359,844259.0
2023-08-24,5.359,5.429,5.289,5.309,1023097.0
2023-08-25,5.329,5.389,5.299,5.329,832878.0
2023-08-28,5.529,5.579,5.329,5.369,1721762.0
2023-08-29,5.369,5.429,5.259,5.269,1584608.0
2023-08-30,5.289,5.339,5.249,5.249,1152845.0
2023-08-31,5.279,5.299,5.219,5.239,888445.0
2023-09-01,5.259,5.289,5.229,5.279,874587.0
2023-09-04,5.329,5.509,5.309,5.469,2017152.0
2023-09-05,5.459,5.549,5.409,5.509,1067587.0
2023-09-06,5.519,5.549,5.419,5.479,1030565.0
2023-09-07,5.479,5.569,5.469,5.479,1233213.0
2023-09-08,5.469,5.479,5.389,5.399,639868.0
2023-09-11,5.409,5.499,5.399,5.429,1068110.0
2023-09-12,5.419,5.449,5.319,5.439,1141086.0
2023-09-13,5.439,5.519,5.419,5.459,1259145.0
2023-09-14,5.449,5.549,5.449,5.499,1605922.0
2023-09-15,5.544,5.614,5.394,5.404,2454833.0
2023-09-18,5.404,5.424,5.284,5.324,1740237.0
2023-09-19,5.344,5.484,5.314,5.464,1787567.0
2023-09-20,5.464,5.484,5.374,5.454,827290.0
2023-09-21,5.464,5.534,5.424,5.434,1130676.0
2023-09-22,5.484,5.574,5.444,5.554,1704991.0
2023-09-25,5.594,5.594,5.434,5.454,1126951.0
2023-09-26,5.444,5.494,5.424,5.424,837745.0
2023-09-27,5.454,5.524,5.434,5.474,955238.0
2023-09-28,5.524,5.534,5.384,5.384,1315326.0
2023-10-09,5.334,5.414,5.184,5.374,1894203.0
2023-10-10,5.404,5.414,5.224,5.244,1305518.0
2023-10-11,5.274,5.274,5.084,5.114,1712530.0
2023-10-12,5.134,5.164,5.044,5.134,1131055.0
2023-10-13,5.114,5.184,5.064,5.164,1009107.0
2023-10-16,5.194,5.264,5.144,5.174,1151281.0
2023-10-17,5.174,5.234,5.134,5.224,982429.0
2023-10-18,5.244,5.264,5.194,5.214,992643.0
2023-10-19,5.194,5.194,5.074,5.084,1080748.0
2023-10-20,5.084,5.094,4.994,5.004,1044870.0
2023-10-23,4.974,5.034,4.824,4.894,1416606.0
2023-10-24,4.874,4.984,4.864,4.924,1170848.0
2023-10-25,4.944,4.964,4.774,4.794,1780536.0
2023-10-26,4.774,4.884,4.764,4.874,1174675.0
2023-10-27,4.894,4.994,4.864,4.914,1468658.0
2023-10-30,4.914,4.924,4.684,4.704,1984390.0
2023-10-31,4.704,4.804,4.664,4.774,1504440.0
2023-11-01,4.764,4.824,4.704,4.784,1218432.0
2023-11-02,4.804,4.904,4.784,4.844,1503953.0
2023-11-03,4.854,4.924,4.804,4.824,1219225.0
2023-11-06,4.824,4.844,4.644,4.684,2145553.0
2023-11-07,4.674,4.704,4.634,4.684,1018258.0
2023-11-08,4.644,4.644,4.604,4.624,963254.0
2023-11-09,4.604,4.744,4.594,4.714,1599754.0
2023-11-10,4.704,4.764,4.644,4.724,1044592.0
2023-11-13,4.744,4.824,4.704,4.804,1121722.0
2023-11-14,4.814,4.844,4.724,4.754,910431.0
2023-11-15,4.784,4.854,4.774,4.844,986163.0
2023-11-16,4.824,4.904,4.794,4.794,737950.0
2023-11-17,4.764,4.794,4.714,4.754,782058.0
2023-11-20,4.774,4.834,4.754,4.804,802916.0
2023-11-21,4.834,4.874,4.804,4.814,860097.0
2023-11-22,4.814,4.854,4.784,4.784,548166.0
2023-11-23,4.774,4.804,4.764,4.784,482024.0
2023-11-24,4.784,4.834,4.784,4.794,597022.0
2023-11-27,4.774,4.784,4.704,4.754,955811.0
2023-11-28,4.754,4.784,4.714,4.774,682953.0
2023-11-29,4.774,4.784,4.694,4.714,827671.0
2023-11-30,4.734,4.794,4.714,4.784,1031358.0
2023-12-01,4.764,4.794,4.684,4.754,1123811.0
2023-12-04,4.754,4.844,4.744,4.794,1219333.0
2023-12-05,4.784,4.804,4.684,4.694,1055613.0
2023-12-06,4.694,4.734,4.584,4.704,1512224.0
2023-12-07,4.664,4.684,4.594,4.674,1304551.0
2023-12-08,4.684,4.784,4.654,4.784,2421246.0
2023-12-11,4.754,4.764,4.554,4.674,2567464.0
2023-12-12,4.644,4.734,4.614,4.724,1427174.0
2023-12-13,4.684,4.724,4.624,4.634,960268.0
2023-12-14,4.664,4.674,4.604,4.604,844478.0
2023-12-15,4.624,4.654,4.564,4.564,1240247.0
2023-12-18,4.564,4.664,4.534,4.604,994543.0
2023-12-19,4.604,4.614,4.524,4.604,1012538.0
2023-12-20,4.594,4.654,4.574,4.594,986200.0
2023-12-21,4.574,4.604,4.534,4.554,1242561.0
2023-12-22,4.554,4.664,4.544,4.664,1780286.0
2023-12-25,4.664,4.724,4.634,4.704,779692.0
2023-12-26,4.714,4.744,4.694,4.714,658635.0
2023-12-27,4.724,4.864,4.694,4.834,1356069.0
2023-12-28,4.834,4.894,4.764,4.784,1277122.0
2023-12-29,4.784,4.914,4.744,4.894,1486295.0
2024-01-02,4.894,4.964,4.874,4.934,1462201.0
2024-01-03,4.904,5.024,4.904,5.024,1286039.0
2024-01-04,5.024,5.094,4.954,5.004,1514611.0
2024-01-05,4.984,5.034,4.904,4.934,1547803.0
2024-01-08,4.934,4.974,4.864,4.884,1237046.0
2024-01-09,4.854,4.914,4.814,4.894,1219920.0
2024-01-10,4.884,4.924,4.804,4.814,1064624.0
2024-01-11,4.794,4.804,4.664,4.674,1619463.0
2024-01-12,4.664,4.714,4.644,4.684,1036072.0
2024-01-15,4.674,4.744,4.644,4.734,1009759.0
2024-01-16,4.734,4.774,4.694,4.744,991652.0
2024-01-17,4.734,4.764,4.674,4.674,1110100.0
2024-01-18,4.694,4.694,4.464,4.624,2538854.0
2024-01-19,4.604,4.694,4.554,4.664,1688147.0
2024-01-22,4.654,4.704,4.564,4.604,1820164.0
2024-01-23,4.604,4.624,4.484,4.594,1555399.0
2024-01-24,4.594,4.774,4.594,4.774,1725659.0
2024-01-25,4.814,5.204,4.794,5.204,2931261.0
2024-01-26,5.184,5.184,5.004,5.134,2732920.0
2024-01-29,5.104,5.434,5.084,5.244,3018663.0
2024-01-30,5.204,5.354,5.194,5.244,2138989.0
2024-01-31,5.214,5.344,5.194,5.274,1792303.0
2024-02-01,5.224,5.264,5.144,5.164,1943211.0
2024-02-02,5.164,5.304,5.144,5.204,2265003.0
2024-02-05,5.214,5.364,5.214,5.334,2567600.0
2024-02-06,5.324,5.404,5.224,5.284,2361091.0
2024-02-07,5.284,5.364,5.174,5.334,2444969.0
2024-02-08,5.314,5.364,5.234,5.304,1807676.0
2024-02-19,5.324,5.634,5.304,5.594,2459521.0
2024-02-20,5.594,5.654,5.544,5.564,1401676.0
2024-02-21,5.564,5.714,5.524,5.564,2162016.0
2024-02-22,5.554,5.764,5.544,5.734,1854653.0
2024-02-23,5.734,5.784,5.644,5.684,1883536.0
2024-02-26,5.664,5.744,5.554,5.574,1333628.0
2024-02-27,5.564,5.634,5.524,5.564,1231834.0
2024-02-28,5.554,5.594,5.444,5.504,1526879.0
2024-02-29,5.494,5.564,5.474,5.564,1084423.0
2024-03-01,5.534,5.564,5.474,5.514,1100805.0
2024-03-04,5.514,5.694,5.504,5.654,1812601.0
2024-03-05,5.624,5.734,5.594,5.704,1432402.0
2024-03-06,5.704,5.774,5.654,5.694,1130722.0
2024-03-07,5.694,5.804,5.674,5.744,1199081.0
2024-03-08,5.724,5.784,5.654,5.774,1140592.0
2024-03-11,5.744,5.744,5.594,5.674,1579157.0
2024-03-12,5.654,5.654,5.434,5.444,1961484.0
2024-03-13,5.424,5.484,5.374,5.464,1162911.0
2024-03-14,5.484,5.574,5.444,5.534,1245305.0
2024-03-15,5.544,5.594,5.454,5.514,996678.0
2024-03-18,5.524,5.554,5.474,5.514,950814.0
2024-03-19,5.524,5.574,5.444,5.464,1279275.0
2024-03-20,5.464,5.594,5.404,5.554,1154948.0
2024-03-21,5.554,5.614,5.514,5.564,709218.0
2024-03-22,5.544,5.574,5.444,5.514,981004.0
2024-03-25,5.484,5.614,5.474,5.544,1530083.0
2024-03-26,5.544,5.584,5.474,5.514,1222147.0
2024-03-27,5.494,5.574,5.484,5.534,916301.0
2024-03-28,5.514,5.554,5.464,5.534,1035839.0
2024-03-29,5.524,5.754,5.524,5.704,1877796.0
2024-04-01,5.704,5.714,5.604,5.674,1265608.0
2024-04-02,5.664,5.844,5.654,5.784,1677288.0
2024-04-03,5.794,5.864,5.744,5.814,1500045.0
2024-04-08,5.764,5.934,5.704,5.824,1689267.0
2024-04-09,5.864,5.874,5.614,5.644,1729792.0
2024-04-10,5.644,5.744,5.624,5.674,1150772.0
2024-04-11,5.674,5.754,5.634,5.694,1023434.0
2024-04-12,5.684,5.734,5.664,5.694,1075975.0
2024-04-15,5.704,5.984,5.684,5.964,2184444.0
2024-04-16,5.924,6.094,5.874,5.994,2233855.0
2024-04-17,5.954,5.964,5.794,5.954,1910952.0
2024-04-18,5.874,5.954,5.814,5.854,1657029.0
2024-04-19,5.844,6.084,5.844,5.984,2482664.0
2024-04-22,5.944,6.084,5.794,5.814,2203172.0
2024-04-23,5.814,5.844,5.664,5.734,1458524.0
2024-04-24,5.794,5.834,5.734,5.804,960568.0
2024-04-25,5.804,5.864,5.764,5.854,784234.0
2024-04-26,5.864,5.954,5.834,5.854,1439693.0
2024-04-29,5.814,5.824,5.554,5.574,3201876.0
2024-04-30,5.574,5.734,5.554,5.664,2080240.0
2024-05-06,5.654,5.664,5.534,5.634,1786079.0
2024-05-07,5.624,5.694,5.604,5.684,1239663.0
2024-05-08,5.674,5.794,5.654,5.734,1261758.0
2024-05-09,5.754,5.784,5.694,5.704,1215133.0
2024-05-10,5.714,5.754,5.694,5.714,1255491.0
2024-05-13,5.714,5.754,5.664,5.704,1116371.0
2024-05-14,5.704,5.724,5.654,5.684,875018.0
2024-05-15,5.674,5.694,5.634,5.644,602488.0
2024-05-16,5.654,5.674,5.564,5.614,1072955.0
2024-05-17,5.614,5.654,5.574,5.654,943753.0
2024-05-20,5.644,5.764,5.624,5.724,1442696.0
2024-05-21,5.694,5.704,5.654,5.674,911061.0
2024-05-22,5.674,5.734,5.654,5.724,1087084.0
2024-05-23,5.714,5.724,5.634,5.684,1019023.0
2024-05-24,5.674,5.784,5.634,5.734,1456192.0
2024-05-27,5.734,5.884,5.734,5.824,1286336.0
2024-05-28,5.834,5.974,5.824,5.904,1240421.0
2024-05-29,5.894,5.974,5.864,5.934,977362.0
2024-05-30,5.914,5.974,5.834,5.854,1024792.0
2024-05-31,5.864,5.884,5.764,5.764,1049962.0
2024-06-03,5.714,5.804,5.674,5.714,1174526.0
2024-06-04,5.674,5.714,5.624,5.644,1248043.0
2024-06-05,5.654,5.684,5.564,5.574,1173146.0
2024-06-06,5.594,5.694,5.574,5.644,1496177.0
2024-06-07,5.664,5.684,5.574,5.604,1227022.0
2024-06-11,5.624,5.664,5.474,5.494,1911923.0
2024-06-12,5.494,5.554,5.444,5.534,1400891.0
2024-06-13,5.544,5.554,5.434,5.454,1533595.0
2024-06-14,5.444,5.474,5.394,5.464,2875434.0
2024-06-17,5.414,5.424,5.294,5.304,2352396.0
2024-06-18,5.324,5.354,5.244,5.334,1277107.0
2024-06-19,5.344,5.444,5.334,5.384,1631121.0
2024-06-20,5.394,5.494,5.384,5.484,1718586.0
2024-06-21,5.474,5.514,5.404,5.454,1694915.0
2024-06-24,5.484,5.494,5.404,5.444,1257807.0
2024-06-25,5.474,5.514,5.414,5.424,1365359.0
2024-06-26,5.434,5.484,5.384,5.464,1226735.0
2024-06-27,5.454,5.504,5.434,5.474,1207810.0
2024-06-28,5.514,5.644,5.464,5.634,1936024.0
2024-07-01,5.614,5.734,5.604,5.704,1429362.0
2024-07-02,5.734,5.804,5.704,5.764,1578911.0
2024-07-03,5.764,5.794,5.704,5.744,1269840.0
2024-07-04,5.764,5.844,5.744,5.824,1477757.0
2024-07-05,5.824,5.864,5.704,5.744,1594384.0
2024-07-08,5.734,5.834,5.714,5.814,1409403.0
2024-07-09,5.824,5.884,5.764,5.854,1395908.0
2024-07-10,5.834,5.904,5.724,5.734,1385006.0
2024-07-11,5.764,5.774,5.684,5.734,1411928.0
2024-07-12,5.744,5.814,5.704,5.714,1340902.0
2024-07-15,5.714,5.884,5.684,5.864,1695506.0
2024-07-16,5.894,6.014,5.864,6.004,1438312.0
2024-07-17,5.994,6.034,5.914,5.944,1351389.0
2024-07-18,5.974,6.064,5.964,6.034,1563776.0
2024-07-19,6.034,6.074,5.914,6.014,1661917.0
2024-07-22,5.984,6.004,5.814,5.934,1465841.0
2024-07-23,5.924,5.994,5.904,5.944,1354140.0
2024-07-24,5.924,6.214,5.914,6.174,2282937.0
2024-07-25,6.184,6.204,6.074,6.164,1946576.0
2024-07-26,6.154,6.184,6.034,6.094,1476211.0
2024-07-29,6.094,6.214,6.054,6.214,1352072.0
2024-07-30,6.184,6.194,5.944,5.984,1517692.0
2024-07-31,5.984,6.034,5.874,6.004,2119443.0
2024-08-01,5.994,6.134,5.974,6.074,1317825.0
2024-08-02,6.044,6.124,5.974,6.104,970738.0
2024-08-05,6.064,6.064,5.894,5.954,1466163.0
2024-08-06,5.974,6.014,5.914,5.954,954961.0
2024-08-07,5.944,6.114,5.924,6.034,1093759.0
2024-08-08,6.064,6.104,6.004,6.014,620276.0
2024-08-09,6.014,6.094,6.004,6.074,668836.0
2024-08-12,6.074,6.164,6.044,6.084,995847.0
2024-08-13,6.084,6.194,6.074,6.154,932512.0
2024-08-14,6.144,6.184,6.104,6.164,589914.0
2024-08-15,6.134,6.224,6.114,6.204,814303.0
2024-08-16,6.214,6.274,6.154,6.194,1245176.0
2024-08-19,6.194,6.314,6.184,6.234,1159843.0
2024-08-20,6.214,6.224,6.114,6.174,880160.0
2024-08-21,6.164,6.194,6.074,6.184,722217.0
2024-08-22,6.164,6.304,6.134,6.254,1057462.0
2024-08-23,6.244,6.344,6.224,6.334,978351.0
2024-08-26,6.364,6.434,6.304,6.404,1365856.0
2024-08-27,6.414,6.714,6.404,6.694,2059018.0
2024-08-28,6.664,6.724,6.564,6.614,1194077.0
2024-08-29,6.604,6.684,6.354,6.384,1563721.0
2024-08-30,6.364,6.434,6.224,6.324,1808302.0
2024-09-02,6.264,6.534,6.244,6.484,1645611.0
2024-09-03,6.464,6.514,6.134,6.184,1758759.0
2024-09-04,6.114,6.164,6.014,6.104,1037614.0
2024-09-05,6.134,6.164,5.994,6.064,1222282.0
2024-09-06,6.064,6.234,6.054,6.114,857288.0
2024-09-09,6.114,6.144,5.874,5.894,1415483.0
2024-09-10,5.894,6.044,5.884,6.014,1166644.0
2024-09-11,5.984,5.994,5.674,5.814,1767134.0
2024-09-12,5.804,5.864,5.754,5.844,981190.0
2024-09-13,5.87,5.92,5.84,5.85,999003.0
2024-09-18,5.87,6.1,5.87,6.05,1093313.0
2024-09-19,6.05,6.08,5.82,5.98,1316659.0
2024-09-20,5.96,6.12,5.96,6.04,1417695.0
2024-09-23,6.06,6.2,6.01,6.14,855303.0
2024-09-24,6.23,6.43,6.16,6.42,1581118.0
2024-09-25,6.55,6.65,6.34,6.38,2114933.0
2024-09-26,6.4,6.41,6.28,6.41,1914758.0
2024-09-27,6.45,6.45,6.18,6.32,2256032.0
2024-09-30,6.35,6.78,6.34,6.62,5247325.0
2024-10-08,7.26,7.3,6.5,6.68,6027872.0
2024-10-09,6.66,6.66,6.24,6.24,3552116.0
2024-10-10,6.32,6.66,6.31,6.54,3198409.0
2024-10-11,6.57,6.67,6.34,6.41,2447740.0
2024-10-14,6.54,6.56,6.39,6.46,1821961.0
2024-10-15,6.41,6.41,6.26,6.26,1782610.0
2024-10-16,6.21,6.32,6.18,6.25,1363152.0
2024-10-17,6.27,6.33,6.16,6.16,1578774.0
2024-10-18,6.17,6.29,6.1,6.23,1967317.0
2024-10-21,6.33,6.36,6.19,6.21,2376859.0
2024-10-22,6.21,6.28,6.19,6.26,1539242.0
2024-10-23,6.27,6.28,6.2,6.25,1614859.0
2024-10-24,6.22,6.24,6.14,6.15,1445429.0
2024-10-25,6.15,6.15,6.09,6.11,1122056.0
2024-10-28,6.07,6.1,6.02,6.1,1530041.0
2024-10-29,5.98,5.99,5.88,5.89,2819485.0
2024-10-30,5.89,5.91,5.83,5.85,1562451.0
2024-10-31,5.86,5.89,5.82,5.84,1518550.0
2024-11-01,5.85,5.97,5.84,5.94,2242929.0
2024-11-04,5.94,5.95,5.84,5.9,1672046.0
2024-11-05,5.9,5.95,5.86,5.94,1910598.0
2024-11-06,5.93,6.02,5.91,5.94,2188848.0
2024-11-07,5.94,6.05,5.91,6.04,1967046.0
2024-11-08,6.06,6.09,5.98,5.99,1875194.0
2024-11-11,5.94,5.95,5.87,5.89,1749820.0
2024-11-12,5.86,5.92,5.84,5.84,1611398.0
2024-11-13,5.84,5.94,5.83,5.9,1389170.0
2024-11-14,5.89,6.0,5.88,5.93,2004562.0
2024-11-15,5.92,6.04,5.9,5.98,2046630.0
2024-11-18,5.99,6.11,5.98,6.02,2169057.0
2024-11-19,6.04,6.05,5.92,5.95,1780214.0
2024-11-20,5.93,6.03,5.92,6.0,1393591.0
2024-11-21,5.99,6.03,5.97,5.99,931973.0
2024-11-22,5.99,6.03,5.93,5.93,1372775.0
2024-11-25,5.96,6.1,5.94,5.99,2094832.0
2024-11-26,5.95,6.03,5.88,6.02,1392899.0
2024-11-27,6.02,6.04,5.98,6.04,1266794.0
2024-11-28,6.03,6.08,6.01,6.06,1159044.0
2024-11-29,6.07,6.09,6.02,6.02,1278034.0
2024-12-02,6.0,6.01,5.95,5.97,1601898.0
2024-12-03,5.97,6.01,5.94,6.01,1358056.0
2024-12-04,6.01,6.16,5.99,6.14,2960817.0
2024-12-05,6.11,6.13,6.03,6.05,1264709.0
2024-12-06,6.03,6.11,6.03,6.07,1191781.0
2024-12-09,6.06,6.14,6.03,6.13,1312229.0
2024-12-10,6.18,6.21,6.1,6.1,1646687.0
2024-12-11,6.1,6.13,6.08,6.1,1031051.0
2024-12-12,6.11,6.14,6.09,6.12,1260655.0
2024-12-13,6.09,6.1,6.0,6.02,2200321.0
2024-12-16,6.02,6.13,6.02,6.11,1661248.0
2024-12-17,6.09,6.18,6.08,6.1,1338203.0
2024-12-18,6.12,6.22,6.12,6.17,1589834.0
2024-12-19,6.15,6.21,6.1,6.12,1231859.0
2024-12-20,6.13,6.14,6.04,6.04,1329524.0
2024-12-23,6.05,6.22,6.05,6.2,2552757.0
2024-12-24,6.16,6.31,6.15,6.27,1811701.0
2024-12-25,6.27,6.42,6.27,6.42,2084357.0
2024-12-26,6.4,6.42,6.28,6.33,1611223.0
2024-12-27,6.32,6.37,6.23,6.31,1320606.0
2024-12-30,6.28,6.4,6.28,6.38,1392516.0
2024-12-31,6.36,6.44,6.32,6.34,1708796.0
2025-01-02,6.33,6.39,6.18,6.22,1719787.0
2025-01-03,6.24,6.31,6.2,6.23,1621873.0
2025-01-06,6.25,6.27,6.13,6.22,1294696.0
2025-01-07,6.21,6.22,6.14,6.19,925315.0
2025-01-08,6.19,6.36,6.18,6.24,1592767.0
2025-01-09,6.19,6.21,6.05,6.07,1728341.0
2025-01-10,6.08,6.11,5.95,5.95,1565838.0
2025-01-13,5.98,6.01,5.82,5.87,1567142.0
2025-01-14,5.87,5.93,5.83,5.92,1347198.0
2025-01-15,5.9,6.04,5.89,5.92,1373818.0
2025-01-16,5.96,6.0,5.91,5.94,1175984.0
2025-01-17,5.92,5.95,5.87,5.88,1083559.0
2025-01-20,5.9,5.91,5.82,5.83,1420354.0
2025-01-21,5.84,5.85,5.72,5.73,1779529.0
2025-01-22,5.71,5.74,5.66,5.66,1268713.0
2025-01-23,5.68,5.74,5.67,5.69,1348147.0
2025-01-24,5.69,5.73,5.66,5.7,1075295.0
2025-01-27,5.71,5.76,5.71,5.74,1313628.0
2025-02-05,5.75,5.76,5.66,5.68,1316631.0
2025-02-06,5.69,5.75,5.68,5.75,1039935.0
2025-02-07,5.74,5.79,5.71,5.77,1478523.0
2025-02-10,5.76,5.79,5.74,5.77,1244069.0
2025-02-11,5.78,5.82,5.75,5.77,1191125.0
2025-02-12,5.77,5.79,5.73,5.76,1178360.0
2025-02-13,5.76,5.77,5.73,5.73,1268942.0
2025-02-14,5.74,5.75,5.69,5.73,1433010.0
2025-02-17,5.73,5.74,5.68,5.7,1433108.0
2025-02-18,5.69,5.72,5.66,5.67,1838649.0
2025-02-19,5.67,5.67,5.56,5.58,2836868.0
2025-02-20,5.58,5.61,5.56,5.57,1365513.0
2025-02-21,5.58,5.6,5.55,5.57,1248656.0
2025-02-24,5.56,5.57,5.53,5.54,1341939.0
2025-02-25,5.53,5.56,5.47,5.48,1492082.0
2025-02-26,5.46,5.5,5.39,5.45,1867695.0
2025-02-27,5.45,5.5,5.41,5.5,1840455.0
2025-02-28,5.48,5.54,5.44,5.44,1798052.0
2025-03-03,5.44,5.47,5.39,5.4,1590405.0
2025-03-04,5.38,5.39,5.31,5.32,1482101.0
2025-03-05,5.32,5.36,5.29,5.34,1244526.0
2025-03-06,5.32,5.36,5.31,5.35,1247146.0
2025-03-07,5.35,5.42,5.34,5.39,1303062.0
2025-03-10,5.39,5.4,5.33,5.35,968258.0
2025-03-11,5.32,5.36,5.32,5.36,971642.0
2025-03-12,5.35,5.36,5.32,5.32,1072720.0
2025-03-13,5.33,5.41,5.33,5.39,1791812.0
2025-03-14,5.38,5.47,5.37,5.46,1997467.0
2025-03-17,5.48,5.53,5.48,5.51,1407065.0
2025-03-18,5.51,5.52,5.47,5.48,887842.0
2025-03-19,5.47,5.51,5.46,5.51,747442.0
2025-03-20,5.5,5.53,5.49,5.52,998583.0
2025-03-21,5.52,5.59,5.47,5.47,1530583.0
2025-03-24,5.42,5.45,5.36,5.39,1757425.0
2025-03-25,5.41,5.44,5.4,5.43,1101561.0
2025-03-26,5.43,5.46,5.4,5.42,1124245.0
2025-03-27,5.43,5.5,5.43,5.49,1222569.0
2025-03-28,5.5,5.5,5.42,5.43,877961.0
2025-03-31,5.44,5.48,5.38,5.39,1266734.0
2025-04-01,5.41,5.44,5.37,5.39,1085754.0
2025-04-02,5.39,5.42,5.38,5.41,788070.0
2025-04-03,5.37,5.45,5.37,5.44,1117571.0
2025-04-07,5.29,5.29,4.91,5.04,3880426.0
2025-04-08,5.08,5.34,5.07,5.33,3390016.0
2025-04-09,5.31,5.33,5.18,5.29,2079014.0
2025-04-10,5.33,5.34,5.22,5.25,1686451.0
2025-04-11,5.25,5.25,5.18,5.22,1152255.0
2025-04-14,5.22,5.28,5.21,5.27,1274035.0
2025-04-15,5.25,5.31,5.24,5.31,1287107.0
2025-04-16,5.29,5.4,5.28,5.39,1502432.0
2025-04-17,5.39,5.39,5.32,5.39,1001598.0
2025-04-18,5.37,5.41,5.35,5.39,727743.0
2025-04-21,5.37,5.4,5.31,5.32,1094996.0
2025-04-22,5.32,5.39,5.31,5.35,1024043.0
2025-04-23,5.38,5.38,5.33,5.34,757355.0
2025-04-24,5.33,5.37,5.33,5.36,772875.0
2025-04-25,5.36,5.37,5.32,5.34,752939.0
2025-04-28,5.34,5.39,5.31,5.37,1014987.0
2025-04-29,5.34,5.37,5.29,5.29,1140499.0
2025-04-30,5.3,5.33,5.27,5.32,850322.0
2025-05-06,5.33,5.33,5.28,5.3,1028760.0
2025-05-07,5.35,5.37,5.3,5.37,1466333.0
2025-05-08,5.35,5.39,5.33,5.35,744860.0
2025-05-09,5.35,5.38,5.34,5.35,775892.0
2025-05-12,5.36,5.38,5.34,5.36,717925.0
2025-05-13,5.38,5.41,5.37,5.39,1069266.0
2025-05-14,5.4,5.49,5.38,5.49,1571817.0
2025-05-15,5.48,5.51,5.44,5.44,1018168.0
2025-05-16,5.44,5.45,5.31,5.32,1774361.0
2025-05-19,5.33,5.37,5.32,5.34,752570.0
2025-05-20,5.35,5.36,5.32,5.33,612974.0
2025-05-21,5.34,5.41,5.34,5.37,1180032.0
2025-05-22,5.37,5.44,5.35,5.44,1379717.0
2025-05-23,5.43,5.46,5.35,5.35,1129970.0
2025-05-26,5.35,5.39,5.33,5.34,890660.0
2025-05-27,5.35,5.38,5.34,5.34,659581.0
2025-05-28,5.35,5.46,5.35,5.45,1662276.0
2025-05-29,5.45,5.47,5.39,5.39,1122459.0
2025-05-30,5.39,5.46,5.38,5.44,1219406.0
2025-06-03,5.44,5.45,5.39,5.41,950186.0
2025-06-04,5.41,5.44,5.4,5.42,699722.0
2025-06-05,5.41,5.43,5.37,5.38,995197.0
2025-06-06,5.39,5.42,5.37,5.41,845441.0
2025-06-09,5.42,5.43,5.39,5.42,790712.0
2025-06-10,5.42,5.45,5.39,5.41,1043338.0
2025-06-11,5.41,5.54,5.4,5.53,2356357.0
2025-06-12,5.53,5.57,5.47,5.55,1592782.0
2025-06-13,5.61,5.65,5.56,5.59,1926902.0
2025-06-16,5.61,5.62,5.53,5.57,1957473.0
2025-06-17,5.57,5.68,5.56,5.62,2507708.0
2025-06-18,5.67,5.68,5.56,5.56,1832687.0
2025-06-19,5.57,5.65,5.5,5.64,2102790.0
2025-06-20,5.63,5.66,5.55,5.55,1825288.0
2025-06-23,5.61,5.63,5.47,5.51,2157617.0
2025-06-24,5.46,5.52,5.36,5.47,2096949.0
2025-06-25,5.45,5.49,5.42,5.48,1482930.0
2025-06-26,5.48,5.52,5.46,5.51,1160403.0
2025-06-27,5.51,5.51,5.44,5.46,1272885.0
2025-06-30,5.46,5.47,5.43,5.44,977032.0
2025-07-01,5.44,5.48,5.42,5.46,875440.0
2025-07-02,5.47,5.5,5.46,5.49,1101100.0
2025-07-03,5.5,5.51,5.44,5.46,1247257.0
2025-07-04,5.46,5.49,5.45,5.48,1134333.0
2025-07-07,5.47,5.47,5.43,5.45,889867.0
2025-07-08,5.46,5.49,5.44,5.48,1008509.0
2025-07-09,5.48,5.53,5.47,5.48,1352719.0
2025-07-10,5.49,5.58,5.49,5.56,2250116.0
2025-07-11,5.57,5.65,5.51,5.51,2659974.0
2025-07-14,5.53,5.6,5.53,5.57,1401470.0
2025-07-15,5.56,5.59,5.52,5.56,1095903.0
2025-07-16,5.56,5.59,5.54,5.56,762874.0
2025-07-17,5.56,5.57,5.52,5.53,931671.0
2025-07-18,5.55,5.63,5.54,5.62,1472296.0
2025-07-21,5.61,5.74,5.6,5.72,2044517.0
2025-07-22,5.72,5.85,5.71,5.83,2762828.0
2025-07-23,5.86,5.88,5.81,5.82,2207589.0
2025-07-24,5.82,5.84,5.76,5.78,1806128.0
2025-07-25,5.78,5.88,5.76,5.76,1656501.0
2025-07-28,5.76,5.77,5.67,5.68,1403103.0
2025-07-29,5.67,5.73,5.66,5.7,1002022.0
2025-07-30,5.72,5.85,5.71,5.81,1560493.0
2025-07-31,5.84,5.86,5.7,5.81,1823907.0
2025-08-01,5.71,5.73,5.47,5.49,4084842.0
2025-08-04,5.46,5.47,5.4,5.45,1660903.0
2025-08-05,5.45,5.52,5.45,5.51,1235198.0
2025-08-06,5.5,5.53,5.48,5.51,995921.0
2025-08-07,5.51,5.54,5.48,5.53,1086434.0
2025-08-08,5.52,5.59,5.51,5.54,995539.0
2025-08-11,5.54,5.56,5.48,5.48,1211339.0
2025-08-12,5.48,5.59,5.48,5.56,1522381.0
2025-08-13,5.54,5.57,5.51,5.52,1039223.0
2025-08-14,5.53,5.56,5.48,5.49,1014274.0
2025-08-15,5.49,5.5,5.45,5.48,1319957.0
2025-08-18,5.49,5.51,5.47,5.48,1386231.0
2025-08-19,5.49,5.49,5.46,5.47,905131.0
2025-08-20,5.47,5.53,5.44,5.52,1425994.0
2025-08-21,5.52,5.67,5.51,5.66,2927984.0
2025-08-22,5.63,5.66,5.56,5.63,1912263.0
2025-08-25,5.63,5.66,5.59,5.64,1697733.0
2025-08-26,5.64,5.68,5.6,5.62,1533991.0
2025-08-27,5.61,5.65,5.54,5.54,1577924.0
2025-08-28,5.54,5.59,5.51,5.56,1439796.0
2025-08-29,5.56,5.64,5.5,5.51,2466679.0
2025-09-01,5.52,5.54,5.46,5.5,1387881.0
2025-09-02,5.5,5.62,5.5,5.61,2763738.0
2025-09-03,5.62,5.64,5.53,5.55,1564823.0
2025-09-04,5.53,5.63,5.43,5.58,3051512.0
2025-09-05,5.54,5.57,5.46,5.49,1824911.0
2025-09-08,5.48,5.54,5.46,5.48,1431846.0
2025-09-09,5.5,5.52,5.44,5.46,1463178.0
2025-09-10,5.47,5.47,5.41,5.41,1847062.0
2025-09-11,5.42,5.44,5.35,5.43,2189336.0
2025-09-12,5.438,5.468,5.408,5.418,1614648.0
2025-09-15,5.418,5.438,5.378,5.408,1456377.0
2025-09-16,5.408,5.428,5.348,5.368,1406017.0
2025-09-17,5.378,5.378,5.318,5.378,1510500.0
2025-09-18,5.368,5.378,5.278,5.288,1625479.0
2025-09-19,5.278,5.288,5.238,5.248,1307038.0
2025-09-22,5.248,5.258,5.198,5.208,1114877.0
2025-09-23,5.208,5.268,5.158,5.248,1424958.0
2025-09-24,5.248,5.298,5.218,5.248,1133854.0
2025-09-25,5.248,5.258,5.208,5.238,894576.0
2025-09-26,5.248,5.258,5.218,5.238,893790.0
2025-09-29,5.238,5.248,5.158,5.198,1568823.0
2025-09-30,5.188,5.198,5.168,5.178,829182.0
2025-10-09,5.178,5.258,5.158,5.248,1463860.0
2025-10-10,5.228,5.288,5.218,5.258,1282435.0
2025-10-13,5.188,5.288,5.158,5.248,2003369.0
2025-10-14,5.248,5.308,5.218,5.308,1769256.0
2025-10-15,5.298,5.328,5.258,5.278,1305823.0
2025-10-16,5.278,5.348,5.268,5.338,1525961.0
2025-10-17,5.328,5.378,5.298,5.298,1512705.0
2025-10-20,5.318,5.368,5.258,5.358,1439919.0
2025-10-21,5.358,5.378,5.328,5.348,1305292.0
2025-10-22,5.348,5.398,5.338,5.388,1378243.0
2025-10-23,5.388,5.458,5.388,5.448,1659570.0
2025-10-24,5.468,5.468,5.398,5.428,1276156.0
2025-10-27,5.408,5.518,5.388,5.468,1737419.0
2025-10-28,5.468,5.488,5.428,5.448,1105535.0
2025-10-29,5.448,5.448,5.398,5.408,916821.0
2025-10-30,5.418,5.468,5.398,5.418,1265373.0
2025-10-31,5.418,5.418,5.318,5.358,1823832.0
2025-11-03,5.358,5.478,5.358,5.458,1832794.0
2025-11-04,5.468,5.508,5.448,5.468,1644601.0
2025-11-05,5.458,5.468,5.418,5.438,973295.0
2025-11-06,5.428,5.488,5.408,5.438,1085107.0
2025-11-07,5.448,5.518,5.438,5.498,1502640.0
2025-11-10,5.508,5.568,5.498,5.548,1341392.0
2025-11-11,5.558,5.578,5.518,5.558,1089288.0
2025-11-12,5.588,5.628,5.568,5.598,1335760.0
2025-11-13,5.568,5.598,5.518,5.568,1313568.0
2025-11-14,5.578,5.628,5.568,5.598,1211137.0
2025-11-17,5.638,5.688,5.588,5.668,1934606.0
2025-11-18,5.658,5.718,5.648,5.688,1400850.0
2025-11-19,5.698,5.978,5.678,5.938,4296011.0
2025-11-20,5.888,6.028,5.888,5.938,2741949.0
2025-11-21,5.938,5.978,5.818,5.858,2575128.0
2025-11-24,5.878,5.918,5.688,5.728,1994725.0
2025-11-25,5.738,5.738,5.618,5.688,1513522.0
2025-11-26,5.688,5.738,5.608,5.628,1228694.0
2025-11-27,5.618,5.748,5.568,5.698,1367408.0
2025-11-28,5.688,5.698,5.628,5.668,1009992.0
2025-12-01,5.658,5.748,5.648,5.738,1209245.0
2025-12-02,5.738,5.888,5.718,5.868,1524030.0
2025-12-03,5.828,5.868,5.768,5.838,1009279.0
2025-12-04,5.848,5.908,5.818,5.858,1041721.0
2025-12-05,5.858,5.908,5.808,5.848,1202278.0
2025-12-08,5.848,5.898,5.788,5.848,1118027.0
2025-12-09,5.848,5.858,5.768,5.818,1086418.0
2025-12-10,5.798,5.818,5.728,5.748,930548.0
2025-12-11,5.758,5.768,5.638,5.708,1089807.0
2025-12-12,5.688,5.688,5.618,5.668,1504978.0
2025-12-15,5.638,5.718,5.608,5.688,963841.0
2025-12-16,5.678,5.728,5.568,5.708,1436453.0
2025-12-17,5.698,5.788,5.668,5.728,1180909.0
2025-12-18,5.768,5.858,5.708,5.818,1129331.0
2025-12-19,5.818,5.858,5.758,5.778,1172704.0
2025-12-22,5.788,5.798,5.718,5.758,1198011.0
2025-12-23,5.758,5.838,5.718,5.808,1478480.0
2025-12-24,5.788,5.838,5.738,5.798,1359378.0
2025-12-25,5.798,5.828,5.718,5.738,832807.0
2025-12-26,5.738,5.748,5.668,5.678,971825.0
2025-12-29,5.678,5.928,5.658,5.888,2335938.0
2025-12-30,5.878,6.128,5.848,6.048,2689972.0
2025-12-31,6.048,6.138,6.028,6.068,1584880.0
2026-01-05,6.088,6.138,5.868,5.978,2223688.0
2026-01-06,5.988,6.108,5.898,6.068,1730764.0
2026-01-07,6.028,6.078,5.958,5.988,1422860.0
2026-01-08,6.008,6.018,5.908,5.958,1064911.0
2026-01-09,6.568,6.568,5.988,6.048,6893935.0
2026-01-12,5.988,5.988,5.788,5.858,4266770.0
2026-01-13,5.838,5.908,5.818,5.858,2505507.0
2026-01-14,5.858,5.908,5.818,5.858,2524278.0
2026-01-15,5.828,5.898,5.808,5.838,1868174.0
2026-01-16,5.818,5.838,5.708,5.728,2164191.0
2026-01-19,5.708,5.828,5.688,5.818,1942490.0
2026-01-20,5.808,5.938,5.788,5.898,2279661.0
2026-01-21,5.908,5.918,5.818,5.848,2046950.0
2026-01-22,5.868,6.108,5.858,6.098,4490461.0
2026-01-23,6.098,6.168,5.998,6.038,2584089.0
2026-01-26,6.068,6.358,6.058,6.268,4321975.0
2026-01-27,6.278,6.408,6.228,6.258,2629427.0
2026-01-28,6.318,6.468,6.238,6.288,4844599.0
2026-01-29,6.338,6.408,6.178,6.328,4415495.0
2026-01-30,6.338,6.478,6.248,6.398,3074110.0
2026-02-02,6.288,6.458,6.198,6.268,2874000.0
2026-02-03,6.258,6.278,6.118,6.188,2002080.0
2026-02-04,6.238,6.428,6.198,6.388,2446846.0
2026-02-05,6.398,6.458,6.198,6.288,2169579.0
2026-02-06,6.188,6.408,6.188,6.388,2210681.0
2026-02-09,6.388,6.468,6.338,6.388,1624289.0
2026-02-10,6.398,6.438,6.328,6.348,1640656.0
2026-02-11,6.358,6.438,6.288,6.428,1663085.0
2026-02-12,6.418,6.568,6.378,6.488,1861215.0
2026-02-13,6.418,6.438,6.228,6.258,2318888.0
2026-02-24,6.358,6.528,6.358,6.468,2375437.0
2026-02-25,6.458,6.588,6.388,6.408,2381663.0
2026-02-26,6.388,6.458,6.348,6.378,1354742.0
2026-02-27,6.388,6.418,6.318,6.348,1056623.0
2026-03-02,6.688,6.998,6.438,6.998,10885720.0
2026-03-03,7.038,7.708,7.038,7.708,15024382.0
2026-03-04,7.988,7.998,6.928,7.288,12338146.0
2026-03-05,7.138,7.188,6.748,6.918,7647160.0
2026-03-06,6.828,6.888,6.628,6.768,5751864.0
2026-03-09,7.338,7.338,6.828,6.888,10779224.0
2026-03-10,6.388,6.508,6.358,6.448,6425513.0
2026-03-11,6.388,6.428,6.288,6.398,4601433.0
2026-03-12,6.448,6.478,6.318,6.348,4909668.0
2026-03-13,6.378,6.398,6.198,6.218,4759634.0
2026-03-16,6.238,6.298,6.198,6.218,2864215.0
2026-03-17,6.188,6.188,6.098,6.138,3162492.0
2026-03-18,6.108,6.108,5.938,6.008,3138345.0
2026-03-19,6.098,6.178,6.068,6.168,4115497.0
2026-03-20,6.068,6.068,5.938,5.968,2897698.0
2026-03-23,5.968,5.998,5.818,5.928,3373414.0
2026-03-24,5.828,5.838,5.748,5.828,2569822.0
2026-03-25,5.758,5.808,5.678,5.808,2533932.0
2026-03-26,5.778,5.828,5.738,5.768,2200198.0
2026-03-27,5.758,5.798,5.728,5.788,1928072.0
2026-03-30,5.818,5.878,5.798,5.858,2073171.0
2026-03-31,5.848,5.898,5.768,5.768,1735746.0
2026-04-01,5.768,5.818,5.738,5.778,1687393.0
2026-04-02,5.768,5.848,5.758,5.838,2051261.0
2026-04-03,5.838,5.838,5.718,5.748,1584405.0
2026-04-07,5.738,5.808,5.678,5.798,1583034.0
2026-04-08,5.688,5.788,5.648,5.778,2263629.0
2026-04-09,5.778,5.828,5.708,5.728,1679238.0
2026-04-10,5.718,5.728,5.698,5.698,1297269.0
2026-04-13,5.738,5.748,5.658,5.718,1741050.0
2026-04-14,5.688,5.698,5.648,5.668,1350357.0
2026-04-15,5.648,5.658,5.568,5.578,1878195.0
2026-04-16,5.558,5.568,5.528,5.548,1496254.0
2026-04-17,5.558,5.558,5.448,5.448,2154576.0
2026-04-20,5.458,5.478,5.418,5.418,2352067.0
2026-04-21,5.418,5.428,5.378,5.388,1924090.0
2026-04-22,5.398,5.398,5.308,5.328,2416561.0
2026-04-23,5.328,5.378,5.288,5.338,3524466.0
2026-04-24,5.318,5.328,5.238,5.278,2351043.0
2026-04-27,5.268,5.298,5.218,5.228,2104441.0
2026-04-28,5.228,5.268,5.158,5.238,3426197.0
2026-04-29,5.288,5.388,5.238,5.308,7735192.0
2026-04-30,5.288,5.318,5.258,5.278,3246549.0
2026-05-06,5.268,5.278,5.208,5.258,3381194.0
2026-05-07,5.228,5.238,5.158,5.158,3556190.0
2026-05-08,5.178,5.188,5.098,5.108,3440561.0
2026-05-11,5.118,5.118,5.068,5.098,3320028.0
2026-05-12,5.108,5.118,5.068,5.088,2695961.0
2026-05-13,5.088,5.098,5.048,5.058,2381021.0
2026-05-14,5.068,5.088,5.008,5.038,3340500.0
2026-05-15,5.018,5.058,4.978,5.018,2813431.0
2026-05-18,5.018,5.038,4.978,5.028,1940929.0
2026-05-19,5.008,5.038,4.988,5.018,1698525.0
2026-05-20,5.018,5.038,4.978,4.988,1795445.0
2026-05-21,4.968,4.988,4.908,4.918,2526287.0
2026-05-22,4.908,4.928,4.838,4.848,2612370.0
2026-05-25,4.848,4.878,4.808,4.808,2009776.0
2026-05-26,4.808,4.828,4.738,4.758,3243078.0
2026-05-27,4.748,4.748,4.618,4.718,3725643.0
2026-05-28,4.668,4.788,4.668,4.698,2810687.0
2026-05-29,4.688,4.748,4.668,4.738,3306658.0
2026-06-01,4.728,4.778,4.688,4.758,3492353.0
2026-06-02,4.768,4.838,4.688,4.708,4012504.0
2026-06-03,4.718,4.768,4.658,4.748,3466481.0
2026-06-04,4.728,4.778,4.708,4.708,2332991.0
2026-06-05,4.708,4.848,4.698,4.778,3796464.0
2026-06-08,4.768,4.828,4.728,4.788,3176164.0
2026-06-09,4.758,4.768,4.658,4.678,3094855.0
2026-06-10,4.658,4.688,4.638,4.668,1751382.0
2026-06-11,4.668,4.708,4.618,4.678,2065872.0
2026-06-12,4.658,4.838,4.648,4.828,4880591.0
2026-06-15,4.838,4.938,4.828,4.878,3953025.0
2026-06-16,4.908,4.918,4.838,4.858,2444511.0
2026-06-17,4.88,4.91,4.83,4.85,2196326.0
2026-06-18,4.85,4.85,4.71,4.71,2326923.0
2026-06-22,4.71,4.8,4.64,4.77,2582188.0
2026-06-23,4.75,4.9,4.72,4.73,2988521.0
2026-06-24,4.74,4.75,4.65,4.66,2480415.0
2026-06-25,4.66,4.66,4.53,4.55,2746874.0
2026-06-26,4.58,4.59,4.45,4.52,2706827.0
2026-06-29,4.52,4.61,4.43,4.61,2637345.0
2026-06-30,4.58,4.59,4.45,4.46,2603813.0
2026-07-01,4.46,4.57,4.43,4.54,2525594.0
2026-07-02,4.54,4.64,4.52,4.6,2453059.0
2026-07-03,4.62,4.73,4.61,4.7,2922120.0
2026-07-06,4.7,4.84,4.67,4.82,2906756.0
2026-07-07,4.82,4.82,4.69,4.8,2460314.0
2026-07-08,4.8,4.88,4.76,4.83,2455726.0
2026-07-09,4.83,4.87,4.77,4.81,2171522.0
2026-07-10,4.76,4.77,4.7,4.76,2289776.0
2026-07-13,4.81,4.89,4.78,4.88,3563080.0
2026-07-14,4.91,5.04,4.89,5.03,4273503.0
2026-07-15,4.99,5.05,4.95,5.03,2830802.0
2026-07-16,5.02,5.07,4.95,4.99,2226292.0
2026-07-17,4.99,5.07,4.97,5.03,3415982.0
2026-07-20,5.05,5.24,5.04,5.24,5358812.0
2026-07-21,5.19,5.22,5.09,5.12,4026139.0
2026-07-22,5.15,5.18,5.07,5.18,3118505.0
2026-07-23,5.18,5.23,5.16,5.19,2383461.0
2026-07-24,5.25,5.28,5.15,5.19,2648414.0
2026-07-27,5.13,5.18,5.09,5.15,2165047.0
2026-07-28,5.14,5.18,5.06,5.18,2462301.0
2026-07-29,5.21,5.21,5.16,5.17,2107072.0
2026-07-30,5.19,5.27,5.18,5.27,2940925.0
2026-07-31,5.21,5.29,5.18,5.26,2643597.0
2026-08-03,5.24,5.33,5.23,5.28,2184103.0
2026-08-04,5.26,5.27,5.08,5.1,3332490.0
2026-08-05,5.08,5.09,4.97,4.98,3062517.0
2026-08-06,4.99,5.09,4.99,5.08,2719991.0
2026-08-07,5.08,5.14,5.06,5.1,1864863.0
2026-08-10,5.09,5.17,5.08,5.12,2068866.0
2026-08-11,5.15,5.21,5.1,5.11,2172447.0
2026-08-12,5.1,5.11,5.04,5.05,1614077.0
2026-08-13,5.03,5.05,4.97,4.99,1990373.0
2026-08-14,4.98,5.03,4.94,5.0,1594947.0
2026-08-17,5.0,5.03,4.98,5.01,1371853.0
2026-08-18,5.03,5.08,5.01,5.06,1602470.0
2026-08-19,5.07,5.16,5.06,5.16,3219633.0
2026-08-20,5.14,5.2,5.08,5.14,1893802.0
2026-08-21,5.14,5.19,5.07,5.1,2102610.0
2026-08-24,5.11,5.35,5.1,5.33,5998117.0
2026-08-25,5.33,5.4,5.31,5.36,3025686.0
2026-08-26,5.29,5.36,5.27,5.33,2304574.0
2026-08-27,5.33,5.35,5.25,5.29,1690676.0
2026-08-28,5.3,5.48,5.29,5.46,3238493.0
2026-08-31,5.49,5.5,5.41,5.46,2346048.0
2026-09-01,5.45,5.55,5.42,5.52,2481966.0
2026-09-02,5.56,5.62,5.43,5.43,2385866.0
2026-09-03,5.42,5.53,5.41,5.45,1905676.0
2026-09-04,5.45,5.52,5.43,5.48,1675596.0
2026-09-07,5.48,5.49,5.34,5.37,2427155.0
2026-09-08,5.37,5.6,5.35,5.59,3172604.0
2026-09-09,5.58,5.65,5.53,5.61,2276623.0
2026-09-10,5.61,5.65,5.56,5.56,1636622.0
2026-09-11,5.62,5.63,5.5,5.52,2283230.0
2026-09-14,5.54,5.59,5.36,5.37,2155606.0
2026-09-15,5.39,5.39,5.26,5.29,1926018.0
2026-09-16,5.29,5.31,5.16,5.21,1964044.0
2026-09-17,5.16,5.2,5.09,5.14,1863793.0
2026-09-18,5.13,5.17,5.1,5.16,1823465.0
2026-09-21,5.14,5.3,5.12,5.3,2345118.0
2026-09-22,5.27,5.34,5.18,5.31,2819627.0
2026-09-23,5.29,5.38,5.27,5.29,1949982.0
