date,open,high,low,close,volume
2016-01-04,35.337,36.557,30.777,30.947,26506.0
2016-01-05,30.327,35.757,29.967,33.857,29845.0
2016-01-06,33.757,34.857,32.417,33.607,34954.0
2016-01-07,32.367,33.057,27.867,28.217,4375.0
2016-01-08,29.917,31.007,27.467,27.887,46217.0
2016-01-11,27.557,27.557,25.487,26.067,34523.0
2016-01-12,26.557,27.317,25.547,26.917,13974.0
2016-01-13,26.927,28.067,25.347,25.737,17225.0
2016-01-14,24.867,27.857,24.367,27.747,16249.0
2016-01-15,27.667,27.667,25.867,26.467,12515.0
2016-01-18,24.867,27.437,24.547,26.707,17696.0
2016-01-19,26.457,28.547,25.867,28.287,16913.0
2016-01-20,27.847,28.257,25.867,25.867,22707.0
2016-01-21,25.257,27.557,25.257,25.317,14997.0
2016-01-22,26.067,26.367,24.377,24.977,15629.0
2016-01-25,25.767,27.957,25.447,26.807,27241.0
2016-01-26,27.117,29.537,26.527,26.777,41454.0
2016-01-27,26.877,27.867,24.407,25.367,30925.0
2016-01-28,25.567,26.167,23.867,23.967,17106.0
2016-01-29,23.467,25.917,23.427,25.677,19014.0
2016-02-01,25.027,26.467,25.007,25.557,17417.0
2016-02-02,25.567,26.927,25.397,26.467,16000.0
2016-02-03,26.097,26.857,26.097,26.447,9630.0
2016-02-04,26.947,27.827,26.297,26.397,16595.0
2016-02-05,26.437,27.817,26.427,26.767,16860.0
2016-02-15,26.357,26.427,24.867,25.457,16788.0
2016-02-16,25.567,27.337,25.567,26.787,17977.0
2016-02-17,26.787,27.067,26.187,26.667,18274.0
2016-02-18,26.867,27.097,25.367,25.537,25319.0
2016-02-19,25.367,25.837,24.717,25.757,17089.0
2016-02-22,25.897,26.947,25.377,26.787,23579.0
2016-02-23,26.767,28.667,26.457,28.367,35471.0
2016-02-24,27.867,28.367,27.197,27.957,18682.0
2016-02-25,27.957,28.557,23.667,24.577,25430.0
2016-02-26,24.587,27.147,24.067,25.717,26650.0
2016-02-29,26.017,26.897,24.167,24.177,20420.0
2016-03-01,24.217,26.567,24.217,26.067,21139.0
2016-03-02,25.667,29.667,25.667,29.417,35424.0
2016-03-03,29.387,32.367,28.867,30.867,28128.0
2016-03-04,30.837,34.027,30.097,32.927,65378.0
2016-03-07,33.157,34.867,31.507,31.867,29624.0
2016-03-08,32.067,33.047,30.497,31.917,22466.0
2016-03-09,30.867,32.747,30.377,31.867,19270.0
2016-03-10,31.737,34.017,31.367,33.167,31202.0
2016-03-11,32.067,32.977,31.357,32.207,14294.0
2016-03-14,32.377,33.157,30.867,31.137,35139.0
2016-03-15,30.867,31.007,28.887,30.067,27451.0
2016-03-16,29.567,30.457,28.377,29.767,18957.0
2016-03-17,29.677,31.827,29.547,31.167,22952.0
2016-03-18,31.167,31.797,30.187,30.867,38971.0
2016-03-21,30.387,32.737,30.387,32.557,32008.0
2016-03-22,32.307,33.467,31.347,32.337,28977.0
2016-03-23,32.067,32.867,31.947,32.587,17048.0
2016-03-24,32.067,33.467,31.147,32.367,26760.0
2016-03-25,32.127,34.257,32.127,33.537,30503.0
2016-03-28,33.617,36.367,33.567,34.917,48545.0
2016-03-29,34.977,35.377,31.837,32.887,25897.0
2016-03-30,33.217,34.347,32.647,34.267,25756.0
2016-03-31,34.467,34.807,32.837,33.667,18685.0
2016-04-01,33.647,34.107,32.647,32.737,17237.0
2016-04-05,32.367,33.857,32.157,33.237,19652.0
2016-04-06,33.367,35.147,33.197,35.147,27170.0
2016-04-07,35.667,35.857,31.867,31.937,45458.0
2016-04-08,31.417,32.357,30.367,30.667,28929.0
2016-04-11,30.907,31.867,30.907,30.977,27033.0
2016-04-12,31.017,31.867,30.367,31.517,19773.0
2016-04-13,31.367,32.797,31.327,31.657,21780.0
2016-04-14,32.117,32.697,31.647,32.567,18897.0
2016-04-15,32.557,32.797,31.767,31.907,21525.0
2016-04-18,31.717,31.717,30.557,30.817,15809.0
2016-04-19,31.077,31.537,30.157,30.447,16396.0
2016-04-20,30.817,30.877,28.987,30.607,27902.0
2016-04-21,30.067,32.357,30.067,32.107,24239.0
2016-04-22,32.047,33.747,31.767,33.707,22210.0
2016-04-25,33.367,35.067,32.787,34.507,31308.0
2016-04-26,34.367,34.767,33.777,34.407,22578.0
2016-04-27,34.567,34.937,34.177,34.757,15270.0
2016-04-28,34.747,34.947,32.947,33.687,19221.0
2016-04-29,33.727,35.837,33.727,34.477,51913.0
2016-05-03,34.647,38.867,33.467,38.487,80988.0
2016-05-04,38.047,38.307,36.167,36.557,35613.0
2016-05-05,36.427,37.087,35.967,36.737,20451.0
2016-05-06,36.667,36.747,33.747,33.967,29391.0
2016-05-09,34.047,35.087,33.867,34.467,26308.0
2016-05-10,34.027,34.867,33.367,33.867,26432.0
2016-05-11,34.067,36.947,33.987,34.967,53627.0
2016-05-12,33.967,36.867,33.097,36.067,54201.0
2016-05-13,35.757,37.767,33.887,34.867,36643.0
2016-05-16,34.017,35.387,33.377,35.197,28876.0
2016-05-17,35.167,35.167,33.747,34.487,16697.0
2016-05-18,34.127,35.087,33.067,34.547,17610.0
2016-05-19,34.267,34.847,33.867,33.877,13023.0
2016-05-20,33.467,34.797,33.467,34.577,12676.0
2016-05-23,34.577,36.447,34.237,34.867,19317.0
2016-05-24,34.907,35.017,33.767,33.817,11291.0
2016-05-25,33.897,34.397,33.467,33.567,9465.0
2016-05-26,33.617,33.847,32.857,33.367,11741.0
2016-05-27,33.367,33.967,33.247,33.687,11319.0
2016-05-30,33.687,34.347,32.867,33.547,12968.0
2016-05-31,33.837,35.327,33.777,35.197,37781.0
2016-06-01,35.377,37.517,35.377,36.897,63778.0
2016-06-02,36.847,37.857,36.677,36.767,19404.0
2016-06-03,36.767,40.417,36.717,39.867,64881.0
2016-06-06,39.867,40.787,38.467,40.347,33174.0
2016-06-07,39.927,41.267,39.147,41.257,24478.0
2016-06-08,41.217,41.217,39.467,39.767,18053.0
2016-06-13,38.767,40.817,38.237,38.237,17590.0
2016-06-14,37.547,40.367,37.547,39.867,23306.0
2016-06-15,39.717,41.367,39.197,41.307,21055.0
2016-06-16,41.107,41.867,40.347,41.287,23233.0
2016-06-17,40.847,45.337,40.847,44.867,54770.0
2016-06-20,43.877,45.047,42.677,42.847,29961.0
2016-06-21,42.867,43.657,41.467,41.647,17955.0
2016-06-22,40.677,42.067,40.677,41.767,20855.0
2016-06-23,41.847,42.147,40.217,40.777,16960.0
2016-06-24,40.777,41.467,38.567,39.887,26379.0
2016-06-27,39.747,42.667,39.667,42.167,41262.0
2016-06-28,41.697,42.167,40.817,41.807,30366.0
2016-06-29,42.047,42.167,40.377,40.967,27262.0
2016-06-30,41.067,42.657,40.567,40.587,38005.0
2016-07-01,40.457,41.057,39.867,40.187,23484.0
2016-07-04,40.187,41.377,39.707,40.867,36599.0
2016-07-05,40.867,41.917,40.377,41.437,41790.0
2016-07-06,40.817,46.347,40.817,45.647,78570.0
2016-07-07,44.747,45.667,43.347,43.557,48471.0
2016-07-08,43.687,44.397,43.057,43.967,23544.0
2016-07-11,44.117,48.637,43.467,46.147,61748.0
2016-07-12,44.967,48.167,44.527,46.377,56868.0
2016-07-13,46.377,46.517,44.447,44.787,44702.0
2016-07-14,44.957,46.027,43.317,43.927,39093.0
2016-07-15,43.867,44.647,42.797,44.167,31399.0
2016-07-18,43.067,44.067,42.767,42.877,28005.0
2016-07-19,43.007,43.347,40.567,41.167,51972.0
2016-07-20,41.117,41.817,40.677,40.967,30040.0
2016-07-21,41.097,42.647,41.097,41.617,36978.0
2016-07-22,41.667,41.767,39.457,39.567,41223.0
2016-07-25,39.587,40.827,39.367,39.957,32322.0
2016-07-26,39.747,41.657,39.427,41.597,48294.0
2016-07-27,41.187,41.417,38.677,39.307,56127.0
2016-07-28,39.157,40.627,38.917,39.867,34568.0
2016-07-29,40.247,41.437,39.667,40.177,39193.0
2016-08-01,40.087,40.087,38.287,38.667,52422.0
2016-08-02,38.607,39.087,38.367,38.937,24288.0
2016-08-03,38.667,39.167,38.417,38.797,24811.0
2016-08-04,38.917,38.917,38.327,38.817,27783.0
2016-08-05,38.557,38.957,38.497,38.837,29807.0
2016-08-08,38.807,40.097,38.187,40.037,33205.0
2016-08-09,40.077,41.447,39.677,40.647,39499.0
2016-08-10,40.377,41.047,40.377,40.477,23323.0
2016-08-11,40.467,41.717,40.467,40.977,37617.0
2016-08-12,40.997,41.667,40.267,41.227,31291.0
2016-08-15,41.367,43.167,41.367,42.267,45283.0
2016-08-16,42.667,42.697,40.527,40.667,52313.0
2016-08-17,41.167,41.697,40.407,40.587,44679.0
2016-08-18,40.437,40.877,40.267,40.537,28735.0
2016-08-19,40.607,40.677,39.947,40.027,26371.0
2016-08-22,40.017,40.517,39.717,39.887,22043.0
2016-08-23,39.967,40.917,39.867,40.337,30253.0
2016-08-24,40.347,40.667,39.887,39.967,13556.0
2016-08-25,39.937,40.107,38.967,39.507,17005.0
2016-08-26,39.767,39.767,39.167,39.197,17453.0
2016-08-29,39.197,39.217,37.767,38.567,39513.0
2016-08-30,38.457,39.047,38.327,38.667,22545.0
2016-08-31,38.967,39.367,38.667,38.957,20246.0
2016-09-01,39.167,39.217,38.467,38.557,19744.0
2016-09-02,38.277,38.577,37.227,37.557,25386.0
2016-09-05,37.577,37.887,37.177,37.337,19448.0
2016-09-06,37.367,37.367,35.717,37.167,40530.0
2016-09-07,37.017,37.037,35.977,36.217,65213.0
2016-09-08,36.157,36.547,35.727,36.067,40830.0
2016-09-09,36.067,36.317,35.707,35.797,31379.0
2016-09-12,34.997,34.997,33.657,33.667,45631.0
2016-09-13,33.867,34.117,33.597,34.007,32668.0
2016-09-14,33.867,34.167,33.467,34.107,34784.0
2016-09-19,34.167,34.457,33.757,34.017,34904.0
2016-09-20,34.027,34.027,33.487,33.637,25087.0
2016-09-21,33.607,34.397,33.567,33.987,25400.0
2016-09-22,34.347,35.537,34.167,35.367,55128.0
2016-09-23,35.517,35.737,35.077,35.347,31694.0
2016-09-26,35.327,35.337,33.927,34.207,29317.0
2016-09-27,34.207,35.147,33.927,34.847,23976.0
2016-09-28,35.027,35.027,34.487,34.587,15362.0
2016-09-29,34.687,35.247,34.397,35.107,23974.0
2016-09-30,34.877,36.247,34.867,35.757,32976.0
2016-10-10,36.097,37.167,35.967,37.137,43566.0
2016-10-11,37.167,37.517,36.807,37.067,27155.0
2016-10-12,36.947,36.947,36.617,36.807,14528.0
2016-10-13,36.797,37.017,36.557,36.817,15167.0
2016-10-14,36.617,37.027,36.567,36.827,12527.0
2016-10-17,36.597,37.607,36.567,36.877,24063.0
2016-10-18,36.877,37.657,36.787,37.497,19136.0
2016-10-19,37.477,37.637,37.097,37.467,15879.0
2016-10-20,37.257,37.567,37.067,37.317,11354.0
2016-10-21,37.217,37.317,36.577,36.887,15989.0
2016-10-24,37.317,37.327,36.727,37.087,12797.0
2016-10-25,37.087,38.587,37.037,38.467,29160.0
2016-10-26,38.187,40.427,37.667,38.427,63097.0
2016-10-27,38.617,38.667,37.677,38.057,27664.0
2016-10-28,37.687,38.797,37.687,38.467,26719.0
2016-10-31,38.397,39.127,38.147,38.317,16115.0
2016-11-01,38.547,38.787,38.077,38.787,12456.0
2016-11-02,38.417,38.987,37.677,37.727,17247.0
2016-11-03,37.567,38.157,37.247,37.847,13642.0
2016-11-04,37.847,37.867,36.717,36.847,20718.0
2016-11-07,36.847,37.107,35.717,36.297,21312.0
2016-11-08,36.327,37.417,36.327,37.017,23253.0
2016-11-09,37.017,37.017,35.377,35.867,20223.0
2016-11-10,36.497,37.017,36.317,36.507,15422.0
2016-11-11,36.767,36.957,36.327,36.667,15397.0
2016-11-14,36.667,36.967,35.937,36.357,26841.0
2016-11-15,36.357,37.217,35.967,37.017,18268.0
2016-11-16,36.857,37.017,36.667,36.707,14095.0
2016-11-17,36.367,36.887,36.327,36.767,12423.0
2016-11-18,36.797,36.797,36.177,36.247,13503.0
2016-11-21,36.277,36.757,36.267,36.377,11351.0
2016-11-22,36.517,36.737,36.347,36.437,16818.0
2016-11-23,36.667,37.857,36.537,37.817,39612.0
2016-11-24,36.967,38.247,36.967,37.817,28937.0
2016-11-25,37.687,38.067,37.267,38.037,21620.0
2016-11-28,38.657,39.377,38.217,38.527,46682.0
2016-11-29,38.627,40.527,38.527,40.207,87438.0
2016-11-30,39.727,40.117,38.987,39.167,33156.0
2016-12-01,39.167,39.867,38.767,39.117,27058.0
2016-12-02,39.087,39.087,38.117,38.247,26110.0
2016-12-05,37.867,38.827,37.327,38.207,22217.0
2016-12-06,37.807,40.067,37.807,39.997,36745.0
2016-12-07,40.227,40.367,39.267,39.957,26008.0
2016-12-08,40.167,42.317,39.827,40.467,57863.0
2016-12-09,40.467,41.417,40.167,40.837,43263.0
2016-12-12,40.957,41.367,38.417,38.867,52979.0
2016-12-13,38.967,41.977,38.777,41.377,69275.0
2016-12-14,41.667,42.437,40.967,41.157,61389.0
2016-12-15,41.187,41.637,38.067,38.807,60669.0
2016-12-16,38.567,39.447,37.957,38.957,35691.0
2016-12-19,38.687,41.027,38.447,40.077,48981.0
2016-12-20,39.767,39.967,38.897,39.297,19070.0
2016-12-21,39.117,39.787,38.977,39.127,20784.0
2016-12-22,38.777,39.067,38.247,38.637,20752.0
2016-12-23,38.617,38.617,36.687,37.187,24430.0
2016-12-26,36.217,37.497,36.217,37.467,16446.0
2016-12-27,37.557,37.637,37.167,37.387,11546.0
2016-12-28,37.277,38.297,36.937,37.967,23548.0
2016-12-29,37.797,38.607,37.577,38.077,15871.0
2016-12-30,38.347,39.747,38.347,39.267,26807.0
2017-01-03,39.567,39.737,38.837,39.517,21101.0
2017-01-04,40.147,40.827,39.177,40.687,35037.0
2017-01-05,40.557,40.847,40.367,40.657,21479.0
2017-01-06,40.587,40.817,39.477,39.587,23817.0
2017-01-09,39.507,40.267,39.177,39.417,18573.0
2017-01-10,39.437,40.207,39.417,39.577,15310.0
2017-01-11,39.587,39.657,38.067,38.297,14866.0
2017-01-12,38.617,38.617,37.337,37.447,12289.0
2017-01-13,37.477,37.847,36.187,36.467,19283.0
2017-01-16,36.737,37.167,35.677,36.457,19035.0
2017-01-17,36.447,37.797,36.167,37.727,22927.0
2017-01-18,37.807,39.167,37.397,38.887,26583.0
2017-01-19,38.517,38.817,37.507,37.687,23060.0
2017-01-20,37.717,38.647,37.717,38.487,17826.0
2017-01-23,38.667,39.847,38.567,39.157,21378.0
2017-01-24,39.187,39.557,38.567,38.957,24721.0
2017-01-25,38.917,39.477,38.707,39.477,14367.0
2017-01-26,39.587,39.727,38.747,38.887,11637.0
2017-02-03,39.267,39.627,38.497,38.607,17667.0
2017-02-06,38.507,39.667,38.467,39.467,16333.0
2017-02-07,39.457,39.647,38.677,39.267,15199.0
2017-02-08,38.977,39.817,38.827,39.357,19045.0
2017-02-09,39.357,40.947,39.357,40.447,31647.0
2017-02-10,40.917,44.787,40.407,43.667,79173.0
2017-02-13,45.157,51.167,44.667,49.217,133253.0
2017-02-14,49.487,49.997,48.167,49.817,62026.0
2017-02-15,49.807,50.307,47.667,48.717,42326.0
2017-02-16,48.707,49.247,48.077,48.827,23506.0
2017-02-17,49.117,50.967,48.597,49.187,34372.0
2017-02-20,49.447,53.567,49.217,51.097,64537.0
2017-02-21,51.667,52.957,50.957,51.937,36242.0
2017-02-22,51.937,55.437,51.517,53.607,55075.0
2017-02-23,52.667,55.167,51.547,52.167,33861.0
2017-02-24,52.307,53.237,51.167,51.677,18050.0
2017-02-27,52.067,52.277,49.067,49.197,30753.0
2017-02-28,49.457,50.967,49.347,49.707,32328.0
2017-03-01,50.167,53.167,49.917,51.497,31366.0
2017-03-02,51.517,52.647,50.777,52.417,44594.0
2017-03-03,51.777,52.817,51.547,51.577,26421.0
2017-03-06,51.577,51.697,49.827,51.577,26990.0
2017-03-07,51.667,53.547,51.237,53.467,44661.0
2017-03-08,53.267,53.717,52.187,52.917,24668.0
2017-03-09,52.977,53.357,50.917,51.967,19766.0
2017-03-10,51.937,55.547,51.927,53.867,58779.0
2017-03-13,53.767,56.297,53.367,54.977,27309.0
2017-03-14,55.347,55.927,54.147,55.087,13402.0
2017-03-15,54.667,55.927,54.287,54.467,16291.0
2017-03-16,55.077,55.627,53.367,54.067,22571.0
2017-03-17,54.017,55.457,53.477,53.917,24474.0
2017-03-20,54.257,55.147,53.917,54.837,19537.0
2017-03-21,54.967,58.797,54.817,58.367,43893.0
2017-03-22,57.977,59.067,57.197,58.667,39771.0
2017-03-23,58.687,59.647,56.567,57.407,26494.0
2017-03-24,57.567,58.727,56.867,57.267,21783.0
2017-03-27,57.657,58.117,54.967,55.667,23891.0
2017-03-28,56.167,56.637,54.777,55.717,14861.0
2017-03-29,56.107,57.887,55.727,57.367,21679.0
2017-03-30,58.017,58.017,55.167,55.457,24210.0
2017-03-31,55.477,56.657,54.877,56.047,17339.0
2017-04-05,56.517,57.947,55.347,55.927,36798.0
2017-04-06,55.657,56.157,54.437,54.817,22767.0
2017-04-07,54.767,54.967,53.787,54.027,24920.0
2017-04-10,54.087,54.137,50.677,50.927,35689.0
2017-04-11,51.017,51.917,50.197,51.657,23937.0
2017-04-12,51.557,52.867,50.737,52.567,23089.0
2017-04-13,52.487,54.467,51.697,53.977,28173.0
2017-04-14,53.667,54.157,51.877,52.057,15217.0
2017-04-17,52.067,52.867,50.987,52.397,15246.0
2017-04-18,52.547,55.627,52.367,55.297,32427.0
2017-04-19,55.167,56.237,53.857,54.957,25405.0
2017-04-20,55.367,58.427,54.767,57.177,46410.0
2017-04-21,56.797,57.147,54.467,55.667,30885.0
2017-04-24,55.527,55.527,51.947,52.687,25326.0
2017-04-25,53.437,55.327,53.327,54.557,38005.0
2017-04-26,54.717,57.547,54.147,55.167,55080.0
2017-04-27,55.007,56.307,54.257,56.247,22650.0
2017-04-28,54.667,54.667,47.487,48.667,153350.0
2017-05-02,47.367,48.037,46.667,47.477,61898.0
2017-05-03,47.657,49.447,47.657,48.657,45910.0
2017-05-04,48.767,50.967,48.427,49.947,36190.0
2017-05-05,49.977,50.477,49.277,50.097,31946.0
2017-05-08,50.167,50.667,48.477,49.187,29803.0
2017-05-09,49.517,50.057,48.547,49.467,25071.0
2017-05-10,49.657,51.137,49.197,50.457,24221.0
2017-05-11,50.167,51.367,49.877,51.267,27702.0
2017-05-12,51.167,51.647,50.467,51.567,16759.0
2017-05-15,51.867,52.657,51.567,51.937,15968.0
2017-05-16,52.067,53.147,51.887,52.947,31271.0
2017-05-17,53.047,53.597,51.777,51.897,25982.0
2017-05-18,51.607,52.277,51.197,51.347,20353.0
2017-05-19,51.367,51.967,51.017,51.367,14933.0
2017-05-22,51.967,52.947,51.367,52.167,19608.0
2017-05-23,52.387,56.037,52.277,55.077,44015.0
2017-05-24,54.697,55.267,53.177,54.957,24391.0
2017-05-25,54.917,55.567,54.317,55.067,13351.0
2017-05-26,55.567,55.927,54.237,55.627,18296.0
2017-05-31,55.587,55.867,53.967,55.867,21654.0
2017-06-01,55.347,55.847,54.667,55.677,16747.0
2017-06-02,55.967,56.227,54.217,54.897,22330.0
2017-06-05,55.257,55.397,52.867,53.007,15706.0
2017-06-06,53.067,54.007,52.717,53.907,14973.0
2017-06-07,54.347,55.777,53.877,55.687,40236.0
2017-06-08,55.687,57.547,55.047,56.467,31163.0
2017-06-09,56.067,59.667,55.967,57.587,38293.0
2017-06-12,58.167,61.567,58.167,60.167,49559.0
2017-06-13,60.337,60.337,57.677,59.517,23591.0
2017-06-14,59.517,60.887,58.467,59.117,24248.0
2017-06-15,58.837,59.097,55.667,56.237,42832.0
2017-06-16,56.617,57.407,54.797,56.057,42984.0
2017-06-19,56.057,57.117,55.167,55.937,30458.0
2017-06-20,56.097,56.347,54.677,55.077,28353.0
2017-06-21,55.317,57.547,54.957,57.547,40054.0
2017-06-22,57.567,57.747,56.467,57.097,41148.0
2017-06-23,56.777,57.407,56.067,57.167,24348.0
2017-06-26,57.197,59.617,57.187,58.947,41362.0
2017-06-27,59.087,59.317,58.177,59.017,19035.0
2017-06-28,59.017,59.147,57.427,58.167,21895.0
2017-06-29,58.197,58.487,56.357,57.057,25642.0
2017-06-30,56.537,57.757,56.277,57.577,17681.0
2017-07-03,57.917,57.937,54.787,55.917,30227.0
2017-07-04,55.407,55.417,54.037,54.927,31281.0
2017-07-05,54.927,56.027,54.567,55.767,16473.0
2017-07-06,55.777,56.097,54.667,56.067,22589.0
2017-07-07,55.767,55.767,54.557,55.407,27093.0
2017-07-10,55.387,55.967,54.507,55.747,23055.0
2017-07-11,55.217,56.567,54.837,55.767,27761.0
2017-07-12,56.167,56.167,54.447,54.867,31457.0
2017-07-13,54.867,55.637,53.767,54.067,26621.0
2017-07-14,54.057,54.447,53.167,54.247,15101.0
2017-07-17,54.247,54.827,51.267,53.747,25509.0
2017-07-18,53.717,53.907,52.147,53.267,16672.0
2017-07-19,53.367,54.747,53.267,54.557,25794.0
2017-07-20,54.657,55.827,54.187,55.467,24084.0
2017-07-21,55.557,57.657,55.177,57.087,43877.0
2017-07-24,56.537,58.997,56.537,58.767,50997.0
2017-07-25,58.767,58.957,57.157,58.567,29457.0
2017-07-26,58.507,58.647,55.817,56.167,21775.0
2017-07-27,56.667,57.437,56.097,56.397,22845.0
2017-07-28,56.717,61.067,56.397,60.867,69513.0
2017-07-31,60.597,63.207,59.757,60.167,91136.0
2017-08-01,60.337,61.017,58.667,60.137,30845.0
2017-08-02,59.667,60.667,57.647,57.667,31881.0
2017-08-03,57.747,58.517,57.047,57.467,19951.0
2017-08-04,57.717,58.447,56.007,58.167,26190.0
2017-08-07,57.947,60.367,57.317,60.017,56089.0
2017-08-08,60.367,60.967,58.367,58.807,24120.0
2017-08-09,59.027,63.637,58.787,62.257,70772.0
2017-08-10,62.207,64.757,61.777,64.017,63050.0
2017-08-11,63.567,64.247,60.067,61.047,33940.0
2017-08-14,61.767,65.367,59.667,59.867,63557.0
2017-08-15,60.767,63.067,60.057,61.537,33610.0
2017-08-16,61.427,63.067,59.767,59.867,38119.0
2017-08-17,60.077,61.247,58.447,58.947,37983.0
2017-08-18,58.267,59.257,58.147,59.067,21798.0
2017-08-21,58.267,60.247,57.167,58.367,38113.0
2017-08-22,59.767,59.927,57.277,58.067,51135.0
2017-08-23,57.557,59.817,57.417,59.767,24843.0
2017-08-24,59.757,59.757,58.647,58.897,17542.0
2017-08-25,58.937,60.267,57.767,59.917,29920.0
2017-08-28,60.007,62.487,59.947,60.277,56836.0
2017-08-29,60.337,62.367,59.867,62.167,27995.0
2017-08-30,61.927,62.417,61.367,62.247,22477.0
2017-08-31,62.547,62.687,58.367,60.117,49289.0
2017-09-01,59.867,60.477,57.767,58.667,51903.0
2017-09-04,58.767,59.187,58.267,58.517,23572.0
2017-09-05,58.547,59.687,58.367,59.457,29986.0
2017-09-06,59.467,59.917,58.417,58.567,21223.0
2017-09-07,59.097,59.097,57.757,57.927,23214.0
2017-09-08,57.887,58.237,56.167,56.667,25297.0
2017-09-11,56.657,57.477,55.777,57.217,27282.0
2017-09-12,57.567,58.767,57.067,58.317,22576.0
2017-09-13,58.117,60.447,58.067,59.827,35854.0
2017-09-14,59.557,59.707,58.427,58.687,17957.0
2017-09-15,58.437,59.627,58.437,58.637,17789.0
2017-09-18,59.597,60.487,58.567,58.927,75681.0
2017-09-19,59.267,61.767,59.267,60.267,71906.0
2017-09-20,65.767,69.147,63.867,65.767,141217.0
2017-09-21,66.017,68.247,66.017,67.607,66657.0
2017-09-22,66.797,67.967,65.277,67.597,65213.0
2017-09-25,67.587,72.267,67.017,71.197,101215.0
2017-09-26,70.597,72.417,69.817,70.847,52135.0
2017-09-27,70.317,73.367,70.047,71.067,50028.0
2017-09-28,70.797,76.147,70.767,74.177,53677.0
2017-09-29,74.317,76.567,71.187,72.267,48567.0
2017-10-09,73.647,77.047,69.957,70.767,94868.0
2017-10-10,72.767,74.147,70.147,73.667,109391.0
2017-10-11,73.667,78.767,71.687,78.767,71178.0
2017-10-12,79.167,80.727,76.267,76.647,52841.0
2017-10-13,76.757,77.637,75.727,76.667,36846.0
2017-10-16,76.687,79.117,75.047,75.247,44880.0
2017-10-17,74.917,76.247,74.367,76.127,35938.0
2017-10-18,76.127,81.407,75.467,81.397,52041.0
2017-10-19,82.267,88.757,81.447,87.347,65491.0
2017-10-20,86.167,86.567,82.947,84.757,56293.0
2017-10-23,84.817,87.937,79.767,87.107,69512.0
2017-10-24,86.127,89.147,84.947,88.727,58201.0
2017-10-25,88.767,88.777,85.637,86.647,38614.0
2017-10-26,89.767,93.427,85.567,86.777,90376.0
2017-10-27,85.997,89.157,84.457,87.777,72857.0
2017-10-30,85.767,85.767,79.467,83.757,132116.0
2017-10-31,82.767,84.667,80.247,81.007,57256.0
2017-11-01,81.017,85.057,81.017,83.967,72311.0
2017-11-02,83.967,86.757,83.417,84.977,49065.0
2017-11-03,84.247,86.267,83.507,83.867,41096.0
2017-11-06,84.447,89.517,82.767,87.767,67131.0
2017-11-07,88.117,91.397,85.687,85.937,65206.0
2017-11-08,86.617,87.347,80.967,83.057,103293.0
2017-11-09,83.047,84.767,79.337,83.747,62916.0
2017-11-10,82.747,87.277,80.777,86.667,83184.0
2017-11-13,87.437,88.267,84.787,85.757,49592.0
2017-11-14,85.917,86.167,80.367,80.757,86197.0
2017-11-15,82.007,83.617,80.067,82.847,57125.0
2017-11-16,82.767,86.647,82.767,85.857,76823.0
2017-11-17,84.207,86.587,81.517,86.327,79469.0
2017-11-20,86.167,86.297,80.367,84.767,63217.0
2017-11-21,85.767,92.067,83.777,92.067,109413.0
2017-11-22,92.777,94.717,85.747,86.367,89798.0
2017-11-23,84.267,84.267,81.767,82.497,66140.0
2017-11-24,82.147,83.617,77.267,82.857,75257.0
2017-11-27,82.267,82.267,77.067,79.497,69529.0
2017-11-28,79.167,81.247,77.597,79.237,49810.0
2017-11-29,80.257,80.317,73.767,75.617,62411.0
2017-11-30,75.277,76.267,72.837,74.737,36960.0
2017-12-01,75.057,77.217,74.277,75.837,34388.0
2017-12-04,75.877,79.237,74.267,78.627,44309.0
2017-12-05,78.567,81.067,77.787,80.117,50465.0
2017-12-06,80.467,80.627,77.537,79.767,40380.0
2017-12-07,79.067,80.777,76.467,77.267,24899.0
2017-12-08,77.247,79.267,76.287,78.897,25160.0
2017-12-11,78.667,81.767,78.667,81.767,44056.0
2017-12-12,81.787,84.337,81.327,83.247,40939.0
2017-12-13,84.067,85.877,82.267,85.877,45309.0
2017-12-14,86.057,86.297,83.697,85.257,25207.0
2017-12-15,84.387,86.017,82.417,82.867,32927.0
2017-12-18,83.987,86.047,82.367,83.117,40134.0
2017-12-19,83.277,86.267,82.977,84.777,36930.0
2017-12-20,85.547,89.757,84.127,88.717,58941.0
2017-12-21,88.387,91.357,86.877,89.867,52891.0
2017-12-22,89.867,91.267,87.467,88.017,30183.0
2017-12-25,89.257,91.197,87.847,89.697,31735.0
2017-12-26,88.447,89.487,85.767,86.577,36248.0
2017-12-27,86.867,87.567,83.207,83.957,40251.0
2017-12-28,86.447,90.597,84.877,88.987,73335.0
2017-12-29,90.647,90.767,84.947,85.767,55206.0
2018-01-02,86.967,87.187,85.017,86.767,36006.0
2018-01-03,86.687,87.817,84.877,86.017,54049.0
2018-01-04,86.637,92.877,86.127,91.767,71915.0
2018-01-05,92.167,94.267,90.117,93.747,53654.0
2018-01-08,92.967,98.537,91.967,97.087,46252.0
2018-01-09,96.447,105.147,95.827,101.917,69485.0
2018-01-10,100.357,109.787,100.357,109.667,74872.0
2018-01-11,109.657,109.767,104.107,106.567,56287.0
2018-01-12,105.767,107.837,104.267,107.747,50338.0
2018-01-15,107.267,108.597,104.447,105.777,54578.0
2018-01-16,104.437,109.267,102.477,104.567,65864.0
2018-01-17,104.107,105.247,98.327,99.737,63628.0
2018-01-18,100.127,103.877,99.177,101.997,53316.0
2018-01-19,101.077,102.207,98.867,100.757,52231.0
2018-01-22,103.767,106.267,102.267,104.667,69089.0
2018-01-23,104.647,107.767,102.877,107.047,67902.0
2018-01-24,106.867,107.247,103.777,104.117,46129.0
2018-01-25,104.877,105.467,100.037,101.517,56545.0
2018-01-26,102.487,103.207,100.897,102.707,36718.0
2018-01-29,104.047,104.267,97.777,98.537,60272.0
2018-01-30,97.747,99.047,94.937,95.757,45768.0
2018-01-31,97.267,101.377,97.267,100.717,43666.0
2018-02-01,99.287,102.037,97.757,100.477,40656.0
2018-02-02,99.367,101.887,96.617,99.717,32220.0
2018-02-05,97.127,97.127,87.887,92.657,77021.0
2018-02-06,87.767,93.317,86.767,92.537,74414.0
2018-02-07,93.627,98.627,86.767,89.697,70908.0
2018-02-08,89.567,96.067,88.767,95.757,56317.0
2018-02-09,92.267,94.567,87.967,93.817,50026.0
2018-02-12,93.877,98.617,93.877,96.377,55317.0
2018-02-13,96.757,98.747,94.027,94.067,47325.0
2018-02-14,93.787,96.647,93.767,95.567,33352.0
2018-02-22,97.557,102.367,97.337,102.067,43494.0
2018-02-23,103.267,103.717,99.647,101.567,32803.0
2018-02-26,102.767,102.767,98.567,99.547,34635.0
2018-02-27,100.767,100.767,96.777,97.977,30546.0
2018-02-28,90.767,93.947,86.767,88.757,130020.0
2018-03-01,88.767,92.627,87.367,92.047,42581.0
2018-03-02,90.767,92.237,88.817,90.467,20393.0
2018-03-05,90.467,92.257,86.767,87.697,40051.0
2018-03-06,88.357,88.617,81.347,85.767,59132.0
2018-03-07,85.477,88.257,83.267,84.067,45863.0
2018-03-08,85.167,87.737,83.367,87.587,41298.0
2018-03-09,87.527,88.747,86.727,88.517,32881.0
2018-03-12,89.647,89.647,84.167,86.237,71876.0
2018-03-13,85.747,85.747,82.767,82.967,50621.0
2018-03-14,82.977,84.547,82.567,83.867,45153.0
2018-03-15,83.767,86.317,83.767,85.267,36974.0
2018-03-16,85.967,86.567,83.767,83.807,27359.0
2018-03-19,84.247,85.417,82.667,83.597,28220.0
2018-03-20,83.117,83.967,82.147,83.167,24804.0
2018-03-21,83.237,85.757,83.167,84.667,30702.0
2018-03-22,84.657,84.657,81.467,81.837,34325.0
2018-03-23,77.767,79.697,76.067,78.017,31721.0
2018-03-26,78.017,78.367,74.767,75.877,44983.0
2018-03-27,77.377,78.387,76.337,77.947,43136.0
2018-03-28,76.427,77.267,70.887,71.267,47424.0
2018-03-29,71.827,78.707,69.997,78.617,61270.0
2018-03-30,78.297,80.767,76.657,78.757,32953.0
2018-04-02,77.047,78.617,75.567,75.767,34947.0
2018-04-03,75.467,78.467,74.567,74.937,47662.0
2018-04-04,75.427,84.647,75.427,82.207,75528.0
2018-04-09,82.067,84.507,79.977,80.627,41136.0
2018-04-10,82.317,83.337,79.727,83.047,38453.0
2018-04-11,83.267,84.257,80.647,80.897,27237.0
2018-04-12,81.517,81.607,78.997,80.477,20791.0
2018-04-13,81.557,82.097,78.317,78.847,28907.0
2018-04-16,79.767,80.977,78.837,80.587,32098.0
2018-04-17,80.587,82.067,75.877,76.977,28205.0
2018-04-18,77.037,80.737,76.677,78.597,30561.0
2018-04-19,79.767,82.367,78.327,80.447,26195.0
2018-04-20,80.757,85.137,79.767,82.767,38725.0
2018-04-23,83.267,84.477,80.667,81.757,29429.0
2018-04-24,81.967,85.667,81.967,85.087,30667.0
2018-04-25,84.377,85.567,83.397,83.767,23365.0
2018-04-26,84.537,84.557,81.367,81.517,15732.0
2018-04-27,85.767,87.767,82.667,82.927,68252.0
2018-05-02,84.817,87.717,83.137,86.807,45790.0
2018-05-03,87.167,93.297,84.877,92.777,46118.0
2018-05-04,92.267,96.267,91.767,94.777,58239.0
2018-05-07,94.927,102.077,94.777,101.747,64657.0
2018-05-08,101.207,105.267,99.407,102.287,65692.0
2018-05-09,102.267,102.267,99.737,101.367,27706.0
2018-05-10,100.387,103.947,100.367,100.777,42544.0
2018-05-11,102.347,105.097,98.447,100.767,45248.0
2018-05-14,102.317,104.047,100.967,102.767,33238.0
2018-05-15,102.967,103.967,99.917,103.767,35181.0
2018-05-16,103.647,105.037,100.857,101.967,29504.0
2018-05-17,102.097,102.767,100.477,101.467,28784.0
2018-05-18,101.787,102.257,95.287,100.277,38335.0
2018-05-21,101.057,102.217,98.657,99.767,31522.0
2018-05-22,100.547,100.757,96.517,100.087,25710.0
2018-05-23,99.347,100.327,97.817,97.977,25137.0
2018-05-24,98.527,99.247,96.047,96.767,25426.0
2018-05-25,97.217,102.567,97.217,99.767,50482.0
2018-05-28,99.767,107.867,99.467,107.117,55544.0
2018-05-29,105.437,112.957,105.437,106.547,59136.0
2018-05-30,105.447,110.967,103.867,109.717,52063.0
2018-05-31,110.257,115.767,107.647,114.447,63125.0
2018-06-01,113.367,114.347,108.567,110.547,37916.0
2018-06-04,111.367,113.147,108.467,112.117,39395.0
2018-06-05,112.167,115.757,109.877,113.097,34856.0
2018-06-06,112.167,119.207,112.167,114.767,45605.0
2018-06-07,116.667,118.237,113.777,116.647,39635.0
2018-06-08,115.207,115.757,108.777,112.567,49540.0
2018-06-11,112.567,114.017,109.667,111.267,38937.0
2018-06-12,112.467,120.447,111.957,120.267,54438.0
2018-06-13,119.697,120.567,116.217,117.877,36505.0
2018-06-14,118.267,119.567,112.267,113.967,38895.0
2018-06-15,115.347,116.267,113.067,113.767,38767.0
2018-06-19,112.417,115.167,107.867,108.967,44894.0
2018-06-20,110.227,116.947,109.767,116.787,55587.0
2018-06-21,116.767,117.257,112.867,113.757,45935.0
2018-06-22,112.317,113.617,110.317,112.817,27039.0
2018-06-25,113.317,117.817,112.837,114.817,46560.0
2018-06-26,114.317,118.267,110.327,111.647,46885.0
2018-06-27,111.317,113.757,102.837,103.387,44333.0
2018-06-28,101.317,105.607,97.817,101.517,52186.0
2018-06-29,103.207,106.697,99.317,104.917,36627.0
2018-07-02,105.117,109.947,103.357,106.287,33289.0
2018-07-03,104.657,105.917,93.377,98.417,97734.0
2018-07-04,99.817,103.087,98.327,99.137,65103.0
2018-07-05,99.417,104.097,99.217,99.617,39120.0
2018-07-06,101.817,103.347,98.387,101.677,38131.0
2018-07-09,104.217,106.197,101.317,105.347,39314.0
2018-07-10,105.517,107.267,102.447,104.857,35996.0
2018-07-11,100.217,104.307,100.217,102.127,28287.0
2018-07-12,102.527,106.107,102.007,105.817,28277.0
2018-07-13,106.267,109.977,104.347,109.317,43406.0
2018-07-16,109.327,112.817,108.917,110.097,38581.0
2018-07-17,110.607,110.607,106.897,109.317,27130.0
2018-07-18,109.307,110.057,105.217,105.717,27763.0
2018-07-19,105.627,106.687,103.637,104.847,29386.0
2018-07-20,105.327,106.817,103.437,105.577,47982.0
2018-07-23,105.127,105.817,102.317,103.217,28100.0
2018-07-24,103.417,107.427,101.817,107.127,35993.0
2018-07-25,107.317,108.477,106.347,107.537,32577.0
2018-07-26,107.537,107.537,103.367,103.967,28322.0
2018-07-27,103.367,108.797,103.367,107.427,43350.0
2018-07-30,106.897,107.417,102.487,105.747,37027.0
2018-07-31,104.327,104.737,101.667,101.667,31915.0
2018-08-01,102.787,103.667,98.317,98.617,28339.0
2018-08-02,98.817,98.817,90.567,92.717,53229.0
2018-08-03,93.317,93.817,89.317,90.947,34133.0
2018-08-06,91.967,91.967,86.427,87.147,34254.0
2018-08-07,87.317,90.797,84.347,90.517,63198.0
2018-08-08,89.807,89.807,84.817,86.757,47375.0
2018-08-09,85.317,91.297,84.817,90.217,40307.0
2018-08-10,89.897,92.407,88.867,89.787,25781.0
2018-08-13,88.647,89.047,83.907,86.517,46800.0
2018-08-14,86.847,90.087,86.847,88.717,42159.0
2018-08-15,89.117,89.217,82.457,83.017,49435.0
2018-08-16,81.397,85.017,77.197,77.557,80544.0
2018-08-17,79.797,80.817,78.167,78.417,69431.0
2018-08-20,80.447,81.897,78.817,81.817,54123.0
2018-08-21,83.317,87.567,82.247,86.917,43165.0
2018-08-22,86.317,87.247,84.397,85.027,25045.0
2018-08-23,86.297,86.897,83.157,85.317,31888.0
2018-08-24,85.217,85.217,81.367,82.167,43505.0
2018-08-27,83.317,88.617,82.247,88.517,83498.0
2018-08-28,88.817,89.687,85.617,86.897,53759.0
2018-08-29,88.197,88.317,84.517,86.317,37982.0
2018-08-30,88.317,92.217,88.017,89.317,84972.0
2018-08-31,89.317,89.317,85.327,88.647,63263.0
2018-09-03,86.817,88.107,85.317,87.167,37550.0
2018-09-04,87.517,88.997,86.197,88.387,48964.0
2018-09-05,88.197,89.707,86.877,88.247,40408.0
2018-09-06,86.617,88.087,81.517,82.517,57047.0
2018-09-07,83.577,86.117,81.817,83.647,62961.0
2018-09-10,83.317,83.527,79.597,82.357,35753.0
2018-09-11,81.687,83.397,80.397,81.717,28285.0
2018-09-12,80.517,81.417,77.227,78.317,39744.0
2018-09-13,80.167,80.667,75.817,77.717,64544.0
2018-09-14,78.337,82.917,77.027,80.967,58760.0
2018-09-17,80.967,85.317,80.017,85.217,50152.0
2018-09-18,83.317,87.817,82.857,86.837,54569.0
2018-09-19,86.317,92.817,85.907,91.417,55181.0
2018-09-20,91.407,92.617,89.127,90.617,37872.0
2018-09-21,91.217,99.087,91.217,98.117,57278.0
2018-09-25,97.917,98.837,94.527,95.217,34356.0
2018-09-26,96.487,103.607,95.917,100.817,82213.0
2018-09-27,100.817,101.317,98.267,100.887,54028.0
2018-09-28,100.807,102.817,97.937,101.317,42745.0
2018-10-08,97.917,98.797,92.247,94.267,74930.0
2018-10-09,94.317,95.547,92.477,94.317,50151.0
2018-10-10,93.847,94.417,86.117,86.817,98442.0
2018-10-11,81.617,87.917,81.217,84.317,90387.0
2018-10-12,85.067,90.327,85.067,88.687,90649.0
2018-10-15,89.277,89.337,84.667,85.587,53564.0
2018-10-16,85.567,88.767,84.827,86.907,37995.0
2018-10-17,88.717,89.317,82.317,86.277,46166.0
2018-10-18,84.257,86.257,80.817,82.827,51916.0
2018-10-19,81.667,90.307,81.667,89.267,60787.0
2018-10-22,92.317,96.987,92.127,94.907,59009.0
2018-10-23,95.317,95.317,82.747,83.217,153997.0
2018-10-24,80.307,81.017,75.207,77.567,149444.0
2018-10-25,73.817,75.167,71.717,74.517,95033.0
2018-10-26,75.317,76.187,68.337,69.317,117077.0
2018-10-29,62.817,62.917,59.717,59.717,96005.0
2018-10-30,56.317,60.317,55.197,58.117,215068.0
2018-10-31,58.697,62.197,58.047,61.707,120095.0
2018-11-01,64.297,70.117,63.417,67.557,152077.0
2018-11-02,71.077,76.117,69.437,73.997,130568.0
2018-11-05,73.317,73.317,68.177,70.977,102625.0
2018-11-06,70.817,70.817,66.917,68.867,56588.0
2018-11-07,69.327,70.677,67.417,68.737,45550.0
2018-11-08,70.017,70.697,68.287,68.417,50351.0
2018-11-09,66.787,68.807,66.447,68.257,33275.0
2018-11-12,67.157,67.217,64.317,66.687,58587.0
2018-11-13,65.217,71.997,64.817,70.747,85218.0
2018-11-14,70.647,70.647,67.017,67.697,75570.0
2018-11-15,67.617,68.677,67.247,68.397,47295.0
2018-11-16,68.287,70.197,67.667,68.867,54502.0
2018-11-19,68.597,71.857,68.217,71.217,59610.0
2018-11-20,70.317,70.317,68.847,68.847,27694.0
2018-11-21,67.217,71.397,66.897,70.357,49454.0
2018-11-22,70.817,71.317,69.717,70.997,34511.0
2018-11-23,71.217,71.317,68.577,68.817,26273.0
2018-11-26,69.817,69.817,67.517,67.857,24776.0
2018-11-27,68.787,68.787,66.017,66.817,24711.0
2018-11-28,67.867,70.297,67.197,70.227,39898.0
2018-11-29,71.767,73.927,70.807,70.867,48825.0
2018-11-30,71.867,74.387,70.317,73.497,75626.0
2018-12-03,77.317,78.837,75.627,76.687,80720.0
2018-12-04,76.817,77.867,75.497,77.117,34713.0
2018-12-05,75.617,78.647,75.317,77.327,46125.0
2018-12-06,75.257,76.617,72.917,73.237,40633.0
2018-12-07,73.627,76.787,73.627,75.597,38128.0
2018-12-10,73.817,75.087,71.107,71.717,43491.0
2018-12-11,71.717,73.197,71.517,72.667,38177.0
2018-12-12,74.647,74.657,71.897,72.757,26996.0
2018-12-13,72.807,76.117,72.267,75.537,46848.0
2018-12-14,74.807,75.717,73.317,74.417,29297.0
2018-12-17,71.367,73.017,70.317,72.597,50146.0
2018-12-18,71.217,72.597,70.827,72.107,33695.0
2018-12-19,71.727,72.917,70.717,71.017,34600.0
2018-12-20,70.317,70.707,67.517,68.317,43657.0
2018-12-21,67.707,67.917,65.007,66.817,54959.0
2018-12-24,66.317,68.017,64.947,66.817,27834.0
2018-12-25,65.247,66.967,65.207,66.937,28856.0
2018-12-26,66.327,67.807,65.987,66.257,26033.0
2018-12-27,67.517,68.087,65.817,65.817,45546.0
2018-12-28,66.317,68.657,65.327,68.037,53101.0
2019-01-02,68.867,69.977,64.027,64.417,61418.0
2019-01-03,64.317,64.317,60.967,62.207,56797.0
2019-01-04,61.317,64.117,60.917,63.677,47796.0
2019-01-07,64.627,65.317,62.667,62.707,68930.0
2019-01-08,62.817,64.517,62.697,64.167,61204.0
2019-01-09,65.517,68.497,64.897,66.717,69329.0
2019-01-10,66.967,67.117,64.817,65.507,37714.0
2019-01-11,65.807,67.367,64.527,67.317,51611.0
2019-01-14,66.897,66.897,65.197,66.237,38292.0
2019-01-15,66.317,71.217,65.537,71.217,75431.0
2019-01-16,70.977,71.967,69.777,70.167,44154.0
2019-01-17,71.117,72.367,69.527,70.827,33877.0
2019-01-18,71.217,74.017,70.817,73.317,60096.0
2019-01-21,73.397,76.817,73.397,74.437,62265.0
2019-01-22,73.817,73.817,71.287,72.067,29323.0
2019-01-23,71.797,73.007,70.827,72.297,26627.0
2019-01-24,72.567,73.017,71.117,72.377,25211.0
2019-01-25,72.307,73.067,70.767,71.977,39783.0
2019-01-28,73.317,75.777,72.317,73.017,60744.0
2019-01-29,73.317,73.357,70.697,72.317,53590.0
2019-01-30,71.817,72.917,68.977,69.097,61129.0
2019-01-31,69.307,69.617,66.867,67.817,99861.0
2019-02-01,68.797,72.807,67.817,72.317,96369.0
2019-02-11,72.327,77.377,70.967,77.207,124802.0
2019-02-12,77.127,78.297,75.827,76.657,79060.0
2019-02-13,77.217,77.817,74.617,77.067,87080.0
2019-02-14,76.967,82.767,76.317,82.657,131624.0
2019-02-15,81.317,81.857,78.817,79.127,60460.0
2019-02-18,80.237,83.117,79.817,82.397,77063.0
2019-02-19,82.407,84.517,80.327,81.137,68589.0
2019-02-20,82.317,83.217,79.317,81.237,61120.0
2019-02-21,81.307,81.747,79.167,79.317,51914.0
2019-02-22,79.307,79.657,77.437,79.637,44943.0
2019-02-25,79.707,84.487,78.757,83.497,98062.0
2019-02-26,83.317,84.307,81.507,81.527,80212.0
2019-02-27,82.617,87.527,82.007,83.217,96946.0
2019-02-28,82.257,87.317,80.737,84.367,90084.0
2019-03-01,87.887,89.207,85.887,88.717,74353.0
2019-03-04,90.827,97.717,88.627,94.117,105850.0
2019-03-05,95.617,96.317,91.317,93.117,63593.0
2019-03-06,92.317,93.407,91.317,92.847,51253.0
2019-03-07,91.817,91.827,86.997,88.767,86165.0
2019-03-08,84.317,86.617,83.707,84.577,94176.0
2019-03-11,85.317,88.197,84.427,87.317,70904.0
2019-03-12,87.687,87.917,84.627,85.407,94719.0
2019-03-13,85.257,86.587,83.517,84.027,61193.0
2019-03-14,84.117,87.197,82.317,83.607,88420.0
2019-03-15,84.727,87.767,82.977,85.647,99320.0
2019-03-18,86.427,94.897,86.427,93.047,133828.0
2019-03-19,91.317,92.317,89.707,90.817,81657.0
2019-03-20,90.017,94.287,89.757,91.257,85332.0
2019-03-21,91.217,92.217,88.847,92.037,69464.0
2019-03-22,92.217,95.067,90.277,92.237,67581.0
2019-03-25,90.057,91.117,86.967,87.217,72258.0
2019-03-26,88.117,89.197,85.827,86.507,75746.0
2019-03-27,87.297,91.497,86.537,91.237,79337.0
2019-03-28,91.497,94.757,90.557,92.017,103201.0
2019-03-29,94.217,103.887,93.417,103.737,188985.0
2019-04-01,102.317,103.707,100.117,102.427,158441.0
2019-04-02,102.317,102.617,97.547,98.417,137298.0
2019-04-03,96.817,98.517,95.667,97.047,106314.0
2019-04-04,96.897,99.797,95.817,98.317,144342.0
2019-04-08,101.117,101.717,94.177,95.357,145381.0
2019-04-09,95.417,97.467,94.097,97.417,112558.0
2019-04-10,95.837,101.337,95.017,101.317,174974.0
2019-04-11,101.117,101.117,93.027,93.297,156571.0
2019-04-12,92.257,94.647,90.527,94.617,89829.0
2019-04-15,96.647,97.587,93.217,93.247,77487.0
2019-04-16,92.657,94.657,90.817,94.517,69620.0
2019-04-17,94.397,94.667,91.917,93.417,93435.0
2019-04-18,93.297,96.817,92.447,95.307,86757.0
2019-04-19,95.167,97.197,93.197,96.507,59762.0
2019-04-22,97.047,99.817,93.877,94.807,84491.0
2019-04-23,94.817,96.637,92.587,95.087,80449.0
2019-04-24,95.567,96.917,92.917,94.087,68797.0
2019-04-25,93.237,94.927,91.947,92.047,54636.0
2019-04-26,91.997,93.807,89.827,90.517,85218.0
2019-04-29,90.217,95.557,89.927,93.567,89068.0
2019-04-30,91.317,94.817,90.277,90.977,86508.0
2019-05-06,87.317,87.757,81.817,82.227,113705.0
2019-05-07,83.317,87.967,83.317,86.967,94473.0
2019-05-08,86.277,89.967,84.697,87.307,64942.0
2019-05-09,86.317,86.317,81.917,83.797,67266.0
2019-05-10,85.197,88.767,83.897,87.907,57749.0
2019-05-13,86.817,88.817,84.537,86.497,52563.0
2019-05-14,84.397,86.647,84.217,85.217,50319.0
2019-05-15,87.327,95.277,87.327,94.407,160522.0
2019-05-16,94.307,95.577,92.317,94.477,101082.0
2019-05-17,94.967,96.617,92.007,92.697,75273.0
2019-05-20,92.067,94.217,87.757,91.867,76788.0
2019-05-21,91.787,92.817,87.467,91.187,86197.0
2019-05-22,91.117,92.017,88.487,89.497,54333.0
2019-05-23,88.317,89.297,85.487,85.667,61741.0
2019-05-24,86.347,89.167,86.347,88.167,51499.0
2019-05-27,88.167,89.167,86.517,88.927,54216.0
2019-05-28,88.307,90.817,87.837,90.817,61361.0
2019-05-29,89.517,91.517,88.647,90.087,47707.0
2019-05-30,90.227,91.317,87.897,88.697,41724.0
2019-05-31,89.207,89.757,86.847,87.677,33746.0
2019-06-03,87.617,89.787,86.387,87.017,34852.0
2019-06-04,86.957,87.317,84.017,84.537,59684.0
2019-06-05,85.517,86.317,84.417,85.177,37972.0
2019-06-06,85.317,86.117,83.917,85.017,29943.0
2019-06-10,85.047,86.997,82.627,86.717,41930.0
2019-06-11,87.207,91.297,86.617,90.597,67884.0
2019-06-12,90.317,90.897,87.877,89.207,38931.0
2019-06-13,89.317,89.437,86.767,87.287,52040.0
2019-06-14,87.417,88.547,86.877,87.167,32196.0
2019-06-17,86.507,88.067,85.917,87.257,36174.0
2019-06-18,87.257,87.997,85.897,87.837,38280.0
2019-06-19,90.137,90.817,88.297,88.757,47716.0
2019-06-20,89.317,93.287,88.897,92.387,80763.0
2019-06-21,91.817,94.327,91.317,93.427,85480.0
2019-06-24,93.427,96.087,92.727,94.927,73731.0
2019-06-25,95.207,95.987,92.127,94.467,51124.0
2019-06-26,94.117,95.117,93.327,94.207,34272.0
2019-06-27,94.817,98.517,93.867,97.237,104389.0
2019-06-28,97.247,99.467,96.337,98.077,46918.0
2019-07-01,100.637,108.437,100.617,106.437,109384.0
2019-07-02,106.517,111.017,105.497,110.097,101125.0
2019-07-03,109.817,115.017,107.017,108.097,127488.0
2019-07-04,108.097,108.837,103.177,103.727,115676.0
2019-07-05,104.627,107.567,103.737,105.897,74425.0
2019-07-08,105.347,107.017,103.127,105.497,86215.0
2019-07-09,104.537,108.827,103.617,105.867,78250.0
2019-07-10,106.287,108.357,104.417,105.567,43709.0
2019-07-11,106.617,107.647,104.197,104.527,59649.0
2019-07-12,105.527,108.397,104.737,107.597,66820.0
2019-07-15,106.517,106.517,103.317,105.347,78301.0
2019-07-16,105.077,105.867,102.777,103.647,46271.0
2019-07-17,103.867,104.467,102.367,102.817,34912.0
2019-07-18,102.827,103.517,100.347,100.617,37296.0
2019-07-19,101.447,103.907,99.917,102.497,44732.0
2019-07-22,102.757,104.117,101.517,102.537,34936.0
2019-07-23,102.867,102.867,98.017,99.017,76713.0
2019-07-24,99.867,100.017,97.297,97.577,98238.0
2019-07-25,97.817,98.217,95.507,98.107,66999.0
2019-07-26,98.017,98.477,96.727,96.817,53751.0
2019-07-29,97.477,97.797,96.247,97.107,53554.0
2019-07-30,97.327,97.797,95.787,96.197,58199.0
2019-07-31,96.107,96.517,93.027,93.027,100327.0
2019-08-01,92.907,92.917,89.317,90.147,114928.0
2019-08-02,87.767,87.767,84.917,86.137,177277.0
2019-08-05,84.327,84.517,81.517,81.517,146102.0
2019-08-06,79.487,84.107,79.017,83.847,132011.0
2019-08-07,84.267,84.307,81.817,82.097,71754.0
2019-08-08,82.867,84.037,82.117,82.317,72766.0
2019-08-09,83.397,83.417,80.437,80.847,51885.0
2019-08-12,82.217,82.987,81.017,82.767,54594.0
2019-08-13,82.057,82.487,80.667,81.017,44253.0
2019-08-14,82.417,83.927,82.297,82.507,73034.0
2019-08-15,80.697,81.167,78.817,81.037,66587.0
2019-08-16,81.177,82.677,80.257,81.917,74196.0
2019-08-19,81.917,84.287,81.327,84.287,107340.0
2019-08-20,84.417,85.217,83.417,83.917,97377.0
2019-08-21,83.537,84.207,82.417,82.507,78614.0
2019-08-22,83.117,84.687,82.717,84.467,113371.0
2019-08-23,84.517,85.167,83.567,83.947,82439.0
2019-08-26,81.517,82.377,81.017,81.427,74640.0
2019-08-27,82.027,84.337,82.027,83.067,107297.0
2019-08-28,83.907,88.017,83.397,87.087,144458.0
2019-08-29,87.707,87.767,85.687,86.847,73348.0
2019-08-30,87.497,90.517,87.477,88.497,113645.0
2019-09-02,86.967,89.517,85.117,85.907,153113.0
2019-09-03,86.167,87.017,84.357,84.937,84910.0
2019-09-04,84.517,84.997,82.527,83.867,100293.0
2019-09-05,83.917,85.427,83.917,84.517,86279.0
2019-09-06,85.117,85.567,83.547,85.227,75531.0
2019-09-09,85.237,86.077,84.247,85.487,83140.0
2019-09-10,85.487,85.817,84.117,85.147,63999.0
2019-09-11,85.147,85.147,80.967,81.047,142021.0
2019-09-12,81.317,82.757,81.067,81.807,64859.0
2019-09-16,82.197,82.197,80.397,80.857,71428.0
2019-09-17,80.817,81.507,79.777,80.827,64081.0
2019-09-18,80.827,83.017,80.827,82.157,85585.0
2019-09-19,82.517,83.157,80.817,82.667,73521.0
2019-09-20,83.277,85.507,82.817,84.947,111461.0
2019-09-23,84.517,84.517,81.397,82.797,75936.0
2019-09-24,82.507,84.717,81.917,83.517,74636.0
2019-09-25,82.897,85.287,81.967,84.327,91868.0
2019-09-26,84.347,84.997,81.807,81.917,75724.0
2019-09-27,81.627,82.417,80.117,81.007,54790.0
2019-09-30,80.817,81.307,80.017,80.517,41715.0
2019-10-08,80.517,81.717,80.287,80.377,43651.0
2019-10-09,80.327,80.327,78.027,78.817,57275.0
2019-10-10,78.497,78.517,76.527,78.467,54747.0
2019-10-11,78.677,80.047,78.267,79.017,42449.0
2019-10-14,79.817,80.507,79.217,80.287,49081.0
2019-10-15,80.297,81.167,79.447,79.867,43384.0
2019-10-16,79.517,79.697,78.517,79.547,31221.0
2019-10-17,79.867,80.817,78.777,80.267,32720.0
2019-10-18,79.697,80.137,78.267,78.517,40609.0
2019-10-21,78.997,79.667,78.397,78.967,26523.0
2019-10-22,79.707,79.817,78.927,79.497,27632.0
2019-10-23,79.667,80.397,77.517,78.017,47528.0
2019-10-24,78.467,78.917,77.027,77.117,50211.0
2019-10-25,77.907,78.747,77.517,78.277,41416.0
2019-10-28,78.317,79.477,77.617,79.317,51917.0
2019-10-29,80.017,83.267,79.717,82.117,112389.0
2019-10-30,78.267,79.517,76.767,78.817,149681.0
2019-10-31,78.517,78.767,76.517,77.307,114946.0
2019-11-01,77.017,77.067,74.457,76.547,94230.0
2019-11-04,76.617,79.517,76.247,78.997,104462.0
2019-11-05,78.867,79.717,78.217,78.647,87151.0
2019-11-06,79.067,79.077,76.517,76.687,75134.0
2019-11-07,76.517,76.817,75.757,76.027,52474.0
2019-11-08,76.497,77.427,76.037,76.097,55115.0
2019-11-11,75.617,75.657,73.537,73.637,73681.0
2019-11-12,73.647,74.817,73.517,74.037,40982.0
2019-11-13,74.017,74.017,72.547,73.427,44146.0
2019-11-14,73.417,74.507,72.937,74.347,42898.0
2019-11-15,73.907,74.207,73.097,73.417,37626.0
2019-11-18,72.827,74.117,72.817,73.897,30011.0
2019-11-19,74.047,74.557,73.517,74.517,38254.0
2019-11-20,74.017,77.347,74.017,75.747,77713.0
2019-11-21,75.817,76.247,74.697,76.087,34923.0
2019-11-22,76.507,76.517,74.017,74.437,58273.0
2019-11-25,74.027,75.817,73.657,75.717,36128.0
2019-11-26,75.717,76.967,75.517,76.897,53573.0
2019-11-27,76.817,76.817,76.157,76.417,30247.0
2019-11-28,76.517,76.777,75.267,75.897,22005.0
2019-11-29,76.317,76.487,74.067,74.707,31928.0
2019-12-02,74.717,76.017,74.577,75.417,31699.0
2019-12-03,75.447,76.467,74.517,76.237,28481.0
2019-12-04,76.847,77.337,76.077,76.497,35961.0
2019-12-05,76.817,76.817,75.417,75.677,28945.0
2019-12-06,75.697,76.617,75.197,76.517,34811.0
2019-12-09,76.717,77.197,76.207,76.457,34704.0
2019-12-10,76.417,77.217,75.977,76.337,42385.0
2019-12-11,76.517,76.517,75.747,76.007,41109.0
2019-12-12,76.347,76.487,74.527,74.957,53673.0
2019-12-13,75.717,75.777,74.997,75.717,44526.0
2019-12-16,75.887,76.797,75.037,76.777,72762.0
2019-12-17,76.777,80.767,76.277,79.807,113065.0
2019-12-18,80.687,84.497,80.677,84.157,145781.0
2019-12-19,84.437,85.687,83.187,84.247,77403.0
2019-12-20,84.657,85.017,83.327,84.517,43321.0
2019-12-23,83.017,87.627,82.517,85.517,86324.0
2019-12-24,84.817,86.497,83.837,85.257,33587.0
2019-12-25,84.947,85.607,83.467,83.927,29859.0
2019-12-26,84.447,84.617,82.817,83.917,29421.0
2019-12-27,84.657,86.837,83.917,84.817,53778.0
2019-12-30,84.867,88.537,84.077,87.327,89447.0
2019-12-31,87.397,88.397,85.797,87.017,48845.0
2020-01-02,86.507,88.017,85.097,87.067,55909.0
2020-01-03,87.637,89.297,86.747,88.227,64940.0
2020-01-06,88.017,88.967,84.737,85.157,80813.0
2020-01-07,86.017,88.517,85.227,86.987,82165.0
2020-01-08,87.657,91.557,86.987,91.397,113727.0
2020-01-09,92.517,94.307,92.397,93.117,75012.0
2020-01-10,92.667,95.457,92.667,95.207,72587.0
2020-01-13,95.937,96.717,94.117,95.867,103475.0
2020-01-14,95.817,96.117,93.217,93.757,50422.0
2020-01-15,93.117,94.757,91.707,92.457,48853.0
2020-01-16,92.787,93.267,91.617,92.517,40923.0
2020-01-17,92.497,93.017,91.347,92.017,38094.0
2020-01-20,92.497,92.517,88.957,90.117,51489.0
2020-01-21,89.027,89.507,85.937,86.037,78937.0
2020-01-22,86.417,89.517,85.737,88.187,61287.0
2020-01-23,88.177,88.177,83.017,83.677,71796.0
2020-02-03,72.957,75.677,72.957,73.017,171255.0
2020-02-04,75.717,78.807,73.897,76.067,106456.0
2020-02-05,76.517,79.707,75.187,79.357,98891.0
2020-02-06,79.817,80.097,77.177,79.347,76229.0
2020-02-07,77.807,79.437,77.527,78.957,59502.0
2020-02-10,78.517,78.577,76.527,77.297,71995.0
2020-02-11,77.507,80.097,77.317,78.937,60805.0
2020-02-12,78.957,82.397,78.517,80.977,65151.0
2020-02-13,80.987,81.957,78.617,79.247,48294.0
2020-02-14,78.717,79.817,78.137,79.237,30033.0
2020-02-17,78.767,79.827,77.817,79.827,53064.0
2020-02-18,79.617,79.617,78.167,78.447,52114.0
2020-02-19,78.317,79.397,77.537,78.467,56496.0
2020-02-20,78.967,81.867,78.517,81.307,75843.0
2020-02-21,81.117,81.407,79.897,80.727,47389.0
2020-02-24,80.497,80.497,78.017,78.217,78708.0
2020-02-25,77.087,77.917,76.297,76.987,71975.0
2020-02-26,76.317,78.717,75.717,76.997,55005.0
2020-02-27,77.017,78.317,76.597,76.987,50154.0
2020-02-28,75.387,76.017,73.897,73.897,101480.0
2020-03-02,71.517,76.477,71.517,75.637,105788.0
2020-03-03,76.317,76.357,73.627,73.847,111197.0
2020-03-04,73.517,74.697,72.547,74.697,85744.0
2020-03-05,74.837,78.287,74.147,76.827,145500.0
2020-03-06,75.957,77.007,74.507,74.517,96919.0
2020-03-09,73.497,73.517,71.617,71.797,86644.0
2020-03-10,70.527,72.717,70.527,72.467,93946.0
2020-03-11,72.577,73.107,71.817,72.017,58291.0
2020-03-12,71.417,71.417,69.527,69.617,63542.0
2020-03-13,65.517,68.717,62.497,68.317,106497.0
2020-03-16,67.777,68.307,63.827,64.537,79860.0
2020-03-17,64.527,66.407,60.517,62.527,84054.0
2020-03-18,63.117,64.307,61.017,61.167,55762.0
2020-03-19,60.417,61.017,56.857,58.717,75159.0
2020-03-20,60.317,60.817,58.807,60.027,51089.0
2020-03-23,57.567,59.017,57.077,57.427,49399.0
2020-03-24,59.117,59.967,57.827,59.387,44055.0
2020-03-25,63.017,63.017,60.047,60.667,62818.0
2020-03-26,60.347,61.197,58.197,58.317,100336.0
2020-03-27,59.387,63.767,58.697,62.347,160076.0
2020-03-30,61.317,61.317,58.467,59.517,97447.0
2020-03-31,60.517,61.317,59.827,60.387,54987.0
2020-04-01,61.117,61.157,59.517,60.087,50677.0
2020-04-02,59.547,60.927,59.497,60.927,38805.0
2020-04-03,61.017,62.367,60.537,61.517,40053.0
2020-04-07,63.017,63.947,62.717,63.587,55536.0
2020-04-08,63.707,63.897,63.057,63.177,36697.0
2020-04-09,63.497,63.897,62.547,63.787,32795.0
2020-04-10,63.787,70.697,63.287,67.637,90876.0
2020-04-13,67.507,69.017,65.917,67.817,41294.0
2020-04-14,68.537,68.817,66.337,67.797,50448.0
2020-04-15,67.797,68.377,66.507,66.997,41992.0
2020-04-16,66.497,66.847,65.417,66.487,33502.0
2020-04-17,67.317,67.817,66.117,66.277,47308.0
2020-04-20,66.317,66.977,65.467,66.617,34354.0
2020-04-21,66.487,66.487,64.167,65.007,40832.0
2020-04-22,64.767,67.317,64.247,67.107,57375.0
2020-04-23,67.527,68.977,67.137,67.507,55960.0
2020-04-24,67.507,68.877,65.497,67.577,48980.0
2020-04-27,67.897,68.487,66.677,66.827,39784.0
2020-04-28,66.907,69.827,65.827,68.437,71898.0
2020-04-29,72.517,76.817,71.797,75.617,164158.0
2020-04-30,75.517,76.107,74.107,74.957,60230.0
2020-05-06,74.617,76.917,73.567,76.607,81253.0
2020-05-07,76.517,76.987,74.667,76.017,60445.0
2020-05-08,76.387,76.997,74.867,76.337,63813.0
2020-05-11,76.337,77.407,74.127,74.857,93423.0
2020-05-12,74.597,74.917,72.517,73.327,92314.0
2020-05-13,73.317,75.497,72.637,75.087,63403.0
2020-05-14,74.597,75.157,73.707,74.367,45930.0
2020-05-15,74.517,75.017,71.517,72.117,72008.0
2020-05-18,72.507,77.607,72.317,77.077,123712.0
2020-05-19,77.347,80.977,76.317,80.827,129611.0
2020-05-20,80.817,81.247,78.017,78.747,74340.0
2020-05-21,79.017,79.507,76.807,77.217,63831.0
2020-05-22,77.527,77.797,73.977,74.327,58037.0
2020-05-25,75.017,79.017,73.617,79.017,85780.0
2020-05-26,78.817,82.577,77.527,80.947,99972.0
2020-05-27,81.457,81.517,79.177,81.017,52887.0
2020-05-28,80.517,83.667,80.127,80.767,79512.0
2020-05-29,80.527,82.467,80.317,82.027,51051.0
2020-06-01,82.497,85.517,82.497,83.767,77240.0
2020-06-02,83.027,84.407,81.317,81.677,57590.0
2020-06-03,81.617,82.817,80.517,81.317,53499.0
2020-06-04,82.217,83.957,82.017,82.517,52291.0
2020-06-05,82.617,86.517,81.817,85.817,102340.0
2020-06-08,86.187,90.447,85.527,88.017,91556.0
2020-06-09,88.507,89.897,87.517,89.217,52121.0
2020-06-10,89.117,89.717,87.887,89.267,45456.0
2020-06-11,88.917,89.517,86.267,86.557,61519.0
2020-06-12,85.417,87.247,84.777,87.247,66279.0
2020-06-15,85.227,85.627,82.067,82.167,112054.0
2020-06-16,83.027,84.847,83.027,83.987,68930.0
2020-06-17,83.987,84.177,80.377,82.037,82152.0
2020-06-18,82.517,83.177,81.397,83.007,51117.0
2020-06-19,83.017,86.267,83.017,84.807,87505.0
2020-06-22,85.077,85.417,82.017,82.637,110012.0
2020-06-23,82.517,86.277,82.017,86.267,102575.0
2020-06-24,86.505,86.505,84.285,84.835,88304.0
2020-06-29,84.495,84.505,81.725,84.005,91765.0
2020-06-30,84.485,85.905,84.145,84.645,56950.0
2020-07-01,84.645,91.455,84.505,90.425,167493.0
2020-07-02,89.325,101.515,89.065,101.515,287100.0
2020-07-03,103.275,104.245,97.175,103.635,238107.0
2020-07-06,102.575,114.665,100.305,112.505,210595.0
2020-07-07,111.205,121.785,111.205,114.405,187548.0
2020-07-08,113.505,115.495,110.085,112.705,174401.0
2020-07-09,112.035,113.885,110.715,113.515,113260.0
2020-07-10,111.515,117.815,111.365,113.555,115109.0
2020-07-13,112.485,119.965,112.185,117.495,130288.0
2020-07-14,115.505,118.125,114.105,117.595,109637.0
2020-07-15,117.505,125.385,115.875,122.905,150727.0
2020-07-16,120.355,120.505,108.565,108.565,186087.0
2020-07-17,103.505,111.005,103.505,107.935,125158.0
2020-07-20,108.005,110.495,102.595,107.695,103928.0
2020-07-21,108.505,114.805,107.725,112.965,93551.0
2020-07-22,111.505,118.005,110.035,114.995,84724.0
2020-07-23,113.505,117.095,112.165,114.805,59153.0
2020-07-24,113.625,115.495,108.115,109.645,77106.0
2020-07-27,110.945,115.485,110.055,114.005,83735.0
2020-07-28,111.775,117.935,111.775,115.055,80953.0
2020-07-29,115.075,116.055,112.305,114.705,72484.0
2020-07-30,113.715,118.005,113.165,116.115,88544.0
2020-07-31,115.685,117.085,111.705,114.555,102066.0
2020-08-03,113.705,115.655,112.475,113.785,64895.0
2020-08-04,113.905,115.705,112.705,114.115,60498.0
2020-08-05,113.155,113.415,109.505,113.305,56293.0
2020-08-06,112.525,113.995,109.515,110.695,63479.0
2020-08-07,110.785,111.905,107.805,110.785,58832.0
2020-08-10,109.805,111.185,107.985,109.845,47291.0
2020-08-11,111.405,112.855,109.495,109.555,42954.0
2020-08-12,109.615,110.415,105.105,106.895,46403.0
2020-08-13,107.485,109.885,106.905,107.725,26525.0
2020-08-14,107.725,110.505,106.805,110.335,46503.0
2020-08-17,110.335,112.485,110.175,111.555,72011.0
2020-08-18,111.505,112.515,109.605,110.405,55698.0
2020-08-19,110.105,113.005,109.505,110.095,71963.0
2020-08-20,109.505,109.555,105.765,107.025,57550.0
2020-08-21,108.605,110.955,108.005,109.405,41347.0
2020-08-24,111.405,113.675,110.565,111.465,47765.0
2020-08-25,111.555,118.475,111.555,115.695,112927.0
2020-08-26,115.505,117.185,111.505,111.795,85194.0
2020-08-27,111.865,113.365,108.015,111.545,91775.0
2020-08-28,111.285,123.495,109.515,121.135,160215.0
2020-08-31,120.005,125.105,117.505,120.595,164314.0
2020-09-01,120.515,122.405,116.685,119.105,80836.0
2020-09-02,119.505,121.005,115.605,117.685,72314.0
2020-09-03,117.685,129.165,117.685,127.565,179543.0
2020-09-04,124.385,125.655,119.015,124.315,140640.0
2020-09-07,124.005,128.075,121.005,123.255,98415.0
2020-09-08,123.505,124.795,115.505,116.505,123454.0
2020-09-09,114.005,115.395,111.505,112.355,69598.0
2020-09-10,113.995,117.005,112.935,113.325,61344.0
2020-09-11,112.505,116.035,112.005,115.705,48513.0
2020-09-14,117.005,117.705,114.605,116.155,51075.0
2020-09-15,116.005,117.485,115.015,116.765,40044.0
2020-09-16,116.135,118.005,113.685,114.685,59633.0
2020-09-17,113.505,113.505,110.255,111.455,63473.0
2020-09-18,110.685,113.085,110.455,113.085,57977.0
2020-09-21,113.385,113.485,110.805,111.285,38463.0
2020-09-22,109.505,112.005,108.675,109.605,41658.0
2020-09-23,107.705,109.375,105.385,108.715,57578.0
2020-09-24,108.435,109.245,104.505,104.505,61665.0
2020-09-25,104.705,107.175,104.705,105.365,34676.0
2020-09-28,107.005,107.505,105.505,105.555,36811.0
2020-09-29,106.055,106.675,104.105,104.775,32452.0
2020-09-30,105.195,106.485,103.725,104.495,53342.0
2020-10-09,107.515,107.515,105.355,105.645,40989.0
2020-10-12,105.795,118.255,105.745,118.255,157138.0
2020-10-13,119.495,132.135,118.305,130.705,198069.0
2020-10-14,129.005,137.005,128.385,132.305,158149.0
2020-10-15,132.215,133.305,129.005,131.505,83959.0
2020-10-16,131.505,134.565,130.655,132.885,55588.0
2020-10-19,134.005,135.005,131.505,131.505,68564.0
2020-10-20,131.875,140.305,131.555,137.615,139967.0
2020-10-21,136.505,140.305,135.295,137.765,88627.0
2020-10-22,140.005,153.485,139.955,147.325,185550.0
2020-10-23,148.005,149.385,142.505,142.925,76480.0
2020-10-26,140.515,149.505,137.685,147.005,97902.0
2020-10-27,144.505,150.425,143.305,147.295,98636.0
2020-10-28,146.505,154.795,146.445,149.765,104691.0
2020-10-29,147.305,153.695,146.625,147.825,116790.0
2020-10-30,147.025,151.005,144.005,147.565,85390.0
2020-11-02,147.965,157.045,147.965,154.665,114887.0
2020-11-03,153.505,156.975,152.055,154.755,102413.0
2020-11-04,153.505,156.375,151.805,155.605,63966.0
2020-11-05,156.005,159.795,152.505,155.275,88202.0
2020-11-06,154.695,154.695,149.505,153.565,90757.0
2020-11-09,156.505,159.705,153.505,158.495,84993.0
2020-11-10,158.505,164.505,156.645,161.305,86074.0
2020-11-11,160.505,164.495,158.305,158.505,89964.0
2020-11-12,157.015,159.885,154.115,159.375,76516.0
2020-11-13,156.505,157.175,150.475,154.475,76221.0
2020-11-16,157.615,160.385,154.895,159.355,78215.0
2020-11-17,159.425,160.375,152.665,154.565,77328.0
2020-11-18,153.515,158.705,151.565,158.035,79746.0
2020-11-19,157.245,163.505,155.035,156.505,77896.0
2020-11-20,156.545,158.265,154.555,157.405,72489.0
2020-11-23,157.495,157.545,147.505,153.575,179974.0
2020-11-24,152.505,169.405,151.205,165.965,160626.0
2020-11-25,166.355,167.355,153.835,155.095,139217.0
2020-11-26,152.985,157.115,150.605,155.755,116398.0
2020-11-27,155.755,165.185,153.805,161.015,100245.0
2020-11-30,163.305,163.305,155.695,157.505,78027.0
2020-12-01,158.015,161.005,155.505,157.405,77905.0
2020-12-02,157.365,159.145,155.995,158.505,52026.0
2020-12-03,158.515,163.265,158.505,162.125,66966.0
2020-12-04,162.925,179.525,162.005,176.385,151197.0
2020-12-07,174.505,179.395,172.605,175.025,121845.0
2020-12-08,177.025,179.405,173.005,176.695,80620.0
2020-12-09,176.715,178.885,173.505,174.835,79337.0
2020-12-10,174.505,186.385,173.725,180.005,105133.0
2020-12-11,180.455,181.505,174.505,180.145,105546.0
2020-12-14,179.505,182.405,176.535,180.505,95582.0
2020-12-15,179.035,181.895,175.305,178.085,82220.0
2020-12-16,178.095,186.075,177.735,183.655,88170.0
2020-12-17,183.655,194.995,183.005,193.005,103949.0
2020-12-18,191.025,194.305,188.595,191.685,83948.0
2020-12-21,190.305,198.775,188.005,194.505,69660.0
2020-12-22,193.255,207.855,193.255,202.885,82654.0
2020-12-23,202.885,210.305,188.455,198.505,148086.0
2020-12-24,193.725,201.325,191.055,198.205,82630.0
2020-12-25,197.115,198.885,192.505,198.805,59058.0
2020-12-28,197.935,208.465,197.935,206.505,72724.0
2020-12-29,207.365,208.375,200.505,205.045,56505.0
2020-12-30,204.465,214.365,203.805,211.505,56967.0
2020-12-31,211.505,216.035,209.915,215.495,57031.0
2021-01-04,214.955,230.505,213.705,226.485,64527.0
2021-01-05,224.505,246.085,223.615,243.205,82435.0
2021-01-06,240.505,248.105,229.005,236.105,151182.0
2021-01-07,232.305,235.625,221.945,235.505,125281.0
2021-01-08,235.945,241.045,220.505,221.975,141554.0
2021-01-11,215.805,216.505,201.505,207.745,189549.0
2021-01-12,201.505,211.905,201.505,208.925,162523.0
2021-01-13,206.615,211.925,192.005,195.205,202779.0
2021-01-14,195.205,195.855,183.515,190.505,148974.0
2021-01-15,188.725,192.055,182.085,187.005,140945.0
2021-01-18,186.905,187.605,177.505,179.685,180300.0
2021-01-19,184.505,184.505,169.025,170.115,176493.0
2021-01-20,170.305,173.995,164.855,170.305,170100.0
2021-01-21,171.505,176.345,168.385,173.645,161580.0
2021-01-22,173.705,175.475,166.505,172.335,122923.0
2021-01-25,174.505,191.615,174.505,191.615,105390.0
2021-01-26,202.805,202.805,191.705,198.505,262489.0
2021-01-27,195.005,195.105,181.505,185.375,173263.0
2021-01-28,181.505,189.605,180.505,181.965,97628.0
2021-01-29,185.025,190.505,182.205,183.515,123929.0
2021-02-01,183.465,188.035,176.725,181.165,113280.0
2021-02-02,181.105,188.495,177.505,188.495,160015.0
2021-02-03,192.505,194.605,182.085,183.505,159473.0
2021-02-04,180.105,186.505,178.505,182.205,170148.0
2021-02-05,183.265,194.005,178.625,190.225,237638.0
2021-02-08,193.105,201.505,189.505,197.405,167919.0
2021-02-09,196.495,199.555,191.725,199.555,119873.0
2021-02-10,199.055,212.305,199.055,208.315,149974.0
2021-02-18,214.315,221.365,196.915,197.545,154585.0
2021-02-19,195.505,202.225,187.515,195.905,108089.0
2021-02-22,193.505,194.505,175.905,177.385,169761.0
2021-02-23,174.505,182.505,172.745,179.515,97533.0
2021-02-24,180.105,183.385,173.005,178.005,140785.0
2021-02-25,179.505,181.005,174.685,178.055,74497.0
2021-02-26,175.505,176.505,166.505,168.505,115422.0
2021-03-01,166.355,171.505,163.305,166.695,109048.0
2021-03-02,168.305,169.685,159.185,160.985,109360.0
2021-03-03,162.735,166.475,159.605,166.005,84108.0
2021-03-04,163.505,163.505,157.505,159.155,69749.0
2021-03-05,157.505,163.285,154.305,159.415,78233.0
2021-03-08,160.315,161.915,144.505,146.205,107497.0
2021-03-09,146.205,147.085,139.505,140.335,91306.0
2021-03-10,145.505,146.905,141.635,143.705,85006.0
2021-03-11,143.715,150.225,142.115,146.395,79808.0
2021-03-12,148.085,148.605,142.405,145.085,67923.0
2021-03-15,145.085,146.005,135.085,137.375,109311.0
2021-03-16,140.105,144.305,137.385,142.405,61778.0
2021-03-17,141.505,142.725,138.085,141.165,75015.0
2021-03-18,142.495,147.485,141.665,146.655,80497.0
2021-03-19,141.745,143.315,138.005,139.215,86732.0
2021-03-22,139.205,141.295,136.505,140.105,67066.0
2021-03-23,140.385,141.875,138.505,140.165,50438.0
2021-03-24,139.585,143.835,135.055,137.255,111709.0
2021-03-25,134.795,141.875,134.015,139.505,89640.0
2021-03-26,141.105,144.505,140.055,142.695,79358.0
2021-03-29,143.495,148.515,140.545,144.395,95980.0
2021-03-30,143.505,147.435,142.515,145.505,83635.0
2021-03-31,144.505,145.005,140.105,144.205,58835.0
2021-04-01,144.505,151.485,144.205,151.135,73123.0
2021-04-02,153.505,156.875,150.105,153.605,99820.0
2021-04-06,152.285,152.285,143.555,145.915,97284.0
2021-04-07,144.025,144.025,137.505,138.665,108748.0
2021-04-08,137.375,139.935,135.405,139.505,79949.0
2021-04-09,136.725,138.505,135.105,135.425,74536.0
2021-04-12,135.445,137.195,131.505,133.065,66938.0
2021-04-13,132.495,135.235,129.305,130.505,106395.0
2021-04-14,130.805,133.415,129.835,132.515,68211.0
2021-04-15,132.525,133.395,129.265,129.965,80054.0
2021-04-16,130.005,140.995,129.975,139.205,150570.0
2021-04-19,139.505,141.795,135.505,140.695,98855.0
2021-04-20,139.505,147.355,138.695,142.505,135603.0
2021-04-21,140.555,147.495,140.485,145.085,105529.0
2021-04-22,145.815,149.505,143.015,148.395,103978.0
2021-04-23,148.185,156.585,147.705,151.055,135386.0
2021-04-26,151.505,152.535,147.665,149.015,101015.0
2021-04-27,148.015,151.275,144.715,150.725,70696.0
2021-04-28,148.255,154.005,146.965,153.505,84725.0
2021-04-29,154.005,170.905,154.005,170.905,195850.0
2021-04-30,173.075,178.075,170.915,172.005,131444.0
2021-05-06,171.805,171.905,156.505,162.805,138408.0
2021-05-07,163.515,166.835,160.505,165.605,90792.0
2021-05-10,162.955,168.945,159.885,165.105,65782.0
2021-05-11,164.415,168.825,164.205,166.505,65049.0
2021-05-12,163.575,165.395,161.305,162.985,71437.0
2021-05-13,161.005,166.275,159.305,165.295,61735.0
2021-05-14,166.475,167.505,163.585,165.225,67402.0
2021-05-17,164.885,172.455,164.025,167.945,91345.0
2021-05-18,168.105,169.355,162.805,165.505,56760.0
2021-05-19,163.655,163.825,159.515,160.505,88795.0
2021-05-20,161.735,167.005,161.515,166.015,94416.0
2021-05-21,166.065,181.005,166.065,176.615,165893.0
2021-05-24,177.005,191.505,177.005,185.905,126069.0
2021-05-25,186.565,192.355,181.515,191.505,132546.0
2021-05-26,191.085,193.815,186.805,191.145,83238.0
2021-05-27,194.505,202.585,190.555,198.085,113632.0
2021-05-28,198.705,202.085,193.865,197.625,85113.0
2021-05-31,197.625,197.625,189.355,197.305,81429.0
2021-06-01,195.505,214.565,194.665,213.055,137765.0
2021-06-02,210.505,210.705,201.535,202.375,114748.0
2021-06-03,202.445,211.475,202.445,204.825,83985.0
2021-06-04,202.005,213.165,201.505,209.455,80816.0
2021-06-07,210.505,216.565,207.005,211.565,92938.0
2021-06-08,211.625,212.795,194.125,198.305,160795.0
2021-06-09,196.505,210.935,195.005,207.605,134692.0
2021-06-10,206.945,215.845,204.755,214.255,96774.0
2021-06-11,199.455,200.165,190.785,190.785,301409.0
2021-06-15,186.005,190.505,172.115,183.505,298614.0
2021-06-16,180.505,187.305,179.785,183.505,130486.0
2021-06-17,183.395,189.485,179.005,184.265,103099.0
2021-06-18,183.515,184.505,174.615,179.345,135186.0
2021-06-21,176.865,178.705,168.355,175.105,167912.0
2021-06-22,175.515,179.175,171.095,178.805,100359.0
2021-06-23,178.845,179.495,172.515,174.325,84550.0
2021-06-24,174.325,184.065,173.025,182.575,123021.0
2021-06-25,182.105,194.085,181.085,192.625,166385.0
2021-06-28,192.835,198.625,191.005,195.505,81892.0
2021-06-29,193.345,195.405,183.685,186.005,118134.0
2021-06-30,185.295,188.875,183.355,186.705,46206.0
2021-07-01,186.605,187.105,181.185,185.735,51929.0
2021-07-02,185.055,185.155,176.715,180.975,75535.0
2021-07-05,179.935,183.705,177.565,179.845,60400.0
2021-07-06,181.205,186.705,177.595,186.545,81626.0
2021-07-07,186.005,186.505,180.555,181.895,70131.0
2021-07-08,179.815,183.005,176.275,177.685,60679.0
2021-07-09,177.675,177.675,165.835,167.585,98115.0
2021-07-12,167.485,177.975,165.365,174.485,95058.0
2021-07-13,176.415,179.075,174.555,176.285,54521.0
2021-07-14,174.305,177.985,172.615,176.485,47031.0
2021-07-15,176.385,180.665,170.985,178.335,65971.0
2021-07-16,192.485,197.925,186.565,188.895,201758.0
2021-07-19,191.495,194.485,186.975,189.025,94917.0
2021-07-20,187.485,191.985,187.145,188.585,52972.0
2021-07-21,190.485,195.065,187.685,188.385,78728.0
2021-07-22,190.865,190.865,182.295,183.165,71316.0
2021-07-23,183.265,184.485,173.985,179.165,81418.0
2021-07-26,175.315,175.485,161.485,164.975,127097.0
2021-07-27,163.545,168.365,158.485,159.445,122447.0
2021-07-28,156.485,158.855,147.435,155.855,153539.0
2021-07-29,158.695,159.485,150.885,153.485,119364.0
2021-07-30,151.165,151.445,142.435,145.475,128837.0
2021-08-02,142.485,156.485,141.595,154.785,136144.0
2021-08-03,154.485,157.285,149.185,156.385,80679.0
2021-08-04,156.985,157.755,152.885,155.755,58529.0
2021-08-05,150.485,158.145,149.815,154.485,55490.0
2021-08-06,153.835,155.035,150.605,152.565,46443.0
2021-08-09,151.005,155.785,150.585,153.775,57224.0
2021-08-10,153.785,162.585,152.085,160.745,125301.0
2021-08-11,159.485,160.825,155.895,157.025,71353.0
2021-08-12,155.995,158.385,153.485,154.595,60470.0
2021-08-13,153.985,156.735,152.695,155.125,42463.0
2021-08-16,153.875,156.245,152.885,154.985,41876.0
2021-08-17,154.985,155.665,147.495,148.065,56440.0
2021-08-18,148.065,154.975,145.485,153.055,67613.0
2021-08-19,152.105,155.405,151.485,152.455,45453.0
2021-08-20,148.385,150.835,138.975,141.405,115192.0
2021-08-23,142.595,152.115,142.585,149.685,92268.0
2021-08-24,152.215,153.485,148.545,152.135,53439.0
2021-08-25,153.485,157.445,152.485,155.945,62195.0
2021-08-26,155.275,156.915,151.485,152.485,52081.0
2021-08-27,150.775,158.395,150.095,151.585,67943.0
2021-08-30,152.825,155.065,146.175,151.885,72263.0
2021-08-31,151.875,153.965,145.865,150.025,54107.0
2021-09-01,148.485,157.235,144.485,153.485,85797.0
2021-09-02,153.485,154.665,150.265,151.645,52376.0
2021-09-03,151.125,152.235,144.695,148.805,65402.0
2021-09-06,148.285,156.685,147.285,154.345,87523.0
2021-09-07,153.475,156.965,151.985,154.155,53351.0
2021-09-08,155.285,155.285,149.385,150.365,50103.0
2021-09-09,150.505,151.385,147.785,148.965,39887.0
2021-09-10,148.985,154.055,147.935,153.545,69561.0
2021-09-13,153.505,156.415,151.595,155.185,61808.0
2021-09-14,153.985,156.985,152.635,154.685,54079.0
2021-09-15,154.485,154.565,147.985,149.755,66475.0
2021-09-16,150.985,159.685,149.485,155.475,93252.0
2021-09-17,155.485,162.485,152.785,159.485,89631.0
2021-09-22,155.875,156.285,148.005,150.235,82825.0
2021-09-23,149.985,150.595,145.495,146.995,102572.0
2021-09-24,145.195,150.265,144.395,146.495,77085.0
2021-09-27,148.485,161.005,148.485,155.155,169650.0
2021-09-28,155.185,155.185,146.925,149.375,105522.0
2021-09-29,147.485,150.465,146.095,148.275,72703.0
2021-09-30,148.285,152.065,147.585,148.565,77853.0
2021-10-08,150.485,163.415,148.995,160.715,196940.0
2021-10-11,164.555,166.385,160.775,162.985,108258.0
2021-10-12,162.665,168.355,161.145,164.585,89927.0
2021-10-13,164.985,177.285,162.485,170.695,127303.0
2021-10-14,170.705,173.285,165.435,168.535,91464.0
2021-10-15,165.565,169.365,163.135,166.725,61387.0
2021-10-18,162.815,162.815,152.375,154.085,113360.0
2021-10-19,151.495,161.985,151.485,159.345,86721.0
2021-10-20,162.465,163.485,158.235,162.145,54728.0
2021-10-21,161.485,165.255,160.555,162.975,43244.0
2021-10-22,163.415,167.475,162.145,164.985,57489.0
2021-10-25,163.685,165.545,162.515,163.685,40551.0
2021-10-26,163.385,164.885,160.085,162.925,39498.0
2021-10-27,160.155,167.295,158.515,161.875,77572.0
2021-10-28,162.485,171.965,161.915,168.635,99673.0
2021-10-29,167.975,172.775,166.785,168.665,79816.0
2021-11-01,165.255,171.485,159.485,168.585,82497.0
2021-11-02,166.905,169.185,157.485,161.985,118219.0
2021-11-03,163.535,163.785,156.315,157.425,63320.0
2021-11-04,158.485,170.985,157.695,169.165,139246.0
2021-11-05,168.965,174.255,166.485,167.985,88433.0
2021-11-08,164.985,166.945,159.725,163.095,124506.0
2021-11-09,162.485,168.085,161.515,161.685,74985.0
2021-11-10,162.485,163.275,156.985,158.405,75860.0
2021-11-11,158.485,159.785,156.325,159.485,52439.0
2021-11-12,160.465,160.675,155.785,156.855,49980.0
2021-11-15,156.085,159.485,155.835,157.625,38720.0
2021-11-16,158.985,162.485,157.985,160.235,66624.0
2021-11-17,159.885,161.485,157.095,158.285,52697.0
2021-11-18,157.205,158.765,156.285,157.085,40576.0
2021-11-19,156.485,160.685,156.485,157.565,52607.0
2021-11-22,158.365,166.955,157.665,161.445,117371.0
2021-11-23,159.865,159.985,155.495,155.955,162435.0
2021-11-24,156.475,161.215,156.475,159.015,161306.0
2021-11-25,160.485,166.215,157.365,157.585,147026.0
2021-11-26,157.875,159.485,155.985,158.495,80094.0
2021-11-29,156.705,159.365,156.195,158.335,67910.0
2021-11-30,160.485,160.985,156.685,156.785,65044.0
2021-12-01,157.945,158.285,154.865,156.055,59346.0
2021-12-02,156.055,157.155,155.055,156.965,48272.0
2021-12-03,156.975,160.385,156.485,159.395,110083.0
2021-12-06,156.275,161.285,151.365,158.235,175246.0
2021-12-07,159.385,159.485,153.805,154.685,145198.0
2021-12-08,154.685,169.485,153.145,168.455,271148.0
2021-12-09,168.455,172.025,167.125,168.885,174091.0
2021-12-10,167.405,169.975,166.015,167.545,106369.0
2021-12-13,169.295,177.665,168.915,171.185,126996.0
2021-12-14,170.485,174.195,168.435,168.905,102979.0
2021-12-15,166.485,167.485,162.485,164.085,133284.0
2021-12-16,164.085,165.165,160.485,163.155,72367.0
2021-12-17,162.885,163.155,157.285,157.295,101167.0
2021-12-20,156.485,159.385,156.185,156.985,68556.0
2021-12-21,156.995,158.385,155.855,156.785,60509.0
2021-12-22,156.995,157.855,155.915,156.485,52506.0
2021-12-23,156.145,157.485,154.365,156.565,94692.0
2021-12-24,156.285,159.285,156.085,157.025,84345.0
2021-12-27,157.265,157.435,153.925,154.045,78145.0
2021-12-28,154.485,157.485,154.295,156.185,68665.0
2021-12-29,156.485,157.085,148.925,150.885,116982.0
2021-12-30,150.885,151.745,149.985,150.355,63222.0
2021-12-31,150.455,150.735,146.205,147.215,96392.0
2022-01-04,147.485,148.645,144.825,147.185,75083.0
2022-01-05,147.235,152.235,146.885,149.135,80169.0
2022-01-06,148.485,150.245,146.195,146.965,68282.0
2022-01-07,146.825,148.415,145.495,147.165,47314.0
2022-01-10,147.245,147.965,144.785,146.635,40634.0
2022-01-11,146.805,146.865,143.095,143.785,61097.0
2022-01-12,143.895,144.985,142.485,143.915,51385.0
2022-01-13,144.205,144.715,139.025,139.285,80597.0
2022-01-14,138.985,139.975,135.985,136.585,83554.0
2022-01-17,136.695,139.015,134.815,137.605,61222.0
2022-01-18,137.975,142.485,136.845,142.465,77996.0
2022-01-19,142.385,145.385,139.685,143.495,66776.0
2022-01-20,142.665,146.385,142.485,145.335,67191.0
2022-01-21,144.435,149.445,144.315,148.055,85776.0
2022-01-24,147.285,150.705,146.535,149.735,76017.0
2022-01-25,148.505,150.685,146.985,146.985,64829.0
2022-01-26,146.495,149.795,145.935,148.475,65598.0
2022-01-27,148.475,149.685,143.695,143.925,65148.0
2022-01-28,143.935,144.945,138.075,138.835,78139.0
2022-02-07,141.785,149.365,141.785,145.385,92675.0
2022-02-08,145.485,146.085,138.695,140.845,79438.0
2022-02-09,140.485,153.795,140.355,152.345,144405.0
2022-02-10,151.965,154.285,150.965,153.145,71200.0
2022-02-11,152.075,160.545,151.485,152.055,86643.0
2022-02-14,150.985,156.595,150.815,155.445,67909.0
2022-02-15,155.425,158.985,154.745,156.335,56583.0
2022-02-16,156.355,158.875,155.765,157.395,35140.0
2022-02-17,156.895,159.245,154.485,156.485,34614.0
2022-02-18,154.675,157.475,153.605,156.365,30792.0
2022-02-21,155.485,158.035,153.145,154.795,41609.0
2022-02-22,152.625,153.735,150.165,152.035,38192.0
2022-02-23,151.835,152.985,148.375,151.065,42683.0
2022-02-24,149.985,150.785,142.065,143.685,75732.0
2022-02-25,145.485,147.985,145.395,145.785,48013.0
2022-02-28,145.525,147.805,144.165,147.185,36345.0
2022-03-01,148.985,151.985,147.775,151.485,66094.0
2022-03-02,149.485,151.385,148.585,150.595,30303.0
2022-03-03,151.245,152.255,145.885,147.375,39193.0
2022-03-04,145.485,147.715,144.175,144.875,30284.0
2022-03-07,144.865,144.865,138.385,140.215,56310.0
2022-03-08,143.455,144.135,135.345,135.785,62189.0
2022-03-09,135.785,138.115,129.785,134.665,61339.0
2022-03-10,138.165,141.185,137.725,140.685,45012.0
2022-03-11,136.585,139.875,136.015,139.845,29709.0
2022-03-14,135.485,135.485,128.115,128.555,84700.0
2022-03-15,122.485,125.035,117.865,118.215,78580.0
2022-03-16,120.655,122.255,112.625,120.485,84682.0
2022-03-17,123.885,128.705,122.465,126.485,59332.0
2022-03-18,125.285,127.485,123.565,126.485,40423.0
2022-03-21,127.165,127.685,123.695,124.995,27136.0
2022-03-22,124.625,126.375,123.985,124.425,20751.0
2022-03-23,125.245,127.105,124.385,125.915,28937.0
2022-03-24,125.065,125.065,123.005,123.835,26308.0
2022-03-25,124.785,124.815,118.365,118.805,54435.0
2022-03-28,117.485,117.485,112.605,115.885,69121.0
2022-03-29,116.465,117.975,114.885,115.285,39251.0
2022-03-30,117.075,119.285,116.585,119.255,39193.0
2022-03-31,118.605,119.075,116.435,118.115,34598.0
2022-04-01,117.475,122.035,116.745,120.385,38625.0
2022-04-06,119.945,121.375,116.985,119.525,26439.0
2022-04-07,118.645,122.255,118.375,119.885,30092.0
2022-04-08,120.485,121.785,118.725,119.485,29299.0
2022-04-11,118.685,118.685,113.885,115.085,53429.0
2022-04-12,115.385,120.975,115.385,120.975,58917.0
2022-04-13,119.795,123.155,119.115,120.285,29757.0
2022-04-14,122.585,124.865,119.985,123.095,57564.0
2022-04-15,121.485,124.255,120.485,120.485,38680.0
2022-04-18,119.985,119.985,117.285,119.295,35203.0
2022-04-19,119.675,121.955,117.115,117.935,36054.0
2022-04-20,118.085,122.575,116.845,120.185,57853.0
2022-04-21,119.485,122.985,119.065,120.475,66114.0
2022-04-22,119.485,126.655,118.885,124.565,64282.0
2022-04-25,121.585,123.485,115.485,116.285,59008.0
2022-04-26,116.285,123.675,116.285,119.235,65929.0
2022-04-27,119.245,123.275,118.645,122.015,62949.0
2022-04-28,121.005,127.085,120.785,127.085,60697.0
2022-04-29,138.485,141.545,136.585,141.545,187077.0
2022-05-05,140.485,150.785,139.065,143.785,173489.0
2022-05-06,141.365,141.475,135.485,136.635,80719.0
2022-05-09,133.495,135.985,131.135,133.295,52599.0
2022-05-10,131.425,141.545,129.675,139.645,75517.0
2022-05-11,138.475,142.055,137.575,140.015,66358.0
2022-05-12,138.785,146.785,138.705,142.685,71355.0
2022-05-13,145.485,145.815,140.485,141.185,37983.0
2022-05-16,141.755,142.465,138.495,139.985,34162.0
2022-05-17,140.485,142.945,139.485,141.295,26765.0
2022-05-18,141.685,141.785,137.685,139.865,32250.0
2022-05-19,137.495,139.845,137.095,139.795,28190.0
2022-05-20,141.485,146.965,139.815,143.285,72180.0
2022-05-23,142.485,143.535,139.045,140.385,34740.0
2022-05-24,141.115,141.365,138.085,138.465,30524.0
2022-05-25,138.615,139.365,134.565,137.535,48850.0
2022-05-26,136.785,139.515,134.665,137.535,43254.0
2022-05-27,139.195,140.785,137.285,137.985,37529.0
2022-05-30,140.255,143.285,139.625,142.315,53611.0
2022-05-31,142.285,148.385,140.275,147.485,75616.0
2022-06-01,146.475,147.895,143.585,145.285,55446.0
2022-06-02,144.135,145.975,143.485,144.775,29688.0
2022-06-06,144.595,145.245,140.705,145.125,50894.0
2022-06-07,144.665,149.105,143.385,147.075,55739.0
2022-06-08,148.335,152.485,146.285,152.185,74947.0
2022-06-09,151.985,153.485,146.465,147.035,66730.0
2022-06-10,146.535,152.315,145.715,151.875,49621.0
2022-06-13,149.535,150.365,146.065,147.285,46345.0
2022-06-14,146.065,149.465,145.495,149.235,38917.0
2022-06-15,149.485,152.985,148.395,151.045,41027.0
2022-06-16,151.555,153.495,149.485,150.205,33772.0
2022-06-17,148.985,152.985,148.835,152.205,39448.0
2022-06-20,153.375,160.255,152.235,157.475,59002.0
2022-06-21,156.555,159.485,155.255,156.275,45811.0
2022-06-22,159.084,159.294,154.484,155.174,34892.0
2022-06-23,155.524,158.684,153.514,156.184,29891.0
2022-06-24,157.084,160.584,155.464,158.684,49555.0
2022-06-27,158.784,163.884,158.784,162.074,48166.0
2022-06-28,162.704,168.084,162.074,165.924,64251.0
2022-06-29,165.704,165.784,163.314,164.584,33890.0
2022-06-30,164.574,171.284,163.484,168.634,75307.0
2022-07-01,168.614,173.074,166.684,169.844,40478.0
2022-07-04,167.854,169.784,165.364,168.484,51350.0
2022-07-05,168.554,170.284,165.584,167.984,40579.0
2022-07-06,166.624,168.334,162.944,165.214,44292.0
2022-07-07,163.534,165.984,161.264,163.434,33692.0
2022-07-08,165.474,166.944,162.984,164.124,27317.0
2022-07-11,162.484,162.484,158.484,160.664,33375.0
2022-07-12,160.664,162.194,157.004,158.924,29793.0
2022-07-13,159.474,161.034,157.234,158.884,34660.0
2022-07-14,158.364,160.144,156.234,158.494,24700.0
2022-07-15,158.494,162.264,157.484,157.984,43262.0
2022-07-18,157.984,159.174,151.774,155.084,48078.0
2022-07-19,155.074,156.974,152.994,156.144,31476.0
2022-07-20,157.384,159.484,155.884,157.584,25421.0
2022-07-21,157.684,157.954,153.984,153.984,36407.0
2022-07-22,154.704,156.884,154.194,155.874,33972.0
2022-07-25,155.874,157.744,152.864,156.534,32128.0
2022-07-26,156.034,159.384,156.034,158.374,24958.0
2022-07-27,156.684,160.374,154.484,156.874,37761.0
2022-07-28,156.984,159.874,156.154,156.484,27372.0
2022-07-29,155.814,157.474,150.184,150.684,55020.0
2022-08-01,150.484,157.474,150.484,154.534,52849.0
2022-08-02,153.154,154.484,150.984,151.404,44098.0
2022-08-03,152.984,154.034,150.654,151.484,28866.0
2022-08-04,152.944,155.814,151.834,154.744,28833.0
2022-08-05,153.884,156.384,152.994,154.324,28914.0
2022-08-08,153.484,156.004,152.294,152.584,22948.0
2022-08-09,152.044,153.184,150.784,151.534,20598.0
2022-08-10,151.534,153.824,149.244,151.964,36826.0
2022-08-11,152.044,154.154,150.334,153.814,34332.0
2022-08-12,154.584,162.414,153.964,160.494,60540.0
2022-08-15,159.884,164.014,157.364,157.784,51227.0
2022-08-16,157.994,159.284,156.944,157.784,28231.0
2022-08-17,158.194,160.864,154.484,160.184,37964.0
2022-08-18,158.984,159.184,152.994,154.284,68853.0
2022-08-19,153.384,159.694,153.084,156.334,52331.0
2022-08-22,154.484,161.484,154.484,159.454,54616.0
2022-08-23,158.584,160.564,155.514,156.074,42568.0
2022-08-24,156.074,158.484,153.994,154.984,36937.0
2022-08-25,154.984,158.494,154.084,158.484,41155.0
2022-08-26,160.424,164.024,157.884,159.914,67718.0
2022-08-29,160.794,163.314,149.484,150.764,132993.0
2022-08-30,150.564,150.564,144.484,149.334,82398.0
2022-08-31,148.434,152.474,147.624,149.944,66484.0
2022-09-01,147.784,151.144,144.874,145.064,70090.0
2022-09-02,145.074,145.884,137.984,139.894,90781.0
2022-09-05,138.984,138.984,133.794,136.604,69947.0
2022-09-06,136.594,137.924,135.234,136.264,53537.0
2022-09-07,135.154,135.184,130.534,133.474,78788.0
2022-09-08,133.584,135.244,131.984,132.144,54028.0
2022-09-09,133.074,134.244,131.174,133.244,51510.0
2022-09-13,133.984,139.404,133.984,137.024,73706.0
2022-09-14,135.444,136.374,133.684,134.334,39658.0
2022-09-15,135.084,136.454,132.584,133.764,45722.0
2022-09-16,132.694,134.384,130.504,130.504,38533.0
2022-09-19,130.484,134.264,128.844,132.294,49406.0
2022-09-20,132.484,135.984,131.484,134.614,48193.0
2022-09-21,134.614,137.184,133.264,133.364,33574.0
2022-09-22,132.494,133.564,131.064,131.344,27049.0
2022-09-23,131.334,134.594,130.844,132.524,35175.0
2022-09-26,131.344,138.484,131.294,136.554,71811.0
2022-09-27,137.484,143.134,135.804,142.234,83694.0
2022-09-28,142.284,147.744,141.564,143.674,76804.0
2022-09-29,146.434,147.954,143.904,144.914,71670.0
2022-09-30,147.564,147.734,143.254,143.634,43395.0
2022-10-10,143.674,145.594,139.344,139.864,56987.0
2022-10-11,139.854,140.484,134.754,139.284,42480.0
2022-10-12,139.124,139.184,133.614,138.174,46117.0
2022-10-13,137.484,137.484,133.984,136.414,37334.0
2022-10-14,137.484,140.504,136.484,138.844,43840.0
2022-10-17,138.844,139.474,133.944,135.994,58267.0
2022-10-18,136.094,138.284,132.034,132.784,58743.0
2022-10-19,132.484,133.094,125.484,126.614,96377.0
2022-10-20,125.484,129.144,123.984,128.274,55316.0
2022-10-21,128.394,128.984,125.384,126.864,38607.0
2022-10-24,124.534,125.434,118.844,119.184,85462.0
2022-10-25,119.254,123.484,118.534,120.574,72267.0
2022-10-26,120.554,122.614,117.934,119.374,81877.0
2022-10-27,119.414,120.954,114.704,115.404,106500.0
2022-10-28,117.524,120.484,115.984,117.454,86122.0
2022-10-31,115.404,117.844,111.684,116.134,60426.0
2022-11-01,118.784,121.974,117.744,121.974,105846.0
2022-11-02,120.614,125.604,118.884,123.484,107803.0
2022-11-03,121.484,121.984,120.184,120.964,43727.0
2022-11-04,120.964,128.784,120.504,125.354,79968.0
2022-11-07,123.184,124.884,122.494,124.494,44554.0
2022-11-08,123.774,125.434,121.884,122.884,36795.0
2022-11-09,122.784,124.184,120.084,120.574,37399.0
2022-11-10,119.484,122.434,119.114,121.974,38681.0
2022-11-11,125.484,127.984,123.784,127.454,81929.0
2022-11-14,128.494,130.984,127.664,129.924,71489.0
2022-11-15,128.484,136.484,127.714,133.284,74870.0
2022-11-16,132.484,135.684,131.194,131.714,38887.0
2022-11-17,131.934,134.184,129.884,131.784,28130.0
2022-11-18,132.664,133.154,130.984,131.484,25811.0
2022-11-21,128.134,128.484,125.804,127.974,38003.0
2022-11-22,128.104,130.064,126.474,128.434,34422.0
2022-11-23,127.984,128.174,126.384,126.614,31791.0
2022-11-24,127.374,128.684,124.684,125.814,32616.0
2022-11-25,125.824,126.184,122.364,125.294,29708.0
2022-11-28,121.824,124.654,118.814,124.014,53077.0
2022-11-29,126.944,128.764,124.734,128.044,66248.0
2022-11-30,126.744,129.524,125.824,126.864,43770.0
2022-12-01,131.484,135.734,130.384,130.864,79983.0
2022-12-02,130.484,133.094,129.444,131.144,52349.0
2022-12-05,134.484,135.284,132.284,133.014,47287.0
2022-12-06,132.024,141.584,131.844,136.414,96026.0
2022-12-07,136.484,139.674,134.284,136.314,61169.0
2022-12-08,136.314,138.784,134.604,138.044,52981.0
2022-12-09,137.604,146.514,136.284,146.514,145446.0
2022-12-12,146.484,149.514,143.764,144.104,69864.0
2022-12-13,144.484,147.864,142.004,146.284,55092.0
2022-12-14,145.484,155.564,143.594,152.624,103198.0
2022-12-15,153.584,156.984,149.124,152.984,72145.0
2022-12-16,151.484,154.254,150.184,153.144,37719.0
2022-12-19,153.504,154.474,149.884,151.284,39602.0
2022-12-20,151.134,151.854,142.784,143.484,86391.0
2022-12-21,144.344,146.164,143.784,144.984,49250.0
2022-12-22,146.494,151.224,144.854,147.684,48163.0
2022-12-23,146.874,150.064,145.284,148.164,36281.0
2022-12-26,148.544,148.874,143.864,144.484,36560.0
2022-12-27,145.504,148.844,144.494,147.474,40271.0
2022-12-28,146.644,147.664,144.224,146.084,39225.0
2022-12-29,144.594,146.084,142.534,145.344,36544.0
2022-12-30,146.654,147.854,144.514,145.984,33334.0
2023-01-03,145.494,145.714,141.194,142.614,62158.0
2023-01-04,141.994,144.994,140.484,143.184,45103.0
2023-01-05,144.474,153.774,143.624,151.224,109773.0
2023-01-06,151.224,153.684,148.664,152.124,65536.0
2023-01-09,153.484,163.304,151.784,162.354,122825.0
2023-01-10,161.974,165.384,159.484,162.284,70015.0
2023-01-11,162.284,162.934,159.384,160.494,44786.0
2023-01-12,162.484,163.374,158.984,160.484,53737.0
2023-01-13,160.464,169.284,159.534,168.164,104153.0
2023-01-16,168.484,176.144,167.704,171.764,105903.0
2023-01-17,171.774,172.984,167.044,169.484,58946.0
2023-01-18,169.484,172.974,167.164,167.784,36152.0
2023-01-19,167.784,172.084,163.974,169.954,62788.0
2023-01-20,170.484,172.984,167.384,168.594,39166.0
2023-01-30,170.484,175.284,168.594,169.974,73747.0
2023-01-31,171.164,171.484,160.744,161.084,92172.0
2023-02-01,163.474,164.244,160.754,163.984,69648.0
2023-02-02,164.564,164.664,159.984,161.324,86714.0
2023-02-03,160.454,162.054,157.594,160.984,67366.0
2023-02-06,158.364,158.364,153.684,156.024,73861.0
2023-02-07,158.134,158.284,154.254,155.024,51167.0
2023-02-08,154.974,156.314,153.774,154.284,30906.0
2023-02-09,153.634,158.474,153.634,157.384,67224.0
2023-02-10,156.984,159.854,156.174,157.454,46536.0
2023-02-13,155.534,168.484,155.534,165.384,93481.0
2023-02-14,165.384,166.474,162.604,163.234,42204.0
2023-02-15,163.484,164.784,161.544,162.194,35256.0
2023-02-16,162.424,164.504,160.544,161.584,58205.0
2023-02-17,160.554,167.364,160.494,161.674,62102.0
2023-02-20,164.484,165.484,158.984,164.484,50295.0
2023-02-21,164.184,164.814,158.914,160.184,63826.0
2023-02-22,159.444,161.914,157.784,158.284,48815.0
2023-02-23,158.284,159.784,155.574,156.464,52292.0
2023-02-24,155.694,156.154,152.514,154.034,43876.0
2023-02-27,153.544,160.054,151.964,158.364,73130.0
2023-02-28,158.534,159.444,155.154,155.494,35773.0
2023-03-01,156.164,161.144,154.824,158.714,57183.0
2023-03-02,157.994,159.384,157.694,157.894,23843.0
2023-03-03,159.484,162.984,156.064,157.814,43806.0
2023-03-06,156.734,159.164,155.064,156.914,64346.0
2023-03-07,156.384,156.834,154.444,154.484,48192.0
2023-03-08,153.484,155.254,152.674,153.344,35135.0
2023-03-09,153.474,154.304,150.184,151.794,36315.0
2023-03-10,150.284,152.794,149.454,149.624,30866.0
2023-03-13,150.904,154.274,150.284,153.484,43323.0
2023-03-14,153.484,154.774,148.814,151.394,52962.0
2023-03-15,153.484,153.954,150.074,150.474,32473.0
2023-03-16,149.834,151.824,148.004,149.664,31603.0
2023-03-17,150.684,151.454,144.494,144.984,78336.0
2023-03-20,144.984,146.424,142.284,144.484,60634.0
2023-03-21,144.984,148.974,143.294,147.984,48872.0
2023-03-22,147.884,151.334,147.784,148.284,36587.0
2023-03-23,147.654,151.834,147.574,150.574,34448.0
2023-03-24,150.114,151.974,148.914,149.134,28286.0
2023-03-27,149.824,149.964,146.794,147.734,28701.0
2023-03-28,149.484,155.784,147.844,154.064,70339.0
2023-03-29,155.604,157.074,152.984,154.834,36793.0
2023-03-30,154.484,156.694,153.684,155.854,37688.0
2023-03-31,156.484,158.374,150.014,150.944,72097.0
2023-04-03,150.944,154.254,149.994,152.084,56908.0
2023-04-04,152.154,153.714,148.564,150.914,54290.0
2023-04-06,150.034,150.524,147.374,148.434,30354.0
2023-04-07,148.084,149.104,143.414,144.144,71950.0
2023-04-10,144.284,144.284,138.274,141.184,90133.0
2023-04-11,141.084,141.764,139.294,140.284,58377.0
2023-04-12,140.484,140.694,135.984,136.754,68982.0
2023-04-13,136.484,137.874,135.194,136.774,46096.0
2023-04-14,137.364,137.464,134.604,135.424,45588.0
2023-04-17,137.034,139.034,135.984,138.134,53895.0
2023-04-18,137.984,140.914,137.084,137.724,50545.0
2023-04-19,137.724,139.124,135.634,138.364,36985.0
2023-04-20,138.304,138.634,134.984,135.444,33216.0
2023-04-21,136.084,137.844,135.094,135.444,32363.0
2023-04-24,135.434,136.654,132.464,132.684,51488.0
2023-04-25,133.114,136.634,132.544,136.614,49311.0
2023-04-26,135.484,138.684,133.804,135.034,66470.0
2023-04-27,134.284,135.684,132.584,133.774,70042.0
2023-04-28,133.694,136.324,133.484,135.184,61974.0
2023-05-04,134.494,135.774,128.814,130.524,119019.0
2023-05-05,130.684,134.274,130.444,133.344,64322.0
2023-05-08,133.984,134.274,130.764,131.794,50512.0
2023-05-09,131.394,135.834,130.714,132.774,48525.0
2023-05-10,132.374,132.484,130.284,131.024,34955.0
2023-05-11,131.024,131.744,129.984,130.444,28570.0
2023-05-12,130.384,131.764,128.364,128.834,31688.0
2023-05-15,128.384,130.144,127.084,129.974,39953.0
2023-05-16,129.784,129.884,128.604,129.864,21917.0
2023-05-17,129.784,130.344,126.734,127.284,39322.0
2023-05-18,127.484,128.274,125.974,126.714,27673.0
2023-05-19,126.584,128.684,124.684,127.514,28375.0
2023-05-22,128.264,132.984,126.694,131.774,66117.0
2023-05-23,131.484,132.234,128.784,128.784,35118.0
2023-05-24,128.284,128.374,125.824,126.024,37195.0
2023-05-25,125.484,125.734,123.494,124.284,52732.0
2023-05-26,124.834,125.284,123.544,124.144,23655.0
2023-05-29,124.204,125.044,121.584,123.044,35234.0
2023-05-30,123.744,124.064,121.084,122.274,31275.0
2023-05-31,121.994,122.264,118.984,119.724,64263.0
2023-06-01,118.634,121.784,118.594,119.924,45858.0
2023-06-02,120.164,123.784,119.604,123.374,42680.0
2023-06-05,122.604,123.664,120.194,120.744,46095.0
2023-06-06,121.464,122.854,119.774,120.434,52017.0
2023-06-07,120.984,121.774,118.814,118.814,34143.0
2023-06-08,119.434,122.964,118.244,122.534,49408.0
2023-06-09,123.684,125.784,121.634,121.744,47385.0
2023-06-12,120.854,125.694,120.504,124.714,50623.0
2023-06-13,124.484,126.284,123.994,126.134,38942.0
2023-06-14,126.684,130.354,126.684,127.904,64607.0
2023-06-15,129.464,130.364,127.764,129.984,48127.0
2023-06-16,130.484,131.154,129.084,130.634,48882.0
2023-06-19,130.384,130.984,127.464,128.284,49232.0
2023-06-20,128.284,129.634,126.884,127.694,32198.0
2023-06-21,127.223,128.553,126.523,126.733,28994.0
2023-06-26,126.203,126.203,123.023,124.193,37705.0
2023-06-27,125.173,125.473,123.023,125.223,26637.0
2023-06-28,125.223,126.203,123.723,124.043,34468.0
2023-06-29,124.093,124.233,120.573,121.173,58045.0
2023-06-30,121.653,122.523,120.243,120.573,46034.0
2023-07-03,121.323,124.023,120.403,123.733,47780.0
2023-07-04,123.923,124.103,122.233,124.103,29727.0
2023-07-05,124.113,124.123,121.083,121.543,41935.0
2023-07-06,121.123,121.983,119.503,119.943,41461.0
2023-07-07,119.913,120.373,119.193,119.503,26924.0
2023-07-10,120.333,121.403,119.603,120.213,31955.0
2023-07-11,120.703,120.873,119.623,120.473,30152.0
2023-07-12,120.673,121.633,120.233,121.153,25398.0
2023-07-13,121.713,124.573,121.713,124.173,66520.0
2023-07-14,124.983,125.023,123.233,124.303,33140.0
2023-07-17,123.593,123.723,122.243,122.853,21361.0
2023-07-18,122.853,123.213,120.873,121.203,31077.0
2023-07-19,120.723,121.503,119.823,120.833,29084.0
2023-07-20,121.223,122.683,120.243,120.393,33905.0
2023-07-21,120.553,124.373,120.523,123.033,48371.0
2023-07-24,122.223,123.063,121.833,122.513,26571.0
2023-07-25,125.223,128.543,125.223,127.863,91752.0
2023-07-26,127.233,128.513,126.643,128.113,41848.0
2023-07-27,128.113,130.023,127.323,127.933,53738.0
2023-07-28,127.183,132.523,126.723,131.983,79730.0
2023-07-31,135.223,139.223,134.963,135.863,136609.0
2023-08-01,135.723,138.103,132.963,133.773,64110.0
2023-08-02,132.723,134.923,131.913,132.553,34166.0
2023-08-03,132.553,134.883,131.623,133.823,37393.0
2023-08-04,135.343,136.893,132.933,133.723,64265.0
2023-08-07,133.513,133.513,130.723,131.593,38185.0
2023-08-08,131.073,132.373,130.553,131.443,23183.0
2023-08-09,131.063,132.193,131.013,132.063,20822.0
2023-08-10,132.073,132.073,129.873,131.423,27744.0
2023-08-11,131.823,132.223,128.023,128.023,38958.0
2023-08-14,125.443,126.223,123.143,124.913,71426.0
2023-08-15,125.023,126.523,124.233,126.083,31755.0
2023-08-16,125.733,127.663,125.123,126.123,24506.0
2023-08-17,125.223,126.953,124.913,126.763,39430.0
2023-08-18,126.253,126.953,123.253,123.273,43656.0
2023-08-21,123.273,125.013,121.983,123.133,37725.0
2023-08-22,123.243,124.923,122.123,123.523,32752.0
2023-08-23,123.683,124.393,121.313,121.583,28766.0
2023-08-24,122.083,125.213,121.623,124.423,31218.0
2023-08-25,124.023,125.203,123.663,124.563,25443.0
2023-08-28,131.233,131.613,124.223,124.803,69052.0
2023-08-29,124.663,126.403,123.443,125.573,55137.0
2023-08-30,125.583,126.003,122.803,122.803,57605.0
2023-08-31,122.803,124.353,121.823,123.423,47658.0
2023-09-01,124.723,128.413,124.723,126.623,61123.0
2023-09-04,128.223,131.123,127.373,130.573,88755.0
2023-09-05,129.723,130.333,128.233,128.753,40568.0
2023-09-06,128.393,129.583,127.823,129.083,30690.0
2023-09-07,128.443,128.983,126.733,126.823,29152.0
2023-09-08,126.233,127.023,125.453,125.933,20645.0
2023-09-11,126.073,129.583,125.393,127.653,52524.0
2023-09-12,127.593,128.583,126.883,127.223,30543.0
2023-09-13,126.343,128.983,126.333,127.043,33711.0
2023-09-14,127.423,127.993,125.723,126.073,38425.0
2023-09-15,126.453,127.183,124.433,124.593,41276.0
2023-09-18,124.223,126.333,123.303,125.553,43292.0
2023-09-19,125.273,125.383,123.033,124.473,52610.0
2023-09-20,124.073,124.503,123.553,123.833,24496.0
2023-09-21,123.823,123.823,120.923,121.103,49768.0
2023-09-22,120.933,123.143,120.933,123.023,48351.0
2023-09-25,123.013,123.023,121.453,121.663,41086.0
2023-09-26,121.823,122.573,119.783,120.583,36635.0
2023-09-27,120.623,122.023,119.603,119.703,51476.0
2023-09-28,120.003,120.353,118.343,118.623,46676.0
2023-10-09,118.623,118.623,115.883,117.613,48906.0
2023-10-10,119.073,119.073,115.393,115.513,56761.0
2023-10-11,117.023,117.023,114.823,115.303,43724.0
2023-10-12,116.473,116.603,115.253,115.543,41278.0
2023-10-13,114.863,114.863,109.883,111.093,100148.0
2023-10-16,111.243,111.453,108.053,108.253,66949.0
2023-10-17,108.723,109.003,107.393,108.343,39971.0
2023-10-18,108.223,109.733,107.723,108.223,33170.0
2023-10-19,107.823,107.823,104.833,105.253,64172.0
2023-10-20,104.793,106.533,103.723,104.243,52110.0
2023-10-23,104.203,106.213,103.453,104.353,37717.0
2023-10-24,104.823,106.603,104.123,105.673,40559.0
2023-10-25,108.173,109.423,107.113,107.923,55250.0
2023-10-26,107.123,109.223,106.923,109.063,32826.0
2023-10-27,108.593,111.713,108.483,111.163,46218.0
2023-10-30,111.143,112.503,109.503,111.923,41013.0
2023-10-31,111.953,112.193,110.423,111.323,38537.0
2023-11-01,116.223,116.903,111.023,111.123,71277.0
2023-11-02,110.723,111.713,108.883,109.133,49914.0
2023-11-03,109.023,110.973,108.733,110.333,32687.0
2023-11-06,111.223,111.443,109.323,110.923,40641.0
2023-11-07,110.523,111.103,109.893,110.403,24346.0
2023-11-08,110.063,110.863,109.233,109.883,29220.0
2023-11-09,109.923,110.983,109.783,110.523,26182.0
2023-11-10,109.923,110.513,108.173,108.473,33917.0
2023-11-13,108.503,109.103,107.343,108.233,28414.0
2023-11-14,108.073,109.523,107.233,107.883,34913.0
2023-11-15,108.733,109.173,107.603,107.993,42169.0
2023-11-16,107.903,108.003,106.023,106.523,42457.0
2023-11-17,106.023,106.613,105.223,105.593,34053.0
2023-11-20,105.753,106.853,104.913,106.423,36074.0
2023-11-21,106.923,109.373,106.443,108.833,62005.0
2023-11-22,108.393,108.883,107.513,108.143,27713.0
2023-11-23,108.133,108.133,107.063,107.943,25915.0
2023-11-24,107.573,108.393,107.223,107.523,25910.0
2023-11-27,107.223,107.473,105.003,105.723,33735.0
2023-11-28,105.953,106.573,104.943,105.713,29753.0
2023-11-29,105.553,105.963,104.383,104.853,30830.0
2023-11-30,105.103,106.503,104.703,105.853,33244.0
2023-12-01,105.853,106.123,104.023,105.123,41737.0
2023-12-04,105.513,105.523,104.003,104.033,34377.0
2023-12-05,103.913,104.053,100.443,100.773,46842.0
2023-12-06,100.793,103.123,100.223,101.923,41897.0
2023-12-07,102.033,102.473,100.423,102.113,31527.0
2023-12-08,102.123,102.853,100.753,100.923,46296.0
2023-12-11,99.693,101.323,97.843,101.223,62750.0
2023-12-12,100.903,102.723,100.603,102.583,33232.0
2023-12-13,102.223,102.223,98.223,98.523,63519.0
2023-12-14,99.033,99.603,95.783,96.283,51647.0
2023-12-15,96.423,98.533,96.123,96.573,45041.0
2023-12-18,96.223,97.183,94.963,96.843,28007.0
2023-12-19,96.833,97.433,95.893,96.533,25511.0
2023-12-20,97.023,97.223,95.953,96.123,25106.0
2023-12-21,95.723,97.583,95.583,97.053,42579.0
2023-12-22,97.083,97.453,95.773,96.043,47460.0
2023-12-25,95.823,96.983,95.723,96.613,21803.0
2023-12-26,96.433,96.603,95.023,95.253,22478.0
2023-12-27,95.223,95.433,93.823,94.483,39207.0
2023-12-28,94.713,100.163,94.343,99.603,72500.0
2023-12-29,99.793,100.373,98.233,99.123,37031.0
2024-01-02,99.123,99.193,95.343,95.463,49176.0
2024-01-03,95.463,96.273,94.243,95.113,35237.0
2024-01-04,95.073,95.073,91.233,91.613,65150.0
2024-01-05,91.273,91.883,90.223,90.923,45502.0
2024-01-08,90.923,91.023,88.833,89.243,46955.0
2024-01-09,89.453,90.553,88.983,89.573,43517.0
2024-01-10,89.243,90.613,88.093,89.473,39954.0
2024-01-11,88.923,90.323,88.403,89.553,47421.0
2024-01-12,88.883,89.023,86.883,87.383,63582.0
2024-01-15,87.103,87.363,85.893,86.013,58599.0
2024-01-16,85.513,86.613,84.823,86.483,52989.0
2024-01-17,86.203,86.223,83.553,83.553,50698.0
2024-01-18,83.263,86.713,83.183,86.423,76866.0
2024-01-19,85.703,86.853,85.103,85.843,54387.0
2024-01-22,85.753,85.823,83.233,84.013,59659.0
2024-01-23,83.693,84.603,82.433,83.593,68800.0
2024-01-24,84.503,84.673,81.743,84.063,64029.0
2024-01-25,83.723,86.103,83.323,85.423,83237.0
2024-01-26,85.223,86.143,83.353,84.053,84291.0
2024-01-29,84.223,86.873,84.223,84.953,86205.0
2024-01-30,84.313,84.313,81.823,81.823,67146.0
2024-01-31,81.713,82.163,79.423,80.533,63816.0
2024-02-01,80.313,81.523,79.633,80.423,49071.0
2024-02-02,80.743,82.063,77.523,79.973,74067.0
2024-02-05,79.023,82.143,78.023,81.393,86259.0
2024-02-06,81.023,86.073,80.723,85.743,93147.0
2024-02-07,85.893,87.323,84.983,87.323,96210.0
2024-02-08,87.443,89.023,86.433,87.723,69342.0
2024-02-19,89.133,89.603,86.433,87.223,69884.0
2024-02-20,87.223,87.703,85.423,86.513,44577.0
2024-02-21,86.223,92.223,85.743,90.903,88610.0
2024-02-22,90.423,91.723,89.673,91.523,47155.0
2024-02-23,91.573,92.673,90.373,91.013,46508.0
2024-02-26,90.983,91.453,89.163,89.523,40804.0
2024-02-27,89.423,89.703,88.903,89.603,46345.0
2024-02-28,89.453,90.553,88.613,88.613,50565.0
2024-02-29,88.303,90.223,88.023,90.223,44820.0
2024-03-01,89.823,90.903,89.423,90.343,39622.0
2024-03-04,90.183,90.183,88.243,88.643,46226.0
2024-03-05,88.223,90.103,87.993,89.863,48056.0
2024-03-06,89.623,89.803,88.443,88.633,33877.0
2024-03-07,88.763,89.843,88.523,88.523,38053.0
2024-03-08,88.623,89.403,87.413,88.203,30490.0
2024-03-11,88.253,91.053,88.253,90.623,55949.0
2024-03-12,90.843,95.643,90.323,95.473,97784.0
2024-03-13,94.953,95.873,93.753,94.303,48804.0
2024-03-14,93.623,95.703,93.623,94.223,40742.0
2024-03-15,93.553,95.713,92.233,92.463,87226.0
2024-03-18,91.673,92.403,91.113,92.173,55928.0
2024-03-19,92.023,94.673,91.543,93.473,64787.0
2024-03-20,92.863,93.713,92.333,92.583,36272.0
2024-03-21,92.593,93.713,91.233,92.033,42765.0
2024-03-22,91.773,91.863,89.393,90.333,48085.0
2024-03-25,89.663,89.823,88.403,88.463,42874.0
2024-03-26,88.583,89.713,88.263,89.643,41294.0
2024-03-27,89.343,89.723,88.103,88.103,31866.0
2024-03-28,88.083,89.203,87.273,87.823,44391.0
2024-03-29,87.773,88.403,86.083,86.873,42309.0
2024-04-01,87.703,90.693,87.403,90.133,70311.0
2024-04-02,90.123,90.823,88.783,89.323,49280.0
2024-04-03,89.623,90.383,88.553,89.203,31654.0
2024-04-08,89.203,89.213,85.823,85.883,59126.0
2024-04-09,85.203,87.083,85.203,87.023,35952.0
2024-04-10,86.823,86.883,84.123,84.753,44700.0
2024-04-11,84.273,84.783,83.523,84.103,37817.0
2024-04-12,84.123,84.823,82.523,82.673,40749.0
2024-04-15,83.133,85.773,82.843,85.423,49987.0
2024-04-16,85.423,85.783,84.163,84.473,35876.0
2024-04-17,84.473,85.223,84.163,85.223,41646.0
2024-04-18,84.923,87.473,84.223,85.903,49718.0
2024-04-19,85.893,86.203,84.323,84.673,34656.0
2024-04-22,84.933,87.613,84.903,86.613,47213.0
2024-04-23,87.223,88.303,86.763,88.033,54149.0
2024-04-24,88.103,88.323,86.773,87.633,42925.0
2024-04-25,87.343,88.113,86.723,87.623,29280.0
2024-04-26,87.723,89.363,87.723,89.313,61933.0
2024-04-29,84.223,85.783,82.573,85.083,242235.0
2024-04-30,84.623,85.323,84.293,84.293,109498.0
2024-05-06,85.183,89.503,85.143,87.663,218595.0
2024-05-07,87.753,88.013,86.393,87.693,76734.0
2024-05-08,87.363,87.513,84.843,85.163,110523.0
2024-05-09,84.993,86.543,84.933,86.123,82451.0
2024-05-10,86.133,86.893,85.003,85.783,55020.0
2024-05-13,85.233,85.283,83.863,84.473,93335.0
2024-05-14,84.473,85.013,83.903,84.793,64181.0
2024-05-15,84.723,85.353,84.473,85.023,53929.0
2024-05-16,84.863,86.113,84.253,85.223,78763.0
2024-05-17,85.223,86.923,84.993,86.923,93605.0
2024-05-20,86.943,88.873,86.613,86.803,99831.0
2024-05-21,86.683,86.693,85.923,86.073,57427.0
2024-05-22,86.073,86.203,85.253,85.673,56009.0
2024-05-23,85.603,86.063,84.873,85.073,69994.0
2024-05-24,85.023,85.213,84.383,84.743,59595.0
2024-05-27,84.733,84.963,83.833,84.323,60564.0
2024-05-28,84.223,84.273,83.333,83.383,52424.0
2024-05-29,83.453,83.803,83.033,83.253,43220.0
2024-05-30,83.063,83.323,82.543,82.643,50437.0
2024-05-31,82.703,83.323,82.553,82.553,43666.0
2024-06-03,82.553,82.693,81.603,82.183,47978.0
2024-06-04,82.183,82.873,81.903,82.823,43428.0
2024-06-05,82.813,83.033,82.323,82.363,38285.0
2024-06-06,82.383,82.583,81.063,81.393,50823.0
2024-06-07,81.523,81.673,80.223,80.443,49165.0
2024-06-11,80.263,80.263,78.763,79.493,72273.0
2024-06-12,79.163,80.213,79.003,79.583,45026.0
2024-06-13,79.573,79.863,79.023,79.653,41974.0
2024-06-14,79.313,80.303,78.823,80.293,65098.0
2024-06-17,79.683,79.863,78.573,79.133,65953.0
2024-06-18,79.223,79.793,78.303,78.393,71547.0
2024-06-19,78.403,78.513,77.433,77.523,67989.0
2024-06-20,77.423,77.423,75.363,75.363,77395.0
2024-06-21,75.293,75.533,73.583,74.473,75111.0
2024-06-24,73.273,76.503,72.593,75.653,84348.0
2024-06-25,75.723,76.343,74.993,76.103,64001.0
2024-06-26,76.333,76.683,75.283,76.283,54505.0
2024-06-27,75.943,76.543,75.513,76.163,37824.0
2024-06-28,75.883,76.433,74.543,74.623,54010.0
2024-07-01,74.613,75.593,73.613,74.443,43603.0
2024-07-02,74.193,75.283,73.483,73.843,65280.0
2024-07-03,73.813,73.863,72.483,73.393,52797.0
2024-07-04,73.143,73.683,72.563,72.703,42681.0
2024-07-05,72.483,73.363,71.863,72.293,40453.0
2024-07-08,72.393,72.463,70.483,70.693,58772.0
2024-07-09,70.513,71.803,69.913,71.483,49389.0
2024-07-10,71.183,72.873,70.983,71.563,43569.0
2024-07-11,72.453,74.143,72.253,73.743,69538.0
2024-07-12,73.733,74.343,73.603,74.033,46080.0
2024-07-15,73.883,74.653,73.683,73.973,32473.0
2024-07-16,73.973,74.743,73.133,74.343,36184.0
2024-07-17,74.083,76.753,73.893,76.723,74993.0
2024-07-18,75.993,77.383,75.923,76.473,50137.0
2024-07-19,76.093,77.483,75.743,77.443,48027.0
2024-07-22,77.453,77.703,76.273,76.633,39334.0
2024-07-23,76.643,76.953,73.723,73.723,46927.0
2024-07-24,73.693,74.463,73.133,73.963,40397.0
2024-07-25,73.483,75.583,73.383,74.763,44668.0
2024-07-26,74.763,75.713,74.103,74.743,36050.0
2024-07-29,74.483,74.813,73.373,73.393,34354.0
2024-07-30,72.893,73.603,71.683,73.433,41837.0
2024-07-31,73.433,76.263,73.383,75.683,59418.0
2024-08-01,75.413,75.523,73.913,74.253,40039.0
2024-08-02,73.773,74.723,73.593,74.133,22917.0
2024-08-05,73.783,76.023,73.723,74.093,49108.0
2024-08-06,74.503,75.383,74.083,74.573,33529.0
2024-08-07,74.563,74.823,73.943,74.203,31411.0
2024-08-08,73.953,75.573,73.483,74.583,44695.0
2024-08-09,74.983,75.373,74.293,74.303,35625.0
2024-08-12,74.003,74.333,73.613,73.773,27715.0
2024-08-13,73.783,74.053,72.663,73.053,31384.0
2024-08-14,72.983,73.043,72.183,72.413,19630.0
2024-08-15,72.203,73.133,72.103,72.833,25767.0
2024-08-16,72.663,72.823,72.033,72.183,28226.0
2024-08-19,72.083,73.353,71.983,72.053,27973.0
2024-08-20,72.253,72.263,71.133,71.273,32045.0
2024-08-21,71.133,71.723,70.993,71.103,23107.0
2024-08-22,71.073,71.173,69.713,70.273,41701.0
2024-08-23,70.083,71.173,69.983,70.953,25289.0
2024-08-26,70.883,71.373,70.613,71.123,24135.0
2024-08-27,70.783,71.353,70.143,71.353,25508.0
2024-08-28,70.943,71.233,69.273,69.973,48705.0
2024-08-29,69.443,71.533,69.403,71.123,49240.0
2024-08-30,72.123,77.263,71.533,75.763,197710.0
2024-09-02,74.883,75.173,71.883,71.883,81799.0
2024-09-03,71.863,72.683,71.063,71.643,61022.0
2024-09-04,71.153,72.183,71.093,71.133,30132.0
2024-09-05,71.023,71.323,70.083,70.513,47175.0
2024-09-06,70.383,70.513,69.453,69.473,42565.0
2024-09-09,69.233,69.233,67.393,67.853,59033.0
2024-09-10,67.883,68.343,67.493,68.083,31649.0
2024-09-11,67.933,68.233,67.353,67.903,25214.0
2024-09-12,67.803,68.183,66.883,66.883,37464.0
2024-09-13,66.883,67.283,65.903,66.793,53296.0
2024-09-18,66.483,66.683,65.463,66.043,33192.0
2024-09-19,66.183,68.783,65.763,67.173,61951.0
2024-09-20,67.003,67.673,66.413,67.623,39513.0
2024-09-23,67.553,68.953,67.413,67.923,41460.0
2024-09-24,68.543,70.883,67.683,70.883,100880.0
2024-09-25,71.883,73.843,71.683,71.863,110394.0
2024-09-26,71.883,79.323,71.593,79.153,208225.0
2024-09-27,81.393,86.693,80.883,85.013,258126.0
2024-09-30,88.753,93.783,86.883,93.073,309711.0
2024-10-08,102.883,102.883,89.963,91.943,402604.0
2024-10-09,90.383,90.383,82.183,82.273,244592.0
2024-10-10,82.273,85.543,80.953,82.483,168620.0
2024-10-11,82.083,82.903,79.643,80.493,104833.0
2024-10-14,80.493,81.093,78.373,80.393,105632.0
2024-10-15,80.583,80.763,78.393,78.393,87841.0
2024-10-16,77.633,79.083,76.983,77.603,92574.0
2024-10-17,78.033,78.283,76.193,76.283,77972.0
2024-10-18,76.283,80.353,75.743,78.853,124757.0
2024-10-21,78.913,79.333,77.483,79.073,103772.0
2024-10-22,78.873,80.883,78.713,80.373,108701.0
2024-10-23,80.383,81.383,79.463,80.603,87063.0
2024-10-24,79.903,80.323,79.213,79.443,49816.0
2024-10-25,79.193,81.023,79.193,80.223,63582.0
2024-10-28,80.783,81.603,79.393,81.093,91018.0
2024-10-29,81.093,81.553,79.233,79.263,75400.0
2024-10-30,78.873,79.683,77.983,78.513,59706.0
2024-10-31,73.883,74.963,72.993,74.273,201650.0
2024-11-01,73.883,75.233,73.683,74.403,105876.0
2024-11-04,74.133,76.653,73.833,76.553,114876.0
2024-11-05,76.323,80.143,75.673,80.033,142476.0
2024-11-06,80.043,82.663,78.983,81.793,137460.0
2024-11-07,80.983,87.963,80.653,87.833,258630.0
2024-11-08,88.123,88.883,85.083,85.733,181717.0
2024-11-11,84.763,84.763,82.083,83.833,141839.0
2024-11-12,83.763,85.483,82.763,83.113,107876.0
2024-11-13,82.763,83.863,82.483,83.203,57028.0
2024-11-14,83.063,86.053,82.623,83.843,123160.0
2024-11-15,83.683,85.213,82.583,83.333,90860.0
2024-11-18,83.413,83.683,81.203,81.413,76551.0
2024-11-19,81.683,82.333,79.463,81.083,67730.0
2024-11-20,81.083,81.653,80.503,81.243,46009.0
2024-11-21,80.783,81.443,80.483,81.043,36523.0
2024-11-22,81.063,81.313,78.333,78.383,53927.0
2024-11-25,78.383,79.283,77.633,78.133,49323.0
2024-11-26,77.883,79.333,77.693,78.303,38258.0
2024-11-27,77.893,79.563,77.763,79.313,44916.0
2024-11-28,79.323,79.473,78.723,78.973,31743.0
2024-11-29,79.083,80.883,79.083,79.633,54319.0
2024-12-02,79.093,80.983,78.593,80.823,63933.0
2024-12-03,80.983,80.983,79.783,80.283,45466.0
2024-12-04,79.903,80.253,79.093,79.343,46019.0
2024-12-05,78.983,79.183,78.483,79.003,33637.0
2024-12-06,78.993,79.983,78.783,79.563,49345.0
2024-12-09,79.313,79.713,78.633,78.913,47796.0
2024-12-10,81.883,82.413,79.253,79.523,114857.0
2024-12-11,79.003,80.483,78.983,79.723,78572.0
2024-12-12,79.723,81.113,79.303,80.833,103998.0
2024-12-13,80.683,80.683,77.813,77.813,149288.0
2024-12-16,77.683,78.013,76.963,77.553,70149.0
2024-12-17,77.543,78.233,77.093,77.683,64738.0
2024-12-18,77.683,78.413,77.383,78.083,49501.0
2024-12-19,77.893,77.983,77.033,77.583,54173.0
2024-12-20,77.383,79.033,77.383,78.883,55591.0
2024-12-23,78.203,78.363,77.163,77.283,48315.0
2024-12-24,77.293,77.443,76.713,77.123,59111.0
2024-12-25,77.123,77.363,76.713,77.253,35250.0
2024-12-26,77.183,77.743,76.973,77.453,30257.0
2024-12-27,77.433,78.233,77.003,77.903,36959.0
2024-12-30,77.563,78.113,76.813,77.003,50257.0
2024-12-31,77.283,78.553,77.283,77.413,80845.0
2025-01-02,76.963,77.383,74.943,75.163,77409.0
2025-01-03,75.233,76.483,75.083,75.663,74710.0
2025-01-06,74.843,75.593,73.383,74.563,55520.0
2025-01-07,74.753,74.863,73.793,74.733,35339.0
2025-01-08,74.583,75.133,73.193,73.983,42410.0
2025-01-09,73.813,74.763,73.063,73.973,29041.0
2025-01-10,73.883,74.023,72.163,72.203,49165.0
2025-01-13,71.883,72.843,71.693,72.503,32004.0
2025-01-14,72.503,74.333,72.463,74.253,41505.0
2025-01-15,74.153,74.473,73.733,73.853,27371.0
2025-01-16,74.083,74.773,73.233,73.653,31842.0
2025-01-17,73.453,74.283,73.383,73.883,25375.0
2025-01-20,74.083,75.033,73.963,74.233,44602.0
2025-01-21,74.373,74.483,73.703,74.063,25504.0
2025-01-22,73.883,74.013,73.393,73.563,23241.0
2025-01-23,73.913,74.533,73.803,73.893,37271.0
2025-01-24,73.683,74.323,73.303,74.323,44921.0
2025-01-27,74.613,74.633,73.773,74.613,44568.0
2025-02-05,74.613,74.673,73.113,73.333,38820.0
2025-02-06,73.283,73.833,73.113,73.613,29746.0
2025-02-07,73.393,74.783,73.163,74.093,50299.0
2025-02-10,74.103,74.313,73.643,73.793,45178.0
2025-02-11,73.843,73.963,73.233,73.373,30374.0
2025-02-12,73.263,73.683,73.043,73.613,35102.0
2025-02-13,73.653,75.613,73.453,75.003,99249.0
2025-02-14,74.713,75.183,74.423,74.803,43626.0
2025-02-17,75.013,75.673,74.593,74.813,44501.0
2025-02-18,74.513,75.313,73.903,74.153,48457.0
2025-02-19,74.133,74.373,73.423,74.183,39113.0
2025-02-20,74.013,74.553,73.813,74.063,30258.0
2025-02-21,74.513,76.543,74.463,75.073,72442.0
2025-02-24,75.043,76.123,74.613,75.553,61084.0
2025-02-25,75.163,75.163,74.083,74.123,40965.0
2025-02-26,74.123,74.763,74.093,74.603,37429.0
2025-02-27,74.513,75.543,74.313,75.173,56963.0
2025-02-28,75.113,75.973,73.523,73.573,90279.0
2025-03-03,73.613,75.263,73.113,73.323,72739.0
2025-03-04,73.203,73.203,72.023,72.393,66852.0
2025-03-05,72.333,72.803,71.963,72.653,38018.0
2025-03-06,72.813,73.533,72.513,73.333,54096.0
2025-03-07,73.113,74.233,72.893,74.043,63086.0
2025-03-10,73.743,74.063,73.363,73.593,43182.0
2025-03-11,73.143,74.493,73.033,74.493,63394.0
2025-03-12,74.503,74.713,73.033,73.053,102165.0
2025-03-13,73.113,73.613,72.753,72.883,50101.0
2025-03-14,72.913,76.063,72.913,75.233,189962.0
2025-03-17,75.613,75.963,74.713,75.123,95067.0
2025-03-18,75.393,75.473,74.393,74.573,62674.0
2025-03-19,74.633,75.143,74.233,74.463,46579.0
2025-03-20,74.443,74.463,73.773,73.843,58798.0
2025-03-21,73.843,74.523,73.303,73.503,68804.0
2025-03-24,73.513,73.693,72.713,73.113,59516.0
2025-03-25,73.113,73.313,72.783,73.243,46341.0
2025-03-26,73.093,73.313,72.913,73.233,36072.0
2025-03-27,73.003,73.713,72.793,73.533,41200.0
2025-03-28,73.463,73.693,72.943,73.163,33348.0
2025-03-31,73.033,73.343,72.313,72.463,42651.0
2025-04-01,72.703,72.883,72.383,72.613,31384.0
2025-04-02,72.613,72.793,72.423,72.623,22205.0
2025-04-03,72.333,73.333,72.193,72.963,39201.0
2025-04-07,71.363,71.793,68.413,69.613,137724.0
2025-04-08,69.803,70.873,69.443,70.673,98266.0
2025-04-09,69.993,72.113,69.943,71.813,84503.0
2025-04-10,71.903,72.103,71.093,71.603,73116.0
2025-04-11,71.213,71.243,69.963,70.303,84732.0
2025-04-14,70.413,70.633,69.613,69.833,93246.0
2025-04-15,69.603,69.693,69.223,69.663,64733.0
2025-04-16,69.503,69.513,68.543,69.223,79896.0
2025-04-17,68.713,69.783,68.613,69.593,55079.0
2025-04-18,69.393,69.703,68.833,69.463,38635.0
2025-04-21,69.363,69.463,69.153,69.253,33040.0
2025-04-22,69.173,69.393,68.943,69.093,35161.0
2025-04-23,69.213,69.313,68.813,68.953,48077.0
2025-04-24,68.993,69.103,68.483,68.583,53195.0
2025-04-25,68.583,68.963,68.553,68.653,36708.0
2025-04-28,68.663,68.713,67.833,67.913,51664.0
2025-04-29,63.233,65.643,63.233,65.043,132708.0
2025-04-30,64.943,65.393,64.733,64.813,60388.0
2025-05-06,64.913,65.273,64.223,65.003,69885.0
2025-05-07,65.523,66.033,65.013,65.313,55013.0
2025-05-08,65.013,65.763,64.893,65.383,51139.0
2025-05-09,65.313,65.503,65.003,65.013,44278.0
2025-05-12,65.213,65.343,64.973,65.203,41081.0
2025-05-13,65.463,65.563,65.223,65.433,41665.0
2025-05-14,65.423,66.683,65.013,65.943,68932.0
2025-05-15,65.763,66.043,65.093,65.093,46167.0
2025-05-16,65.093,65.293,64.473,64.523,47503.0
2025-05-19,64.013,64.163,63.573,63.933,52636.0
2025-05-20,63.943,64.603,63.913,64.313,40575.0
2025-05-21,64.243,64.613,64.213,64.343,32094.0
2025-05-22,64.323,64.383,63.913,63.963,36313.0
2025-05-23,63.973,64.363,63.513,63.543,44979.0
2025-05-26,63.393,63.453,62.623,62.913,68165.0
2025-05-27,62.813,63.313,62.443,62.593,43430.0
2025-05-28,62.603,62.663,61.753,61.873,76004.0
2025-05-29,61.803,62.243,61.213,62.243,63888.0
2025-05-30,62.013,62.293,61.773,61.913,40710.0
2025-06-03,61.713,62.473,61.513,62.243,52025.0
2025-06-04,62.273,62.903,62.273,62.703,43175.0
2025-06-05,62.793,63.113,62.553,62.863,41306.0
2025-06-06,62.863,63.513,62.683,63.333,51347.0
2025-06-09,63.213,63.403,63.043,63.143,39330.0
2025-06-10,63.143,63.323,62.503,62.593,37990.0
2025-06-11,62.643,63.213,62.633,62.983,34628.0
2025-06-12,62.983,63.023,61.933,62.013,59963.0
2025-06-13,61.813,61.933,60.023,60.043,124265.0
2025-06-16,59.533,62.483,59.383,62.093,104746.0
2025-06-17,62.053,62.673,61.713,61.983,60608.0
2025-06-18,62.483,63.133,62.293,62.713,70153.0
2025-06-19,62.393,62.733,61.713,61.913,45049.0
2025-06-20,62.123,63.103,62.013,62.143,82881.0
2025-06-23,61.763,62.313,61.213,61.543,73407.0
2025-06-24,61.713,62.343,61.623,61.893,61439.0
2025-06-25,61.963,62.573,61.323,62.563,76674.0
2025-06-26,62.563,64.113,62.313,63.353,110906.0
2025-06-27,63.43,63.44,62.16,62.44,85602.0
2025-06-30,62.51,63.45,62.42,63.08,56430.0
2025-07-01,62.88,63.41,62.63,63.17,36437.0
2025-07-02,63.25,64.16,63.04,63.6,66308.0
2025-07-03,63.61,63.98,63.21,63.74,49469.0
2025-07-04,63.61,63.92,63.44,63.73,42950.0
2025-07-07,63.74,63.96,63.29,63.33,44210.0
2025-07-08,63.38,64.13,63.22,64.05,69349.0
2025-07-09,63.98,64.72,63.84,63.9,60656.0
2025-07-10,63.96,64.89,63.81,64.87,58160.0
2025-07-11,64.69,65.52,64.63,64.84,77288.0
2025-07-14,64.78,65.42,64.43,65.23,44660.0
2025-07-15,64.96,65.21,64.19,64.79,50340.0
2025-07-16,64.68,65.48,64.68,65.34,45836.0
2025-07-17,65.41,66.17,65.35,66.12,56705.0
2025-07-18,66.11,68.12,66.04,67.74,104042.0
2025-07-21,67.78,67.8,66.71,66.91,57277.0
2025-07-22,67.03,68.1,66.73,68.06,71116.0
2025-07-23,68.09,68.36,67.25,67.31,62357.0
2025-07-24,67.06,67.45,66.93,67.42,45688.0
2025-07-25,67.45,67.56,66.68,66.83,52447.0
2025-07-28,66.82,66.82,66.14,66.76,47057.0
2025-07-29,66.63,67.06,66.11,66.47,45573.0
2025-07-30,66.45,67.53,66.19,67.03,60207.0
2025-07-31,66.78,67.1,65.89,65.99,67352.0
2025-08-01,66.03,66.89,65.88,66.73,50357.0
2025-08-04,66.44,66.66,66.15,66.54,30869.0
2025-08-05,66.53,67.33,66.45,67.29,45128.0
2025-08-06,67.23,67.52,66.74,67.33,33083.0
2025-08-07,67.33,67.67,67.13,67.54,35907.0
2025-08-08,67.53,67.82,67.19,67.32,34688.0
2025-08-11,67.32,68.5,67.18,68.21,51978.0
2025-08-12,68.22,68.49,67.73,67.78,45603.0
2025-08-13,67.72,67.98,67.33,67.41,46455.0
2025-08-14,67.53,69.73,67.41,68.22,91590.0
2025-08-15,68.03,68.47,67.47,68.42,59983.0
2025-08-18,68.41,68.88,68.18,68.37,62697.0
2025-08-19,68.13,72.61,68.03,72.11,280796.0
2025-08-20,71.52,73.33,70.99,71.91,157069.0
2025-08-21,71.93,72.12,70.45,70.71,95453.0
2025-08-22,70.53,70.93,70.07,70.69,77528.0
2025-08-25,70.71,73.41,70.7,72.8,136784.0
2025-08-26,72.76,73.75,71.95,72.95,97239.0
2025-08-27,72.76,72.81,71.03,71.05,92669.0
2025-08-28,71.03,72.26,69.53,71.39,88042.0
2025-08-29,71.39,73.03,71.39,72.44,87996.0
2025-09-01,72.43,72.86,71.7,72.38,71586.0
2025-09-02,72.24,74.03,72.04,72.26,92498.0
2025-09-03,72.48,73.43,70.83,70.93,61884.0
2025-09-04,70.83,71.39,69.96,71.29,60289.0
2025-09-05,71.21,71.66,70.33,71.53,44467.0
2025-09-08,71.38,72.39,71.23,72.19,62413.0
2025-09-09,71.84,72.33,71.45,72.3,45585.0
2025-09-10,72.26,72.86,71.56,71.84,48903.0
2025-09-11,71.69,72.73,71.47,72.07,59228.0
2025-09-12,72.08,73.02,71.07,71.17,66613.0
2025-09-15,70.88,71.26,70.43,70.66,48604.0
2025-09-16,70.67,70.93,69.91,70.33,46500.0
2025-09-17,70.34,70.73,69.93,70.12,40752.0
2025-09-18,70.12,70.15,68.33,68.66,63122.0
2025-09-19,68.53,69.23,68.34,68.98,48980.0
2025-09-22,68.9,69.19,68.1,68.31,40981.0
2025-09-23,68.23,68.48,67.43,67.85,41519.0
2025-09-24,67.73,68.04,67.55,67.64,31314.0
2025-09-25,67.64,67.72,66.75,66.88,46254.0
2025-09-26,66.86,67.17,66.33,66.48,43192.0
2025-09-29,66.49,67.66,66.03,67.35,49189.0
2025-09-30,67.14,67.22,66.47,66.47,40197.0
2025-10-09,66.47,66.48,65.58,66.14,49620.0
2025-10-10,66.15,66.53,65.91,66.18,44630.0
2025-10-13,65.51,65.73,65.16,65.51,42009.0
2025-10-14,65.82,67.38,65.58,67.3,87691.0
2025-10-15,67.03,68.19,66.79,67.83,51208.0
2025-10-16,67.7,69.11,67.63,69.0,62237.0
2025-10-17,68.99,69.18,68.31,68.53,48661.0
2025-10-20,68.61,68.75,68.09,68.71,31197.0
2025-10-21,68.43,68.83,68.29,68.48,23709.0
2025-10-22,68.41,68.67,68.07,68.25,24188.0
2025-10-23,68.23,68.81,68.11,68.68,27009.0
2025-10-24,68.71,68.9,67.71,67.75,37654.0
2025-10-27,67.68,68.51,67.36,68.3,33946.0
2025-10-28,68.29,68.61,68.03,68.16,24940.0
2025-10-29,68.07,68.15,67.48,67.92,29447.0
2025-10-30,67.92,70.03,67.81,69.35,81112.0
2025-10-31,67.86,70.01,67.83,69.33,96193.0
2025-11-03,69.19,70.07,67.84,69.43,64391.0
2025-11-04,69.43,70.02,68.83,69.09,48719.0
2025-11-05,68.83,69.24,68.09,68.34,34673.0
2025-11-06,68.34,69.19,68.34,68.62,26307.0
2025-11-07,68.38,68.82,67.94,67.99,27844.0
2025-11-10,67.94,70.52,67.93,70.08,81591.0
2025-11-11,70.02,70.08,68.95,69.33,49530.0
2025-11-12,69.18,69.83,68.63,68.83,36558.0
2025-11-13,68.73,69.13,68.35,68.92,47587.0
2025-11-14,68.73,69.53,68.35,68.41,35593.0
2025-11-17,68.38,68.38,66.77,66.99,65319.0
2025-11-18,66.99,67.79,66.84,67.52,43838.0
2025-11-19,67.14,67.48,66.73,67.01,26719.0
2025-11-20,67.03,67.43,66.63,66.79,24897.0
2025-11-21,66.73,67.1,65.43,65.48,55550.0
2025-11-24,65.52,65.78,65.03,65.03,43741.0
2025-11-25,65.18,65.38,64.09,64.24,71121.0
2025-11-26,64.31,64.79,64.23,64.67,39651.0
2025-11-27,64.7,64.81,64.23,64.59,25041.0
2025-11-28,64.44,64.85,64.35,64.73,23044.0
2025-12-01,64.7,64.73,63.85,64.03,58309.0
2025-12-02,64.04,64.13,62.33,62.44,84570.0
2025-12-03,62.36,62.6,61.64,61.93,56445.0
2025-12-04,61.9,61.91,60.69,60.86,64728.0
2025-12-05,60.87,61.53,60.7,61.39,57291.0
2025-12-08,61.37,61.56,61.15,61.28,34930.0
2025-12-09,61.29,61.38,60.5,60.62,38220.0
2025-12-10,60.37,61.53,60.23,61.51,46989.0
2025-12-11,61.43,61.58,60.88,60.96,31039.0
2025-12-12,61.2,61.51,60.55,60.98,50345.0
2025-12-15,61.51,61.58,60.84,60.85,45961.0
2025-12-16,60.54,61.12,60.33,60.91,38362.0
2025-12-17,60.92,61.11,60.53,60.91,35390.0
2025-12-18,60.84,61.01,60.54,60.57,36506.0
2025-12-19,60.63,61.29,60.45,61.28,36909.0
2025-12-22,61.27,61.4,61.03,61.08,25846.0
2025-12-23,61.08,61.18,60.61,60.67,26994.0
2025-12-24,60.67,60.7,60.37,60.63,27747.0
2025-12-25,60.64,61.52,60.56,61.22,37901.0
2025-12-26,61.04,61.04,60.42,60.66,46253.0
2025-12-29,60.66,60.71,59.88,60.0,46478.0
2025-12-30,59.93,59.94,59.57,59.72,32073.0
2025-12-31,59.71,59.83,59.18,59.27,37579.0
2026-01-05,59.22,60.2,59.18,60.11,54870.0
2026-01-06,60.14,61.91,59.86,61.91,49267.0
2026-01-07,61.28,61.28,60.7,60.79,44884.0
2026-01-08,60.64,60.92,60.41,60.83,28691.0
2026-01-09,60.88,61.58,60.83,61.13,46245.0
2026-01-12,61.14,61.98,61.13,61.73,51157.0
2026-01-13,61.75,62.16,61.25,62.08,61758.0
2026-01-14,61.83,62.52,61.25,61.83,66840.0
2026-01-15,61.49,62.07,61.21,61.48,39330.0
2026-01-16,61.47,61.53,60.39,60.53,43133.0
2026-01-19,60.41,60.71,60.2,60.52,30811.0
2026-01-20,60.52,63.23,60.46,62.72,121090.0
2026-01-21,62.38,62.88,61.55,61.71,62275.0
2026-01-22,61.75,63.11,61.74,62.05,77895.0
2026-01-23,62.03,62.62,61.02,61.08,88410.0
2026-01-26,57.53,58.19,54.91,54.92,396611.0
2026-01-27,54.51,54.51,52.64,52.88,236546.0
2026-01-28,52.73,53.43,52.43,52.91,162031.0
2026-01-29,52.65,58.35,52.41,58.35,446367.0
2026-01-30,57.33,57.33,53.53,53.85,296140.0
2026-02-02,53.54,56.08,53.54,54.4,191758.0
2026-02-03,53.89,54.94,53.34,53.74,143953.0
2026-02-04,53.49,54.53,53.15,54.14,122091.0
2026-02-05,53.83,54.88,53.81,54.31,113404.0
2026-02-06,54.03,54.33,53.53,53.77,80892.0
2026-02-09,53.89,54.63,53.89,54.19,74167.0
2026-02-10,54.07,54.08,53.53,53.61,86356.0
2026-02-11,53.53,53.81,53.43,53.56,45637.0
2026-02-12,53.52,53.53,52.85,52.87,73768.0
2026-02-13,52.95,53.27,52.57,52.6,49754.0
2026-02-24,53.23,53.29,52.45,52.45,58233.0
2026-02-25,52.52,52.98,52.44,52.53,68629.0
2026-02-26,52.53,52.54,51.71,51.78,76992.0
2026-02-27,51.75,51.94,51.56,51.73,47094.0
2026-03-02,51.23,51.37,50.41,50.44,93401.0
2026-03-03,50.33,51.12,49.66,49.72,94343.0
2026-03-04,49.45,49.46,48.67,48.84,65948.0
2026-03-05,49.41,49.67,49.09,49.3,42786.0
2026-03-06,49.27,50.38,49.13,50.25,57946.0
2026-03-09,49.62,50.1,49.44,49.7,52453.0
2026-03-10,49.83,50.09,49.65,49.9,41231.0
2026-03-11,49.81,49.98,49.55,49.84,45493.0
2026-03-12,49.78,49.96,49.24,49.55,61559.0
2026-03-13,49.49,50.01,49.36,49.76,69613.0
2026-03-16,49.69,50.52,49.58,50.29,95609.0
2026-03-17,50.22,50.86,50.06,50.08,54302.0
2026-03-18,50.17,50.21,49.49,49.88,49440.0
2026-03-19,49.53,49.75,49.2,49.29,37065.0
2026-03-20,49.3,49.68,48.8,48.89,43153.0
2026-03-23,48.52,48.53,47.13,47.27,72781.0
2026-03-24,47.74,48.29,47.28,48.22,52610.0
2026-03-25,48.33,48.6,48.08,48.55,34461.0
2026-03-26,48.73,49.52,48.39,48.41,50712.0
2026-03-27,48.16,49.59,48.14,49.33,61725.0
2026-03-30,48.98,50.12,48.82,49.62,46114.0
2026-03-31,50.32,50.61,49.26,49.27,55378.0
2026-04-01,49.69,50.33,49.35,49.88,46135.0
2026-04-02,49.68,50.72,49.63,50.38,57672.0
2026-04-03,50.38,50.39,49.13,49.19,35701.0
2026-04-07,49.23,49.39,48.06,48.3,46419.0
2026-04-08,48.89,49.22,48.64,49.22,43949.0
2026-04-09,48.97,49.09,48.3,48.45,37109.0
2026-04-10,48.54,49.01,48.51,48.8,36955.0
2026-04-13,48.58,48.67,48.33,48.65,23190.0
2026-04-14,48.72,49.01,48.43,48.93,47317.0
2026-04-15,48.9,49.41,48.61,49.05,41498.0
2026-04-16,49.05,49.21,48.79,48.93,40878.0
2026-04-17,48.43,48.45,48.15,48.27,44899.0
2026-04-20,48.26,48.64,48.01,48.48,34545.0
2026-04-21,48.63,48.88,48.18,48.26,31127.0
2026-04-22,48.2,48.22,47.89,47.95,35668.0
2026-04-23,48.08,49.03,48.08,48.56,69450.0
2026-04-24,48.43,48.98,48.24,48.4,46442.0
2026-04-27,48.23,48.3,47.86,47.96,40009.0
2026-04-28,47.73,48.71,47.73,48.03,51799.0
2026-04-29,48.03,48.72,47.83,48.31,57189.0
2026-04-30,48.26,48.36,47.76,47.76,52805.0
2026-05-06,47.27,47.39,47.01,47.21,64675.0
2026-05-07,47.33,47.63,47.09,47.16,64183.0
2026-05-08,47.03,47.09,46.71,46.83,55465.0
2026-05-11,46.76,47.12,46.35,46.82,69941.0
2026-05-12,46.75,46.91,46.14,46.15,61001.0
2026-05-13,46.14,46.23,45.32,45.55,68407.0
2026-05-14,45.39,46.68,44.75,45.68,104043.0
2026-05-15,45.21,45.25,44.44,44.48,67650.0
2026-05-18,44.33,44.36,43.46,43.65,66491.0
2026-05-19,43.53,44.23,43.53,43.68,45651.0
2026-05-20,43.53,43.98,43.14,43.38,52848.0
2026-05-21,43.32,43.93,43.08,43.13,63830.0
2026-05-22,43.13,43.22,42.08,42.14,68597.0
2026-05-25,42.02,43.25,41.85,43.0,92103.0
2026-05-26,42.73,43.6,42.48,42.72,52481.0
2026-05-27,42.53,44.74,41.94,43.74,126886.0
2026-05-28,43.28,43.32,42.22,42.39,66659.0
2026-05-29,42.19,44.4,42.15,43.92,133336.0
2026-06-01,43.81,44.22,43.44,44.12,63183.0
2026-06-02,44.02,44.35,43.22,43.22,60348.0
2026-06-03,43.22,43.22,42.23,42.55,59040.0
2026-06-04,42.57,42.94,41.53,41.54,60558.0
2026-06-05,41.81,42.68,41.44,41.83,57651.0
2026-06-08,41.83,42.28,40.63,40.78,59268.0
2026-06-09,40.73,41.03,40.33,40.51,45195.0
2026-06-10,40.51,41.98,40.35,41.77,86773.0
2026-06-11,41.49,42.11,41.33,41.89,50122.0
2026-06-12,41.73,42.87,41.53,41.53,88494.0
2026-06-15,41.61,42.08,41.17,41.62,64056.0
2026-06-16,41.53,41.78,40.71,41.33,64786.0
2026-06-17,41.33,41.63,40.25,40.61,61680.0
2026-06-18,40.48,40.53,39.27,39.56,66536.0
2026-06-22,39.37,40.32,38.91,39.78,69768.0
2026-06-23,39.61,40.41,39.08,39.21,70502.0
2026-06-24,39.14,39.59,38.5,38.51,68173.0
2026-06-25,38.28,39.53,38.09,38.7,90837.0
2026-06-26,38.62,39.03,37.73,37.75,71486.0
2026-06-29,37.68,38.82,37.03,38.59,92969.0
2026-06-30,38.59,38.77,37.83,38.15,75609.0
2026-07-01,38.1,38.96,37.84,38.61,84855.0
2026-07-02,38.5,39.08,38.14,38.41,71624.0
2026-07-03,38.53,39.11,38.33,38.68,69357.0
2026-07-06,38.5,39.45,38.33,39.19,66597.0
2026-07-07,39.09,39.09,37.8,37.92,62254.0
2026-07-08,37.98,38.44,37.52,38.21,56581.0
2026-07-09,38.0,38.17,37.51,37.64,45936.0
2026-07-10,37.66,38.9,37.29,38.65,89504.0
2026-07-13,38.35,38.53,37.91,38.1,58539.0
2026-07-14,38.02,38.24,37.75,38.08,52398.0
2026-07-15,37.95,40.09,37.7,39.69,127856.0
2026-07-16,39.69,40.43,39.4,40.17,99254.0
2026-07-17,40.16,40.81,39.49,39.77,99617.0
2026-07-20,39.8,41.17,39.8,40.94,127177.0
2026-07-21,40.6,41.87,40.11,40.27,141465.0
2026-07-22,40.04,40.83,39.54,40.83,101911.0
2026-07-23,40.33,40.69,39.8,40.25,64916.0
2026-07-24,40.11,40.5,39.32,39.34,57028.0
2026-07-27,39.33,39.93,39.24,39.7,44393.0
2026-07-28,39.63,40.31,39.47,40.12,65371.0
2026-07-29,40.0,40.99,40.0,40.49,102943.0
2026-07-30,40.37,43.05,40.36,42.44,181186.0
2026-07-31,41.8,42.9,41.6,42.9,110091.0
2026-08-03,42.8,43.23,42.57,42.63,73082.0
2026-08-04,42.8,42.88,41.86,41.92,72504.0
2026-08-05,41.94,42.0,41.16,41.29,80183.0
2026-08-06,41.39,41.48,40.6,40.88,76772.0
2026-08-07,40.86,40.96,40.22,40.84,74589.0
2026-08-10,40.8,42.01,40.8,41.57,95110.0
2026-08-11,41.29,41.57,40.8,41.1,59122.0
2026-08-12,40.95,41.98,40.82,41.62,84369.0
2026-08-13,41.4,42.13,41.4,41.57,70962.0
2026-08-14,41.56,41.64,40.55,40.58,60831.0
2026-08-17,40.0,40.0,39.43,39.82,72219.0
2026-08-18,39.8,40.22,39.44,39.65,43527.0
2026-08-19,39.58,39.88,39.0,39.02,44737.0
2026-08-20,39.04,39.58,39.04,39.41,41189.0
2026-08-21,39.41,39.44,38.73,38.83,37252.0
2026-08-24,38.82,39.24,38.7,39.05,41773.0
2026-08-25,38.97,39.44,38.97,39.43,34325.0
2026-08-26,39.2,39.97,39.08,39.91,45047.0
2026-08-27,39.11,39.23,38.55,38.88,85697.0
2026-08-28,38.8,39.25,38.67,39.13,51033.0
2026-08-31,39.13,39.23,38.6,38.64,53442.0
2026-09-01,38.59,39.69,38.5,39.46,69521.0
2026-09-02,39.46,39.59,38.8,38.85,41092.0
2026-09-03,38.8,39.21,38.68,38.75,34533.0
2026-09-04,38.77,39.89,38.76,39.59,79982.0
2026-09-07,39.55,39.74,39.19,39.5,42122.0
2026-09-08,39.41,39.88,39.39,39.68,37726.0
2026-09-09,39.61,39.62,39.1,39.12,45297.0
2026-09-10,39.09,39.19,38.4,38.48,60847.0
2026-09-11,38.39,38.39,37.88,38.07,43217.0
2026-09-14,38.07,38.33,37.98,38.07,22227.0
2026-09-15,38.09,38.29,37.91,37.93,22720.0
2026-09-16,37.89,37.97,37.54,37.91,24991.0
2026-09-17,37.78,38.11,37.68,37.95,20838.0
2026-09-18,37.96,38.28,37.93,38.06,27657.0
2026-09-21,38.1,38.5,37.91,38.4,33869.0
2026-09-22,38.4,38.61,38.18,38.35,34046.0
2026-09-23,38.35,38.76,37.97,38.03,55668.0
