date,open,high,low,close,volume
2018-06-11,30.17,36.2,30.17,36.2,788.0
2018-06-12,39.82,39.82,39.82,39.82,265.0
2018-06-13,43.8,43.8,43.8,43.8,450.0
2018-06-14,48.18,48.18,48.18,48.18,742.0
2018-06-15,53.0,53.0,53.0,53.0,2565.0
2018-06-19,58.3,58.3,58.3,58.3,11174.0
2018-06-20,64.13,64.13,64.13,64.13,13103.0
2018-06-21,70.54,70.54,70.54,70.54,12316.0
2018-06-22,72.0,72.71,63.49,66.55,1281705.0
2018-06-25,68.2,71.6,67.22,69.19,699819.0
2018-06-26,67.89,75.55,67.1,74.18,625535.0
2018-06-27,74.21,74.93,71.77,74.09,441388.0
2018-06-28,73.3,75.39,67.44,68.21,530809.0
2018-06-29,68.68,74.3,67.77,71.96,456985.0
2018-07-02,70.79,71.48,69.11,70.0,324701.0
2018-07-03,70.2,71.19,65.85,69.29,339100.0
2018-07-04,68.15,68.15,65.5,65.92,262821.0
2018-07-05,65.0,71.88,64.88,68.81,343377.0
2018-07-06,68.81,74.5,68.7,70.88,492134.0
2018-07-09,70.8,71.57,69.11,71.55,310689.0
2018-07-10,75.0,75.89,71.66,72.4,364844.0
2018-07-11,70.0,78.94,69.58,77.06,491208.0
2018-07-12,76.03,84.77,75.6,84.77,430852.0
2018-07-13,82.0,88.47,81.03,82.7,482020.0
2018-07-16,82.7,84.75,80.1,83.9,295151.0
2018-07-17,83.11,84.17,79.66,82.28,286153.0
2018-07-18,82.28,84.37,80.11,82.28,271138.0
2018-07-19,82.0,85.15,80.67,82.89,250744.0
2018-07-20,82.5,91.18,82.01,90.93,426956.0
2018-07-23,89.0,90.54,87.55,88.62,250143.0
2018-07-24,88.5,92.96,87.5,91.77,265010.0
2018-07-25,91.0,95.08,82.59,82.59,457193.0
2018-07-26,80.5,82.6,76.6,78.2,392869.0
2018-07-27,78.0,78.64,75.67,76.05,228095.0
2018-07-30,76.5,77.34,75.0,76.85,180418.0
2018-07-31,76.78,76.79,70.51,72.22,281283.0
2018-08-01,72.0,73.63,71.02,71.42,179336.0
2018-08-02,70.4,73.29,70.05,72.56,198535.0
2018-08-03,71.76,73.14,68.66,69.6,172888.0
2018-08-06,69.0,71.08,67.6,69.65,157069.0
2018-08-07,70.48,74.46,70.0,73.79,199649.0
2018-08-08,73.5,73.58,71.11,71.52,147708.0
2018-08-09,71.4,75.66,70.3,74.06,184748.0
2018-08-10,73.6,74.49,73.02,74.44,116738.0
2018-08-13,73.0,74.19,72.03,74.01,109495.0
2018-08-14,73.8,73.89,71.44,71.57,117356.0
2018-08-15,70.98,72.03,69.0,69.11,129167.0
2018-08-16,68.0,69.88,66.21,68.99,107152.0
2018-08-17,69.9,70.51,68.1,68.16,82248.0
2018-08-20,67.88,69.11,66.0,68.95,109229.0
2018-08-21,68.97,70.78,68.02,69.57,102088.0
2018-08-22,69.06,70.25,67.21,67.47,89999.0
2018-08-23,67.65,69.65,67.08,69.1,121931.0
2018-08-24,67.81,71.2,67.7,68.8,133609.0
2018-08-27,68.58,70.98,67.89,70.46,129150.0
2018-08-28,70.61,74.32,70.4,73.01,188139.0
2018-08-29,72.6,73.5,71.81,73.02,103338.0
2018-08-30,73.19,74.0,69.63,69.99,136818.0
2018-08-31,68.49,69.2,65.01,65.5,159012.0
2018-09-03,64.8,64.8,61.0,63.26,159108.0
2018-09-04,63.2,64.25,62.76,63.85,80675.0
2018-09-05,63.6,63.98,61.39,61.39,96892.0
2018-09-06,60.6,62.65,60.32,61.84,88540.0
2018-09-07,62.49,64.88,62.21,63.32,127485.0
2018-09-10,63.56,63.79,61.0,61.35,65451.0
2018-09-11,61.4,63.16,61.4,62.57,66293.0
2018-09-12,62.8,65.25,62.61,64.5,121159.0
2018-09-13,65.64,66.1,63.39,64.8,98520.0
2018-09-14,66.3,69.0,65.86,65.9,158318.0
2018-09-17,64.57,65.48,63.59,63.71,71314.0
2018-09-18,63.0,66.41,62.99,66.36,77892.0
2018-09-19,65.99,68.56,65.45,67.33,95025.0
2018-09-20,67.01,69.9,67.01,67.99,102007.0
2018-09-21,68.63,69.9,67.86,69.19,77482.0
2018-09-25,68.4,69.3,67.71,68.33,42041.0
2018-09-26,68.66,73.5,68.66,72.89,160615.0
2018-09-27,72.25,74.95,71.7,72.55,136946.0
2018-09-28,72.11,75.09,72.11,73.0,119210.0
2018-10-08,71.88,71.88,67.8,68.45,131167.0
2018-10-09,68.91,69.16,64.1,64.9,133893.0
2018-10-10,65.61,65.8,63.6,64.9,71632.0
2018-10-11,61.88,63.47,59.51,60.45,128094.0
2018-10-12,60.45,63.16,60.38,62.86,86003.0
2018-10-15,68.8,69.15,67.88,69.15,198014.0
2018-10-16,70.0,70.36,67.94,68.85,104521.0
2018-10-17,69.77,71.78,69.21,70.0,142321.0
2018-10-18,68.7,71.4,65.52,68.03,108109.0
2018-10-19,67.01,74.26,67.01,73.77,141251.0
2018-10-22,74.09,81.1,74.09,79.1,181063.0
2018-10-23,78.1,79.96,76.1,78.0,127366.0
2018-10-24,77.84,79.47,76.12,77.0,100428.0
2018-10-25,75.0,81.58,74.51,80.91,133722.0
2018-10-26,80.69,80.69,73.01,74.6,176917.0
2018-10-29,74.94,75.4,70.6,70.76,127197.0
2018-10-30,70.65,75.35,69.88,75.0,128875.0
2018-10-31,75.29,77.43,74.2,74.5,97943.0
2018-11-01,75.2,76.82,73.21,73.61,97239.0
2018-11-02,76.14,78.63,76.05,78.48,137058.0
2018-11-05,78.48,82.48,77.8,79.39,130635.0
2018-11-06,79.03,82.4,76.0,81.57,121658.0
2018-11-07,80.2,82.38,78.21,79.04,126587.0
2018-11-08,79.84,80.38,76.89,77.31,80448.0
2018-11-09,77.0,79.05,76.66,77.75,60639.0
2018-11-12,77.0,83.8,76.7,83.25,148899.0
2018-11-13,82.0,82.51,79.8,81.63,142870.0
2018-11-14,80.41,83.0,79.75,81.0,107907.0
2018-11-15,80.41,82.2,79.9,81.35,75768.0
2018-11-16,81.68,81.76,78.62,80.11,98094.0
2018-11-19,79.59,81.48,79.0,79.35,72590.0
2018-11-20,78.71,79.2,77.56,77.77,77220.0
2018-11-21,77.5,79.75,76.5,78.65,73148.0
2018-11-22,78.2,79.44,77.6,77.91,40717.0
2018-11-23,77.91,77.95,73.9,73.98,104037.0
2018-11-26,73.8,74.88,72.8,74.62,76100.0
2018-11-27,74.68,76.85,73.76,75.6,79533.0
2018-11-28,75.75,79.48,75.25,78.68,99188.0
2018-11-29,79.5,81.5,78.03,78.03,97362.0
2018-11-30,78.01,80.99,78.01,80.03,90675.0
2018-12-03,82.52,83.49,80.56,80.85,126452.0
2018-12-04,80.2,83.08,80.04,82.3,95796.0
2018-12-05,81.0,82.6,80.6,81.37,73915.0
2018-12-06,80.8,82.28,79.0,79.01,113853.0
2018-12-07,79.18,80.46,79.18,79.7,56421.0
2018-12-10,79.45,80.37,76.8,78.29,76068.0
2018-12-11,78.5,79.18,77.82,78.56,34500.0
2018-12-12,79.34,81.98,79.0,81.5,94724.0
2018-12-13,81.92,82.27,80.58,82.11,72444.0
2018-12-14,81.93,82.48,79.31,79.34,70905.0
2018-12-17,78.8,80.49,77.0,80.16,68644.0
2018-12-18,79.0,80.59,78.68,79.55,48855.0
2018-12-19,79.16,81.7,78.34,79.5,70926.0
2018-12-20,79.38,79.39,76.23,77.34,97737.0
2018-12-21,77.54,78.5,75.6,78.5,88737.0
2018-12-24,77.68,79.24,77.01,78.03,59388.0
2018-12-25,77.04,77.74,75.65,77.2,65883.0
2018-12-26,77.2,77.9,75.53,75.9,49252.0
2018-12-27,77.2,77.48,75.78,75.78,48814.0
2018-12-28,75.69,76.62,73.8,73.8,56292.0
2019-01-02,74.25,74.97,73.53,73.66,43940.0
2019-01-03,72.51,74.54,72.51,73.83,44949.0
2019-01-04,73.33,77.24,73.23,76.96,79053.0
2019-01-07,76.94,77.65,76.3,77.42,59695.0
2019-01-08,77.22,79.45,77.2,79.33,85749.0
2019-01-09,77.0,78.21,75.18,77.98,123798.0
2019-01-10,77.64,77.85,76.02,76.28,83942.0
2019-01-11,76.6,76.75,74.8,75.29,61367.0
2019-01-14,75.3,76.33,74.3,76.08,48487.0
2019-01-15,76.0,77.48,74.85,77.37,58736.0
2019-01-16,76.9,77.2,76.41,76.67,25738.0
2019-01-17,76.95,77.69,76.41,76.66,37188.0
2019-01-18,77.16,77.16,74.0,75.4,65039.0
2019-01-21,75.03,75.63,74.26,75.24,52411.0
2019-01-22,75.0,75.67,74.03,74.27,42588.0
2019-01-23,74.26,75.66,74.01,75.44,48847.0
2019-01-24,75.0,75.86,74.7,75.17,37984.0
2019-01-25,75.64,78.79,75.17,77.44,91189.0
2019-01-28,78.1,78.26,76.02,76.07,46288.0
2019-01-29,76.26,77.39,74.1,76.68,52363.0
2019-01-30,74.33,77.36,73.61,76.2,77077.0
2019-01-31,76.27,77.77,76.05,76.12,44127.0
2019-02-01,76.67,79.17,76.2,78.4,62144.0
2019-02-11,78.99,81.38,78.98,81.0,83433.0
2019-02-12,80.5,81.6,80.03,81.0,49891.0
2019-02-13,80.8,83.57,80.37,81.7,78771.0
2019-02-14,81.5,88.88,81.35,84.72,127233.0
2019-02-15,84.4,86.0,82.4,82.42,105153.0
2019-02-18,83.15,84.88,82.56,84.46,87787.0
2019-02-19,84.66,84.78,81.8,82.29,94257.0
2019-02-20,82.8,84.5,82.1,83.17,60674.0
2019-02-21,82.7,84.87,82.3,83.33,82287.0
2019-02-22,83.0,85.3,82.11,84.37,89600.0
2019-02-25,85.77,91.66,85.77,91.32,154113.0
2019-02-26,90.0,90.8,87.68,88.5,113242.0
2019-02-27,87.7,89.39,85.3,86.05,91037.0
2019-02-28,86.01,89.18,86.01,87.7,72399.0
2019-03-01,91.1,92.88,89.4,90.03,96192.0
2019-03-04,91.5,95.16,90.73,92.39,140369.0
2019-03-05,92.38,92.98,91.2,92.6,86156.0
2019-03-06,93.12,93.8,89.38,91.2,104329.0
2019-03-07,90.85,90.85,86.68,87.89,137071.0
2019-03-08,86.0,88.3,84.72,84.97,110696.0
2019-03-11,84.73,88.18,84.55,87.92,93546.0
2019-03-12,91.6,93.85,89.21,91.07,147634.0
2019-03-13,90.99,90.99,87.71,88.08,75777.0
2019-03-14,87.98,90.48,87.32,88.95,79825.0
2019-03-15,90.01,91.4,88.97,89.83,78215.0
2019-03-18,89.89,90.0,87.9,89.28,72757.0
2019-03-19,89.15,91.88,88.0,88.6,68170.0
2019-03-20,88.5,88.5,85.82,87.17,88141.0
2019-03-21,87.0,88.4,85.95,87.12,81359.0
2019-03-22,87.12,87.12,85.21,86.58,60189.0
2019-03-25,87.97,90.58,87.02,89.0,129906.0
2019-03-26,88.02,88.49,84.9,85.3,97197.0
2019-03-27,85.5,86.54,82.3,83.41,94921.0
2019-03-28,83.34,84.36,82.1,83.2,58571.0
2019-03-29,83.42,85.0,82.65,85.0,71241.0
2019-04-01,85.16,86.96,85.0,86.35,92390.0
2019-04-02,86.35,86.43,84.33,84.98,102413.0
2019-04-03,84.8,85.2,83.88,84.48,71840.0
2019-04-04,84.63,85.16,84.0,84.17,66796.0
2019-04-08,84.71,84.9,81.1,82.29,113769.0
2019-04-09,84.76,85.25,82.9,83.91,119422.0
2019-04-10,83.81,83.81,81.7,82.24,108408.0
2019-04-11,82.25,82.6,80.58,80.72,89537.0
2019-04-12,80.92,82.61,80.91,81.98,59356.0
2019-04-15,82.8,83.01,80.95,80.97,59950.0
2019-04-16,80.5,82.27,80.37,82.27,57187.0
2019-04-17,83.5,86.28,83.5,86.11,205004.0
2019-04-18,86.12,86.3,84.42,84.65,70617.0
2019-04-19,84.52,84.99,82.9,83.2,62967.0
2019-04-22,83.21,83.6,81.03,81.23,66492.0
2019-04-23,80.5,80.65,75.01,78.17,115259.0
2019-04-24,78.18,79.86,77.4,79.78,51343.0
2019-04-25,78.59,80.86,78.1,79.1,52973.0
2019-04-26,79.0,80.35,78.98,79.35,34918.0
2019-04-29,80.99,81.37,79.15,79.78,47882.0
2019-04-30,79.8,80.58,79.15,79.76,31090.0
2019-05-06,76.87,77.66,75.06,75.7,65431.0
2019-05-07,76.0,77.42,75.62,75.85,37119.0
2019-05-08,74.9,76.17,73.7,74.61,34995.0
2019-05-09,74.0,75.09,72.63,72.7,48134.0
2019-05-10,73.48,74.49,70.72,74.1,54074.0
2019-05-13,73.05,73.26,71.26,71.59,46327.0
2019-05-14,71.92,73.2,71.91,72.16,43329.0
2019-05-15,72.5,75.15,72.5,74.98,66195.0
2019-05-16,74.8,74.84,73.9,74.33,37371.0
2019-05-17,74.71,74.71,71.92,72.25,36003.0
2019-05-20,71.37,72.08,67.89,69.69,45237.0
2019-05-21,70.22,71.18,69.88,70.15,31949.0
2019-05-22,70.72,70.92,69.25,69.37,27823.0
2019-05-23,68.8,69.25,67.3,67.48,44016.0
2019-05-24,67.82,68.2,66.99,67.85,29311.0
2019-05-27,67.99,69.64,67.68,69.2,43690.0
2019-05-28,69.2,71.88,68.8,71.88,53181.0
2019-05-29,70.21,71.29,70.05,70.57,32951.0
2019-05-30,70.49,70.49,68.9,69.81,28726.0
2019-05-31,70.3,70.47,69.36,69.44,25166.0
2019-06-03,68.6,69.67,68.0,68.16,32528.0
2019-06-04,68.4,68.4,66.8,66.87,31666.0
2019-06-05,67.37,69.35,67.36,69.07,50093.0
2019-06-06,68.81,68.89,66.66,66.94,37484.0
2019-06-10,67.85,70.27,66.91,67.6,88452.0
2019-06-11,64.02,68.94,64.0,68.19,241071.0
2019-06-12,67.27,69.5,67.27,68.65,153508.0
2019-06-13,68.6,72.26,67.9,71.01,215487.0
2019-06-14,71.07,74.18,70.8,72.18,204332.0
2019-06-17,72.25,73.83,71.1,71.96,120704.0
2019-06-18,71.9,72.38,70.4,71.05,81801.0
2019-06-19,72.98,73.24,69.12,69.68,142814.0
2019-06-20,69.68,70.24,68.25,69.06,128161.0
2019-06-21,71.0,71.0,68.85,69.09,118185.0
2019-06-24,69.09,69.13,67.91,68.86,66058.0
2019-06-25,68.84,69.2,67.81,68.83,76387.0
2019-06-26,68.44,70.56,68.29,69.98,94483.0
2019-06-27,69.82,70.71,69.45,69.93,109489.0
2019-06-28,68.9,69.43,68.0,68.88,57212.0
2019-07-01,70.0,71.0,69.31,70.32,130772.0
2019-07-02,70.28,72.38,69.96,71.04,162519.0
2019-07-03,70.51,73.01,70.28,71.8,221001.0
2019-07-04,71.99,72.28,70.55,71.05,80844.0
2019-07-05,71.1,71.5,70.02,71.08,88937.0
2019-07-08,70.53,70.53,67.89,68.86,83043.0
2019-07-09,68.88,70.89,68.5,70.86,96027.0
2019-07-10,71.1,73.47,71.0,72.25,159315.0
2019-07-11,73.5,73.52,71.9,72.42,70672.0
2019-07-12,72.79,74.23,72.51,73.88,94172.0
2019-07-15,74.51,74.58,73.0,73.66,112714.0
2019-07-16,73.41,73.66,71.31,72.82,96070.0
2019-07-17,72.45,73.84,72.28,72.99,43172.0
2019-07-18,72.46,72.8,71.33,71.5,45170.0
2019-07-19,71.71,72.95,71.57,72.5,57358.0
2019-07-22,72.642,73.742,71.652,73.222,87657.0
2019-07-23,73.542,77.092,72.762,76.012,164707.0
2019-07-24,76.342,77.072,75.542,75.822,119685.0
2019-07-25,75.842,76.892,75.442,75.952,118401.0
2019-07-26,75.502,77.912,75.502,76.802,115263.0
2019-07-29,76.662,77.542,76.152,76.822,70375.0
2019-07-30,77.042,78.632,76.282,77.902,96458.0
2019-07-31,77.742,77.742,76.142,76.142,66221.0
2019-08-01,76.042,77.072,75.422,75.942,67503.0
2019-08-02,74.132,75.742,73.892,75.422,71660.0
2019-08-05,74.842,75.342,73.022,73.142,89916.0
2019-08-06,70.942,72.832,70.652,72.292,84938.0
2019-08-07,72.642,74.692,72.582,73.472,86048.0
2019-08-08,74.142,74.322,72.942,73.222,38743.0
2019-08-09,74.112,74.112,71.652,72.072,47326.0
2019-08-12,71.952,73.542,71.672,73.512,42536.0
2019-08-13,72.962,74.432,72.722,73.612,53094.0
2019-08-14,74.142,75.232,73.642,73.642,63248.0
2019-08-15,72.092,74.342,71.852,74.312,46222.0
2019-08-16,74.142,74.342,73.172,73.362,69540.0
2019-08-19,73.842,76.342,73.362,76.342,105122.0
2019-08-20,76.322,76.492,75.302,75.572,68190.0
2019-08-21,75.362,77.092,75.362,75.942,65330.0
2019-08-22,76.142,76.142,75.142,75.742,49174.0
2019-08-23,75.732,75.732,72.062,74.042,165651.0
2019-08-26,73.032,73.872,72.642,72.912,91278.0
2019-08-27,73.502,74.672,73.252,73.442,96052.0
2019-08-28,74.312,74.412,72.502,72.662,86400.0
2019-08-29,72.652,72.672,71.172,71.222,100760.0
2019-08-30,71.602,73.022,70.702,72.412,118967.0
2019-09-02,72.332,73.282,72.032,73.102,98066.0
2019-09-03,72.852,73.042,70.982,71.342,130194.0
2019-09-04,71.022,71.522,70.042,71.322,117106.0
2019-09-05,71.352,72.532,71.352,71.442,123015.0
2019-09-06,71.592,72.442,71.592,72.002,82921.0
2019-09-09,72.652,77.142,72.202,77.142,258029.0
2019-09-10,77.472,77.892,76.592,77.362,188278.0
2019-09-11,78.042,81.222,77.502,77.912,212306.0
2019-09-12,78.342,79.842,77.442,78.142,154047.0
2019-09-16,79.132,79.442,76.462,76.842,135279.0
2019-09-17,76.722,76.722,74.352,74.662,143175.0
2019-09-18,75.192,75.602,74.592,74.732,100855.0
2019-09-19,74.732,76.142,74.732,75.522,141323.0
2019-09-20,75.662,76.262,74.742,75.002,128027.0
2019-09-23,75.012,75.022,72.442,73.132,123098.0
2019-09-24,73.282,74.062,72.202,72.872,128426.0
2019-09-25,72.742,73.922,71.992,73.102,133953.0
2019-09-26,73.342,73.492,71.162,71.592,130923.0
2019-09-27,71.592,72.032,71.202,71.602,71437.0
2019-09-30,71.942,72.212,71.302,71.642,67607.0
2019-10-08,71.752,72.122,70.342,70.402,87357.0
2019-10-09,70.152,70.172,68.522,69.242,132218.0
2019-10-10,70.212,71.782,69.902,71.042,122851.0
2019-10-11,71.312,72.282,70.472,71.602,94925.0
2019-10-14,72.042,72.142,70.642,70.992,122035.0
2019-10-15,70.992,72.242,70.802,71.112,89350.0
2019-10-16,71.152,71.472,69.642,69.832,81236.0
2019-10-17,69.842,70.112,69.032,69.442,72455.0
2019-10-18,69.742,70.462,69.502,70.232,76282.0
2019-10-21,70.422,70.422,69.142,69.782,50431.0
2019-10-22,70.142,71.062,70.142,70.862,69273.0
2019-10-23,70.842,71.292,70.192,70.902,63176.0
2019-10-24,71.072,72.092,71.022,71.772,90432.0
2019-10-25,71.842,71.892,70.702,71.162,53897.0
2019-10-28,70.192,70.962,69.822,70.952,99662.0
2019-10-29,71.032,71.032,69.272,69.422,98656.0
2019-10-30,69.142,69.862,68.522,69.662,75613.0
2019-10-31,69.522,69.972,68.822,68.852,56268.0
2019-11-01,68.662,69.542,68.562,69.472,56134.0
2019-11-04,69.742,70.132,69.242,70.072,82866.0
2019-11-05,70.452,74.492,70.072,73.622,237825.0
2019-11-06,76.412,79.022,75.492,76.042,441481.0
2019-11-07,75.442,77.052,74.272,75.442,216633.0
2019-11-08,76.042,77.342,75.142,75.762,190358.0
2019-11-11,74.922,75.542,73.842,73.842,99913.0
2019-11-12,74.142,75.442,73.692,74.592,90842.0
2019-11-13,74.942,75.032,73.932,74.082,67352.0
2019-11-14,74.542,74.992,73.952,74.242,67258.0
2019-11-15,74.432,74.432,71.742,72.742,107220.0
2019-11-18,73.022,73.332,72.292,73.012,44955.0
2019-11-19,73.422,77.112,73.022,77.082,186313.0
2019-11-20,76.972,78.242,76.342,76.442,112468.0
2019-11-21,76.842,78.242,76.442,77.292,124424.0
2019-11-22,82.142,84.742,79.602,80.642,423471.0
2019-11-25,81.492,83.792,81.142,83.722,280837.0
2019-11-26,83.132,89.742,82.042,88.142,391483.0
2019-11-27,87.592,89.002,86.112,87.392,194442.0
2019-11-28,86.842,89.742,86.292,87.552,145224.0
2019-11-29,87.262,89.042,85.522,87.552,129221.0
2019-12-02,88.342,88.462,85.942,87.242,119017.0
2019-12-03,87.142,87.392,84.732,86.542,156894.0
2019-12-04,86.502,88.902,85.322,86.842,168785.0
2019-12-05,87.162,93.602,87.102,92.142,263629.0
2019-12-06,91.842,93.532,91.242,93.142,134377.0
2019-12-09,93.642,93.642,91.042,93.032,147499.0
2019-12-10,92.142,94.582,91.442,93.492,126949.0
2019-12-11,93.492,94.332,90.642,91.632,133255.0
2019-12-12,91.602,93.042,89.362,89.842,148786.0
2019-12-13,91.672,93.542,90.462,93.142,182898.0
2019-12-16,92.682,93.012,91.422,92.442,182178.0
2019-12-17,94.942,97.332,94.582,95.532,277393.0
2019-12-18,94.602,94.642,92.312,93.332,186405.0
2019-12-19,93.642,93.722,91.662,93.392,108433.0
2019-12-20,93.382,95.022,92.852,92.922,103579.0
2019-12-23,92.142,95.532,91.702,93.042,141429.0
2019-12-24,93.342,100.232,93.342,99.642,297043.0
2019-12-25,99.492,105.622,98.292,105.442,233077.0
2019-12-26,105.142,107.122,102.822,105.262,148416.0
2019-12-27,105.262,110.142,103.292,104.342,240549.0
2019-12-30,106.712,110.642,105.142,110.142,235779.0
2019-12-31,110.002,110.492,105.682,106.542,215007.0
2020-01-02,107.352,108.992,105.842,107.662,206115.0
2020-01-03,107.662,110.332,106.112,109.692,180841.0
2020-01-06,111.442,114.642,107.942,109.232,265002.0
2020-01-07,109.152,109.782,107.552,108.642,135075.0
2020-01-08,109.152,111.642,107.242,109.742,192240.0
2020-01-09,112.142,115.642,110.152,115.142,201643.0
2020-01-10,114.342,114.342,111.822,113.452,144280.0
2020-01-13,116.142,118.622,114.342,117.042,215974.0
2020-01-14,119.652,120.892,115.322,115.842,217684.0
2020-01-15,115.842,117.722,112.352,115.442,177587.0
2020-01-16,116.142,116.642,113.992,116.542,129341.0
2020-01-17,116.502,117.702,114.142,115.222,146624.0
2020-01-20,115.132,125.222,113.042,123.342,248922.0
2020-01-21,122.652,123.142,120.602,121.792,142671.0
2020-01-22,121.792,133.962,119.522,133.962,349915.0
2020-01-23,132.642,137.142,125.242,130.712,359862.0
2020-02-03,126.702,143.622,126.642,135.502,526346.0
2020-02-04,145.912,149.042,140.152,149.042,359135.0
2020-02-05,158.312,163.932,156.442,163.932,530823.0
2020-02-06,155.152,170.032,153.132,170.032,579189.0
2020-02-07,166.142,169.472,159.092,160.342,454994.0
2020-02-10,161.142,168.722,160.142,165.402,375409.0
2020-02-11,167.342,168.142,157.742,158.542,339945.0
2020-02-12,153.692,161.982,152.172,159.792,325862.0
2020-02-13,156.132,159.522,153.832,156.482,313609.0
2020-02-14,159.042,160.042,149.002,150.042,439618.0
2020-02-17,149.142,156.302,149.022,154.242,344471.0
2020-02-18,154.242,159.142,152.992,156.762,282305.0
2020-02-19,165.142,165.242,153.032,153.342,418167.0
2020-02-20,156.642,165.142,153.142,160.142,518440.0
2020-02-21,157.942,162.642,155.362,160.042,338051.0
2020-02-24,157.142,159.992,152.622,154.552,365230.0
2020-02-25,149.882,165.642,148.982,161.992,516026.0
2020-02-26,158.842,160.992,150.842,153.002,338279.0
2020-02-27,155.242,156.802,148.942,149.622,332002.0
2020-02-28,140.132,145.142,135.652,135.812,508447.0
2020-03-02,138.942,142.092,135.092,140.132,318150.0
2020-03-03,146.142,149.832,144.042,145.922,296910.0
2020-03-04,144.132,146.022,139.922,143.842,205946.0
2020-03-05,146.682,147.972,142.142,145.362,224633.0
2020-03-06,142.152,147.442,141.642,143.662,159808.0
2020-03-09,139.132,141.042,133.142,133.592,294252.0
2020-03-10,133.752,141.832,133.152,140.672,292744.0
2020-03-11,143.142,148.722,138.942,140.922,339232.0
2020-03-12,136.342,136.912,131.462,134.342,333858.0
2020-03-13,126.242,133.942,126.152,132.242,274553.0
2020-03-16,128.142,129.022,119.032,119.202,490485.0
2020-03-17,121.142,123.072,111.392,118.092,392203.0
2020-03-18,119.042,123.642,116.142,117.492,313384.0
2020-03-19,119.142,119.642,111.832,115.182,331563.0
2020-03-20,118.142,119.842,113.362,116.002,225142.0
2020-03-23,110.942,111.712,105.152,107.622,307618.0
2020-03-24,110.742,113.022,107.142,111.712,291170.0
2020-03-25,116.342,122.322,116.142,121.142,385928.0
2020-03-26,119.152,122.492,118.442,119.772,194371.0
2020-03-27,122.352,123.472,117.502,118.852,174991.0
2020-03-30,116.142,120.782,110.842,119.452,261655.0
2020-03-31,120.412,123.272,118.002,120.532,194852.0
2020-04-01,123.242,125.702,119.222,120.542,298951.0
2020-04-02,117.642,123.742,116.852,123.742,209588.0
2020-04-03,124.792,125.142,119.942,121.142,182204.0
2020-04-07,123.742,126.232,123.162,124.842,183729.0
2020-04-08,124.042,125.632,122.742,123.142,119470.0
2020-04-09,124.122,124.622,119.952,120.352,160528.0
2020-04-10,121.292,123.212,118.072,118.602,145696.0
2020-04-13,115.042,117.132,113.222,114.832,124581.0
2020-04-14,118.142,126.302,117.642,126.302,388939.0
2020-04-15,129.942,132.032,127.372,128.142,325645.0
2020-04-16,128.412,133.852,126.962,133.092,216381.0
2020-04-17,136.222,140.722,135.242,137.092,292522.0
2020-04-20,136.542,136.892,132.022,134.652,187002.0
2020-04-21,132.132,133.002,127.142,130.662,193917.0
2020-04-22,127.472,132.442,127.442,130.992,146869.0
2020-04-23,133.042,133.042,128.742,130.042,125379.0
2020-04-24,130.142,136.142,130.142,131.832,169916.0
2020-04-27,133.162,136.142,132.222,134.052,143655.0
2020-04-28,137.142,140.242,131.762,138.442,226917.0
2020-04-29,136.272,140.332,136.152,138.862,119544.0
2020-04-30,144.142,148.652,144.142,144.522,233385.0
2020-05-06,139.142,146.942,138.892,145.932,191464.0
2020-05-07,146.442,147.342,141.142,143.342,160787.0
2020-05-08,143.142,145.362,141.032,144.222,141339.0
2020-05-11,144.342,146.122,135.202,137.762,285364.0
2020-05-12,139.202,140.022,135.872,139.142,160277.0
2020-05-13,137.472,139.792,137.022,138.402,121542.0
2020-05-14,137.992,138.392,135.642,135.742,114335.0
2020-05-15,140.082,147.832,139.102,145.622,322121.0
2020-05-18,145.142,145.142,139.832,141.952,160889.0
2020-05-19,143.342,145.942,142.662,143.402,104252.0
2020-05-20,150.142,155.542,149.152,149.442,329693.0
2020-05-21,151.952,153.692,146.722,147.602,154876.0
2020-05-22,146.762,147.002,141.142,142.952,148173.0
2020-05-25,142.822,144.552,140.692,144.442,103782.0
2020-05-26,145.912,150.552,145.342,150.172,174865.0
2020-05-27,150.102,155.142,150.042,151.642,181049.0
2020-05-28,150.132,151.042,143.642,147.982,174247.0
2020-05-29,147.142,147.972,144.642,145.672,141428.0
2020-06-01,147.612,153.172,146.502,151.092,151766.0
2020-06-02,154.142,155.032,147.122,149.602,137030.0
2020-06-03,150.142,151.262,147.952,148.642,113635.0
2020-06-04,150.162,154.492,148.962,150.362,137574.0
2020-06-05,149.912,151.712,147.622,151.562,98627.0
2020-06-08,154.102,154.912,150.822,151.762,105604.0
2020-06-09,154.862,156.332,153.462,154.322,150699.0
2020-06-10,160.262,160.262,153.862,157.042,198210.0
2020-06-11,160.362,170.442,158.492,164.342,368177.0
2020-06-12,160.542,162.862,159.242,159.662,252446.0
2020-06-15,156.592,161.622,155.872,158.062,159452.0
2020-06-16,161.362,163.642,158.372,160.362,131297.0
2020-06-17,159.402,160.862,156.372,158.162,125291.0
2020-06-18,158.162,159.932,156.362,159.312,96562.0
2020-06-19,160.342,169.162,159.512,166.262,250193.0
2020-06-22,166.112,171.662,164.862,165.362,190412.0
2020-06-23,166.362,169.492,163.882,169.252,159475.0
2020-06-24,170.882,173.942,169.662,171.862,146604.0
2020-06-29,170.862,172.862,169.372,171.402,116040.0
2020-06-30,173.362,179.832,173.362,174.722,162514.0
2020-07-01,178.862,182.262,168.242,169.762,286575.0
2020-07-02,172.362,172.542,164.872,167.562,270480.0
2020-07-03,170.362,171.102,167.392,167.962,240264.0
2020-07-06,168.562,180.362,167.952,178.162,307153.0
2020-07-07,188.362,195.942,187.862,195.942,253604.0
2020-07-08,198.352,199.182,190.342,197.932,288890.0
2020-07-09,197.362,207.132,196.362,205.382,279036.0
2020-07-10,203.342,207.522,200.962,204.262,168293.0
2020-07-13,211.962,224.652,211.962,224.472,303269.0
2020-07-14,214.362,221.062,209.222,216.312,333296.0
2020-07-15,219.362,220.932,202.472,207.392,274351.0
2020-07-16,208.362,213.242,196.762,197.132,272550.0
2020-07-17,197.372,201.542,188.442,196.062,303786.0
2020-07-20,204.452,211.472,199.452,205.662,289999.0
2020-07-21,210.352,210.352,203.362,207.362,186566.0
2020-07-22,205.362,211.552,203.392,208.252,191658.0
2020-07-23,207.362,215.872,206.362,213.862,255900.0
2020-07-24,209.362,210.262,196.212,199.042,343983.0
2020-07-27,198.362,201.342,190.352,191.662,251556.0
2020-07-28,196.412,200.862,195.872,197.882,201490.0
2020-07-29,197.882,205.362,195.632,204.542,189986.0
2020-07-30,205.362,207.342,202.762,205.712,143531.0
2020-07-31,206.362,215.662,205.862,212.532,207050.0
2020-08-03,214.242,216.162,210.412,215.962,151061.0
2020-08-04,214.662,223.342,210.682,211.052,199581.0
2020-08-05,211.102,213.162,206.912,210.712,127301.0
2020-08-06,217.242,218.242,208.362,211.862,145657.0
2020-08-07,209.362,214.662,202.472,204.652,180552.0
2020-08-10,204.562,205.662,198.442,201.042,130787.0
2020-08-11,201.112,204.962,198.492,198.782,122332.0
2020-08-12,200.262,200.622,188.562,196.092,252727.0
2020-08-13,201.162,202.342,194.832,196.352,130612.0
2020-08-14,198.062,200.812,196.352,200.732,119700.0
2020-08-17,200.362,200.732,194.562,196.982,197074.0
2020-08-18,199.962,205.362,196.242,199.642,221224.0
2020-08-19,198.162,198.162,190.362,190.552,187147.0
2020-08-20,187.362,191.362,185.362,188.782,130201.0
2020-08-21,191.722,194.302,190.362,192.592,146553.0
2020-08-24,194.562,208.362,192.602,202.372,258070.0
2020-08-25,202.372,206.362,199.322,200.282,145491.0
2020-08-26,199.372,200.342,193.302,194.762,152403.0
2020-08-27,202.862,208.862,199.362,205.312,283978.0
2020-08-28,206.682,209.862,204.042,208.662,169671.0
2020-08-31,210.022,211.122,205.372,206.712,135145.0
2020-09-01,206.862,215.362,205.372,214.612,197162.0
2020-09-02,213.722,214.492,208.362,211.672,146086.0
2020-09-03,210.362,211.362,206.252,210.262,124529.0
2020-09-04,202.582,206.022,200.942,204.622,147737.0
2020-09-07,203.262,205.212,180.362,186.762,447897.0
2020-09-08,185.362,188.362,179.872,187.262,220733.0
2020-09-09,179.362,187.862,178.352,184.682,189344.0
2020-09-10,185.362,189.862,184.862,185.322,148264.0
2020-09-11,186.362,189.662,183.712,187.662,117650.0
2020-09-14,190.862,195.342,190.362,193.142,142896.0
2020-09-15,195.862,197.362,193.182,195.062,117037.0
2020-09-16,197.152,197.262,190.862,192.622,118379.0
2020-09-17,192.602,202.312,191.362,198.762,181308.0
2020-09-18,199.272,200.362,195.592,198.392,105487.0
2020-09-21,202.262,208.362,197.222,198.292,160683.0
2020-09-22,200.362,204.562,198.292,200.862,123394.0
2020-09-23,199.962,200.182,191.462,197.362,157194.0
2020-09-24,194.012,196.162,190.472,191.182,106680.0
2020-09-25,193.962,195.062,190.952,191.862,68012.0
2020-09-28,193.812,197.312,192.172,193.272,82332.0
2020-09-29,195.852,206.612,195.792,205.352,202436.0
2020-09-30,205.662,211.372,204.162,209.562,159908.0
2020-10-09,220.352,229.242,220.132,225.232,239592.0
2020-10-12,228.362,235.362,227.662,235.142,189382.0
2020-10-13,235.242,238.942,229.362,236.032,107467.0
2020-10-14,237.362,244.362,235.162,237.662,137702.0
2020-10-15,241.472,244.462,237.362,238.962,99535.0
2020-10-16,239.862,240.362,224.672,228.462,203041.0
2020-10-19,231.692,236.462,228.362,229.772,130025.0
2020-10-20,230.992,241.962,229.302,241.962,135966.0
2020-10-21,240.422,240.992,228.042,232.692,161679.0
2020-10-22,230.562,234.162,227.362,232.242,90552.0
2020-10-23,232.872,239.122,224.812,225.362,115938.0
2020-10-26,226.332,233.992,219.692,233.512,108028.0
2020-10-27,235.362,239.062,232.362,237.572,91015.0
2020-10-28,228.012,245.832,227.022,240.622,224158.0
2020-10-29,237.382,244.382,232.682,240.362,174352.0
2020-10-30,241.382,256.962,238.662,247.532,229587.0
2020-11-02,247.362,265.862,244.872,260.502,189461.0
2020-11-03,260.362,260.362,247.542,256.382,184567.0
2020-11-04,255.362,260.362,250.362,255.912,110617.0
2020-11-05,261.362,268.862,261.322,268.862,157959.0
2020-11-06,271.742,275.592,260.362,263.862,156584.0
2020-11-09,268.362,273.262,261.462,266.792,132286.0
2020-11-10,265.682,272.242,255.912,266.282,144175.0
2020-11-11,264.472,267.842,251.202,251.202,157584.0
2020-11-12,260.362,260.362,252.942,254.612,97169.0
2020-11-13,258.482,261.132,253.362,253.572,113777.0
2020-11-16,254.252,258.062,247.792,255.262,123121.0
2020-11-17,257.662,260.362,246.862,251.042,136749.0
2020-11-18,250.482,252.422,237.182,240.862,192833.0
2020-11-19,241.372,243.912,237.472,242.462,97580.0
2020-11-20,244.852,253.962,244.842,252.442,123035.0
2020-11-23,252.442,260.062,250.462,253.362,120913.0
2020-11-24,258.362,259.462,250.372,255.062,97920.0
2020-11-25,256.962,257.242,244.762,246.582,117099.0
2020-11-26,246.962,246.962,239.562,245.702,86295.0
2020-11-27,245.782,249.132,238.362,242.362,84332.0
2020-11-30,244.362,244.362,234.382,243.162,126662.0
2020-12-01,239.162,247.012,238.362,246.532,94920.0
2020-12-02,246.362,246.362,236.962,244.052,119653.0
2020-12-03,244.052,247.332,238.732,246.352,106886.0
2020-12-04,245.422,251.662,244.712,250.082,92338.0
2020-12-07,251.262,265.192,251.262,261.822,171130.0
2020-12-08,265.862,270.252,264.862,266.392,116362.0
2020-12-09,269.092,272.962,262.442,266.362,153636.0
2020-12-10,263.512,267.862,259.362,265.182,99857.0
2020-12-11,263.672,267.882,262.062,266.922,128937.0
2020-12-14,266.932,269.092,262.462,266.362,107241.0
2020-12-15,268.362,279.732,264.812,278.862,177813.0
2020-12-16,280.562,286.662,277.362,286.422,142888.0
2020-12-17,284.562,288.162,282.372,285.172,88123.0
2020-12-18,285.862,293.312,283.582,290.352,95126.0
2020-12-21,297.112,325.362,293.662,325.362,198104.0
2020-12-22,320.352,330.692,312.062,314.002,168744.0
2020-12-23,314.032,329.662,307.542,318.362,173903.0
2020-12-24,317.362,319.022,308.862,311.362,94786.0
2020-12-25,309.362,315.562,306.372,313.152,95399.0
2020-12-28,315.562,320.362,311.362,317.142,119731.0
2020-12-29,317.152,319.162,303.742,308.362,121748.0
2020-12-30,320.362,348.302,320.362,340.362,228817.0
2020-12-31,345.342,354.262,342.072,351.472,152005.0
2021-01-04,358.462,411.472,358.462,404.462,224808.0
2021-01-05,395.362,404.162,386.372,402.362,227452.0
2021-01-06,408.362,416.362,391.372,407.132,186681.0
2021-01-07,401.352,415.362,397.242,413.592,173895.0
2021-01-08,419.362,425.352,397.762,404.862,210067.0
2021-01-11,410.242,410.242,386.362,390.362,230050.0
2021-01-12,385.862,404.762,380.362,401.532,165597.0
2021-01-13,400.362,410.862,373.342,385.362,272620.0
2021-01-14,375.562,384.362,368.382,369.372,196066.0
2021-01-15,368.352,384.342,365.362,380.912,198229.0
2021-01-18,377.102,392.162,376.132,384.262,142012.0
2021-01-19,384.362,386.362,364.912,366.472,162867.0
2021-01-20,374.162,393.742,371.272,391.762,213416.0
2021-01-21,387.362,399.362,380.362,391.662,174792.0
2021-01-22,391.862,410.642,391.862,408.362,190442.0
2021-01-25,406.662,418.702,392.702,397.312,217414.0
2021-01-26,397.172,397.172,384.122,385.862,151044.0
2021-01-27,392.362,393.562,372.362,390.882,148385.0
2021-01-28,380.362,383.372,368.362,370.262,181820.0
2021-01-29,376.372,377.362,342.922,354.472,276013.0
2021-02-01,353.362,357.262,346.562,350.692,175251.0
2021-02-02,352.372,370.352,337.732,368.162,250865.0
2021-02-03,379.362,387.922,375.412,381.342,211073.0
2021-02-04,385.272,394.162,379.862,388.862,216302.0
2021-02-05,395.362,397.352,373.212,373.812,184117.0
2021-02-08,375.362,405.162,373.372,404.362,244027.0
2021-02-09,411.562,415.362,401.162,410.562,162037.0
2021-02-10,414.352,416.962,406.362,413.022,162830.0
2021-02-18,422.362,422.362,387.242,397.362,238249.0
2021-02-19,390.362,396.362,374.562,387.862,186904.0
2021-02-22,387.862,396.162,375.262,375.362,167204.0
2021-02-23,370.362,376.902,361.242,376.902,136047.0
2021-02-24,375.362,378.362,339.762,347.362,302721.0
2021-02-25,354.212,354.212,335.362,337.462,245757.0
2021-02-26,323.362,333.362,318.152,322.592,229506.0
2021-03-01,331.872,345.982,328.642,344.962,205394.0
2021-03-02,353.362,353.562,341.422,349.962,152811.0
2021-03-03,346.412,349.992,340.722,349.992,104644.0
2021-03-04,345.362,345.362,323.272,325.932,181034.0
2021-03-05,313.372,327.242,308.692,320.362,173073.0
2021-03-08,323.362,335.082,301.242,305.362,212955.0
2021-03-09,300.362,310.862,289.362,300.362,273577.0
2021-03-10,316.362,322.642,313.362,314.862,237638.0
2021-03-11,316.362,333.842,311.662,331.642,209643.0
2021-03-12,337.272,345.362,331.662,341.822,189520.0
2021-03-15,340.362,340.362,307.362,312.662,230404.0
2021-03-16,317.362,325.352,313.862,323.362,137124.0
2021-03-17,318.242,336.562,313.462,333.362,146726.0
2021-03-18,334.362,343.472,333.872,336.162,113670.0
2021-03-19,325.362,333.352,311.362,316.862,189716.0
2021-03-22,319.362,321.362,299.252,308.162,231719.0
2021-03-23,305.362,311.002,300.482,304.272,151169.0
2021-03-24,305.362,305.462,285.362,289.152,252082.0
2021-03-25,280.872,293.712,280.412,291.912,184399.0
2021-03-26,295.362,314.412,293.362,313.982,237103.0
2021-03-29,313.862,320.132,305.372,311.962,155632.0
2021-03-30,311.972,321.342,308.362,319.342,126404.0
2021-03-31,319.252,326.522,313.362,322.532,160546.0
2021-04-01,324.162,335.852,323.662,330.352,113338.0
2021-04-02,333.312,336.542,327.242,332.762,92629.0
2021-04-06,335.362,338.362,319.452,326.162,104638.0
2021-04-07,333.272,333.272,312.512,320.362,133931.0
2021-04-08,314.362,322.022,311.362,320.212,78710.0
2021-04-09,324.372,324.372,310.362,312.362,93237.0
2021-04-12,318.622,325.402,313.462,315.372,140595.0
2021-04-13,313.662,333.362,313.462,325.122,140211.0
2021-04-14,331.622,347.852,329.042,346.362,185043.0
2021-04-15,340.322,341.862,333.532,337.362,124741.0
2021-04-16,340.362,340.762,324.962,334.202,115363.0
2021-04-19,335.362,364.862,331.712,364.362,205477.0
2021-04-20,358.342,369.152,353.862,359.362,142834.0
2021-04-21,351.522,358.262,348.162,356.052,123996.0
2021-04-22,366.362,366.962,353.992,362.722,107913.0
2021-04-23,362.722,373.362,360.372,371.862,115365.0
2021-04-26,373.962,380.362,347.562,349.362,256237.0
2021-04-27,350.362,351.162,340.622,348.962,151810.0
2021-04-28,353.372,375.362,352.362,367.392,236326.0
2021-04-29,371.172,382.262,368.232,380.352,180863.0
2021-04-30,373.362,392.362,368.282,388.532,258651.0
2021-05-06,390.362,390.362,368.862,384.362,189680.0
2021-05-07,384.362,387.912,366.492,367.642,151385.0
2021-05-10,365.162,374.352,360.362,368.572,124553.0
2021-05-11,362.362,370.262,353.362,366.962,114121.0
2021-05-12,367.362,369.432,355.952,361.862,133602.0
2021-05-13,354.662,359.142,350.062,351.462,113476.0
2021-05-14,353.882,360.862,343.532,359.362,176577.0
2021-05-17,360.362,376.242,360.352,373.542,193309.0
2021-05-18,372.362,379.562,366.822,369.462,89620.0
2021-05-19,366.862,380.362,363.362,375.412,117464.0
2021-05-20,378.162,384.252,370.462,378.102,128440.0
2021-05-21,383.132,387.642,369.332,375.932,140566.0
2021-05-24,380.362,388.912,376.542,388.322,169611.0
2021-05-25,389.802,396.362,386.062,395.892,149577.0
2021-05-26,395.362,400.342,385.022,385.782,126989.0
2021-05-27,387.872,390.362,382.212,384.362,79598.0
2021-05-28,390.362,421.862,390.362,409.962,277151.0
2021-05-31,416.362,435.932,414.362,434.462,200063.0
2021-06-01,420.362,431.362,416.882,425.702,158754.0
2021-06-02,429.462,434.052,419.632,424.862,115712.0
2021-06-03,426.362,428.642,410.362,415.142,123760.0
2021-06-04,419.362,439.862,415.522,432.572,180102.0
2021-06-07,424.212,424.352,400.362,407.862,215294.0
2021-06-08,404.362,425.212,404.362,409.952,166317.0
2021-06-09,409.362,416.362,403.362,409.732,93582.0
2021-06-10,410.452,445.022,410.452,434.992,193502.0
2021-06-11,443.362,458.202,430.422,452.342,197961.0
2021-06-15,453.362,456.262,435.862,445.362,102522.0
2021-06-16,441.272,444.162,417.372,420.542,139694.0
2021-06-17,424.612,438.102,424.612,434.872,102724.0
2021-06-18,437.552,455.562,437.552,450.362,156000.0
2021-06-21,452.162,456.262,440.582,453.162,120823.0
2021-06-22,450.542,454.352,440.582,450.592,88470.0
2021-06-23,454.442,472.372,451.862,468.812,124457.0
2021-06-24,473.492,475.242,462.372,467.662,92132.0
2021-06-25,473.362,477.362,459.362,476.592,99555.0
2021-06-28,476.582,503.342,468.672,494.262,146439.0
2021-06-29,514.012,519.962,504.582,508.872,153402.0
2021-06-30,509.372,542.362,498.362,535.162,144557.0
2021-07-01,537.162,540.362,518.372,529.862,113247.0
2021-07-02,524.492,535.522,510.022,519.952,138717.0
2021-07-05,515.602,529.282,508.672,519.872,143515.0
2021-07-06,520.602,541.572,502.512,515.832,180555.0
2021-07-07,520.602,543.102,507.732,543.102,181457.0
2021-07-08,551.592,572.102,543.242,559.762,158790.0
2021-07-09,559.592,559.592,535.152,546.482,156607.0
2021-07-12,556.712,577.602,556.712,566.392,154763.0
2021-07-13,560.602,580.202,552.602,563.612,136371.0
2021-07-14,555.602,562.482,541.602,551.972,125879.0
2021-07-15,545.602,569.482,541.652,568.602,137333.0
2021-07-16,567.602,567.602,528.732,531.602,178495.0
2021-07-19,540.602,542.282,516.602,524.102,180129.0
2021-07-20,515.602,539.872,515.602,528.642,130005.0
2021-07-21,530.622,556.682,526.612,556.382,182049.0
2021-07-22,557.202,564.292,546.292,557.682,108836.0
2021-07-23,555.602,564.592,546.602,547.612,93329.0
2021-07-26,544.602,553.532,523.102,540.382,127290.0
2021-07-27,543.622,559.792,495.602,495.602,178460.0
2021-07-28,496.602,533.902,496.602,525.652,217247.0
2021-07-29,546.602,558.342,529.602,557.402,186202.0
2021-07-30,565.602,582.802,540.602,551.002,201810.0
2021-08-02,557.602,575.592,533.482,552.602,182973.0
2021-08-03,555.602,556.602,523.602,531.602,122383.0
2021-08-04,534.602,571.592,525.602,569.602,174004.0
2021-08-05,566.602,566.602,547.132,557.602,129792.0
2021-08-06,565.392,567.602,539.602,544.482,143712.0
2021-08-09,532.602,533.102,503.592,516.602,185831.0
2021-08-10,511.612,519.792,499.602,511.102,180169.0
2021-08-11,510.602,523.602,505.482,517.852,112364.0
2021-08-12,512.612,513.592,494.602,502.602,171162.0
2021-08-13,480.602,530.502,480.602,502.652,277258.0
2021-08-16,494.602,504.492,470.482,477.602,220440.0
2021-08-17,485.602,495.402,477.842,480.602,156106.0
2021-08-18,487.142,503.502,478.012,495.602,159575.0
2021-08-19,502.602,510.332,484.602,503.602,144535.0
2021-08-20,499.602,499.802,483.102,494.712,125276.0
2021-08-23,505.602,523.822,502.612,522.502,162244.0
2021-08-24,517.002,540.702,515.722,523.602,133137.0
2021-08-25,524.602,532.802,511.802,530.842,95303.0
2021-08-26,540.582,559.542,521.492,521.602,167983.0
2021-08-27,520.602,524.602,502.602,508.102,119582.0
2021-08-30,508.052,526.402,499.462,505.842,157143.0
2021-08-31,512.542,512.542,486.452,495.472,147621.0
2021-09-01,492.602,494.602,472.102,489.312,144627.0
2021-09-02,492.602,496.712,486.382,494.102,114649.0
2021-09-03,498.602,504.482,481.482,487.102,112820.0
2021-09-06,493.602,518.602,483.602,516.702,147920.0
2021-09-07,515.602,527.262,510.602,514.612,94222.0
2021-09-08,519.602,524.182,500.602,503.602,97394.0
2021-09-09,510.102,519.582,491.402,507.802,110162.0
2021-09-10,494.042,504.382,491.282,502.702,112969.0
2021-09-13,502.702,512.702,496.602,503.402,89690.0
2021-09-14,507.722,541.602,503.522,530.502,233837.0
2021-09-15,530.602,532.592,512.412,525.952,105015.0
2021-09-16,523.602,523.602,498.602,498.602,112604.0
2021-09-17,497.602,509.602,492.732,503.602,81938.0
2021-09-22,495.202,501.602,488.702,493.912,64239.0
2021-09-23,505.462,505.462,492.402,493.592,79714.0
2021-09-24,495.472,513.112,491.102,500.582,102625.0
2021-09-27,505.602,520.402,500.392,514.102,144963.0
2021-09-28,512.602,518.552,498.802,501.032,92225.0
2021-09-29,496.602,512.402,494.602,503.112,93955.0
2021-09-30,505.602,533.102,502.612,526.332,167142.0
2021-10-08,534.602,550.672,523.502,534.602,125169.0
2021-10-11,535.602,538.202,518.662,521.602,78309.0
2021-10-12,522.182,523.222,499.482,505.602,95907.0
2021-10-13,505.602,523.102,504.602,522.862,76522.0
2021-10-14,525.602,535.482,525.602,532.902,78416.0
2021-10-15,532.602,579.472,528.702,569.602,229513.0
2021-10-18,581.602,595.842,570.602,595.622,186702.0
2021-10-19,604.602,615.582,585.602,591.202,150890.0
2021-10-20,595.602,613.982,587.602,590.102,124666.0
2021-10-21,590.602,599.602,580.602,596.602,101423.0
2021-10-22,606.582,606.582,590.932,602.002,110216.0
2021-10-25,612.602,625.762,603.932,611.372,140521.0
2021-10-26,636.362,639.082,596.532,598.592,148277.0
2021-10-27,598.592,615.642,593.772,615.642,135486.0
2021-10-28,625.602,635.602,603.532,607.802,172829.0
2021-10-29,615.892,646.092,599.542,639.822,202687.0
2021-11-01,641.602,679.602,631.732,650.602,221797.0
2021-11-02,655.602,666.362,648.602,658.602,131408.0
2021-11-03,651.602,656.622,628.602,640.602,127606.0
2021-11-04,648.602,655.602,636.652,647.452,92010.0
2021-11-05,639.602,650.382,634.592,634.692,85551.0
2021-11-08,637.602,665.582,631.602,661.402,122696.0
2021-11-09,668.342,668.602,653.732,663.882,66746.0
2021-11-10,651.732,657.072,635.602,648.602,127398.0
2021-11-11,651.602,665.732,650.702,656.452,77014.0
2021-11-12,657.602,662.462,634.522,641.602,114202.0
2021-11-15,641.592,641.592,608.562,620.602,140076.0
2021-11-16,620.602,625.722,607.602,615.572,84335.0
2021-11-17,623.602,631.032,618.162,626.482,75616.0
2021-11-18,626.482,637.262,614.192,626.602,75273.0
2021-11-19,631.602,639.602,620.652,639.602,84568.0
2021-11-22,645.592,681.602,642.712,681.602,153090.0
2021-11-23,680.912,680.912,666.602,672.602,99312.0
2021-11-24,670.772,676.402,650.942,659.402,85504.0
2021-11-25,653.602,659.102,645.892,654.602,58220.0
2021-11-26,651.602,669.402,651.602,658.602,58502.0
2021-11-29,654.602,685.102,653.602,680.402,114653.0
2021-11-30,685.362,686.262,673.932,680.602,71881.0
2021-12-01,680.602,685.592,664.712,672.602,69846.0
2021-12-02,672.582,689.802,669.602,688.602,91790.0
2021-12-03,689.562,692.602,671.602,687.602,80782.0
2021-12-06,676.702,680.802,656.602,657.882,112612.0
2021-12-07,662.602,663.602,612.802,629.602,221391.0
2021-12-08,635.392,645.382,626.852,639.602,118866.0
2021-12-09,639.602,640.602,623.502,634.402,134272.0
2021-12-10,622.822,653.962,621.782,640.552,213844.0
2021-12-13,640.502,661.262,630.682,658.962,160828.0
2021-12-14,657.942,657.942,644.582,651.612,87811.0
2021-12-15,650.032,661.602,647.552,649.602,70480.0
2021-12-16,657.902,657.902,647.682,655.662,61502.0
2021-12-17,651.612,654.592,640.302,651.792,136491.0
2021-12-20,649.602,649.602,608.282,610.812,155114.0
2021-12-21,606.602,615.292,594.682,604.672,125658.0
2021-12-22,609.402,617.602,603.602,610.842,83618.0
2021-12-23,619.582,631.402,612.682,622.672,79718.0
2021-12-24,624.602,625.852,563.602,577.402,246081.0
2021-12-27,574.802,588.592,574.102,579.202,101835.0
2021-12-28,578.602,587.882,570.512,585.602,96596.0
2021-12-29,585.602,586.592,570.382,576.152,99640.0
2021-12-30,577.602,596.892,576.172,590.602,124209.0
2021-12-31,598.902,606.592,582.602,588.602,93711.0
2022-01-04,606.602,607.602,561.602,569.482,174568.0
2022-01-05,567.002,567.482,540.602,548.102,166579.0
2022-01-06,539.112,547.602,532.392,542.072,138826.0
2022-01-07,550.602,556.602,528.602,540.502,131695.0
2022-01-10,535.582,549.602,524.842,539.002,148629.0
2022-01-11,541.712,550.502,537.012,537.302,84723.0
2022-01-12,551.602,570.562,551.502,565.642,191642.0
2022-01-13,571.602,582.602,555.342,565.602,138997.0
2022-01-14,557.662,581.402,556.602,578.002,116128.0
2022-01-17,589.462,609.102,579.402,607.452,143528.0
2022-01-18,607.452,608.372,586.602,587.402,107017.0
2022-01-19,590.102,595.602,559.102,570.592,144874.0
2022-01-20,566.602,578.602,563.952,569.732,80654.0
2022-01-21,563.602,580.202,552.602,570.092,99174.0
2022-01-24,564.602,592.862,559.612,581.592,115621.0
2022-01-25,573.812,583.932,565.602,566.202,71992.0
2022-01-26,572.402,591.202,567.102,588.102,116037.0
2022-01-27,585.602,595.592,570.602,575.592,129482.0
2022-01-28,595.202,604.602,571.042,593.202,243317.0
2022-02-07,606.602,610.582,574.782,580.042,145289.0
2022-02-08,580.042,580.042,522.422,541.462,206503.0
2022-02-09,539.602,551.502,527.602,547.802,114947.0
2022-02-10,552.402,552.602,500.492,518.702,292336.0
2022-02-11,506.602,514.182,489.602,490.592,239798.0
2022-02-14,486.602,513.492,485.662,508.602,196286.0
2022-02-15,519.602,530.932,511.602,527.602,151508.0
2022-02-16,528.602,543.032,524.592,531.402,127068.0
2022-02-17,530.582,544.102,526.182,535.602,107472.0
2022-02-18,530.602,535.602,523.582,528.102,113848.0
2022-02-21,527.102,527.102,506.072,510.602,156306.0
2022-02-22,507.252,508.602,492.972,504.602,136329.0
2022-02-23,506.602,519.652,503.082,519.602,154332.0
2022-02-24,508.602,522.182,501.602,508.302,161600.0
2022-02-25,521.602,535.602,521.492,529.402,169672.0
2022-02-28,524.602,537.102,524.602,533.962,99657.0
2022-03-01,539.802,548.682,530.602,536.782,97490.0
2022-03-02,531.602,532.392,509.482,514.442,134129.0
2022-03-03,517.802,519.402,507.572,513.592,86989.0
2022-03-04,505.602,509.602,488.602,492.392,162834.0
2022-03-07,475.602,485.602,454.612,455.492,245993.0
2022-03-08,464.582,467.062,443.612,456.052,227541.0
2022-03-09,456.602,474.602,448.602,474.072,234574.0
2022-03-10,490.602,506.152,485.912,491.412,239617.0
2022-03-11,481.432,495.602,474.702,494.152,171022.0
2022-03-14,483.602,487.832,463.602,463.602,162910.0
2022-03-15,461.602,481.892,451.202,463.802,212687.0
2022-03-16,476.802,504.072,469.092,503.702,282237.0
2022-03-17,518.102,535.602,515.702,525.102,276301.0
2022-03-18,519.602,525.072,504.602,511.102,163918.0
2022-03-21,520.602,534.802,518.202,520.602,136341.0
2022-03-22,520.602,520.602,507.602,513.602,102283.0
2022-03-23,520.602,523.582,510.502,515.892,84110.0
2022-03-24,510.552,518.282,498.982,514.602,84806.0
2022-03-25,512.522,518.782,502.602,502.672,92836.0
2022-03-28,509.482,509.482,478.682,487.602,149465.0
2022-03-29,487.602,500.602,482.602,487.502,112359.0
2022-03-30,492.602,519.602,492.602,519.602,162170.0
2022-03-31,515.752,518.602,503.752,512.902,96239.0
2022-04-01,508.602,525.102,505.732,519.502,95182.0
2022-04-06,517.122,518.602,503.602,508.772,85428.0
2022-04-07,501.152,505.602,487.652,495.822,119581.0
2022-04-08,493.302,505.472,489.602,495.602,93571.0
2022-04-11,475.872,478.602,452.702,459.602,207382.0
2022-04-12,461.372,473.382,461.102,472.602,124982.0
2022-04-13,466.492,482.402,462.602,466.602,95231.0
2022-04-14,475.602,476.602,454.602,460.402,137524.0
2022-04-15,451.742,457.592,433.372,451.462,199891.0
2022-04-18,442.602,452.582,435.902,451.602,119576.0
2022-04-19,451.062,460.182,439.052,440.862,143821.0
2022-04-20,439.612,443.602,406.382,407.602,311996.0
2022-04-21,412.482,418.102,399.502,409.712,211166.0
2022-04-22,408.602,423.782,405.602,415.942,201367.0
2022-04-25,398.402,406.702,390.602,390.702,213165.0
2022-04-26,386.712,392.602,377.602,377.602,185105.0
2022-04-27,367.602,409.362,367.342,407.652,316124.0
2022-04-28,400.582,403.102,382.602,388.102,259177.0
2022-04-29,394.602,410.582,375.622,409.952,336477.0
2022-05-05,365.602,385.882,353.602,376.602,602772.0
2022-05-06,362.602,387.332,362.422,376.592,240801.0
2022-05-09,374.602,377.562,364.312,369.102,166680.0
2022-05-10,359.902,385.602,357.742,379.772,244378.0
2022-05-11,380.572,419.382,380.102,410.352,317540.0
2022-05-12,405.002,409.802,398.482,404.112,134208.0
2022-05-13,407.602,419.052,401.112,415.402,148546.0
2022-05-16,417.592,428.402,407.612,407.612,143878.0
2022-05-17,410.582,425.182,408.852,423.162,138899.0
2022-05-18,425.042,426.602,415.042,419.602,107120.0
2022-05-19,415.052,422.502,409.262,419.602,126330.0
2022-05-20,428.602,432.602,418.102,427.502,158268.0
2022-05-23,427.502,427.502,410.602,417.302,137918.0
2022-05-24,414.262,414.272,402.432,402.642,150127.0
2022-05-25,405.102,406.662,395.102,399.582,139349.0
2022-05-26,399.092,402.432,389.482,390.612,140598.0
2022-05-27,396.602,409.742,392.732,395.002,187802.0
2022-05-30,402.892,407.802,399.402,402.402,125295.0
2022-05-31,400.502,412.592,394.102,408.602,177995.0
2022-06-01,410.702,431.602,406.602,425.632,191785.0
2022-06-02,423.382,444.382,421.612,437.402,174478.0
2022-06-06,437.602,469.612,437.602,466.592,190378.0
2022-06-07,465.792,467.592,451.402,459.602,127595.0
2022-06-08,456.602,460.602,426.592,460.602,405414.0
2022-06-09,445.612,448.602,431.102,431.952,202557.0
2022-06-10,428.572,456.402,428.572,454.602,247663.0
2022-06-13,444.612,454.782,438.862,443.632,186216.0
2022-06-14,438.822,443.202,429.302,442.422,174811.0
2022-06-15,452.602,478.602,446.712,466.262,378619.0
2022-06-16,466.602,474.712,455.112,460.902,240202.0
2022-06-17,452.902,491.282,451.822,486.662,282939.0
2022-06-20,494.432,516.712,494.432,507.122,251143.0
2022-06-21,504.602,513.482,496.712,508.452,145666.0
2022-06-22,514.602,522.852,507.502,507.602,146632.0
2022-06-23,515.602,537.572,512.482,537.572,177139.0
2022-06-24,548.602,564.102,530.392,564.102,193012.0
2022-06-27,564.592,565.572,545.592,549.602,166240.0
2022-06-28,545.602,549.962,525.702,544.602,186433.0
2022-06-29,533.592,543.102,526.592,533.142,145830.0
2022-06-30,533.122,540.402,527.272,534.602,130761.0
2022-07-01,533.582,536.602,518.302,523.242,122928.0
2022-07-04,510.612,526.272,510.602,522.602,121932.0
2022-07-05,525.102,536.772,513.282,524.472,154594.0
2022-07-06,527.712,534.082,515.182,522.602,130814.0
2022-07-07,532.452,555.152,531.602,550.602,246014.0
2022-07-08,555.602,565.572,535.832,541.602,165770.0
2022-07-11,534.842,536.102,516.902,519.102,138070.0
2022-07-12,519.602,525.902,500.222,504.292,151302.0
2022-07-13,508.902,543.832,502.372,539.602,245645.0
2022-07-14,536.102,562.602,530.852,556.612,199556.0
2022-07-15,550.102,564.052,533.602,533.602,158628.0
2022-07-18,542.602,552.652,530.952,552.262,143711.0
2022-07-19,551.162,551.162,524.602,525.212,163087.0
2022-07-20,530.582,535.742,523.462,526.602,78359.0
2022-07-21,523.602,538.652,518.822,521.602,88071.0
2022-07-22,538.322,544.592,526.642,532.602,142817.0
2022-07-25,532.602,534.552,519.602,522.352,86489.0
2022-07-26,522.382,528.602,515.852,522.602,79693.0
2022-07-27,522.102,522.702,511.802,515.802,93355.0
2022-07-28,519.102,527.302,513.622,516.202,92675.0
2022-07-29,524.552,524.602,503.712,509.202,119125.0
2022-08-01,508.472,536.402,505.202,535.522,162992.0
2022-08-02,522.882,533.042,520.052,524.472,121430.0
2022-08-03,524.602,534.482,499.402,504.602,170256.0
2022-08-04,507.602,509.692,495.702,501.502,113651.0
2022-08-05,500.602,514.502,495.602,506.252,121831.0
2022-08-08,496.602,506.782,489.602,502.102,89647.0
2022-08-09,501.602,519.202,498.102,512.162,113079.0
2022-08-10,510.702,513.402,500.602,504.582,80491.0
2022-08-11,504.742,513.622,494.602,510.602,98007.0
2022-08-12,510.802,512.602,498.522,502.602,73838.0
2022-08-15,505.492,523.602,503.482,516.702,137575.0
2022-08-16,520.502,538.602,518.782,524.402,160974.0
2022-08-17,528.082,550.572,524.582,547.602,183507.0
2022-08-18,547.602,560.602,543.052,545.402,142800.0
2022-08-19,549.602,550.292,530.622,532.602,107696.0
2022-08-22,534.602,556.262,527.802,552.132,143054.0
2022-08-23,550.582,565.262,546.052,557.492,131562.0
2022-08-24,573.632,575.602,522.602,524.602,300684.0
2022-08-25,525.602,527.132,505.692,514.602,180175.0
2022-08-26,513.602,519.582,503.602,507.382,122170.0
2022-08-29,503.592,507.382,496.922,502.602,112610.0
2022-08-30,502.602,502.602,486.402,492.102,156161.0
2022-08-31,482.292,490.402,475.122,483.602,174502.0
2022-09-01,480.602,485.602,467.262,468.142,154766.0
2022-09-02,475.482,476.602,462.382,466.862,115609.0
2022-09-05,462.612,472.602,459.612,468.962,91100.0
2022-09-06,468.602,468.962,444.482,455.802,275246.0
2022-09-07,452.092,477.092,450.602,474.522,216777.0
2022-09-08,468.952,471.602,449.102,450.102,215526.0
2022-09-09,453.202,455.032,447.102,452.822,122468.0
2022-09-13,459.602,460.802,447.452,457.512,102029.0
2022-09-14,450.602,453.602,428.882,434.902,258938.0
2022-09-15,434.902,435.602,411.802,414.952,253836.0
2022-09-16,414.902,418.902,409.602,410.602,149632.0
2022-09-19,410.232,422.202,409.642,414.272,139644.0
2022-09-20,418.602,430.602,415.602,421.612,165690.0
2022-09-21,417.602,424.062,413.972,420.902,88099.0
2022-09-22,415.902,420.602,406.602,415.592,96421.0
2022-09-23,416.562,425.402,410.652,417.942,120185.0
2022-09-26,413.642,435.602,413.642,429.262,188352.0
2022-09-27,434.492,435.932,423.612,430.102,115619.0
2022-09-28,428.255,430.085,414.045,418.045,106974.0
2022-09-29,425.475,426.755,416.335,420.255,88948.0
2022-09-30,420.535,421.455,401.755,402.145,118140.0
2022-10-10,403.255,405.755,392.485,394.115,114654.0
2022-10-11,405.255,417.555,404.145,417.555,184441.0
2022-10-12,417.255,439.535,414.745,439.085,185147.0
2022-10-13,435.255,439.535,430.265,433.255,104434.0
2022-10-14,439.255,443.595,429.835,438.165,135653.0
2022-10-17,434.255,434.255,422.005,430.605,105373.0
2022-10-18,434.285,440.135,429.695,430.795,91019.0
2022-10-19,431.275,443.255,430.935,432.595,123330.0
2022-10-20,421.535,424.925,405.255,416.255,171202.0
2022-10-21,409.255,418.215,408.455,414.255,82599.0
2022-10-24,407.875,415.255,400.265,405.275,145327.0
2022-10-25,404.255,409.325,393.235,402.955,140391.0
2022-10-26,406.255,409.815,399.335,402.315,140724.0
2022-10-27,399.255,403.325,391.255,391.555,152817.0
2022-10-28,386.555,388.755,366.255,366.755,240712.0
2022-10-31,361.255,381.475,357.835,374.135,165546.0
2022-11-01,377.755,390.135,369.375,387.455,199165.0
2022-11-02,386.255,397.645,381.265,392.755,142670.0
2022-11-03,391.255,395.255,382.285,385.375,147175.0
2022-11-04,387.055,409.565,385.255,405.655,209711.0
2022-11-07,409.255,415.795,406.255,411.755,147781.0
2022-11-08,411.755,424.055,404.755,411.055,120809.0
2022-11-09,407.255,408.835,396.255,398.315,109411.0
2022-11-10,394.255,395.255,385.255,386.555,129242.0
2022-11-11,402.255,406.945,395.475,403.735,194820.0
2022-11-14,405.355,409.255,386.805,388.435,184817.0
2022-11-15,389.415,398.735,379.255,397.435,172740.0
2022-11-16,394.265,395.435,384.535,385.325,136037.0
2022-11-17,382.875,383.245,371.265,376.375,142172.0
2022-11-18,379.255,388.255,372.255,382.045,164073.0
2022-11-21,376.375,387.105,375.555,383.655,80387.0
2022-11-22,381.255,384.125,374.255,376.255,98362.0
2022-11-23,376.255,384.145,374.755,380.775,88294.0
2022-11-24,384.375,384.475,376.265,377.875,85465.0
2022-11-25,374.315,376.255,372.255,373.455,61389.0
2022-11-28,366.255,373.565,361.275,371.565,111141.0
2022-11-29,373.265,382.655,368.755,379.155,117172.0
2022-11-30,380.255,386.255,373.425,386.255,140420.0
2022-12-01,398.405,403.405,396.175,396.505,209375.0
2022-12-02,398.255,400.545,393.055,393.135,82926.0
2022-12-05,393.135,398.125,389.255,393.565,120985.0
2022-12-06,390.375,405.295,390.255,401.275,136612.0
2022-12-07,401.255,422.935,400.255,419.565,244108.0
2022-12-08,419.575,426.255,415.265,421.725,104337.0
2022-12-09,422.835,426.955,421.755,425.855,93539.0
2022-12-12,422.355,424.785,415.395,415.605,87900.0
2022-12-13,416.255,417.155,403.305,406.665,112707.0
2022-12-14,411.255,413.205,400.535,403.555,91973.0
2022-12-15,403.365,425.425,402.255,425.055,172988.0
2022-12-16,419.765,424.055,415.135,419.265,89422.0
2022-12-19,420.255,431.355,419.315,421.655,101059.0
2022-12-20,421.255,421.855,410.255,410.775,81208.0
2022-12-21,411.255,413.725,405.765,408.075,54031.0
2022-12-22,412.245,412.245,401.255,403.255,73905.0
2022-12-23,398.155,404.085,395.355,399.735,73858.0
2022-12-26,399.735,408.505,392.355,405.175,115123.0
2022-12-27,403.485,407.245,397.915,404.825,81397.0
2022-12-28,399.315,399.555,381.535,395.255,185293.0
2022-12-29,392.255,399.055,391.655,395.215,98975.0
2022-12-30,399.755,403.255,394.255,394.675,74052.0
2023-01-03,393.255,393.825,382.975,390.895,104820.0
2023-01-04,387.755,388.255,383.305,385.265,196023.0
2023-01-05,389.255,411.425,386.265,408.765,260433.0
2023-01-06,407.255,426.235,405.315,417.915,183925.0
2023-01-09,424.135,424.135,415.255,417.855,128403.0
2023-01-10,418.915,436.255,414.555,433.255,182607.0
2023-01-11,431.755,437.255,425.255,429.115,122418.0
2023-01-12,433.255,440.035,430.935,434.755,111368.0
2023-01-13,445.255,453.775,431.255,440.755,207575.0
2023-01-16,439.755,450.755,436.365,447.885,168091.0
2023-01-17,448.185,453.125,444.865,446.865,98958.0
2023-01-18,449.765,452.135,444.365,449.755,73443.0
2023-01-19,446.585,452.755,443.445,448.025,73100.0
2023-01-20,448.025,453.455,445.515,453.255,107657.0
2023-01-30,480.625,491.815,468.725,471.905,211743.0
2023-01-31,471.135,478.755,463.695,466.455,139540.0
2023-02-01,472.245,480.615,471.735,478.055,115022.0
2023-02-02,480.125,480.955,466.135,467.355,134557.0
2023-02-03,465.255,467.455,452.635,457.455,120200.0
2023-02-06,453.255,454.775,442.345,451.855,107529.0
2023-02-07,451.745,455.055,445.915,449.355,72112.0
2023-02-08,450.855,454.705,446.255,448.465,73299.0
2023-02-09,448.465,457.245,442.755,454.245,80314.0
2023-02-10,454.255,456.935,446.265,447.205,83978.0
2023-02-13,452.235,462.825,448.265,461.255,134185.0
2023-02-14,470.255,470.555,447.045,452.305,128122.0
2023-02-15,454.355,458.255,449.255,449.855,77734.0
2023-02-16,453.245,455.755,439.255,444.455,100911.0
2023-02-17,443.255,443.255,421.255,421.445,214696.0
2023-02-20,417.255,423.135,407.585,421.725,168299.0
2023-02-21,418.735,423.745,413.255,416.265,131846.0
2023-02-22,410.255,415.355,407.925,410.725,123639.0
2023-02-23,411.255,416.385,408.655,414.485,95373.0
2023-02-24,412.255,413.055,405.275,406.655,99894.0
2023-02-27,403.985,406.735,401.355,402.355,92206.0
2023-02-28,405.245,409.555,402.755,405.155,93231.0
2023-03-01,404.355,415.435,404.285,413.035,126020.0
2023-03-02,410.755,412.255,397.455,402.055,161453.0
2023-03-03,403.555,406.965,401.255,403.575,82031.0
2023-03-06,403.425,410.125,393.265,409.675,166267.0
2023-03-07,405.255,410.245,403.085,403.455,99184.0
2023-03-08,401.265,404.185,396.365,398.985,81294.0
2023-03-09,397.455,402.535,389.495,398.265,81367.0
2023-03-10,402.945,411.185,397.155,407.045,191426.0
2023-03-13,404.285,407.915,391.255,393.255,188332.0
2023-03-14,392.135,392.255,379.255,388.485,184847.0
2023-03-15,394.255,396.995,384.875,389.255,129683.0
2023-03-16,385.255,391.165,384.755,386.365,101132.0
2023-03-17,390.255,391.245,376.755,377.235,201447.0
2023-03-20,375.795,385.855,369.255,381.205,158370.0
2023-03-21,383.455,395.435,379.955,395.035,172924.0
2023-03-22,399.995,409.915,398.275,400.455,176872.0
2023-03-23,399.255,403.175,395.685,399.635,100289.0
2023-03-24,399.655,403.515,391.255,394.835,117653.0
2023-03-27,392.365,399.855,385.675,397.755,161157.0
2023-03-28,395.255,397.435,391.455,393.855,75906.0
2023-03-29,396.465,405.535,394.285,401.435,137546.0
2023-03-30,402.245,403.255,398.605,401.365,86819.0
2023-03-31,405.755,416.235,405.755,407.305,196076.0
2023-04-03,407.365,408.055,397.255,399.965,167632.0
2023-04-04,401.245,401.245,383.065,389.255,200897.0
2023-04-06,385.255,390.805,381.405,389.275,105816.0
2023-04-07,387.405,395.255,385.615,391.765,100581.0
2023-04-10,395.145,403.365,389.255,403.265,172379.0
2023-04-11,401.265,411.125,399.255,401.205,143663.0
2023-04-12,401.255,401.255,393.255,393.265,87367.0
2023-04-13,391.255,392.615,386.255,389.515,100464.0
2023-04-14,389.155,403.625,388.755,398.545,159237.0
2023-04-17,397.585,411.255,397.055,409.135,176632.0
2023-04-18,409.145,419.255,408.545,410.255,140605.0
2023-04-19,415.755,416.095,407.255,411.625,116224.0
2023-04-20,411.555,411.555,397.255,397.255,158438.0
2023-04-21,405.755,416.175,400.255,406.245,252760.0
2023-04-24,406.355,407.255,394.135,398.135,173774.0
2023-04-25,399.255,399.255,381.255,387.155,168989.0
2023-04-26,387.175,414.085,381.793,407.875,397075.0
2023-04-27,406.975,422.239,403.933,419.575,339691.0
2023-04-28,424.975,430.969,412.177,419.305,271048.0
2023-05-04,419.575,422.275,407.965,409.711,194091.0
2023-05-05,408.775,417.775,406.471,412.375,167409.0
2023-05-08,417.775,424.597,410.683,419.233,227531.0
2023-05-09,418.459,418.459,407.065,410.269,196538.0
2023-05-10,410.215,425.425,401.953,422.311,289568.0
2023-05-11,422.365,441.139,419.935,436.495,347474.0
2023-05-12,439.357,443.983,432.139,432.139,223100.0
2023-05-15,437.593,442.975,426.955,432.697,267065.0
2023-05-16,432.895,437.521,429.961,433.975,139740.0
2023-05-17,433.975,438.799,428.683,435.775,182464.0
2023-05-18,438.115,438.241,419.647,422.095,241239.0
2023-05-19,420.925,425.299,417.775,417.775,194722.0
2023-05-22,415.975,422.275,412.375,418.315,146791.0
2023-05-23,419.359,420.853,409.045,409.531,196132.0
2023-05-24,408.415,415.093,406.471,409.225,147857.0
2023-05-25,408.505,413.599,404.257,407.137,137533.0
2023-05-26,407.335,407.875,395.275,399.775,182117.0
2023-05-29,403.735,403.771,391.855,394.483,165372.0
2023-05-30,394.375,408.757,392.593,408.757,264671.0
2023-05-31,408.865,412.177,400.063,401.881,188697.0
2023-06-01,404.527,414.175,402.493,404.995,159410.0
2023-06-02,408.595,417.757,406.975,414.967,231815.0
2023-06-05,410.395,410.395,393.277,399.415,335951.0
2023-06-06,396.193,403.915,394.339,398.479,172425.0
2023-06-07,393.259,393.475,371.785,376.915,500939.0
2023-06-08,386.725,387.715,376.375,378.193,238579.0
2023-06-09,379.165,387.409,379.165,385.447,242617.0
2023-06-12,385.285,388.975,379.795,385.285,181316.0
2023-06-13,383.593,388.849,382.999,387.355,132437.0
2023-06-14,394.645,395.509,387.175,387.895,163629.0
2023-06-15,390.757,419.359,390.577,419.359,504957.0
2023-06-16,421.375,425.281,414.715,419.755,296398.0
2023-06-19,423.157,423.157,410.575,413.959,187071.0
2023-06-20,413.941,420.133,410.161,414.175,179605.0
2023-06-21,415.633,418.675,408.595,408.613,171184.0
2023-06-26,399.613,412.285,399.199,409.081,159106.0
2023-06-27,406.939,411.115,401.899,406.021,134206.0
2023-06-28,403.771,411.475,403.375,407.875,135586.0
2023-06-29,406.093,412.213,404.275,404.275,99302.0
2023-06-30,406.957,417.757,400.405,415.597,215515.0
2023-07-03,421.285,424.885,415.165,417.559,155544.0
2023-07-04,415.075,417.865,413.599,416.425,101557.0
2023-07-05,416.443,418.513,409.675,413.293,86364.0
2023-07-06,412.375,415.039,406.921,408.505,102836.0
2023-07-07,408.415,408.505,402.655,403.825,98084.0
2023-07-10,405.175,417.775,405.175,415.615,160938.0
2023-07-11,417.145,417.757,411.619,416.137,91588.0
2023-07-12,415.075,416.695,411.475,412.357,86933.0
2023-07-13,414.553,426.775,414.553,417.775,222577.0
2023-07-14,418.045,419.449,411.565,414.679,130041.0
2023-07-17,412.393,414.175,406.255,409.945,104525.0
2023-07-18,413.815,413.959,407.875,409.675,85758.0
2023-07-19,406.975,408.685,397.219,398.875,176002.0
2023-07-20,397.975,411.817,397.975,401.665,144416.0
2023-07-21,401.305,405.139,399.343,402.637,83935.0
2023-07-24,394.645,401.359,389.227,397.939,137193.0
2023-07-25,408.595,413.527,401.611,411.205,192862.0
2023-07-26,408.991,412.375,406.363,411.763,154568.0
2023-07-27,419.575,422.959,412.159,412.339,208592.0
2023-07-28,412.339,419.575,408.865,417.865,188031.0
2023-07-31,424.975,434.875,423.355,431.725,299028.0
2023-08-01,431.095,434.155,425.875,427.675,156152.0
2023-08-02,430.375,434.857,427.675,429.475,141472.0
2023-08-03,428.575,435.721,427.729,434.227,161805.0
2023-08-04,444.775,453.703,437.773,445.693,315697.0
2023-08-07,443.875,448.267,441.733,447.457,149277.0
2023-08-08,446.539,452.569,444.559,448.627,150667.0
2023-08-09,445.675,449.599,441.427,448.375,116847.0
2023-08-10,449.995,456.169,443.191,447.475,140410.0
2023-08-11,451.885,451.885,438.475,438.475,172041.0
2023-08-14,434.335,435.739,418.153,422.995,256932.0
2023-08-15,422.959,426.055,416.695,420.115,146101.0
2023-08-16,420.511,425.659,417.973,422.455,140090.0
2023-08-17,426.757,429.475,415.759,427.225,204428.0
2023-08-18,427.297,434.191,425.731,428.341,167700.0
2023-08-21,424.957,428.341,421.735,423.103,107804.0
2023-08-22,426.415,427.099,413.293,419.125,151889.0
2023-08-23,419.035,421.195,412.375,413.275,118749.0
2023-08-24,415.759,420.547,411.475,415.885,141577.0
2023-08-25,414.049,417.721,410.233,414.787,111851.0
2023-08-28,438.475,442.903,416.875,418.675,223115.0
2023-08-29,419.935,441.175,419.431,433.075,291750.0
2023-08-30,434.695,439.375,431.275,431.275,145916.0
2023-08-31,430.555,433.075,428.809,429.565,96715.0
2023-09-01,429.655,434.893,426.055,429.295,91011.0
2023-09-04,432.553,433.543,423.895,431.545,140524.0
2023-09-05,430.375,434.875,428.863,430.051,115817.0
2023-09-06,428.665,430.681,422.815,425.731,124748.0
2023-09-07,423.175,424.525,411.493,411.493,192661.0
2023-09-08,408.775,412.735,400.675,405.067,164994.0
2023-09-11,404.995,406.165,399.199,402.529,170609.0
2023-09-12,403.375,404.113,395.347,396.049,182312.0
2023-09-13,394.375,398.245,390.829,393.655,151357.0
2023-09-14,388.399,393.115,387.229,390.649,182941.0
2023-09-15,385.375,388.975,375.655,377.743,336800.0
2023-09-18,374.575,390.217,374.575,387.283,265935.0
2023-09-19,387.283,388.039,382.855,385.951,150244.0
2023-09-20,387.175,387.769,379.399,381.595,130875.0
2023-09-21,381.793,383.485,375.781,375.889,162149.0
2023-09-22,373.675,384.385,373.675,383.449,225091.0
2023-09-25,387.211,388.291,379.453,380.479,136054.0
2023-09-26,375.781,377.005,370.075,371.875,202538.0
2023-09-27,375.115,379.057,368.185,370.363,218490.0
2023-09-28,370.975,375.475,368.419,369.229,158095.0
2023-10-09,365.575,366.079,351.175,355.675,337428.0
2023-10-10,359.959,360.175,354.271,354.271,198655.0
2023-10-11,359.941,361.255,353.155,354.361,202482.0
2023-10-12,354.793,359.815,352.975,356.467,242059.0
2023-10-13,352.705,354.469,345.055,346.855,284222.0
2023-10-16,346.387,346.729,334.813,336.343,246836.0
2023-10-17,337.693,344.515,336.001,337.567,215583.0
2023-10-18,336.955,342.625,334.255,339.115,176519.0
2023-10-19,335.713,337.999,331.879,332.635,174542.0
2023-10-20,325.975,341.617,325.975,329.575,300269.0
2023-10-23,328.315,328.315,320.215,322.843,202233.0
2023-10-24,324.175,326.335,319.315,321.331,243795.0
2023-10-25,324.535,326.875,319.999,320.539,215342.0
2023-10-26,316.975,324.715,307.633,324.301,414206.0
2023-10-27,323.905,338.359,320.611,336.271,477953.0
2023-10-30,340.375,345.559,336.415,342.211,322595.0
2023-10-31,339.799,340.771,336.055,337.855,181525.0
2023-11-01,338.197,346.315,335.875,341.347,197273.0
2023-11-02,343.075,345.559,337.801,337.801,137627.0
2023-11-03,338.575,343.399,336.055,341.167,143655.0
2023-11-06,343.201,358.555,342.985,358.519,349684.0
2023-11-07,356.557,356.773,345.991,348.007,260803.0
2023-11-08,346.099,351.067,345.775,349.087,146522.0
2023-11-09,346.909,350.419,346.729,348.385,109971.0
2023-11-10,343.975,345.721,342.265,344.029,116100.0
2023-11-13,349.375,349.735,340.411,341.905,125196.0
2023-11-14,341.905,343.615,333.175,334.399,234883.0
2023-11-15,340.177,343.237,334.219,335.839,238072.0
2023-11-16,337.639,337.657,327.955,329.845,174662.0
2023-11-17,327.505,330.025,326.857,329.089,110840.0
2023-11-20,329.107,331.015,325.993,328.315,124087.0
2023-11-21,331.375,334.975,327.793,328.873,197662.0
2023-11-22,326.965,330.115,322.375,322.375,186886.0
2023-11-23,320.593,323.635,318.577,323.635,157203.0
2023-11-24,322.429,324.535,317.875,318.775,166212.0
2023-11-27,317.497,317.875,310.855,311.035,184220.0
2023-11-28,309.829,313.321,307.741,313.231,202107.0
2023-11-29,311.575,312.259,303.241,304.105,251885.0
2023-11-30,301.171,307.363,299.857,304.375,230272.0
2023-12-01,304.897,305.635,299.749,301.675,169622.0
2023-12-04,298.075,299.767,294.007,294.745,239304.0
2023-12-05,292.045,296.041,289.345,289.633,248077.0
2023-12-06,289.345,304.123,288.571,296.959,367693.0
2023-12-07,295.375,303.223,294.655,299.857,269084.0
2023-12-08,300.775,303.169,297.391,298.237,245020.0
2023-12-11,295.393,302.017,292.063,301.405,214896.0
2023-12-12,298.975,301.171,297.139,298.309,147339.0
2023-12-13,296.365,298.237,289.453,290.605,252594.0
2023-12-14,293.359,294.457,285.367,285.709,227514.0
2023-12-15,286.735,289.399,282.055,282.775,202046.0
2023-12-18,279.373,280.417,267.079,268.321,429129.0
2023-12-19,267.133,273.739,267.061,271.975,251852.0
2023-12-20,272.335,275.935,270.751,270.985,212494.0
2023-12-21,269.401,283.369,269.401,281.677,421315.0
2023-12-22,280.075,288.913,277.735,285.097,280321.0
2023-12-25,283.675,287.959,282.415,287.347,130056.0
2023-12-26,286.321,287.275,282.307,284.809,127673.0
2023-12-27,287.329,288.175,280.741,281.569,173565.0
2023-12-28,281.371,297.463,280.201,297.157,378502.0
2023-12-29,298.939,300.775,295.375,297.643,226838.0
2024-01-02,295.771,296.329,285.691,286.069,214033.0
2024-01-03,284.755,286.879,281.695,284.215,197576.0
2024-01-04,283.675,284.071,273.361,275.935,272418.0
2024-01-05,275.557,282.289,272.857,275.395,210353.0
2024-01-08,274.135,279.877,272.119,273.775,193854.0
2024-01-09,273.703,276.241,266.125,271.435,233916.0
2024-01-10,268.267,279.373,267.565,274.963,232120.0
2024-01-11,274.963,287.761,271.093,282.451,328018.0
2024-01-12,280.975,286.969,277.735,282.109,254622.0
2024-01-15,280.075,280.435,272.605,276.835,172722.0
2024-01-16,276.763,286.825,274.783,286.285,284693.0
2024-01-17,286.123,286.123,276.925,277.807,217615.0
2024-01-18,273.955,283.135,273.793,282.073,307788.0
2024-01-19,280.615,287.977,279.895,282.595,265949.0
2024-01-22,280.075,291.685,274.945,283.963,404888.0
2024-01-23,282.775,289.615,279.517,280.813,323059.0
2024-01-24,281.875,282.757,272.893,280.039,248710.0
2024-01-25,277.375,282.955,273.253,282.775,294796.0
2024-01-26,278.275,281.839,273.775,273.775,271813.0
2024-01-29,272.767,275.179,268.411,268.411,217675.0
2024-01-30,265.675,269.167,256.495,257.125,327274.0
2024-01-31,264.775,279.103,262.975,276.637,595221.0
2024-02-01,276.619,278.311,271.219,272.011,279688.0
2024-02-02,270.175,271.975,261.841,266.575,307060.0
2024-02-05,260.473,281.875,259.915,277.267,471326.0
2024-02-06,275.917,290.443,275.251,288.769,437459.0
2024-02-07,288.175,291.397,284.575,291.055,366070.0
2024-02-08,290.875,300.775,289.759,296.887,309012.0
2024-02-19,300.703,300.703,290.137,291.937,270925.0
2024-02-20,295.159,295.159,284.701,288.769,221948.0
2024-02-21,287.059,297.715,285.187,293.935,257827.0
2024-02-22,294.169,294.169,289.759,292.405,209559.0
2024-02-23,295.321,295.375,290.083,292.675,210176.0
2024-02-26,290.389,291.757,282.235,284.575,360664.0
2024-02-27,282.919,287.905,281.947,287.869,290401.0
2024-02-28,288.499,297.715,286.393,286.393,400917.0
2024-02-29,284.755,298.561,283.963,298.093,391675.0
2024-03-01,298.129,301.783,296.095,299.965,281013.0
2024-03-04,300.775,305.923,296.761,298.795,268086.0
2024-03-05,295.555,301.135,291.775,300.145,275496.0
2024-03-06,296.419,304.195,294.835,298.327,187180.0
2024-03-07,297.175,299.281,290.839,292.045,221450.0
2024-03-08,290.209,293.215,285.745,288.175,202170.0
2024-03-11,300.775,330.745,299.155,329.305,763350.0
2024-03-12,333.787,339.349,327.775,338.287,621649.0
2024-03-13,340.375,341.617,333.715,337.099,347958.0
2024-03-14,336.577,342.103,333.103,334.633,305356.0
2024-03-15,334.309,334.795,322.105,329.575,354836.0
2024-03-18,345.847,352.543,343.885,347.503,483052.0
2024-03-19,346.657,349.915,339.655,340.825,269576.0
2024-03-20,337.693,348.007,337.693,344.839,210316.0
2024-03-21,344.893,349.159,344.119,344.119,187567.0
2024-03-22,344.137,345.613,336.757,339.493,191034.0
2024-03-25,337.801,342.535,335.839,336.415,164134.0
2024-03-26,338.035,351.409,338.017,349.015,302473.0
2024-03-27,348.907,348.925,342.175,342.175,206457.0
2024-03-28,342.301,348.835,339.655,343.579,200367.0
2024-03-29,346.315,354.775,344.659,346.063,164648.0
2024-04-01,352.975,363.469,351.895,359.887,275132.0
2024-04-02,360.355,366.601,357.475,363.235,240381.0
2024-04-03,361.867,361.885,354.055,359.545,234890.0
2024-04-08,359.545,363.595,354.055,354.055,189576.0
2024-04-09,352.975,357.475,352.453,356.575,145700.0
2024-04-10,353.173,354.775,348.529,350.707,179615.0
2024-04-11,347.233,353.515,340.375,350.455,192954.0
2024-04-12,347.575,349.339,342.193,342.877,166256.0
2024-04-15,352.705,358.627,349.123,358.627,305483.0
2024-04-16,361.975,362.515,354.631,358.645,276231.0
2024-04-17,355.405,358.249,351.211,356.557,216192.0
2024-04-18,352.921,359.185,348.277,355.783,195396.0
2024-04-19,351.283,353.803,344.893,347.215,184915.0
2024-04-22,350.815,354.577,346.801,346.855,150987.0
2024-04-23,347.809,350.275,341.959,345.649,111138.0
2024-04-24,349.375,350.095,339.295,345.055,151543.0
2024-04-25,343.201,353.605,341.977,351.535,164183.0
2024-04-26,349.393,361.759,349.393,361.039,224881.0
2024-04-29,364.801,388.075,363.775,381.109,438630.0
2024-04-30,383.17,383.17,376.402,377.482,214330.0
2024-05-06,392.602,393.862,383.656,385.366,270999.0
2024-05-07,383.926,386.986,382.072,385.186,131799.0
2024-05-08,385.402,386.842,378.4,378.616,124330.0
2024-05-09,384.088,391.72,383.962,389.722,219216.0
2024-05-10,389.722,389.722,378.202,379.102,228011.0
2024-05-13,366.142,375.988,364.72,371.632,221967.0
2024-05-14,373.882,374.962,369.418,371.02,106947.0
2024-05-15,371.02,378.796,368.302,369.004,130741.0
2024-05-16,370.642,375.754,367.366,372.208,153782.0
2024-05-17,372.262,378.202,370.246,378.202,184962.0
2024-05-20,385.762,386.986,378.22,379.012,199172.0
2024-05-21,379.408,381.046,373.81,375.61,122964.0
2024-05-22,377.302,385.402,375.682,381.604,252366.0
2024-05-23,380.362,382.972,378.436,380.614,176548.0
2024-05-24,377.842,381.55,374.224,374.566,155107.0
2024-05-27,376.042,376.042,370.102,372.82,163618.0
2024-05-28,371.83,373.846,368.482,368.842,126900.0
2024-05-29,369.22,377.302,368.842,370.624,133388.0
2024-05-30,371.092,374.386,368.59,371.632,127840.0
2024-05-31,371.632,376.852,368.77,368.77,138086.0
2024-06-03,368.77,379.282,365.242,377.302,187181.0
2024-06-04,376.384,385.834,374.602,383.548,177149.0
2024-06-05,383.062,386.932,380.02,380.218,117774.0
2024-06-06,379.966,385.186,376.762,381.424,124126.0
2024-06-07,370.75,377.212,350.464,360.562,516868.0
2024-06-11,353.002,358.402,345.1,352.588,420724.0
2024-06-12,347.602,354.37,346.666,346.882,203104.0
2024-06-13,349.402,354.82,346.018,346.126,221176.0
2024-06-14,347.782,348.646,334.246,345.604,371849.0
2024-06-17,341.392,355.702,340.96,351.562,269293.0
2024-06-18,351.472,355.648,349.438,355.396,156529.0
2024-06-19,355.882,356.062,350.626,353.02,107540.0
2024-06-20,354.784,355.0,349.582,351.184,115624.0
2024-06-21,351.76,352.93,341.068,346.09,184677.0
2024-06-24,342.202,351.184,342.202,349.366,180355.0
2024-06-25,349.402,353.362,346.882,348.178,144144.0
2024-06-26,346.018,348.736,342.562,346.72,104814.0
2024-06-27,346.72,347.386,342.22,345.802,126536.0
2024-06-28,343.642,346.666,336.514,336.856,194205.0
2024-07-01,335.344,335.506,320.908,329.728,269957.0
2024-07-02,325.732,331.33,322.6,329.746,144156.0
2024-07-03,331.402,341.302,330.16,335.902,162053.0
2024-07-04,337.504,342.184,335.362,336.082,118346.0
2024-07-05,338.602,341.284,330.502,332.518,135247.0
2024-07-08,329.62,333.868,327.82,329.44,108064.0
2024-07-09,328.342,331.942,324.364,329.188,164439.0
2024-07-10,327.82,336.964,324.292,324.292,177729.0
2024-07-11,327.802,334.966,325.084,331.42,208111.0
2024-07-12,332.932,339.988,331.402,336.442,195505.0
2024-07-15,333.742,336.712,331.6,333.418,114697.0
2024-07-16,332.302,337.702,331.942,335.542,151487.0
2024-07-17,333.202,341.59,329.494,338.404,185901.0
2024-07-18,336.802,353.182,336.226,351.832,319944.0
2024-07-19,348.232,354.964,347.962,353.794,208476.0
2024-07-22,356.944,362.326,350.122,353.938,171683.0
2024-07-23,353.02,354.262,347.962,347.962,119031.0
2024-07-24,347.602,353.164,346.504,348.178,144681.0
2024-07-25,347.818,356.116,345.91,350.716,205959.0
2024-07-26,354.802,360.742,351.292,353.632,233477.0
2024-07-29,349.402,349.402,336.802,344.956,213624.0
2024-07-30,342.598,346.396,342.598,345.604,127252.0
2024-07-31,340.402,349.186,340.402,348.16,198969.0
2024-08-01,345.802,347.602,336.982,337.342,230127.0
2024-08-02,335.002,336.802,330.934,331.564,154937.0
2024-08-05,327.82,337.144,327.802,331.402,193477.0
2024-08-06,333.94,335.704,325.48,327.712,157687.0
2024-08-07,327.712,330.016,325.408,325.408,127540.0
2024-08-08,324.22,325.282,319.018,323.122,146590.0
2024-08-09,325.282,327.568,318.802,318.802,154130.0
2024-08-12,319.828,320.818,313.042,317.002,174156.0
2024-08-13,316.804,327.73,315.886,325.606,193893.0
2024-08-14,324.184,326.812,321.898,322.78,99663.0
2024-08-15,322.402,327.082,321.124,324.922,144812.0
2024-08-16,324.922,329.602,323.986,325.318,111506.0
2024-08-19,324.832,333.094,324.472,328.882,140358.0
2024-08-20,327.802,329.602,325.39,327.568,84370.0
2024-08-21,326.002,328.54,322.402,326.02,111474.0
2024-08-22,327.766,336.748,326.542,334.642,199011.0
2024-08-23,331.402,341.338,331.402,340.042,184152.0
2024-08-26,340.222,345.01,338.602,343.858,148387.0
2024-08-27,341.338,344.884,339.502,343.102,99770.0
2024-08-28,341.842,343.444,339.106,341.878,106390.0
2024-08-29,335.308,342.184,335.308,338.242,156702.0
2024-08-30,338.242,347.53,338.242,344.614,254292.0
2024-09-02,344.794,346.864,338.602,338.944,129852.0
2024-09-03,337.342,348.862,336.838,346.972,181969.0
2024-09-04,346.378,353.002,345.532,349.672,165645.0
2024-09-05,349.672,353.992,347.242,349.042,123182.0
2024-09-06,347.818,352.102,346.522,347.512,75255.0
2024-09-09,346.0,352.39,343.048,346.072,134754.0
2024-09-10,346.702,346.702,338.692,338.89,154244.0
2024-09-11,341.122,350.806,338.89,348.61,211971.0
2024-09-12,351.202,358.69,348.88,353.632,207100.0
2024-09-13,352.786,352.786,343.102,343.102,172873.0
2024-09-18,343.282,350.176,342.724,348.322,113779.0
2024-09-19,349.402,351.598,343.282,349.222,157694.0
2024-09-20,349.222,351.022,343.426,346.882,155027.0
2024-09-23,348.79,353.776,346.702,351.562,157925.0
2024-09-24,358.33,369.508,352.804,368.338,354517.0
2024-09-25,386.104,386.122,377.464,378.382,420101.0
2024-09-26,379.462,385.996,370.876,382.72,354893.0
2024-09-27,394.402,429.826,393.808,421.06,701813.0
2024-09-30,432.238,471.802,430.402,466.204,913611.0
2024-10-08,545.602,555.502,494.59,551.002,1376465.0
2024-10-09,516.622,516.784,471.802,471.802,1086916.0
2024-10-10,471.802,491.584,463.09,477.202,608338.0
2024-10-11,472.702,472.702,441.076,448.024,476402.0
2024-10-14,462.784,467.842,453.694,462.298,467599.0
2024-10-15,462.46,464.314,446.836,446.998,327653.0
2024-10-16,442.678,442.678,432.796,433.732,335860.0
2024-10-17,434.002,442.786,428.35,429.502,261647.0
2024-10-18,426.802,478.786,426.082,462.604,680138.0
2024-10-21,479.002,485.356,465.952,468.85,584558.0
2024-10-22,470.002,471.01,457.87,463.792,278760.0
2024-10-23,458.86,471.694,457.15,461.542,321541.0
2024-10-24,462.388,465.502,453.802,455.89,214658.0
2024-10-25,467.014,489.802,456.142,478.786,578986.0
2024-10-28,473.836,478.3,468.202,474.034,276019.0
2024-10-29,474.034,476.68,465.034,466.006,269948.0
2024-10-30,462.802,466.942,452.902,459.256,271344.0
2024-10-31,457.384,463.702,452.002,455.566,255003.0
2024-11-01,456.556,462.478,454.126,455.962,259158.0
2024-11-04,452.002,470.542,452.002,464.962,242472.0
2024-11-05,463.846,485.878,461.236,483.304,484821.0
2024-11-06,478.984,497.902,469.102,474.502,452393.0
2024-11-07,477.202,485.842,469.786,485.842,335710.0
2024-11-08,498.19,502.402,475.582,476.302,402941.0
2024-11-11,467.032,496.984,464.62,494.302,491539.0
2024-11-12,513.706,526.162,500.566,504.238,744030.0
2024-11-13,497.002,531.562,492.988,520.402,557737.0
2024-11-14,522.202,525.784,507.19,507.802,426572.0
2024-11-15,497.902,507.802,490.81,490.81,351983.0
2024-11-18,490.81,500.512,482.602,486.058,306500.0
2024-11-19,484.438,502.402,477.202,496.498,348129.0
2024-11-20,493.312,498.622,489.082,494.392,227088.0
2024-11-21,490.99,501.376,487.39,495.67,205508.0
2024-11-22,495.076,497.002,478.786,479.182,225551.0
2024-11-25,486.31,492.61,482.926,488.182,262391.0
2024-11-26,483.628,487.948,472.99,474.898,273604.0
2024-11-27,471.262,482.422,465.448,480.622,274007.0
2024-11-28,479.362,479.956,469.102,471.262,223556.0
2024-11-29,465.016,495.184,465.016,483.034,313663.0
2024-12-02,478.354,487.192,475.78,484.744,206475.0
2024-12-03,482.602,486.184,479.002,484.114,173108.0
2024-12-04,480.802,484.402,476.302,478.948,161814.0
2024-12-05,477.184,478.912,471.82,473.602,160216.0
2024-12-06,473.602,498.622,471.802,492.592,330381.0
2024-12-09,493.384,498.19,488.74,495.292,224561.0
2024-12-10,519.106,519.502,497.596,499.828,329044.0
2024-12-11,505.93,515.902,492.538,493.582,194008.0
2024-12-12,491.422,508.486,490.162,505.48,223295.0
2024-12-13,498.586,502.402,491.602,493.456,283164.0
2024-12-16,491.998,497.902,488.092,493.762,162575.0
2024-12-17,493.402,513.202,492.574,505.642,282146.0
2024-12-18,506.56,507.316,499.36,501.34,150853.0
2024-12-19,497.47,503.032,492.718,498.424,153460.0
2024-12-20,498.424,500.242,481.378,485.68,277401.0
2024-12-23,485.68,496.786,485.68,487.102,206394.0
2024-12-24,486.202,495.652,486.202,495.616,196154.0
2024-12-25,496.84,500.44,492.07,495.148,114138.0
2024-12-26,493.762,493.762,482.602,483.052,224438.0
2024-12-27,481.828,486.958,471.802,484.402,243519.0
2024-12-30,482.386,494.302,481.72,492.646,226314.0
2024-12-31,489.964,499.702,489.964,491.602,249340.0
2025-01-02,492.052,492.142,475.402,478.606,233546.0
2025-01-03,478.606,486.202,475.78,476.536,185238.0
2025-01-06,477.202,480.802,468.202,474.952,172891.0
2025-01-07,450.202,466.402,446.746,461.812,401036.0
2025-01-08,455.584,459.76,450.778,454.414,271858.0
2025-01-09,447.232,463.252,446.89,457.996,169329.0
2025-01-10,456.502,462.712,453.226,455.602,147294.0
2025-01-13,451.102,462.802,448.402,457.24,180922.0
2025-01-14,458.68,475.402,454.18,473.962,202467.0
2025-01-15,473.962,474.322,462.208,464.368,150627.0
2025-01-16,466.402,471.082,459.67,462.676,161884.0
2025-01-17,460.102,469.102,459.346,465.502,111066.0
2025-01-20,474.502,494.5,474.16,490.738,342835.0
2025-01-21,496.102,496.57,486.598,488.326,138933.0
2025-01-22,484.402,489.622,470.38,477.202,250407.0
2025-01-23,480.532,485.302,475.366,476.302,165537.0
2025-01-24,475.826,491.612,475.826,484.124,224398.0
2025-01-27,484.142,488.354,477.608,477.608,171026.0
2025-02-05,483.008,486.608,466.898,468.824,240481.0
2025-02-06,466.808,471.29,463.568,470.588,248961.0
2025-02-07,477.608,487.616,467.924,485.312,344413.0
2025-02-10,485.312,485.654,474.332,480.218,229267.0
2025-02-11,483.8,483.908,466.916,468.248,247920.0
2025-02-12,465.026,475.808,459.752,474.548,273822.0
2025-02-13,475.79,490.19,474.188,485.51,375350.0
2025-02-14,485.762,506.408,485.762,500.486,387800.0
2025-02-17,509.828,509.828,493.844,499.928,241830.0
2025-02-18,506.336,510.908,499.208,502.394,238458.0
2025-02-19,498.434,511.808,498.398,507.398,204455.0
2025-02-20,506.048,506.048,495.608,501.368,195890.0
2025-02-21,498.452,513.392,497.012,510.998,309519.0
2025-02-24,506.426,509.468,497.696,503.708,277538.0
2025-02-25,496.472,508.208,491.126,500.072,232094.0
2025-02-26,503.618,506.192,495.932,498.524,211731.0
2025-02-27,501.494,504.068,496.814,501.008,231851.0
2025-02-28,500.288,503.366,489.506,490.748,222655.0
2025-03-03,492.008,517.748,487.04,507.362,387364.0
2025-03-04,501.008,502.808,487.922,488.408,268365.0
2025-03-05,488.408,490.01,480.308,484.79,208696.0
2025-03-06,487.058,492.962,484.808,490.766,250273.0
2025-03-07,488.336,489.452,480.632,484.376,222871.0
2025-03-10,486.248,486.356,471.506,476.708,286751.0
2025-03-11,470.534,474.908,470.498,474.368,171351.0
2025-03-12,475.826,476.924,467.69,473.108,199147.0
2025-03-13,472.208,481.568,470.408,470.804,168852.0
2025-03-14,470.408,491.738,469.778,486.608,351089.0
2025-03-17,488.588,492.854,475.34,475.808,335155.0
2025-03-18,479.408,484.412,474.908,477.608,225767.0
2025-03-19,477.968,495.554,477.212,492.71,369541.0
2025-03-20,492.71,494.708,484.844,486.878,144247.0
2025-03-21,487.832,491.162,475.214,475.808,194320.0
2025-03-24,478.868,481.172,476.312,479.696,167302.0
2025-03-25,478.886,483.008,474.53,482.072,127858.0
2025-03-26,481.928,487.868,477.068,477.464,129046.0
2025-03-27,476.15,488.048,472.658,480.992,141792.0
2025-03-28,476.006,480.992,475.448,477.248,112421.0
2025-03-31,475.916,479.372,468.824,470.3,194634.0
2025-04-01,470.3,473.108,462.452,463.316,194162.0
2025-04-02,465.368,469.436,460.616,463.46,137321.0
2025-04-03,456.008,460.868,451.598,452.552,232816.0
2025-04-07,421.97,429.008,391.406,402.404,723646.0
2025-04-08,410.918,420.008,404.528,409.298,476594.0
2025-04-09,398.264,408.758,393.17,395.51,536023.0
2025-04-10,412.808,416.03,402.836,407.372,372741.0
2025-04-11,403.808,420.998,401.468,418.208,302991.0
2025-04-14,423.878,425.408,415.832,418.208,206965.0
2025-04-15,421.808,429.818,420.224,425.678,266865.0
2025-04-16,423.608,423.932,413.798,419.81,216551.0
2025-04-17,416.408,424.202,415.004,421.808,157377.0
2025-04-18,420.386,422.708,417.596,420.836,115128.0
2025-04-21,420.836,438.008,418.532,431.456,220082.0
2025-04-22,437.173,439.261,432.133,438.415,169354.0
2025-04-23,446.173,452.923,442.573,443.203,191980.0
2025-04-24,445.273,452.761,441.223,449.539,181554.0
2025-04-25,450.133,451.429,446.335,449.053,127620.0
2025-04-28,452.023,452.041,442.933,445.903,143124.0
2025-04-29,444.373,445.813,438.469,440.827,167424.0
2025-04-30,442.663,445.057,439.873,439.873,156328.0
2025-05-06,444.211,448.513,439.333,440.107,196877.0
2025-05-07,448.783,456.757,448.117,452.671,312810.0
2025-05-08,454.255,470.797,451.537,463.399,312856.0
2025-05-09,466.099,472.759,463.543,470.059,236933.0
2025-05-12,482.173,487.555,478.573,485.773,302315.0
2025-05-13,494.773,494.773,482.209,488.959,204806.0
2025-05-14,488.959,499.201,483.991,495.853,231463.0
2025-05-15,495.889,496.339,490.453,491.497,141119.0
2025-05-16,489.625,494.287,487.087,490.021,189001.0
2025-05-19,492.073,492.145,486.259,491.173,169740.0
2025-05-20,499.165,501.073,482.533,496.573,346424.0
2025-05-21,503.755,527.155,501.613,516.517,565245.0
2025-05-22,523.213,523.465,506.059,509.839,276081.0
2025-05-23,510.991,516.373,503.683,503.755,230004.0
2025-05-26,500.173,502.657,478.393,483.793,330122.0
2025-05-27,483.775,486.151,477.475,480.355,176680.0
2025-05-28,483.271,488.059,479.149,479.653,154563.0
2025-05-29,478.573,480.337,471.373,476.503,217883.0
2025-05-30,474.793,477.943,468.619,473.173,204337.0
2025-06-03,476.773,480.193,473.965,475.243,158412.0
2025-06-04,477.673,479.653,474.433,475.063,130402.0
2025-06-05,475.621,477.565,470.059,475.873,135259.0
2025-06-06,476.773,479.167,470.473,471.157,165515.0
2025-06-09,471.157,474.757,465.073,465.217,185498.0
2025-06-10,464.173,467.521,459.169,460.825,139325.0
2025-06-11,466.135,477.565,463.813,474.073,279934.0
2025-06-12,476.773,477.673,470.959,472.831,175696.0
2025-06-13,469.753,473.911,466.639,469.933,174032.0
2025-06-16,469.573,470.833,465.613,467.161,122176.0
2025-06-17,467.701,470.347,464.569,466.441,97650.0
2025-06-18,467.737,472.417,465.199,465.199,104606.0
2025-06-19,464.713,466.261,458.053,458.953,147985.0
2025-06-20,457.081,460.789,454.273,455.641,136883.0
2025-06-23,453.913,456.253,451.627,454.471,127099.0
2025-06-24,456.217,469.717,456.217,465.829,235011.0
2025-06-25,466.873,483.757,465.973,481.993,315377.0
2025-06-26,483.757,484.495,477.421,478.195,199145.0
2025-06-27,484.873,486.583,473.371,474.955,236201.0
2025-06-30,475.873,479.473,472.633,477.169,176234.0
2025-07-01,477.673,478.105,472.957,475.873,95323.0
2025-07-02,475.873,476.791,471.715,473.983,115714.0
2025-07-03,475.819,496.951,474.235,495.835,338037.0
2025-07-04,500.191,509.137,492.937,501.613,272060.0
2025-07-07,501.613,507.157,489.157,492.775,174665.0
2025-07-08,492.433,501.793,490.849,497.131,155923.0
2025-07-09,495.133,517.201,494.953,510.613,293884.0
2025-07-10,518.155,518.155,506.473,512.773,242393.0
2025-07-11,511.873,516.373,509.353,511.873,213282.0
2025-07-14,510.973,511.549,502.153,506.473,149789.0
2025-07-15,506.473,513.673,501.973,505.123,169526.0
2025-07-16,506.473,506.833,496.645,499.093,156265.0
2025-07-17,500.839,505.123,499.021,501.073,145110.0
2025-07-18,506.833,513.583,501.613,511.333,221866.0
2025-07-21,521.773,530.773,515.563,526.561,324863.0
2025-07-22,527.173,545.173,525.697,539.161,333090.0
2025-07-23,541.861,546.523,539.035,539.809,200190.0
2025-07-24,543.373,543.733,532.411,536.533,223891.0
2025-07-25,536.533,536.533,530.323,532.213,134326.0
2025-07-28,532.609,543.535,529.513,538.513,238973.0
2025-07-29,539.233,548.773,539.197,548.449,233946.0
2025-07-30,549.133,549.133,520.621,521.935,415943.0
2025-07-31,528.613,530.737,499.489,499.489,447104.0
2025-08-01,499.813,503.053,496.123,496.699,252500.0
2025-08-04,496.573,505.573,494.233,502.837,237682.0
2025-08-05,504.673,507.373,497.473,501.433,219760.0
2025-08-06,500.569,503.593,496.987,500.173,153233.0
2025-08-07,500.173,502.855,495.133,496.663,165481.0
2025-08-08,498.373,502.261,494.791,497.437,174282.0
2025-08-11,497.437,502.243,495.673,497.761,213309.0
2025-08-12,497.473,500.497,487.069,497.023,222407.0
2025-08-13,499.759,518.173,499.291,515.653,394668.0
2025-08-14,521.575,530.773,517.237,526.975,371708.0
2025-08-15,524.257,531.313,520.153,528.379,241092.0
2025-08-18,528.379,537.037,523.609,532.573,285288.0
2025-08-19,532.573,534.373,520.369,523.213,244286.0
2025-08-20,524.476,528.958,514.666,527.536,233535.0
2025-08-21,527.662,532.216,525.376,527.176,182698.0
2025-08-22,527.05,545.806,526.456,541.9,264219.0
2025-08-25,546.976,553.96,541.18,547.48,312297.0
2025-08-26,541.612,548.758,539.02,546.076,230245.0
2025-08-27,545.176,546.148,525.718,525.916,382584.0
2025-08-28,521.884,527.158,515.872,524.314,304664.0
2025-08-29,525.934,594.964,525.286,576.1,780139.0
2025-09-01,576.676,577.396,563.716,572.176,429964.0
2025-09-02,572.23,584.956,563.23,570.142,371169.0
2025-09-03,571.276,585.946,570.43,581.176,508975.0
2025-09-04,589.222,606.97,566.11,572.23,657548.0
2025-09-05,564.796,610.174,564.652,610.174,708198.0
2025-09-08,626.176,632.746,607.276,610.642,588346.0
2025-09-09,606.016,627.22,595.864,600.976,434024.0
2025-09-10,597.358,604.576,588.376,593.848,367527.0
2025-09-11,592.966,606.34,581.248,605.566,380345.0
2025-09-12,611.596,618.796,604.936,609.976,338713.0
2025-09-15,647.794,693.712,644.212,663.436,718410.0
2025-09-16,665.974,671.176,652.276,661.132,377445.0
2025-09-17,667.216,712.36,662.176,703.756,543771.0
2025-09-18,699.238,708.976,674.416,685.378,518897.0
2025-09-19,681.976,701.254,676.072,688.258,339149.0
2025-09-22,691.876,695.872,677.98,691.066,285278.0
2025-09-23,687.376,703.504,672.976,687.646,348493.0
2025-09-24,692.776,708.976,683.884,708.85,383145.0
2025-09-25,702.856,749.638,702.622,732.106,466393.0
2025-09-26,730.612,744.958,708.976,709.696,362633.0
2025-09-29,720.388,744.778,719.794,740.242,389647.0
2025-09-30,737.776,760.96,737.776,748.576,330313.0
2025-10-09,744.94,788.824,744.508,762.778,412088.0
2025-10-10,746.776,751.816,707.194,712.486,533118.0
2025-10-13,678.124,717.256,678.124,699.076,471510.0
2025-10-14,710.776,719.416,665.362,669.376,496399.0
2025-10-15,670.276,690.454,663.544,689.716,369934.0
2025-10-16,686.476,697.996,681.076,688.276,276295.0
2025-10-17,686.476,699.976,667.558,669.628,319058.0
2025-10-20,681.976,688.978,672.13,684.676,284324.0
2025-10-21,696.376,711.406,678.556,701.596,446329.0
2025-10-22,701.596,706.96,687.736,696.124,219459.0
2025-10-23,697.816,706.816,689.176,702.586,239981.0
2025-10-24,708.922,723.016,705.376,719.362,320416.0
2025-10-27,732.376,732.376,702.802,720.1,404510.0
2025-10-28,720.064,733.816,714.412,720.64,287083.0
2025-10-29,719.776,745.048,717.436,744.976,344740.0
2025-10-30,755.74,761.32,739.27,741.898,343061.0
2025-10-31,741.376,757.216,723.736,724.762,340484.0
2025-11-03,721.576,730.414,701.362,721.324,263682.0
2025-11-04,714.484,720.676,698.176,707.086,239391.0
2025-11-05,696.106,732.376,694.576,724.636,311425.0
2025-11-06,726.976,744.058,724.636,735.4,234475.0
2025-11-07,733.276,740.494,724.96,736.642,165549.0
2025-11-10,742.096,745.534,714.952,717.094,238960.0
2025-11-11,719.776,735.562,717.076,719.056,193032.0
2025-11-12,728.38,732.358,716.14,720.46,212998.0
2025-11-13,718.066,783.316,718.066,773.056,562654.0
2025-11-14,757.576,771.256,751.96,752.392,241721.0
2025-11-17,723.376,731.296,713.476,728.38,476855.0
2025-11-18,725.176,742.51,710.776,717.976,395658.0
2025-11-19,718.876,742.168,717.904,728.956,292667.0
2025-11-20,735.796,735.976,703.594,707.878,336743.0
2025-11-21,699.976,714.376,690.976,690.976,316313.0
2025-11-24,697.816,699.796,685.9,691.966,228458.0
2025-11-25,699.976,708.364,692.038,695.224,206332.0
2025-11-26,700.876,700.876,691.102,696.052,189107.0
2025-11-27,696.376,706.96,690.976,693.136,222003.0
2025-11-28,691.876,700.84,684.064,696.736,203403.0
2025-12-01,699.544,714.322,698.23,714.322,267510.0
2025-12-02,715.276,717.94,704.296,709.12,163485.0
2025-12-03,709.138,715.042,699.976,701.92,139911.0
2025-12-04,707.518,715.456,700.246,715.006,191658.0
2025-12-05,721.936,725.734,712.576,725.338,232916.0
2025-12-08,727.75,736.66,718.876,731.476,216598.0
2025-12-09,729.676,731.044,719.776,722.638,186918.0
2025-12-10,718.066,723.376,704.044,713.26,194334.0
2025-12-11,717.796,742.924,715.06,725.158,282154.0
2025-12-12,730.576,733.078,718.876,730.216,240020.0
2025-12-15,729.676,735.922,718.354,718.876,182750.0
2025-12-16,719.776,725.32,705.43,706.114,191217.0
2025-12-17,702.586,717.076,700.084,715.132,222574.0
2025-12-18,708.202,710.686,690.994,694.576,296393.0
2025-12-19,698.32,704.8,692.416,698.176,175599.0
2025-12-22,701.776,705.358,687.556,694.288,254935.0
2025-12-23,694.576,709.876,693.856,705.556,236041.0
2025-12-24,705.52,705.52,694.576,701.056,210884.0
2025-12-25,698.554,698.554,689.392,696.394,203431.0
2025-12-26,696.304,705.376,691.156,698.95,257237.0
2025-12-29,698.176,698.95,687.376,689.734,241241.0
2025-12-30,685.756,692.776,684.784,689.536,190308.0
2025-12-31,690.598,694.576,685.846,686.044,160266.0
2026-01-05,690.976,705.376,687.718,704.476,336881.0
2026-01-06,708.976,709.876,689.248,698.158,341477.0
2026-01-07,696.286,700.84,688.258,692.794,262285.0
2026-01-08,687.376,696.97,685.576,689.554,269590.0
2026-01-09,689.482,704.71,685.594,689.59,314772.0
2026-01-12,687.376,687.376,657.964,676.0,488307.0
2026-01-13,684.226,686.962,667.576,671.176,296709.0
2026-01-14,673.03,675.172,658.054,662.14,380834.0
2026-01-15,659.926,669.88,658.216,661.726,323709.0
2026-01-16,669.358,676.072,657.694,659.152,319818.0
2026-01-19,657.622,664.588,646.57,652.996,338643.0
2026-01-20,654.976,667.414,651.196,654.256,354406.0
2026-01-21,658.468,668.818,653.176,654.634,393936.0
2026-01-22,656.83,661.69,636.076,647.416,459948.0
2026-01-23,651.394,654.976,642.826,649.576,339761.0
2026-01-26,658.612,659.566,639.154,640.666,332914.0
2026-01-27,645.778,645.796,626.212,635.896,322949.0
2026-01-28,633.16,644.176,624.394,636.958,463082.0
2026-01-29,637.876,646.264,633.664,640.378,338444.0
2026-01-30,652.096,661.744,644.356,654.976,486501.0
2026-02-02,667.576,669.358,644.41,653.14,391917.0
2026-02-03,653.176,660.016,643.276,651.214,265163.0
2026-02-04,656.704,684.946,650.494,682.03,485317.0
2026-02-05,683.362,685.126,665.812,678.268,284272.0
2026-02-06,671.752,696.16,669.394,689.374,393726.0
2026-02-09,691.876,695.476,677.656,688.852,274486.0
2026-02-10,682.282,692.416,680.176,681.922,185635.0
2026-02-11,685.396,692.758,681.076,687.376,196535.0
2026-02-12,690.976,705.16,687.43,701.542,277546.0
2026-02-13,701.074,703.576,681.994,682.588,223145.0
2026-02-24,695.728,697.276,676.486,676.486,226951.0
2026-02-25,679.618,684.856,673.156,676.9,187166.0
2026-02-26,665.866,669.736,643.276,647.776,435414.0
2026-02-27,649.792,653.068,640.594,640.594,254466.0
2026-03-02,638.776,645.796,631.0,637.372,283513.0
2026-03-03,648.37,662.806,644.23,644.302,400075.0
2026-03-04,638.956,640.612,626.536,634.996,250804.0
2026-03-05,645.22,661.906,641.764,655.426,310061.0
2026-03-06,653.176,667.612,645.364,663.562,209631.0
2026-03-09,652.888,672.706,646.084,668.476,317976.0
2026-03-10,699.976,708.562,684.676,702.316,507417.0
2026-03-11,708.22,751.366,707.14,739.216,575987.0
2026-03-12,744.976,746.596,731.836,736.876,291504.0
2026-03-13,733.96,752.158,733.816,739.576,355826.0
2026-03-16,748.162,768.682,741.376,760.096,373521.0
2026-03-17,773.38,780.976,753.184,753.976,359807.0
2026-03-18,754.624,755.776,739.162,748.612,265300.0
2026-03-19,748.468,770.176,744.976,745.876,292866.0
2026-03-20,754.12,784.72,745.21,768.376,537297.0
2026-03-23,776.17,776.224,742.726,748.558,446141.0
2026-03-24,753.976,766.396,723.376,739.558,364105.0
2026-03-25,732.376,745.876,723.016,741.034,267528.0
2026-03-26,733.888,769.672,730.576,749.476,267637.0
2026-03-27,755.992,777.97,748.09,774.1,302580.0
2026-03-30,768.376,778.906,755.056,768.376,253484.0
2026-03-31,768.376,775.486,747.82,748.036,249256.0
2026-04-01,762.49,762.742,737.776,755.254,231701.0
2026-04-02,759.196,766.558,739.936,747.082,223056.0
2026-04-03,744.976,746.416,718.21,720.604,247515.0
2026-04-07,726.94,732.736,711.658,717.238,172576.0
2026-04-08,738.676,740.746,723.772,729.316,364184.0
2026-04-09,734.356,734.68,720.964,726.958,259552.0
2026-04-10,734.176,779.176,731.8,773.776,507887.0
2026-04-13,777.376,804.97,773.776,793.81,412399.0
2026-04-14,783.676,803.458,770.896,800.398,442208.0
2026-04-15,814.96,816.004,793.702,800.776,373536.0
2026-04-16,818.776,852.976,804.412,842.14,635062.0
2026-04-17,845.704,848.728,818.794,824.536,365358.0
2026-04-20,804.376,813.196,791.794,803.476,529278.0
2026-04-21,807.976,835.21,790.156,830.656,577746.0
2026-04-22,831.226,843.754,817.042,822.838,460254.0
2026-04-23,835.708,835.888,820.408,827.428,354310.0
2026-04-24,833.008,844.618,825.808,838.228,395425.0
2026-04-27,837.742,845.176,818.248,820.192,330613.0
2026-04-28,804.55,817.348,798.808,807.214,350121.0
2026-04-29,815.008,838.678,807.808,838.408,376336.0
2026-04-30,841.108,846.508,822.208,822.208,298121.0
2026-05-06,860.908,875.992,844.942,865.408,473727.0
2026-05-07,881.158,881.158,842.008,850.36,386213.0
2026-05-08,845.608,857.308,822.568,824.008,366049.0
2026-05-11,829.408,848.326,820.588,840.406,341901.0
2026-05-12,841.27,841.738,810.13,813.658,341515.0
2026-05-13,813.226,823.252,806.152,818.698,316858.0
2026-05-14,846.292,848.218,806.008,806.008,347046.0
2026-05-15,807.952,814.108,795.208,799.888,297049.0
2026-05-18,794.452,798.628,782.608,788.422,284983.0
2026-05-19,785.956,793.228,769.648,789.664,260877.0
2026-05-20,788.008,798.79,780.196,783.958,281190.0
2026-05-21,793.174,807.124,777.964,778.342,338672.0
2026-05-22,783.868,787.108,775.408,777.496,277884.0
2026-05-25,777.712,783.508,757.408,762.592,381977.0
2026-05-26,768.55,773.194,758.056,761.908,350627.0
2026-05-27,782.464,809.428,777.73,784.048,533729.0
2026-05-28,793.408,794.452,768.568,785.632,327771.0
2026-05-29,798.808,812.956,787.198,800.608,498119.0
2026-06-01,815.188,826.24,790.132,793.588,386005.0
2026-06-02,802.408,825.358,798.808,818.41,387982.0
2026-06-03,824.008,824.008,793.588,804.964,385526.0
2026-06-04,804.964,805.828,770.332,772.168,431155.0
2026-06-05,771.61,780.178,762.268,762.808,287389.0
2026-06-08,749.848,762.232,740.668,744.844,286526.0
2026-06-09,757.39,760.774,735.808,756.508,277351.0
2026-06-10,748.912,755.608,730.624,736.708,244357.0
2026-06-11,733.972,741.82,721.462,725.368,268654.0
2026-06-12,739.39,756.58,727.348,748.138,414208.0
2026-06-15,761.008,771.628,745.546,753.988,340749.0
2026-06-16,773.392,773.644,754.708,763.762,348393.0
2026-06-17,757.408,763.348,749.452,755.608,250093.0
2026-06-18,758.11,775.21,739.264,742.198,385481.0
2026-06-22,744.808,781.402,732.208,773.572,594648.0
2026-06-23,777.208,782.68,740.722,743.926,373741.0
2026-06-24,743.008,756.094,733.396,749.056,344271.0
2026-06-25,757.192,761.998,744.052,760.828,324046.0
2026-06-26,759.208,775.066,723.208,723.208,465253.0
2026-06-29,733.936,750.208,718.168,743.656,425259.0
2026-06-30,743.89,761.656,739.408,744.826,270383.0
2026-07-01,739.408,741.208,703.408,728.32,440886.0
2026-07-02,735.232,741.19,722.11,725.638,340754.0
2026-07-03,724.936,735.718,719.608,721.408,258849.0
2026-07-06,720.022,724.81,710.698,711.526,216480.0
2026-07-07,714.208,719.392,704.776,707.89,208486.0
2026-07-08,710.608,715.432,687.208,687.208,270519.0
2026-07-09,687.208,715.396,685.534,713.308,377942.0
2026-07-10,712.408,712.768,660.496,665.176,556014.0
2026-07-13,665.608,689.008,663.808,683.716,462907.0
2026-07-14,672.088,693.742,671.89,692.626,436316.0
2026-07-15,699.826,721.39,690.952,708.808,358493.0
2026-07-16,702.472,712.444,693.508,696.568,251869.0
2026-07-17,707.548,712.84,685.408,685.408,512453.0
2026-07-20,674.608,717.088,674.248,714.982,447908.0
2026-07-21,708.214,741.208,707.908,725.368,440360.0
2026-07-22,726.538,730.408,703.174,707.476,311938.0
2026-07-23,708.808,732.208,696.226,732.19,359409.0
2026-07-24,727.132,740.956,726.178,726.826,254542.0
2026-07-27,753.826,764.248,746.608,757.408,473272.0
2026-07-28,750.676,757.39,740.956,740.956,371911.0
2026-07-29,739.408,760.756,723.892,751.72,404359.0
2026-07-30,739.408,764.248,739.048,760.792,452390.0
2026-07-31,749.398,757.768,737.608,748.948,394149.0
2026-08-03,744.088,749.992,738.688,747.328,215223.0
2026-08-04,748.408,753.556,741.604,748.588,261654.0
2026-08-05,757.444,771.628,753.808,766.768,300112.0
2026-08-06,775.408,775.408,728.896,735.808,453201.0
2026-08-07,735.79,737.392,728.644,735.934,255193.0
2026-08-10,734.03,750.248,732.266,748.898,231609.0
2026-08-11,750.932,751.436,741.068,742.652,162992.0
2026-08-12,739.106,752.57,737.468,749.006,202364.0
2026-08-13,747.404,758.834,743.804,753.272,244293.0
2026-08-14,750.932,761.714,748.556,749.006,159302.0
2026-08-17,749.006,760.832,742.832,759.896,203998.0
2026-08-18,758.132,761.282,750.032,753.2,169332.0
2026-08-19,749.132,754.514,738.926,740.132,211572.0
2026-08-20,744.65,745.694,731.132,732.932,179096.0
2026-08-21,734.732,756.026,729.422,744.002,204496.0
2026-08-24,744.002,749.852,735.956,738.134,139730.0
2026-08-25,743.732,744.002,716.84,718.046,260646.0
2026-08-26,723.752,733.832,712.61,722.132,207162.0
2026-08-27,717.632,721.52,706.022,711.332,233738.0
2026-08-28,702.332,708.182,695.366,703.232,263770.0
2026-08-31,699.812,701.126,683.072,694.322,262424.0
2026-09-01,692.414,694.34,684.386,684.512,198087.0
2026-09-02,680.696,681.632,665.522,666.854,278067.0
2026-09-03,669.914,678.572,666.512,669.032,262864.0
2026-09-04,672.452,678.32,669.14,671.732,227381.0
2026-09-07,671.822,673.172,661.832,666.692,246788.0
2026-09-08,662.138,663.812,626.732,643.814,519551.0
2026-09-09,638.396,647.72,628.712,646.244,390240.0
2026-09-10,644.552,653.372,634.832,648.44,291184.0
2026-09-11,639.44,644.12,630.872,634.85,276600.0
2026-09-14,642.05,655.19,641.132,646.73,261849.0
2026-09-15,642.932,644.246,608.732,609.38,480483.0
2026-09-16,603.35,606.932,578.132,589.796,787163.0
2026-09-17,590.732,595.52,584.792,587.672,344896.0
2026-09-18,597.518,597.932,580.418,583.442,380713.0
2026-09-21,585.404,586.412,571.832,574.712,494883.0
2026-09-22,576.332,595.574,575.864,588.266,473811.0
2026-09-23,588.032,590.3,578.312,581.732,247441.0
2026-09-24,579.932,583.532,567.332,568.232,280085.0
